<?xml version="1.0" encoding="UTF-8"?>
<alto xmlns:xsi="http://www.w3.org/2001/XMLSchema-instance"
      xmlns="http://www.loc.gov/standards/alto/ns-v4#"
      xsi:schemaLocation="http://www.loc.gov/standards/alto/ns-v4# http://www.loc.gov/standards/alto/v4/alto-4-2.xsd">
  <Description>
    <MeasurementUnit>pixel</MeasurementUnit>
    <sourceImageInformation>
      <fileName>ARCH-DIV-000496_0327.png</fileName>
    </sourceImageInformation>
  </Description>
  <Tags>
    <OtherTag ID="BT42" LABEL="MainZone" DESCRIPTION="block type MainZone"/><OtherTag ID="BT43" LABEL="MarginTextZone" DESCRIPTION="block type MarginTextZone"/><OtherTag ID="BT44" LABEL="NumberingZone" DESCRIPTION="block type NumberingZone"/><OtherTag ID="BT45" LABEL="TitlePageZone" DESCRIPTION="block type TitlePageZone"/><OtherTag ID="BT46" LABEL="CustomZone:Numbering" DESCRIPTION="block type CustomZone:Numbering"/><OtherTag ID="BT49" LABEL="MarginTextZone:lower" DESCRIPTION="block type MarginTextZone:lower"/>
    <OtherTag ID="LT25" LABEL="default" DESCRIPTION="line type default"/><OtherTag ID="LT31" LABEL="DefaultLine" DESCRIPTION="line type DefaultLine"/><OtherTag ID="LT32" LABEL="HeadingLine" DESCRIPTION="line type HeadingLine"/><OtherTag ID="LT33" LABEL="InterlinearLine:addition" DESCRIPTION="line type InterlinearLine:addition"/><OtherTag ID="LT34" LABEL="InterlinearLine:correction" DESCRIPTION="line type InterlinearLine:correction"/>
  </Tags>
  <Layout>
    <Page WIDTH="2790"
          HEIGHT="3306"
          PHYSICAL_IMG_NR="326"
          ID="eSc_dummypage_">
      <PrintSpace HPOS="0"
                  VPOS="0"
                  WIDTH="2790"
                  HEIGHT="3306">
        <TextBlock HPOS="223"
                   VPOS="13"
                   WIDTH="225"
                   HEIGHT="167"
                   ID="929dc25f-a795-4fe4-b680-418f37b5a525"
                   TAGREFS="BT44">
          <Shape><Polygon POINTS="448 13 448 180 223 180 223 13"/></Shape>
          <TextLine ID="eSc_line_cc43b15b"
                    TAGREFS="LT31"
                    BASELINE="256 110 402 104" 
                    HPOS="253"
                    VPOS="63"
                    WIDTH="149"
                    HEIGHT="129">
            <Shape><Polygon POINTS="391 66 363 66 336 66 308 66 281 66 253 66 256 110 256 181 325 192 328 192 330 192 402 165 402 104 394 63 391 66"/></Shape>
	    <String CONTENT=""
                    HPOS="253"
                    VPOS="63"
                    WIDTH="149"
                    HEIGHT="129"></String>
          </TextLine>
        </TextBlock>
        <TextBlock HPOS="489"
                   VPOS="2"
                   WIDTH="2265"
                   HEIGHT="3267"
                   ID="79df7bff-8174-4893-8d23-0e0a80e16dd2"
                   TAGREFS="BT42">
          <Shape><Polygon POINTS="2754 2 2754 3269 489 3269 489 2"/></Shape>
          <TextLine ID="eSc_line_465eed2b"
                    TAGREFS="LT31"
                    BASELINE="639 93 2693 82" 
                    HPOS="636"
                    VPOS="38"
                    WIDTH="2057"
                    HEIGHT="85">
            <Shape><Polygon POINTS="2676 52 2649 52 2621 52 2594 52 2566 52 2539 52 2511 49 2483 49 2456 49 2428 49 2401 49 2373 49 2346 49 2318 46 2290 46 2263 46 2235 46 2208 46 2180 46 2153 46 2125 44 2098 44 2070 44 2042 44 2015 44 1987 44 1960 44 1932 44 1910 41 931 38 912 41 884 41 857 44 829 44 802 46 774 46 747 46 719 49 691 49 664 52 636 52 639 93 639 123 2690 110 2693 82 2687 52 2676 52"/></Shape>
	    <String CONTENT=""
                    HPOS="636"
                    VPOS="38"
                    WIDTH="2057"
                    HEIGHT="85"></String>
          </TextLine>
          <TextLine ID="eSc_line_4a93e9ed"
                    TAGREFS="LT31"
                    BASELINE="625 165 1436 151 2712 154" 
                    HPOS="623"
                    VPOS="99"
                    WIDTH="2089"
                    HEIGHT="88">
            <Shape><Polygon POINTS="625 165 625 187 2710 179 2712 154 2710 118 2544 99 2541 99 2539 99 2536 99 2506 118 2404 118 2318 99 2315 99 2313 99 2263 118 2246 118 1858 101 1855 101 1750 118 1701 101 1698 101 1695 101 1590 118 1568 101 1565 101 1563 101 1477 101 1474 101 1472 101 1419 121 1383 104 1381 104 1378 104 1375 104 1304 123 1155 123 1105 104 1102 104 1100 104 1009 121 959 104 956 104 953 104 951 104 948 104 920 121 860 104 857 104 854 104 851 104 849 104 824 121 755 104 752 104 749 104 747 104 744 104 725 123 623 123 625 165"/></Shape>
	    <String CONTENT=""
                    HPOS="623"
                    VPOS="99"
                    WIDTH="2089"
                    HEIGHT="88"></String>
          </TextLine>
          <TextLine ID="eSc_line_5489cc90"
                    TAGREFS="LT31"
                    BASELINE="625 228 1414 214 2685 217" 
                    HPOS="623"
                    VPOS="176"
                    WIDTH="2062"
                    HEIGHT="71">
            <Shape><Polygon POINTS="625 228 625 245 2679 247 2685 217 2682 176 623 176 625 228"/></Shape>
	    <String CONTENT=""
                    HPOS="623"
                    VPOS="176"
                    WIDTH="2062"
                    HEIGHT="71"></String>
          </TextLine>
          <TextLine ID="eSc_line_780904ac"
                    TAGREFS="LT31"
                    BASELINE="625 300 1069 278 2652 267" 
                    HPOS="623"
                    VPOS="217"
                    WIDTH="2029"
                    HEIGHT="110">
            <Shape><Polygon POINTS="2268 217 2266 217 2263 217 2255 225 2241 236 2147 236 2133 228 2125 220 2122 220 2120 220 2117 220 2004 228 1910 236 1863 231 1789 223 1786 223 1725 234 1692 239 1596 236 1417 228 1414 228 1411 228 1375 239 1364 242 1281 242 904 231 901 231 898 231 895 231 895 234 879 247 879 250 623 250 625 300 625 327 832 308 953 322 959 322 962 322 964 322 967 322 998 303 1237 303 1279 316 1287 319 1290 319 1292 319 1295 319 1298 319 1301 316 1326 303 1530 311 1601 314 1604 314 1701 308 1874 297 1921 303 1982 314 1984 314 2133 300 2172 297 2177 300 2205 311 2208 311 2211 311 2213 311 2246 297 2266 292 2288 297 2329 308 2332 308 2335 311 2536 311 2536 308 2649 289 2652 267 2643 220 2428 231 2343 223 2271 217 2268 217"/></Shape>
	    <String CONTENT=""
                    HPOS="623"
                    VPOS="217"
                    WIDTH="2029"
                    HEIGHT="110"></String>
          </TextLine>
          <TextLine ID="eSc_line_9d0fa6a7"
                    TAGREFS="LT34"
                    BASELINE="699 257 765 264" 
                    HPOS="699"
                    VPOS="257"
                    WIDTH="66"
                    HEIGHT="7">
	    <String CONTENT=""
                    HPOS="699"
                    VPOS="257"
                    WIDTH="66"
                    HEIGHT="7"></String>
          </TextLine>
          <TextLine ID="eSc_line_80210325"
                    TAGREFS="LT31"
                    BASELINE="623 360 1800 338 2715 347" 
                    HPOS="620"
                    VPOS="289"
                    WIDTH="2095"
                    HEIGHT="99">
            <Shape><Polygon POINTS="623 360 623 388 1003 371 1218 382 1221 382 1290 369 2710 369 2715 347 2712 300 2249 289 2246 289 2244 289 2241 289 2224 303 2219 308 2155 308 2133 303 2018 289 2015 289 1866 305 1863 305 1860 305 1775 292 1772 292 1576 308 1543 311 1538 308 1502 294 1499 294 1497 294 1375 308 1328 294 1326 294 1323 294 1221 311 1204 314 1188 314 1058 297 1055 297 1053 297 1009 314 1006 314 1003 314 915 300 912 300 909 300 860 316 857 316 851 316 807 300 805 300 802 300 799 300 796 300 774 316 771 319 620 319 623 360"/></Shape>
	    <String CONTENT=""
                    HPOS="620"
                    VPOS="289"
                    WIDTH="2095"
                    HEIGHT="99"></String>
          </TextLine>
          <TextLine ID="eSc_line_38f3e054"
                    TAGREFS="LT31"
                    BASELINE="620 432 1535 407 2710 402" 
                    HPOS="617"
                    VPOS="352"
                    WIDTH="2093"
                    HEIGHT="108">
            <Shape><Polygon POINTS="620 432 620 460 835 443 1022 457 1025 457 1265 438 2707 438 2710 402 2701 352 617 385 620 432"/></Shape>
	    <String CONTENT=""
                    HPOS="617"
                    VPOS="352"
                    WIDTH="2093"
                    HEIGHT="108"></String>
          </TextLine>
          <TextLine ID="eSc_line_b3c38b3b"
                    TAGREFS="LT31"
                    BASELINE="634 509 1403 479 2712 482" 
                    HPOS="631"
                    VPOS="418"
                    WIDTH="2081"
                    HEIGHT="119">
            <Shape><Polygon POINTS="634 509 634 537 791 523 890 534 893 534 895 534 981 512 1113 526 1116 526 1337 509 1414 528 1417 528 1419 531 1546 531 1546 528 1549 528 1552 528 1601 506 1687 526 1689 526 1692 526 1962 504 1984 517 1987 517 1990 517 1993 517 1996 517 2029 504 2255 515 2257 515 2260 515 2318 501 2379 520 2381 520 2384 520 2387 520 2390 520 2393 520 2426 501 2492 517 2500 520 2503 520 2506 520 2508 520 2517 517 2574 501 2707 515 2712 482 2710 440 2608 418 2605 418 2602 418 2558 440 2519 421 2517 421 2514 421 2511 421 2461 440 2426 427 2423 427 2420 427 2417 427 2365 440 2186 424 2183 424 2180 424 2177 424 2150 443 1918 424 1916 424 1786 446 1662 432 1659 432 1452 449 1417 429 1414 429 1411 429 1268 451 1243 432 1240 432 1237 432 1146 432 1144 432 1141 432 1094 449 1031 432 1028 432 1025 432 1022 432 948 454 827 440 824 440 821 440 818 440 796 457 631 457 634 509"/></Shape>
	    <String CONTENT=""
                    HPOS="631"
                    VPOS="418"
                    WIDTH="2081"
                    HEIGHT="119"></String>
          </TextLine>
          <TextLine ID="eSc_line_b83700ae"
                    TAGREFS="LT31"
                    BASELINE="636 586 1359 556 2238 548 2718 556" 
                    HPOS="634"
                    VPOS="493"
                    WIDTH="2084"
                    HEIGHT="118">
            <Shape><Polygon POINTS="636 586 636 611 1304 584 1753 595 1797 595 1800 595 1814 595 1971 573 2712 578 2718 556 2712 498 2536 509 2464 504 2370 493 2368 493 2365 493 2362 493 2362 495 2348 506 2340 515 2219 515 2194 509 2155 498 2153 498 2150 498 2147 498 2106 512 2081 517 2062 512 2007 493 2004 493 1916 493 1913 493 1825 512 1706 501 1703 501 1701 501 1698 501 1670 517 1568 498 1565 498 1455 523 1408 504 1406 504 1403 504 1003 506 1000 506 998 506 962 537 959 539 816 539 733 539 700 526 697 526 694 526 691 526 634 542 636 586"/></Shape>
	    <String CONTENT=""
                    HPOS="634"
                    VPOS="493"
                    WIDTH="2084"
                    HEIGHT="118"></String>
          </TextLine>
          <TextLine ID="eSc_line_14ff5fea"
                    TAGREFS="LT31"
                    BASELINE="634 658 1378 630 2679 611" 
                    HPOS="631"
                    VPOS="559"
                    WIDTH="2048"
                    HEIGHT="126">
            <Shape><Polygon POINTS="634 658 634 685 835 683 838 683 840 683 857 669 1003 680 1033 680 1036 680 1039 680 1047 677 1100 663 1122 677 1124 677 1127 677 1130 677 1133 677 1138 677 1182 661 1395 672 1444 672 1447 672 1615 666 1618 666 1621 666 1640 652 1822 661 1838 661 1841 661 1844 661 1847 661 1863 647 2048 655 2100 658 2103 658 2106 658 2114 655 2147 641 2674 641 2679 611 2674 573 2613 559 2610 559 2387 578 2365 578 2362 578 2329 562 2326 562 2324 562 2081 584 2067 584 2062 584 1998 567 1996 567 1993 567 1896 586 1863 570 1860 570 1858 570 1709 592 1695 592 1684 592 1582 575 1579 575 1576 575 1519 595 1516 595 1497 595 1171 584 1168 584 1166 584 1163 584 1163 586 1146 603 1144 603 1138 603 1039 586 1036 586 1033 586 992 606 989 606 984 606 904 589 901 589 898 589 829 608 824 611 631 611 634 658"/></Shape>
	    <String CONTENT=""
                    HPOS="631"
                    VPOS="559"
                    WIDTH="2048"
                    HEIGHT="126"></String>
          </TextLine>
          <TextLine ID="eSc_line_47880bc0"
                    TAGREFS="LT31"
                    BASELINE="620 730 1814 697 2652 697" 
                    HPOS="617"
                    VPOS="636"
                    WIDTH="2035"
                    HEIGHT="129">
            <Shape><Polygon POINTS="620 730 620 765 763 765 763 763 766 763 774 760 838 743 951 757 964 757 967 757 978 757 1086 735 1177 749 1179 749 1353 732 1444 746 1469 749 1472 749 1474 749 1483 746 1513 727 1656 724 1731 741 1750 743 1753 743 1756 743 1758 743 1764 738 1786 727 1849 738 1874 741 1877 741 1880 741 1894 735 1938 721 1998 735 2023 738 2026 738 2062 732 2161 716 2211 730 2213 730 2216 730 2219 730 2227 730 2296 713 2646 719 2652 697 2649 652 2561 639 2558 639 2475 652 2448 636 2445 636 2442 636 2439 636 2437 636 2381 655 2381 658 2211 658 2208 658 2098 641 2095 641 1949 663 1940 663 1935 663 1800 647 1797 647 1794 647 1791 647 1761 666 1758 666 1651 650 1648 650 1469 669 1428 655 1425 655 1422 655 1419 655 1375 672 1353 658 1350 658 1348 658 1204 658 1202 658 1199 658 1163 677 1160 680 617 685 620 730"/></Shape>
	    <String CONTENT=""
                    HPOS="617"
                    VPOS="636"
                    WIDTH="2035"
                    HEIGHT="129"></String>
          </TextLine>
          <TextLine ID="eSc_line_2f9da787"
                    TAGREFS="LT31"
                    BASELINE="620 807 1612 771 2665 757" 
                    HPOS="617"
                    VPOS="702"
                    WIDTH="2048"
                    HEIGHT="132">
            <Shape><Polygon POINTS="620 807 620 834 937 829 940 829 942 829 967 815 1036 826 1061 829 1064 829 1066 829 1077 826 1127 804 1312 801 1395 818 1414 820 1417 820 1419 820 1422 820 1425 818 1455 798 1568 809 1571 809 1676 793 1932 807 1979 807 1982 807 1984 807 1987 807 1990 804 2015 785 2073 801 2081 804 2084 804 2086 804 2111 801 2244 782 2660 787 2665 757 2660 719 2467 702 2464 702 2461 702 2459 702 2459 705 2439 721 2437 721 2346 705 2343 705 2340 705 2337 705 2310 724 2277 724 2197 727 2188 727 2131 710 2128 710 2125 710 2122 710 2084 727 2078 730 2070 730 2001 713 1998 713 1869 732 1841 735 1811 732 1684 721 1681 721 1499 738 1422 746 1386 741 1309 730 1306 730 1166 735 1163 735 1160 735 1146 746 1138 752 1130 746 1119 738 1116 738 1113 738 1111 738 1108 738 1088 746 1072 754 1042 749 992 738 989 738 986 738 984 738 967 749 951 757 617 757 620 807"/></Shape>
	    <String CONTENT=""
                    HPOS="617"
                    VPOS="702"
                    WIDTH="2048"
                    HEIGHT="132"></String>
          </TextLine>
          <TextLine ID="eSc_line_3332d327"
                    TAGREFS="LT33"
                    BASELINE="2093 791 2257 791" 
                    HPOS="2093"
                    VPOS="791"
                    WIDTH="164"
                    HEIGHT="0">
	    <String CONTENT=""
                    HPOS="2093"
                    VPOS="791"
                    WIDTH="164"
                    HEIGHT="0"></String>
          </TextLine>
          <TextLine ID="eSc_line_f3519b15"
                    TAGREFS="LT31"
                    BASELINE="617 878 1703 834 2641 820" 
                    HPOS="614"
                    VPOS="768"
                    WIDTH="2027"
                    HEIGHT="143">
            <Shape><Polygon POINTS="617 878 617 911 727 898 981 900 1077 900 1080 900 1083 900 1086 900 1091 898 1113 881 1157 895 1168 898 1171 898 1174 898 1199 892 1279 876 1612 878 1676 878 1678 878 1681 878 1684 878 1684 876 1701 862 2015 854 2067 865 2103 870 2106 870 2177 859 2255 848 2357 854 2459 859 2461 859 2464 859 2467 859 2467 856 2478 851 2489 840 2638 843 2641 820 2635 774 2279 768 2277 768 2191 771 2188 771 2186 771 2186 774 2172 787 2169 790 1882 796 1874 796 1814 782 1811 782 1808 782 1780 796 1629 787 1626 787 1623 787 1621 787 1604 801 1535 790 1532 790 1444 807 1430 809 1417 809 1326 798 1323 798 1320 798 1259 812 1248 815 1207 815 964 809 962 809 887 826 876 826 862 826 755 815 752 815 749 815 716 829 703 815 700 815 697 815 694 815 614 832 617 878"/></Shape>
	    <String CONTENT=""
                    HPOS="614"
                    VPOS="768"
                    WIDTH="2027"
                    HEIGHT="143"></String>
          </TextLine>
          <TextLine ID="eSc_line_820be7d0"
                    TAGREFS="LT31"
                    BASELINE="614 953 1836 900 2597 884" 
                    HPOS="612"
                    VPOS="843"
                    WIDTH="1985"
                    HEIGHT="132">
            <Shape><Polygon POINTS="614 953 614 975 1061 975 1061 972 1334 961 1337 961 1339 961 1361 947 1364 947 1494 953 1497 953 1499 953 1502 953 1502 950 1513 942 1516 936 1670 936 2404 922 2594 900 2597 884 2588 843 1643 859 1593 870 1543 878 1392 876 1298 873 1295 873 1243 878 1116 895 964 887 948 887 945 887 942 887 940 887 926 900 904 889 901 887 898 887 895 887 873 889 741 909 612 898 614 953"/></Shape>
	    <String CONTENT=""
                    HPOS="612"
                    VPOS="843"
                    WIDTH="1985"
                    HEIGHT="132"></String>
          </TextLine>
          <TextLine ID="eSc_line_496759dd"
                    TAGREFS="LT31"
                    BASELINE="612 1027 1987 967 2715 953" 
                    HPOS="609"
                    VPOS="898"
                    WIDTH="2106"
                    HEIGHT="157">
            <Shape><Polygon POINTS="612 1027 612 1055 967 1055 967 1052 970 1052 1017 1035 1028 1033 1039 1035 1061 1044 1064 1044 1066 1044 1166 1030 1215 1024 1243 1027 1317 1035 1320 1035 1323 1035 1372 1022 1397 1016 1430 1019 1519 1030 1521 1030 1524 1030 1527 1030 1546 1013 1549 1011 1681 1005 1731 1008 1891 1016 1894 1016 1896 1016 1932 1000 1940 994 2045 991 2106 991 2393 997 2395 997 2558 975 2679 986 2682 986 2685 986 2687 986 2715 967 2715 953 2710 909 2641 898 2638 898 2335 922 2310 922 2302 922 2202 911 2200 911 2197 911 2133 928 2026 917 2023 917 1869 939 1860 939 1858 939 1739 928 1736 928 1541 950 1455 939 1452 939 609 986 612 1027"/></Shape>
	    <String CONTENT=""
                    HPOS="609"
                    VPOS="898"
                    WIDTH="2106"
                    HEIGHT="157"></String>
          </TextLine>
          <TextLine ID="eSc_line_407bc569"
                    TAGREFS="LT31"
                    BASELINE="617 1093 2084 1038 2707 1024" 
                    HPOS="614"
                    VPOS="975"
                    WIDTH="2093"
                    HEIGHT="154">
            <Shape><Polygon POINTS="617 1093 617 1115 689 1129 691 1129 694 1129 730 1113 733 1113 744 1113 840 1124 843 1124 964 1107 1006 1102 1025 1104 1064 1115 1066 1115 1069 1115 1072 1115 1105 1104 1119 1099 1207 1099 1395 1104 1397 1104 1400 1104 1422 1093 1439 1088 1524 1090 1629 1096 1632 1096 1739 1085 1880 1071 1971 1079 2015 1082 2018 1082 2020 1082 2023 1082 2029 1077 2045 1066 2106 1074 2122 1077 2125 1077 2128 1077 2139 1074 2188 1060 2238 1071 2255 1074 2257 1074 2304 1068 2497 1049 2701 1057 2707 1024 2701 986 2572 975 2569 975 2497 991 2489 991 2486 991 2434 980 2431 980 2428 980 2426 980 2409 994 2406 994 2357 983 2354 983 2266 997 2252 1000 2205 1000 1946 997 1943 997 1819 1013 1783 1016 1772 1013 1747 1005 1745 1005 1742 1005 614 1049 617 1093"/></Shape>
	    <String CONTENT=""
                    HPOS="614"
                    VPOS="975"
                    WIDTH="2093"
                    HEIGHT="154"></String>
          </TextLine>
          <TextLine ID="eSc_line_e4dd6206"
                    TAGREFS="LT31"
                    BASELINE="614 1173 2131 1113 2671 1102" 
                    HPOS="612"
                    VPOS="1052"
                    WIDTH="2059"
                    HEIGHT="149">
            <Shape><Polygon POINTS="614 1173 614 1201 1053 1176 1348 1176 1485 1176 1488 1176 1491 1176 1505 1170 1541 1159 1709 1165 1778 1165 1780 1165 1816 1159 1924 1143 1965 1154 1971 1157 1973 1157 1976 1157 1996 1154 2078 1137 2177 1148 2194 1148 2197 1148 2200 1148 2205 1146 2233 1135 2277 1143 2290 1146 2293 1146 2668 1129 2671 1102 2663 1052 2346 1068 2285 1063 2238 1057 2235 1057 2164 1066 2056 1079 2023 1071 1996 1063 1993 1063 1990 1063 1764 1071 1761 1071 1731 1079 1681 1093 1629 1082 1607 1079 1604 1079 1601 1079 1587 1085 1543 1099 1326 1093 1323 1093 1157 1113 1097 1099 1091 1099 1088 1099 1077 1099 989 1115 838 1107 816 1107 813 1107 802 1107 708 1129 612 1115 614 1173"/></Shape>
	    <String CONTENT=""
                    HPOS="612"
                    VPOS="1052"
                    WIDTH="2059"
                    HEIGHT="149"></String>
          </TextLine>
          <TextLine ID="eSc_line_eceb1762"
                    TAGREFS="LT31"
                    BASELINE="614 1242 2398 1176 2665 1176" 
                    HPOS="612"
                    VPOS="1126"
                    WIDTH="2053"
                    HEIGHT="152">
            <Shape><Polygon POINTS="614 1242 614 1267 727 1278 730 1278 733 1278 766 1264 788 1256 937 1259 1036 1261 1039 1261 1042 1261 1044 1261 1053 1256 1075 1242 1182 1242 1243 1250 1279 1256 1281 1256 1284 1256 1287 1256 1287 1253 1292 1250 1304 1236 1450 1231 1505 1245 1519 1248 1521 1248 1524 1248 1527 1248 1530 1248 1532 1245 1549 1231 1651 1239 1654 1239 1656 1239 1659 1239 1772 1220 1863 1234 1899 1239 1902 1239 1905 1239 1907 1239 1916 1234 1938 1217 1965 1231 1976 1236 1979 1236 1982 1236 1984 1236 2007 1231 2081 1209 2313 1223 2335 1223 2337 1223 2665 1212 2665 1176 2663 1135 2362 1126 2359 1126 2274 1146 2211 1132 2208 1132 2205 1132 2202 1132 2202 1135 2186 1148 2056 1137 2053 1137 1849 1159 1527 1157 1524 1157 1521 1157 1447 1176 1441 1176 1439 1176 1372 1162 1370 1162 1367 1162 1364 1162 1364 1165 1348 1179 1326 1179 934 1179 931 1179 929 1179 926 1179 909 1195 612 1203 614 1242"/></Shape>
	    <String CONTENT=""
                    HPOS="612"
                    VPOS="1126"
                    WIDTH="2053"
                    HEIGHT="152"></String>
          </TextLine>
          <TextLine ID="eSc_line_32917630"
                    TAGREFS="LT34"
                    BASELINE="2341 1212 2661 1208" 
                    HPOS="2341"
                    VPOS="1208"
                    WIDTH="320"
                    HEIGHT="4">
	    <String CONTENT=""
                    HPOS="2341"
                    VPOS="1208"
                    WIDTH="320"
                    HEIGHT="4"></String>
          </TextLine>
          <TextLine ID="eSc_line_cdf412c0"
                    TAGREFS="LT31"
                    BASELINE="609 1314 1728 1267 2699 1245" 
                    HPOS="606"
                    VPOS="1198"
                    WIDTH="2093"
                    HEIGHT="138">
            <Shape><Polygon POINTS="609 1314 609 1336 1221 1311 1251 1314 1331 1322 1334 1322 1337 1322 1339 1322 1353 1311 1356 1308 1364 1308 1425 1319 1428 1319 1510 1303 1538 1300 1565 1303 1667 1311 1670 1311 1739 1294 1758 1292 1819 1292 1993 1297 1996 1297 1998 1297 2001 1297 2015 1286 2020 1283 2040 1283 2133 1292 2136 1292 2233 1278 2252 1275 2257 1275 2299 1289 2302 1289 2304 1289 2307 1289 2310 1289 2329 1272 2335 1272 2351 1272 2489 1283 2492 1283 2699 1259 2699 1245 2690 1203 2348 1212 2318 1198 2315 1198 2313 1198 2233 1217 2227 1217 2224 1217 2150 1203 2147 1203 2144 1203 2070 1223 2064 1223 2053 1223 1907 1212 1905 1212 1805 1231 1800 1231 1778 1231 1331 1231 1328 1231 1221 1250 1215 1250 1204 1250 1003 1242 1000 1242 998 1242 926 1261 920 1261 915 1261 879 1248 876 1248 873 1248 606 1270 609 1314"/></Shape>
	    <String CONTENT=""
                    HPOS="606"
                    VPOS="1198"
                    WIDTH="2093"
                    HEIGHT="138"></String>
          </TextLine>
          <TextLine ID="eSc_line_2ca31b37"
                    TAGREFS="LT31"
                    BASELINE="609 1388 1538 1341 2274 1322 2723 1327" 
                    HPOS="606"
                    VPOS="1270"
                    WIDTH="2117"
                    HEIGHT="148">
            <Shape><Polygon POINTS="609 1388 609 1418 1488 1374 1557 1388 1565 1388 1568 1388 1579 1388 1654 1369 1791 1380 1808 1380 1811 1380 1838 1377 2051 1355 2120 1369 2128 1369 2131 1369 2147 1369 2293 1347 2718 1347 2723 1327 2718 1275 2442 1283 2426 1281 2354 1270 2351 1270 2348 1270 2304 1286 2290 1289 2213 1289 1976 1281 1973 1281 1971 1281 1968 1281 1951 1294 1949 1297 1905 1297 1417 1300 1309 1311 1202 1325 1105 1319 1042 1314 1039 1314 1036 1314 1033 1314 1025 1319 1003 1333 959 1322 937 1316 934 1316 931 1316 929 1316 926 1316 918 1322 898 1336 606 1333 609 1388"/></Shape>
	    <String CONTENT=""
                    HPOS="606"
                    VPOS="1270"
                    WIDTH="2117"
                    HEIGHT="148"></String>
          </TextLine>
          <TextLine ID="eSc_line_6d50b81e"
                    TAGREFS="LT31"
                    BASELINE="609 1468 1262 1432 2610 1396" 
                    HPOS="606"
                    VPOS="1347"
                    WIDTH="2004"
                    HEIGHT="143">
            <Shape><Polygon POINTS="609 1468 609 1490 1100 1482 1102 1482 1127 1473 1155 1460 1298 1457 1320 1465 1331 1471 1334 1471 1337 1471 1389 1462 1469 1451 1516 1460 1541 1462 1543 1462 1546 1462 1549 1462 1549 1460 1552 1460 1552 1457 1560 1449 1593 1457 1640 1465 1643 1465 1794 1449 1902 1438 1949 1443 2012 1451 2015 1451 2018 1451 2051 1440 2075 1432 2103 1438 2155 1449 2158 1449 2235 1432 2255 1429 2263 1432 2290 1443 2293 1443 2296 1443 2299 1443 2302 1443 2315 1429 2321 1424 2610 1418 2610 1396 2605 1358 2335 1347 2332 1347 2329 1347 2285 1366 2249 1349 2246 1349 2244 1349 2241 1349 2161 1371 2155 1371 2150 1371 2073 1355 2070 1355 2067 1355 2009 1374 1913 1360 1910 1360 1811 1383 1805 1383 1789 1383 1557 1377 1554 1377 1552 1377 1549 1377 1549 1380 1535 1391 1532 1391 1298 1380 1295 1380 1182 1399 1064 1388 1061 1388 1058 1388 1055 1388 1025 1407 1025 1410 606 1421 609 1468"/></Shape>
	    <String CONTENT=""
                    HPOS="606"
                    VPOS="1347"
                    WIDTH="2004"
                    HEIGHT="143"></String>
          </TextLine>
          <TextLine ID="eSc_line_26469d98"
                    TAGREFS="LT31"
                    BASELINE="612 1548 1281 1509 2299 1476 2660 1476" 
                    HPOS="606"
                    VPOS="1421"
                    WIDTH="2054"
                    HEIGHT="141">
            <Shape><Polygon POINTS="612 1548 612 1562 2657 1493 2660 1476 2654 1421 2379 1435 2365 1432 2329 1421 2326 1421 2324 1421 2321 1421 2293 1435 2285 1438 2268 1435 2211 1427 2208 1427 2205 1427 2202 1427 2183 1438 2175 1443 2161 1440 2125 1429 2122 1429 2120 1429 2117 1429 2114 1429 2100 1443 2095 1449 1874 1454 1844 1451 1734 1443 1731 1443 1728 1443 1665 1460 1651 1462 1629 1462 1521 1451 1519 1451 1433 1468 1419 1471 1395 1471 1213 1462 1210 1462 1207 1462 1135 1482 1127 1482 1116 1482 984 1471 981 1471 606 1501 612 1548"/></Shape>
	    <String CONTENT=""
                    HPOS="606"
                    VPOS="1421"
                    WIDTH="2054"
                    HEIGHT="141"></String>
          </TextLine>
          <TextLine ID="eSc_line_68cb8189"
                    TAGREFS="LT31"
                    BASELINE="636 1617 1662 1573 2613 1551" 
                    HPOS="634"
                    VPOS="1498"
                    WIDTH="1979"
                    HEIGHT="152">
            <Shape><Polygon POINTS="636 1617 636 1650 942 1625 1020 1636 1039 1639 1042 1639 1069 1636 1149 1619 1306 1625 1370 1625 1372 1625 1397 1619 1458 1606 1508 1614 1521 1617 1524 1617 1527 1617 1530 1617 1530 1614 1532 1614 1543 1600 1778 1595 1888 1597 2026 1603 2029 1603 2216 1584 2277 1578 2304 1581 2426 1592 2428 1592 2530 1573 2583 1586 2585 1586 2588 1586 2591 1586 2594 1586 2613 1567 2613 1551 2605 1509 2472 1512 2470 1512 2445 1498 2442 1498 2439 1498 2437 1498 2434 1498 2434 1501 2420 1512 2417 1515 2412 1512 2373 1504 2370 1504 2368 1504 2271 1518 2263 1518 2257 1518 2202 1504 2200 1504 2197 1504 2194 1504 2191 1504 2169 1520 2161 1523 2111 1523 1949 1515 1946 1515 1943 1515 1940 1515 1927 1526 1921 1534 1687 1540 1648 1534 1587 1526 1585 1526 1403 1531 1400 1531 1370 1542 1345 1551 1284 1545 1204 1537 1202 1537 1199 1537 1157 1548 1119 1559 1000 1553 901 1548 898 1548 895 1548 893 1548 893 1551 884 1556 871 1567 634 1564 636 1617"/></Shape>
	    <String CONTENT=""
                    HPOS="634"
                    VPOS="1498"
                    WIDTH="1979"
                    HEIGHT="152"></String>
          </TextLine>
          <TextLine ID="eSc_line_d961366c"
                    TAGREFS="LT34"
                    BASELINE="1036 1567 1260 1553" 
                    HPOS="1036"
                    VPOS="1553"
                    WIDTH="224"
                    HEIGHT="14">
	    <String CONTENT=""
                    HPOS="1036"
                    VPOS="1553"
                    WIDTH="224"
                    HEIGHT="14"></String>
          </TextLine>
          <TextLine ID="eSc_line_b082a7fe"
                    TAGREFS="LT31"
                    BASELINE="620 1708 1204 1664 2638 1622" 
                    HPOS="617"
                    VPOS="1564"
                    WIDTH="2021"
                    HEIGHT="166">
            <Shape><Polygon POINTS="620 1708 620 1730 956 1705 1066 1713 1069 1713 1072 1713 1075 1713 1105 1694 1210 1699 1213 1699 1215 1699 1248 1686 1370 1697 1372 1697 1698 1672 1736 1688 1739 1688 1742 1688 1745 1688 1786 1666 1816 1677 1819 1677 1822 1677 1825 1677 1874 1664 1932 1683 1935 1683 1938 1683 1940 1683 2020 1658 2238 1672 2241 1672 2244 1672 2246 1672 2274 1655 2321 1669 2324 1669 2326 1669 2329 1669 2428 1644 2495 1661 2497 1661 2500 1661 2503 1661 2563 1644 2635 1658 2638 1622 2635 1581 2577 1564 2574 1564 2572 1564 2569 1564 2517 1586 2426 1570 2423 1570 2420 1570 2326 1595 2318 1595 2313 1595 2249 1581 2246 1581 2075 1603 2064 1603 2062 1603 2020 1584 2018 1584 2015 1584 2012 1584 2009 1584 2009 1586 1987 1606 1982 1606 1855 1589 1852 1589 1747 1611 1678 1597 1676 1597 1574 1600 1571 1600 1530 1619 1235 1611 1232 1611 1058 1636 1036 1625 1033 1625 1031 1625 1028 1625 998 1641 992 1644 832 1647 829 1647 788 1628 785 1628 782 1628 780 1628 777 1628 744 1650 741 1653 617 1653 620 1708"/></Shape>
	    <String CONTENT=""
                    HPOS="617"
                    VPOS="1564"
                    WIDTH="2021"
                    HEIGHT="166"></String>
          </TextLine>
          <TextLine ID="eSc_line_1276d845"
                    TAGREFS="LT31"
                    BASELINE="601 1776 1951 1710 2676 1699" 
                    HPOS="598"
                    VPOS="1650"
                    WIDTH="2078"
                    HEIGHT="146">
            <Shape><Polygon POINTS="601 1776 601 1796 2674 1719 2676 1699 2668 1650 2224 1666 2186 1650 2183 1650 2180 1650 2056 1675 2045 1675 2029 1675 1852 1664 1849 1664 1637 1675 1634 1675 1596 1691 1502 1680 1499 1680 1389 1702 1378 1702 1370 1702 1262 1688 1259 1688 1127 1713 1113 1713 1102 1713 1011 1702 1009 1702 1006 1702 1003 1702 981 1719 978 1719 931 1702 929 1702 926 1702 793 1727 782 1727 780 1727 741 1710 738 1710 736 1710 598 1732 601 1776"/></Shape>
	    <String CONTENT=""
                    HPOS="598"
                    VPOS="1650"
                    WIDTH="2078"
                    HEIGHT="146"></String>
          </TextLine>
          <TextLine ID="eSc_line_57461523"
                    TAGREFS="LT31"
                    BASELINE="612 1854 1783 1796 2687 1771" 
                    HPOS="606"
                    VPOS="1713"
                    WIDTH="2081"
                    HEIGHT="171">
            <Shape><Polygon POINTS="612 1854 612 1870 733 1884 736 1884 1190 1845 1215 1845 1221 1845 1397 1856 1400 1856 1552 1832 1678 1845 1681 1845 1684 1845 1750 1823 2114 1823 2114 1821 2117 1821 2153 1807 2200 1823 2202 1823 2205 1823 2483 1812 2594 1793 2663 1804 2665 1804 2668 1804 2671 1804 2671 1801 2687 1782 2687 1771 2685 1730 2616 1713 2613 1713 2610 1713 2550 1732 2550 1735 2329 1741 2293 1724 2290 1724 2288 1724 2131 1732 2128 1732 2092 1749 2084 1752 2062 1749 1960 1738 1957 1738 1869 1757 1847 1760 1830 1757 1753 1746 1750 1746 1494 1757 1491 1757 1441 1771 1411 1779 1306 1776 1171 1771 1168 1771 1166 1771 1144 1782 1124 1793 606 1799 612 1854"/></Shape>
	    <String CONTENT=""
                    HPOS="606"
                    VPOS="1713"
                    WIDTH="2081"
                    HEIGHT="171"></String>
          </TextLine>
          <TextLine ID="eSc_line_39c4fc8a"
                    TAGREFS="LT31"
                    BASELINE="606 1931 1568 1884 2718 1854" 
                    HPOS="603"
                    VPOS="1804"
                    WIDTH="2115"
                    HEIGHT="157">
            <Shape><Polygon POINTS="606 1931 606 1961 953 1950 956 1950 962 1947 998 1934 1053 1945 1069 1947 1072 1947 1100 1942 1179 1928 1265 1936 1298 1939 1301 1939 1350 1934 1458 1920 1532 1925 1565 1928 1568 1928 1571 1928 1582 1925 1618 1909 1852 1903 1894 1911 1921 1917 1924 1917 2018 1906 2155 1889 2718 1878 2718 1854 2710 1812 2508 1818 2475 1804 2472 1804 2470 1804 2467 1804 2431 1821 2428 1823 2277 1826 2257 1826 2211 1810 2208 1810 2205 1810 2202 1810 2131 1829 2086 1812 2084 1812 2081 1812 1976 1837 1973 1837 1888 1821 1885 1821 1882 1821 1847 1834 1698 1826 1695 1826 1692 1826 1610 1851 1607 1851 1604 1851 1463 1834 1461 1834 1458 1834 1455 1834 1422 1859 1406 1859 1367 1859 1312 1840 1309 1840 1306 1840 918 1876 915 1876 849 1856 846 1856 843 1856 603 1887 606 1931"/></Shape>
	    <String CONTENT=""
                    HPOS="603"
                    VPOS="1804"
                    WIDTH="2115"
                    HEIGHT="157"></String>
          </TextLine>
          <TextLine ID="eSc_line_a6e1553f"
                    TAGREFS="LT31"
                    BASELINE="603 2011 2175 1939 2701 1934" 
                    HPOS="601"
                    VPOS="1873"
                    WIDTH="2100"
                    HEIGHT="173">
            <Shape><Polygon POINTS="603 2011 603 2030 650 2046 653 2046 656 2046 851 2022 868 2022 873 2022 926 2035 929 2035 931 2035 934 2035 995 2019 1014 2011 1389 1997 1483 2002 1582 2008 1585 2008 1587 2008 1618 1997 1654 1986 1720 1994 1764 2000 1767 2000 1769 2000 1772 2000 1772 1997 1780 1991 1794 1980 1990 1986 2040 1986 2042 1986 2045 1986 2056 1983 2120 1967 2257 1978 2285 1978 2288 1978 2290 1978 2302 1975 2373 1956 2467 1969 2472 1969 2475 1969 2699 1961 2701 1934 2693 1887 2594 1889 2591 1889 2555 1873 2552 1873 2550 1873 2547 1873 2489 1892 2481 1895 2470 1895 2368 1881 2365 1881 2362 1881 2359 1881 2335 1900 2332 1900 2315 1900 2164 1889 2161 1889 1993 1914 1957 1920 1764 1922 1758 1922 1709 1909 1706 1909 1703 1909 1618 1928 1601 1931 1574 1931 1439 1920 1436 1920 1433 1920 1386 1936 1370 1942 1356 1939 1309 1925 1306 1925 1304 1925 1301 1925 1232 1945 1224 1945 1218 1945 1179 1931 1177 1931 1174 1931 1171 1931 1122 1947 1102 1956 711 1969 694 1964 656 1953 653 1953 650 1953 647 1953 601 1967 603 2011"/></Shape>
	    <String CONTENT=""
                    HPOS="601"
                    VPOS="1873"
                    WIDTH="2100"
                    HEIGHT="173"></String>
          </TextLine>
          <TextLine ID="eSc_line_3685e66f"
                    TAGREFS="LT31"
                    BASELINE="598 2096 1701 2033 2712 2002" 
                    HPOS="595"
                    VPOS="1950"
                    WIDTH="2117"
                    HEIGHT="174">
            <Shape><Polygon POINTS="598 2096 598 2113 716 2124 719 2124 882 2102 923 2096 931 2099 962 2113 964 2113 967 2113 1334 2082 1458 2071 1472 2074 1513 2088 1516 2088 1519 2088 1521 2088 1565 2071 1582 2066 1648 2069 1775 2071 1778 2071 1910 2055 1968 2049 1976 2052 2004 2066 2007 2066 2009 2066 2153 2044 2166 2044 2175 2044 2252 2055 2255 2055 2348 2035 2384 2030 2406 2033 2461 2044 2464 2044 2467 2044 2506 2030 2514 2027 2536 2027 2643 2035 2646 2035 2649 2035 2712 2019 2712 2002 2707 1950 2481 1969 2439 1961 2387 1953 2384 1953 2381 1953 2324 1967 2296 1975 2277 1969 2255 1964 2252 1964 2249 1964 2106 1978 1976 1991 1916 1989 1772 1978 1769 1978 1767 1978 1731 1997 1728 2000 1494 2011 1480 2011 1417 1997 1414 1997 1069 2008 989 2024 937 2016 934 2016 931 2016 876 2038 871 2041 854 2041 771 2033 769 2033 766 2033 763 2033 763 2035 752 2046 749 2049 595 2052 598 2096"/></Shape>
	    <String CONTENT=""
                    HPOS="595"
                    VPOS="1950"
                    WIDTH="2117"
                    HEIGHT="174"></String>
          </TextLine>
          <TextLine ID="eSc_line_7a020f5a"
                    TAGREFS="LT31"
                    BASELINE="595 2181 2026 2093 2635 2082 2726 2110" 
                    HPOS="589"
                    VPOS="2019"
                    WIDTH="2123"
                    HEIGHT="198">
            <Shape><Polygon POINTS="595 2217 951 2204 953 2204 962 2201 1011 2187 1072 2195 1075 2195 1077 2195 1086 2195 1268 2165 1331 2181 1334 2181 1337 2181 1339 2181 1342 2181 1378 2159 1491 2173 1497 2173 1499 2173 1502 2173 1505 2173 1554 2151 1596 2168 1599 2168 1601 2168 1604 2168 1607 2168 1607 2165 1632 2143 1712 2140 1805 2157 1811 2157 1814 2157 1816 2157 1819 2157 1871 2129 1968 2126 1990 2140 1993 2140 1996 2140 1998 2140 2001 2140 2004 2140 2023 2124 2296 2124 2296 2121 2299 2121 2302 2121 2324 2107 2368 2121 2370 2121 2373 2121 2710 2107 2712 2099 2707 2027 2541 2035 2536 2035 2514 2019 2511 2019 2508 2019 2506 2019 2503 2019 2500 2019 2500 2022 2481 2038 2478 2041 2302 2049 2285 2046 2200 2033 2197 2033 2194 2033 2139 2055 2131 2060 1943 2066 1938 2066 1899 2049 1896 2049 1894 2049 1728 2074 1695 2060 1692 2060 1689 2060 1590 2082 1585 2082 1582 2082 1491 2071 1488 2071 1287 2099 1251 2102 1235 2102 1152 2091 1149 2091 1146 2091 1102 2107 1080 2115 1011 2113 882 2104 879 2104 589 2132 595 2181"/></Shape>
	    <String CONTENT=""
                    HPOS="589"
                    VPOS="2019"
                    WIDTH="2123"
                    HEIGHT="198"></String>
          </TextLine>
          <TextLine ID="eSc_line_0827ebfa"
                    TAGREFS="LT31"
                    BASELINE="592 2256 1935 2170 2690 2146" 
                    HPOS="589"
                    VPOS="2099"
                    WIDTH="2101"
                    HEIGHT="176">
            <Shape><Polygon POINTS="592 2256 592 2275 2687 2170 2690 2146 2682 2099 1604 2143 1510 2165 1499 2165 1494 2165 1411 2154 1408 2154 1309 2176 1304 2176 1301 2176 1276 2162 1273 2162 1270 2162 1119 2170 1116 2170 1066 2190 1061 2190 1020 2176 1017 2176 1014 2176 1011 2176 962 2195 959 2195 951 2195 824 2187 821 2187 818 2187 771 2206 769 2206 758 2206 639 2198 636 2198 634 2198 589 2212 592 2256"/></Shape>
	    <String CONTENT=""
                    HPOS="589"
                    VPOS="2099"
                    WIDTH="2101"
                    HEIGHT="176"></String>
          </TextLine>
          <TextLine ID="eSc_line_6d23e96d"
                    TAGREFS="LT31"
                    BASELINE="601 2330 1929 2245 2696 2212" 
                    HPOS="595"
                    VPOS="2168"
                    WIDTH="2101"
                    HEIGHT="193">
            <Shape><Polygon POINTS="601 2330 601 2361 705 2344 918 2344 923 2344 926 2344 929 2344 975 2327 1105 2333 1111 2333 1113 2333 1122 2333 1306 2308 1472 2311 1488 2311 1491 2311 1499 2311 1587 2292 1706 2297 1720 2297 1723 2297 1756 2294 2007 2264 2696 2237 2696 2212 2687 2168 2324 2187 2285 2170 2282 2170 2279 2170 2277 2170 2216 2192 2128 2184 2125 2184 1943 2209 1921 2195 1918 2195 1916 2195 1913 2195 1910 2195 1907 2195 1907 2198 1891 2212 1673 2206 1670 2206 1667 2206 1665 2206 1665 2209 1645 2226 1535 2215 1532 2215 1530 2215 1463 2237 1395 2223 1392 2223 1389 2223 1345 2245 1317 2228 1315 2228 1312 2228 1309 2228 1306 2228 1304 2228 1279 2248 1224 2239 1221 2239 1218 2239 1152 2256 1066 2242 1064 2242 923 2270 788 2259 785 2259 595 2289 601 2330"/></Shape>
	    <String CONTENT=""
                    HPOS="595"
                    VPOS="2168"
                    WIDTH="2101"
                    HEIGHT="193"></String>
          </TextLine>
          <TextLine ID="eSc_line_4ee0c54a"
                    TAGREFS="LT31"
                    BASELINE="595 2399 1943 2322 2657 2294" 
                    HPOS="592"
                    VPOS="2248"
                    WIDTH="2065"
                    HEIGHT="179">
            <Shape><Polygon POINTS="595 2399 595 2427 2657 2316 2657 2294 2652 2248 592 2352 595 2399"/></Shape>
	    <String CONTENT=""
                    HPOS="592"
                    VPOS="2248"
                    WIDTH="2065"
                    HEIGHT="179"></String>
          </TextLine>
          <TextLine ID="eSc_line_935a6f23"
                    TAGREFS="LT31"
                    BASELINE="595 2479 2290 2380 2676 2374" 
                    HPOS="592"
                    VPOS="2316"
                    WIDTH="2084"
                    HEIGHT="196">
            <Shape><Polygon POINTS="595 2512 898 2482 1025 2487 1031 2487 1033 2487 1039 2487 1135 2462 1348 2454 1367 2465 1367 2468 1370 2468 1372 2468 1375 2468 1378 2468 1381 2468 1383 2465 1406 2449 1538 2443 1557 2454 1565 2460 1568 2460 1571 2460 1574 2460 1640 2449 1720 2435 1745 2443 1764 2449 1767 2449 1769 2449 1772 2449 1805 2438 1827 2432 1874 2435 1962 2438 1965 2438 2081 2421 2120 2416 2147 2416 2255 2421 2257 2421 2260 2421 2293 2407 2313 2399 2417 2399 2649 2399 2652 2399 2654 2399 2657 2399 2676 2383 2676 2374 2671 2325 2530 2316 2528 2316 2420 2336 2412 2336 2406 2336 2337 2322 2335 2322 2177 2347 2136 2352 2051 2352 1800 2352 1797 2352 1794 2352 1734 2369 1695 2380 1494 2388 1452 2383 1408 2374 1406 2374 1337 2388 1257 2402 1202 2394 1163 2388 1160 2388 1116 2396 1050 2413 1009 2402 992 2399 989 2399 986 2399 953 2405 862 2424 592 2424 595 2479 595 2512"/></Shape>
	    <String CONTENT=""
                    HPOS="592"
                    VPOS="2316"
                    WIDTH="2084"
                    HEIGHT="196"></String>
          </TextLine>
          <TextLine ID="eSc_line_6ec98ca2"
                    TAGREFS="LT33"
                    BASELINE="1180 2481 1563 2459" 
                    HPOS="1180"
                    VPOS="2459"
                    WIDTH="383"
                    HEIGHT="22">
	    <String CONTENT=""
                    HPOS="1180"
                    VPOS="2459"
                    WIDTH="383"
                    HEIGHT="22"></String>
          </TextLine>
          <TextLine ID="eSc_line_327ba309"
                    TAGREFS="LT31"
                    BASELINE="589 2553 1323 2504 2594 2446" 
                    HPOS="587"
                    VPOS="2402"
                    WIDTH="2007"
                    HEIGHT="182">
            <Shape><Polygon POINTS="589 2553 589 2584 730 2564 799 2575 805 2575 807 2575 851 2573 1348 2531 1428 2540 1452 2542 1455 2542 1497 2537 1615 2518 1651 2529 1662 2531 1665 2531 1667 2531 1703 2526 1780 2509 1976 2509 2100 2509 2103 2509 2106 2509 2109 2509 2109 2507 2114 2501 2122 2493 2136 2501 2150 2507 2153 2507 2155 2507 2205 2496 2266 2485 2346 2490 2423 2493 2426 2493 2594 2473 2594 2446 2588 2402 2370 2402 2368 2402 2188 2424 2161 2427 2155 2427 2095 2407 2092 2407 2089 2407 2086 2407 2084 2407 2084 2410 2059 2429 1960 2421 1957 2421 1954 2421 1951 2421 1932 2438 1929 2440 1800 2446 1789 2446 1709 2427 1706 2427 1599 2438 1596 2438 1593 2438 1593 2440 1576 2454 1436 2440 1433 2440 1108 2457 1105 2457 1006 2485 998 2490 901 2490 860 2473 857 2473 854 2473 851 2473 849 2473 829 2493 587 2507 589 2553"/></Shape>
	    <String CONTENT=""
                    HPOS="587"
                    VPOS="2402"
                    WIDTH="2007"
                    HEIGHT="182"></String>
          </TextLine>
          <TextLine ID="eSc_line_eb59d4cc"
                    TAGREFS="LT31"
                    BASELINE="570 2628 1976 2545 2704 2518" 
                    HPOS="567"
                    VPOS="2460"
                    WIDTH="2137"
                    HEIGHT="198">
            <Shape><Polygon POINTS="570 2628 570 2650 719 2658 722 2658 964 2631 1031 2625 1064 2625 1174 2633 1177 2633 1359 2611 1436 2603 1472 2606 1530 2611 1532 2611 1651 2597 1736 2586 1756 2592 1783 2600 1786 2600 1789 2600 1791 2600 1822 2589 1841 2581 1880 2586 1938 2592 1940 2592 2037 2586 2040 2586 2042 2586 2053 2575 2064 2567 2704 2542 2704 2518 2699 2471 2555 2460 2552 2460 2550 2460 2486 2479 2450 2465 2448 2465 2445 2465 2442 2465 2439 2465 2439 2468 2423 2482 2277 2479 2274 2479 2191 2496 2142 2482 2139 2482 2136 2482 2133 2482 2084 2504 2078 2504 2075 2504 2045 2493 2042 2493 2040 2493 1940 2509 1924 2512 1916 2512 1830 2498 1827 2498 1825 2498 1764 2520 1761 2520 1758 2520 1698 2507 1695 2507 1524 2515 1521 2515 1433 2537 1422 2540 1414 2540 1323 2526 1320 2526 1224 2551 1213 2551 1207 2551 1138 2537 1135 2537 1133 2537 1130 2537 1108 2556 1105 2556 1077 2556 766 2556 763 2556 567 2584 570 2628"/></Shape>
	    <String CONTENT=""
                    HPOS="567"
                    VPOS="2460"
                    WIDTH="2137"
                    HEIGHT="198"></String>
          </TextLine>
          <TextLine ID="eSc_line_1b748a0b"
                    TAGREFS="LT31"
                    BASELINE="581 2702 2299 2608 2699 2597" 
                    HPOS="578"
                    VPOS="2545"
                    WIDTH="2121"
                    HEIGHT="190">
            <Shape><Polygon POINTS="581 2702 581 2724 733 2735 736 2735 738 2735 805 2719 838 2730 840 2730 843 2730 846 2730 849 2730 873 2713 1248 2708 1251 2708 1287 2691 1295 2686 1469 2675 1775 2664 1786 2666 1822 2677 1825 2677 1827 2677 1907 2661 1932 2655 1957 2658 2029 2666 2031 2666 2034 2666 2070 2653 2092 2644 2125 2650 2180 2658 2183 2658 2282 2642 2351 2628 2699 2620 2699 2597 2693 2556 2533 2562 2500 2545 2497 2545 2495 2545 2492 2545 2431 2567 2365 2553 2362 2553 2359 2553 2357 2553 2326 2575 1907 2584 1905 2584 1869 2597 1825 2581 1822 2581 1819 2581 1557 2608 1463 2600 1461 2600 1458 2600 1455 2600 1455 2603 1433 2620 1367 2606 1364 2606 1248 2631 1047 2622 1044 2622 1042 2622 986 2644 890 2631 887 2631 884 2631 832 2653 760 2639 758 2639 755 2639 752 2639 725 2661 578 2666 581 2702"/></Shape>
	    <String CONTENT=""
                    HPOS="578"
                    VPOS="2545"
                    WIDTH="2121"
                    HEIGHT="190"></String>
          </TextLine>
          <TextLine ID="eSc_line_f3a69d7a"
                    TAGREFS="LT31"
                    BASELINE="581 2774 2169 2688 2704 2672" 
                    HPOS="578"
                    VPOS="2628"
                    WIDTH="2126"
                    HEIGHT="182">
            <Shape><Polygon POINTS="581 2774 584 2810 1122 2768 1428 2768 1483 2768 1485 2768 1488 2768 1491 2768 1494 2766 1519 2746 1656 2741 1789 2752 1805 2752 1808 2752 1811 2752 1819 2749 1888 2730 2009 2741 2023 2741 2026 2741 2029 2741 2034 2741 2078 2719 2238 2710 2260 2727 2263 2727 2266 2727 2268 2727 2343 2724 2354 2724 2522 2697 2704 2705 2704 2672 2699 2628 2456 2628 2453 2628 2277 2650 2266 2650 2260 2650 2183 2639 2180 2639 2177 2639 2122 2658 2117 2658 2111 2658 2078 2644 2075 2644 2073 2644 1916 2666 1891 2669 1866 2669 1714 2664 1712 2664 1709 2664 1659 2680 1643 2683 1621 2680 1541 2672 1538 2672 1535 2672 1494 2688 1480 2691 1441 2688 1326 2683 1323 2683 1320 2683 1268 2697 1248 2702 1199 2702 1075 2697 1072 2697 1069 2697 1022 2710 998 2716 984 2710 956 2702 953 2702 951 2702 948 2702 901 2716 876 2721 829 2719 738 2713 736 2713 733 2713 730 2713 711 2724 700 2732 578 2732 581 2774"/></Shape>
	    <String CONTENT=""
                    HPOS="578"
                    VPOS="2628"
                    WIDTH="2126"
                    HEIGHT="182"></String>
          </TextLine>
          <TextLine ID="eSc_line_6a2cf6f7"
                    TAGREFS="LT31"
                    BASELINE="581 2851 2213 2768 2682 2757" 
                    HPOS="578"
                    VPOS="2710"
                    WIDTH="2104"
                    HEIGHT="168">
            <Shape><Polygon POINTS="581 2851 581 2873 860 2878 862 2878 1053 2854 1091 2848 1100 2851 1141 2865 1144 2865 1146 2865 1251 2843 1273 2840 1301 2840 1430 2851 1433 2851 1436 2851 1480 2832 1491 2826 1615 2823 1623 2826 1654 2840 1656 2840 1659 2840 1874 2815 1951 2807 2029 2807 2155 2810 2158 2810 2161 2810 2164 2810 2177 2801 2188 2796 2244 2799 2337 2801 2340 2801 2417 2790 2453 2785 2467 2788 2500 2796 2503 2796 2506 2796 2561 2782 2569 2782 2574 2782 2616 2793 2619 2793 2621 2793 2624 2793 2682 2777 2682 2757 2676 2710 2362 2713 2359 2713 2337 2724 2329 2727 2321 2724 2279 2713 2277 2713 2274 2713 2103 2735 2048 2741 2034 2738 1996 2727 1993 2727 1990 2727 1905 2743 1871 2749 1769 2749 1541 2749 1538 2749 1535 2749 1488 2763 1461 2771 1229 2779 1218 2774 1202 2766 1199 2766 1196 2766 1127 2779 1077 2788 1044 2782 1011 2777 1009 2777 578 2801 581 2851"/></Shape>
	    <String CONTENT=""
                    HPOS="578"
                    VPOS="2710"
                    WIDTH="2104"
                    HEIGHT="168"></String>
          </TextLine>
          <TextLine ID="eSc_line_d505844a"
                    TAGREFS="LT31"
                    BASELINE="573 2931 1610 2884 2222 2843 2674 2832" 
                    HPOS="570"
                    VPOS="2790"
                    WIDTH="2104"
                    HEIGHT="177">
            <Shape><Polygon POINTS="573 2931 573 2953 686 2967 689 2967 882 2942 923 2936 1003 2936 1315 2936 1317 2936 1320 2936 1350 2923 1543 2925 1546 2925 1549 2925 1552 2925 1568 2912 1576 2906 1626 2909 1723 2914 1725 2914 1728 2914 1731 2914 1742 2903 1750 2895 1951 2889 1973 2892 2012 2903 2015 2903 2018 2903 2100 2887 2155 2876 2351 2870 2379 2876 2417 2884 2420 2884 2423 2884 2426 2884 2426 2881 2437 2873 2448 2865 2674 2865 2674 2832 2668 2790 2233 2799 2001 2821 1940 2826 1907 2826 1772 2821 1769 2821 1767 2821 1723 2834 1712 2837 1703 2837 1656 2826 1654 2826 1546 2843 1530 2845 1524 2845 1491 2834 1488 2834 1485 2834 1383 2851 1364 2854 1356 2854 1317 2843 1315 2843 1312 2843 1113 2865 1075 2867 1058 2867 964 2859 962 2859 959 2859 912 2873 907 2876 901 2876 868 2865 865 2865 862 2865 860 2865 857 2865 840 2878 838 2881 570 2889 573 2931"/></Shape>
	    <String CONTENT=""
                    HPOS="570"
                    VPOS="2790"
                    WIDTH="2104"
                    HEIGHT="177"></String>
          </TextLine>
          <TextLine ID="eSc_line_6ae31b11"
                    TAGREFS="LT31"
                    BASELINE="559 2997 2619 2909" 
                    HPOS="556"
                    VPOS="2867"
                    WIDTH="2063"
                    HEIGHT="155">
            <Shape><Polygon POINTS="559 2997 559 3022 1783 2983 2619 2934 2619 2909 2616 2873 2439 2867 2437 2867 2337 2884 2329 2884 2302 2870 2299 2870 2296 2870 2208 2889 2200 2892 1965 2901 1962 2901 1935 2887 1932 2887 1929 2887 1927 2887 1924 2887 1905 2901 1750 2895 1747 2895 1541 2917 1513 2920 1510 2920 1480 2906 1477 2906 1474 2906 1472 2906 1469 2906 1447 2923 1441 2925 1235 2931 1221 2931 1064 2923 1061 2923 890 2945 887 2945 829 2934 827 2934 824 2934 821 2934 805 2950 802 2950 782 2950 614 2942 612 2942 609 2942 556 2956 559 2997"/></Shape>
	    <String CONTENT=""
                    HPOS="556"
                    VPOS="2867"
                    WIDTH="2063"
                    HEIGHT="155"></String>
          </TextLine>
          <TextLine ID="eSc_line_e452c7b5"
                    TAGREFS="LT31"
                    BASELINE="559 3071 2676 2989" 
                    HPOS="556"
                    VPOS="2936"
                    WIDTH="2120"
                    HEIGHT="168">
            <Shape><Polygon POINTS="559 3071 565 3104 628 3088 672 3102 675 3102 678 3102 680 3102 697 3099 796 3082 940 3091 975 3091 978 3091 981 3091 984 3091 984 3088 986 3088 998 3077 1086 3082 1119 3085 1122 3085 1155 3080 1265 3063 1367 3071 1403 3074 1406 3074 1502 3066 1758 3044 1805 3055 1825 3058 1827 3058 1874 3052 1976 3033 2676 3016 2676 2989 2668 2936 2519 2956 2464 2942 2459 2942 2456 2942 2453 2942 2450 2942 2445 2942 2404 2958 2381 2945 2379 2945 2376 2945 2373 2945 2370 2945 2365 2947 2332 2961 2263 2950 2244 2947 2241 2947 2211 2953 2098 2972 1954 2961 1940 2961 1938 2961 1935 2961 1929 2961 1863 2980 1811 2967 1808 2967 1805 2967 1803 2967 1800 2967 1747 2989 1535 2994 1477 2978 1472 2978 1469 2978 1466 2978 1450 2980 1317 3002 1237 2991 1235 2991 1047 3011 978 2997 975 2997 973 2997 970 2997 923 3016 849 3008 846 3008 689 3027 656 3011 653 3011 650 3011 556 3011 559 3071"/></Shape>
	    <String CONTENT=""
                    HPOS="556"
                    VPOS="2936"
                    WIDTH="2120"
                    HEIGHT="168"></String>
          </TextLine>
          <TextLine ID="eSc_line_5a3b3a9f"
                    TAGREFS="LT31"
                    BASELINE="565 3137 2373 3080 2696 3082" 
                    HPOS="562"
                    VPOS="3024"
                    WIDTH="2134"
                    HEIGHT="147">
            <Shape><Polygon POINTS="565 3137 565 3171 2536 3099 2693 3107 2696 3082 2693 3030 2362 3024 2359 3024 2285 3041 2257 3047 2216 3044 2100 3033 2098 3033 2095 3033 2092 3033 2092 3036 2075 3047 2070 3052 2056 3049 2007 3036 2004 3036 2001 3036 1998 3036 1932 3052 1907 3058 1860 3055 1734 3044 1731 3044 1728 3044 1692 3060 1684 3063 1676 3060 1645 3047 1643 3047 1640 3047 1637 3047 1634 3047 1615 3063 1610 3066 1599 3063 1557 3049 1554 3049 1552 3049 1549 3049 1546 3049 1527 3066 1521 3069 1461 3066 1359 3063 1356 3063 1309 3071 1281 3077 1259 3074 1196 3060 1193 3060 1190 3060 1163 3077 1152 3082 1009 3085 998 3082 975 3071 973 3071 970 3071 871 3085 846 3088 829 3085 755 3074 752 3074 749 3074 747 3074 747 3077 730 3091 725 3096 562 3096 565 3137"/></Shape>
	    <String CONTENT=""
                    HPOS="562"
                    VPOS="3024"
                    WIDTH="2134"
                    HEIGHT="147"></String>
          </TextLine>
          <TextLine ID="eSc_line_0fc3af8f"
                    TAGREFS="LT31"
                    BASELINE="565 3209 1957 3173 2701 3168" 
                    HPOS="562"
                    VPOS="3115"
                    WIDTH="2139"
                    HEIGHT="130">
            <Shape><Polygon POINTS="565 3209 565 3228 645 3245 647 3245 650 3245 700 3228 711 3228 1036 3237 1039 3237 1042 3237 1069 3223 1077 3217 1290 3217 1295 3220 1312 3231 1315 3231 1317 3231 1320 3231 1323 3231 1326 3231 1339 3217 1345 3215 1381 3217 1455 3226 1458 3226 1461 3226 1494 3217 1513 3212 1579 3215 1703 3223 1706 3223 1709 3223 1731 3212 1739 3209 1767 3212 1822 3220 1825 3220 1927 3209 2029 3201 2197 3206 2290 3209 2293 3209 2296 3209 2313 3204 2357 3193 2434 3204 2461 3206 2464 3206 2701 3198 2701 3168 2696 3126 2368 3115 2365 3115 2277 3132 2224 3118 2222 3118 2219 3118 2098 3137 2089 3137 2084 3137 1965 3124 1962 3124 1960 3124 1957 3124 1929 3140 1841 3126 1838 3126 1673 3146 1670 3146 1667 3146 1585 3132 1582 3132 1411 3151 1406 3154 945 3162 934 3162 846 3148 843 3148 840 3148 799 3165 796 3165 782 3165 601 3154 598 3154 595 3154 562 3165 565 3209"/></Shape>
	    <String CONTENT=""
                    HPOS="562"
                    VPOS="3115"
                    WIDTH="2139"
                    HEIGHT="130"></String>
          </TextLine>
        </TextBlock>
      </PrintSpace>
    </Page>
  </Layout>
</alto>
