<?xml version="1.0" encoding="UTF-8"?>
<alto xmlns:xsi="http://www.w3.org/2001/XMLSchema-instance"
      xmlns="http://www.loc.gov/standards/alto/ns-v4#"
      xsi:schemaLocation="http://www.loc.gov/standards/alto/ns-v4# http://www.loc.gov/standards/alto/v4/alto-4-2.xsd">
  <Description>
    <MeasurementUnit>pixel</MeasurementUnit>
    <sourceImageInformation>
      <fileName>ARCH-DIV-000496_0278.png</fileName>
    </sourceImageInformation>
  </Description>
  <Tags>
    <OtherTag ID="BT42" LABEL="MainZone" DESCRIPTION="block type MainZone"/><OtherTag ID="BT43" LABEL="MarginTextZone" DESCRIPTION="block type MarginTextZone"/><OtherTag ID="BT44" LABEL="NumberingZone" DESCRIPTION="block type NumberingZone"/><OtherTag ID="BT45" LABEL="TitlePageZone" DESCRIPTION="block type TitlePageZone"/><OtherTag ID="BT46" LABEL="CustomZone:Numbering" DESCRIPTION="block type CustomZone:Numbering"/><OtherTag ID="BT49" LABEL="MarginTextZone:lower" DESCRIPTION="block type MarginTextZone:lower"/>
    <OtherTag ID="LT25" LABEL="default" DESCRIPTION="line type default"/><OtherTag ID="LT31" LABEL="DefaultLine" DESCRIPTION="line type DefaultLine"/><OtherTag ID="LT32" LABEL="HeadingLine" DESCRIPTION="line type HeadingLine"/><OtherTag ID="LT33" LABEL="InterlinearLine:addition" DESCRIPTION="line type InterlinearLine:addition"/><OtherTag ID="LT34" LABEL="InterlinearLine:correction" DESCRIPTION="line type InterlinearLine:correction"/>
  </Tags>
  <Layout>
    <Page WIDTH="2790"
          HEIGHT="3337"
          PHYSICAL_IMG_NR="277"
          ID="eSc_dummypage_">
      <PrintSpace HPOS="0"
                  VPOS="0"
                  WIDTH="2790"
                  HEIGHT="3337">
        <TextBlock HPOS="144"
                   VPOS="53"
                   WIDTH="251"
                   HEIGHT="175"
                   ID="a18493a2-a5af-444f-a336-ceff8bb925e7"
                   TAGREFS="BT44">
          <Shape><Polygon POINTS="395 53 395 228 144 228 144 53"/></Shape>
          <TextLine ID="eSc_line_45b191bd"
                    TAGREFS="LT31"
                    BASELINE="180 166 339 155" 
                    HPOS="175"
                    VPOS="100"
                    WIDTH="169"
                    HEIGHT="147">
            <Shape><Polygon POINTS="317 152 286 116 258 116 230 114 203 111 175 116 180 166 186 247 344 239 339 155 331 100 319 100 317 152"/></Shape>
	    <String CONTENT=""
                    HPOS="175"
                    VPOS="100"
                    WIDTH="169"
                    HEIGHT="147"></String>
          </TextLine>
        </TextBlock>
        <TextBlock HPOS="414"
                   VPOS="9"
                   WIDTH="2280"
                   HEIGHT="3328"
                   ID="e4688015-b0f0-4007-97a3-ea44fe3b29b7"
                   TAGREFS="BT42">
          <Shape><Polygon POINTS="2694 9 2694 3337 414 3324 464 9"/></Shape>
          <TextLine ID="eSc_line_69924035"
                    TAGREFS="LT31"
                    BASELINE="573 91 1596 91 2662 116" 
                    HPOS="570"
                    VPOS="25"
                    WIDTH="2092"
                    HEIGHT="119">
            <Shape><Polygon POINTS="2656 75 2628 75 2600 75 2573 72 2545 72 2517 72 2489 69 2478 69 2461 69 2433 69 2406 66 2378 66 2350 66 2322 66 2294 63 2292 63 2267 63 2239 63 2216 61 2214 63 2211 63 2208 63 2203 61 2183 61 2155 61 2127 58 2100 58 2072 58 2044 58 2016 55 1988 55 1961 55 1933 52 1905 52 1877 52 1849 50 1824 50 1771 58 1760 58 1746 58 1682 47 1682 47 1655 44 1627 44 1599 44 1574 41 1546 52 1457 52 1443 52 1424 38 1421 38 1418 38 1415 38 1354 52 1351 52 1346 52 1290 33 1268 33 1240 33 1212 30 1184 30 1157 30 1129 30 1104 27 1087 41 1068 27 1045 27 1018 25 990 25 962 25 901 25 898 25 895 25 892 25 867 47 865 47 848 47 687 30 684 30 573 41 573 91 570 105 667 122 670 122 745 111 764 108 803 111 945 125 948 125 951 125 976 114 984 111 1293 111 1312 119 1337 130 1340 130 1343 130 1385 122 1415 116 1504 125 1607 133 1610 133 1666 127 1732 119 1777 130 1810 136 1813 136 1858 130 1908 125 2030 133 2102 139 2105 139 2108 139 2116 136 2147 125 2189 136 2205 141 2208 141 2211 141 2258 139 2378 127 2656 144 2662 116 2659 75 2656 75"/></Shape>
	    <String CONTENT=""
                    HPOS="570"
                    VPOS="25"
                    WIDTH="2092"
                    HEIGHT="119"></String>
          </TextLine>
          <TextLine ID="eSc_line_ea08e585"
                    TAGREFS="LT31"
                    BASELINE="564 161 2639 169" 
                    HPOS="561"
                    VPOS="102"
                    WIDTH="2078"
                    HEIGHT="98">
            <Shape><Polygon POINTS="2230 108 2228 108 2180 122 2158 130 1961 130 1919 122 1835 108 1833 108 1760 122 1738 125 1719 122 1652 105 1649 105 1646 105 1599 122 1585 125 1579 119 1560 105 1557 105 1554 105 1552 105 1549 105 1546 105 1529 119 1524 125 1516 119 1485 108 1482 108 1479 108 1477 108 1440 119 1426 125 1418 119 1399 105 1396 105 1393 105 1390 105 1388 105 1349 119 1254 102 1251 102 564 116 564 161 561 189 2634 200 2639 169 2637 125 2233 108 2230 108"/></Shape>
	    <String CONTENT=""
                    HPOS="561"
                    VPOS="102"
                    WIDTH="2078"
                    HEIGHT="98"></String>
          </TextLine>
          <TextLine ID="eSc_line_190d9138"
                    TAGREFS="LT34"
                    BASELINE="1086 127 1322 137" 
                    HPOS="1086"
                    VPOS="127"
                    WIDTH="236"
                    HEIGHT="10">
	    <String CONTENT=""
                    HPOS="1086"
                    VPOS="127"
                    WIDTH="236"
                    HEIGHT="10"></String>
          </TextLine>
          <TextLine ID="eSc_line_f86d2d42"
                    TAGREFS="LT34"
                    BASELINE="2219 143 2501 152" 
                    HPOS="2219"
                    VPOS="143"
                    WIDTH="282"
                    HEIGHT="9">
	    <String CONTENT=""
                    HPOS="2219"
                    VPOS="143"
                    WIDTH="282"
                    HEIGHT="9"></String>
          </TextLine>
          <TextLine ID="eSc_line_1c277da0"
                    TAGREFS="LT31"
                    BASELINE="570 228 1972 222 2614 239 2682 255" 
                    HPOS="570"
                    VPOS="172"
                    WIDTH="2111"
                    HEIGHT="94">
            <Shape><Polygon POINTS="570 255 1413 247 1507 261 1538 264 1541 264 1632 261 1913 250 1936 261 1936 264 1938 264 1941 264 1944 266 2077 266 2077 264 2100 264 2236 250 2450 264 2461 264 2464 264 2467 264 2470 264 2492 250 2675 264 2681 241 2678 194 2308 194 2297 189 2253 175 2250 175 2247 175 2172 189 2158 189 2144 189 2069 175 2066 175 2063 175 2061 175 2044 186 2038 189 1983 186 1819 175 1816 175 1813 175 1796 183 1785 189 1769 183 1744 175 1741 175 1738 175 1668 183 1588 191 1563 180 1541 172 1538 172 1535 172 1357 180 1123 189 1093 177 1082 172 1079 172 895 172 892 172 867 175 737 189 706 172 703 172 700 172 698 172 695 172 692 172 667 189 570 172 570 228"/></Shape>
	    <String CONTENT=""
                    HPOS="570"
                    VPOS="172"
                    WIDTH="2111"
                    HEIGHT="94"></String>
          </TextLine>
          <TextLine ID="eSc_line_72956f50"
                    TAGREFS="LT31"
                    BASELINE="564 289 2648 300" 
                    HPOS="561"
                    VPOS="239"
                    WIDTH="2087"
                    HEIGHT="91">
            <Shape><Polygon POINTS="564 289 561 308 2314 330 2317 330 2645 317 2648 300 2645 264 2500 264 2497 261 2478 247 2475 247 2472 247 2470 247 2389 261 2381 261 2378 261 2364 247 2361 247 2358 247 2230 247 2228 247 2225 247 2222 247 2205 258 2203 261 2197 258 2180 247 2178 247 2175 247 2172 247 2016 255 1972 258 1966 255 1949 244 1947 244 1944 244 1941 244 1805 255 1746 258 1702 253 1605 241 1602 241 1532 253 1504 255 1465 253 1379 241 1376 241 1332 250 1304 255 1282 250 1257 241 1254 241 1251 241 1215 250 1182 258 1095 258 1082 247 1070 239 1068 239 1065 239 1062 239 1004 247 962 253 564 244 564 289"/></Shape>
	    <String CONTENT=""
                    HPOS="561"
                    VPOS="239"
                    WIDTH="2087"
                    HEIGHT="91"></String>
          </TextLine>
          <TextLine ID="eSc_line_ddf4cfc0"
                    TAGREFS="LT31"
                    BASELINE="556 364 2531 358 2667 368" 
                    HPOS="553"
                    VPOS="308"
                    WIDTH="2092"
                    HEIGHT="95">
            <Shape><Polygon POINTS="556 386 842 383 853 389 876 403 879 403 881 403 884 403 1210 389 1226 389 1262 403 1265 403 1268 403 1271 403 1301 389 1312 383 1357 389 1443 400 1446 400 1535 389 1602 380 1630 389 1666 400 1668 400 1671 400 1727 389 1771 380 1916 380 1933 389 1958 400 1961 400 1963 400 1966 400 2002 389 2027 383 2102 389 2219 400 2222 400 2642 389 2645 358 2637 308 553 322 556 364"/></Shape>
	    <String CONTENT=""
                    HPOS="553"
                    VPOS="308"
                    WIDTH="2092"
                    HEIGHT="95"></String>
          </TextLine>
          <TextLine ID="eSc_line_10d3a193"
                    TAGREFS="LT31"
                    BASELINE="564 433 2530 433 2658 446" 
                    HPOS="564"
                    VPOS="378"
                    WIDTH="2064"
                    HEIGHT="97">
            <Shape><Polygon POINTS="564 456 678 472 681 475 817 475 817 472 820 472 823 472 845 458 848 456 887 458 1048 472 1051 472 1154 458 1187 456 1196 458 1215 472 1218 472 1221 472 1223 472 1304 461 1337 456 1657 456 1691 461 1746 472 1749 472 1802 461 1835 456 2625 464 2628 433 2628 378 2445 378 2442 378 2439 378 2436 378 2414 397 2322 397 2303 378 2300 378 2297 378 2294 378 2292 378 2286 378 2233 397 1963 397 1941 380 1938 378 1936 378 1933 378 1930 378 1927 378 1916 380 1872 397 1719 397 1694 383 1682 378 1680 378 1677 378 1674 378 1652 383 1605 394 1577 383 1563 378 1560 378 1557 378 1554 378 1552 378 1543 383 1527 397 1415 397 1401 383 1393 378 1390 378 1388 378 1240 378 1237 378 1235 378 1232 378 1221 386 1204 394 1082 386 937 378 934 378 931 378 912 389 898 394 831 389 717 378 714 378 712 378 681 389 667 394 564 392 564 433"/></Shape>
	    <String CONTENT=""
                    HPOS="564"
                    VPOS="378"
                    WIDTH="2064"
                    HEIGHT="97"></String>
          </TextLine>
          <TextLine ID="eSc_line_6c40b1e3"
                    TAGREFS="LT34"
                    BASELINE="2332 401 2483 389 2686 406" 
                    HPOS="2573"
                    VPOS="361"
                    WIDTH="94"
                    HEIGHT="67">
            <Shape><Polygon POINTS="2573 422 2662 428 2667 400 2667 367 2575 361 2575 394"/></Shape>
	    <String CONTENT=""
                    HPOS="2573"
                    VPOS="361"
                    WIDTH="94"
                    HEIGHT="67"></String>
          </TextLine>
          <TextLine ID="eSc_line_3f087c7d"
                    TAGREFS="LT31"
                    BASELINE="542 503 2027 497 2639 508" 
                    HPOS="539"
                    VPOS="442"
                    WIDTH="2100"
                    HEIGHT="91">
            <Shape><Polygon POINTS="542 503 542 522 2634 533 2639 508 2637 464 2475 464 2472 461 2445 444 2442 444 2439 444 2436 444 2433 444 2389 461 2305 447 2303 447 2155 458 2130 442 2127 442 2125 442 2016 442 2013 442 2011 442 1966 461 1888 444 1885 444 1883 444 1844 461 1841 461 1732 447 1730 447 1426 458 1401 442 1399 442 1396 442 1393 442 1390 442 1346 458 1296 442 1293 442 1290 442 1287 442 1285 442 1262 461 1260 464 1182 464 1179 461 1157 442 1154 442 1151 442 1148 442 1146 442 1104 461 1073 442 1070 442 1068 442 828 442 826 442 823 442 820 442 798 461 795 464 698 464 695 461 673 442 670 442 667 442 600 442 598 442 595 442 539 458 542 503"/></Shape>
	    <String CONTENT=""
                    HPOS="539"
                    VPOS="442"
                    WIDTH="2100"
                    HEIGHT="91"></String>
          </TextLine>
          <TextLine ID="eSc_line_e86b3714"
                    TAGREFS="LT34"
                    BASELINE="602 461 1233 463" 
                    HPOS="602"
                    VPOS="461"
                    WIDTH="631"
                    HEIGHT="2">
	    <String CONTENT=""
                    HPOS="602"
                    VPOS="461"
                    WIDTH="631"
                    HEIGHT="2"></String>
          </TextLine>
          <TextLine ID="eSc_line_7185d589"
                    TAGREFS="LT31"
                    BASELINE="556 578 2420 576 2421 576 2625 570" 
                    HPOS="553"
                    VPOS="528"
                    WIDTH="2072"
                    HEIGHT="86">
            <Shape><Polygon POINTS="559 614 609 595 834 595 1137 595 1223 611 1226 611 1229 611 1232 611 1315 592 1413 606 1415 606 1418 606 1452 592 2620 606 2625 570 2620 528 553 528 556 578"/></Shape>
	    <String CONTENT=""
                    HPOS="553"
                    VPOS="528"
                    WIDTH="2072"
                    HEIGHT="86"></String>
          </TextLine>
          <TextLine ID="eSc_line_7730e38f"
                    TAGREFS="LT34"
                    BASELINE="2275 542 2502 544" 
                    HPOS="2275"
                    VPOS="542"
                    WIDTH="227"
                    HEIGHT="2">
	    <String CONTENT=""
                    HPOS="2275"
                    VPOS="542"
                    WIDTH="227"
                    HEIGHT="2"></String>
          </TextLine>
          <TextLine ID="eSc_line_6551275d"
                    TAGREFS="LT31"
                    BASELINE="545 650 2589 636" 
                    HPOS="542"
                    VPOS="586"
                    WIDTH="2047"
                    HEIGHT="86">
            <Shape><Polygon POINTS="545 650 545 672 2586 670 2589 636 2581 592 2258 600 2244 595 2228 586 2225 586 2222 586 2158 595 2111 603 2094 597 2069 586 2066 586 1819 586 1816 586 1688 603 1649 606 1627 603 1554 589 1552 589 1349 606 1304 609 1296 606 1254 592 1251 592 1248 592 1246 592 1201 609 1198 609 1196 609 1159 592 1157 592 1154 592 1062 609 1009 592 1006 592 1004 592 1001 592 948 611 945 611 920 611 609 595 606 595 603 595 542 614 545 650"/></Shape>
	    <String CONTENT=""
                    HPOS="542"
                    VPOS="586"
                    WIDTH="2047"
                    HEIGHT="86"></String>
          </TextLine>
          <TextLine ID="eSc_line_69e5a1e2"
                    TAGREFS="LT34"
                    BASELINE="1826 610 2054 612" 
                    HPOS="1826"
                    VPOS="610"
                    WIDTH="228"
                    HEIGHT="2">
	    <String CONTENT=""
                    HPOS="1826"
                    VPOS="610"
                    WIDTH="228"
                    HEIGHT="2"></String>
          </TextLine>
          <TextLine ID="eSc_line_f71bbb9b"
                    TAGREFS="LT34"
                    BASELINE="546 691 749 693" 
                    HPOS="546"
                    VPOS="691"
                    WIDTH="203"
                    HEIGHT="2">
	    <String CONTENT=""
                    HPOS="546"
                    VPOS="691"
                    WIDTH="203"
                    HEIGHT="2"></String>
          </TextLine>
          <TextLine ID="eSc_line_fe09e8db"
                    TAGREFS="LT31"
                    BASELINE="525 717 2650 697" 
                    HPOS="522"
                    VPOS="642"
                    WIDTH="2128"
                    HEIGHT="97">
            <Shape><Polygon POINTS="525 717 525 739 2650 734 2650 697 2642 642 2456 661 2125 647 2122 647 2119 647 2083 664 1855 656 1852 656 1727 672 1627 672 1602 653 1599 653 1596 653 1510 653 1507 653 1504 653 1502 653 1477 670 1296 656 1293 656 1290 656 1287 656 1260 672 1154 661 1151 661 1148 661 1112 675 1026 664 1023 664 815 678 522 661 525 717"/></Shape>
	    <String CONTENT=""
                    HPOS="522"
                    VPOS="642"
                    WIDTH="2128"
                    HEIGHT="97"></String>
          </TextLine>
          <TextLine ID="eSc_line_4e1e28e9"
                    TAGREFS="LT31"
                    BASELINE="534 795 2611 767" 
                    HPOS="531"
                    VPOS="717"
                    WIDTH="2080"
                    HEIGHT="114">
            <Shape><Polygon POINTS="534 795 534 831 739 812 834 825 837 825 1157 806 1321 820 1324 820 1326 820 1329 820 1351 803 1538 803 1563 817 1566 817 1568 817 1571 817 1716 800 1771 814 1774 814 1777 814 1913 798 1963 812 1966 812 1969 812 1972 812 2036 795 2111 809 2114 809 2244 795 2606 803 2611 767 2603 717 531 748 534 795"/></Shape>
	    <String CONTENT=""
                    HPOS="531"
                    VPOS="717"
                    WIDTH="2080"
                    HEIGHT="114"></String>
          </TextLine>
          <TextLine ID="eSc_line_c70eeaaf"
                    TAGREFS="LT31"
                    BASELINE="536 856 2653 831" 
                    HPOS="534"
                    VPOS="781"
                    WIDTH="2119"
                    HEIGHT="111">
            <Shape><Polygon POINTS="536 856 536 884 689 892 692 892 764 881 812 875 848 881 906 889 909 889 973 878 1012 873 1070 878 1179 887 1182 887 1184 887 1187 887 1201 875 1207 873 1265 875 1429 881 1432 881 1435 881 1468 873 1488 867 1563 870 1732 878 1735 878 1794 867 1810 864 1830 867 1924 878 1927 878 1930 878 1933 878 1947 864 1952 862 1986 864 2125 875 2127 875 2255 859 2275 859 2300 859 2497 870 2500 870 2503 870 2550 856 2553 856 2606 870 2609 870 2611 870 2614 870 2653 853 2653 831 2645 781 973 812 956 812 842 800 840 800 767 814 762 814 753 814 578 803 575 803 573 803 534 817 536 856"/></Shape>
	    <String CONTENT=""
                    HPOS="534"
                    VPOS="781"
                    WIDTH="2119"
                    HEIGHT="111"></String>
          </TextLine>
          <TextLine ID="eSc_line_52ea6591"
                    TAGREFS="LT31"
                    BASELINE="542 920 2642 895" 
                    HPOS="539"
                    VPOS="856"
                    WIDTH="2103"
                    HEIGHT="95">
            <Shape><Polygon POINTS="542 920 542 951 806 934 956 945 1001 948 1004 948 1090 942 1285 931 1346 939 1374 942 1376 942 1379 942 1382 942 1388 939 1404 928 1429 937 1440 942 1443 942 1446 942 1449 942 1471 937 1518 926 1618 934 1674 939 1677 939 1680 939 1694 934 1721 923 1847 931 1936 937 1938 937 1974 928 2016 920 2642 920 2642 895 2637 862 1707 856 1705 856 1635 870 1251 862 1248 862 1001 878 561 870 559 870 556 870 553 870 539 878 542 920"/></Shape>
	    <String CONTENT=""
                    HPOS="539"
                    VPOS="856"
                    WIDTH="2103"
                    HEIGHT="95"></String>
          </TextLine>
          <TextLine ID="eSc_line_3888c939"
                    TAGREFS="LT31"
                    BASELINE="539 987 2628 948" 
                    HPOS="536"
                    VPOS="906"
                    WIDTH="2092"
                    HEIGHT="100">
            <Shape><Polygon POINTS="539 987 539 1006 2625 976 2628 948 2623 912 2027 906 2025 906 1727 926 1287 920 1285 920 681 945 575 934 573 934 570 934 536 945 539 987"/></Shape>
	    <String CONTENT=""
                    HPOS="536"
                    VPOS="906"
                    WIDTH="2092"
                    HEIGHT="100"></String>
          </TextLine>
          <TextLine ID="eSc_line_62ad1995"
                    TAGREFS="LT31"
                    BASELINE="534 1045 2639 1001" 
                    HPOS="531"
                    VPOS="959"
                    WIDTH="2108"
                    HEIGHT="122">
            <Shape><Polygon POINTS="534 1045 534 1081 700 1065 909 1073 923 1073 926 1073 934 1073 1062 1056 1148 1067 1154 1067 1157 1067 1162 1067 1237 1053 1415 1062 1443 1062 1446 1062 1449 1062 1452 1062 1468 1048 1518 1059 1524 1059 1527 1059 1529 1059 1532 1059 1588 1045 1688 1056 1710 1056 1713 1056 1738 1053 1849 1040 1949 1048 1977 1051 1980 1051 1983 1051 1986 1051 1988 1048 2008 1037 2083 1045 2108 1048 2111 1048 2639 1031 2639 1001 2631 959 531 1003 534 1045"/></Shape>
	    <String CONTENT=""
                    HPOS="531"
                    VPOS="959"
                    WIDTH="2108"
                    HEIGHT="122"></String>
          </TextLine>
          <TextLine ID="eSc_line_eecac6e8"
                    TAGREFS="LT31"
                    BASELINE="528 1109 2364 1067 2664 1076" 
                    HPOS="525"
                    VPOS="1017"
                    WIDTH="2139"
                    HEIGHT="125">
            <Shape><Polygon POINTS="528 1109 528 1131 781 1142 784 1142 787 1142 789 1142 812 1129 817 1126 837 1129 912 1140 915 1140 1012 1126 1048 1120 1065 1123 1098 1134 1101 1134 1104 1134 1365 1120 1518 1112 1780 1112 2072 1115 2075 1115 2172 1106 2347 1092 2662 1098 2664 1076 2662 1026 2336 1017 2333 1017 2331 1017 2286 1031 2275 1031 1944 1026 1941 1026 1938 1026 1936 1026 1919 1040 1916 1040 1891 1040 1554 1034 1552 1034 1549 1034 1518 1048 1502 1048 1296 1040 1293 1040 1290 1040 1287 1040 1273 1053 1271 1053 1221 1053 789 1051 787 1051 525 1067 528 1109"/></Shape>
	    <String CONTENT=""
                    HPOS="525"
                    VPOS="1017"
                    WIDTH="2139"
                    HEIGHT="125"></String>
          </TextLine>
          <TextLine ID="eSc_line_450c99f9"
                    TAGREFS="LT31"
                    BASELINE="525 1179 1490 1151" 
                    HPOS="522"
                    VPOS="1112"
                    WIDTH="968"
                    HEIGHT="86">
            <Shape><Polygon POINTS="525 1179 525 1198 1488 1184 1490 1151 1485 1112 990 1112 987 1112 984 1112 981 1112 973 1117 959 1126 948 1117 940 1115 937 1115 934 1115 848 1120 603 1137 522 1126 525 1179"/></Shape>
	    <String CONTENT=""
                    HPOS="522"
                    VPOS="1112"
                    WIDTH="968"
                    HEIGHT="86"></String>
          </TextLine>
          <TextLine ID="eSc_line_cae515f3"
                    TAGREFS="LT31"
                    BASELINE="553 1253 1929 1199 1929 1199 2635 1204" 
                    HPOS="553"
                    VPOS="1199"
                    WIDTH="2082"
                    HEIGHT="54">
	    <String CONTENT=""
                    HPOS="553"
                    VPOS="1199"
                    WIDTH="2082"
                    HEIGHT="54"></String>
          </TextLine>
          <TextLine ID="eSc_line_c4ba0858"
                    TAGREFS="LT31"
                    BASELINE="534 1329 2153 1276 2639 1270" 
                    HPOS="531"
                    VPOS="1220"
                    WIDTH="2108"
                    HEIGHT="134">
            <Shape><Polygon POINTS="534 1329 534 1354 2637 1298 2639 1270 2631 1226 2317 1234 2303 1234 2194 1220 2191 1220 2189 1220 2153 1237 2147 1243 2072 1243 2066 1240 1969 1223 1966 1223 1963 1223 1891 1245 1877 1248 1835 1245 1621 1234 1618 1234 1616 1234 1554 1254 1546 1256 1532 1254 1443 1240 1440 1240 1438 1240 1360 1259 1335 1268 1218 1268 1210 1265 1187 1248 1184 1248 1182 1248 1179 1248 1176 1248 1132 1265 1121 1270 1090 1268 979 1254 976 1254 798 1259 795 1259 748 1276 734 1284 531 1284 534 1329"/></Shape>
	    <String CONTENT=""
                    HPOS="531"
                    VPOS="1220"
                    WIDTH="2108"
                    HEIGHT="134"></String>
          </TextLine>
          <TextLine ID="eSc_line_b2a627fb"
                    TAGREFS="LT34"
                    BASELINE="795 1294 1086 1284" 
                    HPOS="795"
                    VPOS="1284"
                    WIDTH="291"
                    HEIGHT="10">
	    <String CONTENT=""
                    HPOS="795"
                    VPOS="1284"
                    WIDTH="291"
                    HEIGHT="10"></String>
          </TextLine>
          <TextLine ID="eSc_line_ed7c4bf4"
                    TAGREFS="LT31"
                    BASELINE="534 1398 2625 1329" 
                    HPOS="531"
                    VPOS="1281"
                    WIDTH="2094"
                    HEIGHT="153">
            <Shape><Polygon POINTS="534 1398 534 1434 2625 1354 2625 1329 2617 1281 940 1345 915 1345 709 1340 706 1340 531 1359 534 1398"/></Shape>
	    <String CONTENT=""
                    HPOS="531"
                    VPOS="1281"
                    WIDTH="2094"
                    HEIGHT="153"></String>
          </TextLine>
          <TextLine ID="eSc_line_5634d0a9"
                    TAGREFS="LT31"
                    BASELINE="531 1462 2617 1387" 
                    HPOS="528"
                    VPOS="1351"
                    WIDTH="2089"
                    HEIGHT="133">
            <Shape><Polygon POINTS="531 1462 531 1484 1148 1479 2617 1418 2617 1387 2609 1351 528 1423 531 1462"/></Shape>
	    <String CONTENT=""
                    HPOS="528"
                    VPOS="1351"
                    WIDTH="2089"
                    HEIGHT="133"></String>
          </TextLine>
          <TextLine ID="eSc_line_36dc480d"
                    TAGREFS="LT31"
                    BASELINE="528 1521 1171 1512 2225 1465 2617 1459" 
                    HPOS="525"
                    VPOS="1415"
                    WIDTH="2092"
                    HEIGHT="139">
            <Shape><Polygon POINTS="528 1521 528 1554 2614 1487 2617 1459 2609 1415 525 1479 528 1521"/></Shape>
	    <String CONTENT=""
                    HPOS="525"
                    VPOS="1415"
                    WIDTH="2092"
                    HEIGHT="139"></String>
          </TextLine>
          <TextLine ID="eSc_line_7a0163f4"
                    TAGREFS="LT31"
                    BASELINE="525 1590 2008 1546 2592 1540" 
                    HPOS="522"
                    VPOS="1482"
                    WIDTH="2070"
                    HEIGHT="142">
            <Shape><Polygon POINTS="525 1590 525 1610 684 1610 720 1624 723 1624 726 1624 728 1624 767 1607 806 1621 809 1621 812 1621 815 1621 879 1604 895 1601 923 1604 1029 1615 1031 1615 1221 1598 1340 1587 1379 1596 1415 1601 1418 1601 1421 1601 1424 1601 1435 1593 1449 1585 1488 1593 1518 1598 1521 1598 1668 1590 1949 1571 1972 1585 1974 1587 1977 1587 1980 1587 1983 1587 2033 1582 2189 1565 2219 1579 2228 1582 2230 1582 2233 1582 2267 1579 2361 1565 2589 1571 2592 1540 2581 1482 2542 1496 2389 1487 2375 1487 2372 1487 2369 1487 2367 1487 2339 1501 2175 1493 2139 1493 2136 1493 2105 1496 1994 1509 1805 1504 1732 1504 1730 1504 1671 1509 1527 1523 1496 1515 1488 1512 1485 1512 1482 1512 1479 1512 1465 1515 1424 1526 1396 1518 1388 1515 1385 1515 1382 1515 1379 1515 1365 1518 1318 1532 522 1543 525 1590"/></Shape>
	    <String CONTENT=""
                    HPOS="522"
                    VPOS="1482"
                    WIDTH="2070"
                    HEIGHT="142"></String>
          </TextLine>
          <TextLine ID="eSc_line_48b4c44e"
                    TAGREFS="LT31"
                    BASELINE="528 1660 1137 1651 1627 1624 2509 1602 2659 1615" 
                    HPOS="525"
                    VPOS="1557"
                    WIDTH="2128"
                    HEIGHT="133">
            <Shape><Polygon POINTS="528 1690 1226 1679 1282 1674 1510 1649 1744 1649 1771 1662 1783 1668 1785 1668 1788 1668 1791 1668 1805 1662 1847 1643 2011 1657 2058 1660 2061 1660 2063 1660 2072 1654 2108 1637 2650 1640 2653 1610 2645 1557 2492 1560 2489 1560 2486 1560 2456 1579 2406 1565 2403 1565 2400 1565 2166 1585 2141 1568 2139 1568 2136 1568 2133 1568 2130 1568 2122 1571 2069 1585 1972 1573 1936 1571 1933 1571 1883 1576 1777 1593 1546 1593 1532 1587 1518 1579 1516 1579 1513 1579 1343 1587 1340 1587 1337 1587 1335 1590 1315 1607 1004 1610 990 1601 981 1593 979 1593 976 1593 973 1593 970 1593 951 1601 929 1612 851 1604 756 1596 753 1596 751 1596 748 1596 734 1607 723 1615 525 1615 528 1660"/></Shape>
	    <String CONTENT=""
                    HPOS="525"
                    VPOS="1557"
                    WIDTH="2128"
                    HEIGHT="133"></String>
          </TextLine>
          <TextLine ID="eSc_line_657b5dba"
                    TAGREFS="LT31"
                    BASELINE="528 1724 2589 1660" 
                    HPOS="525"
                    VPOS="1626"
                    WIDTH="2064"
                    HEIGHT="123">
            <Shape><Polygon POINTS="528 1724 528 1749 2589 1687 2589 1660 2581 1626 525 1685 528 1724"/></Shape>
	    <String CONTENT=""
                    HPOS="525"
                    VPOS="1626"
                    WIDTH="2064"
                    HEIGHT="123"></String>
          </TextLine>
          <TextLine ID="eSc_line_d0d16152"
                    TAGREFS="LT31"
                    BASELINE="520 1785 2623 1721" 
                    HPOS="517"
                    VPOS="1685"
                    WIDTH="2106"
                    HEIGHT="130">
            <Shape><Polygon POINTS="520 1785 520 1815 1020 1804 1023 1804 1029 1801 1068 1790 1435 1790 1507 1790 1510 1790 1513 1790 1516 1790 1538 1776 1680 1785 1705 1785 1707 1785 1735 1782 1897 1765 1963 1776 1969 1776 1972 1776 1980 1776 2077 1760 2242 1768 2250 1768 2253 1768 2261 1768 2442 1749 2620 1757 2623 1721 2617 1685 2055 1685 2052 1685 1941 1699 1869 1707 1788 1701 1691 1696 1688 1696 1635 1707 1582 1715 1543 1707 1510 1701 1507 1701 1337 1712 1045 1732 909 1721 879 1721 876 1721 873 1721 870 1721 870 1724 856 1735 826 1724 823 1724 820 1724 817 1724 815 1724 812 1724 773 1743 584 1746 517 1732 520 1785"/></Shape>
	    <String CONTENT=""
                    HPOS="517"
                    VPOS="1685"
                    WIDTH="2106"
                    HEIGHT="130"></String>
          </TextLine>
          <TextLine ID="eSc_line_5fdd1a44"
                    TAGREFS="LT31"
                    BASELINE="511 1863 2603 1779" 
                    HPOS="509"
                    VPOS="1740"
                    WIDTH="2094"
                    HEIGHT="148">
            <Shape><Polygon POINTS="511 1863 511 1888 2600 1813 2603 1779 2595 1740 509 1813 511 1863"/></Shape>
	    <String CONTENT=""
                    HPOS="509"
                    VPOS="1740"
                    WIDTH="2094"
                    HEIGHT="148"></String>
          </TextLine>
          <TextLine ID="eSc_line_efceb099"
                    TAGREFS="LT31"
                    BASELINE="517 1929 1246 1910 2589 1846" 
                    HPOS="514"
                    VPOS="1799"
                    WIDTH="2075"
                    HEIGHT="167">
            <Shape><Polygon POINTS="517 1929 520 1966 1947 1893 2317 1893 2331 1893 2331 1890 2333 1890 2411 1874 2584 1879 2589 1846 2584 1799 2395 1818 2203 1813 2139 1813 2136 1813 2133 1813 2130 1813 2125 1815 2102 1832 1941 1838 1894 1827 1883 1824 1880 1824 1877 1824 1833 1829 1682 1849 1632 1838 1621 1835 1618 1835 1616 1835 1613 1835 1602 1838 1549 1854 1502 1843 1490 1840 1488 1840 1485 1840 1482 1840 1479 1840 1477 1843 1452 1857 1363 1849 1357 1849 1354 1849 1351 1849 1349 1849 1332 1865 1162 1871 1104 1860 1101 1860 1098 1860 1095 1860 1034 1877 995 1863 990 1863 987 1863 984 1863 981 1863 979 1863 979 1865 962 1879 806 1871 778 1871 776 1871 773 1871 764 1874 706 1890 687 1877 684 1877 681 1877 678 1877 675 1877 673 1877 611 1893 514 1885 517 1929"/></Shape>
	    <String CONTENT=""
                    HPOS="514"
                    VPOS="1799"
                    WIDTH="2075"
                    HEIGHT="167"></String>
          </TextLine>
          <TextLine ID="eSc_line_7d37a4b1"
                    TAGREFS="LT31"
                    BASELINE="522 1993 1969 1935 2584 1921" 
                    HPOS="520"
                    VPOS="1879"
                    WIDTH="2064"
                    HEIGHT="145">
            <Shape><Polygon POINTS="1290 1910 1287 1910 1232 1927 1190 1913 1187 1913 1184 1913 1182 1913 1179 1913 1151 1932 892 1941 890 1941 842 1927 840 1927 837 1927 692 1943 675 1932 673 1932 670 1932 667 1932 520 1954 522 1993 522 2024 2584 1941 2584 1921 2575 1879 1922 1885 1919 1885 1841 1904 1660 1896 1657 1896 1655 1896 1652 1896 1621 1913 1293 1910 1290 1910"/></Shape>
	    <String CONTENT=""
                    HPOS="520"
                    VPOS="1879"
                    WIDTH="2064"
                    HEIGHT="145"></String>
          </TextLine>
          <TextLine ID="eSc_line_a02fccb3"
                    TAGREFS="LT31"
                    BASELINE="509 2055 2139 1999 2600 1993" 
                    HPOS="506"
                    VPOS="1935"
                    WIDTH="2094"
                    HEIGHT="147">
            <Shape><Polygon POINTS="509 2055 509 2082 2600 2021 2600 1993 2589 1935 2542 1949 2406 1941 2375 1941 2372 1941 2356 1943 2286 1957 2052 1954 1949 1954 1947 1954 506 2013 509 2055"/></Shape>
	    <String CONTENT=""
                    HPOS="506"
                    VPOS="1935"
                    WIDTH="2094"
                    HEIGHT="147"></String>
          </TextLine>
          <TextLine ID="eSc_line_106b83e0"
                    TAGREFS="LT31"
                    BASELINE="511 2127 2611 2057" 
                    HPOS="509"
                    VPOS="2004"
                    WIDTH="2102"
                    HEIGHT="159">
            <Shape><Polygon POINTS="511 2127 511 2163 600 2146 714 2157 734 2157 737 2157 739 2157 742 2157 742 2155 764 2138 823 2152 831 2155 834 2155 837 2155 853 2152 942 2130 1101 2127 1162 2141 1179 2144 1182 2144 1184 2144 1193 2141 1221 2127 1429 2132 1513 2132 1516 2132 1685 2121 1688 2121 1691 2121 1691 2118 1705 2107 1758 2118 1760 2118 1763 2118 1863 2102 1913 2113 1933 2118 1936 2118 1938 2118 2108 2107 2461 2082 2609 2088 2611 2057 2606 2018 2528 2004 2525 2004 2447 2007 2445 2007 2442 2007 2442 2010 2428 2024 2425 2024 2411 2024 2314 2013 2311 2013 2194 2030 2172 2032 2161 2030 2111 2018 2108 2018 2105 2018 2038 2035 2019 2038 1963 2038 1774 2030 1771 2030 1769 2030 1738 2043 1730 2046 1710 2043 1635 2035 1632 2035 1630 2035 1605 2049 1593 2052 1554 2049 1454 2041 1452 2041 1382 2055 1349 2060 1296 2057 1184 2049 1182 2049 1126 2063 1095 2071 509 2080 511 2127"/></Shape>
	    <String CONTENT=""
                    HPOS="509"
                    VPOS="2004"
                    WIDTH="2102"
                    HEIGHT="159"></String>
          </TextLine>
          <TextLine ID="eSc_line_207168ce"
                    TAGREFS="LT31"
                    BASELINE="500 2196 2631 2138" 
                    HPOS="497"
                    VPOS="2091"
                    WIDTH="2134"
                    HEIGHT="128">
            <Shape><Polygon POINTS="500 2196 500 2219 2628 2163 2631 2138 2625 2093 2342 2091 2339 2091 2336 2091 2297 2102 2278 2107 2264 2102 2239 2093 2236 2093 2233 2093 2153 2107 2111 2113 2094 2107 2066 2099 2063 2099 2061 2099 1994 2110 1963 2116 1908 2113 1771 2107 1769 2107 1766 2107 1721 2118 1702 2124 1685 2121 1649 2110 1646 2110 1643 2110 1538 2124 1499 2130 1468 2127 1382 2118 1379 2118 1315 2132 1296 2135 1287 2132 1260 2121 1257 2121 1254 2121 1126 2138 1090 2141 1057 2141 898 2130 895 2130 892 2130 890 2130 890 2132 876 2146 873 2146 867 2146 801 2132 798 2132 795 2132 792 2132 770 2149 739 2135 737 2135 734 2135 731 2135 728 2135 712 2149 709 2149 539 2141 536 2141 534 2141 497 2152 500 2196"/></Shape>
	    <String CONTENT=""
                    HPOS="497"
                    VPOS="2091"
                    WIDTH="2134"
                    HEIGHT="128"></String>
          </TextLine>
          <TextLine ID="eSc_line_f5821829"
                    TAGREFS="LT31"
                    BASELINE="495 2263 2617 2207" 
                    HPOS="492"
                    VPOS="2166"
                    WIDTH="2125"
                    HEIGHT="125">
            <Shape><Polygon POINTS="495 2263 495 2291 1340 2280 1910 2252 1977 2249 1988 2249 2080 2260 2083 2260 2395 2238 2403 2238 2406 2238 2484 2249 2486 2249 2617 2230 2617 2207 2609 2166 492 2213 495 2263"/></Shape>
	    <String CONTENT=""
                    HPOS="492"
                    VPOS="2166"
                    WIDTH="2125"
                    HEIGHT="125"></String>
          </TextLine>
          <TextLine ID="eSc_line_126f006f"
                    TAGREFS="LT31"
                    BASELINE="497 2327 1076 2324 2628 2271" 
                    HPOS="495"
                    VPOS="2227"
                    WIDTH="2133"
                    HEIGHT="133">
            <Shape><Polygon POINTS="497 2327 497 2355 942 2360 945 2360 948 2360 995 2347 1312 2349 1315 2349 1318 2349 1321 2349 1335 2338 1340 2333 1360 2338 1399 2347 1401 2347 1404 2347 1465 2335 1493 2330 1563 2333 1680 2338 1682 2338 1730 2330 1783 2316 2628 2308 2628 2271 2623 2227 2381 2227 2378 2227 2331 2233 2228 2249 2108 2241 2047 2235 2044 2235 1991 2244 1913 2255 1891 2246 1877 2241 1874 2241 1872 2241 1835 2246 1758 2263 1724 2249 1713 2246 1710 2246 1707 2246 1705 2246 1702 2246 1696 2252 1677 2266 1616 2252 1593 2249 1591 2249 1541 2255 1407 2274 1340 2260 1321 2258 1318 2258 1315 2258 1307 2260 1279 2277 1254 2263 1251 2263 1248 2263 1246 2263 1243 2263 1240 2263 1218 2283 951 2288 895 2277 892 2277 820 2291 798 2277 798 2274 795 2274 792 2274 789 2274 753 2277 586 2294 495 2285 497 2327"/></Shape>
	    <String CONTENT=""
                    HPOS="495"
                    VPOS="2227"
                    WIDTH="2133"
                    HEIGHT="133"></String>
          </TextLine>
          <TextLine ID="eSc_line_a204ffab"
                    TAGREFS="LT31"
                    BASELINE="495 2399 2388 2353 2611 2360" 
                    HPOS="492"
                    VPOS="2296"
                    WIDTH="2122"
                    HEIGHT="128">
            <Shape><Polygon POINTS="495 2424 2614 2383 2614 2347 2606 2296 1468 2335 1382 2324 1379 2324 1287 2338 1268 2324 1265 2324 1262 2324 1260 2324 1257 2324 1254 2324 1210 2341 1126 2330 1123 2330 1121 2330 1118 2330 1093 2344 867 2338 865 2338 862 2338 809 2352 492 2344 495 2399"/></Shape>
	    <String CONTENT=""
                    HPOS="492"
                    VPOS="2296"
                    WIDTH="2122"
                    HEIGHT="128"></String>
          </TextLine>
          <TextLine ID="eSc_line_dadb88c0"
                    TAGREFS="LT31"
                    BASELINE="489 2472 2620 2419" 
                    HPOS="486"
                    VPOS="2380"
                    WIDTH="2134"
                    HEIGHT="133">
            <Shape><Polygon POINTS="489 2472 489 2513 606 2494 815 2505 820 2505 823 2505 826 2505 923 2491 1343 2491 1376 2491 1379 2491 1382 2491 1410 2477 1557 2486 1560 2486 1563 2486 1566 2486 1613 2466 1988 2469 1991 2469 2066 2455 2136 2472 2139 2472 2141 2472 2144 2472 2147 2472 2150 2472 2172 2452 2214 2463 2216 2463 2219 2463 2400 2447 2617 2458 2620 2419 2611 2380 486 2433 489 2472"/></Shape>
	    <String CONTENT=""
                    HPOS="486"
                    VPOS="2380"
                    WIDTH="2134"
                    HEIGHT="133"></String>
          </TextLine>
          <TextLine ID="eSc_line_76ccb619"
                    TAGREFS="LT31"
                    BASELINE="484 2544 2369 2494 2620 2499" 
                    HPOS="481"
                    VPOS="2455"
                    WIDTH="2139"
                    HEIGHT="125">
            <Shape><Polygon POINTS="484 2544 486 2580 534 2566 787 2572 789 2572 792 2572 795 2572 798 2572 823 2558 1318 2558 1346 2558 1349 2558 1421 2555 2575 2513 2611 2524 2620 2499 2617 2455 1883 2455 1880 2455 1599 2472 1335 2486 1179 2477 1143 2477 1140 2477 1137 2477 1129 2480 1087 2491 1062 2480 1054 2477 1051 2477 1048 2477 1029 2480 968 2494 923 2483 912 2480 909 2480 906 2480 904 2480 895 2483 865 2497 809 2486 798 2483 795 2483 764 2486 581 2505 481 2491 484 2544"/></Shape>
	    <String CONTENT=""
                    HPOS="481"
                    VPOS="2455"
                    WIDTH="2139"
                    HEIGHT="125"></String>
          </TextLine>
          <TextLine ID="eSc_line_f321e370"
                    TAGREFS="LT31"
                    BASELINE="489 2613 2620 2563" 
                    HPOS="486"
                    VPOS="2511"
                    WIDTH="2134"
                    HEIGHT="130">
            <Shape><Polygon POINTS="489 2613 489 2641 1315 2633 1318 2633 1321 2633 1326 2627 1343 2616 1399 2627 1429 2630 1432 2630 1435 2630 1438 2630 1443 2625 1463 2611 1705 2608 1841 2619 1869 2619 1872 2619 1874 2619 1880 2616 1910 2602 2069 2613 2083 2613 2086 2613 2089 2613 2091 2613 2158 2597 2216 2611 2222 2611 2225 2611 2233 2611 2386 2591 2617 2602 2620 2563 2614 2527 2500 2511 2497 2511 2495 2511 2492 2511 2464 2530 2205 2533 2150 2519 2147 2519 2144 2519 2019 2538 1924 2524 1922 2524 1919 2524 1866 2541 1791 2527 1788 2527 1710 2544 1354 2538 1351 2538 1193 2558 842 2550 840 2550 603 2572 534 2558 531 2558 528 2558 486 2572 489 2613"/></Shape>
	    <String CONTENT=""
                    HPOS="486"
                    VPOS="2511"
                    WIDTH="2134"
                    HEIGHT="130"></String>
          </TextLine>
          <TextLine ID="eSc_line_78ec2d3c"
                    TAGREFS="LT31"
                    BASELINE="484 2689 2603 2627" 
                    HPOS="481"
                    VPOS="2577"
                    WIDTH="2122"
                    HEIGHT="134">
            <Shape><Polygon POINTS="484 2689 484 2711 2603 2652 2603 2627 2598 2588 2408 2577 2406 2577 2275 2597 2267 2597 2264 2597 2236 2583 2233 2583 2230 2583 2086 2602 2072 2602 2061 2602 1919 2591 1916 2591 1710 2613 1691 2613 1680 2613 1532 2602 1529 2602 1443 2619 1435 2622 1426 2622 1365 2608 1363 2608 1360 2608 1324 2625 1321 2627 1193 2627 1190 2627 1154 2613 1151 2613 1148 2613 1057 2633 1043 2636 931 2636 929 2636 906 2622 904 2622 901 2622 898 2622 895 2622 856 2639 851 2639 834 2639 712 2627 709 2627 706 2627 664 2644 659 2644 650 2644 581 2633 578 2633 481 2647 484 2689"/></Shape>
	    <String CONTENT=""
                    HPOS="481"
                    VPOS="2577"
                    WIDTH="2122"
                    HEIGHT="134"></String>
          </TextLine>
          <TextLine ID="eSc_line_84b197d3"
                    TAGREFS="LT31"
                    BASELINE="481 2753 1763 2714 2586 2708" 
                    HPOS="478"
                    VPOS="2661"
                    WIDTH="2108"
                    HEIGHT="119">
            <Shape><Polygon POINTS="481 2753 481 2780 776 2766 803 2775 815 2778 817 2778 820 2778 823 2778 826 2778 826 2775 828 2775 842 2761 1098 2769 1151 2769 1154 2769 1168 2766 1237 2753 1390 2764 1424 2764 1426 2764 1449 2761 1554 2744 1624 2758 1632 2758 1635 2758 1638 2758 1641 2758 1671 2739 1783 2739 1852 2753 1858 2753 1860 2753 1863 2753 1866 2753 1919 2736 2166 2744 2169 2744 2261 2727 2584 2736 2586 2708 2578 2661 1780 2664 1777 2664 1774 2664 1755 2680 1749 2680 1724 2680 1535 2669 1532 2669 1529 2669 1490 2686 1488 2686 1474 2686 1357 2675 1354 2675 1351 2675 1293 2691 1285 2691 1276 2691 1237 2680 1235 2680 1232 2680 1229 2680 1184 2691 1176 2697 478 2708 481 2753"/></Shape>
	    <String CONTENT=""
                    HPOS="478"
                    VPOS="2661"
                    WIDTH="2108"
                    HEIGHT="119"></String>
          </TextLine>
          <TextLine ID="eSc_line_a6f7940c"
                    TAGREFS="LT31"
                    BASELINE="481 2816 2428 2778" 
                    HPOS="478"
                    VPOS="2727"
                    WIDTH="1950"
                    HEIGHT="117">
            <Shape><Polygon POINTS="481 2816 481 2844 1154 2844 1154 2842 1157 2842 1159 2842 1179 2828 1184 2825 1207 2828 1310 2839 1312 2839 1315 2839 1346 2825 1351 2822 1365 2825 1449 2836 1452 2836 1688 2816 1738 2814 1774 2814 1958 2825 1961 2825 1963 2825 2005 2811 2013 2808 2066 2808 2383 2816 2386 2816 2389 2816 2428 2800 2428 2778 2420 2741 2236 2741 2211 2727 2208 2727 2205 2727 2203 2727 2200 2727 2197 2727 2180 2741 2108 2730 2105 2730 1983 2747 1869 2733 1866 2733 1719 2739 1716 2739 1713 2739 1696 2753 1407 2744 1404 2744 1307 2761 620 2758 617 2758 478 2778 481 2816"/></Shape>
	    <String CONTENT=""
                    HPOS="478"
                    VPOS="2727"
                    WIDTH="1950"
                    HEIGHT="117"></String>
          </TextLine>
          <TextLine ID="eSc_line_23efc30d"
                    TAGREFS="LT31"
                    BASELINE="478 2908 1184 2880 2573 2858" 
                    HPOS="475"
                    VPOS="2805"
                    WIDTH="2098"
                    HEIGHT="134">
            <Shape><Polygon POINTS="478 2908 478 2939 547 2925 826 2930 828 2930 909 2914 965 2928 968 2928 970 2928 1048 2911 1254 2922 1268 2922 1271 2922 1273 2922 1276 2922 1312 2905 1346 2917 1349 2917 1351 2917 1546 2900 1744 2911 1755 2911 1758 2911 1769 2911 1947 2892 2008 2905 2013 2905 2016 2905 2025 2905 2108 2889 2570 2892 2573 2858 2567 2822 2497 2805 2495 2805 2492 2805 2445 2822 1955 2816 1952 2816 1949 2816 1947 2816 1924 2833 1922 2836 1891 2836 1838 2836 1805 2819 1802 2819 1799 2819 1796 2819 1749 2836 1618 2825 1616 2825 1346 2844 1268 2830 1265 2830 1262 2830 1226 2847 1137 2833 1134 2833 1037 2850 1004 2836 1001 2836 998 2836 634 2861 598 2861 589 2861 517 2847 514 2847 511 2847 475 2858 478 2908"/></Shape>
	    <String CONTENT=""
                    HPOS="475"
                    VPOS="2805"
                    WIDTH="2098"
                    HEIGHT="134"></String>
          </TextLine>
          <TextLine ID="eSc_line_07c2cf4b"
                    TAGREFS="LT31"
                    BASELINE="470 2978 2041 2939 2609 2944" 
                    HPOS="467"
                    VPOS="2883"
                    WIDTH="2142"
                    HEIGHT="125">
            <Shape><Polygon POINTS="470 2978 470 3008 1009 2989 1057 2994 1126 3003 1129 3003 1132 3003 1134 3003 1134 3000 1146 2992 1157 2981 1307 2981 1337 2986 1379 2997 1382 2997 1385 2997 1454 2983 1465 2983 1477 2983 1568 2992 1571 2992 1574 2992 1577 2992 1593 2981 1596 2978 1607 2981 1655 2992 1657 2992 1660 2992 1663 2992 1691 2978 1702 2972 1713 2978 1741 2989 1744 2989 1746 2989 1877 2986 1880 2986 1883 2986 1902 2972 1910 2967 2072 2964 2102 2967 2203 2981 2205 2981 2317 2961 2342 2958 2372 2961 2528 2972 2531 2972 2534 2972 2609 2953 2609 2944 2606 2894 2395 2883 2392 2883 2389 2883 2356 2897 2353 2897 2336 2897 2214 2889 2211 2889 2208 2889 2205 2889 2191 2900 2186 2903 2164 2900 2086 2889 2083 2889 1961 2903 1908 2908 1852 2905 1749 2897 1746 2897 1699 2908 1663 2914 1613 2908 1535 2900 1532 2900 1454 2911 1396 2919 1379 2911 1363 2905 1360 2905 1357 2905 1312 2914 1260 2925 1048 2925 1023 2917 1001 2911 998 2911 995 2911 940 2919 862 2930 837 2919 826 2917 823 2917 820 2917 787 2922 714 2933 467 2928 470 2978"/></Shape>
	    <String CONTENT=""
                    HPOS="467"
                    VPOS="2883"
                    WIDTH="2142"
                    HEIGHT="125"></String>
          </TextLine>
          <TextLine ID="eSc_line_226b374f"
                    TAGREFS="LT31"
                    BASELINE="475 3047 2570 3008" 
                    HPOS="472"
                    VPOS="2956"
                    WIDTH="2098"
                    HEIGHT="122">
            <Shape><Polygon POINTS="475 3047 475 3072 712 3078 714 3078 815 3070 926 3058 984 3067 1029 3072 1031 3072 1082 3064 1137 3056 1168 3064 1187 3070 1190 3070 1193 3070 1196 3070 1221 3064 1254 3053 1282 3061 1296 3067 1299 3067 1301 3067 1660 3061 1663 3061 1680 3056 1716 3045 1746 3056 1758 3058 1760 3058 1763 3058 1766 3058 1783 3056 1824 3045 2013 3050 2086 3053 2089 3053 2111 3050 2180 3036 2236 3047 2253 3050 2255 3050 2286 3047 2420 3031 2567 3042 2570 3008 2564 2972 2428 2956 2425 2956 2328 2972 1974 2964 1972 2964 1969 2964 1916 2981 1744 2969 1741 2969 1738 2969 1707 2983 1674 2969 1671 2969 1668 2969 1368 2992 1221 2978 1218 2978 1065 2997 867 2986 865 2986 862 2986 834 3000 670 2992 667 2992 584 3006 525 2992 522 2992 520 2992 517 2992 472 3008 475 3047"/></Shape>
	    <String CONTENT=""
                    HPOS="472"
                    VPOS="2956"
                    WIDTH="2098"
                    HEIGHT="122"></String>
          </TextLine>
          <TextLine ID="eSc_line_c8599561"
                    TAGREFS="LT31"
                    BASELINE="472 3125 2297 3081 2589 3086" 
                    HPOS="470"
                    VPOS="3033"
                    WIDTH="2119"
                    HEIGHT="114">
            <Shape><Polygon POINTS="472 3125 472 3147 2589 3108 2589 3086 2586 3036 1899 3033 1897 3033 1894 3033 1852 3050 1794 3036 1791 3036 1788 3036 1554 3058 1538 3058 1524 3058 1304 3047 1301 3047 1299 3047 1254 3064 1187 3050 1184 3050 962 3072 940 3072 901 3072 511 3067 509 3067 506 3067 470 3081 472 3125"/></Shape>
	    <String CONTENT=""
                    HPOS="470"
                    VPOS="3033"
                    WIDTH="2119"
                    HEIGHT="114"></String>
          </TextLine>
          <TextLine ID="eSc_line_329b71eb"
                    TAGREFS="LT31"
                    BASELINE="461 3189 2578 3156" 
                    HPOS="458"
                    VPOS="3111"
                    WIDTH="2120"
                    HEIGHT="109">
            <Shape><Polygon POINTS="461 3189 461 3214 1162 3220 1165 3220 1168 3220 1207 3206 1221 3200 1349 3203 1691 3211 1694 3211 1830 3195 1869 3192 1899 3195 1986 3206 1988 3206 1991 3206 2022 3192 2027 3192 2047 3192 2166 3203 2169 3203 2172 3203 2211 3189 2219 3189 2233 3189 2317 3200 2319 3200 2322 3200 2372 3189 2403 3181 2575 3184 2578 3156 2570 3111 458 3139 461 3189"/></Shape>
	    <String CONTENT=""
                    HPOS="458"
                    VPOS="3111"
                    WIDTH="2120"
                    HEIGHT="109"></String>
          </TextLine>
          <TextLine ID="eSc_line_bc721e0d"
                    TAGREFS="LT31"
                    BASELINE="456 3270 1816 3248 2561 3250" 
                    HPOS="453"
                    VPOS="3189"
                    WIDTH="2108"
                    HEIGHT="122">
            <Shape><Polygon POINTS="456 3270 458 3306 489 3292 531 3306 550 3311 553 3311 556 3311 603 3303 692 3289 828 3300 926 3309 929 3309 976 3298 1020 3289 1062 3298 1101 3306 1104 3306 1146 3298 1201 3284 1290 3295 1363 3303 1365 3303 1368 3303 1404 3292 1446 3281 1496 3292 1516 3295 1518 3295 1557 3292 1655 3278 1671 3289 1680 3298 1682 3298 1685 3298 1688 3300 1746 3300 1746 3298 1749 3298 1752 3298 1766 3286 1783 3275 2094 3275 2108 3284 2119 3292 2122 3292 2125 3292 2127 3292 2186 3281 2239 3273 2333 3273 2347 3281 2361 3289 2364 3289 2367 3289 2369 3289 2559 3275 2561 3250 2559 3209 2442 3209 2420 3189 2417 3189 2414 3189 2411 3189 2408 3189 2406 3189 2386 3209 2317 3209 2183 3209 2175 3209 2036 3189 2033 3189 2030 3189 2027 3189 2005 3209 2000 3211 1969 3209 1763 3192 1760 3192 1758 3192 1707 3211 1702 3211 1699 3211 1641 3192 1638 3192 1635 3192 1399 3195 1396 3195 1349 3211 1343 3214 1337 3211 1301 3197 1299 3197 1296 3197 1293 3197 1290 3197 1273 3211 1268 3217 1262 3211 1235 3197 1232 3197 1162 3197 1159 3197 1157 3197 1115 3214 1090 3222 1059 3214 1034 3206 1031 3206 1029 3206 984 3214 923 3225 898 3214 884 3209 881 3209 879 3209 817 3214 687 3228 603 3214 589 3214 586 3214 584 3214 578 3214 539 3228 525 3214 514 3206 511 3206 509 3206 506 3206 453 3214 456 3270"/></Shape>
	    <String CONTENT=""
                    HPOS="453"
                    VPOS="3189"
                    WIDTH="2108"
                    HEIGHT="122"></String>
          </TextLine>
        </TextBlock>
      </PrintSpace>
    </Page>
  </Layout>
</alto>
