<?xml version="1.0" encoding="UTF-8"?>
<alto xmlns:xsi="http://www.w3.org/2001/XMLSchema-instance"
      xmlns="http://www.loc.gov/standards/alto/ns-v4#"
      xsi:schemaLocation="http://www.loc.gov/standards/alto/ns-v4# http://www.loc.gov/standards/alto/v4/alto-4-2.xsd">
  <Description>
    <MeasurementUnit>pixel</MeasurementUnit>
    <sourceImageInformation>
      <fileName>ARCH-DIV-000496_0281.png</fileName>
    </sourceImageInformation>
  </Description>
  <Tags>
    <OtherTag ID="BT42" LABEL="MainZone" DESCRIPTION="block type MainZone"/><OtherTag ID="BT43" LABEL="MarginTextZone" DESCRIPTION="block type MarginTextZone"/><OtherTag ID="BT44" LABEL="NumberingZone" DESCRIPTION="block type NumberingZone"/><OtherTag ID="BT45" LABEL="TitlePageZone" DESCRIPTION="block type TitlePageZone"/><OtherTag ID="BT46" LABEL="CustomZone:Numbering" DESCRIPTION="block type CustomZone:Numbering"/><OtherTag ID="BT49" LABEL="MarginTextZone:lower" DESCRIPTION="block type MarginTextZone:lower"/>
    <OtherTag ID="LT25" LABEL="default" DESCRIPTION="line type default"/><OtherTag ID="LT31" LABEL="DefaultLine" DESCRIPTION="line type DefaultLine"/><OtherTag ID="LT32" LABEL="HeadingLine" DESCRIPTION="line type HeadingLine"/><OtherTag ID="LT33" LABEL="InterlinearLine:addition" DESCRIPTION="line type InterlinearLine:addition"/><OtherTag ID="LT34" LABEL="InterlinearLine:correction" DESCRIPTION="line type InterlinearLine:correction"/>
  </Tags>
  <Layout>
    <Page WIDTH="2790"
          HEIGHT="3368"
          PHYSICAL_IMG_NR="280"
          ID="eSc_dummypage_">
      <PrintSpace HPOS="0"
                  VPOS="0"
                  WIDTH="2790"
                  HEIGHT="3368">
        <TextBlock HPOS="231"
                   VPOS="0"
                   WIDTH="2527"
                   HEIGHT="3367"
                   ID="3a11e730-f9d7-4386-a1d9-ebc691493f12"
                   TAGREFS="BT42">
          <Shape><Polygon POINTS="2758 0 2758 3367 504 3367 504 1139 234 1118 231 1012 504 995 504 0"/></Shape>
          <TextLine ID="eSc_line_2b783b22"
                    TAGREFS="LT31"
                    BASELINE="634 70 2231 78 2736 98" 
                    HPOS="634"
                    VPOS="22"
                    WIDTH="2102"
                    HEIGHT="104">
            <Shape><Polygon POINTS="2652 81 2624 87 2596 87 2568 84 2540 84 2512 84 2484 81 2455 81 2427 81 2399 78 2371 78 2343 78 2315 75 2287 75 2259 75 2231 72 2203 72 2175 72 2147 70 2119 70 2091 70 2063 67 2034 67 2006 67 1978 64 1950 64 1922 64 1894 61 1866 61 1838 61 1810 58 1782 58 1754 58 1726 56 1698 56 1670 56 1642 53 1613 53 1585 53 1557 50 1529 50 1501 50 1473 47 1445 47 1417 47 1389 44 1361 44 1333 44 1305 42 1277 42 1249 42 1220 39 1192 39 1164 39 1136 36 1108 36 1080 36 1052 33 1024 33 996 33 968 30 940 30 769 39 653 22 634 36 634 70 634 106 1027 95 1347 115 1389 115 1392 115 1395 115 1397 115 1425 101 1566 115 1574 115 1577 115 1583 115 1720 101 1771 117 1773 117 1776 117 1779 120 1914 120 1914 117 1917 117 1919 117 1936 103 2023 117 2026 117 2029 117 2032 117 2054 103 2206 120 2217 120 2220 120 2228 120 2343 106 2391 123 2397 123 2399 123 2402 126 2733 126 2736 98 2733 56 2660 53 2652 81"/></Shape>
	    <String CONTENT=""
                    HPOS="634"
                    VPOS="22"
                    WIDTH="2102"
                    HEIGHT="104"></String>
          </TextLine>
          <TextLine ID="eSc_line_31ecb9ef"
                    TAGREFS="LT33"
                    BASELINE="2226 45 2491 46" 
                    HPOS="2226"
                    VPOS="45"
                    WIDTH="265"
                    HEIGHT="1">
	    <String CONTENT=""
                    HPOS="2226"
                    VPOS="45"
                    WIDTH="265"
                    HEIGHT="1"></String>
          </TextLine>
          <TextLine ID="eSc_line_ab2be572"
                    TAGREFS="LT31"
                    BASELINE="634 140 2169 134 2590 146 2728 158" 
                    HPOS="631"
                    VPOS="87"
                    WIDTH="2049"
                    HEIGHT="89">
            <Shape><Polygon POINTS="2624 126 2596 131 2573 103 2371 103 2368 101 2332 87 2329 87 2326 87 2251 101 2242 101 2231 101 2169 87 2166 87 2046 98 2018 101 2012 98 2001 87 1998 87 1995 87 1992 87 1990 87 1987 87 1973 98 1967 101 1947 98 1872 87 1869 87 1866 87 1821 98 1807 101 1796 98 1771 87 1768 87 1765 87 1684 98 1647 101 1608 95 1535 87 1532 87 1529 87 1501 95 1482 103 1322 103 1310 95 1299 87 1296 87 1293 87 1291 87 1288 87 1260 95 1235 101 631 92 634 140 634 165 912 174 915 174 917 174 940 168 976 159 1066 168 1125 174 1128 174 1198 168 1319 159 1375 171 1400 174 1403 174 1406 174 1420 171 1453 159 1526 171 1554 174 1557 174 1560 174 1574 171 1619 159 1717 171 1748 174 1751 174 1754 174 1759 171 1787 159 1908 171 1936 174 1939 174 1942 174 1945 174 1945 171 1970 159 2127 159 2234 174 2245 174 2248 174 2251 174 2253 174 2284 159 2301 174 2304 174 2307 174 2310 176 2677 176 2680 148 2677 115 2652 120"/></Shape>
	    <String CONTENT=""
                    HPOS="631"
                    VPOS="87"
                    WIDTH="2049"
                    HEIGHT="89"></String>
          </TextLine>
          <TextLine ID="eSc_line_23e41ddd"
                    TAGREFS="LT31"
                    BASELINE="620 207 1832 193 2681 206 2740 220" 
                    HPOS="617"
                    VPOS="145"
                    WIDTH="2116"
                    HEIGHT="90">
            <Shape><Polygon POINTS="620 221 1636 235 1639 235 1642 235 1667 227 1692 221 1729 230 1765 235 1768 235 1801 230 1838 221 1855 230 1866 235 1869 235 1872 235 1874 235 1894 230 1925 218 2217 218 2259 232 2265 232 2267 232 2270 232 2279 232 2338 218 2728 232 2733 207 2731 162 2091 145 2088 145 2085 145 2082 145 2063 162 2060 162 2054 162 2015 148 2012 148 2009 148 1872 162 1846 162 1824 162 1717 148 1714 148 1712 148 1681 162 1675 162 1670 162 1633 148 1630 148 1627 148 1543 162 1529 162 1524 162 1487 148 1484 148 1482 148 1423 162 1411 162 1386 162 1257 148 1254 148 1251 148 1204 162 1198 162 1195 162 1170 148 1167 148 1164 148 1162 148 1122 162 1114 162 1105 162 1044 148 1041 148 1038 148 1010 162 1004 162 985 162 872 148 870 148 617 159 620 207"/></Shape>
	    <String CONTENT=""
                    HPOS="617"
                    VPOS="145"
                    WIDTH="2116"
                    HEIGHT="90"></String>
          </TextLine>
          <TextLine ID="eSc_line_2950933a"
                    TAGREFS="LT31"
                    BASELINE="631 272 2615 256 2709 268" 
                    HPOS="628"
                    VPOS="202"
                    WIDTH="2080"
                    HEIGHT="101">
            <Shape><Polygon POINTS="2357 202 2265 216 2085 204 2082 204 2018 218 2001 221 1939 218 1706 207 1703 207 1647 221 1625 224 628 224 631 272 631 300 1240 303 1243 303 1268 300 1338 286 1431 297 1453 300 1456 300 1487 297 1611 286 1650 297 1661 300 1664 300 1667 300 1743 297 2051 280 2321 294 2343 294 2346 294 2349 294 2352 294 2377 277 2702 291 2708 255 2702 218 2411 218 2363 202 2360 202"/></Shape>
	    <String CONTENT=""
                    HPOS="628"
                    VPOS="202"
                    WIDTH="2080"
                    HEIGHT="101"></String>
          </TextLine>
          <TextLine ID="eSc_line_ec10496f"
                    TAGREFS="LT31"
                    BASELINE="625 345 2739 317" 
                    HPOS="623"
                    VPOS="263"
                    WIDTH="2116"
                    HEIGHT="115">
            <Shape><Polygon POINTS="625 345 628 378 670 362 2739 342 2739 317 2731 277 2422 280 2416 280 2363 263 2360 263 2357 263 2354 263 2352 263 2335 280 2332 280 2329 280 2251 266 2248 266 2121 283 2093 286 2088 283 2068 269 2065 269 2063 269 1953 269 1950 269 1947 269 1945 269 1925 286 1922 286 1908 286 1813 272 1810 272 1807 272 1804 272 1787 286 1782 289 1768 286 1703 275 1700 275 1698 275 1695 275 1675 289 1664 294 1563 294 1546 289 1490 275 1487 275 1484 275 1220 291 1136 297 1114 294 1046 280 1044 280 1041 280 993 294 976 300 968 294 948 283 945 283 943 283 940 283 937 283 900 297 886 303 712 303 704 297 690 286 687 286 684 286 682 286 623 297 625 345"/></Shape>
	    <String CONTENT=""
                    HPOS="623"
                    VPOS="263"
                    WIDTH="2116"
                    HEIGHT="115"></String>
          </TextLine>
          <TextLine ID="eSc_line_624b1240"
                    TAGREFS="LT31"
                    BASELINE="620 409 2711 384" 
                    HPOS="617"
                    VPOS="331"
                    WIDTH="2094"
                    HEIGHT="109">
            <Shape><Polygon POINTS="620 409 620 440 2708 415 2711 384 2702 331 2618 345 2579 331 2576 331 2573 331 2571 331 2548 331 2408 348 2006 342 1866 339 1863 339 1838 345 1771 356 1644 348 1577 342 1574 342 1529 348 1459 362 1184 362 1173 353 1164 348 1162 348 1159 348 1156 348 1153 348 1133 356 1117 362 1103 356 1086 348 1083 348 1080 348 1038 356 999 364 934 359 858 350 856 350 853 350 850 350 850 353 842 359 833 367 797 359 755 353 752 353 617 362 620 409"/></Shape>
	    <String CONTENT=""
                    HPOS="617"
                    VPOS="331"
                    WIDTH="2094"
                    HEIGHT="109"></String>
          </TextLine>
          <TextLine ID="eSc_line_8d9893e2"
                    TAGREFS="LT31"
                    BASELINE="620 479 2719 449" 
                    HPOS="617"
                    VPOS="392"
                    WIDTH="2102"
                    HEIGHT="124">
            <Shape><Polygon POINTS="620 479 623 516 670 499 710 510 712 510 715 510 945 496 996 510 999 510 1002 510 1007 510 1192 491 1563 502 1569 502 1571 502 1574 502 1661 485 1751 499 1754 499 1824 499 2068 493 2141 477 2158 491 2161 491 2164 491 2166 491 2380 474 2397 488 2399 488 2402 488 2405 491 2512 491 2514 491 2514 488 2517 488 2587 471 2714 485 2719 449 2714 409 2568 392 2565 392 2562 392 2559 392 2537 406 2397 395 2394 395 2391 395 2332 412 2214 401 2211 401 2068 415 1959 401 1956 401 1844 418 1773 406 1771 406 1768 406 1765 406 1765 409 1751 423 1602 423 1583 406 1580 406 1577 406 1574 406 1571 406 1569 406 1540 423 1504 409 1501 409 1498 409 1496 409 1445 423 1395 409 1392 409 1389 409 1386 409 1347 426 1192 412 1190 412 1187 412 1150 429 1018 418 1016 418 923 432 892 418 889 418 886 418 766 435 662 421 659 421 656 421 617 435 620 479"/></Shape>
	    <String CONTENT=""
                    HPOS="617"
                    VPOS="392"
                    WIDTH="2102"
                    HEIGHT="124"></String>
          </TextLine>
          <TextLine ID="eSc_line_9d97d293"
                    TAGREFS="LT31"
                    BASELINE="617 550 864 536 2075 525 2076 525 2211 532 2212 532 2683 513" 
                    HPOS="614"
                    VPOS="468"
                    WIDTH="2069"
                    HEIGHT="115">
            <Shape><Polygon POINTS="620 583 693 564 808 580 813 580 816 580 819 580 822 580 878 561 1434 569 1535 569 1538 569 1540 569 1543 569 1546 566 1571 552 1768 564 1858 566 1860 566 2270 561 2310 552 2354 541 2385 550 2405 558 2408 558 2411 558 2470 550 2542 538 2680 544 2683 513 2674 468 1967 482 1959 479 1939 468 1936 468 1933 468 1931 468 1886 479 1860 485 1807 482 1695 471 1692 471 1689 471 1686 471 1672 482 1667 488 1611 485 1467 474 1465 474 1462 474 1459 474 1439 488 1434 491 1389 488 1251 477 1249 477 1046 493 1002 496 971 493 839 482 836 482 833 482 830 482 811 496 805 502 614 502 617 550"/></Shape>
	    <String CONTENT=""
                    HPOS="614"
                    VPOS="468"
                    WIDTH="2069"
                    HEIGHT="115"></String>
          </TextLine>
          <TextLine ID="eSc_line_dbb66479"
                    TAGREFS="LT31"
                    BASELINE="611 609 1439 597" 
                    HPOS="609"
                    VPOS="541"
                    WIDTH="830"
                    HEIGHT="104">
            <Shape><Polygon POINTS="611 609 611 631 757 631 771 642 771 645 774 645 777 645 780 645 783 645 836 631 853 628 870 631 920 642 923 642 1302 637 1305 637 1310 634 1336 623 1437 634 1439 597 1434 558 1271 541 1268 541 1265 541 1223 561 1218 561 1192 561 1058 550 1055 550 1052 550 1018 564 1016 564 1013 564 982 547 979 547 850 547 847 547 844 547 811 566 805 569 609 569 611 609"/></Shape>
	    <String CONTENT=""
                    HPOS="609"
                    VPOS="541"
                    WIDTH="830"
                    HEIGHT="104"></String>
          </TextLine>
          <TextLine ID="eSc_line_f5d759b3"
                    TAGREFS="LT31"
                    BASELINE="620 682 1664 665 2697 670" 
                    HPOS="617"
                    VPOS="614"
                    WIDTH="2080"
                    HEIGHT="96">
            <Shape><Polygon POINTS="620 682 620 710 1779 710 1779 707 1782 707 1785 707 1796 696 1801 693 2121 693 2152 707 2155 707 2158 707 2329 690 2349 690 2374 690 2666 704 2669 704 2672 704 2674 704 2697 687 2697 670 2694 625 1644 614 1642 614 1639 614 1580 631 1577 631 1571 631 1296 617 1293 617 1212 631 1176 617 1173 617 1170 617 1167 617 1125 634 979 620 976 620 872 634 844 620 842 620 839 620 836 620 808 634 670 620 668 620 665 620 617 637 620 682"/></Shape>
	    <String CONTENT=""
                    HPOS="617"
                    VPOS="614"
                    WIDTH="2080"
                    HEIGHT="96"></String>
          </TextLine>
          <TextLine ID="eSc_line_3687e19b"
                    TAGREFS="LT31"
                    BASELINE="597 754 2731 735" 
                    HPOS="595"
                    VPOS="682"
                    WIDTH="2136"
                    HEIGHT="106">
            <Shape><Polygon POINTS="597 754 597 777 886 788 889 788 892 788 920 777 943 771 1125 771 1156 777 1198 788 1201 788 1204 788 1260 777 1310 769 1386 777 1456 785 1459 785 1462 785 1482 777 1512 766 1546 777 1563 783 1566 783 1569 783 1611 777 1689 766 1757 777 1796 783 1799 783 1844 777 1942 763 2068 777 2107 780 2110 780 2113 780 2121 777 2150 760 2262 760 2380 777 2397 777 2399 777 2413 777 2514 760 2725 774 2731 735 2725 696 2486 682 2484 682 2481 682 2433 696 2416 698 2405 696 2383 684 2380 684 2377 684 2374 684 2371 684 2357 696 2349 698 2304 696 2217 687 2214 687 2158 696 2110 701 2029 696 1928 687 1925 687 1922 687 1919 687 1908 696 1894 704 1585 704 1540 696 1507 690 1504 690 1501 690 1484 696 1453 710 1285 710 1223 696 1201 693 1198 693 1195 693 1187 696 1150 710 968 696 940 696 937 696 934 696 929 696 867 712 595 698 597 754"/></Shape>
	    <String CONTENT=""
                    HPOS="595"
                    VPOS="682"
                    WIDTH="2136"
                    HEIGHT="106"></String>
          </TextLine>
          <TextLine ID="eSc_line_943a29dd"
                    TAGREFS="LT31"
                    BASELINE="603 825 2116 808 2722 813" 
                    HPOS="600"
                    VPOS="757"
                    WIDTH="2122"
                    HEIGHT="90">
            <Shape><Polygon POINTS="603 825 603 847 2719 839 2722 813 2717 769 2197 774 2192 774 2150 757 2147 757 2144 757 2141 757 2079 774 2074 774 2068 774 1953 757 1950 757 1947 757 1900 777 1894 777 1877 777 1745 763 1743 763 1740 763 1686 777 1619 760 1616 760 1613 760 1611 760 1608 760 1585 780 1583 783 1445 783 1428 783 1406 763 1403 763 1400 763 1397 763 1316 777 1279 763 1277 763 1274 763 1190 783 1170 766 1167 766 1164 766 965 766 962 766 959 766 889 785 828 769 825 769 651 769 648 769 645 769 600 785 603 825"/></Shape>
	    <String CONTENT=""
                    HPOS="600"
                    VPOS="757"
                    WIDTH="2122"
                    HEIGHT="90"></String>
          </TextLine>
          <TextLine ID="eSc_line_1ea46163"
                    TAGREFS="LT31"
                    BASELINE="595 898 2680 878" 
                    HPOS="592"
                    VPOS="825"
                    WIDTH="2088"
                    HEIGHT="98">
            <Shape><Polygon POINTS="595 898 595 923 2677 900 2680 878 2674 839 2517 825 2514 825 2512 825 2509 825 2489 839 2486 839 2481 839 2354 827 2352 827 2251 842 2239 842 2228 842 2155 827 2152 827 2150 827 2113 842 2085 827 2082 827 2079 827 1959 844 1939 847 1602 847 1594 847 1549 833 1546 833 1543 833 1540 833 1490 847 1476 850 1414 847 1198 836 1195 836 1192 836 1153 850 1142 853 1117 850 1038 839 1035 839 1032 839 990 850 979 856 592 856 595 898"/></Shape>
	    <String CONTENT=""
                    HPOS="592"
                    VPOS="825"
                    WIDTH="2088"
                    HEIGHT="98"></String>
          </TextLine>
          <TextLine ID="eSc_line_5804df55"
                    TAGREFS="LT31"
                    BASELINE="589 973 2725 945" 
                    HPOS="586"
                    VPOS="886"
                    WIDTH="2139"
                    HEIGHT="121">
            <Shape><Polygon POINTS="589 973 589 993 735 1007 738 1007 741 1007 799 993 802 993 811 993 1002 1004 1004 1004 1075 990 1080 990 1089 990 1223 1001 1226 1001 1229 1001 1254 987 1257 987 1279 987 1431 999 1434 999 1602 985 1653 982 1698 985 1810 993 1813 993 2725 973 2725 945 2719 906 2557 886 2554 886 2436 906 2419 909 2408 906 2352 892 2349 892 2346 892 2343 892 2295 909 2279 912 2256 909 2172 892 2169 892 2166 892 2136 909 2127 912 2119 909 2079 895 2077 895 2074 895 2071 895 2046 909 2034 914 2023 909 2004 900 2001 900 1998 900 1947 909 1919 914 1905 909 1869 895 1866 895 1863 895 1650 898 1647 898 1619 912 1599 923 1406 923 1369 914 1330 903 1327 903 1324 903 1322 903 1279 914 1251 920 1229 914 1204 909 1201 909 1198 909 1195 909 1192 909 1184 914 1164 926 1060 914 985 909 982 909 979 909 959 917 929 929 875 917 833 909 830 909 828 909 808 917 774 931 586 920 589 973"/></Shape>
	    <String CONTENT=""
                    HPOS="586"
                    VPOS="886"
                    WIDTH="2139"
                    HEIGHT="121"></String>
          </TextLine>
          <TextLine ID="eSc_line_e61b6ecd"
                    TAGREFS="LT31"
                    BASELINE="618 1036 2705 1004" 
                    HPOS="631"
                    VPOS="957"
                    WIDTH="2074"
                    HEIGHT="115">
            <Shape><Polygon POINTS="634 1060 973 1072 976 1072 1147 1055 1192 1052 1212 1055 1277 1066 1279 1066 1282 1066 1333 1052 1352 1049 1451 1052 1627 1058 1630 1058 1672 1049 1714 1041 1759 1049 1821 1058 1824 1058 1827 1058 1860 1046 1891 1035 2085 1035 2099 1044 2110 1052 2113 1052 2116 1052 2119 1052 2223 1049 2225 1049 2228 1049 2237 1044 2251 1032 2368 1041 2458 1046 2461 1046 2500 1038 2542 1030 2554 1038 2559 1044 2562 1044 2565 1044 2568 1044 2702 1035 2705 1004 2700 971 2542 957 2540 957 2360 973 2338 973 2329 973 2276 962 2273 962 1939 976 1793 982 1692 979 1538 973 1535 973 1532 973 1504 982 1473 987 1425 982 1383 976 1380 976 1352 982 1313 990 631 990 634 1038"/></Shape>
	    <String CONTENT=""
                    HPOS="631"
                    VPOS="957"
                    WIDTH="2074"
                    HEIGHT="115"></String>
          </TextLine>
          <TextLine ID="eSc_line_bcdc3de1"
                    TAGREFS="LT31"
                    BASELINE="595 1114 917 1094 2705 1060" 
                    HPOS="592"
                    VPOS="1018"
                    WIDTH="2113"
                    HEIGHT="121">
            <Shape><Polygon POINTS="595 1114 595 1139 2705 1086 2705 1060 2697 1018 1978 1038 1936 1035 1844 1024 1841 1024 1838 1024 1835 1024 1821 1038 1816 1041 1799 1038 1740 1027 1737 1027 1734 1027 1698 1041 1684 1044 1658 1041 1583 1030 1580 1030 1577 1030 1574 1030 1557 1044 1552 1046 1529 1044 1456 1032 1453 1032 1322 1049 1282 1052 1263 1049 1195 1038 1192 1038 1190 1038 1133 1052 1122 1055 1114 1052 1083 1041 1080 1041 1077 1041 724 1046 592 1063 595 1114"/></Shape>
	    <String CONTENT=""
                    HPOS="592"
                    VPOS="1018"
                    WIDTH="2113"
                    HEIGHT="121"></String>
          </TextLine>
          <TextLine ID="eSc_line_0d15fbf3"
                    TAGREFS="LT31"
                    BASELINE="597 1175 2711 1122" 
                    HPOS="595"
                    VPOS="1074"
                    WIDTH="2116"
                    HEIGHT="135">
            <Shape><Polygon POINTS="597 1175 597 1209 819 1192 999 1201 1032 1201 1035 1201 1111 1198 1501 1175 1577 1187 1591 1187 1594 1187 1597 1187 1602 1184 1642 1170 2711 1156 2711 1122 2702 1086 2458 1088 2385 1074 2383 1074 2380 1074 2343 1094 2194 1094 2164 1080 2161 1080 2158 1080 2155 1080 2093 1097 2046 1083 2043 1083 2040 1083 2037 1083 1990 1100 1627 1094 1625 1094 1622 1094 1583 1111 1580 1111 1577 1111 1490 1097 1487 1097 1380 1117 1369 1117 1341 1117 1041 1108 1038 1108 595 1133 597 1175"/></Shape>
	    <String CONTENT=""
                    HPOS="595"
                    VPOS="1074"
                    WIDTH="2116"
                    HEIGHT="135"></String>
          </TextLine>
          <TextLine ID="eSc_line_9b9f6047"
                    TAGREFS="LT31"
                    BASELINE="592 1243 2714 1201" 
                    HPOS="589"
                    VPOS="1159"
                    WIDTH="2125"
                    HEIGHT="106">
            <Shape><Polygon POINTS="592 1243 592 1265 2714 1223 2714 1201 2705 1159 589 1198 592 1243"/></Shape>
	    <String CONTENT=""
                    HPOS="589"
                    VPOS="1159"
                    WIDTH="2125"
                    HEIGHT="106"></String>
          </TextLine>
          <TextLine ID="eSc_line_137f16cb"
                    TAGREFS="LT31"
                    BASELINE="589 1313 2110 1268 2697 1260" 
                    HPOS="586"
                    VPOS="1215"
                    WIDTH="2111"
                    HEIGHT="129">
            <Shape><Polygon POINTS="589 1313 589 1344 1305 1313 1852 1313 1911 1313 1911 1310 1919 1310 2015 1293 2105 1305 2110 1305 2113 1305 2116 1305 2119 1305 2166 1291 2697 1291 2697 1260 2688 1215 1734 1229 1616 1243 1591 1246 1574 1246 1493 1234 1490 1234 1316 1251 1285 1254 1268 1254 1187 1243 1184 1243 1072 1260 1058 1260 1049 1260 985 1248 982 1248 802 1265 774 1268 760 1268 679 1257 676 1257 586 1271 589 1313"/></Shape>
	    <String CONTENT=""
                    HPOS="586"
                    VPOS="1215"
                    WIDTH="2111"
                    HEIGHT="129"></String>
          </TextLine>
          <TextLine ID="eSc_line_fd10e6c6"
                    TAGREFS="LT31"
                    BASELINE="589 1383 2015 1335 2644 1328 2710 1346" 
                    HPOS="586"
                    VPOS="1271"
                    WIDTH="2136"
                    HEIGHT="149">
            <Shape><Polygon POINTS="589 1420 679 1403 757 1414 777 1417 780 1417 799 1414 892 1392 1030 1406 1063 1408 1066 1408 1069 1408 1072 1408 1077 1403 1108 1386 1260 1397 1302 1400 1305 1400 1330 1394 1400 1380 1434 1392 1448 1397 1451 1397 1453 1397 1496 1389 1588 1372 1726 1383 1757 1383 1759 1383 1762 1383 1765 1383 1768 1380 1790 1366 1894 1375 1922 1378 1925 1378 1928 1378 1931 1378 1933 1375 1961 1358 2169 1358 2186 1366 2206 1375 2208 1375 2211 1375 2318 1372 2321 1372 2340 1361 2357 1352 2422 1358 2506 1366 2509 1366 2512 1366 2545 1355 2565 1347 2601 1352 2660 1361 2663 1361 2722 1347 2722 1327 2717 1282 2514 1271 2512 1271 2422 1291 2411 1291 2402 1291 2321 1279 2318 1279 2225 1296 2217 1296 2211 1296 2144 1282 2141 1282 2029 1302 2023 1302 2018 1302 1953 1291 1950 1291 1947 1291 1945 1291 1922 1305 1919 1305 1900 1305 1557 1299 1554 1299 1361 1321 1355 1321 1350 1321 1265 1307 1263 1307 1260 1307 1218 1324 1173 1310 1170 1310 1167 1310 1164 1310 1162 1310 1136 1327 1072 1313 1069 1313 1066 1313 1063 1313 1041 1330 979 1319 976 1319 973 1319 923 1333 881 1319 878 1319 875 1319 586 1344 589 1383"/></Shape>
	    <String CONTENT=""
                    HPOS="586"
                    VPOS="1271"
                    WIDTH="2136"
                    HEIGHT="149"></String>
          </TextLine>
          <TextLine ID="eSc_line_2171a57b"
                    TAGREFS="LT31"
                    BASELINE="569 1456 1331 1440 1331 1440 1799 1411 2694 1397" 
                    HPOS="566"
                    VPOS="1355"
                    WIDTH="2128"
                    HEIGHT="132">
            <Shape><Polygon POINTS="569 1487 858 1465 948 1479 951 1479 954 1479 988 1462 1007 1476 1010 1476 1013 1476 1016 1476 1170 1473 1524 1462 1529 1462 1627 1442 1703 1456 1709 1456 1712 1456 1714 1456 1717 1456 1740 1437 1821 1437 1981 1448 1992 1448 1995 1448 1998 1448 2001 1448 2026 1431 2088 1442 2091 1442 2093 1442 2141 1428 2164 1442 2166 1442 2169 1442 2172 1442 2175 1442 2220 1425 2262 1439 2265 1439 2267 1439 2279 1439 2419 1422 2688 1425 2694 1397 2686 1355 566 1414 569 1456"/></Shape>
	    <String CONTENT=""
                    HPOS="566"
                    VPOS="1355"
                    WIDTH="2128"
                    HEIGHT="132"></String>
          </TextLine>
          <TextLine ID="eSc_line_bf6e47f0"
                    TAGREFS="LT31"
                    BASELINE="581 1521 2705 1459" 
                    HPOS="578"
                    VPOS="1408"
                    WIDTH="2127"
                    HEIGHT="135">
            <Shape><Polygon POINTS="581 1521 581 1543 2705 1487 2705 1459 2694 1408 2663 1425 2248 1425 2032 1425 2029 1425 1987 1434 1928 1445 1900 1437 1891 1434 1889 1434 1886 1434 1846 1439 1773 1448 1759 1442 1743 1434 1740 1434 1737 1434 1734 1434 1714 1442 1695 1451 1518 1451 1254 1448 1251 1448 1181 1462 1162 1465 1147 1462 1091 1453 1089 1453 1086 1453 1083 1453 1066 1465 1058 1470 1032 1467 965 1456 962 1456 886 1473 864 1476 847 1473 780 1462 777 1462 774 1462 771 1462 771 1465 757 1476 755 1481 578 1481 581 1521"/></Shape>
	    <String CONTENT=""
                    HPOS="578"
                    VPOS="1408"
                    WIDTH="2127"
                    HEIGHT="135"></String>
          </TextLine>
          <TextLine ID="eSc_line_60e60b80"
                    TAGREFS="LT31"
                    BASELINE="569 1588 1717 1549 2711 1529" 
                    HPOS="566"
                    VPOS="1473"
                    WIDTH="2145"
                    HEIGHT="129">
            <Shape><Polygon POINTS="569 1588 569 1602 2711 1554 2711 1529 2705 1487 2596 1473 2593 1473 2590 1473 2554 1490 2551 1490 2542 1490 2413 1479 2411 1479 2231 1498 2225 1498 2223 1498 2161 1481 2158 1481 2155 1481 2054 1484 2051 1484 2006 1504 2004 1504 1757 1493 1754 1493 1658 1515 1650 1515 1627 1515 1358 1504 1355 1504 1257 1526 1249 1526 1235 1526 1055 1512 1052 1512 959 1535 951 1538 724 1540 718 1540 656 1526 653 1526 566 1543 569 1588"/></Shape>
	    <String CONTENT=""
                    HPOS="566"
                    VPOS="1473"
                    WIDTH="2145"
                    HEIGHT="129"></String>
          </TextLine>
          <TextLine ID="eSc_line_b47fdeb9"
                    TAGREFS="LT31"
                    BASELINE="575 1653 1322 1641 2136 1611 2686 1605" 
                    HPOS="572"
                    VPOS="1549"
                    WIDTH="2114"
                    HEIGHT="140">
            <Shape><Polygon POINTS="575 1653 575 1675 687 1689 690 1689 1459 1669 1552 1658 1625 1650 1771 1655 1914 1658 1917 1658 1953 1650 1995 1641 2029 1650 2060 1655 2063 1655 2065 1655 2068 1655 2079 1650 2099 1639 2686 1639 2686 1605 2677 1563 2484 1566 2447 1549 2444 1549 2441 1549 2439 1549 2436 1549 2436 1552 2416 1568 2394 1568 2091 1557 2088 1557 2085 1557 2082 1557 2057 1577 1914 1577 1874 1563 1872 1563 1869 1563 1866 1563 1816 1582 1745 1566 1743 1566 1740 1566 1510 1591 1498 1591 1490 1591 1274 1577 1271 1577 1024 1602 968 1585 965 1585 962 1585 959 1585 915 1605 915 1608 900 1608 721 1608 682 1594 679 1594 676 1594 572 1613 575 1653"/></Shape>
	    <String CONTENT=""
                    HPOS="572"
                    VPOS="1549"
                    WIDTH="2114"
                    HEIGHT="140"></String>
          </TextLine>
          <TextLine ID="eSc_line_67036a50"
                    TAGREFS="LT31"
                    BASELINE="572 1714 2161 1689 2161 1689 2674 1668" 
                    HPOS="569"
                    VPOS="1619"
                    WIDTH="2105"
                    HEIGHT="129">
            <Shape><Polygon POINTS="572 1748 2674 1689 2674 1667 2666 1619 569 1672 572 1714"/></Shape>
	    <String CONTENT=""
                    HPOS="569"
                    VPOS="1619"
                    WIDTH="2105"
                    HEIGHT="129"></String>
          </TextLine>
          <TextLine ID="eSc_line_05d9dfb6"
                    TAGREFS="LT31"
                    BASELINE="575 1790 2688 1728" 
                    HPOS="572"
                    VPOS="1695"
                    WIDTH="2116"
                    HEIGHT="126">
            <Shape><Polygon POINTS="575 1790 575 1821 2688 1759 2688 1728 2683 1695 2113 1695 2110 1695 2107 1695 2105 1695 2082 1709 1945 1700 1942 1700 1939 1700 1936 1700 1914 1714 1869 1703 1866 1703 1863 1703 572 1751 575 1790"/></Shape>
	    <String CONTENT=""
                    HPOS="572"
                    VPOS="1695"
                    WIDTH="2116"
                    HEIGHT="126"></String>
          </TextLine>
          <TextLine ID="eSc_line_e7c9f0d3"
                    TAGREFS="LT31"
                    BASELINE="564 1855 2663 1793" 
                    HPOS="561"
                    VPOS="1756"
                    WIDTH="2102"
                    HEIGHT="135">
            <Shape><Polygon POINTS="564 1855 564 1880 749 1891 752 1891 858 1874 985 1883 988 1883 1445 1858 1451 1858 1515 1869 1518 1869 1521 1869 1554 1855 1608 1866 1611 1866 2660 1821 2663 1793 2655 1756 561 1810 564 1855"/></Shape>
	    <String CONTENT=""
                    HPOS="561"
                    VPOS="1756"
                    WIDTH="2102"
                    HEIGHT="135"></String>
          </TextLine>
          <TextLine ID="eSc_line_ff6a5513"
                    TAGREFS="LT31"
                    BASELINE="566 1928 2613 1874" 
                    HPOS="564"
                    VPOS="1827"
                    WIDTH="2049"
                    HEIGHT="137">
            <Shape><Polygon POINTS="566 1928 566 1964 842 1964 842 1961 844 1961 867 1953 895 1942 943 1950 990 1959 993 1959 996 1959 1038 1947 1069 1939 1083 1945 1097 1953 1100 1953 1103 1953 1313 1950 1470 1933 1501 1930 1504 1930 1524 1945 1526 1945 1529 1945 1532 1945 1779 1922 1860 1916 1883 1919 1956 1933 1959 1933 1961 1933 2009 1916 2015 1914 2048 1914 2248 1922 2251 1922 2613 1894 2613 1874 2607 1838 2290 1827 2287 1827 2284 1827 2281 1827 2281 1829 2265 1843 2253 1843 2071 1832 2068 1832 2065 1832 2063 1832 2046 1849 2040 1849 2004 1838 2001 1838 1998 1838 1869 1852 1832 1855 1818 1852 1765 1841 1762 1841 1759 1841 1757 1841 1757 1843 1745 1855 1740 1858 1726 1855 1672 1843 1670 1843 1667 1843 1664 1843 1644 1858 1636 1860 1566 1858 1428 1852 1425 1852 1423 1852 1392 1860 1375 1866 1361 1863 1322 1852 1319 1852 1316 1852 1237 1866 1192 1872 1145 1866 1086 1860 1083 1860 1030 1869 976 1880 564 1880 566 1928"/></Shape>
	    <String CONTENT=""
                    HPOS="564"
                    VPOS="1827"
                    WIDTH="2049"
                    HEIGHT="137"></String>
          </TextLine>
          <TextLine ID="eSc_line_ab032ada"
                    TAGREFS="LT31"
                    BASELINE="558 2003 2310 1950 2694 1953" 
                    HPOS="555"
                    VPOS="1894"
                    WIDTH="2139"
                    HEIGHT="140">
            <Shape><Polygon POINTS="558 2003 558 2023 830 2034 833 2034 993 2017 1518 2017 1518 2015 1627 2003 1734 1992 1908 1998 2020 2001 2023 2001 2026 2001 2037 1995 2063 1984 2281 1989 2293 1989 2295 1989 2298 1989 2338 1975 2399 1987 2413 1989 2416 1989 2419 1989 2422 1989 2422 1987 2444 1973 2500 1987 2509 1987 2512 1987 2526 1987 2615 1970 2691 1981 2694 1953 2691 1908 2399 1894 2397 1894 2242 1900 2239 1900 2200 1919 2197 1919 2107 1902 2105 1902 1981 1925 1976 1925 1970 1925 1816 1911 1813 1911 1810 1911 1807 1911 1779 1930 1776 1930 1765 1930 1571 1919 1569 1919 1566 1919 1501 1939 1493 1939 1487 1939 1425 1922 1423 1922 1420 1922 1417 1922 1383 1942 1380 1942 1372 1942 1305 1930 1302 1930 1122 1947 1089 1950 1083 1950 1044 1933 1041 1933 1038 1933 1035 1933 988 1950 982 1953 945 1953 757 1945 755 1945 752 1945 721 1959 712 1964 555 1964 558 2003"/></Shape>
	    <String CONTENT=""
                    HPOS="555"
                    VPOS="1894"
                    WIDTH="2139"
                    HEIGHT="140"></String>
          </TextLine>
          <TextLine ID="eSc_line_cdb5e1a1"
                    TAGREFS="LT31"
                    BASELINE="561 2071 2674 2023" 
                    HPOS="558"
                    VPOS="1973"
                    WIDTH="2116"
                    HEIGHT="123">
            <Shape><Polygon POINTS="561 2071 561 2096 1181 2096 1181 2093 1397 2082 1588 2071 1639 2076 1675 2082 1678 2082 1726 2076 1807 2065 1889 2074 1925 2076 1928 2076 2077 2071 2548 2048 2672 2060 2674 2023 2669 1987 2526 1973 2523 1973 2520 1973 2464 1987 2430 1973 2427 1973 2425 1973 2422 1973 2419 1973 2394 1989 1689 1989 1686 1989 1684 1989 1650 2003 1608 1992 1605 1992 1602 1992 1176 2017 1055 2003 1052 2003 1049 2003 993 2020 839 2009 836 2009 833 2009 799 2026 611 2015 609 2015 606 2015 558 2032 561 2071"/></Shape>
	    <String CONTENT=""
                    HPOS="558"
                    VPOS="1973"
                    WIDTH="2116"
                    HEIGHT="123"></String>
          </TextLine>
          <TextLine ID="eSc_line_dbaefd73"
                    TAGREFS="LT31"
                    BASELINE="569 2147 1717 2129 1717 2129 2096 2102 2683 2096" 
                    HPOS="566"
                    VPOS="2040"
                    WIDTH="2117"
                    HEIGHT="146">
            <Shape><Polygon POINTS="569 2186 676 2169 771 2180 774 2180 892 2161 2683 2127 2683 2096 2674 2040 2444 2060 2338 2051 2276 2046 2273 2046 2270 2046 2256 2054 2234 2065 2124 2057 2032 2051 2029 2051 1891 2065 1787 2076 1743 2071 1684 2062 1681 2062 1678 2062 1636 2074 1605 2082 1577 2076 1529 2068 1526 2068 1524 2068 1521 2068 1507 2079 1496 2085 1431 2082 1338 2076 1336 2076 1333 2076 1307 2085 1293 2090 1271 2088 1195 2074 1192 2074 1190 2074 1187 2074 1167 2090 1162 2093 1145 2090 1058 2079 1055 2079 1052 2079 993 2096 982 2102 566 2110 569 2147"/></Shape>
	    <String CONTENT=""
                    HPOS="566"
                    VPOS="2040"
                    WIDTH="2117"
                    HEIGHT="146"></String>
          </TextLine>
          <TextLine ID="eSc_line_ef0a197d"
                    TAGREFS="LT34"
                    BASELINE="2331 2144 2578 2138" 
                    HPOS="2331"
                    VPOS="2138"
                    WIDTH="247"
                    HEIGHT="6">
	    <String CONTENT=""
                    HPOS="2331"
                    VPOS="2138"
                    WIDTH="247"
                    HEIGHT="6"></String>
          </TextLine>
          <TextLine ID="eSc_line_bb80248e"
                    TAGREFS="LT31"
                    BASELINE="547 2220 1291 2211 2644 2166" 
                    HPOS="544"
                    VPOS="2124"
                    WIDTH="2100"
                    HEIGHT="135">
            <Shape><Polygon POINTS="547 2220 547 2259 847 2242 884 2248 940 2259 943 2259 1032 2245 1077 2236 1122 2239 1223 2250 1226 2250 1403 2231 1459 2225 1473 2228 1521 2242 1524 2242 1526 2242 1529 2242 1560 2225 1563 2225 1599 2239 1602 2239 1605 2239 1821 2222 1939 2231 1942 2231 2110 2208 2208 2222 2211 2222 2214 2222 2217 2222 2248 2203 2461 2197 2610 2211 2613 2211 2615 2211 2618 2211 2644 2192 2644 2166 2635 2124 544 2177 547 2220"/></Shape>
	    <String CONTENT=""
                    HPOS="544"
                    VPOS="2124"
                    WIDTH="2100"
                    HEIGHT="135"></String>
          </TextLine>
          <TextLine ID="eSc_line_dcde8750"
                    TAGREFS="LT31"
                    BASELINE="550 2295 1706 2275 1706 2275 2683 2242" 
                    HPOS="547"
                    VPOS="2192"
                    WIDTH="2136"
                    HEIGHT="134">
            <Shape><Polygon POINTS="550 2326 2680 2273 2683 2242 2677 2208 2599 2192 2596 2192 2444 2211 2441 2211 2237 2200 2234 2200 2121 2220 2116 2220 2110 2220 2034 2206 2032 2206 2029 2206 2026 2206 2004 2222 2001 2222 1987 2222 1804 2211 1801 2211 1799 2211 1745 2228 1743 2228 1734 2228 1636 2217 1633 2217 1630 2217 1602 2231 1588 2231 1397 2222 1395 2222 1392 2222 1389 2222 1375 2236 1372 2239 1156 2242 1150 2242 1114 2228 1111 2228 1108 2228 1016 2245 990 2248 971 2245 892 2234 889 2234 886 2234 858 2248 850 2253 547 2253 550 2295"/></Shape>
	    <String CONTENT=""
                    HPOS="547"
                    VPOS="2192"
                    WIDTH="2136"
                    HEIGHT="134"></String>
          </TextLine>
          <TextLine ID="eSc_line_56310ebf"
                    TAGREFS="LT31"
                    BASELINE="550 2366 2060 2340" 
                    HPOS="547"
                    VPOS="2284"
                    WIDTH="1513"
                    HEIGHT="115">
            <Shape><Polygon POINTS="550 2366 550 2382 828 2399 830 2399 833 2399 884 2380 886 2380 889 2380 996 2396 999 2396 1128 2377 1133 2377 1139 2377 1341 2388 1344 2388 1411 2371 1420 2371 1425 2371 1470 2388 1473 2388 1476 2388 1479 2388 1482 2388 1507 2371 1510 2368 1622 2368 1633 2368 1720 2385 1723 2385 1726 2385 1754 2371 1995 2380 1998 2380 2001 2380 2060 2363 2060 2340 2048 2284 2004 2304 1950 2287 1942 2284 1939 2284 1936 2284 1933 2284 1928 2287 1886 2307 1863 2287 1860 2287 1858 2287 1801 2287 1799 2287 1796 2287 1793 2287 1793 2290 1790 2290 1773 2309 1714 2309 1599 2295 1557 2290 1554 2290 1552 2290 1549 2290 1549 2293 1543 2295 1524 2315 1369 2315 1352 2301 1347 2295 1344 2295 1341 2295 1338 2295 1336 2295 1333 2295 1327 2301 1307 2315 1254 2304 1229 2298 1226 2298 1223 2298 1212 2304 1181 2318 1147 2304 1128 2298 1125 2298 1122 2298 1119 2298 1086 2307 1032 2321 1013 2309 1013 2307 1010 2307 1007 2307 1004 2307 1002 2307 996 2309 971 2321 959 2309 951 2304 951 2301 948 2301 945 2301 943 2301 940 2301 915 2309 903 2315 898 2312 886 2301 884 2301 881 2301 878 2301 875 2301 872 2301 861 2312 844 2326 783 2326 771 2315 763 2307 763 2304 760 2304 757 2304 755 2304 752 2304 715 2315 682 2326 651 2318 617 2307 614 2307 611 2307 547 2318 550 2366"/></Shape>
	    <String CONTENT=""
                    HPOS="547"
                    VPOS="2284"
                    WIDTH="1513"
                    HEIGHT="115"></String>
          </TextLine>
          <TextLine ID="eSc_line_8120e6bd"
                    TAGREFS="LT31"
                    BASELINE="569 2447 2677 2405" 
                    HPOS="566"
                    VPOS="2346"
                    WIDTH="2111"
                    HEIGHT="135">
            <Shape><Polygon POINTS="569 2447 569 2467 704 2481 707 2481 856 2464 861 2464 872 2464 1265 2469 1268 2469 1420 2453 1439 2453 1465 2453 1686 2461 1689 2461 2677 2430 2677 2405 2672 2360 2559 2346 2557 2346 2554 2346 2551 2346 2534 2360 2526 2368 2475 2368 2458 2363 2408 2349 2405 2349 2402 2349 2399 2349 2346 2366 2329 2368 2295 2366 2183 2354 2180 2354 2060 2371 2023 2374 2018 2371 1995 2357 1992 2357 1990 2357 1987 2357 1984 2357 1956 2371 1945 2377 1737 2377 1400 2374 1397 2374 1350 2382 1322 2388 1271 2385 1131 2374 1128 2374 1125 2374 1077 2388 1058 2396 777 2399 755 2394 712 2382 710 2382 707 2382 566 2396 569 2447"/></Shape>
	    <String CONTENT=""
                    HPOS="566"
                    VPOS="2346"
                    WIDTH="2111"
                    HEIGHT="135"></String>
          </TextLine>
          <TextLine ID="eSc_line_3201907f"
                    TAGREFS="LT34"
                    BASELINE="1105 2404 1207 2398" 
                    HPOS="1105"
                    VPOS="2398"
                    WIDTH="102"
                    HEIGHT="6">
	    <String CONTENT=""
                    HPOS="1105"
                    VPOS="2398"
                    WIDTH="102"
                    HEIGHT="6"></String>
          </TextLine>
          <TextLine ID="eSc_line_bc044dab"
                    TAGREFS="LT31"
                    BASELINE="550 2514 1936 2497 2658 2464" 
                    HPOS="547"
                    VPOS="2422"
                    WIDTH="2111"
                    HEIGHT="129">
            <Shape><Polygon POINTS="550 2514 550 2540 878 2537 948 2551 951 2551 954 2551 957 2551 982 2534 1122 2548 1125 2548 1128 2548 1178 2531 1232 2545 1235 2545 1237 2545 1526 2528 1827 2534 1830 2534 1832 2534 1874 2520 2270 2526 2273 2526 2380 2503 2658 2497 2658 2464 2649 2422 2119 2450 2046 2438 2018 2433 2015 2433 2012 2433 1998 2438 1967 2455 1748 2455 1729 2447 1717 2438 1714 2438 1712 2438 1709 2438 1706 2438 1703 2438 1695 2447 1681 2458 1577 2458 1526 2453 1467 2444 1465 2444 1462 2444 1428 2455 1397 2467 1296 2467 1282 2458 1260 2447 1257 2447 1254 2447 1251 2447 1249 2447 1232 2461 1218 2469 1114 2469 1072 2464 985 2453 982 2453 979 2453 976 2453 954 2467 948 2472 934 2469 892 2455 889 2455 886 2455 884 2455 836 2472 830 2472 819 2472 712 2458 710 2458 707 2458 704 2458 682 2475 676 2481 547 2481 550 2514"/></Shape>
	    <String CONTENT=""
                    HPOS="547"
                    VPOS="2422"
                    WIDTH="2111"
                    HEIGHT="129"></String>
          </TextLine>
          <TextLine ID="eSc_line_3c8623ab"
                    TAGREFS="LT31"
                    BASELINE="538 2584 2691 2554" 
                    HPOS="536"
                    VPOS="2514"
                    WIDTH="2155"
                    HEIGHT="107">
            <Shape><Polygon POINTS="538 2584 538 2607 712 2621 715 2621 718 2621 774 2607 881 2618 884 2618 1100 2601 1133 2601 1156 2601 1316 2613 1319 2613 1322 2613 1324 2613 1338 2601 1341 2598 1358 2598 1456 2610 1459 2610 1462 2610 1504 2598 1518 2596 1552 2598 1667 2607 1670 2607 1835 2596 1908 2590 1961 2593 2060 2601 2063 2601 2124 2593 2158 2587 2691 2587 2691 2554 2683 2514 536 2537 538 2584"/></Shape>
	    <String CONTENT=""
                    HPOS="536"
                    VPOS="2514"
                    WIDTH="2155"
                    HEIGHT="107"></String>
          </TextLine>
          <TextLine ID="eSc_line_a521d36c"
                    TAGREFS="LT31"
                    BASELINE="533 2657 2680 2632" 
                    HPOS="530"
                    VPOS="2582"
                    WIDTH="2150"
                    HEIGHT="112">
            <Shape><Polygon POINTS="533 2657 533 2677 668 2694 670 2694 797 2674 816 2671 1083 2671 1086 2671 1103 2685 1105 2685 1108 2685 1111 2685 1226 2671 1251 2669 1260 2671 1305 2685 1307 2685 1310 2685 1602 2669 1720 2683 1723 2683 2677 2655 2680 2632 2674 2596 2596 2582 2593 2582 2332 2598 2290 2598 2276 2598 2197 2584 2194 2584 1981 2598 1908 2607 1633 2607 1619 2601 1594 2593 1591 2593 1588 2593 1585 2593 1583 2593 1569 2604 1560 2607 1465 2604 1249 2596 1246 2596 1190 2607 1150 2613 530 2613 533 2657"/></Shape>
	    <String CONTENT=""
                    HPOS="530"
                    VPOS="2582"
                    WIDTH="2150"
                    HEIGHT="112"></String>
          </TextLine>
          <TextLine ID="eSc_line_69bcca03"
                    TAGREFS="LT31"
                    BASELINE="530 2722 2370 2712 2370 2712 2663 2700" 
                    HPOS="527"
                    VPOS="2649"
                    WIDTH="2136"
                    HEIGHT="101">
            <Shape><Polygon POINTS="530 2750 2127 2750 2127 2747 2130 2747 2175 2733 2332 2744 2335 2744 2660 2725 2663 2700 2655 2649 2262 2666 2245 2655 2239 2649 2237 2649 2234 2649 2124 2649 2121 2649 2119 2649 2093 2657 2057 2671 1849 2674 1681 2674 1658 2666 1630 2655 1627 2655 1625 2655 1622 2655 1602 2666 1585 2674 1549 2666 1515 2660 1512 2660 1510 2660 1507 2660 1498 2669 1490 2674 1456 2669 1400 2657 1397 2657 1319 2671 1293 2674 1288 2671 1274 2660 1271 2660 1268 2660 1136 2660 1133 2660 1131 2660 1075 2674 1052 2680 985 2677 791 2663 788 2663 527 2683 530 2722"/></Shape>
	    <String CONTENT=""
                    HPOS="527"
                    VPOS="2649"
                    WIDTH="2136"
                    HEIGHT="101"></String>
          </TextLine>
          <TextLine ID="eSc_line_dac36000"
                    TAGREFS="LT34"
                    BASELINE="896 2684 1234 2681" 
                    HPOS="896"
                    VPOS="2681"
                    WIDTH="338"
                    HEIGHT="3">
	    <String CONTENT=""
                    HPOS="896"
                    VPOS="2681"
                    WIDTH="338"
                    HEIGHT="3"></String>
          </TextLine>
          <TextLine ID="eSc_line_af60fcfe"
                    TAGREFS="LT31"
                    BASELINE="533 2789 2694 2778" 
                    HPOS="530"
                    VPOS="2733"
                    WIDTH="2164"
                    HEIGHT="79">
            <Shape><Polygon POINTS="533 2789 533 2812 2694 2812 2694 2778 2688 2736 1498 2733 1496 2733 1431 2747 1420 2747 1409 2747 1313 2733 1310 2733 1119 2747 1086 2733 1083 2733 1080 2733 1077 2733 1075 2733 1055 2750 1052 2750 1041 2750 867 2736 864 2736 861 2736 858 2736 839 2753 698 2753 586 2736 583 2736 581 2736 530 2753 533 2789"/></Shape>
	    <String CONTENT=""
                    HPOS="530"
                    VPOS="2733"
                    WIDTH="2164"
                    HEIGHT="79"></String>
          </TextLine>
          <TextLine ID="eSc_line_5ca193dd"
                    TAGREFS="LT31"
                    BASELINE="530 2862 1812 2866 1812 2866 2646 2845" 
                    HPOS="527"
                    VPOS="2795"
                    WIDTH="2119"
                    HEIGHT="101">
            <Shape><Polygon POINTS="530 2882 1181 2896 1184 2896 1187 2896 1229 2882 1235 2879 1251 2879 1350 2893 1352 2893 1355 2893 1358 2893 1372 2879 1375 2879 1448 2879 1928 2890 1931 2890 2646 2874 2646 2845 2644 2812 2601 2795 2599 2795 2596 2795 2484 2809 2436 2795 2433 2795 2430 2795 2427 2795 2425 2795 2402 2809 2338 2795 2335 2795 2332 2795 2270 2812 2262 2812 527 2812 530 2862"/></Shape>
	    <String CONTENT=""
                    HPOS="527"
                    VPOS="2795"
                    WIDTH="2119"
                    HEIGHT="101"></String>
          </TextLine>
          <TextLine ID="eSc_line_05e47215"
                    TAGREFS="LT31"
                    BASELINE="530 2935 2635 2921" 
                    HPOS="527"
                    VPOS="2871"
                    WIDTH="2108"
                    HEIGHT="87">
            <Shape><Polygon POINTS="530 2935 530 2958 2632 2949 2635 2921 2627 2871 2004 2885 1964 2876 1928 2871 1925 2871 1886 2879 1855 2885 1830 2879 1796 2871 1793 2871 1790 2871 1787 2871 1765 2879 1743 2888 1627 2882 1487 2874 1484 2874 1411 2885 1364 2890 1246 2885 1021 2876 1018 2876 1016 2876 962 2890 943 2893 881 2890 698 2879 696 2879 527 2893 530 2935"/></Shape>
	    <String CONTENT=""
                    HPOS="527"
                    VPOS="2871"
                    WIDTH="2108"
                    HEIGHT="87"></String>
          </TextLine>
          <TextLine ID="eSc_line_3aeb6b3b"
                    TAGREFS="LT31"
                    BASELINE="535 3010 2629 2987" 
                    HPOS="566"
                    VPOS="2952"
                    WIDTH="1398"
                    HEIGHT="93">
            <Shape><Polygon POINTS="569 3028 620 3031 625 3031 653 3025 668 3034 842 3045 844 3045 847 3045 892 3028 1030 3042 1032 3042 1122 3025 1125 3025 1128 3025 1184 3039 1187 3039 1190 3039 1338 3025 1375 3039 1378 3039 1380 3039 1459 3022 1465 3022 1473 3022 1619 3036 1622 3036 1625 3036 1681 3019 1686 3019 1706 3019 1860 3034 1863 3034 1964 3017 1964 2997 1959 2955 940 2952 937 2952 934 2952 903 2966 884 2952 881 2952 878 2952 875 2952 808 2966 797 2969 780 2969 673 2955 670 2955 566 2969 569 3011"/></Shape>
	    <String CONTENT=""
                    HPOS="566"
                    VPOS="2952"
                    WIDTH="1398"
                    HEIGHT="93"></String>
          </TextLine>
          <TextLine ID="eSc_line_d73d01ef"
                    TAGREFS="LT34"
                    BASELINE="499 3053 855 3041" 
                    HPOS="494"
                    VPOS="3008"
                    WIDTH="176"
                    HEIGHT="82">
            <Shape><Polygon POINTS="606 3011 578 3011 575 3008 494 3017 499 3053 502 3090 670 3064 668 3028 665 3025 634 3011"/></Shape>
	    <String CONTENT=""
                    HPOS="494"
                    VPOS="3008"
                    WIDTH="176"
                    HEIGHT="82"></String>
          </TextLine>
          <TextLine ID="eSc_line_77431f28"
                    TAGREFS="LT34"
                    BASELINE="1957 3027 2639 3023" 
                    HPOS="2368"
                    VPOS="2941"
                    WIDTH="270"
                    HEIGHT="101">
            <Shape><Polygon POINTS="2368 3042 2638 3039 2638 3011 2635 2941 2368 2955 2368 3011"/></Shape>
	    <String CONTENT=""
                    HPOS="2368"
                    VPOS="2941"
                    WIDTH="270"
                    HEIGHT="101"></String>
          </TextLine>
          <TextLine ID="eSc_line_8ad4fab1"
                    TAGREFS="LT31"
                    BASELINE="543 3091 2587 3062" 
                    HPOS="749"
                    VPOS="3011"
                    WIDTH="1838"
                    HEIGHT="107">
            <Shape><Polygon POINTS="752 3109 968 3118 971 3118 973 3118 993 3106 1016 3095 1150 3106 1218 3109 1220 3109 1223 3109 1226 3109 1235 3104 1254 3092 1316 3104 1344 3106 1347 3106 1386 3101 1462 3092 1540 3101 1664 3112 1667 3112 1670 3112 1729 3098 1773 3087 1818 3095 1835 3098 1838 3098 1872 3095 1973 3084 2009 3092 2054 3106 2057 3106 2060 3109 2144 3109 2144 3106 2147 3106 2189 3090 2208 3084 2287 3090 2470 3104 2472 3104 2475 3104 2478 3104 2500 3087 2509 3081 2582 3084 2587 3062 2582 3025 2312 3011 2310 3011 2307 3011 2281 3025 2270 3031 749 3031 752 3078"/></Shape>
	    <String CONTENT=""
                    HPOS="749"
                    VPOS="3011"
                    WIDTH="1838"
                    HEIGHT="107"></String>
          </TextLine>
          <TextLine ID="eSc_line_e6f105ec"
                    TAGREFS="LT34"
                    BASELINE="580 3128 962 3118" 
                    HPOS="580"
                    VPOS="3118"
                    WIDTH="382"
                    HEIGHT="10">
	    <String CONTENT=""
                    HPOS="580"
                    VPOS="3118"
                    WIDTH="382"
                    HEIGHT="10"></String>
          </TextLine>
          <TextLine ID="eSc_line_7163a395"
                    TAGREFS="LT34"
                    BASELINE="2505 3098 2635 3095" 
                    HPOS="2505"
                    VPOS="3095"
                    WIDTH="130"
                    HEIGHT="3">
	    <String CONTENT=""
                    HPOS="2505"
                    VPOS="3095"
                    WIDTH="130"
                    HEIGHT="3"></String>
          </TextLine>
          <TextLine ID="eSc_line_68d45e7e"
                    TAGREFS="LT31"
                    BASELINE="527 3163 1656 3135 2425 3142 2425 3142 2487 3133 2678 3149" 
                    HPOS="524"
                    VPOS="3078"
                    WIDTH="2153"
                    HEIGHT="110">
            <Shape><Polygon POINTS="527 3182 968 3188 971 3188 1260 3177 1689 3163 2144 3171 2208 3171 2211 3171 2214 3171 2217 3171 2251 3157 2290 3171 2295 3171 2298 3171 2301 3171 2677 3165 2677 3137 2672 3095 2279 3098 2206 3078 2203 3078 2200 3078 2102 3101 2099 3104 1886 3104 1844 3104 1821 3087 1818 3087 1816 3087 1681 3084 1678 3084 1675 3084 1672 3084 1650 3098 1535 3087 1532 3087 1453 3106 1237 3106 1206 3090 1204 3090 1201 3090 1198 3090 1147 3112 1021 3092 1018 3092 1016 3092 971 3118 881 3118 856 3095 853 3095 850 3095 752 3095 749 3095 569 3098 566 3098 524 3118 527 3163"/></Shape>
	    <String CONTENT=""
                    HPOS="524"
                    VPOS="3078"
                    WIDTH="2153"
                    HEIGHT="110"></String>
          </TextLine>
          <TextLine ID="eSc_line_109c30ca"
                    TAGREFS="LT31"
                    BASELINE="527 3224 2204 3206 2253 3179 2253 3182 2250 3206 2644 3202" 
                    HPOS="524"
                    VPOS="3149"
                    WIDTH="2120"
                    HEIGHT="106">
            <Shape><Polygon POINTS="527 3255 2641 3236 2644 3202 2638 3163 2526 3149 2523 3149 2520 3149 2517 3149 2498 3163 2489 3168 2346 3168 2335 3165 2304 3151 2301 3151 2150 3151 2147 3151 2077 3165 2051 3171 2001 3168 1849 3154 1846 3154 1771 3168 1745 3174 1703 3171 1585 3157 1583 3157 1580 3157 1532 3171 1512 3177 1383 3174 1080 3163 1077 3163 1075 3163 1072 3163 1055 3177 1046 3182 1010 3177 943 3165 940 3165 937 3165 909 3177 898 3182 886 3177 858 3165 856 3165 853 3165 850 3165 847 3165 830 3179 825 3182 816 3179 794 3168 791 3168 788 3168 785 3168 766 3179 749 3188 628 3188 617 3179 589 3168 586 3168 583 3168 524 3179 527 3224"/></Shape>
	    <String CONTENT=""
                    HPOS="524"
                    VPOS="3149"
                    WIDTH="2120"
                    HEIGHT="106"></String>
          </TextLine>
          <TextLine ID="eSc_line_5221f5ce"
                    TAGREFS="LT31"
                    BASELINE="522 3292 1263 3280 2427 3289" 
                    HPOS="522"
                    VPOS="3247"
                    WIDTH="1905"
                    HEIGHT="73">
            <Shape><Polygon POINTS="522 3292 522 3320 2425 3314 2427 3289 2425 3247 522 3247 522 3292"/></Shape>
	    <String CONTENT=""
                    HPOS="522"
                    VPOS="3247"
                    WIDTH="1905"
                    HEIGHT="73"></String>
          </TextLine>
        </TextBlock>
        <TextBlock HPOS="0"
                   VPOS="2728"
                   WIDTH="490"
                   HEIGHT="313"
                   ID="e73597d5-92e9-48a6-8eed-af50291d40df"
                   TAGREFS="BT43">
          <Shape><Polygon POINTS="490 2728 490 3030 0 3041 15 2731"/></Shape>
          <TextLine ID="eSc_line_275196e5"
                    TAGREFS="LT31"
                    BASELINE="42 2840 322 2831" 
                    HPOS="39"
                    VPOS="2781"
                    WIDTH="283"
                    HEIGHT="78">
            <Shape><Polygon POINTS="179 2795 151 2829 123 2834 95 2826 67 2826 64 2792 39 2789 42 2840 42 2859 322 2859 322 2831 314 2781 188 2792 179 2795"/></Shape>
	    <String CONTENT=""
                    HPOS="39"
                    VPOS="2781"
                    WIDTH="283"
                    HEIGHT="78"></String>
          </TextLine>
          <TextLine ID="eSc_line_f49541cf"
                    TAGREFS="LT31"
                    BASELINE="61 2913 440 2918" 
                    HPOS="58"
                    VPOS="2848"
                    WIDTH="382"
                    HEIGHT="107">
            <Shape><Polygon POINTS="230 2910 202 2907 174 2913 145 2904 120 2868 95 2859 89 2859 81 2854 64 2848 61 2913 58 2941 342 2941 435 2955 440 2918 437 2868 381 2876 364 2862 353 2854 353 2851 350 2851 348 2851 294 2851 291 2851 289 2851 286 2851 277 2859 247 2876 241 2876 230 2910"/></Shape>
	    <String CONTENT=""
                    HPOS="58"
                    VPOS="2848"
                    WIDTH="382"
                    HEIGHT="107"></String>
          </TextLine>
        </TextBlock>
        <TextBlock HPOS="198"
                   VPOS="33"
                   WIDTH="276"
                   HEIGHT="200"
                   ID="eSc_textblock_aa94958a"
                   TAGREFS="BT44">
          <Shape><Polygon POINTS="198 33 198 233 474 233 474 33"/></Shape>
        </TextBlock>
        <TextBlock ID="eSc_dummyblock_">
          <TextLine ID="eSc_line_c4c14a62"
                    TAGREFS="LT31"
                    BASELINE="228 113 472 146" 
                    HPOS="252"
                    VPOS="67"
                    WIDTH="140"
                    HEIGHT="132">
            <Shape><Polygon POINTS="319 67 308 67 280 67 252 81 255 131 258 199 392 165 392 126 390 123 367 78"/></Shape>
	    <String CONTENT=""
                    HPOS="252"
                    VPOS="67"
                    WIDTH="140"
                    HEIGHT="132"></String>
          </TextLine>
          <TextLine ID="eSc_line_768a8462"
                    TAGREFS="LT31"
                    BASELINE="265 1076 1011 1070" 
                    HPOS="283"
                    VPOS="1004"
                    WIDTH="328"
                    HEIGHT="101">
            <Shape><Polygon POINTS="479 1030 451 1021 440 1016 353 1021 339 1027 311 1035 283 1041 286 1077 286 1105 611 1105 611 1066 603 1004 505 1010 508 1052"/></Shape>
	    <String CONTENT=""
                    HPOS="283"
                    VPOS="1004"
                    WIDTH="328"
                    HEIGHT="101"></String>
          </TextLine>
        </TextBlock>
      </PrintSpace>
    </Page>
  </Layout>
</alto>
