<?xml version="1.0" encoding="UTF-8"?>
<alto xmlns:xsi="http://www.w3.org/2001/XMLSchema-instance"
      xmlns="http://www.loc.gov/standards/alto/ns-v4#"
      xsi:schemaLocation="http://www.loc.gov/standards/alto/ns-v4# http://www.loc.gov/standards/alto/v4/alto-4-2.xsd">
  <Description>
    <MeasurementUnit>pixel</MeasurementUnit>
    <sourceImageInformation>
      <fileName>ARCH-DIV-000496_0096.png</fileName>
    </sourceImageInformation>
  </Description>
  <Tags>
    <OtherTag ID="BT42" LABEL="MainZone" DESCRIPTION="block type MainZone"/><OtherTag ID="BT43" LABEL="MarginTextZone" DESCRIPTION="block type MarginTextZone"/><OtherTag ID="BT44" LABEL="NumberingZone" DESCRIPTION="block type NumberingZone"/><OtherTag ID="BT45" LABEL="TitlePageZone" DESCRIPTION="block type TitlePageZone"/><OtherTag ID="BT46" LABEL="CustomZone:Numbering" DESCRIPTION="block type CustomZone:Numbering"/><OtherTag ID="BT49" LABEL="MarginTextZone:lower" DESCRIPTION="block type MarginTextZone:lower"/>
    <OtherTag ID="LT25" LABEL="default" DESCRIPTION="line type default"/><OtherTag ID="LT31" LABEL="DefaultLine" DESCRIPTION="line type DefaultLine"/><OtherTag ID="LT32" LABEL="HeadingLine" DESCRIPTION="line type HeadingLine"/><OtherTag ID="LT33" LABEL="InterlinearLine:addition" DESCRIPTION="line type InterlinearLine:addition"/><OtherTag ID="LT34" LABEL="InterlinearLine:correction" DESCRIPTION="line type InterlinearLine:correction"/>
  </Tags>
  <Layout>
    <Page WIDTH="2790"
          HEIGHT="3330"
          PHYSICAL_IMG_NR="95"
          ID="eSc_dummypage_">
      <PrintSpace HPOS="0"
                  VPOS="0"
                  WIDTH="2790"
                  HEIGHT="3330">
        <TextBlock HPOS="467"
                   VPOS="5"
                   WIDTH="2224"
                   HEIGHT="3323"
                   ID="02c6ce67-e1c4-49a6-af4e-05d1068e136e"
                   TAGREFS="BT42">
          <Shape><Polygon POINTS="2691 5 2691 3328 467 3328 467 5"/></Shape>
          <TextLine ID="eSc_line_971df92f"
                    TAGREFS="LT31"
                    BASELINE="538 97 2026 86 2645 99" 
                    HPOS="535"
                    VPOS="36"
                    WIDTH="2110"
                    HEIGHT="99">
            <Shape><Polygon POINTS="2617 52 2590 52 2562 52 2534 52 2506 52 2479 52 2451 52 2423 52 2395 49 2368 49 2354 49 2348 52 1915 52 1907 47 1901 44 1896 44 1868 44 1840 44 1812 44 1785 44 1757 44 1729 44 1701 44 1674 41 1646 41 1618 41 1590 41 1568 41 1537 49 1532 49 1526 49 1504 41 1479 41 1460 41 1446 49 1438 52 1393 49 1282 38 1257 38 1229 38 1213 38 1052 49 1002 52 988 49 924 36 921 36 821 49 807 52 802 49 785 36 782 36 780 36 674 36 646 38 619 41 591 44 563 49 535 52 538 97 538 116 630 133 632 135 719 135 719 133 721 133 749 119 763 113 1246 113 1290 122 1351 133 1354 133 1357 133 1401 122 1446 111 1479 122 1501 130 1504 130 1507 130 1510 130 1512 130 1521 122 1537 111 1793 111 1826 124 1835 127 1837 127 1840 127 1843 127 1846 127 1848 124 1871 111 2026 124 2057 127 2059 130 2642 130 2645 99 2640 52 2617 52"/></Shape>
	    <String CONTENT="de Sylvain van de Weyer qui depuis la conférence de Londres girait le le"
                    HPOS="535"
                    VPOS="36"
                    WIDTH="2110"
                    HEIGHT="99"
                    WC="0.9838527590036392"></String>
          </TextLine>
          <TextLine ID="eSc_line_926ca3b5"
                    TAGREFS="LT31"
                    BASELINE="546 172 974 152 2623 160" 
                    HPOS="546"
                    VPOS="99"
                    WIDTH="2077"
                    HEIGHT="98">
            <Shape><Polygon POINTS="546 172 546 194 1029 194 1029 191 1032 191 1035 191 1057 174 1232 174 1268 191 1274 194 1277 194 1279 194 1293 191 1388 177 1479 191 1496 194 1499 197 1499 194 1515 191 1610 177 2617 191 2623 160 2617 111 2021 119 2009 111 2004 105 2001 105 1998 105 1732 102 1729 102 1726 102 1723 102 1710 113 1701 116 1662 113 1574 105 1571 105 1526 113 1496 119 1465 113 1399 102 1396 102 1313 113 1279 119 1254 113 1196 102 1193 102 1190 102 1157 116 1146 119 1124 116 1066 105 1063 105 1016 116 1010 116 988 99 985 99 982 99 979 99 977 99 910 116 907 116 905 116 868 99 866 99 863 99 860 99 824 116 824 119 546 119 546 172"/></Shape>
	    <String CONTENT="gation de Belgique en Cangliterre. (30 juillet 1445-31 mars 1846). C&#x27;était"
                    HPOS="546"
                    VPOS="99"
                    WIDTH="2077"
                    HEIGHT="98"
                    WC="0.9807300680392498"></String>
          </TextLine>
          <TextLine ID="eSc_line_61e889af"
                    TAGREFS="LT31"
                    BASELINE="541 235 1165 216 2653 222" 
                    HPOS="538"
                    VPOS="172"
                    WIDTH="2115"
                    HEIGHT="86">
            <Shape><Polygon POINTS="541 235 541 258 694 241 935 255 938 255 941 255 977 238 1018 255 1021 255 1024 255 1146 238 1282 255 1285 255 1288 255 1338 238 1604 238 1629 255 1632 255 1635 255 1637 255 1754 238 1912 255 1918 255 1921 255 1940 255 2268 241 2306 255 2309 255 2312 255 2315 255 2323 255 2406 235 2648 252 2653 222 2651 174 666 172 663 172 538 185 541 235"/></Shape>
	    <String CONTENT="la première fois que le chef du cabinet était désiqué en debors des chambres"
                    HPOS="538"
                    VPOS="172"
                    WIDTH="2115"
                    HEIGHT="86"
                    WC="0.992109004604189"></String>
          </TextLine>
          <TextLine ID="eSc_line_54ba243a"
                    TAGREFS="LT31"
                    BASELINE="546 294 2648 285" 
                    HPOS="544"
                    VPOS="230"
                    WIDTH="2104"
                    HEIGHT="86">
            <Shape><Polygon POINTS="569 235 566 235 563 235 544 246 546 294 546 313 2642 316 2648 285 2642 249 2356 249 2265 230 2262 230 2062 246 2009 230 2007 230 2004 230 2001 230 1943 249 1940 252 1596 252 1593 249 1515 233 1512 233 1510 233 1507 233 1482 249 1451 233 1449 233 1446 233 1368 249 1315 233 1313 233 1310 233 1307 233 1249 252 1243 252 1235 252 1190 235 1188 235 1185 235 1110 252 1102 252 1091 252 1018 235 818 235 816 235 813 235 774 252 771 252 755 252 571 235 569 235"/></Shape>
	    <String CONTENT="&lt;..... .. . .. .........&gt;"
                    HPOS="544"
                    VPOS="230"
                    WIDTH="2104"
                    HEIGHT="86"
                    WC="0.9126906156539917"></String>
          </TextLine>
          <TextLine ID="eSc_line_cd599679"
                    TAGREFS="LT31"
                    BASELINE="541 363 885 349 2642 341" 
                    HPOS="538"
                    VPOS="299"
                    WIDTH="2104"
                    HEIGHT="89">
            <Shape><Polygon POINTS="541 363 541 388 1007 371 2637 371 2642 341 2637 305 999 299 996 299 538 316 541 363"/></Shape>
	    <String CONTENT="&lt;...... ..... . . .......  .....&gt;"
                    HPOS="538"
                    VPOS="299"
                    WIDTH="2104"
                    HEIGHT="89"
                    WC="0.9244157780300487"></String>
          </TextLine>
          <TextLine ID="eSc_line_9b9f773a"
                    TAGREFS="LT31"
                    BASELINE="516 427 2656 396" 
                    HPOS="513"
                    VPOS="355"
                    WIDTH="2143"
                    HEIGHT="100">
            <Shape><Polygon POINTS="516 427 516 455 2656 430 2656 396 2648 355 2062 369 1951 366 1743 357 1740 357 1554 371 1479 377 1468 374 1446 363 1443 363 1440 363 1438 363 1410 374 1401 377 1393 374 1351 363 1349 363 1346 363 1343 363 1299 377 1293 377 1271 377 1107 366 1104 366 1102 366 1099 366 1085 380 1079 382 1007 380 707 371 705 371 513 388 516 427"/></Shape>
	    <String CONTENT="&lt;.. ........  .. .... .... . ........ .... . ...&gt;"
                    HPOS="513"
                    VPOS="355"
                    WIDTH="2143"
                    HEIGHT="100"
                    WC="0.8783710501631912"></String>
          </TextLine>
          <TextLine ID="eSc_line_7c6dfd9b"
                    TAGREFS="LT31"
                    BASELINE="524 496 1218 474 2615 460" 
                    HPOS="521"
                    VPOS="413"
                    WIDTH="2094"
                    HEIGHT="103">
            <Shape><Polygon POINTS="524 496 524 513 1102 516 1104 516 1215 507 1338 499 1426 505 1488 510 1490 510 1493 510 1504 505 1521 496 1710 502 1776 505 1779 505 1801 502 1884 491 2001 499 2032 502 2034 502 2093 499 2348 485 2448 496 2459 496 2462 496 2470 496 2542 482 2609 493 2615 460 2606 413 521 446 524 496"/></Shape>
	    <String CONTENT="&lt;.. . ... .. ....&gt;&gt; Les servins éminents qu&#x27;il"
                    HPOS="521"
                    VPOS="413"
                    WIDTH="2094"
                    HEIGHT="103"
                    WC="0.9394665114257646"></String>
          </TextLine>
          <TextLine ID="eSc_line_ddfece23"
                    TAGREFS="LT31"
                    BASELINE="527 557 2620 518" 
                    HPOS="524"
                    VPOS="477"
                    WIDTH="2096"
                    HEIGHT="111">
            <Shape><Polygon POINTS="527 557 527 574 719 588 721 588 810 574 827 568 996 568 1004 571 1032 582 1035 582 1038 582 1041 582 1063 571 1068 568 1077 571 1116 582 1118 582 1121 582 1124 582 1149 568 1152 568 1171 579 1174 579 1177 579 1335 568 1443 560 1485 566 1535 574 1537 574 1540 574 1557 566 1576 557 1626 566 1668 571 1671 571 1674 571 1696 566 1723 557 2617 557 2620 518 2612 477 524 521 527 557"/></Shape>
	    <String CONTENT="avait rendus au pays pourraient-ils compenses cetticause de faiblesse. Mais"
                    HPOS="524"
                    VPOS="477"
                    WIDTH="2096"
                    HEIGHT="111"
                    WC="0.9933686407407125"></String>
          </TextLine>
          <TextLine ID="eSc_line_b8372bd6"
                    TAGREFS="LT31"
                    BASELINE="524 621 2595 585" 
                    HPOS="521"
                    VPOS="543"
                    WIDTH="2074"
                    HEIGHT="111">
            <Shape><Polygon POINTS="524 621 527 654 571 641 655 652 677 654 680 654 682 654 685 654 688 652 713 635 1071 632 1099 643 1110 646 1113 646 1116 646 1163 641 1254 629 1290 638 1313 643 1315 643 1318 643 1321 643 1346 638 1385 627 1668 629 1954 632 1957 632 2595 607 2595 585 2587 543 521 577 524 621"/></Shape>
	    <String CONTENT="l&#x27;ingratitude et d&#x27;impose n&#x27;écussairement aux partir et le roi put s&#x27;en"
                    HPOS="521"
                    VPOS="543"
                    WIDTH="2074"
                    HEIGHT="111"
                    WC="0.986421952784901"></String>
          </TextLine>
          <TextLine ID="eSc_line_f4d7cb45"
                    TAGREFS="LT31"
                    BASELINE="530 682 2617 643" 
                    HPOS="527"
                    VPOS="596"
                    WIDTH="2090"
                    HEIGHT="117">
            <Shape><Polygon POINTS="530 682 530 713 2615 671 2617 643 2612 604 2318 596 2315 596 2312 596 2309 596 2290 610 2284 610 2234 599 2232 599 1909 618 1868 618 1857 618 1771 607 1768 607 1765 607 1721 621 1715 621 1704 621 1574 610 1571 610 1429 627 1418 627 1410 627 1274 616 1271 616 527 643 530 682"/></Shape>
	    <String CONTENT="convaincre aussitol. Peut-être avait, d&#x27;espere satis faire tout le monde"
                    HPOS="527"
                    VPOS="596"
                    WIDTH="2090"
                    HEIGHT="117"
                    WC="0.9946688007977273"></String>
          </TextLine>
          <TextLine ID="eSc_line_38551e06"
                    TAGREFS="LT31"
                    BASELINE="527 749 2601 707" 
                    HPOS="524"
                    VPOS="666"
                    WIDTH="2077"
                    HEIGHT="111">
            <Shape><Polygon POINTS="527 749 527 777 2598 740 2601 707 2592 666 524 707 527 749"/></Shape>
	    <String CONTENT="en engaxeant Van de Noyer, rationaliste notoire, à s&#x27;entouser surtout"
                    HPOS="524"
                    VPOS="666"
                    WIDTH="2077"
                    HEIGHT="111"
                    WC="0.990619877406529"></String>
          </TextLine>
          <TextLine ID="eSc_line_a427aa74"
                    TAGREFS="LT31"
                    BASELINE="527 813 2609 782" 
                    HPOS="524"
                    VPOS="735"
                    WIDTH="2085"
                    HEIGHT="105">
            <Shape><Polygon POINTS="527 813 527 840 1116 824 1154 829 1202 838 1204 838 1260 829 1288 824 1435 824 1801 829 1804 829 1807 829 1840 818 1854 813 1904 815 2034 826 2037 826 2040 826 2079 813 2090 810 2098 813 2137 824 2140 824 2143 824 2226 810 2234 810 2245 810 2404 821 2406 821 2606 801 2609 782 2604 746 2229 735 2226 735 2223 735 2179 749 2176 749 2040 738 2037 738 2034 738 2032 738 2009 752 1998 752 1860 740 1857 740 1854 740 1810 754 1804 754 1771 754 1474 746 1471 746 524 768 527 813"/></Shape>
	    <String CONTENT="de collatorateurs catholiques. Il ne rinssit qu&#x27;à le discréditer &lt;....&gt;"
                    HPOS="524"
                    VPOS="735"
                    WIDTH="2085"
                    HEIGHT="105"
                    WC="0.9682046324014664"></String>
          </TextLine>
          <TextLine ID="eSc_line_fc1c4806"
                    TAGREFS="LT31"
                    BASELINE="524 879 2587 843" 
                    HPOS="521"
                    VPOS="804"
                    WIDTH="2066"
                    HEIGHT="114">
            <Shape><Polygon POINTS="524 879 524 904 677 918 680 918 927 901 1007 896 1029 899 1079 910 1082 910 1085 910 1132 899 1157 893 1265 896 1471 904 1474 904 1476 904 1512 893 1532 888 1546 893 1562 901 1565 901 1568 901 1635 893 1674 888 1807 890 1962 893 1965 893 1968 893 1971 893 1976 888 1990 879 2001 888 2007 893 2009 893 2012 893 2015 893 2159 885 2426 871 2581 879 2587 843 2579 804 521 840 524 879"/></Shape>
	    <String CONTENT="&lt;....... ..  .. ..&gt; à la fois aigpris des libé¬"
                    HPOS="521"
                    VPOS="804"
                    WIDTH="2066"
                    HEIGHT="114"
                    WC="0.9421371665406735"></String>
          </TextLine>
          <TextLine ID="eSc_line_2f8dab66"
                    TAGREFS="LT31"
                    BASELINE="519 940 2640 904" 
                    HPOS="516"
                    VPOS="863"
                    WIDTH="2124"
                    HEIGHT="105">
            <Shape><Polygon POINTS="519 940 519 968 2637 932 2640 904 2631 863 516 901 519 940"/></Shape>
	    <String CONTENT="raux, qui ne visent en lui qu&#x27;un tronsfuge, et des cathuliques que le cons¬¬"
                    HPOS="516"
                    VPOS="863"
                    WIDTH="2124"
                    HEIGHT="105"
                    WC="0.9747397185940492"></String>
          </TextLine>
          <TextLine ID="eSc_line_d63f3188"
                    TAGREFS="LT31"
                    BASELINE="521 1007 1304 985 2609 968" 
                    HPOS="519"
                    VPOS="929"
                    WIDTH="2090"
                    HEIGHT="108">
            <Shape><Polygon POINTS="521 1007 521 1037 874 1018 1418 1018 1665 1018 1668 1018 1671 1018 1674 1018 1679 1012 1693 1004 1748 1010 1790 1015 1793 1015 2606 990 2609 968 2601 929 1182 940 1179 940 1177 940 1163 954 1143 943 1140 943 1138 943 657 962 555 951 552 951 549 951 519 962 521 1007"/></Shape>
	    <String CONTENT="déraient comme un adverraire de leur foi.&quot;Pourquoi est on allé vous"
                    HPOS="519"
                    VPOS="929"
                    WIDTH="2090"
                    HEIGHT="108"
                    WC="0.9862144055651195"></String>
          </TextLine>
          <TextLine ID="eSc_line_f4b1f97f"
                    TAGREFS="LT31"
                    BASELINE="524 1073 2631 1029" 
                    HPOS="521"
                    VPOS="976"
                    WIDTH="2110"
                    HEIGHT="131">
            <Shape><Polygon POINTS="524 1073 524 1107 655 1093 746 1104 763 1104 766 1104 793 1101 952 1087 971 1098 974 1101 977 1101 979 1101 982 1101 985 1101 999 1098 1054 1085 1224 1093 1285 1096 1288 1096 1290 1096 1302 1093 1326 1082 1490 1087 1574 1090 1576 1090 2362 1071 2365 1071 2368 1071 2368 1068 2387 1057 2434 1068 2451 1071 2454 1071 2456 1071 2467 1068 2501 1057 2626 1062 2631 1029 2626 990 2509 976 2506 976 2504 976 2501 976 2476 990 2473 993 2454 990 2381 982 2379 982 2376 982 2373 982 2362 993 2356 996 2301 993 2129 985 2126 985 2123 985 2098 996 2087 1001 2051 999 1973 987 1971 987 1887 999 1835 1007 1729 1001 1604 996 1601 996 1524 1004 1438 1015 1324 1007 1257 1004 1254 1004 1227 1010 1177 1021 1129 1010 1110 1007 1107 1007 1021 1012 780 1029 521 1021 524 1073"/></Shape>
	    <String CONTENT="chercher au dela de la mer ?, sécria Jules Devoux, &lt;......&gt; et en pardes"
                    HPOS="521"
                    VPOS="976"
                    WIDTH="2110"
                    HEIGHT="131"
                    WC="0.9761076329482926"></String>
          </TextLine>
          <TextLine ID="eSc_line_248669a6"
                    TAGREFS="LT31"
                    BASELINE="519 1137 2659 1112" 
                    HPOS="516"
                    VPOS="1071"
                    WIDTH="2143"
                    HEIGHT="94">
            <Shape><Polygon POINTS="519 1137 519 1165 1604 1151 1651 1157 1685 1162 1687 1162 1715 1157 1760 1148 1868 1157 1926 1159 1929 1159 1973 1154 2059 1146 2093 1154 2104 1157 2107 1157 2109 1157 2145 1154 2273 1140 2656 1148 2659 1112 2653 1071 2015 1071 2012 1071 1968 1079 1943 1085 1893 1082 1796 1073 1793 1073 1732 1085 1704 1087 1654 1085 1524 1076 1521 1076 1518 1076 1479 1087 1465 1090 1438 1087 1338 1079 1335 1079 1243 1090 1224 1093 1190 1093 1002 1082 999 1082 996 1082 993 1082 993 1085 979 1096 963 1096 774 1085 771 1085 516 1101 519 1137"/></Shape>
	    <String CONTENT="ie diquaient soffisamment que le temps était passé où la couronne pourrait"
                    HPOS="516"
                    VPOS="1071"
                    WIDTH="2143"
                    HEIGHT="94"
                    WC="0.98788871555715"></String>
          </TextLine>
          <TextLine ID="eSc_line_74133c92"
                    TAGREFS="LT31"
                    BASELINE="510 1207 2604 1176" 
                    HPOS="508"
                    VPOS="1132"
                    WIDTH="2096"
                    HEIGHT="108">
            <Shape><Polygon POINTS="510 1207 510 1226 619 1240 621 1240 699 1226 702 1226 705 1226 807 1237 810 1237 888 1223 896 1223 910 1223 1057 1234 1060 1234 1063 1234 1066 1234 1082 1221 1085 1221 1127 1221 1390 1229 1393 1229 2604 1204 2604 1176 2595 1132 508 1168 510 1207"/></Shape>
	    <String CONTENT="encore imposer au Parlement un ménistère de son choix. Au sein même"
                    HPOS="508"
                    VPOS="1132"
                    WIDTH="2096"
                    HEIGHT="108"
                    WC="0.9934984374402175"></String>
          </TextLine>
          <TextLine ID="eSc_line_4654a101"
                    TAGREFS="LT31"
                    BASELINE="521 1276 2595 1257" 
                    HPOS="519"
                    VPOS="1212"
                    WIDTH="2076"
                    HEIGHT="89">
            <Shape><Polygon POINTS="521 1276 521 1301 2592 1282 2595 1257 2590 1218 2009 1212 2007 1212 1940 1223 1926 1226 1921 1223 1896 1212 1893 1212 1890 1212 1887 1212 1884 1212 1871 1226 1868 1226 1851 1226 1740 1215 1737 1215 1568 1229 1554 1229 1543 1229 1410 1215 1407 1215 1404 1215 1365 1232 1363 1232 1329 1232 1018 1221 1016 1221 1013 1221 985 1234 849 1221 846 1221 843 1221 785 1237 621 1223 619 1223 519 1240 521 1276"/></Shape>
	    <String CONTENT="du calimet d&#x27;ailleurs, l&#x27;unionisme, désormais condaus ne dans"
                    HPOS="519"
                    VPOS="1212"
                    WIDTH="2076"
                    HEIGHT="89"
                    WC="0.9991147058909057"></String>
          </TextLine>
          <TextLine ID="eSc_line_3ff6029a"
                    TAGREFS="LT31"
                    BASELINE="519 1343 2626 1334" 
                    HPOS="516"
                    VPOS="1295"
                    WIDTH="2110"
                    HEIGHT="81">
            <Shape><Polygon POINTS="519 1343 519 1362 852 1362 888 1376 891 1376 893 1376 896 1376 930 1362 1007 1376 1010 1376 1426 1359 1493 1359 1499 1359 1524 1373 1526 1373 1529 1373 2626 1359 2626 1334 2620 1301 516 1295 519 1343"/></Shape>
	    <String CONTENT="les chambres, ne parvenait pas à &lt;.......&gt; s&#x27;imposer. L&#x27;in¬"
                    HPOS="516"
                    VPOS="1295"
                    WIDTH="2110"
                    HEIGHT="81"
                    WC="0.9711751759052276"></String>
          </TextLine>
          <TextLine ID="eSc_line_4918a113"
                    TAGREFS="LT31"
                    BASELINE="516 1415 2623 1401" 
                    HPOS="513"
                    VPOS="1348"
                    WIDTH="2110"
                    HEIGHT="100">
            <Shape><Polygon POINTS="516 1415 516 1445 1446 1434 1501 1437 1682 1448 1685 1448 1901 1431 1971 1429 1982 1431 2012 1445 2015 1445 2018 1445 2198 1431 2304 1443 2306 1443 2309 1443 2337 1429 2351 1429 2595 1443 2598 1443 2601 1443 2604 1443 2623 1429 2623 1401 2615 1359 2456 1365 2437 1359 2395 1348 2393 1348 2390 1348 2387 1348 2384 1348 2368 1359 2356 1368 2198 1368 2184 1362 2143 1351 2140 1351 2137 1351 2134 1351 2132 1351 2118 1362 2115 1368 2101 1362 2070 1354 2068 1354 2065 1354 2062 1354 2059 1354 2043 1365 2034 1370 1515 1370 1504 1370 1435 1356 1432 1356 1296 1373 1277 1373 1268 1373 1207 1356 1204 1356 1202 1356 1013 1373 949 1356 946 1356 943 1356 941 1356 905 1373 871 1359 868 1359 596 1359 594 1359 591 1359 513 1379 516 1415"/></Shape>
	    <String CONTENT="possi bilité de se mettre d&#x27;acord &lt;...avec ses collèques sur un projet"
                    HPOS="513"
                    VPOS="1348"
                    WIDTH="2110"
                    HEIGHT="100"
                    WC="0.9623997185911451"></String>
          </TextLine>
          <TextLine ID="eSc_line_274fdc17"
                    TAGREFS="LT31"
                    BASELINE="519 1484 2620 1484" 
                    HPOS="519"
                    VPOS="1440"
                    WIDTH="2101"
                    HEIGHT="72">
            <Shape><Polygon POINTS="519 1484 519 1509 2617 1512 2620 1484 2617 1440 519 1440 519 1484"/></Shape>
	    <String CONTENT="de loi organisant l&#x27;enseiquement moyen poussa van de Weyer, après une"
                    HPOS="519"
                    VPOS="1440"
                    WIDTH="2101"
                    HEIGHT="72"
                    WC="0.9871400689733201"></String>
          </TextLine>
          <TextLine ID="eSc_line_5063fe92"
                    TAGREFS="LT31"
                    BASELINE="533 1548 2592 1548" 
                    HPOS="533"
                    VPOS="1498"
                    WIDTH="2059"
                    HEIGHT="89">
            <Shape><Polygon POINTS="533 1548 533 1587 2592 1581 2592 1548 2590 1498 533 1509 533 1548"/></Shape>
	    <String CONTENT="pinible administration de huit mois à renoncer à la tâche dont"
                    HPOS="533"
                    VPOS="1498"
                    WIDTH="2059"
                    HEIGHT="89"
                    WC="0.9862680239602923"></String>
          </TextLine>
          <TextLine ID="eSc_line_73811f45"
                    TAGREFS="LT31"
                    BASELINE="530 1612 1460 1620" 
                    HPOS="527"
                    VPOS="1559"
                    WIDTH="933"
                    HEIGHT="92">
            <Shape><Polygon POINTS="530 1612 527 1651 1457 1651 1460 1620 1454 1565 1351 1578 1329 1565 1326 1565 1324 1565 1321 1565 1318 1565 1315 1565 1299 1578 1227 1565 1218 1565 1215 1565 1210 1565 1152 1578 1118 1565 1107 1562 1104 1562 1102 1562 1079 1565 1027 1578 857 1578 849 1567 846 1562 843 1562 843 1559 841 1559 838 1559 835 1559 832 1559 805 1567 785 1573 777 1567 766 1559 763 1559 760 1559 757 1559 530 1567 530 1612"/></Shape>
	    <String CONTENT="il avait été chargé malgré lui"
                    HPOS="527"
                    VPOS="1559"
                    WIDTH="933"
                    HEIGHT="92"
                    WC="0.99986732006073"></String>
          </TextLine>
          <TextLine ID="eSc_line_411488b3"
                    TAGREFS="LT31"
                    BASELINE="530 1689 1757 1703 2579 1681" 
                    HPOS="527"
                    VPOS="1631"
                    WIDTH="2052"
                    HEIGHT="103">
            <Shape><Polygon POINTS="1637 1659 1610 1659 1582 1659 1554 1659 1526 1659 1499 1659 1471 1659 1443 1659 1432 1659 1399 1634 1399 1631 1396 1631 1393 1631 1229 1631 1227 1631 1224 1631 1215 1634 1154 1656 1068 1637 1066 1637 974 1656 938 1634 935 1634 932 1634 930 1634 924 1634 866 1648 838 1634 830 1631 827 1631 824 1631 821 1631 810 1634 744 1656 719 1634 716 1631 713 1631 710 1631 707 1631 527 1634 530 1689 533 1734 599 1712 674 1731 677 1731 680 1731 682 1731 685 1731 719 1712 802 1712 835 1731 838 1731 841 1731 843 1731 849 1731 938 1712 1043 1728 1063 1731 1066 1731 2576 1712 2579 1681 2570 1631 2437 1645 2331 1631 2326 1631 2323 1631 2320 1631 2318 1631 2295 1648 2254 1634 2251 1634 2248 1634 2134 1659 2037 1659 2009 1634 2007 1634 2004 1634 2001 1634 1998 1634 1957 1656 1890 1642 1887 1642 1884 1642 1882 1642 1860 1659 1665 1659 1637 1659"/></Shape>
	    <String CONTENT="lenr fois de plus, le roi &lt;.........x leberaux. &lt;.... .......&gt; mais Ao"
                    HPOS="527"
                    VPOS="1631"
                    WIDTH="2052"
                    HEIGHT="103"
                    WC="0.9158010125160218"></String>
          </TextLine>
          <TextLine ID="eSc_line_39759874"
                    TAGREFS="LT34"
                    BASELINE="1249 1672 1682 1656" 
                    HPOS="1440"
                    VPOS="1603"
                    WIDTH="242"
                    HEIGHT="86">
            <Shape><Polygon POINTS="1443 1659 1443 1689 1679 1689 1682 1656 1676 1609 1446 1603 1440 1617"/></Shape>
	    <String CONTENT="in vers les"
                    HPOS="1440"
                    VPOS="1603"
                    WIDTH="242"
                    HEIGHT="86"
                    WC="0.9817571152340282"></String>
          </TextLine>
          <TextLine ID="eSc_line_91090302"
                    TAGREFS="LT31"
                    BASELINE="527 1759 2604 1745" 
                    HPOS="524"
                    VPOS="1714"
                    WIDTH="2080"
                    HEIGHT="89">
            <Shape><Polygon POINTS="527 1759 530 1803 602 1784 1188 1795 1351 1798 1354 1798 1393 1792 1471 1781 1640 1789 1757 1795 1760 1795 1762 1795 1790 1787 1826 1778 1893 1787 1948 1792 1951 1792 2054 1784 2190 1773 2318 1781 2423 1787 2426 1787 2429 1787 2431 1787 2440 1778 2448 1773 2467 1778 2504 1789 2506 1789 2509 1789 2601 1776 2604 1745 2598 1714 524 1714 527 1759"/></Shape>
	    <String CONTENT="gier ne voulait occepter &lt;&lt;. ..&gt; la mssion de for¬"
                    HPOS="524"
                    VPOS="1714"
                    WIDTH="2080"
                    HEIGHT="89"
                    WC="0.9724633967876435"></String>
          </TextLine>
          <TextLine ID="eSc_line_353f9949"
                    TAGREFS="LT31"
                    BASELINE="516 1828 2573 1806" 
                    HPOS="513"
                    VPOS="1767"
                    WIDTH="2060"
                    HEIGHT="100">
            <Shape><Polygon POINTS="516 1828 516 1850 616 1850 619 1850 652 1867 655 1867 657 1867 732 1850 738 1850 763 1867 766 1867 768 1867 771 1867 774 1867 777 1867 802 1850 810 1848 910 1850 1243 1862 1246 1862 1249 1862 1279 1848 1299 1842 1332 1848 1388 1859 1390 1859 1579 1856 1582 1856 1585 1856 1596 1848 1607 1839 1618 1848 1629 1856 1632 1856 1635 1856 1637 1856 1909 1845 2173 1837 2243 1845 2293 1850 2295 1850 2323 1845 2381 1831 2567 1842 2573 1806 2565 1767 513 1784 516 1828"/></Shape>
	    <String CONTENT="mer un gouvernement qu&#x27;en prenant pour programme l’inliperdance du"
                    HPOS="513"
                    VPOS="1767"
                    WIDTH="2060"
                    HEIGHT="100"
                    WC="0.9882953356612812"></String>
          </TextLine>
          <TextLine ID="eSc_line_0254091e"
                    TAGREFS="LT31"
                    BASELINE="530 1903 2637 1875" 
                    HPOS="527"
                    VPOS="1825"
                    WIDTH="2110"
                    HEIGHT="111">
            <Shape><Polygon POINTS="530 1903 530 1936 1371 1911 2634 1911 2637 1875 2634 1842 2595 1825 2592 1825 2590 1825 2448 1839 2218 1828 2215 1828 2120 1845 2034 1831 2032 1831 2029 1831 2026 1831 1998 1848 1618 1839 1615 1839 1510 1853 1376 1839 1374 1839 1371 1839 1324 1859 1079 1859 1029 1845 1027 1845 1024 1845 655 1864 605 1850 602 1850 599 1850 596 1850 527 1867 530 1903"/></Shape>
	    <String CONTENT="pouvoir civil et le recenant l&#x27;assurance d&#x27;une dissolution des chambres"
                    HPOS="527"
                    VPOS="1825"
                    WIDTH="2110"
                    HEIGHT="111"
                    WC="0.9980825798612245"></String>
          </TextLine>
          <TextLine ID="eSc_line_69998776"
                    TAGREFS="LT31"
                    BASELINE="519 1961 1762 1961 2606 1939" 
                    HPOS="519"
                    VPOS="1895"
                    WIDTH="2087"
                    HEIGHT="116">
            <Shape><Polygon POINTS="519 1986 766 1986 796 2011 799 2011 802 2011 805 2011 807 2011 885 1986 954 2000 957 2000 960 2000 993 1984 996 1984 1113 2009 1116 2009 1118 2009 1185 1981 1188 1981 1210 1981 1440 1998 1443 1998 1624 1984 1654 2003 1657 2003 1660 2003 1662 2003 1896 1978 2009 2000 2012 2000 2015 2000 2059 1986 2101 2000 2104 2000 2107 2000 2523 1998 2526 1998 2529 1998 2565 1970 2604 1970 2606 1939 2601 1909 2526 1895 2523 1895 2426 1909 2398 1911 2351 1909 2187 1898 2184 1898 2182 1898 2148 1911 2137 1914 2104 1911 2015 1900 2012 1900 1901 1911 1846 1917 1779 1914 1679 1906 1676 1906 1532 1914 1438 1920 1410 1914 1357 1906 1354 1906 1351 1906 1349 1906 1335 1917 1326 1923 519 1923 519 1961 519 1986"/></Shape>
	    <String CONTENT="en cas&quot; d&#x27;apposition journalière et combiuiée de leuir part y Dengnt cette"
                    HPOS="519"
                    VPOS="1895"
                    WIDTH="2087"
                    HEIGHT="116"
                    WC="0.991940592591827"></String>
          </TextLine>
          <TextLine ID="eSc_line_7a212000"
                    TAGREFS="LT31"
                    BASELINE="530 2025 1876 2028 2595 2009" 
                    HPOS="527"
                    VPOS="1959"
                    WIDTH="2068"
                    HEIGHT="105">
            <Shape><Polygon POINTS="530 2025 530 2050 1138 2064 1140 2064 1143 2064 1174 2050 1182 2047 1190 2050 1229 2061 1232 2061 1235 2061 1238 2061 1271 2050 1279 2047 1326 2050 1510 2061 1512 2064 1787 2064 1787 2061 1790 2061 1793 2061 1807 2047 1812 2045 1837 2047 1912 2059 1915 2059 1973 2047 1993 2045 1998 2047 2015 2059 2018 2059 2021 2059 2023 2059 2592 2045 2595 2009 2587 1959 2120 1961 2118 1961 2112 1964 2076 1984 1790 1986 1438 1973 1432 1973 1429 1973 1426 1973 1424 1973 1401 1986 1202 1975 1196 1975 1193 1975 1190 1975 1093 1989 1074 1975 1071 1975 1068 1975 1066 1975 1063 1975 1060 1975 1043 1992 935 1992 910 1978 891 1970 888 1970 885 1970 882 1970 863 1978 846 1986 835 1978 830 1975 827 1975 824 1975 821 1975 788 1981 727 1989 713 1981 707 1975 705 1975 702 1975 699 1975 696 1975 674 1981 644 1989 621 1981 582 1967 580 1967 577 1967 574 1967 527 1981 530 2025"/></Shape>
	    <String CONTENT="dicision bien arrêtée de r&#x27;administrer qu&#x27;avec l&#x27;appe &lt;..lpait"
                    HPOS="527"
                    VPOS="1959"
                    WIDTH="2068"
                    HEIGHT="105"
                    WC="0.954156382910667"></String>
          </TextLine>
          <TextLine ID="eSc_line_056a839e"
                    TAGREFS="LT34"
                    BASELINE="2118 1986 2529 1986" 
                    HPOS="2118"
                    VPOS="1986"
                    WIDTH="411"
                    HEIGHT="0">
	    <String CONTENT=""
                    HPOS="2118"
                    VPOS="1986"
                    WIDTH="411"
                    HEIGHT="0"></String>
          </TextLine>
          <TextLine ID="eSc_line_b1039b95"
                    TAGREFS="LT31"
                    BASELINE="521 2100 1560 2106 1560 2106 2623 2086" 
                    HPOS="519"
                    VPOS="2039"
                    WIDTH="2104"
                    HEIGHT="100">
            <Shape><Polygon POINTS="521 2125 757 2139 760 2139 877 2125 888 2125 893 2125 935 2139 938 2139 941 2139 1035 2125 1060 2122 1079 2125 1143 2136 1146 2136 1313 2125 1390 2120 1401 2125 1421 2133 1424 2133 1426 2133 2620 2120 2623 2086 2615 2050 2054 2053 2048 2053 2009 2039 2007 2039 2004 2039 2001 2039 1971 2053 1968 2053 1948 2053 1832 2042 1829 2042 1826 2042 1787 2053 1776 2059 1404 2059 1401 2056 1371 2042 1368 2042 1365 2042 1288 2056 1268 2059 1204 2056 977 2045 974 2045 519 2059 521 2100"/></Shape>
	    <String CONTENT="&lt;. ..... .&gt;, il ne restait au roi, &lt;...... ..&gt; qu&#x27;a s&#x27;adresser aux ca¬"
                    HPOS="519"
                    VPOS="2039"
                    WIDTH="2104"
                    HEIGHT="100"
                    WC="0.9360306884561266"></String>
          </TextLine>
          <TextLine ID="eSc_line_93d55c03"
                    TAGREFS="LT31"
                    BASELINE="521 2167 1865 2167 1866 2167 2637 2150" 
                    HPOS="519"
                    VPOS="2111"
                    WIDTH="2118"
                    HEIGHT="84">
            <Shape><Polygon POINTS="521 2195 2637 2178 2637 2150 2628 2111 519 2125 521 2167"/></Shape>
	    <String CONTENT="tholiques qui seuls demeuraient fidils à la poliligere uniouiste à laquelle"
                    HPOS="519"
                    VPOS="2111"
                    WIDTH="2118"
                    HEIGHT="84"
                    WC="0.9964587951635385"></String>
          </TextLine>
          <TextLine ID="eSc_line_bab91abb"
                    TAGREFS="LT31"
                    BASELINE="510 2233 2620 2233" 
                    HPOS="510"
                    VPOS="2183"
                    WIDTH="2110"
                    HEIGHT="92">
            <Shape><Polygon POINTS="510 2233 510 2258 663 2258 666 2258 680 2272 682 2272 685 2272 688 2272 691 2272 724 2258 727 2258 735 2258 832 2272 835 2272 838 2272 863 2261 868 2258 877 2261 935 2272 938 2275 1107 2275 1107 2272 1110 2272 1113 2272 1127 2261 1132 2258 1143 2261 1174 2272 1177 2272 1179 2272 1299 2264 1371 2258 1449 2264 1543 2272 1546 2272 1587 2267 1629 2258 1668 2267 1701 2272 1704 2272 1873 2267 2187 2258 2617 2272 2620 2233 2620 2192 2193 2183 2190 2183 2187 2183 2168 2189 2134 2197 2043 2189 1990 2183 1987 2183 1984 2183 1982 2183 1976 2189 1962 2200 1746 2200 1701 2186 1687 2183 1685 2183 1682 2183 1660 2186 1599 2197 1554 2186 1543 2183 1540 2183 1537 2183 1535 2183 1526 2186 1490 2197 1429 2186 1413 2183 1410 2183 1407 2183 1396 2186 1354 2197 1338 2186 1338 2183 1335 2183 1332 2183 1329 2183 1307 2186 1215 2197 1163 2183 1154 2183 1152 2183 1149 2183 1132 2183 1046 2197 960 2183 949 2183 946 2183 943 2183 941 2183 907 2197 841 2183 835 2183 832 2183 813 2183 599 2197 510 2183 510 2233"/></Shape>
	    <String CONTENT="il ne &lt;....... ....&gt; se ricolvait pas à renoncer. Le cabin et fomé par"
                    HPOS="510"
                    VPOS="2183"
                    WIDTH="2110"
                    HEIGHT="92"
                    WC="0.9680290524388703"></String>
          </TextLine>
          <TextLine ID="eSc_line_0200b01c"
                    TAGREFS="LT31"
                    BASELINE="502 2300 2634 2306" 
                    HPOS="499"
                    VPOS="2253"
                    WIDTH="2135"
                    HEIGHT="89">
            <Shape><Polygon POINTS="502 2300 499 2322 1057 2339 1060 2339 1107 2328 1140 2322 1235 2331 1313 2336 1315 2336 1382 2331 1496 2322 1554 2333 1604 2342 1607 2342 1837 2336 2190 2325 2498 2339 2501 2339 2581 2325 2626 2342 2634 2306 2634 2258 502 2253 502 2300"/></Shape>
	    <String CONTENT="le coite de Theux (31 mars 1846-12 aont 1847) fut recenté tout entier à drête"
                    HPOS="499"
                    VPOS="2253"
                    WIDTH="2135"
                    HEIGHT="89"
                    WC="0.9868886845234113"></String>
          </TextLine>
          <TextLine ID="eSc_line_82192c49"
                    TAGREFS="LT31"
                    BASELINE="505 2367 1454 2372 2626 2355" 
                    HPOS="502"
                    VPOS="2322"
                    WIDTH="2124"
                    HEIGHT="72">
            <Shape><Polygon POINTS="505 2367 505 2394 2626 2394 2626 2355 2617 2322 502 2333 505 2367"/></Shape>
	    <String CONTENT="&lt;.....&gt; C&#x27;etait cependant, suvon un défitout au moins un ana¬"
                    HPOS="502"
                    VPOS="2322"
                    WIDTH="2124"
                    HEIGHT="72"
                    WC="0.9861936100193711"></String>
          </TextLine>
          <TextLine ID="eSc_line_4a3792cc"
                    TAGREFS="LT31"
                    BASELINE="505 2442 2623 2428" 
                    HPOS="502"
                    VPOS="2380"
                    WIDTH="2121"
                    HEIGHT="84">
            <Shape><Polygon POINTS="505 2442 505 2461 2620 2464 2623 2428 2617 2394 2226 2380 2223 2380 2220 2380 2184 2394 546 2392 544 2392 541 2392 502 2405 505 2442"/></Shape>
	    <String CONTENT="chronisme et en tous cas une contradiction que de confier le salut de l&#x27;¬"
                    HPOS="502"
                    VPOS="2380"
                    WIDTH="2121"
                    HEIGHT="84"
                    WC="0.997402067053808"></String>
          </TextLine>
          <TextLine ID="eSc_line_f96da0df"
                    TAGREFS="LT31"
                    BASELINE="502 2514 2579 2500" 
                    HPOS="499"
                    VPOS="2455"
                    WIDTH="2080"
                    HEIGHT="78">
            <Shape><Polygon POINTS="502 2514 502 2533 2576 2522 2579 2500 2570 2455 499 2469 502 2514"/></Shape>
	    <String CONTENT="nionisme à un seul parté. Fait comme il était le ministère ne pouvait"
                    HPOS="499"
                    VPOS="2455"
                    WIDTH="2080"
                    HEIGHT="78"
                    WC="0.9891922678266253"></String>
          </TextLine>
          <TextLine ID="eSc_line_170103ef"
                    TAGREFS="LT31"
                    BASELINE="502 2589 2617 2569" 
                    HPOS="499"
                    VPOS="2519"
                    WIDTH="2118"
                    HEIGHT="108">
            <Shape><Polygon POINTS="502 2589 502 2616 749 2611 766 2616 796 2627 799 2627 802 2627 896 2616 966 2608 1029 2616 1102 2625 1104 2625 1238 2614 1335 2608 1365 2614 1396 2622 1399 2622 1401 2622 1404 2622 1424 2614 1451 2602 1540 2602 1640 2614 1698 2619 1701 2619 1754 2614 1851 2600 2090 2611 2154 2614 2157 2614 2184 2611 2315 2594 2345 2611 2348 2611 2351 2611 2354 2611 2356 2611 2359 2611 2387 2594 2615 2608 2617 2569 2612 2533 2312 2519 2309 2519 2195 2533 2187 2536 499 2539 502 2589"/></Shape>
	    <String CONTENT="prétendre qu&#x27;à occuper le pouvoir sans posséder les moyens de l&#x27;exercer. La"
                    HPOS="499"
                    VPOS="2519"
                    WIDTH="2118"
                    HEIGHT="108"
                    WC="0.9965981660704863"></String>
          </TextLine>
          <TextLine ID="eSc_line_eed6d511"
                    TAGREFS="LT31"
                    BASELINE="502 2655 2612 2639" 
                    HPOS="499"
                    VPOS="2586"
                    WIDTH="2113"
                    HEIGHT="94">
            <Shape><Polygon POINTS="502 2655 502 2680 2609 2669 2612 2639 2606 2600 2340 2586 2337 2586 2082 2602 2062 2602 2051 2602 1912 2589 1909 2589 1907 2589 1904 2589 1884 2605 1882 2605 1868 2605 1754 2591 1751 2591 1640 2605 1637 2605 1601 2591 1599 2591 1596 2591 1593 2591 1554 2605 1549 2608 1512 2608 1302 2594 1299 2594 1213 2608 1199 2611 1160 2611 932 2597 930 2597 846 2614 832 2614 807 2614 660 2600 657 2600 655 2600 652 2600 632 2614 630 2616 499 2616 502 2655"/></Shape>
	    <String CONTENT="majorité dont il disposait était infime et tout indiquait que le moment"
                    HPOS="499"
                    VPOS="2586"
                    WIDTH="2113"
                    HEIGHT="94"
                    WC="0.9934718071574896"></String>
          </TextLine>
          <TextLine ID="eSc_line_81cb673a"
                    TAGREFS="LT31"
                    BASELINE="502 2722 1729 2722" 
                    HPOS="502"
                    VPOS="2672"
                    WIDTH="1227"
                    HEIGHT="78">
            <Shape><Polygon POINTS="502 2722 502 2750 1729 2750 1729 2722 1729 2688 1640 2672 1637 2672 1635 2672 1604 2686 1601 2688 1451 2688 1446 2683 1429 2672 1426 2672 1424 2672 1421 2672 1418 2672 1385 2683 1374 2686 502 2675 502 2722"/></Shape>
	    <String CONTENT="était proche où elle s&#x27;effondierait sous lui."
                    HPOS="502"
                    VPOS="2672"
                    WIDTH="1227"
                    HEIGHT="78"
                    WC="0.9989768067995707"></String>
          </TextLine>
          <TextLine ID="eSc_line_ea085a4e"
                    TAGREFS="LT31"
                    BASELINE="544 2802 2612 2802" 
                    HPOS="544"
                    VPOS="2747"
                    WIDTH="2068"
                    HEIGHT="91">
            <Shape><Polygon POINTS="544 2802 544 2822 599 2838 602 2838 605 2838 607 2838 652 2824 716 2838 719 2838 2612 2827 2612 2802 2612 2761 2590 2750 2587 2750 2584 2750 2581 2750 2579 2750 2540 2763 1521 2747 1518 2747 1515 2747 1482 2755 1446 2766 1135 2766 1113 2752 1113 2750 1110 2750 1107 2750 1104 2750 1102 2750 1096 2752 1071 2761 1043 2750 1032 2747 1029 2747 802 2747 799 2747 796 2747 793 2747 774 2763 727 2747 724 2747 721 2747 719 2747 710 2747 632 2763 544 2747 544 2802"/></Shape>
	    <String CONTENT="Depuis 1839. le libéralisme n&#x27;avait cessé de grandir au séen du corps é¬"
                    HPOS="544"
                    VPOS="2747"
                    WIDTH="2068"
                    HEIGHT="91"
                    WC="0.9921942692663934"></String>
          </TextLine>
          <TextLine ID="eSc_line_e9c65343"
                    TAGREFS="LT31"
                    BASELINE="494 2872 2617 2852" 
                    HPOS="491"
                    VPOS="2811"
                    WIDTH="2126"
                    HEIGHT="94">
            <Shape><Polygon POINTS="494 2872 494 2894 791 2905 793 2905 888 2894 943 2888 971 2894 1004 2902 1007 2902 1010 2902 1013 2902 1016 2902 1024 2894 1032 2888 1104 2894 1188 2899 1190 2899 1193 2899 1215 2894 1243 2886 1299 2894 1349 2899 1351 2899 1454 2894 1593 2883 1710 2891 1746 2894 1748 2894 1751 2894 1754 2894 1757 2891 1776 2880 1832 2891 1848 2894 1851 2894 1912 2891 2154 2877 2226 2891 2234 2891 2237 2891 2273 2891 2542 2877 2612 2888 2617 2852 2609 2811 491 2830 494 2872"/></Shape>
	    <String CONTENT="lectoral. Le rigime crusitaire favorisait ses progris. Car si le ceur était plur las"
                    HPOS="491"
                    VPOS="2811"
                    WIDTH="2126"
                    HEIGHT="94"
                    WC="0.9932308906600589"></String>
          </TextLine>
          <TextLine ID="eSc_line_d40ec1f2"
                    TAGREFS="LT31"
                    BASELINE="496 2935 2475 2918 2475 2918 2579 2908" 
                    HPOS="494"
                    VPOS="2861"
                    WIDTH="2085"
                    HEIGHT="105">
            <Shape><Polygon POINTS="496 2955 907 2966 910 2966 913 2966 952 2952 963 2949 988 2952 1085 2963 1088 2963 1091 2963 1140 2949 1157 2944 1349 2944 1360 2949 1374 2958 1376 2958 1379 2958 1382 2958 1457 2947 1490 2944 1524 2947 1607 2955 1610 2955 1612 2955 1615 2955 1626 2947 1635 2941 1668 2947 1740 2955 1743 2955 1937 2944 2065 2935 2573 2935 2579 2908 2570 2861 905 2894 857 2894 544 2886 541 2886 538 2886 494 2899 496 2935"/></Shape>
	    <String CONTENT="dans les campaques que dans les villes, le développament de l&#x27;industrie avait"
                    HPOS="494"
                    VPOS="2861"
                    WIDTH="2085"
                    HEIGHT="105"
                    WC="0.9997083513767688"></String>
          </TextLine>
          <TextLine ID="eSc_line_eb1df058"
                    TAGREFS="LT31"
                    BASELINE="499 3002 2586 2977" 
                    HPOS="496"
                    VPOS="2922"
                    WIDTH="2094"
                    HEIGHT="102">
            <Shape><Polygon POINTS="499 3024 2587 2997 2590 2966 2581 2922 496 2960 499 3002"/></Shape>
	    <String CONTENT="d&#x27;autre part pour conséquence l&#x27;ougmentation eraaie l de la population"
                    HPOS="496"
                    VPOS="2922"
                    WIDTH="2094"
                    HEIGHT="102"
                    WC="0.9885002298014505"></String>
          </TextLine>
          <TextLine ID="eSc_line_0a1b95c2"
                    TAGREFS="LT34"
                    BASELINE="1926 2962 2122 2955" 
                    HPOS="1926"
                    VPOS="2955"
                    WIDTH="196"
                    HEIGHT="7">
	    <String CONTENT=""
                    HPOS="1926"
                    VPOS="2955"
                    WIDTH="196"
                    HEIGHT="7"></String>
          </TextLine>
          <TextLine ID="eSc_line_21654c3a"
                    TAGREFS="LT31"
                    BASELINE="496 3066 2612 3035" 
                    HPOS="494"
                    VPOS="2985"
                    WIDTH="2118"
                    HEIGHT="109">
            <Shape><Polygon POINTS="496 3066 496 3088 1260 3094 1263 3094 1413 3080 1465 3074 1501 3077 1585 3088 1587 3088 1748 3074 1796 3071 1801 3074 1823 3085 1826 3085 1829 3085 1832 3085 1835 3085 1848 3074 1854 3069 2609 3063 2612 3035 2604 2985 494 3024 496 3066"/></Shape>
	    <String CONTENT="erbaine avec laquelle croissait le nombre des consitaires libér aux. Ajoutex a"
                    HPOS="494"
                    VPOS="2985"
                    WIDTH="2118"
                    HEIGHT="109"
                    WC="0.9851034084955851"></String>
          </TextLine>
          <TextLine ID="eSc_line_13e3e233"
                    TAGREFS="LT31"
                    BASELINE="505 3127 2576 3099" 
                    HPOS="502"
                    VPOS="3060"
                    WIDTH="2074"
                    HEIGHT="92">
            <Shape><Polygon POINTS="505 3127 505 3152 2573 3127 2576 3099 2567 3060 502 3088 505 3127"/></Shape>
	    <String CONTENT="cela que les cattoliques n&#x27; avaient pas à proprement parler de programne po"
                    HPOS="502"
                    VPOS="3060"
                    WIDTH="2074"
                    HEIGHT="92"
                    WC="0.9831746095105222"></String>
          </TextLine>
          <TextLine ID="eSc_line_a3771531"
                    TAGREFS="LT31"
                    BASELINE="494 3191 2584 3171" 
                    HPOS="491"
                    VPOS="3119"
                    WIDTH="2093"
                    HEIGHT="105">
            <Shape><Polygon POINTS="494 3191 494 3213 871 3224 874 3224 960 3213 993 3210 1018 3213 1077 3224 1079 3224 1082 3224 1085 3224 1096 3213 1107 3207 1263 3207 1304 3213 1360 3221 1363 3221 1365 3221 1368 3221 1379 3213 1393 3205 1618 3213 1721 3216 1723 3216 1748 3213 1815 3202 1893 3213 1923 3216 1926 3216 1973 3213 2120 3199 2579 3210 2584 3171 2576 3119 2506 3132 2404 3121 2401 3121 2273 3135 2079 3124 2059 3124 2057 3124 2048 3124 1957 3138 1740 3130 1682 3127 1679 3127 1676 3127 1668 3130 1640 3141 1512 3132 1474 3130 1471 3130 1449 3132 1376 3146 491 3146 494 3191"/></Shape>
	    <String CONTENT="litique. Satisfaits de la liberté que la constitution garantissait à l&#x27;Eglise ils"
                    HPOS="491"
                    VPOS="3119"
                    WIDTH="2093"
                    HEIGHT="105"
                    WC="0.9854769117948485"></String>
          </TextLine>
          <TextLine ID="eSc_line_f5ba7be5"
                    TAGREFS="LT31"
                    BASELINE="494 3255 2573 3241" 
                    HPOS="491"
                    VPOS="3199"
                    WIDTH="2082"
                    HEIGHT="97">
            <Shape><Polygon POINTS="494 3255 494 3280 1371 3274 1376 3277 1399 3293 1401 3293 1404 3293 1407 3296 1474 3296 1474 3293 1476 3293 1479 3293 1507 3274 1510 3274 1535 3274 1737 3293 1740 3293 1871 3280 1932 3291 1934 3291 2012 3271 2021 3271 2029 3271 2084 3291 2087 3291 2090 3291 2393 3274 2490 3288 2492 3288 2570 3268 2573 3241 2565 3199 491 3207 494 3255"/></Shape>
	    <String CONTENT="ila ne demandaient rien d&#x27;autre que &lt;........ .........e&gt;"
                    HPOS="491"
                    VPOS="3199"
                    WIDTH="2082"
                    HEIGHT="97"
                    WC="0.9521268313391167"></String>
          </TextLine>
        </TextBlock>
        <TextBlock HPOS="139"
                   VPOS="42"
                   WIDTH="180"
                   HEIGHT="148"
                   ID="eSc_textblock_12023618"
                   TAGREFS="BT44">
          <Shape><Polygon POINTS="319 190 319 42 139 42 139 190"/></Shape>
        </TextBlock>
        <TextBlock ID="eSc_dummyblock_">
          <TextLine ID="eSc_line_c6a20f83"
                    TAGREFS="LT31"
                    BASELINE="158 125 297 125" 
                    HPOS="191"
                    VPOS="69"
                    WIDTH="97"
                    HEIGHT="158">
            <Shape><Polygon POINTS="219 74 191 80 197 113 208 227 288 227 277 105 274 94 247 69"/></Shape>
	    <String CONTENT="11"
                    HPOS="191"
                    VPOS="69"
                    WIDTH="97"
                    HEIGHT="158"
                    WC="0.8512206375598907"></String>
          </TextLine>
        </TextBlock>
      </PrintSpace>
    </Page>
  </Layout>
</alto>
