<?xml version="1.0" encoding="UTF-8"?>
<alto xmlns:xsi="http://www.w3.org/2001/XMLSchema-instance"
      xmlns="http://www.loc.gov/standards/alto/ns-v4#"
      xsi:schemaLocation="http://www.loc.gov/standards/alto/ns-v4# http://www.loc.gov/standards/alto/v4/alto-4-2.xsd">
  <Description>
    <MeasurementUnit>pixel</MeasurementUnit>
    <sourceImageInformation>
      <fileName>ARCH-DIV-000496_0270.png</fileName>
    </sourceImageInformation>
  </Description>
  <Tags>
    <OtherTag ID="BT42" LABEL="MainZone" DESCRIPTION="block type MainZone"/><OtherTag ID="BT43" LABEL="MarginTextZone" DESCRIPTION="block type MarginTextZone"/><OtherTag ID="BT44" LABEL="NumberingZone" DESCRIPTION="block type NumberingZone"/><OtherTag ID="BT45" LABEL="TitlePageZone" DESCRIPTION="block type TitlePageZone"/><OtherTag ID="BT46" LABEL="CustomZone:Numbering" DESCRIPTION="block type CustomZone:Numbering"/><OtherTag ID="BT49" LABEL="MarginTextZone:lower" DESCRIPTION="block type MarginTextZone:lower"/>
    <OtherTag ID="LT25" LABEL="default" DESCRIPTION="line type default"/><OtherTag ID="LT31" LABEL="DefaultLine" DESCRIPTION="line type DefaultLine"/><OtherTag ID="LT32" LABEL="HeadingLine" DESCRIPTION="line type HeadingLine"/><OtherTag ID="LT33" LABEL="InterlinearLine:addition" DESCRIPTION="line type InterlinearLine:addition"/><OtherTag ID="LT34" LABEL="InterlinearLine:correction" DESCRIPTION="line type InterlinearLine:correction"/>
  </Tags>
  <Layout>
    <Page WIDTH="2790"
          HEIGHT="3324"
          PHYSICAL_IMG_NR="269"
          ID="eSc_dummypage_">
      <PrintSpace HPOS="0"
                  VPOS="0"
                  WIDTH="2790"
                  HEIGHT="3324">
        <TextBlock HPOS="29"
                   VPOS="399"
                   WIDTH="494"
                   HEIGHT="1234"
                   ID="a4adc712-b4db-4dbc-ab2e-b2086b8ab0f7"
                   TAGREFS="BT43">
          <Shape><Polygon POINTS="523 399 503 1629 430 1630 29 1633 29 403"/></Shape>
          <TextLine ID="eSc_line_1e15c435"
                    TAGREFS="LT31"
                    BASELINE="88 490 471 498" 
                    HPOS="85"
                    VPOS="434"
                    WIDTH="386"
                    HEIGHT="92">
            <Shape><Polygon POINTS="199 440 171 448 144 457 116 465 94 473 88 490 85 512 465 526 471 498 471 454 434 440 432 440 429 440 313 451 299 440 299 437 296 437 293 437 290 437 288 437 235 451 218 437 218 434 216 434 199 440"/></Shape>
	    <String CONTENT=""
                    HPOS="85"
                    VPOS="434"
                    WIDTH="386"
                    HEIGHT="92"></String>
          </TextLine>
          <TextLine ID="eSc_line_370ca9de"
                    TAGREFS="LT34"
                    BASELINE="289 540 366 547" 
                    HPOS="289"
                    VPOS="540"
                    WIDTH="77"
                    HEIGHT="7">
	    <String CONTENT=""
                    HPOS="289"
                    VPOS="540"
                    WIDTH="77"
                    HEIGHT="7"></String>
          </TextLine>
          <TextLine ID="eSc_line_bc0dcee9"
                    TAGREFS="LT31"
                    BASELINE="85 576 507 570" 
                    HPOS="83"
                    VPOS="506"
                    WIDTH="424"
                    HEIGHT="120">
            <Shape><Polygon POINTS="498 540 490 529 293 506 290 506 288 506 229 531 169 509 166 509 163 509 160 509 119 520 110 537 83 551 85 576 85 603 185 620 188 620 243 612 318 601 340 617 346 623 349 623 351 623 354 626 507 626 507 570 501 540 498 540"/></Shape>
	    <String CONTENT=""
                    HPOS="83"
                    VPOS="506"
                    WIDTH="424"
                    HEIGHT="120"></String>
          </TextLine>
          <TextLine ID="eSc_line_735cdde5"
                    TAGREFS="LT31"
                    BASELINE="85 656 315 656" 
                    HPOS="85"
                    VPOS="592"
                    WIDTH="230"
                    HEIGHT="92">
            <Shape><Polygon POINTS="85 656 85 684 315 678 315 656 315 617 85 592 85 656"/></Shape>
	    <String CONTENT=""
                    HPOS="85"
                    VPOS="592"
                    WIDTH="230"
                    HEIGHT="92"></String>
          </TextLine>
          <TextLine ID="eSc_line_23051fb3"
                    TAGREFS="LT31"
                    BASELINE="49 1168 407 1157" 
                    HPOS="47"
                    VPOS="1110"
                    WIDTH="360"
                    HEIGHT="86">
            <Shape><Polygon POINTS="47 1152 49 1168 49 1196 407 1182 407 1157 398 1110 72 1127 47 1152"/></Shape>
	    <String CONTENT=""
                    HPOS="47"
                    VPOS="1110"
                    WIDTH="360"
                    HEIGHT="86"></String>
          </TextLine>
          <TextLine ID="eSc_line_c8c4f62f"
                    TAGREFS="LT31"
                    BASELINE="34 1233 441 1213" 
                    HPOS="49"
                    VPOS="1174"
                    WIDTH="385"
                    HEIGHT="86">
            <Shape><Polygon POINTS="52 1260 434 1246 434 1213 426 1174 49 1180 52 1229"/></Shape>
	    <String CONTENT=""
                    HPOS="49"
                    VPOS="1174"
                    WIDTH="385"
                    HEIGHT="86"></String>
          </TextLine>
          <TextLine ID="eSc_line_4996ca05"
                    TAGREFS="LT31"
                    BASELINE="44 1279 393 1265" 
                    HPOS="38"
                    VPOS="1229"
                    WIDTH="355"
                    HEIGHT="78">
            <Shape><Polygon POINTS="44 1279 44 1307 390 1296 393 1265 385 1229 38 1235 44 1279"/></Shape>
	    <String CONTENT=""
                    HPOS="38"
                    VPOS="1229"
                    WIDTH="355"
                    HEIGHT="78"></String>
          </TextLine>
          <TextLine ID="eSc_line_7236ca7d"
                    TAGREFS="LT31"
                    BASELINE="33 1332 390 1321" 
                    HPOS="30"
                    VPOS="1288"
                    WIDTH="360"
                    HEIGHT="77">
            <Shape><Polygon POINTS="33 1332 33 1365 210 1351 387 1360 390 1321 382 1288 30 1293 33 1332"/></Shape>
	    <String CONTENT=""
                    HPOS="30"
                    VPOS="1288"
                    WIDTH="360"
                    HEIGHT="77"></String>
          </TextLine>
          <TextLine ID="eSc_line_3b47a31f"
                    TAGREFS="LT31"
                    BASELINE="31 1387 362 1387" 
                    HPOS="38"
                    VPOS="1340"
                    WIDTH="324"
                    HEIGHT="83">
            <Shape><Polygon POINTS="38 1412 310 1407 357 1423 362 1387 360 1340 38 1343 38 1387"/></Shape>
	    <String CONTENT=""
                    HPOS="38"
                    VPOS="1340"
                    WIDTH="324"
                    HEIGHT="83"></String>
          </TextLine>
          <TextLine ID="eSc_line_7165346c"
                    TAGREFS="LT31"
                    BASELINE="30 1448 307 1448" 
                    HPOS="30"
                    VPOS="1404"
                    WIDTH="277"
                    HEIGHT="75">
            <Shape><Polygon POINTS="30 1448 30 1479 307 1473 307 1448 304 1404 30 1404 30 1448"/></Shape>
	    <String CONTENT=""
                    HPOS="30"
                    VPOS="1404"
                    WIDTH="277"
                    HEIGHT="75"></String>
          </TextLine>
          <TextLine ID="eSc_line_f73b698e"
                    TAGREFS="LT31"
                    BASELINE="44 1517 357 1512" 
                    HPOS="41"
                    VPOS="1451"
                    WIDTH="316"
                    HEIGHT="130">
            <Shape><Polygon POINTS="207 1451 205 1451 202 1451 41 1465 44 1517 44 1551 193 1581 196 1581 357 1545 357 1512 351 1470 227 1470 227 1468 210 1454 210 1451 207 1451"/></Shape>
	    <String CONTENT=""
                    HPOS="41"
                    VPOS="1451"
                    WIDTH="316"
                    HEIGHT="130"></String>
          </TextLine>
        </TextBlock>
        <TextBlock HPOS="483"
                   VPOS="0"
                   WIDTH="2307"
                   HEIGHT="3323"
                   ID="912d6e15-1dc7-4c8b-97f7-479c86e14236"
                   TAGREFS="BT42">
          <Shape><Polygon POINTS="2790 0 2747 3323 483 3323 533 0"/></Shape>
          <TextLine ID="eSc_line_5140314c"
                    TAGREFS="LT31"
                    BASELINE="628 72 1820 85 2188 108 2699 118 2753 127" 
                    HPOS="626"
                    VPOS="22"
                    WIDTH="2100"
                    HEIGHT="122">
            <Shape><Polygon POINTS="2371 110 2343 102 2316 99 2288 96 2260 94 2233 88 2205 85 2177 83 2149 80 2122 77 2094 72 2066 69 2039 66 2011 63 1983 60 1956 55 1928 52 1900 49 1872 47 1845 41 1817 38 1789 36 1676 44 1645 33 1642 33 1640 33 1637 33 1601 44 1579 52 1523 44 1424 27 1401 27 1374 27 1365 27 1321 38 1288 47 1207 36 1122 24 1097 24 1069 24 1041 24 1014 24 986 24 958 24 930 24 908 22 900 30 892 36 869 27 850 22 847 22 820 22 792 22 764 22 736 22 709 22 681 22 673 22 648 22 628 33 628 72 626 91 759 108 761 108 972 102 1050 99 1058 102 1091 119 1094 119 1097 119 1171 105 1199 102 1543 108 1551 116 1559 124 1562 124 1565 124 1568 124 1631 119 1698 110 1759 121 1811 130 1814 130 1847 124 1892 113 1958 127 1983 130 1986 130 2011 127 2047 121 2055 127 2061 132 2061 135 2064 135 2066 135 2720 144 2726 119 2726 72 2654 52 2651 52 2648 52 2645 52 2612 69 2609 69 2607 69 2568 52 2565 52 2562 52 2471 66 2454 66 2407 63 2399 108"/></Shape>
	    <String CONTENT=""
                    HPOS="626"
                    VPOS="22"
                    WIDTH="2100"
                    HEIGHT="122"></String>
          </TextLine>
          <TextLine ID="eSc_line_85f5ed2e"
                    TAGREFS="LT31"
                    BASELINE="634 144 1626 146 2720 174" 
                    HPOS="634"
                    VPOS="88"
                    WIDTH="2086"
                    HEIGHT="116">
            <Shape><Polygon POINTS="2709 157 2693 132 2562 127 2543 163 2515 160 2488 157 2460 155 2432 155 2404 152 2377 149 2349 146 2321 144 2294 141 2266 141 2241 113 2194 113 2191 113 2000 121 1967 102 1964 102 1961 102 1795 99 1584 96 1582 96 1579 96 1512 113 1255 91 1169 91 1166 91 1163 91 1160 91 1133 110 1130 110 1127 110 1052 88 1050 88 953 88 950 88 947 88 944 88 917 108 914 108 905 108 828 88 825 88 822 88 820 88 795 105 784 105 659 88 656 88 653 88 634 96 634 144 637 174 670 160 706 177 709 177 712 177 714 177 761 177 1072 166 1329 182 1332 182 1471 174 1493 188 1496 188 1498 188 1501 188 1512 188 1620 174 1662 191 1665 191 1667 191 1670 191 1681 191 1778 177 1892 193 1900 193 1903 193 1922 193 2138 185 2715 204 2720 174 2717 149 2709 157"/></Shape>
	    <String CONTENT=""
                    HPOS="634"
                    VPOS="88"
                    WIDTH="2086"
                    HEIGHT="116"></String>
          </TextLine>
          <TextLine ID="eSc_line_6aeb9db2"
                    TAGREFS="LT31"
                    BASELINE="620 204 1817 213 2731 240" 
                    HPOS="617"
                    VPOS="152"
                    WIDTH="2114"
                    HEIGHT="116">
            <Shape><Polygon POINTS="620 204 617 227 2726 268 2731 240 2731 193 2479 193 2474 188 2449 177 2446 177 2443 177 2396 188 2377 191 2332 185 2197 171 2194 171 2191 171 2149 182 2141 185 1875 185 1867 180 1836 166 1834 166 1831 166 1346 171 1313 171 1307 171 1232 157 1230 157 1099 168 1088 168 1074 168 947 152 944 152 942 152 911 166 908 166 620 163 620 204"/></Shape>
	    <String CONTENT=""
                    HPOS="617"
                    VPOS="152"
                    WIDTH="2114"
                    HEIGHT="116"></String>
          </TextLine>
          <TextLine ID="eSc_line_01fcb633"
                    TAGREFS="LT31"
                    BASELINE="612 268 2083 277 2712 299" 
                    HPOS="612"
                    VPOS="218"
                    WIDTH="2100"
                    HEIGHT="103">
            <Shape><Polygon POINTS="612 268 612 301 811 288 878 304 881 304 883 304 886 304 1077 290 1099 304 1102 304 1105 304 1108 304 1349 293 1363 304 1363 307 1365 307 1368 307 1371 307 1606 296 2706 321 2712 299 2712 252 612 218 612 268"/></Shape>
	    <String CONTENT=""
                    HPOS="612"
                    VPOS="218"
                    WIDTH="2100"
                    HEIGHT="103"></String>
          </TextLine>
          <TextLine ID="eSc_line_65dcdf09"
                    TAGREFS="LT31"
                    BASELINE="606 343 911 332 1670 335 2720 360" 
                    HPOS="606"
                    VPOS="279"
                    WIDTH="2114"
                    HEIGHT="103">
            <Shape><Polygon POINTS="606 343 606 360 1030 351 1316 368 1371 371 1374 371 1388 368 1460 357 1507 371 1509 371 1512 371 1515 371 1532 371 1692 360 1723 373 1731 376 1734 376 1737 376 1775 373 1884 362 1920 373 1931 379 1933 379 1936 379 1986 376 2105 365 2172 376 2186 379 2715 382 2720 360 2720 318 2222 313 2219 310 2197 296 2194 296 2191 296 2188 296 2186 296 2136 310 2130 310 2127 310 2094 293 2091 293 2089 293 1717 301 1698 288 1695 288 1692 288 1690 288 1557 301 1548 301 1545 301 1523 285 1521 285 1518 285 1515 285 1424 299 1421 299 1340 282 1338 282 1183 296 1177 296 1174 296 1116 279 1113 279 1111 279 606 288 606 343"/></Shape>
	    <String CONTENT=""
                    HPOS="606"
                    VPOS="279"
                    WIDTH="2114"
                    HEIGHT="103"></String>
          </TextLine>
          <TextLine ID="eSc_line_61a53451"
                    TAGREFS="LT31"
                    BASELINE="606 404 2075 404 2729 418" 
                    HPOS="603"
                    VPOS="349"
                    WIDTH="2126"
                    HEIGHT="94">
            <Shape><Polygon POINTS="606 404 603 429 2723 443 2729 418 2723 371 2355 371 2338 368 2274 357 2271 357 2210 368 2197 371 2186 368 2138 354 2136 354 2133 354 2130 354 2097 368 2089 371 2080 368 2036 354 2033 354 1787 351 1784 351 1781 351 1778 351 1751 368 1748 371 1457 371 1454 368 1407 351 1404 351 1401 351 1399 351 1346 368 1343 368 1338 368 1285 351 1282 351 1280 351 1277 351 1213 368 1207 368 1202 368 1113 349 1038 349 1036 349 1033 349 1030 349 1011 365 964 349 961 349 958 349 839 362 712 349 709 349 606 365 606 404"/></Shape>
	    <String CONTENT=""
                    HPOS="603"
                    VPOS="349"
                    WIDTH="2126"
                    HEIGHT="94"></String>
          </TextLine>
          <TextLine ID="eSc_line_c172acb6"
                    TAGREFS="LT31"
                    BASELINE="584 476 2709 476" 
                    HPOS="584"
                    VPOS="432"
                    WIDTH="2125"
                    HEIGHT="83">
            <Shape><Polygon POINTS="584 476 584 501 2355 515 2357 515 2360 515 2366 515 2418 501 2526 515 2535 515 2537 515 2543 515 2612 501 2706 515 2709 476 2706 432 584 434 584 476"/></Shape>
	    <String CONTENT=""
                    HPOS="584"
                    VPOS="432"
                    WIDTH="2125"
                    HEIGHT="83"></String>
          </TextLine>
          <TextLine ID="eSc_line_94b54806"
                    TAGREFS="LT31"
                    BASELINE="603 534 2698 542" 
                    HPOS="603"
                    VPOS="481"
                    WIDTH="2095"
                    HEIGHT="89">
            <Shape><Polygon POINTS="603 534 603 570 2695 570 2698 542 2695 504 1183 484 1180 484 1099 484 734 495 603 481 603 534"/></Shape>
	    <String CONTENT=""
                    HPOS="603"
                    VPOS="481"
                    WIDTH="2095"
                    HEIGHT="89"></String>
          </TextLine>
          <TextLine ID="eSc_line_02cd5e32"
                    TAGREFS="LT31"
                    BASELINE="595 612 1449 595 2472 603 2648 599 2725 608" 
                    HPOS="592"
                    VPOS="545"
                    WIDTH="2120"
                    HEIGHT="94">
            <Shape><Polygon POINTS="595 639 1230 620 1485 634 1487 634 1742 620 1770 637 1773 637 1775 637 1778 637 1781 637 1787 637 1853 617 1922 634 1925 634 1928 637 1964 637 2163 637 2163 634 2166 634 2169 634 2186 620 2202 634 2205 634 2208 634 2210 634 2546 634 2607 631 2609 631 2612 631 2629 617 2706 631 2712 598 2709 559 2446 545 2443 545 2357 559 2355 559 2327 545 2324 545 2321 545 2224 559 2166 545 2163 545 2161 545 1931 559 1884 545 1881 545 1878 545 1795 562 1792 562 1781 562 1277 548 1274 548 1271 548 1268 548 1246 562 1000 551 997 551 917 565 886 551 883 551 881 551 803 565 759 551 756 551 753 551 673 565 653 551 651 551 648 551 645 551 642 551 592 567 595 612"/></Shape>
	    <String CONTENT=""
                    HPOS="592"
                    VPOS="545"
                    WIDTH="2120"
                    HEIGHT="94"></String>
          </TextLine>
          <TextLine ID="eSc_line_7db0ec04"
                    TAGREFS="LT31"
                    BASELINE="587 681 1593 659 2701 673" 
                    HPOS="584"
                    VPOS="612"
                    WIDTH="2117"
                    HEIGHT="91">
            <Shape><Polygon POINTS="587 681 587 689 1061 703 1063 703 1066 703 1091 692 1097 689 1105 692 1124 703 1127 703 1130 703 1230 692 1277 689 1291 692 1316 703 1318 703 1321 703 1324 703 1327 703 1340 695 1349 686 1579 686 1609 695 1631 700 1634 700 1637 700 1640 700 1642 700 1648 695 1659 686 2050 686 2080 698 2091 700 2094 700 2097 703 2346 703 2346 700 2382 698 2512 684 2532 698 2535 698 2537 698 2540 700 2701 700 2701 673 2698 628 2413 628 2374 612 2371 612 2368 612 2366 612 2363 612 2338 628 2335 628 2258 628 1493 614 1490 614 1379 631 1368 631 1363 631 1327 617 1324 617 1321 617 1318 617 1282 631 1280 631 1252 631 1011 617 1008 617 1005 617 1002 617 983 631 980 634 856 634 853 631 803 617 800 617 797 617 795 617 792 617 775 631 775 634 584 634 587 681"/></Shape>
	    <String CONTENT=""
                    HPOS="584"
                    VPOS="612"
                    WIDTH="2117"
                    HEIGHT="91"></String>
          </TextLine>
          <TextLine ID="eSc_line_7dbd6adb"
                    TAGREFS="LT31"
                    BASELINE="584 753 1609 728 2687 736" 
                    HPOS="581"
                    VPOS="681"
                    WIDTH="2106"
                    HEIGHT="100">
            <Shape><Polygon POINTS="584 753 584 770 930 781 933 781 936 781 964 770 983 761 1257 761 1288 770 1316 778 1318 778 1321 778 1382 770 1468 758 1562 770 1615 775 1618 775 1620 775 1623 775 1629 770 1645 758 1764 770 1809 772 1811 772 1850 770 1978 756 2030 770 2044 772 2047 772 2050 772 2053 772 2064 770 2113 753 2227 770 2241 770 2244 770 2687 767 2687 736 2681 681 2036 698 1703 692 1316 686 1313 686 1119 700 1066 703 1044 700 961 689 958 689 955 689 953 689 936 703 930 709 723 709 720 706 687 692 684 692 681 692 581 706 584 753"/></Shape>
	    <String CONTENT=""
                    HPOS="581"
                    VPOS="681"
                    WIDTH="2106"
                    HEIGHT="100"></String>
          </TextLine>
          <TextLine ID="eSc_line_a1302d5e"
                    TAGREFS="LT31"
                    BASELINE="584 825 1875 794 2681 794" 
                    HPOS="581"
                    VPOS="745"
                    WIDTH="2100"
                    HEIGHT="108">
            <Shape><Polygon POINTS="584 825 584 844 875 853 878 853 1158 839 1307 833 1346 839 1396 844 1399 844 1468 836 1559 825 1584 836 1593 839 1595 839 1598 839 1601 839 1609 836 1629 825 1673 833 1687 836 1690 836 1756 833 2050 817 2169 828 2194 831 2197 831 2199 831 2210 828 2266 814 2316 828 2318 828 2321 828 2324 828 2681 822 2681 794 2679 747 2227 745 2224 745 2177 756 2161 758 2149 756 2116 745 2113 745 2111 745 2041 758 2019 761 1992 758 1895 747 1892 747 1889 747 1886 747 1872 761 1867 764 1836 761 1723 750 1720 750 1587 767 1551 770 1521 767 1399 756 1396 756 1393 756 1365 770 1360 772 1354 770 1327 761 1324 761 1321 761 1232 772 1207 775 1185 772 1072 761 1069 761 930 778 903 781 878 781 745 767 742 767 581 783 584 825"/></Shape>
	    <String CONTENT=""
                    HPOS="581"
                    VPOS="745"
                    WIDTH="2100"
                    HEIGHT="108"></String>
          </TextLine>
          <TextLine ID="eSc_line_2f87c5b7"
                    TAGREFS="LT31"
                    BASELINE="590 891 1831 861 2676 853" 
                    HPOS="587"
                    VPOS="811"
                    WIDTH="2089"
                    HEIGHT="119">
            <Shape><Polygon POINTS="590 891 590 930 731 908 853 925 864 925 867 925 869 925 875 925 922 911 961 922 964 922 966 922 969 922 972 922 975 922 1011 900 1169 900 1224 914 1232 916 1235 916 1238 916 1257 914 1352 897 1587 905 1698 908 1701 908 1703 908 1723 903 1762 889 1853 897 1906 903 1908 903 1950 894 2019 883 2111 891 2183 897 2186 897 2188 897 2191 897 2202 889 2213 880 2235 889 2249 891 2252 891 2255 891 2327 886 2438 875 2476 880 2535 891 2537 891 2673 875 2676 853 2668 811 587 853 590 891"/></Shape>
	    <String CONTENT=""
                    HPOS="587"
                    VPOS="811"
                    WIDTH="2089"
                    HEIGHT="119"></String>
          </TextLine>
          <TextLine ID="eSc_line_85b6278c"
                    TAGREFS="LT31"
                    BASELINE="587 963 1950 922 2684 916" 
                    HPOS="584"
                    VPOS="869"
                    WIDTH="2100"
                    HEIGHT="119">
            <Shape><Polygon POINTS="587 963 587 980 911 988 914 988 1008 975 1041 969 1066 972 1124 983 1127 983 1130 983 1133 983 1149 972 1155 966 1166 972 1188 980 1191 980 1194 980 1196 980 1235 969 1260 963 1293 969 1349 977 1352 977 1354 977 1388 966 1410 961 1437 966 1473 972 1476 972 1568 963 1681 950 2684 941 2684 916 2679 872 2224 869 2222 869 2113 886 2097 886 2086 886 2003 875 2000 875 1997 875 1953 889 1950 889 1931 889 1703 883 1701 883 1698 883 1695 883 1676 897 1670 900 1346 905 1329 905 1241 894 1238 894 1235 894 1232 894 1213 908 1210 908 1177 908 911 903 908 903 584 922 587 963"/></Shape>
	    <String CONTENT=""
                    HPOS="584"
                    VPOS="869"
                    WIDTH="2100"
                    HEIGHT="119"></String>
          </TextLine>
          <TextLine ID="eSc_line_d34e5f3a"
                    TAGREFS="LT31"
                    BASELINE="579 1038 1756 997 2280 986 2668 994" 
                    HPOS="576"
                    VPOS="925"
                    WIDTH="2092"
                    HEIGHT="149">
            <Shape><Polygon POINTS="579 1038 579 1055 767 1074 770 1074 1135 1047 1260 1038 1360 1044 1451 1047 1454 1047 1507 1041 1582 1030 1595 1038 1612 1049 1615 1049 1618 1049 1620 1049 1623 1049 1651 1038 1678 1027 1762 1035 1842 1044 1845 1044 1847 1044 1889 1033 1950 1019 2005 1033 2017 1033 2019 1033 2022 1033 2028 1030 2077 1016 2163 1030 2194 1033 2197 1033 2199 1033 2219 1027 2282 1011 2338 1027 2346 1027 2349 1027 2352 1027 2668 1019 2668 994 2665 939 2471 925 2468 925 2379 944 2327 927 2324 927 2321 927 2318 927 2316 927 2316 930 2296 947 2296 950 1989 955 1967 955 1922 941 1920 941 1917 941 1839 958 1770 944 1767 944 1764 944 1692 963 1645 947 1642 947 1640 947 1559 950 1557 950 1554 950 1554 952 1537 966 1465 952 1462 952 1460 952 1421 972 1418 972 1352 958 1349 958 1346 958 1343 958 1321 975 1318 975 1266 961 1263 961 1163 961 1160 961 1158 961 1108 980 1105 980 1099 980 961 966 958 966 867 988 858 988 850 988 803 977 800 977 576 994 579 1038"/></Shape>
	    <String CONTENT=""
                    HPOS="576"
                    VPOS="925"
                    WIDTH="2092"
                    HEIGHT="149"></String>
          </TextLine>
          <TextLine ID="eSc_line_46f5cca8"
                    TAGREFS="LT31"
                    BASELINE="579 1110 2515 1055" 
                    HPOS="576"
                    VPOS="1002"
                    WIDTH="1939"
                    HEIGHT="158">
            <Shape><Polygon POINTS="579 1110 579 1160 753 1155 756 1155 759 1155 795 1130 869 1146 872 1146 875 1146 917 1124 1030 1124 1061 1144 1063 1144 1066 1144 1155 1146 1158 1146 1545 1135 1548 1135 1551 1135 1568 1121 1582 1132 1584 1132 1587 1132 1590 1132 1593 1132 1620 1119 1656 1105 1980 1105 2100 1105 2102 1105 2147 1099 2199 1091 2213 1096 2235 1105 2238 1105 2241 1105 2244 1105 2246 1105 2258 1094 2266 1085 2515 1083 2515 1055 2510 1019 2438 1005 2435 1005 2371 1019 2321 1002 2318 1002 2316 1002 2219 1024 2210 1024 2208 1024 2174 1008 2172 1008 2169 1008 2166 1008 2125 1024 2119 1030 1931 1033 1920 1030 1889 1016 1886 1016 1884 1016 1881 1016 1845 1030 1834 1035 1828 1030 1814 1022 1811 1022 1809 1022 1806 1022 1739 1033 1706 1038 1690 1033 1651 1022 1648 1022 1645 1022 1521 1038 1446 1047 1404 1041 1352 1030 1349 1030 1346 1030 1343 1030 1327 1041 1316 1047 1296 1041 1257 1033 1255 1033 1252 1033 1249 1033 1246 1033 1235 1044 1224 1052 1210 1044 1194 1035 1191 1035 1188 1035 1185 1035 1166 1044 1149 1052 1138 1044 1130 1038 1127 1038 1124 1038 1122 1038 1000 1041 997 1041 983 1049 955 1063 839 1063 822 1052 817 1047 814 1047 811 1047 809 1047 806 1047 795 1052 764 1066 576 1058 579 1110"/></Shape>
	    <String CONTENT=""
                    HPOS="576"
                    VPOS="1002"
                    WIDTH="1939"
                    HEIGHT="158"></String>
          </TextLine>
          <TextLine ID="eSc_line_dbe216ca"
                    TAGREFS="LT31"
                    BASELINE="581 1185 1009 1181 1009 1181 2690 1132" 
                    HPOS="579"
                    VPOS="1096"
                    WIDTH="2111"
                    HEIGHT="120">
            <Shape><Polygon POINTS="581 1204 894 1216 897 1216 900 1216 903 1216 930 1199 939 1199 1133 1210 1135 1210 1138 1210 1141 1210 1166 1193 1169 1193 1191 1193 1449 1202 1451 1202 1454 1202 1490 1188 1496 1185 1543 1185 1775 1193 1778 1193 2687 1160 2690 1132 2681 1096 579 1149 581 1185"/></Shape>
	    <String CONTENT=""
                    HPOS="579"
                    VPOS="1096"
                    WIDTH="2111"
                    HEIGHT="120"></String>
          </TextLine>
          <TextLine ID="eSc_line_eeb3b387"
                    TAGREFS="LT31"
                    BASELINE="576 1257 2665 1202" 
                    HPOS="573"
                    VPOS="1152"
                    WIDTH="2092"
                    HEIGHT="133">
            <Shape><Polygon POINTS="576 1257 576 1276 789 1271 806 1274 883 1285 886 1285 975 1268 997 1265 1014 1268 1091 1279 1094 1279 1097 1279 1099 1279 1116 1265 1122 1263 1155 1263 1302 1274 1304 1274 1396 1257 1426 1254 1526 1254 1806 1260 1809 1260 1811 1260 1836 1249 1842 1246 1897 1246 2138 1252 2141 1252 2208 1238 2233 1232 2662 1227 2665 1202 2659 1163 2352 1152 2349 1152 2346 1152 2343 1152 2324 1166 2169 1157 2166 1157 2163 1157 2130 1177 2127 1177 2105 1177 1964 1166 1961 1166 1656 1188 1609 1191 1584 1191 1404 1177 1401 1177 1399 1177 1396 1177 1365 1196 1363 1199 1191 1202 1166 1202 986 1188 983 1188 883 1193 881 1193 878 1193 861 1210 858 1213 712 1213 676 1196 673 1196 670 1196 573 1216 576 1257"/></Shape>
	    <String CONTENT=""
                    HPOS="573"
                    VPOS="1152"
                    WIDTH="2092"
                    HEIGHT="133"></String>
          </TextLine>
          <TextLine ID="eSc_line_d231f7df"
                    TAGREFS="LT31"
                    BASELINE="573 1321 2657 1265" 
                    HPOS="570"
                    VPOS="1227"
                    WIDTH="2087"
                    HEIGHT="127">
            <Shape><Polygon POINTS="573 1321 573 1343 681 1340 687 1343 712 1354 714 1354 717 1354 797 1340 814 1337 825 1340 881 1351 883 1351 1041 1335 1097 1329 1119 1332 1171 1343 1174 1343 1260 1329 1302 1324 1332 1329 1385 1337 1388 1337 1471 1326 1521 1318 1557 1324 1609 1332 1612 1332 1615 1332 1618 1332 1629 1321 1634 1318 1656 1321 1715 1329 1717 1329 1831 1318 1933 1307 1978 1315 2017 1321 2019 1321 2072 1312 2138 1301 2657 1301 2657 1265 2648 1227 570 1279 573 1321"/></Shape>
	    <String CONTENT=""
                    HPOS="570"
                    VPOS="1227"
                    WIDTH="2087"
                    HEIGHT="127"></String>
          </TextLine>
          <TextLine ID="eSc_line_e8d0d4b0"
                    TAGREFS="LT31"
                    BASELINE="562 1393 1318 1360 2643 1324" 
                    HPOS="559"
                    VPOS="1288"
                    WIDTH="2084"
                    HEIGHT="133">
            <Shape><Polygon POINTS="562 1393 562 1421 933 1398 994 1409 1000 1409 1002 1409 1011 1409 1102 1390 2640 1351 2643 1324 2634 1288 1878 1296 1717 1315 1701 1315 1692 1315 1626 1304 1623 1304 1620 1304 1618 1304 1604 1318 1601 1318 1579 1318 1352 1312 1349 1312 559 1348 562 1393"/></Shape>
	    <String CONTENT=""
                    HPOS="559"
                    VPOS="1288"
                    WIDTH="2084"
                    HEIGHT="133"></String>
          </TextLine>
          <TextLine ID="eSc_line_3cf5d454"
                    TAGREFS="LT31"
                    BASELINE="567 1457 1612 1415 2684 1390" 
                    HPOS="565"
                    VPOS="1346"
                    WIDTH="2119"
                    HEIGHT="135">
            <Shape><Polygon POINTS="567 1457 567 1481 2684 1409 2684 1390 2676 1346 565 1404 567 1457"/></Shape>
	    <String CONTENT=""
                    HPOS="565"
                    VPOS="1346"
                    WIDTH="2119"
                    HEIGHT="135"></String>
          </TextLine>
          <TextLine ID="eSc_line_5d7e664d"
                    TAGREFS="LT31"
                    BASELINE="562 1517 1301 1505 1301 1505 1994 1470 2648 1459" 
                    HPOS="559"
                    VPOS="1415"
                    WIDTH="2089"
                    HEIGHT="130">
            <Shape><Polygon POINTS="562 1537 925 1545 928 1545 1263 1523 1407 1515 1435 1520 1479 1529 1482 1529 1532 1517 1573 1509 1620 1515 1656 1520 1659 1520 1759 1512 1939 1498 2028 1506 2055 1509 2058 1509 2061 1509 2075 1506 2127 1493 2645 1493 2648 1459 2643 1418 2152 1415 2149 1415 2147 1415 2105 1432 2102 1432 2097 1432 1933 1421 1931 1421 1928 1421 1895 1437 1886 1437 1471 1434 1468 1434 559 1476 562 1517"/></Shape>
	    <String CONTENT=""
                    HPOS="559"
                    VPOS="1415"
                    WIDTH="2089"
                    HEIGHT="130"></String>
          </TextLine>
          <TextLine ID="eSc_line_3d4728c5"
                    TAGREFS="LT34"
                    BASELINE="1184 1476 1500 1462" 
                    HPOS="1184"
                    VPOS="1462"
                    WIDTH="316"
                    HEIGHT="14">
	    <String CONTENT=""
                    HPOS="1184"
                    VPOS="1462"
                    WIDTH="316"
                    HEIGHT="14"></String>
          </TextLine>
          <TextLine ID="eSc_line_bc7cb772"
                    TAGREFS="LT31"
                    BASELINE="559 1578 2659 1520" 
                    HPOS="556"
                    VPOS="1481"
                    WIDTH="2103"
                    HEIGHT="131">
            <Shape><Polygon POINTS="559 1578 559 1595 656 1612 659 1612 759 1595 856 1606 858 1606 861 1606 933 1589 1036 1601 1038 1601 2659 1542 2659 1520 2651 1481 556 1529 559 1578"/></Shape>
	    <String CONTENT=""
                    HPOS="556"
                    VPOS="1481"
                    WIDTH="2103"
                    HEIGHT="131"></String>
          </TextLine>
          <TextLine ID="eSc_line_023b0aee"
                    TAGREFS="LT31"
                    BASELINE="556 1645 2108 1598 2693 1598" 
                    HPOS="554"
                    VPOS="1548"
                    WIDTH="2139"
                    HEIGHT="133">
            <Shape><Polygon POINTS="556 1645 556 1681 761 1659 864 1673 867 1673 869 1673 1213 1648 1260 1662 1263 1662 1266 1662 1443 1642 1529 1653 1532 1653 1534 1653 1598 1637 1787 1648 1789 1648 1792 1648 1795 1648 1922 1625 2693 1623 2693 1598 2690 1548 2122 1548 2119 1548 2116 1548 2113 1548 2113 1551 2100 1562 2097 1562 2005 1551 2003 1551 1892 1567 1881 1567 1867 1567 1692 1559 1690 1559 1687 1559 1684 1559 1665 1573 1662 1573 1606 1562 1604 1562 554 1601 556 1645"/></Shape>
	    <String CONTENT=""
                    HPOS="554"
                    VPOS="1548"
                    WIDTH="2139"
                    HEIGHT="133"></String>
          </TextLine>
          <TextLine ID="eSc_line_b64b582b"
                    TAGREFS="LT31"
                    BASELINE="554 1714 1454 1681 2668 1659" 
                    HPOS="551"
                    VPOS="1617"
                    WIDTH="2117"
                    HEIGHT="130">
            <Shape><Polygon POINTS="554 1714 554 1747 648 1731 1199 1731 1202 1731 1205 1731 1255 1714 1415 1725 1418 1725 1554 1703 2665 1695 2668 1659 2659 1617 1318 1637 1316 1637 1313 1637 1288 1653 1285 1653 1266 1653 1144 1642 1141 1642 1138 1642 1086 1656 1077 1662 869 1664 867 1664 842 1650 839 1650 836 1650 833 1650 831 1650 817 1664 814 1664 809 1664 709 1653 706 1653 551 1670 554 1714"/></Shape>
	    <String CONTENT=""
                    HPOS="551"
                    VPOS="1617"
                    WIDTH="2117"
                    HEIGHT="130"></String>
          </TextLine>
          <TextLine ID="eSc_line_245a8da3"
                    TAGREFS="LT31"
                    BASELINE="551 1778 2643 1720" 
                    HPOS="548"
                    VPOS="1667"
                    WIDTH="2095"
                    HEIGHT="141">
            <Shape><Polygon POINTS="551 1778 551 1808 2640 1742 2643 1720 2634 1667 2518 1684 2440 1673 2435 1673 2432 1673 2424 1673 2330 1689 2246 1678 2233 1678 2230 1678 2213 1681 2122 1698 1717 1698 1540 1698 1537 1698 1534 1698 1532 1698 1526 1703 1512 1711 1468 1703 1437 1700 1435 1700 1393 1706 1332 1717 1183 1714 1055 1711 1052 1711 1050 1711 1047 1711 1038 1720 1030 1725 1000 1720 961 1714 958 1714 548 1734 551 1778"/></Shape>
	    <String CONTENT=""
                    HPOS="548"
                    VPOS="1667"
                    WIDTH="2095"
                    HEIGHT="141"></String>
          </TextLine>
          <TextLine ID="eSc_line_cc1b6281"
                    TAGREFS="LT31"
                    BASELINE="548 1839 1715 1814" 
                    HPOS="545"
                    VPOS="1764"
                    WIDTH="1170"
                    HEIGHT="108">
            <Shape><Polygon POINTS="548 1839 548 1869 917 1872 919 1872 922 1872 953 1861 964 1855 1019 1858 1160 1866 1163 1866 1235 1853 1252 1850 1282 1850 1421 1861 1424 1861 1426 1861 1460 1847 1465 1842 1612 1842 1618 1842 1665 1855 1667 1855 1670 1855 1673 1855 1715 1839 1715 1814 1706 1764 1532 1781 1454 1770 1451 1770 1449 1770 1446 1770 1424 1786 706 1786 703 1786 700 1786 662 1800 545 1789 548 1839"/></Shape>
	    <String CONTENT=""
                    HPOS="545"
                    VPOS="1764"
                    WIDTH="1170"
                    HEIGHT="108"></String>
          </TextLine>
          <TextLine ID="eSc_line_c6dc5687"
                    TAGREFS="LT31"
                    BASELINE="584 1908 2665 1853" 
                    HPOS="581"
                    VPOS="1800"
                    WIDTH="2084"
                    HEIGHT="139">
            <Shape><Polygon POINTS="584 1908 584 1927 748 1939 750 1939 753 1939 811 1925 814 1925 825 1925 994 1933 997 1933 1274 1916 1354 1911 1554 1911 1911 1911 1911 1908 1914 1908 1925 1902 1942 1894 1992 1900 2030 1905 2033 1905 2089 1900 2169 1889 2665 1889 2665 1853 2659 1817 2457 1800 2454 1800 2255 1806 2252 1806 2210 1825 1947 1814 1944 1814 1942 1814 1906 1830 1792 1819 1789 1819 1787 1819 1726 1839 1540 1825 1537 1825 1534 1825 1532 1825 1512 1842 1449 1828 1446 1828 1443 1828 1440 1828 1407 1847 1185 1836 1183 1836 1180 1836 1113 1853 1041 1839 1038 1839 953 1861 761 1864 714 1850 712 1850 709 1850 706 1850 703 1850 676 1869 581 1869 584 1908"/></Shape>
	    <String CONTENT=""
                    HPOS="581"
                    VPOS="1800"
                    WIDTH="2084"
                    HEIGHT="139"></String>
          </TextLine>
          <TextLine ID="eSc_line_47f6ef00"
                    TAGREFS="LT31"
                    BASELINE="540 1975 2291 1919 2626 1919" 
                    HPOS="537"
                    VPOS="1875"
                    WIDTH="2089"
                    HEIGHT="127">
            <Shape><Polygon POINTS="540 1975 540 2002 1185 1977 1307 1986 1335 1986 1338 1986 1360 1983 1462 1969 1595 1977 1623 1977 1626 1977 1667 1975 1903 1955 2064 1963 2080 1963 2083 1963 2091 1963 2180 1947 2255 1958 2260 1958 2263 1958 2271 1958 2377 1941 2620 1947 2626 1919 2620 1875 537 1930 540 1975"/></Shape>
	    <String CONTENT=""
                    HPOS="537"
                    VPOS="1875"
                    WIDTH="2089"
                    HEIGHT="127"></String>
          </TextLine>
          <TextLine ID="eSc_line_91eca607"
                    TAGREFS="LT31"
                    BASELINE="548 2041 2233 1988 2651 1994" 
                    HPOS="545"
                    VPOS="1936"
                    WIDTH="2106"
                    HEIGHT="122">
            <Shape><Polygon POINTS="548 2041 548 2058 2651 2011 2651 1994 2645 1947 2382 1952 2379 1952 2288 1936 2285 1936 2188 1958 2186 1958 2122 1941 2119 1941 2116 1941 2113 1941 2111 1941 2086 1961 2083 1961 1906 1947 1903 1947 1900 1947 1861 1966 1781 1952 1778 1952 1775 1952 1773 1952 1753 1969 1379 1963 1376 1963 1374 1963 1316 1983 1313 1983 1271 1969 1268 1969 1266 1969 1263 1969 1219 1983 1177 1969 1174 1969 1171 1969 1169 1969 1166 1969 1138 1986 1072 1972 1069 1972 1066 1972 1025 1991 1022 1991 933 1975 930 1975 856 1977 853 1977 850 1977 825 1997 822 1997 817 1997 576 1986 573 1986 570 1986 567 1986 545 1997 548 2041"/></Shape>
	    <String CONTENT=""
                    HPOS="545"
                    VPOS="1936"
                    WIDTH="2106"
                    HEIGHT="122"></String>
          </TextLine>
          <TextLine ID="eSc_line_dc3e7d22"
                    TAGREFS="LT31"
                    BASELINE="543 2107 913 2108 913 2108 2604 2055" 
                    HPOS="540"
                    VPOS="2016"
                    WIDTH="2064"
                    HEIGHT="125">
            <Shape><Polygon POINTS="543 2124 573 2141 576 2141 579 2141 1008 2116 1091 2113 1158 2113 1407 2121 1410 2121 1800 2110 1803 2110 1834 2102 1872 2094 1967 2099 2036 2105 2039 2105 2041 2105 2044 2105 2050 2099 2064 2088 2601 2088 2604 2055 2596 2016 540 2060 543 2107"/></Shape>
	    <String CONTENT=""
                    HPOS="540"
                    VPOS="2016"
                    WIDTH="2064"
                    HEIGHT="125"></String>
          </TextLine>
          <TextLine ID="eSc_line_2a0e11f1"
                    TAGREFS="LT31"
                    BASELINE="543 2188 1005 2173 1049 2148 1050 2152 1050 2171 2654 2116" 
                    HPOS="540"
                    VPOS="2063"
                    WIDTH="2114"
                    HEIGHT="153">
            <Shape><Polygon POINTS="543 2216 2654 2143 2654 2116 2645 2077 2565 2083 2548 2080 2496 2063 2493 2063 2490 2063 2488 2063 2485 2063 2457 2080 2449 2088 2280 2091 2249 2088 2166 2074 2163 2074 2005 2094 1917 2105 1778 2102 1701 2099 1698 2099 1637 2105 1509 2119 1473 2110 1437 2099 1435 2099 1432 2099 1429 2099 1388 2113 1349 2127 1147 2130 1127 2119 1116 2110 1113 2110 1111 2110 1108 2110 1047 2121 1019 2127 1000 2124 969 2116 966 2116 964 2116 961 2116 925 2124 864 2141 540 2138 543 2188"/></Shape>
	    <String CONTENT=""
                    HPOS="540"
                    VPOS="2063"
                    WIDTH="2114"
                    HEIGHT="153"></String>
          </TextLine>
          <TextLine ID="eSc_line_1205c225"
                    TAGREFS="LT31"
                    BASELINE="534 2252 2620 2193" 
                    HPOS="531"
                    VPOS="2141"
                    WIDTH="2089"
                    HEIGHT="138">
            <Shape><Polygon POINTS="534 2252 534 2279 2620 2224 2620 2193 2612 2141 2507 2160 2435 2146 2432 2146 2429 2146 2305 2166 1972 2160 1914 2160 1911 2160 1842 2163 1512 2191 1205 2196 1144 2185 1116 2182 1113 2182 1080 2188 1014 2202 953 2193 919 2188 917 2188 875 2196 809 2207 778 2199 761 2193 759 2193 756 2193 531 2204 534 2252"/></Shape>
	    <String CONTENT=""
                    HPOS="531"
                    VPOS="2141"
                    WIDTH="2089"
                    HEIGHT="138"></String>
          </TextLine>
          <TextLine ID="eSc_line_2e1c0ed1"
                    TAGREFS="LT31"
                    BASELINE="529 2324 2637 2252" 
                    HPOS="526"
                    VPOS="2202"
                    WIDTH="2111"
                    HEIGHT="160">
            <Shape><Polygon POINTS="529 2324 531 2362 612 2346 922 2348 1014 2348 1016 2348 1041 2343 1108 2329 1155 2340 1174 2343 1177 2343 1496 2332 1498 2332 1501 2332 1507 2326 1521 2315 1557 2324 1576 2329 1579 2329 1582 2329 1654 2321 1745 2310 1825 2315 1900 2318 1903 2318 1939 2310 1989 2299 2197 2301 2391 2301 2393 2301 2396 2301 2415 2293 2432 2285 2637 2285 2637 2252 2629 2202 2136 2232 2108 2221 2105 2221 2102 2221 1969 2238 1751 2232 1748 2232 1745 2232 1742 2232 1720 2246 1573 2238 1570 2238 1476 2254 1346 2246 1343 2246 828 2276 784 2265 781 2265 778 2265 670 2282 526 2274 529 2324"/></Shape>
	    <String CONTENT=""
                    HPOS="526"
                    VPOS="2202"
                    WIDTH="2111"
                    HEIGHT="160"></String>
          </TextLine>
          <TextLine ID="eSc_line_23e8af2f"
                    TAGREFS="LT34"
                    BASELINE="2111 2306 2210 2307" 
                    HPOS="2111"
                    VPOS="2306"
                    WIDTH="99"
                    HEIGHT="1">
	    <String CONTENT=""
                    HPOS="2111"
                    VPOS="2306"
                    WIDTH="99"
                    HEIGHT="1"></String>
          </TextLine>
          <TextLine ID="eSc_line_b1d79c60"
                    TAGREFS="LT31"
                    BASELINE="529 2396 2615 2318" 
                    HPOS="526"
                    VPOS="2268"
                    WIDTH="2089"
                    HEIGHT="158">
            <Shape><Polygon POINTS="529 2396 529 2426 2615 2351 2615 2318 2604 2268 2535 2285 2230 2282 2166 2282 2163 2282 2147 2285 2069 2301 1969 2290 1944 2290 1942 2290 1939 2290 1928 2293 1867 2310 1825 2296 1820 2296 1817 2296 1814 2296 1811 2296 1806 2299 1778 2312 1737 2301 1734 2301 1731 2301 1728 2301 1640 2318 1498 2310 1479 2310 1476 2310 1451 2312 1268 2332 1174 2321 1152 2321 1149 2321 1147 2321 1144 2321 1141 2324 1116 2340 526 2346 529 2396"/></Shape>
	    <String CONTENT=""
                    HPOS="526"
                    VPOS="2268"
                    WIDTH="2089"
                    HEIGHT="158"></String>
          </TextLine>
          <TextLine ID="eSc_line_dab360fd"
                    TAGREFS="LT31"
                    BASELINE="534 2462 2626 2384" 
                    HPOS="531"
                    VPOS="2348"
                    WIDTH="2095"
                    HEIGHT="150">
            <Shape><Polygon POINTS="534 2462 534 2498 615 2479 2017 2445 2028 2443 2255 2420 2620 2420 2626 2384 2618 2348 531 2409 534 2462"/></Shape>
	    <String CONTENT=""
                    HPOS="531"
                    VPOS="2348"
                    WIDTH="2095"
                    HEIGHT="150"></String>
          </TextLine>
          <TextLine ID="eSc_line_b6446c5f"
                    TAGREFS="LT31"
                    BASELINE="520 2520 1598 2495 1598 2495 2609 2454" 
                    HPOS="518"
                    VPOS="2404"
                    WIDTH="2091"
                    HEIGHT="147">
            <Shape><Polygon POINTS="520 2540 770 2551 772 2551 939 2529 955 2529 978 2529 1210 2537 1213 2537 1280 2523 1473 2529 1476 2529 1676 2509 1687 2509 1692 2509 1820 2517 1823 2517 1825 2517 1853 2504 1861 2498 2609 2481 2609 2454 2601 2404 518 2479 520 2520"/></Shape>
	    <String CONTENT=""
                    HPOS="518"
                    VPOS="2404"
                    WIDTH="2091"
                    HEIGHT="147"></String>
          </TextLine>
          <TextLine ID="eSc_line_9c307bcb"
                    TAGREFS="LT31"
                    BASELINE="522 2582 1012 2578 1012 2578 2632 2540" 
                    HPOS="515"
                    VPOS="2504"
                    WIDTH="2117"
                    HEIGHT="102">
            <Shape><Polygon POINTS="518 2606 2632 2573 2632 2540 2623 2504 515 2537 518 2578"/></Shape>
	    <String CONTENT=""
                    HPOS="515"
                    VPOS="2504"
                    WIDTH="2117"
                    HEIGHT="102"></String>
          </TextLine>
          <TextLine ID="eSc_line_5c4b5023"
                    TAGREFS="LT31"
                    BASELINE="512 2650 2626 2606" 
                    HPOS="509"
                    VPOS="2567"
                    WIDTH="2117"
                    HEIGHT="108">
            <Shape><Polygon POINTS="512 2650 512 2670 1019 2675 1022 2675 1025 2675 1058 2661 1066 2659 1088 2661 1166 2673 1169 2673 1435 2667 1437 2667 1479 2656 1496 2650 1557 2653 1695 2661 1698 2661 1789 2650 1847 2642 1895 2648 1961 2656 1964 2656 2097 2645 2188 2637 2626 2637 2626 2606 2618 2567 509 2601 512 2650"/></Shape>
	    <String CONTENT=""
                    HPOS="509"
                    VPOS="2567"
                    WIDTH="2117"
                    HEIGHT="108"></String>
          </TextLine>
          <TextLine ID="eSc_line_d6ed28d7"
                    TAGREFS="LT31"
                    BASELINE="512 2714 2609 2675" 
                    HPOS="509"
                    VPOS="2637"
                    WIDTH="2100"
                    HEIGHT="102">
            <Shape><Polygon POINTS="512 2714 512 2739 2609 2703 2609 2675 2601 2637 1681 2656 1662 2656 1559 2645 1557 2645 822 2673 797 2673 792 2673 692 2661 689 2661 509 2678 512 2714"/></Shape>
	    <String CONTENT=""
                    HPOS="509"
                    VPOS="2637"
                    WIDTH="2100"
                    HEIGHT="102"></String>
          </TextLine>
          <TextLine ID="eSc_line_d586f479"
                    TAGREFS="LT31"
                    BASELINE="512 2789 1715 2770" 
                    HPOS="509"
                    VPOS="2717"
                    WIDTH="1206"
                    HEIGHT="108">
            <Shape><Polygon POINTS="512 2789 515 2822 573 2808 637 2822 648 2822 651 2825 651 2822 664 2822 728 2808 994 2814 997 2814 1000 2814 1033 2800 1163 2814 1185 2814 1188 2814 1232 2811 1476 2794 1526 2808 1534 2808 1537 2808 1540 2808 1543 2808 1545 2808 1545 2806 1548 2806 1559 2792 1712 2803 1715 2770 1709 2736 1540 2717 1537 2717 1379 2739 1365 2739 1363 2739 1332 2722 1329 2722 1327 2722 1324 2722 1285 2739 1282 2739 1274 2739 1163 2725 1160 2725 1158 2725 1122 2739 1116 2745 509 2745 512 2789"/></Shape>
	    <String CONTENT=""
                    HPOS="509"
                    VPOS="2717"
                    WIDTH="1206"
                    HEIGHT="108"></String>
          </TextLine>
          <TextLine ID="eSc_line_f7fb85b3"
                    TAGREFS="LT31"
                    BASELINE="531 2864 2607 2833" 
                    HPOS="529"
                    VPOS="2781"
                    WIDTH="2078"
                    HEIGHT="108">
            <Shape><Polygon POINTS="531 2864 531 2889 2607 2869 2607 2833 2601 2794 2449 2781 2446 2781 2443 2781 2404 2794 2396 2797 2382 2794 2321 2783 2318 2783 2316 2783 2285 2794 2271 2800 2089 2797 1906 2794 1903 2794 1875 2800 1823 2808 1756 2800 1690 2792 1687 2792 1684 2792 1659 2800 1629 2811 1545 2803 1482 2794 1479 2794 1476 2794 1473 2794 1473 2797 1465 2803 1451 2814 1382 2803 1340 2797 1338 2797 1302 2803 1230 2817 1149 2806 1111 2800 1108 2800 1052 2806 903 2825 820 2825 792 2808 789 2806 786 2806 784 2806 781 2806 761 2808 676 2822 529 2811 531 2864"/></Shape>
	    <String CONTENT=""
                    HPOS="529"
                    VPOS="2781"
                    WIDTH="2078"
                    HEIGHT="108"></String>
          </TextLine>
          <TextLine ID="eSc_line_279c7d94"
                    TAGREFS="LT31"
                    BASELINE="529 2936 1582 2916" 
                    HPOS="526"
                    VPOS="2869"
                    WIDTH="1056"
                    HEIGHT="105">
            <Shape><Polygon POINTS="529 2936 529 2958 579 2974 581 2974 584 2974 670 2958 695 2955 717 2958 778 2972 781 2972 925 2958 980 2955 1108 2958 1244 2963 1246 2963 1249 2963 1263 2958 1299 2947 1576 2958 1582 2916 1573 2869 1122 2889 953 2889 554 2886 551 2886 548 2886 545 2886 526 2894 529 2936"/></Shape>
	    <String CONTENT=""
                    HPOS="526"
                    VPOS="2869"
                    WIDTH="1056"
                    HEIGHT="105"></String>
          </TextLine>
          <TextLine ID="eSc_line_42d0045f"
                    TAGREFS="LT31"
                    BASELINE="529 3002 2629 2977" 
                    HPOS="526"
                    VPOS="2927"
                    WIDTH="2103"
                    HEIGHT="117">
            <Shape><Polygon POINTS="529 3002 529 3044 615 3030 739 3041 753 3041 756 3041 784 3041 1022 3024 1316 3030 1457 3033 1460 3033 1496 3027 1548 3019 1731 3022 1925 3027 1928 3027 2626 3005 2629 2977 2623 2944 2407 2927 2404 2927 2086 2947 1928 2933 1925 2933 1922 2933 1881 2950 1698 2936 1695 2936 1557 2952 1449 2941 1446 2941 1443 2941 1440 2941 1421 2955 1291 2941 1288 2941 1285 2941 1282 2941 1266 2958 892 2961 825 2947 822 2947 820 2947 756 2963 562 2950 559 2950 556 2950 526 2963 529 3002"/></Shape>
	    <String CONTENT=""
                    HPOS="526"
                    VPOS="2927"
                    WIDTH="2103"
                    HEIGHT="117"></String>
          </TextLine>
          <TextLine ID="eSc_line_d81a1aaa"
                    TAGREFS="LT31"
                    BASELINE="501 3077 1127 3071" 
                    HPOS="498"
                    VPOS="3016"
                    WIDTH="629"
                    HEIGHT="86">
            <Shape><Polygon POINTS="501 3077 501 3096 1122 3102 1127 3071 1122 3027 953 3016 950 3016 656 3033 631 3033 626 3033 537 3019 534 3019 531 3019 498 3030 501 3077"/></Shape>
	    <String CONTENT=""
                    HPOS="498"
                    VPOS="3016"
                    WIDTH="629"
                    HEIGHT="86"></String>
          </TextLine>
          <TextLine ID="eSc_line_de7ecbf0"
                    TAGREFS="LT31"
                    BASELINE="520 3138 2582 3138" 
                    HPOS="520"
                    VPOS="3091"
                    WIDTH="2062"
                    HEIGHT="77">
            <Shape><Polygon POINTS="520 3138 520 3168 2582 3168 2582 3138 2582 3099 520 3091 520 3138"/></Shape>
	    <String CONTENT=""
                    HPOS="520"
                    VPOS="3091"
                    WIDTH="2062"
                    HEIGHT="77"></String>
          </TextLine>
          <TextLine ID="eSc_line_45f52e88"
                    TAGREFS="LT31"
                    BASELINE="501 3202 2618 3221" 
                    HPOS="498"
                    VPOS="3146"
                    WIDTH="2120"
                    HEIGHT="100">
            <Shape><Polygon POINTS="501 3202 498 3227 2612 3246 2618 3221 2618 3179 2540 3163 2537 3163 2382 3174 2318 3179 2305 3174 2269 3160 2266 3160 2263 3160 2127 3171 2066 3177 2025 3171 1947 3157 1944 3157 1861 3168 1814 3174 1775 3168 1709 3155 1706 3155 1615 3166 1559 3171 1529 3163 1493 3155 1490 3155 1487 3155 1485 3155 1451 3163 1418 3171 1379 3163 1335 3152 1332 3152 1227 3160 1124 3168 1108 3157 1097 3149 1094 3149 1091 3149 1088 3149 1086 3149 1063 3157 1041 3168 925 3168 911 3155 903 3149 900 3149 897 3149 781 3146 778 3146 775 3146 772 3146 764 3155 750 3163 501 3152 501 3202"/></Shape>
	    <String CONTENT=""
                    HPOS="498"
                    VPOS="3146"
                    WIDTH="2120"
                    HEIGHT="100"></String>
          </TextLine>
          <TextLine ID="eSc_line_6ede834c"
                    TAGREFS="LT31"
                    BASELINE="501 3274 1465 3265 2584 3290" 
                    HPOS="501"
                    VPOS="3218"
                    WIDTH="2083"
                    HEIGHT="100">
            <Shape><Polygon POINTS="501 3274 501 3301 734 3290 756 3304 759 3304 761 3304 764 3304 775 3304 1050 3293 1086 3307 1088 3307 1091 3307 1102 3307 1296 3296 1379 3310 1385 3310 1388 3310 1407 3310 1645 3299 1681 3312 1684 3312 1687 3312 2579 3318 2584 3290 2582 3249 1978 3224 1975 3224 1853 3240 1850 3240 1606 3221 1604 3221 1404 3235 1365 3218 1363 3218 1224 3218 1221 3218 1219 3218 1216 3218 1191 3235 1174 3218 1171 3218 1169 3218 1166 3218 1072 3232 659 3218 656 3218 501 3229 501 3274"/></Shape>
	    <String CONTENT=""
                    HPOS="501"
                    VPOS="3218"
                    WIDTH="2083"
                    HEIGHT="100"></String>
          </TextLine>
        </TextBlock>
        <TextBlock HPOS="229"
                   VPOS="32"
                   WIDTH="212"
                   HEIGHT="180"
                   ID="eSc_textblock_c4575604"
                   TAGREFS="BT44">
          <Shape><Polygon POINTS="229 32 229 212 441 212 441 32"/></Shape>
        </TextBlock>
        <TextBlock ID="eSc_dummyblock_">
          <TextLine ID="eSc_line_d29ac671"
                    TAGREFS="LT31"
                    BASELINE="255 111 404 124" 
                    HPOS="271"
                    VPOS="69"
                    WIDTH="133"
                    HEIGHT="141">
            <Shape><Polygon POINTS="354 83 326 80 299 80 271 77 274 130 274 193 326 210 329 210 332 210 404 196 404 124 398 69 387 69 382 108"/></Shape>
	    <String CONTENT=""
                    HPOS="271"
                    VPOS="69"
                    WIDTH="133"
                    HEIGHT="141"></String>
          </TextLine>
        </TextBlock>
      </PrintSpace>
    </Page>
  </Layout>
</alto>
