<?xml version="1.0" encoding="UTF-8"?>
<alto xmlns:xsi="http://www.w3.org/2001/XMLSchema-instance"
      xmlns="http://www.loc.gov/standards/alto/ns-v4#"
      xsi:schemaLocation="http://www.loc.gov/standards/alto/ns-v4# http://www.loc.gov/standards/alto/v4/alto-4-2.xsd">
  <Description>
    <MeasurementUnit>pixel</MeasurementUnit>
    <sourceImageInformation>
      <fileName>ARCH-DIV-000496_0037.png</fileName>
    </sourceImageInformation>
  </Description>
  <Tags>
    <OtherTag ID="BT42" LABEL="MainZone" DESCRIPTION="block type MainZone"/><OtherTag ID="BT43" LABEL="MarginTextZone" DESCRIPTION="block type MarginTextZone"/><OtherTag ID="BT44" LABEL="NumberingZone" DESCRIPTION="block type NumberingZone"/><OtherTag ID="BT45" LABEL="TitlePageZone" DESCRIPTION="block type TitlePageZone"/><OtherTag ID="BT46" LABEL="CustomZone:Numbering" DESCRIPTION="block type CustomZone:Numbering"/><OtherTag ID="BT49" LABEL="MarginTextZone:lower" DESCRIPTION="block type MarginTextZone:lower"/>
    <OtherTag ID="LT25" LABEL="default" DESCRIPTION="line type default"/><OtherTag ID="LT31" LABEL="DefaultLine" DESCRIPTION="line type DefaultLine"/><OtherTag ID="LT32" LABEL="HeadingLine" DESCRIPTION="line type HeadingLine"/><OtherTag ID="LT33" LABEL="InterlinearLine:addition" DESCRIPTION="line type InterlinearLine:addition"/><OtherTag ID="LT34" LABEL="InterlinearLine:correction" DESCRIPTION="line type InterlinearLine:correction"/>
  </Tags>
  <Layout>
    <Page WIDTH="2790"
          HEIGHT="3355"
          PHYSICAL_IMG_NR="36"
          ID="eSc_dummypage_">
      <PrintSpace HPOS="0"
                  VPOS="0"
                  WIDTH="2790"
                  HEIGHT="3355">
        <TextBlock HPOS="592"
                   VPOS="5"
                   WIDTH="2182"
                   HEIGHT="3346"
                   ID="4ea4d113-3c97-4822-8a33-c7201536ba85"
                   TAGREFS="BT42">
          <Shape><Polygon POINTS="2774 5 2774 3351 592 3351 592 5"/></Shape>
          <TextLine ID="eSc_line_e1f02403"
                    TAGREFS="LT31"
                    BASELINE="654 89 2731 72" 
                    HPOS="652"
                    VPOS="22"
                    WIDTH="2079"
                    HEIGHT="92">
            <Shape><Polygon POINTS="2722 33 2714 27 2252 22 2247 22 2219 22 2191 22 2163 22 2135 22 2107 22 2079 22 2051 22 2045 22 1866 33 1774 22 1771 22 1743 22 1715 22 1704 33 1670 22 1659 22 1637 22 1527 36 1376 22 1351 22 1323 22 1318 22 1158 39 1133 22 1130 22 1127 22 1124 22 1122 22 1080 36 999 22 996 22 993 22 943 41 730 25 727 25 724 25 652 44 654 89 654 114 2728 100 2731 72 2725 33 2722 33"/></Shape>
	    <String CONTENT="à laquelle le roi avait poussé de toutes ses forces, leur ger¬"
                    HPOS="652"
                    VPOS="22"
                    WIDTH="2079"
                    HEIGHT="92"
                    WC="0.9979368552329049"></String>
          </TextLine>
          <TextLine ID="eSc_line_8426ced5"
                    TAGREFS="LT31"
                    BASELINE="640 162 2734 142" 
                    HPOS="638"
                    VPOS="89"
                    WIDTH="2096"
                    HEIGHT="103">
            <Shape><Polygon POINTS="640 162 640 192 937 176 1029 190 1032 190 1536 170 1813 181 1816 181 1818 181 1874 167 1897 181 1900 181 1902 181 1905 181 2082 167 2104 181 2107 181 2109 181 2112 181 2395 167 2728 176 2734 142 2728 106 2431 92 2429 92 2426 92 2381 106 2275 89 2272 89 2269 89 2216 106 2179 89 2177 89 2174 89 2171 89 2126 109 1888 92 1886 92 1883 92 1810 111 1572 95 1569 95 1567 95 1522 114 1236 97 1234 97 979 114 940 100 937 100 934 100 931 100 929 100 929 103 906 120 789 103 786 103 638 123 640 162"/></Shape>
	    <String CONTENT="mettait de parler ainsi. &lt;... . .... ...... ...."
                    HPOS="638"
                    VPOS="89"
                    WIDTH="2096"
                    HEIGHT="103"
                    WC="0.9376967387894789"></String>
          </TextLine>
          <TextLine ID="eSc_line_798a3df1"
                    TAGREFS="LT31"
                    BASELINE="666 232 2722 206" 
                    HPOS="663"
                    VPOS="148"
                    WIDTH="2059"
                    HEIGHT="117">
            <Shape><Polygon POINTS="666 232 666 248 889 265 892 265 1141 246 1175 260 1178 260 1180 260 1645 240 1651 240 1653 240 1802 254 1804 254 1807 254 1810 254 1838 237 1841 237 1944 251 1947 251 2233 234 2658 243 2661 243 2664 243 2722 226 2722 206 2714 162 2557 170 2532 162 2493 148 2490 148 2487 148 2484 148 2482 148 2482 150 2468 162 2468 164 2462 162 2445 153 2442 153 2440 153 2401 162 2353 173 2280 162 2210 153 2207 153 2205 153 2202 153 2188 164 2168 178 1936 178 1914 164 1900 153 1897 153 1894 153 1827 153 1824 153 1821 153 1818 153 1818 156 1807 164 1788 184 1614 184 1592 167 1581 156 1578 156 1575 156 1572 156 1348 159 1259 162 1256 162 1242 167 1203 187 1122 176 1119 176 1010 190 985 173 982 173 979 173 976 173 878 192 663 173 666 232"/></Shape>
	    <String CONTENT="Pour couper court à &lt;....... .&gt; France et l&#x27;ang literre ré¬"
                    HPOS="663"
                    VPOS="148"
                    WIDTH="2059"
                    HEIGHT="117"
                    WC="0.9422961364189784"></String>
          </TextLine>
          <TextLine ID="eSc_line_b99408f6"
                    TAGREFS="LT34"
                    BASELINE="1349 190 1834 185 1953 170" 
                    HPOS="1349"
                    VPOS="170"
                    WIDTH="604"
                    HEIGHT="20">
	    <String CONTENT=""
                    HPOS="1349"
                    VPOS="170"
                    WIDTH="604"
                    HEIGHT="20"></String>
          </TextLine>
          <TextLine ID="eSc_line_877c9e2a"
                    TAGREFS="LT31"
                    BASELINE="652 307 2703 273" 
                    HPOS="649"
                    VPOS="223"
                    WIDTH="2054"
                    HEIGHT="118">
            <Shape><Polygon POINTS="652 307 652 329 814 341 817 341 954 327 996 324 1029 327 1155 338 1158 338 1287 324 1337 318 1379 321 1480 332 1483 332 1547 321 1572 315 1603 318 1659 327 1662 327 1665 327 1667 327 1676 318 1684 313 1718 318 1779 327 1782 327 1830 315 1863 310 1919 315 2006 324 2009 324 2700 304 2703 273 2694 226 2350 240 2336 232 2328 223 2325 223 2322 223 2221 223 2219 223 2216 223 2193 234 2177 243 2026 237 1928 234 1925 234 1888 240 1844 248 1804 243 1748 232 1746 232 1620 246 1583 248 1567 246 1505 234 1502 234 1499 234 1497 234 1480 248 1469 254 1427 248 1354 240 1351 240 1348 240 1346 240 1334 251 1323 257 1276 251 1169 240 1166 240 1164 240 1136 254 1127 260 1094 254 1001 243 999 243 996 243 993 243 993 246 976 257 973 260 971 257 959 248 957 248 954 248 951 248 859 260 811 265 794 262 749 248 747 248 744 248 649 262 652 307"/></Shape>
	    <String CONTENT="solurent d&#x27;agis sans retard &lt;... ....... ...&gt;"
                    HPOS="649"
                    VPOS="223"
                    WIDTH="2054"
                    HEIGHT="118"
                    WC="0.9051391098234388"></String>
          </TextLine>
          <TextLine ID="eSc_line_e6c888cf"
                    TAGREFS="LT31"
                    BASELINE="646 380 2711 352" 
                    HPOS="643"
                    VPOS="301"
                    WIDTH="2068"
                    HEIGHT="107">
            <Shape><Polygon POINTS="646 380 646 408 2711 383 2711 352 2703 313 2367 315 2361 313 2345 301 2342 301 2339 301 2336 301 2277 313 2249 318 2165 315 2031 307 2028 307 1970 315 1928 321 1911 315 1886 307 1883 307 1880 307 1877 307 1874 307 1866 315 1858 321 1804 315 1737 310 1735 310 1623 318 1446 329 1312 318 1262 315 1259 315 1231 318 1158 332 1096 321 1082 318 1080 318 1077 318 1071 321 1035 335 643 324 646 380"/></Shape>
	    <String CONTENT="&lt;.... .  . . .. .. &gt;"
                    HPOS="643"
                    VPOS="301"
                    WIDTH="2068"
                    HEIGHT="107"
                    WC="0.8984137862920761"></String>
          </TextLine>
          <TextLine ID="eSc_line_5c6e00bb"
                    TAGREFS="LT31"
                    BASELINE="649 450 1925 435 1925 435 1974 448 1981 429 2694 427" 
                    HPOS="646"
                    VPOS="377"
                    WIDTH="2048"
                    HEIGHT="109">
            <Shape><Polygon POINTS="649 469 889 486 892 486 895 486 929 472 1354 480 1357 480 1421 466 1438 464 1469 466 1581 478 1583 478 1653 466 1695 458 1810 464 1947 472 1950 472 1953 472 1975 464 1998 455 2056 464 2126 472 2129 472 2182 461 2235 452 2294 461 2328 466 2331 466 2333 466 2353 461 2384 452 2440 461 2482 466 2484 466 2692 458 2694 427 2692 391 2644 377 2641 377 2638 377 646 399 649 450"/></Shape>
	    <String CONTENT="&lt;... ..... ...... ....&gt; Dans bu impuifsance s&#x27;empcher"
                    HPOS="646"
                    VPOS="377"
                    WIDTH="2048"
                    HEIGHT="109"
                    WC="0.9088333294076739"></String>
          </TextLine>
          <TextLine ID="eSc_line_5ae6b1f3"
                    TAGREFS="LT31"
                    BASELINE="629 525 2647 494" 
                    HPOS="626"
                    VPOS="438"
                    WIDTH="2021"
                    HEIGHT="115">
            <Shape><Polygon POINTS="629 525 629 553 2647 525 2647 494 2636 438 2594 455 2317 444 2275 444 2272 444 2269 444 2261 447 2207 461 2073 450 2059 450 2056 450 2054 450 2051 450 2034 464 1947 452 1942 452 1939 452 1925 452 1782 466 1743 455 1729 452 1726 452 1723 452 1656 458 1536 469 1469 461 1432 458 1429 458 1404 464 1351 475 1278 466 1253 464 1250 464 1194 466 1068 478 1049 469 1029 464 1027 464 1024 464 1021 464 1004 472 985 480 931 472 887 466 884 466 845 475 803 483 626 480 629 525"/></Shape>
	    <String CONTENT="l&#x27;exéition d&#x27;un traité qu’elles venaient de ratifieer les trois"
                    HPOS="626"
                    VPOS="438"
                    WIDTH="2021"
                    HEIGHT="115"
                    WC="0.9535599327276624"></String>
          </TextLine>
          <TextLine ID="eSc_line_4b776b70"
                    TAGREFS="LT31"
                    BASELINE="640 598 2714 570" 
                    HPOS="638"
                    VPOS="520"
                    WIDTH="2076"
                    HEIGHT="100">
            <Shape><Polygon POINTS="640 598 640 620 2484 606 2490 606 2594 592 2711 603 2714 570 2708 531 2311 520 2308 520 2241 534 2216 536 2182 534 2090 522 2087 522 2084 522 2082 522 2068 534 2056 539 1944 534 1790 528 1788 528 1751 536 1723 542 1712 536 1695 528 1693 528 1690 528 1687 528 1684 528 1684 531 1676 536 1667 545 1603 536 1547 531 1544 531 1541 531 1539 531 1533 536 1522 545 1424 539 1351 534 1348 534 1318 539 1256 550 1147 539 1099 536 1096 536 1029 542 828 556 638 545 640 598"/></Shape>
	    <String CONTENT="cours du Nord se confinèrent dans une abstention bandeuse"
                    HPOS="638"
                    VPOS="520"
                    WIDTH="2076"
                    HEIGHT="100"
                    WC="0.9996124610566256"></String>
          </TextLine>
          <TextLine ID="eSc_line_7d6a0d22"
                    TAGREFS="LT31"
                    BASELINE="640 671 2706 645" 
                    HPOS="638"
                    VPOS="589"
                    WIDTH="2068"
                    HEIGHT="118">
            <Shape><Polygon POINTS="640 671 640 698 817 707 819 707 822 707 856 698 887 690 912 698 934 704 937 704 940 704 982 696 1018 690 1027 696 1035 704 1038 704 1041 704 1043 704 1046 704 1080 696 1119 687 1206 696 1276 701 1278 701 1332 693 1404 684 1477 693 1530 698 1533 698 1536 698 1553 693 1583 682 1698 690 1760 696 1762 696 1788 690 1841 679 1958 690 2012 693 2014 693 2101 687 2322 673 2431 684 2456 687 2459 687 2462 687 2473 684 2529 671 2703 682 2706 645 2700 606 2487 589 2484 589 2482 589 2415 609 2409 609 2401 609 2317 598 2314 598 2165 612 2157 612 2121 595 2118 595 2115 595 2112 595 2065 612 1942 598 1939 598 1676 617 1617 601 1614 601 1611 601 1609 601 1539 620 1502 603 1499 603 1329 603 1326 603 1323 603 1276 623 1150 606 1147 606 1144 606 1091 626 1007 609 1004 609 1001 609 999 609 976 626 945 615 943 615 940 615 861 629 699 612 696 612 694 612 638 631 640 671"/></Shape>
	    <String CONTENT="Le 22 octobre, &lt;..... &lt;P... ..... ....... ... .  ."
                    HPOS="638"
                    VPOS="589"
                    WIDTH="2068"
                    HEIGHT="118"
                    WC="0.9259162020683288"></String>
          </TextLine>
          <TextLine ID="eSc_line_2953d298"
                    TAGREFS="LT31"
                    BASELINE="635 752 2697 724" 
                    HPOS="632"
                    VPOS="673"
                    WIDTH="2065"
                    HEIGHT="104">
            <Shape><Polygon POINTS="635 752 635 777 2694 760 2697 724 2692 684 2179 673 2177 673 2023 693 2012 693 2009 693 1967 676 1964 676 1961 676 1757 696 1748 696 1746 696 1665 679 1662 679 1575 682 1572 682 1569 682 1550 698 1547 701 1320 701 1318 701 1253 684 1250 684 1248 684 1245 684 1172 704 1169 704 1164 704 1043 687 1041 687 1038 687 982 707 979 707 940 690 937 690 934 690 931 690 892 707 680 693 677 693 674 693 632 707 635 752"/></Shape>
	    <String CONTENT="&lt;.. .. .... .. ..  .. .. .. .. ..&gt;"
                    HPOS="632"
                    VPOS="673"
                    WIDTH="2065"
                    HEIGHT="104"
                    WC="0.8574836008688983"></String>
          </TextLine>
          <TextLine ID="eSc_line_8b9d5721"
                    TAGREFS="LT31"
                    BASELINE="632 833 2720 802" 
                    HPOS="629"
                    VPOS="746"
                    WIDTH="2091"
                    HEIGHT="129">
            <Shape><Polygon POINTS="632 833 632 858 705 855 713 858 741 875 744 875 747 875 749 875 752 875 752 872 769 858 775 852 836 849 1220 847 1245 855 1281 866 1284 866 1287 866 1365 852 1390 849 1413 852 1463 863 1466 863 1547 852 1572 849 1653 852 1886 858 1888 858 1936 849 1989 838 2118 847 2199 852 2202 852 2205 852 2207 852 2213 847 2233 833 2345 830 2714 841 2720 802 2711 746 2540 749 2538 749 2535 749 2535 752 2518 766 2350 752 2336 752 2333 752 2331 752 2328 752 2283 768 2205 754 2199 754 2196 754 2193 754 2191 754 2140 771 1715 763 1628 763 1625 763 1471 766 1469 766 1466 766 1463 768 1449 780 1399 768 1388 768 1385 768 1382 768 1379 768 1362 785 629 785 632 833"/></Shape>
	    <String CONTENT="&lt; &lt;.  ... ... . .... .....&gt;"
                    HPOS="629"
                    VPOS="746"
                    WIDTH="2091"
                    HEIGHT="129"
                    WC="0.8768133212018896"></String>
          </TextLine>
          <TextLine ID="eSc_line_68324c3e"
                    TAGREFS="LT31"
                    BASELINE="632 914 2714 883" 
                    HPOS="629"
                    VPOS="833"
                    WIDTH="2085"
                    HEIGHT="117">
            <Shape><Polygon POINTS="632 914 632 933 747 950 749 950 867 933 1004 944 1007 944 1010 944 1063 928 1068 928 1071 928 1130 944 1133 944 1136 944 1214 931 1382 942 1385 942 1388 942 1424 922 1427 922 1432 922 1505 939 1508 939 1740 936 1838 917 1846 914 2135 914 2165 928 2168 928 2171 928 2353 908 2373 908 2387 908 2518 925 2521 925 2711 903 2714 883 2708 844 2333 833 2331 833 2023 852 1984 838 1981 838 1978 838 1975 838 1972 838 1944 855 1914 841 1911 841 1908 841 1771 858 1760 858 1743 858 1485 847 1483 847 1385 863 1382 863 1379 863 1197 849 1194 849 1192 849 1189 849 1164 866 1122 852 1119 852 1116 852 1004 869 769 858 766 858 763 858 730 872 682 858 680 858 677 858 674 858 629 875 632 914"/></Shape>
	    <String CONTENT="&lt; .. .. .. les cabinets de Londres et de Paris reyié¬"
                    HPOS="629"
                    VPOS="833"
                    WIDTH="2085"
                    HEIGHT="117"
                    WC="0.9675442711362299"></String>
          </TextLine>
          <TextLine ID="eSc_line_71e0799c"
                    TAGREFS="LT31"
                    BASELINE="626 992 2101 967 2700 970" 
                    HPOS="624"
                    VPOS="905"
                    WIDTH="2076"
                    HEIGHT="112">
            <Shape><Polygon POINTS="626 992 626 1017 2697 992 2700 970 2694 925 2381 925 2361 911 2359 911 2356 911 2353 911 2275 928 2221 905 2219 905 2216 905 2213 905 2132 925 2020 908 2017 908 1751 933 1634 914 1631 914 1628 914 1575 939 1572 939 1564 939 1418 917 1415 917 1413 917 1368 939 1175 944 1122 944 1119 944 1082 922 1080 922 1077 922 1074 922 624 950 626 992"/></Shape>
	    <String CONTENT="raient le &lt;..&gt; roi des Belges et le roi des Puys-Bas de faire éva¬"
                    HPOS="624"
                    VPOS="905"
                    WIDTH="2076"
                    HEIGHT="112"
                    WC="0.9849965418830062"></String>
          </TextLine>
          <TextLine ID="eSc_line_c1233fe6"
                    TAGREFS="LT31"
                    BASELINE="629 1068 2697 1028" 
                    HPOS="626"
                    VPOS="981"
                    WIDTH="2071"
                    HEIGHT="123">
            <Shape><Polygon POINTS="629 1068 629 1104 1074 1084 1318 1093 1340 1093 1343 1093 1346 1093 1376 1079 2065 1079 2098 1079 2101 1079 2104 1079 2146 1065 2381 1073 2384 1073 2387 1073 2445 1059 2692 1068 2697 1028 2692 984 2423 984 2420 984 2417 984 2409 986 2381 998 2311 989 2252 981 2249 981 2247 981 2227 989 2210 998 2177 989 2140 984 2137 984 2135 984 2115 992 2087 1003 2000 995 1958 989 1956 989 1908 995 1804 1009 1625 1000 1525 995 1522 995 1519 995 1516 995 1516 998 1511 1000 1494 1017 1362 1017 1312 1006 1292 1000 1290 1000 1287 1000 1284 1000 1264 1006 1211 1020 1158 1006 1136 1003 1133 1003 1130 1003 1113 1009 1063 1023 1007 1009 987 1006 985 1006 959 1012 887 1026 839 1012 833 1012 831 1012 828 1012 626 1014 629 1068"/></Shape>
	    <String CONTENT="ceur par leurs troupes avant la 12 ourentre, les territoires occupés"
                    HPOS="626"
                    VPOS="981"
                    WIDTH="2071"
                    HEIGHT="123"
                    WC="0.9880529431735768"></String>
          </TextLine>
          <TextLine ID="eSc_line_e0c9d8c1"
                    TAGREFS="LT31"
                    BASELINE="629 1137 825 1126 2722 1107" 
                    HPOS="626"
                    VPOS="1068"
                    WIDTH="2096"
                    HEIGHT="100">
            <Shape><Polygon POINTS="629 1137 629 1168 707 1154 1063 1163 1122 1163 1124 1163 1127 1163 1133 1163 1166 1149 1346 1157 1401 1160 1404 1160 1432 1157 1508 1146 1525 1154 1530 1157 1533 1157 1536 1157 2720 1135 2722 1107 2714 1068 626 1084 629 1137"/></Shape>
	    <String CONTENT="par elles au mepris des stipulations du traité du 24 aiticles. Poante de"
                    HPOS="626"
                    VPOS="1068"
                    WIDTH="2096"
                    HEIGHT="100"
                    WC="0.9782270466287931"></String>
          </TextLine>
          <TextLine ID="eSc_line_ca614d19"
                    TAGREFS="LT31"
                    BASELINE="635 1205 2686 1179" 
                    HPOS="632"
                    VPOS="1135"
                    WIDTH="2054"
                    HEIGHT="103">
            <Shape><Polygon POINTS="635 1205 635 1238 1401 1218 1466 1224 1541 1230 1544 1230 1547 1230 1564 1221 1578 1216 1631 1221 1709 1227 1712 1227 1754 1218 1779 1213 2000 1213 2638 1216 2641 1216 2644 1216 2686 1199 2686 1179 2678 1135 632 1151 635 1205"/></Shape>
	    <String CONTENT="&lt;... . . . . . . .&gt;"
                    HPOS="632"
                    VPOS="1135"
                    WIDTH="2054"
                    HEIGHT="103"
                    WC="0.8656716409482454"></String>
          </TextLine>
          <TextLine ID="eSc_line_07115348"
                    TAGREFS="LT31"
                    BASELINE="632 1283 2678 1244" 
                    HPOS="629"
                    VPOS="1196"
                    WIDTH="2049"
                    HEIGHT="126">
            <Shape><Polygon POINTS="632 1283 635 1322 668 1305 903 1314 906 1314 909 1314 1178 1297 1194 1308 1200 1311 1203 1311 1206 1311 1208 1314 1354 1314 1354 1311 1357 1311 1388 1302 1427 1291 1533 1297 1648 1305 1651 1305 2151 1280 2205 1280 2221 1280 2454 1288 2456 1288 2535 1272 2549 1269 2563 1269 2658 1286 2661 1286 2664 1286 2666 1286 2666 1283 2678 1272 2678 1244 2669 1196 2375 1210 2317 1202 2263 1196 2261 1196 2258 1196 2230 1205 2210 1210 2179 1207 2107 1196 2104 1196 2101 1196 2098 1196 2098 1199 2084 1207 2079 1216 2068 1210 2054 1199 2051 1199 2048 1199 2045 1199 1793 1202 1790 1202 1737 1216 1718 1224 1410 1227 1404 1224 1379 1213 1376 1213 1374 1213 1371 1213 1368 1213 1348 1227 1340 1230 1295 1227 1183 1218 1180 1218 1088 1232 1054 1235 1004 1232 775 1221 772 1221 629 1241 632 1283"/></Shape>
	    <String CONTENT="&lt;..... .............. ..........&gt; des Pays-Bas liq"
                    HPOS="629"
                    VPOS="1196"
                    WIDTH="2049"
                    HEIGHT="126"
                    WC="0.8640841662883758"></String>
          </TextLine>
          <TextLine ID="eSc_line_cfe06342"
                    TAGREFS="LT34"
                    BASELINE="1759 1233 2209 1221" 
                    HPOS="1759"
                    VPOS="1221"
                    WIDTH="450"
                    HEIGHT="12">
	    <String CONTENT=""
                    HPOS="1759"
                    VPOS="1221"
                    WIDTH="450"
                    HEIGHT="12"></String>
          </TextLine>
          <TextLine ID="eSc_line_d95a1052"
                    TAGREFS="LT31"
                    BASELINE="629 1350 2613 1314" 
                    HPOS="626"
                    VPOS="1260"
                    WIDTH="1987"
                    HEIGHT="126">
            <Shape><Polygon POINTS="629 1350 629 1386 2613 1344 2613 1314 2605 1260 2521 1277 1950 1277 1681 1277 1679 1277 1676 1277 1673 1277 1665 1283 1651 1291 1522 1286 1404 1283 1401 1283 1399 1283 1371 1291 1343 1297 1239 1294 1074 1288 1071 1288 626 1308 629 1350"/></Shape>
	    <String CONTENT="&lt;.....&gt; l&#x27;embargo serait mis en France et en Anglaterre sur les"
                    HPOS="626"
                    VPOS="1260"
                    WIDTH="1987"
                    HEIGHT="126"
                    WC="0.9812194591476804"></String>
          </TextLine>
          <TextLine ID="eSc_line_55442df2"
                    TAGREFS="LT31"
                    BASELINE="629 1425 2700 1389" 
                    HPOS="626"
                    VPOS="1347"
                    WIDTH="2074"
                    HEIGHT="109">
            <Shape><Polygon POINTS="629 1425 629 1445 943 1456 945 1456 948 1456 982 1442 993 1439 1068 1442 1228 1448 1231 1448 1234 1448 1253 1439 1270 1434 1315 1439 1385 1448 1388 1448 1390 1448 1393 1448 1404 1437 1410 1434 1519 1437 1698 1442 1701 1442 1704 1442 1723 1434 1748 1425 2697 1425 2700 1389 2694 1353 2205 1347 2202 1347 2199 1347 2196 1347 2185 1358 2179 1361 2157 1358 2070 1350 2068 1350 2065 1350 2023 1361 2012 1364 2006 1361 1981 1350 1978 1350 1975 1350 1972 1350 1970 1350 1956 1361 1953 1364 1950 1361 1908 1347 1905 1347 1902 1347 1776 1364 1737 1369 1701 1367 1625 1358 1623 1358 1491 1369 1415 1375 1396 1369 1348 1358 1346 1358 1343 1358 1340 1358 1315 1372 1312 1372 1309 1372 1270 1358 1267 1358 1264 1358 1197 1372 1175 1378 1116 1375 948 1364 945 1364 943 1364 915 1378 906 1383 626 1383 629 1425"/></Shape>
	    <String CONTENT="vaisseaux hollandais, des crirssières arrétéraient tous ceux qui se¬"
                    HPOS="626"
                    VPOS="1347"
                    WIDTH="2074"
                    HEIGHT="109"
                    WC="0.9868762238937265"></String>
          </TextLine>
          <TextLine ID="eSc_line_8376e514"
                    TAGREFS="LT31"
                    BASELINE="618 1492 1080 1478 2725 1470" 
                    HPOS="615"
                    VPOS="1420"
                    WIDTH="2110"
                    HEIGHT="103">
            <Shape><Polygon POINTS="618 1492 618 1523 724 1506 847 1520 870 1523 873 1523 901 1520 1041 1504 1519 1512 1821 1518 1824 1518 1869 1509 1900 1501 1908 1506 1916 1515 1919 1515 1922 1515 1925 1515 2000 1506 2054 1501 2101 1504 2207 1515 2210 1515 2722 1495 2725 1470 2720 1434 2526 1420 2524 1420 2462 1434 2459 1434 2456 1434 2423 1420 2420 1420 2417 1420 2415 1420 2384 1434 2378 1434 2213 1423 2210 1423 2042 1437 2034 1437 2028 1437 1942 1423 1939 1423 1807 1439 1788 1439 1760 1439 1544 1425 1541 1425 1427 1442 1410 1442 1371 1442 1110 1428 1108 1428 1010 1445 993 1445 968 1445 814 1431 811 1431 808 1431 805 1431 786 1445 783 1448 615 1448 618 1492"/></Shape>
	    <String CONTENT="raient rencontrés en mer elune escadre franco-anglaise bloque¬"
                    HPOS="615"
                    VPOS="1420"
                    WIDTH="2110"
                    HEIGHT="103"
                    WC="0.9893899002382832"></String>
          </TextLine>
          <TextLine ID="eSc_line_ca07e3bf"
                    TAGREFS="LT31"
                    BASELINE="615 1565 906 1554 1956 1560 2622 1546" 
                    HPOS="612"
                    VPOS="1495"
                    WIDTH="2010"
                    HEIGHT="101">
            <Shape><Polygon POINTS="615 1565 615 1593 705 1596 707 1596 710 1596 716 1593 744 1579 819 1593 831 1593 833 1593 836 1593 839 1593 870 1579 1228 1579 1270 1588 1304 1593 1306 1593 1376 1585 1469 1576 1589 1576 1600 1585 1606 1590 1609 1590 1611 1590 1614 1590 1617 1590 1620 1590 1631 1582 1634 1579 1639 1582 1651 1593 1653 1593 1656 1593 1659 1596 1922 1596 1922 1593 1925 1593 1928 1593 1942 1579 1944 1576 1956 1579 1992 1590 1995 1590 1998 1590 2333 1576 2339 1576 2342 1576 2501 1590 2504 1590 2507 1590 2510 1590 2532 1574 2535 1574 2619 1574 2622 1546 2616 1506 2445 1498 2442 1498 2440 1498 2409 1506 2387 1512 2375 1506 2353 1495 2350 1495 2347 1495 2345 1495 2308 1506 2291 1515 2031 1515 2023 1509 2000 1498 1998 1498 1995 1498 1992 1498 1989 1498 1972 1509 1961 1518 1782 1518 1765 1512 1712 1495 1709 1495 1707 1495 1614 1512 1597 1515 1583 1512 1511 1495 1508 1495 1438 1509 1290 1495 1287 1495 898 1518 875 1518 873 1518 842 1498 839 1498 836 1498 685 1498 682 1498 680 1498 612 1518 615 1565"/></Shape>
	    <String CONTENT="rait les côtes de la Hollande. De plus &quot;si le 15 novendore il se"
                    HPOS="612"
                    VPOS="1495"
                    WIDTH="2010"
                    HEIGHT="101"
                    WC="0.9878810122609138"></String>
          </TextLine>
          <TextLine ID="eSc_line_4d5a25a1"
                    TAGREFS="LT31"
                    BASELINE="615 1632 2672 1621" 
                    HPOS="612"
                    VPOS="1568"
                    WIDTH="2060"
                    HEIGHT="101">
            <Shape><Polygon POINTS="615 1632 618 1669 668 1652 915 1652 948 1666 951 1666 954 1666 957 1666 982 1666 1141 1649 1429 1657 1592 1663 1595 1663 1860 1660 1863 1660 1883 1652 1894 1646 1905 1652 1922 1660 1925 1660 1928 1660 2317 1657 2319 1657 2342 1646 2347 1643 2398 1646 2599 1657 2602 1657 2669 1641 2672 1621 2666 1585 2510 1568 2507 1568 2504 1568 2448 1585 2442 1585 2437 1585 2389 1568 2387 1568 2384 1568 2291 1585 2280 1585 2263 1585 2154 1574 2151 1574 2149 1574 2146 1574 2129 1585 2121 1590 1774 1590 1765 1585 1751 1574 1748 1574 1746 1574 1743 1574 1676 1585 1637 1590 1597 1585 1519 1574 1516 1574 1513 1574 1491 1585 1480 1590 1466 1585 1432 1574 1429 1574 1427 1574 1371 1585 1346 1590 1334 1585 1309 1574 1306 1574 1304 1574 1166 1576 1164 1576 1161 1576 1152 1585 1144 1593 934 1593 915 1585 892 1576 889 1576 887 1576 811 1585 755 1593 721 1588 677 1576 674 1576 612 1585 615 1632"/></Shape>
	    <String CONTENT="trouvait encore des troupes hollandaises sur le territoire belge"
                    HPOS="612"
                    VPOS="1568"
                    WIDTH="2060"
                    HEIGHT="101"
                    WC="0.9982051029801369"></String>
          </TextLine>
          <TextLine ID="eSc_line_440e0a9f"
                    TAGREFS="LT31"
                    BASELINE="618 1705 2672 1694" 
                    HPOS="615"
                    VPOS="1641"
                    WIDTH="2057"
                    HEIGHT="106">
            <Shape><Polygon POINTS="618 1705 618 1730 797 1747 800 1747 803 1747 850 1730 853 1730 898 1747 901 1747 903 1747 906 1747 909 1747 929 1730 931 1730 1032 1730 1068 1747 1071 1747 1074 1747 1077 1747 1127 1727 1133 1727 1183 1727 1483 1741 1485 1741 1603 1727 1637 1744 1639 1744 1642 1744 1765 1741 1768 1741 1771 1741 1796 1725 1799 1725 1860 1725 2535 1739 2538 1739 2669 1719 2672 1694 2669 1657 2630 1641 2627 1641 2624 1641 2622 1641 2591 1655 2403 1641 2401 1641 2398 1641 2339 1655 2252 1641 2249 1641 2247 1641 2244 1641 2224 1655 2188 1641 2185 1641 2182 1641 2179 1641 2177 1641 2151 1657 2149 1660 1841 1660 1712 1660 1645 1643 1642 1643 1564 1660 1558 1660 1555 1660 1541 1646 1539 1646 1536 1646 1533 1646 1385 1660 1368 1660 1346 1646 1343 1646 1340 1646 1133 1646 1130 1646 1127 1646 1124 1646 1102 1660 1094 1663 615 1663 618 1705"/></Shape>
	    <String CONTENT="n cops français entreraden Bolgique dans le but de forcer les"
                    HPOS="615"
                    VPOS="1641"
                    WIDTH="2057"
                    HEIGHT="106"
                    WC="0.9855832516169939"></String>
          </TextLine>
          <TextLine ID="eSc_line_c86c72d0"
                    TAGREFS="LT31"
                    BASELINE="612 1786 2706 1772" 
                    HPOS="610"
                    VPOS="1719"
                    WIDTH="2096"
                    HEIGHT="95">
            <Shape><Polygon POINTS="612 1786 612 1811 2171 1814 2174 1814 2177 1814 2185 1811 2210 1800 2359 1811 2387 1811 2389 1811 2392 1811 2395 1811 2412 1797 2700 1808 2706 1772 2694 1722 2636 1736 2521 1722 2504 1722 2501 1722 2498 1722 2493 1722 2454 1736 2417 1725 2403 1719 2401 1719 2398 1719 2353 1725 2252 1739 2068 1727 1964 1722 1961 1722 1919 1730 1869 1739 1849 1730 1838 1725 1835 1725 1832 1725 1830 1725 1827 1725 1821 1730 1804 1741 1718 1730 1701 1730 1698 1730 1631 1733 1340 1744 1320 1736 1309 1730 1306 1730 1304 1730 1239 1736 1158 1744 1124 1739 1080 1727 1077 1727 1074 1727 1071 1727 1057 1739 1052 1744 610 1744 612 1786"/></Shape>
	    <String CONTENT="troupes hollandaises à évamer ledit territoire&quot;, moyennant le"
                    HPOS="610"
                    VPOS="1719"
                    WIDTH="2096"
                    HEIGHT="95"
                    WC="0.9978574187524857"></String>
          </TextLine>
          <TextLine ID="eSc_line_26bf10ce"
                    TAGREFS="LT31"
                    BASELINE="615 1856 1645 1850" 
                    HPOS="612"
                    VPOS="1803"
                    WIDTH="1033"
                    HEIGHT="92">
            <Shape><Polygon POINTS="615 1856 615 1876 713 1876 727 1878 783 1895 786 1895 789 1895 856 1881 870 1878 889 1881 951 1895 954 1895 957 1895 990 1884 1004 1878 1010 1884 1021 1895 1024 1895 1027 1895 1029 1895 1032 1895 1035 1895 1046 1884 1052 1881 1119 1884 1231 1892 1234 1892 1236 1892 1239 1892 1239 1889 1242 1887 1256 1876 1337 1887 1340 1887 1505 1873 1536 1892 1539 1892 1541 1892 1544 1895 1642 1895 1645 1850 1639 1814 635 1803 632 1803 629 1803 626 1803 612 1811 615 1856"/></Shape>
	    <String CONTENT="désir exprimé par le roi des Belges."
                    HPOS="612"
                    VPOS="1803"
                    WIDTH="1033"
                    HEIGHT="92"
                    WC="0.9922326273388333"></String>
          </TextLine>
          <TextLine ID="eSc_line_68c94cdd"
                    TAGREFS="LT31"
                    BASELINE="629 1937 2686 1926" 
                    HPOS="626"
                    VPOS="1876"
                    WIDTH="2060"
                    HEIGHT="95">
            <Shape><Polygon POINTS="629 1937 629 1971 2683 1951 2686 1926 2678 1876 626 1889 629 1937"/></Shape>
	    <String CONTENT="&lt;...... ..... . .. . ...... .&gt;"
                    HPOS="626"
                    VPOS="1876"
                    WIDTH="2060"
                    HEIGHT="95"
                    WC="0.9034084876378378"></String>
          </TextLine>
          <TextLine ID="eSc_line_714d6ee2"
                    TAGREFS="LT31"
                    BASELINE="624 2001 1793 2010 2689 1996" 
                    HPOS="624"
                    VPOS="1959"
                    WIDTH="2065"
                    HEIGHT="84">
            <Shape><Polygon POINTS="624 2029 2224 2043 2227 2043 2524 2026 2526 2026 2588 2043 2591 2043 2594 2043 2686 2024 2689 1996 2683 1959 624 1959 624 2001 624 2029"/></Shape>
	    <String CONTENT="&lt;......... ..... .. ... ... .&gt;"
                    HPOS="624"
                    VPOS="1959"
                    WIDTH="2065"
                    HEIGHT="84"
                    WC="0.8395667811234792"></String>
          </TextLine>
          <TextLine ID="eSc_line_6417768a"
                    TAGREFS="LT31"
                    BASELINE="615 2071 2484 2057" 
                    HPOS="612"
                    VPOS="2010"
                    WIDTH="1872"
                    HEIGHT="86">
            <Shape><Polygon POINTS="615 2071 615 2096 2482 2094 2484 2057 2476 2010 612 2035 615 2071"/></Shape>
	    <String CONTENT="&lt;.. ....... .. ............ .&gt;"
                    HPOS="612"
                    VPOS="2010"
                    WIDTH="1872"
                    HEIGHT="86"
                    WC="0.9169606188933055"></String>
          </TextLine>
          <TextLine ID="eSc_line_cb36be02"
                    TAGREFS="LT31"
                    BASELINE="674 2138 2633 2122" 
                    HPOS="671"
                    VPOS="2077"
                    WIDTH="1962"
                    HEIGHT="106">
            <Shape><Polygon POINTS="674 2138 674 2163 761 2163 763 2163 777 2177 780 2177 783 2177 786 2177 856 2163 859 2163 889 2177 892 2177 895 2177 1001 2161 1015 2161 1027 2161 1113 2180 1116 2183 1326 2183 1326 2180 1421 2166 1648 2177 1651 2177 1653 2177 1732 2158 1860 2175 1863 2175 1866 2175 1905 2155 1908 2155 2009 2166 2012 2166 2014 2166 2040 2152 2042 2152 2070 2166 2073 2166 2076 2166 2328 2152 2356 2169 2359 2169 2361 2169 2364 2169 2451 2149 2454 2149 2456 2149 2496 2169 2498 2169 2501 2169 2630 2147 2633 2122 2624 2077 948 2096 671 2085 674 2138"/></Shape>
	    <String CONTENT="Lf DNovigibye &lt;... blg domytil ses Jassogtengent"
                    HPOS="671"
                    VPOS="2077"
                    WIDTH="1962"
                    HEIGHT="106"
                    WC="0.9344503575315078"></String>
          </TextLine>
          <TextLine ID="eSc_line_33e30ec4"
                    TAGREFS="LT31"
                    BASELINE="612 2197 1455 2211 2672 2186" 
                    HPOS="612"
                    VPOS="2138"
                    WIDTH="2060"
                    HEIGHT="101">
            <Shape><Polygon POINTS="612 2239 2669 2228 2672 2186 2664 2144 2496 2152 2462 2144 2445 2138 2442 2138 2440 2138 2437 2138 2423 2144 2387 2158 2356 2144 2347 2141 2345 2141 2342 2141 2303 2144 2143 2161 2115 2144 2107 2141 2104 2141 2101 2141 2079 2144 2020 2158 1978 2147 1972 2144 1970 2144 1967 2144 1964 2144 1956 2147 1883 2166 1726 2166 1687 2147 1684 2147 1681 2147 1676 2147 1572 2166 1287 2155 1284 2155 1281 2155 1234 2169 1082 2152 1080 2152 1077 2152 1038 2166 957 2149 951 2149 948 2149 945 2149 943 2149 915 2169 612 2152 612 2197 612 2239"/></Shape>
	    <String CONTENT="&lt;&gt; fer-ppopre et l’edteteluent s Quillaume &lt;.  .&gt;"
                    HPOS="612"
                    VPOS="2138"
                    WIDTH="2060"
                    HEIGHT="101"
                    WC="0.9620861155646188"></String>
          </TextLine>
          <TextLine ID="eSc_line_e53f6749"
                    TAGREFS="LT31"
                    BASELINE="612 2264 912 2253" 
                    HPOS="610"
                    VPOS="2208"
                    WIDTH="302"
                    HEIGHT="81">
            <Shape><Polygon POINTS="612 2264 612 2289 912 2275 912 2253 903 2208 610 2225 612 2264"/></Shape>
	    <String CONTENT="&lt;......&gt;"
                    HPOS="610"
                    VPOS="2208"
                    WIDTH="302"
                    HEIGHT="81"
                    WC="0.8879837766289711"></String>
          </TextLine>
          <TextLine ID="eSc_line_344110ce"
                    TAGREFS="LT31"
                    BASELINE="632 2331 2694 2320" 
                    HPOS="629"
                    VPOS="2264"
                    WIDTH="2065"
                    HEIGHT="109">
            <Shape><Polygon POINTS="632 2331 632 2356 1094 2373 1096 2373 1099 2373 1127 2359 1150 2359 1357 2370 1360 2370 1362 2370 1365 2370 1379 2359 1390 2354 1491 2359 1572 2365 1575 2365 1611 2359 1676 2351 1690 2362 1698 2368 1701 2368 1704 2368 1707 2370 2014 2370 2014 2368 2068 2362 2179 2348 2328 2362 2364 2365 2367 2365 2370 2365 2381 2362 2434 2348 2689 2362 2694 2320 2689 2275 2353 2264 2350 2264 2347 2264 2345 2264 2333 2275 2325 2284 2213 2284 2202 2275 2193 2267 2191 2267 2188 2267 2185 2267 2151 2275 2107 2284 1860 2275 1799 2273 1796 2273 1768 2275 1620 2286 1508 2275 1466 2270 1463 2270 1460 2270 1457 2270 1455 2275 1441 2286 1320 2286 1301 2275 1298 2270 1295 2270 1292 2270 1290 2270 1287 2270 1267 2275 1225 2284 1175 2275 1147 2270 1144 2270 1141 2270 1124 2275 1080 2286 1007 2275 1004 2275 1001 2275 999 2275 976 2292 763 2292 741 2275 741 2273 738 2273 735 2273 733 2273 629 2273 632 2331"/></Shape>
	    <String CONTENT="&lt;.oequor.it que l&#x27;enmour propre et l&#x27;entêtement pousseraient"
                    HPOS="629"
                    VPOS="2264"
                    WIDTH="2065"
                    HEIGHT="109"
                    WC="0.9800334652264913"></String>
          </TextLine>
          <TextLine ID="eSc_line_b79f51c2"
                    TAGREFS="LT31"
                    BASELINE="612 2415 2700 2396" 
                    HPOS="610"
                    VPOS="2345"
                    WIDTH="2090"
                    HEIGHT="106">
            <Shape><Polygon POINTS="612 2415 612 2435 864 2451 867 2451 982 2435 1194 2449 1197 2449 1323 2432 1365 2446 1368 2446 1371 2446 1614 2429 1617 2429 1799 2443 1802 2443 2079 2423 2104 2423 2151 2423 2641 2435 2644 2435 2647 2435 2700 2418 2700 2396 2692 2356 2437 2359 2429 2356 2412 2345 2409 2345 2406 2345 2403 2345 2401 2345 2398 2345 2387 2356 2381 2359 2356 2356 2286 2348 2283 2348 2280 2348 2277 2348 2266 2356 2255 2365 2076 2365 2045 2356 2017 2351 2014 2351 2012 2351 2009 2351 1984 2359 1958 2365 1942 2359 1925 2351 1922 2351 1919 2351 1916 2351 1897 2359 1880 2365 1804 2359 1743 2354 1740 2354 1737 2354 1735 2354 1729 2359 1715 2368 1656 2359 1631 2356 1628 2356 1595 2359 1499 2370 1192 2362 1099 2359 1096 2359 1057 2362 884 2376 610 2365 612 2415"/></Shape>
	    <String CONTENT="Le 2e noventre le gouvernement belge &lt;.&gt; dounait l&#x27;engagement"
                    HPOS="610"
                    VPOS="2345"
                    WIDTH="2090"
                    HEIGHT="106"
                    WC="0.9911187818793"></String>
          </TextLine>
          <TextLine ID="eSc_line_c553b30e"
                    TAGREFS="LT31"
                    BASELINE="610 2493 2686 2465" 
                    HPOS="607"
                    VPOS="2410"
                    WIDTH="2079"
                    HEIGHT="131">
            <Shape><Polygon POINTS="610 2493 612 2541 691 2513 817 2513 1096 2530 1099 2530 1234 2507 1374 2521 1376 2521 1460 2505 1527 2527 1530 2527 1533 2527 1645 2524 1648 2524 1712 2502 1774 2524 1779 2524 1782 2524 1785 2524 2062 2521 2065 2521 2079 2519 2151 2499 2199 2516 2207 2519 2210 2519 2213 2519 2370 2516 2387 2513 2496 2491 2680 2507 2686 2465 2678 2410 2451 2429 2140 2421 2045 2418 2042 2418 1981 2423 1832 2437 1527 2432 1245 2429 1242 2429 1239 2429 1197 2440 1172 2446 1066 2443 811 2435 808 2435 805 2435 803 2435 803 2437 789 2449 786 2451 769 2449 680 2437 677 2437 607 2451 610 2493"/></Shape>
	    <String CONTENT="qu&#x27;on lui demandait. Mil n&#x27;iguorait que Huillanme refusérait le"
                    HPOS="607"
                    VPOS="2410"
                    WIDTH="2079"
                    HEIGHT="131"
                    WC="0.9758886921973455"></String>
          </TextLine>
          <TextLine ID="eSc_line_24c522e3"
                    TAGREFS="LT31"
                    BASELINE="598 2566 2692 2535" 
                    HPOS="596"
                    VPOS="2488"
                    WIDTH="2096"
                    HEIGHT="117">
            <Shape><Polygon POINTS="598 2566 598 2591 668 2605 671 2605 901 2591 934 2605 937 2605 940 2605 943 2605 979 2588 985 2588 1164 2602 1166 2602 1340 2583 1360 2583 1376 2583 1544 2597 1547 2597 1816 2577 1844 2577 1869 2577 2107 2588 2109 2588 2692 2566 2692 2535 2683 2488 596 2519 598 2566"/></Shape>
	    <String CONTENT="sien. Il ne restait qu&#x27;à sacrifier à son amous propre et à son entete¬"
                    HPOS="596"
                    VPOS="2488"
                    WIDTH="2096"
                    HEIGHT="117"
                    WC="0.9898640662431717"></String>
          </TextLine>
          <TextLine ID="eSc_line_f31189eb"
                    TAGREFS="LT31"
                    BASELINE="596 2636 2683 2625" 
                    HPOS="593"
                    VPOS="2583"
                    WIDTH="2090"
                    HEIGHT="81">
            <Shape><Polygon POINTS="596 2636 596 2664 2680 2650 2683 2625 2675 2583 593 2586 596 2636"/></Shape>
	    <String CONTENT="ment le commerce Gollandais et la carnison d&#x27;Auvers. Les repré¬"
                    HPOS="593"
                    VPOS="2583"
                    WIDTH="2090"
                    HEIGHT="81"
                    WC="0.9840245795628381"></String>
          </TextLine>
          <TextLine ID="eSc_line_79676599"
                    TAGREFS="LT31"
                    BASELINE="593 2709 1634 2717 2597 2709 2685 2719" 
                    HPOS="590"
                    VPOS="2650"
                    WIDTH="2110"
                    HEIGHT="103">
            <Shape><Polygon POINTS="593 2737 1424 2751 1427 2751 1429 2751 1432 2751 1443 2745 1455 2737 1508 2745 1558 2751 1561 2751 1623 2745 1704 2737 1721 2745 1732 2751 1735 2751 1737 2753 1897 2753 1897 2751 1900 2751 1908 2748 1930 2737 2082 2748 2129 2751 2132 2751 2168 2748 2308 2737 2468 2751 2484 2751 2487 2751 2490 2751 2493 2751 2543 2737 2694 2751 2700 2692 2692 2650 2401 2650 2398 2650 2395 2650 2392 2650 2342 2672 1975 2656 1972 2656 1970 2656 1967 2656 1944 2675 1790 2675 1754 2656 1740 2650 1737 2650 1735 2650 1732 2650 1718 2656 1681 2672 1410 2672 1388 2658 1374 2653 1371 2653 1368 2653 1365 2653 1346 2658 1304 2672 1239 2661 1211 2656 1208 2656 1206 2656 1189 2661 1155 2672 1136 2661 1124 2653 1122 2653 1119 2653 1116 2653 1113 2653 1077 2661 1032 2675 889 2675 842 2664 775 2650 772 2650 590 2664 593 2709"/></Shape>
	    <String CONTENT="sailles maritimes entreèrent en viquen des le 15 vemmitle, I. &lt;..&gt;"
                    HPOS="590"
                    VPOS="2650"
                    WIDTH="2110"
                    HEIGHT="103"
                    WC="0.947533290494572"></String>
          </TextLine>
          <TextLine ID="eSc_line_fb75e319"
                    TAGREFS="LT33"
                    BASELINE="2402 2670 2703 2675" 
                    HPOS="2402"
                    VPOS="2670"
                    WIDTH="301"
                    HEIGHT="5">
	    <String CONTENT=""
                    HPOS="2402"
                    VPOS="2670"
                    WIDTH="301"
                    HEIGHT="5"></String>
          </TextLine>
          <TextLine ID="eSc_line_ea1249d6"
                    TAGREFS="LT31"
                    BASELINE="590 2787 2680 2793" 
                    HPOS="590"
                    VPOS="2734"
                    WIDTH="2090"
                    HEIGHT="100">
            <Shape><Polygon POINTS="590 2787 590 2826 719 2807 943 2809 962 2826 965 2829 968 2829 971 2829 973 2829 993 2826 1054 2815 1155 2826 1169 2826 1172 2826 1175 2826 1178 2826 1203 2807 1315 2826 1343 2829 1346 2829 1348 2829 1362 2826 1415 2809 1564 2826 1637 2832 1639 2834 1900 2834 1900 2832 1902 2832 1928 2823 1956 2815 2112 2823 2132 2823 2135 2823 2137 2823 2140 2823 2177 2809 2314 2809 2333 2823 2347 2832 2350 2832 2353 2832 2356 2832 2359 2832 2389 2823 2434 2809 2675 2820 2680 2793 2678 2756 2521 2737 2202 2737 2199 2737 2196 2737 2135 2753 2132 2753 2126 2753 2065 2737 2062 2737 2059 2737 1964 2753 1958 2753 1956 2753 1922 2737 1919 2737 1916 2737 1790 2753 1776 2753 1771 2753 1732 2737 1729 2737 1726 2737 1606 2751 1569 2734 1567 2734 1564 2734 1561 2734 1522 2751 1522 2753 1312 2753 1312 2751 1270 2734 1267 2734 1264 2734 1262 2734 1220 2751 1214 2751 1080 2734 1077 2734 1074 2734 1024 2751 1021 2753 694 2753 691 2751 671 2734 668 2734 666 2734 663 2734 590 2748 590 2787"/></Shape>
	    <String CONTENT="pançais aux ordres en marichal Grard franchinait la pontire on"
                    HPOS="590"
                    VPOS="2734"
                    WIDTH="2090"
                    HEIGHT="100"
                    WC="0.9828494046964953"></String>
          </TextLine>
          <TextLine ID="eSc_line_b9fcd4ea"
                    TAGREFS="LT31"
                    BASELINE="593 2865 1816 2860 2652 2874" 
                    HPOS="590"
                    VPOS="2807"
                    WIDTH="2062"
                    HEIGHT="92">
            <Shape><Polygon POINTS="593 2865 590 2893 2647 2899 2652 2874 2647 2820 2311 2823 2303 2820 2289 2809 2286 2809 2283 2809 2280 2809 2137 2820 2084 2823 2045 2820 1942 2809 1939 2809 1936 2809 1933 2809 1919 2820 1911 2826 1701 2826 1690 2820 1651 2809 1648 2809 1645 2809 1471 2820 1421 2823 1371 2820 1124 2807 1122 2807 1119 2807 1085 2820 1085 2823 968 2823 901 2823 833 2807 831 2807 761 2820 638 2807 635 2807 632 2807 593 2818 593 2865"/></Shape>
	    <String CONTENT="belge. Le siege d&#x27;Auvers commenca le 19. &lt;.. ...... .. ..&gt; ti¬"
                    HPOS="590"
                    VPOS="2807"
                    WIDTH="2062"
                    HEIGHT="92"
                    WC="0.9371842184374409"></String>
          </TextLine>
          <TextLine ID="eSc_line_53fd83b2"
                    TAGREFS="LT31"
                    BASELINE="584 2944 2655 2944" 
                    HPOS="584"
                    VPOS="2885"
                    WIDTH="2071"
                    HEIGHT="89">
            <Shape><Polygon POINTS="584 2944 584 2974 2652 2974 2655 2944 2652 2885 2456 2885 2454 2885 2451 2885 2398 2902 2261 2888 2258 2888 2154 2902 2095 2885 2093 2885 2090 2885 2087 2885 2084 2885 2082 2885 2042 2902 1958 2885 1950 2885 1947 2885 1944 2885 1939 2885 1872 2904 1735 2904 1715 2885 1712 2885 1709 2885 1707 2885 1704 2885 1698 2885 1651 2899 1539 2888 1513 2885 1511 2885 1508 2885 1499 2888 1443 2902 1388 2888 1376 2885 1374 2885 1371 2885 1343 2888 1211 2902 1068 2888 1029 2885 926 2885 923 2885 920 2885 917 2885 915 2888 898 2902 847 2888 833 2885 831 2885 828 2885 825 2885 814 2888 780 2899 738 2888 721 2885 719 2885 716 2885 713 2885 710 2885 707 2888 685 2902 584 2890 584 2944"/></Shape>
	    <String CONTENT="&lt;.nte ...... ...&gt;. Pour bien sontiquer &lt;.....&gt;"
                    HPOS="584"
                    VPOS="2885"
                    WIDTH="2071"
                    HEIGHT="89"
                    WC="0.9386221287043198"></String>
          </TextLine>
          <TextLine ID="eSc_line_642ce491"
                    TAGREFS="LT31"
                    BASELINE="590 3016 1709 3011 2616 3022" 
                    HPOS="587"
                    VPOS="2955"
                    WIDTH="2029"
                    HEIGHT="89">
            <Shape><Polygon POINTS="590 3016 587 3039 2610 3044 2616 3022 2610 2977 2381 2977 2373 2974 2331 2960 2328 2960 2325 2960 2322 2960 2277 2974 2266 2977 2261 2974 2230 2957 2227 2957 2224 2957 2149 2974 2129 2980 2076 2980 2070 2974 2051 2957 2048 2957 2045 2957 2042 2957 1953 2974 1925 2977 1905 2971 1846 2957 1844 2957 1659 2957 1656 2957 1653 2957 1623 2971 1611 2977 1583 2971 1513 2957 1511 2957 1508 2957 1483 2971 1469 2977 1432 2971 1371 2960 1368 2960 1365 2960 1362 2960 1346 2971 1332 2980 1124 2980 1099 2969 1054 2955 1052 2955 892 2955 889 2955 887 2955 884 2955 867 2969 859 2977 786 2977 775 2969 763 2957 761 2957 758 2957 755 2957 752 2957 749 2957 735 2969 721 2974 590 2969 590 3016"/></Shape>
	    <String CONTENT="&lt;... .. ......&gt; le caractère eppropéen de l&#x27;intervention"
                    HPOS="587"
                    VPOS="2955"
                    WIDTH="2029"
                    HEIGHT="89"
                    WC="0.9630812193666186"></String>
          </TextLine>
          <TextLine ID="eSc_line_332f1622"
                    TAGREFS="LT31"
                    BASELINE="596 3086 1620 3081 2622 3100" 
                    HPOS="596"
                    VPOS="3019"
                    WIDTH="2026"
                    HEIGHT="115">
            <Shape><Polygon POINTS="596 3086 596 3122 741 3106 761 3120 763 3120 766 3120 769 3120 772 3120 808 3108 948 3125 968 3125 971 3125 973 3125 976 3125 1015 3108 1063 3125 1066 3125 1068 3125 1071 3125 1085 3125 1200 3108 1415 3108 1438 3125 1441 3128 1443 3128 1446 3128 1449 3131 1564 3131 1564 3128 1567 3128 1572 3125 1600 3111 1665 3125 1681 3128 1684 3128 1701 3125 1762 3111 1830 3125 1858 3131 1860 3131 1863 3131 1883 3125 1928 3114 2098 3125 2216 3134 2219 3134 2619 3125 2622 3100 2616 3053 2512 3053 2507 3050 2470 3030 2468 3030 2465 3030 2303 3050 2277 3053 2272 3050 2249 3030 2247 3030 2244 3030 2163 3027 2160 3027 2157 3027 2154 3027 2129 3050 2082 3050 1902 3050 1897 3047 1872 3027 1869 3027 1866 3027 1793 3025 1567 3025 1564 3025 1421 3047 1410 3047 1404 3047 1332 3022 1329 3022 1326 3022 1222 3027 1220 3027 1217 3027 1197 3044 1197 3047 1043 3047 1043 3044 1015 3022 1013 3022 1010 3022 1007 3022 1004 3022 954 3044 825 3044 780 3019 777 3019 775 3019 596 3041 596 3086"/></Shape>
	    <String CONTENT="de la France, il avait été décidé qu. .2&gt; Ie axéraient qui si les Hollendais"
                    HPOS="596"
                    VPOS="3019"
                    WIDTH="2026"
                    HEIGHT="115"
                    WC="0.9553861116108141"></String>
          </TextLine>
          <TextLine ID="eSc_line_6f7f56c6"
                    TAGREFS="LT34"
                    BASELINE="1577 3062 1882 3046 1882 3046 1964 3038" 
                    HPOS="1577"
                    VPOS="3038"
                    WIDTH="387"
                    HEIGHT="24">
	    <String CONTENT=""
                    HPOS="1577"
                    VPOS="3038"
                    WIDTH="387"
                    HEIGHT="24"></String>
          </TextLine>
          <TextLine ID="eSc_line_e68631d6"
                    TAGREFS="LT34"
                    BASELINE="2147 3063 2260 3058" 
                    HPOS="2147"
                    VPOS="3058"
                    WIDTH="113"
                    HEIGHT="5">
	    <String CONTENT=""
                    HPOS="2147"
                    VPOS="3058"
                    WIDTH="113"
                    HEIGHT="5"></String>
          </TextLine>
          <TextLine ID="eSc_line_ddaeb1f1"
                    TAGREFS="LT31"
                    BASELINE="582 3170 789 3159 2669 3167" 
                    HPOS="582"
                    VPOS="3108"
                    WIDTH="2087"
                    HEIGHT="96">
            <Shape><Polygon POINTS="582 3170 582 3198 822 3184 1105 3184 1122 3195 1122 3198 1124 3198 1127 3198 1130 3198 1133 3198 1141 3195 1180 3184 1287 3195 1351 3201 1354 3201 1684 3192 1914 3187 1944 3190 2028 3204 2031 3204 2305 3190 2308 3190 2641 3204 2644 3204 2647 3204 2650 3204 2666 3187 2669 3167 2666 3128 1967 3128 1964 3125 1928 3111 1925 3111 1922 3111 1253 3122 1208 3122 1206 3122 1183 3108 1180 3108 1178 3108 1175 3108 582 3120 582 3170"/></Shape>
	    <String CONTENT="&lt;.. .. . . ... . s&#x27;abstenaient"
                    HPOS="582"
                    VPOS="3108"
                    WIDTH="2087"
                    HEIGHT="96"
                    WC="0.8791518410046896"></String>
          </TextLine>
          <TextLine ID="eSc_line_1a6e28d4"
                    TAGREFS="LT31"
                    BASELINE="576 3237 2686 3243" 
                    HPOS="576"
                    VPOS="3178"
                    WIDTH="2110"
                    HEIGHT="95">
            <Shape><Polygon POINTS="576 3237 576 3273 2683 3271 2686 3243 2686 3198 2669 3184 2666 3184 2664 3184 2498 3181 2496 3181 2493 3181 2490 3181 2468 3195 1936 3181 1933 3181 1835 3195 1765 3181 1762 3181 1628 3195 1583 3178 1581 3178 1578 3178 1499 3192 1060 3178 1057 3178 873 3192 839 3178 836 3178 833 3178 831 3178 783 3192 694 3178 691 3178 576 3192 576 3237"/></Shape>
	    <String CONTENT="de les attaquer. L.... .... h... défdit vaill.t lape&gt;. Il"
                    HPOS="576"
                    VPOS="3178"
                    WIDTH="2110"
                    HEIGHT="95"
                    WC="0.9270893319656974"></String>
          </TextLine>
        </TextBlock>
        <TextBlock HPOS="226"
                   VPOS="45"
                   WIDTH="249"
                   HEIGHT="158"
                   ID="eSc_textblock_9e452713"
                   TAGREFS="BT44">
          <Shape><Polygon POINTS="226 45 226 203 475 203 475 45"/></Shape>
        </TextBlock>
        <TextBlock ID="eSc_dummyblock_">
          <TextLine ID="eSc_line_676f4b64"
                    TAGREFS="LT31"
                    BASELINE="267 118 405 114" 
                    HPOS="316"
                    VPOS="64"
                    WIDTH="36"
                    HEIGHT="89">
            <Shape><Polygon POINTS="316 64 316 111 319 153 352 148 352 109 349 106 341 106"/></Shape>
	    <String CONTENT=""
                    HPOS="316"
                    VPOS="64"
                    WIDTH="36"
                    HEIGHT="89"></String>
          </TextLine>
        </TextBlock>
      </PrintSpace>
    </Page>
  </Layout>
</alto>
