<?xml version="1.0" encoding="UTF-8"?>
<alto xmlns:xsi="http://www.w3.org/2001/XMLSchema-instance"
      xmlns="http://www.loc.gov/standards/alto/ns-v4#"
      xsi:schemaLocation="http://www.loc.gov/standards/alto/ns-v4# http://www.loc.gov/standards/alto/v4/alto-4-2.xsd">
  <Description>
    <MeasurementUnit>pixel</MeasurementUnit>
    <sourceImageInformation>
      <fileName>ARCH-DIV-000496_0298.png</fileName>
    </sourceImageInformation>
  </Description>
  <Tags>
    <OtherTag ID="BT42" LABEL="MainZone" DESCRIPTION="block type MainZone"/><OtherTag ID="BT43" LABEL="MarginTextZone" DESCRIPTION="block type MarginTextZone"/><OtherTag ID="BT44" LABEL="NumberingZone" DESCRIPTION="block type NumberingZone"/><OtherTag ID="BT45" LABEL="TitlePageZone" DESCRIPTION="block type TitlePageZone"/><OtherTag ID="BT46" LABEL="CustomZone:Numbering" DESCRIPTION="block type CustomZone:Numbering"/><OtherTag ID="BT49" LABEL="MarginTextZone:lower" DESCRIPTION="block type MarginTextZone:lower"/>
    <OtherTag ID="LT25" LABEL="default" DESCRIPTION="line type default"/><OtherTag ID="LT31" LABEL="DefaultLine" DESCRIPTION="line type DefaultLine"/><OtherTag ID="LT32" LABEL="HeadingLine" DESCRIPTION="line type HeadingLine"/><OtherTag ID="LT33" LABEL="InterlinearLine:addition" DESCRIPTION="line type InterlinearLine:addition"/><OtherTag ID="LT34" LABEL="InterlinearLine:correction" DESCRIPTION="line type InterlinearLine:correction"/>
  </Tags>
  <Layout>
    <Page WIDTH="2790"
          HEIGHT="3330"
          PHYSICAL_IMG_NR="297"
          ID="eSc_dummypage_">
      <PrintSpace HPOS="0"
                  VPOS="0"
                  WIDTH="2790"
                  HEIGHT="3330">
        <TextBlock HPOS="95"
                   VPOS="540"
                   WIDTH="394"
                   HEIGHT="204"
                   ID="c1128d65-b60d-49cb-b9e0-e1ca90bf0f92"
                   TAGREFS="BT43">
          <Shape><Polygon POINTS="263 542 488 552 489 744 109 737 95 540"/></Shape>
          <TextLine ID="eSc_line_ef2f90ce"
                    TAGREFS="LT31"
                    BASELINE="197 111 264 128 264 128 363 119" 
                    HPOS="219"
                    VPOS="66"
                    WIDTH="147"
                    HEIGHT="133">
            <Shape><Polygon POINTS="299 77 288 74 233 83 219 111 222 127 224 199 366 177 363 119 355 66 333 69 330 83"/></Shape>
	    <String CONTENT=""
                    HPOS="219"
                    VPOS="66"
                    WIDTH="147"
                    HEIGHT="133"></String>
          </TextLine>
          <TextLine ID="eSc_line_d044dd08"
                    TAGREFS="LT31"
                    BASELINE="136 629 457 640" 
                    HPOS="136"
                    VPOS="629"
                    WIDTH="321"
                    HEIGHT="11">
	    <String CONTENT=""
                    HPOS="136"
                    VPOS="629"
                    WIDTH="321"
                    HEIGHT="11"></String>
          </TextLine>
        </TextBlock>
        <TextBlock HPOS="421"
                   VPOS="0"
                   WIDTH="2324"
                   HEIGHT="3329"
                   ID="bad2c1fd-fac2-4deb-9ab0-b724aa68ce02"
                   TAGREFS="BT42">
          <Shape><Polygon POINTS="2745 0 2745 3325 421 3329 462 1942 513 4"/></Shape>
          <TextLine ID="eSc_line_3a45cb39"
                    TAGREFS="LT31"
                    BASELINE="566 91 1424 74 2673 77" 
                    HPOS="563"
                    VPOS="33"
                    WIDTH="2110"
                    HEIGHT="78">
            <Shape><Polygon POINTS="2145 33 2118 33 2090 33 2062 33 2034 33 2007 33 1979 33 1951 33 1923 33 1896 33 1868 33 1840 33 1812 33 1785 33 1757 33 1729 33 1701 33 1674 33 1646 33 1618 33 1590 33 1562 33 1535 33 1507 33 1479 33 1451 33 1424 33 1396 33 1368 33 1340 33 1313 33 1285 33 1257 33 1229 33 1202 33 1174 33 1146 33 1118 33 1099 33 1027 41 732 33 730 33 702 36 674 38 646 44 619 49 591 55 563 61 566 91 566 111 2670 105 2673 77 2670 36 2162 33 2145 33"/></Shape>
	    <String CONTENT=""
                    HPOS="563"
                    VPOS="33"
                    WIDTH="2110"
                    HEIGHT="78"></String>
          </TextLine>
          <TextLine ID="eSc_line_a020e7e2"
                    TAGREFS="LT31"
                    BASELINE="560 163 699 152 2703 130" 
                    HPOS="558"
                    VPOS="94"
                    WIDTH="2145"
                    HEIGHT="97">
            <Shape><Polygon POINTS="560 163 560 191 657 174 771 188 796 191 799 191 802 191 807 188 830 177 941 185 977 188 979 188 982 188 996 185 1063 169 1196 183 1238 185 1240 185 1243 185 1260 183 1304 169 1451 177 1529 183 1532 183 1660 174 1890 160 1918 172 1934 177 1937 177 1940 177 2009 169 2115 158 2201 166 2254 172 2256 172 2323 166 2418 155 2698 158 2703 130 2698 94 1288 94 1285 94 1282 94 1279 94 1279 97 1265 108 1132 97 1129 97 1029 111 802 99 799 99 558 116 560 163"/></Shape>
	    <String CONTENT=""
                    HPOS="558"
                    VPOS="94"
                    WIDTH="2145"
                    HEIGHT="97"></String>
          </TextLine>
          <TextLine ID="eSc_line_5cded419"
                    TAGREFS="LT31"
                    BASELINE="560 230 2692 183" 
                    HPOS="558"
                    VPOS="144"
                    WIDTH="2134"
                    HEIGHT="122">
            <Shape><Polygon POINTS="560 230 560 266 2692 208 2692 183 2684 144 558 191 560 230"/></Shape>
	    <String CONTENT=""
                    HPOS="558"
                    VPOS="144"
                    WIDTH="2134"
                    HEIGHT="122"></String>
          </TextLine>
          <TextLine ID="eSc_line_a2f1265e"
                    TAGREFS="LT31"
                    BASELINE="552 302 2701 246" 
                    HPOS="549"
                    VPOS="194"
                    WIDTH="2152"
                    HEIGHT="139">
            <Shape><Polygon POINTS="552 302 552 321 985 316 1085 333 1088 333 1254 316 1429 321 1432 321 1435 321 1438 321 1454 308 1479 321 1482 321 1485 321 1488 321 1540 308 1618 319 1621 319 1624 319 1693 299 1707 296 1768 296 1973 305 1976 305 1979 305 2015 294 2029 288 2059 291 2159 305 2162 305 2248 288 2293 277 2395 277 2412 285 2437 296 2440 296 2442 296 2512 283 2542 277 2698 277 2701 246 2692 194 2581 210 2381 202 2379 202 2376 202 2373 202 2370 202 2348 219 2154 222 1959 213 1951 213 1948 213 1943 213 1832 230 1776 219 1773 219 1293 246 549 249 552 302"/></Shape>
	    <String CONTENT=""
                    HPOS="549"
                    VPOS="194"
                    WIDTH="2152"
                    HEIGHT="139"></String>
          </TextLine>
          <TextLine ID="eSc_line_bdcd8aca"
                    TAGREFS="LT31"
                    BASELINE="549 374 1943 330 2673 319" 
                    HPOS="546"
                    VPOS="266"
                    WIDTH="2127"
                    HEIGHT="133">
            <Shape><Polygon POINTS="549 374 549 396 1035 399 1038 399 1041 399 1066 388 1074 382 1110 385 1182 394 1185 394 1385 380 1518 371 1557 377 1601 382 1604 382 1657 374 1726 363 1782 371 1818 377 1821 377 1893 369 2021 355 2057 366 2068 369 2070 369 2073 369 2076 369 2093 366 2137 355 2429 357 2484 357 2487 357 2501 357 2609 338 2667 352 2673 319 2665 266 546 330 549 374"/></Shape>
	    <String CONTENT=""
                    HPOS="546"
                    VPOS="266"
                    WIDTH="2127"
                    HEIGHT="133"></String>
          </TextLine>
          <TextLine ID="eSc_line_e4ca6482"
                    TAGREFS="LT31"
                    BASELINE="549 446 2640 385" 
                    HPOS="546"
                    VPOS="333"
                    WIDTH="2094"
                    HEIGHT="149">
            <Shape><Polygon POINTS="549 446 549 468 666 466 674 466 732 482 735 482 738 482 893 460 927 457 946 460 1021 474 1024 474 1163 457 1304 466 1307 466 1310 466 1351 449 1357 449 1379 449 1587 457 1590 457 1674 441 1698 438 1715 441 1779 452 1782 452 1876 435 1921 427 2298 419 2312 424 2331 435 2334 435 2337 435 2640 416 2640 385 2634 349 2542 333 2540 333 2448 352 2445 352 2442 352 2415 338 2412 338 2409 338 2406 338 2351 355 2345 355 2323 355 2168 346 2165 346 2090 360 2065 363 2023 360 1893 352 1890 352 1887 352 1862 363 1851 371 1440 374 1149 377 1146 377 1138 380 1113 394 546 394 549 446"/></Shape>
	    <String CONTENT=""
                    HPOS="546"
                    VPOS="333"
                    WIDTH="2094"
                    HEIGHT="149"></String>
          </TextLine>
          <TextLine ID="eSc_line_e2a882c1"
                    TAGREFS="LT31"
                    BASELINE="544 516 2681 463" 
                    HPOS="541"
                    VPOS="413"
                    WIDTH="2140"
                    HEIGHT="136">
            <Shape><Polygon POINTS="544 516 544 538 766 549 768 549 885 530 899 530 910 530 988 543 991 543 1116 527 1662 527 1665 527 2681 485 2681 463 2673 413 541 468 544 516"/></Shape>
	    <String CONTENT=""
                    HPOS="541"
                    VPOS="413"
                    WIDTH="2140"
                    HEIGHT="136"></String>
          </TextLine>
          <TextLine ID="eSc_line_ba78d3dc"
                    TAGREFS="LT31"
                    BASELINE="607 591 2665 538" 
                    HPOS="605"
                    VPOS="493"
                    WIDTH="2060"
                    HEIGHT="136">
            <Shape><Polygon POINTS="607 591 607 616 774 629 777 629 780 629 841 613 843 613 849 613 985 624 988 624 991 624 993 624 1013 610 1254 618 1257 618 1435 599 1457 599 1468 599 1532 610 1535 610 2665 574 2665 538 2656 493 2132 513 2118 510 2095 502 2093 502 2090 502 2040 513 2007 518 1973 513 1904 505 1901 505 1898 505 1862 518 1848 521 1837 518 1798 507 1796 507 1793 507 1712 521 1685 527 1660 524 1579 513 1576 513 1488 530 1468 532 1438 532 1290 521 1288 521 1285 521 1252 538 1249 538 1240 538 1168 527 1165 527 1038 543 1032 543 1029 543 857 532 855 532 710 552 630 538 627 538 624 538 621 538 605 549 607 591"/></Shape>
	    <String CONTENT=""
                    HPOS="605"
                    VPOS="493"
                    WIDTH="2060"
                    HEIGHT="136"></String>
          </TextLine>
          <TextLine ID="eSc_line_eacf7268"
                    TAGREFS="LT31"
                    BASELINE="541 660 1468 649 2648 602" 
                    HPOS="538"
                    VPOS="563"
                    WIDTH="2110"
                    HEIGHT="136">
            <Shape><Polygon POINTS="541 660 541 690 816 699 818 699 924 682 946 679 968 679 1077 690 1079 690 1265 685 1268 685 1271 685 1288 671 1290 671 1302 671 1390 682 1393 682 1496 666 1510 666 1521 666 1579 677 1582 677 2645 635 2648 602 2640 563 2423 577 2387 568 2368 563 2365 563 2362 563 2359 563 2345 568 2323 579 2270 571 2237 566 2234 566 2232 566 2212 571 2173 585 2101 574 2087 574 2084 574 2082 574 2076 577 2040 593 1854 596 1787 582 1765 579 1762 579 1737 585 1662 602 1285 602 1282 602 1188 616 1038 602 1024 602 1021 602 1018 602 1016 602 968 621 885 607 882 607 605 627 538 616 541 660"/></Shape>
	    <String CONTENT=""
                    HPOS="538"
                    VPOS="563"
                    WIDTH="2110"
                    HEIGHT="136"></String>
          </TextLine>
          <TextLine ID="eSc_line_53ef64a6"
                    TAGREFS="LT31"
                    BASELINE="546 727 2675 680 2722 694" 
                    HPOS="544"
                    VPOS="632"
                    WIDTH="2176"
                    HEIGHT="120">
            <Shape><Polygon POINTS="546 752 1562 743 1660 735 1776 727 1801 735 1815 738 1818 738 1821 738 1882 732 2001 721 2054 729 2073 732 2076 732 2107 729 2209 715 2431 724 2459 724 2462 724 2473 724 2592 707 2717 718 2720 679 2712 632 544 674 546 727"/></Shape>
	    <String CONTENT=""
                    HPOS="544"
                    VPOS="632"
                    WIDTH="2176"
                    HEIGHT="120"></String>
          </TextLine>
          <TextLine ID="eSc_line_390ec51b"
                    TAGREFS="LT31"
                    BASELINE="544 807 2295 765 2692 774" 
                    HPOS="541"
                    VPOS="707"
                    WIDTH="2151"
                    HEIGHT="119">
            <Shape><Polygon POINTS="544 807 544 826 2212 804 2268 801 2481 785 2687 793 2692 774 2690 724 2359 707 2356 707 2354 707 2309 727 2301 729 2268 727 2126 713 2123 713 2054 729 2029 735 2007 729 1957 715 1954 715 1951 715 1837 718 1835 718 1832 718 1818 732 1804 740 1726 732 1643 724 1640 724 1518 735 1418 743 1396 735 1376 729 1374 729 1371 729 1368 729 1343 738 1290 754 1171 754 1140 738 1132 735 1129 735 1052 735 1049 735 996 740 793 763 541 746 544 807"/></Shape>
	    <String CONTENT=""
                    HPOS="541"
                    VPOS="707"
                    WIDTH="2151"
                    HEIGHT="119"></String>
          </TextLine>
          <TextLine ID="eSc_line_604d5d52"
                    TAGREFS="LT31"
                    BASELINE="533 888 1973 843 2670 835" 
                    HPOS="530"
                    VPOS="788"
                    WIDTH="2140"
                    HEIGHT="127">
            <Shape><Polygon POINTS="533 888 533 915 1957 868 2032 879 2034 879 2037 879 2082 865 2670 865 2670 835 2662 788 1943 790 1940 790 1937 790 1926 801 1918 807 1846 801 1754 796 1751 796 1748 796 1746 796 1737 804 1723 815 1426 821 1368 813 1338 807 1335 807 1302 813 1229 826 1088 818 1049 815 1046 815 1018 818 910 835 838 821 827 821 824 821 810 824 721 840 530 829 533 888"/></Shape>
	    <String CONTENT=""
                    HPOS="530"
                    VPOS="788"
                    WIDTH="2140"
                    HEIGHT="127"></String>
          </TextLine>
          <TextLine ID="eSc_line_3d66d95f"
                    TAGREFS="LT31"
                    BASELINE="558 954 713 940 1579 918 2665 904" 
                    HPOS="555"
                    VPOS="854"
                    WIDTH="2110"
                    HEIGHT="122">
            <Shape><Polygon POINTS="880 879 702 901 613 888 610 888 607 888 555 904 558 954 558 976 1029 951 1376 960 1443 960 1446 960 1479 957 1637 937 2662 929 2665 904 2656 863 2262 871 2256 871 2234 854 2232 854 2229 854 2226 854 2062 857 1957 874 1921 860 1918 860 1915 860 1757 879 1735 882 1704 882 1449 868 1446 868 1285 888 1029 876 1027 876 1024 876 960 896 882 879 880 879"/></Shape>
	    <String CONTENT=""
                    HPOS="555"
                    VPOS="854"
                    WIDTH="2110"
                    HEIGHT="122"></String>
          </TextLine>
          <TextLine ID="eSc_line_3b5451a9"
                    TAGREFS="LT31"
                    BASELINE="541 1015 1871 985 2642 978 2719 1000" 
                    HPOS="538"
                    VPOS="924"
                    WIDTH="2168"
                    HEIGHT="124">
            <Shape><Polygon POINTS="541 1032 855 1048 857 1048 860 1048 918 1032 924 1029 932 1032 957 1040 960 1040 963 1040 1121 1029 1213 1023 1227 1029 1257 1040 1260 1040 1263 1040 1265 1040 1307 1029 1315 1026 1324 1029 1360 1040 1363 1040 1365 1040 1368 1040 1410 1026 1440 1018 1454 1026 1468 1037 1471 1037 1474 1037 1476 1040 1549 1040 1549 1037 1551 1037 1587 1026 1626 1015 1693 1026 1704 1026 1707 1026 1710 1026 1712 1026 1732 1010 1884 1010 1909 1023 1915 1029 1918 1029 1921 1029 1923 1032 2037 1032 2037 1029 2040 1029 2051 1023 2073 1012 2137 1023 2165 1026 2168 1026 2193 1023 2276 1007 2309 1021 2315 1023 2318 1023 2320 1023 2343 1021 2431 1010 2540 1021 2559 1021 2562 1021 2565 1021 2567 1021 2609 999 2701 1018 2706 985 2703 943 2554 929 2551 929 2548 929 2545 929 2526 943 2415 932 2412 932 2331 946 2273 924 2270 924 2268 924 2265 924 2184 949 2098 937 2095 937 1973 951 1893 929 1890 929 1887 929 1884 929 1823 949 1807 935 1804 935 1801 935 1798 935 1662 954 1554 940 1551 940 1549 940 1504 957 1471 940 1468 940 1465 940 1463 940 1418 962 1202 965 1138 943 1135 943 1132 943 877 946 805 949 802 949 799 949 771 971 730 951 727 951 724 951 538 976 541 1015"/></Shape>
	    <String CONTENT=""
                    HPOS="538"
                    VPOS="924"
                    WIDTH="2168"
                    HEIGHT="124"></String>
          </TextLine>
          <TextLine ID="eSc_line_17584245"
                    TAGREFS="LT34"
                    BASELINE="746 970 1090 960" 
                    HPOS="746"
                    VPOS="960"
                    WIDTH="344"
                    HEIGHT="10">
	    <String CONTENT=""
                    HPOS="746"
                    VPOS="960"
                    WIDTH="344"
                    HEIGHT="10"></String>
          </TextLine>
          <TextLine ID="eSc_line_b3e04a77"
                    TAGREFS="LT31"
                    BASELINE="533 1090 2642 1051" 
                    HPOS="530"
                    VPOS="1015"
                    WIDTH="2112"
                    HEIGHT="100">
            <Shape><Polygon POINTS="533 1090 533 1115 2642 1079 2642 1051 2634 1015 530 1046 533 1090"/></Shape>
	    <String CONTENT=""
                    HPOS="530"
                    VPOS="1015"
                    WIDTH="2112"
                    HEIGHT="100"></String>
          </TextLine>
          <TextLine ID="eSc_line_c7962ae7"
                    TAGREFS="LT31"
                    BASELINE="535 1168 1529 1146" 
                    HPOS="533"
                    VPOS="1090"
                    WIDTH="996"
                    HEIGHT="114">
            <Shape><Polygon POINTS="535 1168 535 1204 657 1184 1524 1184 1529 1146 1521 1098 1463 1107 1451 1098 1440 1090 1438 1090 1435 1090 1432 1090 1429 1090 1401 1101 1388 1107 1354 1104 1277 1093 1274 1093 1185 1110 1149 1115 1116 1112 1054 1104 1052 1104 924 1118 896 1121 885 1121 793 1104 791 1104 635 1126 566 1110 563 1110 560 1110 558 1110 555 1110 533 1123 535 1168"/></Shape>
	    <String CONTENT=""
                    HPOS="533"
                    VPOS="1090"
                    WIDTH="996"
                    HEIGHT="114"></String>
          </TextLine>
          <TextLine ID="eSc_line_d754a81d"
                    TAGREFS="LT31"
                    BASELINE="599 1248 2687 1193" 
                    HPOS="596"
                    VPOS="1132"
                    WIDTH="2091"
                    HEIGHT="152">
            <Shape><Polygon POINTS="599 1248 599 1273 755 1284 757 1284 846 1268 855 1268 860 1268 905 1282 907 1282 910 1282 1113 1262 1149 1259 1174 1259 1324 1270 1326 1270 1329 1270 1332 1270 1354 1257 1357 1254 1368 1254 1429 1268 1432 1268 1537 1251 1560 1248 1612 1248 1846 1257 1848 1257 2687 1221 2687 1193 2681 1151 2598 1132 2595 1132 2592 1132 2540 1151 2395 1137 2393 1137 2390 1137 2387 1137 2362 1157 1984 1148 1982 1148 1979 1148 1976 1148 1951 1168 1871 1154 1868 1154 1865 1154 1826 1171 1790 1154 1787 1154 1785 1154 1607 1173 1510 1162 1507 1162 1504 1162 1465 1179 1440 1162 1438 1162 1435 1162 1432 1162 1329 1184 1296 1171 1293 1171 1290 1171 952 1193 921 1179 918 1179 916 1179 802 1198 705 1182 702 1182 596 1204 599 1248"/></Shape>
	    <String CONTENT=""
                    HPOS="596"
                    VPOS="1132"
                    WIDTH="2091"
                    HEIGHT="152"></String>
          </TextLine>
          <TextLine ID="eSc_line_90c9352f"
                    TAGREFS="LT31"
                    BASELINE="535 1315 1474 1304 2690 1265" 
                    HPOS="535"
                    VPOS="1218"
                    WIDTH="2155"
                    HEIGHT="138">
            <Shape><Polygon POINTS="535 1356 2690 1295 2690 1265 2681 1218 863 1276 788 1262 785 1262 582 1279 535 1268 535 1315 535 1356"/></Shape>
	    <String CONTENT=""
                    HPOS="535"
                    VPOS="1218"
                    WIDTH="2155"
                    HEIGHT="138"></String>
          </TextLine>
          <TextLine ID="eSc_line_e09d40d5"
                    TAGREFS="LT34"
                    BASELINE="647 1283 746 1286" 
                    HPOS="647"
                    VPOS="1283"
                    WIDTH="99"
                    HEIGHT="3">
	    <String CONTENT=""
                    HPOS="647"
                    VPOS="1283"
                    WIDTH="99"
                    HEIGHT="3"></String>
          </TextLine>
          <TextLine ID="eSc_line_b478afd6"
                    TAGREFS="LT31"
                    BASELINE="530 1381 1057 1381 2662 1340" 
                    HPOS="530"
                    VPOS="1290"
                    WIDTH="2132"
                    HEIGHT="122">
            <Shape><Polygon POINTS="530 1412 2426 1381 2442 1381 2579 1365 2659 1376 2662 1340 2656 1301 2545 1290 2542 1290 2540 1290 2537 1290 2537 1293 2526 1301 2523 1304 2517 1301 2487 1293 2484 1293 2481 1293 2387 1304 2359 1307 2348 1304 2301 1293 2298 1293 2295 1293 1979 1309 1787 1320 1748 1315 1707 1307 1704 1307 1701 1307 1685 1315 1668 1323 1515 1318 1426 1315 1424 1315 1399 1320 1346 1332 1282 1320 1254 1318 1252 1318 1182 1323 988 1340 793 1329 771 1329 768 1329 755 1329 627 1348 530 1334 530 1381 530 1412"/></Shape>
	    <String CONTENT=""
                    HPOS="530"
                    VPOS="1290"
                    WIDTH="2132"
                    HEIGHT="122"></String>
          </TextLine>
          <TextLine ID="eSc_line_a754b919"
                    TAGREFS="LT31"
                    BASELINE="527 1454 2640 1404" 
                    HPOS="524"
                    VPOS="1362"
                    WIDTH="2116"
                    HEIGHT="128">
            <Shape><Polygon POINTS="527 1454 527 1490 2640 1440 2640 1404 2631 1362 524 1412 527 1454"/></Shape>
	    <String CONTENT=""
                    HPOS="524"
                    VPOS="1362"
                    WIDTH="2116"
                    HEIGHT="128"></String>
          </TextLine>
          <TextLine ID="eSc_line_6793fd03"
                    TAGREFS="LT31"
                    BASELINE="510 1523 1493 1506 2212 1479 2631 1479" 
                    HPOS="508"
                    VPOS="1434"
                    WIDTH="2123"
                    HEIGHT="117">
            <Shape><Polygon POINTS="510 1523 510 1551 768 1540 810 1548 818 1551 821 1551 824 1551 827 1551 838 1548 893 1534 927 1548 932 1548 935 1548 938 1548 1365 1540 1368 1540 1376 1537 1421 1523 1599 1534 1632 1534 1635 1534 1637 1534 1646 1531 1707 1517 1762 1531 1773 1531 1776 1531 1779 1531 1785 1529 1823 1515 1937 1523 1940 1523 2029 1509 2107 1523 2112 1523 2115 1523 2118 1523 2120 1523 2159 1506 2387 1517 2406 1517 2409 1517 2423 1517 2567 1498 2626 1512 2631 1479 2626 1434 508 1476 510 1523"/></Shape>
	    <String CONTENT=""
                    HPOS="508"
                    VPOS="1434"
                    WIDTH="2123"
                    HEIGHT="117"></String>
          </TextLine>
          <TextLine ID="eSc_line_2ca71ec0"
                    TAGREFS="LT31"
                    BASELINE="519 1590 2631 1537" 
                    HPOS="516"
                    VPOS="1490"
                    WIDTH="2115"
                    HEIGHT="125">
            <Shape><Polygon POINTS="519 1590 519 1615 2631 1562 2631 1537 2626 1504 2545 1490 2542 1490 2051 1515 1851 1506 1848 1506 1729 1523 1443 1517 1440 1517 1438 1517 1401 1531 1335 1520 1332 1520 516 1554 519 1590"/></Shape>
	    <String CONTENT=""
                    HPOS="516"
                    VPOS="1490"
                    WIDTH="2115"
                    HEIGHT="125"></String>
          </TextLine>
          <TextLine ID="eSc_line_512dab3e"
                    TAGREFS="LT31"
                    BASELINE="508 1662 2634 1603" 
                    HPOS="505"
                    VPOS="1554"
                    WIDTH="2129"
                    HEIGHT="147">
            <Shape><Polygon POINTS="508 1662 508 1687 705 1701 707 1701 796 1681 813 1678 832 1681 935 1692 938 1692 1038 1676 1054 1673 1063 1676 1110 1689 1113 1689 1116 1689 1118 1689 1160 1673 1163 1673 1296 1684 1299 1684 1302 1684 1304 1684 1321 1667 1324 1667 1360 1667 1682 1673 1685 1673 1787 1656 1793 1656 1815 1670 1818 1670 1821 1670 1823 1670 1971 1651 1990 1651 2009 1651 2151 1659 2154 1659 2312 1653 2315 1653 2340 1642 2354 1634 2487 1634 2495 1640 2512 1651 2515 1651 2517 1651 2520 1651 2523 1651 2526 1651 2545 1637 2556 1631 2631 1634 2634 1603 2628 1567 2526 1554 2523 1554 2520 1554 2517 1554 2501 1570 2498 1570 2481 1570 2318 1559 2315 1559 2229 1576 2212 1578 2134 1578 1710 1576 1707 1576 1590 1592 1568 1595 1526 1595 1307 1587 1304 1587 1068 1606 999 1612 977 1609 913 1598 910 1598 907 1598 880 1612 874 1615 866 1612 830 1601 827 1601 824 1601 821 1601 780 1615 768 1617 757 1615 716 1603 713 1603 710 1603 707 1603 680 1617 671 1623 505 1623 508 1662"/></Shape>
	    <String CONTENT=""
                    HPOS="505"
                    VPOS="1554"
                    WIDTH="2129"
                    HEIGHT="147"></String>
          </TextLine>
          <TextLine ID="eSc_line_41db0b56"
                    TAGREFS="LT31"
                    BASELINE="502 1726 2656 1678" 
                    HPOS="499"
                    VPOS="1628"
                    WIDTH="2157"
                    HEIGHT="123">
            <Shape><Polygon POINTS="502 1726 502 1751 1127 1751 1127 1748 1129 1748 1171 1734 1174 1734 1177 1734 1257 1745 1260 1745 1621 1723 1646 1723 1651 1723 1732 1734 1735 1734 1901 1717 1909 1717 1918 1717 2145 1726 2148 1726 2273 1709 2276 1709 2281 1709 2526 1717 2529 1717 2656 1698 2656 1678 2648 1637 2437 1642 2431 1640 2409 1628 2406 1628 2404 1628 2343 1642 2329 1645 2318 1642 2270 1631 2268 1631 2265 1631 2262 1631 2259 1631 2245 1645 2240 1648 2220 1645 2157 1637 2154 1637 2151 1637 2115 1648 2104 1651 2087 1648 2012 1637 2009 1637 1909 1653 1879 1656 1854 1653 1762 1642 1760 1642 1757 1642 1715 1656 1707 1659 1621 1659 1254 1656 1252 1656 1249 1656 1246 1656 1227 1667 1224 1670 1196 1670 1052 1659 1049 1659 949 1676 938 1676 932 1676 888 1662 885 1662 882 1662 796 1678 793 1678 791 1678 746 1665 744 1665 741 1665 499 1684 502 1726"/></Shape>
	    <String CONTENT=""
                    HPOS="499"
                    VPOS="1628"
                    WIDTH="2157"
                    HEIGHT="123"></String>
          </TextLine>
          <TextLine ID="eSc_line_a5bb538d"
                    TAGREFS="LT31"
                    BASELINE="496 1792 2678 1745" 
                    HPOS="494"
                    VPOS="1692"
                    WIDTH="2184"
                    HEIGHT="131">
            <Shape><Polygon POINTS="496 1792 496 1823 2678 1767 2678 1745 2673 1706 2581 1692 2579 1692 2576 1692 2537 1706 2531 1709 2526 1709 2490 1695 2487 1695 2484 1695 2376 1712 2362 1712 2348 1712 2279 1701 2276 1701 2273 1701 2270 1701 2256 1712 2251 1714 2240 1714 2157 1701 2154 1701 2046 1717 2018 1723 1735 1726 1721 1723 1679 1712 1676 1712 1674 1712 1604 1726 1585 1728 1568 1726 1512 1714 1510 1714 1415 1728 1376 1734 1304 1731 1143 1723 1140 1723 1010 1726 1007 1726 1004 1726 1004 1728 993 1737 988 1742 949 1737 871 1728 868 1728 785 1739 735 1748 494 1748 496 1792"/></Shape>
	    <String CONTENT=""
                    HPOS="494"
                    VPOS="1692"
                    WIDTH="2184"
                    HEIGHT="131"></String>
          </TextLine>
          <TextLine ID="eSc_line_68bdbd60"
                    TAGREFS="LT31"
                    BASELINE="499 1862 2673 1809" 
                    HPOS="496"
                    VPOS="1762"
                    WIDTH="2177"
                    HEIGHT="125">
            <Shape><Polygon POINTS="499 1862 499 1887 2215 1862 2218 1862 2259 1845 2295 1859 2298 1859 2301 1859 2448 1839 2456 1839 2465 1839 2645 1850 2648 1850 2651 1850 2653 1850 2673 1837 2673 1809 2667 1776 2451 1762 2448 1762 2445 1762 2376 1781 2193 1784 2057 1787 2054 1787 2001 1773 1998 1773 1996 1773 1993 1773 1990 1773 1965 1789 1962 1789 1951 1789 1771 1778 1768 1778 1765 1778 1729 1795 1726 1795 1707 1795 1546 1787 1543 1787 1540 1787 1537 1787 1524 1798 1518 1803 1365 1803 1363 1803 1338 1789 1335 1789 1332 1789 1329 1789 1293 1803 1285 1806 1249 1806 1071 1795 1068 1795 1066 1795 1027 1809 1018 1812 968 1812 727 1803 724 1803 496 1820 499 1862"/></Shape>
	    <String CONTENT=""
                    HPOS="496"
                    VPOS="1762"
                    WIDTH="2177"
                    HEIGHT="125"></String>
          </TextLine>
          <TextLine ID="eSc_line_87499b98"
                    TAGREFS="LT31"
                    BASELINE="496 1931 1615 1914 2651 1867" 
                    HPOS="494"
                    VPOS="1831"
                    WIDTH="2157"
                    HEIGHT="133">
            <Shape><Polygon POINTS="496 1931 496 1956 824 1950 968 1964 971 1964 1088 1948 1160 1959 1163 1959 1165 1959 1168 1959 1196 1942 1735 1942 1737 1942 2279 1906 2309 1906 2315 1906 2404 1923 2406 1923 2651 1895 2651 1867 2642 1831 957 1889 882 1878 866 1875 863 1875 494 1887 496 1931"/></Shape>
	    <String CONTENT=""
                    HPOS="494"
                    VPOS="1831"
                    WIDTH="2157"
                    HEIGHT="133"></String>
          </TextLine>
          <TextLine ID="eSc_line_56f71136"
                    TAGREFS="LT31"
                    BASELINE="496 1998 1091 1992 2170 1950 2673 1942" 
                    HPOS="494"
                    VPOS="1892"
                    WIDTH="2179"
                    HEIGHT="147">
            <Shape><Polygon POINTS="496 1998 496 2020 619 2020 657 2039 660 2039 663 2039 666 2039 669 2039 699 2017 760 2014 793 2014 802 2014 960 2031 963 2031 1063 2011 1104 2025 1107 2025 1110 2025 1396 2017 1399 2017 1449 1998 1460 1992 1554 1992 1562 1995 1587 2011 1590 2011 1593 2011 1596 2011 1599 2011 1601 2011 1624 1995 1632 1989 1671 1992 1804 2006 1807 2006 2001 1984 2093 1975 2123 1981 2148 1986 2151 1986 2287 1978 2412 1970 2426 1975 2456 1986 2459 1986 2462 1986 2465 1986 2512 1973 2531 1967 2670 1967 2673 1942 2665 1906 2537 1909 2534 1909 2501 1892 2498 1892 2495 1892 2415 1911 2409 1911 2406 1911 2373 1895 2370 1895 2368 1895 2062 1917 1815 1914 1812 1914 1810 1914 1773 1928 1762 1931 1712 1928 1590 1923 1587 1923 1585 1923 1549 1934 1524 1939 1446 1936 1349 1931 1346 1931 1343 1931 1326 1939 1313 1945 1302 1939 1282 1931 1279 1931 1277 1931 1274 1931 1254 1939 1238 1950 830 1959 810 1953 782 1942 780 1942 777 1942 494 1959 496 1998"/></Shape>
	    <String CONTENT=""
                    HPOS="494"
                    VPOS="1892"
                    WIDTH="2179"
                    HEIGHT="147"></String>
          </TextLine>
          <TextLine ID="eSc_line_2f8118fa"
                    TAGREFS="LT34"
                    BASELINE="1234 2018 1600 2013" 
                    HPOS="1234"
                    VPOS="2013"
                    WIDTH="366"
                    HEIGHT="5">
	    <String CONTENT=""
                    HPOS="1234"
                    VPOS="2013"
                    WIDTH="366"
                    HEIGHT="5"></String>
          </TextLine>
          <TextLine ID="eSc_line_844974fb"
                    TAGREFS="LT31"
                    BASELINE="505 2072 2648 2009" 
                    HPOS="502"
                    VPOS="1961"
                    WIDTH="2146"
                    HEIGHT="145">
            <Shape><Polygon POINTS="505 2072 505 2106 2648 2031 2648 2009 2640 1961 2054 1989 2037 1981 2021 1975 2018 1975 2015 1975 2012 1975 1993 1984 1973 1995 1804 1998 1776 1992 1735 1981 1732 1981 1729 1981 1726 1981 1723 1981 1704 1995 1693 2000 1679 1995 1649 1984 1646 1984 1643 1984 1432 1989 1429 1989 1390 2006 1379 2011 1246 2014 1238 2011 1210 1998 1207 1998 1204 1998 1002 2020 966 2022 954 2022 874 2006 871 2006 868 2006 832 2022 671 2014 669 2014 666 2014 663 2014 641 2034 502 2036 505 2072"/></Shape>
	    <String CONTENT=""
                    HPOS="502"
                    VPOS="1961"
                    WIDTH="2146"
                    HEIGHT="145"></String>
          </TextLine>
          <TextLine ID="eSc_line_d38334a7"
                    TAGREFS="LT31"
                    BASELINE="491 2142 2651 2089" 
                    HPOS="488"
                    VPOS="2034"
                    WIDTH="2163"
                    HEIGHT="130">
            <Shape><Polygon POINTS="491 2142 491 2164 2651 2109 2651 2089 2642 2034 2406 2056 2284 2045 2281 2045 2279 2045 2276 2045 2234 2059 2198 2047 2182 2042 2179 2042 2176 2042 2129 2047 2034 2064 1984 2053 1954 2047 1951 2047 1948 2047 1923 2056 1904 2061 1879 2056 1840 2050 1837 2050 1835 2050 1815 2059 1790 2070 1715 2061 1649 2056 1646 2056 1643 2056 1626 2064 1607 2075 1571 2067 1549 2061 1546 2061 1543 2061 1540 2061 1518 2070 1485 2078 1396 2072 1274 2064 1271 2064 1168 2067 1165 2067 1135 2081 1121 2086 1071 2084 946 2072 943 2072 941 2072 896 2089 891 2092 488 2100 491 2142"/></Shape>
	    <String CONTENT=""
                    HPOS="488"
                    VPOS="2034"
                    WIDTH="2163"
                    HEIGHT="130"></String>
          </TextLine>
          <TextLine ID="eSc_line_4b90dc57"
                    TAGREFS="LT31"
                    BASELINE="491 2211 1418 2200 2673 2156" 
                    HPOS="488"
                    VPOS="2117"
                    WIDTH="2185"
                    HEIGHT="136">
            <Shape><Polygon POINTS="491 2211 491 2239 591 2253 594 2253 716 2233 730 2233 785 2233 1296 2233 1299 2233 2673 2181 2673 2156 2665 2117 2420 2131 2326 2122 2265 2120 2262 2120 2259 2120 2243 2125 2215 2136 2173 2128 2145 2122 2143 2122 2140 2122 2137 2122 2132 2128 2118 2139 2018 2131 1965 2128 1962 2128 1915 2133 1815 2147 1754 2136 1726 2133 1723 2133 1721 2133 1707 2139 1674 2153 1293 2161 1077 2153 1018 2153 1016 2153 974 2156 793 2175 488 2170 491 2211"/></Shape>
	    <String CONTENT=""
                    HPOS="488"
                    VPOS="2117"
                    WIDTH="2185"
                    HEIGHT="136"></String>
          </TextLine>
          <TextLine ID="eSc_line_71d61cc5"
                    TAGREFS="LT31"
                    BASELINE="485 2281 1596 2261 2226 2236 2634 2239" 
                    HPOS="483"
                    VPOS="2183"
                    WIDTH="2151"
                    HEIGHT="136">
            <Shape><Polygon POINTS="485 2281 485 2303 616 2319 619 2319 777 2303 1010 2311 1013 2311 1016 2311 1049 2294 1057 2292 1107 2294 1304 2306 1307 2306 1482 2289 1568 2300 1571 2300 1574 2300 1610 2286 1624 2281 1668 2283 1776 2294 1779 2294 1782 2294 1804 2281 1818 2275 1879 2281 1993 2292 1996 2292 1998 2292 2001 2292 2015 2278 2018 2278 2029 2278 2115 2286 2118 2286 2120 2286 2123 2286 2137 2275 2154 2267 2631 2267 2634 2239 2631 2195 2404 2183 2401 2183 2398 2183 2395 2183 2395 2186 2379 2197 2376 2203 2362 2200 2320 2186 2318 2186 2315 2186 2312 2186 2279 2200 2276 2200 2168 2189 2165 2189 2162 2189 2129 2203 2118 2211 1973 2211 1965 2208 1946 2195 1943 2195 1940 2195 1854 2195 1851 2195 1848 2195 1801 2211 1790 2214 1779 2211 1726 2197 1723 2197 1721 2197 1718 2197 1715 2197 1693 2214 1687 2217 1662 2214 1587 2206 1585 2206 1582 2206 1579 2206 1579 2208 1568 2217 1565 2220 1543 2217 1440 2203 1438 2203 1435 2203 1432 2203 1407 2220 1401 2225 1296 2225 1271 2222 1160 2208 1157 2208 1038 2214 1035 2214 1032 2214 1013 2228 1007 2231 952 2231 688 2222 685 2222 483 2239 485 2281"/></Shape>
	    <String CONTENT=""
                    HPOS="483"
                    VPOS="2183"
                    WIDTH="2151"
                    HEIGHT="136"></String>
          </TextLine>
          <TextLine ID="eSc_line_7269ae04"
                    TAGREFS="LT31"
                    BASELINE="474 2364 2620 2314" 
                    HPOS="471"
                    VPOS="2264"
                    WIDTH="2149"
                    HEIGHT="125">
            <Shape><Polygon POINTS="474 2364 474 2389 2620 2342 2620 2314 2615 2275 2373 2264 2370 2264 2265 2281 2243 2286 1934 2289 1932 2289 1907 2275 1904 2275 1901 2275 1898 2275 1868 2289 1862 2292 1832 2289 1726 2281 1723 2281 1649 2294 1624 2297 1604 2294 1546 2283 1543 2283 1476 2297 1457 2300 1432 2297 1343 2289 1340 2289 1338 2289 1307 2300 1293 2306 1224 2303 1082 2294 1079 2294 1077 2294 1074 2294 1057 2306 1049 2311 1013 2306 943 2297 941 2297 885 2308 860 2314 827 2311 755 2303 752 2303 696 2314 660 2319 471 2319 474 2364"/></Shape>
	    <String CONTENT=""
                    HPOS="471"
                    VPOS="2264"
                    WIDTH="2149"
                    HEIGHT="125"></String>
          </TextLine>
          <TextLine ID="eSc_line_b1c20728"
                    TAGREFS="LT31"
                    BASELINE="474 2436 1698 2394 2628 2383" 
                    HPOS="471"
                    VPOS="2331"
                    WIDTH="2157"
                    HEIGHT="138">
            <Shape><Polygon POINTS="474 2436 474 2458 558 2469 560 2469 563 2469 605 2455 632 2450 677 2455 727 2461 730 2461 777 2453 816 2447 841 2453 877 2461 880 2461 882 2461 1018 2447 1096 2442 1118 2447 1146 2453 1149 2453 1152 2453 1154 2453 1157 2453 1165 2444 1179 2436 1199 2444 1218 2453 1221 2453 1224 2453 1315 2442 1438 2428 1529 2439 1571 2442 1574 2442 1576 2442 1599 2436 1654 2422 1721 2433 1754 2439 1757 2439 1801 2433 1893 2417 1984 2428 1990 2428 1993 2428 1996 2428 1998 2428 2015 2411 2204 2408 2268 2422 2284 2425 2287 2425 2290 2425 2304 2422 2354 2408 2387 2419 2393 2422 2395 2422 2398 2422 2628 2414 2628 2383 2623 2336 2215 2331 2212 2331 2104 2347 2073 2350 2048 2347 1973 2336 1971 2336 1968 2336 1943 2350 1934 2353 1921 2350 1876 2339 1873 2339 1871 2339 1785 2353 1751 2358 1732 2355 1690 2344 1687 2344 1685 2344 1682 2344 1654 2355 1640 2361 1629 2355 1607 2347 1604 2347 1601 2347 1599 2347 1557 2358 1532 2364 1499 2358 1438 2350 1435 2350 1368 2361 1324 2369 1243 2364 1129 2358 1127 2358 1060 2369 1002 2378 957 2372 905 2364 902 2364 846 2375 793 2383 749 2375 713 2369 710 2369 707 2369 685 2378 660 2386 471 2383 474 2436"/></Shape>
	    <String CONTENT=""
                    HPOS="471"
                    VPOS="2331"
                    WIDTH="2157"
                    HEIGHT="138"></String>
          </TextLine>
          <TextLine ID="eSc_line_a622b217"
                    TAGREFS="LT31"
                    BASELINE="474 2511 2109 2453 2623 2444" 
                    HPOS="471"
                    VPOS="2394"
                    WIDTH="2152"
                    HEIGHT="142">
            <Shape><Polygon POINTS="474 2511 474 2530 744 2536 746 2536 849 2522 888 2516 910 2519 963 2530 966 2530 1257 2511 1460 2497 1540 2503 1618 2508 1621 2508 1723 2497 1865 2483 1915 2491 1943 2497 1946 2497 1987 2491 2062 2478 2154 2486 2190 2489 2193 2489 2234 2483 2359 2466 2620 2472 2623 2444 2617 2400 2356 2394 2354 2394 2281 2408 2268 2411 2256 2411 2190 2400 2187 2400 1990 2419 1943 2422 1879 2422 1618 2419 1615 2419 1490 2436 1454 2439 1435 2436 1379 2428 1376 2428 1249 2442 1204 2447 1118 2447 882 2444 880 2444 821 2455 796 2464 471 2466 474 2511"/></Shape>
	    <String CONTENT=""
                    HPOS="471"
                    VPOS="2394"
                    WIDTH="2152"
                    HEIGHT="142"></String>
          </TextLine>
          <TextLine ID="eSc_line_52f4c7b0"
                    TAGREFS="LT31"
                    BASELINE="477 2583 1368 2561 2315 2516 2648 2516" 
                    HPOS="474"
                    VPOS="2461"
                    WIDTH="2174"
                    HEIGHT="161">
            <Shape><Polygon POINTS="477 2583 477 2622 580 2602 663 2616 666 2616 669 2616 677 2616 830 2591 1618 2586 1687 2583 1690 2583 1693 2583 1729 2569 1818 2577 1821 2577 1823 2577 1826 2577 1871 2555 1971 2555 1990 2569 1993 2569 1996 2569 1998 2569 2001 2569 2004 2569 2032 2553 2148 2561 2151 2561 2259 2544 2451 2555 2454 2555 2456 2555 2501 2536 2642 2550 2648 2516 2642 2461 1368 2516 1285 2514 1157 2508 1154 2508 1152 2508 1149 2508 1129 2519 1121 2525 1099 2522 1049 2511 1046 2511 793 2533 719 2539 691 2536 596 2528 594 2528 474 2544 477 2583"/></Shape>
	    <String CONTENT=""
                    HPOS="474"
                    VPOS="2461"
                    WIDTH="2174"
                    HEIGHT="161"></String>
          </TextLine>
          <TextLine ID="eSc_line_bd751fc9"
                    TAGREFS="LT31"
                    BASELINE="480 2661 1453 2633 1453 2633 2612 2580" 
                    HPOS="474"
                    VPOS="2539"
                    WIDTH="2138"
                    HEIGHT="158">
            <Shape><Polygon POINTS="480 2697 582 2677 2021 2639 2393 2611 2609 2616 2612 2580 2604 2539 474 2619 480 2661"/></Shape>
	    <String CONTENT=""
                    HPOS="474"
                    VPOS="2539"
                    WIDTH="2138"
                    HEIGHT="158"></String>
          </TextLine>
          <TextLine ID="eSc_line_dffcc25f"
                    TAGREFS="LT31"
                    BASELINE="477 2733 1715 2691 2334 2655 2662 2650" 
                    HPOS="474"
                    VPOS="2600"
                    WIDTH="2188"
                    HEIGHT="166">
            <Shape><Polygon POINTS="477 2733 477 2766 555 2750 766 2755 771 2755 774 2755 780 2755 996 2733 1063 2744 1066 2744 1068 2744 1071 2744 1149 2727 1213 2738 1215 2738 1218 2738 1229 2738 1496 2716 1790 2716 1810 2716 1812 2716 1818 2716 1890 2697 2662 2683 2662 2650 2653 2614 2523 2616 2520 2616 2467 2600 2465 2600 2462 2600 2384 2616 2132 2614 2129 2614 2126 2614 2087 2633 2059 2616 2057 2616 2054 2616 2051 2616 1946 2639 1937 2639 1929 2639 1773 2627 1771 2627 1768 2627 1721 2647 1718 2650 1551 2652 1546 2652 1446 2639 1443 2639 1324 2661 1318 2661 1310 2661 1099 2655 1096 2655 1093 2655 1049 2672 1046 2672 1043 2672 982 2655 979 2655 977 2655 974 2655 905 2677 899 2677 882 2677 682 2666 680 2666 677 2666 632 2686 632 2688 474 2691 477 2733"/></Shape>
	    <String CONTENT=""
                    HPOS="474"
                    VPOS="2600"
                    WIDTH="2188"
                    HEIGHT="166"></String>
          </TextLine>
          <TextLine ID="eSc_line_ea145604"
                    TAGREFS="LT31"
                    BASELINE="474 2802 1768 2761 2368 2727 2634 2730" 
                    HPOS="471"
                    VPOS="2672"
                    WIDTH="2163"
                    HEIGHT="164">
            <Shape><Polygon POINTS="474 2802 474 2836 663 2833 666 2833 669 2833 671 2830 699 2813 835 2824 857 2824 860 2824 874 2822 971 2802 1066 2816 1096 2819 1099 2819 1102 2819 1113 2813 1138 2799 1171 2811 1182 2816 1185 2816 1188 2816 1190 2816 1193 2816 1199 2811 1218 2794 1468 2791 1493 2799 1507 2805 1510 2805 1512 2805 1582 2797 1679 2786 1807 2788 1907 2791 1909 2791 1912 2791 1915 2791 1923 2786 1943 2772 2026 2780 2051 2783 2054 2783 2057 2783 2059 2783 2062 2780 2084 2761 2343 2755 2370 2769 2384 2775 2387 2775 2390 2775 2393 2775 2418 2766 2476 2750 2631 2758 2634 2730 2626 2672 2551 2691 2465 2677 2456 2677 2454 2677 2437 2677 2329 2694 2134 2691 2084 2691 2082 2691 2079 2691 2073 2694 2046 2705 1954 2700 1918 2697 1915 2697 1890 2702 1807 2722 1376 2733 1354 2722 1338 2716 1335 2716 1332 2716 1263 2727 1168 2744 891 2750 846 2744 785 2736 782 2736 780 2736 730 2750 691 2761 471 2761 474 2802"/></Shape>
	    <String CONTENT=""
                    HPOS="471"
                    VPOS="2672"
                    WIDTH="2163"
                    HEIGHT="164"></String>
          </TextLine>
          <TextLine ID="eSc_line_879a1d49"
                    TAGREFS="LT34"
                    BASELINE="2206 2783 2333 2775" 
                    HPOS="2206"
                    VPOS="2775"
                    WIDTH="127"
                    HEIGHT="8">
	    <String CONTENT=""
                    HPOS="2206"
                    VPOS="2775"
                    WIDTH="127"
                    HEIGHT="8"></String>
          </TextLine>
          <TextLine ID="eSc_line_5f3f02f1"
                    TAGREFS="LT31"
                    BASELINE="466 2869 2153 2818 2479 2799 2670 2805" 
                    HPOS="463"
                    VPOS="2750"
                    WIDTH="2207"
                    HEIGHT="152">
            <Shape><Polygon POINTS="466 2891 674 2902 677 2902 832 2883 885 2877 924 2880 1035 2891 1038 2891 1116 2874 1138 2872 1174 2874 1282 2883 1285 2883 1343 2869 1368 2863 1374 2869 1385 2877 1388 2877 1390 2877 1393 2877 1446 2866 1463 2863 1474 2866 1499 2874 1501 2874 1504 2874 1507 2874 1537 2863 1565 2855 1640 2861 1671 2863 1674 2863 1704 2861 1790 2847 1984 2852 2098 2855 2101 2855 2237 2849 2240 2849 2251 2844 2290 2830 2395 2841 2429 2844 2431 2844 2434 2844 2448 2841 2512 2822 2545 2838 2548 2838 2551 2838 2554 2838 2670 2833 2670 2805 2667 2758 2340 2750 2337 2750 2204 2755 2201 2755 2165 2772 2157 2777 1887 2783 1857 2780 1776 2769 1773 2769 1710 2783 1679 2791 1654 2786 1607 2775 1604 2775 1601 2775 1599 2775 1546 2788 1515 2797 1499 2791 1476 2780 1474 2780 1471 2780 1468 2780 1446 2791 1429 2799 1257 2797 1171 2797 1168 2797 1146 2799 1102 2811 1066 2802 1029 2794 1027 2794 1024 2794 830 2811 610 2827 463 2822 466 2869"/></Shape>
	    <String CONTENT=""
                    HPOS="463"
                    VPOS="2750"
                    WIDTH="2207"
                    HEIGHT="152"></String>
          </TextLine>
          <TextLine ID="eSc_line_0eb2c67a"
                    TAGREFS="LT31"
                    BASELINE="463 2938 2634 2869" 
                    HPOS="460"
                    VPOS="2827"
                    WIDTH="2174"
                    HEIGHT="145">
            <Shape><Polygon POINTS="463 2938 463 2972 2201 2905 2631 2905 2634 2869 2626 2827 460 2888 463 2938"/></Shape>
	    <String CONTENT=""
                    HPOS="460"
                    VPOS="2827"
                    WIDTH="2174"
                    HEIGHT="145"></String>
          </TextLine>
          <TextLine ID="eSc_line_bdcd9e44"
                    TAGREFS="LT31"
                    BASELINE="463 3008 2615 2933" 
                    HPOS="460"
                    VPOS="2897"
                    WIDTH="2155"
                    HEIGHT="141">
            <Shape><Polygon POINTS="463 3008 463 3027 619 3038 621 3038 1274 3008 1657 2988 1696 2994 1723 2999 1726 2999 1843 2991 2059 2974 2326 2977 2370 2977 2373 2977 2393 2977 2537 2958 2612 2969 2615 2933 2606 2897 460 2958 463 3008"/></Shape>
	    <String CONTENT=""
                    HPOS="460"
                    VPOS="2897"
                    WIDTH="2155"
                    HEIGHT="141"></String>
          </TextLine>
          <TextLine ID="eSc_line_83f9c0bd"
                    TAGREFS="LT31"
                    BASELINE="466 3071 1174 3057 1175 3057 2640 2997" 
                    HPOS="463"
                    VPOS="2955"
                    WIDTH="2177"
                    HEIGHT="153">
            <Shape><Polygon POINTS="466 3108 546 3091 782 3096 785 3096 788 3096 885 3080 930 3091 932 3091 935 3091 1415 3077 1754 3063 1846 3046 2087 3049 2090 3049 2479 3024 2634 3033 2640 2997 2631 2955 463 3024 466 3071"/></Shape>
	    <String CONTENT=""
                    HPOS="463"
                    VPOS="2955"
                    WIDTH="2177"
                    HEIGHT="153"></String>
          </TextLine>
          <TextLine ID="eSc_line_6693cbf5"
                    TAGREFS="LT34"
                    BASELINE="1155 3024 1285 3025" 
                    HPOS="1155"
                    VPOS="3024"
                    WIDTH="130"
                    HEIGHT="1">
	    <String CONTENT=""
                    HPOS="1155"
                    VPOS="3024"
                    WIDTH="130"
                    HEIGHT="1"></String>
          </TextLine>
          <TextLine ID="eSc_line_9bea5a89"
                    TAGREFS="LT31"
                    BASELINE="458 3138 2617 3058" 
                    HPOS="455"
                    VPOS="3016"
                    WIDTH="2162"
                    HEIGHT="155">
            <Shape><Polygon POINTS="458 3138 458 3157 516 3171 519 3171 746 3149 766 3149 768 3149 802 3160 805 3160 807 3160 1946 3119 1973 3113 2034 3102 2134 3110 2165 3110 2168 3110 2198 3108 2320 3091 2615 3094 2617 3058 2609 3016 455 3094 458 3138"/></Shape>
	    <String CONTENT=""
                    HPOS="455"
                    VPOS="3016"
                    WIDTH="2162"
                    HEIGHT="155"></String>
          </TextLine>
          <TextLine ID="eSc_line_07a90352"
                    TAGREFS="LT33"
                    BASELINE="1204 3144 1232 3165" 
                    HPOS="1204"
                    VPOS="3144"
                    WIDTH="28"
                    HEIGHT="21">
	    <String CONTENT=""
                    HPOS="1204"
                    VPOS="3144"
                    WIDTH="28"
                    HEIGHT="21"></String>
          </TextLine>
          <TextLine ID="eSc_line_3f2353eb"
                    TAGREFS="LT31"
                    BASELINE="455 3202 1782 3169 2623 3130" 
                    HPOS="452"
                    VPOS="3094"
                    WIDTH="2171"
                    HEIGHT="147">
            <Shape><Polygon POINTS="455 3202 455 3241 552 3221 702 3232 719 3232 721 3232 749 3230 913 3213 957 3221 971 3224 974 3224 977 3224 979 3224 982 3221 1002 3207 1232 3213 1340 3213 1343 3213 1390 3205 1449 3196 1662 3196 1943 3196 1943 3194 2026 3180 2073 3174 2090 3180 2120 3188 2123 3188 2126 3188 2298 3182 2301 3182 2304 3182 2320 3169 2329 3166 2384 3166 2590 3174 2592 3174 2595 3174 2623 3157 2623 3130 2615 3094 452 3157 455 3202"/></Shape>
	    <String CONTENT=""
                    HPOS="452"
                    VPOS="3094"
                    WIDTH="2171"
                    HEIGHT="147"></String>
          </TextLine>
          <TextLine ID="eSc_line_6a2415db"
                    TAGREFS="LT31"
                    BASELINE="446 3260 2012 3241 2565 3213" 
                    HPOS="444"
                    VPOS="3174"
                    WIDTH="2121"
                    HEIGHT="111">
            <Shape><Polygon POINTS="446 3260 446 3285 2562 3255 2565 3213 2556 3174 2370 3191 2204 3180 2184 3180 2182 3180 2179 3180 2173 3180 2104 3199 1909 3191 1907 3191 1740 3205 1707 3191 1701 3188 1698 3188 1696 3188 1693 3188 1687 3191 1643 3207 1432 3210 1265 3199 1227 3196 1224 3196 1221 3196 1213 3199 1174 3213 1016 3202 941 3199 938 3199 935 3199 932 3199 924 3205 905 3219 877 3205 866 3202 863 3202 860 3202 827 3207 741 3221 444 3216 446 3260"/></Shape>
	    <String CONTENT=""
                    HPOS="444"
                    VPOS="3174"
                    WIDTH="2121"
                    HEIGHT="111"></String>
          </TextLine>
        </TextBlock>
        <TextBlock HPOS="31"
                   VPOS="2382"
                   WIDTH="321"
                   HEIGHT="205"
                   ID="54dbdec1-a4f3-45e1-901c-ad112f2ed60c"
                   TAGREFS="BT43">
          <Shape><Polygon POINTS="352 2382 352 2587 31 2587 31 2382"/></Shape>
          <TextLine ID="eSc_line_aecc0dde"
                    TAGREFS="LT31"
                    BASELINE="44 2496 285 2496" 
                    HPOS="58"
                    VPOS="2453"
                    WIDTH="128"
                    HEIGHT="97">
            <Shape><Polygon POINTS="58 2494 58 2500 58 2550 186 2541 186 2500 183 2453 102 2461 86 2472"/></Shape>
	    <String CONTENT=""
                    HPOS="58"
                    VPOS="2453"
                    WIDTH="128"
                    HEIGHT="97"></String>
          </TextLine>
        </TextBlock>
        <TextBlock HPOS="163"
                   VPOS="60"
                   WIDTH="239"
                   HEIGHT="134"
                   ID="eSc_textblock_79866957"
                   TAGREFS="BT44">
          <Shape><Polygon POINTS="163 60 163 194 402 194 402 60"/></Shape>
        </TextBlock>
      </PrintSpace>
    </Page>
  </Layout>
</alto>
