<?xml version="1.0" encoding="UTF-8"?>
<alto xmlns:xsi="http://www.w3.org/2001/XMLSchema-instance"
      xmlns="http://www.loc.gov/standards/alto/ns-v4#"
      xsi:schemaLocation="http://www.loc.gov/standards/alto/ns-v4# http://www.loc.gov/standards/alto/v4/alto-4-2.xsd">
  <Description>
    <MeasurementUnit>pixel</MeasurementUnit>
    <sourceImageInformation>
      <fileName>ARCH-DIV-000496_0071.png</fileName>
    </sourceImageInformation>
  </Description>
  <Tags>
    <OtherTag ID="BT42" LABEL="MainZone" DESCRIPTION="block type MainZone"/><OtherTag ID="BT43" LABEL="MarginTextZone" DESCRIPTION="block type MarginTextZone"/><OtherTag ID="BT44" LABEL="NumberingZone" DESCRIPTION="block type NumberingZone"/><OtherTag ID="BT45" LABEL="TitlePageZone" DESCRIPTION="block type TitlePageZone"/><OtherTag ID="BT46" LABEL="CustomZone:Numbering" DESCRIPTION="block type CustomZone:Numbering"/><OtherTag ID="BT49" LABEL="MarginTextZone:lower" DESCRIPTION="block type MarginTextZone:lower"/>
    <OtherTag ID="LT25" LABEL="default" DESCRIPTION="line type default"/><OtherTag ID="LT31" LABEL="DefaultLine" DESCRIPTION="line type DefaultLine"/><OtherTag ID="LT32" LABEL="HeadingLine" DESCRIPTION="line type HeadingLine"/><OtherTag ID="LT33" LABEL="InterlinearLine:addition" DESCRIPTION="line type InterlinearLine:addition"/><OtherTag ID="LT34" LABEL="InterlinearLine:correction" DESCRIPTION="line type InterlinearLine:correction"/>
  </Tags>
  <Layout>
    <Page WIDTH="2790"
          HEIGHT="3311"
          PHYSICAL_IMG_NR="70"
          ID="eSc_dummypage_">
      <PrintSpace HPOS="0"
                  VPOS="0"
                  WIDTH="2790"
                  HEIGHT="3311">
        <TextBlock HPOS="609"
                   VPOS="30"
                   WIDTH="2153"
                   HEIGHT="3281"
                   ID="699a57cd-09d3-4f79-b51e-0536683818bf"
                   TAGREFS="BT42">
          <Shape><Polygon POINTS="2762 30 2762 3311 609 3311 609 30"/></Shape>
          <TextLine ID="eSc_line_9781bb65"
                    TAGREFS="LT31"
                    BASELINE="706 154 1219 140 2732 143" 
                    HPOS="703"
                    VPOS="82"
                    WIDTH="2029"
                    HEIGHT="94">
            <Shape><Polygon POINTS="1217 82 1214 82 1211 82 1189 102 1070 102 866 85 841 91 814 96 786 102 758 107 731 113 703 118 706 154 706 176 866 162 1012 176 1015 176 1018 176 1023 176 1194 162 1338 176 1346 176 1349 176 1352 176 1354 176 1377 162 1476 176 1481 176 1484 176 1492 176 1625 162 2726 173 2732 143 2729 102 2613 82 2610 82 2442 99 2384 82 2381 82 2378 82 2376 82 2373 82 2345 102 2108 102 2047 82 2044 82 2042 82 1876 96 1829 82 1826 82 1824 82 1821 82 1788 99 1763 82 1760 82 1757 82 1755 82 1752 82 1716 99 1534 85 1531 85 1528 85 1476 99 1457 85 1454 85 1451 85 1448 85 1338 99 1219 82 1217 82"/></Shape>
	    <String CONTENT="A- l’euvisages d&#x27;un coup d&#x27;acil d&#x27;ensemble, l&#x27;actioité légrilatine"
                    HPOS="703"
                    VPOS="82"
                    WIDTH="2029"
                    HEIGHT="94"
                    WC="0.9805814280654445"></String>
          </TextLine>
          <TextLine ID="eSc_line_c5ac505a"
                    TAGREFS="LT31"
                    BASELINE="700 237 1537 220 2718 220" 
                    HPOS="698"
                    VPOS="165"
                    WIDTH="2020"
                    HEIGHT="99">
            <Shape><Polygon POINTS="700 237 700 264 1021 251 1103 262 1106 262 1109 262 1112 262 1114 262 1131 248 2712 248 2718 220 2715 182 2373 165 2370 165 2367 165 2365 165 2365 168 2348 182 2009 168 2006 168 2003 168 2000 168 1984 182 1757 171 1755 171 1592 184 1537 171 1534 171 1531 171 1114 190 1076 176 1073 176 1070 176 1067 176 1040 190 861 176 858 176 855 176 808 190 756 176 753 176 750 176 747 176 698 193 700 237"/></Shape>
	    <String CONTENT="des Chambres de 1833 à 1139 &lt;........... .. ..."
                    HPOS="698"
                    VPOS="165"
                    WIDTH="2020"
                    HEIGHT="99"
                    WC="0.9206950565179189"></String>
          </TextLine>
          <TextLine ID="eSc_line_58d59465"
                    TAGREFS="LT34"
                    BASELINE="1377 276 1448 275" 
                    HPOS="1377"
                    VPOS="275"
                    WIDTH="71"
                    HEIGHT="1">
	    <String CONTENT=""
                    HPOS="1377"
                    VPOS="275"
                    WIDTH="71"
                    HEIGHT="1"></String>
          </TextLine>
          <TextLine ID="eSc_line_842781b5"
                    TAGREFS="LT34"
                    BASELINE="2569 266 2717 265" 
                    HPOS="2569"
                    VPOS="265"
                    WIDTH="148"
                    HEIGHT="1">
	    <String CONTENT=""
                    HPOS="2569"
                    VPOS="265"
                    WIDTH="148"
                    HEIGHT="1"></String>
          </TextLine>
          <TextLine ID="eSc_line_629a65e3"
                    TAGREFS="LT31"
                    BASELINE="692 328 1371 300 2718 303" 
                    HPOS="689"
                    VPOS="234"
                    WIDTH="2029"
                    HEIGHT="113">
            <Shape><Polygon POINTS="692 328 692 347 1062 342 1065 342 1106 328 1148 342 1150 342 1153 342 1308 328 2712 328 2718 303 2715 237 2588 234 2585 234 2583 234 2580 234 2574 240 2536 264 2483 264 2442 242 2439 242 2436 242 2434 242 2395 259 2373 242 2367 237 2365 237 2362 237 2359 237 2356 237 2342 242 2304 264 2257 245 2235 237 2232 237 2229 237 2227 237 2224 237 2210 245 2182 264 2097 264 2080 248 2066 237 2064 237 2061 237 2058 237 1810 240 1807 240 1804 240 1785 253 1777 262 1768 256 1749 240 1746 240 1744 240 1672 240 1669 240 1666 240 1592 259 1553 267 1515 259 1421 242 1418 242 1415 242 1332 264 1316 267 1302 264 1241 248 1239 248 1236 248 1233 248 1230 248 1205 267 1203 267 1200 267 1125 242 1123 242 1120 242 1117 242 1056 270 1048 275 689 275 692 328"/></Shape>
	    <String CONTENT="&lt;.......... ...... .... .. .......&gt;"
                    HPOS="689"
                    VPOS="234"
                    WIDTH="2029"
                    HEIGHT="113"
                    WC="0.8144727681364332"></String>
          </TextLine>
          <TextLine ID="eSc_line_bd6d49e3"
                    TAGREFS="LT31"
                    BASELINE="692 397 1835 369 2729 361" 
                    HPOS="689"
                    VPOS="309"
                    WIDTH="2040"
                    HEIGHT="115">
            <Shape><Polygon POINTS="692 397 692 424 2726 389 2729 361 2723 322 2480 311 2478 311 2475 311 2436 325 2348 309 2345 309 2342 309 2301 322 2204 311 2202 311 2199 311 2196 311 2196 314 2177 331 2072 320 2069 320 1962 333 1940 320 1937 320 1934 320 1931 320 1928 320 1895 333 1735 320 1733 320 1534 342 1462 328 1459 328 1457 328 1454 328 1432 344 1377 328 1374 328 1371 328 1269 347 1139 331 1136 331 1051 350 993 333 990 333 987 333 985 333 910 353 841 339 838 339 836 339 833 339 805 355 761 344 758 344 756 344 689 358 692 397"/></Shape>
	    <String CONTENT="&lt;....... ...&gt;"
                    HPOS="689"
                    VPOS="309"
                    WIDTH="2040"
                    HEIGHT="115"
                    WC="0.8265188657320462"></String>
          </TextLine>
          <TextLine ID="eSc_line_3ec76139"
                    TAGREFS="LT31"
                    BASELINE="687 471 1777 438 2734 433" 
                    HPOS="684"
                    VPOS="375"
                    WIDTH="2050"
                    HEIGHT="121">
            <Shape><Polygon POINTS="687 471 687 496 1813 466 1923 477 1945 477 1948 477 1973 474 2094 460 2732 460 2734 433 2732 391 2685 375 2682 375 2679 375 2676 375 2638 391 2638 394 2469 394 2467 394 2447 380 2445 380 2442 380 2439 380 2436 380 2434 380 2417 397 2406 397 2265 397 2229 383 2227 383 2224 383 2113 386 2111 386 2108 386 2083 400 2080 402 2039 402 1815 391 1813 391 1658 408 1641 408 1625 408 1457 400 1454 400 1451 400 1401 411 1379 419 684 422 687 471"/></Shape>
	    <String CONTENT="&lt;.. . . ..... ...............&gt; telle"
                    HPOS="684"
                    VPOS="375"
                    WIDTH="2050"
                    HEIGHT="121"
                    WC="0.8557715763648351"></String>
          </TextLine>
          <TextLine ID="eSc_line_f6588ccb"
                    TAGREFS="LT31"
                    BASELINE="684 549 1515 515 2687 505" 
                    HPOS="681"
                    VPOS="452"
                    WIDTH="2015"
                    HEIGHT="124">
            <Shape><Polygon POINTS="684 576 1553 543 1708 549 1821 551 1824 551 1868 543 1915 535 2177 535 2599 535 2602 535 2696 518 2696 499 2690 460 2395 452 2392 452 2389 452 2356 466 2353 466 2326 466 2058 460 2055 460 2053 460 2000 474 1992 474 1942 474 1653 469 1650 469 1647 469 1614 482 1608 482 1597 482 1534 471 1531 471 681 499 684 549"/></Shape>
	    <String CONTENT="qu&#x27;elle se manifeste par les lois organiques n&#x27;est que la contiuatiorn et"
                    HPOS="681"
                    VPOS="452"
                    WIDTH="2015"
                    HEIGHT="124"
                    WC="0.9814178796663676"></String>
          </TextLine>
          <TextLine ID="eSc_line_dd760064"
                    TAGREFS="LT31"
                    BASELINE="676 626 1614 587 2743 576" 
                    HPOS="673"
                    VPOS="521"
                    WIDTH="2070"
                    HEIGHT="130">
            <Shape><Polygon POINTS="676 626 676 651 1283 620 1404 637 1407 637 1410 637 1451 615 1650 612 1791 623 1793 623 1898 607 2102 620 2105 620 2108 620 2163 601 2251 618 2254 618 2743 607 2743 576 2734 521 2618 538 2345 529 2257 529 2254 529 2215 535 2122 549 1981 540 1912 538 1909 538 673 576 676 626"/></Shape>
	    <String CONTENT="pour ainsi dire le complément de celle du congrés. En un point ersentiel"
                    HPOS="673"
                    VPOS="521"
                    WIDTH="2070"
                    HEIGHT="130"
                    WC="0.9712026102675332"></String>
          </TextLine>
          <TextLine ID="eSc_line_c4f158ba"
                    TAGREFS="LT31"
                    BASELINE="684 689 1476 662 2701 645" 
                    HPOS="681"
                    VPOS="587"
                    WIDTH="2020"
                    HEIGHT="124">
            <Shape><Polygon POINTS="684 689 684 711 2701 678 2701 645 2696 604 2494 587 2491 587 2489 587 2447 607 2442 612 2196 612 2144 598 2141 598 2138 598 1959 618 1934 620 1923 620 1821 601 1818 601 1705 620 1664 604 1661 604 1658 604 1517 607 1407 629 1297 615 1294 615 1291 615 1239 634 1236 634 1230 634 1103 620 1101 620 681 645 684 689"/></Shape>
	    <String CONTENT="cependant, elles &lt;. ... ...&gt; une initiation aussi bardic"
                    HPOS="681"
                    VPOS="587"
                    WIDTH="2020"
                    HEIGHT="124"
                    WC="0.9438215036477361"></String>
          </TextLine>
          <TextLine ID="eSc_line_8b288f7d"
                    TAGREFS="LT34"
                    BASELINE="1245 632 1808 628" 
                    HPOS="1245"
                    VPOS="628"
                    WIDTH="563"
                    HEIGHT="4">
	    <String CONTENT=""
                    HPOS="1245"
                    VPOS="628"
                    WIDTH="563"
                    HEIGHT="4"></String>
          </TextLine>
          <TextLine ID="eSc_line_ce47a286"
                    TAGREFS="LT31"
                    BASELINE="656 767 2715 720" 
                    HPOS="654"
                    VPOS="681"
                    WIDTH="2061"
                    HEIGHT="113">
            <Shape><Polygon POINTS="656 767 656 794 2715 756 2715 720 2709 684 2240 681 2238 681 2080 698 2061 698 2058 698 2020 684 2017 684 2014 684 1774 703 1738 706 1733 706 1716 692 1713 692 1710 692 1708 692 1705 692 1655 706 1639 692 1636 692 1633 692 1630 692 1628 692 1597 706 1377 698 1374 698 1112 720 1087 720 1079 720 1010 706 1007 706 1004 706 1001 706 976 722 654 728 656 767"/></Shape>
	    <String CONTENT="du son geunre que la constitution l&#x27;avait été dans le sien. Rien n a plus"
                    HPOS="654"
                    VPOS="681"
                    WIDTH="2061"
                    HEIGHT="113"
                    WC="0.9897552304071923"></String>
          </TextLine>
          <TextLine ID="eSc_line_2fe4603d"
                    TAGREFS="LT31"
                    BASELINE="678 844 2712 800" 
                    HPOS="676"
                    VPOS="750"
                    WIDTH="2036"
                    HEIGHT="127">
            <Shape><Polygon POINTS="678 844 678 877 825 860 927 871 938 871 941 871 987 869 1346 849 1377 860 1388 863 1390 863 1393 863 1451 858 1567 844 1617 852 1647 858 1650 858 1653 858 1655 858 1661 852 1672 844 1724 849 1771 855 1774 855 1815 847 1862 838 1873 847 1882 852 1884 852 1887 852 1890 852 2066 849 2135 838 2180 833 2229 836 2326 844 2329 844 2712 822 2712 800 2709 764 2663 750 2660 750 2657 750 2351 769 2268 772 2251 769 2202 758 2199 758 2196 758 2193 758 2180 769 2174 778 1940 780 1901 775 1848 767 1846 767 1843 767 1840 767 1826 775 1813 783 1766 778 1710 769 1708 769 1705 769 1688 778 1669 789 1561 789 1495 780 1446 775 1443 775 1440 775 1437 775 1437 778 1432 780 1421 794 1308 794 1228 786 1186 780 1183 780 1103 786 913 802 676 794 678 844"/></Shape>
	    <String CONTENT="afficacement déterminé l&#x27;avenir économique du pays que le vote"
                    HPOS="676"
                    VPOS="750"
                    WIDTH="2036"
                    HEIGHT="127"
                    WC="0.9775669863147121"></String>
          </TextLine>
          <TextLine ID="eSc_line_1c01031d"
                    TAGREFS="LT31"
                    BASELINE="670 921 2726 888" 
                    HPOS="667"
                    VPOS="836"
                    WIDTH="2059"
                    HEIGHT="107">
            <Shape><Polygon POINTS="670 921 670 943 2726 916 2726 888 2721 847 2588 836 2585 836 2583 836 2549 849 2538 855 2365 855 2353 852 2318 841 2315 841 2312 841 2196 855 2171 858 2169 855 2155 844 2152 844 2149 844 2147 844 2144 844 2119 858 2116 858 2111 858 2061 847 2058 847 1879 860 1837 863 1802 863 1586 852 1584 852 1581 852 1528 869 1520 869 1504 869 1371 855 1368 855 1366 855 1321 871 1319 871 1302 871 1040 860 1037 860 954 877 861 863 858 863 667 882 670 921"/></Shape>
	    <String CONTENT="de la loi de 1834 en ordonnant la construction d&#x27;un riseae de chemins"
                    HPOS="667"
                    VPOS="836"
                    WIDTH="2059"
                    HEIGHT="107"
                    WC="0.9820690025453982"></String>
          </TextLine>
          <TextLine ID="eSc_line_aa5070a0"
                    TAGREFS="LT31"
                    BASELINE="667 1009 2180 976" 
                    HPOS="665"
                    VPOS="918"
                    WIDTH="1515"
                    HEIGHT="127">
            <Shape><Polygon POINTS="667 1009 667 1029 764 1045 767 1045 769 1045 772 1045 792 1029 797 1026 814 1029 913 1042 916 1042 918 1042 952 1026 965 1026 1164 1037 1167 1037 1277 1020 1327 1012 1606 1009 1630 1015 1666 1026 1669 1026 1672 1026 1730 1015 1760 1009 2177 1009 2180 976 2174 932 2047 918 2044 918 2042 918 2000 935 1997 935 1978 935 1788 927 1785 927 1782 927 1735 940 1733 940 1730 940 1680 927 1677 927 1675 927 1584 943 1581 943 1545 929 1542 929 1539 929 1537 929 1534 929 1515 946 1512 946 1506 946 1429 932 1426 932 1305 949 1285 951 1272 951 1189 940 1186 940 954 957 910 960 894 960 786 946 783 946 665 962 667 1009"/></Shape>
	    <String CONTENT="de fer appaetenant à l&#x27;Etat et exploité par lui¬"
                    HPOS="665"
                    VPOS="918"
                    WIDTH="1515"
                    HEIGHT="127"
                    WC="0.9997506652559552"></String>
          </TextLine>
          <TextLine ID="eSc_line_bbe0442a"
                    TAGREFS="LT31"
                    BASELINE="739 1084 2721 1031" 
                    HPOS="736"
                    VPOS="985"
                    WIDTH="1985"
                    HEIGHT="126">
            <Shape><Polygon POINTS="739 1084 739 1111 2718 1067 2721 1031 2715 998 2616 985 2613 985 2511 1001 2505 1001 2486 1001 2122 998 2119 998 2116 998 2075 1012 2069 1012 2031 1012 1788 1007 1785 1007 1782 1007 1779 1007 1768 1018 1763 1023 736 1040 739 1084"/></Shape>
	    <String CONTENT="Sans doute, &lt;....... ..... . ... . .. ..&gt;"
                    HPOS="736"
                    VPOS="985"
                    WIDTH="1985"
                    HEIGHT="126"
                    WC="0.9138255817134205"></String>
          </TextLine>
          <TextLine ID="eSc_line_c4317d93"
                    TAGREFS="LT31"
                    BASELINE="673 1164 2693 1103" 
                    HPOS="670"
                    VPOS="1054"
                    WIDTH="2023"
                    HEIGHT="143">
            <Shape><Polygon POINTS="673 1164 673 1197 2693 1128 2693 1103 2687 1067 2621 1054 2618 1054 2616 1054 2613 1054 2588 1070 2058 1070 2055 1070 1956 1087 1951 1087 1948 1087 1862 1076 1860 1076 1771 1092 1766 1092 1744 1092 1421 1089 1418 1089 670 1122 673 1164"/></Shape>
	    <String CONTENT="&lt;...... ........ .. ..  ..&gt;"
                    HPOS="670"
                    VPOS="1054"
                    WIDTH="2023"
                    HEIGHT="143"
                    WC="0.8498029819241276"></String>
          </TextLine>
          <TextLine ID="eSc_line_88131d37"
                    TAGREFS="LT31"
                    BASELINE="673 1233 1380 1227 1380 1227 2685 1167" 
                    HPOS="670"
                    VPOS="1131"
                    WIDTH="2015"
                    HEIGHT="127">
            <Shape><Polygon POINTS="673 1258 2685 1202 2685 1167 2676 1131 670 1191 673 1233"/></Shape>
	    <String CONTENT="av les avantages du nouveau moyen de loconation inauquré en"
                    HPOS="670"
                    VPOS="1131"
                    WIDTH="2015"
                    HEIGHT="127"
                    WC="0.9933813780041064"></String>
          </TextLine>
          <TextLine ID="eSc_line_9908e3b3"
                    TAGREFS="LT31"
                    BASELINE="667 1313 2025 1255 2679 1238" 
                    HPOS="665"
                    VPOS="1183"
                    WIDTH="2014"
                    HEIGHT="160">
            <Shape><Polygon POINTS="667 1313 667 1343 1161 1313 1214 1324 1222 1324 1225 1324 1228 1324 1236 1324 1297 1307 1341 1318 1343 1318 1346 1318 1349 1318 1928 1296 1942 1296 2072 1277 2193 1285 2199 1285 2202 1285 2207 1285 2279 1269 2679 1269 2679 1238 2671 1183 2458 1202 2381 1194 2359 1191 2356 1191 2353 1191 2351 1191 2348 1194 2323 1208 2293 1197 2287 1194 2284 1194 2282 1194 2094 1202 2091 1202 2086 1205 2047 1219 2028 1205 2025 1205 2022 1205 2020 1205 2017 1205 2011 1208 1984 1219 1890 1211 1862 1211 1860 1211 1840 1214 1763 1230 1702 1219 1694 1219 1691 1219 1688 1219 1683 1219 1617 1236 1517 1227 1490 1225 1487 1225 1484 1225 1470 1227 1415 1244 1139 1241 1084 1241 1081 1241 1062 1244 974 1260 891 1249 877 1249 874 1249 872 1249 869 1249 869 1252 852 1266 665 1260 667 1313"/></Shape>
	    <String CONTENT="Angliterre dès 1825 avaient de bonne heure attiré l&#x27;attention des"
                    HPOS="665"
                    VPOS="1183"
                    WIDTH="2014"
                    HEIGHT="160"
                    WC="0.9877681374549866"></String>
          </TextLine>
          <TextLine ID="eSc_line_4be4bdab"
                    TAGREFS="LT31"
                    BASELINE="670 1385 2624 1307" 
                    HPOS="667"
                    VPOS="1258"
                    WIDTH="1957"
                    HEIGHT="160">
            <Shape><Polygon POINTS="670 1385 670 1407 736 1418 739 1418 946 1396 1021 1390 1034 1393 1067 1404 1070 1404 1073 1404 1156 1387 1183 1385 1208 1387 1297 1396 1299 1396 1302 1396 1305 1396 1319 1382 1324 1379 1366 1379 1504 1387 1506 1387 1509 1387 1539 1374 1548 1371 1584 1371 1713 1379 1716 1379 1719 1379 1722 1379 1722 1376 1733 1365 1735 1363 1744 1365 1771 1376 1774 1376 1777 1376 1779 1376 1782 1376 1782 1374 1793 1363 1799 1360 1824 1363 1898 1371 1901 1371 2031 1354 2078 1349 2091 1351 2127 1363 2130 1363 2133 1363 2257 1346 2276 1343 2284 1343 2320 1354 2323 1354 2326 1354 2329 1354 2359 1340 2367 1338 2395 1340 2483 1349 2486 1349 2624 1329 2624 1307 2621 1271 2483 1258 2480 1258 2478 1258 2409 1277 2378 1263 2376 1263 2373 1263 2199 1285 2078 1274 2075 1274 1920 1296 1575 1294 1572 1294 1432 1316 1236 1307 1233 1307 1073 1329 974 1318 971 1318 968 1318 965 1318 943 1335 905 1321 902 1321 899 1321 803 1340 711 1329 709 1329 706 1329 667 1343 670 1385"/></Shape>
	    <String CONTENT="industuuls et des hommes politiques. Il avait été question déja en"
                    HPOS="667"
                    VPOS="1258"
                    WIDTH="1957"
                    HEIGHT="160"
                    WC="0.9968367246064272"></String>
          </TextLine>
          <TextLine ID="eSc_line_c6058abf"
                    TAGREFS="LT31"
                    BASELINE="659 1467 1868 1412 2715 1387" 
                    HPOS="656"
                    VPOS="1329"
                    WIDTH="2059"
                    HEIGHT="171">
            <Shape><Polygon POINTS="659 1467 659 1487 725 1500 728 1500 1001 1476 1076 1470 1145 1470 1341 1476 1343 1476 1517 1459 1617 1448 1644 1454 1683 1462 1686 1462 1688 1462 1727 1451 1757 1440 1992 1434 2006 1440 2022 1448 2025 1448 2028 1448 2031 1448 2064 1440 2105 1429 2215 1434 2296 1437 2298 1437 2301 1437 2304 1437 2312 1432 2323 1420 2715 1415 2715 1387 2707 1329 2624 1349 2207 1351 2091 1354 2069 1357 2009 1371 1804 1371 1672 1371 1669 1371 1600 1379 1526 1390 1437 1387 1327 1385 1324 1385 656 1423 659 1467"/></Shape>
	    <String CONTENT="1829, preni les métallurgistes liégrois de l&#x27;établissement d&#x27;une li¬"
                    HPOS="656"
                    VPOS="1329"
                    WIDTH="2059"
                    HEIGHT="171"
                    WC="0.9870210842174643"></String>
          </TextLine>
          <TextLine ID="eSc_line_211eae91"
                    TAGREFS="LT31"
                    BASELINE="676 1547 2331 1481 2715 1481" 
                    HPOS="673"
                    VPOS="1429"
                    WIDTH="2042"
                    HEIGHT="152">
            <Shape><Polygon POINTS="676 1547 676 1581 1479 1539 1675 1545 1688 1545 1691 1545 1697 1545 1768 1525 2712 1503 2715 1481 2709 1429 2414 1429 2411 1429 2287 1445 2265 1448 2251 1448 2160 1437 2158 1437 2155 1437 2119 1451 2053 1440 2050 1440 2047 1440 1978 1459 1970 1459 1964 1459 1915 1445 1912 1445 1909 1445 1837 1448 1835 1448 1832 1448 1832 1451 1818 1465 1815 1467 1766 1467 1338 1467 1335 1467 1194 1487 1175 1489 1167 1489 1106 1476 1103 1476 1101 1476 1098 1476 1081 1492 1079 1492 1045 1481 1043 1481 1040 1481 907 1498 885 1500 877 1500 827 1487 825 1487 822 1487 673 1506 676 1547"/></Shape>
	    <String CONTENT="gue ferréc umissant la Mense on l&#x27;Escaut et Lebeau, dans son fa¬"
                    HPOS="673"
                    VPOS="1429"
                    WIDTH="2042"
                    HEIGHT="152"
                    WC="0.9916736446321011"></String>
          </TextLine>
          <TextLine ID="eSc_line_7d09a1b9"
                    TAGREFS="LT31"
                    BASELINE="662 1633 2715 1550" 
                    HPOS="659"
                    VPOS="1503"
                    WIDTH="2056"
                    HEIGHT="160">
            <Shape><Polygon POINTS="662 1633 662 1655 863 1663 866 1663 869 1663 872 1663 891 1649 1056 1655 1059 1655 1062 1655 1092 1638 1095 1638 1117 1638 1274 1647 1277 1647 2715 1575 2715 1550 2709 1503 659 1581 662 1633"/></Shape>
	    <String CONTENT="ieux discours sur les X0111 articles, avait fait &lt;&gt; allusion à la"
                    HPOS="659"
                    VPOS="1503"
                    WIDTH="2056"
                    HEIGHT="160"
                    WC="0.9806825482484066"></String>
          </TextLine>
          <TextLine ID="eSc_line_4457ec9c"
                    TAGREFS="LT31"
                    BASELINE="662 1716 1592 1685 2089 1655 2721 1644" 
                    HPOS="659"
                    VPOS="1589"
                    WIDTH="2062"
                    HEIGHT="154">
            <Shape><Polygon POINTS="662 1716 662 1743 2718 1666 2721 1644 2718 1605 2654 1589 2652 1589 2649 1589 2525 1608 2395 1594 2392 1594 2389 1594 2342 1614 2307 1597 2304 1597 2301 1597 2193 1619 2138 1603 2135 1603 2133 1603 2006 1625 1951 1611 1948 1611 1945 1611 1724 1636 1716 1636 1710 1636 1509 1625 1506 1625 1504 1625 1468 1644 1465 1647 1377 1647 1335 1647 1319 1633 1316 1633 1313 1633 1310 1633 1225 1652 1222 1652 1217 1652 1161 1636 1159 1636 1156 1636 1153 1636 1150 1636 1128 1655 1125 1658 1054 1658 1048 1658 976 1641 974 1641 659 1669 662 1716"/></Shape>
	    <String CONTENT="possitilité de supplées par Des chemins de per à la rupture des commu¬"
                    HPOS="659"
                    VPOS="1589"
                    WIDTH="2062"
                    HEIGHT="154"
                    WC="0.988886448698984"></String>
          </TextLine>
          <TextLine ID="eSc_line_bdfaea39"
                    TAGREFS="LT31"
                    BASELINE="656 1787 1421 1774 2177 1743 2737 1738" 
                    HPOS="654"
                    VPOS="1691"
                    WIDTH="2083"
                    HEIGHT="124">
            <Shape><Polygon POINTS="656 1787 656 1815 1294 1810 1360 1801 1446 1793 1564 1798 1644 1801 1647 1801 1779 1793 2111 1774 2254 1785 2273 1785 2276 1785 2279 1785 2282 1785 2320 1768 2508 1779 2527 1779 2530 1779 2541 1779 2657 1760 2734 1774 2737 1738 2732 1702 2417 1691 2414 1691 2411 1691 2376 1707 2373 1707 2370 1707 2334 1694 2331 1694 2329 1694 2326 1694 2323 1694 2307 1707 2276 1707 1862 1705 1860 1705 1669 1718 1520 1729 1410 1724 1321 1718 1319 1718 1197 1721 1194 1721 1192 1721 1186 1727 1172 1738 654 1738 656 1787"/></Shape>
	    <String CONTENT="nications avec la Gollande. On savait au surplus &lt;.......&gt; qu&#x27;un"
                    HPOS="654"
                    VPOS="1691"
                    WIDTH="2083"
                    HEIGHT="124"
                    WC="0.951431947760284"></String>
          </TextLine>
          <TextLine ID="eSc_line_846a1f21"
                    TAGREFS="LT31"
                    BASELINE="656 1867 1661 1851 2398 1821 2726 1823" 
                    HPOS="654"
                    VPOS="1771"
                    WIDTH="2072"
                    HEIGHT="127">
            <Shape><Polygon POINTS="656 1867 656 1898 1735 1881 1791 1876 1898 1862 2011 1870 2061 1873 2064 1873 2066 1873 2078 1867 2105 1854 2580 1845 2723 1854 2726 1823 2723 1785 2486 1771 2483 1771 2480 1771 2442 1790 2439 1790 2436 1790 2353 1774 2351 1774 2108 1798 2097 1798 2094 1798 2036 1782 2033 1782 2031 1782 1956 1798 1940 1785 1937 1785 1934 1785 1931 1785 1928 1785 1854 1804 1851 1804 1846 1804 1614 1790 1611 1790 1608 1790 1567 1812 1382 1815 1374 1815 1371 1815 1211 1807 1208 1807 1131 1821 1109 1804 1106 1804 1103 1804 1101 1804 1098 1804 1095 1804 1076 1821 1015 1810 1012 1810 1010 1810 1007 1810 985 1823 960 1807 957 1807 954 1807 952 1807 949 1807 888 1829 780 1829 698 1812 695 1812 692 1812 654 1829 656 1867"/></Shape>
	    <String CONTENT="chamin de fer fonstionnait en France entre Roamme et saint-Etienne"
                    HPOS="654"
                    VPOS="1771"
                    WIDTH="2072"
                    HEIGHT="127"
                    WC="0.9864512067852598"></String>
          </TextLine>
          <TextLine ID="eSc_line_3231535c"
                    TAGREFS="LT31"
                    BASELINE="648 1950 1528 1942 1920 1923 2718 1906" 
                    HPOS="645"
                    VPOS="1865"
                    WIDTH="2073"
                    HEIGHT="118">
            <Shape><Polygon POINTS="648 1950 648 1983 2191 1942 2227 1945 2334 1956 2337 1956 2340 1956 2381 1942 2389 1936 2718 1931 2718 1906 2712 1865 2243 1865 2240 1865 2238 1865 2207 1873 2171 1884 2144 1876 2116 1867 2113 1867 2111 1867 2025 1878 1992 1881 1967 1878 1884 1870 1882 1870 1879 1870 1876 1870 1860 1881 1843 1892 1796 1884 1744 1873 1741 1873 1738 1873 1735 1873 1719 1884 1702 1895 1407 1892 1217 1890 1214 1890 1161 1898 1098 1906 1048 1898 965 1887 963 1887 960 1887 921 1901 902 1909 836 1903 700 1892 698 1892 695 1892 645 1903 648 1950"/></Shape>
	    <String CONTENT="et un autre en Allemagne entre Furth et Nuremberg. Mais l Bel¬"
                    HPOS="645"
                    VPOS="1865"
                    WIDTH="2073"
                    HEIGHT="118"
                    WC="0.9913255389659635"></String>
          </TextLine>
          <TextLine ID="eSc_line_5ebd1c61"
                    TAGREFS="LT31"
                    BASELINE="651 2044 2712 1997" 
                    HPOS="648"
                    VPOS="1942"
                    WIDTH="2064"
                    HEIGHT="141">
            <Shape><Polygon POINTS="651 2044 651 2083 792 2061 965 2061 987 2074 990 2074 993 2074 996 2074 998 2074 1001 2074 1037 2055 1098 2069 1106 2072 1109 2072 1112 2072 1136 2069 1263 2050 1341 2063 1366 2066 1368 2066 1423 2061 1512 2050 1559 2055 1592 2061 1595 2061 1597 2061 1622 2055 1672 2041 1710 2052 1735 2058 1738 2058 1741 2058 1882 2047 2009 2036 2078 2041 2182 2047 2185 2047 2188 2047 2229 2036 2240 2033 2254 2036 2309 2044 2312 2044 2315 2044 2351 2030 2373 2022 2709 2019 2712 1997 2707 1964 2591 1942 2588 1942 2502 1945 2500 1945 2497 1945 2472 1964 2351 1947 2348 1947 2345 1947 2342 1947 2304 1972 2180 1972 2119 1953 2116 1953 2113 1953 2111 1953 2064 1975 1857 1983 1680 1983 1644 1967 1641 1967 1639 1967 1636 1967 1578 1986 1512 1970 1509 1970 1506 1970 1504 1970 1501 1970 1501 1972 1479 1989 1363 1972 1360 1972 1280 1986 1263 1972 1261 1972 1258 1972 1255 1972 1101 1989 1012 1978 1010 1978 1007 1978 946 2003 648 2008 651 2044"/></Shape>
	    <String CONTENT="gique en 1834 fit tout autre choce que suivre l&#x27;exemple de l&#x27;étran¬"
                    HPOS="648"
                    VPOS="1942"
                    WIDTH="2064"
                    HEIGHT="141"
                    WC="0.9858225326039898"></String>
          </TextLine>
          <TextLine ID="eSc_line_8db277bb"
                    TAGREFS="LT31"
                    BASELINE="648 2127 2709 2080" 
                    HPOS="645"
                    VPOS="2033"
                    WIDTH="2064"
                    HEIGHT="132">
            <Shape><Polygon POINTS="648 2127 648 2165 769 2143 1048 2141 1079 2154 1081 2154 1084 2154 1087 2154 1109 2154 1277 2135 1338 2146 1371 2152 1374 2152 1377 2152 1404 2143 1435 2138 1556 2141 1724 2143 1727 2143 1730 2143 1733 2143 1746 2135 1757 2127 1799 2132 1854 2141 1857 2141 2061 2124 2227 2113 2307 2119 2436 2127 2439 2127 2442 2127 2467 2113 2480 2108 2709 2108 2709 2080 2701 2033 2337 2050 2262 2041 2218 2036 2215 2036 2171 2041 2091 2055 2000 2047 1975 2044 1973 2044 1970 2044 1964 2047 1937 2058 1826 2050 1782 2047 1779 2047 1777 2047 1763 2050 1719 2066 1487 2069 1338 2058 1302 2058 1299 2058 1266 2061 1123 2077 1037 2066 1018 2063 1015 2063 993 2066 907 2080 891 2069 888 2066 885 2066 883 2066 880 2066 858 2069 756 2085 645 2074 648 2127"/></Shape>
	    <String CONTENT="ger. &lt;..... .. ..... ......&gt; La première elle compeit, l&#x27;ave¬"
                    HPOS="645"
                    VPOS="2033"
                    WIDTH="2064"
                    HEIGHT="132"
                    WC="0.9472822967122813"></String>
          </TextLine>
          <TextLine ID="eSc_line_923eacb4"
                    TAGREFS="LT31"
                    BASELINE="634 2199 1793 2185 2646 2157" 
                    HPOS="631"
                    VPOS="2116"
                    WIDTH="2015"
                    HEIGHT="118">
            <Shape><Polygon POINTS="634 2199 634 2221 750 2234 753 2234 756 2234 758 2234 778 2221 783 2218 822 2218 1059 2229 1062 2229 1065 2229 1120 2212 1128 2212 1153 2212 1338 2223 1341 2223 1412 2210 1785 2215 1788 2215 2646 2185 2646 2157 2640 2124 2378 2116 2376 2116 2373 2116 2370 2116 2370 2119 2356 2130 2348 2135 2102 2135 1840 2132 1837 2132 1835 2132 1807 2141 1782 2146 1744 2141 1680 2132 1677 2132 1675 2132 1650 2143 1636 2149 1619 2143 1581 2132 1578 2132 1575 2132 1572 2132 1542 2146 1531 2152 1205 2157 1172 2152 1090 2141 1087 2141 1084 2141 1081 2141 1062 2154 1056 2160 1032 2157 960 2143 957 2143 954 2143 916 2157 902 2163 877 2160 794 2146 792 2146 789 2146 758 2163 756 2163 728 2149 725 2149 723 2149 631 2163 634 2199"/></Shape>
	    <String CONTENT="me réservé à une nivention dont persoune encore ne prévoyait le"
                    HPOS="631"
                    VPOS="2116"
                    WIDTH="2015"
                    HEIGHT="118"
                    WC="0.9716074354946613"></String>
          </TextLine>
          <TextLine ID="eSc_line_93380b6f"
                    TAGREFS="LT31"
                    BASELINE="631 2270 1669 2265 2687 2240" 
                    HPOS="629"
                    VPOS="2190"
                    WIDTH="2058"
                    HEIGHT="108">
            <Shape><Polygon POINTS="631 2270 631 2298 1755 2295 1912 2279 1926 2279 1934 2279 2061 2290 2064 2290 2279 2273 2320 2270 2345 2270 2461 2284 2464 2284 2467 2284 2508 2270 2514 2268 2516 2268 2536 2281 2538 2281 2541 2281 2544 2281 2687 2265 2687 2240 2685 2207 2654 2190 2652 2190 2649 2190 2646 2190 2643 2190 2618 2207 2613 2210 2607 2207 2566 2190 2563 2190 2560 2190 2271 2207 2174 2196 2171 2196 2089 2210 2039 2218 2017 2210 1986 2199 1984 2199 1981 2199 1978 2199 1975 2199 1956 2210 1937 2221 1479 2215 1476 2215 1183 2232 1045 2232 1023 2215 1021 2212 1018 2212 1015 2212 1012 2212 1010 2212 1007 2212 1004 2215 985 2229 946 2215 943 2215 941 2215 938 2215 924 2215 769 2229 629 2218 631 2270"/></Shape>
	    <String CONTENT="rôle futur et, avec une andaie étonnante elle risolut de l&#x27;applixuer"
                    HPOS="629"
                    VPOS="2190"
                    WIDTH="2058"
                    HEIGHT="108"
                    WC="0.974787679665229"></String>
          </TextLine>
          <TextLine ID="eSc_line_bf9dbc29"
                    TAGREFS="LT31"
                    BASELINE="631 2345 1644 2345 2671 2312" 
                    HPOS="629"
                    VPOS="2268"
                    WIDTH="2042"
                    HEIGHT="107">
            <Shape><Polygon POINTS="631 2345 631 2375 1810 2375 1810 2372 2340 2348 2411 2361 2414 2361 2417 2361 2489 2342 2594 2342 2624 2359 2627 2359 2629 2359 2632 2359 2635 2359 2638 2359 2671 2337 2671 2312 2665 2281 2514 2268 2511 2268 2342 2284 2309 2287 2279 2287 2135 2276 2133 2276 2130 2276 2094 2290 2091 2290 2086 2290 2053 2276 2050 2276 2047 2276 2044 2276 1986 2290 1973 2292 1959 2290 1895 2279 1893 2279 1824 2292 1804 2295 1738 2295 1526 2287 1523 2287 1520 2287 1481 2298 1468 2301 1410 2298 1266 2292 1263 2292 1054 2303 954 2309 913 2306 797 2295 794 2295 629 2309 631 2345"/></Shape>
	    <String CONTENT="suivant un plan d&#x27;ensemble et d&#x27;en faire l&#x27;instrument &lt; ..&gt;"
                    HPOS="629"
                    VPOS="2268"
                    WIDTH="2042"
                    HEIGHT="107"
                    WC="0.987510099249371"></String>
          </TextLine>
          <TextLine ID="eSc_line_ddcf069a"
                    TAGREFS="LT31"
                    BASELINE="634 2419 1724 2425 2687 2400" 
                    HPOS="634"
                    VPOS="2359"
                    WIDTH="2053"
                    HEIGHT="99">
            <Shape><Polygon POINTS="634 2444 1280 2458 1283 2458 2685 2430 2687 2400 2682 2364 2353 2359 2351 2359 2348 2359 2329 2364 2304 2372 2282 2364 2265 2359 2262 2359 2260 2359 2188 2364 2089 2375 1997 2367 1937 2361 1934 2361 1931 2361 1928 2361 1923 2367 1906 2378 1813 2367 1796 2367 1793 2367 1722 2367 1228 2383 1015 2372 957 2370 954 2370 907 2372 734 2386 634 2375 634 2419 634 2444"/></Shape>
	    <String CONTENT="essentiel de sa renaissanse économique. Les souvenirs du possé con¬"
                    HPOS="634"
                    VPOS="2359"
                    WIDTH="2053"
                    HEIGHT="99"
                    WC="0.9834258565262183"></String>
          </TextLine>
          <TextLine ID="eSc_line_63c26218"
                    TAGREFS="LT31"
                    BASELINE="629 2494 1559 2502 2693 2474" 
                    HPOS="629"
                    VPOS="2430"
                    WIDTH="2064"
                    HEIGHT="100">
            <Shape><Polygon POINTS="629 2521 1630 2530 1633 2530 2690 2505 2693 2474 2687 2444 2406 2430 2403 2430 2400 2430 2373 2444 2362 2452 2273 2452 2260 2444 2238 2433 2235 2433 2232 2433 2229 2433 2199 2444 2185 2450 2152 2444 2089 2436 2086 2436 2083 2436 2053 2444 2025 2452 1901 2447 1807 2441 1804 2441 1771 2447 1724 2455 1705 2447 1686 2439 1683 2439 1680 2439 1677 2439 1655 2447 1625 2461 1205 2461 1181 2450 1175 2444 1172 2444 1170 2444 1167 2444 1136 2450 1065 2463 1048 2450 1045 2450 1043 2450 811 2450 808 2450 805 2450 803 2450 786 2463 629 2452 629 2494 629 2521"/></Shape>
	    <String CONTENT="trituèrent en ci avec la claire intelligence des possibilités deu pro¬"
                    HPOS="629"
                    VPOS="2430"
                    WIDTH="2064"
                    HEIGHT="100"
                    WC="0.9771469507898604"></String>
          </TextLine>
          <TextLine ID="eSc_line_9f5d80d0"
                    TAGREFS="LT31"
                    BASELINE="631 2588 2654 2563" 
                    HPOS="629"
                    VPOS="2508"
                    WIDTH="2025"
                    HEIGHT="118">
            <Shape><Polygon POINTS="631 2588 634 2626 684 2610 1004 2621 1045 2621 1048 2621 1051 2621 1056 2621 1098 2604 1261 2615 1302 2618 1305 2618 1308 2618 1321 2615 1366 2604 1586 2610 1688 2612 1691 2612 1694 2612 1710 2607 1755 2596 1934 2604 2009 2607 2011 2607 2014 2607 2025 2601 2053 2593 2086 2601 2108 2607 2111 2607 2113 2607 2116 2607 2135 2601 2160 2593 2180 2599 2196 2607 2199 2607 2202 2607 2204 2607 2221 2599 2243 2590 2649 2590 2654 2563 2649 2519 2602 2508 2599 2508 2547 2519 2522 2524 2497 2521 2431 2508 2428 2508 2425 2508 2422 2508 2422 2510 2409 2521 2400 2530 2296 2530 2273 2524 2202 2510 2199 2510 2196 2510 2138 2527 2122 2530 2097 2527 2006 2513 2003 2513 2000 2513 1997 2513 1978 2530 1973 2532 1956 2530 1895 2516 1893 2516 1890 2516 1887 2516 1871 2530 1865 2535 1727 2535 1708 2532 1628 2519 1625 2519 1622 2519 1564 2535 1561 2538 1302 2541 1283 2541 1134 2524 1131 2524 1128 2524 1125 2524 1101 2541 943 2530 941 2530 849 2546 822 2530 819 2530 816 2530 714 2530 711 2530 629 2549 631 2588"/></Shape>
	    <String CONTENT="grès. On de rappelait que sous Albert et Isabelle la fonature de"
                    HPOS="629"
                    VPOS="2508"
                    WIDTH="2025"
                    HEIGHT="118"
                    WC="0.9880518848076463"></String>
          </TextLine>
          <TextLine ID="eSc_line_4bffae41"
                    TAGREFS="LT31"
                    BASELINE="631 2662 2290 2648 2674 2632" 
                    HPOS="629"
                    VPOS="2585"
                    WIDTH="2045"
                    HEIGHT="105">
            <Shape><Polygon POINTS="631 2662 631 2684 1446 2690 1448 2690 1451 2690 1495 2676 1501 2676 1517 2676 1672 2687 1675 2687 1677 2687 1722 2673 1727 2673 1741 2673 1837 2684 1840 2684 2036 2670 2055 2670 2069 2670 2268 2681 2271 2681 2671 2662 2674 2632 2665 2585 2502 2588 2500 2588 2497 2588 2480 2601 2422 2588 2420 2588 2417 2588 2414 2588 2411 2588 2392 2604 2204 2590 2196 2590 2193 2590 2191 2590 2133 2607 2078 2590 2072 2590 2069 2590 2066 2590 2053 2593 1962 2612 1578 2612 1520 2599 1501 2596 1498 2596 1473 2599 1390 2618 1263 2618 1241 2601 1239 2601 1236 2601 1026 2601 1023 2601 1021 2601 1018 2601 1012 2607 996 2618 927 2607 902 2604 899 2604 896 2604 888 2607 861 2621 808 2610 783 2604 780 2604 629 2610 631 2662"/></Shape>
	    <String CONTENT="l&#x27;Escaut avait fait naître l&#x27;idée de ramimes le trousit éteint"
                    HPOS="629"
                    VPOS="2585"
                    WIDTH="2045"
                    HEIGHT="105"
                    WC="0.9782444084844282"></String>
          </TextLine>
          <TextLine ID="eSc_line_dca7e3ca"
                    TAGREFS="LT31"
                    BASELINE="631 2742 2671 2717" 
                    HPOS="629"
                    VPOS="2665"
                    WIDTH="2042"
                    HEIGHT="113">
            <Shape><Polygon POINTS="631 2742 631 2767 645 2778 648 2778 651 2778 654 2778 803 2764 825 2778 827 2778 830 2778 833 2778 836 2778 869 2761 872 2761 888 2761 1079 2775 1081 2775 1084 2775 1148 2759 1156 2759 1200 2759 1531 2770 1534 2770 1989 2764 1992 2764 1995 2764 2014 2753 2022 2748 2028 2750 2047 2761 2050 2761 2053 2761 2668 2745 2671 2717 2665 2681 2445 2665 2442 2665 2439 2665 2436 2665 2436 2668 2420 2681 2417 2684 2395 2681 2251 2668 2249 2668 2246 2668 2193 2684 2182 2690 1639 2692 1625 2690 1572 2676 1570 2676 1567 2676 1564 2676 1534 2690 1526 2698 1371 2698 1360 2692 1319 2679 1316 2679 1313 2679 1310 2679 1308 2679 1308 2681 1294 2692 1214 2684 1211 2684 1208 2684 1178 2695 1161 2698 1125 2695 1034 2684 1032 2684 1029 2684 982 2695 968 2701 629 2701 631 2742"/></Shape>
	    <String CONTENT="par le crensement d&#x27;un système de canaux orienté vers l&#x27;Alle¬"
                    HPOS="629"
                    VPOS="2665"
                    WIDTH="2042"
                    HEIGHT="113"
                    WC="0.9984247283857377"></String>
          </TextLine>
          <TextLine ID="eSc_line_a14fd772"
                    TAGREFS="LT31"
                    BASELINE="629 2814 1575 2819 2674 2795" 
                    HPOS="626"
                    VPOS="2750"
                    WIDTH="2048"
                    HEIGHT="111">
            <Shape><Polygon POINTS="629 2814 629 2844 725 2861 728 2861 874 2841 894 2841 896 2841 918 2858 921 2858 924 2858 927 2858 1004 2841 1010 2841 1015 2841 1150 2858 1153 2858 1324 2839 1327 2839 1371 2852 1374 2852 1377 2852 1782 2836 2202 2847 2204 2847 2671 2822 2674 2795 2665 2750 626 2775 629 2814"/></Shape>
	    <String CONTENT="mague et que ce projet avait reparu sous le gouvernement de Ma¬"
                    HPOS="626"
                    VPOS="2750"
                    WIDTH="2048"
                    HEIGHT="111"
                    WC="0.983029724113525"></String>
          </TextLine>
          <TextLine ID="eSc_line_f94aa672"
                    TAGREFS="LT31"
                    BASELINE="623 2905 2696 2888" 
                    HPOS="623"
                    VPOS="2830"
                    WIDTH="2073"
                    HEIGHT="111">
            <Shape><Polygon POINTS="623 2938 883 2927 930 2935 963 2941 965 2941 968 2941 971 2941 976 2935 993 2924 1112 2932 1192 2938 1194 2938 1978 2921 2147 2919 2160 2919 2276 2930 2279 2930 2425 2916 2434 2916 2436 2916 2585 2927 2588 2927 2693 2910 2696 2888 2687 2830 2585 2850 2384 2833 2381 2833 2378 2833 2340 2852 2224 2841 2221 2841 1953 2855 1862 2841 1860 2841 1857 2841 1810 2855 1675 2839 1672 2839 1669 2839 1666 2839 1664 2839 1636 2858 1617 2841 1614 2841 1611 2841 1608 2841 1537 2855 1396 2841 1393 2841 1302 2861 1101 2844 1098 2844 1095 2844 1092 2844 1070 2861 976 2847 974 2847 877 2864 827 2847 825 2847 822 2847 662 2864 623 2847 623 2905 623 2938"/></Shape>
	    <String CONTENT="ximilieu Heuri. &lt;.... .. .. ..... ..... .......&gt;"
                    HPOS="623"
                    VPOS="2830"
                    WIDTH="2073"
                    HEIGHT="111"
                    WC="0.9101539701223373"></String>
          </TextLine>
          <TextLine ID="eSc_line_9991224e"
                    TAGREFS="LT31"
                    BASELINE="623 2977 2682 2966" 
                    HPOS="620"
                    VPOS="2916"
                    WIDTH="2062"
                    HEIGHT="99">
            <Shape><Polygon POINTS="623 2977 623 3001 1134 3015 1136 3015 1650 3013 1653 3013 1710 2996 1716 2996 1724 2996 1768 3010 1771 3010 1774 3010 1904 2996 1912 2996 1915 2996 1951 3010 1953 3010 1956 3010 2072 2996 2075 2996 2083 2996 2602 3007 2605 3007 2679 2990 2682 2966 2676 2930 2166 2916 2163 2916 2053 2930 753 2924 750 2924 620 2938 623 2977"/></Shape>
	    <String CONTENT="&lt;.....  .. . .. ..  ....&gt;"
                    HPOS="620"
                    VPOS="2916"
                    WIDTH="2062"
                    HEIGHT="99"
                    WC="0.8794542241096497"></String>
          </TextLine>
          <TextLine ID="eSc_line_8aa7f19d"
                    TAGREFS="LT31"
                    BASELINE="629 3048 1730 3048 2682 3029" 
                    HPOS="626"
                    VPOS="2990"
                    WIDTH="2056"
                    HEIGHT="86">
            <Shape><Polygon POINTS="629 3048 629 3076 2679 3065 2682 3029 2674 2990 626 3004 629 3048"/></Shape>
	    <String CONTENT="&lt;...... .... .. .... ...... .....&gt;"
                    HPOS="626"
                    VPOS="2990"
                    WIDTH="2056"
                    HEIGHT="86"
                    WC="0.88675458816921"></String>
          </TextLine>
          <TextLine ID="eSc_line_5a669f6f"
                    TAGREFS="LT31"
                    BASELINE="634 3117 2696 3101" 
                    HPOS="631"
                    VPOS="3057"
                    WIDTH="2065"
                    HEIGHT="88">
            <Shape><Polygon POINTS="634 3117 634 3142 1970 3145 1973 3145 2064 3142 2353 3128 2690 3139 2696 3101 2687 3057 631 3068 634 3117"/></Shape>
	    <String CONTENT="&lt;... .. ..... . ... . ..&gt;"
                    HPOS="631"
                    VPOS="3057"
                    WIDTH="2065"
                    HEIGHT="88"
                    WC="0.899279682636261"></String>
          </TextLine>
          <TextLine ID="eSc_line_bd0278c8"
                    TAGREFS="LT31"
                    BASELINE="623 3192 2704 3175" 
                    HPOS="620"
                    VPOS="3126"
                    WIDTH="2084"
                    HEIGHT="104">
            <Shape><Polygon POINTS="623 3192 623 3217 778 3230 780 3230 783 3230 830 3217 833 3217 836 3217 866 3230 869 3230 872 3230 971 3217 998 3214 1159 3217 1658 3225 1661 3225 2701 3208 2704 3175 2698 3139 2381 3126 2378 3126 2376 3126 2373 3126 2356 3139 2351 3142 620 3142 623 3192"/></Shape>
	    <String CONTENT="&lt;... .. ...&gt; C&#x27;est à lui encore que &lt;..... ....&gt;"
                    HPOS="620"
                    VPOS="3126"
                    WIDTH="2084"
                    HEIGHT="104"
                    WC="0.9074204661408249"></String>
          </TextLine>
          <TextLine ID="eSc_line_e600cf05"
                    TAGREFS="LT31"
                    BASELINE="626 3266 2632 3244" 
                    HPOS="623"
                    VPOS="3200"
                    WIDTH="2009"
                    HEIGHT="102">
            <Shape><Polygon POINTS="626 3266 626 3302 1970 3280 2113 3291 2127 3291 2130 3291 2141 3291 2265 3277 2373 3288 2378 3288 2381 3288 2384 3288 2387 3288 2403 3275 2627 3286 2632 3244 2624 3200 1421 3206 1357 3219 1343 3219 1324 3219 1211 3208 1208 3208 888 3225 872 3225 863 3225 698 3214 695 3214 623 3228 626 3266"/></Shape>
	    <String CONTENT="&lt;... ...&gt; le salut public contraiguit le pays à revenir"
                    HPOS="623"
                    VPOS="3200"
                    WIDTH="2009"
                    HEIGHT="102"
                    WC="0.9779957671250615"></String>
          </TextLine>
        </TextBlock>
        <TextBlock HPOS="233"
                   VPOS="20"
                   WIDTH="299"
                   HEIGHT="212"
                   ID="eSc_textblock_f0c76f5e"
                   TAGREFS="BT44">
          <Shape><Polygon POINTS="233 20 233 232 532 232 529 20"/></Shape>
        </TextBlock>
        <TextBlock HPOS="107"
                   VPOS="1774"
                   WIDTH="504"
                   HEIGHT="552"
                   ID="eSc_textblock_9a3f6b95"
                   TAGREFS="BT43">
          <Shape><Polygon POINTS="107 1776 107 2326 598 2326 611 1774"/></Shape>
        </TextBlock>
        <TextBlock ID="eSc_dummyblock_">
          <TextLine ID="eSc_line_16858f06"
                    TAGREFS="LT31"
                    BASELINE="280 122 379 97" 
                    HPOS="303"
                    VPOS="44"
                    WIDTH="47"
                    HEIGHT="102">
            <Shape><Polygon POINTS="303 57 309 113 309 146 350 143 350 110 339 44 331 44"/></Shape>
	    <String CONTENT="6"
                    HPOS="303"
                    VPOS="44"
                    WIDTH="47"
                    HEIGHT="102"
                    WC="0.9999998807907104"></String>
          </TextLine>
          <TextLine ID="eSc_line_83cce24e"
                    TAGREFS="LT31"
                    BASELINE="137 1854 424 1847 424 1847 544 1854" 
                    HPOS="135"
                    VPOS="1801"
                    WIDTH="287"
                    HEIGHT="97">
            <Shape><Polygon POINTS="187 1810 135 1812 137 1854 137 1884 220 1876 240 1890 248 1898 251 1898 253 1898 256 1898 303 1890 361 1878 416 1890 422 1851 413 1801 212 1810 190 1845"/></Shape>
	    <String CONTENT="etait quiss"
                    HPOS="135"
                    VPOS="1801"
                    WIDTH="287"
                    HEIGHT="97"
                    WC="0.944723592563109"></String>
          </TextLine>
          <TextLine ID="eSc_line_748338e5"
                    TAGREFS="LT31"
                    BASELINE="131 1920 608 1930" 
                    HPOS="171"
                    VPOS="1873"
                    WIDTH="242"
                    HEIGHT="80">
            <Shape><Polygon POINTS="182 1873 171 1873 171 1923 171 1950 411 1953 413 1923 413 1876 212 1873 198 1898"/></Shape>
	    <String CONTENT=" d&#x27;une lege"
                    HPOS="171"
                    VPOS="1873"
                    WIDTH="242"
                    HEIGHT="80"
                    WC="0.9947950135577809"></String>
          </TextLine>
          <TextLine ID="eSc_line_65b55110"
                    TAGREFS="LT31"
                    BASELINE="127 1987 527 1988" 
                    HPOS="165"
                    VPOS="1936"
                    WIDTH="248"
                    HEIGHT="86">
            <Shape><Polygon POINTS="165 1961 168 1989 168 2022 413 2016 413 1981 405 1936 198 1950 193 1961"/></Shape>
	    <String CONTENT="ques  coui"
                    HPOS="165"
                    VPOS="1936"
                    WIDTH="248"
                    HEIGHT="86"
                    WC="0.9608842551708221"></String>
          </TextLine>
          <TextLine ID="eSc_line_28379659"
                    TAGREFS="LT31"
                    BASELINE="118 2050 482 2050" 
                    HPOS="173"
                    VPOS="1992"
                    WIDTH="276"
                    HEIGHT="96">
            <Shape><Polygon POINTS="176 2055 176 2088 449 2088 449 2050 444 2000 311 1992 309 1992 184 2011 173 2033"/></Shape>
	    <String CONTENT="l thil Pa"
                    HPOS="173"
                    VPOS="1992"
                    WIDTH="276"
                    HEIGHT="96"
                    WC="0.9418632056978014"></String>
          </TextLine>
          <TextLine ID="eSc_line_56f20f4c"
                    TAGREFS="LT31"
                    BASELINE="151 2121 241 2121" 
                    HPOS="176"
                    VPOS="2083"
                    WIDTH="42"
                    HEIGHT="99">
            <Shape><Polygon POINTS="176 2116 176 2121 176 2174 215 2182 218 2121 218 2085 204 2083 204 2088"/></Shape>
	    <String CONTENT="22"
                    HPOS="176"
                    VPOS="2083"
                    WIDTH="42"
                    HEIGHT="99"
                    WC="0.9994942545890808"></String>
          </TextLine>
        </TextBlock>
      </PrintSpace>
    </Page>
  </Layout>
</alto>
