<?xml version="1.0" encoding="UTF-8"?>
<alto xmlns:xsi="http://www.w3.org/2001/XMLSchema-instance"
      xmlns="http://www.loc.gov/standards/alto/ns-v4#"
      xsi:schemaLocation="http://www.loc.gov/standards/alto/ns-v4# http://www.loc.gov/standards/alto/v4/alto-4-2.xsd">
  <Description>
    <MeasurementUnit>pixel</MeasurementUnit>
    <sourceImageInformation>
      <fileName>ARCH-DIV-000496_0130.png</fileName>
    </sourceImageInformation>
  </Description>
  <Tags>
    <OtherTag ID="BT42" LABEL="MainZone" DESCRIPTION="block type MainZone"/><OtherTag ID="BT43" LABEL="MarginTextZone" DESCRIPTION="block type MarginTextZone"/><OtherTag ID="BT44" LABEL="NumberingZone" DESCRIPTION="block type NumberingZone"/><OtherTag ID="BT45" LABEL="TitlePageZone" DESCRIPTION="block type TitlePageZone"/><OtherTag ID="BT46" LABEL="CustomZone:Numbering" DESCRIPTION="block type CustomZone:Numbering"/><OtherTag ID="BT49" LABEL="MarginTextZone:lower" DESCRIPTION="block type MarginTextZone:lower"/>
    <OtherTag ID="LT25" LABEL="default" DESCRIPTION="line type default"/><OtherTag ID="LT31" LABEL="DefaultLine" DESCRIPTION="line type DefaultLine"/><OtherTag ID="LT32" LABEL="HeadingLine" DESCRIPTION="line type HeadingLine"/><OtherTag ID="LT33" LABEL="InterlinearLine:addition" DESCRIPTION="line type InterlinearLine:addition"/><OtherTag ID="LT34" LABEL="InterlinearLine:correction" DESCRIPTION="line type InterlinearLine:correction"/>
  </Tags>
  <Layout>
    <Page WIDTH="2790"
          HEIGHT="3349"
          PHYSICAL_IMG_NR="129"
          ID="eSc_dummypage_">
      <PrintSpace HPOS="0"
                  VPOS="0"
                  WIDTH="2790"
                  HEIGHT="3349">
        <TextBlock HPOS="569"
                   VPOS="8"
                   WIDTH="2192"
                   HEIGHT="3341"
                   ID="929657fd-4972-44f7-ae19-1d5e9834342e"
                   TAGREFS="BT42">
          <Shape><Polygon POINTS="2761 8 2761 3347 569 3349 613 15"/></Shape>
          <TextLine ID="eSc_line_18f7d77b"
                    TAGREFS="LT31"
                    BASELINE="703 108 2477 86 2750 94" 
                    HPOS="700"
                    VPOS="47"
                    WIDTH="2050"
                    HEIGHT="92">
            <Shape><Polygon POINTS="2739 53 2711 53 2683 53 2655 53 2628 53 2600 53 2572 53 2544 53 2516 53 2488 53 2460 53 2432 53 2404 53 2376 53 2348 53 2320 53 2292 53 2264 50 2242 50 2237 50 2209 50 2181 50 2153 50 2125 50 2097 50 2094 50 2069 50 2041 50 2013 50 1985 50 1957 50 1929 50 1901 50 1873 50 1860 50 1784 55 1753 47 1734 47 1706 47 1689 47 1661 58 1636 47 1622 47 1594 47 1566 47 1538 47 1510 47 1482 47 1455 47 1452 47 1418 64 1055 64 941 47 938 47 935 47 874 64 754 50 740 53 700 69 703 108 703 128 1214 139 1217 139 1220 139 1245 128 1253 125 1410 128 1739 133 1742 133 1745 133 1765 125 1781 120 1798 125 1815 133 1818 133 1820 133 1887 125 1971 117 2058 125 2114 131 2116 131 2239 125 2457 114 2516 125 2527 125 2530 125 2533 125 2535 125 2558 111 2745 122 2750 94 2748 53 2739 53"/></Shape>
	    <String CONTENT="&lt;.. . ..&gt; d&#x27;il était permis à la Belgique despérer l&#x27;op"
                    HPOS="700"
                    VPOS="47"
                    WIDTH="2050"
                    HEIGHT="92"
                    WC="0.9726047324282783"></String>
          </TextLine>
          <TextLine ID="eSc_line_b357a97c"
                    TAGREFS="LT31"
                    BASELINE="675 186 1329 164 2711 153" 
                    HPOS="673"
                    VPOS="108"
                    WIDTH="2038"
                    HEIGHT="109">
            <Shape><Polygon POINTS="675 186 675 217 818 198 1128 209 1153 209 1156 209 1159 209 1161 209 1181 192 1572 186 1692 198 1756 203 1759 203 1818 195 1879 186 2010 192 2192 198 2195 198 2197 198 2225 186 2250 178 2287 186 2337 195 2340 195 2709 175 2711 153 2706 114 1977 108 1974 108 1971 108 1929 122 1927 122 1795 111 1792 111 1547 128 1536 128 1527 128 1326 117 1323 117 1013 133 890 122 888 122 673 139 675 186"/></Shape>
	    <String CONTENT="pui de l&#x27;Europe dans la rise que faisait présages le rétablisse¬"
                    HPOS="673"
                    VPOS="108"
                    WIDTH="2038"
                    HEIGHT="109"
                    WC="0.9983438430353999"></String>
          </TextLine>
          <TextLine ID="eSc_line_c9099888"
                    TAGREFS="LT31"
                    BASELINE="667 248 1401 228 2711 220" 
                    HPOS="664"
                    VPOS="167"
                    WIDTH="2047"
                    HEIGHT="98">
            <Shape><Polygon POINTS="667 248 667 265 2709 248 2711 220 2703 181 2538 181 2535 181 2516 167 2513 167 2510 167 2507 167 2505 167 2477 181 2069 173 2066 173 2063 173 2061 173 2044 186 2044 189 2024 189 1940 189 1918 173 1915 173 1913 173 1910 173 1619 192 1614 192 1608 192 1413 178 1410 178 1407 178 1362 195 1209 181 1206 181 1203 181 1159 198 1156 198 1019 184 1016 184 664 203 667 248"/></Shape>
	    <String CONTENT="ment de l&#x27;Empire en France, il n&#x27;était malheureusement grae en"
                    HPOS="664"
                    VPOS="167"
                    WIDTH="2047"
                    HEIGHT="98"
                    WC="0.9979874751260204"></String>
          </TextLine>
          <TextLine ID="eSc_line_f63ac3af"
                    TAGREFS="LT31"
                    BASELINE="661 304 2722 276" 
                    HPOS="659"
                    VPOS="234"
                    WIDTH="2063"
                    HEIGHT="92">
            <Shape><Polygon POINTS="661 304 661 326 2720 298 2722 276 2714 234 659 262 661 304"/></Shape>
	    <String CONTENT="son pouvoir &lt;.......&gt; de d&#x27;abstinir de foisses continuellement son"
                    HPOS="659"
                    VPOS="234"
                    WIDTH="2063"
                    HEIGHT="92"
                    WC="0.9908175414258783"></String>
          </TextLine>
          <TextLine ID="eSc_line_e53e1287"
                    TAGREFS="LT31"
                    BASELINE="650 373 2725 337" 
                    HPOS="647"
                    VPOS="298"
                    WIDTH="2078"
                    HEIGHT="112">
            <Shape><Polygon POINTS="650 373 650 410 807 393 907 404 910 404 913 404 974 387 2722 365 2725 337 2717 298 647 332 650 373"/></Shape>
	    <String CONTENT="puissant visin. &lt;... ... . .  .&gt; Entre le régime"
                    HPOS="647"
                    VPOS="298"
                    WIDTH="2078"
                    HEIGHT="112"
                    WC="0.9472703896462917"></String>
          </TextLine>
          <TextLine ID="eSc_line_3ae68c11"
                    TAGREFS="LT31"
                    BASELINE="645 435 2728 404" 
                    HPOS="642"
                    VPOS="360"
                    WIDTH="2086"
                    HEIGHT="94">
            <Shape><Polygon POINTS="645 435 645 454 2728 432 2728 404 2722 365 2097 360 2094 360 2091 360 2069 371 2063 373 2049 371 1980 360 1977 360 1695 376 1583 382 1552 379 1488 368 1485 368 1415 379 1379 385 1326 382 1212 371 1209 371 1206 371 1181 382 1170 387 1131 382 1058 373 1055 373 1052 373 1027 385 1010 390 960 385 885 376 882 376 879 376 849 387 826 393 642 390 645 435"/></Shape>
	    <String CONTENT="né du coup d&#x27;Etat et le régime nà de la révolution de 1830 &lt;...&gt;"
                    HPOS="642"
                    VPOS="360"
                    WIDTH="2086"
                    HEIGHT="94"
                    WC="0.9813802177086473"></String>
          </TextLine>
          <TextLine ID="eSc_line_03eda1ae"
                    TAGREFS="LT31"
                    BASELINE="636 496 2722 463" 
                    HPOS="633"
                    VPOS="410"
                    WIDTH="2089"
                    HEIGHT="117">
            <Shape><Polygon POINTS="636 496 636 527 2722 488 2722 463 2720 426 2664 410 2661 410 2658 410 2655 410 2616 426 2614 429 2270 432 2264 429 2245 415 2242 415 2239 415 2237 415 2164 429 2142 435 2122 432 2075 418 2072 418 2069 418 1985 432 1949 438 1918 432 1846 421 1843 421 1840 421 1815 435 1806 438 1787 435 1734 424 1731 424 1681 435 1644 446 1357 446 1343 438 1332 429 1329 429 1326 429 1323 429 1242 440 1142 452 1089 440 1061 435 977 435 974 435 971 435 955 440 927 454 893 443 879 438 876 438 874 438 633 443 636 496"/></Shape>
	    <String CONTENT="&lt;.... ...... ...... . .......... .. .....&gt;"
                    HPOS="633"
                    VPOS="410"
                    WIDTH="2089"
                    HEIGHT="117"
                    WC="0.8626059166022709"></String>
          </TextLine>
          <TextLine ID="eSc_line_e25f2590"
                    TAGREFS="LT31"
                    BASELINE="625 563 2689 533" 
                    HPOS="622"
                    VPOS="493"
                    WIDTH="2067"
                    HEIGHT="107">
            <Shape><Polygon POINTS="625 563 625 583 784 600 787 600 790 600 851 583 910 597 913 597 916 597 1008 580 1013 580 1024 580 1307 591 1309 591 1379 574 1388 574 1401 574 1544 588 1547 588 1550 588 1597 574 1737 586 1739 586 1742 586 1745 586 1745 583 1759 572 1868 583 1871 583 1966 569 1985 566 2038 566 2306 577 2309 577 2312 577 2371 563 2385 560 2689 560 2689 533 2681 493 1080 519 1008 507 997 507 994 507 971 507 801 524 622 513 625 563"/></Shape>
	    <String CONTENT="&lt;..&gt; l&#x27;opposition &lt;. &lt;.&gt; était trop flugrante pour"
                    HPOS="622"
                    VPOS="493"
                    WIDTH="2067"
                    HEIGHT="107"
                    WC="0.976768786907196"></String>
          </TextLine>
          <TextLine ID="eSc_line_2a4abd5d"
                    TAGREFS="LT31"
                    BASELINE="636 644 1823 611 2736 600" 
                    HPOS="633"
                    VPOS="544"
                    WIDTH="2103"
                    HEIGHT="136">
            <Shape><Polygon POINTS="636 644 636 680 754 675 756 675 759 675 784 658 832 675 835 675 837 675 840 675 890 655 1002 672 1005 672 1008 672 1010 672 1052 653 1128 669 1131 669 1133 669 1142 669 1404 644 1600 658 1608 658 1611 658 1619 658 1804 636 1832 647 1834 647 1837 647 1974 633 2008 647 2010 647 2013 647 2016 647 2019 647 2044 630 2136 644 2139 644 2292 627 2371 641 2385 641 2387 641 2390 641 2396 639 2429 622 2734 630 2736 600 2731 558 2672 544 2669 544 2667 544 2630 558 2619 558 2270 552 2267 552 2264 552 2262 552 2239 566 2237 566 2214 566 1890 560 1887 560 633 597 636 644"/></Shape>
	    <String CONTENT="que le pluis puissant des deux &lt;.....&gt; s&#x27;abstint de faire ccolenée"
                    HPOS="633"
                    VPOS="544"
                    WIDTH="2103"
                    HEIGHT="136"
                    WC="0.987494428952535"></String>
          </TextLine>
          <TextLine ID="eSc_line_b1c7e064"
                    TAGREFS="LT31"
                    BASELINE="636 708 2527 667 2736 672" 
                    HPOS="633"
                    VPOS="625"
                    WIDTH="2103"
                    HEIGHT="122">
            <Shape><Polygon POINTS="636 708 636 747 885 747 885 745 888 745 890 745 890 742 893 742 913 725 1002 739 1016 739 1019 739 1022 739 1024 739 1052 722 1309 731 1388 733 1390 733 1415 731 1494 714 1812 722 1918 722 1921 722 1924 722 1927 722 1929 720 1952 703 2008 714 2010 714 2197 697 2259 711 2276 714 2278 714 2281 714 2290 711 2320 694 2731 700 2736 672 2734 625 2186 625 2183 625 2072 639 2047 641 2033 641 1974 630 1971 630 1913 644 1901 644 1893 644 1829 633 1826 633 1441 655 1399 655 1390 655 1312 644 1309 644 1307 644 1279 658 1256 658 1027 650 1024 650 1022 650 977 664 893 653 890 653 633 672 636 708"/></Shape>
	    <String CONTENT="au plus faible. &lt;... ... .. .. ..&gt; les"
                    HPOS="633"
                    VPOS="625"
                    WIDTH="2103"
                    HEIGHT="122"
                    WC="0.9430723504016274"></String>
          </TextLine>
          <TextLine ID="eSc_line_b1193ad2"
                    TAGREFS="LT31"
                    BASELINE="622 778 2706 733" 
                    HPOS="620"
                    VPOS="680"
                    WIDTH="2086"
                    HEIGHT="129">
            <Shape><Polygon POINTS="622 778 622 809 2703 753 2706 733 2700 697 2569 680 2566 680 2563 680 2527 700 2524 700 2519 700 2438 683 2435 683 2432 683 2390 700 2195 689 2192 689 2189 689 2186 689 2186 692 2167 706 2164 708 2133 708 1927 694 1924 694 1921 694 1918 694 1918 697 1899 711 1896 714 1868 714 1698 700 1695 700 1692 700 1656 717 1650 720 1636 717 1563 703 1561 703 1558 703 1524 720 1519 722 1452 720 1184 711 1181 711 1178 711 1142 728 1131 731 1080 728 893 717 890 717 888 717 885 717 885 720 868 733 862 736 849 733 784 720 781 720 620 736 622 778"/></Shape>
	    <String CONTENT="&lt;...&gt; Pour un gouvennement qui venait d&#x27;anéantir la liberté po¬"
                    HPOS="620"
                    VPOS="680"
                    WIDTH="2086"
                    HEIGHT="129"
                    WC="0.9819184248409574"></String>
          </TextLine>
          <TextLine ID="eSc_line_3856f99c"
                    TAGREFS="LT31"
                    BASELINE="628 848 2683 795" 
                    HPOS="625"
                    VPOS="753"
                    WIDTH="2058"
                    HEIGHT="131">
            <Shape><Polygon POINTS="628 848 628 870 731 884 734 884 826 867 846 865 862 867 949 879 952 879 1069 862 1080 862 1103 862 1379 867 1382 867 1469 853 1505 848 1527 851 1572 862 1575 862 1577 862 1608 851 1625 845 1647 851 1700 859 1703 859 1862 845 1954 837 1994 842 2038 848 2041 848 2102 840 2167 831 2253 837 2351 842 2354 842 2435 831 2516 823 2681 826 2683 795 2675 753 625 798 628 848"/></Shape>
	    <String CONTENT="litique, l&#x27;existence à ses flancs d&#x27;un gouvernement dout cette même"
                    HPOS="625"
                    VPOS="753"
                    WIDTH="2058"
                    HEIGHT="131"
                    WC="0.987998646848342"></String>
          </TextLine>
          <TextLine ID="eSc_line_42c6228e"
                    TAGREFS="LT34"
                    BASELINE="2055 853 2376 837" 
                    HPOS="2055"
                    VPOS="837"
                    WIDTH="321"
                    HEIGHT="16">
	    <String CONTENT=""
                    HPOS="2055"
                    VPOS="837"
                    WIDTH="321"
                    HEIGHT="16"></String>
          </TextLine>
          <TextLine ID="eSc_line_277d9dc9"
                    TAGREFS="LT31"
                    BASELINE="620 915 2700 876" 
                    HPOS="617"
                    VPOS="831"
                    WIDTH="2083"
                    HEIGHT="106">
            <Shape><Polygon POINTS="620 915 620 937 2697 909 2700 876 2692 831 617 865 620 915"/></Shape>
	    <String CONTENT="liberté constituait le principe fondamentat &lt;..&gt; non seule¬"
                    HPOS="617"
                    VPOS="831"
                    WIDTH="2083"
                    HEIGHT="106"
                    WC="0.9671934247016907"></String>
          </TextLine>
          <TextLine ID="eSc_line_bdd927c3"
                    TAGREFS="LT31"
                    BASELINE="608 982 2692 946" 
                    HPOS="606"
                    VPOS="895"
                    WIDTH="2086"
                    HEIGHT="120">
            <Shape><Polygon POINTS="608 982 608 1015 1114 1015 1114 1013 1117 1013 1133 1007 1159 999 1290 1004 1399 1010 1401 1010 1404 1010 1432 1004 1466 996 1499 1001 1527 1007 1530 1007 1561 1001 1617 990 1692 999 1717 1001 1720 1001 1723 1001 1725 1001 1728 999 1745 987 1840 999 1885 1001 1887 1001 1980 996 2211 979 2312 990 2334 993 2337 993 2340 993 2345 990 2376 974 2527 974 2547 987 2549 987 2552 987 2555 987 2692 985 2692 946 2683 895 2597 909 2530 898 2524 898 2521 898 2516 898 2446 912 2253 904 2206 904 2203 904 2200 904 2197 904 2197 907 2183 918 1971 912 1882 909 1879 909 1876 909 1873 909 1868 915 1851 923 1776 915 1728 912 1725 912 606 943 608 982"/></Shape>
	    <String CONTENT="mant ma provocation mais un danger. De mêine qu&#x27;en 1415 la"
                    HPOS="606"
                    VPOS="895"
                    WIDTH="2086"
                    HEIGHT="120"
                    WC="0.9776655081017264"></String>
          </TextLine>
          <TextLine ID="eSc_line_fe4683f5"
                    TAGREFS="LT31"
                    BASELINE="608 1057 2681 1010" 
                    HPOS="606"
                    VPOS="962"
                    WIDTH="2075"
                    HEIGHT="132">
            <Shape><Polygon POINTS="608 1057 608 1094 994 1074 1033 1082 1052 1088 1055 1088 1058 1088 1122 1080 1217 1068 1256 1077 1284 1082 1287 1082 1290 1082 1312 1074 1340 1066 1446 1071 1552 1077 1555 1077 1558 1077 1561 1077 1575 1068 1586 1060 1619 1066 1664 1074 1667 1074 1823 1060 1871 1057 1885 1060 1935 1068 1938 1068 1940 1068 1943 1068 1957 1057 1966 1052 1971 1057 1982 1066 1985 1066 1988 1066 1991 1066 2108 1052 2147 1049 2156 1052 2186 1063 2189 1063 2192 1063 2681 1035 2681 1010 2675 976 2499 962 2496 962 2493 962 2435 979 2429 979 2390 979 2019 976 2016 976 1952 987 1932 990 1927 987 1904 976 1901 976 1899 976 1840 990 1820 993 1765 990 1591 982 1589 982 1488 996 1443 1001 1429 996 1407 987 1404 987 1401 987 1399 987 1379 999 1371 1001 1323 999 1214 990 1212 990 1209 990 1206 990 1192 1001 1181 1010 606 1010 608 1057"/></Shape>
	    <String CONTENT="Restanration avait fait de la Belgique le refuge des &lt;.p........&gt;"
                    HPOS="606"
                    VPOS="962"
                    WIDTH="2075"
                    HEIGHT="132"
                    WC="0.9836658752881564"></String>
          </TextLine>
          <TextLine ID="eSc_line_342d2d74"
                    TAGREFS="LT31"
                    BASELINE="611 1127 1650 1116 2717 1080" 
                    HPOS="608"
                    VPOS="1046"
                    WIDTH="2109"
                    HEIGHT="126">
            <Shape><Polygon POINTS="611 1127 611 1172 756 1152 1309 1152 1594 1152 1594 1149 1684 1138 1762 1130 1940 1130 2197 1133 2200 1133 2351 1119 2379 1116 2387 1116 2440 1130 2443 1130 2446 1130 2449 1130 2452 1130 2468 1113 2717 1105 2717 1080 2709 1046 608 1088 611 1127"/></Shape>
	    <String CONTENT="&lt;.&gt; bouapartites français, des même elle avait vu afflues vus"
                    HPOS="608"
                    VPOS="1046"
                    WIDTH="2109"
                    HEIGHT="126"
                    WC="0.98028927650608"></String>
          </TextLine>
          <TextLine ID="eSc_line_9c74097d"
                    TAGREFS="LT31"
                    BASELINE="611 1194 1681 1191 2700 1160" 
                    HPOS="608"
                    VPOS="1113"
                    WIDTH="2092"
                    HEIGHT="123">
            <Shape><Polygon POINTS="611 1194 611 1219 888 1219 960 1236 963 1236 966 1236 969 1236 1016 1216 1022 1214 1033 1216 1105 1233 1108 1233 1111 1233 1161 1214 1164 1214 1175 1214 1315 1230 1318 1230 1792 1222 1932 1205 1980 1200 2005 1202 2052 1214 2055 1214 2239 1200 2387 1191 2697 1194 2700 1160 2695 1116 2505 1113 2502 1113 2499 1113 2477 1119 2426 1133 2407 1121 2396 1113 2393 1113 2390 1113 2387 1113 2237 1116 2234 1116 2200 1124 2156 1138 2130 1127 2125 1124 2122 1124 2119 1124 2094 1127 2013 1141 1954 1130 1904 1121 1901 1121 1899 1121 1860 1133 1820 1147 1494 1149 1374 1144 1189 1133 1186 1133 1184 1133 1153 1147 1136 1155 1050 1149 860 1138 857 1138 854 1138 793 1155 781 1158 765 1155 661 1141 659 1141 656 1141 608 1158 611 1194"/></Shape>
	    <String CONTENT="elle, après les journéer de puin 1848, quantité de socialistes et de ré¬"
                    HPOS="608"
                    VPOS="1113"
                    WIDTH="2092"
                    HEIGHT="123"
                    WC="0.9975938672820727"></String>
          </TextLine>
          <TextLine ID="eSc_line_a06dfb39"
                    TAGREFS="LT31"
                    BASELINE="614 1267 1966 1258 2669 1233" 
                    HPOS="611"
                    VPOS="1188"
                    WIDTH="2058"
                    HEIGHT="115">
            <Shape><Polygon POINTS="614 1267 614 1286 742 1286 762 1303 765 1303 768 1303 770 1303 773 1303 776 1303 804 1286 985 1294 988 1294 1052 1280 1064 1280 1078 1280 1226 1297 1228 1297 1340 1283 1952 1289 1954 1289 2228 1272 2309 1283 2312 1283 2401 1264 2404 1264 2407 1264 2597 1278 2600 1278 2602 1278 2669 1258 2669 1233 2661 1188 2170 1216 1946 1216 1893 1202 1890 1202 1887 1202 1885 1202 1826 1216 1790 1200 1787 1200 1784 1200 1781 1200 1723 1222 1630 1222 1608 1202 1605 1202 1603 1202 1600 1202 1597 1202 1502 1222 1424 1208 1421 1208 1267 1225 1220 1208 1217 1208 1214 1208 1212 1208 846 1227 823 1214 821 1214 818 1214 815 1214 611 1214 614 1267"/></Shape>
	    <String CONTENT="volutionnaises, &lt;....... ..... ....&gt; qu’avaient bientat"
                    HPOS="611"
                    VPOS="1188"
                    WIDTH="2058"
                    HEIGHT="115"
                    WC="0.960042591528459"></String>
          </TextLine>
          <TextLine ID="eSc_line_761b6569"
                    TAGREFS="LT31"
                    BASELINE="617 1334 2653 1308" 
                    HPOS="614"
                    VPOS="1261"
                    WIDTH="2039"
                    HEIGHT="95">
            <Shape><Polygon POINTS="617 1334 617 1356 2650 1334 2653 1308 2647 1275 2533 1261 2530 1261 2424 1275 2418 1275 2407 1275 2041 1267 2038 1267 1971 1280 1963 1280 1946 1280 1795 1269 1792 1269 1790 1269 1748 1283 1739 1283 1714 1283 1569 1272 1566 1272 1563 1272 1522 1283 1513 1286 1480 1286 1329 1275 1326 1275 1273 1286 1262 1289 1251 1286 1212 1278 1209 1278 1206 1278 614 1292 617 1334"/></Shape>
	    <String CONTENT="suivi les libéraux, les parlementaires, les orléanistes et ls républé¬"
                    HPOS="614"
                    VPOS="1261"
                    WIDTH="2039"
                    HEIGHT="95"
                    WC="0.9874519612107958"></String>
          </TextLine>
          <TextLine ID="eSc_line_7f85b510"
                    TAGREFS="LT31"
                    BASELINE="606 1400 2661 1378" 
                    HPOS="603"
                    VPOS="1336"
                    WIDTH="2058"
                    HEIGHT="101">
            <Shape><Polygon POINTS="606 1400 606 1423 698 1437 700 1437 846 1423 862 1423 882 1423 1041 1434 1044 1434 1103 1423 1119 1420 1175 1423 1371 1431 1374 1431 1541 1420 1642 1414 2658 1414 2661 1378 2653 1336 603 1359 606 1400"/></Shape>
	    <String CONTENT="cains bannis après le deux décubre on volontairement exilis en"
                    HPOS="603"
                    VPOS="1336"
                    WIDTH="2058"
                    HEIGHT="101"
                    WC="0.9918768069436473"></String>
          </TextLine>
          <TextLine ID="eSc_line_8b69b1f6"
                    TAGREFS="LT31"
                    BASELINE="611 1467 2686 1445" 
                    HPOS="608"
                    VPOS="1400"
                    WIDTH="2078"
                    HEIGHT="101">
            <Shape><Polygon POINTS="611 1467 611 1487 865 1501 868 1501 871 1501 874 1501 893 1487 896 1487 910 1487 1044 1498 1047 1498 1245 1487 1290 1484 1449 1484 1904 1490 1907 1490 1910 1490 1927 1484 1946 1476 2683 1479 2686 1445 2678 1400 608 1417 611 1467"/></Shape>
	    <String CONTENT="haine du des potisme. Ouvriers inconnus, orateurs, pluseurs on écri¬"
                    HPOS="608"
                    VPOS="1400"
                    WIDTH="2078"
                    HEIGHT="101"
                    WC="0.9887347168782178"></String>
          </TextLine>
          <TextLine ID="eSc_line_692fd757"
                    TAGREFS="LT31"
                    BASELINE="611 1537 2667 1504" 
                    HPOS="608"
                    VPOS="1462"
                    WIDTH="2059"
                    HEIGHT="103">
            <Shape><Polygon POINTS="611 1537 611 1565 1921 1554 2172 1537 2225 1534 2259 1534 2457 1546 2460 1546 2463 1546 2491 1532 2499 1529 2664 1529 2667 1504 2658 1462 608 1487 611 1537"/></Shape>
	    <String CONTENT="vains y avaient cherché un asile qui leur permit de vivre auquedeus"
                    HPOS="608"
                    VPOS="1462"
                    WIDTH="2059"
                    HEIGHT="103"
                    WC="0.975610997249831"></String>
          </TextLine>
          <TextLine ID="eSc_line_f088ff9e"
                    TAGREFS="LT31"
                    BASELINE="611 1604 2672 1576" 
                    HPOS="608"
                    VPOS="1529"
                    WIDTH="2064"
                    HEIGHT="100">
            <Shape><Polygon POINTS="611 1604 611 1629 2237 1621 2239 1621 2267 1607 2270 1607 2396 1618 2399 1618 2672 1599 2672 1576 2664 1529 608 1565 611 1604"/></Shape>
	    <String CONTENT="&lt;. ... .&gt; en attendant la revanche. On arait"
                    HPOS="608"
                    VPOS="1529"
                    WIDTH="2064"
                    HEIGHT="100"
                    WC="0.9637901078570973"></String>
          </TextLine>
          <TextLine ID="eSc_line_3bf68fd6"
                    TAGREFS="LT31"
                    BASELINE="608 1677 2650 1657" 
                    HPOS="606"
                    VPOS="1618"
                    WIDTH="2044"
                    HEIGHT="87">
            <Shape><Polygon POINTS="608 1677 608 1705 2647 1682 2650 1657 2644 1621 1488 1618 1485 1618 1482 1618 1480 1618 1460 1632 1242 1621 1240 1621 893 1638 639 1627 636 1627 633 1627 606 1638 608 1677"/></Shape>
	    <String CONTENT="ves passer par Bruyelles on s&#x27;y établir à demeure, Thiers, Changar¬"
                    HPOS="606"
                    VPOS="1618"
                    WIDTH="2044"
                    HEIGHT="87"
                    WC="0.9978897019344217"></String>
          </TextLine>
          <TextLine ID="eSc_line_01db571b"
                    TAGREFS="LT31"
                    BASELINE="603 1752 2717 1735" 
                    HPOS="600"
                    VPOS="1685"
                    WIDTH="2117"
                    HEIGHT="106">
            <Shape><Polygon POINTS="603 1752 608 1786 625 1772 787 1783 916 1791 918 1791 921 1791 924 1791 935 1783 957 1769 1295 1769 1326 1777 1348 1786 1351 1786 1354 1786 1396 1777 1432 1772 1522 1777 1656 1786 1658 1786 1728 1774 1773 1769 1801 1774 1840 1783 1843 1783 1963 1774 2089 1763 2105 1772 2116 1780 2119 1780 2122 1780 2125 1780 2256 1772 2449 1758 2560 1758 2572 1769 2583 1777 2586 1777 2588 1777 2591 1777 2714 1766 2717 1735 2711 1699 2454 1685 2452 1685 2382 1699 2379 1699 2365 1685 2362 1685 2359 1685 2357 1685 2354 1685 2306 1699 2292 1702 2264 1699 2161 1688 2158 1688 2044 1699 1996 1707 600 1707 603 1752"/></Shape>
	    <String CONTENT="mes, de Haussouville, La moricière, duvergier de Gausanne, Madies"
                    HPOS="600"
                    VPOS="1685"
                    WIDTH="2117"
                    HEIGHT="106"
                    WC="0.9810788007882926"></String>
          </TextLine>
          <TextLine ID="eSc_line_1b73bfc5"
                    TAGREFS="LT31"
                    BASELINE="603 1833 918 1822 2711 1814" 
                    HPOS="600"
                    VPOS="1755"
                    WIDTH="2111"
                    HEIGHT="100">
            <Shape><Polygon POINTS="603 1833 603 1855 2709 1841 2711 1814 2709 1777 2658 1755 2655 1755 2653 1755 2412 1758 2410 1758 2354 1780 2223 1780 2195 1758 2192 1758 2189 1758 2186 1758 2183 1758 2144 1777 2058 1766 2055 1766 2052 1766 2049 1766 2030 1780 2002 1761 1999 1761 1996 1761 1994 1761 1991 1761 1949 1780 1843 1766 1840 1766 1837 1766 1776 1780 1642 1761 1639 1761 1636 1761 1580 1783 1561 1769 1558 1769 1555 1769 1552 1769 1357 1783 1320 1763 1318 1763 1315 1763 1312 1763 1309 1763 1284 1780 1206 1763 1203 1763 1094 1786 999 1766 997 1766 893 1786 798 1772 795 1772 793 1772 790 1772 768 1788 600 1788 603 1833"/></Shape>
	    <String CONTENT="monjeau, Remusat et quantité d&#x27;autres. Victor Hugs et Proudhon"
                    HPOS="600"
                    VPOS="1755"
                    WIDTH="2111"
                    HEIGHT="100"
                    WC="0.983448064134967"></String>
          </TextLine>
          <TextLine ID="eSc_line_111f4117"
                    TAGREFS="LT31"
                    BASELINE="592 1903 2661 1881" 
                    HPOS="589"
                    VPOS="1827"
                    WIDTH="2072"
                    HEIGHT="109">
            <Shape><Polygon POINTS="592 1903 592 1925 1091 1936 1094 1936 1251 1920 1259 1920 1267 1920 1362 1934 1365 1934 2658 1903 2661 1881 2655 1841 2438 1827 2435 1827 2432 1827 2399 1841 2390 1844 2331 1841 2150 1833 2147 1833 2069 1844 2044 1847 2030 1844 1988 1833 1985 1833 1982 1833 1907 1844 1871 1850 1840 1844 1776 1836 1773 1836 1770 1836 1767 1836 1756 1847 1751 1850 1731 1847 1684 1839 1681 1839 1642 1847 1617 1853 1611 1847 1600 1839 1597 1839 1594 1839 1591 1839 1589 1839 1555 1847 1533 1855 589 1855 592 1903"/></Shape>
	    <String CONTENT="s. y installaient un peu plus tard sdans toutes les grandes villes"
                    HPOS="589"
                    VPOS="1827"
                    WIDTH="2072"
                    HEIGHT="109"
                    WC="0.986138742981535"></String>
          </TextLine>
          <TextLine ID="eSc_line_a9a5e6f6"
                    TAGREFS="LT31"
                    BASELINE="592 1970 2720 1953" 
                    HPOS="589"
                    VPOS="1911"
                    WIDTH="2131"
                    HEIGHT="84">
            <Shape><Polygon POINTS="592 1970 592 1995 2717 1984 2720 1953 2714 1911 1413 1911 1410 1911 1307 1928 1293 1928 1276 1928 1125 1914 1122 1914 927 1931 921 1931 918 1931 631 1917 628 1917 625 1917 589 1931 592 1970"/></Shape>
	    <String CONTENT="leurs compatriotes étaient nombreux. La plupart sans doute mencient"
                    HPOS="589"
                    VPOS="1911"
                    WIDTH="2131"
                    HEIGHT="84"
                    WC="0.9954309810453387"></String>
          </TextLine>
          <TextLine ID="eSc_line_5107e479"
                    TAGREFS="LT31"
                    BASELINE="580 2040 2661 2023" 
                    HPOS="578"
                    VPOS="1978"
                    WIDTH="2083"
                    HEIGHT="103">
            <Shape><Polygon POINTS="580 2040 586 2081 608 2068 765 2079 781 2079 784 2079 798 2079 927 2065 1354 2070 1594 2073 1597 2073 1600 2073 1603 2073 1611 2068 1625 2059 1776 2065 1935 2070 1938 2070 2661 2051 2661 2023 2653 1978 578 1989 580 2040"/></Shape>
	    <String CONTENT="une existence ignorée et paisible. &lt;...  ..........&gt;"
                    HPOS="578"
                    VPOS="1978"
                    WIDTH="2083"
                    HEIGHT="103"
                    WC="0.9514497690475904"></String>
          </TextLine>
          <TextLine ID="eSc_line_5defa0bb"
                    TAGREFS="LT31"
                    BASELINE="586 2112 2703 2101" 
                    HPOS="583"
                    VPOS="2051"
                    WIDTH="2120"
                    HEIGHT="97">
            <Shape><Polygon POINTS="586 2112 586 2134 1038 2148 1041 2148 2700 2129 2703 2101 2695 2051 1639 2070 1435 2065 1114 2056 1111 2056 1108 2056 1105 2056 1089 2070 1083 2073 1075 2070 1044 2059 1041 2059 1038 2059 938 2070 916 2073 876 2073 611 2059 608 2059 606 2059 603 2059 583 2068 586 2112"/></Shape>
	    <String CONTENT="&lt;..... ... ..... . .&gt; les plus"
                    HPOS="583"
                    VPOS="2051"
                    WIDTH="2120"
                    HEIGHT="97"
                    WC="0.8518745323022207"></String>
          </TextLine>
          <TextLine ID="eSc_line_b5d5d041"
                    TAGREFS="LT31"
                    BASELINE="586 2174 2675 2168" 
                    HPOS="583"
                    VPOS="2123"
                    WIDTH="2092"
                    HEIGHT="90">
            <Shape><Polygon POINTS="586 2174 586 2196 642 2210 645 2210 647 2210 650 2210 667 2196 670 2196 821 2196 826 2199 865 2213 868 2213 871 2213 991 2199 1013 2196 1047 2199 1192 2210 1195 2210 1198 2210 1200 2210 1214 2199 1217 2196 1323 2196 1337 2199 1393 2213 1396 2213 1399 2213 1583 2199 1661 2193 1672 2199 1689 2207 1692 2207 1695 2207 1876 2199 1954 2196 1963 2199 1980 2210 1982 2210 1985 2210 1988 2210 2672 2199 2675 2168 2669 2129 720 2123 717 2123 583 2137 586 2174"/></Shape>
	    <String CONTENT="instruits faisaient des conférences &lt;....&gt; ou donnaient aux"
                    HPOS="583"
                    VPOS="2123"
                    WIDTH="2092"
                    HEIGHT="90"
                    WC="0.9686523787045883"></String>
          </TextLine>
          <TextLine ID="eSc_line_cec74361"
                    TAGREFS="LT31"
                    BASELINE="578 2254 2354 2249 2355 2249 2664 2235" 
                    HPOS="575"
                    VPOS="2185"
                    WIDTH="2089"
                    HEIGHT="106">
            <Shape><Polygon POINTS="580 2291 620 2274 832 2274 865 2288 868 2288 871 2288 874 2288 885 2288 969 2271 1195 2282 1220 2282 1223 2282 1226 2282 1228 2282 1273 2268 1575 2277 1700 2280 1703 2280 1765 2274 1882 2263 1971 2271 2035 2277 2038 2277 2661 2260 2664 2235 2655 2185 575 2213 578 2254"/></Shape>
	    <String CONTENT="journaux une collaboration Pout le succès leur attirait et faisait"
                    HPOS="575"
                    VPOS="2185"
                    WIDTH="2089"
                    HEIGHT="106"
                    WC="0.999198879256393"></String>
          </TextLine>
          <TextLine ID="eSc_line_1a557a74"
                    TAGREFS="LT33"
                    BASELINE="1467 2211 1642 2203" 
                    HPOS="1467"
                    VPOS="2203"
                    WIDTH="175"
                    HEIGHT="8">
	    <String CONTENT=""
                    HPOS="1467"
                    VPOS="2203"
                    WIDTH="175"
                    HEIGHT="8"></String>
          </TextLine>
          <TextLine ID="eSc_line_5edc14da"
                    TAGREFS="LT31"
                    BASELINE="581 2318 2661 2313" 
                    HPOS="555"
                    VPOS="2263"
                    WIDTH="2106"
                    HEIGHT="95">
            <Shape><Polygon POINTS="558 2358 731 2341 1323 2352 1605 2355 1608 2355 1658 2347 1714 2338 1734 2347 1745 2352 1748 2352 1751 2352 1935 2344 2089 2338 2211 2341 2541 2352 2544 2352 2658 2335 2661 2313 2655 2274 2114 2263 2111 2263 1860 2277 1823 2277 1812 2277 1731 2263 1728 2263 1628 2277 1600 2280 1547 2277 1348 2266 1346 2266 1343 2266 1340 2266 1326 2280 1323 2282 1030 2282 1022 2280 946 2266 943 2266 835 2280 832 2280 829 2280 723 2266 720 2266 633 2280 606 2266 603 2266 600 2266 597 2266 555 2277 558 2319"/></Shape>
	    <String CONTENT="rejaillir sur leur cause les sympathies du public. &lt;......&gt;"
                    HPOS="555"
                    VPOS="2263"
                    WIDTH="2106"
                    HEIGHT="95"
                    WC="0.970787819159233"></String>
          </TextLine>
          <TextLine ID="eSc_line_1dc9e60f"
                    TAGREFS="LT31"
                    BASELINE="578 2391 2689 2377" 
                    HPOS="575"
                    VPOS="2330"
                    WIDTH="2114"
                    HEIGHT="92">
            <Shape><Polygon POINTS="578 2391 578 2419 1628 2422 1630 2422 1698 2419 1927 2405 2055 2419 2075 2419 2077 2419 2105 2419 2315 2402 2460 2416 2463 2416 2625 2402 2681 2416 2689 2377 2681 2330 575 2352 578 2391"/></Shape>
	    <String CONTENT="ép...... .... .. ... ..... ....... .. .......&gt;"
                    HPOS="575"
                    VPOS="2330"
                    WIDTH="2114"
                    HEIGHT="92"
                    WC="0.8996005732080211"></String>
          </TextLine>
          <TextLine ID="eSc_line_1e67492e"
                    TAGREFS="LT31"
                    BASELINE="575 2461 2700 2447" 
                    HPOS="572"
                    VPOS="2397"
                    WIDTH="2128"
                    HEIGHT="95">
            <Shape><Polygon POINTS="575 2461 575 2492 2700 2478 2700 2447 2692 2397 2186 2411 2019 2405 1885 2400 1882 2400 1879 2400 1862 2408 1843 2414 1670 2408 1424 2402 1421 2402 1418 2402 1393 2414 1382 2416 1304 2414 1083 2405 1080 2405 999 2419 985 2419 943 2419 620 2408 617 2408 614 2408 572 2422 575 2461"/></Shape>
	    <String CONTENT="&lt;... ..  ... . .... ... ....&gt;"
                    HPOS="572"
                    VPOS="2397"
                    WIDTH="2128"
                    HEIGHT="95"
                    WC="0.8689871800356898"></String>
          </TextLine>
          <TextLine ID="eSc_line_1b9f9439"
                    TAGREFS="LT31"
                    BASELINE="578 2525 2681 2508" 
                    HPOS="575"
                    VPOS="2455"
                    WIDTH="2106"
                    HEIGHT="101">
            <Shape><Polygon POINTS="578 2525 578 2556 2197 2548 2200 2548 2371 2534 2675 2545 2681 2508 2675 2472 2477 2455 2474 2455 2105 2472 1980 2458 1977 2458 1974 2458 1940 2475 1795 2461 1792 2461 1790 2461 1787 2461 1773 2475 1753 2461 1751 2461 1748 2461 1745 2461 1611 2478 1424 2464 1421 2464 1273 2481 1212 2469 1209 2469 910 2483 843 2469 840 2469 837 2469 835 2469 818 2486 712 2486 687 2469 684 2469 681 2469 678 2469 575 2486 578 2525"/></Shape>
	    <String CONTENT="&lt;... ..... ....... ......... ..... ....&gt;, D&#x27;autres"
                    HPOS="575"
                    VPOS="2455"
                    WIDTH="2106"
                    HEIGHT="101"
                    WC="0.8534405243396759"></String>
          </TextLine>
          <TextLine ID="eSc_line_44f362a0"
                    TAGREFS="LT31"
                    BASELINE="583 2584 2686 2592" 
                    HPOS="580"
                    VPOS="2536"
                    WIDTH="2106"
                    HEIGHT="101">
            <Shape><Polygon POINTS="583 2584 580 2606 620 2628 622 2628 625 2628 703 2617 748 2631 751 2631 1284 2634 1287 2637 1773 2637 1773 2634 1776 2634 1854 2615 2295 2615 2387 2634 2390 2634 2393 2634 2429 2617 2683 2617 2686 2592 2683 2545 583 2536 583 2584"/></Shape>
	    <String CONTENT="enfin alimentaient une campagne de pusse contre l&#x27;Empire &lt;... ....&gt;¬"
                    HPOS="580"
                    VPOS="2536"
                    WIDTH="2106"
                    HEIGHT="101"
                    WC="0.972049296778791"></String>
          </TextLine>
          <TextLine ID="eSc_line_c03f88dd"
                    TAGREFS="LT34"
                    BASELINE="78 2676 542 2665" 
                    HPOS="78"
                    VPOS="2618"
                    WIDTH="469"
                    HEIGHT="77">
            <Shape><Polygon POINTS="78 2626 502 2626 516 2623 545 2618 547 2681 78 2695"/></Shape>
	    <String CONTENT="&lt;...&gt; de la bosergensi"
                    HPOS="78"
                    VPOS="2618"
                    WIDTH="469"
                    HEIGHT="77"
                    WC="0.9744205583225597"></String>
          </TextLine>
          <TextLine ID="eSc_line_28bfdc89"
                    BASELINE="576 2654 578 2654 2669 2662" 
                    HPOS="574"
                    VPOS="2603"
                    WIDTH="2095"
                    HEIGHT="95">
            <Shape><Polygon POINTS="636 2603 639 2603 1100 2620 1332 2626 1773 2623 1806 2615 1873 2603 2209 2603 2234 2612 2273 2626 2664 2612 2669 2662 2664 2698 1678 2681 1594 2695 1591 2695 969 2684 854 2698 821 2698 628 2679 577 2680 574 2613"/></Shape>
	    <String CONTENT="&lt;........ ..... . . .. .q&gt; plus fauqueux"
                    HPOS="574"
                    VPOS="2603"
                    WIDTH="2095"
                    HEIGHT="95"
                    WC="0.9114084780216217"></String>
          </TextLine>
          <TextLine ID="eSc_line_8e974de4"
                    TAGREFS="LT31"
                    BASELINE="572 2715 1494 2732 1494 2732 2608 2726" 
                    HPOS="569"
                    VPOS="2679"
                    WIDTH="2039"
                    HEIGHT="89">
            <Shape><Polygon POINTS="860 2679 572 2679 572 2715 569 2740 631 2760 633 2760 636 2760 639 2760 706 2743 963 2743 969 2743 1080 2762 1083 2762 1086 2762 1089 2762 1108 2748 1128 2762 1131 2762 1133 2762 1136 2762 1287 2748 1591 2765 1594 2765 2044 2748 2049 2748 2097 2768 2100 2768 2102 2768 2105 2768 2161 2751 2234 2751 2256 2768 2259 2768 2262 2768 2264 2768 2605 2748 2608 2726 2605 2679 896 2679 879 2715"/></Shape>
	    <String CONTENT="et plus vivrents les républiceins et quelques socialistes &lt;.. ...&gt;"
                    HPOS="569"
                    VPOS="2679"
                    WIDTH="2039"
                    HEIGHT="89"
                    WC="0.9356197579340502"></String>
          </TextLine>
          <TextLine ID="eSc_line_48ddb073"
                    TAGREFS="LT33"
                    BASELINE="97 2814 500 2813 566 2811" 
                    HPOS="80"
                    VPOS="2746"
                    WIDTH="481"
                    HEIGHT="92">
            <Shape><Polygon POINTS="83 2838 83 2813 80 2762 545 2746 561 2835"/></Shape>
	    <String CONTENT="le Mephert, le Souchs"
                    HPOS="80"
                    VPOS="2746"
                    WIDTH="481"
                    HEIGHT="92"
                    WC="0.9514943389665513"></String>
          </TextLine>
          <TextLine ID="eSc_line_a86ff121"
                    BASELINE="584 2791 647 2779 1357 2799 2650 2793" 
                    HPOS="577"
                    VPOS="2743"
                    WIDTH="2073"
                    HEIGHT="95">
            <Shape><Polygon POINTS="1142 2788 1153 2754 1287 2760 1315 2743 1323 2743 1410 2760 1639 2746 1644 2746 1706 2760 1801 2743 1804 2743 1913 2760 1974 2743 1985 2743 2013 2760 2049 2746 2058 2746 2089 2762 2267 2762 2298 2743 2309 2743 2351 2760 2524 2743 2527 2743 2644 2762 2650 2793 2647 2838 2547 2838 2544 2835 2541 2835 2499 2815 2412 2835 2410 2835 2270 2815 1360 2835 1357 2835 1178 2815 1036 2835 1027 2835 997 2815 617 2815 591 2827 577 2754 583 2754 639 2760 667 2762 779 2774 807 2774 835 2754 843 2746 857 2743 862 2743 980 2746 1002 2754 1030 2762 1058 2771 1086 2776 1114 2785"/></Shape>
	    <String CONTENT="seversanent l&#x27;inpure sur l&#x27;usccspateur des Puileries dans de prtites ga¬"
                    HPOS="577"
                    VPOS="2743"
                    WIDTH="2073"
                    HEIGHT="95"
                    WC="0.9703655375374688"></String>
          </TextLine>
          <TextLine ID="eSc_line_ea455156"
                    TAGREFS="LT31"
                    BASELINE="582 2854 916 2855 1745 2877 2611 2868" 
                    HPOS="544"
                    VPOS="2804"
                    WIDTH="2067"
                    HEIGHT="109">
            <Shape><Polygon POINTS="1103 2855 1075 2852 1047 2855 1030 2821 924 2804 916 2804 913 2804 899 2804 717 2821 692 2804 689 2804 687 2804 547 2804 547 2863 544 2894 809 2905 812 2905 815 2905 818 2905 829 2894 846 2882 994 2882 1100 2882 1125 2894 1153 2908 1156 2908 1541 2910 1544 2913 1904 2913 1904 2910 2024 2894 2066 2891 2605 2894 2611 2868 2602 2813 2438 2827 2401 2813 2399 2813 2396 2813 2393 2813 2351 2829 2278 2815 2276 2815 2273 2815 2223 2829 2077 2810 2075 2810 2072 2810 2069 2810 2041 2824 1938 2810 1935 2810 1932 2810 1929 2810 1901 2829 1767 2829 1653 2810 1650 2810 1538 2827 1212 2807 1209 2807 1153 2810 1131 2857"/></Shape>
	    <String CONTENT="Jettes éphimères : le Messages des Chambres, Le Bullitis français, la"
                    HPOS="544"
                    VPOS="2804"
                    WIDTH="2067"
                    HEIGHT="109"
                    WC="0.9686463406120521"></String>
          </TextLine>
          <TextLine ID="eSc_line_c248e1cb"
                    TAGREFS="LT31"
                    BASELINE="564 2922 2611 2947" 
                    HPOS="564"
                    VPOS="2877"
                    WIDTH="2047"
                    HEIGHT="100">
            <Shape><Polygon POINTS="1038 2905 1010 2916 980 2922 963 2882 564 2877 564 2922 564 2952 1234 2947 1290 2961 1293 2961 1295 2961 1449 2949 1474 2966 1477 2966 1480 2966 1482 2966 1502 2966 1628 2952 1784 2969 1798 2969 1801 2969 1832 2969 2108 2961 2147 2972 2153 2975 2156 2975 2605 2977 2611 2947 2608 2910 1055 2882 1038 2905"/></Shape>
	    <String CONTENT="nation la Rive gauche, avant-coureurs obseurs que devait écloypser"
                    HPOS="564"
                    VPOS="2877"
                    WIDTH="2047"
                    HEIGHT="100"
                    WC="0.9792832944429282"></String>
          </TextLine>
          <TextLine ID="eSc_line_6067d3e8"
                    TAGREFS="LT31"
                    BASELINE="569 3005 1139 2994 2608 3016" 
                    HPOS="569"
                    VPOS="2947"
                    WIDTH="2039"
                    HEIGHT="106">
            <Shape><Polygon POINTS="960 2966 932 2963 904 2958 896 2955 695 2958 678 3002 650 3002 625 3002 597 3002 569 3005 569 3033 980 3019 1002 3036 1005 3036 1008 3036 1010 3036 1248 3022 1340 3042 1348 3042 1351 3042 1368 3042 1524 3025 1558 3042 1561 3042 1563 3042 1745 3028 1929 3044 1932 3044 2002 3030 2077 3047 2097 3050 2100 3053 2605 3053 2608 3016 2605 2975 2111 2955 2108 2955 2105 2955 2102 2955 2086 2969 2080 2972 2055 2969 1963 2958 1960 2958 1957 2958 1935 2969 1927 2972 1904 2969 1806 2949 1804 2949 1608 2966 1561 2969 1550 2966 1499 2947 1496 2947 1494 2947 966 2955 960 2966"/></Shape>
	    <String CONTENT=" ges années &lt;... ... I famense Lautene de Rochefort. S..&gt;."
                    HPOS="569"
                    VPOS="2947"
                    WIDTH="2039"
                    HEIGHT="106"
                    WC="0.9439202803989937"></String>
          </TextLine>
          <TextLine ID="eSc_line_cd665f60"
                    TAGREFS="LT34"
                    BASELINE="1310 2970 1420 2962" 
                    HPOS="1310"
                    VPOS="2962"
                    WIDTH="110"
                    HEIGHT="8">
	    <String CONTENT=""
                    HPOS="1310"
                    VPOS="2962"
                    WIDTH="110"
                    HEIGHT="8"></String>
          </TextLine>
          <TextLine ID="eSc_line_b2e8ac4d"
                    TAGREFS="LT31"
                    BASELINE="572 3069 1217 3064 2636 3083" 
                    HPOS="572"
                    VPOS="3011"
                    WIDTH="2064"
                    HEIGHT="114">
            <Shape><Polygon POINTS="572 3069 572 3100 661 3086 720 3103 748 3108 751 3108 1044 3111 1047 3111 1050 3111 1072 3103 1105 3089 1226 3089 1265 3103 1298 3114 1301 3114 1304 3114 1307 3114 1309 3114 1323 3103 1337 3092 1469 3092 1536 3103 1617 3117 1619 3117 1714 3103 1773 3095 1795 3103 1837 3120 1840 3120 1843 3120 1966 3103 1996 3100 2010 3103 2075 3122 2077 3122 2080 3122 2083 3122 2150 3103 2158 3103 2331 3103 2337 3103 2387 3125 2390 3125 2393 3125 2396 3125 2452 3106 2633 3106 2636 3083 2636 3047 2580 3028 2577 3028 2574 3028 2376 3044 2357 3044 2345 3044 2245 3025 2242 3025 2111 3042 2100 3042 2089 3042 1988 3022 1985 3022 1622 3036 1603 3036 1597 3036 1510 3016 1508 3016 1360 3030 1326 3016 1323 3016 1320 3016 1159 3028 1083 3014 1080 3014 1078 3014 1027 3030 1024 3030 952 3011 949 3011 946 3011 572 3025 572 3069"/></Shape>
	    <String CONTENT="&lt;.........&gt; Si peu lus que fussent ces journaux, leur apparition publica¬"
                    HPOS="572"
                    VPOS="3011"
                    WIDTH="2064"
                    HEIGHT="114"
                    WC="0.9692578723985855"></String>
          </TextLine>
          <TextLine ID="eSc_line_b739922d"
                    TAGREFS="LT31"
                    BASELINE="580 3142 2636 3142" 
                    HPOS="580"
                    VPOS="3092"
                    WIDTH="2056"
                    HEIGHT="89">
            <Shape><Polygon POINTS="580 3142 580 3181 726 3181 726 3178 728 3178 765 3162 1332 3162 1360 3178 1362 3178 1365 3178 1368 3178 1371 3178 1374 3178 1418 3164 1591 3178 1625 3178 1628 3178 1642 3175 1706 3164 1784 3175 1804 3178 1806 3178 2636 3173 2636 3142 2633 3092 580 3103 580 3142"/></Shape>
	    <String CONTENT="tion&lt;.... .. .  ...&gt;. Dès le mois"
                    HPOS="580"
                    VPOS="3092"
                    WIDTH="2056"
                    HEIGHT="89"
                    WC="0.9085365714448871"></String>
          </TextLine>
          <TextLine ID="eSc_line_1f268042"
                    TAGREFS="LT34"
                    BASELINE="779 3100 1024 3105" 
                    HPOS="779"
                    VPOS="3100"
                    WIDTH="245"
                    HEIGHT="5">
	    <String CONTENT=""
                    HPOS="779"
                    VPOS="3100"
                    WIDTH="245"
                    HEIGHT="5"></String>
          </TextLine>
          <TextLine ID="eSc_line_8fe128ba"
                    BASELINE="581 3207 1464 3207" 
                    HPOS="581"
                    VPOS="3207"
                    WIDTH="883"
                    HEIGHT="0">
	    <String CONTENT=""
                    HPOS="581"
                    VPOS="3207"
                    WIDTH="883"
                    HEIGHT="0"></String>
          </TextLine>
          <TextLine ID="eSc_line_df0106b1"
                    TAGREFS="LT33"
                    BASELINE="778 3292 856 3288" 
                    HPOS="778"
                    VPOS="3288"
                    WIDTH="78"
                    HEIGHT="4">
	    <String CONTENT=""
                    HPOS="778"
                    VPOS="3288"
                    WIDTH="78"
                    HEIGHT="4"></String>
          </TextLine>
          <TextLine ID="eSc_line_188c3c31"
                    TAGREFS="LT34"
                    BASELINE="933 3298 2217 3284" 
                    HPOS="717"
                    VPOS="3234"
                    WIDTH="1500"
                    HEIGHT="89">
            <Shape><Polygon POINTS="1806 3282 1779 3284 1756 3248 1644 3245 1544 3242 1541 3242 1538 3242 1527 3248 1508 3256 1410 3248 1351 3245 1348 3245 1290 3251 1209 3259 1186 3254 1161 3245 1159 3245 1156 3245 1111 3254 1086 3259 1078 3254 1069 3245 1066 3245 1064 3245 1061 3245 1058 3245 1030 3256 1008 3262 980 3256 941 3248 938 3248 899 3248 885 3290 857 3287 829 3284 801 3282 773 3279 762 3256 717 3259 720 3298 720 3323 2214 3323 2217 3284 2211 3237 1929 3234 1927 3234 1924 3234 1921 3234 1921 3237 1918 3237 1915 3240 1904 3254 1848 3251 1834 3284"/></Shape>
	    <String CONTENT="(101) avant même la restauration de l&#x27;Empire, Napotion"
                    HPOS="717"
                    VPOS="3234"
                    WIDTH="1500"
                    HEIGHT="89"
                    WC="0.9919429620107015"></String>
          </TextLine>
          <TextLine ID="eSc_line_0b0638ca"
                    TAGREFS="LT31"
                    BASELINE="1090 3265 1380 3230 2667 3223" 
                    HPOS="1343"
                    VPOS="3167"
                    WIDTH="1324"
                    HEIGHT="89">
            <Shape><Polygon POINTS="1343 3245 2661 3256 2667 3223 2664 3181 1346 3167 1346 3215"/></Shape>
	    <String CONTENT="&lt;...... .. .. ...&gt;"
                    HPOS="1343"
                    VPOS="3167"
                    WIDTH="1324"
                    HEIGHT="89"
                    WC="0.8400473329755995"></String>
          </TextLine>
        </TextBlock>
        <TextBlock HPOS="0"
                   VPOS="1687"
                   WIDTH="587"
                   HEIGHT="1527"
                   ID="56ca5a59-af66-4eac-811b-d2e81acefe3b"
                   TAGREFS="BT43">
          <Shape><Polygon POINTS="587 1687 567 3214 0 3214 27 1699"/></Shape>
          <TextLine ID="eSc_line_408dc0bf"
                    TAGREFS="LT31"
                    BASELINE="172 1792 558 1777" 
                    HPOS="161"
                    VPOS="1710"
                    WIDTH="397"
                    HEIGHT="123">
            <Shape><Polygon POINTS="508 1721 404 1735 332 1721 265 1710 262 1710 173 1724 161 1727 167 1800 170 1830 209 1819 262 1827 310 1833 312 1833 315 1833 354 1822 410 1805 444 1816 455 1822 458 1822 460 1822 463 1822 480 1816 516 1802 552 1811 558 1777 550 1719 525 1721 527 1772"/></Shape>
	    <String CONTENT="Paut Deschandt"
                    HPOS="161"
                    VPOS="1710"
                    WIDTH="397"
                    HEIGHT="123"
                    WC="0.9877305328845978"></String>
          </TextLine>
          <TextLine ID="eSc_line_cb35a662"
                    TAGREFS="LT34"
                    BASELINE="119 2508 475 2507" 
                    HPOS="100"
                    VPOS="2394"
                    WIDTH="391"
                    HEIGHT="145">
            <Shape><Polygon POINTS="181 2430 153 2444 125 2461 114 2464 100 2508 100 2522 136 2539 139 2539 142 2539 265 2525 312 2520 337 2525 379 2536 382 2536 385 2536 491 2525 491 2495 485 2436 418 2436 351 2394 349 2394 346 2394 343 2394 340 2394 262 2416 220 2405 206 2414"/></Shape>
	    <String CONTENT="Cvoile Bolge"
                    HPOS="100"
                    VPOS="2394"
                    WIDTH="391"
                    HEIGHT="145"
                    WC="0.9686354398727417"></String>
          </TextLine>
          <TextLine ID="eSc_line_9d5b8d0d"
                    TAGREFS="LT34"
                    BASELINE="86 2565 551 2566" 
                    HPOS="64"
                    VPOS="2506"
                    WIDTH="438"
                    HEIGHT="86">
            <Shape><Polygon POINTS="75 2517 64 2545 67 2564 67 2592 499 2584 502 2559 494 2520 399 2525 390 2520 379 2508 379 2506 377 2506 374 2506 284 2506 282 2506 279 2506 276 2506 276 2508 262 2520 251 2528 203 2520 131 2508 128 2508"/></Shape>
	    <String CONTENT="devenait l&#x27;orga"
                    HPOS="64"
                    VPOS="2506"
                    WIDTH="438"
                    HEIGHT="86"
                    WC="0.9963620702425638"></String>
          </TextLine>
          <TextLine ID="eSc_line_a67b6355"
                    TAGREFS="LT34"
                    BASELINE="68 2618 560 2621" 
                    HPOS="78"
                    VPOS="2573"
                    WIDTH="461"
                    HEIGHT="75">
            <Shape><Polygon POINTS="80 2648 536 2642 539 2615 533 2575 78 2573 80 2617"/></Shape>
	    <String CONTENT="des rancenms arli"
                    HPOS="78"
                    VPOS="2573"
                    WIDTH="461"
                    HEIGHT="75"
                    WC="0.9948869207326103"></String>
          </TextLine>
          <TextLine ID="eSc_line_dbc72f96"
                    TAGREFS="LT34"
                    BASELINE="79 2723 354 2723" 
                    HPOS="75"
                    VPOS="2670"
                    WIDTH="279"
                    HEIGHT="92">
            <Shape><Polygon POINTS="78 2762 351 2740 354 2723 349 2684 282 2670 279 2670 75 2690 78 2735"/></Shape>
	    <String CONTENT="Aléanite."
                    HPOS="75"
                    VPOS="2670"
                    WIDTH="279"
                    HEIGHT="92"
                    WC="0.9999988873799642"></String>
          </TextLine>
          <TextLine ID="eSc_line_3f249b90"
                    TAGREFS="LT33"
                    BASELINE="87 2880 330 2867 393 2859" 
                    HPOS="75"
                    VPOS="2810"
                    WIDTH="369"
                    HEIGHT="156">
            <Shape><Polygon POINTS="215 2813 78 2832 78 2880 75 2961 234 2930 438 2966 444 2896 444 2835 377 2821 374 2821 371 2821 329 2835 240 2810 217 2813"/></Shape>
	    <String CONTENT="l Orolitaiez"
                    HPOS="75"
                    VPOS="2810"
                    WIDTH="369"
                    HEIGHT="156"
                    WC="0.8541775345802307"></String>
          </TextLine>
          <TextLine ID="eSc_line_42387190"
                    TAGREFS="LT33"
                    BASELINE="401 2904 549 2909" 
                    HPOS="401"
                    VPOS="2904"
                    WIDTH="148"
                    HEIGHT="5">
	    <String CONTENT=""
                    HPOS="401"
                    VPOS="2904"
                    WIDTH="148"
                    HEIGHT="5"></String>
          </TextLine>
          <TextLine ID="eSc_line_6255b994"
                    TAGREFS="LT34"
                    BASELINE="89 2976 347 2968" 
                    HPOS="86"
                    VPOS="2927"
                    WIDTH="254"
                    HEIGHT="61">
            <Shape><Polygon POINTS="89 2988 340 2986 340 2961 332 2927 86 2930 89 2969"/></Shape>
	    <String CONTENT="cansait a"
                    HPOS="86"
                    VPOS="2927"
                    WIDTH="254"
                    HEIGHT="61"
                    WC="0.9526635077264574"></String>
          </TextLine>
          <TextLine ID="eSc_line_81a0f34c"
                    TAGREFS="LT34"
                    BASELINE="53 3028 410 3031 411 3031 472 3037" 
                    HPOS="50"
                    VPOS="2975"
                    WIDTH="349"
                    HEIGHT="78">
            <Shape><Polygon POINTS="53 3050 396 3053 399 3019 390 2986 134 2991 50 2975 53 3028"/></Shape>
	    <String CONTENT="Parisum eue"
                    HPOS="50"
                    VPOS="2975"
                    WIDTH="349"
                    HEIGHT="78"
                    WC="0.9995059804482893"></String>
          </TextLine>
          <TextLine ID="eSc_line_e77de70c"
                    TAGREFS="LT34"
                    BASELINE="41 3083 479 3079" 
                    HPOS="39"
                    VPOS="3036"
                    WIDTH="329"
                    HEIGHT="81">
            <Shape><Polygon POINTS="41 3117 136 3103 363 3103 368 3072 360 3036 39 3042 41 3083"/></Shape>
	    <String CONTENT="ment extro"
                    HPOS="39"
                    VPOS="3036"
                    WIDTH="329"
                    HEIGHT="81"
                    WC="0.99769606590271"></String>
          </TextLine>
          <TextLine ID="eSc_line_bd471be4"
                    TAGREFS="LT34"
                    BASELINE="50 3139 304 3131" 
                    HPOS="47"
                    VPOS="3097"
                    WIDTH="257"
                    HEIGHT="76">
            <Shape><Polygon POINTS="50 3139 50 3173 148 3156 298 3156 304 3131 296 3097 47 3097 50 3139"/></Shape>
	    <String CONTENT="dinaire."
                    HPOS="47"
                    VPOS="3097"
                    WIDTH="257"
                    HEIGHT="76"
                    WC="0.9985861852765083"></String>
          </TextLine>
        </TextBlock>
        <TextBlock HPOS="226"
                   VPOS="42"
                   WIDTH="259"
                   HEIGHT="150"
                   ID="eSc_textblock_9e51d090"
                   TAGREFS="BT44">
          <Shape><Polygon POINTS="226 42 226 192 485 192 485 42"/></Shape>
        </TextBlock>
        <TextBlock ID="eSc_dummyblock_">
          <TextLine ID="eSc_line_95070386"
                    TAGREFS="LT31"
                    BASELINE="263 95 439 94" 
                    HPOS="273"
                    VPOS="53"
                    WIDTH="101"
                    HEIGHT="92">
            <Shape><Polygon POINTS="329 78 301 94 279 61 273 61 276 97 279 145 374 128 374 92 368 53 357 61"/></Shape>
	    <String CONTENT="L.8"
                    HPOS="273"
                    VPOS="53"
                    WIDTH="101"
                    HEIGHT="92"
                    WC="0.9967653354008993"></String>
          </TextLine>
        </TextBlock>
      </PrintSpace>
    </Page>
  </Layout>
</alto>
