<?xml version="1.0" encoding="UTF-8"?>
<alto xmlns:xsi="http://www.w3.org/2001/XMLSchema-instance"
      xmlns="http://www.loc.gov/standards/alto/ns-v4#"
      xsi:schemaLocation="http://www.loc.gov/standards/alto/ns-v4# http://www.loc.gov/standards/alto/v4/alto-4-2.xsd">
  <Description>
    <MeasurementUnit>pixel</MeasurementUnit>
    <sourceImageInformation>
      <fileName>ARCH-DIV-000496_0265.png</fileName>
    </sourceImageInformation>
  </Description>
  <Tags>
    <OtherTag ID="BT42" LABEL="MainZone" DESCRIPTION="block type MainZone"/><OtherTag ID="BT43" LABEL="MarginTextZone" DESCRIPTION="block type MarginTextZone"/><OtherTag ID="BT44" LABEL="NumberingZone" DESCRIPTION="block type NumberingZone"/><OtherTag ID="BT45" LABEL="TitlePageZone" DESCRIPTION="block type TitlePageZone"/><OtherTag ID="BT46" LABEL="CustomZone:Numbering" DESCRIPTION="block type CustomZone:Numbering"/><OtherTag ID="BT49" LABEL="MarginTextZone:lower" DESCRIPTION="block type MarginTextZone:lower"/>
    <OtherTag ID="LT25" LABEL="default" DESCRIPTION="line type default"/><OtherTag ID="LT31" LABEL="DefaultLine" DESCRIPTION="line type DefaultLine"/><OtherTag ID="LT32" LABEL="HeadingLine" DESCRIPTION="line type HeadingLine"/><OtherTag ID="LT33" LABEL="InterlinearLine:addition" DESCRIPTION="line type InterlinearLine:addition"/><OtherTag ID="LT34" LABEL="InterlinearLine:correction" DESCRIPTION="line type InterlinearLine:correction"/>
  </Tags>
  <Layout>
    <Page WIDTH="2790"
          HEIGHT="3356"
          PHYSICAL_IMG_NR="264"
          ID="eSc_dummypage_">
      <PrintSpace HPOS="0"
                  VPOS="0"
                  WIDTH="2790"
                  HEIGHT="3356">
        <TextBlock HPOS="469"
                   VPOS="6"
                   WIDTH="2224"
                   HEIGHT="3338"
                   ID="41aed298-9611-4464-8785-187cad22ea56"
                   TAGREFS="BT42">
          <Shape><Polygon POINTS="2693 6 2693 3344 469 3344 469 6"/></Shape>
          <TextLine ID="eSc_line_099632af"
                    TAGREFS="LT31"
                    BASELINE="534 97 2630 94" 
                    HPOS="531"
                    VPOS="41"
                    WIDTH="2099"
                    HEIGHT="96">
            <Shape><Polygon POINTS="2574 81 2546 81 2518 78 2490 78 2462 78 2434 83 2406 83 2378 81 2350 81 2322 81 2294 81 2266 81 2238 78 2210 78 2182 78 2154 78 2126 78 2098 75 2070 75 2042 75 2014 75 1986 75 1958 72 1930 72 1902 72 1874 72 1846 72 1818 69 1790 69 1762 69 1735 69 1707 69 1679 67 1651 67 1623 67 1595 67 1567 64 1539 64 1511 64 1483 64 1455 64 1427 61 1399 61 1371 61 1343 61 1315 61 1290 58 1273 61 1259 58 1231 58 1203 58 1175 58 1147 55 1119 55 1099 58 1068 55 1063 55 1035 55 1029 50 951 41 948 41 548 55 531 67 534 97 534 123 682 137 685 137 688 137 713 125 724 120 817 120 850 125 923 137 926 137 987 125 1029 117 1119 125 1225 134 1228 134 1276 125 1304 120 1318 125 1340 134 1343 134 1346 134 1348 134 1365 125 1390 114 1776 114 1816 125 1827 128 1830 128 1832 128 1852 125 1933 111 1953 125 1956 128 1958 128 1961 128 1964 128 1967 128 1972 125 2000 114 2054 125 2070 128 2073 128 2123 125 2317 114 2624 125 2630 83 2627 81 2602 81"/></Shape>
	    <String CONTENT=""
                    HPOS="531"
                    VPOS="41"
                    WIDTH="2099"
                    HEIGHT="96"></String>
          </TextLine>
          <TextLine ID="eSc_line_5b8e2a00"
                    TAGREFS="LT31"
                    BASELINE="531 190 1788 165 2630 184" 
                    HPOS="528"
                    VPOS="111"
                    WIDTH="2102"
                    HEIGHT="109">
            <Shape><Polygon POINTS="2627 165 2613 128 2339 114 2336 114 2333 114 2275 128 2224 111 2221 111 2219 111 1905 114 1793 134 1620 117 1617 117 1463 134 1415 117 1413 117 1410 117 1407 117 1371 131 1273 120 1270 120 1267 120 1264 120 1242 137 957 125 954 125 951 125 892 139 831 123 828 123 825 123 657 139 629 123 626 123 624 123 621 123 528 142 531 190 531 201 727 220 730 220 1015 206 1155 218 1158 218 1161 218 1194 204 1214 198 1343 206 1418 209 1421 209 1424 209 1427 209 1429 206 1449 195 1628 206 1765 215 1768 215 1771 215 1774 215 1782 206 1802 192 2020 192 2095 209 2118 212 2121 212 2140 209 2207 195 2624 209 2630 184 2627 167 2627 165"/></Shape>
	    <String CONTENT=""
                    HPOS="528"
                    VPOS="111"
                    WIDTH="2102"
                    HEIGHT="109"></String>
          </TextLine>
          <TextLine ID="eSc_line_a1d89d34"
                    TAGREFS="LT31"
                    BASELINE="528 265 1751 243 2627 254" 
                    HPOS="526"
                    VPOS="181"
                    WIDTH="2101"
                    HEIGHT="121">
            <Shape><Polygon POINTS="2479 181 2476 181 2331 184 2328 184 2249 212 1967 184 1964 184 1774 187 1771 187 1768 187 1751 201 1656 187 1653 187 1651 187 1572 215 1385 215 1362 198 1360 198 1357 198 1354 198 1242 220 1164 201 1161 201 1158 201 1074 218 828 206 825 206 822 206 763 223 660 209 657 209 526 226 528 265 528 288 845 302 847 302 951 288 1007 282 1063 288 1150 299 1152 299 1155 299 1178 288 1189 282 1206 288 1239 299 1242 299 1245 299 1346 288 1452 276 1480 288 1483 288 1485 288 1519 288 2003 271 2109 288 2137 290 2140 290 2163 288 2238 271 2275 285 2277 285 2280 288 2624 288 2627 254 2624 212 2549 212 2482 181 2479 181"/></Shape>
	    <String CONTENT=""
                    HPOS="526"
                    VPOS="181"
                    WIDTH="2101"
                    HEIGHT="121"></String>
          </TextLine>
          <TextLine ID="eSc_line_f6085529"
                    TAGREFS="LT33"
                    BASELINE="1821 208 1983 190" 
                    HPOS="1821"
                    VPOS="190"
                    WIDTH="162"
                    HEIGHT="18">
	    <String CONTENT=""
                    HPOS="1821"
                    VPOS="190"
                    WIDTH="162"
                    HEIGHT="18"></String>
          </TextLine>
          <TextLine ID="eSc_line_a83ff6a4"
                    TAGREFS="LT31"
                    BASELINE="523 349 1527 321 2536 314 2636 323" 
                    HPOS="520"
                    VPOS="260"
                    WIDTH="2116"
                    HEIGHT="114">
            <Shape><Polygon POINTS="523 371 867 360 951 369 993 374 996 374 999 374 1021 369 1068 357 1130 369 1158 371 1161 371 1164 371 1178 366 1214 355 1418 363 1485 366 1488 366 1491 366 1499 363 1527 346 1726 346 1830 357 1855 360 1858 360 1888 357 2028 341 2095 355 2101 355 2104 355 2112 355 2216 338 2633 346 2636 313 2630 274 2518 260 2515 260 2308 274 2272 276 2261 276 2193 260 2191 260 2188 260 2143 276 2132 279 2112 276 2028 262 2026 262 2023 262 1975 276 1958 282 1877 279 1690 268 1687 268 1502 282 1334 293 1301 282 1290 279 1287 279 1284 279 1225 285 1082 296 1046 285 1027 279 1024 279 1021 279 1018 279 1015 279 1015 282 1010 285 993 299 909 285 875 282 873 282 870 282 867 282 867 285 864 288 845 302 520 290 523 349"/></Shape>
	    <String CONTENT=""
                    HPOS="520"
                    VPOS="260"
                    WIDTH="2116"
                    HEIGHT="114"></String>
          </TextLine>
          <TextLine ID="eSc_line_f83d96d0"
                    TAGREFS="LT31"
                    BASELINE="534 413 2604 390" 
                    HPOS="531"
                    VPOS="330"
                    WIDTH="2068"
                    HEIGHT="123">
            <Shape><Polygon POINTS="534 453 618 433 660 444 663 444 666 444 853 430 881 447 884 447 887 447 889 447 892 447 895 447 923 427 1060 444 1063 444 1066 444 1141 425 1211 441 1214 441 1217 441 1298 425 1410 439 1413 439 1415 439 1418 439 1441 422 1541 436 1544 436 1547 436 1550 436 1567 419 1611 433 1614 433 1617 433 1849 413 2367 425 2370 425 2373 425 2442 408 2594 422 2599 383 2594 349 2498 330 2496 330 2493 330 2490 330 2468 346 2409 332 2406 332 2403 332 2277 349 2224 332 2221 332 2219 332 2216 332 2163 352 2160 352 2034 335 2031 335 1846 355 1824 357 1802 357 1662 341 1659 341 1561 357 1516 343 1513 343 1511 343 1508 343 1469 360 1460 363 1435 360 1374 352 1371 352 1155 363 1046 369 1021 366 962 355 959 355 957 355 917 366 895 371 850 366 749 355 747 355 688 369 660 374 531 371 534 413"/></Shape>
	    <String CONTENT=""
                    HPOS="531"
                    VPOS="330"
                    WIDTH="2068"
                    HEIGHT="123"></String>
          </TextLine>
          <TextLine ID="eSc_line_0defbc12"
                    TAGREFS="LT31"
                    BASELINE="531 492 1914 464 2647 472" 
                    HPOS="528"
                    VPOS="402"
                    WIDTH="2119"
                    HEIGHT="120">
            <Shape><Polygon POINTS="531 492 531 503 735 522 738 522 920 503 957 500 990 503 1144 517 1147 517 1301 500 1374 495 2641 495 2647 472 2644 419 2524 402 2521 402 2518 402 2465 419 2429 402 2426 402 2423 402 2319 422 2314 422 2308 422 2249 405 2247 405 2244 405 2151 425 2140 425 2126 425 2006 408 2003 408 2000 408 1942 427 1936 427 1930 427 1891 413 1888 413 1886 413 1793 427 1771 430 1732 427 1553 416 1550 416 1547 416 1519 430 1511 436 1340 436 1309 433 1186 419 1183 419 1180 419 1133 436 1122 439 1091 436 951 422 948 422 861 439 842 444 702 444 694 441 677 427 674 427 671 427 668 427 666 427 635 441 629 444 528 444 531 492"/></Shape>
	    <String CONTENT=""
                    HPOS="528"
                    VPOS="402"
                    WIDTH="2119"
                    HEIGHT="120"></String>
          </TextLine>
          <TextLine ID="eSc_line_d2cc7c2f"
                    TAGREFS="LT33"
                    BASELINE="2008 488 2067 493" 
                    HPOS="2008"
                    VPOS="488"
                    WIDTH="59"
                    HEIGHT="5">
	    <String CONTENT=""
                    HPOS="2008"
                    VPOS="488"
                    WIDTH="59"
                    HEIGHT="5"></String>
          </TextLine>
          <TextLine ID="eSc_line_016d73f5"
                    TAGREFS="LT31"
                    BASELINE="531 570 1860 536 2619 536" 
                    HPOS="528"
                    VPOS="489"
                    WIDTH="2091"
                    HEIGHT="115">
            <Shape><Polygon POINTS="531 570 537 604 562 587 632 601 635 601 638 601 640 601 688 587 937 595 962 595 965 595 973 595 1057 578 1239 590 1259 590 1262 590 1276 590 1410 570 1477 584 1480 584 1483 584 1583 567 1667 581 1673 581 1676 581 1679 581 1681 581 1721 564 2062 573 2079 573 2082 573 2084 573 2146 556 2613 562 2619 536 2613 489 1600 495 1597 495 1555 508 1553 508 1547 508 1443 497 1441 497 1253 514 1250 514 1245 514 1116 503 1113 503 1110 503 1057 517 761 511 758 511 528 528 531 570"/></Shape>
	    <String CONTENT=""
                    HPOS="528"
                    VPOS="489"
                    WIDTH="2091"
                    HEIGHT="115"></String>
          </TextLine>
          <TextLine ID="eSc_line_8c87a829"
                    TAGREFS="LT31"
                    BASELINE="534 643 1362 615 2619 606" 
                    HPOS="531"
                    VPOS="553"
                    WIDTH="2088"
                    HEIGHT="112">
            <Shape><Polygon POINTS="534 643 534 657 1077 665 1080 665 1082 665 1085 665 1102 654 1119 646 1183 646 1214 654 1253 662 1256 662 1259 662 1262 662 1287 651 1309 643 1365 651 1388 654 1390 654 1415 651 1491 640 1511 651 1525 657 1527 657 1530 657 1581 648 1659 637 1709 648 1732 654 1735 654 1737 654 1774 648 1849 634 1950 646 1992 651 1995 651 1998 651 2000 651 2006 646 2026 634 2157 643 2160 643 2230 629 2613 640 2619 606 2613 564 2221 553 2219 553 2006 573 1995 573 1984 573 1846 559 1844 559 1841 559 1796 576 1790 576 1648 564 1645 564 1642 564 1583 578 1471 564 1469 564 1466 564 1432 581 1413 581 640 578 638 578 531 595 534 643"/></Shape>
	    <String CONTENT=""
                    HPOS="531"
                    VPOS="553"
                    WIDTH="2088"
                    HEIGHT="112"></String>
          </TextLine>
          <TextLine ID="eSc_line_eb91423c"
                    TAGREFS="LT31"
                    BASELINE="534 718 1637 682 2345 676 2546 684 2546 684 2653 697" 
                    HPOS="531"
                    VPOS="626"
                    WIDTH="2113"
                    HEIGHT="126">
            <Shape><Polygon POINTS="534 752 663 732 1032 741 1035 741 1038 741 1124 724 1245 735 1248 735 1250 735 1295 715 2644 704 2644 690 2638 626 1175 648 1049 665 1035 665 1004 665 660 660 657 660 531 676 534 718"/></Shape>
	    <String CONTENT=""
                    HPOS="531"
                    VPOS="626"
                    WIDTH="2113"
                    HEIGHT="126"></String>
          </TextLine>
          <TextLine ID="eSc_line_7fef2684"
                    TAGREFS="LT31"
                    BASELINE="534 794 1337 760 2565 755 2621 764" 
                    HPOS="531"
                    VPOS="699"
                    WIDTH="2088"
                    HEIGHT="114">
            <Shape><Polygon POINTS="534 813 1656 780 1858 794 1860 797 1939 797 1939 794 1942 794 1944 794 1970 777 2107 791 2112 791 2115 791 2121 791 2235 774 2616 783 2619 755 2613 713 2040 699 2037 699 2034 699 1989 721 1953 704 1950 704 1947 704 1944 704 1891 721 1872 704 1869 704 1866 704 1715 704 1712 704 1709 704 1651 727 1648 727 1642 727 1513 707 1511 707 1508 707 1463 727 1435 710 1432 710 1429 710 1290 710 1287 710 1284 710 1281 710 1256 727 1105 713 1102 713 1099 713 1096 713 1068 735 954 721 951 721 948 721 901 738 901 741 878 741 730 741 685 721 682 721 680 721 677 721 635 743 531 743 534 794"/></Shape>
	    <String CONTENT=""
                    HPOS="531"
                    VPOS="699"
                    WIDTH="2088"
                    HEIGHT="114"></String>
          </TextLine>
          <TextLine ID="eSc_line_bb3a39b2"
                    TAGREFS="LT31"
                    BASELINE="528 866 1886 833 2591 836" 
                    HPOS="526"
                    VPOS="774"
                    WIDTH="2065"
                    HEIGHT="123">
            <Shape><Polygon POINTS="528 866 528 883 610 897 612 897 738 883 769 897 772 897 775 897 777 897 839 883 1354 886 1357 886 1360 886 1413 872 1441 866 1469 872 1499 878 1502 878 1651 869 1799 861 1827 866 1872 878 1874 878 1877 878 1961 866 2031 855 2118 864 2193 869 2196 869 2588 855 2591 836 2585 774 2314 797 2188 797 2151 780 2140 777 2137 777 2135 777 2132 777 2129 777 2123 783 2101 797 2048 783 2023 777 2020 777 2017 777 1970 785 1900 797 1726 788 1623 785 1620 785 1617 785 1606 791 1581 805 1511 794 1477 788 1474 788 1471 788 1452 794 1415 808 1393 797 1388 791 1385 791 1382 791 1379 791 1376 791 1374 791 1368 797 1346 811 1318 799 1315 799 1312 799 1248 813 1222 799 1211 794 1208 794 1206 794 1166 799 1068 816 968 805 965 805 962 805 906 819 884 805 875 799 873 799 870 799 867 799 864 799 842 805 786 822 526 813 528 866"/></Shape>
	    <String CONTENT=""
                    HPOS="526"
                    VPOS="774"
                    WIDTH="2065"
                    HEIGHT="123"></String>
          </TextLine>
          <TextLine ID="eSc_line_3340c9cc"
                    TAGREFS="LT31"
                    BASELINE="523 945 1858 914 2641 922" 
                    HPOS="520"
                    VPOS="858"
                    WIDTH="2121"
                    HEIGHT="120">
            <Shape><Polygon POINTS="523 945 523 964 889 978 892 978 895 978 926 964 943 956 982 964 1046 976 1049 976 1130 962 1189 953 1236 962 1292 973 1295 973 1457 970 1460 970 1491 962 1527 950 1595 959 1631 964 1634 964 1637 964 1656 959 1712 942 2034 942 2079 959 2084 959 2087 959 2090 959 2093 959 2098 959 2157 939 2230 956 2244 959 2247 959 2261 956 2339 939 2387 956 2389 956 2392 956 2395 956 2638 953 2641 922 2636 858 2241 875 2054 866 1886 861 1883 861 1807 864 1804 864 1802 864 1793 872 1782 880 1746 872 1693 864 1690 864 1687 864 1648 875 1620 883 1606 875 1592 866 1589 866 1586 866 1485 866 1483 866 1429 878 1396 886 1343 880 1262 872 1259 872 1256 872 1234 883 1220 889 1102 886 906 878 903 878 901 878 898 878 884 889 875 894 839 889 755 878 752 878 749 878 719 892 705 897 520 897 523 945"/></Shape>
	    <String CONTENT=""
                    HPOS="520"
                    VPOS="858"
                    WIDTH="2121"
                    HEIGHT="120"></String>
          </TextLine>
          <TextLine ID="eSc_line_1679908e"
                    TAGREFS="LT31"
                    BASELINE="523 1026 1964 992 2599 995" 
                    HPOS="520"
                    VPOS="945"
                    WIDTH="2079"
                    HEIGHT="120">
            <Shape><Polygon POINTS="523 1026 523 1065 601 1065 604 1065 607 1065 638 1045 817 1062 819 1062 1133 1037 1245 1054 1248 1054 1250 1054 1301 1034 1390 1045 1393 1045 1396 1045 1429 1031 1541 1048 1544 1048 1547 1048 1550 1048 1586 1026 1623 1037 1625 1037 1628 1037 1933 1020 2118 1037 2121 1037 2359 1012 2378 1026 2381 1026 2384 1026 2594 1029 2599 995 2596 948 1863 945 1860 945 1858 945 1855 945 1830 962 976 962 973 962 971 962 968 962 948 978 943 978 917 978 730 967 727 967 724 967 721 967 705 981 705 984 520 984 523 1026"/></Shape>
	    <String CONTENT=""
                    HPOS="520"
                    VPOS="945"
                    WIDTH="2079"
                    HEIGHT="120"></String>
          </TextLine>
          <TextLine ID="eSc_line_c8b8c202"
                    TAGREFS="LT31"
                    BASELINE="528 1104 2622 1062" 
                    HPOS="526"
                    VPOS="1009"
                    WIDTH="2096"
                    HEIGHT="129">
            <Shape><Polygon POINTS="528 1104 528 1121 640 1138 643 1138 646 1138 688 1121 744 1132 747 1132 943 1118 979 1115 1001 1115 1096 1127 1099 1127 1102 1127 1105 1127 1122 1115 1127 1113 1141 1115 1194 1127 1197 1127 1424 1113 1469 1110 1499 1110 1625 1118 1628 1118 1631 1118 1634 1118 1634 1115 1642 1110 1648 1101 1790 1099 1925 1104 2017 1110 2020 1110 2023 1110 2040 1104 2076 1093 2146 1104 2179 1107 2182 1107 2185 1107 2188 1107 2193 1101 2213 1090 2258 1101 2269 1104 2272 1104 2275 1104 2328 1101 2493 1087 2619 1096 2622 1062 2616 1026 2342 1009 2339 1009 2210 1031 2199 1031 2191 1031 2132 1015 2129 1015 2126 1015 2028 1034 2017 1034 2006 1034 1922 1017 1919 1017 1804 1037 1776 1040 1754 1037 1656 1023 1653 1023 1539 1040 1499 1045 1466 1043 1385 1029 1382 1029 1379 1029 1348 1043 1337 1051 1217 1051 1208 1045 1200 1037 1197 1037 1194 1037 1192 1037 1189 1037 1169 1045 1155 1051 1138 1045 1102 1034 1099 1034 1096 1034 1094 1034 1091 1034 1077 1048 1066 1054 1027 1048 957 1037 954 1037 898 1051 867 1057 836 1051 800 1043 797 1043 752 1051 716 1059 526 1057 528 1104"/></Shape>
	    <String CONTENT=""
                    HPOS="526"
                    VPOS="1009"
                    WIDTH="2096"
                    HEIGHT="129"></String>
          </TextLine>
          <TextLine ID="eSc_line_638cdca5"
                    TAGREFS="LT31"
                    BASELINE="540 1188 2638 1124" 
                    HPOS="537"
                    VPOS="1079"
                    WIDTH="2101"
                    HEIGHT="151">
            <Shape><Polygon POINTS="540 1188 540 1230 632 1210 811 1219 814 1219 945 1202 982 1216 990 1219 993 1219 996 1219 1024 1216 1136 1196 1236 1208 1264 1210 1267 1210 1292 1205 1379 1188 1429 1202 1443 1205 1446 1205 1449 1205 1723 1196 1726 1196 1729 1196 1735 1191 1760 1177 1849 1188 1883 1191 1886 1191 1916 1185 2000 1169 2121 1180 2177 1182 2179 1182 2210 1177 2266 1163 2311 1171 2339 1177 2342 1177 2345 1177 2347 1177 2347 1174 2353 1171 2367 1157 2636 1160 2638 1124 2630 1079 537 1146 540 1188"/></Shape>
	    <String CONTENT=""
                    HPOS="537"
                    VPOS="1079"
                    WIDTH="2101"
                    HEIGHT="151"></String>
          </TextLine>
          <TextLine ID="eSc_line_c0a598fb"
                    TAGREFS="LT31"
                    BASELINE="520 1255 1519 1250 2255 1213 2650 1213" 
                    HPOS="517"
                    VPOS="1163"
                    WIDTH="2133"
                    HEIGHT="131">
            <Shape><Polygon POINTS="520 1255 520 1294 710 1275 1057 1283 1220 1286 1222 1286 1950 1272 2059 1258 2168 1247 2647 1247 2650 1213 2647 1174 2412 1163 2409 1163 2406 1163 2350 1177 2342 1180 2339 1180 2314 1166 2311 1166 2308 1166 2216 1180 2202 1182 2196 1180 2182 1169 2179 1169 2177 1169 2174 1169 2082 1182 2076 1182 2073 1182 1978 1174 1975 1174 1972 1174 1950 1185 1936 1194 1788 1194 1765 1188 1718 1177 1715 1177 1712 1177 1578 1194 1511 1199 1382 1196 1208 1191 1206 1191 1203 1191 1186 1199 1175 1205 1144 1199 1102 1194 1099 1194 915 1205 805 1210 766 1208 671 1196 668 1196 517 1210 520 1255"/></Shape>
	    <String CONTENT=""
                    HPOS="517"
                    VPOS="1163"
                    WIDTH="2133"
                    HEIGHT="131"></String>
          </TextLine>
          <TextLine ID="eSc_line_09cd0b11"
                    TAGREFS="LT31"
                    BASELINE="506 1342 1522 1325 2638 1286" 
                    HPOS="503"
                    VPOS="1233"
                    WIDTH="2135"
                    HEIGHT="134">
            <Shape><Polygon POINTS="506 1342 506 1361 1183 1353 1234 1367 1236 1367 1239 1367 1242 1367 1281 1353 1312 1364 1315 1364 1318 1364 2638 1317 2638 1286 2627 1233 2552 1255 2504 1241 2501 1241 2498 1241 2496 1241 2493 1241 2473 1258 2395 1238 2387 1238 2384 1238 2373 1238 2272 1264 2210 1250 2207 1250 2205 1250 2095 1266 2026 1250 2017 1250 2014 1250 2012 1250 2009 1250 1958 1275 1485 1283 1407 1269 1390 1266 1388 1266 1385 1266 1374 1269 1320 1289 1264 1272 1250 1269 1248 1269 1245 1269 1208 1275 1091 1297 1001 1297 971 1280 962 1278 959 1278 957 1278 954 1278 934 1283 889 1294 850 1286 825 1280 822 1280 503 1294 506 1342"/></Shape>
	    <String CONTENT=""
                    HPOS="503"
                    VPOS="1233"
                    WIDTH="2135"
                    HEIGHT="134"></String>
          </TextLine>
          <TextLine ID="eSc_line_9d70c06a"
                    TAGREFS="LT31"
                    BASELINE="523 1423 2588 1364" 
                    HPOS="520"
                    VPOS="1320"
                    WIDTH="2068"
                    HEIGHT="125">
            <Shape><Polygon POINTS="523 1423 523 1445 2588 1389 2588 1364 2580 1320 1799 1350 1746 1347 1625 1336 1623 1336 1620 1336 1617 1336 1617 1339 1600 1350 1595 1356 1581 1353 1533 1339 1530 1339 1527 1339 1525 1339 1522 1339 1499 1356 1494 1359 1483 1356 1443 1342 1441 1342 1438 1342 1306 1345 1304 1345 1301 1345 1276 1361 1273 1364 1259 1364 1178 1350 1175 1350 1029 1370 1010 1373 1004 1373 968 1356 965 1356 962 1356 959 1356 957 1356 931 1373 839 1359 836 1359 520 1387 523 1423"/></Shape>
	    <String CONTENT=""
                    HPOS="520"
                    VPOS="1320"
                    WIDTH="2068"
                    HEIGHT="125"></String>
          </TextLine>
          <TextLine ID="eSc_line_cd8b5a7c"
                    TAGREFS="LT31"
                    BASELINE="534 1504 2655 1445" 
                    HPOS="531"
                    VPOS="1406"
                    WIDTH="2124"
                    HEIGHT="134">
            <Shape><Polygon POINTS="534 1504 534 1540 638 1521 825 1532 833 1532 836 1532 842 1532 948 1512 1208 1521 1234 1521 1236 1521 1248 1521 1351 1501 1427 1515 1438 1515 1441 1515 1485 1512 1762 1490 1827 1501 1841 1504 1844 1504 1897 1501 2076 1485 2126 1493 2146 1496 2149 1496 2151 1496 2160 1493 2193 1479 2652 1479 2655 1445 2647 1406 531 1459 534 1504"/></Shape>
	    <String CONTENT=""
                    HPOS="531"
                    VPOS="1406"
                    WIDTH="2124"
                    HEIGHT="134"></String>
          </TextLine>
          <TextLine ID="eSc_line_4b93a474"
                    TAGREFS="LT31"
                    BASELINE="526 1585 2608 1526" 
                    HPOS="523"
                    VPOS="1473"
                    WIDTH="2085"
                    HEIGHT="135">
            <Shape><Polygon POINTS="526 1585 526 1608 2608 1549 2608 1526 2605 1487 2563 1473 2560 1473 2557 1473 2429 1490 2375 1476 2373 1476 2370 1476 2210 1496 2171 1482 2168 1482 2165 1482 2163 1482 2090 1501 2084 1501 2076 1501 2014 1485 2012 1485 2009 1485 2006 1485 2003 1485 2003 1487 1984 1504 1981 1504 1964 1504 1810 1490 1807 1490 1804 1490 1740 1510 1735 1510 1729 1510 1628 1496 1625 1496 1522 1515 1499 1518 1471 1515 1320 1504 1318 1504 1231 1524 1211 1526 1175 1524 1021 1512 1018 1512 1015 1512 1013 1512 993 1526 920 1515 917 1515 523 1540 526 1585"/></Shape>
	    <String CONTENT=""
                    HPOS="523"
                    VPOS="1473"
                    WIDTH="2085"
                    HEIGHT="135"></String>
          </TextLine>
          <TextLine ID="eSc_line_adda39e9"
                    TAGREFS="LT31"
                    BASELINE="526 1664 2608 1605" 
                    HPOS="523"
                    VPOS="1552"
                    WIDTH="2085"
                    HEIGHT="134">
            <Shape><Polygon POINTS="526 1664 526 1686 2608 1633 2608 1605 2602 1566 2409 1552 2406 1552 2210 1574 2205 1574 2202 1574 2014 1563 2012 1563 1911 1582 1905 1582 1902 1582 1816 1568 1813 1568 1810 1568 1807 1568 1782 1585 1774 1585 1231 1585 1228 1585 1225 1585 1222 1585 1197 1602 1189 1602 1082 1591 1080 1591 926 1610 909 1610 901 1610 839 1596 836 1596 833 1596 800 1613 797 1613 794 1613 755 1599 752 1599 749 1599 523 1619 526 1664"/></Shape>
	    <String CONTENT=""
                    HPOS="523"
                    VPOS="1552"
                    WIDTH="2085"
                    HEIGHT="134"></String>
          </TextLine>
          <TextLine ID="eSc_line_af3e6d19"
                    TAGREFS="LT31"
                    BASELINE="526 1747 2594 1672" 
                    HPOS="523"
                    VPOS="1619"
                    WIDTH="2071"
                    HEIGHT="159">
            <Shape><Polygon POINTS="526 1747 526 1778 901 1778 901 1775 903 1775 906 1775 926 1761 934 1756 1088 1753 1096 1756 1130 1767 1133 1767 1136 1767 1138 1767 1200 1750 1220 1747 1304 1747 1592 1750 1595 1750 1695 1733 1698 1733 1824 1742 1827 1742 1830 1742 1832 1742 1832 1739 1846 1728 2037 1731 2040 1731 2042 1731 2068 1719 2073 1717 2079 1717 2121 1731 2123 1731 2126 1731 2129 1731 2165 1714 2168 1714 2205 1714 2490 1717 2493 1717 2496 1717 2498 1717 2518 1700 2521 1700 2591 1700 2594 1672 2585 1630 2498 1636 2482 1633 2434 1619 2431 1619 2429 1619 2342 1638 2322 1641 2314 1638 2280 1624 2277 1624 2275 1624 2272 1624 2241 1641 2233 1647 1572 1669 1541 1666 1435 1655 1432 1655 1429 1655 1427 1655 1401 1672 1396 1675 1376 1672 1284 1661 1281 1661 1278 1661 1276 1661 1253 1678 1250 1680 1234 1678 1161 1666 1158 1666 1015 1686 971 1691 954 1689 901 1675 898 1675 895 1675 892 1675 836 1691 833 1691 668 1683 666 1683 523 1703 526 1747"/></Shape>
	    <String CONTENT=""
                    HPOS="523"
                    VPOS="1619"
                    WIDTH="2071"
                    HEIGHT="159"></String>
          </TextLine>
          <TextLine ID="eSc_line_1493bf84"
                    TAGREFS="LT31"
                    BASELINE="520 1829 2568 1747" 
                    HPOS="517"
                    VPOS="1703"
                    WIDTH="2051"
                    HEIGHT="162">
            <Shape><Polygon POINTS="520 1829 520 1851 624 1865 626 1865 629 1865 663 1848 668 1845 691 1848 775 1856 777 1856 780 1856 805 1843 808 1843 814 1843 867 1856 870 1856 873 1856 982 1837 1013 1834 1046 1837 1152 1845 1155 1845 1158 1845 1206 1831 1228 1826 1245 1831 1273 1840 1276 1840 1278 1840 1388 1826 1480 1815 1519 1823 1553 1829 1555 1829 1558 1829 1586 1820 1614 1812 1732 1815 1799 1817 1802 1817 1804 1817 1818 1815 1869 1795 2076 1789 2107 1803 2109 1806 2112 1806 2115 1806 2118 1806 2121 1806 2123 1803 2149 1784 2216 1784 2339 1798 2350 1798 2353 1798 2356 1798 2359 1798 2403 1778 2566 1789 2568 1747 2560 1703 1911 1719 1765 1736 1695 1742 1656 1739 1569 1733 1567 1733 1455 1747 1413 1753 1379 1750 1278 1745 1276 1745 1211 1759 1197 1761 1186 1759 1150 1750 1147 1750 1144 1750 1141 1750 1138 1750 1124 1761 1119 1767 920 1773 887 1773 713 1767 710 1767 626 1784 621 1784 618 1784 573 1773 570 1773 568 1773 565 1773 517 1787 520 1829"/></Shape>
	    <String CONTENT=""
                    HPOS="517"
                    VPOS="1703"
                    WIDTH="2051"
                    HEIGHT="162"></String>
          </TextLine>
          <TextLine ID="eSc_line_b813e67f"
                    TAGREFS="LT31"
                    BASELINE="531 1912 2233 1831 2650 1823" 
                    HPOS="526"
                    VPOS="1778"
                    WIDTH="2124"
                    HEIGHT="171">
            <Shape><Polygon POINTS="531 1912 531 1949 895 1918 1013 1929 1015 1929 1018 1929 1080 1910 1497 1910 1502 1910 1502 1907 1505 1907 1567 1887 1860 1890 1863 1890 1866 1890 1869 1890 2003 1868 2090 1879 2093 1879 2095 1879 2098 1879 2098 1876 2115 1862 2154 1876 2157 1876 2160 1876 2294 1854 2409 1865 2412 1865 2415 1865 2487 1845 2644 1854 2650 1823 2644 1778 2230 1792 2171 1781 2168 1781 2165 1781 2095 1801 2093 1801 2090 1801 2056 1787 2054 1787 2051 1787 1894 1809 1866 1812 1849 1812 1779 1801 1776 1801 1774 1801 1746 1815 1740 1817 1709 1817 1589 1809 1586 1809 1522 1823 1502 1829 1488 1826 1449 1815 1446 1815 1443 1815 1301 1834 1248 1843 1080 1848 1060 1843 1024 1834 1021 1834 1018 1834 926 1848 878 1859 526 1865 531 1912"/></Shape>
	    <String CONTENT=""
                    HPOS="526"
                    VPOS="1778"
                    WIDTH="2124"
                    HEIGHT="171"></String>
          </TextLine>
          <TextLine ID="eSc_line_47ecff43"
                    TAGREFS="LT31"
                    BASELINE="514 1980 1603 1935 2638 1910" 
                    HPOS="512"
                    VPOS="1862"
                    WIDTH="2126"
                    HEIGHT="151">
            <Shape><Polygon POINTS="514 1980 514 2008 680 2013 682 2013 730 2002 772 1994 845 1999 917 2005 920 2005 923 2005 940 1996 959 1988 985 1996 1001 1999 1004 1999 1007 1999 1046 1994 1116 1982 1144 1991 1161 1996 1164 1996 1166 1996 1169 1996 1189 1988 1220 1980 1248 1988 1267 1994 1270 1994 1273 1994 1309 1985 1360 1974 1455 1982 1505 1985 1508 1985 1578 1977 1712 1963 1740 1974 1751 1977 1754 1977 1757 1977 1830 1971 2037 1952 2221 1960 2261 1960 2263 1960 2266 1960 2275 1957 2322 1943 2636 1946 2638 1910 2630 1862 512 1932 514 1980"/></Shape>
	    <String CONTENT=""
                    HPOS="512"
                    VPOS="1862"
                    WIDTH="2126"
                    HEIGHT="151"></String>
          </TextLine>
          <TextLine ID="eSc_line_9762bcb2"
                    TAGREFS="LT31"
                    BASELINE="523 2061 2630 1982" 
                    HPOS="520"
                    VPOS="1940"
                    WIDTH="2110"
                    HEIGHT="151">
            <Shape><Polygon POINTS="523 2061 523 2086 744 2091 747 2091 749 2091 752 2091 766 2080 775 2075 853 2077 968 2080 971 2080 1091 2069 1211 2058 1276 2063 1346 2069 1348 2069 1421 2058 1499 2047 1541 2055 1572 2061 1575 2061 1614 2052 1665 2041 1743 2049 1793 2052 1796 2052 1830 2047 1883 2033 1919 2044 1936 2047 1939 2047 1942 2047 2252 2035 2297 2030 2431 2013 2451 2027 2454 2027 2456 2027 2459 2027 2627 2019 2630 1982 2624 1946 2303 1940 2300 1940 2297 1940 2294 1940 2277 1957 2168 1960 2098 1963 2095 1963 2051 1949 2048 1949 2045 1949 2042 1949 2040 1949 2014 1966 2012 1966 1860 1957 1858 1957 1776 1974 1774 1974 1771 1974 1572 1966 1569 1966 1567 1966 1564 1966 1547 1980 1502 1968 1499 1968 1497 1968 1351 1974 1348 1974 1346 1974 1346 1977 1329 1991 1309 1991 971 1988 968 1988 965 1988 898 2008 889 2008 884 2008 819 1994 817 1994 520 2019 523 2061"/></Shape>
	    <String CONTENT=""
                    HPOS="520"
                    VPOS="1940"
                    WIDTH="2110"
                    HEIGHT="151"></String>
          </TextLine>
          <TextLine ID="eSc_line_44441d3b"
                    TAGREFS="LT31"
                    BASELINE="517 2142 1662 2091 2638 2066" 
                    HPOS="514"
                    VPOS="2024"
                    WIDTH="2124"
                    HEIGHT="143">
            <Shape><Polygon POINTS="517 2142 517 2161 822 2167 825 2167 828 2167 856 2153 864 2153 971 2161 973 2161 976 2161 979 2161 993 2150 999 2145 1007 2147 1032 2159 1035 2159 1038 2159 1245 2142 1320 2136 1332 2139 1357 2147 1360 2147 1362 2147 1413 2136 1455 2128 1522 2133 1558 2136 1561 2136 1617 2131 1748 2117 1776 2125 1788 2131 1790 2131 1793 2131 1841 2125 1916 2114 2182 2114 2286 2114 2289 2114 2291 2114 2294 2114 2297 2111 2325 2097 2636 2100 2638 2066 2630 2024 1729 2041 514 2097 517 2142"/></Shape>
	    <String CONTENT=""
                    HPOS="514"
                    VPOS="2024"
                    WIDTH="2124"
                    HEIGHT="143"></String>
          </TextLine>
          <TextLine ID="eSc_line_f80f13b0"
                    TAGREFS="LT31"
                    BASELINE="517 2214 2641 2142" 
                    HPOS="514"
                    VPOS="2097"
                    WIDTH="2127"
                    HEIGHT="151">
            <Shape><Polygon POINTS="517 2214 517 2231 654 2248 657 2248 842 2223 859 2223 861 2223 892 2240 895 2240 898 2240 901 2240 940 2226 1004 2240 1007 2240 1108 2220 1460 2223 1463 2223 1466 2223 1469 2223 1491 2206 1502 2200 1516 2206 1555 2220 1558 2220 1561 2220 1564 2220 1567 2220 1586 2203 1589 2200 1600 2203 1623 2212 1625 2212 1628 2212 1687 2200 1746 2192 1844 2198 1984 2206 1986 2206 2079 2192 2163 2178 2641 2178 2641 2142 2636 2097 2328 2097 2325 2097 2322 2097 2319 2097 2308 2108 2300 2114 2283 2108 2261 2103 2258 2103 2255 2103 2126 2114 2037 2122 2028 2117 2014 2108 2012 2108 2009 2108 2006 2108 1830 2125 1737 2133 1665 2131 1499 2125 1497 2125 1494 2125 1491 2125 1491 2128 1480 2139 1474 2142 1421 2142 1250 2133 1248 2133 1245 2133 1242 2133 1220 2147 1214 2150 1208 2147 1172 2136 1169 2136 1166 2136 1164 2136 1102 2153 1082 2156 1049 2153 926 2145 923 2145 920 2145 856 2161 839 2167 514 2173 517 2214"/></Shape>
	    <String CONTENT=""
                    HPOS="514"
                    VPOS="2097"
                    WIDTH="2127"
                    HEIGHT="151"></String>
          </TextLine>
          <TextLine ID="eSc_line_883fd0b0"
                    TAGREFS="LT31"
                    BASELINE="523 2301 1365 2279 2140 2237 2641 2226" 
                    HPOS="520"
                    VPOS="2175"
                    WIDTH="2121"
                    HEIGHT="163">
            <Shape><Polygon POINTS="523 2301 523 2338 601 2321 794 2329 825 2329 828 2329 831 2329 836 2326 867 2315 973 2321 976 2321 979 2321 982 2321 982 2318 993 2307 1024 2321 1027 2321 1029 2321 1443 2307 1446 2307 1449 2307 1474 2293 1852 2293 1858 2293 1858 2290 2056 2268 2160 2279 2163 2279 2364 2256 2638 2262 2641 2226 2636 2189 2493 2175 2490 2175 2487 2175 2484 2175 2456 2192 2384 2181 2381 2181 2378 2181 2347 2195 2280 2181 2277 2181 2205 2184 2202 2184 2199 2184 2168 2203 1995 2192 1992 2192 1989 2192 1986 2192 1961 2209 1869 2198 1866 2198 1771 2217 1670 2203 1667 2203 1597 2206 1595 2206 1592 2206 1569 2226 1567 2226 1553 2226 1217 2220 1214 2220 1211 2220 1208 2220 1208 2223 1189 2240 1186 2240 1180 2240 1049 2228 1046 2228 1043 2228 1041 2228 1018 2242 973 2231 971 2231 968 2231 965 2231 962 2231 940 2248 937 2251 761 2254 674 2240 671 2240 520 2262 523 2301"/></Shape>
	    <String CONTENT=""
                    HPOS="520"
                    VPOS="2175"
                    WIDTH="2121"
                    HEIGHT="163"></String>
          </TextLine>
          <TextLine ID="eSc_line_792f8874"
                    TAGREFS="LT31"
                    BASELINE="517 2377 1066 2371 2627 2318" 
                    HPOS="514"
                    VPOS="2268"
                    WIDTH="2113"
                    HEIGHT="139">
            <Shape><Polygon POINTS="517 2377 517 2407 2627 2349 2627 2318 2622 2279 2468 2268 2465 2268 2462 2268 2426 2282 2415 2287 2403 2284 2367 2270 2364 2270 2361 2270 2359 2270 2356 2270 2333 2284 2331 2287 2319 2287 2263 2276 2261 2276 2258 2276 2210 2290 2182 2298 1914 2304 1888 2298 1852 2287 1849 2287 1846 2287 1782 2301 1737 2310 1704 2304 1653 2293 1651 2293 1648 2293 1620 2304 1603 2312 1564 2307 1505 2298 1502 2298 1499 2298 1497 2298 1483 2310 1469 2318 1441 2310 1410 2301 1407 2301 1404 2301 1245 2307 1242 2307 1222 2315 1197 2329 1027 2332 999 2324 976 2315 973 2315 971 2315 968 2315 945 2324 920 2335 786 2329 674 2324 671 2324 668 2324 649 2332 635 2340 621 2332 607 2326 604 2326 601 2326 514 2335 517 2377"/></Shape>
	    <String CONTENT=""
                    HPOS="514"
                    VPOS="2268"
                    WIDTH="2113"
                    HEIGHT="139"></String>
          </TextLine>
          <TextLine ID="eSc_line_b00a64e4"
                    TAGREFS="LT31"
                    BASELINE="509 2469 2605 2402" 
                    HPOS="506"
                    VPOS="2363"
                    WIDTH="2099"
                    HEIGHT="128">
            <Shape><Polygon POINTS="509 2469 509 2491 1905 2461 2009 2455 2345 2433 2602 2438 2605 2402 2599 2363 2065 2363 2062 2363 1701 2391 1679 2391 1676 2391 1628 2377 1625 2377 1623 2377 1620 2377 1617 2377 1597 2393 1595 2393 1592 2393 1499 2382 1497 2382 1301 2402 1273 2405 1256 2405 1099 2393 1096 2393 1094 2393 1091 2393 1063 2410 1018 2396 1015 2396 1013 2396 912 2413 839 2402 836 2402 833 2402 831 2402 814 2419 811 2419 805 2419 666 2407 663 2407 660 2407 618 2424 582 2410 579 2410 576 2410 573 2410 506 2427 509 2469"/></Shape>
	    <String CONTENT=""
                    HPOS="506"
                    VPOS="2363"
                    WIDTH="2099"
                    HEIGHT="128"></String>
          </TextLine>
          <TextLine ID="eSc_line_ac8f46b1"
                    TAGREFS="LT31"
                    BASELINE="512 2547 2622 2477" 
                    HPOS="509"
                    VPOS="2433"
                    WIDTH="2113"
                    HEIGHT="139">
            <Shape><Polygon POINTS="512 2547 512 2572 2622 2505 2622 2477 2613 2433 509 2500 512 2547"/></Shape>
	    <String CONTENT=""
                    HPOS="509"
                    VPOS="2433"
                    WIDTH="2113"
                    HEIGHT="139"></String>
          </TextLine>
          <TextLine ID="eSc_line_cf108f6b"
                    TAGREFS="LT31"
                    BASELINE="506 2623 2234 2577 2235 2577 2624 2558" 
                    HPOS="503"
                    VPOS="2508"
                    WIDTH="2121"
                    HEIGHT="154">
            <Shape><Polygon POINTS="506 2662 965 2637 1015 2648 1038 2651 1041 2651 1085 2645 1175 2631 1264 2637 1329 2642 1332 2642 1385 2634 1443 2623 1457 2631 1466 2640 1469 2640 1471 2640 1474 2640 1609 2637 1611 2637 1665 2623 1704 2614 1832 2617 2065 2623 2068 2623 2070 2623 2073 2623 2090 2609 2095 2603 2109 2606 2157 2620 2160 2620 2163 2620 2624 2586 2624 2558 2616 2508 2216 2530 2098 2522 2056 2519 2054 2519 2006 2525 1869 2542 1807 2530 1788 2528 1785 2528 1760 2530 1676 2547 1550 2539 1513 2536 1511 2536 1508 2536 1505 2536 1502 2539 1480 2556 1038 2567 971 2556 957 2553 954 2553 951 2553 948 2553 945 2556 923 2570 503 2570 506 2623"/></Shape>
	    <String CONTENT=""
                    HPOS="503"
                    VPOS="2508"
                    WIDTH="2121"
                    HEIGHT="154"></String>
          </TextLine>
          <TextLine ID="eSc_line_993cb57c"
                    TAGREFS="LT31"
                    BASELINE="512 2707 2280 2654" 
                    HPOS="509"
                    VPOS="2606"
                    WIDTH="1771"
                    HEIGHT="120">
            <Shape><Polygon POINTS="512 2707 512 2726 1348 2721 1396 2709 1443 2701 1603 2707 1718 2709 1721 2709 1723 2709 1743 2704 1776 2693 1858 2701 1897 2704 1900 2704 1933 2698 2017 2684 2059 2695 2068 2698 2070 2698 2073 2698 2076 2698 2084 2695 2126 2682 2277 2690 2280 2654 2275 2617 2126 2606 2123 2606 1810 2626 1715 2631 1667 2628 1550 2623 1547 2623 1427 2634 1340 2645 509 2654 512 2707"/></Shape>
	    <String CONTENT=""
                    HPOS="509"
                    VPOS="2606"
                    WIDTH="1771"
                    HEIGHT="120"></String>
          </TextLine>
          <TextLine ID="eSc_line_8b35a91c"
                    TAGREFS="LT31"
                    BASELINE="517 2788 2624 2751" 
                    HPOS="514"
                    VPOS="2707"
                    WIDTH="2110"
                    HEIGHT="120">
            <Shape><Polygon POINTS="517 2788 517 2807 649 2827 652 2827 654 2827 657 2827 682 2810 999 2821 1001 2821 1211 2805 1281 2799 1292 2805 1320 2816 1323 2816 1326 2816 1572 2802 1813 2788 1886 2799 1922 2805 1925 2805 1972 2799 2059 2788 2202 2796 2238 2799 2241 2799 2244 2799 2247 2799 2249 2796 2275 2782 2387 2796 2395 2796 2398 2796 2401 2796 2434 2779 2622 2793 2624 2751 2616 2707 514 2735 517 2788"/></Shape>
	    <String CONTENT=""
                    HPOS="514"
                    VPOS="2707"
                    WIDTH="2110"
                    HEIGHT="120"></String>
          </TextLine>
          <TextLine ID="eSc_line_ea25d0cf"
                    TAGREFS="LT31"
                    BASELINE="523 2869 2619 2824" 
                    HPOS="520"
                    VPOS="2774"
                    WIDTH="2099"
                    HEIGHT="137">
            <Shape><Polygon POINTS="523 2869 523 2911 657 2886 856 2902 909 2905 912 2905 987 2897 1150 2880 1166 2891 1169 2891 1172 2891 1175 2891 1178 2891 1220 2874 1276 2888 1287 2891 1290 2891 1292 2891 1295 2891 1309 2888 1365 2872 1404 2886 1432 2894 1435 2894 1438 2894 1516 2883 1592 2869 1648 2877 1684 2883 1687 2883 1690 2883 1715 2874 1746 2866 1771 2874 1799 2883 1802 2883 1804 2883 1807 2883 1810 2883 1824 2872 1838 2863 1872 2872 1928 2883 1930 2883 1933 2883 1975 2869 1989 2863 2020 2866 2118 2877 2121 2877 2230 2860 2266 2852 2616 2847 2619 2824 2613 2791 2524 2774 2521 2774 2518 2774 2482 2791 2465 2777 2462 2777 2459 2777 2456 2777 2098 2799 2090 2799 2087 2799 1992 2785 1989 2785 1986 2785 1950 2802 1947 2802 1832 2788 1830 2788 1827 2788 1779 2805 1320 2799 1318 2799 1175 2819 1161 2819 1141 2819 912 2807 909 2807 520 2830 523 2869"/></Shape>
	    <String CONTENT=""
                    HPOS="520"
                    VPOS="2774"
                    WIDTH="2099"
                    HEIGHT="137"></String>
          </TextLine>
          <TextLine ID="eSc_line_9a1baa99"
                    TAGREFS="LT31"
                    BASELINE="514 2953 2602 2897" 
                    HPOS="512"
                    VPOS="2849"
                    WIDTH="2090"
                    HEIGHT="143">
            <Shape><Polygon POINTS="514 2953 514 2992 618 2975 772 2984 822 2986 825 2986 889 2981 1038 2964 1393 2964 1634 2964 1634 2961 1637 2961 1639 2961 1651 2953 1665 2947 1765 2950 1964 2956 1967 2956 1970 2956 1972 2956 1972 2953 1986 2942 1989 2939 2023 2942 2137 2950 2140 2950 2143 2950 2182 2936 2191 2933 2202 2933 2283 2947 2286 2947 2602 2919 2602 2897 2596 2858 2283 2849 2280 2849 2277 2849 2219 2866 2216 2866 2179 2852 2177 2852 2174 2852 2171 2852 2132 2869 2129 2872 1860 2877 1832 2877 1656 2866 1653 2866 1651 2866 1581 2883 1578 2883 1575 2883 1446 2872 1443 2872 1320 2891 1306 2891 1290 2891 1133 2880 1130 2880 1127 2880 1071 2897 1068 2900 800 2905 797 2905 766 2891 763 2891 761 2891 758 2891 713 2908 707 2911 512 2911 514 2953"/></Shape>
	    <String CONTENT=""
                    HPOS="512"
                    VPOS="2849"
                    WIDTH="2090"
                    HEIGHT="143"></String>
          </TextLine>
          <TextLine ID="eSc_line_e980dc3d"
                    TAGREFS="LT31"
                    BASELINE="489 3037 1385 3009 2613 2992" 
                    HPOS="486"
                    VPOS="2942"
                    WIDTH="2127"
                    HEIGHT="125">
            <Shape><Polygon POINTS="489 3037 489 3067 1343 3034 1415 3051 1421 3051 1424 3051 1427 3051 1429 3051 1483 3031 1947 3039 1984 3039 1986 3039 1989 3039 1992 3039 2054 3020 2082 3037 2084 3037 2087 3037 2090 3039 2185 3039 2185 3037 2202 3034 2331 3014 2610 3025 2613 2992 2605 2942 2129 2956 2109 2950 2076 2942 2073 2942 2070 2942 1981 2956 1944 2958 1897 2956 1751 2947 1748 2947 1746 2947 1718 2961 1709 2964 1684 2961 1611 2950 1609 2950 1606 2950 1553 2964 1539 2967 1525 2964 1469 2953 1466 2953 1357 2970 1320 2972 1295 2970 1203 2958 1200 2958 1197 2958 1194 2958 1178 2972 1155 2961 1152 2961 1150 2961 1038 2975 1013 2978 1001 2975 959 2964 957 2964 954 2964 780 2981 747 2984 719 2984 556 2972 554 2972 486 2986 489 3037"/></Shape>
	    <String CONTENT=""
                    HPOS="486"
                    VPOS="2942"
                    WIDTH="2127"
                    HEIGHT="125"></String>
          </TextLine>
          <TextLine ID="eSc_line_50d2de9b"
                    TAGREFS="LT31"
                    BASELINE="489 3104 1435 3095 1436 3095 2605 3062" 
                    HPOS="486"
                    VPOS="3023"
                    WIDTH="2119"
                    HEIGHT="117">
            <Shape><Polygon POINTS="489 3137 892 3140 895 3140 898 3140 929 3132 959 3123 1082 3129 1147 3132 1150 3132 1206 3126 1340 3115 1513 3123 1611 3126 1614 3126 1617 3126 1637 3121 1676 3109 1704 3121 1715 3123 1718 3123 1721 3123 1774 3118 1860 3109 1953 3115 2000 3118 2003 3118 2006 3118 2014 3115 2042 3101 2146 3112 2177 3115 2179 3115 2241 3112 2462 3093 2602 3104 2605 3062 2599 3023 2051 3023 2048 3023 2045 3023 2042 3023 2034 3028 2020 3039 1858 3039 1821 3034 1782 3025 1779 3025 1776 3025 1774 3025 1762 3034 1748 3042 1651 3034 1589 3031 1586 3031 1583 3031 1581 3031 1575 3037 1564 3045 1536 3037 1516 3031 1513 3031 1511 3031 1508 3031 1491 3037 1466 3048 1441 3039 1429 3034 1427 3034 1424 3034 1421 3034 1404 3039 1371 3048 1278 3039 1222 3037 1220 3037 1217 3037 1214 3037 1208 3042 1186 3053 1094 3042 1052 3039 1049 3039 1010 3045 906 3059 805 3048 775 3045 772 3045 769 3045 761 3048 730 3062 486 3053 489 3104"/></Shape>
	    <String CONTENT=""
                    HPOS="486"
                    VPOS="3023"
                    WIDTH="2119"
                    HEIGHT="117"></String>
          </TextLine>
          <TextLine ID="eSc_line_b038ec00"
                    TAGREFS="LT31"
                    BASELINE="506 3179 2647 3149" 
                    HPOS="503"
                    VPOS="3101"
                    WIDTH="2144"
                    HEIGHT="106">
            <Shape><Polygon POINTS="506 3179 506 3196 889 3207 892 3207 1052 3193 1091 3190 1124 3193 1225 3202 1228 3202 1329 3190 1365 3188 1388 3190 1438 3199 1441 3199 1516 3190 1558 3182 2647 3179 2647 3149 2641 3115 2370 3101 2367 3101 2364 3101 2361 3101 2345 3118 2045 3121 1841 3123 1835 3123 1679 3109 1676 3109 1480 3129 1466 3129 1457 3129 1368 3115 1365 3115 1292 3132 1284 3132 1248 3132 901 3121 898 3121 503 3140 506 3179"/></Shape>
	    <String CONTENT=""
                    HPOS="503"
                    VPOS="3101"
                    WIDTH="2144"
                    HEIGHT="106"></String>
          </TextLine>
          <TextLine ID="eSc_line_0ecde1f0"
                    TAGREFS="LT31"
                    BASELINE="512 3252 2630 3224" 
                    HPOS="509"
                    VPOS="3179"
                    WIDTH="2121"
                    HEIGHT="118">
            <Shape><Polygon POINTS="512 3252 512 3280 629 3294 632 3294 635 3294 666 3280 668 3280 671 3280 716 3297 719 3297 721 3297 724 3297 769 3280 780 3277 811 3280 906 3291 909 3291 999 3280 1041 3274 1071 3280 1136 3291 1138 3291 1281 3277 1390 3269 1477 3277 1555 3286 1558 3286 1561 3286 1564 3286 1564 3283 1572 3277 1586 3263 1785 3263 1928 3263 1944 3274 1947 3280 1950 3280 1953 3280 1956 3280 1992 3274 2062 3266 2624 3272 2630 3224 2624 3188 2014 3179 2012 3179 2009 3179 2006 3179 1986 3193 1984 3196 1726 3196 1693 3196 1611 3182 1609 3182 1371 3202 1354 3202 1340 3202 1178 3188 1175 3188 1172 3188 1169 3188 1141 3204 1130 3204 990 3190 987 3190 985 3190 934 3207 929 3207 912 3207 727 3193 724 3193 596 3210 593 3210 570 3196 568 3196 565 3196 562 3196 559 3196 509 3210 512 3252"/></Shape>
	    <String CONTENT=""
                    HPOS="509"
                    VPOS="3179"
                    WIDTH="2121"
                    HEIGHT="118"></String>
          </TextLine>
        </TextBlock>
        <TextBlock HPOS="88"
                   VPOS="67"
                   WIDTH="273"
                   HEIGHT="140"
                   ID="eSc_textblock_d83c9ba7"
                   TAGREFS="BT44">
          <Shape><Polygon POINTS="88 67 88 207 361 207 361 67"/></Shape>
        </TextBlock>
        <TextBlock ID="eSc_dummyblock_">
          <TextLine ID="eSc_line_41493b09"
                    TAGREFS="LT31"
                    BASELINE="149 144 342 169" 
                    HPOS="167"
                    VPOS="95"
                    WIDTH="160"
                    HEIGHT="148">
            <Shape><Polygon POINTS="277 114 249 111 221 106 193 100 167 137 170 159 173 223 327 243 324 148 319 95 307 95 307 148"/></Shape>
	    <String CONTENT=""
                    HPOS="167"
                    VPOS="95"
                    WIDTH="160"
                    HEIGHT="148"></String>
          </TextLine>
        </TextBlock>
      </PrintSpace>
    </Page>
  </Layout>
</alto>
