<?xml version="1.0" encoding="UTF-8"?>
<alto xmlns:xsi="http://www.w3.org/2001/XMLSchema-instance"
      xmlns="http://www.loc.gov/standards/alto/ns-v4#"
      xsi:schemaLocation="http://www.loc.gov/standards/alto/ns-v4# http://www.loc.gov/standards/alto/v4/alto-4-2.xsd">
  <Description>
    <MeasurementUnit>pixel</MeasurementUnit>
    <sourceImageInformation>
      <fileName>ARCH-DIV-000496_0217.png</fileName>
    </sourceImageInformation>
  </Description>
  <Tags>
    <OtherTag ID="BT42" LABEL="MainZone" DESCRIPTION="block type MainZone"/><OtherTag ID="BT43" LABEL="MarginTextZone" DESCRIPTION="block type MarginTextZone"/><OtherTag ID="BT44" LABEL="NumberingZone" DESCRIPTION="block type NumberingZone"/><OtherTag ID="BT45" LABEL="TitlePageZone" DESCRIPTION="block type TitlePageZone"/><OtherTag ID="BT46" LABEL="CustomZone:Numbering" DESCRIPTION="block type CustomZone:Numbering"/><OtherTag ID="BT49" LABEL="MarginTextZone:lower" DESCRIPTION="block type MarginTextZone:lower"/>
    <OtherTag ID="LT25" LABEL="default" DESCRIPTION="line type default"/><OtherTag ID="LT31" LABEL="DefaultLine" DESCRIPTION="line type DefaultLine"/><OtherTag ID="LT32" LABEL="HeadingLine" DESCRIPTION="line type HeadingLine"/><OtherTag ID="LT33" LABEL="InterlinearLine:addition" DESCRIPTION="line type InterlinearLine:addition"/><OtherTag ID="LT34" LABEL="InterlinearLine:correction" DESCRIPTION="line type InterlinearLine:correction"/>
  </Tags>
  <Layout>
    <Page WIDTH="2790"
          HEIGHT="3349"
          PHYSICAL_IMG_NR="216"
          ID="eSc_dummypage_">
      <PrintSpace HPOS="0"
                  VPOS="0"
                  WIDTH="2790"
                  HEIGHT="3349">
        <TextBlock HPOS="549"
                   VPOS="28"
                   WIDTH="2214"
                   HEIGHT="3321"
                   ID="7465f581-19f1-4919-ae6f-1a9459a25355"
                   TAGREFS="BT42">
          <Shape><Polygon POINTS="2763 28 2763 3349 575 3349 579 3230 809 3216 824 3178 579 3176 549 28"/></Shape>
          <TextLine ID="eSc_line_602b629e"
                    TAGREFS="LT31"
                    BASELINE="698 117 1552 106 2731 139" 
                    HPOS="695"
                    VPOS="58"
                    WIDTH="2036"
                    HEIGHT="109">
            <Shape><Polygon POINTS="2706 108 2678 108 2650 108 2622 106 2594 106 2566 106 2538 106 2510 103 2482 103 2454 103 2426 100 2399 100 2371 100 2343 100 2315 97 2287 97 2259 97 2231 97 2203 94 2175 94 2147 94 2119 92 2091 92 2063 92 2035 92 2008 89 1980 89 1952 89 1924 89 1896 86 1868 86 1840 86 1812 83 1784 83 1756 83 1728 83 1700 80 1672 80 1644 80 1617 80 1589 78 1561 78 1533 78 1505 75 1477 75 1449 75 1438 75 1435 75 1429 75 1421 75 1393 72 1365 72 1337 72 1309 69 1281 69 1253 69 1245 69 1220 72 1212 72 1200 72 1139 66 1114 66 1086 64 1058 64 1030 64 1002 61 991 61 963 69 960 69 949 61 946 61 918 61 904 58 885 66 698 66 698 117 695 131 2725 167 2731 139 2728 108 2706 108"/></Shape>
	    <String CONTENT="sent le inveau de la sculpture romantique et declamatoire de"
                    HPOS="695"
                    VPOS="58"
                    WIDTH="2036"
                    HEIGHT="109"
                    WC="0.9987467209498088"></String>
          </TextLine>
          <TextLine ID="eSc_line_60b73702"
                    TAGREFS="LT31"
                    BASELINE="681 195 1510 181 2703 200" 
                    HPOS="681"
                    VPOS="128"
                    WIDTH="2022"
                    HEIGHT="106">
            <Shape><Polygon POINTS="2633 139 2628 136 2591 153 2513 142 2510 142 2507 142 2471 153 2463 159 2206 159 2192 153 2158 142 2156 142 2153 142 2055 153 2041 153 2038 153 2019 136 2019 133 2016 133 2013 133 2010 133 1871 150 1851 153 1843 150 1795 136 1792 136 1790 136 1703 147 1530 131 1527 131 1418 147 1376 131 1374 131 1195 128 1027 128 1024 128 1022 128 1019 128 994 147 949 133 946 133 943 133 941 133 938 133 924 147 921 147 681 147 681 195 681 220 1195 209 1334 226 1348 226 1351 226 1374 226 1577 212 1711 228 1731 228 1734 228 1773 228 2016 214 2058 228 2061 228 2063 228 2069 228 2186 217 2225 231 2231 231 2234 231 2237 234 2700 234 2703 200 2703 156 2653 139 2633 139"/></Shape>
	    <String CONTENT="temps et la Sonaies parallelisme est compl et entre elles et les grandes"
                    HPOS="681"
                    VPOS="128"
                    WIDTH="2022"
                    HEIGHT="106"
                    WC="0.9679338037967682"></String>
          </TextLine>
          <TextLine ID="eSc_line_364b109f"
                    TAGREFS="LT31"
                    BASELINE="684 259 2700 267" 
                    HPOS="681"
                    VPOS="223"
                    WIDTH="2019"
                    HEIGHT="81">
            <Shape><Polygon POINTS="684 259 681 279 784 298 787 298 997 284 1033 281 1061 284 1181 298 1184 298 1340 287 1382 284 1530 284 1538 287 1555 301 1558 301 1561 301 1563 301 1619 290 1642 284 1670 290 1720 301 1723 301 1857 293 1927 287 1963 293 2030 304 2033 304 2035 304 2038 304 2055 293 2066 287 2139 295 2209 301 2211 301 2214 301 2231 295 2242 290 2250 295 2262 304 2264 304 2267 304 2270 304 2309 295 2340 290 2373 295 2412 304 2415 304 2697 298 2700 267 2697 223 684 223 684 259"/></Shape>
	    <String CONTENT="compositions historiques des Woppers et des Clipenaar. &lt;.&gt; quelques"
                    HPOS="681"
                    VPOS="223"
                    WIDTH="2019"
                    HEIGHT="81"
                    WC="0.9941076805342489"></String>
          </TextLine>
          <TextLine ID="eSc_line_349ce0b5"
                    TAGREFS="LT31"
                    BASELINE="670 323 2706 337" 
                    HPOS="667"
                    VPOS="273"
                    WIDTH="2039"
                    HEIGHT="100">
            <Shape><Polygon POINTS="667 346 812 362 815 362 1013 351 1044 351 2700 373 2706 337 2703 295 1580 295 1508 281 1485 279 1482 279 1421 281 1184 290 1030 276 1016 276 1013 276 994 276 734 287 673 273 670 323 667 346"/></Shape>
	    <String CONTENT="unes. pourtiant comme Le Lropord I es on le Belliard de Geefs (+1823)"
                    HPOS="667"
                    VPOS="273"
                    WIDTH="2039"
                    HEIGHT="100"
                    WC="0.9738340533297994"></String>
          </TextLine>
          <TextLine ID="eSc_line_36f6faa2"
                    TAGREFS="LT31"
                    BASELINE="667 399 2119 399 2717 418" 
                    HPOS="667"
                    VPOS="343"
                    WIDTH="2050"
                    HEIGHT="103">
            <Shape><Polygon POINTS="667 399 667 432 781 418 821 435 823 435 826 435 829 435 832 435 835 435 890 418 952 435 963 438 966 438 969 438 985 435 1055 421 1100 435 1105 438 1108 438 1111 438 1186 435 1494 426 1552 438 1569 440 1572 440 1600 438 1742 424 1790 440 1792 440 1795 440 1798 440 1801 440 1804 440 1832 424 1996 424 2114 438 2116 438 2119 438 2147 426 2172 440 2172 443 2175 443 2178 443 2181 443 2203 440 2315 429 2362 443 2365 443 2368 443 2371 443 2373 443 2379 443 2432 429 2463 443 2466 443 2468 446 2714 446 2717 418 2714 371 2471 371 2463 365 2424 351 2421 351 2418 351 2323 365 2290 368 2281 362 2264 351 2262 351 2259 351 2256 351 2253 351 2217 362 2206 365 2170 362 2041 348 2038 348 1851 357 1695 365 1653 354 1628 348 1625 348 1622 348 1619 348 1600 354 1566 365 1544 354 1527 346 1524 346 1522 346 1519 346 1496 354 1469 362 1265 348 1186 346 1184 346 1181 346 1178 346 1175 348 1150 365 963 365 943 346 941 346 941 343 938 343 935 343 667 343 667 399"/></Shape>
	    <String CONTENT="jout présager o affranchissement prochain dont à partir. des envirer"
                    HPOS="667"
                    VPOS="343"
                    WIDTH="2050"
                    HEIGHT="103"
                    WC="0.9925598407137222"></String>
          </TextLine>
          <TextLine ID="eSc_line_d808bd27"
                    TAGREFS="LT34"
                    BASELINE="1175 374 1230 369" 
                    HPOS="1175"
                    VPOS="369"
                    WIDTH="55"
                    HEIGHT="5">
	    <String CONTENT=""
                    HPOS="1175"
                    VPOS="369"
                    WIDTH="55"
                    HEIGHT="5"></String>
          </TextLine>
          <TextLine ID="eSc_line_bce5cea6"
                    TAGREFS="LT31"
                    BASELINE="673 468 2672 474" 
                    HPOS="670"
                    VPOS="415"
                    WIDTH="2002"
                    HEIGHT="90">
            <Shape><Polygon POINTS="673 468 670 499 2667 505 2672 474 2669 435 1700 435 1617 424 1563 418 1561 418 1365 421 876 429 673 415 673 468"/></Shape>
	    <String CONTENT="de 1860, les Paul de Vigne, les van des Stoppen, les Dilleus, les Vin cotte"
                    HPOS="670"
                    VPOS="415"
                    WIDTH="2002"
                    HEIGHT="90"
                    WC="0.9938205432891846"></String>
          </TextLine>
          <TextLine ID="eSc_line_7c239deb"
                    TAGREFS="LT31"
                    BASELINE="673 541 2720 533" 
                    HPOS="670"
                    VPOS="493"
                    WIDTH="2050"
                    HEIGHT="70">
            <Shape><Polygon POINTS="673 541 673 563 2717 563 2720 533 2711 493 670 499 673 541"/></Shape>
	    <String CONTENT="les Mignon et les De Grooté seront les prinapaux artisans. &lt;.....&gt;"
                    HPOS="670"
                    VPOS="493"
                    WIDTH="2050"
                    HEIGHT="70"
                    WC="0.9730956825343046"></String>
          </TextLine>
          <TextLine ID="eSc_line_057de580"
                    TAGREFS="LT31"
                    BASELINE="678 602 2736 611" 
                    HPOS="675"
                    VPOS="563"
                    WIDTH="2061"
                    HEIGHT="81">
            <Shape><Polygon POINTS="678 602 675 636 2731 644 2736 611 2736 563 678 563 678 602"/></Shape>
	    <String CONTENT="&lt;.......... .... . .. .. .. .. ...&gt;"
                    HPOS="675"
                    VPOS="563"
                    WIDTH="2061"
                    HEIGHT="81"
                    WC="0.8830828087670463"></String>
          </TextLine>
          <TextLine ID="eSc_line_6d27fff8"
                    TAGREFS="LT31"
                    BASELINE="670 678 2681 669" 
                    HPOS="667"
                    VPOS="616"
                    WIDTH="2014"
                    HEIGHT="87">
            <Shape><Polygon POINTS="670 678 670 703 2678 703 2681 669 2675 633 2066 633 2030 616 2027 616 2024 616 1871 633 1857 633 1809 633 1340 619 1337 619 1256 633 1237 639 815 639 812 633 798 622 795 622 793 622 790 622 667 633 670 678"/></Shape>
	    <String CONTENT="Nosonaia (243( 1903). Puis tout à coup. c’est, coineivant avec le pre"
                    HPOS="667"
                    VPOS="616"
                    WIDTH="2014"
                    HEIGHT="87"
                    WC="0.981874007838113"></String>
          </TextLine>
          <TextLine ID="eSc_line_864dbd86"
                    TAGREFS="LT31"
                    BASELINE="670 753 2736 733" 
                    HPOS="667"
                    VPOS="683"
                    WIDTH="2069"
                    HEIGHT="95">
            <Shape><Polygon POINTS="670 753 670 773 1544 778 1547 778 1798 770 2197 759 2404 770 2435 770 2438 770 2454 770 2580 756 2731 767 2736 733 2731 697 2228 683 2225 683 2133 700 1904 686 1901 686 1899 686 1834 703 1737 689 1734 689 1731 689 1728 689 1711 703 1432 692 1429 692 1427 692 1374 706 1259 692 1256 692 667 714 670 753"/></Shape>
	    <String CONTENT="mier deui siècle de l&#x27;existence nationale, la rivilation du genie de"
                    HPOS="667"
                    VPOS="683"
                    WIDTH="2069"
                    HEIGHT="95"
                    WC="0.9888698476202348"></String>
          </TextLine>
          <TextLine ID="eSc_line_9fda66e0"
                    TAGREFS="LT31"
                    BASELINE="670 817 1524 823 2717 803" 
                    HPOS="667"
                    VPOS="750"
                    WIDTH="2050"
                    HEIGHT="115">
            <Shape><Polygon POINTS="670 817 670 865 756 845 930 862 938 862 941 862 943 862 946 862 1016 842 1172 856 1175 856 1262 842 1304 856 1309 859 1312 859 1315 859 1695 853 1698 853 1700 853 1700 851 1728 837 1924 848 1971 851 1974 851 2008 848 2122 834 2142 845 2147 851 2150 851 2153 851 2156 851 2223 845 2365 831 2711 837 2717 803 2711 750 2614 750 2611 750 2608 750 2605 750 2572 770 2354 759 2351 759 1795 775 1776 764 1767 761 1765 761 1762 761 1759 761 1745 767 1714 775 1695 767 1675 759 1672 759 1670 759 1667 759 1644 767 1619 781 1156 781 1108 778 994 764 991 764 988 764 930 781 921 781 896 781 692 767 689 767 687 767 684 767 667 778 670 817"/></Shape>
	    <String CONTENT="Constantin-Menier (1831-1905). Dans ce grand pentre dévenu un"
                    HPOS="667"
                    VPOS="750"
                    WIDTH="2050"
                    HEIGHT="115"
                    WC="0.9929309304683439"></String>
          </TextLine>
          <TextLine ID="eSc_line_c6f976e6"
                    TAGREFS="LT31"
                    BASELINE="678 898 1656 898 2728 865" 
                    HPOS="678"
                    VPOS="820"
                    WIDTH="2050"
                    HEIGHT="126">
            <Shape><Polygon POINTS="678 929 835 946 837 946 966 929 1005 923 1033 926 1089 937 1091 937 1237 926 1340 918 1365 923 1399 934 1401 934 1404 934 1597 923 1728 915 1753 920 1781 929 1784 929 1787 929 2147 923 2270 918 2641 895 2725 912 2728 865 2720 820 2569 837 2491 823 2485 823 2482 823 2480 823 2477 823 2407 842 2122 845 2027 831 2024 831 2021 831 1974 848 1879 837 1876 837 1326 859 1240 845 1237 845 1136 859 1005 848 1002 848 999 848 957 865 678 853 678 898 678 929"/></Shape>
	    <String CONTENT="plus grand seulplens, d&#x27;exprime &lt;.......... . ......"
                    HPOS="678"
                    VPOS="820"
                    WIDTH="2050"
                    HEIGHT="126"
                    WC="0.9140280989500192"></String>
          </TextLine>
          <TextLine ID="eSc_line_f4d005ac"
                    TAGREFS="LT31"
                    BASELINE="661 974 2703 951" 
                    HPOS="659"
                    VPOS="898"
                    WIDTH="2044"
                    HEIGHT="115">
            <Shape><Polygon POINTS="661 974 661 1013 2700 987 2703 951 2695 912 2524 915 2513 912 2477 898 2474 898 2471 898 2407 912 2382 918 2320 912 2206 904 2203 904 2200 904 2197 904 2186 915 2175 923 2083 923 2075 915 2066 907 2063 907 2061 907 1932 904 1929 904 1927 904 1901 915 1887 923 1818 918 1739 909 1737 909 1734 909 1703 918 1670 926 659 926 661 974"/></Shape>
	    <String CONTENT="ce que la Belgique contemporame a créé de plus fort et de plus expres"
                    HPOS="659"
                    VPOS="898"
                    WIDTH="2044"
                    HEIGHT="115"
                    WC="0.9927258914795475"></String>
          </TextLine>
          <TextLine ID="eSc_line_3b3e6496"
                    TAGREFS="LT31"
                    BASELINE="659 1046 2675 1024" 
                    HPOS="656"
                    VPOS="968"
                    WIDTH="2019"
                    HEIGHT="114">
            <Shape><Polygon POINTS="659 1046 659 1068 720 1082 723 1082 726 1082 728 1082 745 1068 748 1068 862 1068 868 1068 888 1082 890 1082 893 1082 896 1082 899 1082 902 1082 902 1080 913 1068 918 1066 2672 1066 2675 1024 2664 968 2591 985 2290 974 2281 974 2278 974 2276 974 2156 990 1949 976 1910 976 1907 976 1904 976 1901 976 1899 979 1873 993 1600 982 1541 982 1538 982 1536 982 1533 982 1530 985 1510 999 656 999 659 1046"/></Shape>
	    <String CONTENT="sif à la fois, son industrie. Rénde &lt;... ..i..&gt;, Aucune vislé"
                    HPOS="656"
                    VPOS="968"
                    WIDTH="2019"
                    HEIGHT="114"
                    WC="0.9577389570974535"></String>
          </TextLine>
          <TextLine ID="eSc_line_9bfe8783"
                    TAGREFS="LT31"
                    BASELINE="656 1119 2689 1094" 
                    HPOS="653"
                    VPOS="1046"
                    WIDTH="2036"
                    HEIGHT="109">
            <Shape><Polygon POINTS="656 1119 656 1141 826 1141 829 1141 865 1155 868 1155 871 1155 874 1155 876 1155 876 1152 890 1141 893 1138 930 1141 1080 1152 1083 1152 1161 1138 1189 1135 1226 1138 1329 1149 1332 1149 1731 1135 2041 1124 2683 1127 2689 1094 2683 1057 2295 1046 2292 1046 2290 1046 2259 1060 2072 1052 2069 1052 1915 1066 1907 1066 1899 1066 1779 1052 1776 1052 1401 1071 1326 1057 1323 1057 1320 1057 1273 1074 1270 1074 1267 1074 1198 1060 1195 1060 1086 1077 1078 1077 1066 1077 871 1063 868 1063 765 1080 678 1066 675 1066 673 1066 670 1066 653 1074 656 1119"/></Shape>
	    <String CONTENT="sociale &lt;.. ..... .....&gt; d&#x27;ailleurs dans cet artiste qui n&#x27;a"
                    HPOS="653"
                    VPOS="1046"
                    WIDTH="2036"
                    HEIGHT="109"
                    WC="0.9624323099851608"></String>
          </TextLine>
          <TextLine ID="eSc_line_81113df5"
                    TAGREFS="LT31"
                    BASELINE="656 1197 2675 1166" 
                    HPOS="653"
                    VPOS="1116"
                    WIDTH="2022"
                    HEIGHT="117">
            <Shape><Polygon POINTS="656 1197 656 1219 899 1216 907 1219 935 1233 938 1233 941 1233 943 1233 946 1233 969 1219 977 1214 1206 1211 1253 1216 1320 1227 1323 1227 1326 1227 1362 1216 1393 1208 1424 1216 1452 1225 1455 1225 1457 1225 1709 1214 1949 1205 2197 1211 2290 1214 2292 1214 2329 1211 2538 1191 2669 1208 2675 1166 2672 1133 2641 1116 2639 1116 2636 1116 2485 1133 2482 1133 2354 1119 2351 1119 2348 1119 2306 1135 2301 1138 653 1144 656 1197"/></Shape>
	    <String CONTENT="voulu, être et n&#x27;a été qu&#x27;artiste. Sa grandeur est d&#x27;avoir saise la"
                    HPOS="653"
                    VPOS="1116"
                    WIDTH="2022"
                    HEIGHT="117"
                    WC="0.9971600477375201"></String>
          </TextLine>
          <TextLine ID="eSc_line_6313ccce"
                    TAGREFS="LT34"
                    BASELINE="692 1234 888 1237" 
                    HPOS="692"
                    VPOS="1234"
                    WIDTH="196"
                    HEIGHT="3">
	    <String CONTENT=""
                    HPOS="692"
                    VPOS="1234"
                    WIDTH="196"
                    HEIGHT="3"></String>
          </TextLine>
          <TextLine ID="eSc_line_1de5ef2f"
                    TAGREFS="LT31"
                    BASELINE="642 1269 1868 1261 2700 1239" 
                    HPOS="639"
                    VPOS="1194"
                    WIDTH="2061"
                    HEIGHT="100">
            <Shape><Polygon POINTS="642 1269 642 1294 2128 1289 2214 1272 2223 1272 2237 1272 2385 1283 2387 1283 2390 1283 2393 1283 2412 1269 2415 1267 2700 1264 2700 1239 2692 1197 2368 1211 2290 1200 2256 1194 2253 1194 2250 1194 2231 1200 2178 1214 2147 1200 2139 1197 2136 1197 2133 1197 2130 1197 2128 1197 2128 1200 2125 1200 2108 1219 1482 1225 1385 1211 1382 1211 1379 1211 1376 1211 1360 1227 1251 1227 1209 1208 1206 1208 1203 1208 1200 1208 1156 1227 971 1211 969 1211 966 1211 963 1211 938 1230 885 1211 882 1211 879 1211 639 1211 642 1269"/></Shape>
	    <String CONTENT="&lt;&gt; faronche et tragique de cette industrie &lt;.... .. ........&gt;"
                    HPOS="639"
                    VPOS="1194"
                    WIDTH="2061"
                    HEIGHT="100"
                    WC="0.9618823518518542"></String>
          </TextLine>
          <TextLine ID="eSc_line_237de55b"
                    TAGREFS="LT31"
                    BASELINE="661 1342 2714 1311" 
                    HPOS="659"
                    VPOS="1261"
                    WIDTH="2055"
                    HEIGHT="114">
            <Shape><Polygon POINTS="661 1342 661 1375 1033 1356 1167 1367 1170 1367 1410 1350 1536 1361 1538 1361 1963 1359 1966 1356 1968 1356 2008 1342 2709 1345 2714 1311 2703 1261 2658 1275 2329 1269 2167 1267 2164 1267 2061 1275 1929 1286 1871 1280 1812 1272 1809 1272 1806 1272 1787 1280 1773 1289 1709 1283 1619 1275 1617 1275 1614 1275 1611 1275 1597 1286 1586 1292 1474 1289 1240 1280 1237 1280 1234 1280 1231 1280 1217 1294 1214 1297 1206 1294 1167 1283 1164 1283 1161 1283 1024 1300 1005 1300 999 1300 960 1286 957 1286 955 1286 874 1300 737 1289 734 1289 659 1306 661 1342"/></Shape>
	    <String CONTENT="qu&#x27;il a renduetout d&#x27;abord par la couleus avant de la couler dans le"
                    HPOS="659"
                    VPOS="1261"
                    WIDTH="2055"
                    HEIGHT="114"
                    WC="0.9916999129688039"></String>
          </TextLine>
          <TextLine ID="eSc_line_c0604dab"
                    TAGREFS="LT31"
                    BASELINE="642 1412 2717 1373" 
                    HPOS="639"
                    VPOS="1322"
                    WIDTH="2078"
                    HEIGHT="129">
            <Shape><Polygon POINTS="642 1412 642 1437 784 1451 787 1451 790 1451 793 1451 809 1434 812 1434 818 1434 882 1445 885 1445 888 1445 924 1434 941 1426 1240 1423 1253 1426 1295 1440 1298 1440 1301 1440 1393 1423 1424 1420 1452 1423 1547 1434 1550 1434 1552 1434 1555 1434 1577 1420 1583 1417 1633 1420 1823 1431 1826 1431 1829 1431 1871 1414 1873 1414 1896 1414 2119 1426 2122 1426 2717 1398 2717 1373 2709 1322 2401 1345 2164 1345 2130 1334 2116 1328 2114 1328 2111 1328 2066 1334 1954 1350 1678 1342 1642 1342 1639 1342 1622 1342 1510 1359 1491 1345 1488 1342 1485 1342 1482 1342 1480 1342 1449 1347 1365 1361 1270 1350 1220 1345 1217 1345 1091 1347 1089 1347 1075 1353 1052 1367 949 1356 904 1353 902 1353 862 1359 768 1373 639 1364 642 1412"/></Shape>
	    <String CONTENT="bronge. Il a sculpté les puddleurs et les forgerons du Gainant, les détardeurs"
                    HPOS="639"
                    VPOS="1322"
                    WIDTH="2078"
                    HEIGHT="129"
                    WC="0.9857732913432977"></String>
          </TextLine>
          <TextLine ID="eSc_line_aa1d71a2"
                    TAGREFS="LT31"
                    BASELINE="639 1487 2728 1442" 
                    HPOS="636"
                    VPOS="1406"
                    WIDTH="2092"
                    HEIGHT="115">
            <Shape><Polygon POINTS="639 1487 639 1507 765 1521 768 1521 888 1504 910 1501 985 1501 1399 1507 1401 1507 1524 1490 1552 1487 1577 1490 1667 1501 1670 1501 1672 1501 1675 1501 1689 1487 1695 1484 1714 1487 1809 1498 1812 1498 2038 1479 2102 1476 2150 1479 2323 1487 2326 1487 2728 1465 2728 1442 2720 1406 1932 1409 1929 1409 1927 1409 1907 1423 1904 1423 1885 1423 1759 1414 1756 1414 1678 1426 1661 1428 1647 1428 1566 1417 1563 1417 1415 1431 1393 1434 1376 1434 1276 1423 1273 1423 1270 1423 1237 1437 1234 1437 1214 1437 1061 1428 1058 1428 636 1448 639 1487"/></Shape>
	    <String CONTENT="des quais d&#x27;Auvers, les ouvriers agricoles de la Flandre on de la Gesbage con¬"
                    HPOS="636"
                    VPOS="1406"
                    WIDTH="2092"
                    HEIGHT="115"
                    WC="0.9915435039080106"></String>
          </TextLine>
          <TextLine ID="eSc_line_3528daaa"
                    TAGREFS="LT31"
                    BASELINE="628 1574 1055 1548 2734 1521" 
                    HPOS="625"
                    VPOS="1470"
                    WIDTH="2109"
                    HEIGHT="123">
            <Shape><Polygon POINTS="628 1574 628 1593 977 1576 1111 1587 1117 1587 1119 1587 1122 1587 1212 1571 1589 1579 1630 1579 1633 1579 1650 1579 1804 1560 2734 1560 2734 1521 2725 1470 2505 1487 2482 1476 2477 1470 2474 1470 2471 1470 2382 1470 2379 1470 2376 1470 2359 1479 2340 1490 2209 1493 2136 1484 2069 1476 2066 1476 2063 1476 2041 1487 2021 1495 1982 1487 1935 1479 1932 1479 1929 1479 1901 1490 1879 1498 1787 1493 1658 1484 1656 1484 1547 1498 1482 1507 1362 1504 1117 1495 1114 1495 1111 1495 1108 1495 1089 1509 1086 1512 1080 1509 1055 1501 1052 1501 1050 1501 1047 1501 1005 1512 991 1515 957 1512 787 1501 784 1501 781 1501 748 1518 742 1523 625 1523 628 1574"/></Shape>
	    <String CONTENT="me les Grucs sculpterent lerr athlètes, c&#x27;est à̀ dire comme les expressions"
                    HPOS="625"
                    VPOS="1470"
                    WIDTH="2109"
                    HEIGHT="123"
                    WC="0.9758496427536011"></String>
          </TextLine>
          <TextLine ID="eSc_line_a946966d"
                    TAGREFS="LT31"
                    BASELINE="639 1643 1016 1618 2692 1599" 
                    HPOS="636"
                    VPOS="1551"
                    WIDTH="2056"
                    HEIGHT="112">
            <Shape><Polygon POINTS="639 1643 639 1663 1027 1641 1192 1654 1195 1654 1198 1654 1248 1638 1413 1652 1415 1652 1418 1652 1432 1652 2005 1627 2111 1641 2114 1641 2295 1627 2348 1638 2351 1638 2354 1638 2357 1638 2396 1621 2426 1635 2429 1635 2432 1635 2689 1632 2692 1599 2683 1551 2359 1568 2195 1560 2100 1557 2097 1557 2094 1557 2091 1557 2083 1562 2072 1571 2052 1562 2033 1557 2030 1557 2027 1557 1985 1565 1943 1574 1756 1571 1516 1565 1513 1565 1510 1565 1485 1576 1477 1579 1466 1576 1421 1565 1418 1565 1415 1565 1262 1582 1214 1585 1150 1582 893 1574 890 1574 888 1574 885 1574 862 1590 636 1593 639 1643"/></Shape>
	    <String CONTENT="d&#x27;une beauté encore inapereue. &lt;.&gt; De même que les payragis¬"
                    HPOS="636"
                    VPOS="1551"
                    WIDTH="2056"
                    HEIGHT="112"
                    WC="0.9783780932426452"></String>
          </TextLine>
          <TextLine ID="eSc_line_6893ffe7"
                    TAGREFS="LT34"
                    BASELINE="2299 1645 2555 1645" 
                    HPOS="2299"
                    VPOS="1645"
                    WIDTH="256"
                    HEIGHT="0">
	    <String CONTENT=""
                    HPOS="2299"
                    VPOS="1645"
                    WIDTH="256"
                    HEIGHT="0"></String>
          </TextLine>
          <TextLine ID="eSc_line_b9fc1ec5"
                    TAGREFS="LT31"
                    BASELINE="633 1707 2695 1668" 
                    HPOS="631"
                    VPOS="1618"
                    WIDTH="2064"
                    HEIGHT="123">
            <Shape><Polygon POINTS="633 1707 633 1727 751 1741 754 1741 756 1741 759 1741 779 1727 784 1721 1186 1719 1192 1721 1212 1733 1214 1733 1217 1733 1220 1733 1323 1719 1374 1713 1460 1716 1597 1724 1600 1724 1647 1716 1672 1710 1717 1713 1804 1721 1806 1721 1885 1710 1940 1705 2008 1710 2086 1716 2089 1716 2172 1707 2284 1696 2692 1699 2695 1668 2689 1635 2399 1618 2396 1618 2164 1638 2097 1643 1991 1641 1832 1635 1829 1635 1703 1643 1569 1652 1544 1643 1524 1638 1522 1638 1519 1638 1516 1638 1513 1638 1513 1641 1508 1646 1502 1649 1496 1646 1491 1641 1488 1641 1485 1641 1482 1641 1438 1646 1365 1654 1329 1646 1304 1641 1301 1641 1298 1641 1181 1649 924 1666 807 1652 779 1649 776 1649 773 1649 770 1649 768 1652 745 1668 631 1654 633 1707"/></Shape>
	    <String CONTENT="tes flamands intesprètent le gittores que des fosmes, il &lt;.... ....&gt;"
                    HPOS="631"
                    VPOS="1618"
                    WIDTH="2064"
                    HEIGHT="123"
                    WC="0.9252998110126046"></String>
          </TextLine>
          <TextLine ID="eSc_line_8989600c"
                    TAGREFS="LT34"
                    BASELINE="2067 1723 2330 1714" 
                    HPOS="2067"
                    VPOS="1714"
                    WIDTH="263"
                    HEIGHT="9">
	    <String CONTENT=""
                    HPOS="2067"
                    VPOS="1714"
                    WIDTH="263"
                    HEIGHT="9"></String>
          </TextLine>
          <TextLine ID="eSc_line_61775d11"
                    TAGREFS="LT31"
                    BASELINE="639 1780 2692 1735" 
                    HPOS="636"
                    VPOS="1685"
                    WIDTH="2056"
                    HEIGHT="117">
            <Shape><Polygon POINTS="639 1780 639 1802 2689 1769 2692 1735 2686 1699 2304 1685 2301 1685 2089 1691 2086 1691 2030 1710 1988 1694 1985 1694 1982 1694 1664 1719 1642 1702 1639 1702 1636 1702 1633 1702 1630 1702 1566 1719 1482 1705 1480 1705 1477 1705 1438 1721 1279 1707 1276 1707 1273 1707 1228 1730 997 1733 946 1716 943 1716 941 1716 938 1716 888 1738 756 1738 731 1724 728 1724 726 1724 723 1724 636 1741 639 1780"/></Shape>
	    <String CONTENT="celui des laminoirs et des charbonnages, l&#x27;effort Qurqutjooque des cops"
                    HPOS="636"
                    VPOS="1685"
                    WIDTH="2056"
                    HEIGHT="117"
                    WC="0.962405844893254"></String>
          </TextLine>
          <TextLine ID="eSc_line_5785a091"
                    TAGREFS="LT31"
                    BASELINE="636 1850 2591 1800" 
                    HPOS="633"
                    VPOS="1761"
                    WIDTH="1958"
                    HEIGHT="117">
            <Shape><Polygon POINTS="636 1850 636 1878 2588 1836 2591 1800 2586 1761 2044 1761 2041 1761 1935 1774 1918 1777 1904 1777 1834 1766 1832 1766 1829 1766 1790 1780 1784 1780 1731 1780 1365 1780 1362 1780 1295 1791 1279 1794 1265 1794 1192 1783 1189 1783 1186 1783 1184 1783 1167 1797 1164 1797 1153 1797 1066 1786 1064 1786 633 1808 636 1850"/></Shape>
	    <String CONTENT="nerveux et déformés autour de la coulée de l&#x27;acier, la ...dne"
                    HPOS="633"
                    VPOS="1761"
                    WIDTH="1958"
                    HEIGHT="117"
                    WC="0.9774964246593538"></String>
          </TextLine>
          <TextLine ID="eSc_line_5f68a8cd"
                    TAGREFS="LT34"
                    BASELINE="674 1895 1060 1886" 
                    HPOS="674"
                    VPOS="1886"
                    WIDTH="386"
                    HEIGHT="9">
	    <String CONTENT=""
                    HPOS="674"
                    VPOS="1886"
                    WIDTH="386"
                    HEIGHT="9"></String>
          </TextLine>
          <TextLine ID="eSc_line_b9b20b25"
                    TAGREFS="LT31"
                    BASELINE="642 1925 2692 1872" 
                    HPOS="639"
                    VPOS="1819"
                    WIDTH="2053"
                    HEIGHT="142">
            <Shape><Polygon POINTS="642 1925 642 1961 773 1945 1030 1950 1066 1950 1069 1950 1111 1948 1399 1925 1441 1939 1446 1939 1449 1939 1452 1939 1455 1939 1463 1936 1513 1922 1790 1928 1907 1928 1910 1928 1966 1922 2049 1911 2100 1917 2147 1922 2150 1922 2225 1914 2290 1906 2320 1911 2362 1917 2365 1917 2368 1917 2371 1917 2379 1908 2387 1900 2407 1908 2424 1914 2426 1914 2429 1914 2692 1897 2692 1872 2686 1833 2566 1819 2563 1819 2466 1836 2401 1819 2399 1819 2396 1819 2393 1819 2329 1841 2323 1841 2309 1841 2209 1830 2206 1830 2203 1830 2200 1830 2186 1844 2153 1833 2150 1833 2147 1833 2041 1847 2038 1847 1994 1833 1991 1833 1988 1833 1985 1833 1938 1850 1929 1853 1907 1850 1770 1836 1767 1836 1765 1836 1700 1855 1689 1861 1550 1861 1547 1861 1524 1844 1522 1844 1519 1844 1516 1844 1513 1844 1457 1861 1452 1864 1429 1844 1427 1844 1424 1844 1421 1844 1418 1844 1379 1864 1371 1869 1178 1872 1164 1869 1122 1858 1119 1858 1117 1858 1114 1858 1072 1872 1061 1875 1058 1872 1033 1855 1030 1855 1027 1855 966 1855 963 1855 681 1864 678 1864 639 1878 642 1925"/></Shape>
	    <String CONTENT="&lt;.. ....&gt; des métalliesgistes aux jamtes bardées de"
                    HPOS="639"
                    VPOS="1819"
                    WIDTH="2053"
                    HEIGHT="142"
                    WC="0.9650642766672022"></String>
          </TextLine>
          <TextLine ID="eSc_line_fafd9667"
                    TAGREFS="LT31"
                    BASELINE="639 1992 2337 1961 2697 1967" 
                    HPOS="636"
                    VPOS="1908"
                    WIDTH="2061"
                    HEIGHT="112">
            <Shape><Polygon POINTS="639 1992 639 2020 1156 2003 1256 2012 1304 2017 1307 2017 1362 2012 1485 1998 1547 2009 1566 2012 1569 2012 1605 2009 1723 1995 1751 2006 1759 2009 1762 2009 1765 2009 1829 2006 2019 1992 2237 2001 2287 2001 2290 2001 2292 2001 2298 1998 2337 1984 2692 1992 2697 1967 2692 1922 2438 1925 2435 1925 2376 1908 2373 1908 2371 1908 2368 1908 2301 1925 2214 1911 2211 1911 2102 1931 2100 1931 2097 1931 1943 1920 1940 1920 1851 1934 1720 1920 1717 1920 1714 1920 1642 1939 1639 1939 1633 1939 1329 1925 1326 1925 1323 1925 1320 1925 1295 1942 1195 1934 1192 1934 1105 1948 974 1931 971 1931 969 1931 938 1945 678 1939 675 1939 673 1939 636 1953 639 1992"/></Shape>
	    <String CONTENT="fer, des houilleurs coiffés du casque. Pien d&#x27;avecdotique dans son réa¬"
                    HPOS="636"
                    VPOS="1908"
                    WIDTH="2061"
                    HEIGHT="112"
                    WC="0.9926884862738596"></String>
          </TextLine>
          <TextLine ID="eSc_line_e2866d8b"
                    TAGREFS="LT31"
                    BASELINE="620 2059 2678 2034" 
                    HPOS="617"
                    VPOS="1975"
                    WIDTH="2061"
                    HEIGHT="106">
            <Shape><Polygon POINTS="620 2059 620 2081 2678 2062 2678 2034 2672 1989 2446 1975 2443 1975 2440 1975 2438 1975 2438 1978 2424 1989 2415 1998 2323 1998 2309 1989 2287 1978 2284 1978 2281 1978 2278 1978 2276 1978 2262 1989 2253 1998 2086 1998 2061 1989 2033 1981 2030 1981 2027 1981 2024 1981 1985 1992 1946 2001 1843 1992 1753 1984 1751 1984 1748 1984 1731 1992 1720 1998 1667 1992 1614 1987 1611 1987 1608 1987 1605 1987 1600 1992 1583 2006 1415 2006 1357 1992 1334 1989 1332 1989 1329 1989 1320 1992 1290 2009 1128 1995 1091 1992 1089 1992 1086 1992 1083 1992 1080 1995 1061 2006 1010 1995 1005 1995 1002 1995 999 1995 997 1995 946 2012 832 2001 829 2001 826 2001 770 2014 617 1998 620 2059"/></Shape>
	    <String CONTENT="lisme. &lt;....&gt; Il s&#x27;impose par la simplicité, la grandeur et la puis."
                    HPOS="617"
                    VPOS="1975"
                    WIDTH="2061"
                    HEIGHT="106"
                    WC="0.9834148839992636"></String>
          </TextLine>
          <TextLine ID="eSc_line_4b64c0da"
                    TAGREFS="LT31"
                    BASELINE="625 2129 2689 2104" 
                    HPOS="622"
                    VPOS="2048"
                    WIDTH="2067"
                    HEIGHT="117">
            <Shape><Polygon POINTS="625 2129 625 2165 868 2146 1033 2160 1044 2160 1047 2160 1050 2160 1091 2143 1248 2157 1265 2157 1267 2157 1279 2157 1365 2140 1435 2151 1438 2151 1547 2137 1879 2146 1996 2148 1999 2148 2077 2143 2256 2129 2298 2140 2312 2143 2315 2143 2318 2143 2362 2137 2463 2126 2683 2132 2689 2104 2683 2068 2588 2054 2586 2054 2426 2068 2298 2048 2295 2048 2292 2048 2290 2048 2290 2051 2267 2070 2044 2070 2016 2056 2013 2056 2010 2056 2008 2056 1982 2070 1963 2054 1960 2054 1957 2054 1801 2054 1798 2054 1795 2054 1748 2076 1711 2056 1709 2056 1538 2056 1536 2056 1533 2056 1482 2079 1388 2059 1385 2059 1382 2059 1379 2059 1348 2079 1256 2062 1253 2062 1251 2062 1248 2062 1217 2081 1064 2070 1061 2070 921 2084 882 2065 879 2065 876 2065 874 2065 826 2090 622 2090 625 2129"/></Shape>
	    <String CONTENT="sance d&#x27;émotion. Il est à la hauteur  Sujet, et, dans le meseuse même"
                    HPOS="622"
                    VPOS="2048"
                    WIDTH="2067"
                    HEIGHT="117"
                    WC="0.9658169827290943"></String>
          </TextLine>
          <TextLine ID="eSc_line_e12d97ca"
                    TAGREFS="LT34"
                    BASELINE="1803 2085 1910 2087" 
                    HPOS="1803"
                    VPOS="2085"
                    WIDTH="107"
                    HEIGHT="2">
	    <String CONTENT=""
                    HPOS="1803"
                    VPOS="2085"
                    WIDTH="107"
                    HEIGHT="2"></String>
          </TextLine>
          <TextLine ID="eSc_line_8cfb8a15"
                    TAGREFS="LT31"
                    BASELINE="614 2207 2619 2168" 
                    HPOS="611"
                    VPOS="2118"
                    WIDTH="2008"
                    HEIGHT="109">
            <Shape><Polygon POINTS="614 2207 614 2227 2616 2199 2619 2168 2614 2126 2334 2118 2331 2118 2329 2118 2290 2129 2270 2134 2167 2132 2035 2126 2033 2126 1966 2134 1887 2143 1804 2137 1748 2132 1745 2132 1742 2132 1739 2132 1734 2137 1720 2146 1586 2140 1482 2134 1480 2134 1432 2140 1368 2151 1340 2143 1323 2137 1320 2137 1318 2137 1315 2137 1304 2143 1281 2154 935 2148 890 2148 888 2148 885 2148 882 2148 849 2162 832 2148 829 2148 826 2148 823 2148 611 2151 614 2207"/></Shape>
	    <String CONTENT="où la Belgique est avant tout la pays du travail industriel, Memier"
                    HPOS="611"
                    VPOS="2118"
                    WIDTH="2008"
                    HEIGHT="109"
                    WC="0.990088166585609"></String>
          </TextLine>
          <TextLine ID="eSc_line_e4409363"
                    TAGREFS="LT31"
                    BASELINE="608 2274 2709 2227" 
                    HPOS="606"
                    VPOS="2176"
                    WIDTH="2103"
                    HEIGHT="132">
            <Shape><Polygon POINTS="608 2274 608 2308 2709 2260 2709 2227 2703 2188 2555 2176 2552 2176 2549 2176 2513 2190 2510 2190 2460 2176 2457 2176 2454 2176 2452 2176 2407 2193 2404 2196 2142 2199 2139 2199 2102 2185 2100 2185 2097 2185 2094 2185 2027 2201 2024 2201 2021 2201 1991 2188 1988 2188 1985 2188 1848 2204 1829 2207 1818 2207 1753 2193 1751 2193 1748 2193 1695 2210 1689 2210 1672 2210 1544 2199 1541 2199 1466 2215 1455 2215 1441 2215 1337 2201 1334 2201 1212 2204 1209 2204 1206 2204 1181 2221 1178 2221 1175 2221 1125 2207 1122 2207 1119 2207 1117 2207 1086 2224 1083 2224 1041 2224 759 2215 756 2215 606 2232 608 2274"/></Shape>
	    <String CONTENT="est tout ensemble le plus &lt;...&gt; gand et le plus national de"
                    HPOS="606"
                    VPOS="2176"
                    WIDTH="2103"
                    HEIGHT="132"
                    WC="0.9703927838196189"></String>
          </TextLine>
          <TextLine ID="eSc_line_ba266050"
                    TAGREFS="LT31"
                    BASELINE="606 2347 2692 2308" 
                    HPOS="603"
                    VPOS="2266"
                    WIDTH="2089"
                    HEIGHT="117">
            <Shape><Polygon POINTS="606 2347 606 2366 742 2383 745 2383 748 2383 751 2383 770 2366 860 2380 862 2380 865 2380 868 2380 885 2366 885 2363 1052 2358 1466 2355 1474 2361 1488 2369 1491 2369 1494 2369 1496 2369 1499 2369 1533 2358 1555 2352 1644 2358 1737 2363 1739 2363 2058 2355 2625 2335 2686 2347 2692 2308 2683 2266 603 2299 606 2347"/></Shape>
	    <String CONTENT="ses artistes. &lt;.... .. ... .. .  . .. .. ..&gt;"
                    HPOS="603"
                    VPOS="2266"
                    WIDTH="2089"
                    HEIGHT="117"
                    WC="0.9352699843319979"></String>
          </TextLine>
          <TextLine ID="eSc_line_98911e83"
                    TAGREFS="LT31"
                    BASELINE="606 2416 1935 2380" 
                    HPOS="603"
                    VPOS="2341"
                    WIDTH="1332"
                    HEIGHT="100">
            <Shape><Polygon POINTS="606 2416 606 2441 1421 2439 1513 2419 1519 2416 1932 2405 1935 2380 1927 2341 1318 2347 1212 2363 1203 2363 1198 2363 1145 2352 1142 2352 1139 2352 1111 2366 1108 2366 1103 2366 1030 2355 1027 2355 1024 2355 1022 2355 1002 2369 999 2372 907 2372 784 2374 633 2366 631 2366 628 2366 603 2377 606 2416"/></Shape>
	    <String CONTENT="&lt;..... ..... .. .... ... .....&gt;"
                    HPOS="603"
                    VPOS="2341"
                    WIDTH="1332"
                    HEIGHT="100"
                    WC="0.8268430309910928"></String>
          </TextLine>
          <TextLine ID="eSc_line_085aae59"
                    TAGREFS="LT31"
                    BASELINE="645 2481 2675 2444" 
                    HPOS="642"
                    VPOS="2405"
                    WIDTH="2033"
                    HEIGHT="103">
            <Shape><Polygon POINTS="645 2481 645 2508 1538 2508 1538 2506 1541 2506 1572 2497 1614 2489 1681 2497 1734 2503 1737 2503 1739 2503 1759 2497 1790 2486 1963 2495 2044 2497 2047 2497 2105 2492 2273 2478 2513 2486 2516 2486 2519 2486 2521 2486 2541 2472 2669 2486 2675 2444 2669 2411 2047 2405 2044 2405 1108 2436 955 2425 952 2425 642 2444 645 2481"/></Shape>
	    <String CONTENT="comparie à la peinture et à &lt;........&gt; la sulpture, l&#x27;archi tecture"
                    HPOS="642"
                    VPOS="2405"
                    WIDTH="2033"
                    HEIGHT="103"
                    WC="0.9737438226955525"></String>
          </TextLine>
          <TextLine ID="eSc_line_1705ff34"
                    TAGREFS="LT31"
                    BASELINE="608 2553 2697 2517" 
                    HPOS="606"
                    VPOS="2481"
                    WIDTH="2091"
                    HEIGHT="108">
            <Shape><Polygon POINTS="608 2553 608 2589 2697 2542 2697 2517 2689 2481 606 2503 608 2553"/></Shape>
	    <String CONTENT="&lt;.. .. .., se caractérise par a ne soit"
                    HPOS="606"
                    VPOS="2481"
                    WIDTH="2091"
                    HEIGHT="108"
                    WC="0.9419700625615243"></String>
          </TextLine>
          <TextLine ID="eSc_line_4c17890b"
                    TAGREFS="LT31"
                    BASELINE="611 2620 2672 2587" 
                    HPOS="608"
                    VPOS="2542"
                    WIDTH="2064"
                    HEIGHT="114">
            <Shape><Polygon POINTS="611 2620 611 2656 781 2637 899 2651 902 2651 1346 2628 1457 2642 1463 2642 1466 2642 1477 2642 1642 2623 1781 2637 1792 2637 1795 2637 1801 2637 1882 2620 1968 2634 1977 2634 1980 2634 1982 2634 1985 2634 2024 2617 2136 2631 2150 2631 2153 2631 2189 2631 2463 2612 2667 2620 2672 2587 2667 2550 2175 2542 2172 2542 1985 2559 1974 2559 1938 2559 1301 2556 1298 2556 608 2578 611 2620"/></Shape>
	    <String CONTENT="quoi d&#x27;incouplet, de chastique et de voulu. Apris l&#x27;épuisement de la"
                    HPOS="608"
                    VPOS="2542"
                    WIDTH="2064"
                    HEIGHT="114"
                    WC="0.997991746839355"></String>
          </TextLine>
          <TextLine ID="eSc_line_6c0f0eef"
                    TAGREFS="LT31"
                    BASELINE="606 2693 2669 2654" 
                    HPOS="603"
                    VPOS="2612"
                    WIDTH="2066"
                    HEIGHT="103">
            <Shape><Polygon POINTS="606 2693 606 2715 2667 2679 2669 2654 2661 2612 603 2654 606 2693"/></Shape>
	    <String CONTENT="veine classique, aux alentours de 1850, elle cherche vainement sans y at¬"
                    HPOS="603"
                    VPOS="2612"
                    WIDTH="2066"
                    HEIGHT="103"
                    WC="0.9758095961727508"></String>
          </TextLine>
          <TextLine ID="eSc_line_57dc479f"
                    TAGREFS="LT31"
                    BASELINE="594 2762 2647 2718" 
                    HPOS="592"
                    VPOS="2676"
                    WIDTH="2055"
                    HEIGHT="120">
            <Shape><Polygon POINTS="594 2762 594 2782 650 2796 653 2796 656 2796 659 2796 675 2782 678 2782 681 2782 821 2790 823 2790 826 2790 868 2776 876 2776 888 2776 974 2790 977 2790 980 2790 1016 2774 1019 2774 1058 2774 1354 2782 1357 2782 1360 2782 1396 2768 1399 2765 1401 2768 1418 2779 1421 2779 1424 2779 1427 2779 1580 2762 1622 2760 1667 2762 1840 2771 1843 2771 1846 2771 1896 2757 1910 2754 1927 2757 2002 2768 2005 2768 2105 2751 2136 2748 2164 2751 2256 2762 2259 2762 2647 2740 2647 2718 2639 2681 2156 2690 2153 2690 2128 2676 2125 2676 2122 2676 1991 2693 1980 2693 1971 2693 1873 2684 1871 2684 1868 2684 1865 2684 1851 2695 1846 2698 1823 2695 1739 2684 1737 2684 1625 2698 1586 2704 1533 2701 1393 2693 1390 2693 1388 2693 1360 2704 1348 2709 1276 2707 1128 2698 1125 2698 1122 2698 1078 2709 1055 2715 1033 2709 985 2701 983 2701 980 2701 977 2701 960 2712 949 2721 592 2721 594 2762"/></Shape>
	    <String CONTENT="tendre une formule nouvelle on s&#x27;évertue, sans y réussir, à raviner les"
                    HPOS="592"
                    VPOS="2676"
                    WIDTH="2055"
                    HEIGHT="120"
                    WC="0.9813537432087792"></String>
          </TextLine>
          <TextLine ID="eSc_line_bb8ee3fd"
                    TAGREFS="LT31"
                    BASELINE="600 2829 1829 2799 2667 2799" 
                    HPOS="597"
                    VPOS="2743"
                    WIDTH="2070"
                    HEIGHT="117">
            <Shape><Polygon POINTS="600 2829 600 2860 902 2860 902 2857 904 2857 921 2855 977 2841 1125 2852 1153 2852 1156 2852 1159 2852 1167 2849 1212 2838 1240 2849 1248 2852 1251 2852 1253 2852 1287 2849 1415 2832 1502 2846 1516 2846 1519 2846 1530 2846 1605 2829 1711 2843 1731 2843 1734 2843 1737 2843 1739 2843 1739 2841 1759 2827 2661 2827 2667 2799 2664 2757 2605 2743 2602 2743 2600 2743 2555 2757 2555 2760 2278 2762 2192 2762 2083 2748 2080 2748 2077 2748 2008 2765 1784 2754 1781 2754 1351 2774 1265 2762 1262 2762 1259 2762 1214 2779 1016 2768 1013 2768 913 2785 821 2771 818 2771 597 2790 600 2829"/></Shape>
	    <String CONTENT="tradétions du Moyen Age Ae &lt;..&gt; le la Renaissane. Le romantisme l&#x27;o¬"
                    HPOS="597"
                    VPOS="2743"
                    WIDTH="2070"
                    HEIGHT="117"
                    WC="0.9747619830510196"></String>
          </TextLine>
          <TextLine ID="eSc_line_6dc27dd0"
                    TAGREFS="LT31"
                    BASELINE="597 2894 2689 2863" 
                    HPOS="594"
                    VPOS="2813"
                    WIDTH="2095"
                    HEIGHT="111">
            <Shape><Polygon POINTS="597 2894 597 2924 1114 2924 1114 2922 1178 2916 1290 2905 1376 2913 1407 2916 1410 2916 1413 2916 1421 2913 1446 2902 1510 2913 1544 2916 1547 2916 1550 2916 1572 2910 1622 2899 1698 2910 1731 2913 1734 2913 1737 2913 1745 2910 1773 2894 1940 2894 2030 2905 2049 2908 2052 2908 2055 2908 2066 2905 2125 2891 2245 2902 2273 2905 2276 2905 2278 2905 2290 2902 2351 2888 2424 2902 2438 2902 2440 2902 2443 2902 2449 2902 2499 2885 2683 2896 2689 2863 2683 2821 2510 2813 2507 2813 2443 2824 2410 2829 2385 2827 2326 2815 2323 2815 2320 2815 2295 2827 2284 2832 2248 2827 2172 2818 2170 2818 2094 2829 2061 2835 2027 2832 1935 2821 1932 2821 1625 2841 1544 2843 1522 2841 1429 2829 1427 2829 1312 2846 1295 2846 1284 2846 1167 2832 1164 2832 1161 2832 1122 2849 1119 2849 1111 2849 991 2835 988 2835 985 2835 927 2852 924 2852 921 2852 751 2841 748 2841 594 2857 597 2894"/></Shape>
	    <String CONTENT="riente vers un style psendo gothique ies &lt;..&gt; vignette, dont le palois épis"
                    HPOS="594"
                    VPOS="2813"
                    WIDTH="2095"
                    HEIGHT="111"
                    WC="0.9543522437413533"></String>
          </TextLine>
          <TextLine ID="eSc_line_81e5f825"
                    TAGREFS="LT31"
                    BASELINE="594 2963 2697 2924" 
                    HPOS="592"
                    VPOS="2874"
                    WIDTH="2105"
                    HEIGHT="126">
            <Shape><Polygon POINTS="594 2963 594 2983 673 3000 675 3000 678 3000 742 2983 745 2983 748 2983 879 2997 882 2997 885 2997 888 2997 910 2980 913 2977 1192 2972 1231 2975 1312 2986 1315 2986 1318 2986 1320 2986 1337 2975 1348 2969 1418 2975 1563 2983 1566 2983 1628 2972 1664 2963 1731 2969 1826 2977 1829 2977 1832 2977 1868 2966 1890 2961 1910 2966 1940 2977 1943 2977 1946 2977 2033 2966 2072 2961 2128 2963 2239 2972 2242 2972 2245 2972 2248 2972 2259 2963 2264 2955 2290 2961 2318 2969 2320 2969 2323 2969 2695 2955 2697 2924 2689 2874 2521 2891 2318 2880 2276 2880 2273 2880 2270 2880 2264 2882 2231 2896 2147 2885 2128 2882 2125 2882 2122 2882 2114 2885 2080 2899 1996 2888 1974 2885 1971 2885 1952 2888 1893 2902 1843 2891 1826 2888 1823 2888 1820 2888 1812 2891 1776 2905 1714 2894 1695 2891 1692 2891 1689 2891 1675 2894 1630 2908 1536 2896 1519 2896 1516 2896 1513 2896 1508 2899 1469 2910 1284 2902 1186 2899 1184 2899 1131 2905 1052 2919 592 2919 594 2963"/></Shape>
	    <String CONTENT="copal &lt;fdu et l&#x27;ancien campanile du beffroi de Gaudt représentent"
                    HPOS="592"
                    VPOS="2874"
                    WIDTH="2105"
                    HEIGHT="126"
                    WC="0.9834985586313101"></String>
          </TextLine>
          <TextLine ID="eSc_line_f3fb5282"
                    TAGREFS="LT31"
                    BASELINE="578 3036 1064 3014 2709 3000" 
                    HPOS="575"
                    VPOS="2949"
                    WIDTH="2134"
                    HEIGHT="115">
            <Shape><Polygon POINTS="578 3036 578 3064 840 3042 1016 3055 1058 3058 1061 3058 1064 3058 1066 3058 1066 3055 1069 3055 1086 3039 1240 3053 1301 3055 1304 3055 1410 3047 1558 3036 1575 3044 1580 3050 1583 3050 1586 3050 1589 3050 1591 3050 1611 3044 1633 3036 1698 3042 1784 3050 1787 3050 1790 3050 1829 3039 1862 3030 1901 3039 1954 3047 1957 3047 2013 3036 2052 3028 2133 3033 2270 3042 2273 3042 2276 3042 2306 3028 2318 3025 2331 3028 2382 3042 2385 3042 2387 3042 2454 3028 2513 3042 2516 3042 2519 3042 2706 3019 2709 3000 2700 2952 2371 2966 2351 2958 2337 2949 2334 2949 2331 2949 2267 2958 2192 2969 2044 2963 1896 2955 1893 2955 1826 2966 1767 2975 1703 2969 1633 2961 1630 2961 1583 2969 1544 2977 1510 2972 1455 2961 1452 2961 1323 2975 1312 2975 1307 2975 1248 2963 1245 2963 1242 2963 1240 2963 1223 2977 1220 2977 1206 2977 1103 2963 1100 2963 1097 2963 1058 2980 1047 2983 1019 2980 924 2966 921 2966 918 2966 885 2983 882 2983 874 2983 809 2969 807 2969 804 2969 801 2969 779 2983 773 2988 575 2988 578 3036"/></Shape>
	    <String CONTENT="les réalisations jodis les plus admirées et qui n&#x27;émenvent plus que par la"
                    HPOS="575"
                    VPOS="2949"
                    WIDTH="2134"
                    HEIGHT="115"
                    WC="0.9880365761550697"></String>
          </TextLine>
          <TextLine ID="eSc_line_3d7541bc"
                    TAGREFS="LT31"
                    BASELINE="583 3100 1217 3078 2689 3072" 
                    HPOS="580"
                    VPOS="3022"
                    WIDTH="2109"
                    HEIGHT="103">
            <Shape><Polygon POINTS="583 3100 583 3125 723 3108 874 3122 896 3122 899 3122 902 3122 910 3120 974 3106 1111 3117 1150 3120 1153 3120 1156 3120 1170 3117 1226 3103 1550 3111 1765 3114 1767 3114 1770 3114 1773 3114 1781 3106 1790 3097 1915 3097 1927 3103 1943 3111 1946 3111 1949 3114 2139 3114 2139 3111 2142 3111 2183 3100 2200 3095 2276 3097 2502 3108 2505 3108 2689 3089 2689 3072 2681 3028 2404 3036 2357 3030 2287 3022 2284 3022 2281 3022 2256 3033 2245 3036 2237 3033 2214 3022 2211 3022 2209 3022 2206 3022 2167 3033 2142 3039 2069 3033 1932 3025 1929 3025 1834 3039 1801 3042 1792 3039 1781 3028 1779 3028 1776 3028 1603 3028 1600 3028 1597 3028 1544 3042 1530 3044 1524 3042 1510 3030 1508 3030 1505 3030 1502 3030 1446 3042 1435 3044 1404 3044 1228 3030 1226 3030 1223 3030 1220 3030 1200 3047 1195 3047 1164 3047 927 3033 924 3033 921 3033 918 3033 899 3047 793 3036 790 3036 580 3053 583 3100"/></Shape>
	    <String CONTENT="naiveté de leur impuissance. Du moins, l&#x27;admiration pour le moyen âge est"
                    HPOS="580"
                    VPOS="3022"
                    WIDTH="2109"
                    HEIGHT="103"
                    WC="0.9910766049607159"></String>
          </TextLine>
          <TextLine ID="eSc_line_51291a2c"
                    TAGREFS="LT31"
                    BASELINE="592 3178 740 3162 1172 3148 2549 3142 2723 3168" 
                    HPOS="589"
                    VPOS="3086"
                    WIDTH="2117"
                    HEIGHT="112">
            <Shape><Polygon POINTS="592 3198 1410 3170 1530 3189 1533 3189 1536 3189 1608 3170 1848 3187 1851 3187 2105 3170 2164 3187 2167 3187 2170 3187 2172 3187 2175 3187 2178 3187 2206 3167 2404 3184 2407 3184 2410 3184 2412 3184 2415 3184 2443 3167 2521 3178 2524 3178 2527 3178 2560 3164 2583 3184 2586 3184 2588 3184 2591 3184 2703 3181 2706 3153 2700 3086 2560 3108 2379 3108 2354 3092 2354 3089 2351 3089 2348 3089 2345 3089 2326 3092 2256 3103 2206 3095 2192 3092 2189 3092 2186 3092 2183 3092 2181 3095 2158 3108 1982 3097 1927 3095 1924 3095 1893 3097 1815 3114 1709 3114 1689 3103 1672 3095 1670 3095 1667 3095 1664 3095 1661 3095 1650 3103 1636 3114 1482 3114 1466 3106 1432 3095 1429 3095 1427 3095 1424 3095 1421 3095 1404 3106 1393 3114 1365 3108 1318 3097 1315 3097 1312 3097 1262 3108 1242 3114 1228 3111 1192 3097 1189 3097 1186 3097 1184 3097 1133 3111 1131 3111 1125 3111 1002 3097 999 3097 997 3097 949 3114 943 3117 935 3114 896 3100 893 3100 890 3100 888 3100 854 3117 851 3120 589 3120 592 3178"/></Shape>
	    <String CONTENT="efle sin cire. Elle l&#x27;est même trop par l&#x27;intempérance du &quot;istansations&quot; p ."
                    HPOS="589"
                    VPOS="3086"
                    WIDTH="2117"
                    HEIGHT="112"
                    WC="0.9679245449505843"></String>
          </TextLine>
          <TextLine ID="eSc_line_eab7ff48"
                    TAGREFS="LT34"
                    BASELINE="2589 3121 2723 3125" 
                    HPOS="2589"
                    VPOS="3121"
                    WIDTH="134"
                    HEIGHT="4">
	    <String CONTENT=""
                    HPOS="2589"
                    VPOS="3121"
                    WIDTH="134"
                    HEIGHT="4"></String>
          </TextLine>
          <TextLine ID="eSc_line_ef9cf73a"
                    TAGREFS="LT31"
                    BASELINE="586 3245 1094 3220 2667 3206" 
                    HPOS="583"
                    VPOS="3162"
                    WIDTH="2084"
                    HEIGHT="106">
            <Shape><Polygon POINTS="586 3245 586 3268 1041 3248 1189 3259 1214 3259 1217 3259 1231 3256 1295 3245 1396 3254 1424 3256 1427 3256 1429 3256 1435 3254 1463 3242 1566 3251 1597 3254 1600 3254 1622 3251 1692 3240 1809 3248 1868 3251 1871 3251 1899 3245 1943 3237 2005 3245 2041 3248 2044 3248 2083 3242 2144 3234 2664 3234 2667 3206 2661 3167 1929 3162 1927 3162 1773 3178 1770 3178 1767 3178 1681 3164 1678 3164 1477 3184 1457 3184 1441 3184 1242 3170 1240 3170 1159 3187 1030 3173 1027 3173 1024 3173 991 3189 988 3189 664 3178 661 3178 583 3195 586 3245"/></Shape>
	    <String CONTENT="pEovoque et qui, cnfin...iedoaent ne sont bien souvent que des van¬"
                    HPOS="583"
                    VPOS="3162"
                    WIDTH="2084"
                    HEIGHT="106"
                    WC="0.9586206598957973"></String>
          </TextLine>
          <TextLine ID="eSc_line_e546323e"
                    TAGREFS="LT31"
                    BASELINE="572 3301 974 3287 2633 3276" 
                    HPOS="572"
                    VPOS="3228"
                    WIDTH="2061"
                    HEIGHT="93">
            <Shape><Polygon POINTS="572 3287 572 3301 572 3321 2630 3312 2633 3276 2625 3228 589 3254 572 3287"/></Shape>
	    <String CONTENT="dalesim archio logique, d &lt;... ..... .. ... ... . ..&gt;"
                    HPOS="572"
                    VPOS="3228"
                    WIDTH="2061"
                    HEIGHT="93"
                    WC="0.9392471021076418"></String>
          </TextLine>
        </TextBlock>
        <TextBlock HPOS="33"
                   VPOS="3121"
                   WIDTH="788"
                   HEIGHT="222"
                   ID="94d438fb-3464-4f45-b59b-b47ddca167b0"
                   TAGREFS="BT43">
          <Shape><Polygon POINTS="579 3121 577 3181 821 3178 811 3209 575 3231 571 3343 33 3340 33 3121"/></Shape>
          <TextLine ID="eSc_line_d4ebf760"
                    TAGREFS="LT34"
                    BASELINE="44 3212 805 3198" 
                    HPOS="44"
                    VPOS="3136"
                    WIDTH="293"
                    HEIGHT="109">
            <Shape><Polygon POINTS="296 3150 268 3159 240 3167 212 3175 184 3206 156 3206 128 3198 125 3164 92 3142 89 3142 86 3142 83 3142 44 3142 47 3212 47 3245 335 3237 337 3203 329 3136 323 3142"/></Shape>
	    <String CONTENT="ésoments."
                    HPOS="44"
                    VPOS="3136"
                    WIDTH="293"
                    HEIGHT="109"
                    WC="0.9944908950063918"></String>
          </TextLine>
        </TextBlock>
        <TextBlock HPOS="250"
                   VPOS="89"
                   WIDTH="224"
                   HEIGHT="188"
                   ID="eSc_textblock_aca10fce"
                   TAGREFS="BT44">
          <Shape><Polygon POINTS="250 89 250 277 474 277 474 89"/></Shape>
        </TextBlock>
        <TextBlock ID="eSc_dummyblock_">
          <TextLine ID="eSc_line_229fb447"
                    TAGREFS="LT31"
                    BASELINE="314 168 424 164" 
                    HPOS="326"
                    VPOS="122"
                    WIDTH="104"
                    HEIGHT="118">
            <Shape><Polygon POINTS="332 175 337 237 430 240 424 164 416 122 346 122 326 139"/></Shape>
	    <String CONTENT="219"
                    HPOS="326"
                    VPOS="122"
                    WIDTH="104"
                    HEIGHT="118"
                    WC="0.9999275207519531"></String>
          </TextLine>
        </TextBlock>
      </PrintSpace>
    </Page>
  </Layout>
</alto>
