<?xml version="1.0" encoding="UTF-8"?>
<alto xmlns:xsi="http://www.w3.org/2001/XMLSchema-instance"
      xmlns="http://www.loc.gov/standards/alto/ns-v4#"
      xsi:schemaLocation="http://www.loc.gov/standards/alto/ns-v4# http://www.loc.gov/standards/alto/v4/alto-4-2.xsd">
  <Description>
    <MeasurementUnit>pixel</MeasurementUnit>
    <sourceImageInformation>
      <fileName>ARCH-DIV-000496_0121.png</fileName>
    </sourceImageInformation>
  </Description>
  <Tags>
    <OtherTag ID="BT42" LABEL="MainZone" DESCRIPTION="block type MainZone"/><OtherTag ID="BT43" LABEL="MarginTextZone" DESCRIPTION="block type MarginTextZone"/><OtherTag ID="BT44" LABEL="NumberingZone" DESCRIPTION="block type NumberingZone"/><OtherTag ID="BT45" LABEL="TitlePageZone" DESCRIPTION="block type TitlePageZone"/><OtherTag ID="BT46" LABEL="CustomZone:Numbering" DESCRIPTION="block type CustomZone:Numbering"/><OtherTag ID="BT49" LABEL="MarginTextZone:lower" DESCRIPTION="block type MarginTextZone:lower"/>
    <OtherTag ID="LT25" LABEL="default" DESCRIPTION="line type default"/><OtherTag ID="LT31" LABEL="DefaultLine" DESCRIPTION="line type DefaultLine"/><OtherTag ID="LT32" LABEL="HeadingLine" DESCRIPTION="line type HeadingLine"/><OtherTag ID="LT33" LABEL="InterlinearLine:addition" DESCRIPTION="line type InterlinearLine:addition"/><OtherTag ID="LT34" LABEL="InterlinearLine:correction" DESCRIPTION="line type InterlinearLine:correction"/>
  </Tags>
  <Layout>
    <Page WIDTH="2790"
          HEIGHT="3343"
          PHYSICAL_IMG_NR="120"
          ID="eSc_dummypage_">
      <PrintSpace HPOS="0"
                  VPOS="0"
                  WIDTH="2790"
                  HEIGHT="3343">
        <TextBlock HPOS="501"
                   VPOS="0"
                   WIDTH="2256"
                   HEIGHT="3333"
                   ID="a25a24fc-23b4-4a71-a0d1-65f9b8078067"
                   TAGREFS="BT42">
          <Shape><Polygon POINTS="2757 0 2757 3333 501 3333 501 0"/></Shape>
          <TextLine ID="eSc_line_00d3886d"
                    TAGREFS="LT31"
                    BASELINE="660 69 1856 61 2723 80" 
                    HPOS="657"
                    VPOS="11"
                    WIDTH="2066"
                    HEIGHT="92">
            <Shape><Polygon POINTS="2720 41 2692 41 2664 41 2636 41 2608 39 2580 39 2553 39 2525 39 2497 39 2469 36 2441 36 2413 36 2385 36 2357 36 2330 33 2302 33 2274 33 2246 33 2218 33 2190 30 2162 30 2135 30 2107 30 2101 30 2079 30 2051 27 2023 27 1995 27 1967 27 1939 27 1912 25 1884 25 1856 25 1828 25 1800 25 1772 22 1744 22 1725 25 1705 27 1555 27 1549 22 1544 19 1521 19 1496 16 1482 22 1471 25 1457 22 1429 16 1410 16 1382 16 1354 13 1326 13 1298 13 1270 13 1243 13 1234 11 1226 22 1220 25 1212 22 1187 11 1187 11 1159 11 1131 11 1103 11 1075 11 1047 11 1045 11 975 11 964 13 936 13 914 13 869 13 852 16 825 16 797 16 783 16 763 16 741 19 713 19 685 19 660 19 660 69 657 83 2717 103 2723 80 2720 41 2720 41"/></Shape>
	    <String CONTENT="&quot;Le piuple belge contemple avec admisation mais sans enttou¬"
                    HPOS="657"
                    VPOS="11"
                    WIDTH="2066"
                    HEIGHT="92"
                    WC="0.9959173570076625"></String>
          </TextLine>
          <TextLine ID="eSc_line_cd4b423d"
                    TAGREFS="LT31"
                    BASELINE="641 142 1541 128 2731 139" 
                    HPOS="641"
                    VPOS="78"
                    WIDTH="2090"
                    HEIGHT="91">
            <Shape><Polygon POINTS="641 108 641 142 641 158 1663 153 1747 164 1772 167 1775 167 1778 167 1783 164 1808 153 1962 153 2341 167 2377 167 2380 167 2383 167 2410 153 2438 167 2441 167 2444 169 2728 169 2731 139 2728 97 2617 80 2614 80 2611 80 2572 97 2477 97 2447 78 2444 78 2441 78 2438 78 2436 78 2433 78 2402 97 2226 97 2182 78 2179 78 2176 78 2098 94 2006 78 1560 78 1558 78 1388 94 1229 78 1226 78 1223 78 1220 78 1192 97 646 97 641 108"/></Shape>
	    <String CONTENT="siasme, sans entrainement, le spectacle grandrse de la révoler"
                    HPOS="641"
                    VPOS="78"
                    WIDTH="2090"
                    HEIGHT="91"
                    WC="0.9826381629513156"></String>
          </TextLine>
          <TextLine ID="eSc_line_adef826f"
                    TAGREFS="LT31"
                    BASELINE="643 214 1524 197 2731 208" 
                    HPOS="641"
                    VPOS="144"
                    WIDTH="2090"
                    HEIGHT="95">
            <Shape><Polygon POINTS="643 214 643 239 944 225 1075 239 1078 239 1081 239 1117 225 1153 239 1156 239 1159 239 1162 239 1192 225 1385 225 1404 239 1407 239 1410 239 1413 239 1415 239 1446 225 1672 225 1689 239 1691 239 1694 239 1697 239 1700 239 1739 225 1783 239 1786 239 1789 239 1792 239 1850 225 1928 239 1931 239 2095 225 2458 239 2461 239 2550 225 2728 239 2731 208 2728 164 2525 144 2522 144 2519 144 2486 164 2480 167 2405 167 2394 164 2260 144 2257 144 2254 144 2252 144 2221 164 2218 167 2132 167 2129 164 2104 144 2101 144 2098 144 1875 144 1873 144 1742 164 1611 147 1608 147 1440 164 1410 144 1407 144 1404 144 1201 144 1198 144 1195 144 1151 161 1114 144 1112 144 1109 144 1106 144 1053 164 694 153 691 153 688 153 641 167 643 214"/></Shape>
	    <String CONTENT="tion française. Fiès de nous avoir précédé dans la conquête pa¬"
                    HPOS="641"
                    VPOS="144"
                    WIDTH="2090"
                    HEIGHT="95"
                    WC="0.9980913381727915"></String>
          </TextLine>
          <TextLine ID="eSc_line_780e9f31"
                    TAGREFS="LT31"
                    BASELINE="649 281 1376 270 2717 275" 
                    HPOS="646"
                    VPOS="217"
                    WIDTH="2071"
                    HEIGHT="95">
            <Shape><Polygon POINTS="649 281 649 298 666 309 668 309 671 309 674 312 889 312 889 309 891 309 894 309 911 295 1181 306 1184 306 1245 295 1265 292 1638 292 1652 298 1680 309 1683 309 1686 309 1778 298 1825 292 2029 292 2040 298 2054 309 2056 309 2059 309 2062 312 2190 312 2190 309 2193 309 2213 300 2226 292 2271 300 2310 306 2313 306 2714 300 2717 275 2714 236 2494 217 2491 217 2488 217 2433 234 2397 220 2394 220 2109 217 2107 217 2104 217 2048 231 1945 217 1942 217 1939 217 1937 217 1912 236 1836 236 1794 220 1792 220 1789 220 1786 220 1747 231 1424 217 1421 217 1418 217 1415 217 1396 234 1335 217 1332 217 1329 217 1237 234 1212 217 1209 217 1206 217 1204 217 1201 217 1145 234 1059 217 1056 217 1053 217 1050 217 1025 234 749 222 746 222 646 236 649 281"/></Shape>
	    <String CONTENT="céfique des libertés dont il est en possession et qui sont assises sur"
                    HPOS="646"
                    VPOS="217"
                    WIDTH="2071"
                    HEIGHT="95"
                    WC="0.9986474164894649"></String>
          </TextLine>
          <TextLine ID="eSc_line_ac25e82b"
                    TAGREFS="LT31"
                    BASELINE="632 356 2684 334" 
                    HPOS="629"
                    VPOS="281"
                    WIDTH="2055"
                    HEIGHT="103">
            <Shape><Polygon POINTS="632 356 632 384 2681 356 2684 334 2670 281 2653 295 2502 284 2436 281 2433 281 2366 286 2243 298 2199 289 2174 284 2171 284 2168 284 2165 284 2160 289 2146 300 1998 292 1909 286 1906 286 1903 286 1900 286 1892 292 1870 303 1608 298 1499 295 1496 295 1440 300 1326 309 1265 300 1209 295 1206 295 1170 303 1128 312 1075 303 1028 298 1025 298 629 309 632 356"/></Shape>
	    <String CONTENT="des bases larges, et une expérience pratique, il n&#x27;euvre rien à"
                    HPOS="629"
                    VPOS="281"
                    WIDTH="2055"
                    HEIGHT="103"
                    WC="0.9952208901208545"></String>
          </TextLine>
          <TextLine ID="eSc_line_544fc43d"
                    TAGREFS="LT31"
                    BASELINE="629 426 2698 403" 
                    HPOS="627"
                    VPOS="353"
                    WIDTH="2071"
                    HEIGHT="109">
            <Shape><Polygon POINTS="629 426 629 445 772 459 774 459 972 445 975 445 978 445 1139 462 1142 462 1237 442 1243 442 1262 442 1530 456 1532 456 1672 440 1702 437 1794 440 2174 451 2176 451 2698 431 2698 403 2689 353 2321 367 2246 356 2221 353 2218 353 2215 353 2207 356 2168 370 2029 359 1992 356 1990 356 1959 359 1847 373 1700 362 1658 359 1655 359 1594 362 1371 378 1248 364 1229 364 1226 364 1223 364 1220 364 1201 381 880 384 627 373 629 426"/></Shape>
	    <String CONTENT="ses voisins il croit levoir plutôt servir de modèle que se pliès à"
                    HPOS="627"
                    VPOS="353"
                    WIDTH="2071"
                    HEIGHT="109"
                    WC="0.9941333721984517"></String>
          </TextLine>
          <TextLine ID="eSc_line_e26ac217"
                    TAGREFS="LT31"
                    BASELINE="632 498 2678 473" 
                    HPOS="629"
                    VPOS="417"
                    WIDTH="2049"
                    HEIGHT="115">
            <Shape><Polygon POINTS="632 498 632 518 1059 532 1061 532 1173 515 1181 515 1201 515 1527 526 1530 526 1532 526 1535 526 1555 512 1560 509 1644 512 1990 520 1992 520 1995 520 2037 507 2045 507 2070 507 2218 518 2221 518 2678 501 2678 473 2670 417 2553 434 2293 420 2260 420 2257 420 2254 420 2252 420 2210 442 1990 445 1892 445 1861 426 1859 426 1856 426 1853 426 1845 426 1761 445 1677 429 1672 429 1669 429 1666 429 1663 429 1636 448 1532 448 1457 431 1452 431 1449 431 1438 431 1304 445 1201 434 1190 434 1187 434 1184 434 1181 434 1159 451 939 437 911 437 908 437 905 437 903 437 850 456 629 442 632 498"/></Shape>
	    <String CONTENT="être unitateur&quot;. Etait-il possible de mieux justifier le mot de Dul¬"
                    HPOS="629"
                    VPOS="417"
                    WIDTH="2049"
                    HEIGHT="115"
                    WC="0.9893616306431153"></String>
          </TextLine>
          <TextLine ID="eSc_line_839d8941"
                    TAGREFS="LT31"
                    BASELINE="632 575 2695 534" 
                    HPOS="1245"
                    VPOS="484"
                    WIDTH="1450"
                    HEIGHT="112">
            <Shape><Polygon POINTS="1251 596 1309 582 1513 590 1552 590 1555 590 1558 590 1560 590 1560 587 1563 587 1571 576 1683 585 1725 587 1728 587 1730 587 1733 587 1739 585 1758 573 1925 579 2045 582 2048 582 2051 582 2054 582 2062 576 2073 568 2121 573 2171 579 2174 579 2176 579 2207 571 2232 565 2285 568 2369 576 2371 576 2374 576 2377 576 2388 565 2394 559 2695 557 2695 534 2686 484 2207 504 2126 498 2048 493 2045 493 2043 493 2026 501 2015 507 1967 504 1889 495 1886 495 1884 495 1861 507 1853 509 1817 507 1728 498 1725 498 1588 512 1560 515 1541 515 1407 504 1404 504 1401 504 1399 504 1399 507 1385 518 1293 507 1290 507 1287 507 1245 520 1248 559"/></Shape>
	    <String CONTENT="fivrier, il s&#x27;était écrie à la chambre, au milieu de"
                    HPOS="1245"
                    VPOS="484"
                    WIDTH="1450"
                    HEIGHT="112"
                    WC="0.9792434235788742"></String>
          </TextLine>
          <TextLine ID="eSc_line_56f1e687"
                    TAGREFS="LT31"
                    BASELINE="627 643 2717 601" 
                    HPOS="624"
                    VPOS="543"
                    WIDTH="2093"
                    HEIGHT="139">
            <Shape><Polygon POINTS="627 643 627 665 763 682 766 682 933 663 958 660 967 663 1014 676 1017 676 1020 676 1022 676 1025 676 1047 660 1053 657 1059 660 1087 671 1089 671 1092 671 1276 657 1282 657 1315 671 1318 671 1321 671 1449 654 1474 651 1493 651 1594 665 1597 665 1599 665 1638 651 1647 649 1683 649 1861 660 1864 660 1964 646 2020 637 2056 643 2115 654 2118 654 2121 654 2165 643 2196 635 2714 635 2717 601 2703 543 2672 562 2553 548 2550 548 2547 548 2544 548 2427 568 2324 554 2316 554 2313 554 2310 554 2307 554 2277 573 2148 573 1981 565 1895 559 1892 559 1889 559 1886 559 1878 568 1861 579 1806 568 1761 562 1758 562 1702 571 1647 582 1624 573 1599 565 1597 565 1594 565 1315 571 1220 585 1170 593 1084 590 956 585 953 585 880 596 858 598 852 596 822 582 819 582 816 582 813 582 760 598 752 601 744 598 674 585 671 585 668 585 624 598 627 643"/></Shape>
	    <String CONTENT="l&#x27;applandissement &lt;7..&gt; que la liberté, pour faire le tous du monde"
                    HPOS="624"
                    VPOS="543"
                    WIDTH="2093"
                    HEIGHT="139"
                    WC="0.9601289532077846"></String>
          </TextLine>
          <TextLine ID="eSc_line_a4042a1c"
                    TAGREFS="LT34"
                    BASELINE="1302 601 1581 599" 
                    HPOS="1302"
                    VPOS="599"
                    WIDTH="279"
                    HEIGHT="2">
	    <String CONTENT=""
                    HPOS="1302"
                    VPOS="599"
                    WIDTH="279"
                    HEIGHT="2"></String>
          </TextLine>
          <TextLine ID="eSc_line_ce5b6684"
                    TAGREFS="LT31"
                    BASELINE="607 724 1811 704 2711 671" 
                    HPOS="604"
                    VPOS="621"
                    WIDTH="2107"
                    HEIGHT="139">
            <Shape><Polygon POINTS="607 724 607 752 847 746 861 749 900 760 903 760 905 760 1020 746 1087 738 1126 743 1173 752 1176 752 1178 752 1181 752 1192 743 1206 735 1282 741 1374 749 1376 749 1379 749 1410 741 1440 729 1477 738 1510 746 1513 746 1516 746 1630 735 1702 729 1839 732 2004 735 2006 735 2137 727 2419 707 2469 721 2480 724 2483 724 2486 724 2511 721 2606 702 2709 715 2711 671 2703 621 2555 643 2500 626 2491 624 2488 624 2486 624 2483 624 2477 626 2441 646 2296 632 2249 629 2246 629 2146 632 2143 632 2140 632 2140 635 2135 637 2115 654 1903 646 1781 640 1778 640 1728 651 1655 668 1343 671 1329 663 1315 654 1312 654 1309 654 1307 654 1304 654 1301 654 1287 665 1273 676 1137 676 1114 671 1087 660 1084 660 1081 660 1078 660 1075 660 1061 671 1053 679 950 679 922 676 838 663 836 663 833 663 769 682 752 688 604 688 607 724"/></Shape>
	    <String CONTENT="n&#x27;avait pas besoin de passer par la Belgique ? L&#x27;éclat avec lequel les"
                    HPOS="604"
                    VPOS="621"
                    WIDTH="2107"
                    HEIGHT="139"
                    WC="0.9967791242258889"></String>
          </TextLine>
          <TextLine ID="eSc_line_9b146ac1"
                    TAGREFS="LT31"
                    BASELINE="604 802 2670 757" 
                    HPOS="602"
                    VPOS="710"
                    WIDTH="2068"
                    HEIGHT="125">
            <Shape><Polygon POINTS="604 802 604 835 875 816 1070 824 1112 824 1114 824 1148 821 1262 807 1318 816 1335 819 1337 819 1357 816 1407 805 1530 810 1597 813 1599 813 1602 813 1622 807 1652 799 1828 802 1995 805 1998 805 2670 777 2670 757 2661 715 2302 727 2288 718 2274 710 2271 710 2268 710 2151 710 2148 710 2146 710 2112 721 2079 732 1786 727 1761 727 1758 727 1750 727 1630 743 1541 729 1502 724 1499 724 1421 732 1245 749 1220 735 1220 732 1218 732 1215 732 1212 732 1061 735 1059 735 1053 735 983 760 919 760 891 738 889 738 886 738 883 738 880 738 877 738 838 760 602 743 604 802"/></Shape>
	    <String CONTENT="fêtes nationales furent célébrées au mois de saptembre augmenta"
                    HPOS="602"
                    VPOS="710"
                    WIDTH="2068"
                    HEIGHT="125"
                    WC="0.9819160870143345"></String>
          </TextLine>
          <TextLine ID="eSc_line_f56a2104"
                    TAGREFS="LT31"
                    BASELINE="593 877 2725 824" 
                    HPOS="590"
                    VPOS="768"
                    WIDTH="2135"
                    HEIGHT="134">
            <Shape><Polygon POINTS="593 877 593 902 2725 855 2725 824 2717 768 2600 788 2519 774 2500 771 2497 771 2472 774 2383 793 2341 780 2338 780 2335 780 2332 780 2330 780 2327 780 2305 793 2112 788 2098 788 2095 788 2090 788 2020 802 1992 791 1978 785 1976 785 1973 785 1934 793 1884 805 1856 796 1831 788 1828 788 1825 788 1691 802 1569 813 1535 807 1488 796 1485 796 1401 799 1399 799 1396 799 1379 810 1368 819 1309 813 1234 807 1231 807 1229 807 1204 816 1195 821 1190 819 1176 805 1173 805 1170 805 1167 805 1047 807 1045 807 1042 807 1020 824 1011 827 975 824 836 813 833 813 830 813 799 830 791 835 657 835 654 835 638 821 635 821 632 821 629 821 627 821 590 835 593 877"/></Shape>
	    <String CONTENT="encore la considération dont jouissait un pays&quot; essez sûr de lud ime¬"
                    HPOS="590"
                    VPOS="768"
                    WIDTH="2135"
                    HEIGHT="134"
                    WC="0.9974527488584104"></String>
          </TextLine>
          <TextLine ID="eSc_line_732607a7"
                    TAGREFS="LT31"
                    BASELINE="582 944 2667 894" 
                    HPOS="579"
                    VPOS="844"
                    WIDTH="2088"
                    HEIGHT="125">
            <Shape><Polygon POINTS="582 944 582 969 1170 969 1170 966 1173 966 1223 955 1231 952 1234 952 1254 969 1257 969 1259 969 1262 969 1265 969 1268 969 1287 952 1293 949 1307 952 1388 966 1390 966 1457 952 1538 961 1541 961 1544 961 1546 961 1560 947 1563 947 1580 947 1820 955 1822 955 1825 955 1870 941 1873 941 2084 949 2087 949 2667 922 2667 894 2661 844 2575 844 2572 844 2569 844 2567 844 2567 846 2544 860 2508 846 2505 846 2502 846 2500 846 2497 846 2488 846 2427 863 2344 852 2332 852 2330 852 2327 852 2324 852 2305 866 2240 855 2213 852 2210 852 2160 858 2068 871 2009 863 1970 858 1967 858 1914 866 1850 877 1714 871 1588 869 1585 869 1538 877 1502 885 1424 883 1276 874 1273 874 1187 891 1156 894 1134 891 1053 880 1050 880 1047 880 1045 880 1045 883 1031 894 1028 897 1017 894 944 883 942 883 939 883 936 883 919 899 916 902 802 902 799 902 772 888 769 888 766 888 579 908 582 944"/></Shape>
	    <String CONTENT="me pour se livrer à la joie tandir qu’ailleurs les ingenétudes"
                    HPOS="579"
                    VPOS="844"
                    WIDTH="2088"
                    HEIGHT="125"
                    WC="0.9876985247173007"></String>
          </TextLine>
          <TextLine ID="eSc_line_426112a9"
                    TAGREFS="LT31"
                    BASELINE="590 1022 1530 1008 2385 975 2659 977" 
                    HPOS="588"
                    VPOS="919"
                    WIDTH="2071"
                    HEIGHT="125">
            <Shape><Polygon POINTS="590 1022 590 1044 2659 1005 2659 977 2653 922 2357 938 2338 930 2316 919 2313 919 2310 919 2307 919 2279 933 2260 941 2190 936 2109 927 2107 927 2104 927 2101 927 2087 938 2070 949 1842 952 1764 947 1655 941 1652 941 1555 955 1505 961 1485 958 1424 941 1421 941 1418 941 1415 941 1413 941 1390 961 1388 963 1376 961 1340 947 1337 947 1173 947 1170 947 1014 952 1011 952 1008 952 981 972 978 972 972 972 833 963 830 963 827 963 825 963 808 977 805 977 702 958 699 958 588 983 590 1022"/></Shape>
	    <String CONTENT="et les incertiendes de l&#x27;avenir préocupent tous les esprils&quot;"
                    HPOS="588"
                    VPOS="919"
                    WIDTH="2071"
                    HEIGHT="125"
                    WC="0.9984100371599197"></String>
          </TextLine>
          <TextLine ID="eSc_line_a540d598"
                    TAGREFS="LT31"
                    BASELINE="599 1100 2672 1033" 
                    HPOS="596"
                    VPOS="991"
                    WIDTH="2076"
                    HEIGHT="134">
            <Shape><Polygon POINTS="599 1100 599 1125 2672 1072 2672 1033 2664 991 2394 1005 2366 1000 2327 994 2324 994 2321 994 2318 994 2318 997 2310 1002 2305 1008 2291 1002 2257 994 2254 994 2252 994 2249 994 2204 1008 2187 1011 2157 1008 2068 1000 2065 1000 1806 1022 1753 1025 1736 1025 1663 1014 1661 1014 1658 1014 1630 1027 1624 1030 1608 1027 1541 1019 1538 1019 1039 1050 1008 1050 1006 1050 958 1036 956 1036 953 1036 950 1036 947 1036 928 1053 922 1053 682 1044 680 1044 596 1064 599 1100"/></Shape>
	    <String CONTENT="Bref, &lt;&gt; la nation pesqu&#x27;alors dédai guée s&#x27;imposa .&gt; tout à coup à"
                    HPOS="596"
                    VPOS="991"
                    WIDTH="2076"
                    HEIGHT="134"
                    WC="0.9929512993377798"></String>
          </TextLine>
          <TextLine ID="eSc_line_ef0df197"
                    TAGREFS="LT31"
                    BASELINE="615 1170 2179 1114 2720 1108" 
                    HPOS="613"
                    VPOS="1061"
                    WIDTH="2107"
                    HEIGHT="142">
            <Shape><Polygon POINTS="615 1170 615 1203 2717 1133 2720 1108 2714 1064 2310 1061 2307 1061 2215 1078 2207 1078 2196 1078 2054 1069 2051 1069 1906 1086 1881 1089 1856 1089 1719 1080 1716 1080 1608 1097 1591 1097 1577 1097 1474 1089 1471 1089 1388 1103 1365 1108 613 1125 615 1170"/></Shape>
	    <String CONTENT="l&#x27;estime et à la reconnaissance de l&#x27;Europe &lt;......&gt; et l&#x27;on"
                    HPOS="613"
                    VPOS="1061"
                    WIDTH="2107"
                    HEIGHT="142"
                    WC="0.9788480684405467"></String>
          </TextLine>
          <TextLine ID="eSc_line_fd800c8f"
                    TAGREFS="LT34"
                    BASELINE="1492 1175 1801 1162" 
                    HPOS="1492"
                    VPOS="1162"
                    WIDTH="309"
                    HEIGHT="13">
	    <String CONTENT=""
                    HPOS="1492"
                    VPOS="1162"
                    WIDTH="309"
                    HEIGHT="13"></String>
          </TextLine>
          <TextLine ID="eSc_line_503e2434"
                    TAGREFS="LT31"
                    BASELINE="599 1234 2703 1158" 
                    HPOS="596"
                    VPOS="1111"
                    WIDTH="2107"
                    HEIGHT="162">
            <Shape><Polygon POINTS="2684 1111 2681 1111 2614 1125 2522 1114 2486 1111 2483 1111 2480 1111 2477 1111 2472 1117 2452 1131 2321 1122 2260 1119 2257 1119 2254 1119 2252 1119 2243 1125 2224 1139 2182 1128 2168 1125 2165 1125 2162 1125 2160 1125 2157 1125 2157 1128 2154 1131 2140 1144 1836 1153 1797 1144 1764 1136 1761 1136 1758 1136 1549 1153 1365 1170 1251 1167 1087 1161 1084 1161 1081 1161 1078 1161 1061 1175 1053 1181 1045 1175 1034 1170 1031 1170 1028 1170 900 1181 802 1189 788 1186 752 1172 749 1172 746 1172 744 1172 707 1189 699 1195 596 1195 599 1234 599 1273 682 1256 1020 1256 1142 1256 1145 1256 1148 1256 1162 1250 1184 1242 1290 1245 1371 1248 1374 1248 1376 1248 1379 1248 1379 1245 1385 1242 1396 1231 1474 1239 1530 1242 1532 1242 1652 1231 1792 1217 1842 1222 1889 1228 1892 1228 2700 1186 2703 1158 2695 1111 2684 1111"/></Shape>
	    <String CONTENT="peut comparer le pristige &lt;......&gt; à celui qu&#x27;elle devait"
                    HPOS="596"
                    VPOS="1111"
                    WIDTH="2107"
                    HEIGHT="162"
                    WC="0.9401866372289329"></String>
          </TextLine>
          <TextLine ID="eSc_line_06d36345"
                    TAGREFS="LT31"
                    BASELINE="602 1298 1309 1287 2684 1231" 
                    HPOS="599"
                    VPOS="1181"
                    WIDTH="2085"
                    HEIGHT="147">
            <Shape><Polygon POINTS="602 1298 602 1328 2681 1256 2684 1231 2672 1181 2617 1197 2594 1183 2592 1183 2589 1183 2586 1183 2583 1183 2580 1183 2558 1200 2433 1189 2413 1189 2410 1189 2408 1189 2399 1192 2330 1209 2277 1195 2266 1195 2263 1195 2246 1197 2168 1214 2065 1203 2040 1203 2037 1203 2034 1203 2031 1203 2029 1206 2009 1220 1931 1211 1928 1211 1466 1239 1415 1231 1388 1225 1385 1225 1382 1225 1354 1234 1307 1245 1218 1239 1151 1234 1148 1234 1145 1234 1112 1242 1067 1253 989 1248 916 1242 914 1242 599 1261 602 1298"/></Shape>
	    <String CONTENT="recevoir en 1914 de &lt;....&gt; sa repouse à l&#x27;ultimatum allémand."
                    HPOS="599"
                    VPOS="1181"
                    WIDTH="2085"
                    HEIGHT="147"
                    WC="0.9641879518185893"></String>
          </TextLine>
          <TextLine ID="eSc_line_9e8cbbd6"
                    TAGREFS="LT31"
                    BASELINE="602 1373 2670 1298" 
                    HPOS="599"
                    VPOS="1253"
                    WIDTH="2071"
                    HEIGHT="148">
            <Shape><Polygon POINTS="602 1373 602 1395 972 1401 975 1401 978 1401 981 1401 1000 1384 1003 1384 1025 1384 1290 1390 1293 1390 1376 1373 1393 1370 1415 1370 1516 1381 1519 1381 1650 1365 1675 1362 1686 1362 1739 1373 1742 1373 2670 1331 2670 1298 2664 1256 2380 1253 2377 1253 2318 1264 2282 1273 2257 1267 2221 1259 2218 1259 2215 1259 2165 1270 2126 1281 1808 1289 1783 1281 1764 1275 1761 1275 1758 1275 1686 1284 1591 1298 1502 1289 1446 1287 1443 1287 1388 1295 1284 1309 1084 1303 1036 1303 1034 1303 1031 1303 1022 1306 978 1320 922 1309 905 1306 903 1306 869 1309 749 1328 599 1320 602 1373"/></Shape>
	    <String CONTENT="Comme alors, ..ule péail cosit appar.t .. .......&gt;"
                    HPOS="599"
                    VPOS="1253"
                    WIDTH="2071"
                    HEIGHT="148"
                    WC="0.9442313575744629"></String>
          </TextLine>
          <TextLine ID="eSc_line_85383394"
                    TAGREFS="LT31"
                    BASELINE="590 1440 2686 1359" 
                    HPOS="588"
                    VPOS="1309"
                    WIDTH="2098"
                    HEIGHT="164">
            <Shape><Polygon POINTS="590 1440 590 1473 2686 1387 2686 1359 2678 1309 2528 1328 2201 1328 2176 1328 2174 1328 2168 1328 2095 1345 1981 1337 1973 1337 1970 1337 1967 1337 1964 1337 1939 1353 588 1392 590 1440"/></Shape>
	    <String CONTENT="notiorcale se nationalité &lt;.. ...&gt; où l&#x27;ils auger ne voulait"
                    HPOS="588"
                    VPOS="1309"
                    WIDTH="2098"
                    HEIGHT="164"
                    WC="0.9387295052409173"></String>
          </TextLine>
          <TextLine ID="eSc_line_232775de"
                    TAGREFS="LT31"
                    BASELINE="593 1501 875 1501 2449 1434 2700 1434" 
                    HPOS="590"
                    VPOS="1390"
                    WIDTH="2110"
                    HEIGHT="144">
            <Shape><Polygon POINTS="593 1501 593 1534 2118 1487 2252 1479 2614 1454 2698 1462 2700 1434 2695 1390 590 1459 593 1501"/></Shape>
	    <String CONTENT="voir que &lt;.&gt; l&#x27;éphénière résultat d&#x27;une révolution de hasard to¬"
                    HPOS="590"
                    VPOS="1390"
                    WIDTH="2110"
                    HEIGHT="144"
                    WC="0.9813858065754175"></String>
          </TextLine>
          <TextLine ID="eSc_line_39fdbd84"
                    TAGREFS="LT31"
                    BASELINE="582 1562 1106 1562 2692 1504" 
                    HPOS="582"
                    VPOS="1451"
                    WIDTH="2110"
                    HEIGHT="156">
            <Shape><Polygon POINTS="582 1596 741 1607 744 1607 746 1607 749 1607 769 1590 772 1590 797 1590 997 1599 1000 1599 1329 1573 1382 1571 1410 1571 1585 1579 1588 1579 2692 1529 2692 1504 2684 1451 2578 1470 2095 1470 2082 1470 2079 1470 2076 1470 1990 1490 1914 1476 1912 1476 1909 1476 1906 1476 1842 1493 1480 1493 1477 1493 1153 1521 582 1521 582 1562 582 1596"/></Shape>
	    <String CONTENT="lérée par des puissances en vertu de considérations internationales rex"
                    HPOS="582"
                    VPOS="1451"
                    WIDTH="2110"
                    HEIGHT="156"
                    WC="0.9892088170622436"></String>
          </TextLine>
          <TextLine ID="eSc_line_171f73ee"
                    TAGREFS="LT31"
                    BASELINE="571 1632 1758 1610 2681 1568" 
                    HPOS="568"
                    VPOS="1523"
                    WIDTH="2113"
                    HEIGHT="151">
            <Shape><Polygon POINTS="571 1632 571 1674 668 1657 813 1665 855 1668 858 1668 861 1668 864 1668 866 1665 883 1651 933 1663 953 1665 956 1665 958 1665 961 1665 967 1660 989 1649 1031 1660 1047 1663 1050 1663 1053 1663 2681 1599 2681 1568 2672 1523 2564 1540 2536 1526 2533 1526 2530 1526 2528 1526 2346 1532 2344 1532 2335 1534 2288 1551 2226 1537 2207 1534 2204 1534 2168 1540 2076 1560 1711 1568 1663 1560 1627 1551 1624 1551 1566 1562 1502 1573 1449 1565 1401 1560 1399 1560 1396 1560 1365 1568 1329 1582 1089 1585 1075 1579 1053 1571 1050 1571 1047 1571 975 1582 944 1587 930 1585 891 1573 889 1573 886 1573 883 1573 830 1587 811 1593 797 1590 758 1576 755 1576 752 1576 749 1576 746 1576 724 1593 716 1596 705 1593 660 1579 657 1579 654 1579 568 1596 571 1632"/></Shape>
	    <String CONTENT="&lt;.&gt; attesta la force inconsciente qu&#x27;elle devait"
                    HPOS="568"
                    VPOS="1523"
                    WIDTH="2113"
                    HEIGHT="151"
                    WC="0.9878443256020546"></String>
          </TextLine>
          <TextLine ID="eSc_line_40fd22fa"
                    TAGREFS="LT31"
                    BASELINE="568 1704 2670 1640" 
                    HPOS="565"
                    VPOS="1596"
                    WIDTH="2105"
                    HEIGHT="131">
            <Shape><Polygon POINTS="568 1704 568 1724 1204 1727 1206 1727 2670 1663 2670 1640 2664 1601 2391 1596 2388 1596 2226 1612 2199 1615 2187 1615 2123 1604 2121 1604 2029 1618 2012 1621 2001 1621 1925 1610 1923 1610 1920 1610 1917 1610 1900 1624 1898 1626 1842 1626 1454 1626 1452 1626 1388 1638 1374 1640 1362 1640 1287 1629 1284 1629 1204 1643 1190 1646 1178 1646 1103 1635 1100 1635 1098 1635 1095 1635 1081 1649 1078 1649 1064 1649 925 1640 922 1640 565 1663 568 1704"/></Shape>
	    <String CONTENT="à la tradition suclaiie d&#x27;un long passé historique, à la commu¬"
                    HPOS="565"
                    VPOS="1596"
                    WIDTH="2105"
                    HEIGHT="131"
                    WC="0.9811031988033881"></String>
          </TextLine>
          <TextLine ID="eSc_line_dfa4bca5"
                    TAGREFS="LT31"
                    BASELINE="560 1774 2664 1702" 
                    HPOS="557"
                    VPOS="1665"
                    WIDTH="2107"
                    HEIGHT="143">
            <Shape><Polygon POINTS="560 1774 560 1808 1212 1771 1730 1771 1772 1769 1786 1769 1962 1746 2477 1743 2480 1743 2483 1743 2505 1730 2661 1738 2664 1702 2656 1665 2017 1674 1867 1691 1842 1693 1831 1693 1764 1682 1761 1682 1758 1682 1755 1682 1739 1696 1736 1696 1716 1696 1535 1691 1532 1691 1530 1691 1527 1691 1507 1704 1499 1704 1438 1693 1435 1693 1432 1693 1404 1707 1401 1710 1357 1710 894 1713 819 1727 816 1727 813 1727 707 1718 705 1718 557 1735 560 1774"/></Shape>
	    <String CONTENT="nauté seculaire des souveuirs, des souffrances des institutions et des"
                    HPOS="557"
                    VPOS="1665"
                    WIDTH="2107"
                    HEIGHT="143"
                    WC="0.9915962534291404"></String>
          </TextLine>
          <TextLine ID="eSc_line_5edd70a4"
                    TAGREFS="LT31"
                    BASELINE="554 1841 2675 1771" 
                    HPOS="551"
                    VPOS="1730"
                    WIDTH="2124"
                    HEIGHT="139">
            <Shape><Polygon POINTS="554 1841 554 1869 2675 1805 2675 1771 2670 1735 2355 1730 2352 1730 2349 1730 2346 1730 2321 1746 2316 1749 2196 1749 2187 1749 2065 1738 2062 1738 1962 1757 1953 1760 1806 1763 1803 1763 1775 1749 1772 1749 1769 1749 1602 1769 1594 1769 1560 1755 1558 1755 1555 1755 1480 1774 1468 1774 1460 1774 1388 1760 1385 1760 1279 1777 1170 1769 1167 1769 1165 1769 1131 1785 1128 1785 1120 1785 1047 1771 1045 1771 1042 1771 1039 1771 1017 1788 1014 1791 850 1794 844 1794 797 1780 794 1780 791 1780 551 1802 554 1841"/></Shape>
	    <String CONTENT="intérets qui d&#x27;une aggrégation de provinces avait fini par formir une"
                    HPOS="551"
                    VPOS="1730"
                    WIDTH="2124"
                    HEIGHT="139"
                    WC="0.9923153303671575"></String>
          </TextLine>
          <TextLine ID="eSc_line_79136e8f"
                    TAGREFS="LT31"
                    BASELINE="546 1916 2653 1830" 
                    HPOS="543"
                    VPOS="1780"
                    WIDTH="2110"
                    HEIGHT="172">
            <Shape><Polygon POINTS="546 1916 546 1952 624 1936 1173 1925 1429 1919 1527 1908 1636 1897 1694 1899 1767 1905 1769 1905 2653 1852 2653 1830 2650 1794 2578 1780 2575 1780 2572 1780 2500 1799 2494 1799 2488 1799 2438 1785 2436 1785 2433 1785 2430 1785 2355 1805 2349 1805 2344 1805 2252 1794 2249 1794 2246 1794 2213 1810 2210 1810 2204 1810 2112 1802 2109 1802 1909 1821 1881 1824 1870 1824 1753 1813 1750 1813 1622 1835 1611 1835 1605 1835 1549 1821 1546 1821 1544 1821 1541 1821 1538 1821 1513 1838 1482 1824 1480 1824 1477 1824 1474 1824 1471 1824 1449 1841 1446 1841 1435 1841 1162 1838 1159 1838 1156 1838 1153 1838 1134 1855 1131 1855 1098 1844 1095 1844 1092 1844 1089 1844 1087 1844 1067 1858 1064 1860 847 1866 838 1866 730 1855 727 1855 543 1877 546 1916"/></Shape>
	    <String CONTENT="&lt;.......... ...&gt; une patue. Le même seutiment d&#x27;indépendance"
                    HPOS="543"
                    VPOS="1780"
                    WIDTH="2110"
                    HEIGHT="172"
                    WC="0.9380971064170202"></String>
          </TextLine>
          <TextLine ID="eSc_line_0160dd54"
                    TAGREFS="LT31"
                    BASELINE="551 1989 2240 1908 2650 1897" 
                    HPOS="546"
                    VPOS="1852"
                    WIDTH="2104"
                    HEIGHT="176">
            <Shape><Polygon POINTS="551 1989 554 2028 615 2011 666 2022 668 2022 671 2022 682 2022 866 2000 1000 2005 1025 2005 1028 2005 1059 2003 1209 1983 1293 1991 1318 1991 1321 1991 1351 1989 1449 1972 1527 1977 1563 1980 1566 1980 1627 1972 1747 1958 1814 1964 1853 1966 1856 1966 1859 1966 1873 1961 1892 1950 2650 1919 2650 1897 2645 1852 2369 1852 2366 1852 2277 1872 2268 1872 2263 1872 2221 1858 2218 1858 2215 1858 2090 1880 2079 1883 2045 1883 1697 1883 1694 1883 1691 1883 1624 1902 1619 1902 1613 1902 1569 1888 1566 1888 1563 1888 1560 1888 1558 1888 1558 1891 1544 1902 1485 1894 1482 1894 1270 1916 1248 1919 1245 1919 1206 1905 1204 1905 1201 1905 1098 1925 1084 1927 1075 1927 1028 1913 1025 1913 1022 1913 546 1950 551 1989"/></Shape>
	    <String CONTENT="qui au XVIe siècle avait uné le Belges dans leur révoletion contre &lt;&lt;.&gt;"
                    HPOS="546"
                    VPOS="1852"
                    WIDTH="2104"
                    HEIGHT="176"
                    WC="0.9767158140598888"></String>
          </TextLine>
          <TextLine ID="eSc_line_de320fe5"
                    TAGREFS="LT31"
                    BASELINE="563 2058 1201 2036 2324 1972 2645 1966" 
                    HPOS="557"
                    VPOS="1922"
                    WIDTH="2088"
                    HEIGHT="170">
            <Shape><Polygon POINTS="563 2058 563 2086 785 2092 788 2092 1117 2058 1493 2055 1496 2055 1566 2036 1574 2036 1583 2036 1680 2047 1683 2047 1686 2047 1739 2028 1742 2025 1811 2025 2625 2000 2628 2000 2631 2000 2645 1986 2645 1966 2639 1922 2182 1927 2087 1933 2084 1933 2082 1933 2065 1950 2062 1950 2051 1950 1850 1944 1847 1944 1845 1944 1792 1964 1789 1964 1772 1964 1552 1961 1549 1961 1546 1961 1507 1977 1507 1980 1276 1989 1237 1975 1234 1975 1231 1975 1229 1975 1170 1994 1064 1983 1061 1983 891 2008 855 1994 852 1994 850 1994 847 1994 780 2011 735 2000 733 2000 730 2000 727 2000 724 2000 696 2016 576 2008 574 2008 571 2008 568 2008 568 2011 557 2019 563 2058"/></Shape>
	    <String CONTENT="Ptilippe II, à la fii du XVIIIe dans leur révolition cntre Jerept II, du 1830"
                    HPOS="557"
                    VPOS="1922"
                    WIDTH="2088"
                    HEIGHT="170"
                    WC="0.9817822514436184"></String>
          </TextLine>
          <TextLine ID="eSc_line_b20dbd62"
                    TAGREFS="LT31"
                    BASELINE="546 2128 2667 2039" 
                    HPOS="543"
                    VPOS="1997"
                    WIDTH="2124"
                    HEIGHT="156">
            <Shape><Polygon POINTS="546 2128 546 2150 872 2153 875 2153 1008 2133 1028 2131 1034 2131 1070 2145 1073 2145 1075 2145 1563 2122 1566 2122 1608 2108 1619 2106 1633 2108 1691 2117 1694 2117 1761 2103 1772 2100 1775 2103 1794 2114 1797 2114 1800 2114 1803 2114 1964 2094 2012 2089 2059 2089 2174 2094 2176 2094 2179 2094 2199 2083 2210 2078 2667 2064 2667 2039 2664 2003 2385 1997 2383 1997 2199 2019 2176 2022 2165 2022 2098 2011 2095 2011 1984 2028 1970 2030 1964 2030 1925 2016 1923 2016 1920 2016 1750 2039 1716 2042 1697 2042 1591 2030 1588 2030 1452 2050 1429 2053 1379 2053 1137 2053 1134 2053 1131 2053 1106 2064 1103 2067 1098 2064 1073 2053 1070 2053 1067 2053 1064 2053 1003 2069 986 2075 632 2086 627 2083 602 2072 599 2072 596 2072 593 2072 543 2086 546 2128"/></Shape>
	    <String CONTENT="dans leur rivolution contre Guillamme I, les varit en 1848 dans une"
                    HPOS="543"
                    VPOS="1997"
                    WIDTH="2124"
                    HEIGHT="156"
                    WC="0.9961047305989621"></String>
          </TextLine>
          <TextLine ID="eSc_line_0a2f8876"
                    TAGREFS="LT31"
                    BASELINE="532 2195 2664 2108" 
                    HPOS="529"
                    VPOS="2058"
                    WIDTH="2135"
                    HEIGHT="167">
            <Shape><Polygon POINTS="532 2195 532 2217 707 2225 710 2225 799 2209 819 2206 852 2206 1003 2214 1006 2214 1092 2198 1100 2198 1117 2198 1287 2203 1290 2203 1541 2192 1544 2192 1546 2192 1563 2181 1566 2178 1571 2181 1591 2189 1594 2189 1597 2189 1599 2189 1636 2178 1655 2172 1677 2175 1719 2184 1722 2184 2112 2170 2115 2170 2154 2159 2187 2150 2232 2156 2277 2161 2279 2161 2282 2161 2310 2153 2344 2145 2397 2150 2455 2156 2458 2156 2461 2156 2491 2147 2528 2136 2659 2139 2664 2108 2659 2058 2514 2081 529 2145 532 2195"/></Shape>
	    <String CONTENT="même volaité de sauvegarder leur autonorime à peine reconquise."
                    HPOS="529"
                    VPOS="2058"
                    WIDTH="2135"
                    HEIGHT="167"
                    WC="0.9876172235235572"></String>
          </TextLine>
          <TextLine ID="eSc_line_135b05fe"
                    TAGREFS="LT31"
                    BASELINE="532 2267 2678 2181" 
                    HPOS="529"
                    VPOS="2128"
                    WIDTH="2149"
                    HEIGHT="175">
            <Shape><Polygon POINTS="532 2267 532 2289 738 2303 741 2303 744 2303 772 2289 1014 2292 1017 2292 1020 2292 1075 2276 1092 2270 1117 2273 1195 2284 1198 2284 1287 2267 1298 2267 1312 2267 1429 2276 1432 2276 1435 2276 1488 2262 1524 2253 1571 2259 1630 2267 1633 2267 1636 2267 1655 2256 1672 2248 1722 2256 1769 2262 1772 2262 1828 2250 1917 2234 1956 2248 1973 2253 1976 2253 1978 2253 2015 2245 2098 2228 2452 2228 2452 2225 2455 2225 2458 2225 2477 2211 2592 2223 2594 2223 2597 2223 2600 2223 2619 2206 2672 2225 2678 2181 2672 2128 2530 2150 2424 2139 2422 2139 2257 2161 2132 2150 2129 2150 2126 2150 2123 2150 2043 2172 1691 2172 1689 2172 1566 2189 1505 2175 1499 2175 1496 2175 1480 2175 1284 2200 1165 2189 1153 2189 1151 2189 1137 2189 1011 2211 956 2198 953 2198 950 2198 947 2198 944 2198 942 2198 919 2217 788 2220 769 2206 766 2206 763 2206 760 2206 758 2206 755 2206 730 2223 529 2217 532 2267"/></Shape>
	    <String CONTENT="Devant le péril qui les menoçait également, les partis . condlurent une"
                    HPOS="529"
                    VPOS="2128"
                    WIDTH="2149"
                    HEIGHT="175"
                    WC="0.9825554221448763"></String>
          </TextLine>
          <TextLine ID="eSc_line_6f80d81a"
                    TAGREFS="LT31"
                    BASELINE="532 2334 2661 2259" 
                    HPOS="529"
                    VPOS="2223"
                    WIDTH="2132"
                    HEIGHT="139">
            <Shape><Polygon POINTS="532 2334 532 2356 905 2362 908 2362 911 2362 914 2362 933 2348 989 2362 992 2362 995 2362 997 2362 1000 2362 1000 2359 1014 2348 1073 2359 1075 2359 1078 2359 1123 2342 1156 2356 1159 2356 1162 2356 1165 2356 1243 2334 1248 2334 1257 2334 1379 2348 1382 2348 1385 2348 1388 2348 1407 2334 1421 2345 1424 2345 1427 2345 1429 2345 1432 2345 1482 2328 1552 2342 1555 2342 1708 2323 1789 2334 1792 2334 1794 2334 1861 2315 1873 2312 1889 2315 1973 2326 1976 2326 2121 2306 2143 2303 2148 2306 2179 2320 2182 2320 2185 2320 2187 2320 2254 2301 2271 2298 2299 2301 2422 2312 2424 2312 2427 2312 2430 2312 2452 2295 2458 2289 2661 2287 2661 2259 2653 2223 922 2267 841 2284 560 2281 557 2281 554 2281 529 2292 532 2334"/></Shape>
	    <String CONTENT="trive de salut public et leur union fit leur force aussi longtemps que dura"
                    HPOS="529"
                    VPOS="2223"
                    WIDTH="2132"
                    HEIGHT="139"
                    WC="0.9942984477678934"></String>
          </TextLine>
          <TextLine ID="eSc_line_2ad9731b"
                    TAGREFS="LT31"
                    BASELINE="526 2398 2661 2320" 
                    HPOS="523"
                    VPOS="2270"
                    WIDTH="2138"
                    HEIGHT="150">
            <Shape><Polygon POINTS="526 2398 526 2420 2661 2351 2661 2320 2653 2270 2422 2292 2176 2289 2121 2289 2118 2289 2101 2292 2040 2306 1937 2301 1895 2298 1892 2298 1889 2298 1886 2298 1886 2301 1884 2301 1873 2315 1357 2331 1326 2326 1296 2320 1293 2320 1243 2328 1201 2337 1061 2337 825 2337 822 2337 819 2337 816 2337 799 2348 794 2351 772 2351 671 2342 668 2342 523 2359 526 2398"/></Shape>
	    <String CONTENT="la crise &quot; Politiquement, ecrit le ministre de France dès le 17 mens, la Bel¬"
                    HPOS="523"
                    VPOS="2270"
                    WIDTH="2138"
                    HEIGHT="150"
                    WC="0.9955633096880727"></String>
          </TextLine>
          <TextLine ID="eSc_line_c70e50f1"
                    TAGREFS="LT31"
                    BASELINE="532 2471 2190 2409 2672 2401" 
                    HPOS="529"
                    VPOS="2354"
                    WIDTH="2143"
                    HEIGHT="153">
            <Shape><Polygon POINTS="532 2471 535 2507 694 2487 716 2501 719 2501 721 2501 724 2501 735 2501 891 2482 1145 2484 1148 2484 1237 2468 1298 2482 1307 2482 1309 2482 1360 2479 1730 2451 1778 2462 1781 2462 1783 2462 1786 2462 1789 2462 1811 2448 1912 2459 1920 2459 1923 2459 1925 2459 1928 2459 1956 2443 2140 2448 2143 2448 2263 2432 2670 2432 2672 2401 2664 2354 529 2418 532 2471"/></Shape>
	    <String CONTENT="gique offre le spectacle le plus rassurant et le plus noblé. Tout le monde"
                    HPOS="529"
                    VPOS="2354"
                    WIDTH="2143"
                    HEIGHT="153"
                    WC="0.995772417332675"></String>
          </TextLine>
          <TextLine ID="eSc_line_d4ea2c1f"
                    TAGREFS="LT31"
                    BASELINE="523 2543 2622 2471" 
                    HPOS="521"
                    VPOS="2420"
                    WIDTH="2101"
                    HEIGHT="154">
            <Shape><Polygon POINTS="523 2543 523 2560 599 2574 602 2574 760 2554 774 2554 816 2554 1148 2554 1151 2554 1153 2554 1156 2554 1167 2543 1173 2540 1192 2543 1245 2551 1248 2551 1516 2535 1742 2521 1783 2526 1811 2532 1814 2532 1928 2523 2148 2507 2622 2507 2622 2471 2614 2420 2449 2440 2182 2437 2148 2437 2146 2437 2143 2437 2140 2437 2123 2454 1775 2454 1672 2454 1669 2454 1666 2454 1658 2457 1636 2468 1491 2465 1413 2462 1410 2462 1340 2471 1237 2482 1117 2479 1006 2476 1003 2476 521 2501 523 2543"/></Shape>
	    <String CONTENT="&lt;&gt; oublie ses préoccupation et ses vaux personnels pour ne songer"
                    HPOS="521"
                    VPOS="2420"
                    WIDTH="2101"
                    HEIGHT="154"
                    WC="0.9775685539612403"></String>
          </TextLine>
          <TextLine ID="eSc_line_564a363a"
                    TAGREFS="LT31"
                    BASELINE="523 2604 2656 2543" 
                    HPOS="521"
                    VPOS="2493"
                    WIDTH="2135"
                    HEIGHT="147">
            <Shape><Polygon POINTS="523 2604 523 2640 719 2621 855 2632 864 2632 866 2632 869 2632 919 2615 1081 2627 1100 2627 1103 2627 1106 2627 1109 2627 1137 2610 1460 2615 1488 2615 1491 2615 1493 2615 1496 2615 1532 2596 1686 2593 2246 2593 2263 2593 2266 2593 2268 2593 2388 2574 2410 2588 2413 2588 2416 2588 2419 2588 2422 2588 2461 2571 2650 2582 2656 2543 2650 2507 2461 2493 2458 2493 2455 2493 2452 2493 2427 2510 2260 2501 2257 2501 2115 2518 2076 2504 2073 2504 2070 2504 2068 2504 2065 2504 2037 2523 1831 2526 1789 2512 1786 2512 1783 2512 1251 2543 1204 2529 1201 2529 1198 2529 900 2554 579 2549 576 2549 574 2549 521 2565 523 2604"/></Shape>
	    <String CONTENT="qu&#x27;au bien de la patrie. Catholiques et libéraux votent ensemble avec"
                    HPOS="521"
                    VPOS="2493"
                    WIDTH="2135"
                    HEIGHT="147"
                    WC="0.9881323377291361"></String>
          </TextLine>
          <TextLine ID="eSc_line_b95f6338"
                    TAGREFS="LT31"
                    BASELINE="515 2677 1574 2649" 
                    HPOS="512"
                    VPOS="2599"
                    WIDTH="1062"
                    HEIGHT="94">
            <Shape><Polygon POINTS="515 2677 515 2693 1571 2682 1574 2649 1566 2599 1457 2618 1326 2618 1301 2607 1298 2604 1296 2604 1293 2604 1290 2604 1287 2604 1287 2607 1273 2618 1181 2610 1145 2607 1142 2607 1114 2613 1034 2627 964 2615 933 2613 930 2613 928 2613 916 2618 900 2627 875 2618 861 2615 858 2615 855 2615 811 2621 716 2635 512 2632 515 2677"/></Shape>
	    <String CONTENT="sincérité et sans arrière peusér&quot;"
                    HPOS="512"
                    VPOS="2599"
                    WIDTH="1062"
                    HEIGHT="94"
                    WC="0.9975030169342504"></String>
          </TextLine>
          <TextLine ID="eSc_line_27bfd1d3"
                    TAGREFS="LT31"
                    BASELINE="537 2741 2664 2671" 
                    HPOS="535"
                    VPOS="2618"
                    WIDTH="2129"
                    HEIGHT="148">
            <Shape><Polygon POINTS="537 2741 537 2766 2664 2696 2664 2671 2656 2618 2575 2635 2505 2621 2494 2621 2491 2621 2452 2624 2235 2646 2112 2635 2090 2635 2087 2635 2070 2638 1978 2654 1778 2646 1730 2646 1728 2646 1725 2646 1722 2646 1719 2649 1702 2663 1613 2652 1597 2652 1594 2652 1591 2652 1585 2654 1546 2671 535 2688 537 2741"/></Shape>
	    <String CONTENT="&lt;......... .... ...  . ....&gt; sernt"
                    HPOS="535"
                    VPOS="2618"
                    WIDTH="2129"
                    HEIGHT="148"
                    WC="0.8478914692121393"></String>
          </TextLine>
          <TextLine ID="eSc_line_ec90774f"
                    TAGREFS="LT31"
                    BASELINE="504 2805 2068 2752 2659 2741" 
                    HPOS="501"
                    VPOS="2693"
                    WIDTH="2158"
                    HEIGHT="137">
            <Shape><Polygon POINTS="504 2805 504 2830 2659 2769 2659 2741 2650 2693 501 2757 504 2805"/></Shape>
	    <String CONTENT="une naiveté de ne point tenir compte des considérations d&#x27;intirêt politi¬"
                    HPOS="501"
                    VPOS="2693"
                    WIDTH="2158"
                    HEIGHT="137"
                    WC="0.9854349665445824"></String>
          </TextLine>
          <TextLine ID="eSc_line_e06c6f5d"
                    TAGREFS="LT31"
                    BASELINE="535 2872 2656 2802" 
                    HPOS="532"
                    VPOS="2752"
                    WIDTH="2124"
                    HEIGHT="159">
            <Shape><Polygon POINTS="535 2872 537 2911 579 2894 735 2902 744 2902 746 2902 755 2902 886 2883 930 2894 939 2897 942 2897 944 2897 947 2897 953 2894 981 2880 1195 2886 1284 2886 1287 2886 1374 2883 1376 2883 1379 2883 1379 2880 1385 2877 1396 2866 1485 2872 1516 2874 1519 2874 1538 2872 1583 2861 1608 2869 1630 2874 1633 2874 1636 2874 2656 2824 2656 2802 2647 2752 532 2827 535 2872"/></Shape>
	    <String CONTENT="que qui furent pour buaucoup dans le potriotisme de la bourgeoisie mais"
                    HPOS="532"
                    VPOS="2752"
                    WIDTH="2124"
                    HEIGHT="159"
                    WC="0.9949176202357655"></String>
          </TextLine>
          <TextLine ID="eSc_line_7c983d60"
                    TAGREFS="LT31"
                    BASELINE="507 2947 1061 2916 2628 2872" 
                    HPOS="504"
                    VPOS="2824"
                    WIDTH="2124"
                    HEIGHT="148">
            <Shape><Polygon POINTS="507 2947 507 2972 1028 2955 1031 2955 1034 2955 1034 2952 1047 2941 1204 2952 1212 2952 1215 2952 1220 2952 1307 2933 1532 2941 1538 2941 1541 2941 1544 2941 1588 2925 1730 2936 1742 2936 1744 2936 1761 2936 1937 2911 2628 2905 2628 2872 2622 2835 2455 2824 2452 2824 2360 2841 2357 2841 2352 2841 2098 2835 2095 2835 504 2897 507 2947"/></Shape>
	    <String CONTENT="ce serait à la fois une inpestice et une sottise de ne l&#x27;expliques que par"
                    HPOS="504"
                    VPOS="2824"
                    WIDTH="2124"
                    HEIGHT="148"
                    WC="0.9967064142227173"></String>
          </TextLine>
          <TextLine ID="eSc_line_fceaaf51"
                    TAGREFS="LT31"
                    BASELINE="512 3017 1446 2972 2633 2944" 
                    HPOS="510"
                    VPOS="2900"
                    WIDTH="2123"
                    HEIGHT="144">
            <Shape><Polygon POINTS="512 3017 512 3044 1282 3003 1360 3017 1362 3017 1532 2994 1616 3008 1619 3008 1622 3008 1624 3008 1650 2991 1733 3003 1736 3003 1881 2980 2633 2975 2633 2944 2625 2900 510 2955 512 3017"/></Shape>
	    <String CONTENT="là. Aux heures décisives, l&#x27;intérêt ne peut rien s&#x27;il n&#x27;est soutencu et eu¬"
                    HPOS="510"
                    VPOS="2900"
                    WIDTH="2123"
                    HEIGHT="144"
                    WC="0.9903641231854756"></String>
          </TextLine>
          <TextLine ID="eSc_line_bc87d823"
                    TAGREFS="LT31"
                    BASELINE="507 3083 1059 3053 2603 3008" 
                    HPOS="504"
                    VPOS="2964"
                    WIDTH="2099"
                    HEIGHT="142">
            <Shape><Polygon POINTS="507 3083 507 3106 2603 3036 2603 3008 2597 2964 2330 2964 2327 2964 2279 2972 2240 2980 2193 2975 2123 2969 2121 2969 2118 2969 2079 2980 2054 2986 2031 2983 1981 2972 1978 2972 1900 2986 1870 2991 1853 2989 1820 2978 1817 2978 1814 2978 1647 2983 1440 3003 1368 3008 1354 3005 1321 2994 1318 2994 1315 2994 1312 2994 1287 3008 1279 3011 1262 3008 1206 2997 1204 2997 1201 2997 1198 2997 1176 3011 1170 3014 1142 3014 1025 3003 1022 3003 504 3033 507 3083"/></Shape>
	    <String CONTENT="noblé par un idéal. &lt;. .... .. . .......&gt; mel doute"
                    HPOS="504"
                    VPOS="2964"
                    WIDTH="2099"
                    HEIGHT="142"
                    WC="0.9557786911141639"></String>
          </TextLine>
          <TextLine ID="eSc_line_e0a6dfb1"
                    TAGREFS="LT31"
                    BASELINE="510 3145 886 3120 2589 3078" 
                    HPOS="507"
                    VPOS="3030"
                    WIDTH="2082"
                    HEIGHT="140">
            <Shape><Polygon POINTS="510 3145 510 3170 852 3142 922 3159 925 3159 928 3159 930 3159 939 3159 1067 3136 1309 3147 1335 3147 1337 3147 1354 3147 1466 3131 1521 3142 1530 3142 1532 3142 1535 3142 1538 3142 1566 3125 1711 3136 1733 3136 1736 3136 1739 3136 1744 3134 1781 3117 1853 3131 1867 3134 1870 3134 1873 3134 1875 3134 1878 3131 1903 3111 2589 3108 2589 3078 2583 3039 2299 3030 2296 3030 2293 3030 2291 3030 2291 3033 2277 3047 2274 3050 2165 3050 2157 3050 2104 3036 2101 3036 2098 3036 2095 3036 2093 3036 2076 3053 2073 3056 1978 3056 1970 3056 1909 3042 1906 3042 1903 3042 1870 3058 1867 3058 1836 3058 1566 3050 1563 3050 1560 3050 1558 3050 1535 3067 1532 3069 1427 3069 1418 3069 1259 3058 1257 3058 1254 3058 1209 3075 1139 3061 1137 3061 1134 3061 1131 3061 1112 3078 1112 3081 1070 3081 961 3081 930 3067 928 3067 925 3067 507 3095 510 3145"/></Shape>
	    <String CONTENT="que les cattoliques et les libésaux de 1848 furent &lt;....&gt; décédés plus"
                    HPOS="507"
                    VPOS="3030"
                    WIDTH="2082"
                    HEIGHT="140"
                    WC="0.9693081268242427"></String>
          </TextLine>
          <TextLine ID="eSc_line_a156c66b"
                    TAGREFS="LT31"
                    BASELINE="498 3212 1683 3161 2631 3142" 
                    HPOS="496"
                    VPOS="3089"
                    WIDTH="2135"
                    HEIGHT="148">
            <Shape><Polygon POINTS="498 3212 498 3237 1404 3212 1438 3209 1574 3192 1627 3203 1636 3203 1638 3203 1652 3203 1733 3186 1937 3192 1948 3192 1951 3192 1953 3192 1984 3178 2023 3189 2026 3189 2029 3189 2031 3189 2090 3173 2631 3170 2631 3142 2622 3100 2332 3103 2307 3089 2305 3089 2302 3089 2299 3089 2296 3089 2293 3089 2268 3111 1886 3120 1806 3106 1803 3106 1716 3125 1583 3114 1580 3114 1401 3136 1346 3122 1343 3122 1340 3122 1337 3122 1276 3142 1237 3125 1234 3125 1231 3125 1229 3125 1148 3145 1067 3131 1064 3131 1061 3131 1020 3150 969 3136 967 3136 964 3136 961 3136 916 3153 819 3139 816 3139 813 3139 774 3156 746 3145 744 3145 741 3145 738 3145 705 3161 702 3164 496 3167 498 3212"/></Shape>
	    <String CONTENT="encore à défendre les liberts &lt;..&gt; de la nation &lt;... .....&gt;"
                    HPOS="496"
                    VPOS="3089"
                    WIDTH="2135"
                    HEIGHT="148"
                    WC="0.9564430564641953"></String>
          </TextLine>
          <TextLine ID="eSc_line_2e135ce0"
                    TAGREFS="LT31"
                    BASELINE="490 3273 975 3251 2597 3214" 
                    HPOS="487"
                    VPOS="3173"
                    WIDTH="2110"
                    HEIGHT="133">
            <Shape><Polygon POINTS="490 3273 490 3306 958 3278 1167 3290 1173 3290 1176 3290 1184 3290 1521 3264 1594 3278 1597 3278 1599 3278 1638 3262 1744 3276 1750 3276 1753 3276 1764 3276 1984 3253 2594 3253 2597 3214 2592 3175 2098 3173 2095 3173 2001 3189 1990 3189 1978 3189 1864 3178 1861 3178 1859 3178 1828 3192 1822 3195 1811 3195 1747 3181 1744 3181 1742 3181 1739 3181 1716 3195 1711 3198 1663 3198 1468 3192 1466 3192 1231 3209 1170 3212 1151 3212 1061 3198 1059 3198 958 3214 942 3217 930 3217 869 3203 866 3203 864 3203 861 3203 841 3217 836 3217 574 3212 571 3212 487 3225 490 3273"/></Shape>
	    <String CONTENT="&lt;....&gt; contre l&#x27;étranger que leuus privilèqeu de censitaires contre la"
                    HPOS="487"
                    VPOS="3173"
                    WIDTH="2110"
                    HEIGHT="133"
                    WC="0.9803408265113831"></String>
          </TextLine>
        </TextBlock>
        <TextBlock HPOS="14"
                   VPOS="2484"
                   WIDTH="454"
                   HEIGHT="274"
                   ID="1aad8fec-1a2d-4b8d-809e-a7e227cf7f83"
                   TAGREFS="BT43">
          <Shape><Polygon POINTS="468 2484 468 2758 14 2758 14 2484"/></Shape>
        </TextBlock>
        <TextBlock HPOS="125"
                   VPOS="809"
                   WIDTH="374"
                   HEIGHT="259"
                   ID="eSc_textblock_cafd3481"
                   TAGREFS="BT43">
          <Shape><Polygon POINTS="125 809 125 1068 499 1062 499 809"/></Shape>
        </TextBlock>
        <TextBlock HPOS="132"
                   VPOS="128"
                   WIDTH="320"
                   HEIGHT="133"
                   ID="eSc_textblock_7887e074"
                   TAGREFS="BT43">
          <Shape><Polygon POINTS="132 128 132 261 452 261 452 128"/></Shape>
        </TextBlock>
        <TextBlock HPOS="174"
                   VPOS="26"
                   WIDTH="254"
                   HEIGHT="96"
                   ID="eSc_textblock_a5fb23da"
                   TAGREFS="BT44">
          <Shape><Polygon POINTS="174 26 174 122 428 122 428 26"/></Shape>
        </TextBlock>
        <TextBlock ID="eSc_dummyblock_">
          <TextLine ID="eSc_line_a6f96286"
                    TAGREFS="LT31"
                    BASELINE="186 178 448 164" 
                    HPOS="183"
                    VPOS="130"
                    WIDTH="268"
                    HEIGHT="129">
            <Shape><Polygon POINTS="183 142 186 178 192 259 248 245 275 247 340 259 342 259 345 259 451 225 448 164 440 130 192 133 183 142"/></Shape>
	    <String CONTENT="dus p. 183"
                    HPOS="183"
                    VPOS="130"
                    WIDTH="268"
                    HEIGHT="129"
                    WC="0.9610544800758362"></String>
          </TextLine>
          <TextLine ID="eSc_line_79c0ffdc"
                    TAGREFS="LT31"
                    BASELINE="183 955 512 961" 
                    HPOS="181"
                    VPOS="894"
                    WIDTH="331"
                    HEIGHT="139">
            <Shape><Polygon POINTS="183 908 183 955 181 1000 317 1002 331 1016 348 1030 351 1030 353 1030 356 1033 510 1033 512 961 510 910 206 894 183 908"/></Shape>
	    <String CONTENT="18 II.273."
                    HPOS="181"
                    VPOS="894"
                    WIDTH="331"
                    HEIGHT="139"
                    WC="0.9886613190174103"></String>
          </TextLine>
          <TextLine ID="eSc_line_29c60525"
                    TAGREFS="LT31"
                    BASELINE="55 2638 341 2631" 
                    HPOS="52"
                    VPOS="2599"
                    WIDTH="157"
                    HEIGHT="83">
            <Shape><Polygon POINTS="80 2624 52 2629 55 2638 55 2660 144 2682 147 2682 150 2682 209 2657 209 2635 203 2601 119 2599 108 2607"/></Shape>
	    <String CONTENT="ne p."
                    HPOS="52"
                    VPOS="2599"
                    WIDTH="157"
                    HEIGHT="83"
                    WC="0.9999867439270019"></String>
          </TextLine>
        </TextBlock>
      </PrintSpace>
    </Page>
  </Layout>
</alto>
