<?xml version="1.0" encoding="UTF-8"?>
<alto xmlns:xsi="http://www.w3.org/2001/XMLSchema-instance"
      xmlns="http://www.loc.gov/standards/alto/ns-v4#"
      xsi:schemaLocation="http://www.loc.gov/standards/alto/ns-v4# http://www.loc.gov/standards/alto/v4/alto-4-2.xsd">
  <Description>
    <MeasurementUnit>pixel</MeasurementUnit>
    <sourceImageInformation>
      <fileName>ARCH-DIV-000496_0201.png</fileName>
    </sourceImageInformation>
  </Description>
  <Tags>
    <OtherTag ID="BT42" LABEL="MainZone" DESCRIPTION="block type MainZone"/><OtherTag ID="BT43" LABEL="MarginTextZone" DESCRIPTION="block type MarginTextZone"/><OtherTag ID="BT44" LABEL="NumberingZone" DESCRIPTION="block type NumberingZone"/><OtherTag ID="BT45" LABEL="TitlePageZone" DESCRIPTION="block type TitlePageZone"/><OtherTag ID="BT46" LABEL="CustomZone:Numbering" DESCRIPTION="block type CustomZone:Numbering"/><OtherTag ID="BT49" LABEL="MarginTextZone:lower" DESCRIPTION="block type MarginTextZone:lower"/>
    <OtherTag ID="LT25" LABEL="default" DESCRIPTION="line type default"/><OtherTag ID="LT31" LABEL="DefaultLine" DESCRIPTION="line type DefaultLine"/><OtherTag ID="LT32" LABEL="HeadingLine" DESCRIPTION="line type HeadingLine"/><OtherTag ID="LT33" LABEL="InterlinearLine:addition" DESCRIPTION="line type InterlinearLine:addition"/><OtherTag ID="LT34" LABEL="InterlinearLine:correction" DESCRIPTION="line type InterlinearLine:correction"/>
  </Tags>
  <Layout>
    <Page WIDTH="2790"
          HEIGHT="3362"
          PHYSICAL_IMG_NR="200"
          ID="eSc_dummypage_">
      <PrintSpace HPOS="0"
                  VPOS="0"
                  WIDTH="2790"
                  HEIGHT="3362">
        <TextBlock HPOS="503"
                   VPOS="11"
                   WIDTH="2228"
                   HEIGHT="3351"
                   ID="0039e9ce-414c-43cf-ab77-908f121f9640"
                   TAGREFS="BT42">
          <Shape><Polygon POINTS="2731 11 2731 3362 503 3362 503 11"/></Shape>
          <TextLine ID="eSc_line_c410efd4"
                    TAGREFS="LT31"
                    BASELINE="616 142 1497 131 2708 159" 
                    HPOS="616"
                    VPOS="72"
                    WIDTH="2092"
                    HEIGHT="118">
            <Shape><Polygon POINTS="2689 114 2661 109 2632 109 2604 109 2576 109 2548 106 2520 106 2492 106 2487 106 2464 106 2436 103 2411 103 2403 109 2397 109 2240 100 2240 100 2212 100 2184 98 2156 98 2128 98 2108 98 2035 106 2027 106 2021 106 1960 92 1960 92 1931 92 1903 92 1875 92 1864 89 1831 100 1814 89 1791 89 1780 89 1760 98 1704 86 1679 86 1651 86 1623 86 1595 84 1567 84 1542 84 1250 98 1225 98 1219 98 1152 75 1146 75 1118 72 1090 72 1062 72 1034 72 1017 72 1015 72 1012 72 1009 72 972 95 970 95 922 81 919 81 916 81 779 92 773 92 771 92 729 75 726 78 698 84 670 89 642 95 616 103 616 142 616 168 970 156 992 173 995 173 998 173 1001 173 1015 173 1169 159 1250 176 1259 176 1261 176 1270 176 1365 159 1519 179 1530 179 1533 179 1536 179 1539 179 1603 162 1920 162 1957 184 1960 184 1962 184 1965 184 1985 184 2161 168 2703 190 2708 159 2705 126 2689 114"/></Shape>
	    <String CONTENT="tation du Syllabus au seul profit des emence adversaires de l&#x27;Egleise."
                    HPOS="616"
                    VPOS="72"
                    WIDTH="2092"
                    HEIGHT="118"
                    WC="0.9754702533994403"></String>
          </TextLine>
          <TextLine ID="eSc_line_fa38553b"
                    TAGREFS="LT31"
                    BASELINE="600 218 1466 210 2644 224" 
                    HPOS="600"
                    VPOS="156"
                    WIDTH="2044"
                    HEIGHT="96">
            <Shape><Polygon POINTS="600 218 600 243 1320 235 1416 249 1430 249 1432 249 1505 249 1976 238 2638 252 2644 224 2641 182 1993 162 1990 162 1662 176 1648 176 1634 176 1410 162 1407 162 1404 162 1379 176 1376 176 1345 159 1343 159 1340 159 1337 159 1287 173 1270 159 1267 159 1264 159 1261 159 1093 173 1065 159 1062 159 1059 159 1057 159 1012 173 1012 176 698 176 692 173 642 156 639 156 636 156 633 156 600 168 600 218"/></Shape>
	    <String CONTENT="Au commencement de 1879, il avait profité d&#x27;une &lt;.&gt; audience"
                    HPOS="600"
                    VPOS="156"
                    WIDTH="2044"
                    HEIGHT="96"
                    WC="0.9736327896515529"></String>
          </TextLine>
          <TextLine ID="eSc_line_fff45337"
                    TAGREFS="LT31"
                    BASELINE="597 294 2649 282" 
                    HPOS="594"
                    VPOS="235"
                    WIDTH="2055"
                    HEIGHT="89">
            <Shape><Polygon POINTS="597 294 597 316 2128 324 2131 324 2243 308 2257 308 2276 308 2433 322 2436 322 2646 305 2649 282 2641 240 1746 249 1730 249 1623 235 1620 235 1617 235 1615 235 1601 249 1595 254 1399 254 1393 252 1354 238 1351 238 1348 238 1345 238 1298 252 1270 238 1267 238 1264 238 1118 254 1104 254 1093 254 995 240 992 240 989 240 987 240 967 254 964 254 804 240 801 240 799 240 743 254 695 240 692 240 689 240 594 257 597 294"/></Shape>
	    <String CONTENT="sollicitée par un groupe de journalistes pour commenter denant"
                    HPOS="594"
                    VPOS="235"
                    WIDTH="2055"
                    HEIGHT="89"
                    WC="0.9936666286760761"></String>
          </TextLine>
          <TextLine ID="eSc_line_8733d2ed"
                    TAGREFS="LT31"
                    BASELINE="583 364 2635 358" 
                    HPOS="580"
                    VPOS="305"
                    WIDTH="2055"
                    HEIGHT="84">
            <Shape><Polygon POINTS="583 364 583 389 2632 386 2635 358 2630 316 2167 305 2164 305 2105 319 2094 319 2083 319 2002 305 1999 305 1996 305 1965 319 1962 319 1960 319 1917 305 1915 305 1912 305 1831 319 1825 319 1819 319 1707 305 1704 305 1702 305 1657 319 1612 305 1609 305 1606 305 1536 322 1528 322 1494 322 1267 308 1264 308 1261 308 1259 308 1236 322 1233 324 1099 324 886 324 869 308 866 308 863 308 757 308 754 308 580 324 583 364"/></Shape>
	    <String CONTENT="eux la fameuse distinction de la thèse et de l&#x27;hypothère. Les ocures"
                    HPOS="580"
                    VPOS="305"
                    WIDTH="2055"
                    HEIGHT="84"
                    WC="0.9903277386637295"></String>
          </TextLine>
          <TextLine ID="eSc_line_19819104"
                    TAGREFS="LT31"
                    BASELINE="577 439 2655 431" 
                    HPOS="574"
                    VPOS="381"
                    WIDTH="2081"
                    HEIGHT="84">
            <Shape><Polygon POINTS="577 439 577 465 2652 456 2655 431 2646 381 2352 395 2296 383 2276 381 2274 381 2271 381 2257 383 2215 395 2136 386 2088 381 2086 381 2083 381 2058 386 2024 395 1993 386 1965 381 1962 381 1960 381 1957 381 1940 389 1917 397 1758 389 1603 383 1601 383 1598 383 1595 383 1584 392 1575 400 1312 400 1306 395 1281 383 1278 383 1275 383 1273 383 1270 383 1270 386 1259 397 1253 400 1214 397 1096 386 1093 386 1090 386 1087 386 1071 400 1065 403 855 403 773 403 703 386 701 386 698 386 658 400 628 386 625 386 622 386 619 386 574 400 577 439"/></Shape>
	    <String CONTENT="des hommes n&#x27;étaient pas parfaites. Le mal se y trouvait à côté du"
                    HPOS="574"
                    VPOS="381"
                    WIDTH="2081"
                    HEIGHT="84"
                    WC="0.986008876295232"></String>
          </TextLine>
          <TextLine ID="eSc_line_67ef20b5"
                    TAGREFS="LT31"
                    BASELINE="577 509 2613 498" 
                    HPOS="574"
                    VPOS="448"
                    WIDTH="2039"
                    HEIGHT="95">
            <Shape><Polygon POINTS="577 509 577 535 911 529 964 535 1023 543 1026 543 1087 535 1160 526 1278 535 1354 540 1357 540 1359 540 1362 540 1368 535 1382 526 1536 535 1603 537 1606 537 1668 535 1845 523 2013 535 2077 537 2080 537 2083 537 2091 535 2122 521 2610 532 2613 498 2604 448 574 465 577 509"/></Shape>
	    <String CONTENT="bien. &quot; Il en était ainsi de la constitution bilge.1. Elle consaere"
                    HPOS="574"
                    VPOS="448"
                    WIDTH="2039"
                    HEIGHT="95"
                    WC="0.9729163041755334"></String>
          </TextLine>
          <TextLine ID="eSc_line_34a7c06c"
                    TAGREFS="LT31"
                    BASELINE="591 582 2644 577" 
                    HPOS="588"
                    VPOS="532"
                    WIDTH="2056"
                    HEIGHT="92">
            <Shape><Polygon POINTS="591 582 594 624 644 607 723 621 726 621 729 621 768 607 849 621 852 621 855 621 905 607 1029 621 1037 621 1040 621 1043 621 1071 607 1107 621 1110 621 1113 621 1116 621 1127 621 1214 607 1250 619 1256 621 1259 621 1261 621 1668 619 1671 619 1679 616 1718 605 1741 616 1746 619 1749 619 1752 619 1772 616 1828 605 2638 607 2644 577 2635 532 588 543 591 582"/></Shape>
	    <String CONTENT="quelques principes que je ne saurais approuver comme pope ; mais"
                    HPOS="588"
                    VPOS="532"
                    WIDTH="2056"
                    HEIGHT="92"
                    WC="0.9865372534841299"></String>
          </TextLine>
          <TextLine ID="eSc_line_9081ccc1"
                    TAGREFS="LT31"
                    BASELINE="583 666 1278 655 2652 661" 
                    HPOS="580"
                    VPOS="605"
                    WIDTH="2072"
                    HEIGHT="87">
            <Shape><Polygon POINTS="583 666 583 686 2646 692 2652 661 2649 621 1704 605 1702 605 1699 605 1696 605 1671 621 1486 621 1298 605 1295 605 998 619 866 605 863 605 860 605 807 619 762 605 759 605 757 605 661 619 630 605 628 605 625 605 622 605 580 619 583 666"/></Shape>
	    <String CONTENT="la situation du catholicisme en Belgique, après une expérieuce"
                    HPOS="580"
                    VPOS="605"
                    WIDTH="2072"
                    HEIGHT="87"
                    WC="0.9923312615963721"></String>
          </TextLine>
          <TextLine ID="eSc_line_78f8df6d"
                    TAGREFS="LT31"
                    BASELINE="591 742 2683 722" 
                    HPOS="588"
                    VPOS="683"
                    WIDTH="2095"
                    HEIGHT="81">
            <Shape><Polygon POINTS="591 742 591 764 2680 748 2683 722 2677 686 1191 683 1188 683 1186 683 1183 683 1160 697 608 689 605 689 602 689 600 689 588 697 591 742"/></Shape>
	    <String CONTENT="d&#x27;un denei siècle démontre que dans l&#x27;état actuel de la so¬"
                    HPOS="588"
                    VPOS="683"
                    WIDTH="2095"
                    HEIGHT="81"
                    WC="0.9899445514557725"></String>
          </TextLine>
          <TextLine ID="eSc_line_2607a6bb"
                    TAGREFS="LT31"
                    BASELINE="586 812 2599 801" 
                    HPOS="583"
                    VPOS="750"
                    WIDTH="2016"
                    HEIGHT="96">
            <Shape><Polygon POINTS="586 812 586 834 1561 846 1564 846 1567 846 1581 837 1601 829 1780 840 1856 843 1859 843 1898 840 2002 829 2060 840 2080 843 2083 843 2122 840 2248 829 2324 840 2327 840 2330 840 2332 840 2363 826 2377 840 2380 840 2383 840 2386 843 2596 843 2599 801 2593 764 2097 750 2094 750 2091 750 2044 767 2041 767 2016 767 1732 753 1730 753 1559 770 1547 770 1536 770 1320 756 1317 756 1315 756 1312 756 1292 770 1275 756 1273 756 1270 756 1267 756 1264 756 1222 770 1180 756 1177 756 1174 756 1085 773 1082 773 1079 773 911 759 908 759 824 773 670 759 667 759 583 776 586 812"/></Shape>
	    <String CONTENT="ciété moderne, le système de la liberté établi dans ce pays"
                    HPOS="583"
                    VPOS="750"
                    WIDTH="2016"
                    HEIGHT="96"
                    WC="0.98734532473451"></String>
          </TextLine>
          <TextLine ID="eSc_line_05dd39f6"
                    TAGREFS="LT31"
                    BASELINE="572 893 2691 882" 
                    HPOS="569"
                    VPOS="826"
                    WIDTH="2122"
                    HEIGHT="104">
            <Shape><Polygon POINTS="572 893 572 924 863 916 961 924 1015 930 1017 930 1076 924 1202 913 1525 924 1626 927 1629 927 1665 924 1805 910 2111 924 2153 924 2156 924 2175 924 2352 907 2686 921 2691 882 2686 843 2355 826 2352 826 2265 843 2260 843 2257 843 2237 826 2234 826 2232 826 2229 826 2226 826 2192 840 2159 826 2156 826 2153 826 2150 826 2119 843 2111 848 1881 848 1873 843 1847 832 1845 832 1842 832 1839 832 1836 832 1819 843 1814 846 1786 843 1704 832 1702 832 1643 843 1612 848 1603 843 1587 832 1584 832 1581 832 1354 832 1351 832 1348 832 1345 832 1331 843 1326 848 1301 843 1244 832 1242 832 1149 843 1085 851 1037 843 981 834 978 834 975 834 956 843 947 848 925 843 883 834 880 834 569 843 572 893"/></Shape>
	    <String CONTENT="est le plus favorable à l&#x27;Eglise. Les catholiques belges doivent donc"
                    HPOS="569"
                    VPOS="826"
                    WIDTH="2122"
                    HEIGHT="104"
                    WC="0.9957891847406115"></String>
          </TextLine>
          <TextLine ID="eSc_line_f968051b"
                    TAGREFS="LT31"
                    BASELINE="558 966 2666 958" 
                    HPOS="555"
                    VPOS="902"
                    WIDTH="2111"
                    HEIGHT="100">
            <Shape><Polygon POINTS="558 966 558 986 625 1002 628 1002 630 1002 689 988 692 988 731 988 1545 1000 1547 1000 1550 1000 1570 991 1589 986 1643 994 1696 1000 1699 1000 1875 994 2119 986 2661 997 2666 958 2658 902 2489 904 2487 904 2484 904 2467 918 2265 904 2240 904 2237 904 2234 904 2232 904 2212 921 2052 921 2027 907 2018 904 2016 904 2013 904 2010 904 1996 907 1951 921 1693 913 1553 907 1550 907 1469 916 1396 921 1376 916 1348 907 1345 907 1343 907 1289 916 1244 924 1071 918 773 910 771 910 555 924 558 966"/></Shape>
	    <String CONTENT="non seulement s&#x27;abstenir d&#x27;attaquer la constitution, mais"
                    HPOS="555"
                    VPOS="902"
                    WIDTH="2111"
                    HEIGHT="100"
                    WC="0.9988007378159908"></String>
          </TextLine>
          <TextLine ID="eSc_line_fb5bbec6"
                    TAGREFS="LT31"
                    BASELINE="555 1047 2652 1039" 
                    HPOS="552"
                    VPOS="991"
                    WIDTH="2100"
                    HEIGHT="87">
            <Shape><Polygon POINTS="555 1047 555 1064 1124 1078 1127 1078 1130 1078 1132 1078 1146 1067 1155 1064 1735 1070 2018 1073 2021 1073 2035 1073 2114 1059 2153 1073 2156 1073 2159 1073 2161 1073 2164 1073 2167 1073 2209 1059 2251 1073 2254 1073 2257 1073 2260 1075 2649 1075 2652 1039 2644 991 552 994 555 1047"/></Shape>
	    <String CONTENT="ils doivent la défendre&quot;. Roma loint a est. C&#x27;en ctait fait dé¬"
                    HPOS="552"
                    VPOS="991"
                    WIDTH="2100"
                    HEIGHT="87"
                    WC="0.9875074114118304"></String>
          </TextLine>
          <TextLine ID="eSc_line_79d74d82"
                    TAGREFS="LT31"
                    BASELINE="558 1112 2652 1117" 
                    HPOS="555"
                    VPOS="1075"
                    WIDTH="2097"
                    HEIGHT="73">
            <Shape><Polygon POINTS="558 1112 555 1131 656 1148 658 1148 2649 1140 2652 1117 2649 1075 558 1075 558 1112"/></Shape>
	    <String CONTENT="sonnais des diatribes contre les &quot;libirtés de perdition s&quot;qui avaient"
                    HPOS="555"
                    VPOS="1075"
                    WIDTH="2097"
                    HEIGHT="73"
                    WC="0.979940221361492"></String>
          </TextLine>
          <TextLine ID="eSc_line_1e0bc034"
                    TAGREFS="LT31"
                    BASELINE="569 1179 2661 1187" 
                    HPOS="566"
                    VPOS="1140"
                    WIDTH="2095"
                    HEIGHT="84">
            <Shape><Polygon POINTS="569 1179 566 1199 1965 1224 1968 1224 2360 1210 2551 1224 2554 1224 2658 1207 2661 1187 2658 1151 569 1140 569 1179"/></Shape>
	    <String CONTENT="abouti l&#x27;année précédente à la perdition politique de la droite. Les"
                    HPOS="566"
                    VPOS="1140"
                    WIDTH="2095"
                    HEIGHT="84"
                    WC="0.9954949159553086"></String>
          </TextLine>
          <TextLine ID="eSc_line_6840a3d9"
                    TAGREFS="LT31"
                    BASELINE="563 1255 947 1246 1875 1263 2627 1257" 
                    HPOS="563"
                    VPOS="1196"
                    WIDTH="2064"
                    HEIGHT="92">
            <Shape><Polygon POINTS="563 1255 563 1288 2624 1288 2627 1257 2618 1207 2509 1221 2400 1204 2389 1204 2386 1204 2383 1204 2380 1204 2349 1221 2302 1207 2299 1207 2296 1207 2293 1207 2290 1207 2265 1221 1847 1207 1845 1207 1547 1218 1340 1218 1317 1199 1315 1199 1312 1199 1309 1199 1306 1199 1303 1199 1247 1215 1228 1199 1225 1199 1222 1199 1113 1199 1110 1199 1107 1199 1104 1199 1085 1215 1015 1196 1009 1196 1006 1196 1003 1196 956 1196 650 1210 563 1196 563 1255"/></Shape>
	    <String CONTENT="parolls du Saint. Père la ramenaient à l&#x27;union. Les conles catho¬"
                    HPOS="563"
                    VPOS="1196"
                    WIDTH="2064"
                    HEIGHT="92"
                    WC="0.9892249179608894"></String>
          </TextLine>
          <TextLine ID="eSc_line_d1cb5399"
                    TAGREFS="LT31"
                    BASELINE="558 1325 2649 1333" 
                    HPOS="555"
                    VPOS="1274"
                    WIDTH="2094"
                    HEIGHT="87">
            <Shape><Polygon POINTS="558 1325 555 1353 2644 1361 2649 1333 2644 1280 2128 1294 2024 1280 2021 1280 2018 1280 1979 1294 1948 1280 1945 1280 1943 1280 1387 1291 1275 1277 1250 1274 1247 1274 1225 1277 1141 1288 558 1277 558 1325"/></Shape>
	    <String CONTENT="liqués s&#x27;empressaient de s&#x27;intituler associations constitutionmelles"
                    HPOS="555"
                    VPOS="1274"
                    WIDTH="2094"
                    HEIGHT="87"
                    WC="0.9817209804759306"></String>
          </TextLine>
          <TextLine ID="eSc_line_ff08730c"
                    TAGREFS="LT31"
                    BASELINE="572 1403 2663 1406" 
                    HPOS="569"
                    VPOS="1350"
                    WIDTH="2094"
                    HEIGHT="87">
            <Shape><Polygon POINTS="572 1403 569 1426 2658 1437 2663 1406 2655 1350 2593 1370 2431 1370 2391 1350 2386 1350 2383 1350 2380 1350 2377 1350 2372 1350 2313 1367 2257 1353 2246 1350 2243 1350 2240 1350 2209 1353 2086 1367 2044 1353 2030 1350 2027 1350 2024 1350 2021 1350 2010 1353 1976 1367 1873 1356 1842 1353 1839 1353 1836 1353 1833 1353 1831 1356 1817 1370 1696 1370 1668 1356 1648 1350 1645 1350 1643 1350 1603 1358 1553 1370 1065 1370 1051 1361 1029 1350 1026 1350 1023 1350 1020 1350 978 1361 961 1367 947 1361 911 1350 908 1350 905 1350 572 1364 572 1403"/></Shape>
	    <String CONTENT="En 1881, Perrin, sur un blâme du pope, donnait sa démission a l&#x27;II¬"
                    HPOS="569"
                    VPOS="1350"
                    WIDTH="2094"
                    HEIGHT="87"
                    WC="0.994712219309451"></String>
          </TextLine>
          <TextLine ID="eSc_line_d119b48e"
                    TAGREFS="LT31"
                    BASELINE="558 1476 2616 1470" 
                    HPOS="555"
                    VPOS="1420"
                    WIDTH="2061"
                    HEIGHT="81">
            <Shape><Polygon POINTS="558 1476 558 1498 2610 1501 2616 1470 2610 1437 2453 1420 2450 1420 2321 1434 2290 1420 2288 1420 2285 1420 2159 1434 2105 1420 2103 1420 2100 1420 2002 1434 1943 1420 1940 1420 1937 1420 1864 1434 1791 1420 1788 1420 1786 1420 1783 1420 1763 1434 827 1423 824 1423 740 1437 636 1423 633 1423 555 1440 558 1476"/></Shape>
	    <String CONTENT="niversité de Loumain. C&#x27;était maintenant au tous des catholi¬"
                    HPOS="555"
                    VPOS="1420"
                    WIDTH="2061"
                    HEIGHT="81"
                    WC="0.9921284259342756"></String>
          </TextLine>
          <TextLine ID="eSc_line_ec88e31b"
                    TAGREFS="LT31"
                    BASELINE="563 1552 2644 1540" 
                    HPOS="560"
                    VPOS="1487"
                    WIDTH="2084"
                    HEIGHT="101">
            <Shape><Polygon POINTS="563 1552 566 1588 628 1574 995 1585 1062 1585 1065 1585 2641 1566 2644 1540 2638 1504 2122 1487 2119 1487 2117 1487 2058 1504 2049 1504 2010 1504 1707 1490 1704 1490 1533 1504 1488 1507 1438 1504 1275 1493 1273 1493 1132 1504 1065 1512 874 1512 863 1504 844 1496 841 1496 838 1496 835 1496 832 1496 818 1504 813 1510 804 1504 785 1496 782 1496 779 1496 560 1504 563 1552"/></Shape>
	    <String CONTENT="ques de de poser en défonseurs de la constitution. La loi scolaire n&#x27;é¬"
                    HPOS="560"
                    VPOS="1487"
                    WIDTH="2084"
                    HEIGHT="101"
                    WC="0.9894620398400535"></String>
          </TextLine>
          <TextLine ID="eSc_line_dc3bf7ab"
                    TAGREFS="LT31"
                    BASELINE="560 1624 2663 1610" 
                    HPOS="558"
                    VPOS="1560"
                    WIDTH="2105"
                    HEIGHT="87">
            <Shape><Polygon POINTS="560 1624 560 1647 2663 1647 2663 1610 2655 1563 2173 1574 2094 1568 1985 1560 1982 1560 1979 1560 1957 1571 1945 1574 1926 1571 1881 1563 1878 1563 1758 1574 1699 1577 1592 1574 1261 1566 1259 1566 995 1582 972 1582 956 1582 667 1568 664 1568 661 1568 630 1582 597 1568 594 1568 591 1568 588 1568 558 1582 560 1624"/></Shape>
	    <String CONTENT="tait-elle pas une violation flagrante de la liberté de conscience ? &lt;."
                    HPOS="558"
                    VPOS="1560"
                    WIDTH="2105"
                    HEIGHT="87"
                    WC="0.9788212026868548"></String>
          </TextLine>
          <TextLine ID="eSc_line_a9586cc8"
                    TAGREFS="LT31"
                    BASELINE="552 1695 2658 1678" 
                    HPOS="549"
                    VPOS="1633"
                    WIDTH="2109"
                    HEIGHT="98">
            <Shape><Polygon POINTS="552 1695 552 1717 1247 1731 1250 1731 1601 1725 1603 1725 1606 1725 1629 1711 1901 1725 1903 1725 1990 1706 2405 1706 2439 1720 2442 1720 2445 1720 2658 1700 2658 1678 2649 1633 549 1644 552 1695"/></Shape>
	    <String CONTENT="&lt;. .....&gt; Lourent, la Flandre Libérale, les ora¬"
                    HPOS="549"
                    VPOS="1633"
                    WIDTH="2109"
                    HEIGHT="98"
                    WC="0.959440908084313"></String>
          </TextLine>
          <TextLine ID="eSc_line_08eb5aa4"
                    TAGREFS="LT31"
                    BASELINE="549 1765 2602 1748" 
                    HPOS="546"
                    VPOS="1695"
                    WIDTH="2056"
                    HEIGHT="106">
            <Shape><Polygon POINTS="549 1765 549 1787 824 1787 827 1787 883 1801 886 1801 888 1801 1303 1781 1348 1781 1393 1781 1817 1793 1819 1793 2027 1779 2097 1790 2100 1790 2103 1790 2142 1776 2161 1790 2164 1790 2167 1790 2170 1790 2276 1773 2293 1773 2316 1773 2484 1787 2487 1787 2599 1770 2602 1748 2596 1700 1943 1695 1940 1695 1937 1695 1934 1695 1915 1709 1901 1714 1772 1709 1609 1703 1606 1703 1351 1714 1219 1723 916 1723 914 1720 869 1706 866 1706 863 1706 860 1706 858 1706 841 1720 838 1725 644 1725 644 1723 591 1706 588 1706 586 1706 583 1706 546 1720 549 1765"/></Shape>
	    <String CONTENT="teurs des Loges maconniques ne prêt egalaient- ils pas replaer l&#x27;Eglise"
                    HPOS="546"
                    VPOS="1695"
                    WIDTH="2056"
                    HEIGHT="106"
                    WC="0.965792759623326"></String>
          </TextLine>
          <TextLine ID="eSc_line_bc7ffab5"
                    TAGREFS="LT31"
                    BASELINE="546 1837 2649 1818" 
                    HPOS="543"
                    VPOS="1762"
                    WIDTH="2106"
                    HEIGHT="101">
            <Shape><Polygon POINTS="546 1837 546 1863 2646 1854 2649 1818 2641 1776 2274 1779 2271 1779 2251 1762 2248 1762 2246 1762 2108 1762 2105 1762 2103 1762 2041 1781 2032 1781 1988 1781 1696 1767 1693 1767 1690 1767 1688 1767 1668 1784 1645 1767 1643 1767 1640 1767 1441 1767 1438 1767 1303 1784 1186 1770 1183 1770 1045 1773 1043 1773 1006 1790 1003 1793 543 1793 546 1837"/></Shape>
	    <String CONTENT="dous le joug de l&#x27;Etat? ç. leme visait-il pas &lt;. tnich au"
                    HPOS="543"
                    VPOS="1762"
                    WIDTH="2106"
                    HEIGHT="101"
                    WC="0.9542440557688997"></String>
          </TextLine>
          <TextLine ID="eSc_line_234aae28"
                    TAGREFS="LT34"
                    BASELINE="1327 1805 1679 1791" 
                    HPOS="1327"
                    VPOS="1791"
                    WIDTH="352"
                    HEIGHT="14">
	    <String CONTENT=""
                    HPOS="1327"
                    VPOS="1791"
                    WIDTH="352"
                    HEIGHT="14"></String>
          </TextLine>
          <TextLine ID="eSc_line_b71effca"
                    TAGREFS="LT34"
                    BASELINE="2102 1793 2260 1791" 
                    HPOS="2102"
                    VPOS="1791"
                    WIDTH="158"
                    HEIGHT="2">
	    <String CONTENT=""
                    HPOS="2102"
                    VPOS="1791"
                    WIDTH="158"
                    HEIGHT="2"></String>
          </TextLine>
          <TextLine ID="eSc_line_20148bdf"
                    TAGREFS="LT31"
                    BASELINE="543 1902 2621 1885" 
                    HPOS="541"
                    VPOS="1849"
                    WIDTH="2080"
                    HEIGHT="92">
            <Shape><Polygon POINTS="543 1902 546 1941 577 1927 785 1938 796 1938 799 1938 804 1938 891 1924 1180 1935 1230 1935 1233 1935 2618 1919 2621 1885 2613 1849 541 1860 543 1902"/></Shape>
	    <String CONTENT="monopole de l&#x27;enseignement ......&gt; et n&#x27;etait. &lt;.."
                    HPOS="541"
                    VPOS="1849"
                    WIDTH="2080"
                    HEIGHT="92"
                    WC="0.9648697102069854"></String>
          </TextLine>
          <TextLine ID="eSc_line_c428e16f"
                    TAGREFS="LT31"
                    BASELINE="541 1969 2663 1955" 
                    HPOS="538"
                    VPOS="1916"
                    WIDTH="2125"
                    HEIGHT="84">
            <Shape><Polygon POINTS="541 1969 541 2000 2663 1983 2663 1955 2655 1916 538 1919 541 1969"/></Shape>
	    <String CONTENT="&lt;...... .. ........ . .. ....&gt;"
                    HPOS="538"
                    VPOS="1916"
                    WIDTH="2125"
                    HEIGHT="84"
                    WC="0.8491518278916677"></String>
          </TextLine>
          <TextLine ID="eSc_line_dbf6095a"
                    TAGREFS="LT31"
                    BASELINE="532 2039 2618 2017" 
                    HPOS="529"
                    VPOS="1969"
                    WIDTH="2089"
                    HEIGHT="95">
            <Shape><Polygon POINTS="532 2039 532 2064 2616 2042 2618 2017 2613 1980 2091 1969 2088 1969 2086 1969 2083 1969 2060 1986 2058 1986 2002 1986 1587 1975 1584 1975 1581 1975 1578 1975 1556 1989 1474 1977 1472 1977 1469 1977 1430 1991 1427 1991 1404 1991 1135 1983 1132 1983 1001 1997 981 1997 964 1997 821 1983 818 1983 815 1983 813 1983 796 1997 647 1986 644 1986 529 2000 532 2039"/></Shape>
	    <String CONTENT="intolérable de la voir sous prétexte constitutonme el, sas revenir au des."
                    HPOS="529"
                    VPOS="1969"
                    WIDTH="2089"
                    HEIGHT="95"
                    WC="0.9911417212035205"></String>
          </TextLine>
          <TextLine ID="eSc_line_db51ca5f"
                    TAGREFS="LT31"
                    BASELINE="535 2112 1657 2092" 
                    HPOS="532"
                    VPOS="2045"
                    WIDTH="1125"
                    HEIGHT="95">
            <Shape><Polygon POINTS="535 2112 535 2140 1657 2118 1657 2092 1648 2045 532 2073 535 2112"/></Shape>
	    <String CONTENT="potisme intolisant de Guillaume I  ."
                    HPOS="532"
                    VPOS="2045"
                    WIDTH="1125"
                    HEIGHT="95"
                    WC="0.9717342042260699"></String>
          </TextLine>
          <TextLine ID="eSc_line_84b3d165"
                    TAGREFS="LT31"
                    BASELINE="560 2182 2646 2129" 
                    HPOS="558"
                    VPOS="2090"
                    WIDTH="2088"
                    HEIGHT="126">
            <Shape><Polygon POINTS="560 2182 560 2202 664 2216 667 2216 782 2199 785 2199 787 2199 858 2210 860 2210 2646 2157 2646 2129 2641 2092 2046 2090 2044 2090 1873 2109 1825 2095 1822 2095 1819 2095 1817 2095 1763 2112 1657 2098 1654 2098 998 2132 919 2118 916 2118 914 2118 883 2132 670 2123 667 2123 558 2143 560 2182"/></Shape>
	    <String CONTENT="Et peidant que l&#x27;unnio se refaisait ainsi chez les cathaliques, parmi les là¬"
                    HPOS="558"
                    VPOS="2090"
                    WIDTH="2088"
                    HEIGHT="126"
                    WC="0.9834113446148959"></String>
          </TextLine>
          <TextLine ID="eSc_line_a44759c5"
                    TAGREFS="LT31"
                    BASELINE="538 2246 2635 2204" 
                    HPOS="535"
                    VPOS="2148"
                    WIDTH="2100"
                    HEIGHT="129">
            <Shape><Polygon POINTS="538 2246 538 2274 953 2277 956 2277 1090 2263 1124 2260 1146 2263 1230 2272 1233 2272 1351 2258 1382 2255 1402 2255 1486 2266 1488 2266 1491 2266 1494 2266 1514 2255 1519 2249 1805 2246 1819 2246 1931 2258 1934 2258 1937 2258 1971 2244 1976 2244 2069 2255 2072 2255 2074 2255 2114 2241 2117 2241 2209 2252 2212 2252 2215 2252 2271 2238 2489 2246 2492 2246 2635 2227 2635 2204 2624 2148 2571 2165 2436 2151 2411 2151 2408 2151 2405 2151 2403 2151 2403 2154 2380 2168 2161 2160 2080 2157 2077 2157 2074 2157 2058 2162 2013 2176 1878 2165 1817 2162 1814 2162 1811 2162 1791 2168 1758 2179 1699 2171 1654 2165 1651 2165 1581 2174 1474 2190 535 2199 538 2246"/></Shape>
	    <String CONTENT="béraux, au contraine, elle se dissolvait. &lt;..... ... ....&gt; les"
                    HPOS="535"
                    VPOS="2148"
                    WIDTH="2100"
                    HEIGHT="129"
                    WC="0.9493458819004797"></String>
          </TextLine>
          <TextLine ID="eSc_line_19d9b494"
                    TAGREFS="LT31"
                    BASELINE="538 2325 2627 2274" 
                    HPOS="535"
                    VPOS="2224"
                    WIDTH="2092"
                    HEIGHT="126">
            <Shape><Polygon POINTS="538 2325 538 2350 1205 2350 1205 2347 1413 2333 1587 2322 1693 2328 1780 2333 1783 2333 1842 2325 1934 2314 1979 2325 2002 2328 2004 2328 2058 2322 2178 2308 2248 2319 2274 2322 2276 2322 2318 2316 2439 2302 2624 2311 2627 2274 2621 2235 2408 2224 2405 2224 2403 2224 2346 2241 2341 2241 2335 2241 2232 2230 2229 2230 2226 2230 2164 2246 2156 2246 2139 2246 2013 2235 2010 2235 2007 2235 2004 2235 1982 2249 1979 2249 1814 2238 1811 2238 1808 2238 1774 2255 1696 2241 1693 2241 1477 2263 1463 2263 1458 2263 1368 2249 1365 2249 1362 2249 1359 2249 1334 2266 1331 2269 1208 2269 1191 2269 1172 2255 1169 2255 1166 2255 1163 2255 1160 2255 1158 2255 1141 2272 846 2280 768 2280 765 2280 658 2266 656 2266 653 2266 650 2266 628 2286 535 2286 538 2325"/></Shape>
	    <String CONTENT="radicaux &lt;....... ..... ..... .............. .. ..&gt;"
                    HPOS="535"
                    VPOS="2224"
                    WIDTH="2092"
                    HEIGHT="126"
                    WC="0.8646549465609532"></String>
          </TextLine>
          <TextLine ID="eSc_line_db36b18d"
                    TAGREFS="LT31"
                    BASELINE="541 2392 2641 2342" 
                    HPOS="538"
                    VPOS="2300"
                    WIDTH="2103"
                    HEIGHT="126">
            <Shape><Polygon POINTS="541 2392 541 2426 2641 2373 2641 2342 2632 2300 1704 2325 1682 2325 1589 2314 1587 2314 1275 2333 1233 2336 1200 2336 911 2330 908 2330 905 2330 902 2330 883 2344 880 2344 874 2344 701 2336 698 2336 538 2353 541 2392"/></Shape>
	    <String CONTENT="&lt;....... . ......&gt;"
                    HPOS="538"
                    VPOS="2300"
                    WIDTH="2103"
                    HEIGHT="126"
                    WC="0.8912011418077681"></String>
          </TextLine>
          <TextLine ID="eSc_line_4596c4c3"
                    TAGREFS="LT31"
                    BASELINE="529 2459 2627 2398" 
                    HPOS="527"
                    VPOS="2356"
                    WIDTH="2100"
                    HEIGHT="131">
            <Shape><Polygon POINTS="529 2459 529 2487 2627 2429 2627 2398 2618 2356 527 2409 529 2459"/></Shape>
	    <String CONTENT="&lt;..... .. .. .... ..&gt;"
                    HPOS="527"
                    VPOS="2356"
                    WIDTH="2100"
                    HEIGHT="131"
                    WC="0.8124644614401317"></String>
          </TextLine>
          <TextLine ID="eSc_line_485b99d1"
                    TAGREFS="LT31"
                    BASELINE="538 2515 2607 2468" 
                    HPOS="535"
                    VPOS="2431"
                    WIDTH="2072"
                    HEIGHT="110">
            <Shape><Polygon POINTS="538 2515 538 2541 1553 2513 1589 2518 1629 2524 1631 2524 1676 2515 1752 2501 1808 2513 1828 2515 1831 2515 1856 2513 1931 2499 2100 2507 2201 2510 2203 2510 2260 2501 2366 2487 2604 2493 2607 2468 2599 2431 535 2471 538 2515"/></Shape>
	    <String CONTENT="&lt;.... ... ... ...&gt; Il n&#x27;avait pas"
                    HPOS="535"
                    VPOS="2431"
                    WIDTH="2072"
                    HEIGHT="110"
                    WC="0.8970709244410197"></String>
          </TextLine>
          <TextLine ID="eSc_line_9ee1c765"
                    TAGREFS="LT31"
                    BASELINE="524 2588 2617 2542" 
                    HPOS="521"
                    VPOS="2471"
                    WIDTH="2100"
                    HEIGHT="140">
            <Shape><Polygon POINTS="2414 2473 2411 2473 2408 2476 2386 2493 2360 2479 2358 2479 2232 2479 2203 2479 2175 2479 2147 2479 2119 2482 2091 2482 2063 2482 2035 2482 2010 2482 2004 2482 1979 2485 1951 2485 1923 2485 1912 2485 1887 2485 1867 2487 1839 2487 1811 2487 1730 2487 1727 2490 1713 2490 1710 2490 1657 2504 1609 2515 1525 2510 1413 2499 1410 2499 1284 2515 1172 2507 1169 2507 1166 2507 1127 2524 1110 2532 785 2538 776 2535 759 2524 757 2524 754 2524 751 2524 521 2543 524 2588 524 2611 2621 2563 2621 2529 2613 2471 2487 2485 2436 2476 2419 2473 2417 2473"/></Shape>
	    <String CONTENT="suffi de &lt;... ...... .... ............................ ."
                    HPOS="521"
                    VPOS="2471"
                    WIDTH="2100"
                    HEIGHT="140"
                    WC="0.778543580855642"></String>
          </TextLine>
          <TextLine ID="eSc_line_3e6feed9"
                    TAGREFS="LT34"
                    BASELINE="799 2533 2630 2503" 
                    HPOS="799"
                    VPOS="2503"
                    WIDTH="1831"
                    HEIGHT="30">
	    <String CONTENT=""
                    HPOS="799"
                    VPOS="2503"
                    WIDTH="1831"
                    HEIGHT="30"></String>
          </TextLine>
          <TextLine ID="eSc_line_b91838a4"
                    TAGREFS="LT31"
                    BASELINE="529 2653 2593 2611" 
                    HPOS="527"
                    VPOS="2566"
                    WIDTH="2066"
                    HEIGHT="112">
            <Shape><Polygon POINTS="529 2653 529 2678 2593 2636 2593 2611 2585 2566 527 2608 529 2653"/></Shape>
	    <String CONTENT="mettaient maintenant sur le tapis la déplorable question de l&#x27;ex¬"
                    HPOS="527"
                    VPOS="2566"
                    WIDTH="2066"
                    HEIGHT="112"
                    WC="0.9857352770291842"></String>
          </TextLine>
          <TextLine ID="eSc_line_4a23c612"
                    TAGREFS="LT31"
                    BASELINE="529 2728 2638 2686" 
                    HPOS="527"
                    VPOS="2644"
                    WIDTH="2111"
                    HEIGHT="112">
            <Shape><Polygon POINTS="529 2728 529 2756 2638 2712 2638 2686 2630 2644 527 2675 529 2728"/></Shape>
	    <String CONTENT="tension du droit de vote et sur ce point toute entente entre eux et les"
                    HPOS="527"
                    VPOS="2644"
                    WIDTH="2111"
                    HEIGHT="112"
                    WC="0.9995943492567035"></String>
          </TextLine>
          <TextLine ID="eSc_line_7771e4c3"
                    TAGREFS="LT31"
                    BASELINE="532 2804 2618 2759" 
                    HPOS="529"
                    VPOS="2709"
                    WIDTH="2089"
                    HEIGHT="123">
            <Shape><Polygon POINTS="532 2804 532 2829 908 2818 936 2821 1031 2832 1034 2832 1037 2832 1068 2818 1082 2810 1158 2815 1312 2826 1315 2826 1317 2826 1320 2826 1345 2810 1357 2804 1421 2807 1530 2815 1533 2815 1732 2801 1833 2793 1861 2796 1954 2812 1957 2812 2147 2790 2153 2790 2156 2790 2352 2804 2355 2804 2618 2776 2618 2759 2610 2709 2091 2734 2060 2723 2049 2720 2046 2720 2044 2720 2016 2726 1957 2737 1850 2731 1774 2726 1772 2726 1769 2726 1735 2734 1699 2742 1685 2734 1671 2728 1668 2728 1665 2728 1662 2728 1643 2737 1629 2742 1617 2737 1598 2728 1595 2728 1592 2728 1438 2731 1351 2745 1306 2751 1239 2748 1079 2740 1076 2740 1073 2740 1071 2740 1051 2754 1045 2756 1037 2754 1003 2742 1001 2742 998 2742 886 2759 872 2759 855 2759 658 2748 656 2748 529 2768 532 2804"/></Shape>
	    <String CONTENT="doctrinaires était impossible. &lt;........... .....&gt;"
                    HPOS="529"
                    VPOS="2709"
                    WIDTH="2089"
                    HEIGHT="123"
                    WC="0.947222363948822"></String>
          </TextLine>
          <TextLine ID="eSc_line_c7e4159f"
                    TAGREFS="LT31"
                    BASELINE="529 2874 1931 2840 2604 2835" 
                    HPOS="527"
                    VPOS="2776"
                    WIDTH="2077"
                    HEIGHT="132">
            <Shape><Polygon POINTS="1915 2776 1912 2776 1901 2776 1873 2776 1853 2776 1850 2776 1842 2776 1817 2779 1788 2779 1760 2779 1732 2779 1710 2779 1679 2796 1631 2782 1629 2782 1626 2782 1584 2782 1564 2784 1536 2784 1508 2784 1486 2784 1444 2784 1424 2787 1396 2787 1368 2787 1345 2787 1343 2787 1340 2787 1340 2790 1312 2812 1309 2815 1284 2812 1057 2793 1045 2793 1017 2818 1015 2821 1015 2818 1001 2810 998 2810 995 2810 992 2810 942 2821 922 2824 916 2821 900 2807 897 2807 894 2807 891 2807 888 2807 886 2807 866 2821 860 2826 527 2826 529 2874 532 2908 574 2894 600 2908 602 2908 605 2908 608 2908 818 2902 821 2902 824 2902 849 2888 1045 2896 1048 2896 1051 2896 1076 2882 1096 2896 1099 2896 1101 2896 1104 2896 1124 2896 1407 2880 1449 2891 1455 2891 1458 2891 1460 2891 1522 2888 1993 2863 2083 2877 2086 2877 2088 2877 2091 2877 2131 2860 2602 2866 2604 2835 2602 2790 2568 2776 2565 2776 2562 2776 2464 2790 2445 2776 2442 2776 2439 2776 2436 2776 2433 2776 2383 2793 2316 2779 2313 2779 2209 2796 2161 2776 2159 2776 2156 2776 2153 2776 2150 2776 2131 2790 1990 2782 1988 2782 1985 2782 1951 2801 1917 2776 1915 2776"/></Shape>
	    <String CONTENT="ais.&gt;. Au lieu &lt;. &lt;...... ........... l&gt; cabinet l&#x27;avait réduit."
                    HPOS="527"
                    VPOS="2776"
                    WIDTH="2077"
                    HEIGHT="132"
                    WC="0.9125869981944561"></String>
          </TextLine>
          <TextLine ID="eSc_line_ea14ddba"
                    TAGREFS="LT34"
                    BASELINE="982 2829 1880 2809" 
                    HPOS="982"
                    VPOS="2809"
                    WIDTH="898"
                    HEIGHT="20">
	    <String CONTENT=""
                    HPOS="982"
                    VPOS="2809"
                    WIDTH="898"
                    HEIGHT="20"></String>
          </TextLine>
          <TextLine ID="eSc_line_cd055ef7"
                    TAGREFS="LT31"
                    BASELINE="543 2952 2610 2899" 
                    HPOS="541"
                    VPOS="2852"
                    WIDTH="2069"
                    HEIGHT="123">
            <Shape><Polygon POINTS="543 2952 543 2975 2607 2936 2610 2899 2604 2857 2304 2852 2302 2852 2299 2852 2271 2866 2262 2871 2139 2871 2133 2868 2114 2857 2111 2857 2108 2857 2105 2857 2103 2857 2066 2871 2058 2874 2044 2871 1979 2860 1976 2860 1777 2880 1735 2882 1710 2882 1589 2871 1587 2871 1584 2871 1525 2888 1514 2888 1502 2888 1413 2874 1410 2874 1211 2896 1191 2896 1174 2896 987 2885 984 2885 810 2905 773 2891 771 2891 768 2891 765 2891 762 2891 740 2908 653 2894 650 2894 541 2913 543 2952"/></Shape>
	    <String CONTENT="Sans doute l&#x27;extrème gouche avait approuvé la loi du 25 avut 187V et"
                    HPOS="541"
                    VPOS="2852"
                    WIDTH="2069"
                    HEIGHT="123"
                    WC="0.9780507666223189"></String>
          </TextLine>
          <TextLine ID="eSc_line_395b4ca3"
                    TAGREFS="LT31"
                    BASELINE="532 3022 2602 2972" 
                    HPOS="529"
                    VPOS="2930"
                    WIDTH="2073"
                    HEIGHT="126">
            <Shape><Polygon POINTS="532 3022 532 3042 748 3053 751 3053 754 3053 757 3053 776 3039 855 3056 858 3056 992 3034 1001 3034 1009 3034 1104 3051 1107 3051 1110 3051 1174 3031 1191 3045 1194 3045 1197 3045 1200 3045 1357 3028 1444 3042 1446 3042 1449 3042 1452 3042 1480 3025 1483 3022 1679 3017 1704 3020 1791 3034 1794 3034 1971 3014 2030 3008 2058 3011 2136 3025 2139 3025 2142 3025 2145 3025 2164 3011 2170 3008 2184 3008 2265 3020 2268 3020 2327 3006 2349 3003 2599 3003 2602 2972 2593 2930 529 2972 532 3022"/></Shape>
	    <String CONTENT="celle du 26 juillet 1879 qui, sous préteste de réprimer des Grandes, avaient"
                    HPOS="529"
                    VPOS="2930"
                    WIDTH="2073"
                    HEIGHT="126"
                    WC="0.9922764238558317"></String>
          </TextLine>
          <TextLine ID="eSc_line_31f340c0"
                    TAGREFS="LT31"
                    BASELINE="527 3098 2596 3039" 
                    HPOS="524"
                    VPOS="2989"
                    WIDTH="2072"
                    HEIGHT="140">
            <Shape><Polygon POINTS="527 3098 527 3129 2593 3062 2596 3039 2590 3000 2386 2989 2383 2989 2380 2989 2346 3006 2344 3006 2335 3006 2217 2994 2215 2994 2100 3011 2083 3014 2052 3014 1828 3006 1825 3006 1822 3006 1769 3022 1763 3022 1732 3022 1455 3017 1452 3017 1261 3037 1250 3037 1247 3037 1208 3022 1205 3022 1202 3022 1113 3042 1099 3042 1082 3042 964 3031 961 3031 958 3031 911 3048 902 3048 897 3048 852 3034 849 3034 846 3034 524 3056 527 3098"/></Shape>
	    <String CONTENT="&lt;........ ...........&gt; remainé les bases du cens électoral"
                    HPOS="524"
                    VPOS="2989"
                    WIDTH="2072"
                    HEIGHT="140"
                    WC="0.9152297521459645"></String>
          </TextLine>
          <TextLine ID="eSc_line_813d95c7"
                    TAGREFS="LT31"
                    BASELINE="521 3165 2551 3121" 
                    HPOS="518"
                    VPOS="3076"
                    WIDTH="2033"
                    HEIGHT="120">
            <Shape><Polygon POINTS="521 3165 521 3196 2551 3151 2551 3121 2546 3084 2181 3076 2178 3076 2175 3076 2119 3093 2111 3093 2103 3093 2035 3079 2032 3079 2030 3079 1985 3095 1979 3095 1974 3095 1909 3081 1906 3081 1903 3081 1901 3081 1875 3095 1873 3098 1864 3098 1800 3084 1797 3084 1679 3101 1648 3104 1629 3101 1539 3090 1536 3090 1424 3107 1396 3109 1376 3107 1320 3098 1317 3098 1135 3112 1082 3115 1071 3112 1023 3101 1020 3101 1017 3101 1015 3101 967 3115 956 3121 518 3123 521 3165"/></Shape>
	    <String CONTENT="de manière à en priver un certain nombre de peêtres et de payans."
                    HPOS="518"
                    VPOS="3076"
                    WIDTH="2033"
                    HEIGHT="120"
                    WC="0.9924001648570552"></String>
          </TextLine>
          <TextLine ID="eSc_line_11261bde"
                    TAGREFS="LT31"
                    BASELINE="515 3235 1561 3202 2585 3191" 
                    HPOS="513"
                    VPOS="3143"
                    WIDTH="2072"
                    HEIGHT="118">
            <Shape><Polygon POINTS="515 3235 515 3261 2585 3216 2585 3191 2579 3149 2147 3143 2145 3143 2142 3143 2105 3157 2055 3143 2052 3143 2049 3143 1901 3163 1889 3163 1881 3163 1791 3149 1788 3149 1561 3168 1533 3171 1522 3171 1449 3157 1446 3157 1068 3179 1020 3182 995 3182 821 3171 818 3171 591 3191 583 3191 580 3191 560 3177 558 3177 555 3177 552 3177 549 3177 513 3188 515 3235"/></Shape>
	    <String CONTENT="Mais tout en les votant pas auti-cléricalisme, elle les avait consé¬"
                    HPOS="513"
                    VPOS="3143"
                    WIDTH="2072"
                    HEIGHT="118"
                    WC="0.9847275246592129"></String>
          </TextLine>
          <TextLine ID="eSc_line_fc2f5cb6"
                    TAGREFS="LT31"
                    BASELINE="518 3300 1466 3280 2661 3280" 
                    HPOS="515"
                    VPOS="3221"
                    WIDTH="2146"
                    HEIGHT="110">
            <Shape><Polygon POINTS="597 3235 594 3235 515 3258 518 3300 518 3319 863 3331 866 3331 922 3319 967 3311 1172 3319 1331 3325 1334 3325 1373 3319 1432 3308 1463 3319 1483 3325 1486 3325 1488 3325 1491 3325 1519 3319 1570 3305 1721 3305 1738 3317 1744 3322 1746 3322 1749 3322 1752 3325 1917 3325 1917 3322 1920 3322 1923 3322 1923 3319 1926 3317 1943 3303 2018 3317 2038 3319 2041 3322 2041 3319 2060 3317 2142 3303 2655 3314 2661 3280 2658 3227 2456 3221 2453 3221 2450 3221 2447 3221 2436 3230 2417 3244 2304 3244 2248 3233 2198 3224 2195 3224 2192 3224 2159 3233 2122 3244 2103 3235 2088 3227 2086 3227 2083 3227 2007 3235 1917 3247 1732 3247 1724 3241 1693 3227 1690 3227 1688 3227 1685 3227 1634 3241 1626 3244 1623 3241 1598 3227 1595 3227 1592 3227 1589 3227 1474 3244 1469 3244 1466 3244 1337 3230 1334 3230 1242 3249 1216 3252 1183 3249 1065 3235 1062 3235 1059 3235 1023 3252 1020 3255 869 3255 844 3255 600 3235 597 3235"/></Shape>
	    <String CONTENT="dérées &quot;comme autant de flêches lances au régime consitaire &quot;. &lt;.t,"
                    HPOS="515"
                    VPOS="3221"
                    WIDTH="2146"
                    HEIGHT="110"
                    WC="0.9773404624924731"></String>
          </TextLine>
        </TextBlock>
        <TextBlock HPOS="39"
                   VPOS="873"
                   WIDTH="454"
                   HEIGHT="251"
                   ID="701ed9e2-6dd8-44d0-bdba-fe4c3e617100"
                   TAGREFS="BT43">
          <Shape><Polygon POINTS="488 873 490 940 493 1124 39 1120 39 881"/></Shape>
          <TextLine ID="eSc_line_9ea61f7d"
                    TAGREFS="LT31"
                    BASELINE="89 1017 378 1011" 
                    HPOS="89"
                    VPOS="949"
                    WIDTH="289"
                    HEIGHT="90">
            <Shape><Polygon POINTS="199 955 171 966 143 977 114 988 92 1002 89 1017 89 1039 375 1036 378 1011 372 963 207 949 199 955"/></Shape>
	    <String CONTENT="Balau 31."
                    HPOS="89"
                    VPOS="949"
                    WIDTH="289"
                    HEIGHT="90"
                    WC="0.9820414053069221"></String>
          </TextLine>
        </TextBlock>
        <TextBlock HPOS="144"
                   VPOS="30"
                   WIDTH="236"
                   HEIGHT="219"
                   ID="eSc_textblock_45e2b382"
                   TAGREFS="BT44">
          <Shape><Polygon POINTS="144 30 144 249 380 249 380 30"/></Shape>
        </TextBlock>
        <TextBlock ID="eSc_dummyblock_">
          <TextLine ID="eSc_line_3c2a6840"
                    TAGREFS="LT31"
                    BASELINE="243 162 347 156" 
                    HPOS="238"
                    VPOS="112"
                    WIDTH="112"
                    HEIGHT="128">
            <Shape><Polygon POINTS="322 117 294 114 266 112 263 112 238 117 243 162 246 240 350 240 347 156 339 117 322 117"/></Shape>
	    <String CONTENT="195"
                    HPOS="238"
                    VPOS="112"
                    WIDTH="112"
                    HEIGHT="128"
                    WC="0.9999691247940063"></String>
          </TextLine>
        </TextBlock>
      </PrintSpace>
    </Page>
  </Layout>
</alto>
