<?xml version="1.0" encoding="UTF-8"?>
<alto xmlns:xsi="http://www.w3.org/2001/XMLSchema-instance"
      xmlns="http://www.loc.gov/standards/alto/ns-v4#"
      xsi:schemaLocation="http://www.loc.gov/standards/alto/ns-v4# http://www.loc.gov/standards/alto/v4/alto-4-2.xsd">
  <Description>
    <MeasurementUnit>pixel</MeasurementUnit>
    <sourceImageInformation>
      <fileName>ARCH-DIV-000496_0095.png</fileName>
    </sourceImageInformation>
  </Description>
  <Tags>
    <OtherTag ID="BT42" LABEL="MainZone" DESCRIPTION="block type MainZone"/><OtherTag ID="BT43" LABEL="MarginTextZone" DESCRIPTION="block type MarginTextZone"/><OtherTag ID="BT44" LABEL="NumberingZone" DESCRIPTION="block type NumberingZone"/><OtherTag ID="BT45" LABEL="TitlePageZone" DESCRIPTION="block type TitlePageZone"/><OtherTag ID="BT46" LABEL="CustomZone:Numbering" DESCRIPTION="block type CustomZone:Numbering"/><OtherTag ID="BT49" LABEL="MarginTextZone:lower" DESCRIPTION="block type MarginTextZone:lower"/>
    <OtherTag ID="LT25" LABEL="default" DESCRIPTION="line type default"/><OtherTag ID="LT31" LABEL="DefaultLine" DESCRIPTION="line type DefaultLine"/><OtherTag ID="LT32" LABEL="HeadingLine" DESCRIPTION="line type HeadingLine"/><OtherTag ID="LT33" LABEL="InterlinearLine:addition" DESCRIPTION="line type InterlinearLine:addition"/><OtherTag ID="LT34" LABEL="InterlinearLine:correction" DESCRIPTION="line type InterlinearLine:correction"/>
  </Tags>
  <Layout>
    <Page WIDTH="2790"
          HEIGHT="3343"
          PHYSICAL_IMG_NR="94"
          ID="eSc_dummypage_">
      <PrintSpace HPOS="0"
                  VPOS="0"
                  WIDTH="2790"
                  HEIGHT="3343">
        <TextBlock HPOS="470"
                   VPOS="6"
                   WIDTH="2212"
                   HEIGHT="3331"
                   ID="9e2a139a-d5d4-480d-b7f1-38dae849e2ef"
                   TAGREFS="BT42">
          <Shape><Polygon POINTS="2682 6 2682 3337 470 3337 470 6"/></Shape>
          <TextLine ID="eSc_line_060cc860"
                    TAGREFS="LT31"
                    BASELINE="568 86 1167 75 2650 78" 
                    HPOS="565"
                    VPOS="22"
                    WIDTH="2085"
                    HEIGHT="95">
            <Shape><Polygon POINTS="2628 41 2600 41 2572 41 2544 41 2516 41 2488 41 2461 41 2433 41 2146 41 2132 36 2126 36 2098 36 2070 36 2043 36 2015 36 1995 39 1990 36 1987 36 1959 36 1931 36 1903 33 1875 33 1847 33 1820 33 1792 33 1764 33 1742 33 1630 39 1524 30 1513 30 1485 30 1457 30 1429 30 1401 30 1399 27 1393 36 1290 27 1290 27 1262 27 1234 27 1206 27 1192 27 1137 39 1006 25 983 25 967 25 944 41 825 41 799 22 797 22 794 22 788 22 760 22 733 22 705 22 677 22 660 22 657 22 565 41 568 86 568 117 872 100 2645 114 2650 78 2647 41 2628 41"/></Shape>
	    <String CONTENT="qu&#x27;il réussit à en obteuir ne corres pondaient certainement pas aux"
                    HPOS="565"
                    VPOS="22"
                    WIDTH="2085"
                    HEIGHT="95"
                    WC="0.9892603693639531"></String>
          </TextLine>
          <TextLine ID="eSc_line_1b3a8d39"
                    TAGREFS="LT31"
                    BASELINE="563 161 816 147 2664 139" 
                    HPOS="560"
                    VPOS="100"
                    WIDTH="2104"
                    HEIGHT="89">
            <Shape><Polygon POINTS="563 161 565 189 618 172 641 186 643 186 646 186 649 186 799 172 992 183 1039 186 1042 186 1045 186 1053 183 1092 169 1151 183 1162 183 1165 183 1192 181 1312 169 1340 181 1351 183 1354 183 1357 183 2661 161 2664 139 2656 100 560 114 563 161"/></Shape>
	    <String CONTENT="programmes sur lesquels avaient été élus les reprisentants et les sina"
                    HPOS="560"
                    VPOS="100"
                    WIDTH="2104"
                    HEIGHT="89"
                    WC="0.9802370416266578"></String>
          </TextLine>
          <TextLine ID="eSc_line_f4faccac"
                    TAGREFS="LT31"
                    BASELINE="549 231 2670 206" 
                    HPOS="546"
                    VPOS="164"
                    WIDTH="2124"
                    HEIGHT="103">
            <Shape><Polygon POINTS="549 231 549 253 780 267 783 267 785 267 827 253 838 247 1017 247 1059 250 1159 261 1162 261 1234 250 1270 245 1290 250 1318 259 1321 259 1323 259 1326 259 1362 250 1385 245 1496 247 1705 256 1708 256 1898 245 2070 236 2095 245 2115 250 2118 250 2121 250 2123 250 2148 245 2182 236 2664 239 2670 206 2664 169 1739 164 1736 164 1733 164 1694 178 1273 169 1270 169 1268 169 1234 183 1017 172 1014 172 1011 172 972 186 596 178 593 178 590 178 546 192 549 231"/></Shape>
	    <String CONTENT="teurs qui les &lt;s émirent. B. .. .. .....&gt; La majorite mi¬"
                    HPOS="546"
                    VPOS="164"
                    WIDTH="2124"
                    HEIGHT="103"
                    WC="0.960936284901803"></String>
          </TextLine>
          <TextLine ID="eSc_line_11648aa6"
                    TAGREFS="LT31"
                    BASELINE="543 303 1404 286 2650 281" 
                    HPOS="540"
                    VPOS="228"
                    WIDTH="2110"
                    HEIGHT="103">
            <Shape><Polygon POINTS="543 303 543 325 969 331 972 331 1089 323 1243 314 1282 323 1304 328 1307 328 1309 328 1360 323 1446 312 1856 320 2031 323 2034 323 2037 323 2040 323 2045 320 2070 303 2341 303 2645 314 2650 281 2642 239 2399 242 2388 239 2344 228 2341 228 2338 228 2335 228 2332 228 2318 242 2313 247 2207 247 2190 242 2132 231 2129 231 2126 231 2123 231 2107 245 2104 245 2098 245 2056 231 2054 231 2051 231 2048 231 2045 231 2029 245 2020 247 1948 245 1736 236 1733 236 1730 236 1728 236 1716 247 1711 253 1555 253 1538 250 1435 236 1432 236 1429 236 1371 250 1360 253 1340 250 1245 239 1243 239 1153 253 1131 256 1092 253 919 242 916 242 914 242 911 242 889 256 886 256 813 245 811 245 540 259 543 303"/></Shape>
	    <String CONTENT="nistérielle dl sur laquelle il s&#x27;appuya dans le Paclement n&#x27;existait"
                    HPOS="540"
                    VPOS="228"
                    WIDTH="2110"
                    HEIGHT="103"
                    WC="0.9982524137286579"></String>
          </TextLine>
          <TextLine ID="eSc_line_6663a7eb"
                    TAGREFS="LT31"
                    BASELINE="551 373 1231 356 2670 348" 
                    HPOS="549"
                    VPOS="309"
                    WIDTH="2121"
                    HEIGHT="89">
            <Shape><Polygon POINTS="551 373 551 398 2667 373 2670 348 2664 309 1243 309 1240 309 1148 323 1142 323 1131 323 872 312 869 312 866 312 833 325 833 328 549 328 551 373"/></Shape>
	    <String CONTENT="pas dans la nation et l&#x27;on assista à ce spectacle paradopal de lois a¬"
                    HPOS="549"
                    VPOS="309"
                    WIDTH="2121"
                    HEIGHT="89"
                    WC="0.9980568591977509"></String>
          </TextLine>
          <TextLine ID="eSc_line_f3a72630"
                    TAGREFS="LT31"
                    BASELINE="551 440 2659 412" 
                    HPOS="549"
                    VPOS="362"
                    WIDTH="2110"
                    HEIGHT="97">
            <Shape><Polygon POINTS="551 440 551 459 2656 442 2659 412 2653 376 2578 362 2575 362 2441 376 2408 362 2405 362 2402 362 2399 362 2357 376 2316 362 2313 362 2310 362 2307 362 2279 376 2201 364 2199 364 2196 364 2193 364 2171 381 1742 384 1675 370 1672 370 1552 387 1401 373 1399 373 1396 373 1393 373 1365 390 1254 376 1251 376 1248 376 1212 390 1153 378 1151 378 1050 392 1020 378 1017 378 1014 378 908 395 816 381 813 381 649 398 599 384 596 384 593 384 590 384 549 401 551 440"/></Shape>
	    <String CONTENT="doptees par les &lt;..........&gt; mandataires de partis qui, daus"
                    HPOS="549"
                    VPOS="362"
                    WIDTH="2110"
                    HEIGHT="97"
                    WC="0.9518950651089351"></String>
          </TextLine>
          <TextLine ID="eSc_line_71898c2f"
                    TAGREFS="LT31"
                    BASELINE="554 504 2645 476" 
                    HPOS="551"
                    VPOS="423"
                    WIDTH="2094"
                    HEIGHT="111">
            <Shape><Polygon POINTS="554 504 554 534 2642 507 2645 476 2639 437 2569 423 2567 423 2564 423 2561 423 2544 437 2541 440 2355 440 2352 440 2327 426 2324 426 2321 426 2318 426 2288 440 2279 440 2143 429 2140 429 2137 429 2135 429 2115 442 2109 445 1867 445 1861 445 1817 431 1814 431 1811 431 1742 445 1728 448 1708 448 1599 434 1597 434 1594 434 1555 448 1546 454 1218 454 1215 454 1184 440 1181 440 1178 440 1176 440 1126 454 1123 454 1112 454 972 442 969 442 908 456 891 462 551 462 554 504"/></Shape>
	    <String CONTENT="leur ensemble les réproivaient. Tel fut le cas pour la lois de 1842 aux"
                    HPOS="551"
                    VPOS="423"
                    WIDTH="2094"
                    HEIGHT="111"
                    WC="0.9912314851519087"></String>
          </TextLine>
          <TextLine ID="eSc_line_80f1f870"
                    TAGREFS="LT31"
                    BASELINE="551 571 2575 537" 
                    HPOS="549"
                    VPOS="498"
                    WIDTH="2026"
                    HEIGHT="95">
            <Shape><Polygon POINTS="551 571 551 593 2572 568 2575 537 2569 504 1925 498 1923 498 1558 518 1407 507 1404 507 1401 507 1399 507 1379 520 1092 512 1089 512 1087 512 1050 526 889 515 886 515 549 534 551 571"/></Shape>
	    <String CONTENT="&lt;.......  ... ...&gt;"
                    HPOS="549"
                    VPOS="498"
                    WIDTH="2026"
                    HEIGHT="95"
                    WC="0.8939523531330956"></String>
          </TextLine>
          <TextLine ID="eSc_line_43ae5d34"
                    TAGREFS="LT31"
                    BASELINE="551 635 2636 590" 
                    HPOS="549"
                    VPOS="543"
                    WIDTH="2087"
                    HEIGHT="120">
            <Shape><Polygon POINTS="551 635 551 654 939 663 942 663 1050 649 1078 646 1103 649 1195 657 1198 657 1329 643 1376 640 1399 643 1446 651 1449 651 1452 651 1454 651 1454 649 1463 643 1468 635 2636 624 2636 590 2628 543 549 590 551 635"/></Shape>
	    <String CONTENT="dont l&#x27;une autorisait le roi à nommer les bourguiestrus en dehors des conseils"
                    HPOS="549"
                    VPOS="543"
                    WIDTH="2087"
                    HEIGHT="120"
                    WC="0.9861641654485389"></String>
          </TextLine>
          <TextLine ID="eSc_line_b45284d9"
                    TAGREFS="LT31"
                    BASELINE="551 699 2633 654" 
                    HPOS="549"
                    VPOS="610"
                    WIDTH="2084"
                    HEIGHT="122">
            <Shape><Polygon POINTS="551 699 551 718 744 732 746 732 866 715 869 715 872 715 936 729 939 729 942 729 975 713 983 710 1042 713 1159 718 1162 718 1165 718 1187 710 1204 704 1290 710 1460 718 1463 718 1747 707 1750 707 1753 707 1758 702 1772 693 1806 702 1847 710 1850 710 1931 699 1964 696 2051 699 2215 702 2218 702 2221 702 2235 696 2246 688 2257 693 2263 699 2266 699 2268 699 2271 699 2274 699 2277 699 2279 693 2296 682 2631 688 2633 654 2625 610 549 663 551 699"/></Shape>
	    <String CONTENT="communeaux et dont l&#x27;autre fractionnait en sections de quartiers le corps"
                    HPOS="549"
                    VPOS="610"
                    WIDTH="2084"
                    HEIGHT="122"
                    WC="0.992254135543353"></String>
          </TextLine>
          <TextLine ID="eSc_line_92558634"
                    TAGREFS="LT31"
                    BASELINE="540 771 2661 729" 
                    HPOS="537"
                    VPOS="679"
                    WIDTH="2124"
                    HEIGHT="112">
            <Shape><Polygon POINTS="540 771 540 791 2661 760 2661 729 2656 679 2391 679 2388 679 2385 679 2369 685 2341 696 2277 688 2229 682 2226 682 2165 690 2082 702 2012 693 1973 690 1970 690 1967 690 1956 696 1937 704 1836 699 1736 693 1733 693 1730 693 1691 702 1658 710 1552 707 1388 699 1385 699 1382 699 1379 699 1365 710 1357 718 1218 718 1198 715 1156 704 1153 704 1151 704 1148 704 1145 704 1131 715 1128 718 1117 715 1067 707 1064 707 981 721 953 724 928 721 833 710 830 710 827 710 825 710 808 724 802 727 785 727 677 713 674 713 671 713 668 713 646 729 641 729 571 715 568 715 565 715 537 727 540 771"/></Shape>
	    <String CONTENT="élécloral des grandes commennes. Stigmatisées du nom de lois reactionnaires."
                    HPOS="537"
                    VPOS="679"
                    WIDTH="2124"
                    HEIGHT="112"
                    WC="0.9895485592515845"></String>
          </TextLine>
          <TextLine ID="eSc_line_1b65f2ea"
                    TAGREFS="LT31"
                    BASELINE="543 841 1123 816 2642 788" 
                    HPOS="540"
                    VPOS="738"
                    WIDTH="2102"
                    HEIGHT="131">
            <Shape><Polygon POINTS="543 841 543 869 688 849 785 866 791 866 794 866 797 866 799 866 825 849 894 860 897 860 900 860 944 846 964 860 967 860 969 860 972 860 975 860 1064 841 1167 858 1184 858 1187 858 1206 855 1323 835 1686 844 1792 844 1794 844 1797 844 1808 838 1839 824 1903 835 1931 841 1934 841 1937 841 1948 835 1978 821 2054 832 2093 838 2095 838 2639 816 2642 788 2636 749 2522 738 2519 738 2447 752 2433 754 2427 752 2399 741 2397 741 2394 741 2107 760 2054 763 2040 763 1964 749 1962 749 1847 766 1828 768 1811 768 1728 754 1725 754 1722 754 1680 771 1675 771 1669 771 1597 757 1594 757 1418 777 1407 777 1379 763 1376 763 1374 763 1234 766 1231 766 1176 782 1173 782 1139 768 1137 768 1134 768 1067 782 964 771 961 771 958 771 925 788 914 788 699 780 696 780 540 796 543 841"/></Shape>
	    <String CONTENT="par la presse libérale qui n&#x27;y noulut voir qu&#x27;n &lt;..&gt; moyen arraché ou"
                    HPOS="540"
                    VPOS="738"
                    WIDTH="2102"
                    HEIGHT="131"
                    WC="0.9795462342276089"></String>
          </TextLine>
          <TextLine ID="eSc_line_b7ada355"
                    TAGREFS="LT31"
                    BASELINE="554 905 1622 871 2636 866" 
                    HPOS="551"
                    VPOS="824"
                    WIDTH="2085"
                    HEIGHT="112">
            <Shape><Polygon POINTS="554 905 554 936 877 913 981 927 983 927 986 927 1134 905 1212 919 1215 919 1318 899 1613 897 1652 913 1655 913 1658 913 1889 891 1928 905 1931 905 1934 905 2249 902 2438 899 2441 899 2444 899 2466 883 2631 894 2636 866 2628 824 1309 835 1307 835 1262 849 1142 838 1139 838 1137 838 1081 852 989 841 986 841 551 863 554 905"/></Shape>
	    <String CONTENT="gouvernement par l&#x27;&quot;influence occuulle du clergé&quot; de favoriser les ca¬"
                    HPOS="551"
                    VPOS="824"
                    WIDTH="2085"
                    HEIGHT="112"
                    WC="0.9939727621419089"></String>
          </TextLine>
          <TextLine ID="eSc_line_b5c405ff"
                    TAGREFS="LT31"
                    BASELINE="551 977 1279 952 2642 930" 
                    HPOS="549"
                    VPOS="891"
                    WIDTH="2093"
                    HEIGHT="117">
            <Shape><Polygon POINTS="551 977 551 1008 1669 972 1992 980 2023 980 2026 980 2029 980 2031 980 2059 963 2639 966 2642 930 2636 894 2051 891 2048 891 2045 891 2017 905 2015 905 1992 905 1778 897 1775 897 1652 913 1633 913 1560 913 1134 910 1131 910 1128 910 1095 924 1089 924 1028 924 688 919 685 919 682 919 680 919 666 933 663 936 549 936 551 977"/></Shape>
	    <String CONTENT="tholiques, elles n&#x27;en furent pas &lt;... ... ...  votées par ide nom."
                    HPOS="549"
                    VPOS="891"
                    WIDTH="2093"
                    HEIGHT="117"
                    WC="0.9631695810592535"></String>
          </TextLine>
          <TextLine ID="eSc_line_0ce75b31"
                    TAGREFS="LT31"
                    BASELINE="546 1053 1262 1022 2639 991" 
                    HPOS="543"
                    VPOS="949"
                    WIDTH="2096"
                    HEIGHT="134">
            <Shape><Polygon POINTS="546 1053 546 1083 752 1078 755 1078 802 1061 1047 1069 1050 1069 1053 1069 1176 1050 1268 1064 1270 1064 1273 1064 1279 1064 1385 1044 1521 1055 1524 1055 1814 1033 1861 1047 1864 1047 1867 1047 1870 1047 1917 1027 2639 1025 2639 991 2633 952 2109 949 2107 949 2104 949 2059 966 2056 966 2048 966 1920 955 1917 955 1914 955 1881 972 1878 972 1853 972 1675 963 1672 963 1669 963 1666 963 1650 977 1644 977 1577 966 1574 966 1449 983 1435 983 1413 983 1167 975 1165 975 1053 994 1039 994 1008 994 774 986 772 986 543 1005 546 1053"/></Shape>
	    <String CONTENT="breux libéraux. Et il est plus étonnant encore de constater qui il ne ce trou¬"
                    HPOS="543"
                    VPOS="949"
                    WIDTH="2096"
                    HEIGHT="134"
                    WC="0.9890504311292599"></String>
          </TextLine>
          <TextLine ID="eSc_line_8c01faf8"
                    TAGREFS="LT31"
                    BASELINE="537 1122 2168 1061 2617 1055" 
                    HPOS="535"
                    VPOS="1011"
                    WIDTH="2082"
                    HEIGHT="142">
            <Shape><Polygon POINTS="537 1122 537 1147 657 1153 660 1153 716 1144 769 1133 805 1142 838 1147 841 1147 844 1147 864 1139 880 1131 930 1136 975 1142 978 1142 981 1142 983 1142 992 1133 1011 1122 1234 1117 1282 1125 1312 1131 1315 1131 1705 1117 1708 1117 1711 1117 1716 1111 1730 1103 1817 1108 1856 1111 1859 1111 1912 1105 2095 1086 2296 1094 2324 1094 2327 1094 2330 1094 2338 1094 2408 1075 2436 1089 2438 1089 2441 1089 2614 1083 2617 1055 2608 1011 535 1069 537 1122"/></Shape>
	    <String CONTENT="va que s opposants dans la Chaulre à la loi du Esmars 1842 eur bronpe¬"
                    HPOS="535"
                    VPOS="1011"
                    WIDTH="2082"
                    HEIGHT="142"
                    WC="0.9890158386297629"></String>
          </TextLine>
          <TextLine ID="eSc_line_c6eba708"
                    TAGREFS="LT31"
                    BASELINE="532 1195 2611 1119" 
                    HPOS="529"
                    VPOS="1066"
                    WIDTH="2082"
                    HEIGHT="159">
            <Shape><Polygon POINTS="532 1195 532 1225 1073 1197 1120 1209 1142 1211 1145 1211 1148 1211 1151 1211 1156 1206 1170 1192 1243 1192 1396 1197 1446 1200 1449 1200 1491 1195 1613 1181 1792 1186 1836 1186 1839 1186 1842 1186 1847 1183 1881 1170 1909 1183 1912 1183 1914 1183 1917 1183 1920 1183 1928 1181 1998 1164 2193 1172 2204 1172 2207 1172 2210 1172 2213 1172 2238 1156 2447 1164 2455 1164 2458 1164 2461 1164 2463 1164 2486 1147 2606 1158 2611 1119 2606 1080 2516 1066 2514 1066 2427 1086 2416 1086 2402 1086 2313 1075 2310 1075 2160 1080 2157 1080 2132 1094 2123 1097 2109 1094 2054 1083 2051 1083 1939 1100 1892 1105 1847 1103 1747 1094 1744 1094 1742 1094 1739 1094 1739 1097 1728 1105 1722 1114 1432 1122 1404 1117 1371 1108 1368 1108 1365 1108 1318 1119 1279 1128 1209 1122 1137 1117 1134 1117 1092 1125 1045 1136 972 1131 919 1125 916 1125 914 1125 911 1125 900 1131 880 1144 529 1144 532 1195"/></Shape>
	    <String CONTENT="martiands l&#x27;enseignement prémaire, et &lt;... ...&gt; qu’elle fut a¬"
                    HPOS="529"
                    VPOS="1066"
                    WIDTH="2082"
                    HEIGHT="159"
                    WC="0.97017290995967"></String>
          </TextLine>
          <TextLine ID="eSc_line_8b4046c5"
                    TAGREFS="LT31"
                    BASELINE="526 1264 2608 1197" 
                    HPOS="523"
                    VPOS="1153"
                    WIDTH="2085"
                    HEIGHT="139">
            <Shape><Polygon POINTS="526 1264 526 1292 1131 1264 1173 1275 1184 1278 1187 1278 1190 1278 1192 1278 1195 1278 1201 1275 1223 1261 1276 1273 1284 1273 1287 1273 1298 1273 1393 1256 1541 1264 1552 1264 1555 1264 1558 1264 1560 1264 1560 1261 1574 1250 2107 1250 2151 1250 2151 1248 2154 1248 2157 1248 2207 1231 2229 1245 2232 1245 2235 1245 2238 1245 2249 1245 2444 1225 2603 1234 2608 1197 2603 1156 2257 1153 2254 1153 2252 1153 2249 1153 2249 1156 2240 1164 2232 1172 2068 1175 2043 1170 2015 1161 2012 1161 2009 1161 1903 1172 1794 1183 1764 1175 1742 1170 1739 1170 1736 1170 1733 1170 1730 1170 1722 1178 1711 1186 1675 1178 1644 1172 1641 1172 1638 1172 1636 1172 1627 1178 1613 1189 1544 1181 1505 1178 1502 1178 1463 1183 1371 1197 1276 1189 1248 1186 1245 1186 1243 1186 1234 1189 1198 1203 1134 1192 1114 1189 1112 1189 1092 1192 1025 1209 958 1197 944 1195 942 1195 925 1197 838 1214 638 1206 635 1206 632 1206 590 1222 523 1209 526 1264"/></Shape>
	    <String CONTENT="doptée par le Senat à l&#x27;inaimité. Transaction opportuneste entre"
                    HPOS="523"
                    VPOS="1153"
                    WIDTH="2085"
                    HEIGHT="139"
                    WC="0.9853802094092736"></String>
          </TextLine>
          <TextLine ID="eSc_line_c2dec86f"
                    TAGREFS="LT31"
                    BASELINE="526 1334 2606 1270" 
                    HPOS="523"
                    VPOS="1220"
                    WIDTH="2083"
                    HEIGHT="145">
            <Shape><Polygon POINTS="526 1334 526 1365 886 1365 886 1362 933 1353 983 1342 1025 1351 1064 1356 1067 1356 1195 1345 1354 1331 1379 1339 1393 1345 1396 1345 1399 1345 1432 1339 1471 1331 1546 1337 1608 1339 1611 1339 1644 1334 1705 1320 1761 1331 1789 1334 1792 1334 1794 1334 1797 1334 1806 1328 1828 1314 2062 1309 2101 1320 2107 1323 2109 1323 2112 1323 2115 1323 2121 1320 2154 1306 2204 1317 2218 1320 2221 1320 2266 1317 2427 1300 2603 1306 2606 1270 2597 1220 523 1292 526 1334"/></Shape>
	    <String CONTENT="les principes incompatibles des deux partis, elle accordait quelque chose"
                    HPOS="523"
                    VPOS="1220"
                    WIDTH="2083"
                    HEIGHT="145"
                    WC="0.9882356312176953"></String>
          </TextLine>
          <TextLine ID="eSc_line_f12b4841"
                    TAGREFS="LT33"
                    BASELINE="1101 1354 1154 1356" 
                    HPOS="1101"
                    VPOS="1354"
                    WIDTH="53"
                    HEIGHT="2">
	    <String CONTENT=""
                    HPOS="1101"
                    VPOS="1354"
                    WIDTH="53"
                    HEIGHT="2"></String>
          </TextLine>
          <TextLine ID="eSc_line_272588b7"
                    TAGREFS="LT31"
                    BASELINE="521 1412 2240 1348 2633 1348" 
                    HPOS="518"
                    VPOS="1295"
                    WIDTH="2115"
                    HEIGHT="142">
            <Shape><Polygon POINTS="521 1412 521 1437 1569 1395 1772 1401 1847 1401 1850 1401 1853 1401 1864 1398 1898 1384 2043 1390 2090 1392 2093 1392 2129 1387 2249 1370 2296 1381 2302 1384 2305 1384 2307 1384 2633 1370 2633 1348 2628 1295 518 1367 521 1412"/></Shape>
	    <String CONTENT="à chacum d&#x27;eux sans contenter ni l&#x27;un ni l&#x27;autre. Aux libéraux, elle don¬"
                    HPOS="518"
                    VPOS="1295"
                    WIDTH="2115"
                    HEIGHT="142"
                    WC="0.9768601841217762"></String>
          </TextLine>
          <TextLine ID="eSc_line_9d9b883e"
                    TAGREFS="LT31"
                    BASELINE="526 1479 2140 1415 2558 1406" 
                    HPOS="523"
                    VPOS="1362"
                    WIDTH="2035"
                    HEIGHT="150">
            <Shape><Polygon POINTS="526 1479 526 1512 1393 1468 1502 1476 1516 1476 1519 1476 1608 1473 2268 1434 2555 1434 2558 1406 2553 1362 2190 1362 2187 1362 2185 1362 2129 1376 2115 1378 2101 1376 2054 1365 2051 1365 2048 1365 1976 1381 1959 1384 1948 1381 1909 1370 1906 1370 1903 1370 1900 1370 1867 1384 1864 1387 1861 1384 1842 1373 1839 1373 1836 1373 1833 1373 1755 1390 1733 1392 1672 1392 1466 1387 1463 1387 1357 1404 1315 1409 1296 1406 1254 1395 1251 1395 1248 1395 1145 1412 1095 1417 1050 1415 967 1406 964 1406 961 1406 936 1417 925 1423 916 1417 894 1409 891 1409 889 1409 886 1409 861 1420 850 1426 813 1423 741 1415 738 1415 523 1431 526 1479"/></Shape>
	    <String CONTENT="nait la satie faction de voir l&#x27;Etat revendiquant le droit d&#x27;organiser"
                    HPOS="523"
                    VPOS="1362"
                    WIDTH="2035"
                    HEIGHT="150"
                    WC="0.992000846351896"></String>
          </TextLine>
          <TextLine ID="eSc_line_7d76dc40"
                    TAGREFS="LT31"
                    BASELINE="523 1543 2606 1473" 
                    HPOS="521"
                    VPOS="1426"
                    WIDTH="2085"
                    HEIGHT="147">
            <Shape><Polygon POINTS="523 1543 523 1560 588 1573 590 1573 2606 1501 2606 1473 2597 1426 521 1493 523 1543"/></Shape>
	    <String CONTENT="l&#x27;instruction publique imposer à choque commune l&#x27;entretien d&#x27;une au"
                    HPOS="521"
                    VPOS="1426"
                    WIDTH="2085"
                    HEIGHT="147"
                    WC="0.9852314237235249"></String>
          </TextLine>
          <TextLine ID="eSc_line_43c118de"
                    TAGREFS="LT31"
                    BASELINE="526 1610 2243 1548 2636 1548" 
                    HPOS="523"
                    VPOS="1487"
                    WIDTH="2113"
                    HEIGHT="148">
            <Shape><Polygon POINTS="526 1610 526 1635 2636 1571 2636 1548 2628 1487 2575 1504 2391 1495 2344 1495 2341 1495 2338 1495 2335 1495 2335 1498 2332 1498 2318 1515 2213 1515 2182 1504 2171 1501 2168 1501 2165 1501 2162 1501 2160 1501 2154 1507 2132 1518 1923 1515 1761 1515 1758 1515 1605 1529 1488 1540 1438 1537 1349 1529 1346 1529 1343 1529 1312 1543 1301 1546 1220 1546 975 1543 972 1543 969 1543 936 1557 930 1560 905 1560 794 1551 791 1551 788 1551 785 1551 769 1565 763 1565 691 1551 688 1551 523 1573 526 1610"/></Shape>
	    <String CONTENT="de plusieurs écoles, aux cattoliques, elle accordait non seulement la garantie"
                    HPOS="523"
                    VPOS="1487"
                    WIDTH="2113"
                    HEIGHT="148"
                    WC="0.9911690583595862"></String>
          </TextLine>
          <TextLine ID="eSc_line_2d9fbc97"
                    TAGREFS="LT31"
                    BASELINE="523 1671 1708 1626 2631 1607" 
                    HPOS="521"
                    VPOS="1565"
                    WIDTH="2110"
                    HEIGHT="123">
            <Shape><Polygon POINTS="523 1671 523 1688 2631 1632 2631 1607 2622 1565 1769 1579 1669 1593 1652 1596 1638 1596 1569 1585 1566 1585 1399 1601 1376 1604 1365 1604 1301 1593 1298 1593 1218 1610 1204 1610 1195 1610 1137 1599 1134 1599 1131 1599 1128 1599 1128 1601 1117 1612 1114 1612 1095 1612 967 1604 964 1604 521 1629 523 1671"/></Shape>
	    <String CONTENT="de reconnaître au clergé la surveillance de l&#x27;ensei quement au point de"
                    HPOS="521"
                    VPOS="1565"
                    WIDTH="2110"
                    HEIGHT="123"
                    WC="0.9968246120802113"></String>
          </TextLine>
          <TextLine ID="eSc_line_6301dafe"
                    TAGREFS="LT31"
                    BASELINE="523 1735 1577 1691 2631 1665" 
                    HPOS="521"
                    VPOS="1618"
                    WIDTH="2110"
                    HEIGHT="142">
            <Shape><Polygon POINTS="523 1735 523 1760 942 1757 944 1757 969 1749 983 1743 995 1746 1014 1755 1017 1755 1020 1755 1095 1743 1195 1730 1226 1741 1234 1743 1237 1743 1240 1743 1243 1743 1254 1741 1284 1727 1368 1735 1418 1741 1421 1741 1424 1741 1443 1732 1471 1721 1786 1710 1878 1721 1914 1724 1917 1724 1920 1724 1931 1718 1956 1704 1990 1716 2004 1721 2006 1721 2009 1721 2048 1716 2126 1699 2631 1696 2631 1665 2625 1629 2477 1618 2475 1618 2472 1618 2469 1618 2449 1632 2447 1632 2291 1624 2288 1624 2210 1640 2201 1640 2168 1640 1878 1638 1875 1638 1789 1651 1769 1654 1742 1654 1616 1646 1613 1646 521 1688 523 1735"/></Shape>
	    <String CONTENT="vne religieux, mais encore la facielté laissée aux commenes d&#x27;adopter une"
                    HPOS="521"
                    VPOS="1618"
                    WIDTH="2110"
                    HEIGHT="142"
                    WC="0.9978511096680001"></String>
          </TextLine>
          <TextLine ID="eSc_line_fb7dda83"
                    TAGREFS="LT31"
                    BASELINE="526 1796 1978 1746 2580 1741" 
                    HPOS="523"
                    VPOS="1688"
                    WIDTH="2057"
                    HEIGHT="125">
            <Shape><Polygon POINTS="526 1796 526 1813 2578 1766 2580 1741 2572 1691 2238 1702 2232 1702 2193 1688 2190 1688 2187 1688 2185 1688 2137 1704 2123 1707 2115 1704 2065 1691 2062 1691 2059 1691 2056 1691 2054 1691 2029 1707 2026 1710 2023 1707 2006 1696 2004 1696 2001 1696 1998 1696 1995 1696 1956 1710 1945 1713 1903 1713 1700 1702 1697 1702 1694 1702 1644 1718 1613 1704 1611 1704 1608 1704 1502 1727 1488 1727 1474 1727 1340 1713 1337 1713 1335 1713 1273 1732 1268 1732 1011 1727 1008 1727 864 1746 833 1732 830 1732 827 1732 825 1732 822 1732 799 1749 523 1757 526 1796"/></Shape>
	    <String CONTENT="école privée, c&#x27;est à dire en fait eure école cattolique. Il esd in contestable"
                    HPOS="523"
                    VPOS="1688"
                    WIDTH="2057"
                    HEIGHT="125"
                    WC="0.9884206593036652"></String>
          </TextLine>
          <TextLine ID="eSc_line_611724c8"
                    TAGREFS="LT31"
                    BASELINE="540 1863 2611 1799" 
                    HPOS="537"
                    VPOS="1755"
                    WIDTH="2074"
                    HEIGHT="142">
            <Shape><Polygon POINTS="540 1863 540 1897 911 1872 1192 1877 1257 1877 1259 1877 1307 1874 1463 1858 1577 1863 1616 1866 1619 1866 1644 1863 1730 1847 1850 1855 1886 1858 1889 1858 1934 1852 2073 1835 2190 1844 2226 1847 2229 1847 2232 1847 2235 1847 2238 1844 2254 1830 2274 1841 2274 1844 2277 1844 2279 1844 2282 1844 2611 1830 2611 1799 2603 1755 537 1821 540 1863"/></Shape>
	    <String CONTENT="qu&#x27;ainsi faite la loi &lt;..... ...... répondait &lt;..&gt;"
                    HPOS="537"
                    VPOS="1755"
                    WIDTH="2074"
                    HEIGHT="142"
                    WC="0.9430421769618988"></String>
          </TextLine>
          <TextLine ID="eSc_line_5a615e64"
                    TAGREFS="LT31"
                    BASELINE="526 1927 2631 1872" 
                    HPOS="523"
                    VPOS="1827"
                    WIDTH="2108"
                    HEIGHT="131">
            <Shape><Polygon POINTS="526 1927 526 1947 733 1958 735 1958 944 1938 961 1938 975 1938 1151 1947 1153 1947 1156 1947 1201 1933 1204 1933 1206 1933 1259 1944 1262 1944 1265 1944 1293 1930 1296 1930 1318 1930 1468 1938 1471 1938 2628 1899 2631 1872 2622 1827 2307 1841 2271 1835 2210 1827 2207 1827 2135 1841 2093 1847 2029 1844 1912 1835 1909 1835 1906 1835 1884 1847 1873 1852 1853 1849 1803 1838 1800 1838 1797 1838 1794 1838 1794 1841 1783 1849 1778 1855 1750 1852 1680 1841 1677 1841 1524 1858 1468 1863 1446 1860 1390 1849 1388 1849 1385 1849 1382 1849 1362 1863 1360 1866 1039 1874 1003 1874 855 1863 852 1863 749 1880 727 1883 713 1883 627 1869 624 1869 523 1886 526 1927"/></Shape>
	    <String CONTENT="à la situation d&#x27;un peuple où, sauf d&#x27;infimes minorités, la population"
                    HPOS="523"
                    VPOS="1827"
                    WIDTH="2108"
                    HEIGHT="131"
                    WC="0.9889727629406352"></String>
          </TextLine>
          <TextLine ID="eSc_line_6baff260"
                    TAGREFS="LT31"
                    BASELINE="521 1994 2619 1941" 
                    HPOS="518"
                    VPOS="1888"
                    WIDTH="2101"
                    HEIGHT="140">
            <Shape><Polygon POINTS="521 1994 521 2028 2619 1964 2619 1941 2611 1888 1931 1919 1719 1911 1716 1911 1714 1911 1711 1911 1599 1927 1496 1916 1493 1916 1482 1916 936 1944 518 1941 521 1994"/></Shape>
	    <String CONTENT="restait profondément attachée à la religion et à l&#x27;Eglise. Mais ce sont"
                    HPOS="518"
                    VPOS="1888"
                    WIDTH="2101"
                    HEIGHT="140"
                    WC="0.9959702410110055"></String>
          </TextLine>
          <TextLine ID="eSc_line_efdd4f38"
                    TAGREFS="LT31"
                    BASELINE="515 2067 2625 2014" 
                    HPOS="512"
                    VPOS="1961"
                    WIDTH="2113"
                    HEIGHT="145">
            <Shape><Polygon POINTS="515 2067 515 2106 629 2086 936 2094 953 2094 956 2094 958 2094 961 2094 1028 2078 1061 2092 1064 2092 1067 2092 1078 2092 1190 2075 1371 2083 1399 2083 1401 2083 1825 2072 1828 2072 1831 2072 1833 2069 1856 2058 2095 2064 2176 2064 2179 2064 2182 2064 2185 2064 2190 2061 2215 2047 2619 2047 2625 2014 2619 1972 2388 1961 2385 1961 2154 1977 2048 1989 512 2005 515 2067"/></Shape>
	    <String CONTENT="les ménorités qui mênent les partis. &lt;. ........ &lt; ..... .....&gt;"
                    HPOS="512"
                    VPOS="1961"
                    WIDTH="2113"
                    HEIGHT="145"
                    WC="0.9096280875660124"></String>
          </TextLine>
          <TextLine ID="eSc_line_168e016b"
                    TAGREFS="LT31"
                    BASELINE="518 2131 2567 2078" 
                    HPOS="515"
                    VPOS="2030"
                    WIDTH="2052"
                    HEIGHT="137">
            <Shape><Polygon POINTS="518 2131 518 2153 582 2167 585 2167 588 2167 621 2153 627 2150 632 2150 674 2164 677 2164 680 2164 682 2164 733 2150 744 2147 752 2147 797 2159 799 2159 1014 2142 1075 2139 1084 2142 1117 2153 1120 2153 1123 2153 1184 2139 1201 2136 1234 2136 1376 2147 1379 2147 1524 2131 1560 2128 1585 2131 1680 2139 1683 2139 2567 2106 2567 2078 2561 2044 2469 2030 2466 2030 2463 2030 2436 2044 2349 2033 2346 2033 2246 2050 2235 2050 2215 2050 2026 2042 2023 2042 1850 2058 1803 2061 1786 2058 1742 2050 1739 2050 1636 2061 1591 2067 1555 2064 1485 2055 1482 2055 1480 2055 1477 2055 1477 2058 1468 2067 1463 2072 515 2083 518 2131"/></Shape>
	    <String CONTENT="Le régime censitaire leur conférait d&#x27;ailleurs eue impoetance qu&#x27;elles"
                    HPOS="515"
                    VPOS="2030"
                    WIDTH="2052"
                    HEIGHT="137"
                    WC="0.9888714594500405"></String>
          </TextLine>
          <TextLine ID="eSc_line_7892399e"
                    TAGREFS="LT31"
                    BASELINE="507 2195 1998 2170 2597 2145" 
                    HPOS="504"
                    VPOS="2114"
                    WIDTH="2093"
                    HEIGHT="106">
            <Shape><Polygon POINTS="507 2195 507 2217 1165 2220 1167 2220 1251 2206 1736 2209 1739 2209 2597 2178 2597 2145 2589 2114 504 2156 507 2195"/></Shape>
	    <String CONTENT="n&#x27;avaient pas dans la nation. On ne trouvait que dans la bourgéoisie des"
                    HPOS="504"
                    VPOS="2114"
                    WIDTH="2093"
                    HEIGHT="106"
                    WC="0.9932518576582273"></String>
          </TextLine>
          <TextLine ID="eSc_line_57cb6404"
                    TAGREFS="LT31"
                    BASELINE="498 2262 2625 2220" 
                    HPOS="496"
                    VPOS="2170"
                    WIDTH="2129"
                    HEIGHT="117">
            <Shape><Polygon POINTS="498 2262 498 2287 2625 2253 2625 2220 2619 2184 2528 2170 2525 2170 2522 2170 2480 2184 2469 2186 2447 2184 2349 2172 2346 2172 2344 2172 2341 2172 2327 2186 2321 2189 2293 2186 2187 2175 2185 2175 2182 2175 2179 2175 2160 2189 2154 2192 2126 2189 2048 2178 2045 2178 1870 2192 1758 2203 496 2209 498 2262"/></Shape>
	    <String CONTENT="catholiques férus du dogme de l&#x27;incompétence de l&#x27;Etat en matière d&#x27;enscique"
                    HPOS="496"
                    VPOS="2170"
                    WIDTH="2129"
                    HEIGHT="117"
                    WC="0.9874203416861986"></String>
          </TextLine>
          <TextLine ID="eSc_line_8299c107"
                    TAGREFS="LT31"
                    BASELINE="498 2323 1577 2315 2608 2284" 
                    HPOS="496"
                    VPOS="2242"
                    WIDTH="2112"
                    HEIGHT="114">
            <Shape><Polygon POINTS="498 2323 498 2342 579 2356 582 2356 953 2340 1006 2337 1014 2337 1067 2351 1070 2351 1073 2351 1075 2351 1106 2337 1112 2334 1128 2337 1206 2348 1209 2348 1870 2337 1873 2337 1909 2326 1928 2323 2017 2326 2171 2331 2174 2331 2176 2331 2179 2331 2190 2323 2207 2315 2224 2323 2238 2328 2240 2328 2243 2328 2285 2323 2352 2312 2606 2317 2608 2284 2603 2242 2436 2242 2433 2242 2430 2242 2427 2242 2424 2245 2405 2256 2277 2248 2238 2245 2235 2245 2213 2248 2137 2262 2073 2250 2065 2250 2062 2250 2059 2250 2056 2250 2017 2264 1967 2253 1953 2250 1951 2250 1903 2253 1711 2273 496 2278 498 2323"/></Shape>
	    <String CONTENT="ment et des libéreux n&#x27;admettant qu&#x27;une instruction exclusivement civile"
                    HPOS="496"
                    VPOS="2242"
                    WIDTH="2112"
                    HEIGHT="114"
                    WC="0.9736445397138596"></String>
          </TextLine>
          <TextLine ID="eSc_line_70543cf6"
                    TAGREFS="LT31"
                    BASELINE="504 2390 2617 2356" 
                    HPOS="501"
                    VPOS="2303"
                    WIDTH="2116"
                    HEIGHT="117">
            <Shape><Polygon POINTS="504 2390 504 2409 964 2406 967 2406 995 2420 997 2420 1000 2420 1003 2420 1006 2420 1028 2406 1036 2404 1114 2406 1354 2415 1357 2415 1772 2401 2098 2390 2332 2395 2436 2398 2438 2398 2441 2398 2452 2395 2500 2381 2614 2393 2617 2356 2608 2303 2422 2320 2305 2309 2263 2306 2260 2306 2204 2312 2079 2326 1875 2320 1775 2317 1772 2317 1580 2326 1376 2337 1323 2334 1215 2323 1212 2323 1036 2340 1000 2342 981 2342 877 2328 875 2328 872 2328 841 2345 838 2345 811 2345 557 2334 554 2334 551 2334 501 2351 504 2390"/></Shape>
	    <String CONTENT="et nentre. De part et d&#x27;autre, la presse se déchaina contre &lt;....&gt; un systè¬"
                    HPOS="501"
                    VPOS="2303"
                    WIDTH="2116"
                    HEIGHT="117"
                    WC="0.9710517808010704"></String>
          </TextLine>
          <TextLine ID="eSc_line_69d69e7f"
                    TAGREFS="LT31"
                    BASELINE="493 2451 2592 2434" 
                    HPOS="490"
                    VPOS="2379"
                    WIDTH="2102"
                    HEIGHT="100">
            <Shape><Polygon POINTS="493 2451 493 2471 1538 2479 1541 2479 2589 2454 2592 2434 2583 2379 2444 2393 2043 2384 1937 2384 1934 2384 1931 2384 1920 2387 1878 2398 1694 2390 1602 2387 1599 2387 1560 2393 1502 2401 1349 2395 1198 2390 1195 2390 1145 2398 1112 2404 1017 2401 844 2393 841 2393 838 2393 836 2393 822 2404 813 2409 490 2409 493 2451"/></Shape>
	    <String CONTENT="me qui, pour les uns nolait la liberté de l&#x27;enseiguement et, pour les autres"
                    HPOS="490"
                    VPOS="2379"
                    WIDTH="2102"
                    HEIGHT="100"
                    WC="0.9879671037197113"></String>
          </TextLine>
          <TextLine ID="eSc_line_d161303f"
                    TAGREFS="LT31"
                    BASELINE="493 2523 2633 2501" 
                    HPOS="490"
                    VPOS="2462"
                    WIDTH="2143"
                    HEIGHT="89">
            <Shape><Polygon POINTS="493 2523 493 2551 2633 2526 2633 2501 2628 2465 1296 2462 1293 2462 1290 2462 1257 2476 1045 2465 1042 2465 727 2482 543 2471 540 2471 537 2471 490 2484 493 2523"/></Shape>
	    <String CONTENT="mettait en péril la liberté de conscienté. Evidemment la question scolaire"
                    HPOS="490"
                    VPOS="2462"
                    WIDTH="2143"
                    HEIGHT="89"
                    WC="0.9924447455921689"></String>
          </TextLine>
          <TextLine ID="eSc_line_56921ab1"
                    TAGREFS="LT31"
                    BASELINE="496 2593 2285 2576" 
                    HPOS="493"
                    VPOS="2532"
                    WIDTH="1792"
                    HEIGHT="89">
            <Shape><Polygon POINTS="496 2593 496 2621 2285 2607 2285 2576 2279 2532 1388 2532 1385 2532 1268 2546 1245 2546 1229 2546 1114 2535 1112 2535 1109 2535 1061 2549 1053 2549 1031 2549 880 2537 877 2537 794 2551 785 2551 772 2551 593 2540 590 2540 493 2554 496 2593"/></Shape>
	    <String CONTENT="n&#x27;était pas résolue. Elle n&#x27;était que momentanément écartie."
                    HPOS="493"
                    VPOS="2532"
                    WIDTH="1792"
                    HEIGHT="89"
                    WC="0.9893411497275034"></String>
          </TextLine>
          <TextLine ID="eSc_line_11c92698"
                    TAGREFS="LT31"
                    BASELINE="523 2666 2561 2660" 
                    HPOS="521"
                    VPOS="2601"
                    WIDTH="2040"
                    HEIGHT="104">
            <Shape><Polygon POINTS="523 2666 523 2685 588 2705 590 2705 593 2705 995 2691 1290 2705 1293 2705 1404 2691 1457 2685 1513 2691 1574 2699 1577 2699 1611 2693 1652 2682 1672 2693 1691 2702 1694 2702 1697 2702 1700 2702 1736 2693 1781 2682 2555 2696 2561 2660 2555 2621 2363 2601 2360 2601 2357 2601 2355 2601 2338 2618 2335 2618 2327 2618 2174 2601 2171 2601 2168 2601 2129 2615 2123 2621 1836 2621 1758 2615 1560 2601 1558 2601 1555 2601 1532 2613 1516 2621 1491 2613 1468 2604 1466 2604 1463 2604 1460 2604 1432 2613 1401 2621 1371 2613 1349 2604 1346 2604 1343 2604 1237 2610 1073 2621 521 2607 523 2666"/></Shape>
	    <String CONTENT="Lapoliliqus unioniste de Nothomb, malgré ses succis au Parlement, ne"
                    HPOS="521"
                    VPOS="2601"
                    WIDTH="2040"
                    HEIGHT="104"
                    WC="0.9890663764056038"></String>
          </TextLine>
          <TextLine ID="eSc_line_cbd596ff"
                    TAGREFS="LT31"
                    BASELINE="501 2738 2597 2727" 
                    HPOS="498"
                    VPOS="2677"
                    WIDTH="2099"
                    HEIGHT="97">
            <Shape><Polygon POINTS="501 2738 504 2774 549 2755 602 2769 604 2769 607 2769 877 2755 933 2771 936 2771 939 2771 942 2774 1022 2774 1022 2771 1025 2771 1028 2771 1061 2752 1142 2769 1145 2769 1148 2769 1195 2752 1296 2766 1298 2766 1722 2749 1758 2766 1761 2766 1764 2766 1767 2766 1778 2766 1850 2752 1978 2763 1987 2763 1990 2763 1995 2763 2073 2746 2148 2763 2160 2763 2162 2763 2165 2763 2171 2763 2235 2746 2592 2757 2597 2727 2592 2691 2327 2677 2324 2677 2171 2691 2137 2677 2135 2677 2132 2677 2129 2677 2126 2677 2109 2691 2070 2679 2068 2679 2065 2679 2062 2679 2034 2693 2031 2696 1755 2696 1675 2696 1558 2679 1555 2679 1123 2696 1047 2682 1045 2682 1042 2682 1039 2682 1022 2696 919 2685 916 2685 498 2702 501 2738"/></Shape>
	    <String CONTENT="pouvait très longtemps &lt;..&gt; en prérence de l&#x27;oppasition qu&#x27;elle"
                    HPOS="498"
                    VPOS="2677"
                    WIDTH="2099"
                    HEIGHT="97"
                    WC="0.9908757749057951"></String>
          </TextLine>
          <TextLine ID="eSc_line_a2f8dd12"
                    TAGREFS="LT33"
                    BASELINE="699 2698 849 2691" 
                    HPOS="699"
                    VPOS="2691"
                    WIDTH="150"
                    HEIGHT="7">
	    <String CONTENT=""
                    HPOS="699"
                    VPOS="2691"
                    WIDTH="150"
                    HEIGHT="7"></String>
          </TextLine>
          <TextLine ID="eSc_line_44f63ad4"
                    TAGREFS="LT31"
                    BASELINE="484 2802 2564 2791" 
                    HPOS="482"
                    VPOS="2738"
                    WIDTH="2082"
                    HEIGHT="86">
            <Shape><Polygon POINTS="484 2802 484 2824 2561 2824 2564 2791 2558 2749 2285 2738 2282 2738 2076 2752 2006 2755 1998 2752 1984 2741 1981 2741 1978 2741 1817 2741 1814 2741 1811 2741 1808 2741 1792 2752 1789 2755 1775 2752 1708 2741 1705 2741 1619 2755 1608 2755 1597 2755 1521 2741 1519 2741 1165 2757 1131 2757 1128 2757 1095 2744 1092 2744 1089 2744 825 2760 791 2760 769 2760 613 2746 610 2746 607 2746 604 2746 588 2760 588 2763 482 2763 484 2802"/></Shape>
	    <String CONTENT="soulevait de plus en plus au sein des partis. . Gouvernement de tran¬"
                    HPOS="482"
                    VPOS="2738"
                    WIDTH="2082"
                    HEIGHT="86"
                    WC="0.9796232192412667"></String>
          </TextLine>
          <TextLine ID="eSc_line_7de743ed"
                    TAGREFS="LT34"
                    BASELINE="1840 2755 1882 2775" 
                    HPOS="1840"
                    VPOS="2755"
                    WIDTH="42"
                    HEIGHT="20">
	    <String CONTENT=""
                    HPOS="1840"
                    VPOS="2755"
                    WIDTH="42"
                    HEIGHT="20"></String>
          </TextLine>
          <TextLine ID="eSc_line_e8f75afc"
                    TAGREFS="LT31"
                    BASELINE="487 2872 2567 2858" 
                    HPOS="484"
                    VPOS="2805"
                    WIDTH="2083"
                    HEIGHT="86">
            <Shape><Polygon POINTS="487 2872 487 2891 2564 2888 2567 2858 2558 2805 2472 2822 2419 2808 2416 2808 2413 2808 2171 2822 2151 2810 2148 2808 2146 2808 2143 2808 2140 2808 2118 2810 2045 2824 1873 2816 1786 2810 1783 2810 1683 2819 1560 2827 1541 2819 1516 2810 1513 2810 1321 2810 1318 2810 1315 2810 1312 2810 1312 2813 1301 2824 1296 2830 1284 2824 1259 2813 1257 2813 1254 2813 1251 2813 1248 2813 1231 2824 1226 2830 1061 2830 1039 2827 936 2813 933 2813 930 2813 897 2830 891 2835 674 2835 674 2833 652 2819 649 2819 646 2819 643 2819 484 2835 487 2872"/></Shape>
	    <String CONTENT="saction devait forcément &lt;.. ...&gt; la pression de l&#x27;opinion et c&#x27;est"
                    HPOS="484"
                    VPOS="2805"
                    WIDTH="2083"
                    HEIGHT="86"
                    WC="0.9749473849339272"></String>
          </TextLine>
          <TextLine ID="eSc_line_6f40cc5e"
                    TAGREFS="LT34"
                    BASELINE="1319 2837 1525 2835" 
                    HPOS="1319"
                    VPOS="2835"
                    WIDTH="206"
                    HEIGHT="2">
	    <String CONTENT=""
                    HPOS="1319"
                    VPOS="2835"
                    WIDTH="206"
                    HEIGHT="2"></String>
          </TextLine>
          <TextLine ID="eSc_line_8fb8f92a"
                    TAGREFS="LT31"
                    BASELINE="479 2941 2600 2927" 
                    HPOS="476"
                    VPOS="2869"
                    WIDTH="2124"
                    HEIGHT="109">
            <Shape><Polygon POINTS="479 2941 479 2958 512 2975 515 2975 518 2978 518 2975 521 2975 557 2961 721 2975 724 2975 1064 2958 1103 2958 1114 2958 1184 2972 1187 2972 1293 2958 1329 2955 1421 2958 1638 2969 1641 2969 1769 2958 1859 2952 1917 2958 1978 2966 1981 2966 2600 2958 2600 2927 2594 2888 2416 2869 2413 2869 2313 2888 2296 2891 2277 2888 2171 2877 2168 2877 2165 2877 2162 2877 2146 2891 2140 2894 2045 2891 1794 2883 1792 2883 1524 2897 1477 2897 1474 2897 1429 2874 1427 2874 1424 2874 1421 2874 1388 2888 1365 2874 1362 2874 1360 2874 1357 2874 894 2877 891 2877 822 2902 813 2902 802 2902 707 2886 705 2886 702 2886 668 2902 663 2902 590 2888 588 2888 476 2902 479 2941"/></Shape>
	    <String CONTENT="miracle qu&#x27;il &lt;.......ent plus de quatre aus. Lorsqu&#x27;il se retira après"
                    HPOS="476"
                    VPOS="2869"
                    WIDTH="2124"
                    HEIGHT="109"
                    WC="0.9503915981507637"></String>
          </TextLine>
          <TextLine ID="eSc_line_9017b806"
                    TAGREFS="LT34"
                    BASELINE="919 2904 1136 2911 1136 2911 1324 2901" 
                    HPOS="919"
                    VPOS="2901"
                    WIDTH="405"
                    HEIGHT="10">
	    <String CONTENT=""
                    HPOS="919"
                    VPOS="2901"
                    WIDTH="405"
                    HEIGHT="10"></String>
          </TextLine>
          <TextLine ID="eSc_line_9d10e4cd"
                    TAGREFS="LT31"
                    BASELINE="487 3008 1388 2997 2606 3003" 
                    HPOS="484"
                    VPOS="2950"
                    WIDTH="2122"
                    HEIGHT="89">
            <Shape><Polygon POINTS="487 3008 487 3039 1000 3025 2600 3030 2606 3003 2603 2961 551 2950 549 2950 484 2964 487 3008"/></Shape>
	    <String CONTENT="les élections de 1845 dout l&#x27;accentuation, taut à droite qu&#x27;à gauche, ne lui per¬"
                    HPOS="484"
                    VPOS="2950"
                    WIDTH="2122"
                    HEIGHT="89"
                    WC="0.9835103814860424"></String>
          </TextLine>
          <TextLine ID="eSc_line_c0eb04a2"
                    TAGREFS="LT31"
                    BASELINE="484 3078 1505 3067 2569 3072" 
                    HPOS="482"
                    VPOS="3017"
                    WIDTH="2087"
                    HEIGHT="94">
            <Shape><Polygon POINTS="484 3078 484 3097 1223 3111 1226 3111 1270 3103 1301 3097 1321 3103 1343 3111 1346 3111 1349 3111 1390 3103 1424 3097 1432 3103 1440 3111 1443 3111 1446 3111 1449 3111 1499 3103 1546 3097 1560 3106 1569 3111 1571 3111 1574 3111 1577 3111 1580 3111 1597 3106 1622 3095 1778 3095 1792 3106 1794 3108 1797 3108 1800 3108 1803 3108 1806 3108 1820 3106 1867 3095 2190 3108 2232 3108 2235 3108 2238 3108 2240 3108 2257 3095 2282 3108 2285 3108 2288 3108 2291 3111 2567 3111 2569 3072 2567 3033 1856 3017 1853 3017 1850 3017 1847 3017 1825 3033 1368 3019 1365 3019 1220 3036 1131 3019 1128 3019 1126 3019 1064 3036 1025 3019 1022 3019 1020 3019 1017 3019 981 3039 850 3039 749 3019 746 3019 744 3019 707 3039 482 3039 484 3078"/></Shape>
	    <String CONTENT="mettait plus de pouvoir compter sur une majorité, le roi ne se résiqua"
                    HPOS="482"
                    VPOS="3017"
                    WIDTH="2087"
                    HEIGHT="94"
                    WC="0.9929196468421391"></String>
          </TextLine>
          <TextLine ID="eSc_line_ccd00d79"
                    TAGREFS="LT31"
                    BASELINE="484 3147 2530 3136" 
                    HPOS="482"
                    VPOS="3089"
                    WIDTH="2048"
                    HEIGHT="92">
            <Shape><Polygon POINTS="484 3147 484 3167 992 3181 995 3181 997 3181 1000 3181 1000 3178 1011 3170 1014 3167 1139 3170 1401 3178 1404 3178 1705 3173 2263 3159 2302 3173 2305 3173 2307 3173 2310 3173 2313 3173 2330 3159 2525 3173 2530 3136 2522 3089 1502 3103 1399 3100 1187 3092 1184 3092 1028 3103 989 3106 947 3106 727 3095 724 3095 482 3108 484 3147"/></Shape>
	    <String CONTENT="cependant pas à reconnaître que le temps était venu de livrer le pouvoir"
                    HPOS="482"
                    VPOS="3089"
                    WIDTH="2048"
                    HEIGHT="92"
                    WC="0.9871471124152614"></String>
          </TextLine>
          <TextLine ID="eSc_line_2aea6430"
                    TAGREFS="LT34"
                    BASELINE="2117 3164 2461 3173" 
                    HPOS="2117"
                    VPOS="3164"
                    WIDTH="344"
                    HEIGHT="9">
	    <String CONTENT=""
                    HPOS="2117"
                    VPOS="3164"
                    WIDTH="344"
                    HEIGHT="9"></String>
          </TextLine>
          <TextLine ID="eSc_line_b197d050"
                    TAGREFS="LT31"
                    BASELINE="476 3223 2564 3200" 
                    HPOS="473"
                    VPOS="3156"
                    WIDTH="2091"
                    HEIGHT="106">
            <Shape><Polygon POINTS="476 3223 476 3248 730 3262 733 3262 735 3262 769 3248 780 3245 838 3248 958 3256 961 3256 964 3256 983 3248 1000 3242 1014 3248 1036 3256 1039 3256 1042 3256 1137 3248 1198 3242 1220 3248 1251 3256 1254 3256 1257 3256 1259 3256 1279 3248 1296 3239 1368 3248 1438 3253 1440 3253 1443 3253 1446 3253 1457 3248 1468 3239 1549 3245 1605 3251 1608 3251 1641 3245 1700 3237 1744 3245 1772 3251 1775 3251 1814 3245 1889 3234 1959 3245 1978 3248 1981 3248 2561 3242 2564 3200 2555 3156 473 3175 476 3223"/></Shape>
	    <String CONTENT="aux compétitions des partis. Devant le refus des libéraux de &lt;.......&gt; fois"
                    HPOS="473"
                    VPOS="3156"
                    WIDTH="2091"
                    HEIGHT="106"
                    WC="0.9687345647811889"></String>
          </TextLine>
          <TextLine ID="eSc_line_4dfbf40d"
                    TAGREFS="LT31"
                    BASELINE="479 3290 2606 3278" 
                    HPOS="476"
                    VPOS="3237"
                    WIDTH="2130"
                    HEIGHT="83">
            <Shape><Polygon POINTS="479 3290 479 3320 2603 3303 2606 3278 2597 3237 476 3251 479 3290"/></Shape>
	    <String CONTENT="&lt; p.&gt; l&#x27;essai, malhereux du cobinnt Lebean, il fitappel au dévouenent"
                    HPOS="476"
                    VPOS="3237"
                    WIDTH="2130"
                    HEIGHT="83"
                    WC="0.9853374163309733"></String>
          </TextLine>
        </TextBlock>
        <TextBlock HPOS="139"
                   VPOS="20"
                   WIDTH="240"
                   HEIGHT="209"
                   ID="eSc_textblock_b713ee83"
                   TAGREFS="BT44">
          <Shape><Polygon POINTS="379 229 379 20 139 20 139 229"/></Shape>
        </TextBlock>
        <TextBlock ID="eSc_dummyblock_">
          <TextLine ID="eSc_line_1e13c7e2"
                    TAGREFS="LT31"
                    BASELINE="151 145 333 144" 
                    HPOS="183"
                    VPOS="78"
                    WIDTH="101"
                    HEIGHT="119">
            <Shape><Polygon POINTS="236 86 209 94 183 111 186 128 192 197 284 197 281 119 273 78 264 80"/></Shape>
	    <String CONTENT="90)"
                    HPOS="183"
                    VPOS="78"
                    WIDTH="101"
                    HEIGHT="119"
                    WC="0.9961944023768107"></String>
          </TextLine>
        </TextBlock>
      </PrintSpace>
    </Page>
  </Layout>
</alto>
