<?xml version="1.0" encoding="UTF-8"?>
<alto xmlns:xsi="http://www.w3.org/2001/XMLSchema-instance"
      xmlns="http://www.loc.gov/standards/alto/ns-v4#"
      xsi:schemaLocation="http://www.loc.gov/standards/alto/ns-v4# http://www.loc.gov/standards/alto/v4/alto-4-2.xsd">
  <Description>
    <MeasurementUnit>pixel</MeasurementUnit>
    <sourceImageInformation>
      <fileName>ARCH-DIV-000496_0099.png</fileName>
    </sourceImageInformation>
  </Description>
  <Tags>
    <OtherTag ID="BT42" LABEL="MainZone" DESCRIPTION="block type MainZone"/><OtherTag ID="BT43" LABEL="MarginTextZone" DESCRIPTION="block type MarginTextZone"/><OtherTag ID="BT44" LABEL="NumberingZone" DESCRIPTION="block type NumberingZone"/><OtherTag ID="BT45" LABEL="TitlePageZone" DESCRIPTION="block type TitlePageZone"/><OtherTag ID="BT46" LABEL="CustomZone:Numbering" DESCRIPTION="block type CustomZone:Numbering"/><OtherTag ID="BT49" LABEL="MarginTextZone:lower" DESCRIPTION="block type MarginTextZone:lower"/>
    <OtherTag ID="LT25" LABEL="default" DESCRIPTION="line type default"/><OtherTag ID="LT31" LABEL="DefaultLine" DESCRIPTION="line type DefaultLine"/><OtherTag ID="LT32" LABEL="HeadingLine" DESCRIPTION="line type HeadingLine"/><OtherTag ID="LT33" LABEL="InterlinearLine:addition" DESCRIPTION="line type InterlinearLine:addition"/><OtherTag ID="LT34" LABEL="InterlinearLine:correction" DESCRIPTION="line type InterlinearLine:correction"/>
  </Tags>
  <Layout>
    <Page WIDTH="2790"
          HEIGHT="3324"
          PHYSICAL_IMG_NR="98"
          ID="eSc_dummypage_">
      <PrintSpace HPOS="0"
                  VPOS="0"
                  WIDTH="2790"
                  HEIGHT="3324">
        <TextBlock HPOS="87"
                   VPOS="314"
                   WIDTH="380"
                   HEIGHT="324"
                   ID="3be8de8a-f384-4fd1-9d09-526276a07199"
                   TAGREFS="BT43">
          <Shape><Polygon POINTS="190 327 459 319 467 638 99 630 87 314"/></Shape>
          <TextLine ID="eSc_line_8164d2fa"
                    TAGREFS="LT31"
                    BASELINE="219 145 359 128" 
                    HPOS="238"
                    VPOS="102"
                    WIDTH="86"
                    HEIGHT="66">
            <Shape><Polygon POINTS="265 102 238 108 241 135 246 168 324 146 324 130 318 102 293 102"/></Shape>
	    <String CONTENT="9 4"
                    HPOS="238"
                    VPOS="102"
                    WIDTH="86"
                    HEIGHT="66"
                    WC="0.9999753634134928"></String>
          </TextLine>
          <TextLine ID="eSc_line_ab7159f2"
                    TAGREFS="LT31"
                    BASELINE="104 422 368 412" 
                    HPOS="141"
                    VPOS="373"
                    WIDTH="227"
                    HEIGHT="72">
            <Shape><Polygon POINTS="169 393 141 401 144 418 144 445 368 443 368 412 360 373 202 376 196 382"/></Shape>
	    <String CONTENT="&quot; Frouse"
                    HPOS="141"
                    VPOS="373"
                    WIDTH="227"
                    HEIGHT="72"
                    WC="0.9999545812606812"></String>
          </TextLine>
          <TextLine ID="eSc_line_339819b8"
                    TAGREFS="LT31"
                    BASELINE="117 489 393 473" 
                    HPOS="130"
                    VPOS="423"
                    WIDTH="266"
                    HEIGHT="147">
            <Shape><Polygon POINTS="138 554 338 570 340 570 343 570 346 570 396 537 393 473 385 423 130 443 135 487"/></Shape>
	    <String CONTENT="aullf p 31."
                    HPOS="130"
                    VPOS="423"
                    WIDTH="266"
                    HEIGHT="147"
                    WC="0.8724543858658184"></String>
          </TextLine>
          <TextLine ID="eSc_line_cd9803a0"
                    TAGREFS="LT31"
                    BASELINE="251 548 355 546" 
                    HPOS="251"
                    VPOS="546"
                    WIDTH="104"
                    HEIGHT="2">
	    <String CONTENT=""
                    HPOS="251"
                    VPOS="546"
                    WIDTH="104"
                    HEIGHT="2"></String>
          </TextLine>
        </TextBlock>
        <TextBlock HPOS="472"
                   VPOS="4"
                   WIDTH="2262"
                   HEIGHT="3312"
                   ID="ddde7a56-0758-486e-8011-df31f990c33b"
                   TAGREFS="BT42">
          <Shape><Polygon POINTS="2734 4 2734 3316 472 3316 472 4"/></Shape>
          <TextLine ID="eSc_line_600b67e9"
                    TAGREFS="LT31"
                    BASELINE="598 99 1950 85 2668 91" 
                    HPOS="595"
                    VPOS="27"
                    WIDTH="2073"
                    HEIGHT="111">
            <Shape><Polygon POINTS="2258 30 2230 30 2202 30 2174 27 2147 27 2119 27 2094 27 1917 47 1889 49 1886 47 1870 36 1867 36 1864 36 1861 36 1795 47 1764 27 1762 27 1759 27 1731 27 1703 27 1642 27 1640 27 1637 27 1584 49 1579 52 1352 52 1343 49 1327 36 1324 36 1321 36 1318 36 1316 36 1285 47 1219 33 1216 33 1144 49 1130 52 1113 49 1038 30 1036 30 1033 30 1030 30 955 49 933 58 875 58 864 49 831 33 828 33 825 33 595 49 598 99 601 138 664 116 1080 116 1207 132 1210 132 1318 116 1440 132 1451 132 1454 132 1490 132 1925 110 2294 127 2352 127 2355 127 2377 124 2504 108 2662 121 2668 91 2665 47 2258 30 2258 30"/></Shape>
	    <String CONTENT="&lt;....... ...... ..... ... qui n&#x27;envi¬"
                    HPOS="595"
                    VPOS="27"
                    WIDTH="2073"
                    HEIGHT="111"
                    WC="0.8409239263147921"></String>
          </TextLine>
          <TextLine ID="eSc_line_21ac2d24"
                    TAGREFS="LT31"
                    BASELINE="595 174 2693 160" 
                    HPOS="592"
                    VPOS="108"
                    WIDTH="2101"
                    HEIGHT="105">
            <Shape><Polygon POINTS="595 174 595 196 745 213 748 213 875 199 900 196 919 199 1008 213 1011 213 1014 213 1055 199 1072 193 1119 199 1210 210 1213 210 1321 199 1360 196 1379 199 1426 210 1429 210 1432 210 1462 199 1493 191 1698 202 1847 207 1850 207 1853 207 1867 202 1895 188 1978 202 2005 204 2008 204 2011 204 2019 202 2047 185 2285 185 2687 202 2693 160 2684 108 2410 121 2374 110 2363 108 2360 108 2357 108 2355 108 2352 108 2346 110 2330 121 2299 113 2285 108 2282 108 2280 108 2277 108 2274 108 2269 113 2252 124 2205 113 2188 110 2039 110 2036 110 2033 110 2030 110 2025 116 2011 124 1922 119 1856 113 1853 113 1850 113 1834 119 1806 127 1656 121 1449 113 1446 113 1346 127 1307 130 1249 127 1044 116 1041 116 1038 116 1000 130 994 132 964 132 775 119 772 119 770 119 767 119 748 132 651 121 648 121 645 121 592 135 595 174"/></Shape>
	    <String CONTENT="sageaient qu&#x27;avec répenguance la réforme électorale. Combutt. La"
                    HPOS="592"
                    VPOS="108"
                    WIDTH="2101"
                    HEIGHT="105"
                    WC="0.9759664740413427"></String>
          </TextLine>
          <TextLine ID="eSc_line_8f57a539"
                    TAGREFS="LT31"
                    BASELINE="584 254 2668 227" 
                    HPOS="581"
                    VPOS="177"
                    WIDTH="2087"
                    HEIGHT="102">
            <Shape><Polygon POINTS="584 254 584 279 2424 265 2668 246 2668 227 2662 188 2454 177 2451 177 2449 177 2446 177 2429 191 2424 193 2388 191 2294 182 2291 182 2080 196 2005 199 2000 196 1983 185 1980 185 1978 185 1975 185 1972 185 1969 185 1956 196 1953 199 1897 199 1690 191 1687 191 1612 202 1590 204 1559 202 1432 193 1429 193 1426 193 1424 193 1410 204 1407 207 1396 204 1324 193 1321 193 1221 207 1199 210 1147 210 858 199 856 199 756 216 745 216 734 216 623 202 620 202 617 202 581 213 584 254"/></Shape>
	    <String CONTENT="miuvaité de l&#x27;assemblée, énergiiquement combattue par Frére¬"
                    HPOS="581"
                    VPOS="177"
                    WIDTH="2087"
                    HEIGHT="102"
                    WC="0.9881824443737666"></String>
          </TextLine>
          <TextLine ID="eSc_line_9b2d2aa9"
                    TAGREFS="LT31"
                    BASELINE="590 326 2654 301" 
                    HPOS="587"
                    VPOS="243"
                    WIDTH="2067"
                    HEIGHT="117">
            <Shape><Polygon POINTS="590 326 590 360 2654 332 2654 301 2651 263 2596 243 2593 243 2590 243 2587 243 2537 260 2474 243 2471 243 2468 243 2465 243 2413 265 2291 265 2260 246 2258 246 2255 246 2252 246 2017 263 1975 249 1972 249 1969 249 1967 249 1928 268 1892 252 1889 252 1886 252 1728 271 1507 257 1504 257 1501 257 1498 257 1479 274 1296 257 1293 257 1291 257 1288 257 1266 271 1111 260 1108 260 1105 260 1102 260 1083 277 1002 263 1000 263 997 263 944 282 587 285 590 326"/></Shape>
	    <String CONTENT="Orban qui prit dès lors l&#x27;attitude d&#x27;un chef de parté, &lt;.. deelu de¬"
                    HPOS="587"
                    VPOS="243"
                    WIDTH="2067"
                    HEIGHT="117"
                    WC="0.9790399688131669"></String>
          </TextLine>
          <TextLine ID="eSc_line_f6509bc1"
                    TAGREFS="LT31"
                    BASELINE="576 393 2660 388" 
                    HPOS="573"
                    VPOS="337"
                    WIDTH="1020"
                    HEIGHT="97">
            <Shape><Polygon POINTS="576 418 761 415 789 421 845 432 847 432 850 432 878 421 881 418 883 421 903 434 905 434 908 434 911 434 986 421 1016 415 1041 421 1097 434 1099 434 1102 434 1105 434 1152 421 1158 421 1169 421 1285 434 1288 434 1590 421 1593 390 1587 357 1490 337 1487 337 1485 337 1449 354 1432 354 1252 354 1227 337 1224 337 1221 337 1219 337 1216 337 1174 354 1124 337 1122 337 1000 337 997 337 994 337 991 337 964 354 958 354 867 337 864 337 861 337 822 354 820 354 795 337 792 337 789 337 786 337 784 337 734 354 728 354 573 354 576 393"/></Shape>
	    <String CONTENT="mandait &lt;&#x27;abaissement cn"
                    HPOS="573"
                    VPOS="337"
                    WIDTH="1020"
                    HEIGHT="97"
                    WC="0.9952196925878525"></String>
          </TextLine>
          <TextLine ID="eSc_line_76b57d70"
                    TAGREFS="LT31"
                    BASELINE="576 473 2654 459" 
                    HPOS="573"
                    VPOS="407"
                    WIDTH="2081"
                    HEIGHT="99">
            <Shape><Polygon POINTS="576 473 576 506 2651 493 2654 459 2645 423 2368 423 2363 423 2282 407 2280 407 2058 421 1892 409 1889 409 1811 426 1795 429 1690 426 1249 415 1246 415 1244 415 1241 415 1224 429 1221 432 1213 429 1160 418 1158 418 1052 432 1036 432 1030 432 994 415 991 415 989 415 986 415 955 432 950 434 942 432 905 418 903 418 900 418 833 432 817 434 573 434 576 473"/></Shape>
	    <String CONTENT="&lt;....&gt;&gt; dans le corps élechoralille dut se contenter d&#x27;un"
                    HPOS="573"
                    VPOS="407"
                    WIDTH="2081"
                    HEIGHT="99"
                    WC="0.9811637788488153"></String>
          </TextLine>
          <TextLine ID="eSc_line_26d0531f"
                    TAGREFS="LT33"
                    BASELINE="1293 424 2287 420" 
                    HPOS="1293"
                    VPOS="420"
                    WIDTH="994"
                    HEIGHT="4">
	    <String CONTENT=""
                    HPOS="1293"
                    VPOS="420"
                    WIDTH="994"
                    HEIGHT="4"></String>
          </TextLine>
          <TextLine ID="eSc_line_62214d31"
                    TAGREFS="LT31"
                    BASELINE="573 548 2659 540" 
                    HPOS="570"
                    VPOS="490"
                    WIDTH="2089"
                    HEIGHT="100">
            <Shape><Polygon POINTS="573 548 573 570 687 570 692 570 734 590 736 590 739 590 978 570 989 570 1000 570 1230 590 1232 590 1235 590 1318 567 1327 567 1390 567 1958 587 1961 587 2064 567 2388 584 2391 584 2657 562 2659 540 2651 495 2269 504 2202 495 2166 490 2163 490 2113 495 2030 504 1992 495 1969 490 1967 490 1964 490 1961 490 1958 490 1953 495 1939 506 1811 495 1773 493 1770 493 1748 495 1678 506 1568 495 1532 493 1529 493 1526 493 1518 495 1496 509 1199 509 570 498 573 548"/></Shape>
	    <String CONTENT="vote qui tout en ne repoussant pas le principe de la réforme .."
                    HPOS="570"
                    VPOS="490"
                    WIDTH="2089"
                    HEIGHT="100"
                    WC="0.9905237054067945"></String>
          </TextLine>
          <TextLine ID="eSc_line_e11c3c86"
                    TAGREFS="LT31"
                    BASELINE="576 623 1939 623 2684 606" 
                    HPOS="573"
                    VPOS="562"
                    WIDTH="2111"
                    HEIGHT="97">
            <Shape><Polygon POINTS="576 623 576 659 2066 659 2066 656 2166 642 2199 639 2266 642 2496 653 2499 653 2681 637 2684 606 2679 573 2501 562 2499 562 2415 573 2374 578 2332 573 2252 565 2249 565 2246 565 2244 565 2230 576 2222 581 1967 581 1956 576 1942 567 1939 567 1936 567 1933 567 1931 567 1908 576 1897 584 1651 584 1631 578 1598 567 1595 567 1593 567 1590 567 1587 567 1568 578 1557 587 1429 587 1418 581 1385 567 1382 567 1152 567 1149 567 1147 567 1116 581 1108 587 1080 581 1025 573 1022 573 897 584 853 587 809 584 623 570 620 570 617 570 573 584 576 623"/></Shape>
	    <String CONTENT="&lt;.&gt; n&#x27;en admettait l&#x27;application que d&#x27;une facon qraabuelle"
                    HPOS="573"
                    VPOS="562"
                    WIDTH="2111"
                    HEIGHT="97"
                    WC="0.9866404472771337"></String>
          </TextLine>
          <TextLine ID="eSc_line_8fb14c75"
                    TAGREFS="LT31"
                    BASELINE="573 703 2665 686" 
                    HPOS="570"
                    VPOS="631"
                    WIDTH="2095"
                    HEIGHT="97">
            <Shape><Polygon POINTS="573 703 573 728 2662 711 2665 686 2659 642 2612 631 2609 631 2607 631 2584 642 2571 648 2548 642 2510 631 2507 631 2504 631 2501 631 2457 642 2438 648 2429 642 2404 631 2402 631 2399 631 2335 645 2302 650 2294 645 2282 634 2280 634 2277 634 2152 634 2149 634 2147 634 2144 634 2130 645 2122 653 1501 656 1490 650 1476 642 1473 642 1471 642 1468 642 1465 642 1462 642 1449 653 1440 656 1382 653 1268 645 1266 645 1155 656 1105 659 1083 656 1011 642 1008 642 1005 642 964 656 958 659 953 656 925 642 922 642 919 642 917 642 883 656 872 662 858 659 817 645 814 645 811 645 570 659 573 703"/></Shape>
	    <String CONTENT="et predente. L&#x27;accord fut complel en revanche &lt;.....i&gt; de"
                    HPOS="570"
                    VPOS="631"
                    WIDTH="2095"
                    HEIGHT="97"
                    WC="0.9813549853207773"></String>
          </TextLine>
          <TextLine ID="eSc_line_d917cde3"
                    TAGREFS="LT34"
                    BASELINE="2130 665 2307 663" 
                    HPOS="2130"
                    VPOS="663"
                    WIDTH="177"
                    HEIGHT="2">
	    <String CONTENT=""
                    HPOS="2130"
                    VPOS="663"
                    WIDTH="177"
                    HEIGHT="2"></String>
          </TextLine>
          <TextLine ID="eSc_line_f810bc0e"
                    TAGREFS="LT31"
                    BASELINE="573 775 2704 764" 
                    HPOS="570"
                    VPOS="711"
                    WIDTH="2134"
                    HEIGHT="92">
            <Shape><Polygon POINTS="573 775 573 803 2701 789 2704 764 2695 711 2402 725 2263 714 2202 711 2199 711 2197 711 2183 717 2149 728 1908 720 1751 714 1748 714 1745 714 1720 722 1698 728 1673 722 1640 714 1637 714 1634 714 1631 714 1601 722 1573 731 1399 725 1144 717 1141 717 1138 717 1111 728 1099 734 1011 731 792 720 789 720 695 734 689 734 687 734 631 720 628 720 626 720 623 720 570 734 573 775"/></Shape>
	    <String CONTENT="revendriques l&#x27;indépendance &quot;reelle&quot; du pouvoir civil, d’organisation"
                    HPOS="570"
                    VPOS="711"
                    WIDTH="2134"
                    HEIGHT="92"
                    WC="0.9792914485585862"></String>
          </TextLine>
          <TextLine ID="eSc_line_b88a77b1"
                    TAGREFS="LT31"
                    BASELINE="526 850 2715 842" 
                    HPOS="523"
                    VPOS="786"
                    WIDTH="2192"
                    HEIGHT="94">
            <Shape><Polygon POINTS="526 850 526 875 1479 867 1559 878 1576 880 1579 880 1593 878 1654 867 1770 878 1792 880 1795 880 1798 880 1803 878 1828 867 1922 878 1942 880 1944 880 1958 878 2041 864 2180 878 2183 878 2186 878 2607 864 2709 878 2715 842 2709 806 2587 789 2584 789 2446 803 2438 803 2432 803 2349 786 2346 786 2255 803 2244 803 2235 803 2177 786 2174 786 2072 786 2069 786 2066 786 2064 786 2047 800 2044 803 2039 800 2003 786 2000 786 1997 786 1936 800 1931 800 1925 800 1845 789 1842 789 1839 789 1836 789 1823 800 1811 808 1584 808 1559 797 1529 789 1526 789 1523 789 1521 789 1482 797 1449 806 1327 797 1241 792 1238 792 1235 792 1216 797 1174 808 1144 797 1130 792 1127 792 1124 792 1122 792 1105 797 1063 808 523 794 526 850"/></Shape>
	    <String CONTENT="de l&#x27;enseignement à tous les degrés Dons la direction exclusive de l&#x27;au¬"
                    HPOS="523"
                    VPOS="786"
                    WIDTH="2192"
                    HEIGHT="94"
                    WC="0.9888115941661678"></String>
          </TextLine>
          <TextLine ID="eSc_line_42eb7480"
                    TAGREFS="LT31"
                    BASELINE="573 925 2701 914" 
                    HPOS="570"
                    VPOS="858"
                    WIDTH="2131"
                    HEIGHT="92">
            <Shape><Polygon POINTS="573 925 573 950 2698 941 2701 914 2695 872 2385 858 2382 858 1997 875 1980 875 1975 875 1870 861 1867 861 1703 875 1637 861 1634 861 1543 878 1507 864 1504 864 1501 864 1388 878 1274 864 1271 864 1268 864 1266 864 1244 878 922 867 919 867 833 880 772 867 770 867 767 867 676 880 640 867 637 867 634 867 631 867 570 883 573 925"/></Shape>
	    <String CONTENT="torité &lt;.... .  ... .. .&gt;"
                    HPOS="570"
                    VPOS="858"
                    WIDTH="2131"
                    HEIGHT="92"
                    WC="0.9482748055458069"></String>
          </TextLine>
          <TextLine ID="eSc_line_0c97f5b8"
                    TAGREFS="LT34"
                    BASELINE="831 888 1041 888" 
                    HPOS="831"
                    VPOS="888"
                    WIDTH="210"
                    HEIGHT="0">
	    <String CONTENT=""
                    HPOS="831"
                    VPOS="888"
                    WIDTH="210"
                    HEIGHT="0"></String>
          </TextLine>
          <TextLine ID="eSc_line_e62db7b0"
                    TAGREFS="LT31"
                    BASELINE="565 1002 2632 986" 
                    HPOS="562"
                    VPOS="930"
                    WIDTH="2070"
                    HEIGHT="92">
            <Shape><Polygon POINTS="565 1002 565 1022 2632 1005 2632 986 2626 950 2357 950 2288 930 2285 930 2282 930 2280 930 2233 947 2066 933 2064 933 1942 950 1925 955 1701 955 1698 952 1665 936 1662 936 1659 936 1656 936 1604 952 1590 955 1554 952 1401 939 1399 939 1332 952 1324 955 1313 952 1255 939 1252 939 1249 939 1149 955 1122 958 1113 955 1094 941 1091 941 1088 941 1086 941 1083 941 1036 955 1019 958 1005 955 955 941 953 941 950 941 562 955 565 1002"/></Shape>
	    <String CONTENT="torité, sur le retrait des &quot; lois réactionnaires&quot; de 1842. Pour prouver"
                    HPOS="562"
                    VPOS="930"
                    WIDTH="2070"
                    HEIGHT="92"
                    WC="0.9866089451480919"></String>
          </TextLine>
          <TextLine ID="eSc_line_cdca1cfc"
                    TAGREFS="LT31"
                    BASELINE="587 1080 2701 1055" 
                    HPOS="584"
                    VPOS="1002"
                    WIDTH="2117"
                    HEIGHT="114">
            <Shape><Polygon POINTS="587 1080 590 1116 631 1099 759 1113 761 1113 764 1113 822 1096 1271 1108 1282 1108 1285 1108 1288 1108 1291 1108 1310 1091 1451 1105 1454 1105 1620 1088 1756 1099 1759 1099 1762 1099 1792 1085 2515 1091 2518 1091 2521 1091 2524 1091 2540 1077 2695 1091 2701 1055 2695 1016 2318 1002 2316 1002 2213 1019 2205 1019 2202 1019 2188 1005 2186 1005 2183 1005 2180 1005 2028 1019 1992 1022 1958 1019 1836 1008 1834 1008 1767 1022 1742 1024 1684 1022 1526 1011 1523 1011 1457 1022 1429 1027 1404 1024 1343 1013 1340 1013 1338 1013 1307 1024 1285 1030 1241 1024 1177 1016 1174 1016 1108 1024 1052 1033 1011 1024 969 1019 966 1019 883 1027 786 1035 584 1030 587 1080"/></Shape>
	    <String CONTENT="qu&#x27;on n&#x27;en voulait pas à la religion, &lt;....&gt; on nota un voeu en faveer"
                    HPOS="584"
                    VPOS="1002"
                    WIDTH="2117"
                    HEIGHT="114"
                    WC="0.9737060435221229"></String>
          </TextLine>
          <TextLine ID="eSc_line_e177b97f"
                    TAGREFS="LT31"
                    BASELINE="570 1149 2269 1130 2687 1138" 
                    HPOS="567"
                    VPOS="1083"
                    WIDTH="2120"
                    HEIGHT="99">
            <Shape><Polygon POINTS="570 1149 570 1168 706 1182 709 1182 858 1168 881 1168 911 1168 1127 1180 1130 1180 1213 1168 1238 1166 2687 1166 2687 1138 2681 1083 567 1096 570 1149"/></Shape>
	    <String CONTENT="de la sonstraction du bas clergé &lt;....&gt; à l&#x27;arbitraire épiscopals &lt;..&gt;"
                    HPOS="567"
                    VPOS="1083"
                    WIDTH="2120"
                    HEIGHT="99"
                    WC="0.9604291277872005"></String>
          </TextLine>
          <TextLine ID="eSc_line_b5bbef5e"
                    TAGREFS="LT31"
                    BASELINE="570 1224 2681 1196" 
                    HPOS="567"
                    VPOS="1146"
                    WIDTH="2114"
                    HEIGHT="103">
            <Shape><Polygon POINTS="570 1224 570 1249 2679 1221 2681 1196 2676 1163 2266 1146 2263 1146 2080 1166 2041 1168 2003 1166 1836 1152 1834 1152 1681 1168 1623 1174 1615 1168 1601 1157 1598 1157 1595 1157 1593 1157 1590 1157 1548 1168 1526 1174 1479 1168 1413 1163 1410 1163 1407 1163 1404 1163 1396 1171 1388 1177 1352 1171 1293 1160 1291 1160 1238 1171 1196 1182 964 1182 947 1174 936 1166 933 1166 930 1166 928 1166 867 1174 775 1185 567 1177 570 1224"/></Shape>
	    <String CONTENT="&lt;... .... ... . .....&gt;"
                    HPOS="567"
                    VPOS="1146"
                    WIDTH="2114"
                    HEIGHT="103"
                    WC="0.8136569180271842"></String>
          </TextLine>
          <TextLine ID="eSc_line_30dccea3"
                    TAGREFS="LT31"
                    BASELINE="573 1293 2676 1263" 
                    HPOS="570"
                    VPOS="1213"
                    WIDTH="2106"
                    HEIGHT="119">
            <Shape><Polygon POINTS="573 1293 573 1332 764 1312 2094 1312 2100 1312 2100 1310 2307 1290 2435 1304 2438 1304 2440 1304 2485 1288 2670 1301 2676 1263 2670 1229 2482 1213 2479 1213 2476 1213 2429 1229 2429 1232 1994 1235 1992 1235 1953 1221 1950 1221 1947 1221 1756 1238 1712 1240 1676 1238 1529 1227 1526 1227 1376 1229 1374 1229 1340 1243 1329 1246 1318 1243 1291 1232 1288 1232 1285 1232 1185 1243 1135 1249 1108 1243 1055 1235 1052 1235 1050 1235 1047 1235 1033 1246 1025 1252 570 1252 573 1293"/></Shape>
	    <String CONTENT="&lt;..... .. &gt; un article du pregramme enfin don¬"
                    HPOS="570"
                    VPOS="1213"
                    WIDTH="2106"
                    HEIGHT="119"
                    WC="0.9876138192156086"></String>
          </TextLine>
          <TextLine ID="eSc_line_0496959d"
                    TAGREFS="LT31"
                    BASELINE="565 1362 2684 1332" 
                    HPOS="562"
                    VPOS="1282"
                    WIDTH="2122"
                    HEIGHT="116">
            <Shape><Polygon POINTS="565 1362 567 1398 603 1385 886 1393 944 1393 947 1393 2684 1354 2684 1332 2676 1282 2443 1299 2327 1288 2310 1288 2307 1288 2305 1288 2302 1288 2285 1301 1895 1296 1717 1296 1715 1296 1684 1301 1642 1310 1593 1304 1554 1299 1551 1299 1548 1299 1534 1304 1518 1312 1274 1310 986 1307 983 1307 562 1324 565 1362"/></Shape>
	    <String CONTENT="nait satis faction aux déciocrates &lt;....&gt; en promettant de s&#x27;oc¬"
                    HPOS="562"
                    VPOS="1282"
                    WIDTH="2122"
                    HEIGHT="116"
                    WC="0.9606147948652506"></String>
          </TextLine>
          <TextLine ID="eSc_line_6f93bac8"
                    TAGREFS="LT31"
                    BASELINE="570 1437 966 1423 2701 1409" 
                    HPOS="567"
                    VPOS="1357"
                    WIDTH="2134"
                    HEIGHT="105">
            <Shape><Polygon POINTS="570 1437 570 1462 939 1448 1036 1457 1080 1459 1083 1459 1111 1454 1163 1445 1194 1454 1213 1459 1216 1459 1219 1459 1864 1454 1867 1454 1895 1443 1903 1440 1917 1443 1967 1454 1969 1454 2033 1440 2053 1437 2058 1440 2080 1451 2083 1451 2086 1451 2155 1440 2172 1437 2194 1437 2346 1451 2349 1451 2352 1451 2385 1434 2388 1432 2698 1429 2701 1409 2695 1371 2565 1357 2562 1357 2560 1357 2557 1357 2540 1371 2537 1373 2415 1373 2413 1371 2377 1357 2374 1357 2371 1357 2368 1357 2330 1371 2321 1373 2269 1371 2053 1360 2050 1360 1978 1373 1956 1376 1933 1373 1864 1362 1861 1362 1787 1373 1751 1379 1667 1373 1507 1365 1504 1365 1501 1365 1473 1376 1454 1382 1390 1376 1304 1368 1302 1368 1224 1376 1158 1385 1122 1376 1088 1371 1086 1371 1083 1371 1066 1379 1047 1385 1025 1379 997 1371 994 1371 991 1371 928 1379 861 1387 836 1379 820 1373 817 1373 814 1373 811 1373 795 1379 772 1387 567 1382 570 1437"/></Shape>
	    <String CONTENT="cuper des &quot; ameliorations que reclament impérieusement les clasee"
                    HPOS="567"
                    VPOS="1357"
                    WIDTH="2134"
                    HEIGHT="105"
                    WC="0.9920965075492859"></String>
          </TextLine>
          <TextLine ID="eSc_line_5a4d5bfb"
                    TAGREFS="LT31"
                    BASELINE="570 1506 2690 1484" 
                    HPOS="567"
                    VPOS="1432"
                    WIDTH="2123"
                    HEIGHT="97">
            <Shape><Polygon POINTS="570 1506 570 1529 2690 1509 2690 1484 2684 1448 2463 1432 2460 1432 2457 1432 2415 1448 2413 1448 2332 1434 2330 1434 2327 1434 2324 1434 2305 1448 2116 1437 2113 1437 1931 1451 1925 1451 1903 1437 1900 1437 1897 1437 1895 1437 1892 1437 1836 1454 1828 1454 1800 1454 1637 1440 1634 1440 1545 1454 1526 1457 1512 1454 1465 1443 1462 1443 1460 1443 1385 1457 1360 1459 1354 1457 1340 1445 1338 1445 1335 1445 1155 1445 1152 1445 1149 1445 1108 1457 1088 1462 1083 1457 1072 1448 1069 1448 1066 1448 1063 1448 1008 1457 980 1462 955 1459 897 1448 894 1448 567 1459 570 1506"/></Shape>
	    <String CONTENT="ouvrière et indiqunte&quot;. En même temps, &lt;..... .. &lt;. ......&gt;"
                    HPOS="567"
                    VPOS="1432"
                    WIDTH="2123"
                    HEIGHT="97"
                    WC="0.9585001882860216"></String>
          </TextLine>
          <TextLine ID="eSc_line_b6b8a911"
                    TAGREFS="LT31"
                    BASELINE="576 1578 2684 1551" 
                    HPOS="573"
                    VPOS="1509"
                    WIDTH="2111"
                    HEIGHT="92">
            <Shape><Polygon POINTS="576 1578 576 1601 2684 1573 2684 1551 2679 1509 1847 1509 1845 1509 1656 1523 1623 1526 1598 1526 1418 1515 1415 1515 1413 1515 1385 1529 1374 1529 1207 1517 1205 1517 997 1534 991 1534 989 1534 786 1523 784 1523 695 1537 609 1526 606 1526 603 1526 573 1537 576 1578"/></Shape>
	    <String CONTENT="&lt;..&gt; une solide armature était donnée au parti pas la déci¬"
                    HPOS="573"
                    VPOS="1509"
                    WIDTH="2111"
                    HEIGHT="92"
                    WC="0.983576018931502"></String>
          </TextLine>
          <TextLine ID="eSc_line_b4fee177"
                    TAGREFS="LT31"
                    BASELINE="573 1656 2651 1625" 
                    HPOS="570"
                    VPOS="1578"
                    WIDTH="2081"
                    HEIGHT="111">
            <Shape><Polygon POINTS="573 1656 573 1675 689 1689 692 1689 695 1689 750 1675 761 1673 803 1673 980 1684 983 1684 986 1684 1011 1673 1016 1667 1227 1667 1244 1670 1324 1681 1327 1681 1523 1664 1548 1664 1557 1664 1609 1675 1612 1675 2648 1650 2651 1625 2645 1592 2460 1578 2457 1578 2454 1578 2451 1578 2429 1592 2427 1595 570 1606 573 1656"/></Shape>
	    <String CONTENT="sion de crier dans chaque arrondoisement &lt;. ...........&gt;"
                    HPOS="570"
                    VPOS="1578"
                    WIDTH="2081"
                    HEIGHT="111"
                    WC="0.9829393167580877"></String>
          </TextLine>
          <TextLine ID="eSc_line_9d81d99c"
                    TAGREFS="LT31"
                    BASELINE="570 1728 1626 1722 2665 1698" 
                    HPOS="567"
                    VPOS="1653"
                    WIDTH="2098"
                    HEIGHT="103">
            <Shape><Polygon POINTS="570 1728 570 1753 1521 1756 1523 1756 1897 1750 1978 1734 1986 1734 2005 1734 2269 1745 2271 1745 2274 1745 2277 1745 2299 1728 2305 1728 2338 1728 2590 1739 2593 1739 2665 1722 2665 1698 2659 1667 2546 1653 2543 1653 2540 1653 2537 1653 2518 1667 2515 1667 2510 1667 2349 1656 2346 1656 2343 1656 2294 1670 2280 1673 2244 1670 2097 1659 2094 1659 2091 1659 2050 1673 2041 1675 2030 1673 1975 1662 1972 1662 1914 1675 1895 1681 1609 1681 1601 1678 1579 1667 1576 1667 1573 1667 1570 1667 1532 1678 1512 1686 1221 1686 1210 1684 1183 1673 1180 1673 1177 1673 1088 1684 1047 1689 1022 1686 972 1675 969 1675 966 1675 964 1675 950 1686 939 1692 567 1692 570 1728"/></Shape>
	    <String CONTENT="une association et dans chaque cauton un comité auxquels incombe¬"
                    HPOS="567"
                    VPOS="1653"
                    WIDTH="2098"
                    HEIGHT="103"
                    WC="0.9771867366937491"></String>
          </TextLine>
          <TextLine ID="eSc_line_fb0ad937"
                    TAGREFS="LT31"
                    BASELINE="579 1803 1615 1803 2659 1775" 
                    HPOS="576"
                    VPOS="1728"
                    WIDTH="2083"
                    HEIGHT="119">
            <Shape><Polygon POINTS="579 1803 579 1828 950 1828 966 1828 1116 1847 1119 1847 1122 1847 1124 1847 1155 1828 1160 1825 1180 1828 1232 1839 1235 1839 1338 1828 1374 1825 1379 1828 1396 1839 1399 1839 1401 1839 1404 1839 1457 1828 1462 1828 1473 1828 1609 1842 1612 1842 1615 1842 1662 1828 1692 1819 1787 1819 1798 1828 1811 1839 1814 1839 1817 1839 1820 1839 1914 1828 2039 1811 2083 1828 2100 1833 2102 1833 2105 1833 2108 1833 2125 1828 2163 1811 2371 1828 2438 1830 2440 1830 2443 1830 2460 1828 2535 1806 2657 1825 2659 1775 2651 1728 2371 1750 2260 1734 2249 1734 2246 1734 2244 1734 2241 1734 2241 1736 2222 1753 2172 1736 2169 1736 2166 1736 2161 1736 2000 1756 1914 1742 1911 1742 1817 1758 1789 1745 1787 1745 1784 1745 1604 1764 1393 1764 1360 1750 1357 1750 1354 1750 1352 1750 1307 1753 1061 1767 1030 1756 1008 1750 1005 1750 1002 1750 1000 1750 983 1758 961 1770 903 1758 861 1753 858 1753 856 1753 833 1761 817 1767 806 1761 789 1753 786 1753 784 1753 576 1764 579 1803"/></Shape>
	    <String CONTENT="rait le soin de préparer d&#x27;une manière permanente la propregande"
                    HPOS="576"
                    VPOS="1728"
                    WIDTH="2083"
                    HEIGHT="119"
                    WC="0.9963876213878393"></String>
          </TextLine>
          <TextLine ID="eSc_line_5e4060c3"
                    TAGREFS="LT31"
                    BASELINE="576 1875 922 1869" 
                    HPOS="573"
                    VPOS="1814"
                    WIDTH="349"
                    HEIGHT="88">
            <Shape><Polygon POINTS="576 1875 576 1902 922 1894 922 1869 914 1819 676 1830 673 1830 609 1814 606 1814 603 1814 601 1814 598 1814 573 1828 576 1875"/></Shape>
	    <String CONTENT="élictorale."
                    HPOS="573"
                    VPOS="1814"
                    WIDTH="349"
                    HEIGHT="88"
                    WC="0.9999119205908342"></String>
          </TextLine>
          <TextLine ID="eSc_line_7c9c02e8"
                    TAGREFS="LT31"
                    BASELINE="598 1963 2690 1950" 
                    HPOS="595"
                    VPOS="1897"
                    WIDTH="2095"
                    HEIGHT="111">
            <Shape><Polygon POINTS="598 1963 603 2008 642 1986 736 1986 778 2005 781 2005 784 2005 786 2005 800 2005 942 1986 991 2002 1005 2005 1008 2005 1011 2005 1122 2002 1124 2002 1133 1999 1160 1983 1191 1997 1202 2002 1205 2002 1207 2005 1415 2005 1415 2002 1418 2002 1421 2002 1421 1999 1429 1994 1437 1986 1485 1994 1498 1994 1501 1994 1504 1994 1509 1991 1545 1980 1595 1991 1637 1999 1640 1999 1642 1999 1678 1988 1717 1980 1789 1988 1872 1997 1875 1997 1878 1997 1900 1986 1906 1983 1936 1986 2028 1994 2030 1994 2033 1994 2036 1994 2050 1983 2061 1977 2138 1983 2252 1988 2255 1988 2335 1977 2371 1975 2388 1977 2451 1994 2454 1994 2457 1994 2460 1994 2463 1994 2485 1977 2490 1975 2504 1975 2632 1991 2634 1991 2637 1991 2690 1972 2690 1950 2681 1902 2343 1914 2299 1902 2274 1897 2271 1897 2269 1897 2199 1902 2077 1916 1936 1905 1859 1900 1856 1900 1853 1900 1839 1905 1809 1922 1554 1922 1496 1908 1468 1902 1465 1902 1429 1908 1343 1922 1196 1911 1194 1911 975 1925 595 1914 598 1963"/></Shape>
	    <String CONTENT="Le congrés&lt;..... ...&gt; ne parvint pas cependant à empêcher la"
                    HPOS="595"
                    VPOS="1897"
                    WIDTH="2095"
                    HEIGHT="111"
                    WC="0.9689911261933749"></String>
          </TextLine>
          <TextLine ID="eSc_line_e5eb4a28"
                    TAGREFS="LT31"
                    BASELINE="573 2044 2654 2019" 
                    HPOS="570"
                    VPOS="1975"
                    WIDTH="2084"
                    HEIGHT="94">
            <Shape><Polygon POINTS="573 2044 573 2069 2651 2047 2654 2019 2648 1975 2161 1975 2158 1975 2155 1975 2152 1975 2149 1977 2130 1988 1836 1980 1726 1977 1723 1977 1720 1977 1712 1980 1681 1997 1260 1999 1130 1986 1122 1986 1119 1986 1111 1986 989 2002 914 1988 911 1988 795 2005 570 1991 573 2044"/></Shape>
	    <String CONTENT="scission &lt;... .... ......&gt; définitive du parti en deux graupes."
                    HPOS="570"
                    VPOS="1975"
                    WIDTH="2084"
                    HEIGHT="94"
                    WC="0.9482320453971624"></String>
          </TextLine>
          <TextLine ID="eSc_line_84e030c3"
                    TAGREFS="LT31"
                    BASELINE="567 2113 2668 2080" 
                    HPOS="565"
                    VPOS="2024"
                    WIDTH="2103"
                    HEIGHT="128">
            <Shape><Polygon POINTS="567 2113 567 2135 725 2152 728 2152 903 2132 914 2132 925 2132 1047 2146 1050 2146 1133 2130 1141 2130 1160 2130 1385 2141 1388 2141 1695 2124 1789 2119 1834 2121 1958 2132 1961 2132 1964 2132 1992 2119 2000 2116 2089 2119 2307 2127 2310 2127 2313 2127 2346 2116 2366 2110 2665 2110 2668 2080 2659 2024 2427 2044 2360 2030 2352 2030 2349 2030 2341 2030 2271 2047 2188 2035 2169 2033 2166 2033 2163 2033 2155 2035 2125 2052 1892 2052 1853 2044 1836 2038 1834 2038 1831 2038 1803 2044 1753 2058 1374 2060 1346 2055 1302 2047 1299 2047 1219 2058 1180 2063 1152 2060 1080 2049 1077 2049 1074 2049 1072 2049 1052 2063 1047 2066 1014 2063 903 2052 900 2052 897 2052 867 2066 861 2069 822 2069 592 2058 590 2058 587 2058 584 2058 565 2066 567 2113"/></Shape>
	    <String CONTENT="Pis 1847, les modérés, disignés &lt;...&gt; dès lors par le nous de doetrinaires"
                    HPOS="565"
                    VPOS="2024"
                    WIDTH="2103"
                    HEIGHT="128"
                    WC="0.9776792228221893"></String>
          </TextLine>
          <TextLine ID="eSc_line_8c44c214"
                    TAGREFS="LT31"
                    BASELINE="573 2188 2676 2146" 
                    HPOS="570"
                    VPOS="2102"
                    WIDTH="2106"
                    HEIGHT="127">
            <Shape><Polygon POINTS="573 2188 576 2229 623 2204 736 2204 781 2224 784 2224 786 2224 789 2224 792 2224 795 2224 845 2204 972 2218 989 2218 991 2218 994 2218 997 2218 1033 2199 1058 2216 1061 2216 1063 2216 1066 2216 1080 2216 1185 2199 1238 2210 1268 2216 1271 2216 1274 2216 1304 2207 1332 2202 1487 2202 1753 2204 1756 2204 1759 2204 1798 2193 1836 2182 1872 2191 1920 2202 1922 2202 2005 2188 2022 2185 2047 2185 2216 2196 2219 2196 2222 2196 2280 2179 2291 2177 2318 2177 2499 2191 2501 2191 2504 2191 2551 2171 2551 2168 2673 2166 2676 2146 2668 2102 2086 2121 1989 2119 1875 2113 1872 2113 1870 2113 1847 2121 1828 2127 1778 2124 1692 2116 1690 2116 1687 2116 1667 2127 1659 2130 1631 2127 1573 2119 1570 2119 1454 2132 1407 2135 1346 2132 1158 2127 1155 2127 1152 2127 1149 2127 1130 2138 1127 2141 1111 2141 1030 2130 1027 2130 1025 2130 991 2143 986 2143 972 2143 853 2132 850 2132 847 2132 845 2132 825 2146 822 2146 712 2135 709 2135 570 2152 573 2188"/></Shape>
	    <String CONTENT="que les partisans de la réforme appliquaient en Fronce aux &lt;iotamis de"
                    HPOS="570"
                    VPOS="2102"
                    WIDTH="2106"
                    HEIGHT="127"
                    WC="0.9809677268777575"></String>
          </TextLine>
          <TextLine ID="eSc_line_ce60c890"
                    TAGREFS="LT31"
                    BASELINE="565 2254 2693 2221" 
                    HPOS="562"
                    VPOS="2168"
                    WIDTH="2131"
                    HEIGHT="125">
            <Shape><Polygon POINTS="565 2254 565 2293 928 2274 1296 2279 1446 2279 1449 2279 1526 2274 1654 2263 1889 2265 2155 2268 2158 2268 2690 2246 2693 2221 2687 2179 2501 2168 2499 2168 2496 2168 2493 2168 2476 2182 2471 2188 1864 2196 1856 2193 1823 2179 1820 2179 1817 2179 1814 2179 1764 2196 1751 2199 1723 2196 1618 2182 1615 2182 1612 2182 1582 2199 1573 2204 1327 2204 1304 2204 1130 2191 1127 2191 1041 2210 1030 2210 1019 2210 908 2193 905 2193 903 2193 850 2213 847 2213 842 2213 736 2196 734 2196 595 2199 592 2199 562 2213 565 2254"/></Shape>
	    <String CONTENT="Guizot &lt;......... .... ..................."
                    HPOS="562"
                    VPOS="2168"
                    WIDTH="2131"
                    HEIGHT="125"
                    WC="0.9081360399723053"></String>
          </TextLine>
          <TextLine ID="eSc_line_c3af3fdb"
                    TAGREFS="LT31"
                    BASELINE="567 2321 2695 2288" 
                    HPOS="565"
                    VPOS="2240"
                    WIDTH="2130"
                    HEIGHT="117">
            <Shape><Polygon POINTS="567 2321 567 2346 892 2357 894 2357 897 2357 900 2357 922 2343 928 2340 964 2343 1094 2351 1097 2351 1332 2337 1390 2335 1396 2337 1415 2346 1418 2346 1421 2346 1424 2346 1446 2335 1457 2332 1551 2335 1803 2343 1806 2343 1933 2329 1969 2326 2014 2329 2161 2337 2163 2337 2166 2337 2197 2326 2210 2321 2230 2326 2266 2335 2269 2335 2271 2335 2332 2324 2371 2318 2424 2324 2512 2332 2515 2332 2693 2318 2695 2288 2690 2254 2598 2240 2596 2240 2238 2257 2158 2260 2119 2257 1989 2249 1986 2249 1861 2260 1800 2268 565 2271 567 2321"/></Shape>
	    <String CONTENT="&lt;.......&gt; abandonn erieat l&#x27;Alliance aux radicaux pour fonder en face"
                    HPOS="565"
                    VPOS="2240"
                    WIDTH="2130"
                    HEIGHT="117"
                    WC="0.9724410340405892"></String>
          </TextLine>
          <TextLine ID="eSc_line_56d96a80"
                    TAGREFS="LT31"
                    BASELINE="559 2393 2687 2357" 
                    HPOS="556"
                    VPOS="2315"
                    WIDTH="2131"
                    HEIGHT="100">
            <Shape><Polygon POINTS="559 2393 559 2415 2684 2379 2687 2357 2679 2315 2097 2329 2075 2326 2019 2315 2017 2315 2014 2315 1969 2329 1953 2332 1931 2329 1861 2318 1859 2318 1856 2318 1831 2332 1820 2337 1523 2340 1468 2337 1296 2329 1293 2329 1291 2329 1288 2329 1274 2343 1271 2346 1141 2346 1108 2346 869 2335 867 2335 712 2351 590 2340 587 2340 584 2340 556 2351 559 2393"/></Shape>
	    <String CONTENT="d&#x27;elle l&#x27;Association libérale et cour fitutisnell. Loin de mine au libérabir"
                    HPOS="556"
                    VPOS="2315"
                    WIDTH="2131"
                    HEIGHT="100"
                    WC="0.9858560130784386"></String>
          </TextLine>
          <TextLine ID="eSc_line_5b1c63c2"
                    TAGREFS="LT31"
                    BASELINE="562 2459 2684 2432" 
                    HPOS="559"
                    VPOS="2398"
                    WIDTH="2125"
                    HEIGHT="97">
            <Shape><Polygon POINTS="562 2459 562 2481 778 2479 789 2481 831 2495 833 2495 836 2495 950 2479 986 2476 1083 2479 1376 2490 1379 2490 1382 2490 1435 2476 1451 2473 1487 2476 1612 2487 1615 2487 1618 2487 1651 2473 1656 2473 1684 2473 1828 2484 1831 2484 2030 2470 2136 2465 2144 2470 2152 2479 2155 2479 2158 2479 2161 2479 2219 2470 2258 2465 2313 2470 2393 2476 2396 2476 2399 2476 2402 2476 2410 2468 2424 2459 2457 2468 2479 2473 2482 2473 2485 2473 2488 2473 2499 2468 2524 2456 2681 2465 2684 2432 2676 2398 559 2415 562 2459"/></Shape>
	    <String CONTENT="me, cette rupture de la majorité avec un groupe &lt;..&gt; dont les reven¬"
                    HPOS="559"
                    VPOS="2398"
                    WIDTH="2125"
                    HEIGHT="97"
                    WC="0.9814877501305412"></String>
          </TextLine>
          <TextLine ID="eSc_line_05d20fdc"
                    TAGREFS="LT31"
                    BASELINE="565 2529 2008 2526 2673 2506" 
                    HPOS="562"
                    VPOS="2465"
                    WIDTH="2111"
                    HEIGHT="100">
            <Shape><Polygon POINTS="565 2529 567 2565 637 2548 1119 2556 1537 2565 1540 2565 1659 2548 1706 2542 1728 2548 1795 2565 1798 2565 1800 2565 2047 2551 2089 2562 2091 2562 2094 2562 2216 2540 2235 2537 2252 2540 2352 2559 2355 2559 2357 2559 2360 2559 2396 2537 2402 2537 2479 2551 2482 2551 2670 2531 2673 2506 2665 2465 562 2487 565 2529"/></Shape>
	    <String CONTENT="dications dénocratiques, offrayaient le corps électoral, lui vabut une"
                    HPOS="562"
                    VPOS="2465"
                    WIDTH="2111"
                    HEIGHT="100"
                    WC="0.9976920936788831"></String>
          </TextLine>
          <TextLine ID="eSc_line_5a2ae1f4"
                    TAGREFS="LT31"
                    BASELINE="559 2609 2657 2601" 
                    HPOS="556"
                    VPOS="2545"
                    WIDTH="2101"
                    HEIGHT="105">
            <Shape><Polygon POINTS="559 2609 559 2631 1147 2631 1160 2634 1210 2650 1213 2650 1216 2650 1327 2637 1363 2631 1376 2637 1399 2645 1401 2645 1404 2645 1407 2645 1410 2645 1421 2637 1435 2628 1570 2637 1715 2645 1717 2645 1720 2645 1748 2637 1778 2628 1800 2637 1825 2648 1828 2648 1831 2648 1967 2639 2036 2634 2651 2639 2657 2601 2648 2553 2571 2562 2554 2553 2546 2545 2543 2545 2540 2545 2421 2545 2418 2545 2415 2545 2388 2553 2346 2562 2252 2553 2202 2548 2199 2548 2197 2548 2186 2553 2163 2562 2072 2553 2000 2545 1997 2545 1994 2545 1978 2553 1944 2567 1460 2567 1437 2553 1437 2551 1435 2551 1432 2551 1429 2551 1426 2551 1424 2553 1396 2565 1357 2553 1343 2548 1340 2548 1338 2548 1285 2553 1124 2567 925 2553 892 2551 889 2551 872 2553 770 2567 556 2553 559 2609"/></Shape>
	    <String CONTENT="Victoire éclatante aux élections du moir de juin. Le ministère de Theux"
                    HPOS="556"
                    VPOS="2545"
                    WIDTH="2101"
                    HEIGHT="105"
                    WC="0.9889153510751859"></String>
          </TextLine>
          <TextLine ID="eSc_line_9fee8c05"
                    TAGREFS="LT31"
                    BASELINE="565 2689 2684 2675" 
                    HPOS="562"
                    VPOS="2625"
                    WIDTH="2122"
                    HEIGHT="103">
            <Shape><Polygon POINTS="565 2689 565 2720 939 2725 942 2725 1011 2717 1061 2711 1077 2717 1102 2725 1105 2725 1108 2728 1410 2728 1410 2725 1487 2711 1518 2709 1595 2711 1817 2722 1820 2722 2000 2709 2039 2706 2072 2706 2252 2720 2255 2720 2258 2720 2302 2706 2310 2703 2355 2706 2576 2717 2579 2717 2681 2700 2684 2675 2679 2634 2260 2625 2258 2625 2197 2634 2136 2642 2053 2634 1989 2628 1986 2628 1886 2634 1731 2645 1676 2634 1648 2631 1645 2631 1642 2631 1626 2634 1587 2645 1543 2637 1518 2631 1515 2631 1512 2631 1509 2631 1504 2637 1490 2648 1155 2648 1130 2637 1122 2634 1119 2634 1116 2634 1088 2637 980 2650 562 2639 565 2689"/></Shape>
	    <String CONTENT="démissionme et le roi chargea Rogier de constituer le calviet (12 août"
                    HPOS="562"
                    VPOS="2625"
                    WIDTH="2122"
                    HEIGHT="103"
                    WC="0.9923871483121599"></String>
          </TextLine>
          <TextLine ID="eSc_line_2ac7b368"
                    TAGREFS="LT31"
                    BASELINE="559 2775 2679 2764" 
                    HPOS="556"
                    VPOS="2709"
                    WIDTH="2123"
                    HEIGHT="91">
            <Shape><Polygon POINTS="559 2775 559 2800 2679 2800 2679 2764 2673 2728 2424 2709 2421 2709 2244 2725 2235 2725 2233 2725 2166 2709 2163 2709 2161 2709 2158 2709 2155 2709 2133 2725 2125 2728 1980 2728 1978 2725 1964 2711 1961 2711 1958 2711 1956 2711 1731 2725 1651 2728 1642 2725 1623 2711 1620 2711 1618 2711 1615 2711 1612 2711 1609 2711 1593 2722 1579 2733 1473 2733 1457 2722 1437 2714 1435 2714 1432 2714 1429 2714 1410 2722 1393 2731 1340 2722 1293 2717 1291 2717 1213 2722 1088 2733 1069 2722 1066 2720 1063 2720 1061 2720 1058 2720 1055 2720 1047 2722 1011 2733 919 2722 872 2717 869 2717 556 2720 559 2775"/></Shape>
	    <String CONTENT="1847) où il n&#x27;entra naturellement que des liberaux. La politique unio¬"
                    HPOS="556"
                    VPOS="2709"
                    WIDTH="2123"
                    HEIGHT="91"
                    WC="0.9904398364680154"></String>
          </TextLine>
          <TextLine ID="eSc_line_3330b242"
                    TAGREFS="LT31"
                    BASELINE="551 2858 2665 2844" 
                    HPOS="548"
                    VPOS="2792"
                    WIDTH="2117"
                    HEIGHT="86">
            <Shape><Polygon POINTS="551 2858 551 2878 2662 2864 2665 2844 2657 2803 2327 2806 2305 2803 2258 2792 2255 2792 2105 2803 2008 2808 1983 2803 1956 2794 1953 2794 1950 2794 1947 2794 1944 2794 1933 2803 1925 2808 1867 2803 1814 2797 1811 2797 1809 2797 1787 2803 1751 2811 1739 2803 1734 2797 1731 2797 1728 2797 1435 2797 1432 2797 1429 2797 1413 2803 1382 2814 1227 2803 1169 2800 1166 2800 1135 2803 1061 2814 925 2803 897 2803 894 2803 892 2803 889 2803 867 2817 548 2806 551 2858"/></Shape>
	    <String CONTENT="niste avait vine. Désomais, les partis se succéderaient alternatèvement"
                    HPOS="548"
                    VPOS="2792"
                    WIDTH="2117"
                    HEIGHT="86"
                    WC="0.9939325040494892"></String>
          </TextLine>
          <TextLine ID="eSc_line_0f79468e"
                    TAGREFS="LT31"
                    BASELINE="559 2933 2665 2933" 
                    HPOS="559"
                    VPOS="2883"
                    WIDTH="2106"
                    HEIGHT="94">
            <Shape><Polygon POINTS="559 2933 559 2955 653 2974 656 2974 767 2958 772 2958 775 2958 933 2974 936 2977 1266 2977 1266 2974 1354 2961 1368 2958 1376 2961 1418 2974 1421 2974 1424 2977 1836 2977 1836 2974 1839 2974 1889 2961 1908 2958 1939 2961 2025 2974 2028 2974 2122 2963 2166 2958 2662 2963 2665 2933 2662 2894 2429 2897 2415 2891 2393 2883 2391 2883 2388 2883 2318 2891 2269 2897 2260 2891 2252 2883 2249 2883 2246 2883 2138 2883 2136 2883 2058 2889 1975 2897 1936 2889 1906 2883 1903 2883 1845 2889 1767 2897 1756 2889 1751 2883 1748 2883 1745 2883 1562 2883 1559 2883 1557 2883 1545 2886 1518 2900 1274 2900 1166 2886 1141 2883 1138 2883 1097 2886 905 2897 831 2883 822 2883 820 2883 806 2883 656 2897 559 2883 559 2933"/></Shape>
	    <String CONTENT="au pouvoir conformément aux règles du système parlementaire auquel"
                    HPOS="559"
                    VPOS="2883"
                    WIDTH="2106"
                    HEIGHT="94"
                    WC="0.9840750107259462"></String>
          </TextLine>
          <TextLine ID="eSc_line_f9899b15"
                    TAGREFS="LT31"
                    BASELINE="554 3002 1069 3016 2670 3005" 
                    HPOS="554"
                    VPOS="2961"
                    WIDTH="2116"
                    HEIGHT="91">
            <Shape><Polygon POINTS="554 3035 640 3052 642 3052 645 3052 695 3038 706 3035 825 3038 1285 3052 1288 3052 1291 3052 1313 3041 1327 3033 1396 3041 1462 3049 1465 3049 1501 3041 1545 3033 1615 3041 1670 3049 1673 3049 1756 3044 1850 3035 1872 3044 1886 3049 1889 3049 1892 3049 1895 3049 1914 3044 1956 3033 2105 3044 2138 3047 2141 3047 2144 3047 2147 3047 2177 3030 2274 3030 2313 3047 2316 3047 2318 3047 2321 3047 2332 3047 2440 3030 2468 3047 2471 3047 2474 3047 2476 3049 2668 3049 2670 3005 2665 2963 554 2961 554 3002 554 3035"/></Shape>
	    <String CONTENT="Leopold I se résiquait à sacrifier le systime constitutionnel tel qu’il"
                    HPOS="554"
                    VPOS="2961"
                    WIDTH="2116"
                    HEIGHT="91"
                    WC="0.9931870500246683"></String>
          </TextLine>
          <TextLine ID="eSc_line_f11b677f"
                    TAGREFS="LT31"
                    BASELINE="548 3077 1055 3094 2643 3083" 
                    HPOS="545"
                    VPOS="3038"
                    WIDTH="2098"
                    HEIGHT="100">
            <Shape><Polygon POINTS="548 3077 548 3110 742 3110 748 3110 800 3130 803 3130 806 3130 809 3130 875 3110 878 3110 881 3110 947 3135 950 3135 953 3135 955 3135 1005 3119 1033 3135 1036 3135 1038 3135 1041 3138 1221 3138 1221 3135 1374 3116 1454 3132 1457 3132 1460 3132 1532 3116 1778 3116 1850 3132 1853 3132 1856 3132 2030 3107 2174 3110 2219 3132 2222 3132 2224 3132 2640 3102 2643 3083 2637 3038 545 3038 548 3077"/></Shape>
	    <String CONTENT="l&#x27;avait pratiqué jusqu&#x27;aloro. &lt;...... &gt; Plus sage que Louis¬"
                    HPOS="545"
                    VPOS="3038"
                    WIDTH="2098"
                    HEIGHT="100"
                    WC="0.9810018569231034"></String>
          </TextLine>
          <TextLine ID="eSc_line_d4a14154"
                    TAGREFS="LT31"
                    BASELINE="548 3160 2637 3160" 
                    HPOS="548"
                    VPOS="3107"
                    WIDTH="2089"
                    HEIGHT="100">
            <Shape><Polygon POINTS="548 3160 548 3182 673 3204 676 3204 795 3185 797 3185 803 3185 917 3204 919 3204 1113 3202 1116 3202 1149 3185 1152 3185 1174 3185 1374 3204 1376 3204 1493 3188 1496 3188 1498 3188 1551 3204 1554 3204 1557 3204 1773 3188 1798 3188 1800 3188 1836 3204 1839 3204 1842 3207 1950 3207 1950 3204 1953 3204 1983 3191 1992 3185 2039 3191 2174 3204 2177 3204 2255 3191 2271 3188 2277 3191 2294 3204 2296 3204 2299 3204 2302 3204 2305 3204 2346 3191 2363 3204 2366 3204 2368 3204 2371 3204 2449 3191 2476 3188 2634 3191 2637 3160 2637 3124 2568 3107 2565 3107 2562 3107 2482 3124 2479 3124 2474 3124 2402 3107 2399 3107 2396 3107 2335 3124 2327 3127 1839 3127 1811 3119 1767 3107 1764 3107 1762 3107 1695 3116 1662 3121 1626 3116 1570 3107 1568 3107 1487 3116 1396 3124 1371 3113 1357 3107 1354 3107 1352 3107 1349 3107 1335 3113 1310 3124 1141 3113 1108 3110 1105 3110 1102 3110 1099 3110 1080 3127 894 3127 861 3110 856 3107 853 3107 548 3107 548 3160"/></Shape>
	    <String CONTENT="Stélippe il comprit qu&#x27;il était impossible de gauvemer &lt;o.poy..i..&gt;"
                    HPOS="548"
                    VPOS="3107"
                    WIDTH="2089"
                    HEIGHT="100"
                    WC="0.9777382736775413"></String>
          </TextLine>
          <TextLine ID="eSc_line_83de4e8e"
                    TAGREFS="LT31"
                    BASELINE="534 3229 2657 3235" 
                    HPOS="531"
                    VPOS="3168"
                    WIDTH="2126"
                    HEIGHT="108">
            <Shape><Polygon POINTS="534 3229 531 3254 592 3274 595 3274 598 3274 1529 3257 1579 3257 1640 3257 1731 3257 1770 3276 1773 3276 1775 3276 1889 3260 2540 3276 2543 3276 2654 3257 2657 3235 2657 3182 2643 3171 2640 3171 2637 3171 2424 3171 2421 3171 2418 3171 2415 3171 2393 3188 2388 3193 2327 3193 2313 3188 2260 3171 2258 3171 2255 3171 2252 3171 2210 3188 2199 3196 1856 3196 1845 3188 1809 3174 1806 3174 1803 3174 1800 3174 1770 3188 1764 3191 1762 3188 1731 3177 1728 3177 1726 3177 1582 3188 1554 3191 1548 3188 1493 3168 1490 3168 1487 3168 1354 3185 1138 3168 1135 3168 1133 3168 1069 3188 1061 3191 534 3191 534 3229"/></Shape>
	    <String CONTENT="&lt;....&gt; un pays libre contre le veut de l&#x27;opénion et queil sufficait de"
                    HPOS="531"
                    VPOS="3168"
                    WIDTH="2126"
                    HEIGHT="108"
                    WC="0.9468103247029441"></String>
          </TextLine>
        </TextBlock>
        <TextBlock HPOS="208"
                   VPOS="74"
                   WIDTH="198"
                   HEIGHT="141"
                   ID="eSc_textblock_bf9fd7db"
                   TAGREFS="BT44">
          <Shape><Polygon POINTS="208 74 208 215 406 215 406 74"/></Shape>
        </TextBlock>
      </PrintSpace>
    </Page>
  </Layout>
</alto>
