<?xml version="1.0" encoding="UTF-8"?>
<alto xmlns:xsi="http://www.w3.org/2001/XMLSchema-instance"
      xmlns="http://www.loc.gov/standards/alto/ns-v4#"
      xsi:schemaLocation="http://www.loc.gov/standards/alto/ns-v4# http://www.loc.gov/standards/alto/v4/alto-4-2.xsd">
  <Description>
    <MeasurementUnit>pixel</MeasurementUnit>
    <sourceImageInformation>
      <fileName>ARCH-DIV-000496_0235.png</fileName>
    </sourceImageInformation>
  </Description>
  <Tags>
    <OtherTag ID="BT42" LABEL="MainZone" DESCRIPTION="block type MainZone"/><OtherTag ID="BT43" LABEL="MarginTextZone" DESCRIPTION="block type MarginTextZone"/><OtherTag ID="BT44" LABEL="NumberingZone" DESCRIPTION="block type NumberingZone"/><OtherTag ID="BT45" LABEL="TitlePageZone" DESCRIPTION="block type TitlePageZone"/><OtherTag ID="BT46" LABEL="CustomZone:Numbering" DESCRIPTION="block type CustomZone:Numbering"/><OtherTag ID="BT49" LABEL="MarginTextZone:lower" DESCRIPTION="block type MarginTextZone:lower"/>
    <OtherTag ID="LT25" LABEL="default" DESCRIPTION="line type default"/><OtherTag ID="LT31" LABEL="DefaultLine" DESCRIPTION="line type DefaultLine"/><OtherTag ID="LT32" LABEL="HeadingLine" DESCRIPTION="line type HeadingLine"/><OtherTag ID="LT33" LABEL="InterlinearLine:addition" DESCRIPTION="line type InterlinearLine:addition"/><OtherTag ID="LT34" LABEL="InterlinearLine:correction" DESCRIPTION="line type InterlinearLine:correction"/>
  </Tags>
  <Layout>
    <Page WIDTH="2790"
          HEIGHT="3337"
          PHYSICAL_IMG_NR="234"
          ID="eSc_dummypage_">
      <PrintSpace HPOS="0"
                  VPOS="0"
                  WIDTH="2790"
                  HEIGHT="3337">
        <TextBlock HPOS="424"
                   VPOS="23"
                   WIDTH="2297"
                   HEIGHT="3314"
                   ID="dcc0cf22-3a07-4b6b-8aa7-35089fcec174"
                   TAGREFS="BT42">
          <Shape><Polygon POINTS="2721 23 2721 3337 520 3301 550 330 424 326 424 220 499 222 499 23"/></Shape>
          <TextLine ID="eSc_line_10ae1e5b"
                    TAGREFS="LT31"
                    BASELINE="184 155 371 160" 
                    HPOS="219"
                    VPOS="100"
                    WIDTH="114"
                    HEIGHT="133">
            <Shape><Polygon POINTS="275 105 247 102 219 100 222 161 222 222 297 233 300 233 303 233 305 233 333 214 333 158 325 105 303 105"/></Shape>
	    <String CONTENT="29"
                    HPOS="219"
                    VPOS="100"
                    WIDTH="114"
                    HEIGHT="133"
                    WC="0.9999996423721313"></String>
          </TextLine>
          <TextLine ID="eSc_line_d2a6c080"
                    TAGREFS="LT31"
                    BASELINE="578 114 2144 83 2641 88" 
                    HPOS="575"
                    VPOS="33"
                    WIDTH="2028"
                    HEIGHT="114">
            <Shape><Polygon POINTS="2550 33 2522 33 2495 33 2467 33 2439 33 2411 33 2383 33 2356 33 2328 33 2300 36 2272 36 2244 36 2216 36 2189 36 2155 44 2139 36 2133 36 2105 36 2077 36 2050 38 2047 38 1983 47 1913 38 1910 38 1883 38 1855 38 1827 38 1799 41 1771 41 1744 41 1716 41 1702 41 1527 55 1446 44 1438 44 1410 44 1382 44 1379 44 1376 47 1354 58 1312 47 1310 47 1307 47 1301 47 1207 63 1062 63 1043 50 1020 50 993 50 965 50 937 50 915 50 831 50 826 52 801 52 595 55 575 75 578 114 578 133 731 147 734 147 929 130 962 127 976 130 1040 141 1043 141 1045 141 1048 141 1068 127 1073 125 1104 127 1207 139 1210 139 1212 139 1215 139 1237 125 1243 122 1260 125 1312 136 1315 136 1318 136 1354 125 1371 119 1396 122 1457 133 1460 133 1524 122 1557 116 1596 119 1682 130 1685 130 1788 119 1847 111 1869 116 1894 125 1897 125 1899 125 1969 116 2025 108 2061 114 2105 122 2108 122 2111 122 2136 114 2153 108 2600 108 2603 86 2600 41 2578 38"/></Shape>
	    <String CONTENT="l&#x27;entrepremeur capitaliste au profit de l&#x27;onvrier. Et en ceci de"
                    HPOS="575"
                    VPOS="33"
                    WIDTH="2028"
                    HEIGHT="114"
                    WC="0.993338268250227"></String>
          </TextLine>
          <TextLine ID="eSc_line_35985bb1"
                    TAGREFS="LT31"
                    BASELINE="586 183 1418 155 2628 139" 
                    HPOS="584"
                    VPOS="94"
                    WIDTH="2000"
                    HEIGHT="109">
            <Shape><Polygon POINTS="586 203 2102 166 2141 177 2144 177 2147 177 2150 177 2211 164 2578 169 2584 139 2575 94 584 139 586 183"/></Shape>
	    <String CONTENT="bonne foi est d&#x27;autant plus sineère qu’elle est convainaue du lie"
                    HPOS="584"
                    VPOS="94"
                    WIDTH="2000"
                    HEIGHT="109"
                    WC="0.9964797891103304"></String>
          </TextLine>
          <TextLine ID="eSc_line_479b370d"
                    TAGREFS="LT34"
                    BASELINE="425 289 831 268" 
                    HPOS="420"
                    VPOS="200"
                    WIDTH="208"
                    HEIGHT="130">
            <Shape><Polygon POINTS="425 308 464 325 467 325 470 325 472 325 497 317 525 305 556 319 578 330 581 330 584 330 628 325 625 272 614 200 575 203 573 203 570 203 570 205 564 211 542 233 420 241 425 289"/></Shape>
	    <String CONTENT="le mifs"
                    HPOS="420"
                    VPOS="200"
                    WIDTH="208"
                    HEIGHT="130"
                    WC="0.8303061595984867"></String>
          </TextLine>
          <TextLine ID="eSc_line_14aa8370"
                    TAGREFS="LT31"
                    BASELINE="575 245 2659 189" 
                    HPOS="648"
                    VPOS="141"
                    WIDTH="2011"
                    HEIGHT="125">
            <Shape><Polygon POINTS="650 266 2656 214 2659 189 2650 141 1649 177 1560 166 1543 166 1541 166 1524 169 1426 186 648 189 650 239"/></Shape>
	    <String CONTENT="et que la diffusion de français apportera &lt;.&gt; à ceux qui ont &lt;..&gt;"
                    HPOS="648"
                    VPOS="141"
                    WIDTH="2011"
                    HEIGHT="125"
                    WC="0.9684405225973863"></String>
          </TextLine>
          <TextLine ID="eSc_line_51e1ca5f"
                    TAGREFS="LT31"
                    BASELINE="579 312 2623 250" 
                    HPOS="659"
                    VPOS="203"
                    WIDTH="1964"
                    HEIGHT="133">
            <Shape><Polygon POINTS="662 336 2623 272 2623 250 2614 216 2311 222 2305 222 2258 203 2255 203 2253 203 2250 203 2247 203 2247 205 2228 222 2222 225 2214 222 2166 211 2164 211 2161 211 2083 225 2050 230 2011 228 1924 216 1922 216 1919 216 1888 228 1883 230 1880 228 1863 216 1860 216 1858 216 1855 216 1852 216 1821 230 1808 236 1771 230 1713 222 1710 222 1610 233 1493 247 1340 239 1232 233 1229 233 1179 241 1090 258 659 253 662 308"/></Shape>
	    <String CONTENT="&lt;... de l&#x27;ignorer. à Les trois quarts des habitants des Flandres cons"
                    HPOS="659"
                    VPOS="203"
                    WIDTH="1964"
                    HEIGHT="133"
                    WC="0.985114005633763"></String>
          </TextLine>
          <TextLine ID="eSc_line_8d488b83"
                    TAGREFS="LT31"
                    BASELINE="581 369 2625 308" 
                    HPOS="578"
                    VPOS="269"
                    WIDTH="2047"
                    HEIGHT="125">
            <Shape><Polygon POINTS="581 369 581 394 2625 342 2625 308 2617 269 578 319 581 369"/></Shape>
	    <String CONTENT="tate tristement un membre du congris, n&#x27;oit pas encore le bon¬"
                    HPOS="578"
                    VPOS="269"
                    WIDTH="2047"
                    HEIGHT="125"
                    WC="0.9959449816134668"></String>
          </TextLine>
          <TextLine ID="eSc_line_4015d187"
                    TAGREFS="LT31"
                    BASELINE="52 431 469 424" 
                    HPOS="52"
                    VPOS="358"
                    WIDTH="253"
                    HEIGHT="142">
            <Shape><Polygon POINTS="152 364 141 369 105 383 69 378 55 400 52 431 52 500 144 483 303 494 305 422 294 358 219 378 186 367 172 361 169 361 166 361 164 361 161 364"/></Shape>
	    <String CONTENT="Guytiun ?"
                    HPOS="52"
                    VPOS="358"
                    WIDTH="253"
                    HEIGHT="142"
                    WC="0.9657752050293816"></String>
          </TextLine>
          <TextLine ID="eSc_line_d6dce393"
                    TAGREFS="LT31"
                    BASELINE="573 433 2664 380" 
                    HPOS="570"
                    VPOS="339"
                    WIDTH="2094"
                    HEIGHT="125">
            <Shape><Polygon POINTS="573 433 573 450 792 450 795 450 842 464 845 464 848 464 851 464 895 447 909 444 923 447 976 461 979 461 981 461 1090 444 1132 439 1151 444 1198 456 1201 456 1204 456 1207 456 1240 442 1243 442 1260 442 1432 450 1435 450 1438 450 1440 450 1454 439 1457 436 1471 436 1554 447 1557 447 1560 447 1563 447 1574 436 1582 431 1599 436 1635 444 1638 444 1641 444 1643 444 1646 444 1660 433 1677 425 1766 431 1860 439 1863 439 1980 428 2097 417 2164 425 2194 428 2197 428 2200 428 2216 422 2264 411 2659 414 2664 380 2656 339 570 392 573 433"/></Shape>
	    <String CONTENT="heur de posséder la langue francaire&quot; Partout d&#x27;ailleurs, le peu"
                    HPOS="570"
                    VPOS="339"
                    WIDTH="2094"
                    HEIGHT="125"
                    WC="0.9907435066998005"></String>
          </TextLine>
          <TextLine ID="eSc_line_ab7a138c"
                    TAGREFS="LT31"
                    BASELINE="581 500 2634 444" 
                    HPOS="578"
                    VPOS="403"
                    WIDTH="2056"
                    HEIGHT="133">
            <Shape><Polygon POINTS="581 500 581 536 787 514 1037 511 1076 522 1087 525 1090 525 1093 525 1148 520 1307 503 1368 514 1396 517 1399 517 1477 508 1602 497 1646 506 1677 508 1680 508 1682 508 1705 503 1749 492 1819 500 1860 503 1863 503 1866 503 1883 497 1916 486 2019 492 2097 497 2100 497 2634 472 2634 444 2625 403 1910 411 1908 411 1905 411 1891 422 1888 425 1877 425 1821 414 1819 414 1816 414 1791 425 1788 428 1777 428 1707 417 1705 417 1616 431 1599 433 1585 433 1504 422 1502 422 1410 439 1396 439 1388 439 1318 428 1315 428 1312 428 1310 428 1293 442 1290 444 1090 447 1084 447 1020 436 1018 436 578 461 581 500"/></Shape>
	    <String CONTENT="ple cherche à l&#x27;apprendre. Ae Gand, en 183C, la classe ouvrière, offlue"
                    HPOS="578"
                    VPOS="403"
                    WIDTH="2056"
                    HEIGHT="133"
                    WC="0.9880120497610834"></String>
          </TextLine>
          <TextLine ID="eSc_line_7e1246dc"
                    TAGREFS="LT31"
                    BASELINE="573 567 2681 506" 
                    HPOS="570"
                    VPOS="458"
                    WIDTH="2111"
                    HEIGHT="134">
            <Shape><Polygon POINTS="573 567 573 592 2681 539 2681 506 2673 458 570 522 573 567"/></Shape>
	    <String CONTENT="aux cours du soir &lt;.......... ... ......&gt; o&gt; il est"
                    HPOS="570"
                    VPOS="458"
                    WIDTH="2111"
                    HEIGHT="134"
                    WC="0.9191038000817392"></String>
          </TextLine>
          <TextLine ID="eSc_line_fd60f1e2"
                    TAGREFS="LT31"
                    BASELINE="575 628 2645 572" 
                    HPOS="573"
                    VPOS="525"
                    WIDTH="2072"
                    HEIGHT="131">
            <Shape><Polygon POINTS="575 628 575 656 2645 595 2645 572 2637 525 1916 556 1816 553 1713 547 1710 547 1646 558 1602 564 1496 561 1299 558 1296 558 1215 572 1190 575 1154 575 1006 567 1004 567 1001 567 998 567 981 581 976 581 920 570 917 570 915 570 879 583 876 583 873 583 806 572 803 572 675 589 611 578 609 578 606 578 573 589 575 628"/></Shape>
	    <String CONTENT="enseigné par les soins de l&#x27;adsimistration commenale. Il apparait"
                    HPOS="573"
                    VPOS="525"
                    WIDTH="2072"
                    HEIGHT="131"
                    WC="0.9969399626438434"></String>
          </TextLine>
          <TextLine ID="eSc_line_beaaaf49"
                    TAGREFS="LT31"
                    BASELINE="578 700 2662 639" 
                    HPOS="575"
                    VPOS="603"
                    WIDTH="2087"
                    HEIGHT="128">
            <Shape><Polygon POINTS="578 700 578 731 2662 659 2662 639 2653 603 2130 606 2127 606 2083 620 2077 620 2072 620 2000 609 1997 609 1694 631 1682 631 1680 631 1618 620 1616 620 1527 636 1518 636 1507 636 1337 628 1335 628 753 659 675 647 673 647 575 664 578 700"/></Shape>
	    <String CONTENT="à tous comme un instrument ou pour mi eux dire comme, l&#x27;ins¬"
                    HPOS="575"
                    VPOS="603"
                    WIDTH="2087"
                    HEIGHT="128"
                    WC="0.9969873379488461"></String>
          </TextLine>
          <TextLine ID="eSc_line_58929b2b"
                    TAGREFS="LT31"
                    BASELINE="578 773 2653 706" 
                    HPOS="575"
                    VPOS="653"
                    WIDTH="2078"
                    HEIGHT="142">
            <Shape><Polygon POINTS="578 773 578 795 2047 761 2139 756 2481 734 2648 742 2653 706 2645 653 2559 670 2495 659 2481 656 2478 656 2461 659 2386 675 2233 667 2203 667 2200 667 2197 667 2191 670 2169 681 1997 675 1933 675 1930 675 1905 681 1844 692 1808 684 1788 678 1785 678 1783 678 1635 684 1632 684 1630 684 1621 689 1605 700 1518 695 1440 689 1438 689 1299 695 1296 695 1279 703 1262 711 1151 709 1009 703 1006 703 1004 703 981 714 968 720 931 717 867 709 865 709 862 709 859 709 842 720 828 728 575 728 578 773"/></Shape>
	    <String CONTENT="trument indispeusable du progres. Pendant l&#x27;abominable cuse"
                    HPOS="575"
                    VPOS="653"
                    WIDTH="2078"
                    HEIGHT="142"
                    WC="0.995634129491903"></String>
          </TextLine>
          <TextLine ID="eSc_line_7628e589"
                    TAGREFS="LT31"
                    BASELINE="578 842 2623 781" 
                    HPOS="575"
                    VPOS="734"
                    WIDTH="2048"
                    HEIGHT="133">
            <Shape><Polygon POINTS="578 842 578 867 2623 806 2623 781 2614 734 2153 759 2041 753 1969 750 1966 750 1916 759 1858 767 1777 764 1691 759 1688 759 1635 767 1593 775 1560 770 1507 764 1504 764 1374 778 1312 784 1246 784 1084 778 1082 778 1079 778 1043 789 1034 792 979 792 684 789 681 789 575 806 578 842"/></Shape>
	    <String CONTENT="de 1845 -1846. beaucoup de bons esprils croient que c&#x27;est à son é¬"
                    HPOS="575"
                    VPOS="734"
                    WIDTH="2048"
                    HEIGHT="133"
                    WC="0.9897420237313456"></String>
          </TextLine>
          <TextLine ID="eSc_line_1437f771"
                    TAGREFS="LT31"
                    BASELINE="586 923 2614 853" 
                    HPOS="584"
                    VPOS="806"
                    WIDTH="2030"
                    HEIGHT="150">
            <Shape><Polygon POINTS="586 923 586 956 826 934 898 948 906 948 909 948 923 948 1015 928 1112 939 1118 939 1121 939 1126 939 1251 920 1301 934 1304 934 1307 934 1310 934 1335 934 1574 912 1824 914 1827 914 1830 914 1897 898 2278 900 2283 900 2286 900 2289 900 2372 881 2611 889 2614 853 2606 806 584 881 586 923"/></Shape>
	    <String CONTENT="guorace qu&#x27;il faut attribrier le caractère archamique de l&#x27;in¬"
                    HPOS="584"
                    VPOS="806"
                    WIDTH="2030"
                    HEIGHT="150"
                    WC="0.9891039383026862"></String>
          </TextLine>
          <TextLine ID="eSc_line_6c31dc14"
                    TAGREFS="LT31"
                    BASELINE="573 989 2617 926" 
                    HPOS="570"
                    VPOS="875"
                    WIDTH="2047"
                    HEIGHT="153">
            <Shape><Polygon POINTS="573 989 573 1012 703 1009 709 1009 737 1028 739 1028 742 1028 745 1028 748 1028 823 1009 842 1003 862 1006 901 1015 904 1015 970 1003 1018 998 1095 1001 1273 1012 1276 1012 1279 1012 1282 1012 1282 1009 1296 998 1304 992 1382 995 1449 998 1452 998 1454 998 1468 992 1496 984 1516 992 1529 998 1532 998 1535 998 1582 992 1632 984 1746 987 1897 992 1899 992 1902 992 1905 992 1916 984 1930 976 2002 981 2063 987 2066 987 2069 987 2072 987 2072 984 2077 981 2089 970 2136 978 2169 984 2172 984 2264 976 2528 951 2614 967 2617 926 2609 887 2509 892 2489 889 2425 875 2422 875 2342 895 2325 898 2317 895 2286 881 2283 881 2280 881 2278 881 2247 898 2242 900 2203 898 2075 889 2072 889 2069 889 2033 903 2027 906 2025 903 1994 892 1991 892 1988 892 1766 912 1707 917 1663 917 1449 906 1446 906 1443 906 1365 926 1351 928 1326 928 1179 914 1176 914 1082 934 1073 937 1065 937 1006 920 1004 920 1001 920 998 920 926 939 923 939 842 926 840 926 837 926 834 926 834 928 815 945 812 945 806 945 734 928 731 928 570 951 573 989"/></Shape>
	    <String CONTENT="dustué &lt;.. .....&gt; des campagues flamandes. Tufin, la"
                    HPOS="570"
                    VPOS="875"
                    WIDTH="2047"
                    HEIGHT="153"
                    WC="0.972981150333698"></String>
          </TextLine>
          <TextLine ID="eSc_line_eaba2f54"
                    TAGREFS="LT31"
                    BASELINE="567 1067 2628 995" 
                    HPOS="564"
                    VPOS="948"
                    WIDTH="2064"
                    HEIGHT="142">
            <Shape><Polygon POINTS="567 1067 567 1090 2625 1023 2628 995 2620 948 2358 967 2342 959 2331 951 2328 951 2325 951 2322 951 2319 951 2303 959 2292 964 2267 962 2219 953 2216 953 2214 953 2175 964 2136 976 2013 970 1961 970 1958 970 1955 970 1938 976 1897 984 1869 978 1827 967 1824 967 1821 967 1721 984 1660 992 1607 987 1513 978 1510 978 1507 978 1449 995 1421 1001 1293 1001 951 998 948 998 945 998 870 1017 856 1020 840 1020 739 1006 737 1006 734 1006 700 1026 698 1026 692 1026 636 1009 634 1009 631 1009 628 1009 564 1028 567 1067"/></Shape>
	    <String CONTENT="cohésion politique du pays et le bon fonctionnement de son admnir."
                    HPOS="564"
                    VPOS="948"
                    WIDTH="2064"
                    HEIGHT="142"
                    WC="0.9804998302098477"></String>
          </TextLine>
          <TextLine ID="eSc_line_8e0795ea"
                    TAGREFS="LT31"
                    BASELINE="578 1140 2620 1059" 
                    HPOS="573"
                    VPOS="1017"
                    WIDTH="2047"
                    HEIGHT="153">
            <Shape><Polygon POINTS="578 1140 578 1170 2620 1084 2620 1059 2611 1017 573 1098 578 1140"/></Shape>
	    <String CONTENT="tration ne recommandent-ils pas l&#x27;emploi et la diffssion d&#x27;une"
                    HPOS="573"
                    VPOS="1017"
                    WIDTH="2047"
                    HEIGHT="153"
                    WC="0.9947012720569488"></String>
          </TextLine>
          <TextLine ID="eSc_line_bb9e9eb9"
                    TAGREFS="LT31"
                    BASELINE="561 1218 2617 1131" 
                    HPOS="559"
                    VPOS="1078"
                    WIDTH="2058"
                    HEIGHT="173">
            <Shape><Polygon POINTS="561 1218 561 1243 659 1234 673 1243 684 1251 687 1251 689 1251 692 1251 695 1251 731 1240 756 1231 776 1237 803 1245 806 1245 809 1245 812 1245 859 1234 898 1223 948 1229 1018 1237 1020 1237 1023 1237 1026 1237 1043 1223 1057 1218 1107 1220 1165 1226 1168 1226 1301 1212 1421 1201 1465 1206 1552 1215 1554 1215 1557 1215 1610 1198 1632 1192 1668 1195 1741 1204 1744 1204 2214 1173 2414 1179 2417 1179 2617 1151 2617 1131 2609 1078 2531 1098 2294 1092 2292 1092 2289 1092 2286 1092 2133 1115 1880 1112 1877 1112 1874 1112 1802 1131 1421 1131 1418 1131 1415 1131 1413 1131 1413 1134 1399 1145 1176 1140 1143 1140 1140 1140 1137 1140 1132 1142 1073 1159 851 1154 815 1154 812 1154 809 1154 801 1156 739 1173 559 1167 561 1218"/></Shape>
	    <String CONTENT="langue rmique? A mesure que l&#x27;usage du fravçais se répand"
                    HPOS="559"
                    VPOS="1078"
                    WIDTH="2058"
                    HEIGHT="173"
                    WC="0.9858508361013312"></String>
          </TextLine>
          <TextLine ID="eSc_line_91a82750"
                    TAGREFS="LT31"
                    BASELINE="567 1293 2667 1206" 
                    HPOS="561"
                    VPOS="1154"
                    WIDTH="2106"
                    HEIGHT="172">
            <Shape><Polygon POINTS="567 1293 567 1312 631 1326 634 1326 717 1306 728 1306 756 1306 968 1312 970 1312 1176 1290 1246 1284 1321 1284 1510 1290 1513 1290 1624 1273 1677 1268 1735 1270 1849 1276 1852 1276 2038 1268 2041 1268 2061 1259 2077 1251 2097 1256 2114 1262 2116 1262 2119 1262 2183 1254 2264 1243 2319 1248 2375 1254 2378 1254 2667 1234 2667 1206 2662 1154 1988 1192 1888 1187 1791 1184 1788 1184 1785 1184 1749 1195 1716 1204 1591 1201 1485 1201 1482 1201 1393 1212 1315 1220 1299 1215 1276 1209 1273 1209 1271 1209 1268 1209 1265 1209 1251 1218 1243 1223 1204 1220 1115 1212 1112 1212 1109 1212 1059 1226 1040 1231 1006 1229 912 1220 909 1220 820 1237 806 1240 795 1240 745 1229 742 1229 739 1229 709 1243 703 1245 695 1243 639 1231 636 1231 634 1231 561 1248 567 1293"/></Shape>
	    <String CONTENT="constate Stockemer, la nationalité belge se consolide. Dlogrile"
                    HPOS="561"
                    VPOS="1154"
                    WIDTH="2106"
                    HEIGHT="172"
                    WC="0.9906421559197562"></String>
          </TextLine>
          <TextLine ID="eSc_line_41302bb3"
                    TAGREFS="LT31"
                    BASELINE="561 1365 2673 1279" 
                    HPOS="559"
                    VPOS="1229"
                    WIDTH="2114"
                    HEIGHT="178">
            <Shape><Polygon POINTS="561 1365 564 1407 634 1384 879 1393 898 1393 901 1393 917 1393 1115 1365 1221 1379 1235 1379 1237 1379 1257 1376 1382 1354 1541 1365 1574 1365 1577 1365 1579 1365 1588 1362 1616 1348 1638 1359 1643 1362 1646 1362 1649 1362 1774 1354 2197 1320 2239 1332 2255 1337 2258 1337 2261 1337 2264 1337 2292 1332 2336 1320 2406 1326 2464 1329 2467 1329 2470 1329 2472 1329 2481 1323 2500 1309 2520 1320 2531 1326 2534 1326 2536 1326 2670 1312 2673 1279 2667 1229 2581 1245 2275 1245 2191 1245 2189 1245 2166 1248 2100 1265 2061 1254 2050 1251 2047 1251 2044 1251 2041 1251 2038 1251 2033 1254 2008 1268 1816 1265 1780 1265 1777 1265 1752 1268 1632 1284 1593 1273 1568 1268 1566 1268 1563 1268 1560 1268 1532 1276 1493 1290 1438 1281 1404 1276 1401 1276 1357 1284 1287 1298 1215 1290 1157 1284 1154 1284 559 1318 561 1365"/></Shape>
	    <String CONTENT="pas. En faut-il davantage pour négliger les abus passagers qu&#x27;il"
                    HPOS="559"
                    VPOS="1229"
                    WIDTH="2114"
                    HEIGHT="178"
                    WC="0.9912349628284574"></String>
          </TextLine>
          <TextLine ID="eSc_line_4fd37b89"
                    TAGREFS="LT31"
                    BASELINE="564 1437 2611 1348" 
                    HPOS="559"
                    VPOS="1295"
                    WIDTH="2052"
                    HEIGHT="170">
            <Shape><Polygon POINTS="564 1437 564 1465 1012 1440 1079 1446 1132 1448 1134 1448 1137 1448 1140 1448 1146 1443 1157 1434 1210 1437 1304 1446 1307 1446 1374 1432 1407 1423 1418 1429 1438 1437 1440 1437 1443 1437 1838 1409 1844 1409 1902 1421 1905 1421 1908 1421 1910 1421 1936 1404 1958 1415 1961 1415 1963 1415 2061 1398 2063 1398 2094 1412 2097 1412 2100 1412 2292 1404 2294 1404 2347 1384 2358 1382 2367 1384 2414 1398 2417 1398 2420 1398 2611 1370 2611 1348 2606 1295 2475 1318 2080 1332 2047 1320 2041 1320 2038 1320 2036 1320 2011 1323 1899 1340 1860 1332 1852 1329 1849 1329 1847 1329 1844 1329 1841 1329 1841 1332 1838 1332 1827 1343 1763 1334 1746 1334 1744 1334 1741 1334 1730 1337 1691 1351 1471 1351 1329 1351 1326 1351 1324 1351 1296 1359 1260 1368 1132 1365 1009 1365 1006 1365 559 1393 564 1437"/></Shape>
	    <String CONTENT="entraine ? Cas on ne doute par que réduit au rang de patois"
                    HPOS="559"
                    VPOS="1295"
                    WIDTH="2052"
                    HEIGHT="170"
                    WC="0.9887341190192659"></String>
          </TextLine>
          <TextLine ID="eSc_line_58bd629d"
                    TAGREFS="LT31"
                    BASELINE="575 1507 1796 1465 2628 1418" 
                    HPOS="570"
                    VPOS="1379"
                    WIDTH="2058"
                    HEIGHT="167">
            <Shape><Polygon POINTS="575 1507 575 1546 712 1526 884 1535 909 1535 912 1535 915 1535 917 1535 917 1532 937 1518 1012 1529 1023 1529 1026 1529 1029 1529 1031 1529 1031 1526 1051 1512 1371 1512 1490 1512 1490 1509 1493 1509 1504 1504 1521 1496 1552 1501 1579 1507 1582 1507 1655 1498 1727 1487 1783 1490 1852 1496 1855 1496 2625 1448 2628 1418 2625 1384 2403 1379 2400 1379 2280 1398 2253 1401 2239 1398 2186 1387 2183 1387 2180 1387 2147 1404 2141 1407 1958 1412 1952 1412 1922 1398 1919 1398 1916 1398 1913 1398 1880 1415 1874 1418 1646 1426 1624 1426 1532 1415 1529 1415 1527 1415 1524 1415 1502 1429 1499 1432 1479 1432 1390 1423 1388 1423 1218 1443 1179 1446 1171 1443 1134 1432 1132 1432 1129 1432 976 1437 851 1457 834 1459 826 1459 778 1446 776 1446 773 1446 570 1468 575 1507"/></Shape>
	    <String CONTENT="poputaire, le flamand ne soit fatalement condamné à dispa¬"
                    HPOS="570"
                    VPOS="1379"
                    WIDTH="2058"
                    HEIGHT="167"
                    WC="0.9950621441259222"></String>
          </TextLine>
          <TextLine ID="eSc_line_ec734ad2"
                    TAGREFS="LT31"
                    BASELINE="550 1585 2614 1493" 
                    HPOS="547"
                    VPOS="1454"
                    WIDTH="2067"
                    HEIGHT="158">
            <Shape><Polygon POINTS="550 1585 550 1604 667 1612 670 1612 673 1612 728 1598 739 1596 751 1598 792 1610 795 1610 798 1610 801 1610 853 1593 867 1590 940 1590 1171 1593 1173 1593 1176 1593 1226 1579 1240 1573 1349 1573 1663 1571 1666 1571 1668 1571 1682 1562 1696 1554 1741 1560 1799 1565 1802 1565 1930 1551 2061 1537 2086 1546 2105 1551 2108 1551 2111 1551 2114 1551 2133 1543 2155 1532 2614 1523 2614 1493 2609 1454 1660 1482 1657 1482 1602 1498 1593 1498 1571 1498 1415 1493 1413 1493 1337 1509 1332 1509 1326 1509 1290 1498 1287 1498 1285 1498 1210 1515 1201 1515 1187 1515 1037 1509 1034 1509 1031 1509 973 1526 965 1526 959 1526 912 1515 909 1515 547 1543 550 1585"/></Shape>
	    <String CONTENT="raître et c&#x27;est en pleine tranquillité qu&#x27;on l&#x27;abandonne à son"
                    HPOS="547"
                    VPOS="1454"
                    WIDTH="2067"
                    HEIGHT="158"
                    WC="0.9779247755096072"></String>
          </TextLine>
          <TextLine ID="eSc_line_1366e945"
                    TAGREFS="LT31"
                    BASELINE="581 1654 1707 1593 2486 1565" 
                    HPOS="575"
                    VPOS="1512"
                    WIDTH="1911"
                    HEIGHT="181">
            <Shape><Polygon POINTS="581 1654 584 1693 662 1674 890 1676 923 1676 926 1676 956 1674 1159 1646 1404 1649 1493 1649 1496 1649 1499 1649 1518 1643 1563 1624 1677 1621 1702 1632 1716 1637 1719 1637 1721 1637 1724 1637 1741 1629 1755 1624 1838 1624 1944 1626 1947 1626 1949 1626 1952 1626 1963 1618 1980 1607 2050 1612 2111 1618 2114 1618 2116 1618 2119 1618 2133 1610 2139 1604 2153 1607 2191 1615 2194 1615 2261 1601 2314 1590 2344 1596 2386 1604 2389 1604 2486 1587 2486 1565 2481 1512 2242 1535 2222 1523 2214 1518 2211 1518 2208 1518 2205 1518 2203 1518 2186 1523 2153 1537 2108 1529 2091 1526 2089 1526 2066 1529 2005 1546 1966 1535 1952 1532 1949 1532 1947 1532 1944 1532 1933 1537 1899 1551 1874 1540 1863 1535 1860 1535 1858 1535 1855 1535 1852 1535 1852 1537 1847 1540 1833 1554 1727 1546 1671 1543 1668 1543 1666 1543 1663 1543 1663 1546 1657 1548 1643 1562 1621 1551 1616 1548 1613 1548 1610 1548 1607 1548 1596 1551 1554 1568 1535 1554 1529 1551 1527 1551 1524 1551 1521 1551 1488 1557 1413 1573 1390 1562 1385 1560 1382 1560 1379 1560 1354 1562 1301 1573 1251 1568 1218 1565 1215 1565 1212 1565 1193 1571 1151 1585 1118 1573 1104 1571 1101 1571 1098 1571 1095 1571 1093 1571 1084 1576 1059 1593 756 1593 745 1593 742 1593 739 1593 689 1610 575 1601 581 1654"/></Shape>
	    <String CONTENT="faiblesse dans la cibeité dont stérile dt qui lui est reconmue¬"
                    HPOS="575"
                    VPOS="1512"
                    WIDTH="1911"
                    HEIGHT="181"
                    WC="0.994372962959229"></String>
          </TextLine>
          <TextLine ID="eSc_line_154ad209"
                    TAGREFS="LT31"
                    BASELINE="631 1735 2625 1637" 
                    HPOS="628"
                    VPOS="1593"
                    WIDTH="1997"
                    HEIGHT="178">
            <Shape><Polygon POINTS="631 1735 631 1757 684 1771 687 1771 689 1771 759 1751 767 1751 776 1751 853 1763 856 1763 859 1763 915 1746 926 1743 942 1743 1029 1754 1031 1754 1248 1729 1321 1724 1415 1724 1655 1724 1657 1724 1774 1707 1838 1699 1894 1701 1980 1707 1983 1707 1986 1707 1988 1707 2000 1696 2008 1693 2058 1696 2166 1699 2169 1699 2172 1699 2194 1687 2208 1682 2230 1687 2264 1693 2267 1693 2269 1693 2272 1693 2283 1685 2292 1679 2308 1685 2333 1690 2336 1690 2339 1690 2422 1679 2514 1665 2623 1668 2625 1637 2620 1604 2495 1607 2475 1593 2472 1593 2470 1593 2467 1593 2464 1593 2461 1593 2461 1596 2447 1607 2342 1598 2339 1598 2150 1621 2125 1604 2122 1604 2119 1604 2116 1604 2114 1604 2050 1629 1944 1612 1941 1612 1938 1612 1827 1640 1780 1629 1777 1629 1774 1629 1771 1629 1769 1629 1769 1632 1758 1643 1732 1632 1730 1632 1727 1632 1724 1632 1721 1632 1702 1649 1502 1654 1479 1640 1477 1640 1474 1640 1471 1640 1468 1640 1429 1660 1196 1671 1157 1651 1154 1651 1151 1651 1084 1654 973 1660 970 1660 929 1682 912 1668 909 1668 906 1668 904 1668 901 1668 853 1682 756 1674 753 1674 751 1674 748 1674 748 1676 734 1687 662 1676 659 1676 656 1676 653 1676 628 1693 631 1735"/></Shape>
	    <String CONTENT="Pourtant l protestations timides qui &lt;...p.s se sont fait jous au"
                    HPOS="628"
                    VPOS="1593"
                    WIDTH="1997"
                    HEIGHT="178"
                    WC="0.9692149547430186"></String>
          </TextLine>
          <TextLine ID="eSc_line_0352295e"
                    TAGREFS="LT34"
                    BASELINE="1005 1683 1088 1676" 
                    HPOS="1005"
                    VPOS="1676"
                    WIDTH="83"
                    HEIGHT="7">
	    <String CONTENT=""
                    HPOS="1005"
                    VPOS="1676"
                    WIDTH="83"
                    HEIGHT="7"></String>
          </TextLine>
          <TextLine ID="eSc_line_f363c80c"
                    TAGREFS="LT31"
                    BASELINE="559 1807 1972 1743 2609 1693" 
                    HPOS="556"
                    VPOS="1657"
                    WIDTH="2053"
                    HEIGHT="175">
            <Shape><Polygon POINTS="559 1807 559 1832 703 1821 720 1827 734 1832 737 1832 739 1832 742 1832 764 1824 795 1815 853 1821 940 1827 942 1827 1121 1804 1223 1793 1310 1793 1485 1799 1488 1799 2200 1763 2203 1763 2275 1746 2361 1754 2364 1754 2367 1754 2433 1732 2436 1729 2609 1721 2609 1693 2603 1657 556 1768 559 1807"/></Shape>
	    <String CONTENT="sein du congrès, &lt;... &lt;..... ..... qui, pe.p&gt; répondent"
                    HPOS="556"
                    VPOS="1657"
                    WIDTH="2053"
                    HEIGHT="175"
                    WC="0.9458377935669638"></String>
          </TextLine>
          <TextLine ID="eSc_line_14bf8ef3"
                    TAGREFS="LT31"
                    BASELINE="561 1868 1936 1807 2414 1765 2675 1760" 
                    HPOS="556"
                    VPOS="1718"
                    WIDTH="2119"
                    HEIGHT="175">
            <Shape><Polygon POINTS="561 1868 561 1893 2675 1793 2675 1760 2670 1718 556 1824 561 1868"/></Shape>
	    <String CONTENT="celles qui s&#x27;élèvent des petit groupe de bourge ois qui ont conservé en Freudre"
                    HPOS="556"
                    VPOS="1718"
                    WIDTH="2119"
                    HEIGHT="175"
                    WC="0.9819851257378542"></String>
          </TextLine>
          <TextLine ID="eSc_line_992cbf3a"
                    TAGREFS="LT31"
                    BASELINE="556 1927 1273 1899 2653 1815" 
                    HPOS="553"
                    VPOS="1771"
                    WIDTH="2100"
                    HEIGHT="189">
            <Shape><Polygon POINTS="1849 1813 1847 1813 1844 1813 1833 1813 1741 1832 1702 1821 1699 1821 1696 1821 1694 1821 1691 1821 1685 1821 1624 1838 1418 1838 1415 1838 1413 1838 1410 1838 1343 1854 1299 1843 1296 1843 1293 1843 1285 1843 1193 1863 1054 1857 1051 1857 1048 1857 1043 1857 892 1882 553 1882 556 1927 556 1960 2653 1846 2653 1815 2645 1771 1894 1824 1852 1813 1849 1813"/></Shape>
	    <String CONTENT="l&#x27;amour de la langue maternelle. Purre Willems Blommaert, Vervier"
                    HPOS="553"
                    VPOS="1771"
                    WIDTH="2100"
                    HEIGHT="189"
                    WC="0.9893927427438589"></String>
          </TextLine>
          <TextLine ID="eSc_line_7d29aa77"
                    TAGREFS="LT31"
                    BASELINE="559 1991 2681 1890" 
                    HPOS="553"
                    VPOS="1843"
                    WIDTH="2128"
                    HEIGHT="181">
            <Shape><Polygon POINTS="559 1991 559 2024 681 2007 820 2013 823 2013 1093 1985 2678 1921 2681 1890 2675 1843 1026 1929 1018 1929 976 1918 973 1918 970 1918 803 1941 789 1941 784 1941 675 1932 673 1932 553 1952 559 1991"/></Shape>
	    <String CONTENT="et bien d&#x27;autres s&#x27;écritent ou s&#x27;affligent &lt;..&gt; de l’&#x27;indiffer ence qui en"
                    HPOS="553"
                    VPOS="1843"
                    WIDTH="2128"
                    HEIGHT="181"
                    WC="0.9618430214153754"></String>
          </TextLine>
          <TextLine ID="eSc_line_2c07fe3b"
                    TAGREFS="LT31"
                    BASELINE="561 2060 2648 1949" 
                    HPOS="556"
                    VPOS="1913"
                    WIDTH="2092"
                    HEIGHT="175">
            <Shape><Polygon POINTS="561 2060 561 2088 2648 1977 2648 1949 2642 1913 556 2010 561 2060"/></Shape>
	    <String CONTENT="lui, ténroiqué. Quelques catholiques s’effrayent de leur côté du presti¬"
                    HPOS="556"
                    VPOS="1913"
                    WIDTH="2092"
                    HEIGHT="175"
                    WC="0.9934345069858763"></String>
          </TextLine>
          <TextLine ID="eSc_line_38d56398"
                    TAGREFS="LT31"
                    BASELINE="567 2127 2650 2013" 
                    HPOS="561"
                    VPOS="1979"
                    WIDTH="2089"
                    HEIGHT="187">
            <Shape><Polygon POINTS="567 2127 570 2166 623 2149 798 2152 820 2152 823 2152 826 2152 831 2152 879 2135 1031 2138 1073 2138 1076 2138 1079 2138 1090 2135 1132 2118 1418 2116 1585 2110 1643 2102 1707 2091 1810 2091 1938 2091 1941 2091 2650 2038 2650 2013 2645 1979 561 2091 567 2127"/></Shape>
	    <String CONTENT="gé de la littérature fançaise &quot;qui sue le crime et la démoralisa¬"
                    HPOS="561"
                    VPOS="1979"
                    WIDTH="2089"
                    HEIGHT="187"
                    WC="0.9913273591261643"></String>
          </TextLine>
          <TextLine ID="eSc_line_d3fc2e6b"
                    TAGREFS="LT34"
                    BASELINE="1107 2138 1426 2129" 
                    HPOS="1107"
                    VPOS="2129"
                    WIDTH="319"
                    HEIGHT="9">
	    <String CONTENT=""
                    HPOS="1107"
                    VPOS="2129"
                    WIDTH="319"
                    HEIGHT="9"></String>
          </TextLine>
          <TextLine ID="eSc_line_64ed16d1"
                    TAGREFS="LT31"
                    BASELINE="556 2196 1913 2128 2600 2093" 
                    HPOS="553"
                    VPOS="2032"
                    WIDTH="2047"
                    HEIGHT="192">
            <Shape><Polygon POINTS="556 2224 2600 2118 2600 2093 2592 2032 2300 2068 2002 2068 1877 2068 1874 2068 1830 2077 1783 2088 1758 2082 1738 2077 1735 2077 1732 2077 1730 2077 1727 2077 1719 2085 1702 2096 1549 2093 1399 2093 1396 2093 1132 2107 1129 2107 1087 2124 1068 2132 865 2141 856 2138 831 2127 828 2127 826 2127 553 2155 556 2196"/></Shape>
	    <String CONTENT="tion&quot; et ropèrent &lt;..&gt; les classes dirigeantes par le livre les"
                    HPOS="553"
                    VPOS="2032"
                    WIDTH="2047"
                    HEIGHT="192"
                    WC="0.9801986366510391"></String>
          </TextLine>
          <TextLine ID="eSc_line_1dceb9f5"
                    TAGREFS="LT31"
                    BASELINE="553 2266 2642 2163" 
                    HPOS="550"
                    VPOS="2118"
                    WIDTH="2092"
                    HEIGHT="173">
            <Shape><Polygon POINTS="553 2266 553 2291 2642 2188 2642 2163 2637 2118 550 2219 553 2266"/></Shape>
	    <String CONTENT="sociétés de littérature et les chaintres de rtétorique. De tout cele ce¬"
                    HPOS="550"
                    VPOS="2118"
                    WIDTH="2092"
                    HEIGHT="173"
                    WC="0.9967551694975959"></String>
          </TextLine>
          <TextLine ID="eSc_line_73c3d979"
                    TAGREFS="LT31"
                    BASELINE="564 2338 2395 2244 2662 2246" 
                    HPOS="559"
                    VPOS="2191"
                    WIDTH="2103"
                    HEIGHT="181">
            <Shape><Polygon POINTS="564 2338 564 2372 842 2347 1001 2352 1004 2352 1006 2352 1009 2352 1029 2335 1991 2305 2002 2302 2005 2302 2225 2274 2662 2269 2662 2246 2656 2194 2456 2191 2453 2191 2450 2191 2447 2191 2422 2207 2417 2210 2219 2219 2211 2216 2169 2205 2166 2205 2164 2205 2066 2224 2050 2227 2041 2224 2005 2213 2002 2213 2000 2213 1908 2233 1885 2235 1847 2235 1691 2230 1688 2230 1685 2230 1624 2246 1607 2252 1371 2260 1365 2258 1346 2246 1343 2246 1340 2246 1337 2246 1121 2258 1118 2258 1115 2258 1115 2260 1101 2271 1098 2274 1029 2274 801 2274 798 2274 795 2274 792 2274 778 2288 773 2291 751 2288 681 2280 678 2280 559 2296 564 2338"/></Shape>
	    <String CONTENT="pendant, aucune influence densible ne se dégage encore ni sur l&#x27;o¬"
                    HPOS="559"
                    VPOS="2191"
                    WIDTH="2103"
                    HEIGHT="181"
                    WC="0.9962961610519525"></String>
          </TextLine>
          <TextLine ID="eSc_line_a9d6d267"
                    TAGREFS="LT31"
                    BASELINE="567 2405 1643 2366 2030 2335 2634 2310" 
                    HPOS="564"
                    VPOS="2271"
                    WIDTH="2070"
                    HEIGHT="173">
            <Shape><Polygon POINTS="567 2405 570 2444 636 2419 731 2419 759 2436 762 2436 764 2436 767 2436 770 2436 776 2433 848 2413 948 2424 970 2427 973 2427 1001 2422 1090 2402 1465 2399 1780 2394 1902 2377 2000 2363 2019 2372 2047 2383 2050 2383 2052 2383 2055 2383 2097 2366 2122 2358 2164 2363 2239 2374 2242 2374 2244 2374 2278 2358 2283 2355 2294 2358 2344 2366 2347 2366 2350 2366 2381 2352 2395 2344 2634 2338 2634 2310 2631 2274 2389 2271 2386 2271 2303 2288 2280 2291 2267 2288 2208 2280 2205 2280 2203 2280 2200 2280 2183 2294 2178 2296 2169 2294 2133 2283 2130 2283 2127 2283 1986 2302 1980 2302 1977 2302 1919 2291 1916 2291 1730 2313 1643 2324 1630 2319 1596 2305 1593 2305 1591 2305 1588 2305 1554 2321 1543 2327 1463 2327 1329 2324 1326 2324 1226 2338 1171 2344 1165 2341 1140 2324 1137 2324 1134 2324 1132 2324 1129 2324 1093 2344 1084 2349 948 2352 942 2349 915 2338 912 2338 909 2338 906 2338 904 2338 884 2352 879 2358 764 2360 756 2358 706 2341 703 2341 700 2341 564 2366 567 2405"/></Shape>
	    <String CONTENT="puion publique ni sur le gouvernement. Mais pei à peu, la vie re¬"
                    HPOS="564"
                    VPOS="2271"
                    WIDTH="2070"
                    HEIGHT="173"
                    WC="0.9804338650269941"></String>
          </TextLine>
          <TextLine ID="eSc_line_49c353d8"
                    TAGREFS="LT31"
                    BASELINE="556 2472 1440 2452 2150 2402 2631 2385" 
                    HPOS="553"
                    VPOS="2349"
                    WIDTH="2078"
                    HEIGHT="150">
            <Shape><Polygon POINTS="556 2472 556 2499 1596 2477 1652 2466 1699 2458 1824 2461 1938 2463 1941 2463 1944 2463 1963 2455 2000 2441 2116 2452 2144 2452 2147 2452 2166 2449 2261 2427 2570 2416 2625 2433 2631 2385 2625 2349 1738 2372 1735 2372 1732 2372 1713 2388 1705 2391 1624 2391 1413 2388 1410 2388 1407 2388 1404 2388 1385 2402 1374 2408 962 2422 917 2422 689 2413 687 2413 553 2436 556 2472"/></Shape>
	    <String CONTENT="met les chosés au point. A Gand, en 1837, il faut rétablir les cours"
                    HPOS="553"
                    VPOS="2349"
                    WIDTH="2078"
                    HEIGHT="150"
                    WC="0.9816098931957694"></String>
          </TextLine>
          <TextLine ID="eSc_line_061f760c"
                    TAGREFS="LT31"
                    BASELINE="550 2552 1710 2519 2361 2477 2620 2472" 
                    HPOS="547"
                    VPOS="2419"
                    WIDTH="2073"
                    HEIGHT="158">
            <Shape><Polygon POINTS="550 2552 550 2577 2620 2502 2620 2472 2611 2419 2506 2436 2458 2424 2456 2424 2453 2424 2450 2424 2447 2424 2447 2427 2425 2444 2356 2430 2353 2430 2350 2430 2261 2452 2219 2438 2216 2438 2214 2438 2211 2438 2139 2458 2116 2444 2114 2444 2111 2444 2108 2444 1952 2463 1916 2449 1913 2449 1910 2449 1908 2449 1833 2469 1710 2458 1707 2458 1705 2458 1663 2477 1435 2483 1393 2466 1385 2463 1382 2463 1379 2463 1376 2463 1360 2469 1299 2488 1240 2472 1235 2472 1232 2472 1229 2472 1226 2472 1218 2474 1148 2494 1093 2480 1084 2477 1082 2477 1079 2477 1076 2477 1073 2477 1073 2480 1070 2480 1051 2497 912 2486 856 2483 853 2483 803 2491 703 2508 681 2497 675 2491 673 2491 670 2491 667 2491 547 2499 550 2552"/></Shape>
	    <String CONTENT="famands que l&#x27;on avait supprimés ci l&#x27;école industuelle. A"
                    HPOS="547"
                    VPOS="2419"
                    WIDTH="2073"
                    HEIGHT="158"
                    WC="0.988392717879394"></String>
          </TextLine>
          <TextLine ID="eSc_line_871c462b"
                    TAGREFS="LT31"
                    BASELINE="547 2619 1608 2596 1608 2596 2648 2550" 
                    HPOS="545"
                    VPOS="2508"
                    WIDTH="2103"
                    HEIGHT="139">
            <Shape><Polygon POINTS="547 2647 1045 2647 1045 2644 1048 2644 1101 2627 1112 2625 1151 2625 1324 2633 1326 2633 1404 2616 1424 2613 1429 2616 1452 2630 1454 2630 1457 2630 1460 2630 1638 2625 1641 2625 1671 2611 1885 2616 1888 2616 1891 2616 1958 2600 1980 2594 2013 2597 2089 2605 2091 2605 2186 2591 2228 2586 2247 2588 2305 2602 2308 2602 2311 2602 2372 2586 2395 2577 2648 2575 2648 2550 2639 2508 545 2575 547 2619"/></Shape>
	    <String CONTENT="Lierre, en 1842, enn conseiller communal ayant diclaré qu&#x27;il ne com¬"
                    HPOS="545"
                    VPOS="2508"
                    WIDTH="2103"
                    HEIGHT="139"
                    WC="0.9886927157640457"></String>
          </TextLine>
          <TextLine ID="eSc_line_de230cb8"
                    TAGREFS="LT31"
                    BASELINE="553 2700 2269 2636 2648 2630" 
                    HPOS="550"
                    VPOS="2580"
                    WIDTH="2098"
                    HEIGHT="156">
            <Shape><Polygon POINTS="553 2700 553 2736 634 2719 773 2727 776 2727 778 2727 781 2727 809 2714 995 2719 1006 2719 1009 2719 1015 2719 1093 2702 1159 2714 1165 2714 1168 2714 1176 2714 1246 2697 1376 2705 1393 2705 1396 2705 1426 2702 1638 2680 2645 2655 2648 2630 2639 2588 2433 2594 2431 2594 2397 2580 2395 2580 2392 2580 2389 2580 2319 2600 2311 2600 2303 2600 2255 2586 2253 2586 2250 2586 2100 2605 2075 2611 1974 2611 1972 2611 1952 2597 1949 2597 1947 2597 1944 2597 1866 2613 1852 2616 1849 2613 1830 2602 1827 2602 1824 2602 1821 2602 1819 2602 1771 2616 1702 2605 1699 2605 1696 2605 1632 2622 1618 2625 1577 2625 1393 2616 1390 2616 1388 2616 1329 2633 1312 2636 1282 2633 1201 2627 1198 2627 1059 2641 1006 2647 998 2644 984 2633 981 2633 979 2633 976 2633 884 2647 848 2652 815 2650 720 2641 717 2641 714 2641 712 2641 689 2655 681 2661 550 2661 553 2700"/></Shape>
	    <String CONTENT="prend pas le français, on en revient à l&#x27;habitude de délibèrer en"
                    HPOS="550"
                    VPOS="2580"
                    WIDTH="2098"
                    HEIGHT="156"
                    WC="0.9948070889169519"></String>
          </TextLine>
          <TextLine ID="eSc_line_6363f727"
                    TAGREFS="LT31"
                    BASELINE="553 2769 2333 2711 2642 2711" 
                    HPOS="550"
                    VPOS="2658"
                    WIDTH="2092"
                    HEIGHT="145">
            <Shape><Polygon POINTS="553 2769 553 2803 815 2783 951 2791 984 2791 987 2791 1004 2789 1079 2772 1146 2783 1159 2786 1162 2786 1196 2783 1340 2764 1674 2766 1771 2766 1774 2766 1824 2761 1974 2744 2013 2755 2025 2758 2027 2758 2030 2758 2033 2758 2036 2758 2036 2755 2038 2755 2050 2741 2642 2733 2642 2711 2637 2666 2325 2672 2222 2658 2219 2658 2122 2680 2116 2680 2108 2680 1952 2666 1949 2666 1810 2672 1808 2672 1771 2691 1769 2691 1763 2691 1691 2675 1688 2675 1507 2683 1504 2683 1502 2683 1477 2700 1449 2689 1446 2689 1443 2689 1371 2702 1365 2702 1346 2689 1343 2689 1340 2689 1337 2689 1076 2711 1034 2714 1029 2714 990 2697 987 2697 984 2697 981 2697 945 2714 942 2716 940 2716 906 2700 904 2700 901 2700 898 2700 826 2719 806 2725 636 2725 634 2725 603 2711 600 2711 598 2711 595 2711 550 2725 553 2769"/></Shape>
	    <String CONTENT="flamand. Auvers, qui a vu cbuter la littérature flomande avec"
                    HPOS="550"
                    VPOS="2658"
                    WIDTH="2092"
                    HEIGHT="145"
                    WC="0.9903877504536363"></String>
          </TextLine>
          <TextLine ID="eSc_line_080aa2ec"
                    TAGREFS="LT31"
                    BASELINE="556 2847 2336 2778 2634 2778" 
                    HPOS="550"
                    VPOS="2730"
                    WIDTH="2084"
                    HEIGHT="156">
            <Shape><Polygon POINTS="556 2847 559 2886 642 2861 979 2853 1059 2867 1065 2867 1068 2867 1265 2858 1268 2858 1271 2858 1287 2844 1349 2855 1357 2855 1360 2855 1371 2855 1465 2833 1566 2847 1577 2847 1579 2847 1596 2844 1730 2822 1852 2836 1869 2836 1872 2836 1930 2833 2314 2800 2631 2803 2634 2778 2631 2730 2233 2730 2230 2730 2228 2730 2169 2744 2155 2747 2147 2747 2089 2733 2086 2733 2083 2733 2025 2750 2011 2753 1974 2753 1824 2744 1821 2744 1819 2744 1816 2744 1796 2758 1788 2761 1727 2761 1510 2755 1507 2755 1504 2755 1502 2755 1485 2769 1479 2775 1207 2783 1190 2780 1157 2769 1154 2769 1151 2769 1148 2769 1146 2769 1129 2780 1118 2789 965 2791 951 2789 923 2778 920 2778 917 2778 550 2800 556 2847"/></Shape>
	    <String CONTENT="Heuri Conscience, commence à prendre la tête d&#x27;ins mouvement de"
                    HPOS="550"
                    VPOS="2730"
                    WIDTH="2084"
                    HEIGHT="156"
                    WC="0.9895610492676497"></String>
          </TextLine>
          <TextLine ID="eSc_line_f27e3785"
                    TAGREFS="LT31"
                    BASELINE="553 2922 1215 2889 2642 2853" 
                    HPOS="550"
                    VPOS="2803"
                    WIDTH="2092"
                    HEIGHT="147">
            <Shape><Polygon POINTS="553 2922 553 2950 920 2939 923 2939 926 2939 926 2936 940 2925 1004 2939 1009 2939 1012 2939 1020 2939 1123 2919 1485 2922 1516 2922 1518 2922 1521 2922 1524 2922 1568 2908 1785 2914 1858 2914 1860 2914 1983 2905 2328 2883 2358 2894 2369 2897 2372 2897 2375 2897 2420 2892 2525 2878 2639 2883 2642 2853 2637 2805 2433 2803 2431 2803 2428 2803 2425 2803 2414 2811 2400 2819 2331 2814 2250 2808 2247 2808 2183 2819 2133 2828 2105 2822 2075 2814 2072 2814 2069 2814 1991 2825 1938 2833 1908 2828 1855 2819 1852 2819 1849 2819 1824 2830 1813 2836 1769 2833 1668 2825 1666 2825 1663 2825 1638 2836 1630 2842 1618 2839 1588 2828 1585 2828 1582 2828 1493 2842 1457 2847 1415 2844 1307 2836 1304 2836 1301 2836 1299 2836 1282 2850 1276 2855 1198 2855 1184 2853 1148 2842 1146 2842 1143 2842 1140 2842 1109 2855 1101 2858 1062 2855 926 2847 923 2847 550 2872 553 2922"/></Shape>
	    <String CONTENT="revendications qui s&#x27;étendra peu à peu. Le conceil provincial y dé́cidle"
                    HPOS="550"
                    VPOS="2803"
                    WIDTH="2092"
                    HEIGHT="147"
                    WC="0.9883258024307147"></String>
          </TextLine>
          <TextLine ID="eSc_line_85f62ffd"
                    TAGREFS="LT31"
                    BASELINE="559 2994 1015 2969 2617 2919" 
                    HPOS="556"
                    VPOS="2883"
                    WIDTH="2061"
                    HEIGHT="148">
            <Shape><Polygon POINTS="559 2994 559 3031 709 3011 792 3022 806 3022 809 3022 812 3022 820 3019 898 3000 1026 3008 1029 3008 1157 2992 1190 3006 1201 3008 1204 3008 1207 3008 1254 3003 1335 2989 1368 2997 1393 3003 1396 3003 1399 3003 1490 2992 1599 2978 1655 2983 1721 2992 1724 2992 1727 2992 1730 2992 1730 2989 1741 2981 1746 2975 1766 2981 1788 2983 1791 2983 1794 2983 1808 2978 1824 2969 1852 2975 1902 2986 1905 2986 1908 2986 1955 2972 1972 2967 2013 2969 2155 2978 2158 2978 2161 2978 2228 2958 2244 2953 2517 2947 2550 2961 2553 2961 2556 2961 2559 2961 2617 2942 2617 2919 2611 2883 2166 2883 2164 2883 2072 2900 2066 2900 2063 2900 1991 2889 1988 2889 1649 2914 1641 2914 1638 2914 1571 2903 1568 2903 1404 2922 1396 2922 1390 2922 1232 2914 1229 2914 1065 2933 1059 2933 1057 2933 892 2925 890 2925 887 2925 884 2925 862 2939 681 2933 678 2933 556 2950 559 2994"/></Shape>
	    <String CONTENT="en 1840 qu&#x27;il ne conférera plus d&#x27;emplois qu&#x27;à des personnes con¬"
                    HPOS="556"
                    VPOS="2883"
                    WIDTH="2061"
                    HEIGHT="148"
                    WC="0.9847840784174023"></String>
          </TextLine>
          <TextLine ID="eSc_line_07bc5dbc"
                    TAGREFS="LT31"
                    BASELINE="556 3067 2603 2992" 
                    HPOS="553"
                    VPOS="2942"
                    WIDTH="2050"
                    HEIGHT="150">
            <Shape><Polygon POINTS="556 3067 556 3092 1994 3053 2050 3047 2242 3031 2358 3039 2372 3039 2375 3039 2383 3039 2461 3022 2600 3031 2603 2992 2595 2942 1988 2978 1902 2969 1852 2967 1849 2967 1813 2975 1760 2986 1744 2978 1738 2972 1735 2972 1732 2972 1730 2972 1727 2972 1707 2978 1677 2989 1613 2983 1554 2978 1552 2978 1502 2989 1454 2997 1368 2994 1262 2989 1260 2989 1257 2989 1254 2989 1240 3000 1229 3006 1212 3000 1190 2994 1187 2994 1184 2994 1123 3006 1079 3011 1015 3008 865 3003 862 3003 795 3019 776 3022 762 3019 706 3008 703 3008 700 3008 698 3008 675 3025 670 3028 553 3028 556 3067"/></Shape>
	    <String CONTENT="naissant la langue flamande et la même anvée, la société Met"
                    HPOS="553"
                    VPOS="2942"
                    WIDTH="2050"
                    HEIGHT="150"
                    WC="0.9969760072035868"></String>
          </TextLine>
          <TextLine ID="eSc_line_843f05b0"
                    TAGREFS="LT31"
                    BASELINE="559 3142 2664 3078" 
                    HPOS="556"
                    VPOS="3025"
                    WIDTH="2108"
                    HEIGHT="156">
            <Shape><Polygon POINTS="559 3142 559 3181 712 3161 781 3175 789 3175 792 3175 828 3172 1023 3156 1051 3167 1054 3167 1057 3167 1059 3167 1062 3167 1070 3164 1121 3150 1240 3159 1273 3161 1276 3161 1299 3159 1382 3139 1446 3153 1463 3156 1465 3156 1510 3150 1657 3131 1763 3142 1794 3145 1796 3145 1833 3139 1949 3120 2664 3111 2664 3078 2659 3036 2486 3025 2484 3025 2408 3042 2389 3045 2375 3042 2319 3031 2317 3031 2314 3031 2286 3045 2278 3047 2264 3045 2214 3033 2211 3033 2022 3050 1933 3058 1899 3053 1844 3045 1841 3045 1783 3056 1749 3064 1719 3058 1680 3050 1677 3050 1674 3050 1671 3050 1671 3053 1663 3058 1655 3067 1582 3061 1488 3056 1485 3056 1482 3056 1479 3056 1471 3064 1460 3072 1421 3067 1388 3061 1385 3061 1349 3067 1293 3081 556 3086 559 3142"/></Shape>
	    <String CONTENT="Tyd en Vlyt&quot; demande qu&#x27;il soit fait sa place à celle-ci dans la future"
                    HPOS="556"
                    VPOS="3025"
                    WIDTH="2108"
                    HEIGHT="156"
                    WC="0.9965274822380807"></String>
          </TextLine>
          <TextLine ID="eSc_line_e67e7078"
                    TAGREFS="LT31"
                    BASELINE="559 3231 1969 3181 2614 3175" 
                    HPOS="556"
                    VPOS="3108"
                    WIDTH="2058"
                    HEIGHT="151">
            <Shape><Polygon POINTS="559 3231 559 3259 1399 3222 1532 3231 1546 3231 1549 3231 1560 3231 1646 3214 2052 3214 2063 3214 2066 3214 2069 3214 2072 3214 2094 3200 2611 3200 2614 3175 2609 3128 2464 3108 2461 3108 2458 3108 2400 3131 2350 3117 2347 3117 2344 3117 2225 3136 2183 3117 2180 3117 2178 3117 2036 3133 2011 3122 2008 3122 2005 3122 2002 3122 2000 3122 1972 3145 1969 3145 1966 3145 1821 3128 1819 3128 1577 3156 1546 3159 1529 3159 1421 3142 1418 3142 1415 3142 1374 3161 1371 3161 1301 3147 1299 3147 1296 3147 1262 3164 1257 3167 1207 3167 1020 3161 1018 3161 895 3175 865 3178 853 3175 792 3161 789 3161 787 3161 784 3161 781 3161 762 3178 762 3181 556 3184 559 3231"/></Shape>
	    <String CONTENT="loi sur l&#x27;inceiguement primaire. A la Chambre Puire De Decker"
                    HPOS="556"
                    VPOS="3108"
                    WIDTH="2058"
                    HEIGHT="151"
                    WC="0.9924052172019834"></String>
          </TextLine>
          <TextLine ID="eSc_line_81158889"
                    TAGREFS="LT31"
                    BASELINE="573 3298 881 3281 2614 3253" 
                    HPOS="570"
                    VPOS="3200"
                    WIDTH="2044"
                    HEIGHT="125">
            <Shape><Polygon POINTS="573 3298 573 3325 945 3303 1051 3317 1054 3317 1057 3317 1059 3317 1082 3298 1218 3298 1371 3311 1374 3311 1376 3311 1385 3311 1705 3289 1997 3300 2005 3300 2008 3300 2013 3300 2189 3281 2233 3295 2236 3295 2239 3295 2372 3281 2467 3292 2470 3292 2472 3292 2475 3292 2545 3275 2609 3289 2614 3253 2606 3200 2205 3217 2127 3211 2069 3206 2066 3206 2063 3206 2033 3214 1991 3222 1897 3217 1816 3211 1813 3211 1752 3220 1694 3228 1638 3222 1554 3214 1552 3214 1549 3214 1546 3214 1535 3225 1527 3231 1490 3225 1421 3217 1418 3217 1415 3217 1379 3228 1363 3234 1293 3231 1112 3222 1109 3222 1043 3236 1029 3239 1018 3239 948 3225 945 3225 942 3225 912 3239 912 3242 570 3248 573 3298"/></Shape>
	    <String CONTENT="&lt;.. .. .&gt; se plaint de la francisation administrative &lt;...&gt;"
                    HPOS="570"
                    VPOS="3200"
                    WIDTH="2044"
                    HEIGHT="125"
                    WC="0.9332567907996097"></String>
          </TextLine>
        </TextBlock>
        <TextBlock HPOS="30"
                   VPOS="334"
                   WIDTH="523"
                   HEIGHT="184"
                   ID="4b7a7a9d-6763-441a-8281-bce43a8e39ae"
                   TAGREFS="BT43">
          <Shape><Polygon POINTS="553 334 540 514 30 518 43 347"/></Shape>
        </TextBlock>
        <TextBlock HPOS="123"
                   VPOS="40"
                   WIDTH="262"
                   HEIGHT="199"
                   ID="eSc_textblock_dc72944c"
                   TAGREFS="BT44">
          <Shape><Polygon POINTS="123 40 123 239 385 239 385 40"/></Shape>
        </TextBlock>
      </PrintSpace>
    </Page>
  </Layout>
</alto>
