<?xml version="1.0" encoding="UTF-8"?>
<alto xmlns:xsi="http://www.w3.org/2001/XMLSchema-instance"
      xmlns="http://www.loc.gov/standards/alto/ns-v4#"
      xsi:schemaLocation="http://www.loc.gov/standards/alto/ns-v4# http://www.loc.gov/standards/alto/v4/alto-4-2.xsd">
  <Description>
    <MeasurementUnit>pixel</MeasurementUnit>
    <sourceImageInformation>
      <fileName>ARCH-DIV-000496_0182.png</fileName>
    </sourceImageInformation>
  </Description>
  <Tags>
    <OtherTag ID="BT42" LABEL="MainZone" DESCRIPTION="block type MainZone"/><OtherTag ID="BT43" LABEL="MarginTextZone" DESCRIPTION="block type MarginTextZone"/><OtherTag ID="BT44" LABEL="NumberingZone" DESCRIPTION="block type NumberingZone"/><OtherTag ID="BT45" LABEL="TitlePageZone" DESCRIPTION="block type TitlePageZone"/><OtherTag ID="BT46" LABEL="CustomZone:Numbering" DESCRIPTION="block type CustomZone:Numbering"/><OtherTag ID="BT49" LABEL="MarginTextZone:lower" DESCRIPTION="block type MarginTextZone:lower"/>
    <OtherTag ID="LT25" LABEL="default" DESCRIPTION="line type default"/><OtherTag ID="LT31" LABEL="DefaultLine" DESCRIPTION="line type DefaultLine"/><OtherTag ID="LT32" LABEL="HeadingLine" DESCRIPTION="line type HeadingLine"/><OtherTag ID="LT33" LABEL="InterlinearLine:addition" DESCRIPTION="line type InterlinearLine:addition"/><OtherTag ID="LT34" LABEL="InterlinearLine:correction" DESCRIPTION="line type InterlinearLine:correction"/>
  </Tags>
  <Layout>
    <Page WIDTH="2790"
          HEIGHT="3330"
          PHYSICAL_IMG_NR="181"
          ID="eSc_dummypage_">
      <PrintSpace HPOS="0"
                  VPOS="0"
                  WIDTH="2790"
                  HEIGHT="3330">
        <TextBlock HPOS="518"
                   VPOS="0"
                   WIDTH="2208"
                   HEIGHT="3330"
                   ID="1c8bcce4-5901-4a0b-ab55-a0a21704e6b6"
                   TAGREFS="BT42">
          <Shape><Polygon POINTS="2726 0 2726 3330 518 3330 518 0"/></Shape>
          <TextLine ID="eSc_line_d2919388"
                    TAGREFS="LT31"
                    BASELINE="627 72 1943 69 2684 86" 
                    HPOS="627"
                    VPOS="11"
                    WIDTH="2057"
                    HEIGHT="105">
            <Shape><Polygon POINTS="2678 30 2651 30 2623 30 2595 30 2567 30 2540 30 2512 30 2490 30 2454 33 2437 27 2429 27 2401 27 2373 27 2359 27 2343 33 2315 27 2290 27 2262 27 2234 24 2207 24 2154 33 2132 24 2123 24 2095 24 2068 24 2057 24 2018 33 1984 22 1957 22 1929 22 1901 22 1873 22 1846 22 1818 19 1790 19 1762 19 1735 19 1629 22 1346 30 1335 24 1318 13 1315 13 1313 13 1310 13 1235 24 1213 30 1024 30 1018 27 993 11 991 11 988 11 985 11 982 11 938 27 935 30 735 30 710 30 688 16 680 19 652 19 644 19 627 24 627 72 627 97 1193 91 1271 102 1321 111 1324 111 1357 105 1401 94 1421 105 1435 111 1438 111 1440 111 1479 105 1529 97 1585 105 1618 111 1621 111 1643 105 1696 94 1712 108 1715 111 1718 111 1721 111 1723 111 1743 108 1793 97 1890 108 1918 111 1921 111 1923 111 1929 108 1954 97 2021 111 2048 113 2051 113 2073 111 2140 97 2162 111 2165 113 2168 113 2170 113 2173 116 2448 116 2448 113 2456 113 2548 97 2678 113 2684 86 2678 30 2678 30"/></Shape>
	    <String CONTENT="laisses entendre à Paris. Quelques jours plus tard, le 27 avrit, l&#x27;of"
                    HPOS="627"
                    VPOS="11"
                    WIDTH="2057"
                    HEIGHT="105"
                    WC="0.9786522405488151"></String>
          </TextLine>
          <TextLine ID="eSc_line_8c58f8c5"
                    TAGREFS="LT31"
                    BASELINE="630 141 2659 133" 
                    HPOS="627"
                    VPOS="91"
                    WIDTH="2032"
                    HEIGHT="86">
            <Shape><Polygon POINTS="630 141 630 177 771 160 1349 172 1351 172 1354 172 1385 158 1413 172 1415 172 1418 172 1501 158 1979 172 1982 172 1984 172 2046 155 2653 169 2659 133 2653 99 655 91 652 91 649 91 646 91 627 99 630 141"/></Shape>
	    <String CONTENT="faire était réglée par un protocole créant une commussion mix le"
                    HPOS="627"
                    VPOS="91"
                    WIDTH="2032"
                    HEIGHT="86"
                    WC="0.9861271614208817"></String>
          </TextLine>
          <TextLine ID="eSc_line_4f76047f"
                    TAGREFS="LT31"
                    BASELINE="621 205 2640 191" 
                    HPOS="619"
                    VPOS="141"
                    WIDTH="2021"
                    HEIGHT="83">
            <Shape><Polygon POINTS="621 205 621 224 2637 222 2640 191 2634 149 2309 141 2306 141 2162 152 2104 158 2079 155 2023 144 2021 144 1957 155 1940 158 1921 155 1832 144 1829 144 1710 158 1687 160 1671 158 1599 147 1596 147 1593 147 1590 147 1576 160 1574 160 1557 160 1407 149 1404 149 1401 149 1399 149 1385 163 1382 166 1246 166 1243 163 1179 149 1177 149 1010 166 999 166 991 166 788 152 785 152 696 166 680 152 677 152 674 152 671 152 669 152 619 169 621 205"/></Shape>
	    <String CONTENT="sans lui donier de question précise à traiter. Pour Nopolion, c&#x27;étaif"
                    HPOS="619"
                    VPOS="141"
                    WIDTH="2021"
                    HEIGHT="83"
                    WC="0.9866065902369363"></String>
          </TextLine>
          <TextLine ID="eSc_line_65e79951"
                    TAGREFS="LT31"
                    BASELINE="605 274 1773 252 2673 252" 
                    HPOS="602"
                    VPOS="202"
                    WIDTH="2071"
                    HEIGHT="94">
            <Shape><Polygon POINTS="605 274 605 296 2673 280 2673 252 2667 213 2162 216 2134 202 2132 202 2129 202 1768 222 1723 222 1721 222 1707 208 1704 208 1701 208 1537 208 1535 208 1532 208 1529 208 1507 222 1501 224 1474 224 1313 210 1310 210 1307 210 1304 210 1288 224 1282 227 1243 224 1063 213 1060 213 1057 213 1029 227 1024 230 1004 227 930 216 927 216 924 216 921 216 907 227 905 233 602 233 605 274"/></Shape>
	    <String CONTENT="un nouvel échee, pour Frère. Oebaii un mecis &gt; personnel ; pour la"
                    HPOS="602"
                    VPOS="202"
                    WIDTH="2071"
                    HEIGHT="94"
                    WC="0.9809368072134076"></String>
          </TextLine>
          <TextLine ID="eSc_line_4d26b2be"
                    TAGREFS="LT31"
                    BASELINE="610 335 1507 313 2662 313" 
                    HPOS="607"
                    VPOS="260"
                    WIDTH="2055"
                    HEIGHT="106">
            <Shape><Polygon POINTS="682 274 607 291 610 335 610 366 1501 341 1735 355 1737 355 1835 338 2051 349 2054 349 2115 335 2132 349 2134 349 2137 349 2140 349 2215 335 2304 349 2306 349 2454 333 2656 346 2662 313 2659 274 2304 260 2301 260 2226 274 2176 260 2173 260 2170 260 2168 260 2165 260 2148 274 1976 263 1973 263 1876 277 1818 263 1815 263 1812 263 1810 263 1807 263 1787 280 1696 266 1693 266 1690 266 1640 280 1510 266 1507 266 1504 266 1440 283 1426 269 1424 269 1421 269 1204 269 1202 269 1199 269 1165 285 954 274 952 274 777 288 685 274 682 274"/></Shape>
	    <String CONTENT="Belgique une nouvelle et éclatante attestation de sa fédélité à ses"
                    HPOS="607"
                    VPOS="260"
                    WIDTH="2055"
                    HEIGHT="106"
                    WC="0.9909587458652609"></String>
          </TextLine>
          <TextLine ID="eSc_line_5137ca1d"
                    TAGREFS="LT31"
                    BASELINE="605 402 1468 374 2670 363" 
                    HPOS="602"
                    VPOS="316"
                    WIDTH="2068"
                    HEIGHT="97">
            <Shape><Polygon POINTS="2462 316 2434 316 2406 316 2390 316 2337 327 2070 319 2068 319 2065 319 2029 333 1748 324 1746 324 1651 338 1587 327 1585 327 1582 327 1579 327 1562 341 1418 330 1415 330 1246 346 1093 335 1091 335 1088 335 1052 349 652 344 649 344 646 344 602 357 605 402 605 413 2670 391 2670 363 2665 324 2470 316 2462 316"/></Shape>
	    <String CONTENT="clevoirs &lt;....&gt; internationauxet de la neutralité&quot; forte et loyale&quot; à la"
                    HPOS="602"
                    VPOS="316"
                    WIDTH="2068"
                    HEIGHT="97"
                    WC="0.9811957726875941"></String>
          </TextLine>
          <TextLine ID="eSc_line_c54329f6"
                    TAGREFS="LT31"
                    BASELINE="619 463 1860 432 2676 427" 
                    HPOS="616"
                    VPOS="377"
                    WIDTH="2060"
                    HEIGHT="119">
            <Shape><Polygon POINTS="619 463 619 496 930 471 2673 455 2676 427 2667 377 616 419 619 463"/></Shape>
	    <String CONTENT="quelle elle demeurait aussi attachée sous Leopold II qu&#x27;elle l&#x27;avait été"
                    HPOS="616"
                    VPOS="377"
                    WIDTH="2060"
                    HEIGHT="119"
                    WC="0.9900000517566999"></String>
          </TextLine>
          <TextLine ID="eSc_line_0e647b26"
                    TAGREFS="LT31"
                    BASELINE="613 535 2262 502" 
                    HPOS="610"
                    VPOS="444"
                    WIDTH="1652"
                    HEIGHT="124">
            <Shape><Polygon POINTS="613 535 613 568 730 568 730 566 732 566 735 566 757 549 866 563 885 563 888 563 891 563 899 560 952 546 988 560 991 560 993 560 996 560 999 560 1002 560 1027 543 1140 557 1160 557 1163 557 1185 555 1315 538 1418 552 1435 552 1438 552 1457 549 1576 532 2259 532 2262 502 2254 444 1832 471 1748 471 1737 457 1732 455 1732 452 1729 452 1726 452 1723 452 1499 460 1496 460 1493 460 1493 463 1488 466 1479 474 1418 468 1315 460 1313 460 1310 460 1307 460 1290 474 1279 480 1240 474 1160 463 1157 463 1154 463 1099 480 1085 482 1077 480 1027 466 1024 466 1021 466 1018 466 1016 466 996 482 991 488 882 488 868 488 785 471 782 471 780 471 744 491 738 493 610 493 613 535"/></Shape>
	    <String CONTENT="sous Lopold I e et qu&#x27;elle devait l&#x27;etr sous son petit. fils."
                    HPOS="610"
                    VPOS="444"
                    WIDTH="1652"
                    HEIGHT="124"
                    WC="0.9655668178542716"></String>
          </TextLine>
          <TextLine ID="eSc_line_55c71b57"
                    TAGREFS="LT31"
                    BASELINE="669 602 2648 568" 
                    HPOS="666"
                    VPOS="518"
                    WIDTH="1982"
                    HEIGHT="103">
            <Shape><Polygon POINTS="669 602 669 621 2645 602 2648 568 2642 530 2343 518 2340 518 1643 543 1493 532 1490 532 991 555 724 546 721 546 719 546 666 560 669 602"/></Shape>
	    <String CONTENT="La campoque élictorale ne tarda pas à dissiper le souvenir de la crise"
                    HPOS="666"
                    VPOS="518"
                    WIDTH="1982"
                    HEIGHT="103"
                    WC="0.9921752667762864"></String>
          </TextLine>
          <TextLine ID="eSc_line_6d03820f"
                    TAGREFS="LT31"
                    BASELINE="616 668 1904 641 2678 641" 
                    HPOS="613"
                    VPOS="585"
                    WIDTH="2065"
                    HEIGHT="111">
            <Shape><Polygon POINTS="616 668 616 696 1490 671 1635 682 1649 682 1651 682 1654 682 1657 682 1682 668 1948 677 1954 677 1957 677 1959 677 2029 663 2120 674 2123 674 2201 660 2676 666 2678 641 2676 599 2454 585 2451 585 2334 602 2323 602 2301 588 2298 588 2295 588 2293 588 2290 588 2262 602 2256 602 2143 591 2140 591 2029 604 2001 607 1976 604 1882 593 1879 593 1876 593 1823 607 1807 610 1773 607 1668 596 1665 596 1529 610 1465 616 1429 610 1365 602 1363 602 1221 613 1118 621 1088 616 1057 607 1054 607 1052 607 1007 616 960 624 882 616 807 610 805 610 613 618 616 668"/></Shape>
	    <String CONTENT="qul l&#x27;on venait de traverser. La passion politique se déchaniait de nouveare"
                    HPOS="613"
                    VPOS="585"
                    WIDTH="2065"
                    HEIGHT="111"
                    WC="0.984059352623789"></String>
          </TextLine>
          <TextLine ID="eSc_line_d419907b"
                    TAGREFS="LT31"
                    BASELINE="594 743 1107 724 1330 721 1417 749 1414 720 2659 704" 
                    HPOS="591"
                    VPOS="666"
                    WIDTH="2068"
                    HEIGHT="94">
            <Shape><Polygon POINTS="594 760 2659 738 2659 704 2653 666 1585 666 1582 666 1579 666 1551 679 1549 679 1418 668 1415 668 1329 685 1315 685 1293 685 1138 671 1135 671 1043 688 1038 688 1032 688 941 677 938 677 935 677 899 690 896 693 591 693 594 743"/></Shape>
	    <String CONTENT="avec une avengle fureur &lt;... ..... .... ....... ..........&gt;"
                    HPOS="591"
                    VPOS="666"
                    WIDTH="2068"
                    HEIGHT="94"
                    WC="0.8634371302895627"></String>
          </TextLine>
          <TextLine ID="eSc_line_31892b04"
                    TAGREFS="LT31"
                    BASELINE="594 813 1635 782 2656 774" 
                    HPOS="591"
                    VPOS="727"
                    WIDTH="2065"
                    HEIGHT="111">
            <Shape><Polygon POINTS="594 813 594 838 2653 799 2656 774 2648 727 591 763 594 813"/></Shape>
	    <String CONTENT="&lt;......... .... . .. ...&gt; La reten"
                    HPOS="591"
                    VPOS="727"
                    WIDTH="2065"
                    HEIGHT="111"
                    WC="0.9016334940405453"></String>
          </TextLine>
          <TextLine ID="eSc_line_dc3976cf"
                    TAGREFS="LT31"
                    BASELINE="591 876 2698 838" 
                    HPOS="588"
                    VPOS="785"
                    WIDTH="2110"
                    HEIGHT="125">
            <Shape><Polygon POINTS="591 876 591 910 763 893 863 904 885 907 888 907 930 904 1096 888 1165 899 1188 901 1190 901 1310 896 1676 874 2698 865 2698 838 2687 785 2645 799 2198 796 2093 796 2090 796 2087 796 2084 796 2084 799 2082 799 2070 810 1973 801 1937 799 1934 799 1932 799 1918 801 1879 813 1640 810 1501 807 1499 807 1429 813 1326 824 1252 818 1185 813 1182 813 1143 821 1110 826 1077 821 1032 815 1029 815 1027 815 1024 815 1016 824 1004 829 960 824 893 818 891 818 888 818 885 818 885 821 877 826 871 835 588 835 591 876"/></Shape>
	    <String CONTENT="tissente affaire Langrand. Dumonéeau avait portée à son paropirane. De"
                    HPOS="588"
                    VPOS="785"
                    WIDTH="2110"
                    HEIGHT="125"
                    WC="0.994471506333687"></String>
          </TextLine>
          <TextLine ID="eSc_line_049b9aee"
                    TAGREFS="LT31"
                    BASELINE="596 940 1979 912 2687 912" 
                    HPOS="594"
                    VPOS="854"
                    WIDTH="2093"
                    HEIGHT="120">
            <Shape><Polygon POINTS="596 940 596 974 771 957 930 968 932 968 935 968 938 968 1138 949 2684 937 2687 912 2684 868 2634 854 2631 854 2628 854 2137 876 1990 863 1987 863 1984 863 1982 863 1957 879 1921 865 1918 865 1915 865 1604 885 1507 871 1504 871 1501 871 1463 888 1296 874 1293 874 1290 874 1288 874 1265 890 1168 876 1165 876 1163 876 1113 893 943 879 941 879 938 879 935 879 905 899 766 899 616 885 613 885 610 885 607 885 594 896 596 940"/></Shape>
	    <String CONTENT="puis une digaine d&#x27;années &lt;.....&gt; cet entreprenant financer a¬"
                    HPOS="594"
                    VPOS="854"
                    WIDTH="2093"
                    HEIGHT="120"
                    WC="0.9442141498288801"></String>
          </TextLine>
          <TextLine ID="eSc_line_2593e089"
                    TAGREFS="LT31"
                    BASELINE="591 1004 1335 985 2690 974" 
                    HPOS="588"
                    VPOS="932"
                    WIDTH="2102"
                    HEIGHT="103">
            <Shape><Polygon POINTS="591 1004 591 1035 1271 1010 1443 1023 1446 1023 1449 1023 1451 1023 1515 1007 1621 1021 1624 1021 1751 1004 1821 1018 1823 1018 1826 1018 1876 1004 2129 1015 2145 1015 2148 1015 2151 1015 2187 999 2232 1012 2234 1012 2237 1012 2323 999 2684 1007 2690 974 2684 932 1712 932 1710 932 1607 946 1601 946 1596 946 1512 935 1510 935 1507 935 1504 935 1485 949 1482 949 1460 949 1271 937 1268 937 1265 937 1224 951 1221 951 1177 940 1174 940 1171 940 588 960 591 1004"/></Shape>
	    <String CONTENT="nait en l&#x27;adresse d&#x27;intéresser à ses affaires le clergé et le parti- cotholique"
                    HPOS="588"
                    VPOS="932"
                    WIDTH="2102"
                    HEIGHT="103"
                    WC="0.9939524896442891"></String>
          </TextLine>
          <TextLine ID="eSc_line_fab7e5a5"
                    TAGREFS="LT31"
                    BASELINE="588 1076 2690 1026" 
                    HPOS="585"
                    VPOS="979"
                    WIDTH="2105"
                    HEIGHT="133">
            <Shape><Polygon POINTS="588 1076 588 1096 699 1112 702 1112 705 1112 707 1112 727 1096 830 1093 1093 1085 1140 1087 1243 1098 1246 1098 1249 1098 1274 1087 1279 1085 1349 1085 1618 1090 1621 1090 1624 1090 1654 1079 1685 1071 1823 1076 1923 1082 1926 1082 1984 1073 2107 1060 2687 1062 2690 1026 2684 990 2454 979 2451 979 2448 979 2445 979 2420 996 2415 999 2204 1001 2198 1001 2162 987 2159 987 2157 987 2154 987 2093 1004 2084 1004 2062 1004 1901 993 1898 993 1896 993 1857 1010 1851 1010 1840 1010 1740 996 1737 996 1735 996 1679 1012 1676 1012 1654 1012 1318 1007 1315 1007 1313 1007 1254 1023 1246 1023 1238 1023 1154 1010 1152 1010 1149 1010 1102 1026 1099 1026 1085 1026 913 1018 910 1018 810 1035 796 1035 791 1035 752 1021 749 1021 746 1021 585 1037 588 1076"/></Shape>
	    <String CONTENT="en faisant mirviter à leurs yeux l&#x27;idée de &quot;christraniser les capitaux&quot;. Les"
                    HPOS="585"
                    VPOS="979"
                    WIDTH="2105"
                    HEIGHT="133"
                    WC="0.9828330022948129"></String>
          </TextLine>
          <TextLine ID="eSc_line_36e5f1a0"
                    TAGREFS="LT31"
                    BASELINE="591 1143 2645 1093" 
                    HPOS="588"
                    VPOS="1060"
                    WIDTH="2057"
                    HEIGHT="113">
            <Shape><Polygon POINTS="591 1143 591 1173 835 1157 910 1168 918 1168 921 1168 1160 1162 1163 1162 1165 1162 1165 1159 1185 1148 1238 1159 1252 1159 1254 1162 1254 1159 1271 1157 1338 1143 2645 1115 2645 1093 2640 1060 1962 1060 1959 1060 1957 1060 1954 1060 1932 1073 1637 1068 1635 1068 1463 1085 1388 1073 1385 1073 1382 1073 1351 1087 1046 1082 1043 1082 588 1107 591 1143"/></Shape>
	    <String CONTENT="épargnes des fidèles, les fonds des caisses diocisaines et des couvents n&#x27;a¬"
                    HPOS="588"
                    VPOS="1060"
                    WIDTH="2057"
                    HEIGHT="113"
                    WC="0.9938151656012786"></String>
          </TextLine>
          <TextLine ID="eSc_line_7a4c7c63"
                    TAGREFS="LT31"
                    BASELINE="596 1215 1562 1176 2617 1154" 
                    HPOS="594"
                    VPOS="1107"
                    WIDTH="2023"
                    HEIGHT="130">
            <Shape><Polygon POINTS="596 1215 596 1237 2617 1182 2617 1154 2609 1107 2362 1121 2293 1115 2204 1110 2201 1110 2198 1110 2195 1110 2182 1121 2168 1129 2073 1129 2043 1123 1996 1115 1993 1115 1990 1115 1962 1126 1948 1132 1887 1129 1776 1123 1773 1123 1718 1134 1687 1140 1649 1137 1554 1129 1551 1129 1549 1129 1521 1140 1510 1146 1499 1143 1471 1132 1468 1132 1465 1132 1404 1146 1385 1148 1318 1148 1074 1143 1071 1143 1068 1143 1066 1143 1066 1146 1052 1157 1007 1146 1004 1146 1002 1146 999 1146 946 1159 935 1165 594 1171 596 1215"/></Shape>
	    <String CONTENT="caient pas tarde à alémenter les sociétér de plus en plus nombreuses"
                    HPOS="594"
                    VPOS="1107"
                    WIDTH="2023"
                    HEIGHT="130"
                    WC="0.9885830291803333"></String>
          </TextLine>
          <TextLine ID="eSc_line_638f14f0"
                    TAGREFS="LT31"
                    BASELINE="599 1279 2681 1218" 
                    HPOS="596"
                    VPOS="1171"
                    WIDTH="2085"
                    HEIGHT="141">
            <Shape><Polygon POINTS="599 1279 599 1312 996 1284 1057 1298 1066 1301 1068 1301 1071 1301 1088 1298 1179 1279 1324 1290 1354 1293 1357 1293 1435 1290 1438 1290 1440 1290 1443 1287 1463 1270 1524 1284 1537 1287 1540 1287 1560 1284 1643 1265 1790 1276 1826 1279 1829 1279 1832 1279 1840 1276 1879 1259 1968 1270 1987 1273 1990 1273 1993 1273 1996 1273 1998 1270 2023 1254 2046 1270 2048 1270 2051 1270 2054 1270 2057 1270 2065 1268 2118 1254 2182 1265 2187 1265 2190 1265 2193 1265 2195 1265 2223 1245 2326 1245 2348 1259 2351 1262 2354 1262 2356 1262 2359 1262 2390 1259 2515 1240 2678 1248 2681 1218 2676 1179 2437 1171 2434 1171 2431 1171 2370 1184 2304 1171 2301 1171 2201 1190 2140 1176 2137 1176 2134 1176 2015 1196 1676 1190 1674 1190 1671 1190 1637 1207 1546 1193 1543 1193 1540 1193 1507 1209 1468 1196 1465 1196 1463 1196 1460 1196 1410 1212 1221 1204 1218 1204 1104 1221 1077 1207 1074 1207 1071 1207 877 1229 694 1218 691 1218 596 1237 599 1279"/></Shape>
	    <String CONTENT="qu&#x27;il fondait dans le pays et à l&#x27;étrenger et qui, se soutenant mertu¬"
                    HPOS="596"
                    VPOS="1171"
                    WIDTH="2085"
                    HEIGHT="141"
                    WC="0.989651685029688"></String>
          </TextLine>
          <TextLine ID="eSc_line_bcf3508d"
                    TAGREFS="LT31"
                    BASELINE="577 1351 1140 1320 2692 1282" 
                    HPOS="574"
                    VPOS="1234"
                    WIDTH="2118"
                    HEIGHT="134">
            <Shape><Polygon POINTS="577 1351 577 1368 2690 1312 2692 1282 2684 1237 2418 1248 2395 1245 2343 1234 2340 1234 2337 1234 2309 1248 2298 1251 2256 1248 2137 1240 2134 1240 2054 1254 2023 1259 1984 1257 1871 1248 1868 1248 1765 1265 1735 1268 1712 1265 1637 1254 1635 1254 1557 1270 1537 1276 1346 1279 1340 1276 1324 1265 1321 1265 1318 1265 1315 1265 1238 1279 1221 1282 1199 1282 1066 1270 1063 1270 1060 1270 1029 1287 1027 1287 1007 1287 871 1276 868 1276 771 1293 755 1295 744 1295 666 1282 663 1282 574 1298 577 1351"/></Shape>
	    <String CONTENT="ellement, fournissaient à leurs actionnaires des dévidendes magni fiques"
                    HPOS="574"
                    VPOS="1234"
                    WIDTH="2118"
                    HEIGHT="134"
                    WC="0.9754801964106625"></String>
          </TextLine>
          <TextLine ID="eSc_line_6805ebe2"
                    TAGREFS="LT31"
                    BASELINE="607 1412 1832 1365 2687 1356" 
                    HPOS="605"
                    VPOS="1307"
                    WIDTH="2082"
                    HEIGHT="136">
            <Shape><Polygon POINTS="607 1412 607 1443 985 1418 1149 1429 1165 1429 1168 1429 1171 1429 1174 1429 1193 1409 1371 1406 1529 1418 1537 1418 1540 1418 1549 1418 1657 1398 1823 1409 1832 1409 1835 1409 1837 1409 1873 1393 2023 1404 2032 1404 2034 1404 2043 1404 2176 1384 2684 1384 2687 1356 2678 1315 2290 1323 2229 1307 2226 1307 2223 1307 2220 1307 2182 1329 2095 1329 1846 1318 1843 1318 1840 1318 1837 1318 1837 1320 1821 1334 1396 1332 1393 1332 1390 1332 1388 1332 1357 1351 1082 1359 988 1343 985 1343 888 1365 702 1351 699 1351 605 1373 607 1412"/></Shape>
	    <String CONTENT="grèce à une dangereure tension du crédit. Les noms les plus respertés de"
                    HPOS="605"
                    VPOS="1307"
                    WIDTH="2082"
                    HEIGHT="136"
                    WC="0.9734543700740762"></String>
          </TextLine>
          <TextLine ID="eSc_line_2b4784e7"
                    TAGREFS="LT31"
                    BASELINE="591 1484 1893 1429 2695 1418" 
                    HPOS="588"
                    VPOS="1370"
                    WIDTH="2107"
                    HEIGHT="147">
            <Shape><Polygon POINTS="591 1484 591 1517 1240 1481 1268 1495 1271 1495 1274 1495 1290 1495 1499 1473 1621 1481 1624 1481 1626 1481 1662 1465 1768 1476 1771 1476 1871 1456 2023 1467 2026 1467 2193 1445 2692 1445 2695 1418 2687 1370 588 1440 591 1484"/></Shape>
	    <String CONTENT="la droite parlementaire figuraient sur les lister des conseils d administru¬"
                    HPOS="588"
                    VPOS="1370"
                    WIDTH="2107"
                    HEIGHT="147"
                    WC="0.9950234411578429"></String>
          </TextLine>
          <TextLine ID="eSc_line_d08985c0"
                    TAGREFS="LT31"
                    BASELINE="577 1565 1693 1509 2665 1479" 
                    HPOS="574"
                    VPOS="1423"
                    WIDTH="2091"
                    HEIGHT="161">
            <Shape><Polygon POINTS="577 1565 577 1584 2665 1506 2665 1479 2662 1437 2551 1423 2548 1423 2418 1445 2415 1445 2412 1445 2354 1431 2351 1431 2348 1431 2157 1456 2145 1456 2126 1456 1765 1456 1762 1456 1568 1481 1554 1481 1546 1481 1457 1470 1454 1470 1451 1470 1418 1487 1415 1490 1371 1490 824 1495 574 1520 577 1565"/></Shape>
	    <String CONTENT="tion et le litre de comte romain accordé à Langrand par die I4 &lt;.....&gt;"
                    HPOS="574"
                    VPOS="1423"
                    WIDTH="2091"
                    HEIGHT="161"
                    WC="0.9643397237573351"></String>
          </TextLine>
          <TextLine ID="eSc_line_d2abd4cc"
                    TAGREFS="LT31"
                    BASELINE="574 1637 1282 1595 2667 1554" 
                    HPOS="571"
                    VPOS="1504"
                    WIDTH="2096"
                    HEIGHT="161">
            <Shape><Polygon POINTS="574 1637 574 1665 977 1648 979 1648 1046 1631 1099 1642 1110 1645 1113 1645 1116 1645 1127 1642 1190 1626 1235 1637 1243 1640 1246 1640 1249 1640 1252 1640 1254 1640 1257 1637 1279 1620 1451 1617 1479 1628 1490 1631 1493 1631 1496 1631 1526 1626 1579 1615 1665 1620 1726 1623 1729 1623 1782 1615 1835 1606 1890 1609 1957 1615 1959 1615 2076 1603 2193 1590 2226 1595 2268 1603 2270 1603 2667 1576 2667 1554 2662 1512 2490 1504 2487 1504 2356 1523 2323 1526 2312 1523 2279 1512 2276 1512 2273 1512 2270 1512 2268 1512 2251 1526 2248 1529 2245 1526 2223 1515 2220 1515 2218 1515 2123 1531 2098 1534 2087 1531 2046 1520 2043 1520 2040 1520 1904 1540 1868 1542 1840 1542 1718 1531 1715 1531 1582 1551 1557 1554 1543 1551 1485 1540 1482 1540 1340 1559 1315 1562 1296 1562 1179 1551 1177 1551 1174 1551 1107 1567 1096 1570 1088 1570 1024 1556 1021 1556 946 1573 935 1576 918 1576 832 1567 830 1567 827 1567 785 1581 780 1581 777 1581 749 1567 746 1567 744 1567 571 1587 574 1637"/></Shape>
	    <String CONTENT="ui semblait le ploer sous la recommandation de la popauté. Il ve¬"
                    HPOS="571"
                    VPOS="1504"
                    WIDTH="2096"
                    HEIGHT="161"
                    WC="0.9965718095119183"></String>
          </TextLine>
          <TextLine ID="eSc_line_3148dacc"
                    TAGREFS="LT31"
                    BASELINE="577 1701 1746 1673 1747 1673 2209 1642 2665 1634" 
                    HPOS="574"
                    VPOS="1584"
                    WIDTH="2091"
                    HEIGHT="150">
            <Shape><Polygon POINTS="577 1723 646 1734 649 1734 652 1734 655 1734 669 1723 674 1717 846 1714 855 1717 891 1728 893 1728 896 1728 1110 1720 1113 1720 1116 1720 1132 1709 1146 1703 1407 1703 1704 1703 1704 1701 1787 1692 1884 1681 1918 1689 1940 1692 1943 1692 2034 1684 2284 1665 2662 1667 2665 1634 2656 1584 574 1648 577 1701"/></Shape>
	    <String CONTENT="nait d&#x27;&lt;.....&gt; en Autriche et en Hongrie des cnmsions de làgues de"
                    HPOS="574"
                    VPOS="1584"
                    WIDTH="2091"
                    HEIGHT="150"
                    WC="0.9675413315946405"></String>
          </TextLine>
          <TextLine ID="eSc_line_8f5c0be5"
                    TAGREFS="LT34"
                    BASELINE="857 1666 1065 1661" 
                    HPOS="857"
                    VPOS="1661"
                    WIDTH="208"
                    HEIGHT="5">
	    <String CONTENT=""
                    HPOS="857"
                    VPOS="1661"
                    WIDTH="208"
                    HEIGHT="5"></String>
          </TextLine>
          <TextLine ID="eSc_line_46dab7cd"
                    TAGREFS="LT31"
                    BASELINE="582 1784 1937 1731 2676 1714" 
                    HPOS="580"
                    VPOS="1670"
                    WIDTH="2096"
                    HEIGHT="142">
            <Shape><Polygon POINTS="582 1784 582 1812 1054 1803 1057 1803 1099 1792 1135 1784 1165 1789 1207 1798 1210 1798 1274 1787 1310 1778 1324 1784 1343 1792 1346 1792 1349 1792 1535 1776 1626 1767 1637 1770 1660 1781 1662 1781 1665 1781 1668 1781 1696 1770 1707 1764 1721 1767 1760 1778 1762 1778 1765 1778 1887 1762 1926 1756 1943 1759 1998 1770 2001 1770 2198 1748 2243 1745 2290 1745 2548 1751 2551 1751 2676 1728 2676 1714 2670 1673 2373 1670 2370 1670 2232 1687 2226 1687 2223 1687 2162 1676 2159 1676 2157 1676 2123 1689 2093 1678 2090 1678 2087 1678 2084 1678 2082 1678 2082 1681 2068 1692 2059 1692 1818 1689 1815 1689 1685 1706 1682 1706 1679 1706 1604 1692 1601 1692 1446 1714 1443 1714 1371 1701 1368 1701 1046 1728 657 1726 655 1726 652 1726 580 1745 582 1784"/></Shape>
	    <String CONTENT="chemin de fer, quand une accusation d&#x27;escioquerie lancie contre lui"
                    HPOS="580"
                    VPOS="1670"
                    WIDTH="2096"
                    HEIGHT="142"
                    WC="0.9684606906193406"></String>
          </TextLine>
          <TextLine ID="eSc_line_c41e8ba8"
                    TAGREFS="LT33"
                    BASELINE="2084 1776 2282 1767" 
                    HPOS="2084"
                    VPOS="1767"
                    WIDTH="198"
                    HEIGHT="9">
	    <String CONTENT=""
                    HPOS="2084"
                    VPOS="1767"
                    WIDTH="198"
                    HEIGHT="9"></String>
          </TextLine>
          <TextLine ID="eSc_line_318d28f1"
                    TAGREFS="LT31"
                    BASELINE="580 1856 2667 1792" 
                    HPOS="577"
                    VPOS="1745"
                    WIDTH="2090"
                    HEIGHT="147">
            <Shape><Polygon POINTS="580 1856 580 1892 849 1892 849 1889 905 1881 991 1870 1199 1875 1302 1875 1304 1875 1307 1875 1318 1870 1343 1859 1443 1867 1482 1870 1485 1870 1551 1864 1762 1845 1807 1859 1812 1859 1815 1859 1818 1859 1821 1859 1826 1856 1865 1842 1904 1856 1909 1856 1912 1856 1915 1856 1932 1853 2037 1837 2190 1848 2209 1848 2212 1848 2234 1845 2412 1825 2476 1839 2481 1839 2484 1839 2492 1839 2609 1820 2662 1834 2667 1792 2662 1759 2420 1751 2418 1751 2415 1751 2368 1764 2301 1745 2298 1745 2295 1745 2068 1753 2065 1753 2023 1776 1957 1759 1954 1759 1951 1759 1807 1781 1760 1762 1757 1762 1754 1762 1635 1787 1632 1787 1537 1773 1535 1773 1532 1773 1529 1773 1504 1789 1463 1776 1460 1776 1457 1776 1454 1776 1451 1776 1421 1795 1388 1795 1004 1806 1002 1806 971 1787 968 1787 966 1787 963 1787 960 1787 921 1809 918 1809 907 1809 805 1798 802 1798 577 1817 580 1856"/></Shape>
	    <String CONTENT="par un agent de change bruyellois d échaina une compague se presse."
                    HPOS="577"
                    VPOS="1745"
                    WIDTH="2090"
                    HEIGHT="147"
                    WC="0.9840543198941359"></String>
          </TextLine>
          <TextLine ID="eSc_line_27a9abfa"
                    TAGREFS="LT31"
                    BASELINE="577 1931 1299 1917 2662 1862" 
                    HPOS="574"
                    VPOS="1820"
                    WIDTH="2088"
                    HEIGHT="144">
            <Shape><Polygon POINTS="577 1931 577 1961 941 1964 943 1964 1018 1948 1038 1945 1054 1948 1110 1959 1113 1959 2659 1895 2662 1862 2653 1820 2329 1839 2248 1831 2204 1828 2201 1828 2198 1828 2195 1828 2190 1834 2170 1848 2023 1850 1962 1842 1943 1839 1940 1839 1918 1842 1854 1856 1823 1845 1812 1842 1810 1842 1807 1842 1754 1848 1635 1864 1529 1856 1485 1853 1482 1853 1479 1853 1476 1853 1471 1859 1449 1873 1171 1881 1118 1870 1102 1867 1099 1867 1063 1873 963 1889 574 1889 577 1931"/></Shape>
	    <String CONTENT="&lt;.........&gt; Les journaux libéraup priient d&#x27;autant plus vnolemment"
                    HPOS="574"
                    VPOS="1820"
                    WIDTH="2088"
                    HEIGHT="144"
                    WC="0.9406780176090471"></String>
          </TextLine>
          <TextLine ID="eSc_line_1b906af6"
                    TAGREFS="LT31"
                    BASELINE="569 2003 1774 1975 1774 1975 2648 1939" 
                    HPOS="566"
                    VPOS="1903"
                    WIDTH="2082"
                    HEIGHT="133">
            <Shape><Polygon POINTS="569 2036 2648 1970 2648 1939 2640 1903 566 1956 569 2003"/></Shape>
	    <String CONTENT="les&quot;Langrandister&quot; à partie qu&#x27;ils &lt;..... .........&gt; se recrutaient ex¬"
                    HPOS="566"
                    VPOS="1903"
                    WIDTH="2082"
                    HEIGHT="133"
                    WC="0.9718392102254761"></String>
          </TextLine>
          <TextLine ID="eSc_line_133452dd"
                    TAGREFS="LT31"
                    BASELINE="569 2072 2656 2011" 
                    HPOS="566"
                    VPOS="1978"
                    WIDTH="2090"
                    HEIGHT="128">
            <Shape><Polygon POINTS="569 2072 569 2106 2656 2042 2656 2011 2648 1978 566 2036 569 2072"/></Shape>
	    <String CONTENT="durivement parmi leurs adrersaires. L&#x27;acquitlement paulaperx de l&#x27;arcuse"
                    HPOS="566"
                    VPOS="1978"
                    WIDTH="2090"
                    HEIGHT="128"
                    WC="0.9947624512844615"></String>
          </TextLine>
          <TextLine ID="eSc_line_1cd5c633"
                    TAGREFS="LT31"
                    BASELINE="566 2142 2656 2075" 
                    HPOS="563"
                    VPOS="2034"
                    WIDTH="2093"
                    HEIGHT="138">
            <Shape><Polygon POINTS="566 2142 566 2172 1157 2164 1218 2156 1302 2145 1318 2153 1324 2158 1326 2158 1329 2158 1332 2158 1335 2158 1338 2158 1346 2153 1365 2142 1529 2147 1604 2150 1607 2150 1610 2150 1612 2150 1618 2145 1635 2136 1654 2145 1662 2147 1665 2147 1668 2147 1723 2142 1876 2128 1934 2136 1954 2139 1957 2139 1976 2136 2048 2120 2076 2133 2079 2133 2082 2133 2093 2133 2173 2120 2209 2131 2215 2131 2218 2131 2220 2131 2234 2128 2320 2111 2384 2125 2390 2125 2393 2125 2406 2125 2576 2103 2653 2117 2656 2075 2648 2034 563 2100 566 2142"/></Shape>
	    <String CONTENT="tenr par le jury &lt;......... ....... ....... .&gt;"
                    HPOS="563"
                    VPOS="2034"
                    WIDTH="2093"
                    HEIGHT="138"
                    WC="0.942279463228972"></String>
          </TextLine>
          <TextLine ID="eSc_line_4e0d3c28"
                    TAGREFS="LT31"
                    BASELINE="558 2214 1149 2203 2634 2145" 
                    HPOS="555"
                    VPOS="2097"
                    WIDTH="2079"
                    HEIGHT="159">
            <Shape><Polygon POINTS="558 2214 558 2244 707 2256 710 2256 930 2233 1240 2236 1243 2236 1335 2217 1340 2217 1346 2217 1468 2228 1471 2228 1562 2208 1565 2208 1568 2208 1618 2222 1621 2222 1624 2222 1626 2222 1629 2222 1654 2206 1657 2206 1762 2214 1765 2214 1768 2214 1771 2214 1793 2200 1829 2214 1832 2214 1835 2214 2023 2195 2154 2203 2157 2203 2159 2203 2234 2183 2237 2183 2301 2197 2304 2197 2306 2197 2384 2178 2387 2175 2631 2167 2634 2145 2626 2097 2143 2128 1951 2122 1918 2122 1915 2122 1901 2125 1837 2139 1798 2128 1796 2128 1793 2128 1790 2128 1776 2128 1687 2145 1643 2133 1637 2133 1635 2133 1632 2133 1615 2136 1532 2153 555 2175 558 2214"/></Shape>
	    <String CONTENT="&lt;...&gt; fut sabué par eux comme une vistoire. Ir le scandale s&#x27;accrut en¬"
                    HPOS="555"
                    VPOS="2097"
                    WIDTH="2079"
                    HEIGHT="159"
                    WC="0.9800695390768455"></String>
          </TextLine>
          <TextLine ID="eSc_line_43bb1b4a"
                    TAGREFS="LT31"
                    BASELINE="563 2297 1984 2247 1984 2247 2637 2211" 
                    HPOS="558"
                    VPOS="2172"
                    WIDTH="2079"
                    HEIGHT="147">
            <Shape><Polygon POINTS="563 2319 2634 2242 2637 2211 2631 2172 558 2253 563 2297"/></Shape>
	    <String CONTENT="core de ladeporot la distitution par le Minintre de la justiee du proesernes"
                    HPOS="558"
                    VPOS="2172"
                    WIDTH="2079"
                    HEIGHT="147"
                    WC="0.9854474208856884"></String>
          </TextLine>
          <TextLine ID="eSc_line_d3f908bc"
                    TAGREFS="LT31"
                    BASELINE="574 2375 2182 2306 2662 2294" 
                    HPOS="571"
                    VPOS="2242"
                    WIDTH="2091"
                    HEIGHT="169">
            <Shape><Polygon POINTS="574 2375 574 2411 2662 2317 2662 2294 2656 2253 2579 2242 2576 2242 2573 2242 2515 2258 2506 2258 2473 2258 2251 2256 2248 2256 2245 2256 2243 2256 2220 2269 2218 2269 2193 2269 1909 2269 1907 2269 571 2336 574 2375"/></Shape>
	    <String CONTENT="ginéral, snspeché par lui d&#x27;avoir mené les débats judiciaires avec partia¬"
                    HPOS="571"
                    VPOS="2242"
                    WIDTH="2091"
                    HEIGHT="169"
                    WC="0.9856451886731226"></String>
          </TextLine>
          <TextLine ID="eSc_line_4d993103"
                    TAGREFS="LT33"
                    BASELINE="1962 2364 2269 2346" 
                    HPOS="1962"
                    VPOS="2346"
                    WIDTH="307"
                    HEIGHT="18">
	    <String CONTENT=""
                    HPOS="1962"
                    VPOS="2346"
                    WIDTH="307"
                    HEIGHT="18"></String>
          </TextLine>
          <TextLine ID="eSc_line_b3124e0e"
                    TAGREFS="LT31"
                    BASELINE="566 2442 2642 2372" 
                    HPOS="563"
                    VPOS="2311"
                    WIDTH="2079"
                    HEIGHT="158">
            <Shape><Polygon POINTS="566 2442 566 2469 2640 2403 2642 2372 2631 2317 2598 2325 2584 2317 2576 2311 2573 2311 2570 2311 2567 2311 2565 2311 2562 2311 2554 2319 2529 2339 2470 2342 2315 2331 2223 2322 2220 2322 1943 2333 1940 2333 1909 2347 1876 2361 1773 2353 1735 2350 1732 2350 1729 2350 1718 2355 1704 2364 1693 2355 1685 2350 1682 2350 1679 2350 1676 2350 1674 2350 1657 2358 1629 2369 1599 2361 1568 2350 1565 2350 1562 2350 1560 2350 1507 2364 1474 2372 1457 2367 1429 2353 1426 2353 1424 2353 1421 2353 1418 2353 1399 2369 1388 2378 1357 2369 1313 2358 1310 2358 1307 2358 1304 2358 1252 2375 1221 2386 1074 2386 1066 2383 1046 2369 1043 2369 1041 2369 1038 2369 1035 2369 991 2386 971 2392 946 2389 899 2380 896 2380 785 2394 760 2397 752 2397 699 2383 696 2383 694 2383 563 2403 566 2442"/></Shape>
	    <String CONTENT="lité. Le tout finit par la déconfiture retentissante ) du Fof avenduseux bas¬"
                    HPOS="563"
                    VPOS="2311"
                    WIDTH="2079"
                    HEIGHT="158"
                    WC="0.9648536000496302"></String>
          </TextLine>
          <TextLine ID="eSc_line_bb0c591b"
                    TAGREFS="LT31"
                    BASELINE="560 2511 1901 2461 2628 2444" 
                    HPOS="558"
                    VPOS="2389"
                    WIDTH="2070"
                    HEIGHT="150">
            <Shape><Polygon POINTS="560 2511 560 2539 2628 2475 2628 2444 2620 2389 2501 2405 2301 2400 2262 2400 2259 2400 2256 2400 2254 2400 2251 2403 2232 2414 1962 2414 1854 2414 1851 2414 1848 2414 1846 2414 1840 2417 1823 2428 1790 2419 1771 2417 1768 2417 558 2466 560 2511"/></Shape>
	    <String CONTENT="seur d&#x27;affaires, victime de &lt;.. .......... .... ...&gt; la hardiesse de"
                    HPOS="558"
                    VPOS="2389"
                    WIDTH="2070"
                    HEIGHT="150"
                    WC="0.9532574388910743"></String>
          </TextLine>
          <TextLine ID="eSc_line_489e5505"
                    TAGREFS="LT31"
                    BASELINE="555 2583 1085 2575 1085 2575 2659 2516" 
                    HPOS="552"
                    VPOS="2469"
                    WIDTH="2107"
                    HEIGHT="145">
            <Shape><Polygon POINTS="555 2614 1335 2597 1368 2591 1435 2577 1474 2589 1485 2591 1488 2591 1490 2591 1526 2586 1607 2575 1723 2580 1776 2583 1779 2583 1782 2583 1785 2583 1787 2580 1804 2566 1998 2572 2004 2572 2007 2572 2012 2572 2223 2553 2362 2564 2393 2564 2395 2564 2412 2561 2487 2544 2656 2553 2659 2516 2651 2469 2112 2497 2101 2489 2095 2483 2093 2483 2090 2483 2087 2483 1973 2486 1971 2486 1968 2486 1957 2494 1943 2503 1901 2497 1860 2489 1857 2489 1810 2500 1771 2508 1757 2500 1743 2494 1740 2494 1737 2494 1676 2503 1632 2511 1604 2505 1557 2500 1554 2500 1551 2500 1524 2511 1504 2516 1476 2511 1429 2503 1426 2503 1424 2503 1401 2514 1390 2519 1374 2516 1343 2508 1340 2508 1338 2508 1277 2519 1240 2525 1210 2522 1146 2514 1143 2514 1091 2525 1066 2530 966 2530 666 2528 663 2528 552 2544 555 2583"/></Shape>
	    <String CONTENT="combinaisons en avane sur les possitelités du crédit à cette époque. Il souur"
                    HPOS="552"
                    VPOS="2469"
                    WIDTH="2107"
                    HEIGHT="145"
                    WC="0.98313030676964"></String>
          </TextLine>
          <TextLine ID="eSc_line_eff1b92c"
                    TAGREFS="LT31"
                    BASELINE="549 2650 2623 2594" 
                    HPOS="546"
                    VPOS="2539"
                    WIDTH="2077"
                    HEIGHT="149">
            <Shape><Polygon POINTS="549 2650 549 2675 846 2688 849 2688 852 2688 891 2666 896 2664 974 2664 985 2664 1066 2683 1068 2683 1376 2675 1379 2675 1407 2661 1438 2672 1440 2672 1443 2672 1446 2672 1496 2655 1560 2669 1562 2669 1565 2669 1568 2669 1593 2650 1596 2650 1685 2666 1687 2666 1690 2666 1740 2647 1746 2641 2101 2633 2162 2636 2412 2647 2415 2647 2623 2622 2623 2594 2615 2539 2506 2558 2454 2544 2451 2544 2448 2544 2445 2544 2401 2561 2243 2553 2240 2553 2237 2553 2195 2566 2095 2553 2093 2553 2090 2553 1882 2575 1499 2569 1496 2569 1363 2589 1290 2575 1288 2575 1285 2575 1282 2575 1257 2591 1057 2583 1054 2583 952 2600 752 2589 749 2589 746 2589 638 2608 546 2594 549 2650"/></Shape>
	    <String CONTENT="ble bien que les persouvages politiques qu&#x27;il avait éblonis &lt;.. .. .....&gt;"
                    HPOS="546"
                    VPOS="2539"
                    WIDTH="2077"
                    HEIGHT="149"
                    WC="0.9344335582158337"></String>
          </TextLine>
          <TextLine ID="eSc_line_ea60ba90"
                    TAGREFS="LT31"
                    BASELINE="552 2727 2615 2669" 
                    HPOS="549"
                    VPOS="2630"
                    WIDTH="2066"
                    HEIGHT="136">
            <Shape><Polygon POINTS="552 2727 552 2766 2615 2705 2615 2669 2606 2630 549 2680 552 2727"/></Shape>
	    <String CONTENT="&lt;.... . .. .. ..........&gt; ne joué¬"
                    HPOS="549"
                    VPOS="2630"
                    WIDTH="2066"
                    HEIGHT="136"
                    WC="0.8813296836965224"></String>
          </TextLine>
          <TextLine ID="eSc_line_3469f476"
                    TAGREFS="LT31"
                    BASELINE="549 2797 2137 2750 2595 2744" 
                    HPOS="546"
                    VPOS="2705"
                    WIDTH="2049"
                    HEIGHT="122">
            <Shape><Polygon POINTS="549 2797 549 2827 938 2805 1079 2816 1113 2816 1116 2816 1118 2816 1127 2813 1163 2799 1363 2808 1396 2808 1399 2808 1401 2808 1407 2805 1440 2791 1504 2805 1515 2805 1518 2805 1521 2805 1529 2802 1576 2788 1959 2791 2004 2791 2007 2791 2026 2791 2215 2769 2262 2783 2265 2783 2268 2783 2345 2769 2495 2777 2501 2777 2504 2777 2506 2777 2534 2763 2592 2775 2595 2744 2590 2705 2015 2705 2012 2705 1873 2722 1718 2713 1715 2713 1532 2733 1518 2733 1510 2733 1432 2722 1429 2722 1426 2722 1424 2722 1410 2736 1407 2736 1404 2736 1326 2725 1324 2725 1232 2741 1221 2741 1179 2741 835 2738 832 2738 830 2738 802 2752 799 2752 760 2741 757 2741 755 2741 546 2758 549 2797"/></Shape>
	    <String CONTENT="rent en tout cela que le rôle d&#x27;impendentes vichimes séduites par la pers"
                    HPOS="546"
                    VPOS="2705"
                    WIDTH="2049"
                    HEIGHT="122"
                    WC="0.9900328876221016"></String>
          </TextLine>
          <TextLine ID="eSc_line_2c773f76"
                    TAGREFS="LT31"
                    BASELINE="552 2869 2617 2813" 
                    HPOS="549"
                    VPOS="2766"
                    WIDTH="2068"
                    HEIGHT="131">
            <Shape><Polygon POINTS="552 2869 552 2897 2615 2838 2617 2813 2609 2766 2090 2788 2051 2783 1996 2775 1993 2775 1909 2788 1865 2794 1840 2788 1790 2780 1787 2780 1476 2802 1374 2808 1338 2805 1218 2797 1215 2797 1213 2797 1174 2811 1165 2813 1157 2811 1107 2799 1104 2799 1102 2799 974 2819 960 2819 949 2819 877 2808 874 2808 871 2808 868 2808 855 2822 852 2822 841 2822 655 2811 652 2811 549 2830 552 2869"/></Shape>
	    <String CONTENT="pective de s&#x27;enrichir rapèdement au profit de l&#x27;Eglise, &lt;.... ...........&gt;"
                    HPOS="549"
                    VPOS="2766"
                    WIDTH="2068"
                    HEIGHT="131"
                    WC="0.9417629354708904"></String>
          </TextLine>
          <TextLine ID="eSc_line_80856e28"
                    TAGREFS="LT31"
                    BASELINE="558 2935 2587 2877" 
                    HPOS="555"
                    VPOS="2836"
                    WIDTH="2032"
                    HEIGHT="133">
            <Shape><Polygon POINTS="558 2935 558 2958 746 2969 749 2969 899 2952 943 2947 968 2949 1035 2960 1038 2960 1113 2947 1143 2941 1202 2944 1326 2952 1329 2952 1496 2947 1499 2947 1501 2947 1515 2935 1524 2930 1562 2935 1615 2944 1618 2944 1674 2933 1718 2924 1804 2930 1890 2935 1893 2935 1896 2935 1898 2935 1909 2927 1923 2919 2009 2924 2076 2930 2079 2930 2082 2930 2104 2924 2134 2913 2162 2922 2182 2927 2184 2927 2187 2927 2237 2919 2304 2910 2584 2910 2587 2877 2579 2836 1851 2847 1848 2847 1815 2858 1807 2861 1790 2858 1715 2849 1712 2849 1568 2866 1560 2866 1557 2866 1526 2855 1524 2855 1521 2855 1518 2855 1515 2855 1496 2869 1493 2869 1479 2869 1360 2861 1357 2861 1354 2861 1315 2874 1310 2874 1285 2874 1043 2869 1041 2869 932 2886 927 2886 921 2886 749 2877 746 2877 555 2897 558 2935"/></Shape>
	    <String CONTENT="&lt;......... .... ....... .. ...., et l&#x27;on ne voit pas que leur parté, si"
                    HPOS="555"
                    VPOS="2836"
                    WIDTH="2032"
                    HEIGHT="133"
                    WC="0.9106342280414742"></String>
          </TextLine>
          <TextLine ID="eSc_line_c829df5d"
                    TAGREFS="LT31"
                    BASELINE="555 3005 2595 2941" 
                    HPOS="552"
                    VPOS="2894"
                    WIDTH="2043"
                    HEIGHT="139">
            <Shape><Polygon POINTS="555 3005 555 3024 996 3033 999 3033 1163 3013 1168 3013 1179 3013 1504 3016 1507 3016 1568 3002 1615 2994 1635 3002 1649 3008 1651 3008 1654 3008 1768 2999 1973 2983 2026 2994 2059 2999 2062 2999 2120 2991 2240 2974 2440 2985 2484 2985 2487 2985 2490 2985 2492 2985 2495 2983 2517 2966 2592 2980 2595 2941 2587 2894 552 2960 555 3005"/></Shape>
	    <String CONTENT="cruellement frappé par les mines &lt;conséentives à la faillite de Langrad"
                    HPOS="552"
                    VPOS="2894"
                    WIDTH="2043"
                    HEIGHT="139"
                    WC="0.9764331173565652"></String>
          </TextLine>
          <TextLine ID="eSc_line_8860d899"
                    TAGREFS="LT31"
                    BASELINE="549 3069 1407 3055 1407 3055 2601 3019" 
                    HPOS="546"
                    VPOS="2983"
                    WIDTH="2055"
                    HEIGHT="116">
            <Shape><Polygon POINTS="549 3099 2601 3055 2601 3019 2592 2983 546 3019 549 3069"/></Shape>
	    <String CONTENT="leur ait &lt;..... ...&gt; reproché une catastrophe dans laquelle ils fre¬"
                    HPOS="546"
                    VPOS="2983"
                    WIDTH="2055"
                    HEIGHT="116"
                    WC="0.9603528766071096"></String>
          </TextLine>
          <TextLine ID="eSc_line_baf9c9ab"
                    TAGREFS="LT31"
                    BASELINE="546 3138 2628 3091" 
                    HPOS="544"
                    VPOS="3049"
                    WIDTH="2084"
                    HEIGHT="128">
            <Shape><Polygon POINTS="546 3138 546 3177 2626 3130 2628 3091 2620 3049 544 3099 546 3138"/></Shape>
	    <String CONTENT="rent entrainés eux-mêmes. En touscas, l&#x27;achamement des libéraux à"
                    HPOS="544"
                    VPOS="3049"
                    WIDTH="2084"
                    HEIGHT="128"
                    WC="0.9867612114319435"></String>
          </TextLine>
          <TextLine ID="eSc_line_565db90e"
                    TAGREFS="LT31"
                    BASELINE="549 3221 2565 3177" 
                    HPOS="546"
                    VPOS="3127"
                    WIDTH="2019"
                    HEIGHT="128">
            <Shape><Polygon POINTS="549 3221 549 3255 2565 3213 2565 3177 2556 3127 2326 3141 2284 3132 2248 3127 2245 3127 2243 3127 2209 3135 2165 3146 2123 3138 2076 3130 2073 3130 2070 3130 2068 3130 2057 3141 2043 3149 1996 3141 1962 3138 1959 3138 1957 3138 1946 3144 1926 3155 1676 3157 1565 3155 1343 3146 1340 3146 1338 3146 1335 3146 1318 3160 1318 3163 1315 3160 1282 3149 1279 3149 1277 3149 1274 3149 1238 3163 1229 3166 1207 3166 1121 3157 1118 3157 1063 3169 1046 3171 996 3171 682 3160 680 3160 546 3182 549 3221"/></Shape>
	    <String CONTENT="exploiter cette aventure politieo- financière n&#x27;empecha pas leur défaite"
                    HPOS="546"
                    VPOS="3127"
                    WIDTH="2019"
                    HEIGHT="128"
                    WC="0.9889294827977816"></String>
          </TextLine>
          <TextLine ID="eSc_line_9bdc8965"
                    TAGREFS="LT31"
                    BASELINE="552 3288 2041 3281 2041 3281 2612 3266" 
                    HPOS="549"
                    VPOS="3219"
                    WIDTH="2063"
                    HEIGHT="99">
            <Shape><Polygon POINTS="552 3318 2095 3318 2095 3316 2170 3299 2176 3299 2179 3299 2212 3313 2215 3313 2218 3313 2220 3313 2223 3313 2240 3299 2243 3299 2256 3299 2531 3310 2534 3310 2609 3293 2612 3266 2606 3232 2354 3219 2351 3219 2348 3219 2320 3232 2226 3221 2223 3221 2101 3235 2093 3235 2082 3235 1993 3224 1990 3224 1854 3238 1832 3238 1804 3238 1621 3227 1618 3227 1537 3241 1524 3241 1512 3241 1446 3230 1443 3230 1346 3241 1318 3243 1279 3241 1138 3232 1135 3232 1077 3243 1057 3249 549 3249 552 3288"/></Shape>
	    <String CONTENT="aux elections du mois de juin 1870. A leur propayande, les catloliques"
                    HPOS="549"
                    VPOS="3219"
                    WIDTH="2063"
                    HEIGHT="99"
                    WC="0.9906913604055132"></String>
          </TextLine>
        </TextBlock>
        <TextBlock HPOS="201"
                   VPOS="28"
                   WIDTH="266"
                   HEIGHT="174"
                   ID="eSc_textblock_5554a636"
                   TAGREFS="BT44">
          <Shape><Polygon POINTS="201 28 201 202 467 202 467 28"/></Shape>
        </TextBlock>
        <TextBlock ID="eSc_dummyblock_">
          <TextLine ID="eSc_line_aff34572"
                    TAGREFS="LT31"
                    BASELINE="252 108 360 97" 
                    HPOS="247"
                    VPOS="55"
                    WIDTH="119"
                    HEIGHT="125">
            <Shape><Polygon POINTS="330 61 302 58 274 55 247 55 252 108 258 180 366 174 360 97 352 61 330 61"/></Shape>
	    <String CONTENT="76"
                    HPOS="247"
                    VPOS="55"
                    WIDTH="119"
                    HEIGHT="125"
                    WC="0.9995525181293488"></String>
          </TextLine>
        </TextBlock>
      </PrintSpace>
    </Page>
  </Layout>
</alto>
