<?xml version="1.0" encoding="UTF-8"?>
<alto xmlns:xsi="http://www.w3.org/2001/XMLSchema-instance"
      xmlns="http://www.loc.gov/standards/alto/ns-v4#"
      xsi:schemaLocation="http://www.loc.gov/standards/alto/ns-v4# http://www.loc.gov/standards/alto/v4/alto-4-2.xsd">
  <Description>
    <MeasurementUnit>pixel</MeasurementUnit>
    <sourceImageInformation>
      <fileName>ARCH-DIV-000496_0048.png</fileName>
    </sourceImageInformation>
  </Description>
  <Tags>
    <OtherTag ID="BT42" LABEL="MainZone" DESCRIPTION="block type MainZone"/><OtherTag ID="BT43" LABEL="MarginTextZone" DESCRIPTION="block type MarginTextZone"/><OtherTag ID="BT44" LABEL="NumberingZone" DESCRIPTION="block type NumberingZone"/><OtherTag ID="BT45" LABEL="TitlePageZone" DESCRIPTION="block type TitlePageZone"/><OtherTag ID="BT46" LABEL="CustomZone:Numbering" DESCRIPTION="block type CustomZone:Numbering"/><OtherTag ID="BT49" LABEL="MarginTextZone:lower" DESCRIPTION="block type MarginTextZone:lower"/>
    <OtherTag ID="LT25" LABEL="default" DESCRIPTION="line type default"/><OtherTag ID="LT31" LABEL="DefaultLine" DESCRIPTION="line type DefaultLine"/><OtherTag ID="LT32" LABEL="HeadingLine" DESCRIPTION="line type HeadingLine"/><OtherTag ID="LT33" LABEL="InterlinearLine:addition" DESCRIPTION="line type InterlinearLine:addition"/><OtherTag ID="LT34" LABEL="InterlinearLine:correction" DESCRIPTION="line type InterlinearLine:correction"/>
  </Tags>
  <Layout>
    <Page WIDTH="2790"
          HEIGHT="3388"
          PHYSICAL_IMG_NR="47"
          ID="eSc_dummypage_">
      <PrintSpace HPOS="0"
                  VPOS="0"
                  WIDTH="2790"
                  HEIGHT="3388">
        <TextBlock HPOS="516"
                   VPOS="8"
                   WIDTH="2226"
                   HEIGHT="3335"
                   ID="7d4705e5-3c66-4a32-b6e4-903cd3b123be"
                   TAGREFS="BT42">
          <Shape><Polygon POINTS="2742 8 2742 3343 516 3343 516 8"/></Shape>
          <TextLine ID="eSc_line_7613bf85"
                    TAGREFS="LT31"
                    BASELINE="607 98 1383 81 2693 76" 
                    HPOS="607"
                    VPOS="33"
                    WIDTH="2086"
                    HEIGHT="91">
            <Shape><Polygon POINTS="2298 33 2270 33 2242 33 2213 33 2185 33 2157 33 2129 33 2100 33 2072 33 2044 33 2016 33 1988 33 1959 33 1931 33 1903 33 1875 33 1846 33 1818 33 1790 33 1762 33 1733 33 1705 33 1677 33 1649 33 1620 33 1592 33 1564 33 1536 33 1524 33 1479 42 1217 36 1197 39 1169 39 1140 42 1112 45 1084 45 1056 47 1027 47 999 50 971 53 943 53 914 56 886 59 858 59 830 62 801 64 773 64 745 67 717 67 689 70 660 73 649 73 607 98 607 112 1239 124 1242 124 1245 124 1290 112 1318 107 1482 112 1637 118 1640 118 1764 112 1982 101 2047 112 2072 115 2075 115 2123 112 2270 98 2688 110 2693 76 2688 36 2309 33 2298 33"/></Shape>
	    <String CONTENT="Catholique, on &lt;sapprèie mieux le méracle de tact et d&#x27;habilité &lt;..&gt;"
                    HPOS="607"
                    VPOS="33"
                    WIDTH="2086"
                    HEIGHT="91"
                    WC="0.9785172036465477"></String>
          </TextLine>
          <TextLine ID="eSc_line_b7218eef"
                    TAGREFS="LT31"
                    BASELINE="607 177 1129 155 2696 143" 
                    HPOS="604"
                    VPOS="98"
                    WIDTH="2092"
                    HEIGHT="110">
            <Shape><Polygon POINTS="607 177 609 208 689 186 957 183 985 203 988 203 991 203 994 203 996 203 999 203 1025 180 1126 180 1256 194 1259 194 1262 194 1265 194 1287 180 1507 180 1536 197 1536 200 1539 200 1541 200 1544 200 1581 197 1824 175 1906 194 1914 194 1917 194 1925 194 2004 175 2095 191 2117 194 2120 194 2405 191 2408 191 2422 189 2476 169 2527 186 2535 189 2538 189 2541 189 2544 189 2555 186 2617 169 2691 183 2696 143 2688 104 2151 112 2129 110 2055 98 2052 98 1917 112 1886 115 1858 115 1702 101 1699 101 1564 118 1553 118 1541 118 1434 104 1431 104 1256 121 1253 121 1129 107 1126 107 1123 107 1081 124 1075 124 883 110 881 110 878 110 821 127 714 115 711 115 604 129 607 177"/></Shape>
	    <String CONTENT="qu&#x27;il amit à réaliser pour trans former sa royauté Muzmin ele en roy¬"
                    HPOS="604"
                    VPOS="98"
                    WIDTH="2092"
                    HEIGHT="110"
                    WC="0.9754977515765599"></String>
          </TextLine>
          <TextLine ID="eSc_line_a8e542b9"
                    TAGREFS="LT34"
                    BASELINE="740 133 841 131" 
                    HPOS="740"
                    VPOS="131"
                    WIDTH="101"
                    HEIGHT="2">
	    <String CONTENT=""
                    HPOS="740"
                    VPOS="131"
                    WIDTH="101"
                    HEIGHT="2"></String>
          </TextLine>
          <TextLine ID="eSc_line_adea2b00"
                    TAGREFS="LT34"
                    BASELINE="2122 182 2365 180" 
                    HPOS="2122"
                    VPOS="180"
                    WIDTH="243"
                    HEIGHT="2">
	    <String CONTENT=""
                    HPOS="2122"
                    VPOS="180"
                    WIDTH="243"
                    HEIGHT="2"></String>
          </TextLine>
          <TextLine ID="eSc_line_6f415e22"
                    TAGREFS="LT31"
                    BASELINE="601 245 1177 225 2708 217" 
                    HPOS="598"
                    VPOS="172"
                    WIDTH="2110"
                    HEIGHT="93">
            <Shape><Polygon POINTS="601 245 601 265 2705 242 2708 217 2702 172 1677 172 1674 172 1671 172 1635 186 1632 186 1629 186 1601 172 1598 172 1595 172 1592 172 1539 186 1524 189 1474 186 1250 175 1248 175 1245 175 1202 191 1197 191 1169 191 948 177 946 177 943 177 906 194 903 194 895 194 731 180 728 180 598 197 601 245"/></Shape>
	    <String CONTENT="aulé effectivé. &lt;..&gt; La moindre hâte, ent tout &lt;....&gt; Parmices Bel¬"
                    HPOS="598"
                    VPOS="172"
                    WIDTH="2110"
                    HEIGHT="93"
                    WC="0.9491117018372265"></String>
          </TextLine>
          <TextLine ID="eSc_line_c921364b"
                    TAGREFS="LT31"
                    BASELINE="612 321 1109 302 2710 285" 
                    HPOS="609"
                    VPOS="231"
                    WIDTH="2101"
                    HEIGHT="121">
            <Shape><Polygon POINTS="612 321 612 352 866 335 957 347 960 347 962 347 1044 327 1166 338 1169 338 1287 324 1310 338 1313 338 1315 338 1318 338 1397 324 1527 335 1530 335 1533 335 1564 321 1618 338 1623 338 1626 338 1629 338 1657 338 1897 316 2041 327 2044 327 2123 313 2154 330 2157 330 2160 330 2163 330 2165 330 2168 330 2199 316 2292 327 2326 330 2329 330 2352 327 2414 310 2473 324 2487 327 2490 327 2493 327 2710 319 2710 285 2702 231 2437 234 2417 237 2321 254 2208 242 2160 237 2157 237 2154 237 2140 242 2106 259 1793 259 1745 251 1685 242 1683 242 1572 256 1536 259 1522 256 1491 248 1488 248 1485 248 1482 248 1479 248 1465 259 1457 262 1420 259 1304 248 1301 248 1298 248 1262 262 1248 268 1236 262 1211 254 1208 254 1205 254 1202 254 1180 265 1171 268 1067 268 722 262 720 262 609 276 612 321"/></Shape>
	    <String CONTENT="ges, &lt;....&gt; qui avaient abominé le gouvernement personnal de Gil¬"
                    HPOS="609"
                    VPOS="231"
                    WIDTH="2101"
                    HEIGHT="121"
                    WC="0.9687235419566814"></String>
          </TextLine>
          <TextLine ID="eSc_line_d991510e"
                    TAGREFS="LT31"
                    BASELINE="598 386 2679 341" 
                    HPOS="595"
                    VPOS="290"
                    WIDTH="2084"
                    HEIGHT="119">
            <Shape><Polygon POINTS="2414 290 2411 290 2064 316 2061 316 2044 302 2041 302 2038 302 1894 302 1892 302 1889 302 1886 302 1858 321 1832 310 1829 310 1827 310 1615 327 1592 327 1570 313 1567 313 1564 313 1561 313 1558 313 1507 327 1488 313 1485 313 1482 313 1479 313 1395 330 1324 316 1321 316 1318 316 1245 335 1236 335 1225 335 1112 319 1109 319 960 324 957 324 954 324 937 338 855 324 852 324 849 324 847 324 818 344 816 344 807 344 646 330 643 330 641 330 595 344 598 386 598 409 2677 369 2679 341 2674 304 2552 293 2549 293 2473 307 2470 307 2468 307 2417 290 2414 290"/></Shape>
	    <String CONTENT="laume I e1&lt;............. ... ...&gt; le seul moyen de faire occepter"
                    HPOS="595"
                    VPOS="290"
                    WIDTH="2084"
                    HEIGHT="119"
                    WC="0.9398195358423086"></String>
          </TextLine>
          <TextLine ID="eSc_line_5f02b186"
                    TAGREFS="LT31"
                    BASELINE="604 454 2693 400" 
                    HPOS="601"
                    VPOS="358"
                    WIDTH="2092"
                    HEIGHT="124">
            <Shape><Polygon POINTS="604 454 604 482 2693 437 2693 400 2685 358 601 406 604 454"/></Shape>
	    <String CONTENT="l&#x27;autorité était &lt;.....&gt; de l&#x27;insémer peu à peu dans un régime"
                    HPOS="601"
                    VPOS="358"
                    WIDTH="2092"
                    HEIGHT="124"
                    WC="0.9867699335491846"></String>
          </TextLine>
          <TextLine ID="eSc_line_117ad4e3"
                    TAGREFS="LT31"
                    BASELINE="609 525 2699 479" 
                    HPOS="607"
                    VPOS="426"
                    WIDTH="2092"
                    HEIGHT="135">
            <Shape><Polygon POINTS="609 525 612 561 660 544 1169 544 1389 544 1392 544 1491 536 1572 527 1595 533 1623 539 1626 539 1629 539 1632 539 1635 539 1646 530 1660 522 1767 527 1911 533 1914 533 2103 516 2177 511 2196 513 2250 525 2253 525 2372 511 2422 522 2425 522 2428 522 2431 522 2434 522 2434 519 2448 505 2451 505 2470 505 2674 516 2677 516 2679 516 2682 516 2699 499 2699 479 2691 437 2558 443 2549 437 2533 426 2530 426 2527 426 2524 426 2521 426 2479 440 2470 443 2468 440 2448 426 2445 426 2442 426 2439 426 2437 426 2434 426 2411 440 2403 446 2377 443 2321 431 2318 431 2315 431 2312 431 2312 434 2301 443 2295 451 2171 451 2132 446 2047 434 2044 434 2041 434 2004 448 1990 454 1971 448 1920 437 1917 437 1914 437 1911 437 1908 437 1892 451 1883 457 1860 451 1812 440 1810 440 1807 440 1804 440 1756 454 1731 460 1705 454 1651 443 1649 443 1570 457 1522 465 1482 460 1437 451 1434 451 1431 451 1409 460 1386 468 1338 463 1301 457 1298 457 1253 463 1197 471 1180 465 1154 454 1152 454 1149 454 1146 454 1112 465 1087 474 1053 468 1002 457 999 457 886 471 799 479 607 477 609 525"/></Shape>
	    <String CONTENT="qui avait cherelie à l&#x27;exclure. Pour cela, il fallait ocepter loyalement"
                    HPOS="607"
                    VPOS="426"
                    WIDTH="2092"
                    HEIGHT="135"
                    WC="0.9904535698564085"></String>
          </TextLine>
          <TextLine ID="eSc_line_fa910993"
                    TAGREFS="LT33"
                    BASELINE="2461 521 2514 519" 
                    HPOS="2461"
                    VPOS="519"
                    WIDTH="53"
                    HEIGHT="2">
	    <String CONTENT=""
                    HPOS="2461"
                    VPOS="519"
                    WIDTH="53"
                    HEIGHT="2"></String>
          </TextLine>
          <TextLine ID="eSc_line_897b3ac8"
                    TAGREFS="LT31"
                    BASELINE="598 592 1795 564 2682 556" 
                    HPOS="595"
                    VPOS="502"
                    WIDTH="2087"
                    HEIGHT="113">
            <Shape><Polygon POINTS="598 592 598 615 2682 587 2682 556 2679 516 2637 502 2634 502 2631 502 2558 516 2555 516 2549 516 2411 505 2408 505 2278 519 2253 525 595 539 598 592"/></Shape>
	    <String CONTENT="ce régiie &lt;.......... ... ..&gt;, sans ruser avec lui, Dans en"
                    HPOS="595"
                    VPOS="502"
                    WIDTH="2087"
                    HEIGHT="113"
                    WC="0.936265379695569"></String>
          </TextLine>
          <TextLine ID="eSc_line_ec759033"
                    TAGREFS="LT31"
                    BASELINE="590 657 2667 638" 
                    HPOS="587"
                    VPOS="590"
                    WIDTH="2078"
                    HEIGHT="104">
            <Shape><Polygon POINTS="590 674 689 694 691 694 821 674 875 688 878 688 881 688 1016 671 1044 688 1047 688 1050 688 1053 688 1154 669 1157 669 1273 686 1276 686 1352 671 1527 683 1530 683 1714 660 1725 660 1733 660 1877 677 1880 677 1990 657 1993 657 2092 674 2095 674 2098 674 2100 674 2100 671 2115 660 2470 669 2473 669 2476 669 2479 669 2479 666 2493 652 2665 646 2665 626 2657 590 587 615 590 657"/></Shape>
	    <String CONTENT="violer les principes, l&#x27;assouplir par l&#x27;usage et la pratigne. Les insti¬"
                    HPOS="587"
                    VPOS="590"
                    WIDTH="2078"
                    HEIGHT="104"
                    WC="0.9953224336107572"></String>
          </TextLine>
          <TextLine ID="eSc_line_8d1fb2ec"
                    TAGREFS="LT31"
                    BASELINE="590 734 2221 717 2221 717 2657 700" 
                    HPOS="587"
                    VPOS="655"
                    WIDTH="2070"
                    HEIGHT="115">
            <Shape><Polygon POINTS="595 770 621 751 759 751 906 765 926 765 929 765 931 765 934 765 971 745 1104 745 1231 759 1250 759 1253 759 1256 759 1262 756 1301 742 1420 753 1445 756 1448 756 1474 753 1578 739 1660 751 1671 751 1674 751 1677 751 1680 751 1702 736 1767 748 1784 751 1787 751 1790 751 1793 751 1795 748 1812 736 1903 745 1931 748 1934 748 1937 748 1942 745 1976 731 2024 745 2033 745 2036 745 2038 745 2465 739 2468 739 2482 736 2524 722 2544 734 2547 736 2549 736 2552 736 2555 736 2654 731 2657 700 2648 655 587 680 590 734"/></Shape>
	    <String CONTENT="tutions se réalisent par leur fonctionnement, et ce fut lrdope l&#x27;art"
                    HPOS="587"
                    VPOS="655"
                    WIDTH="2070"
                    HEIGHT="115"
                    WC="0.9908405928050771"></String>
          </TextLine>
          <TextLine ID="eSc_line_d9fab963"
                    TAGREFS="LT31"
                    BASELINE="584 804 2677 773" 
                    HPOS="581"
                    VPOS="728"
                    WIDTH="2096"
                    HEIGHT="99">
            <Shape><Polygon POINTS="584 804 584 827 2645 810 2648 810 2677 793 2677 773 2668 728 581 748 584 804"/></Shape>
	    <String CONTENT="suprême de Lropold que de l&#x27;avoir compris. une constitution ne peut"
                    HPOS="581"
                    VPOS="728"
                    WIDTH="2096"
                    HEIGHT="99"
                    WC="0.9871436873478676"></String>
          </TextLine>
          <TextLine ID="eSc_line_d1277c5d"
                    TAGREFS="LT31"
                    BASELINE="590 878 2705 841" 
                    HPOS="587"
                    VPOS="793"
                    WIDTH="2118"
                    HEIGHT="107">
            <Shape><Polygon POINTS="590 878 590 900 2216 886 2273 883 2538 866 2699 878 2705 841 2696 793 1519 821 1496 821 1403 810 1400 810 1397 810 1358 824 1352 824 1341 824 1248 813 1245 813 1242 813 1239 813 1239 815 1225 827 1186 827 768 821 765 821 680 835 609 824 607 824 604 824 601 824 587 832 590 878"/></Shape>
	    <String CONTENT="tout prévoir ; la complexité de la vie ne le laisse pas empriseruses dans en"
                    HPOS="587"
                    VPOS="793"
                    WIDTH="2118"
                    HEIGHT="107"
                    WC="0.9972927774253645"></String>
          </TextLine>
          <TextLine ID="eSc_line_28402e4d"
                    TAGREFS="LT31"
                    BASELINE="581 957 2699 906" 
                    HPOS="578"
                    VPOS="861"
                    WIDTH="2121"
                    HEIGHT="115">
            <Shape><Polygon POINTS="581 957 581 976 2459 948 2677 942 2679 942 2682 942 2699 928 2699 906 2691 863 2304 875 2295 872 2278 861 2276 861 2273 861 2270 861 2165 875 2146 878 2134 878 2064 863 2061 863 2058 863 1996 880 1979 883 1959 880 1869 866 1866 866 1863 866 1804 886 1795 886 1787 886 1733 875 1731 875 1649 889 1629 892 1618 889 1572 875 1570 875 1567 875 1564 875 1519 892 1510 894 1459 894 1171 883 1169 883 1166 883 1132 903 1126 906 1042 906 1036 906 1019 892 1016 892 1013 892 810 892 807 892 717 894 714 894 711 894 686 914 683 914 624 897 621 897 618 897 615 897 578 911 581 957"/></Shape>
	    <String CONTENT="texte. &lt;..... .... ... ..... ........&gt; siparumonieusement"
                    HPOS="578"
                    VPOS="861"
                    WIDTH="2121"
                    HEIGHT="115"
                    WC="0.8913112847428573"></String>
          </TextLine>
          <TextLine ID="eSc_line_5ceb548c"
                    TAGREFS="LT31"
                    BASELINE="598 1022 2688 985" 
                    HPOS="595"
                    VPOS="931"
                    WIDTH="2093"
                    HEIGHT="130">
            <Shape><Polygon POINTS="598 1022 598 1061 779 1041 895 1055 914 1058 917 1058 920 1058 926 1055 960 1038 1061 1053 1064 1053 1067 1053 1070 1053 1073 1053 1090 1038 1327 1044 1330 1044 1400 1030 1440 1047 1443 1047 1445 1047 1448 1047 1459 1047 1561 1027 1739 1041 1764 1041 1767 1041 1804 1038 1999 1024 2134 1033 2185 1036 2188 1036 2191 1036 2194 1036 2199 1033 2222 1019 2276 1030 2292 1033 2295 1033 2321 1030 2389 1019 2479 1027 2524 1030 2527 1030 2552 1024 2617 1010 2682 1022 2688 985 2679 931 2513 951 2276 937 2244 937 2242 937 2228 940 2140 957 2058 942 2041 940 2038 940 1903 942 1900 942 1894 945 1849 962 1770 948 1756 945 1753 945 1750 945 1747 945 1745 948 1714 968 1445 968 1417 954 1414 951 1411 951 1409 951 1406 951 1403 951 1400 951 1397 954 1378 971 1341 957 1335 954 1332 954 1330 954 1327 954 1318 957 1270 971 1214 957 1205 957 1202 957 1200 957 1197 957 1171 974 1109 959 1092 957 1090 957 1087 957 1078 959 1047 976 957 962 946 962 943 962 940 962 937 962 909 979 864 965 861 965 858 965 855 965 801 979 770 965 759 962 756 962 753 962 751 962 748 962 742 968 717 982 595 971 598 1022"/></Shape>
	    <String CONTENT="&lt;.. .... . .. .......t&gt; que le"
                    HPOS="595"
                    VPOS="931"
                    WIDTH="2093"
                    HEIGHT="130"
                    WC="0.8482706069946289"></String>
          </TextLine>
          <TextLine ID="eSc_line_5f610ebb"
                    TAGREFS="LT31"
                    BASELINE="587 1092 2050 1070 2657 1044" 
                    HPOS="584"
                    VPOS="999"
                    WIDTH="2073"
                    HEIGHT="116">
            <Shape><Polygon POINTS="587 1092 587 1115 2468 1092 2470 1092 2473 1092 2493 1078 2493 1075 2654 1072 2657 1044 2648 999 2516 1016 2292 1007 2276 1007 2273 1007 2230 1007 1827 1030 1801 1019 1790 1016 1787 1016 1784 1016 1781 1016 1779 1016 1773 1022 1750 1033 1581 1024 1479 1022 1476 1022 1474 1022 1454 1030 1423 1038 1372 1030 1327 1024 1324 1024 1321 1024 1318 1024 1310 1033 1296 1041 1236 1036 1171 1027 1169 1027 1166 1027 1163 1027 1149 1036 1135 1044 1016 1041 892 1036 889 1036 830 1044 796 1050 787 1047 768 1036 765 1036 762 1036 759 1036 737 1047 725 1053 584 1053 587 1092"/></Shape>
	    <String CONTENT="Congrés eût mesuré les altritutions de la couronne, il ne lui en avait"
                    HPOS="584"
                    VPOS="999"
                    WIDTH="2073"
                    HEIGHT="116"
                    WC="0.9835773519107274"></String>
          </TextLine>
          <TextLine ID="eSc_line_8d95d973"
                    TAGREFS="LT31"
                    BASELINE="593 1171 954 1154 1937 1146 2648 1120" 
                    HPOS="590"
                    VPOS="1081"
                    WIDTH="2058"
                    HEIGHT="127">
            <Shape><Polygon POINTS="593 1171 595 1208 649 1191 722 1205 728 1205 731 1205 742 1205 872 1185 1106 1194 1132 1194 1135 1194 1138 1194 1143 1194 1186 1180 1222 1191 1234 1194 1236 1194 1239 1194 1242 1194 1256 1191 1301 1174 1502 1174 1533 1182 1558 1188 1561 1188 1564 1188 1567 1188 1598 1180 1626 1174 1858 1174 2400 1174 2400 1171 2648 1149 2648 1120 2640 1081 2205 1098 2171 1092 2126 1084 2123 1084 2120 1084 2092 1095 2072 1101 2047 1095 2013 1086 2010 1086 2007 1086 2004 1086 2002 1086 1988 1098 1973 1103 1835 1101 1609 1095 1606 1095 1603 1095 1572 1106 1558 1112 1544 1109 1505 1098 1502 1098 1499 1098 1440 1112 1417 1115 1397 1112 1327 1101 1324 1101 1321 1101 1276 1115 1265 1118 1250 1115 1180 1103 1177 1103 1174 1103 1146 1118 1140 1120 1121 1120 1010 1106 1008 1106 590 1132 593 1171"/></Shape>
	    <String CONTENT="pas moins laissé les pouvoir excintif, &lt;......... ...&gt; c&#x27;est à"
                    HPOS="590"
                    VPOS="1081"
                    WIDTH="2058"
                    HEIGHT="127"
                    WC="0.9620671603414748"></String>
          </TextLine>
          <TextLine ID="eSc_line_950f586c"
                    TAGREFS="LT31"
                    BASELINE="587 1236 2026 1214 2653 1197" 
                    HPOS="584"
                    VPOS="1143"
                    WIDTH="2067"
                    HEIGHT="119">
            <Shape><Polygon POINTS="587 1262 2648 1225 2651 1197 2640 1143 2597 1160 2507 1146 2499 1146 2496 1146 2493 1146 2490 1146 2439 1163 2363 1151 2349 1149 2346 1149 2343 1149 2338 1151 2309 1166 2132 1157 2069 1154 2067 1154 2019 1160 1903 1174 1843 1166 1815 1160 1812 1160 1776 1166 1716 1177 1555 1171 1414 1168 1411 1168 1409 1168 1378 1177 1358 1182 1344 1177 1321 1168 1318 1168 1315 1168 1081 1185 991 1191 977 1188 937 1177 934 1177 931 1177 929 1177 886 1191 872 1194 821 1191 624 1182 621 1182 618 1182 584 1194 587 1236"/></Shape>
	    <String CONTENT="dire precisement cette partie du ponvoir dont l&#x27;efficacité dépend"
                    HPOS="584"
                    VPOS="1143"
                    WIDTH="2067"
                    HEIGHT="119"
                    WC="0.9893830207677988"></String>
          </TextLine>
          <TextLine ID="eSc_line_8a89f9d2"
                    TAGREFS="LT31"
                    BASELINE="590 1301 1999 1286 1999 1286 2679 1267" 
                    HPOS="587"
                    VPOS="1228"
                    WIDTH="2092"
                    HEIGHT="110">
            <Shape><Polygon POINTS="590 1338 773 1318 1157 1315 1239 1326 1279 1329 1282 1329 1284 1329 1301 1324 1338 1312 1598 1318 1801 1321 1804 1321 2679 1293 2679 1267 2674 1233 1988 1228 1985 1228 1982 1228 1925 1242 1917 1242 1112 1242 1109 1242 587 1262 590 1301"/></Shape>
	    <String CONTENT="avant tout de l&#x27;homme qui le possède. &lt;.&gt; Un roi solivean comme un"
                    HPOS="587"
                    VPOS="1228"
                    WIDTH="2092"
                    HEIGHT="110"
                    WC="0.9904745781060421"></String>
          </TextLine>
          <TextLine ID="eSc_line_474850be"
                    TAGREFS="LT31"
                    BASELINE="587 1372 2677 1346" 
                    HPOS="584"
                    VPOS="1287"
                    WIDTH="2093"
                    HEIGHT="110">
            <Shape><Polygon POINTS="587 1372 587 1397 2677 1374 2677 1346 2674 1312 2629 1295 2626 1295 2623 1295 2620 1295 2564 1310 2533 1287 2530 1287 2527 1287 2524 1287 2521 1287 2442 1312 2437 1312 2434 1312 2380 1298 2377 1298 2374 1298 2372 1298 2369 1298 2346 1312 2343 1315 2098 1315 2086 1312 2044 1301 2041 1301 2038 1301 2036 1301 2013 1312 2007 1315 2004 1312 1971 1298 1968 1298 1965 1298 1962 1298 1959 1298 1934 1312 1934 1315 1931 1312 1911 1301 1908 1301 1906 1301 1903 1301 1841 1312 1818 1318 1804 1312 1759 1298 1756 1298 1753 1298 1750 1298 1711 1315 1691 1321 1657 1315 1592 1301 1589 1301 1587 1301 1536 1315 1510 1321 1502 1315 1488 1301 1485 1301 1482 1301 1327 1301 1324 1301 1321 1301 1293 1315 1267 1329 951 1329 858 1315 810 1310 807 1310 804 1310 782 1315 728 1332 700 1315 697 1315 694 1315 691 1315 584 1315 587 1372"/></Shape>
	    <String CONTENT="roi autoritaire enssent tout gaté, &lt;......&gt; avec l&#x27;un le cons¬"
                    HPOS="584"
                    VPOS="1287"
                    WIDTH="2093"
                    HEIGHT="110"
                    WC="0.979694954810604"></String>
          </TextLine>
          <TextLine ID="eSc_line_54986536"
                    TAGREFS="LT31"
                    BASELINE="581 1448 1622 1442 1622 1442 2654 1422" 
                    HPOS="578"
                    VPOS="1369"
                    WIDTH="2076"
                    HEIGHT="104">
            <Shape><Polygon POINTS="581 1473 2651 1456 2654 1422 2645 1369 2479 1383 2437 1372 2434 1372 2431 1372 2428 1372 2425 1372 2403 1386 2219 1374 2208 1374 2205 1374 2202 1374 2146 1389 2058 1377 2055 1377 2052 1377 2050 1377 1900 1391 1795 1380 1784 1380 1781 1380 1773 1380 1708 1397 578 1397 581 1448"/></Shape>
	    <String CONTENT="titution eit tourré à l&#x27;anarchie: avec l&#x27;autre elle ent conduit à"
                    HPOS="578"
                    VPOS="1369"
                    WIDTH="2076"
                    HEIGHT="104"
                    WC="0.9637055085666144"></String>
          </TextLine>
          <TextLine ID="eSc_line_258203a6"
                    TAGREFS="LT31"
                    BASELINE="576 1513 1830 1507 1831 1507 2671 1490" 
                    HPOS="573"
                    VPOS="1445"
                    WIDTH="2098"
                    HEIGHT="96">
            <Shape><Polygon POINTS="576 1541 2668 1521 2671 1490 2662 1445 573 1470 576 1513"/></Shape>
	    <String CONTENT="une nouvelle révolution. &lt;...&gt; Ce fut le bienfait de Léopold que"
                    HPOS="573"
                    VPOS="1445"
                    WIDTH="2098"
                    HEIGHT="96"
                    WC="0.9843535367399454"></String>
          </TextLine>
          <TextLine ID="eSc_line_9b35dd74"
                    TAGREFS="LT31"
                    BASELINE="581 1589 1908 1584 2674 1566" 
                    HPOS="578"
                    VPOS="1524"
                    WIDTH="2096"
                    HEIGHT="102">
            <Shape><Polygon POINTS="581 1609 739 1626 742 1626 745 1626 776 1612 1008 1623 1010 1623 1140 1606 1186 1620 1188 1620 1191 1620 1869 1614 2674 1586 2674 1566 2665 1524 578 1547 581 1589"/></Shape>
	    <String CONTENT="de l&#x27;avoir adaptée aux nécessités d&#x27;un gouvernement stable. L&#x27;atti¬"
                    HPOS="578"
                    VPOS="1524"
                    WIDTH="2096"
                    HEIGHT="102"
                    WC="0.9861767487739449"></String>
          </TextLine>
          <TextLine ID="eSc_line_b6a491d8"
                    TAGREFS="LT31"
                    BASELINE="578 1660 1926 1657 1926 1657 2671 1640" 
                    HPOS="576"
                    VPOS="1589"
                    WIDTH="2095"
                    HEIGHT="110">
            <Shape><Polygon POINTS="578 1682 782 1699 785 1699 858 1682 878 1679 886 1682 909 1694 912 1694 914 1694 917 1694 940 1682 948 1679 1154 1682 1550 1691 1553 1691 1555 1691 1575 1682 1598 1674 1657 1682 1719 1691 1722 1691 1773 1682 1810 1677 2106 1682 2332 1685 2335 1685 2338 1685 2341 1685 2343 1682 2360 1668 2665 1679 2671 1640 2665 1603 2100 1589 2098 1589 2095 1589 2047 1606 1575 1595 1572 1595 1570 1595 1524 1609 1476 1595 1474 1595 1471 1595 1468 1595 1465 1595 1437 1612 1174 1598 1171 1598 948 1614 875 1600 872 1600 869 1600 801 1617 607 1603 604 1603 601 1603 598 1603 576 1614 578 1660"/></Shape>
	    <String CONTENT="tude qu&#x27;il prit dès le debut était la seule possible. Ilvec une adresse"
                    HPOS="576"
                    VPOS="1589"
                    WIDTH="2095"
                    HEIGHT="110"
                    WC="0.9968610640982507"></String>
          </TextLine>
          <TextLine ID="eSc_line_9af5de4e"
                    TAGREFS="LT31"
                    BASELINE="576 1730 1941 1732 1941 1732 2660 1713" 
                    HPOS="573"
                    VPOS="1674"
                    WIDTH="2087"
                    HEIGHT="79">
            <Shape><Polygon POINTS="576 1753 2657 1747 2660 1713 2651 1674 573 1694 576 1730"/></Shape>
	    <String CONTENT="consommée et une patience inlassable, il sut, nn s&#x27;effaçant en appa¬"
                    HPOS="573"
                    VPOS="1674"
                    WIDTH="2087"
                    HEIGHT="79"
                    WC="0.9935521869098439"></String>
          </TextLine>
          <TextLine ID="eSc_line_056bf6fc"
                    TAGREFS="LT31"
                    BASELINE="570 1801 2696 1787" 
                    HPOS="567"
                    VPOS="1739"
                    WIDTH="2129"
                    HEIGHT="101">
            <Shape><Polygon POINTS="570 1801 570 1826 725 1821 739 1826 773 1840 776 1840 779 1840 782 1840 830 1826 852 1821 912 1826 988 1832 991 1832 1033 1823 1070 1818 1090 1823 1109 1832 1112 1832 1115 1832 1186 1823 1236 1818 1284 1823 1400 1837 1403 1837 1406 1837 1409 1837 1426 1821 1437 1815 1637 1815 1649 1821 1680 1835 1683 1835 1685 1835 1750 1821 1762 1818 1767 1821 1795 1832 1798 1832 1801 1832 1804 1832 1849 1818 1858 1818 1889 1818 2069 1832 2072 1832 2696 1812 2696 1787 2688 1739 567 1753 570 1801"/></Shape>
	    <String CONTENT="rence, psendre d une influence croissante. &lt;. ....."
                    HPOS="567"
                    VPOS="1739"
                    WIDTH="2129"
                    HEIGHT="101"
                    WC="0.948534930453581"></String>
          </TextLine>
          <TextLine ID="eSc_line_e04ebcfc"
                    TAGREFS="LT31"
                    BASELINE="573 1866 1887 1877 2679 1857" 
                    HPOS="570"
                    VPOS="1809"
                    WIDTH="2109"
                    HEIGHT="91">
            <Shape><Polygon POINTS="573 1891 2674 1900 2679 1857 2674 1809 1313 1809 1310 1809 1197 1823 1177 1823 1115 1823 607 1812 604 1812 601 1812 570 1823 573 1866"/></Shape>
	    <String CONTENT="&lt;. .......... ..... &lt;. ..... ... ..... ...&gt;"
                    HPOS="570"
                    VPOS="1809"
                    WIDTH="2109"
                    HEIGHT="91"
                    WC="0.8610352970833002"></String>
          </TextLine>
          <TextLine ID="eSc_line_50f5b50c"
                    TAGREFS="LT34"
                    BASELINE="2302 1827 2384 1838" 
                    HPOS="2302"
                    VPOS="1827"
                    WIDTH="82"
                    HEIGHT="11">
	    <String CONTENT=""
                    HPOS="2302"
                    VPOS="1827"
                    WIDTH="82"
                    HEIGHT="11"></String>
          </TextLine>
          <TextLine ID="eSc_line_7a357b0a"
                    TAGREFS="LT31"
                    BASELINE="567 1933 1872 1948 1872 1948 2679 1928" 
                    HPOS="564"
                    VPOS="1885"
                    WIDTH="2115"
                    HEIGHT="74">
            <Shape><Polygon POINTS="567 1959 2677 1959 2679 1928 2674 1891 564 1885 567 1933"/></Shape>
	    <String CONTENT="&lt;......... ..... .. ...... .. .&gt;"
                    HPOS="564"
                    VPOS="1885"
                    WIDTH="2115"
                    HEIGHT="74"
                    WC="0.8884576968848705"></String>
          </TextLine>
          <TextLine ID="eSc_line_c95ee6f8"
                    TAGREFS="LT31"
                    BASELINE="564 2007 2662 2001" 
                    HPOS="561"
                    VPOS="1950"
                    WIDTH="2101"
                    HEIGHT="91">
            <Shape><Polygon POINTS="564 2007 567 2041 607 2027 2657 2029 2662 2001 2657 1959 1581 1950 1578 1950 1575 1950 1539 1962 1530 1965 1524 1962 1507 1950 1505 1950 1502 1950 1499 1950 1426 1962 1411 1965 1397 1962 1344 1950 1341 1950 1262 1965 1250 1965 1248 1965 1228 1950 1225 1950 1222 1950 1219 1950 1112 1965 1098 1965 1078 1965 914 1950 912 1950 909 1950 858 1965 855 1965 852 1965 756 1950 753 1950 751 1950 711 1965 643 1950 641 1950 561 1965 564 2007"/></Shape>
	    <String CONTENT="&lt;...... . ... .......&gt;"
                    HPOS="561"
                    VPOS="1950"
                    WIDTH="2101"
                    HEIGHT="91"
                    WC="0.8616071045398712"></String>
          </TextLine>
          <TextLine ID="eSc_line_15fa7acb"
                    TAGREFS="LT31"
                    BASELINE="561 2069 2027 2077 2657 2061" 
                    HPOS="559"
                    VPOS="2018"
                    WIDTH="2098"
                    HEIGHT="93">
            <Shape><Polygon POINTS="561 2069 559 2097 1781 2111 1784 2111 1787 2111 1821 2097 1942 2111 1945 2111 2654 2092 2657 2061 2648 2027 1914 2032 1869 2029 1770 2018 1767 2018 1680 2029 1651 2032 1637 2029 1592 2018 1589 2018 1587 2018 1584 2018 1581 2018 1570 2029 1564 2035 1346 2035 1344 2029 1330 2018 1327 2018 1324 2018 1180 2018 1177 2018 1101 2032 1092 2032 1090 2032 1064 2018 1061 2018 1058 2018 1056 2018 1053 2018 1033 2032 1019 2018 1016 2018 1013 2018 881 2018 878 2018 875 2018 844 2032 835 2032 632 2018 629 2018 561 2032 561 2069"/></Shape>
	    <String CONTENT="&lt;.......... ...... Il gouverna d&#x27;auord avec"
                    HPOS="559"
                    VPOS="2018"
                    WIDTH="2098"
                    HEIGHT="93"
                    WC="0.9280743654384169"></String>
          </TextLine>
          <TextLine ID="eSc_line_76396ece"
                    TAGREFS="LT31"
                    BASELINE="561 2140 1657 2151 1657 2151 2120 2145 2702 2131" 
                    HPOS="559"
                    VPOS="2086"
                    WIDTH="2143"
                    HEIGHT="90">
            <Shape><Polygon POINTS="559 2159 626 2176 629 2176 632 2176 683 2162 1010 2176 1013 2176 2699 2159 2702 2131 2693 2086 2530 2100 2493 2086 2490 2086 2487 2086 2485 2086 2369 2100 561 2089 561 2140"/></Shape>
	    <String CONTENT="l&#x27;opénion comme un navire bien conduit gouverne avec le vant, c&#x27;est"
                    HPOS="559"
                    VPOS="2086"
                    WIDTH="2143"
                    HEIGHT="90"
                    WC="0.9919296805538348"></String>
          </TextLine>
          <TextLine ID="eSc_line_55389bf6"
                    TAGREFS="LT31"
                    BASELINE="556 2216 1670 2224 2683 2217" 
                    HPOS="553"
                    VPOS="2165"
                    WIDTH="2132"
                    HEIGHT="88">
            <Shape><Polygon POINTS="556 2247 1940 2253 1942 2253 1945 2253 1971 2238 1979 2236 1999 2238 2061 2250 2064 2250 2067 2250 2092 2238 2098 2236 2174 2238 2493 2250 2496 2250 2685 2233 2685 2207 2679 2171 553 2165 556 2216"/></Shape>
	    <String CONTENT="à dire &lt;.. ... . &gt; en se laissant paesses"
                    HPOS="553"
                    VPOS="2165"
                    WIDTH="2132"
                    HEIGHT="88"
                    WC="0.9538831497941699"></String>
          </TextLine>
          <TextLine ID="eSc_line_586d0be0"
                    TAGREFS="LT31"
                    BASELINE="561 2292 2207 2298 2207 2298 2665 2281" 
                    HPOS="559"
                    VPOS="2236"
                    WIDTH="2106"
                    HEIGHT="90">
            <Shape><Polygon POINTS="561 2323 2117 2326 2120 2326 2146 2323 2290 2309 2324 2323 2326 2323 2329 2326 2504 2326 2504 2323 2507 2323 2510 2323 2530 2309 2660 2323 2665 2281 2660 2241 1536 2236 1533 2236 1372 2250 1296 2236 1293 2236 1290 2236 1287 2236 1265 2253 883 2253 864 2238 861 2238 858 2238 714 2238 711 2238 708 2238 705 2238 689 2253 593 2241 590 2241 587 2241 559 2253 561 2292"/></Shape>
	    <String CONTENT="par elle sans s&#x27;y obandonner. Il recruta ses ménistères dans le parti"
                    HPOS="559"
                    VPOS="2236"
                    WIDTH="2106"
                    HEIGHT="90"
                    WC="0.9966982827670332"></String>
          </TextLine>
          <TextLine ID="eSc_line_f383b9d7"
                    TAGREFS="LT31"
                    BASELINE="556 2363 1378 2377 1887 2376 1887 2376 2662 2363" 
                    HPOS="553"
                    VPOS="2312"
                    WIDTH="2109"
                    HEIGHT="101">
            <Shape><Polygon POINTS="556 2397 849 2394 861 2397 892 2411 895 2411 897 2411 900 2411 903 2411 923 2397 931 2394 1154 2394 1166 2397 1211 2411 1214 2411 1217 2411 1327 2397 1330 2397 1346 2411 1349 2411 1352 2411 1355 2413 1496 2413 1496 2411 2660 2391 2662 2363 2660 2329 2614 2312 2612 2312 2609 2312 2606 2312 2564 2329 2558 2329 2549 2329 2462 2315 2459 2315 1742 2329 1688 2329 1680 2329 1558 2315 1555 2315 1553 2315 1524 2329 1516 2334 1341 2334 1332 2329 1315 2317 1313 2317 1310 2317 1307 2317 1304 2317 1301 2317 1282 2329 1279 2332 1256 2329 1169 2317 1166 2317 1081 2329 1061 2332 1030 2329 900 2317 897 2317 553 2329 556 2363"/></Shape>
	    <String CONTENT="au pouvoir, mais il se réserva la de prérogatève de les choisér. S. ir¬"
                    HPOS="553"
                    VPOS="2312"
                    WIDTH="2109"
                    HEIGHT="101"
                    WC="0.9771008399170888"></String>
          </TextLine>
          <TextLine ID="eSc_line_8449b0e1"
                    TAGREFS="LT34"
                    BASELINE="2493 2324 2601 2329" 
                    HPOS="2493"
                    VPOS="2324"
                    WIDTH="108"
                    HEIGHT="5">
	    <String CONTENT=""
                    HPOS="2493"
                    VPOS="2324"
                    WIDTH="108"
                    HEIGHT="5"></String>
          </TextLine>
          <TextLine ID="eSc_line_1c51a79d"
                    TAGREFS="LT31"
                    BASELINE="553 2436 1265 2450 1707 2453 1707 2453 2660 2439" 
                    HPOS="553"
                    VPOS="2385"
                    WIDTH="2107"
                    HEIGHT="99">
            <Shape><Polygon POINTS="1759 2484 1762 2484 2126 2481 2143 2478 2211 2464 2487 2481 2510 2481 2513 2481 2518 2481 2589 2464 2651 2481 2660 2439 2651 2385 2549 2405 2453 2405 2425 2385 2422 2385 2420 2385 2417 2385 2408 2385 2276 2399 2182 2385 2171 2385 2168 2385 2165 2385 2163 2385 2129 2405 2033 2405 2004 2385 2002 2385 1999 2385 1996 2385 1993 2385 1988 2385 1942 2402 1798 2391 1795 2391 1793 2391 1756 2405 553 2394 553 2436 553 2467"/></Shape>
	    <String CONTENT="responsabilité dartit.t..&gt; constitutionnelle, en dérobant au publie"
                    HPOS="553"
                    VPOS="2385"
                    WIDTH="2107"
                    HEIGHT="99"
                    WC="0.969682557369346"></String>
          </TextLine>
          <TextLine ID="eSc_line_c3c574ad"
                    TAGREFS="LT31"
                    BASELINE="550 2509 1088 2524 2631 2518" 
                    HPOS="547"
                    VPOS="2473"
                    WIDTH="2084"
                    HEIGHT="84">
            <Shape><Polygon POINTS="547 2532 728 2552 731 2552 734 2552 779 2538 821 2552 824 2552 827 2552 830 2552 861 2538 954 2552 957 2552 1236 2538 1956 2557 1959 2557 2629 2541 2631 2518 2629 2481 550 2473 550 2509"/></Shape>
	    <String CONTENT="son influence, lui permit de l&#x27;exerces davantage dans le conseil. De"
                    HPOS="547"
                    VPOS="2473"
                    WIDTH="2084"
                    HEIGHT="84"
                    WC="0.9899626803748748"></String>
          </TextLine>
          <TextLine ID="eSc_line_f0b73659"
                    TAGREFS="LT31"
                    BASELINE="547 2586 2631 2586" 
                    HPOS="547"
                    VPOS="2546"
                    WIDTH="2084"
                    HEIGHT="79">
            <Shape><Polygon POINTS="547 2586 550 2622 584 2608 1146 2608 1169 2622 1171 2622 1174 2622 1177 2622 1183 2622 1346 2608 1409 2622 1411 2622 1414 2625 2160 2625 2160 2622 2163 2622 2222 2608 2259 2622 2261 2622 2264 2622 2408 2608 2629 2622 2631 2586 2631 2552 547 2546 547 2586"/></Shape>
	    <String CONTENT="parti pris, il vécut à l&#x27;écart &lt;......&gt; au milieu de Cyreseillers"
                    HPOS="547"
                    VPOS="2546"
                    WIDTH="2084"
                    HEIGHT="79"
                    WC="0.954084344885566"></String>
          </TextLine>
          <TextLine ID="eSc_line_d1bcad5c"
                    TAGREFS="LT31"
                    BASELINE="545 2656 2631 2656" 
                    HPOS="545"
                    VPOS="2614"
                    WIDTH="2086"
                    HEIGHT="79">
            <Shape><Polygon POINTS="545 2656 545 2676 1008 2676 1075 2690 1078 2690 1081 2690 1118 2676 1163 2690 1166 2690 1169 2690 1310 2676 1443 2690 1445 2690 1827 2676 1877 2690 1880 2690 1883 2693 2411 2693 2411 2690 2414 2690 2456 2676 2496 2690 2499 2690 2501 2690 2504 2690 2507 2690 2524 2676 2631 2676 2631 2656 2631 2614 545 2614 545 2656"/></Shape>
	    <String CONTENT="intimes &lt;....&gt; &lt;.&gt; Jules van Pract, Jules Deveaux, l. ..&gt; Cos¬"
                    HPOS="545"
                    VPOS="2614"
                    WIDTH="2086"
                    HEIGHT="79"
                    WC="0.9549580197180471"></String>
          </TextLine>
          <TextLine ID="eSc_line_00174288"
                    TAGREFS="LT34"
                    BASELINE="2194 2626 2416 2625" 
                    HPOS="2194"
                    VPOS="2625"
                    WIDTH="222"
                    HEIGHT="1">
	    <String CONTENT=""
                    HPOS="2194"
                    VPOS="2625"
                    WIDTH="222"
                    HEIGHT="1"></String>
          </TextLine>
          <TextLine ID="eSc_line_3dba2c99"
                    TAGREFS="LT31"
                    BASELINE="539 2732 2657 2718" 
                    HPOS="536"
                    VPOS="2679"
                    WIDTH="2121"
                    HEIGHT="87">
            <Shape><Polygon POINTS="539 2732 539 2755 1445 2764 1448 2764 1479 2758 1519 2749 1530 2758 1539 2764 1541 2764 1544 2764 1547 2766 1722 2766 1722 2764 1804 2758 1965 2747 2499 2758 2510 2758 2513 2758 2516 2758 2518 2758 2538 2744 2651 2758 2657 2718 2648 2679 536 2682 539 2732"/></Shape>
	    <String CONTENT="way. &lt;.............&gt; dont il distinqua taut de"
                    HPOS="536"
                    VPOS="2679"
                    WIDTH="2121"
                    HEIGHT="87"
                    WC="0.9442107509011808"></String>
          </TextLine>
          <TextLine ID="eSc_line_d37c5b71"
                    TAGREFS="LT31"
                    BASELINE="542 2806 2202 2809 2654 2795" 
                    HPOS="539"
                    VPOS="2755"
                    WIDTH="2115"
                    HEIGHT="88">
            <Shape><Polygon POINTS="542 2828 1022 2828 1061 2843 1064 2843 1067 2843 1296 2826 1318 2826 1378 2826 2069 2837 2072 2837 2651 2817 2654 2795 2645 2755 539 2766 542 2806"/></Shape>
	    <String CONTENT="srte le talent et qui repondisent à sa confiance par leur devonement."
                    HPOS="539"
                    VPOS="2755"
                    WIDTH="2115"
                    HEIGHT="88"
                    WC="0.9816007477896554"></String>
          </TextLine>
          <TextLine ID="eSc_line_be18f986"
                    TAGREFS="LT31"
                    BASELINE="545 2882 2662 2885" 
                    HPOS="542"
                    VPOS="2826"
                    WIDTH="2120"
                    HEIGHT="90">
            <Shape><Polygon POINTS="545 2882 542 2899 799 2916 801 2916 2660 2910 2662 2885 2662 2843 2597 2826 2595 2826 2592 2826 2422 2840 2414 2840 2394 2840 1951 2826 1948 2826 1945 2826 1900 2840 1892 2840 1869 2837 1750 2826 1747 2826 1674 2837 1654 2840 1651 2837 1635 2826 1632 2826 1629 2826 1626 2826 1623 2826 1598 2837 1589 2840 1572 2837 1513 2826 1510 2826 1392 2837 1344 2840 545 2834 545 2882"/></Shape>
	    <String CONTENT="&lt;............... ..  .. ..... . .&gt; a tra¬"
                    HPOS="542"
                    VPOS="2826"
                    WIDTH="2120"
                    HEIGHT="90"
                    WC="0.8306347088115972"></String>
          </TextLine>
          <TextLine ID="eSc_line_9ec9cc54"
                    TAGREFS="LT31"
                    BASELINE="542 2956 1475 2954 2432 2947 2433 2947 2671 2939" 
                    HPOS="539"
                    VPOS="2896"
                    WIDTH="2132"
                    HEIGHT="82">
            <Shape><Polygon POINTS="542 2978 2668 2970 2671 2939 2662 2896 539 2908 542 2956"/></Shape>
	    <String CONTENT="vers eux, il correspondait avec ses ministres, isolant volontiers lui même"
                    HPOS="539"
                    VPOS="2896"
                    WIDTH="2132"
                    HEIGHT="82"
                    WC="0.9992694766134829"></String>
          </TextLine>
          <TextLine ID="eSc_line_a2f6fa26"
                    TAGREFS="LT31"
                    BASELINE="533 3032 2693 3023" 
                    HPOS="530"
                    VPOS="2970"
                    WIDTH="2163"
                    HEIGHT="98">
            <Shape><Polygon POINTS="533 3032 533 3052 957 3052 965 3054 991 3068 994 3068 996 3068 1152 3057 1250 3049 1304 3057 1344 3063 1346 3063 1409 3057 1499 3049 1519 3057 1536 3066 1539 3066 1541 3066 1629 3060 1747 3049 1838 3060 1892 3066 1894 3066 1988 3060 2140 3052 2688 3063 2693 3023 2685 2978 2391 2987 2372 2978 2360 2970 2357 2970 2355 2970 2233 2970 2230 2970 2228 2970 2213 2978 2202 2984 2194 2978 2185 2970 2182 2970 2180 2970 2177 2970 2174 2970 2171 2970 2163 2978 2148 2987 2098 2978 2064 2972 2061 2972 2024 2978 1965 2987 1937 2978 1920 2972 1917 2972 1914 2972 1911 2972 1900 2978 1872 2992 1714 2992 1688 2978 1674 2972 1671 2972 1668 2972 1666 2972 1663 2972 1657 2978 1640 2989 1570 2978 1544 2975 1541 2975 1496 2978 1369 2989 1293 2978 1248 2972 1245 2972 1242 2972 1219 2978 1166 2992 530 2981 533 3032"/></Shape>
	    <String CONTENT="&lt;s pour mieux garantis son indépendance. &lt;...... ..... .. ...&gt;"
                    HPOS="530"
                    VPOS="2970"
                    WIDTH="2163"
                    HEIGHT="98"
                    WC="0.9619148065966945"></String>
          </TextLine>
          <TextLine ID="eSc_line_9839d0e0"
                    TAGREFS="LT31"
                    BASELINE="542 3097 1860 3108 2665 3094" 
                    HPOS="542"
                    VPOS="3043"
                    WIDTH="2123"
                    HEIGHT="102">
            <Shape><Polygon POINTS="542 3097 542 3136 657 3125 708 3136 720 3139 722 3139 725 3139 728 3139 731 3139 734 3136 751 3125 852 3136 914 3142 917 3142 1250 3133 1510 3128 1524 3133 1553 3142 1555 3142 1558 3145 2355 3145 2355 3142 2662 3125 2665 3094 2657 3046 985 3063 957 3046 954 3046 951 3046 799 3046 796 3046 793 3046 756 3063 542 3043 542 3097"/></Shape>
	    <String CONTENT="&lt;..... ..... .. .... .. ... ......&gt; Il vaulut"
                    HPOS="542"
                    VPOS="3043"
                    WIDTH="2123"
                    HEIGHT="102"
                    WC="0.8710776011149088"></String>
          </TextLine>
          <TextLine ID="eSc_line_d376889f"
                    TAGREFS="LT31"
                    BASELINE="536 3173 2184 3187 2713 3188" 
                    HPOS="533"
                    VPOS="3119"
                    WIDTH="2180"
                    HEIGHT="102">
            <Shape><Polygon POINTS="533 3196 635 3215 638 3215 762 3201 841 3215 844 3215 1321 3204 1366 3218 1369 3218 1372 3221 1536 3221 1536 3218 1539 3218 1570 3204 2075 3204 2092 3221 2095 3221 2098 3221 2100 3221 2710 3207 2713 3181 2713 3136 2267 3128 2264 3128 2233 3131 2151 3142 2092 3131 2075 3128 2072 3128 2055 3131 1993 3142 1971 3128 1965 3125 1962 3125 1959 3125 1956 3125 1917 3128 1829 3139 1759 3128 1739 3125 1736 3125 1733 3125 1731 3125 1728 3128 1705 3142 1411 3142 1355 3125 1352 3125 1349 3125 1346 3125 1344 3125 1324 3139 1290 3125 1287 3125 1284 3125 1282 3125 1169 3136 1030 3122 1022 3122 1019 3122 1010 3122 849 3136 816 3122 813 3122 810 3122 807 3122 804 3122 782 3139 635 3139 536 3119 536 3173"/></Shape>
	    <String CONTENT="être riche pour ne point dependre de la native. La grande fortune que"
                    HPOS="533"
                    VPOS="3119"
                    WIDTH="2180"
                    HEIGHT="102"
                    WC="0.9893833960312001"></String>
          </TextLine>
          <TextLine ID="eSc_line_6797b282"
                    TAGREFS="LT31"
                    BASELINE="547 3252 2140 3275 2648 3269" 
                    HPOS="547"
                    VPOS="3198"
                    WIDTH="2101"
                    HEIGHT="110">
            <Shape><Polygon POINTS="547 3292 833 3280 889 3294 897 3297 900 3297 903 3297 960 3294 1245 3283 1378 3297 1400 3300 1403 3300 1428 3300 1567 3286 1589 3300 1592 3303 1595 3303 1598 3303 1601 3303 1603 3303 1615 3300 1654 3289 1942 3289 1962 3303 1965 3306 1968 3306 1971 3306 1973 3308 2194 3308 2194 3306 2196 3306 2199 3306 2199 3303 2219 3292 2315 3306 2349 3308 2352 3308 2645 3306 2648 3269 2645 3227 2513 3212 2510 3212 2507 3212 2504 3212 2490 3224 2485 3229 2301 3229 2278 3224 2216 3210 2213 3210 2047 3221 1999 3224 1979 3221 1914 3207 1911 3207 1908 3207 1877 3221 1875 3221 1860 3221 1767 3207 1764 3207 1762 3207 1731 3218 1725 3221 1643 3218 1361 3207 1358 3207 1027 3215 940 3215 931 3212 892 3198 889 3198 886 3198 547 3210 547 3252"/></Shape>
	    <String CONTENT="quie d&#x27;haibiles placements lui firent réaliser lui permit de ne pas &lt;...&gt;"
                    HPOS="547"
                    VPOS="3198"
                    WIDTH="2101"
                    HEIGHT="110"
                    WC="0.9648381806399724"></String>
          </TextLine>
        </TextBlock>
        <TextBlock HPOS="206"
                   VPOS="60"
                   WIDTH="205"
                   HEIGHT="142"
                   ID="eSc_textblock_5701d94d"
                   TAGREFS="BT44">
          <Shape><Polygon POINTS="206 60 206 202 411 202 411 60"/></Shape>
        </TextBlock>
        <TextBlock ID="eSc_dummyblock_">
          <TextLine ID="eSc_line_c348d700"
                    TAGREFS="LT31"
                    BASELINE="256 124 360 121" 
                    HPOS="251"
                    VPOS="76"
                    WIDTH="85"
                    HEIGHT="118">
            <Shape><Polygon POINTS="302 76 265 76 251 81 256 124 259 194 336 194 333 118 330 115 307 79"/></Shape>
	    <String CONTENT="13)"
                    HPOS="251"
                    VPOS="76"
                    WIDTH="85"
                    HEIGHT="118"
                    WC="0.9520310163497925"></String>
          </TextLine>
        </TextBlock>
      </PrintSpace>
    </Page>
  </Layout>
</alto>
