<?xml version="1.0" encoding="UTF-8"?>
<alto xmlns:xsi="http://www.w3.org/2001/XMLSchema-instance"
      xmlns="http://www.loc.gov/standards/alto/ns-v4#"
      xsi:schemaLocation="http://www.loc.gov/standards/alto/ns-v4# http://www.loc.gov/standards/alto/v4/alto-4-2.xsd">
  <Description>
    <MeasurementUnit>pixel</MeasurementUnit>
    <sourceImageInformation>
      <fileName>ARCH-DIV-000496_0075.png</fileName>
    </sourceImageInformation>
  </Description>
  <Tags>
    <OtherTag ID="BT42" LABEL="MainZone" DESCRIPTION="block type MainZone"/><OtherTag ID="BT43" LABEL="MarginTextZone" DESCRIPTION="block type MarginTextZone"/><OtherTag ID="BT44" LABEL="NumberingZone" DESCRIPTION="block type NumberingZone"/><OtherTag ID="BT45" LABEL="TitlePageZone" DESCRIPTION="block type TitlePageZone"/><OtherTag ID="BT46" LABEL="CustomZone:Numbering" DESCRIPTION="block type CustomZone:Numbering"/><OtherTag ID="BT49" LABEL="MarginTextZone:lower" DESCRIPTION="block type MarginTextZone:lower"/>
    <OtherTag ID="LT25" LABEL="default" DESCRIPTION="line type default"/><OtherTag ID="LT31" LABEL="DefaultLine" DESCRIPTION="line type DefaultLine"/><OtherTag ID="LT32" LABEL="HeadingLine" DESCRIPTION="line type HeadingLine"/><OtherTag ID="LT33" LABEL="InterlinearLine:addition" DESCRIPTION="line type InterlinearLine:addition"/><OtherTag ID="LT34" LABEL="InterlinearLine:correction" DESCRIPTION="line type InterlinearLine:correction"/>
  </Tags>
  <Layout>
    <Page WIDTH="2790"
          HEIGHT="3306"
          PHYSICAL_IMG_NR="74"
          ID="eSc_dummypage_">
      <PrintSpace HPOS="0"
                  VPOS="0"
                  WIDTH="2790"
                  HEIGHT="3306">
        <TextBlock HPOS="597"
                   VPOS="28"
                   WIDTH="2193"
                   HEIGHT="3255"
                   ID="227ad890-1019-4bf4-a459-d64b510c677c"
                   TAGREFS="BT42">
          <Shape><Polygon POINTS="639 28 2790 87 2783 3279 597 3283 615 721"/></Shape>
          <TextLine ID="eSc_line_85d678b2"
                    TAGREFS="LT32"
                    BASELINE="1356 239 1775 223" 
                    HPOS="1348"
                    VPOS="129"
                    WIDTH="427"
                    HEIGHT="149">
            <Shape><Polygon POINTS="1356 264 1491 278 1494 278 1775 250 1775 223 1767 159 1662 170 1640 154 1634 148 1632 148 1629 148 1626 148 1623 148 1604 154 1521 176 1491 148 1469 129 1466 129 1463 129 1461 129 1348 143 1356 239"/></Shape>
	    <String CONTENT="Chopitre II"
                    HPOS="1348"
                    VPOS="129"
                    WIDTH="427"
                    HEIGHT="149"
                    WC="0.9953857118433173"></String>
          </TextLine>
          <TextLine ID="eSc_line_9671c23e"
                    TAGREFS="LT32"
                    BASELINE="763 443 1111 446 1568 418 2362 396" 
                    HPOS="760"
                    VPOS="330"
                    WIDTH="1602"
                    HEIGHT="157">
            <Shape><Polygon POINTS="763 476 807 487 810 487 813 487 816 487 832 476 843 468 871 473 931 487 934 487 937 487 986 471 989 471 1028 484 1031 484 1033 484 1188 479 1190 479 1193 479 1210 465 1224 451 1259 462 1301 476 1304 476 1306 476 1309 476 1345 460 1359 454 1422 457 1557 468 1560 468 1563 468 1623 451 1684 438 1874 446 1924 446 1927 446 1929 446 1938 443 1965 429 1984 440 1993 449 1996 449 1998 449 2001 449 2004 449 2007 449 2015 440 2037 427 2359 429 2362 396 2359 347 2324 330 2321 330 2318 330 2244 344 2180 333 2177 333 2175 333 2172 333 2147 349 2144 349 2136 349 1938 338 1935 338 1836 355 1753 369 1728 358 1709 347 1706 347 1703 347 1590 349 1587 349 1585 349 1585 352 1576 360 1563 374 1466 360 1411 355 1408 355 1406 355 1403 355 1403 358 1395 363 1378 380 1326 363 1304 358 1301 358 1298 358 1295 358 1276 363 1237 377 1141 371 1138 371 1135 371 1133 371 1111 388 995 371 992 371 989 371 931 393 760 374 763 443"/></Shape>
	    <String CONTENT="Des trailés de 1839 à la crise de 1848."
                    HPOS="760"
                    VPOS="330"
                    WIDTH="1602"
                    HEIGHT="157"
                    WC="0.9998371317982674"></String>
          </TextLine>
          <TextLine ID="eSc_line_d5cec729"
                    TAGREFS="LT32"
                    BASELINE="1587 668 1695 653" 
                    HPOS="1596"
                    VPOS="636"
                    WIDTH="102"
                    HEIGHT="74">
            <Shape><Polygon POINTS="1599 710 1698 708 1698 674 1689 636 1596 639 1599 680"/></Shape>
	    <String CONTENT="."
                    HPOS="1596"
                    VPOS="636"
                    WIDTH="102"
                    HEIGHT="74"
                    WC="0.9998733997344971"></String>
          </TextLine>
          <TextLine ID="eSc_line_7963b87f"
                    TAGREFS="LT31"
                    BASELINE="725 765 2737 702" 
                    HPOS="722"
                    VPOS="644"
                    WIDTH="2015"
                    HEIGHT="160">
            <Shape><Polygon POINTS="725 765 725 790 984 804 986 804 1254 779 1290 793 1292 793 1295 793 1458 774 1758 779 1761 779 1764 779 1852 757 1860 754 1869 754 1924 774 1927 774 1929 774 1932 774 1976 752 1982 749 2122 746 2131 746 2186 765 2188 765 2191 765 2194 765 2241 743 2244 743 2249 743 2351 760 2354 760 2357 760 2359 760 2387 738 2390 735 2588 732 2594 732 2638 749 2641 749 2643 749 2646 749 2649 749 2649 746 2668 730 2671 730 2737 730 2737 702 2732 650 2464 644 2461 644 2459 644 2456 644 2442 655 2431 666 2359 666 2326 658 2293 650 2290 650 2288 650 2285 650 2266 661 2230 677 2073 663 2048 663 2045 663 2042 663 2037 666 1996 688 1769 691 1731 677 1728 677 1725 677 1549 699 1472 685 1469 685 1466 685 1463 685 1439 705 1326 708 1270 691 1268 691 1265 691 1146 713 967 694 964 694 962 694 959 694 929 719 882 697 879 697 876 697 722 697 725 765"/></Shape>
	    <String CONTENT="La Belgique, on la vu à sufferance, n&#x27;avait sigué que contrainte"
                    HPOS="722"
                    VPOS="644"
                    WIDTH="2015"
                    HEIGHT="160"
                    WC="0.9829338403848501"></String>
          </TextLine>
          <TextLine ID="eSc_line_7cfd7015"
                    TAGREFS="LT31"
                    BASELINE="689 859 2235 793 2745 785" 
                    HPOS="686"
                    VPOS="735"
                    WIDTH="2059"
                    HEIGHT="157">
            <Shape><Polygon POINTS="689 859 689 892 959 892 959 889 1017 876 1033 873 1042 876 1061 884 1064 884 1066 884 1069 884 1111 873 1141 865 1174 870 1235 878 1237 878 1326 862 1375 854 1400 859 1439 870 1441 870 1444 870 1447 870 1491 856 1516 845 1728 840 1761 843 1847 854 1849 854 1852 854 1855 854 1855 851 1869 837 1874 834 1899 837 1982 848 1984 848 1987 848 1990 848 1990 845 2007 832 2012 829 2064 829 2216 834 2219 834 2310 818 2337 815 2357 818 2439 829 2442 829 2613 807 2632 820 2635 820 2638 820 2641 820 2743 798 2745 785 2737 735 2249 760 2216 757 2142 746 2139 746 2136 746 2133 746 2114 760 2106 765 2056 763 1913 754 1910 754 1907 754 1905 754 1882 771 1877 774 1844 771 1709 763 1706 763 1703 763 1637 782 1621 785 1557 785 1295 779 1292 779 1290 779 1232 798 1221 801 1188 801 1022 790 1020 790 1017 790 975 809 973 809 964 809 818 798 816 798 686 820 689 859"/></Shape>
	    <String CONTENT="et forcée les traités du 19 avrit 1839 Lorsque, neuf ans auparavant"
                    HPOS="686"
                    VPOS="735"
                    WIDTH="2059"
                    HEIGHT="157"
                    WC="0.9760926606050179"></String>
          </TextLine>
          <TextLine ID="eSc_line_89c01d83"
                    TAGREFS="LT34"
                    BASELINE="1993 844 2185 840" 
                    HPOS="1993"
                    VPOS="840"
                    WIDTH="192"
                    HEIGHT="4">
	    <String CONTENT=""
                    HPOS="1993"
                    VPOS="840"
                    WIDTH="192"
                    HEIGHT="4"></String>
          </TextLine>
          <TextLine ID="eSc_line_c92a0b67"
                    TAGREFS="LT31"
                    BASELINE="689 933 2125 870 2754 856" 
                    HPOS="686"
                    VPOS="807"
                    WIDTH="2068"
                    HEIGHT="148">
            <Shape><Polygon POINTS="689 933 689 955 2037 911 2040 911 2042 911 2042 909 2045 909 2056 898 2153 906 2180 906 2183 906 2202 903 2266 889 2420 895 2450 895 2453 895 2475 892 2594 876 2748 881 2754 856 2745 807 2296 832 2252 823 2241 820 2238 820 2235 820 2233 820 2230 823 2213 834 2200 823 2186 815 2183 815 2180 815 2177 815 2031 820 2029 820 2001 832 1960 848 1819 851 1791 837 1789 834 1786 834 1783 834 1780 834 1778 834 1775 834 1769 837 1745 854 1623 843 1576 840 1574 840 1571 840 1568 840 1563 845 1543 859 1505 848 1499 845 1497 845 1494 845 1491 845 1483 848 1419 867 1370 851 1359 848 1356 848 1353 848 1328 854 1268 867 1226 856 1224 856 1221 856 1218 856 1190 856 788 892 686 876 689 933"/></Shape>
	    <String CONTENT="le congrès avait proclamé à la faci ett, pour &quot;Todire, au m’éprès de l&#x27;En¬"
                    HPOS="686"
                    VPOS="807"
                    WIDTH="2068"
                    HEIGHT="148"
                    WC="0.9822773591677347"></String>
          </TextLine>
          <TextLine ID="eSc_line_f4a13a91"
                    TAGREFS="LT31"
                    BASELINE="694 1000 2125 936 2734 920" 
                    HPOS="689"
                    VPOS="878"
                    WIDTH="2045"
                    HEIGHT="141">
            <Shape><Polygon POINTS="694 1000 694 1019 1290 1011 1292 1011 1295 1011 1295 1008 1309 997 1326 997 1461 1002 1463 1002 1665 983 1695 980 1703 980 1750 991 1753 991 2100 964 2153 961 2161 961 2213 972 2216 972 2219 972 2282 955 2290 955 2304 955 2409 964 2412 964 2514 947 2519 947 2522 947 2610 955 2613 955 2734 936 2734 920 2726 878 689 958 694 1000"/></Shape>
	    <String CONTENT="rope, lindependance nationale, il entendait bien ac peser&gt; le"
                    HPOS="689"
                    VPOS="878"
                    WIDTH="2045"
                    HEIGHT="141"
                    WC="0.9836336999643044"></String>
          </TextLine>
          <TextLine ID="eSc_line_e8790f53"
                    TAGREFS="LT31"
                    BASELINE="697 1074 2147 1002 2765 989" 
                    HPOS="691"
                    VPOS="942"
                    WIDTH="2074"
                    HEIGHT="162">
            <Shape><Polygon POINTS="697 1074 697 1104 2765 1013 2765 989 2759 942 691 1022 697 1074"/></Shape>
	    <String CONTENT="droit et de Séfinir cette indépendance et de déterminier l&#x27;étendue ses"
                    HPOS="691"
                    VPOS="942"
                    WIDTH="2074"
                    HEIGHT="162"
                    WC="0.994817316532135"></String>
          </TextLine>
          <TextLine ID="eSc_line_715a738a"
                    TAGREFS="LT31"
                    BASELINE="680 1143 2274 1068 2748 1063" 
                    HPOS="678"
                    VPOS="1013"
                    WIDTH="2070"
                    HEIGHT="163">
            <Shape><Polygon POINTS="680 1143 680 1176 791 1162 912 1168 923 1168 926 1168 929 1168 931 1168 931 1165 945 1154 986 1165 989 1165 992 1165 995 1165 1006 1162 1077 1148 1204 1154 1243 1154 1246 1154 2745 1074 2748 1063 2740 1013 678 1099 680 1143"/></Shape>
	    <String CONTENT="territoires &lt;.i en jouiraient. Grisé par le faiile sucés de la Reosution"
                    HPOS="678"
                    VPOS="1013"
                    WIDTH="2070"
                    HEIGHT="163"
                    WC="0.9940988297263781"></String>
          </TextLine>
          <TextLine ID="eSc_line_cbd2f076"
                    TAGREFS="LT31"
                    BASELINE="691 1212 2081 1148 2751 1129" 
                    HPOS="686"
                    VPOS="1082"
                    WIDTH="2065"
                    HEIGHT="154">
            <Shape><Polygon POINTS="691 1212 691 1236 2751 1154 2751 1129 2745 1082 686 1162 691 1212"/></Shape>
	    <String CONTENT="àl avait parlé comme s&#x27;il ne s&#x27;odressait qu&#x27;aun noi de Gollande. De là ses"
                    HPOS="686"
                    VPOS="1082"
                    WIDTH="2065"
                    HEIGHT="154"
                    WC="0.9806940070788066"></String>
          </TextLine>
          <TextLine ID="eSc_line_10d04971"
                    TAGREFS="LT31"
                    BASELINE="683 1289 1756 1236 2756 1209" 
                    HPOS="680"
                    VPOS="1168"
                    WIDTH="2076"
                    HEIGHT="146">
            <Shape><Polygon POINTS="683 1289 683 1314 2754 1228 2756 1209 2751 1168 2290 1168 2288 1168 2188 1184 2144 1190 2009 1190 1803 1187 1800 1187 1797 1187 1758 1198 1720 1206 1610 1201 1532 1198 1530 1198 1527 1198 1513 1203 1488 1217 1276 1223 1196 1214 1171 1212 1168 1212 1149 1214 1083 1231 1028 1220 1017 1217 1014 1217 1011 1217 1009 1217 1006 1220 981 1236 796 1242 680 1231 683 1289"/></Shape>
	    <String CONTENT="double prétention nou secilement de consever à la Belgique le Ler¬"
                    HPOS="680"
                    VPOS="1168"
                    WIDTH="2076"
                    HEIGHT="146"
                    WC="0.9963837426100204"></String>
          </TextLine>
          <TextLine ID="eSc_line_c96efe4d"
                    TAGREFS="LT31"
                    BASELINE="683 1369 2765 1281" 
                    HPOS="680"
                    VPOS="1228"
                    WIDTH="2085"
                    HEIGHT="177">
            <Shape><Polygon POINTS="683 1369 683 1394 810 1405 813 1405 998 1396 1000 1396 1036 1380 1044 1377 1064 1380 1135 1391 1138 1391 1367 1366 1408 1363 1425 1363 1505 1374 1508 1374 1510 1374 1568 1358 1596 1352 1634 1355 1706 1363 1709 1363 1712 1363 1714 1363 1728 1352 1739 1344 1910 1341 1927 1344 1979 1355 1982 1355 1984 1355 2048 1338 2075 1333 2166 1333 2285 1336 2288 1336 2290 1336 2310 1327 2326 1322 2337 1327 2362 1336 2365 1336 2368 1336 2370 1336 2373 1336 2387 1325 2395 1319 2467 1322 2619 1327 2621 1327 2624 1327 2627 1327 2627 1325 2641 1314 2649 1308 2759 1308 2765 1281 2762 1242 2699 1228 2696 1228 2602 1248 2599 1248 2597 1248 2550 1234 2547 1234 2544 1234 1935 1275 1891 1278 1880 1278 1703 1270 1701 1270 1698 1270 1662 1286 1582 1278 1579 1278 1265 1305 1243 1305 1235 1305 1116 1294 1113 1294 1111 1294 1047 1314 1044 1314 989 1300 986 1300 984 1300 796 1325 788 1325 785 1325 727 1311 725 1311 722 1311 719 1311 680 1325 683 1369"/></Shape>
	    <String CONTENT="bourg et le Luyemborg qui s&#x27;étaient souleves avec elle, mais encore"
                    HPOS="680"
                    VPOS="1228"
                    WIDTH="2085"
                    HEIGHT="177"
                    WC="0.9754008837600252"></String>
          </TextLine>
          <TextLine ID="eSc_line_e3a730ae"
                    TAGREFS="LT31"
                    BASELINE="686 1451 1127 1421 2743 1360" 
                    HPOS="680"
                    VPOS="1311"
                    WIDTH="2063"
                    HEIGHT="165">
            <Shape><Polygon POINTS="686 1451 689 1476 755 1460 799 1473 805 1473 807 1473 810 1473 898 1468 1270 1440 1334 1449 1375 1454 1378 1454 1723 1440 1725 1440 1745 1429 1758 1424 1772 1429 1791 1438 1794 1438 1797 1438 1800 1438 1825 1427 1841 1421 1924 1424 2070 1427 2073 1427 2075 1427 2114 1416 2147 1405 2205 1410 2279 1418 2282 1418 2285 1418 2326 1405 2354 1396 2393 1402 2431 1407 2434 1407 2743 1385 2743 1360 2740 1325 2627 1311 2624 1311 2525 1330 2431 1319 2428 1319 2426 1319 2423 1319 2423 1322 2406 1336 2307 1325 2304 1325 2177 1344 2150 1330 2147 1330 2144 1330 1866 1358 1855 1358 1852 1358 1794 1344 1791 1344 1789 1344 1786 1344 1753 1360 1601 1355 1599 1355 1505 1371 1502 1371 1499 1371 1450 1358 1447 1358 1444 1358 1326 1363 1323 1363 1320 1363 1295 1380 1290 1380 1168 1369 1166 1369 1083 1388 1080 1388 1061 1388 716 1388 714 1388 711 1388 680 1402 686 1451"/></Shape>
	    <String CONTENT="d&#x27; aunex de la Flandre Gélandaise. En revendiquant cette dirnieère,"
                    HPOS="680"
                    VPOS="1311"
                    WIDTH="2063"
                    HEIGHT="165"
                    WC="0.9874504831299853"></String>
          </TextLine>
          <TextLine ID="eSc_line_d799fbc9"
                    TAGREFS="LT31"
                    BASELINE="678 1531 2723 1429" 
                    HPOS="672"
                    VPOS="1380"
                    WIDTH="2051"
                    HEIGHT="171">
            <Shape><Polygon POINTS="678 1531 678 1551 2393 1482 2406 1479 2506 1462 2721 1465 2723 1429 2718 1380 2208 1416 2175 1402 2144 1391 2142 1391 2139 1391 2136 1391 2084 1407 2034 1421 1998 1410 1996 1410 1993 1410 1990 1410 1987 1410 1982 1410 1913 1429 1869 1416 1858 1413 1855 1413 1852 1413 1849 1413 1833 1418 1778 1435 1712 1424 1695 1421 1692 1421 1689 1421 1681 1424 1648 1443 1571 1432 1568 1432 1565 1432 1532 1449 1505 1435 1502 1435 1499 1435 1497 1435 1494 1435 1474 1454 1326 1460 1279 1443 1257 1435 1254 1435 1251 1435 940 1449 937 1449 912 1460 857 1482 829 1465 827 1465 824 1465 821 1465 672 1468 678 1531"/></Shape>
	    <String CONTENT="dont &lt; &lt;..&gt; caloiniste &lt;....... fsa rtie depuis le XVII:"
                    HPOS="672"
                    VPOS="1380"
                    WIDTH="2051"
                    HEIGHT="171"
                    WC="0.8980984549437251"></String>
          </TextLine>
          <TextLine ID="eSc_line_c745857c"
                    TAGREFS="LT34"
                    BASELINE="918 1484 1277 1460" 
                    HPOS="918"
                    VPOS="1460"
                    WIDTH="359"
                    HEIGHT="24">
	    <String CONTENT=""
                    HPOS="918"
                    VPOS="1460"
                    WIDTH="359"
                    HEIGHT="24"></String>
          </TextLine>
          <TextLine ID="eSc_line_2c33f504"
                    TAGREFS="LT31"
                    BASELINE="675 1611 2109 1531 2745 1520" 
                    HPOS="672"
                    VPOS="1468"
                    WIDTH="2073"
                    HEIGHT="173">
            <Shape><Polygon POINTS="675 1611 675 1641 816 1641 816 1639 818 1639 843 1633 901 1617 1047 1622 1119 1625 1122 1625 1124 1625 1149 1617 1193 1606 1246 1614 1273 1617 1276 1617 1361 1608 1579 1584 1610 1597 1612 1597 1615 1597 1618 1597 1637 1595 1725 1581 1767 1589 1786 1592 1789 1592 1819 1586 1921 1567 2153 1570 2155 1570 2158 1570 2161 1570 2188 1551 2745 1542 2745 1520 2740 1471 2478 1482 2475 1482 2434 1468 2431 1468 2428 1468 2426 1468 2423 1468 2404 1484 2404 1487 2318 1490 2296 1476 2293 1476 2290 1476 2288 1476 2155 1498 2144 1498 2142 1498 2111 1484 2109 1484 2106 1484 2103 1484 2045 1504 2037 1504 2018 1504 1852 1495 1849 1495 1847 1495 1805 1515 1803 1515 1789 1515 1695 1509 1692 1509 1689 1509 1667 1520 1662 1523 1645 1523 1557 1509 1554 1509 1439 1531 1433 1531 1428 1531 1279 1523 1276 1523 1185 1545 1163 1548 1144 1545 1055 1534 1053 1534 1050 1534 1011 1553 1009 1553 1006 1553 973 1540 970 1540 967 1540 964 1540 962 1540 942 1556 937 1559 918 1556 843 1545 840 1545 838 1545 793 1562 788 1567 672 1567 675 1611"/></Shape>
	    <String CONTENT="siecle de la Republique des Provinces-Uines &lt;.p....t &lt;ehop&gt;"
                    HPOS="672"
                    VPOS="1468"
                    WIDTH="2073"
                    HEIGHT="173"
                    WC="0.9853377796835818"></String>
          </TextLine>
          <TextLine ID="eSc_line_9a76ec41"
                    TAGREFS="LT31"
                    BASELINE="672 1680 2271 1600 2767 1592" 
                    HPOS="669"
                    VPOS="1540"
                    WIDTH="2098"
                    HEIGHT="159">
            <Shape><Polygon POINTS="672 1680 672 1699 2194 1644 2224 1639 2313 1625 2354 1636 2362 1636 2365 1636 2368 1636 2390 1633 2489 1617 2533 1628 2536 1628 2539 1628 2541 1628 2558 1628 2679 1608 2765 1617 2767 1592 2765 1545 2550 1540 2547 1540 2431 1559 2415 1559 2387 1559 2183 1556 2180 1556 2177 1556 2133 1570 2122 1573 2100 1573 2007 1564 2004 1564 1871 1581 1825 1586 1811 1584 1778 1575 1775 1575 1772 1575 1769 1575 1725 1586 1706 1592 1692 1589 1665 1581 1662 1581 1659 1581 1656 1581 1654 1581 1654 1584 1645 1592 1640 1595 1632 1592 1610 1584 1607 1584 1604 1584 1601 1584 1599 1584 1585 1595 1576 1597 1568 1595 1546 1586 1543 1586 1541 1586 1538 1586 1535 1586 1524 1595 1519 1603 669 1630 672 1680"/></Shape>
	    <String CONTENT="cepaidant que ce niétait p... .. .... ....&gt; mais ..&gt;"
                    HPOS="669"
                    VPOS="1540"
                    WIDTH="2098"
                    HEIGHT="159"
                    WC="0.9381889609190134"></String>
          </TextLine>
          <TextLine ID="eSc_line_b2f353f6"
                    TAGREFS="LT34"
                    BASELINE="1590 1672 1800 1659" 
                    HPOS="1590"
                    VPOS="1659"
                    WIDTH="210"
                    HEIGHT="13">
	    <String CONTENT=""
                    HPOS="1590"
                    VPOS="1659"
                    WIDTH="210"
                    HEIGHT="13"></String>
          </TextLine>
          <TextLine ID="eSc_line_2c6f8bf8"
                    TAGREFS="LT31"
                    BASELINE="672 1749 1436 1716 1772 1688 2740 1658" 
                    HPOS="669"
                    VPOS="1606"
                    WIDTH="2071"
                    HEIGHT="170">
            <Shape><Polygon POINTS="672 1749 672 1776 953 1768 956 1768 1011 1752 1342 1752 1370 1752 1372 1752 1397 1752 1731 1719 2029 1724 2078 1724 2081 1724 2084 1724 2092 1721 2153 1699 2503 1688 2555 1702 2563 1705 2566 1705 2569 1705 2572 1705 2585 1702 2649 1683 2734 1694 2740 1658 2734 1606 2519 1614 2517 1614 2506 1617 2428 1636 2387 1625 2384 1625 2381 1625 2379 1625 2346 1639 2227 1630 2219 1630 2216 1630 2213 1630 2211 1630 2191 1647 1918 1647 1659 1647 1656 1647 1654 1647 1623 1661 1610 1666 1579 1664 1535 1658 1532 1658 1530 1658 1527 1658 1516 1666 1502 1675 1485 1666 1469 1661 1466 1661 1463 1661 1461 1661 1458 1661 1447 1669 1436 1680 1163 1688 1149 1686 1102 1669 1100 1669 1097 1669 1094 1669 1091 1669 1066 1688 1064 1691 915 1697 912 1697 895 1683 893 1683 890 1683 887 1683 884 1683 882 1683 882 1686 865 1699 865 1702 669 1708 672 1749"/></Shape>
	    <String CONTENT="Anquête quil lvqnait et dt Piuneures rnanimement fidetz"
                    HPOS="669"
                    VPOS="1606"
                    WIDTH="2071"
                    HEIGHT="170"
                    WC="0.9589340220798146"></String>
          </TextLine>
          <TextLine ID="eSc_line_72db8fbb"
                    TAGREFS="LT31"
                    BASELINE="675 1829 1905 1754 2743 1727" 
                    HPOS="669"
                    VPOS="1680"
                    WIDTH="2074"
                    HEIGHT="179">
            <Shape><Polygon POINTS="675 1829 675 1859 838 1837 937 1848 940 1848 942 1848 945 1848 998 1829 1094 1840 1097 1840 1100 1840 1102 1840 1166 1821 1254 1832 1257 1832 1259 1832 1273 1832 1527 1801 1607 1810 1610 1810 1745 1790 1783 1804 1786 1804 1789 1804 1791 1804 1803 1804 1913 1782 1990 1793 1998 1793 2001 1793 2004 1793 2007 1793 2026 1774 2166 1768 2211 1782 2213 1782 2216 1782 2219 1782 2252 1779 2456 1754 2740 1754 2743 1727 2737 1680 2332 1686 2329 1686 2274 1702 2263 1705 2241 1705 2111 1697 2109 1697 1996 1716 1954 1705 1951 1705 1949 1705 1720 1732 1681 1735 1673 1735 1634 1724 1632 1724 1629 1724 1626 1724 1623 1724 1623 1727 1612 1738 1610 1738 1604 1738 1524 1727 1521 1727 1292 1754 1257 1757 1243 1757 1163 1746 1160 1746 967 1771 937 1774 929 1774 890 1760 887 1760 884 1760 669 1785 675 1829"/></Shape>
	    <String CONTENT="à Guillemme, il ne pouvait lui échopper cependant qu&#x27;il se mettait"
                    HPOS="669"
                    VPOS="1680"
                    WIDTH="2074"
                    HEIGHT="179"
                    WC="0.9894963894317399"></String>
          </TextLine>
          <TextLine ID="eSc_line_48827db1"
                    TAGREFS="LT31"
                    BASELINE="664 1892 2734 1807" 
                    HPOS="661"
                    VPOS="1765"
                    WIDTH="2073"
                    HEIGHT="163">
            <Shape><Polygon POINTS="664 1892 667 1928 733 1911 791 1922 793 1922 796 1922 802 1922 873 1906 1177 1906 1262 1906 1262 1903 1265 1903 1268 1903 1270 1900 1292 1887 1557 1887 1731 1884 1769 1876 1811 1867 1929 1867 2062 1870 2064 1870 2734 1829 2734 1807 2729 1765 2492 1765 2489 1765 2486 1765 2464 1776 2456 1779 2439 1776 2390 1768 2387 1768 2384 1768 2381 1768 2368 1779 2359 1787 2186 1793 2144 1790 2059 1782 2056 1782 1993 1796 1968 1801 1940 1799 1860 1790 1858 1790 1753 1807 1714 1812 1684 1810 1599 1801 1596 1801 1485 1818 1450 1823 1428 1821 1353 1812 1350 1812 1348 1812 1345 1812 1323 1826 1315 1832 1119 1837 1094 1837 989 1826 986 1826 661 1854 664 1892"/></Shape>
	    <String CONTENT="en contradiction avec lui même, &lt;.. .. 6 ne s&#x27;agis¬"
                    HPOS="661"
                    VPOS="1765"
                    WIDTH="2073"
                    HEIGHT="163"
                    WC="0.9643739754078435"></String>
          </TextLine>
          <TextLine ID="eSc_line_ae95411f"
                    TAGREFS="LT31"
                    BASELINE="667 1969 2007 1906 2745 1887" 
                    HPOS="661"
                    VPOS="1845"
                    WIDTH="2084"
                    HEIGHT="157">
            <Shape><Polygon POINTS="667 1969 667 1989 793 2002 796 2002 918 1980 940 1978 995 1978 1251 1983 1254 1983 1425 1975 1428 1975 1430 1975 1447 1961 1458 1956 1499 1958 1587 1967 1590 1967 1662 1953 1709 1945 1753 1950 1822 1958 1825 1958 1827 1958 1830 1958 1844 1947 1852 1939 1869 1945 1896 1956 1899 1956 1902 1956 1905 1956 1943 1942 1971 1931 2120 1928 2136 1936 2155 1945 2158 1945 2161 1945 2164 1945 2197 1934 2230 1922 2293 1931 2357 1936 2359 1936 2406 1925 2456 1914 2745 1914 2745 1887 2740 1845 1962 1859 1960 1859 1907 1876 1894 1878 1866 1876 1772 1867 1769 1867 1667 1884 1626 1889 1576 1887 1466 1881 1463 1881 1403 1895 1367 1903 1179 1909 1152 1903 1122 1895 1119 1895 1116 1895 1039 1906 975 1920 661 1920 667 1969"/></Shape>
	    <String CONTENT="sait plus ici d&#x27;invoquer le droit du peuple à dieposer de son sort. L"
                    HPOS="661"
                    VPOS="1845"
                    WIDTH="2084"
                    HEIGHT="157"
                    WC="0.9939545282295772"></String>
          </TextLine>
          <TextLine ID="eSc_line_b185c6fd"
                    TAGREFS="LT31"
                    BASELINE="667 2044 2790 1954" 
                    HPOS="664"
                    VPOS="1911"
                    WIDTH="2109"
                    HEIGHT="171">
            <Shape><Polygon POINTS="667 2066 730 2082 733 2082 1179 2049 1331 2035 1678 2027 1689 2030 1714 2041 1717 2041 1720 2041 1951 2022 2183 2002 2299 2011 2373 2013 2376 2013 2379 2013 2404 2005 2450 1991 2770 1991 2773 1956 2770 1911 2528 1911 2525 1911 2522 1911 2483 1922 2467 1928 2456 1925 2437 1914 2434 1914 2431 1914 2296 1920 2293 1920 2290 1920 2274 1931 2266 1936 2191 1936 2037 1934 2034 1934 1979 1945 1954 1950 1932 1947 1877 1939 1874 1939 1871 1939 1841 1950 1830 1956 1780 1953 1640 1947 1637 1947 1535 1964 1505 1969 1463 1969 1326 1961 1323 1961 1204 1980 1174 1983 1155 1983 1055 1972 1053 1972 1050 1972 986 1989 975 1991 948 1991 785 1983 782 1983 664 2002 667 2044"/></Shape>
	    <String CONTENT=""
                    HPOS="664"
                    VPOS="1911"
                    WIDTH="2109"
                    HEIGHT="171"></String>
          </TextLine>
          <TextLine ID="eSc_line_25786c72"
                    TAGREFS="LT31"
                    BASELINE="664 2129 2743 2035" 
                    HPOS="661"
                    VPOS="1991"
                    WIDTH="2082"
                    HEIGHT="171">
            <Shape><Polygon POINTS="664 2129 664 2162 791 2143 1218 2126 1259 2135 1273 2137 1276 2137 2743 2057 2743 2035 2740 1997 2547 1991 2544 1991 2541 1991 2486 2005 2478 2008 2434 2008 2180 2008 2177 2008 2078 2024 2053 2027 2020 2027 1877 2022 1874 2022 1811 2035 1797 2038 1756 2038 1568 2035 1565 2035 1563 2035 1513 2049 1499 2052 1488 2049 1447 2041 1444 2041 661 2085 664 2129"/></Shape>
	    <String CONTENT="&lt;... .. .. .. ... ...&gt; se reveu¬"
                    HPOS="661"
                    VPOS="1991"
                    WIDTH="2082"
                    HEIGHT="171"
                    WC="0.8208137527108192"></String>
          </TextLine>
          <TextLine ID="eSc_line_84f88618"
                    TAGREFS="LT31"
                    BASELINE="667 2201 2729 2115" 
                    HPOS="661"
                    VPOS="2071"
                    WIDTH="2068"
                    HEIGHT="166">
            <Shape><Polygon POINTS="667 2201 667 2223 714 2237 716 2237 719 2237 722 2237 788 2220 791 2220 1050 2220 1053 2220 1055 2220 1058 2220 1058 2217 1069 2206 1072 2206 1083 2206 1174 2217 1177 2217 1251 2201 1268 2198 1345 2198 1728 2198 1728 2195 1731 2195 1794 2179 1811 2176 1844 2176 1993 2184 1996 2184 1998 2184 2048 2168 2064 2165 2109 2165 2257 2173 2260 2173 2729 2140 2729 2115 2723 2071 661 2159 667 2201"/></Shape>
	    <String CONTENT="oscation de la Flandre Zelandaire se pouvait se pestifier que par cette rai¬"
                    HPOS="661"
                    VPOS="2071"
                    WIDTH="2068"
                    HEIGHT="166"
                    WC="0.9819945026385156"></String>
          </TextLine>
          <TextLine ID="eSc_line_0c3a22dd"
                    TAGREFS="LT31"
                    BASELINE="661 2272 2715 2187" 
                    HPOS="658"
                    VPOS="2148"
                    WIDTH="2057"
                    HEIGHT="149">
            <Shape><Polygon POINTS="661 2272 661 2292 956 2283 959 2283 984 2297 986 2297 989 2297 1058 2283 1105 2297 1108 2297 1111 2297 1113 2297 1155 2281 1188 2294 1190 2294 1193 2294 1521 2281 1524 2281 1604 2259 1615 2256 1673 2256 1905 2256 1907 2256 1965 2242 1996 2237 2007 2242 2045 2259 2048 2259 2051 2259 2180 2234 2188 2234 2194 2234 2246 2250 2249 2250 2252 2250 2370 2228 2398 2220 2715 2212 2715 2187 2710 2148 2045 2162 1805 2184 1769 2187 1764 2187 1728 2176 1725 2176 1723 2176 1720 2176 1717 2176 1698 2190 1695 2190 1692 2190 1643 2179 1640 2179 1466 2198 1441 2201 1433 2201 1375 2190 1372 2190 1370 2190 1367 2190 1353 2204 1350 2204 1326 2204 1047 2204 1044 2204 658 2231 661 2272"/></Shape>
	    <String CONTENT="son l&#x27;Etat contre laquelle, présisément s&#x27;etait faite le rivolution de"
                    HPOS="658"
                    VPOS="2148"
                    WIDTH="2057"
                    HEIGHT="149"
                    WC="0.9879984549113683"></String>
          </TextLine>
          <TextLine ID="eSc_line_63bf7242"
                    TAGREFS="LT31"
                    BASELINE="658 2352 2740 2264" 
                    HPOS="656"
                    VPOS="2226"
                    WIDTH="2084"
                    HEIGHT="148">
            <Shape><Polygon POINTS="658 2352 658 2374 2740 2297 2740 2264 2734 2226 1290 2289 1135 2283 1102 2283 1100 2283 1097 2283 1088 2286 1031 2300 857 2294 840 2294 838 2294 835 2294 832 2294 810 2308 656 2303 658 2352"/></Shape>
	    <String CONTENT="1830. En cette &lt;....&gt; occurrence, le conpés sairifiart aux convenances"
                    HPOS="656"
                    VPOS="2226"
                    WIDTH="2084"
                    HEIGHT="148"
                    WC="0.9654206233365196"></String>
          </TextLine>
          <TextLine ID="eSc_line_1ba61e44"
                    TAGREFS="LT31"
                    BASELINE="664 2435 1202 2402 2745 2347" 
                    HPOS="658"
                    VPOS="2300"
                    WIDTH="2087"
                    HEIGHT="162">
            <Shape><Polygon POINTS="664 2435 664 2462 1003 2451 1006 2451 1009 2451 1011 2449 1028 2438 1061 2446 1072 2449 1075 2449 1077 2449 1080 2449 1100 2443 1168 2427 1213 2440 1229 2443 1232 2443 1235 2443 1237 2443 1240 2443 1246 2438 1259 2429 1359 2432 1441 2435 1444 2435 1499 2427 1599 2410 1676 2418 1734 2424 1736 2424 1739 2424 1780 2413 1827 2399 2260 2385 2277 2391 2304 2402 2307 2402 2310 2402 2313 2402 2315 2402 2315 2399 2329 2388 2337 2380 2745 2369 2745 2347 2740 2300 658 2388 664 2435"/></Shape>
	    <String CONTENT="de la Belgique une population étrangire dt, comme la conférence de Lombres"
                    HPOS="658"
                    VPOS="2300"
                    WIDTH="2087"
                    HEIGHT="162"
                    WC="0.9770792352186667"></String>
          </TextLine>
          <TextLine ID="eSc_line_29c860a2"
                    TAGREFS="LT31"
                    BASELINE="667 2504 2723 2421" 
                    HPOS="664"
                    VPOS="2380"
                    WIDTH="2059"
                    HEIGHT="154">
            <Shape><Polygon POINTS="667 2504 667 2534 1284 2501 1334 2507 1370 2512 1372 2512 1458 2501 1563 2490 1753 2490 2037 2490 2037 2487 2186 2468 2246 2462 2304 2462 2450 2468 2453 2468 2528 2454 2541 2451 2547 2451 2580 2465 2583 2465 2585 2465 2723 2443 2723 2421 2718 2380 1880 2418 1816 2418 1629 2416 1626 2416 1623 2416 1571 2429 1554 2432 1499 2432 1284 2429 1281 2429 1155 2449 1141 2449 1133 2449 1077 2438 1075 2438 1072 2438 1009 2454 1003 2454 989 2454 810 2449 807 2449 664 2468 667 2504"/></Shape>
	    <String CONTENT="le foirait justement observer se fondait riniquement sur le droit de"
                    HPOS="664"
                    VPOS="2380"
                    WIDTH="2059"
                    HEIGHT="154"
                    WC="0.9833533974254832"></String>
          </TextLine>
          <TextLine ID="eSc_line_c1db7617"
                    TAGREFS="LT31"
                    BASELINE="661 2581 1739 2534 2723 2507" 
                    HPOS="658"
                    VPOS="2449"
                    WIDTH="2065"
                    HEIGHT="168">
            <Shape><Polygon POINTS="661 2581 661 2617 893 2592 951 2608 956 2608 959 2608 962 2608 964 2608 967 2608 970 2606 986 2595 1025 2603 1033 2606 1036 2606 1039 2606 1102 2600 1350 2575 1477 2584 1508 2584 1510 2584 1587 2578 1803 2559 1866 2564 1943 2573 1946 2573 2020 2559 2031 2556 2040 2556 2078 2564 2081 2564 2084 2564 2086 2564 2098 2553 2106 2548 2125 2553 2166 2564 2169 2564 2172 2564 2175 2564 2211 2548 2216 2548 2227 2548 2321 2559 2324 2559 2326 2559 2357 2542 2365 2537 2533 2534 2536 2534 2574 2548 2577 2548 2580 2548 2583 2548 2630 2531 2696 2545 2699 2545 2701 2545 2704 2545 2723 2529 2723 2507 2715 2449 2530 2473 2122 2473 2120 2473 1618 2504 1497 2493 1480 2493 1477 2493 1428 2496 1097 2523 1036 2509 1025 2509 1022 2509 1020 2509 1009 2512 945 2529 821 2518 796 2518 793 2518 791 2518 780 2520 719 2537 658 2526 661 2581"/></Shape>
	    <String CONTENT="conquête. la querre seuleent pu trancher la question puisqu&#x27;elle ni&#x27;était"
                    HPOS="658"
                    VPOS="2449"
                    WIDTH="2065"
                    HEIGHT="168"
                    WC="0.9833812052256441"></String>
          </TextLine>
          <TextLine ID="eSc_line_f9a01981"
                    TAGREFS="LT31"
                    BASELINE="667 2655 1739 2617 2737 2600" 
                    HPOS="664"
                    VPOS="2548"
                    WIDTH="2073"
                    HEIGHT="140">
            <Shape><Polygon POINTS="667 2655 667 2688 774 2669 854 2683 868 2686 871 2686 904 2683 1077 2661 1141 2675 1149 2677 1152 2677 1155 2677 1226 2672 1585 2644 1706 2644 1731 2658 1734 2661 1736 2661 1739 2661 1742 2661 1838 2655 2200 2631 2321 2642 2365 2644 2368 2644 2370 2644 2393 2639 2448 2625 2464 2636 2470 2642 2472 2642 2475 2642 2478 2642 2536 2636 2654 2620 2676 2631 2687 2636 2690 2636 2693 2636 2734 2628 2737 2600 2729 2548 664 2608 667 2655"/></Shape>
	    <String CONTENT="qu&#x27;une question de force et il n&#x27;était pas au pouvoir des Bilges de faire la"
                    HPOS="664"
                    VPOS="2548"
                    WIDTH="2073"
                    HEIGHT="140"
                    WC="0.9865387607561914"></String>
          </TextLine>
          <TextLine ID="eSc_line_65331c78"
                    TAGREFS="LT31"
                    BASELINE="669 2738 1750 2702" 
                    HPOS="667"
                    VPOS="2650"
                    WIDTH="1083"
                    HEIGHT="121">
            <Shape><Polygon POINTS="669 2738 669 2771 736 2757 816 2768 832 2768 835 2768 838 2768 840 2768 840 2766 860 2752 1020 2760 1031 2760 1033 2760 1036 2760 1039 2760 1086 2743 1221 2755 1243 2755 1246 2755 1265 2752 1375 2735 1747 2735 1750 2702 1742 2655 1621 2666 1607 2661 1585 2650 1582 2650 1579 2650 1508 2664 1469 2672 1428 2669 1337 2658 1334 2658 1331 2658 1298 2675 1290 2677 1279 2675 1240 2664 1237 2664 1235 2664 1163 2680 1149 2683 1144 2680 1111 2666 1108 2666 1105 2666 998 2669 995 2669 945 2688 691 2686 689 2686 686 2686 683 2686 667 2694 669 2738"/></Shape>
	    <String CONTENT="guerre contre la volonté de l&#x27;Europe."
                    HPOS="667"
                    VPOS="2650"
                    WIDTH="1083"
                    HEIGHT="121"
                    WC="0.9983303305265065"></String>
          </TextLine>
          <TextLine ID="eSc_line_24e7beb4"
                    TAGREFS="LT31"
                    BASELINE="661 2804 1731 2779 2704 2730" 
                    HPOS="658"
                    VPOS="2686"
                    WIDTH="2046"
                    HEIGHT="146">
            <Shape><Polygon POINTS="661 2804 661 2832 2357 2790 2359 2790 2428 2768 2701 2757 2704 2730 2696 2686 2555 2705 2511 2691 2506 2691 2503 2691 2500 2691 2483 2694 2393 2710 2362 2697 2357 2697 2354 2697 2351 2697 2335 2699 2257 2716 2034 2710 1957 2710 1954 2710 1814 2716 1811 2716 1808 2716 1805 2721 1789 2735 1356 2738 1028 2743 1025 2743 1022 2743 1009 2752 992 2763 658 2766 661 2804"/></Shape>
	    <String CONTENT="L&#x27;intorvention de l&#x27;Europe dans le conflit hollando-balge en avait"
                    HPOS="658"
                    VPOS="2686"
                    WIDTH="2046"
                    HEIGHT="146"
                    WC="0.9921109161593697"></String>
          </TextLine>
          <TextLine ID="eSc_line_9a044c1b"
                    TAGREFS="LT31"
                    BASELINE="650 2881 2715 2815" 
                    HPOS="647"
                    VPOS="2763"
                    WIDTH="2068"
                    HEIGHT="149">
            <Shape><Polygon POINTS="650 2881 650 2903 904 2912 907 2912 995 2895 998 2895 1000 2895 1133 2903 1135 2903 2715 2840 2715 2815 2707 2763 2354 2788 1935 2788 1929 2788 1927 2788 1836 2804 1692 2796 1689 2796 1687 2796 1684 2796 1665 2810 1618 2799 1615 2799 1612 2799 1610 2799 1576 2815 1237 2823 1155 2812 1152 2812 1149 2812 890 2834 647 2829 650 2881"/></Shape>
	    <String CONTENT="dès lors &lt;...&gt; délerminé le cours et imposé la solution. Au fond, les traités"
                    HPOS="647"
                    VPOS="2763"
                    WIDTH="2068"
                    HEIGHT="149"
                    WC="0.9706994597013895"></String>
          </TextLine>
          <TextLine ID="eSc_line_86d3743d"
                    TAGREFS="LT31"
                    BASELINE="650 2964 2743 2895" 
                    HPOS="647"
                    VPOS="2854"
                    WIDTH="2096"
                    HEIGHT="146">
            <Shape><Polygon POINTS="650 2964 650 3000 989 2975 1119 2983 1146 2983 1149 2983 1190 2980 1337 2964 1535 2967 1651 2967 1654 2967 1689 2961 1739 2950 1863 2953 1982 2956 1984 2956 2040 2947 2084 2939 2169 2942 2310 2945 2313 2945 2740 2917 2743 2895 2734 2854 647 2923 650 2964"/></Shape>
	    <String CONTENT="de 1839 étaient une sentence dectre &lt;..&gt;, après d&#x27;innombrables curé"
                    HPOS="647"
                    VPOS="2854"
                    WIDTH="2096"
                    HEIGHT="146"
                    WC="0.9811921840283409"></String>
          </TextLine>
          <TextLine ID="eSc_line_5bc7c6b8"
                    TAGREFS="LT31"
                    BASELINE="647 3044 2718 2972" 
                    HPOS="645"
                    VPOS="2917"
                    WIDTH="2073"
                    HEIGHT="160">
            <Shape><Polygon POINTS="647 3044 647 3063 882 3077 884 3077 887 3077 973 3055 975 3055 978 3055 1028 3071 1031 3071 1033 3071 1174 3066 1177 3066 1179 3066 1207 3049 1213 3044 1243 3047 1342 3060 1345 3060 1348 3060 1381 3044 1389 3038 1397 3041 1436 3058 1439 3058 1441 3058 1662 3036 1767 3022 1877 3022 1891 3027 1913 3038 1916 3038 1918 3038 1921 3038 1971 3024 2012 3013 2257 3011 2279 3016 2313 3027 2315 3027 2318 3027 2321 3027 2351 3013 2368 3008 2428 3013 2514 3019 2517 3019 2519 3019 2539 3008 2561 2997 2715 3002 2718 2972 2712 2934 2627 2917 2624 2917 2621 2917 2550 2939 2544 2939 2539 2939 2497 2925 2495 2925 2492 2925 2489 2925 2486 2925 2464 2942 2459 2942 2439 2942 2321 2934 2318 2934 2315 2934 2266 2947 2263 2947 2230 2931 2227 2931 2224 2931 2222 2931 2186 2950 2183 2950 2177 2950 2106 2939 2103 2939 2100 2939 2067 2953 2062 2956 2045 2956 1946 2942 1943 2942 1940 2942 1882 2961 1874 2964 1734 2967 1728 2964 1712 2953 1709 2953 1706 2953 1703 2953 1546 2972 1530 2972 1521 2972 1439 2958 1436 2958 1237 2980 1190 2986 1174 2983 1113 2969 1111 2969 1031 2972 1028 2972 1025 2972 1025 2975 1009 2989 1006 2994 829 2994 796 2980 793 2980 791 2980 645 3000 647 3044"/></Shape>
	    <String CONTENT="deuts de procédure aux deux parties en cause et à tout prendre, elle"
                    HPOS="645"
                    VPOS="2917"
                    WIDTH="2073"
                    HEIGHT="160"
                    WC="0.9908692612164263"></String>
          </TextLine>
          <TextLine ID="eSc_line_0e1b53a4"
                    TAGREFS="LT31"
                    BASELINE="645 3124 2718 3058" 
                    HPOS="642"
                    VPOS="3013"
                    WIDTH="2076"
                    HEIGHT="144">
            <Shape><Polygon POINTS="645 3124 645 3157 918 3137 1135 3140 1326 3143 1328 3143 1383 3132 1422 3124 1466 3129 1521 3135 1524 3135 2084 3107 2147 3104 2150 3104 2188 3115 2191 3115 2194 3115 2197 3115 2227 3102 2230 3102 2282 3113 2285 3113 2288 3113 2348 3096 2376 3091 2398 3096 2456 3107 2459 3107 2461 3107 2464 3107 2481 3093 2489 3085 2718 3082 2718 3058 2712 3016 2448 3013 2445 3013 2387 3027 2354 3033 2329 3027 2282 3019 2279 3019 2150 3036 2089 3041 2073 3038 2042 3027 2040 3027 2037 3027 1841 3033 1838 3033 1836 3033 1816 3047 1814 3049 1579 3058 1538 3055 1408 3047 1406 3047 1403 3047 1400 3047 1400 3049 1386 3060 1383 3066 1146 3071 1102 3071 909 3063 907 3063 813 3080 799 3082 791 3082 719 3069 716 3069 642 3085 645 3124"/></Shape>
	    <String CONTENT="donnait &lt;..&gt; gain de cause à̀ la Bilgique puisqu&#x27;elle consa¬"
                    HPOS="642"
                    VPOS="3013"
                    WIDTH="2076"
                    HEIGHT="144"
                    WC="0.9771863053242366"></String>
          </TextLine>
          <TextLine ID="eSc_line_319e383c"
                    TAGREFS="LT31"
                    BASELINE="636 3195 2726 3148" 
                    HPOS="634"
                    VPOS="3102"
                    WIDTH="2092"
                    HEIGHT="137">
            <Shape><Polygon POINTS="661 3190 634 3190 636 3195 636 3217 722 3220 744 3239 747 3239 749 3239 752 3239 904 3215 909 3212 1058 3212 1061 3212 1119 3231 1122 3231 1124 3231 1337 3206 1372 3204 1392 3206 1491 3223 1494 3223 1497 3223 1541 3204 1557 3204 1860 3215 1863 3215 2726 3182 2726 3148 2721 3115 2602 3102 2599 3102 2445 3118 2359 3107 2357 3107 2354 3107 2351 3107 2335 3121 2324 3121 1990 3115 1987 3115 675 3154 661 3190"/></Shape>
	    <String CONTENT="-crait irrivocablement l&#x27;existence de cet Etat révolutionnaire. Sans"
                    HPOS="634"
                    VPOS="3102"
                    WIDTH="2092"
                    HEIGHT="137"
                    WC="0.9732312787981594"></String>
          </TextLine>
        </TextBlock>
        <TextBlock HPOS="249"
                   VPOS="42"
                   WIDTH="250"
                   HEIGHT="163"
                   ID="eSc_textblock_a0e625a7"
                   TAGREFS="BT44">
          <Shape><Polygon POINTS="249 42 249 205 499 205 499 42"/></Shape>
        </TextBlock>
        <TextBlock ID="eSc_dummyblock_">
          <TextLine ID="eSc_line_2c41f862"
                    TAGREFS="LT31"
                    BASELINE="272 137 420 132" 
                    HPOS="303"
                    VPOS="79"
                    WIDTH="47"
                    HEIGHT="91">
            <Shape><Polygon POINTS="314 137 319 170 350 168 347 132 333 79 328 79 303 85"/></Shape>
	    <String CONTENT="12"
                    HPOS="303"
                    VPOS="79"
                    WIDTH="47"
                    HEIGHT="91"
                    WC="0.8973126709461212"></String>
          </TextLine>
        </TextBlock>
      </PrintSpace>
    </Page>
  </Layout>
</alto>
