<?xml version="1.0" encoding="UTF-8"?>
<alto xmlns:xsi="http://www.w3.org/2001/XMLSchema-instance"
      xmlns="http://www.loc.gov/standards/alto/ns-v4#"
      xsi:schemaLocation="http://www.loc.gov/standards/alto/ns-v4# http://www.loc.gov/standards/alto/v4/alto-4-2.xsd">
  <Description>
    <MeasurementUnit>pixel</MeasurementUnit>
    <sourceImageInformation>
      <fileName>ARCH-DIV-000496_0183.png</fileName>
    </sourceImageInformation>
  </Description>
  <Tags>
    <OtherTag ID="BT42" LABEL="MainZone" DESCRIPTION="block type MainZone"/><OtherTag ID="BT43" LABEL="MarginTextZone" DESCRIPTION="block type MarginTextZone"/><OtherTag ID="BT44" LABEL="NumberingZone" DESCRIPTION="block type NumberingZone"/><OtherTag ID="BT45" LABEL="TitlePageZone" DESCRIPTION="block type TitlePageZone"/><OtherTag ID="BT46" LABEL="CustomZone:Numbering" DESCRIPTION="block type CustomZone:Numbering"/><OtherTag ID="BT49" LABEL="MarginTextZone:lower" DESCRIPTION="block type MarginTextZone:lower"/>
    <OtherTag ID="LT25" LABEL="default" DESCRIPTION="line type default"/><OtherTag ID="LT31" LABEL="DefaultLine" DESCRIPTION="line type DefaultLine"/><OtherTag ID="LT32" LABEL="HeadingLine" DESCRIPTION="line type HeadingLine"/><OtherTag ID="LT33" LABEL="InterlinearLine:addition" DESCRIPTION="line type InterlinearLine:addition"/><OtherTag ID="LT34" LABEL="InterlinearLine:correction" DESCRIPTION="line type InterlinearLine:correction"/>
  </Tags>
  <Layout>
    <Page WIDTH="2790"
          HEIGHT="3362"
          PHYSICAL_IMG_NR="182"
          ID="eSc_dummypage_">
      <PrintSpace HPOS="0"
                  VPOS="0"
                  WIDTH="2790"
                  HEIGHT="3362">
        <TextBlock HPOS="534"
                   VPOS="12"
                   WIDTH="2214"
                   HEIGHT="3348"
                   ID="5b3de8df-430b-4185-9fb0-0ef6d6b85518"
                   TAGREFS="BT42">
          <Shape><Polygon POINTS="2748 12 2748 3360 534 3360 534 12"/></Shape>
          <TextLine ID="eSc_line_a4eaec8f"
                    TAGREFS="LT31"
                    BASELINE="647 86 933 78 2717 86" 
                    HPOS="644"
                    VPOS="25"
                    WIDTH="2073"
                    HEIGHT="92">
            <Shape><Polygon POINTS="2691 42 2663 42 2635 42 2607 42 2579 42 2551 42 2523 42 2495 42 2470 39 2445 42 2436 39 2411 39 2383 39 2355 39 2327 39 2299 39 2271 39 2257 39 2234 42 2220 39 2215 39 2187 36 2159 36 2131 36 2103 36 2074 36 2066 36 2046 39 2024 42 2002 39 1979 36 1962 36 1934 33 1906 33 1878 33 1850 33 1822 33 1811 33 1786 39 1780 42 1643 42 1640 39 1626 30 1626 30 1598 30 1575 30 1547 39 1542 39 1539 39 1500 30 1486 30 1458 30 1430 28 1402 28 1373 28 1345 28 1317 28 1113 36 1076 25 1065 25 1037 25 1009 25 981 25 953 25 936 25 647 36 647 86 644 106 2711 117 2717 86 2714 42 2691 42"/></Shape>
	    <String CONTENT="répondèrent en se déchainant contre les folies militaristes&quot; du minis¬"
                    HPOS="644"
                    VPOS="25"
                    WIDTH="2073"
                    HEIGHT="92"
                    WC="0.9849476873874664"></String>
          </TextLine>
          <TextLine ID="eSc_line_b8bc042c"
                    TAGREFS="LT31"
                    BASELINE="644 159 2722 148" 
                    HPOS="642"
                    VPOS="98"
                    WIDTH="2080"
                    HEIGHT="95">
            <Shape><Polygon POINTS="644 159 644 193 773 179 869 193 880 193 883 193 930 193 1222 179 1278 190 1289 190 1292 190 1295 190 1298 190 1326 176 1444 176 1458 187 1460 190 1463 190 1466 190 1469 193 1679 193 1679 190 1682 190 1685 190 1685 187 1688 184 1702 173 1884 184 1951 187 1954 187 2722 176 2722 148 2717 112 2338 98 2335 98 2271 112 2237 98 2234 98 2232 98 2229 98 2184 114 2178 114 2170 114 2066 100 2063 100 2060 100 2058 100 2041 114 2038 117 1929 117 1780 117 1738 100 1735 100 1732 100 1730 100 1693 114 1553 103 1550 103 1379 117 1334 103 1331 103 1329 103 1326 103 1292 117 1177 106 1174 106 1172 106 1169 106 1152 120 1152 123 1138 123 992 123 975 106 972 106 970 106 692 106 689 106 686 106 642 120 644 159"/></Shape>
	    <String CONTENT="tère. Le programme du mécling auversois devint leur plute forme."
                    HPOS="642"
                    VPOS="98"
                    WIDTH="2080"
                    HEIGHT="95"
                    WC="0.9914620788767934"></String>
          </TextLine>
          <TextLine ID="eSc_line_9111bdfe"
                    TAGREFS="LT31"
                    BASELINE="636 226 2641 215" 
                    HPOS="633"
                    VPOS="162"
                    WIDTH="2008"
                    HEIGHT="101">
            <Shape><Polygon POINTS="636 226 636 263 869 249 1101 260 1104 260 1107 260 1152 246 2635 252 2641 215 2632 162 2557 176 2310 165 2206 162 2203 162 2201 162 2178 168 2133 179 1990 170 1892 165 1889 165 1887 165 1859 173 1828 179 1783 173 1716 165 1713 165 1665 176 1631 184 1511 184 1505 176 1494 168 1491 168 1488 168 1486 168 1483 168 1480 168 1469 179 1460 182 1396 179 1236 170 1233 170 1152 182 1132 184 1121 182 1079 170 1076 170 1073 170 835 184 670 170 667 170 664 170 633 184 636 226"/></Shape>
	    <String CONTENT="étléchorale. L&#x27;ocurvissement du contingent, porté en 1869 de 10000 à"
                    HPOS="633"
                    VPOS="162"
                    WIDTH="2008"
                    HEIGHT="101"
                    WC="0.9913062015000511"></String>
          </TextLine>
          <TextLine ID="eSc_line_1df8f289"
                    TAGREFS="LT31"
                    BASELINE="630 305 1309 288 2717 291" 
                    HPOS="628"
                    VPOS="249"
                    WIDTH="2089"
                    HEIGHT="81">
            <Shape><Polygon POINTS="630 305 630 330 2714 313 2717 291 2714 252 628 249 630 305"/></Shape>
	    <String CONTENT="1200 0 hommes &lt;... ..... .. ...... .. .... ..&gt;"
                    HPOS="628"
                    VPOS="249"
                    WIDTH="2089"
                    HEIGHT="81"
                    WC="0.888467682444531"></String>
          </TextLine>
          <TextLine ID="eSc_line_082e3070"
                    TAGREFS="LT31"
                    BASELINE="619 381 1545 353 2714 358" 
                    HPOS="616"
                    VPOS="299"
                    WIDTH="2098"
                    HEIGHT="96">
            <Shape><Polygon POINTS="619 381 619 395 2714 386 2714 358 2708 316 2537 316 2532 316 2467 299 2464 299 2461 299 2251 316 2156 302 2153 302 2150 302 2117 319 2114 319 2002 302 1999 302 1996 302 1943 319 1906 302 1903 302 1901 302 1898 302 1859 322 1856 322 1842 322 1634 305 1631 305 1505 322 1413 308 1410 308 1309 324 1287 308 1284 308 1281 308 1278 308 1177 327 1172 327 1166 327 1116 310 1113 310 1110 310 1107 310 1065 327 1062 327 992 316 989 316 987 316 936 330 928 333 616 333 619 381"/></Shape>
	    <String CONTENT="&lt;........ ....... ... .. . ... . ..... .&gt;"
                    HPOS="616"
                    VPOS="299"
                    WIDTH="2098"
                    HEIGHT="96"
                    WC="0.8788546454615709"></String>
          </TextLine>
          <TextLine ID="eSc_line_04689cc4"
                    TAGREFS="LT31"
                    BASELINE="619 453 1573 423 2711 414" 
                    HPOS="616"
                    VPOS="364"
                    WIDTH="2095"
                    HEIGHT="120">
            <Shape><Polygon POINTS="619 453 619 484 1270 456 1373 470 1376 470 1379 470 1570 451 1679 465 1682 465 1685 465 1735 448 1788 462 1791 462 1794 462 1915 445 2013 459 2018 459 2021 459 2032 459 2220 439 2332 453 2341 453 2344 453 2346 453 2349 453 2377 437 2436 451 2439 451 2442 451 2708 445 2711 414 2703 364 1699 389 1615 386 1410 381 1407 381 1351 395 1340 395 1329 395 1264 383 1261 383 1259 383 1256 383 1242 395 1239 397 1166 397 776 392 773 392 771 392 768 392 751 406 751 409 616 409 619 453"/></Shape>
	    <String CONTENT="nemtralité ..fis... . ..... . ....... ..........&gt;"
                    HPOS="616"
                    VPOS="364"
                    WIDTH="2095"
                    HEIGHT="120"
                    WC="0.9309554756904135"></String>
          </TextLine>
          <TextLine ID="eSc_line_d11cbe4f"
                    TAGREFS="LT31"
                    BASELINE="614 532 1640 495 2686 484" 
                    HPOS="611"
                    VPOS="428"
                    WIDTH="2075"
                    HEIGHT="121">
            <Shape><Polygon POINTS="614 532 614 549 2683 504 2686 484 2680 442 2616 428 2613 428 2498 442 2478 428 2475 428 2473 428 2470 428 2467 428 2397 445 2318 431 2316 431 1996 453 1948 456 1931 456 1842 442 1839 442 1836 442 1833 442 1811 456 1805 459 1774 459 1598 448 1595 448 1444 465 1404 470 611 479 614 532"/></Shape>
	    <String CONTENT="&lt;......... ..... .. .... . ...  . leur donmait"
                    HPOS="611"
                    VPOS="428"
                    WIDTH="2075"
                    HEIGHT="121"
                    WC="0.8626391447108724"></String>
          </TextLine>
          <TextLine ID="eSc_line_a4091f1a"
                    TAGREFS="LT31"
                    BASELINE="622 596 1640 565 2683 549" 
                    HPOS="619"
                    VPOS="495"
                    WIDTH="2064"
                    HEIGHT="132">
            <Shape><Polygon POINTS="622 596 622 627 2683 571 2683 549 2675 495 2518 512 2475 501 2467 498 2464 498 2461 498 2459 498 2456 498 2453 501 2436 515 2352 504 2324 501 2321 501 2318 501 2310 504 2288 515 2234 507 2203 504 2201 504 2198 504 2195 504 2189 509 2164 523 1772 529 1744 523 1718 515 1716 515 1713 515 1648 526 1587 535 1536 529 1472 521 1469 521 1315 526 1312 526 1309 526 1301 535 1292 540 1239 537 1107 529 1104 529 1101 529 1062 543 1051 546 970 546 672 540 670 540 667 540 619 554 622 596"/></Shape>
	    <String CONTENT="beau jeu en fici des éleuteurs consétaires pour qui l&#x27;éivnomie était"
                    HPOS="619"
                    VPOS="495"
                    WIDTH="2064"
                    HEIGHT="132"
                    WC="0.9780064764268258"></String>
          </TextLine>
          <TextLine ID="eSc_line_113339d0"
                    TAGREFS="LT31"
                    BASELINE="619 666 2641 619" 
                    HPOS="616"
                    VPOS="568"
                    WIDTH="2025"
                    HEIGHT="135">
            <Shape><Polygon POINTS="619 666 619 686 712 703 715 703 844 683 863 680 877 683 953 697 956 697 958 697 1003 683 1090 694 1093 694 2641 644 2641 619 2635 582 2532 568 2529 568 2526 568 2523 568 2501 585 2495 588 2246 591 2237 591 2167 577 2164 577 2161 577 2159 577 2142 593 2139 593 2088 579 2086 579 2083 579 2080 579 2038 596 2032 596 2021 596 1923 582 1920 582 1592 605 1553 607 1542 607 1455 593 1452 593 1211 616 1186 616 1166 616 1006 607 1003 607 1001 607 970 621 967 621 961 621 911 607 908 607 905 607 902 607 852 624 846 624 827 624 661 613 658 613 656 613 616 627 619 666"/></Shape>
	    <String CONTENT="la première vertu du gousernement. L&#x27;auticléricalisme qui avait"
                    HPOS="616"
                    VPOS="568"
                    WIDTH="2025"
                    HEIGHT="135"
                    WC="0.9939132134119669"></String>
          </TextLine>
          <TextLine ID="eSc_line_873b0a96"
                    TAGREFS="LT31"
                    BASELINE="619 742 2686 686" 
                    HPOS="616"
                    VPOS="638"
                    WIDTH="2070"
                    HEIGHT="135">
            <Shape><Polygon POINTS="619 742 619 773 2686 717 2686 686 2677 638 1856 672 1763 669 1668 663 1665 663 1662 663 1659 663 1651 672 1640 678 1606 675 1547 666 1545 666 1474 678 1438 686 1275 686 824 686 821 686 616 706 619 742"/></Shape>
	    <String CONTENT="juqu&#x27;alors si fermement cimenté l&#x27;union de la ganche ne parvenait"
                    HPOS="616"
                    VPOS="638"
                    WIDTH="2070"
                    HEIGHT="135"
                    WC="0.9935412993936827"></String>
          </TextLine>
          <TextLine ID="eSc_line_d4388898"
                    TAGREFS="LT31"
                    BASELINE="619 809 2173 767 2708 770" 
                    HPOS="616"
                    VPOS="708"
                    WIDTH="2092"
                    HEIGHT="138">
            <Shape><Polygon POINTS="619 809 619 846 740 823 936 823 961 837 964 837 967 837 970 837 1093 818 1320 829 1323 829 1326 829 1329 829 1446 809 1522 820 1525 820 1528 820 1567 806 2128 809 2142 809 2145 809 2147 809 2150 809 2181 792 2703 795 2708 770 2703 720 2461 722 2431 708 2428 708 2425 708 2167 731 2156 731 2145 731 1867 722 1864 722 1861 722 1800 739 1797 739 1718 725 1716 725 1713 725 1710 725 1682 742 1581 728 1578 728 1449 748 1446 748 1331 734 1329 734 1326 734 1323 734 1323 736 1306 753 1057 756 1026 742 1023 742 1020 742 863 745 860 745 858 745 841 762 804 748 801 748 799 748 796 748 793 748 776 764 616 767 619 809"/></Shape>
	    <String CONTENT="plus d&#x27;ailleurs à la rallier tout entière. Exaspérès par la résistance de"
                    HPOS="616"
                    VPOS="708"
                    WIDTH="2092"
                    HEIGHT="138"
                    WC="0.9823224472033011"></String>
          </TextLine>
          <TextLine ID="eSc_line_32a04fe0"
                    TAGREFS="LT31"
                    BASELINE="611 879 2694 826" 
                    HPOS="608"
                    VPOS="773"
                    WIDTH="2086"
                    HEIGHT="126">
            <Shape><Polygon POINTS="611 879 611 899 2694 848 2694 826 2686 773 2568 792 2391 781 2389 781 2018 806 1940 792 1937 792 1934 792 1898 809 1320 809 1317 809 1315 809 1253 826 1040 815 1037 815 1034 815 925 834 869 820 866 820 863 820 608 823 611 879"/></Shape>
	    <String CONTENT="Frère. Orbair et des doetrinaires à l&#x27;extension du droit de suffrage et"
                    HPOS="608"
                    VPOS="773"
                    WIDTH="2086"
                    HEIGHT="126"
                    WC="0.9908899747663074"></String>
          </TextLine>
          <TextLine ID="eSc_line_fc77451d"
                    TAGREFS="LT31"
                    BASELINE="602 949 2100 904 2672 899" 
                    HPOS="600"
                    VPOS="854"
                    WIDTH="2072"
                    HEIGHT="123">
            <Shape><Polygon POINTS="602 949 602 977 2669 927 2672 899 2663 854 600 896 602 949"/></Shape>
	    <String CONTENT="indignés par la psendo. réforme électorale notée enfin le 30 mars 1870,"
                    HPOS="600"
                    VPOS="854"
                    WIDTH="2072"
                    HEIGHT="123"
                    WC="0.9854147635715108"></String>
          </TextLine>
          <TextLine ID="eSc_line_1979f63f"
                    TAGREFS="LT34"
                    BASELINE="2441 945 2578 941" 
                    HPOS="2441"
                    VPOS="941"
                    WIDTH="137"
                    HEIGHT="4">
	    <String CONTENT=""
                    HPOS="2441"
                    VPOS="941"
                    WIDTH="137"
                    HEIGHT="4"></String>
          </TextLine>
          <TextLine ID="eSc_line_0b0cdf1c"
                    TAGREFS="LT31"
                    BASELINE="608 1022 1985 980 2697 972" 
                    HPOS="605"
                    VPOS="913"
                    WIDTH="2092"
                    HEIGHT="148">
            <Shape><Polygon POINTS="608 1022 608 1050 625 1061 628 1061 630 1061 633 1061 726 1042 731 1042 740 1042 919 1056 922 1056 925 1056 967 1036 970 1036 972 1036 1020 1053 1023 1053 1026 1053 1298 1031 1345 1028 1365 1031 1446 1042 1449 1042 1525 1028 1561 1019 1578 1025 1598 1033 1601 1033 1603 1033 1716 1022 1811 1014 1833 1019 1864 1031 1867 1031 1870 1031 1873 1031 1875 1031 1887 1019 1901 1011 1974 1017 2055 1025 2058 1025 2060 1025 2077 1017 2100 1005 2697 1005 2697 972 2683 913 2661 927 2546 918 2506 916 2503 916 2358 924 2052 944 2013 935 1979 930 1976 930 1881 932 1878 932 1875 932 1875 935 1867 941 1859 949 1802 944 1749 938 1746 938 1744 938 1741 938 1730 946 1718 952 1570 952 1348 949 1345 949 605 983 608 1022"/></Shape>
	    <String CONTENT="radicaux et progressistes opposaient dans les grandes villes dedéondi¬"
                    HPOS="605"
                    VPOS="913"
                    WIDTH="2092"
                    HEIGHT="148"
                    WC="0.9838788045304162"></String>
          </TextLine>
          <TextLine ID="eSc_line_cf967d23"
                    TAGREFS="LT31"
                    BASELINE="608 1101 1917 1053 2669 1039" 
                    HPOS="605"
                    VPOS="994"
                    WIDTH="2064"
                    HEIGHT="135">
            <Shape><Polygon POINTS="608 1101 608 1117 773 1129 776 1129 1480 1106 1545 1095 1587 1089 1699 1092 1817 1095 1819 1095 1822 1095 1825 1095 1825 1092 1831 1089 1839 1078 2669 1067 2669 1039 2661 994 605 1056 608 1101"/></Shape>
	    <String CONTENT="duts à ceux des associations libérales. Et celles-ci se trouvaient en pos¬"
                    HPOS="605"
                    VPOS="994"
                    WIDTH="2064"
                    HEIGHT="135"
                    WC="0.9868056464195252"></String>
          </TextLine>
          <TextLine ID="eSc_line_74e4415d"
                    TAGREFS="LT31"
                    BASELINE="608 1171 2714 1101" 
                    HPOS="605"
                    VPOS="1059"
                    WIDTH="2109"
                    HEIGHT="145">
            <Shape><Polygon POINTS="608 1171 608 1199 897 1187 905 1190 939 1204 942 1204 944 1204 1068 1185 1087 1182 1093 1182 1127 1196 1130 1196 1132 1196 1205 1182 1340 1190 1343 1190 1430 1171 1452 1168 1483 1171 1615 1182 1617 1182 1817 1159 1842 1157 1861 1157 2035 1168 2038 1168 2217 1145 2268 1159 2271 1159 2274 1159 2383 1143 2456 1154 2459 1154 2714 1126 2714 1101 2705 1059 605 1126 608 1171"/></Shape>
	    <String CONTENT="ture d&#x27;autant plus mauvaise que les catholiques, &lt;.........&gt;"
                    HPOS="605"
                    VPOS="1059"
                    WIDTH="2109"
                    HEIGHT="145"
                    WC="0.9758737564086915"></String>
          </TextLine>
          <TextLine ID="eSc_line_e8359c11"
                    TAGREFS="LT31"
                    BASELINE="608 1241 1833 1207 2646 1168" 
                    HPOS="605"
                    VPOS="1123"
                    WIDTH="2041"
                    HEIGHT="140">
            <Shape><Polygon POINTS="608 1241 608 1263 2100 1227 2175 1210 2184 1210 2189 1210 2262 1221 2265 1221 2646 1193 2646 1168 2644 1137 2599 1123 2596 1123 2593 1123 2425 1143 2397 1145 2394 1143 2377 1131 2375 1131 2372 1131 2369 1131 2276 1148 2268 1148 2260 1148 2195 1137 2192 1137 2189 1137 2159 1151 2153 1154 2108 1154 1934 1145 1931 1145 1867 1159 1845 1165 1788 1162 1662 1157 1659 1157 1542 1171 1491 1176 1480 1173 1458 1162 1455 1162 1452 1162 1449 1162 1446 1162 1435 1173 1427 1179 1348 1176 1188 1171 1186 1171 1183 1171 1141 1182 1124 1187 1071 1185 953 1179 950 1179 605 1199 608 1241"/></Shape>
	    <String CONTENT="&lt;. se déclaraient maintenant convertis à ence large diiition"
                    HPOS="605"
                    VPOS="1123"
                    WIDTH="2041"
                    HEIGHT="140"
                    WC="0.9761449297269186"></String>
          </TextLine>
          <TextLine ID="eSc_line_7ed9aa15"
                    TAGREFS="LT31"
                    BASELINE="602 1311 2683 1241" 
                    HPOS="600"
                    VPOS="1199"
                    WIDTH="2083"
                    HEIGHT="137">
            <Shape><Polygon POINTS="602 1311 602 1336 2683 1269 2683 1241 2677 1199 2369 1199 2366 1199 2363 1199 2335 1210 2327 1213 2321 1210 2296 1201 2293 1201 2290 1201 2209 1215 2164 1221 2136 1218 2083 1207 2080 1207 2077 1207 2052 1221 2041 1227 1732 1235 1724 1232 1696 1221 1693 1221 1690 1221 1525 1238 1477 1243 1432 1243 1256 1235 1253 1235 1177 1252 1163 1255 1152 1252 1110 1241 1107 1241 1104 1241 1101 1241 1099 1241 1082 1255 1076 1257 1054 1257 922 1246 919 1246 844 1263 829 1266 810 1266 675 1255 672 1255 600 1271 602 1311"/></Shape>
	    <String CONTENT="du ceus e provincial et communal et que plusieurs d&#x27;entre eux al¬"
                    HPOS="600"
                    VPOS="1199"
                    WIDTH="2083"
                    HEIGHT="137"
                    WC="0.9965042352676392"></String>
          </TextLine>
          <TextLine ID="eSc_line_94536d37"
                    TAGREFS="LT31"
                    BASELINE="600 1386 2694 1316" 
                    HPOS="597"
                    VPOS="1277"
                    WIDTH="2097"
                    HEIGHT="143">
            <Shape><Polygon POINTS="600 1386 600 1409 670 1420 672 1420 754 1406 765 1403 776 1403 846 1417 849 1417 852 1417 886 1400 928 1414 930 1414 933 1414 1452 1381 1528 1378 1556 1378 1755 1386 1758 1386 1845 1370 1859 1367 1878 1367 2016 1378 2018 1378 2187 1356 2209 1356 2234 1356 2439 1364 2442 1364 2691 1339 2694 1316 2686 1277 1418 1305 1270 1313 911 1336 597 1333 600 1386"/></Shape>
	    <String CONTENT="laient jusqu&#x27;à manifester des sympathies pour le suffrage und¬"
                    HPOS="597"
                    VPOS="1277"
                    WIDTH="2097"
                    HEIGHT="143"
                    WC="0.9954777464034066"></String>
          </TextLine>
          <TextLine ID="eSc_line_005b3c9f"
                    TAGREFS="LT31"
                    BASELINE="602 1462 2675 1389" 
                    HPOS="600"
                    VPOS="1336"
                    WIDTH="2075"
                    HEIGHT="148">
            <Shape><Polygon POINTS="602 1462 602 1484 2675 1417 2675 1389 2669 1353 2512 1336 2509 1336 2506 1336 2422 1361 2414 1364 2217 1367 2215 1367 2170 1353 2167 1353 2164 1353 2161 1353 2117 1370 2111 1372 2091 1372 2004 1364 2002 1364 1699 1386 1634 1389 1626 1389 1584 1378 1581 1378 1578 1378 1575 1378 1550 1392 1547 1392 1525 1392 1317 1378 1315 1378 1104 1406 1076 1409 1054 1409 866 1395 863 1395 860 1395 818 1417 815 1417 776 1398 773 1398 771 1398 768 1398 720 1420 717 1423 600 1423 602 1462"/></Shape>
	    <String CONTENT="versel. &lt;........ .... .. .. ....... ...&gt;"
                    HPOS="600"
                    VPOS="1336"
                    WIDTH="2075"
                    HEIGHT="148"
                    WC="0.92876489424124"></String>
          </TextLine>
          <TextLine ID="eSc_line_dab90bbe"
                    TAGREFS="LT34"
                    BASELINE="1297 1414 1482 1401" 
                    HPOS="1297"
                    VPOS="1401"
                    WIDTH="185"
                    HEIGHT="13">
	    <String CONTENT=""
                    HPOS="1297"
                    VPOS="1401"
                    WIDTH="185"
                    HEIGHT="13"></String>
          </TextLine>
          <TextLine ID="eSc_line_f72bfc67"
                    TAGREFS="LT31"
                    BASELINE="602 1529 2703 1462" 
                    HPOS="600"
                    VPOS="1412"
                    WIDTH="2103"
                    HEIGHT="142">
            <Shape><Polygon POINTS="602 1529 602 1554 2703 1484 2703 1462 2694 1412 1828 1451 1679 1451 1511 1448 1508 1448 1432 1459 1393 1465 1365 1462 1309 1454 1306 1454 1236 1468 1211 1473 1104 1473 726 1473 723 1473 600 1490 602 1529"/></Shape>
	    <String CONTENT="&lt;.. ........ ..... .... ..&gt;"
                    HPOS="600"
                    VPOS="1412"
                    WIDTH="2103"
                    HEIGHT="142"
                    WC="0.8732127083672417"></String>
          </TextLine>
          <TextLine ID="eSc_line_f2f6eb84"
                    TAGREFS="LT31"
                    BASELINE="594 1605 2703 1526" 
                    HPOS="591"
                    VPOS="1484"
                    WIDTH="2112"
                    HEIGHT="149">
            <Shape><Polygon POINTS="594 1605 594 1633 2703 1549 2703 1526 2694 1484 591 1554 594 1605"/></Shape>
	    <String CONTENT="&lt;.&gt; Pour les doetrinaires, cette attitude de la droite était un motif de plus"
                    HPOS="591"
                    VPOS="1484"
                    WIDTH="2112"
                    HEIGHT="149"
                    WC="0.9909437856116852"></String>
          </TextLine>
          <TextLine ID="eSc_line_5c8e41d7"
                    TAGREFS="LT31"
                    BASELINE="594 1672 2697 1588" 
                    HPOS="591"
                    VPOS="1549"
                    WIDTH="2106"
                    HEIGHT="154">
            <Shape><Polygon POINTS="594 1672 594 1703 2697 1619 2697 1588 2694 1552 2349 1549 2346 1549 2254 1566 2220 1554 2217 1554 2215 1554 2007 1577 1988 1577 1982 1577 1943 1566 1940 1566 1937 1566 1934 1566 1931 1566 1931 1568 1920 1580 1917 1582 591 1627 594 1672"/></Shape>
	    <String CONTENT="de persévérer dans leur intransigeance et de comtattre toute extension"
                    HPOS="591"
                    VPOS="1549"
                    WIDTH="2106"
                    HEIGHT="154"
                    WC="0.9847188208784375"></String>
          </TextLine>
          <TextLine ID="eSc_line_fada15b6"
                    TAGREFS="LT31"
                    BASELINE="591 1739 2680 1652" 
                    HPOS="588"
                    VPOS="1613"
                    WIDTH="2092"
                    HEIGHT="154">
            <Shape><Polygon POINTS="591 1739 591 1767 2677 1678 2680 1652 2675 1613 2285 1616 2282 1616 2248 1630 2240 1633 2232 1630 2192 1622 2189 1622 2187 1622 2030 1638 1985 1644 1960 1641 1873 1633 1870 1633 1867 1633 1864 1633 1847 1647 1842 1650 1822 1650 1716 1638 1713 1638 1710 1638 1654 1655 1643 1658 1623 1658 1522 1647 1519 1647 1441 1664 1430 1666 1416 1666 1320 1655 1317 1655 1315 1655 1253 1672 1242 1675 1236 1675 1186 1661 1183 1661 1180 1661 1177 1661 1138 1678 1135 1678 1127 1678 978 1669 975 1669 972 1669 919 1686 785 1681 782 1681 588 1700 591 1739"/></Shape>
	    <String CONTENT="du suffrage. Mais ils &lt;&lt;...... .......&gt; en &lt;.........&gt;"
                    HPOS="588"
                    VPOS="1613"
                    WIDTH="2092"
                    HEIGHT="154"
                    WC="0.9366577157267818"></String>
          </TextLine>
          <TextLine ID="eSc_line_5878197b"
                    TAGREFS="LT31"
                    BASELINE="588 1807 2694 1720" 
                    HPOS="586"
                    VPOS="1675"
                    WIDTH="2108"
                    HEIGHT="168">
            <Shape><Polygon POINTS="588 1807 588 1843 1247 1815 1250 1815 1253 1815 1275 1801 1385 1809 1399 1809 1402 1809 1416 1809 1494 1793 1525 1804 1528 1804 1530 1804 1533 1804 1536 1804 1542 1804 1573 1787 2691 1751 2694 1720 2689 1675 586 1767 588 1807"/></Shape>
	    <String CONTENT="&lt;.....&gt; justifiaient ainsiles accusations lanmées contre ceux par les dé¬"
                    HPOS="586"
                    VPOS="1675"
                    WIDTH="2108"
                    HEIGHT="168"
                    WC="0.9718898167348888"></String>
          </TextLine>
          <TextLine ID="eSc_line_3848424d"
                    TAGREFS="LT31"
                    BASELINE="583 1879 2147 1812 2694 1798" 
                    HPOS="580"
                    VPOS="1756"
                    WIDTH="2114"
                    HEIGHT="143">
            <Shape><Polygon POINTS="583 1879 583 1899 1399 1882 1682 1865 2091 1840 2136 1849 2150 1851 2153 1851 2170 1849 2232 1835 2335 1843 2352 1843 2355 1843 2358 1843 2363 1843 2425 1826 2691 1829 2694 1798 2686 1756 2060 1765 1875 1787 1853 1790 1842 1790 1727 1779 1724 1779 1721 1779 1685 1795 1682 1795 1587 1784 1584 1784 1402 1807 1379 1809 1343 1809 1087 1807 1085 1807 1082 1807 1034 1823 1029 1823 1006 1823 801 1818 799 1818 580 1840 583 1879"/></Shape>
	    <String CONTENT="mocrates, &lt;......................&gt;, de n&#x27;être plus qu&#x27;une clique"
                    HPOS="580"
                    VPOS="1756"
                    WIDTH="2114"
                    HEIGHT="143"
                    WC="0.9633028162643313"></String>
          </TextLine>
          <TextLine ID="eSc_line_7723528c"
                    TAGREFS="LT31"
                    BASELINE="591 1955 2655 1874" 
                    HPOS="586"
                    VPOS="1821"
                    WIDTH="2069"
                    HEIGHT="165">
            <Shape><Polygon POINTS="591 1955 591 1986 2655 1899 2655 1874 2644 1821 2571 1840 2523 1826 2515 1823 2512 1823 2509 1823 2506 1823 2495 1826 2433 1846 2086 1846 2049 1846 2046 1846 2027 1849 1864 1868 1839 1857 1828 1851 1825 1851 1822 1851 1819 1851 1797 1857 1758 1868 1716 1863 1685 1857 1682 1857 1679 1857 1676 1857 1668 1863 1648 1877 1609 1865 1595 1863 1592 1863 1589 1863 1587 1863 1564 1868 1508 1882 1430 1874 1371 1868 1368 1868 1309 1879 1264 1888 1250 1882 1230 1874 1228 1874 1225 1874 1222 1874 1188 1885 1152 1896 1054 1891 953 1885 950 1885 947 1885 944 1885 933 1896 928 1902 911 1896 880 1888 877 1888 874 1888 872 1888 844 1899 827 1907 801 1902 773 1896 771 1896 586 1910 591 1955"/></Shape>
	    <String CONTENT="égoiste et rétrograde. Et deus doute, si le nombre des décusorates al¬"
                    HPOS="586"
                    VPOS="1821"
                    WIDTH="2069"
                    HEIGHT="165"
                    WC="0.9914092975003379"></String>
          </TextLine>
          <TextLine ID="eSc_line_21a2eb7c"
                    TAGREFS="LT31"
                    BASELINE="600 2031 2621 1944" 
                    HPOS="597"
                    VPOS="1893"
                    WIDTH="2024"
                    HEIGHT="171">
            <Shape><Polygon POINTS="600 2031 600 2053 745 2050 751 2050 790 2064 793 2064 796 2064 799 2064 863 2048 894 2059 897 2059 900 2059 1051 2053 1054 2053 1057 2053 1057 2050 1071 2039 1315 2042 1317 2042 1455 2022 1702 2025 1704 2025 1707 2025 1710 2025 1710 2022 1724 2011 1766 2022 1769 2022 1772 2022 1774 2022 1777 2022 1802 2005 1808 2005 1889 2017 1892 2017 1895 2017 1960 2000 1968 1997 1971 1997 1990 2011 1993 2011 1996 2011 1999 2011 2254 1989 2358 1997 2360 1997 2363 1997 2422 1980 2431 1975 2621 1969 2621 1944 2613 1893 2548 1913 2229 1913 2161 1913 2159 1913 2097 1919 1895 1938 1856 1930 1836 1927 1833 1927 1831 1927 1811 1933 1766 1944 1690 1938 1640 1935 1637 1935 1634 1935 1631 1935 1626 1941 1612 1952 1441 1952 1253 1952 1250 1952 597 1991 600 2031"/></Shape>
	    <String CONTENT="lait civissant parmi laijennese le peuple et la petite bourgeoirie, il"
                    HPOS="597"
                    VPOS="1893"
                    WIDTH="2024"
                    HEIGHT="171"
                    WC="0.9807380940232958"></String>
          </TextLine>
          <TextLine ID="eSc_line_f4b29827"
                    TAGREFS="LT31"
                    BASELINE="588 2106 1270 2090 1948 2050 2666 2034" 
                    HPOS="586"
                    VPOS="1977"
                    WIDTH="2080"
                    HEIGHT="152">
            <Shape><Polygon POINTS="588 2106 588 2129 1547 2109 1550 2109 1553 2109 1553 2106 1559 2104 1567 2095 1629 2101 1676 2104 1679 2104 1682 2104 1699 2098 1735 2084 2201 2070 2377 2078 2391 2078 2394 2078 2397 2078 2400 2078 2442 2062 2506 2076 2515 2076 2518 2076 2526 2076 2604 2056 2658 2070 2666 2034 2663 2000 2618 1977 2616 1977 2613 1977 2442 1983 2439 1983 2436 1983 2411 2003 2394 1989 2391 1989 2389 1989 2386 1989 2383 1989 2380 1989 2360 2005 2274 1989 2271 1989 2086 2014 2080 2014 2077 2014 2018 2000 2016 2000 2013 2000 1788 2005 1704 2025 1668 2031 1629 2025 1564 2017 1561 2017 1559 2017 1556 2017 1542 2028 1528 2039 1463 2039 1205 2036 1124 2036 1121 2036 1096 2039 995 2053 956 2042 944 2039 942 2039 939 2039 936 2039 933 2039 928 2042 902 2059 852 2045 849 2045 846 2045 844 2045 832 2045 740 2064 586 2053 588 2106"/></Shape>
	    <String CONTENT="demeurait infime au seine de corps électoral cinsitaire. A Bruxelles,"
                    HPOS="586"
                    VPOS="1977"
                    WIDTH="2080"
                    HEIGHT="152"
                    WC="0.9829998120017673"></String>
          </TextLine>
          <TextLine ID="eSc_line_2fd4ee4e"
                    TAGREFS="LT31"
                    BASELINE="574 2179 2666 2118" 
                    HPOS="572"
                    VPOS="2078"
                    WIDTH="2094"
                    HEIGHT="126">
            <Shape><Polygon POINTS="574 2179 574 2204 2666 2146 2666 2118 2661 2078 2220 2078 2217 2078 2215 2078 2164 2092 2147 2095 2111 2092 1988 2084 1985 2084 1912 2098 1887 2104 1864 2101 1797 2090 1794 2090 1718 2104 1690 2109 1620 2106 1418 2101 1416 2101 1413 2101 1410 2101 1393 2115 1387 2118 1357 2115 1253 2106 1250 2106 1247 2106 1211 2120 1200 2123 1144 2120 984 2115 981 2115 572 2137 574 2179"/></Shape>
	    <String CONTENT="les progressistes n&#x27;obtiment que 700 voix sur 25. 000 suffrages. Mrais"
                    HPOS="572"
                    VPOS="2078"
                    WIDTH="2094"
                    HEIGHT="126"
                    WC="0.9977248191833497"></String>
          </TextLine>
          <TextLine ID="eSc_line_79dc8789"
                    TAGREFS="LT34"
                    BASELINE="2570 2163 2642 2176" 
                    HPOS="2570"
                    VPOS="2163"
                    WIDTH="72"
                    HEIGHT="13">
	    <String CONTENT=""
                    HPOS="2570"
                    VPOS="2163"
                    WIDTH="72"
                    HEIGHT="13"></String>
          </TextLine>
          <TextLine ID="eSc_line_ecae33e7"
                    TAGREFS="LT31"
                    BASELINE="577 2246 1390 2238 2669 2193" 
                    HPOS="574"
                    VPOS="2146"
                    WIDTH="2095"
                    HEIGHT="145">
            <Shape><Polygon POINTS="577 2246 583 2291 608 2274 740 2286 748 2286 751 2286 754 2286 757 2286 785 2269 1087 2277 1174 2277 1177 2277 1180 2277 1183 2277 1186 2274 1200 2263 1444 2266 1530 2266 1533 2266 1567 2263 1710 2244 1758 2258 1772 2260 1774 2260 1777 2260 2058 2249 2072 2246 2074 2246 2077 2246 2094 2232 2139 2246 2142 2246 2145 2246 2147 2246 2150 2246 2156 2246 2212 2230 2248 2244 2257 2246 2260 2246 2262 2246 2377 2244 2380 2244 2389 2238 2419 2224 2666 2230 2669 2193 2663 2160 2579 2146 2576 2146 2408 2165 2369 2168 2338 2168 2203 2157 2201 2157 2198 2157 2195 2157 2175 2171 2170 2174 2058 2174 1676 2171 1674 2171 1671 2171 1637 2185 1629 2190 574 2210 577 2246"/></Shape>
	    <String CONTENT="&lt;..........&gt; 700 voix suffisaient pour dleplacer la majorité d"
                    HPOS="574"
                    VPOS="2146"
                    WIDTH="2095"
                    HEIGHT="145"
                    WC="0.9748516486537072"></String>
          </TextLine>
          <TextLine ID="eSc_line_7a2552f0"
                    TAGREFS="LT31"
                    BASELINE="572 2328 1449 2314 2646 2266" 
                    HPOS="569"
                    VPOS="2224"
                    WIDTH="2077"
                    HEIGHT="143">
            <Shape><Polygon POINTS="572 2328 572 2353 745 2367 748 2367 751 2367 754 2367 782 2350 785 2350 894 2359 897 2359 961 2344 967 2344 970 2344 1003 2359 1006 2359 1009 2359 1012 2359 1059 2342 1609 2339 1612 2339 1643 2328 1651 2325 1659 2328 1676 2336 1679 2336 1682 2336 1746 2325 1774 2322 1875 2322 2080 2325 2083 2325 2086 2325 2088 2325 2097 2316 2105 2311 2220 2314 2316 2316 2318 2316 2358 2311 2442 2297 2644 2302 2646 2266 2641 2224 2411 2224 2408 2224 2405 2224 2391 2230 2372 2241 2321 2232 2276 2227 2274 2227 2271 2227 2268 2227 2257 2235 2243 2246 2220 2238 2203 2230 2201 2230 2198 2230 2145 2238 2105 2246 2074 2241 2032 2235 2030 2235 2027 2235 2004 2244 1982 2255 1960 2246 1943 2238 1940 2238 1937 2238 1814 2241 1811 2241 1788 2252 1769 2260 1651 2255 1542 2252 1539 2252 1536 2252 1533 2252 1525 2260 1511 2272 1177 2280 1104 2274 1003 2266 1001 2266 998 2266 942 2280 905 2291 731 2294 701 2288 644 2277 642 2277 569 2291 572 2328"/></Shape>
	    <String CONTENT="&lt;.............. .&gt; un temps oiù la franchise électo¬"
                    HPOS="569"
                    VPOS="2224"
                    WIDTH="2077"
                    HEIGHT="143"
                    WC="0.9456385637705143"></String>
          </TextLine>
          <TextLine ID="eSc_line_accfbd0b"
                    TAGREFS="LT31"
                    BASELINE="569 2401 1491 2387 2655 2339" 
                    HPOS="566"
                    VPOS="2300"
                    WIDTH="2089"
                    HEIGHT="134">
            <Shape><Polygon POINTS="569 2401 569 2426 874 2420 922 2434 925 2434 928 2434 1387 2406 1413 2406 1432 2406 1738 2409 1741 2409 1814 2395 1847 2389 1873 2395 1917 2403 1920 2403 2004 2401 2007 2401 2010 2401 2010 2398 2018 2389 2027 2384 2083 2389 2161 2395 2164 2395 2167 2395 2170 2395 2178 2387 2187 2381 2212 2387 2260 2392 2262 2392 2265 2392 2268 2392 2276 2384 2288 2375 2655 2375 2655 2339 2646 2300 566 2359 569 2401"/></Shape>
	    <String CONTENT="rale était si parcimoniensement répartié qu&#x27;elle n&#x27;appartueait pas"
                    HPOS="566"
                    VPOS="2300"
                    WIDTH="2089"
                    HEIGHT="134"
                    WC="0.9888392452037695"></String>
          </TextLine>
          <TextLine ID="eSc_line_84462226"
                    TAGREFS="LT31"
                    BASELINE="569 2476 1430 2465 2324 2431 2700 2434" 
                    HPOS="566"
                    VPOS="2384"
                    WIDTH="2134"
                    HEIGHT="123">
            <Shape><Polygon POINTS="569 2476 569 2499 1048 2507 1051 2507 1508 2482 1573 2479 1603 2479 1783 2490 1786 2490 1940 2473 1971 2471 2002 2471 2147 2482 2150 2482 2240 2468 2276 2462 2307 2465 2391 2476 2394 2476 2700 2457 2700 2434 2694 2384 566 2431 569 2476"/></Shape>
	    <String CONTENT="même à 100000 personnes dans l&#x27;ensemble du pays. Il suffisait d&#x27;en¬"
                    HPOS="566"
                    VPOS="2384"
                    WIDTH="2134"
                    HEIGHT="123"
                    WC="0.998918816447258"></String>
          </TextLine>
          <TextLine ID="eSc_line_7c7ed6c5"
                    TAGREFS="LT31"
                    BASELINE="574 2555 2330 2521 2680 2529" 
                    HPOS="572"
                    VPOS="2465"
                    WIDTH="2108"
                    HEIGHT="123">
            <Shape><Polygon POINTS="574 2555 574 2580 888 2588 891 2588 944 2577 972 2571 1001 2577 1051 2585 1054 2585 1216 2574 1329 2566 1446 2571 1536 2574 1539 2574 1542 2574 1556 2569 1581 2560 1609 2569 1629 2574 1631 2574 1634 2574 1637 2574 1657 2569 1696 2557 1794 2566 1850 2571 1853 2571 1906 2566 2016 2552 2128 2563 2170 2566 2173 2566 2175 2566 2189 2563 2234 2549 2310 2560 2332 2563 2335 2563 2369 2560 2495 2543 2677 2555 2680 2529 2675 2468 2599 2479 2534 2471 2498 2465 2495 2465 2492 2465 2489 2465 2481 2471 2464 2482 2358 2473 2302 2471 2299 2471 2296 2471 2293 2471 2288 2476 2276 2485 2150 2479 2032 2473 2030 2473 2027 2473 2024 2473 2016 2482 2004 2493 1839 2493 1800 2487 1755 2479 1752 2479 1685 2490 1643 2496 1620 2490 1584 2482 1581 2482 1578 2482 1575 2482 1547 2493 1528 2499 1505 2493 1463 2485 1460 2485 1393 2496 1357 2501 1320 2499 1230 2487 1228 2487 1017 2504 975 2507 961 2507 894 2493 891 2493 888 2493 886 2493 869 2507 863 2513 729 2513 712 2513 611 2499 608 2499 605 2499 572 2510 574 2555"/></Shape>
	    <String CONTENT="lever quelues partirans à l&#x27;adversaire pour l&#x27;emporter sur lui. En"
                    HPOS="572"
                    VPOS="2465"
                    WIDTH="2108"
                    HEIGHT="123"
                    WC="0.9960521246070293"></String>
          </TextLine>
          <TextLine ID="eSc_line_37e81f53"
                    TAGREFS="LT31"
                    BASELINE="569 2627 2136 2599 2677 2605" 
                    HPOS="566"
                    VPOS="2546"
                    WIDTH="2111"
                    HEIGHT="115">
            <Shape><Polygon POINTS="569 2627 569 2647 754 2644 776 2647 858 2661 860 2661 863 2661 925 2644 944 2641 1037 2644 1281 2655 1284 2655 1458 2641 1533 2636 1578 2641 1659 2650 1662 2650 1665 2650 1668 2650 1682 2639 1702 2630 2675 2630 2677 2605 2672 2546 566 2588 569 2627"/></Shape>
	    <String CONTENT="somme, le sort du gouvernement se trouvait à la messi de quel¬"
                    HPOS="566"
                    VPOS="2546"
                    WIDTH="2111"
                    HEIGHT="115"
                    WC="0.9880028253509885"></String>
          </TextLine>
          <TextLine ID="eSc_line_961f9b0f"
                    TAGREFS="LT31"
                    BASELINE="577 2709 2203 2672 2669 2675" 
                    HPOS="574"
                    VPOS="2616"
                    WIDTH="2095"
                    HEIGHT="138">
            <Shape><Polygon POINTS="577 2709 577 2754 729 2728 970 2737 972 2737 1155 2720 1287 2737 1289 2737 1292 2737 1303 2737 1685 2712 1758 2726 1772 2728 1774 2728 1791 2726 1867 2709 1889 2723 1892 2726 1895 2726 1898 2726 1901 2726 1943 2723 2063 2709 2083 2720 2091 2723 2094 2723 2097 2723 2100 2723 2103 2723 2108 2717 2131 2700 2262 2714 2299 2717 2302 2717 2335 2712 2397 2703 2445 2709 2481 2714 2484 2714 2487 2714 2489 2714 2498 2709 2518 2698 2666 2703 2669 2675 2663 2630 2495 2633 2489 2633 2436 2616 2433 2616 2431 2616 2324 2636 2321 2636 2318 2636 2257 2619 2254 2619 2251 2619 2248 2619 2246 2619 2246 2622 2229 2636 2153 2622 2150 2622 2147 2622 2077 2641 2072 2641 2058 2641 1842 2630 1839 2630 1836 2630 1780 2647 1777 2647 1696 2630 1693 2630 1690 2630 1688 2630 1662 2650 1659 2650 1654 2650 1410 2636 1407 2636 1404 2636 1351 2655 1301 2639 1298 2639 1295 2639 1183 2658 1130 2641 1127 2641 1124 2641 992 2664 970 2647 967 2647 964 2647 852 2647 849 2647 574 2672 577 2709"/></Shape>
	    <String CONTENT="ques centaines d&#x27;élecheurs :&quot;flottants&quot;, groupe infime ou quelques ci¬"
                    HPOS="574"
                    VPOS="2616"
                    WIDTH="2095"
                    HEIGHT="138"
                    WC="0.9921721577644348"></String>
          </TextLine>
          <TextLine ID="eSc_line_e55cd2a5"
                    TAGREFS="LT31"
                    BASELINE="569 2787 2675 2745" 
                    HPOS="566"
                    VPOS="2700"
                    WIDTH="2109"
                    HEIGHT="126">
            <Shape><Polygon POINTS="569 2787 569 2826 726 2804 841 2821 844 2821 846 2821 858 2821 1138 2796 1228 2810 1230 2810 1233 2810 1292 2793 1483 2807 1497 2807 1500 2807 1502 2807 1505 2807 1533 2790 1746 2801 1772 2801 1774 2801 1777 2801 1780 2801 1833 2782 1892 2798 1898 2798 1901 2798 1903 2798 1906 2798 1912 2798 1971 2779 1996 2796 1999 2796 2002 2796 2004 2796 2027 2796 2251 2773 2299 2787 2304 2790 2307 2790 2310 2790 2324 2787 2408 2770 2481 2784 2501 2787 2503 2787 2506 2787 2518 2784 2557 2770 2672 2779 2675 2745 2666 2700 566 2745 569 2787"/></Shape>
	    <String CONTENT="loyens assez indépendants et d&#x27;erprit assez cntique pour échapper au seuli¬"
                    HPOS="566"
                    VPOS="2700"
                    WIDTH="2109"
                    HEIGHT="126"
                    WC="0.9893109146753947"></String>
          </TextLine>
          <TextLine ID="eSc_line_1e30f6e3"
                    TAGREFS="LT31"
                    BASELINE="572 2866 2675 2818" 
                    HPOS="569"
                    VPOS="2779"
                    WIDTH="2106"
                    HEIGHT="115">
            <Shape><Polygon POINTS="572 2866 572 2891 891 2894 894 2894 897 2894 930 2882 953 2877 975 2882 1017 2891 1020 2891 1023 2891 1048 2880 1065 2874 1096 2880 1152 2888 1155 2888 1259 2874 1315 2868 1385 2871 1536 2880 1539 2880 1732 2863 1805 2857 1833 2860 1915 2871 1917 2871 2044 2854 2058 2854 2077 2854 2276 2863 2279 2863 2400 2846 2428 2843 2447 2846 2546 2857 2548 2857 2675 2838 2675 2818 2666 2779 569 2821 572 2866"/></Shape>
	    <String CONTENT="ment grégaire des partis, s&#x27;éparpillaient au milieu de cestommes qui,"
                    HPOS="569"
                    VPOS="2779"
                    WIDTH="2106"
                    HEIGHT="115"
                    WC="0.9921827791393667"></String>
          </TextLine>
          <TextLine ID="eSc_line_24699696"
                    TAGREFS="LT31"
                    BASELINE="574 2944 1867 2908 2658 2899" 
                    HPOS="572"
                    VPOS="2843"
                    WIDTH="2086"
                    HEIGHT="132">
            <Shape><Polygon POINTS="574 2944 574 2975 2369 2922 2652 2927 2658 2899 2652 2857 2377 2843 2375 2843 2223 2866 2209 2868 2055 2868 2052 2868 2013 2852 2010 2852 2007 2852 1744 2860 1741 2860 1688 2877 1682 2877 1676 2877 1598 2863 1595 2863 1592 2863 1536 2880 1528 2882 1519 2880 1491 2871 1488 2871 1486 2871 1200 2888 1163 2888 1158 2888 1107 2874 1104 2874 1101 2874 1099 2874 1040 2891 1026 2894 989 2891 832 2880 829 2880 827 2880 824 2880 801 2896 793 2902 572 2902 574 2944"/></Shape>
	    <String CONTENT="pas jusillanimité ou par caleul sont prêts à donner leur vote à qui"
                    HPOS="572"
                    VPOS="2843"
                    WIDTH="2086"
                    HEIGHT="132"
                    WC="0.9884151053779265"></String>
          </TextLine>
          <TextLine ID="eSc_line_2bb65f98"
                    TAGREFS="LT31"
                    BASELINE="563 3022 2644 2978" 
                    HPOS="560"
                    VPOS="2924"
                    WIDTH="2084"
                    HEIGHT="121">
            <Shape><Polygon POINTS="563 3022 563 3045 2641 3006 2644 2978 2635 2938 2425 2941 2419 2941 2377 2924 2375 2924 2372 2924 2265 2941 2234 2947 2203 2944 2136 2936 2133 2936 2131 2936 2091 2944 2072 2950 2060 2947 2027 2933 2024 2933 2021 2933 2018 2933 1988 2947 1974 2952 1945 2947 1909 2941 1906 2941 1797 2950 1685 2958 1651 2952 1598 2941 1595 2941 1592 2941 1559 2952 1542 2958 1438 2955 1292 2950 1289 2950 1287 2950 1284 2950 1275 2958 1264 2969 1197 2969 1183 2958 1177 2952 1174 2952 1172 2952 1090 2952 1087 2952 1085 2952 1082 2952 1082 2955 1073 2961 1059 2975 866 2975 846 2964 841 2958 838 2958 835 2958 832 2958 829 2958 807 2964 779 2972 560 2969 563 3022"/></Shape>
	    <String CONTENT="le leur imposera d&#x27;autorité, se l&#x27;assurera par des promerses on l&#x27;a¬"
                    HPOS="560"
                    VPOS="2924"
                    WIDTH="2084"
                    HEIGHT="121"
                    WC="0.9872871409444248"></String>
          </TextLine>
          <TextLine ID="eSc_line_79462fcc"
                    TAGREFS="LT33"
                    BASELINE="2219 3028 2342 3027" 
                    HPOS="2219"
                    VPOS="3027"
                    WIDTH="123"
                    HEIGHT="1">
	    <String CONTENT=""
                    HPOS="2219"
                    VPOS="3027"
                    WIDTH="123"
                    HEIGHT="1"></String>
          </TextLine>
          <TextLine ID="eSc_line_7df059b6"
                    TAGREFS="LT31"
                    BASELINE="560 3095 2618 3056" 
                    HPOS="558"
                    VPOS="2997"
                    WIDTH="2060"
                    HEIGHT="135">
            <Shape><Polygon POINTS="560 3095 560 3118 686 3132 689 3132 801 3115 804 3115 807 3115 846 3129 849 3129 852 3129 1096 3109 1104 3109 1141 3123 1144 3123 1146 3123 1239 3107 1242 3107 1278 3121 1281 3121 1284 3121 1287 3121 1326 3104 1331 3104 1354 3104 1539 3115 1542 3115 1545 3115 1592 3098 1601 3098 1634 3098 1878 3109 1881 3109 1999 3093 2002 3093 2007 3093 2304 3101 2307 3101 2310 3101 2313 3101 2330 3084 2332 3084 2344 3084 2442 3098 2445 3098 2616 3079 2618 3056 2613 3014 2512 2997 2509 2997 2217 3003 2215 3003 2212 3003 2198 3017 2164 3003 2161 3003 2159 3003 2156 3003 2108 3020 2094 3022 2060 3020 1976 3011 1974 3011 1971 3011 1968 3011 1957 3020 1951 3025 1931 3022 1873 3008 1870 3008 1772 3022 1716 3031 1545 3025 1345 3020 1343 3020 1340 3020 1312 3028 1275 3042 1087 3042 1062 3031 1048 3025 1045 3025 1043 3025 1009 3034 953 3045 558 3039 560 3095"/></Shape>
	    <String CONTENT="chêtera argent comptant. Cet appoint des flothants glissiteette fois vrs"
                    HPOS="558"
                    VPOS="2997"
                    WIDTH="2060"
                    HEIGHT="135"
                    WC="0.9749716586536832"></String>
          </TextLine>
          <TextLine ID="eSc_line_c9df2039"
                    TAGREFS="LT31"
                    BASELINE="566 3163 2582 3137" 
                    HPOS="563"
                    VPOS="3087"
                    WIDTH="2019"
                    HEIGHT="104">
            <Shape><Polygon POINTS="566 3163 566 3191 2582 3157 2582 3137 2574 3087 734 3118 605 3107 602 3107 600 3107 563 3121 566 3163"/></Shape>
	    <String CONTENT="la droite. Battus à Sand et partiellement à Chaileroiet à Verviers"
                    HPOS="563"
                    VPOS="3087"
                    WIDTH="2019"
                    HEIGHT="104"
                    WC="0.9892356352529664"></String>
          </TextLine>
          <TextLine ID="eSc_line_25c8b5c2"
                    TAGREFS="LT31"
                    BASELINE="558 3238 2574 3221" 
                    HPOS="555"
                    VPOS="3171"
                    WIDTH="2019"
                    HEIGHT="104">
            <Shape><Polygon POINTS="558 3238 558 3263 1222 3275 1225 3275 1788 3255 1898 3269 1901 3269 2119 3252 2220 3266 2223 3266 2226 3266 2229 3266 2229 3263 2246 3249 2338 3249 2515 3249 2540 3263 2543 3263 2546 3263 2548 3263 2551 3263 2554 3263 2574 3247 2574 3221 2565 3171 1889 3188 1873 3179 1859 3174 1856 3174 1853 3174 1850 3174 1825 3179 1794 3188 1710 3182 1603 3174 1601 3174 1553 3185 1522 3191 1416 3185 1222 3177 1219 3177 1160 3191 1138 3193 1099 3191 975 3179 972 3179 900 3193 880 3196 838 3193 664 3182 661 3182 658 3182 619 3196 602 3182 600 3182 597 3182 594 3182 591 3182 555 3193 558 3238"/></Shape>
	    <String CONTENT="les libésaux ne possidaient plus à la Chambre que 61 sièges contre 63"
                    HPOS="555"
                    VPOS="3171"
                    WIDTH="2019"
                    HEIGHT="104"
                    WC="0.9967210684503828"></String>
          </TextLine>
          <TextLine ID="eSc_line_32cbb042"
                    TAGREFS="LT31"
                    BASELINE="563 3300 2121 3311 2121 3311 2630 3305" 
                    HPOS="560"
                    VPOS="3261"
                    WIDTH="2070"
                    HEIGHT="84">
            <Shape><Polygon POINTS="560 3325 653 3342 656 3342 1497 3331 1662 3345 1665 3345 2627 3331 2630 3305 2624 3261 563 3261 563 3300"/></Shape>
	    <String CONTENT="conquis par 59 catholiques et 4 dissidents anti-ministérils. Le cabinet"
                    HPOS="560"
                    VPOS="3261"
                    WIDTH="2070"
                    HEIGHT="84"
                    WC="0.9915692579578346"></String>
          </TextLine>
        </TextBlock>
        <TextBlock HPOS="213"
                   VPOS="47"
                   WIDTH="282"
                   HEIGHT="136"
                   ID="eSc_textblock_4847eecd"
                   TAGREFS="BT44">
          <Shape><Polygon POINTS="213 47 213 183 495 183 495 47"/></Shape>
        </TextBlock>
        <TextBlock ID="eSc_dummyblock_">
          <TextLine ID="eSc_line_c6bbb150"
                    TAGREFS="LT31"
                    BASELINE="256 133 449 141" 
                    HPOS="256"
                    VPOS="133"
                    WIDTH="193"
                    HEIGHT="8">
	    <String CONTENT=""
                    HPOS="256"
                    VPOS="133"
                    WIDTH="193"
                    HEIGHT="8"></String>
          </TextLine>
        </TextBlock>
      </PrintSpace>
    </Page>
  </Layout>
</alto>
