<?xml version="1.0" encoding="UTF-8"?>
<alto xmlns:xsi="http://www.w3.org/2001/XMLSchema-instance"
      xmlns="http://www.loc.gov/standards/alto/ns-v4#"
      xsi:schemaLocation="http://www.loc.gov/standards/alto/ns-v4# http://www.loc.gov/standards/alto/v4/alto-4-2.xsd">
  <Description>
    <MeasurementUnit>pixel</MeasurementUnit>
    <sourceImageInformation>
      <fileName>ARCH-DIV-000496_0117.png</fileName>
    </sourceImageInformation>
  </Description>
  <Tags>
    <OtherTag ID="BT42" LABEL="MainZone" DESCRIPTION="block type MainZone"/><OtherTag ID="BT43" LABEL="MarginTextZone" DESCRIPTION="block type MarginTextZone"/><OtherTag ID="BT44" LABEL="NumberingZone" DESCRIPTION="block type NumberingZone"/><OtherTag ID="BT45" LABEL="TitlePageZone" DESCRIPTION="block type TitlePageZone"/><OtherTag ID="BT46" LABEL="CustomZone:Numbering" DESCRIPTION="block type CustomZone:Numbering"/><OtherTag ID="BT49" LABEL="MarginTextZone:lower" DESCRIPTION="block type MarginTextZone:lower"/>
    <OtherTag ID="LT25" LABEL="default" DESCRIPTION="line type default"/><OtherTag ID="LT31" LABEL="DefaultLine" DESCRIPTION="line type DefaultLine"/><OtherTag ID="LT32" LABEL="HeadingLine" DESCRIPTION="line type HeadingLine"/><OtherTag ID="LT33" LABEL="InterlinearLine:addition" DESCRIPTION="line type InterlinearLine:addition"/><OtherTag ID="LT34" LABEL="InterlinearLine:correction" DESCRIPTION="line type InterlinearLine:correction"/>
  </Tags>
  <Layout>
    <Page WIDTH="2790"
          HEIGHT="3407"
          PHYSICAL_IMG_NR="116"
          ID="eSc_dummypage_">
      <PrintSpace HPOS="0"
                  VPOS="0"
                  WIDTH="2790"
                  HEIGHT="3407">
        <TextBlock HPOS="83"
                   VPOS="416"
                   WIDTH="445"
                   HEIGHT="2882"
                   ID="41456555-1c17-4bf6-b21e-1157d239c9cf"
                   TAGREFS="BT43">
          <Shape><Polygon POINTS="528 416 429 3253 83 3298 112 423"/></Shape>
          <TextLine ID="eSc_line_165006a3"
                    TAGREFS="LT31"
                    BASELINE="130 127 253 142" 
                    HPOS="184"
                    VPOS="96"
                    WIDTH="23"
                    HEIGHT="57">
            <Shape><Polygon POINTS="190 127 196 153 207 147 204 124 196 96 184 105"/></Shape>
	    <String CONTENT="8"
                    HPOS="184"
                    VPOS="96"
                    WIDTH="23"
                    HEIGHT="57"
                    WC="0.9999710321426392"></String>
          </TextLine>
          <TextLine ID="eSc_line_289beb7b"
                    TAGREFS="LT31"
                    BASELINE="119 607 364 590" 
                    HPOS="119"
                    VPOS="519"
                    WIDTH="122"
                    HEIGHT="148">
            <Shape><Polygon POINTS="136 562 119 607 125 667 207 627 238 633 241 601 232 519 167 530 144 556"/></Shape>
	    <String CONTENT="&lt;"
                    HPOS="119"
                    VPOS="519"
                    WIDTH="122"
                    HEIGHT="148"
                    WC="0.8183070421218872"></String>
          </TextLine>
          <TextLine ID="eSc_line_a9065d4c"
                    TAGREFS="LT31"
                    BASELINE="108 1049 389 853" 
                    HPOS="108"
                    VPOS="853"
                    WIDTH="281"
                    HEIGHT="196">
	    <String CONTENT=""
                    HPOS="108"
                    VPOS="853"
                    WIDTH="281"
                    HEIGHT="196"></String>
          </TextLine>
          <TextLine ID="eSc_line_1dfc021d"
                    TAGREFS="LT31"
                    BASELINE="117 1107 465 859" 
                    HPOS="117"
                    VPOS="859"
                    WIDTH="348"
                    HEIGHT="248">
	    <String CONTENT=""
                    HPOS="117"
                    VPOS="859"
                    WIDTH="348"
                    HEIGHT="248"></String>
          </TextLine>
          <TextLine ID="eSc_line_ca6abb9f"
                    TAGREFS="LT31"
                    BASELINE="122 1187 401 964" 
                    HPOS="122"
                    VPOS="964"
                    WIDTH="279"
                    HEIGHT="223">
	    <String CONTENT=""
                    HPOS="122"
                    VPOS="964"
                    WIDTH="279"
                    HEIGHT="223"></String>
          </TextLine>
          <TextLine ID="eSc_line_82e2895e"
                    TAGREFS="LT31"
                    BASELINE="122 1252 247 1147" 
                    HPOS="122"
                    VPOS="1147"
                    WIDTH="125"
                    HEIGHT="105">
	    <String CONTENT=""
                    HPOS="122"
                    VPOS="1147"
                    WIDTH="125"
                    HEIGHT="105"></String>
          </TextLine>
          <TextLine ID="eSc_line_aadc7ea2"
                    TAGREFS="LT31"
                    BASELINE="127 1439 471 1442" 
                    HPOS="125"
                    VPOS="1379"
                    WIDTH="346"
                    HEIGHT="103">
            <Shape><Polygon POINTS="468 1419 440 1433 426 1396 127 1379 127 1439 125 1462 207 1482 210 1482 213 1482 215 1482 238 1467 292 1482 295 1482 298 1482 468 1470 471 1442 471 1419 468 1419"/></Shape>
	    <String CONTENT="I.I, 109.138"
                    HPOS="125"
                    VPOS="1379"
                    WIDTH="346"
                    HEIGHT="103"
                    WC="0.9462681636214256"></String>
          </TextLine>
          <TextLine ID="eSc_line_56c76629"
                    TAGREFS="LT31"
                    BASELINE="108 1658 349 1516" 
                    HPOS="108"
                    VPOS="1516"
                    WIDTH="241"
                    HEIGHT="142">
	    <String CONTENT=""
                    HPOS="108"
                    VPOS="1516"
                    WIDTH="241"
                    HEIGHT="142"></String>
          </TextLine>
          <TextLine ID="eSc_line_2f6ae674"
                    TAGREFS="LT31"
                    BASELINE="97 1725 336 1571" 
                    HPOS="97"
                    VPOS="1571"
                    WIDTH="239"
                    HEIGHT="154">
	    <String CONTENT=""
                    HPOS="97"
                    VPOS="1571"
                    WIDTH="239"
                    HEIGHT="154"></String>
          </TextLine>
          <TextLine ID="eSc_line_6bc4bf41"
                    TAGREFS="LT31"
                    BASELINE="85 1803 403 1598" 
                    HPOS="85"
                    VPOS="1598"
                    WIDTH="318"
                    HEIGHT="205">
	    <String CONTENT=""
                    HPOS="85"
                    VPOS="1598"
                    WIDTH="318"
                    HEIGHT="205"></String>
          </TextLine>
          <TextLine ID="eSc_line_807ebdca"
                    TAGREFS="LT31"
                    BASELINE="113 1868 405 1676" 
                    HPOS="113"
                    VPOS="1676"
                    WIDTH="292"
                    HEIGHT="192">
	    <String CONTENT=""
                    HPOS="113"
                    VPOS="1676"
                    WIDTH="292"
                    HEIGHT="192"></String>
          </TextLine>
          <TextLine ID="eSc_line_93462bdb"
                    TAGREFS="LT31"
                    BASELINE="104 1937 436 1714" 
                    HPOS="104"
                    VPOS="1714"
                    WIDTH="332"
                    HEIGHT="223">
	    <String CONTENT=""
                    HPOS="104"
                    VPOS="1714"
                    WIDTH="332"
                    HEIGHT="223"></String>
          </TextLine>
          <TextLine ID="eSc_line_20620ad4"
                    TAGREFS="LT31"
                    BASELINE="102 1989 311 1868" 
                    HPOS="102"
                    VPOS="1868"
                    WIDTH="209"
                    HEIGHT="121">
	    <String CONTENT=""
                    HPOS="102"
                    VPOS="1868"
                    WIDTH="209"
                    HEIGHT="121"></String>
          </TextLine>
          <TextLine ID="eSc_line_09ad73d8"
                    TAGREFS="LT31"
                    BASELINE="122 2171 329 2186" 
                    HPOS="119"
                    VPOS="2095"
                    WIDTH="213"
                    HEIGHT="130">
            <Shape><Polygon POINTS="153 2115 125 2149 122 2171 119 2200 184 2203 187 2208 198 2223 201 2223 201 2225 204 2225 207 2225 210 2225 323 2220 329 2186 332 2129 272 2100 269 2100 267 2100 264 2100 261 2100 235 2118 190 2095 187 2095 184 2095 181 2095 153 2106 153 2115"/></Shape>
	    <String CONTENT="8I ,62"
                    HPOS="119"
                    VPOS="2095"
                    WIDTH="213"
                    HEIGHT="130"
                    WC="0.9996288021405538"></String>
          </TextLine>
          <TextLine ID="eSc_line_9d5c80b6"
                    TAGREFS="LT31"
                    BASELINE="201 2271 406 2271" 
                    HPOS="201"
                    VPOS="2223"
                    WIDTH="205"
                    HEIGHT="88">
            <Shape><Polygon POINTS="201 2271 201 2296 403 2311 406 2271 406 2223 201 2223 201 2271"/></Shape>
	    <String CONTENT="48I97"
                    HPOS="201"
                    VPOS="2223"
                    WIDTH="205"
                    HEIGHT="88"
                    WC="0.999976921081543"></String>
          </TextLine>
          <TextLine ID="eSc_line_15802eda"
                    TAGREFS="LT31"
                    BASELINE="281 2353 423 2333" 
                    HPOS="272"
                    VPOS="2294"
                    WIDTH="154"
                    HEIGHT="99">
            <Shape><Polygon POINTS="417 2313 392 2294 272 2296 281 2353 286 2393 426 2370 423 2333 417 2311 417 2313"/></Shape>
	    <String CONTENT="I120"
                    HPOS="272"
                    VPOS="2294"
                    WIDTH="154"
                    HEIGHT="99"
                    WC="0.9992120862007141"></String>
          </TextLine>
          <TextLine ID="eSc_line_35384271"
                    TAGREFS="LT31"
                    BASELINE="119 2759 329 2751" 
                    HPOS="119"
                    VPOS="2685"
                    WIDTH="210"
                    HEIGHT="97">
            <Shape><Polygon POINTS="201 2697 190 2700 181 2711 178 2717 156 2717 144 2722 119 2759 119 2782 329 2782 329 2751 323 2697 218 2685 201 2697"/></Shape>
	    <String CONTENT="ceubre du"
                    HPOS="119"
                    VPOS="2685"
                    WIDTH="210"
                    HEIGHT="97"
                    WC="0.9944051702817281"></String>
          </TextLine>
          <TextLine ID="eSc_line_eb9e8887"
                    TAGREFS="LT31"
                    BASELINE="118 2813 296 2811" 
                    HPOS="156"
                    VPOS="2768"
                    WIDTH="31"
                    HEIGHT="59">
            <Shape><Polygon POINTS="159 2827 187 2819 187 2802 187 2768 156 2768 156 2802"/></Shape>
	    <String CONTENT="s"
                    HPOS="156"
                    VPOS="2768"
                    WIDTH="31"
                    HEIGHT="59"
                    WC="0.9999860525131226"></String>
          </TextLine>
          <TextLine ID="eSc_line_980a8fca"
                    TAGREFS="LT31"
                    BASELINE="122 2861 312 2853" 
                    HPOS="119"
                    VPOS="2813"
                    WIDTH="193"
                    HEIGHT="80">
            <Shape><Polygon POINTS="122 2861 122 2893 312 2887 312 2853 304 2813 119 2819 122 2861"/></Shape>
	    <String CONTENT="44I 180"
                    HPOS="119"
                    VPOS="2813"
                    WIDTH="193"
                    HEIGHT="80"
                    WC="0.996577535356794"></String>
          </TextLine>
          <TextLine ID="eSc_line_53c6a45e"
                    TAGREFS="LT31"
                    BASELINE="104 3155 338 3159" 
                    HPOS="104"
                    VPOS="3155"
                    WIDTH="234"
                    HEIGHT="4">
	    <String CONTENT=""
                    HPOS="104"
                    VPOS="3155"
                    WIDTH="234"
                    HEIGHT="4"></String>
          </TextLine>
        </TextBlock>
        <TextBlock HPOS="418"
                   VPOS="0"
                   WIDTH="2299"
                   HEIGHT="3407"
                   ID="119c80fe-faad-4093-8a80-ddace190f1c1"
                   TAGREFS="BT42">
          <Shape><Polygon POINTS="2717 0 2717 3407 418 3407 540 0"/></Shape>
          <TextLine ID="eSc_line_c535080c"
                    TAGREFS="LT31"
                    BASELINE="565 93 1275 79 2690 90" 
                    HPOS="562"
                    VPOS="34"
                    WIDTH="2128"
                    HEIGHT="90">
            <Shape><Polygon POINTS="2579 42 2551 42 2522 42 2494 42 2466 42 2437 42 2409 42 2380 42 2352 42 2324 42 2295 42 2267 42 2238 42 2210 42 2181 39 2153 39 2125 39 2096 39 2068 39 2054 39 2048 42 2045 45 1571 45 1559 42 1514 36 1500 36 1471 36 1443 36 1414 36 1386 36 1372 36 1360 39 1289 36 1272 36 1244 36 1216 36 1187 34 1159 34 1130 34 1102 34 1073 34 1045 34 1017 34 988 34 960 34 931 34 903 34 875 34 869 34 781 39 752 34 733 34 704 34 676 36 647 45 619 53 590 59 579 62 565 93 562 116 946 122 948 122 985 116 1085 102 1346 116 1502 124 1505 124 1599 116 1724 105 1920 105 1940 116 1960 124 1963 124 1966 124 2051 116 2150 105 2218 116 2247 119 2250 119 2278 116 2343 105 2684 113 2690 90 2687 45 2588 42 2579 42"/></Shape>
	    <String CONTENT="en étranger, et il lui échappe de parler avec écotion de &quot;notre bonne"
                    HPOS="562"
                    VPOS="34"
                    WIDTH="2128"
                    HEIGHT="90"
                    WC="0.9811816094578176"></String>
          </TextLine>
          <TextLine ID="eSc_line_07297551"
                    TAGREFS="LT31"
                    BASELINE="559 158 1375 144" 
                    HPOS="556"
                    VPOS="93"
                    WIDTH="819"
                    HEIGHT="102">
            <Shape><Polygon POINTS="559 158 559 184 576 195 579 195 582 195 585 195 588 195 630 178 715 195 718 195 721 195 724 195 724 193 744 178 747 176 775 176 943 190 946 190 1017 176 1048 170 1073 176 1119 187 1122 187 1125 187 1375 173 1375 144 1366 110 1179 110 1142 93 1139 93 1136 93 1133 93 1130 93 1130 96 1113 110 1056 93 1054 93 1051 93 1048 93 1045 93 1045 96 1025 113 985 96 983 96 980 96 977 96 923 113 821 99 818 99 815 99 778 116 741 99 738 99 735 99 733 99 730 99 730 102 710 119 616 102 613 102 610 102 556 122 559 158"/></Shape>
	    <String CONTENT="et adumioble Belgique&quot;."
                    HPOS="556"
                    VPOS="93"
                    WIDTH="819"
                    HEIGHT="102"
                    WC="0.9729385401891626"></String>
          </TextLine>
          <TextLine ID="eSc_line_3b2bb167"
                    TAGREFS="LT31"
                    BASELINE="590 229 2642 198" 
                    HPOS="588"
                    VPOS="144"
                    WIDTH="2054"
                    HEIGHT="108">
            <Shape><Polygon POINTS="590 229 590 252 2642 224 2642 198 2633 144 588 184 590 229"/></Shape>
	    <String CONTENT="Mais si rien &#x27;est à craindre à l&#x27;intérieus, il semble que touts"
                    HPOS="588"
                    VPOS="144"
                    WIDTH="2054"
                    HEIGHT="108"
                    WC="0.9840876386715816"></String>
          </TextLine>
          <TextLine ID="eSc_line_308f6395"
                    TAGREFS="LT31"
                    BASELINE="562 298 2662 264" 
                    HPOS="559"
                    VPOS="212"
                    WIDTH="1694"
                    HEIGHT="108">
            <Shape><Polygon POINTS="562 320 2253 289 2253 266 2244 212 2088 229 1960 218 1940 218 1937 218 1934 218 1931 218 1912 232 1625 227 1500 227 1497 227 1494 227 1477 232 1446 241 1241 238 1028 235 1025 235 559 255 562 298"/></Shape>
	    <String CONTENT="soit à craindre du dehors. A Pario, les joumaux exhort¬"
                    HPOS="559"
                    VPOS="212"
                    WIDTH="1694"
                    HEIGHT="108"
                    WC="0.9888631903699466"></String>
          </TextLine>
          <TextLine ID="eSc_line_56f22397"
                    TAGREFS="LT33"
                    BASELINE="2214 298 2468 301" 
                    HPOS="2214"
                    VPOS="298"
                    WIDTH="254"
                    HEIGHT="3">
	    <String CONTENT=""
                    HPOS="2214"
                    VPOS="298"
                    WIDTH="254"
                    HEIGHT="3"></String>
          </TextLine>
          <TextLine ID="eSc_line_3a0c5d1c"
                    TAGREFS="LT31"
                    BASELINE="562 363 2605 323" 
                    HPOS="559"
                    VPOS="249"
                    WIDTH="2046"
                    HEIGHT="148">
            <Shape><Polygon POINTS="2235 269 2207 269 2196 269 2133 298 2014 303 1968 286 1966 286 1809 283 1806 283 1804 283 1721 309 1622 309 1588 286 1585 286 1582 286 1579 286 1406 315 1338 295 1335 295 1332 295 1329 295 1326 295 1295 315 1173 315 1147 300 1142 295 1139 295 1136 295 1133 295 1130 295 1127 295 1119 300 1093 317 1051 303 1037 300 1034 300 1031 300 1028 300 1017 306 974 323 872 312 809 303 806 303 804 303 769 315 747 323 559 323 562 363 562 397 710 380 917 391 937 391 940 391 951 391 1059 374 1127 388 1139 388 1142 388 1210 386 1613 363 1957 371 2017 371 2020 371 2082 369 2457 346 2602 357 2605 323 2596 249 2241 252 2235 269"/></Shape>
	    <String CONTENT="à proétanur la riquulilique et la conduite du gornv. &lt;....t"
                    HPOS="559"
                    VPOS="249"
                    WIDTH="2046"
                    HEIGHT="148"
                    WC="0.9293169995148977"></String>
          </TextLine>
          <TextLine ID="eSc_line_e89045a5"
                    TAGREFS="LT31"
                    BASELINE="539 431 2568 377" 
                    HPOS="536"
                    VPOS="340"
                    WIDTH="2032"
                    HEIGHT="125">
            <Shape><Polygon POINTS="539 431 539 451 642 465 644 465 846 445 860 445 875 445 1068 454 1071 454 2568 406 2568 377 2559 340 536 388 539 431"/></Shape>
	    <String CONTENT="au moins auligue, &lt;. ... ... .....&gt;"
                    HPOS="536"
                    VPOS="340"
                    WIDTH="2032"
                    HEIGHT="125"
                    WC="0.9689304181507655"></String>
          </TextLine>
          <TextLine ID="eSc_line_6b3c70d5"
                    TAGREFS="LT31"
                    BASELINE="536 502 2667 445" 
                    HPOS="534"
                    VPOS="400"
                    WIDTH="2133"
                    HEIGHT="130">
            <Shape><Polygon POINTS="536 502 536 530 2667 471 2667 445 2662 411 2346 400 2343 400 2071 423 2020 428 1573 437 1551 434 1491 423 1488 423 1412 437 1377 442 1349 437 1295 428 1292 428 1159 442 1065 451 1028 445 983 437 980 437 977 437 957 445 940 457 534 457 536 502"/></Shape>
	    <String CONTENT="&lt;...... .. . ... . . ......."
                    HPOS="534"
                    VPOS="400"
                    WIDTH="2133"
                    HEIGHT="130"
                    WC="0.8670090628521783"></String>
          </TextLine>
          <TextLine ID="eSc_line_fc0048f3"
                    TAGREFS="LT34"
                    BASELINE="1068 513 1159 512" 
                    HPOS="1068"
                    VPOS="512"
                    WIDTH="91"
                    HEIGHT="1">
	    <String CONTENT=""
                    HPOS="1068"
                    VPOS="512"
                    WIDTH="91"
                    HEIGHT="1"></String>
          </TextLine>
          <TextLine ID="eSc_line_1ea97f0b"
                    TAGREFS="LT31"
                    BASELINE="528 573 2682 505" 
                    HPOS="525"
                    VPOS="451"
                    WIDTH="2157"
                    HEIGHT="162">
            <Shape><Polygon POINTS="2664 451 2642 465 2366 462 2355 462 2352 462 2346 462 2224 482 2167 468 2164 468 2162 468 2159 468 2156 468 2153 468 2099 485 1974 476 1971 476 1968 476 1966 476 1949 494 525 522 528 573 528 613 642 593 792 604 795 604 798 604 801 604 826 584 977 582 1088 593 1122 596 1125 596 1127 596 1136 590 1162 579 1264 584 1332 590 1335 590 1872 573 2145 547 2233 542 2289 542 2525 550 2528 550 2682 525 2682 505 2670 454 2664 451"/></Shape>
	    <String CONTENT="&lt;......  .... .... ... B"
                    HPOS="525"
                    VPOS="451"
                    WIDTH="2157"
                    HEIGHT="162"
                    WC="0.8961594899495443"></String>
          </TextLine>
          <TextLine ID="eSc_line_270c30ab"
                    TAGREFS="LT31"
                    BASELINE="536 644 1821 593 2667 579" 
                    HPOS="534"
                    VPOS="533"
                    WIDTH="2133"
                    HEIGHT="131">
            <Shape><Polygon POINTS="536 644 536 664 1699 638 1701 638 1713 635 1750 624 1804 633 1829 635 1832 635 1835 635 1843 633 1863 621 1900 630 1917 633 1920 633 2005 627 2264 607 2318 618 2326 618 2329 618 2332 618 2335 618 2360 604 2664 607 2667 579 2659 533 534 599 536 644"/></Shape>
	    <String CONTENT="&lt;. .. .... .  ... . .......... ....&gt;"
                    HPOS="534"
                    VPOS="533"
                    WIDTH="2133"
                    HEIGHT="131"
                    WC="0.8821294340822432"></String>
          </TextLine>
          <TextLine ID="eSc_line_449803b8"
                    TAGREFS="LT31"
                    BASELINE="545 706 1983 650 2582 638" 
                    HPOS="542"
                    VPOS="593"
                    WIDTH="2040"
                    HEIGHT="142">
            <Shape><Polygon POINTS="545 706 545 735 2582 661 2582 638 2574 593 542 667 545 706"/></Shape>
	    <String CONTENT="&lt;... .. . .. .&gt; bandes"
                    HPOS="542"
                    VPOS="593"
                    WIDTH="2040"
                    HEIGHT="142"
                    WC="0.8900460790504109"></String>
          </TextLine>
          <TextLine ID="eSc_line_d793a4c9"
                    TAGREFS="LT31"
                    BASELINE="536 772 2605 687" 
                    HPOS="534"
                    VPOS="635"
                    WIDTH="2071"
                    HEIGHT="162">
            <Shape><Polygon POINTS="2576 641 2548 641 2520 641 2491 641 2477 641 534 729 536 772 536 797 2602 712 2605 687 2599 635 2576 635 2576 641"/></Shape>
	    <String CONTENT="&lt;...&gt; Il avoit espésé dout"
                    HPOS="534"
                    VPOS="635"
                    WIDTH="2071"
                    HEIGHT="162"
                    WC="0.9683329921502334"></String>
          </TextLine>
          <TextLine ID="eSc_line_a0e38ee5"
                    TAGREFS="LT31"
                    BASELINE="528 837 2653 752" 
                    HPOS="525"
                    VPOS="712"
                    WIDTH="2128"
                    HEIGHT="151">
            <Shape><Polygon POINTS="528 837 528 863 2653 777 2653 752 2647 712 525 786 528 837"/></Shape>
	    <String CONTENT="d&#x27;abord que l&#x27;exemple de la France provognerait dur le champ la rinoln¬"
                    HPOS="525"
                    VPOS="712"
                    WIDTH="2128"
                    HEIGHT="151"
                    WC="0.9867296311217295"></String>
          </TextLine>
          <TextLine ID="eSc_line_e9b53d0b"
                    TAGREFS="LT31"
                    BASELINE="531 905 2630 812" 
                    HPOS="525"
                    VPOS="763"
                    WIDTH="2105"
                    HEIGHT="171">
            <Shape><Polygon POINTS="531 905 531 934 2630 843 2630 812 2625 763 525 860 531 905"/></Shape>
	    <String CONTENT="tion à Bruxelles et il éprouve, de s&#x27;être trompé, une semprise mêlée"
                    HPOS="525"
                    VPOS="763"
                    WIDTH="2105"
                    HEIGHT="171"
                    WC="0.9879284820694855"></String>
          </TextLine>
          <TextLine ID="eSc_line_f53910c2"
                    TAGREFS="LT31"
                    BASELINE="528 968 2582 877" 
                    HPOS="525"
                    VPOS="823"
                    WIDTH="2057"
                    HEIGHT="167">
            <Shape><Polygon POINTS="528 968 528 990 2582 911 2582 877 2574 823 2500 843 2400 831 2392 831 2389 831 2378 831 2250 854 2201 843 2196 840 2193 840 2190 840 2187 840 2176 843 2119 860 1940 854 1869 854 1866 854 1863 854 1843 860 1795 874 1721 865 1676 863 1673 863 1670 863 1639 871 1593 882 1446 880 1312 880 1309 880 1252 891 1213 900 1196 894 1170 885 1167 885 1164 885 1162 885 1159 885 1142 897 1133 902 1099 900 1031 891 1028 891 525 928 528 968"/></Shape>
	    <String CONTENT="de dépite Se situation est emtarrassante et rappelle &lt;... .. ...&gt;"
                    HPOS="525"
                    VPOS="823"
                    WIDTH="2057"
                    HEIGHT="167"
                    WC="0.9500867816118094"></String>
          </TextLine>
          <TextLine ID="eSc_line_89a41e69"
                    TAGREFS="LT31"
                    BASELINE="522 1039 2054 973 2650 959" 
                    HPOS="519"
                    VPOS="897"
                    WIDTH="2131"
                    HEIGHT="173">
            <Shape><Polygon POINTS="522 1039 522 1059 730 1070 733 1070 804 1067 806 1067 809 1067 809 1064 826 1050 832 1050 1227 1050 1230 1050 1576 1036 1579 1036 1610 1022 1616 1019 1647 1019 1792 1027 1795 1027 1900 1010 1940 1005 1997 1007 2119 1013 2122 1013 2125 1013 2159 1002 2173 996 2207 999 2278 1007 2281 1007 2284 1007 2287 1007 2307 996 2315 990 2352 993 2423 1002 2426 1002 2650 982 2650 959 2642 897 2491 919 2432 905 2423 905 2420 905 2417 905 2412 905 2349 925 2318 911 2315 911 2312 911 2309 911 2298 911 2207 931 2179 917 2176 917 2173 917 2170 917 2147 919 2039 936 1963 928 1929 925 1926 925 1923 925 1900 931 1849 945 1767 936 1718 934 1716 934 1713 934 1684 942 1639 953 1531 948 1431 945 1429 945 1380 956 1341 965 1292 959 1221 953 1218 953 1216 953 1173 965 1144 973 1096 970 1008 962 1005 962 1002 962 968 976 960 979 943 976 880 968 877 968 875 968 872 968 872 970 860 982 855 985 786 985 573 982 571 982 568 982 519 993 522 1039"/></Shape>
	    <String CONTENT="d&#x27;assez près celle de Louis Philippe en 1830. Partagé entre la caintr"
                    HPOS="519"
                    VPOS="897"
                    WIDTH="2131"
                    HEIGHT="173"
                    WC="0.9872250937033391"></String>
          </TextLine>
          <TextLine ID="eSc_line_31595a21"
                    TAGREFS="LT31"
                    BASELINE="531 1110 2062 1044 2645 1036" 
                    HPOS="528"
                    VPOS="988"
                    WIDTH="2117"
                    HEIGHT="153">
            <Shape><Polygon POINTS="531 1110 531 1141 2645 1061 2645 1036 2636 988 1846 1005 1699 1024 1687 1024 1681 1024 1622 1013 1619 1013 1539 1030 1537 1030 1534 1030 1480 1019 1477 1019 1252 1041 1244 1041 1241 1041 1110 1033 1108 1033 1105 1033 1037 1050 1034 1050 965 1039 963 1039 528 1070 531 1110"/></Shape>
	    <String CONTENT="d&#x27;exaspérer les partisans de la propagende &lt; .&gt;"
                    HPOS="528"
                    VPOS="988"
                    WIDTH="2117"
                    HEIGHT="153"
                    WC="0.9870988587115673"></String>
          </TextLine>
          <TextLine ID="eSc_line_8bbb33e6"
                    TAGREFS="LT31"
                    BASELINE="522 1178 2664 1081" 
                    HPOS="519"
                    VPOS="1039"
                    WIDTH="2145"
                    HEIGHT="170">
            <Shape><Polygon POINTS="522 1178 522 1209 2664 1112 2664 1081 2659 1039 519 1135 522 1178"/></Shape>
	    <String CONTENT="&lt;. . .&gt; en d&#x27;opposant à l&#x27;invasion de la Retgique et celle de"
                    HPOS="519"
                    VPOS="1039"
                    WIDTH="2145"
                    HEIGHT="170"
                    WC="0.9711047747442799"></String>
          </TextLine>
          <TextLine ID="eSc_line_724c531b"
                    TAGREFS="LT31"
                    BASELINE="517 1246 1224 1226 2241 1169 2639 1161" 
                    HPOS="514"
                    VPOS="1104"
                    WIDTH="2125"
                    HEIGHT="167">
            <Shape><Polygon POINTS="517 1246 517 1271 2639 1189 2639 1161 2633 1112 2551 1104 2548 1104 2397 1124 2349 1129 2307 1127 2184 1121 2181 1121 2074 1138 2031 1144 2000 1141 1917 1132 1914 1132 1912 1132 1863 1147 1843 1152 1789 1149 1667 1144 1664 1144 1662 1144 1659 1144 1639 1158 1630 1161 1608 1158 1554 1149 1551 1149 1548 1149 1525 1161 1511 1169 1201 1181 1181 1175 1147 1166 1144 1166 1142 1166 1139 1166 1136 1166 1116 1178 1105 1186 849 1195 840 1192 829 1181 826 1181 823 1181 821 1181 514 1203 517 1246"/></Shape>
	    <String CONTENT="le brouiller avec l&#x27;Europe et surtout avec l&#x27;Anglétorre en l&#x27;am¬"
                    HPOS="514"
                    VPOS="1104"
                    WIDTH="2125"
                    HEIGHT="167"
                    WC="0.9869380183517933"></String>
          </TextLine>
          <TextLine ID="eSc_line_cbd273fa"
                    TAGREFS="LT31"
                    BASELINE="517 1314 2636 1235" 
                    HPOS="514"
                    VPOS="1183"
                    WIDTH="2122"
                    HEIGHT="162">
            <Shape><Polygon POINTS="517 1314 517 1345 821 1325 1082 1328 1116 1328 1119 1328 1127 1328 1204 1308 1687 1308 1727 1306 1730 1306 1733 1306 1804 1288 2085 1291 2088 1291 2091 1291 2093 1291 2096 1291 2096 1288 2110 1277 2250 1286 2253 1286 2255 1286 2258 1286 2412 1266 2633 1271 2636 1235 2628 1183 1346 1243 1321 1237 1275 1229 1272 1229 1269 1229 1267 1229 1255 1240 1247 1249 1042 1254 1002 1252 897 1243 894 1243 514 1271 517 1314"/></Shape>
	    <String CONTENT="torisant il louvoye sans oses prendre parti. d. Lmartiue assure le"
                    HPOS="514"
                    VPOS="1183"
                    WIDTH="2122"
                    HEIGHT="162"
                    WC="0.9922762486067686"></String>
          </TextLine>
          <TextLine ID="eSc_line_9ad405d3"
                    TAGREFS="LT31"
                    BASELINE="528 1382 1358 1359 2613 1300" 
                    HPOS="525"
                    VPOS="1260"
                    WIDTH="2088"
                    HEIGHT="159">
            <Shape><Polygon POINTS="528 1382 528 1419 2176 1342 2233 1354 2241 1354 2244 1354 2261 1354 2383 1334 2608 1337 2613 1300 2608 1260 2414 1274 2375 1269 2332 1260 2329 1260 2326 1260 2324 1260 2312 1269 2295 1283 2233 1283 2204 1274 2181 1266 2179 1266 2176 1266 2173 1266 2170 1266 2170 1269 2162 1274 2147 1286 2017 1280 1923 1277 1920 1277 1855 1286 1747 1303 1684 1291 1653 1288 1650 1288 1647 1288 1619 1294 1554 1311 1440 1303 1409 1300 1406 1300 1403 1300 1400 1300 1397 1303 1375 1317 1315 1306 1304 1306 1301 1306 1298 1306 1295 1306 1295 1308 1269 1323 1187 1314 1184 1314 1181 1314 1142 1328 1119 1314 1116 1314 1113 1314 1110 1314 1105 1314 1005 1334 954 1320 943 1317 940 1317 937 1317 875 1323 656 1345 525 1337 528 1382"/></Shape>
	    <String CONTENT="prece de Ligne de sa résotution de resperter l&#x27;indépendance atu"
                    HPOS="525"
                    VPOS="1260"
                    WIDTH="2088"
                    HEIGHT="159"
                    WC="0.9878371395762005"></String>
          </TextLine>
          <TextLine ID="eSc_line_d9838122"
                    TAGREFS="LT31"
                    BASELINE="525 1456 1349 1436 1889 1396 2582 1374" 
                    HPOS="522"
                    VPOS="1323"
                    WIDTH="2060"
                    HEIGHT="170">
            <Shape><Polygon POINTS="525 1456 525 1493 863 1462 1034 1473 1062 1473 1065 1473 1522 1456 1525 1456 1528 1456 1528 1453 1531 1450 1548 1436 1582 1450 1588 1450 1591 1450 1593 1450 1664 1445 1991 1416 2582 1405 2582 1374 2574 1323 2525 1337 2352 1331 2298 1331 2295 1331 2292 1331 2289 1331 2287 1334 2264 1348 2088 1342 2000 1342 1997 1342 1994 1342 1977 1348 1951 1359 1895 1354 1852 1348 1849 1348 1846 1348 1824 1357 1787 1368 1696 1362 1619 1357 1616 1357 1491 1371 1363 1385 1247 1382 1144 1379 1142 1379 1139 1379 1108 1388 1088 1394 1073 1391 1034 1379 1031 1379 1028 1379 937 1396 903 1402 886 1399 838 1385 835 1385 832 1385 829 1385 798 1402 792 1405 778 1402 698 1391 696 1391 693 1391 690 1391 690 1394 673 1408 667 1413 522 1413 525 1456"/></Shape>
	    <String CONTENT="pays, il est visible cependant qu&#x27;il laisse &lt;.&gt; de soi disant"
                    HPOS="522"
                    VPOS="1323"
                    WIDTH="2060"
                    HEIGHT="170"
                    WC="0.9775868263400969"></String>
          </TextLine>
          <TextLine ID="eSc_line_78ae6fb3"
                    TAGREFS="LT31"
                    BASELINE="511 1527 1278 1507 2056 1462 2608 1445" 
                    HPOS="508"
                    VPOS="1411"
                    WIDTH="2100"
                    HEIGHT="147">
            <Shape><Polygon POINTS="511 1527 511 1550 630 1558 633 1558 778 1541 806 1538 823 1538 934 1553 937 1553 1622 1521 1625 1521 1653 1507 1656 1507 1659 1507 1707 1521 1710 1521 1713 1521 1716 1521 1718 1521 1718 1518 1735 1504 1741 1501 1778 1504 1926 1513 1929 1513 2037 1493 2076 1484 2608 1470 2608 1445 2599 1411 2056 1413 1883 1436 1880 1436 1707 1428 1704 1428 1701 1428 1633 1447 1630 1447 1627 1447 1591 1433 1588 1433 1585 1433 1582 1433 1531 1450 1525 1450 1343 1445 1341 1445 1338 1445 1335 1445 1312 1459 1309 1462 994 1473 980 1473 877 1462 875 1462 727 1482 710 1484 701 1484 642 1470 639 1470 636 1470 633 1470 610 1487 608 1490 508 1490 511 1527"/></Shape>
	    <String CONTENT="auriers belges préparer oivertement ee expédition à main ar¬"
                    HPOS="508"
                    VPOS="1411"
                    WIDTH="2100"
                    HEIGHT="147"
                    WC="0.9899946675925958"></String>
          </TextLine>
          <TextLine ID="eSc_line_4329c403"
                    TAGREFS="LT31"
                    BASELINE="508 1606 2562 1516" 
                    HPOS="505"
                    VPOS="1459"
                    WIDTH="2057"
                    HEIGHT="167">
            <Shape><Polygon POINTS="508 1606 508 1626 2559 1547 2562 1516 2557 1459 2454 1482 2366 1467 2358 1467 2355 1467 2352 1467 2346 1467 2287 1490 2003 1487 1949 1487 1946 1487 1926 1490 1838 1510 1727 1501 1687 1499 1684 1499 1633 1507 1522 1524 1485 1513 1460 1507 1457 1507 1454 1507 1451 1507 1423 1516 1386 1530 1323 1521 1264 1516 1261 1516 1258 1516 1221 1527 1184 1541 804 1555 786 1550 755 1538 752 1538 750 1538 505 1564 508 1606"/></Shape>
	    <String CONTENT="mée ?Des mesures de précantion sont donc indispensaleles et il"
                    HPOS="505"
                    VPOS="1459"
                    WIDTH="2057"
                    HEIGHT="167"
                    WC="0.9913189987982473"></String>
          </TextLine>
          <TextLine ID="eSc_line_b6a6bfbe"
                    TAGREFS="LT31"
                    BASELINE="517 1672 2596 1587" 
                    HPOS="514"
                    VPOS="1550"
                    WIDTH="2082"
                    HEIGHT="162">
            <Shape><Polygon POINTS="517 1672 519 1712 599 1692 789 1700 792 1700 795 1700 798 1700 866 1680 951 1692 954 1692 1071 1672 1119 1686 1122 1686 1125 1686 1426 1660 1815 1660 1815 1658 1818 1658 1821 1658 1843 1643 1968 1652 1971 1652 2068 1632 2147 1643 2150 1643 2153 1643 2199 1626 2238 1641 2241 1641 2244 1641 2247 1641 2321 1621 2591 1626 2596 1587 2593 1550 2253 1550 2250 1550 2159 1567 2153 1567 2150 1567 2122 1555 2119 1555 2116 1555 2113 1555 2085 1570 2082 1572 1693 1587 1681 1587 1579 1578 1576 1578 1573 1578 1571 1578 1548 1592 1545 1592 1488 1581 1485 1581 1483 1581 1414 1598 1409 1598 1389 1598 1113 1598 1110 1598 710 1626 667 1615 664 1615 661 1615 514 1635 517 1672"/></Shape>
	    <String CONTENT="faut se gardés d&#x27;autre part de toute marque de défiance ou"
                    HPOS="514"
                    VPOS="1550"
                    WIDTH="2082"
                    HEIGHT="162"
                    WC="0.9958569674656309"></String>
          </TextLine>
          <TextLine ID="eSc_line_2a8ca738"
                    TAGREFS="LT31"
                    BASELINE="508 1743 2602 1663" 
                    HPOS="505"
                    VPOS="1609"
                    WIDTH="2097"
                    HEIGHT="156">
            <Shape><Polygon POINTS="508 1743 508 1765 2602 1692 2602 1663 2593 1609 2437 1629 2372 1618 2366 1618 2363 1618 2360 1618 2355 1618 2287 1635 2164 1626 2142 1626 2139 1626 2125 1629 2059 1643 2020 1632 2014 1632 2011 1632 2008 1632 2005 1632 2003 1632 2003 1635 1985 1646 1826 1641 1770 1641 1767 1641 1721 1646 1613 1660 1474 1658 1392 1655 1389 1655 1355 1660 1309 1675 505 1697 508 1743"/></Shape>
	    <String CONTENT="d Tostilité qui pourraient froisser la sur ceptibititise redentable"
                    HPOS="505"
                    VPOS="1609"
                    WIDTH="2097"
                    HEIGHT="156"
                    WC="0.9995815318022201"></String>
          </TextLine>
          <TextLine ID="eSc_line_a1a69d83"
                    TAGREFS="LT31"
                    BASELINE="514 1808 1480 1780 2380 1729 2611 1729" 
                    HPOS="511"
                    VPOS="1680"
                    WIDTH="2100"
                    HEIGHT="162">
            <Shape><Polygon POINTS="514 1808 514 1834 786 1842 789 1842 792 1842 860 1822 872 1819 897 1819 1068 1831 1071 1831 1073 1831 1142 1814 1207 1825 1210 1825 1554 1811 1556 1811 1559 1811 1582 1797 1733 1802 1735 1802 1738 1802 1784 1785 1792 1782 1835 1782 2034 1791 2037 1791 2122 1771 2142 1765 2608 1751 2611 1729 2605 1680 2201 1689 2199 1689 2196 1689 2187 1697 2176 1706 2091 1703 1994 1697 1991 1697 1988 1697 1966 1709 1949 1717 1554 1731 1537 1726 1505 1717 1502 1717 1500 1717 1497 1717 1494 1717 1494 1720 1483 1729 1477 1734 1412 1731 1306 1729 1304 1729 1241 1740 1210 1746 1190 1743 1142 1731 1139 1731 1022 1748 991 1754 980 1751 937 1740 934 1740 931 1740 929 1740 872 1757 858 1760 846 1757 798 1746 795 1746 792 1746 789 1746 724 1763 713 1765 704 1763 659 1751 656 1751 653 1751 511 1771 514 1808"/></Shape>
	    <String CONTENT="voisin. En même temps que le gouvernement rappelle sous les &lt;."
                    HPOS="511"
                    VPOS="1680"
                    WIDTH="2100"
                    HEIGHT="162"
                    WC="0.9607241221012608"></String>
          </TextLine>
          <TextLine ID="eSc_line_f25888b4"
                    TAGREFS="LT34"
                    BASELINE="479 1841 686 1845" 
                    HPOS="479"
                    VPOS="1841"
                    WIDTH="207"
                    HEIGHT="4">
	    <String CONTENT=""
                    HPOS="479"
                    VPOS="1841"
                    WIDTH="207"
                    HEIGHT="4"></String>
          </TextLine>
          <TextLine ID="eSc_line_8625c4b9"
                    TAGREFS="LT31"
                    BASELINE="511 1888 2616 1791" 
                    HPOS="508"
                    VPOS="1740"
                    WIDTH="2108"
                    HEIGHT="173">
            <Shape><Polygon POINTS="511 1888 511 1913 2616 1822 2616 1791 2611 1746 2417 1740 2414 1740 2412 1740 2369 1757 2346 1765 2329 1757 2301 1746 2298 1746 2295 1746 2292 1746 2264 1760 2233 1748 2230 1748 2227 1748 2128 1765 2039 1780 1943 1771 1886 1768 1883 1768 1880 1768 1877 1768 1869 1774 1846 1788 1735 1780 1713 1780 1710 1780 1707 1780 1701 1782 1667 1800 1238 1817 1187 1805 1184 1805 1181 1805 1179 1805 1176 1805 1159 1822 991 1828 914 1811 909 1811 906 1811 894 1811 761 1836 701 1819 698 1819 696 1819 508 1825 511 1888"/></Shape>
	    <String CONTENT="&lt;..&gt; les milicieus en congé, arme les forteresses de la frontière &lt;..&gt;"
                    HPOS="508"
                    VPOS="1740"
                    WIDTH="2108"
                    HEIGHT="173"
                    WC="0.9751242424760546"></String>
          </TextLine>
          <TextLine ID="eSc_line_cd80c2bb"
                    TAGREFS="LT31"
                    BASELINE="502 1959 2662 1859" 
                    HPOS="500"
                    VPOS="1802"
                    WIDTH="2162"
                    HEIGHT="188">
            <Shape><Polygon POINTS="502 1959 502 1990 1184 1950 1230 1961 1233 1961 1235 1961 1238 1961 1272 1959 1573 1933 1826 1933 1829 1933 1832 1933 1863 1919 2153 1919 2164 1919 2167 1919 2173 1919 2292 1899 2471 1905 2474 1905 2477 1905 2542 1888 2659 1896 2662 1859 2653 1802 2588 1822 2477 1811 2468 1811 2466 1811 2449 1811 2278 1836 2136 1828 2113 1828 2110 1828 2108 1828 2102 1831 2062 1845 2042 1834 2042 1831 2039 1831 2037 1831 2034 1831 1860 1842 1858 1842 1855 1842 1855 1845 1841 1859 1480 1873 1434 1865 1420 1862 1417 1862 1414 1862 1400 1865 1352 1879 1261 1873 1218 1871 1216 1871 1179 1876 1108 1890 980 1888 880 1885 877 1885 809 1896 738 1907 713 1902 690 1893 687 1893 684 1893 500 1910 502 1959"/></Shape>
	    <String CONTENT="dépède de demander aux Chambres (16 mars) un nouvel emprenf"
                    HPOS="500"
                    VPOS="1802"
                    WIDTH="2162"
                    HEIGHT="188"
                    WC="0.9960198139740248"></String>
          </TextLine>
          <TextLine ID="eSc_line_cb78bd30"
                    TAGREFS="LT33"
                    BASELINE="1538 1959 1598 1955" 
                    HPOS="1538"
                    VPOS="1955"
                    WIDTH="60"
                    HEIGHT="4">
	    <String CONTENT=""
                    HPOS="1538"
                    VPOS="1955"
                    WIDTH="60"
                    HEIGHT="4"></String>
          </TextLine>
          <TextLine ID="eSc_line_2736adf0"
                    TAGREFS="LT31"
                    BASELINE="500 2032 2289 1941 2630 1936" 
                    HPOS="497"
                    VPOS="1888"
                    WIDTH="2133"
                    HEIGHT="184">
            <Shape><Polygon POINTS="500 2032 500 2072 1025 2030 1125 2044 1127 2044 1130 2044 1136 2044 1304 2012 1988 2001 2048 1998 2051 1998 2054 1998 2108 1973 2505 1956 2628 1967 2630 1936 2625 1888 2378 1888 2375 1888 2093 1913 2011 1919 2005 1916 1980 1905 1977 1905 1974 1905 1971 1905 1968 1905 1968 1907 1954 1919 1951 1924 1775 1930 1767 1927 1750 1916 1747 1916 1744 1916 1741 1916 1664 1930 1627 1939 1608 1933 1576 1924 1573 1924 1571 1924 1491 1939 1440 1947 1377 1944 1287 1939 1284 1939 1221 1950 1164 1961 1099 1956 1056 1953 1054 1953 1008 1961 934 1976 497 1981 500 2032"/></Shape>
	    <String CONTENT="fofcé de quarante millions, s&gt; acmpte avec empressement ses a¬"
                    HPOS="497"
                    VPOS="1888"
                    WIDTH="2133"
                    HEIGHT="184"
                    WC="0.9914782701000091"></String>
          </TextLine>
          <TextLine ID="eSc_line_26dea903"
                    TAGREFS="LT31"
                    BASELINE="491 2095 1335 2075 2014 2021 2622 1993" 
                    HPOS="488"
                    VPOS="1959"
                    WIDTH="2134"
                    HEIGHT="167">
            <Shape><Polygon POINTS="491 2095 491 2126 801 2103 818 2115 832 2123 835 2123 838 2123 840 2123 900 2109 929 2103 960 2106 1045 2115 1048 2115 1409 2098 1412 2098 1483 2078 1500 2075 1502 2078 1520 2089 1522 2089 1525 2089 1528 2089 1724 2083 1727 2083 1730 2083 1730 2081 1747 2066 1812 2078 1815 2078 1895 2072 1897 2072 1900 2072 1920 2055 1926 2049 2412 2030 2420 2030 2505 2047 2508 2047 2511 2047 2514 2047 2542 2024 2545 2021 2622 2018 2622 1993 2619 1959 2355 1959 2352 1959 2284 1973 2270 1976 2258 1976 2213 1964 2210 1964 2207 1964 2156 1978 2145 1981 2136 1981 2088 1970 2085 1970 2082 1970 2079 1970 2065 1984 2059 1987 2042 1984 1997 1978 1994 1978 1991 1978 1957 1990 1946 1993 1937 1990 1909 1978 1906 1978 1903 1978 1755 1998 1647 2015 1221 2032 1179 2027 1144 2021 1142 2021 1088 2030 1031 2041 991 2035 917 2024 914 2024 912 2024 869 2041 846 2052 781 2052 767 2047 747 2032 744 2032 741 2032 738 2032 735 2032 733 2032 713 2049 701 2058 488 2058 491 2095"/></Shape>
	    <String CONTENT="vieuse du roi de Hollande qui lui propose de s&#x27;entendre aur la¬"
                    HPOS="488"
                    VPOS="1959"
                    WIDTH="2134"
                    HEIGHT="167"
                    WC="0.9880999203712221"></String>
          </TextLine>
          <TextLine ID="eSc_line_42f8d1e5"
                    TAGREFS="LT34"
                    BASELINE="557 2137 896 2131" 
                    HPOS="557"
                    VPOS="2131"
                    WIDTH="339"
                    HEIGHT="6">
	    <String CONTENT=""
                    HPOS="557"
                    VPOS="2131"
                    WIDTH="339"
                    HEIGHT="6"></String>
          </TextLine>
          <TextLine ID="eSc_line_a52115e6"
                    TAGREFS="LT31"
                    BASELINE="488 2174 1369 2137 2190 2081 2636 2075" 
                    HPOS="485"
                    VPOS="2015"
                    WIDTH="2151"
                    HEIGHT="196">
            <Shape><Polygon POINTS="1179 2081 1176 2081 1076 2100 1034 2109 991 2103 883 2092 880 2092 485 2126 488 2174 491 2211 605 2191 647 2206 650 2206 653 2206 656 2206 767 2200 1369 2157 1448 2166 1460 2166 1463 2166 1466 2166 1471 2166 1534 2143 1653 2154 1656 2154 1659 2154 1696 2135 1764 2149 1767 2149 1983 2123 2068 2135 2071 2135 2074 2135 2082 2135 2267 2106 2633 2106 2636 2075 2633 2032 2522 2015 2520 2015 2378 2044 2366 2044 2360 2044 2304 2030 2301 2030 2162 2030 2159 2030 2156 2030 2119 2049 2031 2035 2028 2035 1875 2049 1872 2049 1869 2049 1846 2066 1841 2066 1738 2049 1735 2049 1733 2049 1730 2049 1730 2052 1704 2072 1701 2078 1616 2083 1238 2098 1224 2095 1181 2081 1179 2081"/></Shape>
	    <String CONTENT="&lt;......&#x27;une défence commune, il reconnait, dé le 3 mars le gou¬"
                    HPOS="485"
                    VPOS="2015"
                    WIDTH="2151"
                    HEIGHT="196"
                    WC="0.9591228829489814"></String>
          </TextLine>
          <TextLine ID="eSc_line_0a3136c6"
                    TAGREFS="LT31"
                    BASELINE="491 2245 1187 2223 2017 2166 2619 2143" 
                    HPOS="485"
                    VPOS="2095"
                    WIDTH="2134"
                    HEIGHT="193">
            <Shape><Polygon POINTS="491 2245 494 2288 554 2268 1724 2225 1789 2223 1798 2223 1974 2194 2153 2188 2190 2203 2193 2203 2196 2203 2199 2203 2201 2203 2204 2203 2258 2180 2548 2169 2616 2180 2619 2143 2613 2103 2480 2095 2477 2095 2375 2115 2360 2118 2352 2118 2312 2103 2309 2103 2307 2103 2162 2126 2145 2129 2091 2129 1750 2132 1747 2132 1701 2146 1676 2154 1551 2157 1537 2152 1514 2143 1511 2143 1508 2143 1426 2157 1372 2166 1335 2160 1284 2154 1281 2154 1278 2154 1247 2166 1216 2177 485 2197 491 2245"/></Shape>
	    <String CONTENT="venement provisoiré de Paris et, pour gaguer ses bonnes grâces décélare"
                    HPOS="485"
                    VPOS="2095"
                    WIDTH="2134"
                    HEIGHT="193"
                    WC="0.9815357814372425"></String>
          </TextLine>
          <TextLine ID="eSc_line_4bbd3459"
                    TAGREFS="LT31"
                    BASELINE="491 2328 1380 2291 2602 2217" 
                    HPOS="488"
                    VPOS="2163"
                    WIDTH="2114"
                    HEIGHT="196">
            <Shape><Polygon POINTS="491 2328 491 2359 2602 2242 2602 2217 2596 2169 2551 2163 2548 2163 2545 2163 2497 2177 2463 2186 2454 2180 2443 2169 2440 2169 2437 2169 2434 2169 2372 2171 2369 2171 2332 2186 2307 2194 2233 2191 2110 2186 2108 2186 2105 2186 2071 2200 2051 2208 2017 2203 1983 2200 1980 2200 1852 2214 1738 2225 1721 2220 1699 2214 1696 2214 1693 2214 1690 2214 1653 2225 1630 2231 1605 2228 1531 2217 1528 2217 1525 2217 1485 2234 1474 2240 1451 2237 1400 2228 1397 2228 1395 2228 1392 2228 1372 2240 1363 2248 1213 2254 1193 2251 1130 2240 1127 2240 1022 2262 997 2265 983 2262 906 2251 903 2251 900 2251 849 2271 840 2274 832 2271 775 2259 772 2259 653 2279 585 2268 582 2268 488 2291 491 2328"/></Shape>
	    <String CONTENT="officiellement &quot; qu&#x27;il y a moins loin de notre constitution libérale"
                    HPOS="488"
                    VPOS="2163"
                    WIDTH="2114"
                    HEIGHT="196"
                    WC="0.9926395635394489"></String>
          </TextLine>
          <TextLine ID="eSc_line_2129622a"
                    TAGREFS="LT31"
                    BASELINE="485 2407 2625 2299" 
                    HPOS="482"
                    VPOS="2262"
                    WIDTH="2143"
                    HEIGHT="168">
            <Shape><Polygon POINTS="485 2407 485 2430 2625 2330 2625 2299 2622 2262 2272 2262 2270 2262 2267 2262 2201 2282 2193 2282 2184 2282 2102 2271 2099 2271 1880 2296 1866 2296 1860 2296 1764 2288 1761 2288 1758 2288 1755 2288 1733 2302 1730 2305 1718 2305 1656 2294 1653 2294 1522 2313 1477 2319 1420 2319 1261 2313 1258 2313 1179 2330 1156 2333 1130 2333 1045 2325 1042 2325 1039 2325 1037 2325 1019 2336 1011 2345 482 2362 485 2407"/></Shape>
	    <String CONTENT="à la forme republicaine que de cette constitution à l&#x27;organisa¬"
                    HPOS="482"
                    VPOS="2262"
                    WIDTH="2143"
                    HEIGHT="168"
                    WC="0.9993791002493638"></String>
          </TextLine>
          <TextLine ID="eSc_line_d00ce20b"
                    TAGREFS="LT31"
                    BASELINE="471 2472 1275 2453 1752 2407 2628 2362" 
                    HPOS="468"
                    VPOS="2316"
                    WIDTH="2160"
                    HEIGHT="208">
            <Shape><Polygon POINTS="471 2472 471 2501 545 2501 585 2524 588 2524 590 2524 593 2524 1355 2487 1358 2487 1360 2487 1392 2467 1426 2475 1429 2475 1431 2475 1434 2475 1437 2475 1457 2458 1480 2444 1596 2453 1610 2453 1613 2453 1616 2453 1619 2453 1639 2436 1949 2421 2017 2436 2031 2436 2034 2436 2037 2436 2045 2433 2105 2413 2250 2418 2253 2418 2576 2390 2622 2407 2628 2362 2622 2316 2253 2347 2082 2342 2022 2342 2020 2342 1974 2347 1855 2367 1809 2356 1792 2353 1789 2353 1787 2353 1758 2359 1699 2373 1639 2365 1605 2362 1602 2362 1599 2362 1571 2370 1477 2396 840 2421 744 2410 698 2407 696 2407 693 2407 690 2407 679 2416 653 2433 579 2436 545 2421 536 2418 534 2418 531 2418 468 2424 471 2472"/></Shape>
	    <String CONTENT="tion de la monarchie pure&quot;. Surtant, il s&#x27;envelgpe dans une neutaleti"
                    HPOS="468"
                    VPOS="2316"
                    WIDTH="2160"
                    HEIGHT="208"
                    WC="0.9823515052380769"></String>
          </TextLine>
          <TextLine ID="eSc_line_a9f4fddd"
                    TAGREFS="LT31"
                    BASELINE="451 2555 1250 2543 2375 2484 2602 2484" 
                    HPOS="448"
                    VPOS="2438"
                    WIDTH="2154"
                    HEIGHT="151">
            <Shape><Polygon POINTS="451 2555 451 2586 957 2589 960 2589 1383 2558 1420 2558 1426 2558 1466 2569 1468 2569 1471 2569 1568 2552 1602 2549 1681 2549 1809 2552 1812 2552 1849 2543 1920 2529 1954 2541 1974 2549 1977 2549 1980 2549 2145 2535 2491 2506 2599 2521 2602 2484 2596 2438 2193 2441 2119 2453 2031 2467 1980 2458 1949 2453 1946 2453 1943 2453 1929 2458 1897 2472 1849 2461 1829 2458 1826 2458 1824 2458 1821 2458 1815 2464 1792 2475 1772 2464 1761 2458 1758 2458 1755 2458 1752 2458 1730 2467 1681 2481 1645 2470 1642 2470 1639 2470 1636 2470 1605 2487 880 2512 792 2498 789 2498 786 2498 713 2518 448 2509 451 2555"/></Shape>
	    <String CONTENT="on n&#x27;iguore pas à Aruyelles que le club de la rue Ménilmontant,"
                    HPOS="448"
                    VPOS="2438"
                    WIDTH="2154"
                    HEIGHT="151"
                    WC="0.990198359824717"></String>
          </TextLine>
          <TextLine ID="eSc_line_f912b11c"
                    TAGREFS="LT31"
                    BASELINE="477 2640 1190 2620 2363 2558 2613 2558" 
                    HPOS="471"
                    VPOS="2498"
                    WIDTH="2142"
                    HEIGHT="170">
            <Shape><Polygon POINTS="477 2640 477 2668 1423 2643 1505 2631 1588 2620 1670 2626 1727 2629 1730 2629 1733 2629 1750 2623 1781 2612 1812 2620 1826 2623 1829 2623 1832 2623 1835 2623 1849 2617 1892 2606 1934 2614 1946 2617 1949 2617 1951 2617 1960 2614 1994 2600 2034 2612 2037 2612 2039 2612 2065 2612 2378 2583 2611 2589 2613 2558 2608 2498 2437 2498 2434 2498 2432 2498 2395 2509 2346 2524 2150 2529 2110 2521 2091 2515 2088 2515 2085 2515 2031 2524 1926 2541 1767 2535 1699 2532 1696 2532 1693 2532 1690 2532 1684 2538 1664 2552 1639 2541 1627 2535 1625 2535 1622 2535 1619 2535 1616 2535 1616 2538 1610 2541 1593 2555 1522 2546 1520 2546 1517 2546 1468 2560 1448 2546 1446 2546 1443 2546 1440 2546 1406 2549 1167 2575 1028 2563 1000 2563 997 2563 968 2566 840 2589 764 2575 755 2575 752 2575 471 2586 477 2640"/></Shape>
	    <String CONTENT="(&lt;............ ..&gt; dont Spilthou .t ..&gt; est le chef"
                    HPOS="471"
                    VPOS="2498"
                    WIDTH="2142"
                    HEIGHT="170"
                    WC="0.9088536559366712"></String>
          </TextLine>
          <TextLine ID="eSc_line_5a00a510"
                    TAGREFS="LT31"
                    BASELINE="480 2702 1193 2688 2056 2634 2602 2614" 
                    HPOS="477"
                    VPOS="2577"
                    WIDTH="2125"
                    HEIGHT="168">
            <Shape><Polygon POINTS="480 2702 480 2745 613 2722 1284 2711 1329 2708 1366 2708 1917 2665 2321 2663 2324 2663 2375 2648 2420 2660 2423 2660 2426 2660 2429 2660 2443 2660 2565 2640 2596 2651 2602 2614 2596 2577 1778 2597 1775 2597 1744 2609 1710 2623 1562 2623 1548 2614 1539 2609 1537 2609 1534 2609 1531 2609 1528 2609 1525 2609 1525 2612 1517 2617 1502 2629 1221 2629 1156 2629 1153 2629 1150 2629 1147 2629 1147 2631 1125 2646 920 2643 917 2643 914 2643 866 2657 735 2646 718 2646 715 2646 713 2646 710 2646 670 2665 477 2657 480 2702"/></Shape>
	    <String CONTENT="se vante de &lt;....... .....  . ..&gt;"
                    HPOS="477"
                    VPOS="2577"
                    WIDTH="2125"
                    HEIGHT="168"
                    WC="0.8970002206889066"></String>
          </TextLine>
          <TextLine ID="eSc_line_98194c2e"
                    TAGREFS="LT31"
                    BASELINE="451 2773 1318 2742 1815 2702 2602 2663" 
                    HPOS="448"
                    VPOS="2626"
                    WIDTH="2154"
                    HEIGHT="173">
            <Shape><Polygon POINTS="451 2773 451 2796 744 2799 747 2799 1448 2751 1508 2762 1511 2762 1679 2736 1696 2734 2216 2711 2224 2711 2304 2722 2307 2722 2309 2722 2349 2705 2349 2702 2602 2691 2602 2663 2599 2631 2383 2626 2380 2626 2378 2626 2318 2643 2315 2643 2309 2643 2147 2637 2145 2637 2028 2657 2020 2657 2014 2657 1912 2648 1909 2648 1656 2674 1596 2683 1025 2708 1011 2705 977 2697 974 2697 971 2697 806 2714 735 2722 721 2719 679 2708 676 2708 673 2708 670 2708 627 2722 613 2728 602 2725 565 2714 562 2714 559 2714 448 2731 451 2773"/></Shape>
	    <String CONTENT="&lt;... ..&gt; recevoir de l&#x27;argent d&#x27;Albert et &lt;...&gt; d&#x27;ottenir"
                    HPOS="448"
                    VPOS="2626"
                    WIDTH="2154"
                    HEIGHT="173"
                    WC="0.9692581557390982"></String>
          </TextLine>
          <TextLine ID="eSc_line_ce84a7f0"
                    TAGREFS="LT31"
                    BASELINE="471 2827 1528 2790 2079 2748 2622 2734" 
                    HPOS="468"
                    VPOS="2683"
                    WIDTH="2154"
                    HEIGHT="170">
            <Shape><Polygon POINTS="1321 2742 1295 2759 468 2782 471 2827 471 2853 2622 2762 2622 2734 2616 2683 2193 2711 2074 2708 2000 2705 1997 2705 1994 2705 1968 2711 1926 2722 1821 2719 1741 2717 1738 2717 1735 2717 1707 2725 1645 2745 1363 2753 1341 2742 1321 2742"/></Shape>
	    <String CONTENT="le parcours gratuit en chemin de fer jusqu&#x27;à la frontière du Jainant d&#x27;où"
                    HPOS="468"
                    VPOS="2683"
                    WIDTH="2154"
                    HEIGHT="170"
                    WC="0.9896660543776847"></String>
          </TextLine>
          <TextLine ID="eSc_line_5e65a966"
                    TAGREFS="LT34"
                    BASELINE="528 2863 827 2849" 
                    HPOS="528"
                    VPOS="2849"
                    WIDTH="299"
                    HEIGHT="14">
	    <String CONTENT=""
                    HPOS="528"
                    VPOS="2849"
                    WIDTH="299"
                    HEIGHT="14"></String>
          </TextLine>
          <TextLine ID="eSc_line_a9973747"
                    TAGREFS="LT31"
                    BASELINE="465 2907 1579 2859 2059 2824 2559 2807" 
                    HPOS="463"
                    VPOS="2756"
                    WIDTH="2096"
                    HEIGHT="185">
            <Shape><Polygon POINTS="465 2927 525 2941 528 2941 531 2941 588 2921 593 2921 602 2921 681 2932 684 2932 687 2932 724 2915 727 2915 733 2915 801 2927 804 2927 917 2907 926 2907 929 2907 1002 2918 1005 2918 1008 2918 1065 2901 1147 2912 1150 2912 1278 2893 1582 2893 1585 2893 1721 2870 1730 2870 1733 2870 1829 2881 1832 2881 1937 2861 2241 2861 2244 2861 2247 2861 2250 2861 2270 2844 2272 2844 2287 2844 2440 2850 2443 2850 2559 2830 2559 2807 2554 2756 1573 2816 1520 2802 1517 2802 1514 2802 1511 2802 1508 2802 1488 2822 1204 2833 1108 2822 1105 2822 1014 2842 960 2827 957 2827 954 2827 951 2827 826 2850 463 2850 465 2907 465 2927"/></Shape>
	    <String CONTENT="&lt;yt itrigeront vus les grandes villes pour les faire s&#x27;insuiger. On sait"
                    HPOS="463"
                    VPOS="2756"
                    WIDTH="2096"
                    HEIGHT="185"
                    WC="0.9782825774616666"></String>
          </TextLine>
          <TextLine ID="eSc_line_601721a9"
                    TAGREFS="LT31"
                    BASELINE="468 2978 2608 2870" 
                    HPOS="463"
                    VPOS="2816"
                    WIDTH="2145"
                    HEIGHT="199">
            <Shape><Polygon POINTS="468 2978 468 3015 650 2989 1187 2978 1369 2972 2605 2895 2608 2870 2599 2816 2434 2839 2181 2839 2179 2839 1815 2870 1770 2856 1767 2856 1764 2856 1761 2856 1744 2859 1645 2878 1537 2870 1534 2870 1409 2890 1389 2876 1386 2876 1383 2876 1380 2876 1377 2876 1375 2876 1349 2893 1275 2881 1267 2881 1264 2881 1261 2881 1258 2881 1235 2898 1133 2890 1130 2890 1127 2890 1125 2890 1122 2890 1105 2907 897 2915 869 2901 866 2901 863 2901 860 2901 826 2904 667 2924 596 2915 582 2915 579 2915 576 2915 571 2918 531 2932 463 2924 468 2978"/></Shape>
	    <String CONTENT="qu&#x27;à Lelle, le commissaire de la République, de se cache pas de sonhaites"
                    HPOS="463"
                    VPOS="2816"
                    WIDTH="2145"
                    HEIGHT="199"
                    WC="0.9906994442682009"></String>
          </TextLine>
          <TextLine ID="eSc_line_6df50032"
                    TAGREFS="LT31"
                    BASELINE="463 3046 1440 3003" 
                    HPOS="460"
                    VPOS="2958"
                    WIDTH="980"
                    HEIGHT="111">
            <Shape><Polygon POINTS="463 3046 463 3069 1437 3032 1440 3003 1434 2961 1170 2958 1167 2958 1164 2958 1119 2975 1099 2981 1085 2975 1048 2964 1045 2964 1042 2964 946 2981 903 2989 877 2986 812 2975 809 2975 806 2975 804 2975 781 2989 769 2998 622 3000 616 2998 593 2986 590 2986 588 2986 585 2986 582 2986 559 3000 551 3006 460 3006 463 3046"/></Shape>
	    <String CONTENT="un coup de force contre la Belgique"
                    HPOS="460"
                    VPOS="2958"
                    WIDTH="980"
                    HEIGHT="111"
                    WC="0.9995889016560146"></String>
          </TextLine>
          <TextLine ID="eSc_line_c6239194"
                    TAGREFS="LT31"
                    BASELINE="448 3179 1693 3134 2611 3123" 
                    HPOS="446"
                    VPOS="3066"
                    WIDTH="2165"
                    HEIGHT="142">
            <Shape><Polygon POINTS="448 3179 448 3196 750 3208 752 3208 1000 3199 1002 3199 1005 3199 1025 3185 1042 3199 1045 3199 1048 3199 1051 3199 1127 3182 1130 3182 1136 3182 1252 3194 1255 3194 1341 3177 1358 3174 1375 3177 1434 3188 1437 3188 1440 3188 1443 3188 1460 3174 1466 3171 1517 3174 1662 3179 1664 3179 1781 3165 1821 3162 1829 3165 1860 3177 1863 3177 1866 3177 1869 3177 1897 3162 1906 3159 1980 3162 2145 3168 2147 3168 2150 3168 2181 3157 2201 3148 2608 3145 2611 3123 2602 3077 2463 3080 2460 3080 2429 3066 2426 3066 2423 3066 2420 3066 2366 3083 2360 3086 2128 3089 2125 3089 2065 3074 2062 3074 2059 3074 1946 3094 1937 3094 1926 3094 1761 3083 1758 3083 1755 3083 1721 3097 1352 3094 1349 3094 1250 3114 1238 3114 1218 3114 1048 3103 1045 3103 951 3123 940 3123 920 3123 781 3111 778 3111 775 3111 710 3128 704 3128 698 3128 616 3117 613 3117 446 3134 448 3179"/></Shape>
	    <String CONTENT="si sompllleuse qu&#x27;il va jusqu&#x27;à gourmandes van de Weyes d&#x27;avoir en en"
                    HPOS="446"
                    VPOS="3066"
                    WIDTH="2165"
                    HEIGHT="142"
                    WC="0.9903283485344478"></String>
          </TextLine>
          <TextLine ID="eSc_line_a93775c2"
                    TAGREFS="LT31"
                    BASELINE="448 3250 1448 3213 2449 3191" 
                    HPOS="446"
                    VPOS="3140"
                    WIDTH="2003"
                    HEIGHT="150">
            <Shape><Polygon POINTS="448 3250 448 3273 539 3290 542 3290 659 3270 696 3284 698 3284 701 3284 1017 3276 1019 3276 1022 3276 1048 3259 1059 3253 1082 3259 1119 3267 1122 3267 1125 3267 1127 3267 1173 3256 1210 3245 1420 3245 1437 3250 1474 3262 1477 3262 1480 3262 1548 3248 1593 3233 1684 3233 1710 3242 1738 3253 1741 3253 1744 3253 1824 3239 1877 3230 1934 3236 2011 3245 2014 3245 2017 3245 2056 3233 2099 3219 2301 3219 2315 3228 2329 3236 2332 3236 2335 3236 2338 3236 2446 3222 2449 3191 2440 3140 2153 3142 2150 3142 2147 3142 2139 3148 2128 3159 2105 3151 2082 3142 2079 3142 2076 3142 2074 3142 2071 3142 2071 3145 2062 3151 2048 3162 1968 3157 1877 3148 1875 3148 1872 3148 1869 3148 1855 3159 1843 3171 1670 3174 1642 3168 1591 3157 1588 3157 1511 3174 1477 3179 1468 3174 1448 3162 1446 3162 1443 3162 1440 3162 1437 3162 1400 3177 1383 3185 1196 3188 1179 3185 1113 3171 1110 3171 1108 3171 1105 3171 1076 3188 1071 3194 730 3202 721 3202 644 3185 642 3185 446 3211 448 3250"/></Shape>
	    <String CONTENT="Ang leterre queques privenanus e politesse pour Ppp Loues Philippe"
                    HPOS="446"
                    VPOS="3140"
                    WIDTH="2003"
                    HEIGHT="150"
                    WC="0.9823700207652468"></String>
          </TextLine>
          <TextLine ID="eSc_line_f249c92f"
                    TAGREFS="LT31"
                    BASELINE="465 3321 2599 3250" 
                    HPOS="463"
                    VPOS="3211"
                    WIDTH="2136"
                    HEIGHT="144">
            <Shape><Polygon POINTS="465 3321 465 3341 630 3355 633 3355 636 3355 707 3336 724 3333 772 3336 960 3344 963 3344 1184 3324 1247 3318 1267 3321 1309 3330 1312 3330 1315 3330 1338 3318 1355 3313 1392 3318 1437 3324 1440 3324 1494 3316 1528 3310 1539 3313 1568 3324 1571 3324 1573 3324 1892 3304 2264 3282 2596 3284 2599 3250 2593 3213 2270 3211 2267 3211 2264 3211 2261 3211 2261 3213 2250 3225 2247 3228 2085 3230 2076 3230 2025 3219 2022 3219 2020 3219 1968 3233 1966 3233 1920 3222 1917 3222 1914 3222 1761 3242 1741 3242 1727 3242 1576 3233 1573 3233 1488 3250 1483 3250 1480 3250 1406 3239 1403 3239 1156 3262 1144 3262 1142 3262 1079 3250 1076 3250 1073 3250 1071 3250 1048 3265 1045 3267 718 3276 659 3265 656 3265 653 3265 616 3279 571 3267 568 3267 565 3267 463 3284 465 3321"/></Shape>
	    <String CONTENT="L&#x27;orage que l&#x27;on redoutait éclata à la fii de Mars &lt;&gt; en une barracque"
                    HPOS="463"
                    VPOS="3211"
                    WIDTH="2136"
                    HEIGHT="144"
                    WC="0.9901085487553771"></String>
          </TextLine>
          <TextLine ID="eSc_line_9770fd92"
                    TAGREFS="LT31"
                    BASELINE="437 3361 829 3367 2582 3327" 
                    HPOS="434"
                    VPOS="3276"
                    WIDTH="2148"
                    HEIGHT="128">
            <Shape><Polygon POINTS="775 3313 747 3313 718 3316 690 3316 661 3316 633 3318 625 3318 539 3330 474 3321 463 3321 460 3318 434 3316 437 3361 437 3404 463 3404 491 3404 519 3404 548 3404 554 3404 2579 3355 2582 3327 2576 3279 2338 3276 2335 3276 2332 3276 2321 3282 2295 3296 2164 3296 2076 3287 2054 3284 2051 3284 2025 3287 1917 3301 1821 3290 1787 3287 1784 3287 1781 3287 1772 3290 1750 3304 1451 3310 1397 3299 1383 3296 1380 3296 1377 3296 1375 3296 1372 3299 1355 3313 1264 3299 1247 3299 1244 3299 1241 3299 1235 3301 1204 3318 971 3321 781 3313 775 3313"/></Shape>
	    <String CONTENT="Peus colséquence et sans gravité. Les fameuses légions de lqre farmées à Paris"
                    HPOS="434"
                    VPOS="3276"
                    WIDTH="2148"
                    HEIGHT="128"
                    WC="0.9908798548239696"></String>
          </TextLine>
        </TextBlock>
        <TextBlock HPOS="105"
                   VPOS="44"
                   WIDTH="239"
                   HEIGHT="243"
                   ID="eSc_textblock_23dd2279"
                   TAGREFS="BT44">
          <Shape><Polygon POINTS="344 287 344 44 105 44 105 287"/></Shape>
        </TextBlock>
      </PrintSpace>
    </Page>
  </Layout>
</alto>
