<?xml version="1.0" encoding="UTF-8"?>
<alto xmlns:xsi="http://www.w3.org/2001/XMLSchema-instance"
      xmlns="http://www.loc.gov/standards/alto/ns-v4#"
      xsi:schemaLocation="http://www.loc.gov/standards/alto/ns-v4# http://www.loc.gov/standards/alto/v4/alto-4-2.xsd">
  <Description>
    <MeasurementUnit>pixel</MeasurementUnit>
    <sourceImageInformation>
      <fileName>ARCH-DIV-000496_0124.png</fileName>
    </sourceImageInformation>
  </Description>
  <Tags>
    <OtherTag ID="BT42" LABEL="MainZone" DESCRIPTION="block type MainZone"/><OtherTag ID="BT43" LABEL="MarginTextZone" DESCRIPTION="block type MarginTextZone"/><OtherTag ID="BT44" LABEL="NumberingZone" DESCRIPTION="block type NumberingZone"/><OtherTag ID="BT45" LABEL="TitlePageZone" DESCRIPTION="block type TitlePageZone"/><OtherTag ID="BT46" LABEL="CustomZone:Numbering" DESCRIPTION="block type CustomZone:Numbering"/><OtherTag ID="BT49" LABEL="MarginTextZone:lower" DESCRIPTION="block type MarginTextZone:lower"/>
    <OtherTag ID="LT25" LABEL="default" DESCRIPTION="line type default"/><OtherTag ID="LT31" LABEL="DefaultLine" DESCRIPTION="line type DefaultLine"/><OtherTag ID="LT32" LABEL="HeadingLine" DESCRIPTION="line type HeadingLine"/><OtherTag ID="LT33" LABEL="InterlinearLine:addition" DESCRIPTION="line type InterlinearLine:addition"/><OtherTag ID="LT34" LABEL="InterlinearLine:correction" DESCRIPTION="line type InterlinearLine:correction"/>
  </Tags>
  <Layout>
    <Page WIDTH="2790"
          HEIGHT="3355"
          PHYSICAL_IMG_NR="123"
          ID="eSc_dummypage_">
      <PrintSpace HPOS="0"
                  VPOS="0"
                  WIDTH="2790"
                  HEIGHT="3355">
        <TextBlock HPOS="516"
                   VPOS="55"
                   WIDTH="2250"
                   HEIGHT="3300"
                   ID="df186184-92f2-40ef-aafa-1ff700d28df2"
                   TAGREFS="BT42">
          <Shape><Polygon POINTS="2764 180 2766 3355 554 3353 543 236 516 57 1341 60 1999 55 2743 59"/></Shape>
          <TextLine ID="eSc_line_755d96ce"
                    TAGREFS="LT32"
                    BASELINE="1513 175 1634 173" 
                    HPOS="1513"
                    VPOS="134"
                    WIDTH="56"
                    HEIGHT="117">
            <Shape><Polygon POINTS="1513 246 1567 251 1569 215 1567 134 1513 139 1513 215"/></Shape>
	    <String CONTENT="8"
                    HPOS="1513"
                    VPOS="134"
                    WIDTH="56"
                    HEIGHT="117"
                    WC="0.9999982118606567"></String>
          </TextLine>
          <TextLine ID="eSc_line_9f0c1362"
                    TAGREFS="LT31"
                    BASELINE="803 285 2741 299" 
                    HPOS="800"
                    VPOS="223"
                    WIDTH="1648"
                    HEIGHT="101">
            <Shape><Polygon POINTS="800 307 1021 321 1024 321 1091 310 1138 304 1211 313 1295 321 1298 321 1301 321 1304 321 1304 318 1312 313 1320 304 1497 304 1519 315 1533 321 1536 321 1539 321 1541 321 1564 315 1595 307 1637 315 1667 321 1670 321 1698 315 1760 304 2031 318 2042 318 2045 318 2048 318 2123 304 2191 321 2196 321 2199 321 2202 324 2445 324 2448 287 2442 240 1970 246 1944 234 1928 226 1925 226 1771 226 1768 226 1765 226 1751 232 1712 248 1544 248 1499 229 1491 226 1488 226 1485 226 1469 229 1396 246 1329 226 1323 226 1320 226 1318 226 1315 226 1312 226 1284 248 1214 248 1150 226 1147 226 1144 226 1141 226 1138 226 1138 229 1116 248 976 248 803 223 803 285"/></Shape>
	    <String CONTENT="Il apparait aujourd&#x27;hui que la terrenr ospro&gt;"
                    HPOS="800"
                    VPOS="223"
                    WIDTH="1648"
                    HEIGHT="101"
                    WC="0.9799345215161641"></String>
          </TextLine>
          <TextLine ID="eSc_line_eaf03cac"
                    TAGREFS="LT34"
                    BASELINE="2068 229 2633 223" 
                    HPOS="2065"
                    VPOS="153"
                    WIDTH="568"
                    HEIGHT="107">
            <Shape><Polygon POINTS="2068 260 2630 248 2633 223 2627 176 2535 176 2535 173 2484 153 2482 153 2381 153 2378 153 2375 153 2339 170 2328 178 2258 178 2249 170 2233 156 2230 156 2227 156 2224 156 2221 156 2219 156 2196 170 2193 170 2065 170 2068 229"/></Shape>
	    <String CONTENT="proroyuée en Belgique"
                    HPOS="2065"
                    VPOS="153"
                    WIDTH="568"
                    HEIGHT="107"
                    WC="0.9902896654038202"></String>
          </TextLine>
          <TextLine ID="eSc_line_78bab9ee"
                    TAGREFS="LT31"
                    BASELINE="629 360 1905 352 2734 363" 
                    HPOS="626"
                    VPOS="304"
                    WIDTH="2108"
                    HEIGHT="98">
            <Shape><Polygon POINTS="629 360 629 377 772 397 775 397 889 380 898 380 901 380 923 399 926 399 929 399 931 399 934 399 1004 383 1088 399 1091 399 1094 399 1144 383 1164 377 1222 377 1228 383 1248 399 1250 399 1253 399 1256 402 1329 402 1329 399 1332 399 1365 385 1382 377 1698 377 1715 388 1732 399 1735 399 1737 399 1740 399 1802 388 1858 377 2123 377 2143 391 2154 399 2157 399 2160 399 2163 399 2165 399 2196 391 2244 377 2294 391 2319 399 2322 399 2325 399 2731 394 2734 363 2731 313 1158 304 1155 304 626 318 629 360"/></Shape>
	    <String CONTENT="mentbage par la Révolution de frisier était fort exagérie. Ab¬"
                    HPOS="626"
                    VPOS="304"
                    WIDTH="2108"
                    HEIGHT="98"
                    WC="0.9861694285946507"></String>
          </TextLine>
          <TextLine ID="eSc_line_f928aca4"
                    TAGREFS="LT31"
                    BASELINE="629 436 1287 422 2731 433" 
                    HPOS="629"
                    VPOS="380"
                    WIDTH="2102"
                    HEIGHT="81">
            <Shape><Polygon POINTS="629 436 629 461 2728 461 2731 433 2728 397 1687 380 1684 380 629 388 629 436"/></Shape>
	    <String CONTENT="sorbé par ses difficultés intérieures, le gouvernement de Paris ne s on"
                    HPOS="629"
                    VPOS="380"
                    WIDTH="2102"
                    HEIGHT="81"
                    WC="0.9926451872771894"></String>
          </TextLine>
          <TextLine ID="eSc_line_b66f8b9e"
                    TAGREFS="LT31"
                    BASELINE="626 517 1329 497 2728 503" 
                    HPOS="624"
                    VPOS="447"
                    WIDTH="2104"
                    HEIGHT="95">
            <Shape><Polygon POINTS="626 517 626 542 1032 525 1368 539 1371 539 1374 539 1376 539 1413 522 1446 539 1449 539 1452 539 1455 539 1541 525 1687 536 1690 536 1693 536 1695 536 1709 522 1760 536 1762 536 1765 536 1841 520 1888 534 1891 534 1894 534 1897 534 1939 520 2722 534 2728 503 2725 464 2227 447 2224 447 2221 447 2219 447 2199 464 1981 464 1933 447 1930 447 1928 447 1737 464 1715 450 1712 450 1709 450 1707 450 1385 464 654 452 652 452 649 452 624 464 626 517"/></Shape>
	    <String CONTENT="vait songes d .e donge. p..&gt; a envahis ses noisins. Tout en plus"
                    HPOS="624"
                    VPOS="447"
                    WIDTH="2104"
                    HEIGHT="95"
                    WC="0.9739483799785376"></String>
          </TextLine>
          <TextLine ID="eSc_line_94ba5462"
                    TAGREFS="LT31"
                    BASELINE="624 584 2717 559" 
                    HPOS="621"
                    VPOS="514"
                    WIDTH="2096"
                    HEIGHT="101">
            <Shape><Polygon POINTS="624 584 624 615 2714 584 2717 559 2711 520 2233 514 2230 514 2227 514 2213 520 2196 528 2135 522 2068 514 2065 514 1883 522 1659 534 1586 525 1547 520 1544 520 1541 520 1539 520 1533 525 1516 536 1404 525 1365 522 1362 522 1360 522 1348 525 1309 539 1136 528 1102 525 1099 525 1063 528 845 545 621 531 624 584"/></Shape>
	    <String CONTENT="favornait-ile chez eux des mences républicaines. Mais ma veiqua"
                    HPOS="621"
                    VPOS="514"
                    WIDTH="2096"
                    HEIGHT="101"
                    WC="0.970292834062425"></String>
          </TextLine>
          <TextLine ID="eSc_line_db652d7b"
                    TAGREFS="LT31"
                    BASELINE="618 657 2040 634 2739 637" 
                    HPOS="615"
                    VPOS="578"
                    WIDTH="2124"
                    HEIGHT="104">
            <Shape><Polygon POINTS="618 657 618 682 2736 662 2739 637 2731 578 2689 592 2518 581 2496 581 2493 581 2490 581 2484 581 2434 595 2137 589 2023 587 2020 587 2017 587 2003 589 1972 601 1883 592 1835 589 1832 589 1830 589 1816 595 1785 603 1581 598 1427 595 1424 595 615 615 618 657"/></Shape>
	    <String CONTENT="&lt;.. ....... .... . ..  ... ....&gt;"
                    HPOS="615"
                    VPOS="578"
                    WIDTH="2124"
                    HEIGHT="104"
                    WC="0.8654509894549847"></String>
          </TextLine>
          <TextLine ID="eSc_line_304babe2"
                    TAGREFS="LT31"
                    BASELINE="607 735 1743 710 2739 712" 
                    HPOS="604"
                    VPOS="662"
                    WIDTH="2135"
                    HEIGHT="104">
            <Shape><Polygon POINTS="2734 662 1900 662 1897 662 1802 676 1771 679 1735 676 1600 665 1597 665 1595 665 1567 679 1558 682 1519 679 1365 668 1362 668 1144 684 1091 687 1049 684 850 673 847 673 845 673 814 690 808 693 604 693 607 735 607 766 943 749 1068 760 1071 760 1074 760 1119 746 1315 757 1318 757 1846 738 2734 740 2739 712 2736 679 2734 662"/></Shape>
	    <String CONTENT="&lt;....t ........ .... .... ....&gt;"
                    HPOS="604"
                    VPOS="662"
                    WIDTH="2135"
                    HEIGHT="104"
                    WC="0.9074671018508172"></String>
          </TextLine>
          <TextLine ID="eSc_line_24437be2"
                    TAGREFS="LT31"
                    BASELINE="601 810 1788 780 2237 780 2237 780 2697 768" 
                    HPOS="598"
                    VPOS="724"
                    WIDTH="2099"
                    HEIGHT="117">
            <Shape><Polygon POINTS="601 841 1443 813 1533 824 1547 824 1550 824 1553 824 1555 824 1595 810 1648 821 1667 824 1670 824 1732 819 1939 802 2697 802 2697 768 2689 724 598 768 601 810"/></Shape>
	    <String CONTENT="ces menées ne pouvaient rénssir que par l&#x27;arsentiment des peuples"
                    HPOS="598"
                    VPOS="724"
                    WIDTH="2099"
                    HEIGHT="117"
                    WC="0.9948197630735544"></String>
          </TextLine>
          <TextLine ID="eSc_line_eeb26e2e"
                    TAGREFS="LT31"
                    BASELINE="598 883 1846 849 2728 858" 
                    HPOS="596"
                    VPOS="794"
                    WIDTH="2132"
                    HEIGHT="117">
            <Shape><Polygon POINTS="598 883 598 911 808 897 1323 903 1340 903 1343 903 1348 903 1569 883 2728 883 2728 858 2722 802 2557 810 2543 805 2521 794 2518 794 2515 794 2512 794 2465 805 2431 816 2185 816 2163 810 2118 799 2115 799 2112 799 2109 799 2082 813 2068 819 2034 813 1967 802 1964 802 1704 819 1656 821 1639 821 1550 807 1547 807 1544 807 1541 807 1519 821 1513 824 1466 824 1164 813 1161 813 1158 813 1116 830 1108 835 763 838 758 835 738 824 735 824 733 824 730 824 596 838 598 883"/></Shape>
	    <String CONTENT="et l&#x27;on a ve que les Belges ne ce laisìrent pas entraines par elles. On ne"
                    HPOS="596"
                    VPOS="794"
                    WIDTH="2132"
                    HEIGHT="117"
                    WC="0.9961263060569763"></String>
          </TextLine>
          <TextLine ID="eSc_line_80e0b7f6"
                    TAGREFS="LT31"
                    BASELINE="604 961 1558 928 2697 917" 
                    HPOS="601"
                    VPOS="875"
                    WIDTH="2096"
                    HEIGHT="111">
            <Shape><Polygon POINTS="604 961 604 986 758 970 976 981 1013 981 1015 981 1035 978 1158 961 1488 970 1522 970 1525 970 1541 970 1709 950 1894 961 1902 961 1905 961 1916 961 2095 944 2233 956 2255 956 2258 956 2261 956 2263 956 2291 939 2694 944 2697 917 2689 875 601 917 604 961"/></Shape>
	    <String CONTENT="peut vraiment conciderer que les échauffourées de jicorain et de"
                    HPOS="601"
                    VPOS="875"
                    WIDTH="2096"
                    HEIGHT="111"
                    WC="0.9901637304574251"></String>
          </TextLine>
          <TextLine ID="eSc_line_6febefa5"
                    TAGREFS="LT31"
                    BASELINE="610 1031 2669 984" 
                    HPOS="607"
                    VPOS="928"
                    WIDTH="2062"
                    HEIGHT="137">
            <Shape><Polygon POINTS="610 1031 615 1065 640 1051 1038 1054 1074 1054 1077 1054 1080 1054 1082 1054 1082 1051 1099 1034 1334 1031 1404 1045 1407 1045 1410 1045 1413 1045 1474 1028 1589 1040 1592 1040 1821 1020 2031 1031 2059 1031 2062 1031 2403 1023 2406 1023 2409 1023 2429 1009 2666 1014 2669 984 2658 931 2613 944 2574 933 2560 928 2557 928 2554 928 2552 928 2540 933 2518 944 2465 936 2434 931 2431 931 2429 931 2415 936 2389 950 2300 939 2283 939 2280 939 2252 942 2129 956 2090 944 2065 939 2062 939 2059 939 1998 947 1916 964 1639 967 1611 958 1578 950 1575 950 1572 950 1505 961 1452 972 1418 964 1382 956 1379 956 1376 956 1374 956 1348 967 1329 975 1194 972 973 964 971 964 968 964 917 978 901 984 842 981 680 972 677 972 607 986 610 1031"/></Shape>
	    <String CONTENT="Risquons-tout aient mis l&#x27;Etat en péril. Il est certain d&#x27;autre"
                    HPOS="607"
                    VPOS="928"
                    WIDTH="2062"
                    HEIGHT="137"
                    WC="0.9876212373612419"></String>
          </TextLine>
          <TextLine ID="eSc_line_a01eeba8"
                    TAGREFS="LT31"
                    BASELINE="604 1104 1208 1093 1208 1093 1634 1070 2720 1059" 
                    HPOS="601"
                    VPOS="1006"
                    WIDTH="2119"
                    HEIGHT="129">
            <Shape><Polygon POINTS="604 1135 850 1129 853 1129 856 1129 875 1115 945 1126 948 1126 1944 1093 2717 1093 2720 1059 2717 1020 2683 1006 2680 1006 2678 1006 2546 1020 2512 1006 2510 1006 2507 1006 2504 1006 2456 1023 2420 1012 2417 1012 2415 1012 2045 1031 2042 1031 1807 1014 1804 1014 1670 1037 1575 1020 1572 1020 1452 1042 1136 1028 1133 1028 1021 1031 1018 1031 1015 1031 982 1054 976 1054 878 1037 875 1037 873 1037 870 1037 845 1056 842 1059 601 1059 604 1104"/></Shape>
	    <String CONTENT="part qu&#x27;il ent prt&gt; diffici leenant résister a une invasion milé¬"
                    HPOS="601"
                    VPOS="1006"
                    WIDTH="2119"
                    HEIGHT="129"
                    WC="0.9525165383632367"></String>
          </TextLine>
          <TextLine ID="eSc_line_f95ec4b5"
                    TAGREFS="LT34"
                    BASELINE="1098 1060 1316 1060" 
                    HPOS="1098"
                    VPOS="1060"
                    WIDTH="218"
                    HEIGHT="0">
	    <String CONTENT=""
                    HPOS="1098"
                    VPOS="1060"
                    WIDTH="218"
                    HEIGHT="0"></String>
          </TextLine>
          <TextLine ID="eSc_line_3c588f8a"
                    TAGREFS="LT33"
                    BASELINE="1763 1030 1827 1047" 
                    HPOS="1763"
                    VPOS="1030"
                    WIDTH="64"
                    HEIGHT="17">
	    <String CONTENT=""
                    HPOS="1763"
                    VPOS="1030"
                    WIDTH="64"
                    HEIGHT="17"></String>
          </TextLine>
          <TextLine ID="eSc_line_5b77771e"
                    TAGREFS="LT34"
                    BASELINE="2013 1111 2183 1099" 
                    HPOS="2013"
                    VPOS="1099"
                    WIDTH="170"
                    HEIGHT="12">
	    <String CONTENT=""
                    HPOS="2013"
                    VPOS="1099"
                    WIDTH="170"
                    HEIGHT="12"></String>
          </TextLine>
          <TextLine ID="eSc_line_988273ac"
                    TAGREFS="LT31"
                    BASELINE="598 1179 1681 1143 2683 1132" 
                    HPOS="596"
                    VPOS="1076"
                    WIDTH="2087"
                    HEIGHT="129">
            <Shape><Polygon POINTS="598 1179 598 1205 2683 1157 2683 1132 2675 1084 2401 1093 2389 1090 2347 1076 2345 1076 2342 1076 2269 1093 2247 1098 2241 1093 2221 1079 2219 1079 2216 1079 2213 1079 1970 1095 1936 1084 1933 1084 1930 1084 1816 1104 1788 1109 1762 1107 1673 1090 1670 1090 1530 1112 1508 1115 1497 1112 1435 1095 1432 1095 1429 1095 1312 1118 1306 1118 1304 1118 1262 1101 1259 1101 1256 1101 1253 1101 1186 1121 1172 1123 1161 1121 1110 1112 1108 1112 903 1126 850 1112 847 1112 845 1112 842 1112 839 1112 817 1129 817 1132 596 1135 598 1179"/></Shape>
	    <String CONTENT="taire ............. .... . .......&gt; Car X.I&#x27;aurait en à lui"
                    HPOS="596"
                    VPOS="1076"
                    WIDTH="2087"
                    HEIGHT="129"
                    WC="0.9015536596209316"></String>
          </TextLine>
          <TextLine ID="eSc_line_40693a8e"
                    TAGREFS="LT31"
                    BASELINE="596 1260 1774 1216 2686 1193" 
                    HPOS="593"
                    VPOS="1154"
                    WIDTH="2093"
                    HEIGHT="146">
            <Shape><Polygon POINTS="596 1260 596 1300 730 1297 733 1297 735 1297 772 1274 842 1294 845 1294 847 1294 850 1294 971 1269 1057 1286 1060 1286 1063 1286 1130 1260 1301 1258 1351 1277 1354 1277 1357 1277 1368 1277 1539 1249 1611 1260 1614 1260 1617 1260 1620 1260 1639 1244 1855 1241 1905 1258 1908 1258 1911 1258 1916 1258 2045 1232 2112 1252 2118 1252 2121 1252 2123 1252 2154 1249 2336 1227 2401 1241 2406 1241 2409 1241 2412 1241 2415 1241 2476 1218 2552 1232 2554 1232 2557 1232 2560 1232 2588 1216 2683 1230 2686 1193 2678 1154 2068 1163 2031 1171 2000 1177 1978 1171 1953 1165 1950 1165 1947 1165 1849 1174 1748 1185 1662 1179 1597 1177 1595 1177 1561 1182 1505 1193 1332 1188 1259 1188 1256 1188 1203 1193 1060 1207 1018 1196 1010 1196 1007 1196 1004 1196 957 1199 713 1218 593 1210 596 1260"/></Shape>
	    <String CONTENT="opposer que ses seules forces Travaillées par la révolution ni la"
                    HPOS="593"
                    VPOS="1154"
                    WIDTH="2093"
                    HEIGHT="146"
                    WC="0.9939017864374015"></String>
          </TextLine>
          <TextLine ID="eSc_line_e60a1f74"
                    TAGREFS="LT31"
                    BASELINE="601 1336 2205 1283 2722 1277" 
                    HPOS="598"
                    VPOS="1232"
                    WIDTH="2124"
                    HEIGHT="135">
            <Shape><Polygon POINTS="601 1336 601 1367 2722 1302 2722 1277 2717 1232 2224 1232 2221 1232 2137 1249 2126 1249 2101 1249 1866 1244 1863 1244 1779 1260 1768 1260 1760 1260 1684 1249 1681 1249 1595 1266 1583 1269 1519 1269 1052 1269 1049 1269 598 1294 601 1336"/></Shape>
	    <String CONTENT="Prene ni l&#x27;Ontriche ne fussent venues à son ride et, c&#x27;est tout eu"
                    HPOS="598"
                    VPOS="1232"
                    WIDTH="2124"
                    HEIGHT="135"
                    WC="0.9746565015027018"></String>
          </TextLine>
          <TextLine ID="eSc_line_971d56a6"
                    TAGREFS="LT31"
                    BASELINE="596 1409 2672 1344" 
                    HPOS="593"
                    VPOS="1294"
                    WIDTH="2079"
                    HEIGHT="148">
            <Shape><Polygon POINTS="596 1409 596 1442 828 1423 993 1431 1035 1431 1038 1431 1057 1428 1138 1411 1273 1420 1312 1423 1315 1423 1318 1423 1326 1420 1357 1406 1388 1417 1396 1420 1399 1420 1401 1420 1499 1414 1776 1392 1830 1403 1855 1406 1858 1406 1891 1400 1956 1386 1995 1397 2009 1400 2012 1400 2014 1400 2084 1395 2207 1378 2672 1372 2672 1344 2664 1294 593 1364 596 1409"/></Shape>
	    <String CONTENT="plus li l&#x27;Angliterre, &lt;.... ... .. ...&gt; surprise et déconsertie"
                    HPOS="593"
                    VPOS="1294"
                    WIDTH="2079"
                    HEIGHT="148"
                    WC="0.9301411391250671"></String>
          </TextLine>
          <TextLine ID="eSc_line_aea38a1b"
                    TAGREFS="LT31"
                    BASELINE="593 1481 2675 1423" 
                    HPOS="590"
                    VPOS="1378"
                    WIDTH="2085"
                    HEIGHT="137">
            <Shape><Polygon POINTS="593 1481 593 1515 892 1492 1049 1501 1052 1501 1054 1501 1096 1487 1234 1498 1248 1498 1250 1498 1253 1498 1256 1498 1287 1481 1539 1490 1581 1490 1583 1490 1620 1487 1824 1467 1858 1481 1860 1481 1863 1481 1866 1481 1922 1478 2300 1453 2672 1456 2675 1423 2669 1386 2359 1378 2356 1378 2224 1397 2219 1397 2216 1397 2168 1383 2165 1383 2163 1383 2160 1383 2093 1400 2090 1403 1463 1420 1452 1420 1368 1406 1365 1406 1362 1406 1312 1423 1309 1423 1287 1423 775 1423 772 1423 590 1442 593 1481"/></Shape>
	    <String CONTENT="par les événements, ent envoyé quelques navires dans l&#x27;Escaut. .a&gt;"
                    HPOS="590"
                    VPOS="1378"
                    WIDTH="2085"
                    HEIGHT="137"
                    WC="0.9651267104076616"></String>
          </TextLine>
          <TextLine ID="eSc_line_cb41df79"
                    TAGREFS="LT31"
                    BASELINE="590 1560 2009 1506 2694 1492" 
                    HPOS="587"
                    VPOS="1453"
                    WIDTH="2107"
                    HEIGHT="140">
            <Shape><Polygon POINTS="590 1560 590 1593 1172 1560 1754 1557 1807 1554 1821 1554 1978 1534 2051 1546 2056 1546 2059 1546 2070 1546 2227 1526 2694 1526 2694 1492 2686 1453 587 1518 590 1560"/></Shape>
	    <String CONTENT="&lt;.... . ...... mposait donc de d&#x27;envelopper dans une mutralité"
                    HPOS="587"
                    VPOS="1453"
                    WIDTH="2107"
                    HEIGHT="140"
                    WC="0.9816960884678748"></String>
          </TextLine>
          <TextLine ID="eSc_line_c1592186"
                    TAGREFS="LT31"
                    BASELINE="593 1627 2694 1557" 
                    HPOS="590"
                    VPOS="1520"
                    WIDTH="2104"
                    HEIGHT="137">
            <Shape><Polygon POINTS="593 1627 593 1657 2692 1582 2694 1557 2686 1520 590 1582 593 1627"/></Shape>
	    <String CONTENT="&lt;.. .... ... .... ... &gt;"
                    HPOS="590"
                    VPOS="1520"
                    WIDTH="2104"
                    HEIGHT="137"
                    WC="0.8792563987814862"></String>
          </TextLine>
          <TextLine ID="eSc_line_82bfde38"
                    TAGREFS="LT31"
                    BASELINE="587 1694 1522 1669 1522 1669 2686 1618" 
                    HPOS="584"
                    VPOS="1574"
                    WIDTH="2102"
                    HEIGHT="142">
            <Shape><Polygon POINTS="587 1716 2686 1649 2686 1618 2678 1574 584 1652 587 1694"/></Shape>
	    <String CONTENT="&lt;... .. ...... .. . .&gt; et l&#x27;on ne pouvait sérceusement"
                    HPOS="584"
                    VPOS="1574"
                    WIDTH="2102"
                    HEIGHT="142"
                    WC="0.9598671827051375"></String>
          </TextLine>
          <TextLine ID="eSc_line_f2e16bf8"
                    TAGREFS="LT31"
                    BASELINE="579 1758 1754 1733 2714 1694" 
                    HPOS="576"
                    VPOS="1655"
                    WIDTH="2138"
                    HEIGHT="142">
            <Shape><Polygon POINTS="579 1758 579 1783 707 1797 710 1797 713 1797 769 1780 772 1780 775 1780 920 1792 923 1792 1007 1775 1049 1789 1052 1789 1054 1789 1222 1769 1250 1766 1292 1766 1530 1775 1533 1775 1835 1764 1838 1764 1841 1764 1855 1752 1860 1750 1894 1752 2012 1761 2014 1761 2168 1744 2241 1736 2714 1730 2714 1694 2706 1655 576 1719 579 1758"/></Shape>
	    <String CONTENT="compter sur l&#x27;appus &lt;..... ....&gt; .&gt; gouvernement hollandais &lt;"
                    HPOS="576"
                    VPOS="1655"
                    WIDTH="2138"
                    HEIGHT="142"
                    WC="0.9519180489368126"></String>
          </TextLine>
          <TextLine ID="eSc_line_8bd20d6b"
                    TAGREFS="LT34"
                    BASELINE="1549 1713 1732 1705" 
                    HPOS="1549"
                    VPOS="1705"
                    WIDTH="183"
                    HEIGHT="8">
	    <String CONTENT=""
                    HPOS="1549"
                    VPOS="1705"
                    WIDTH="183"
                    HEIGHT="8"></String>
          </TextLine>
          <TextLine ID="eSc_line_49bb3c73"
                    TAGREFS="LT31"
                    BASELINE="568 1831 2694 1775" 
                    HPOS="565"
                    VPOS="1733"
                    WIDTH="2129"
                    HEIGHT="117">
            <Shape><Polygon POINTS="568 1831 568 1850 2694 1806 2694 1775 2689 1736 2261 1733 2258 1733 2163 1747 2146 1750 2135 1750 2068 1739 2065 1739 1956 1752 1933 1755 1919 1755 1832 1744 1830 1744 1740 1758 1723 1761 1659 1761 1304 1758 1301 1758 565 1789 568 1831"/></Shape>
	    <String CONTENT="dans son offolement, laissait entrevoir l&#x27;éventualité. La peudeuce"
                    HPOS="565"
                    VPOS="1733"
                    WIDTH="2129"
                    HEIGHT="117"
                    WC="0.9824592796238986"></String>
          </TextLine>
          <TextLine ID="eSc_line_537986b6"
                    TAGREFS="LT31"
                    BASELINE="562 1909 1852 1876 2568 1849 2662 1856 2703 1871" 
                    HPOS="559"
                    VPOS="1814"
                    WIDTH="2135"
                    HEIGHT="129">
            <Shape><Polygon POINTS="562 1923 671 1943 674 1943 677 1943 724 1926 1015 1934 1018 1934 1301 1915 1374 1909 1401 1912 1471 1923 1474 1923 1625 1909 1743 1898 1776 1906 1788 1909 1790 1909 1793 1909 1855 1906 2040 1892 2068 1903 2079 1906 2082 1906 2084 1906 2087 1906 2104 1901 2163 1884 2591 1878 2692 1892 2694 1859 2692 1814 2062 1814 2059 1814 2056 1814 1992 1831 1978 1834 1947 1831 1830 1822 1827 1822 1824 1822 1821 1822 1804 1836 1796 1839 1768 1836 1662 1825 1659 1825 1572 1842 1553 1845 1533 1842 1446 1831 1443 1831 1441 1831 1438 1831 1421 1845 1418 1850 1343 1850 1306 1848 1147 1836 1144 1836 1141 1836 1138 1836 1119 1853 1113 1859 979 1859 973 1859 957 1845 954 1845 951 1845 948 1845 945 1845 915 1859 903 1848 901 1848 898 1848 895 1848 892 1848 861 1862 856 1864 559 1867 562 1909"/></Shape>
	    <String CONTENT="imposait donc de d&#x27;euvelopper dans la neutralité la plus sersperlenc"
                    HPOS="559"
                    VPOS="1814"
                    WIDTH="2135"
                    HEIGHT="129"
                    WC="0.9947884617482915"></String>
          </TextLine>
          <TextLine ID="eSc_line_417e762e"
                    TAGREFS="LT31"
                    BASELINE="565 1990 1956 1951 2661 1915" 
                    HPOS="562"
                    VPOS="1878"
                    WIDTH="2099"
                    HEIGHT="140">
            <Shape><Polygon POINTS="565 1990 565 2018 1161 1993 1270 1999 1326 2001 1329 2001 1371 1996 1446 1985 1466 1993 1474 1996 1477 1996 1480 1996 1483 1996 1485 1996 1488 1993 1505 1982 1586 1990 1603 1990 1606 1990 1609 1990 1617 1987 1670 1976 1936 1979 2006 1979 2009 1979 2026 1976 2093 1962 2387 1965 2412 1965 2415 1965 2417 1965 2420 1965 2442 1951 2658 1957 2661 1915 2652 1878 562 1945 565 1990"/></Shape>
	    <String CONTENT="d&#x27;écarter de soi tout soupion non secilement d&#x27;hostèlite,; meis de"
                    HPOS="562"
                    VPOS="1878"
                    WIDTH="2099"
                    HEIGHT="140"
                    WC="0.990051558523467"></String>
          </TextLine>
          <TextLine ID="eSc_line_52f019a1"
                    TAGREFS="LT31"
                    BASELINE="568 2071 2658 1990" 
                    HPOS="562"
                    VPOS="1940"
                    WIDTH="2096"
                    HEIGHT="170">
            <Shape><Polygon POINTS="568 2071 570 2110 654 2088 691 2105 694 2105 696 2105 699 2105 702 2105 719 2091 775 2102 777 2102 780 2102 786 2102 929 2077 1054 2091 1060 2091 1063 2091 1066 2091 1068 2091 1147 2068 1337 2080 1357 2080 1360 2080 1388 2077 1589 2054 1925 2054 2006 2054 2009 2054 2012 2054 2023 2052 2084 2029 2658 2024 2658 1990 2652 1954 2582 1940 2580 1940 2431 1959 2429 1959 2367 1948 2364 1948 2280 1965 2277 1965 2221 1954 2219 1954 2216 1954 2151 1971 2143 1971 2112 1971 1863 1968 1860 1968 1858 1968 1855 1968 1838 1982 1835 1985 562 2024 568 2071"/></Shape>
	    <String CONTENT="parti-pris, d&#x27;affecter &lt;..... ........ ...l . le lops"
                    HPOS="562"
                    VPOS="1940"
                    WIDTH="2096"
                    HEIGHT="170"
                    WC="0.9269642582479513"></String>
          </TextLine>
          <TextLine ID="eSc_line_4d4aa9c8"
                    TAGREFS="LT31"
                    BASELINE="568 2141 2624 2074" 
                    HPOS="565"
                    VPOS="2035"
                    WIDTH="2059"
                    HEIGHT="145">
            <Shape><Polygon POINTS="568 2141 568 2166 649 2180 652 2180 850 2161 909 2155 917 2158 940 2169 943 2169 945 2169 1077 2166 1080 2166 1082 2166 1096 2155 1099 2149 1234 2149 1679 2147 1762 2136 1863 2122 2193 2113 2213 2124 2216 2127 2219 2127 2221 2127 2224 2127 2227 2127 2238 2124 2283 2110 2412 2119 2448 2122 2451 2122 2468 2119 2538 2102 2622 2113 2624 2074 2616 2035 565 2099 568 2141"/></Shape>
	    <String CONTENT="&lt;........  .. ........... p......&gt; la plus grande"
                    HPOS="565"
                    VPOS="2035"
                    WIDTH="2059"
                    HEIGHT="145"
                    WC="0.9363711646624974"></String>
          </TextLine>
          <TextLine ID="eSc_line_414ed269"
                    TAGREFS="LT31"
                    BASELINE="573 2222 1720 2196 1930 2179 2062 2170 2663 2158" 
                    HPOS="570"
                    VPOS="2136"
                    WIDTH="1601"
                    HEIGHT="111">
            <Shape><Polygon POINTS="2149 2138 1888 2136 1886 2136 1883 2136 1880 2136 1860 2147 1858 2149 1852 2147 1818 2138 1816 2138 1813 2138 1810 2138 1807 2138 1807 2141 1796 2149 1793 2152 1771 2149 1712 2144 1709 2144 1707 2144 1684 2152 1667 2161 1281 2169 1242 2163 1164 2152 1161 2152 1077 2169 1043 2175 1018 2169 965 2158 962 2158 959 2158 929 2172 915 2180 805 2180 775 2177 688 2163 685 2163 570 2180 573 2222 573 2242 1043 2247 1046 2247 1124 2236 1178 2231 1197 2236 1220 2245 1222 2245 1225 2245 1346 2236 1533 2219 1550 2231 1553 2231 1555 2231 1558 2231 1709 2217 1729 2231 1732 2231 1735 2231 1737 2231 1740 2231 1743 2231 1762 2214 1804 2214 1821 2231 1824 2231 1824 2233 1827 2233 1830 2233 1832 2233 2171 2225 2171 2177 2168 2172 2163 2172"/></Shape>
	    <String CONTENT="confiance dans les &lt;.....amis, dugeti"
                    HPOS="570"
                    VPOS="2136"
                    WIDTH="1601"
                    HEIGHT="111"
                    WC="0.9446183233647734"></String>
          </TextLine>
          <TextLine ID="eSc_line_0d59386a"
                    TAGREFS="LT34"
                    BASELINE="1516 2238 2563 2190" 
                    HPOS="1516"
                    VPOS="2190"
                    WIDTH="1047"
                    HEIGHT="48">
	    <String CONTENT=""
                    HPOS="1516"
                    VPOS="2190"
                    WIDTH="1047"
                    HEIGHT="48"></String>
          </TextLine>
          <TextLine ID="eSc_line_59408bb1"
                    TAGREFS="LT31"
                    BASELINE="579 2306 1589 2281 2661 2225" 
                    HPOS="576"
                    VPOS="2180"
                    WIDTH="2085"
                    HEIGHT="174">
            <Shape><Polygon POINTS="579 2306 582 2354 652 2326 985 2317 1035 2331 1046 2334 1049 2334 1052 2334 1054 2334 1057 2334 1063 2328 1091 2312 1264 2320 1357 2323 1360 2323 1715 2309 1718 2309 1774 2292 1793 2289 1804 2292 1841 2300 1844 2300 1846 2300 1849 2300 1877 2289 1888 2284 1919 2286 2006 2295 2009 2295 2012 2295 2054 2278 2065 2275 2104 2275 2280 2286 2283 2286 2554 2253 2568 2253 2571 2253 2602 2267 2605 2267 2608 2267 2610 2267 2661 2247 2661 2225 2652 2180 2065 2222 1939 2211 1936 2211 1933 2211 1930 2211 1930 2214 1914 2231 1561 2242 1508 2228 1502 2225 1499 2225 1497 2225 1463 2228 1281 2253 1057 2245 1001 2245 999 2245 976 2250 906 2267 576 2267 579 2306"/></Shape>
	    <String CONTENT="gouvernement provisoire. Lquavait réconnu officiellement"
                    HPOS="576"
                    VPOS="2180"
                    WIDTH="2085"
                    HEIGHT="174"
                    WC="0.9701020802770343"></String>
          </TextLine>
          <TextLine ID="eSc_line_5dde7ed1"
                    TAGREFS="LT31"
                    BASELINE="559 2390 1340 2370 1950 2340 2669 2328" 
                    HPOS="556"
                    VPOS="2292"
                    WIDTH="2113"
                    HEIGHT="120">
            <Shape><Polygon POINTS="559 2390 559 2412 2669 2356 2669 2328 2664 2292 1953 2292 1950 2292 1947 2292 1944 2292 1928 2306 1858 2295 1855 2295 1852 2295 1849 2295 1849 2298 1830 2314 1827 2314 1774 2298 1771 2298 1768 2298 1684 2317 1681 2317 1667 2317 1329 2314 1326 2314 1197 2331 1189 2331 1186 2331 1052 2317 1049 2317 943 2340 931 2340 917 2340 775 2326 772 2326 769 2326 730 2342 654 2328 652 2328 556 2348 559 2390"/></Shape>
	    <String CONTENT="dès le 28 mai, la nouvelle république française &lt;. . .. .....&gt;"
                    HPOS="556"
                    VPOS="2292"
                    WIDTH="2113"
                    HEIGHT="120"
                    WC="0.9564513285313884"></String>
          </TextLine>
          <TextLine ID="eSc_line_19d5efa9"
                    TAGREFS="LT34"
                    BASELINE="1913 2386 2034 2381" 
                    HPOS="1913"
                    VPOS="2381"
                    WIDTH="121"
                    HEIGHT="5">
	    <String CONTENT=""
                    HPOS="1913"
                    VPOS="2381"
                    WIDTH="121"
                    HEIGHT="5"></String>
          </TextLine>
          <TextLine ID="eSc_line_86cd3537"
                    TAGREFS="LT31"
                    BASELINE="545 2471 1292 2463 1953 2421 2666 2407" 
                    HPOS="542"
                    VPOS="2354"
                    WIDTH="2124"
                    HEIGHT="153">
            <Shape><Polygon POINTS="545 2471 545 2507 1883 2496 1886 2496 1975 2460 1984 2454 2442 2443 2552 2440 2638 2451 2641 2451 2644 2451 2647 2451 2666 2435 2666 2407 2661 2365 2543 2354 2540 2354 2538 2354 2510 2368 2490 2379 2373 2379 2331 2370 2263 2359 2261 2359 2191 2362 2188 2362 2185 2362 2168 2376 2154 2387 1942 2390 1877 2384 1790 2373 1788 2373 1785 2373 1729 2387 1715 2390 1712 2387 1698 2376 1695 2376 1693 2376 1690 2376 1687 2376 1653 2390 1623 2401 1609 2390 1606 2387 1603 2387 1600 2387 1597 2387 1595 2387 1592 2387 1592 2390 1589 2390 1575 2404 1343 2398 1340 2398 1208 2415 1166 2401 1141 2393 1138 2393 1136 2393 1133 2393 1130 2393 1130 2396 1122 2401 1102 2418 993 2404 926 2398 923 2398 878 2410 828 2421 786 2410 772 2407 769 2407 766 2407 763 2407 761 2407 755 2412 730 2429 677 2412 671 2412 668 2412 666 2412 663 2412 660 2412 635 2426 542 2418 545 2471"/></Shape>
	    <String CONTENT="&lt;........ ... .. ... ..........&gt; euone lers"
                    HPOS="542"
                    VPOS="2354"
                    WIDTH="2124"
                    HEIGHT="153"
                    WC="0.8217063490734544"></String>
          </TextLine>
          <TextLine ID="eSc_line_4be97c6c"
                    TAGREFS="LT31"
                    BASELINE="570 2566 2633 2541" 
                    HPOS="568"
                    VPOS="2496"
                    WIDTH="2065"
                    HEIGHT="95">
            <Shape><Polygon POINTS="570 2566 570 2591 2630 2577 2633 2541 2624 2496 568 2516 570 2566"/></Shape>
	    <String CONTENT="Pour se concilier ser bonnes grâes, elle &lt;....... .....&gt; ob¬"
                    HPOS="568"
                    VPOS="2496"
                    WIDTH="2065"
                    HEIGHT="95"
                    WC="0.9385439217090606"></String>
          </TextLine>
          <TextLine ID="eSc_line_5d063a34"
                    TAGREFS="LT31"
                    BASELINE="568 2630 2647 2600" 
                    HPOS="565"
                    VPOS="2555"
                    WIDTH="2082"
                    HEIGHT="103">
            <Shape><Polygon POINTS="568 2630 568 2658 2644 2630 2647 2600 2638 2555 565 2586 568 2630"/></Shape>
	    <String CONTENT="servait vis à vis des autres puissances une réserve confinant à la pessil¬"
                    HPOS="565"
                    VPOS="2555"
                    WIDTH="2082"
                    HEIGHT="103"
                    WC="0.9938667165605646"></String>
          </TextLine>
          <TextLine ID="eSc_line_875cc015"
                    TAGREFS="LT31"
                    BASELINE="570 2692 2622 2656" 
                    HPOS="568"
                    VPOS="2619"
                    WIDTH="2054"
                    HEIGHT="98">
            <Shape><Polygon POINTS="570 2692 570 2717 1516 2714 1519 2714 1564 2700 1569 2700 1578 2700 1667 2711 1670 2711 1804 2697 1832 2695 1883 2695 2135 2703 2137 2703 2619 2681 2622 2656 2613 2619 568 2644 570 2692"/></Shape>
	    <String CONTENT="lanioucté. Elle &lt;..&gt; se gard ait sous d&#x27;encourager les dispositions tieuveil¬"
                    HPOS="568"
                    VPOS="2619"
                    WIDTH="2054"
                    HEIGHT="98"
                    WC="0.9702351859637669"></String>
          </TextLine>
          <TextLine ID="eSc_line_71d4b551"
                    TAGREFS="LT31"
                    BASELINE="565 2756 2641 2709" 
                    HPOS="562"
                    VPOS="2661"
                    WIDTH="2079"
                    HEIGHT="129">
            <Shape><Polygon POINTS="565 2756 565 2790 2641 2731 2641 2709 2633 2661 562 2714 565 2756"/></Shape>
	    <String CONTENT="lautes que lui montrait le Paclement de Francfort, faisait disnades le"
                    HPOS="562"
                    VPOS="2661"
                    WIDTH="2079"
                    HEIGHT="129"
                    WC="0.9981206348964147"></String>
          </TextLine>
          <TextLine ID="eSc_line_2a3f7192"
                    TAGREFS="LT31"
                    BASELINE="568 2818 1947 2773 2641 2762" 
                    HPOS="565"
                    VPOS="2720"
                    WIDTH="2076"
                    HEIGHT="134">
            <Shape><Polygon POINTS="568 2818 568 2854 948 2826 1021 2837 1024 2837 1027 2837 1029 2837 1052 2823 1077 2834 1080 2834 1082 2834 1253 2818 1701 2820 1715 2820 1718 2820 1723 2820 1911 2798 2345 2801 2347 2801 2515 2781 2638 2793 2641 2762 2633 2720 565 2779 568 2818"/></Shape>
	    <String CONTENT="prince de Prusse, écaité de Berlin par la rivolution, de traverser le ter¬"
                    HPOS="565"
                    VPOS="2720"
                    WIDTH="2076"
                    HEIGHT="134"
                    WC="0.9904797375202179"></String>
          </TextLine>
          <TextLine ID="eSc_line_0ab2f02c"
                    TAGREFS="LT31"
                    BASELINE="562 2885 2627 2809" 
                    HPOS="559"
                    VPOS="2770"
                    WIDTH="2068"
                    HEIGHT="137">
            <Shape><Polygon POINTS="562 2885 562 2907 2627 2843 2627 2809 2619 2770 2006 2779 2003 2779 2000 2779 1989 2790 1984 2793 1967 2790 1939 2784 1936 2784 1894 2793 1846 2801 1832 2793 1824 2787 1821 2787 1818 2787 1816 2787 1813 2787 1788 2795 1757 2804 1583 2801 1508 2801 1505 2801 1502 2801 1494 2804 1466 2815 1441 2807 1429 2801 1427 2801 1424 2801 1385 2807 1315 2820 1214 2812 1164 2809 1161 2809 1158 2809 1144 2815 1122 2823 1010 2820 954 2818 951 2818 948 2818 945 2818 943 2820 926 2834 878 2823 861 2820 859 2820 805 2826 629 2846 559 2834 562 2885"/></Shape>
	    <String CONTENT="retoire belge, refusait d&#x27;econter les propositions de la Reussie de remettre"
                    HPOS="559"
                    VPOS="2770"
                    WIDTH="2068"
                    HEIGHT="137"
                    WC="0.987517408634487"></String>
          </TextLine>
          <TextLine ID="eSc_line_e729ccf5"
                    TAGREFS="LT31"
                    BASELINE="559 2946 1816 2896 2599 2876" 
                    HPOS="556"
                    VPOS="2834"
                    WIDTH="2043"
                    HEIGHT="143">
            <Shape><Polygon POINTS="559 2946 559 2977 2599 2902 2599 2876 2591 2834 556 2902 559 2946"/></Shape>
	    <String CONTENT="en vigneur les stipulations du traité des forteresses, n&#x27;osait enfie plus"
                    HPOS="556"
                    VPOS="2834"
                    WIDTH="2043"
                    HEIGHT="143"
                    WC="0.9899842632959966"></String>
          </TextLine>
          <TextLine ID="eSc_line_90817b18"
                    TAGREFS="LT31"
                    BASELINE="559 3002 2577 2941" 
                    HPOS="556"
                    VPOS="2896"
                    WIDTH="2021"
                    HEIGHT="126">
            <Shape><Polygon POINTS="559 3002 559 3022 2577 2960 2577 2941 2571 2907 2401 2896 2398 2896 2395 2896 2392 2896 2392 2899 2378 2910 2207 2902 2205 2902 2121 2918 2112 2918 2098 2918 1933 2910 1930 2910 1690 2930 1653 2932 1642 2932 1583 2921 1581 2921 1418 2938 1379 2941 1323 2941 1110 2935 1108 2935 556 2960 559 3002"/></Shape>
	    <String CONTENT="encore sans doute par crainte de froisser la France que la confédlération"
                    HPOS="556"
                    VPOS="2896"
                    WIDTH="2021"
                    HEIGHT="126"
                    WC="0.9921724004288243"></String>
          </TextLine>
          <TextLine ID="eSc_line_01491991"
                    TAGREFS="LT31"
                    BASELINE="570 3072 2622 3002" 
                    HPOS="568"
                    VPOS="2960"
                    WIDTH="2054"
                    HEIGHT="148">
            <Shape><Polygon POINTS="570 3072 570 3108 741 3086 870 3100 889 3100 892 3100 909 3097 996 3078 1024 3094 1027 3094 1029 3094 1032 3094 1105 3092 1648 3053 1757 3053 1788 3067 1793 3069 1796 3069 1799 3069 1802 3069 1804 3069 1804 3067 1807 3067 1821 3053 1874 3061 1877 3061 1880 3061 1911 3044 2006 3044 2034 3058 2042 3061 2045 3061 2048 3061 2051 3061 2068 3058 2132 3039 2622 3039 2622 3002 2613 2960 568 3022 570 3072"/></Shape>
	    <String CONTENT="germanique et le roi de Gollande sentènes, dans le Grand Duché de Lu¬"
                    HPOS="568"
                    VPOS="2960"
                    WIDTH="2054"
                    HEIGHT="148"
                    WC="0.9957158358200736"></String>
          </TextLine>
          <TextLine ID="eSc_line_a3ca375e"
                    TAGREFS="LT31"
                    BASELINE="568 3134 2655 3064" 
                    HPOS="565"
                    VPOS="3019"
                    WIDTH="2090"
                    HEIGHT="154">
            <Shape><Polygon POINTS="568 3134 568 3173 735 3153 870 3164 895 3164 898 3164 915 3162 987 3148 1301 3148 1354 3148 1357 3148 1360 3148 1365 3148 1407 3131 1466 3142 1480 3145 1483 3145 1502 3142 1572 3125 1634 3136 1651 3139 1653 3139 1656 3139 1670 3136 1723 3122 1779 3131 1796 3134 1799 3134 1818 3131 1886 3117 2006 3125 2042 3125 2045 3125 2048 3125 2054 3122 2084 3106 2655 3100 2655 3064 2647 3019 2473 3033 2434 3025 2406 3019 2403 3019 2333 3027 2221 3041 2188 3033 2174 3027 2171 3027 2168 3027 2165 3027 2163 3027 2157 3033 2140 3044 2040 3036 1986 3033 1984 3033 1981 3033 1970 3039 1944 3053 1804 3055 1662 3047 1623 3047 1620 3047 1617 3047 1606 3050 1558 3064 1457 3055 1429 3053 1427 3053 1424 3053 1418 3055 1388 3072 1234 3075 1035 3067 985 3067 982 3067 948 3069 814 3089 772 3075 769 3075 766 3075 763 3075 761 3075 758 3075 727 3092 565 3083 568 3134"/></Shape>
	    <String CONTENT="xembourg le mouvement qui s&#x27;y prononçait pour un retour à la"
                    HPOS="565"
                    VPOS="3019"
                    WIDTH="2090"
                    HEIGHT="154"
                    WC="0.9883649518092473"></String>
          </TextLine>
          <TextLine ID="eSc_line_67aa6c82"
                    TAGREFS="LT31"
                    BASELINE="568 3206 2658 3134" 
                    HPOS="565"
                    VPOS="3083"
                    WIDTH="2093"
                    HEIGHT="148">
            <Shape><Polygon POINTS="568 3206 568 3231 1852 3201 1900 3195 2014 3181 2210 3187 2249 3187 2252 3187 2277 3184 2423 3167 2655 3173 2658 3134 2652 3097 2496 3083 2493 3083 2347 3106 2331 3111 2269 3111 1698 3111 1695 3111 1693 3111 1690 3111 1690 3114 1667 3131 1586 3117 1583 3117 1581 3117 1578 3117 1553 3136 1497 3139 1441 3139 1438 3139 1379 3122 1376 3122 1374 3122 1371 3122 1326 3142 1292 3125 1290 3125 1287 3125 1284 3125 1281 3125 1250 3145 1099 3134 1096 3134 1094 3134 1043 3153 889 3139 887 3139 783 3162 646 3148 643 3148 640 3148 565 3170 568 3206"/></Shape>
	    <String CONTENT="Belgique. Avec une naiveté touchante, le ministre des ceftaires étrangores"
                    HPOS="565"
                    VPOS="3083"
                    WIDTH="2093"
                    HEIGHT="148"
                    WC="0.9780607892049326"></String>
          </TextLine>
          <TextLine ID="eSc_line_2daf08f5"
                    TAGREFS="LT31"
                    BASELINE="565 3268 1469 3234 2582 3212" 
                    HPOS="562"
                    VPOS="3162"
                    WIDTH="2020"
                    HEIGHT="139">
            <Shape><Polygon POINTS="565 3268 565 3282 649 3301 652 3301 878 3279 1074 3290 1077 3290 1080 3290 1122 3271 1122 3268 1617 3257 1642 3257 1785 3271 1788 3271 1790 3271 1827 3254 1832 3251 1863 3254 2017 3265 2020 3265 2123 3245 2149 3243 2205 3245 2392 3254 2395 3254 2582 3234 2582 3212 2577 3173 2331 3162 2328 3162 2325 3162 2294 3178 2291 3178 2277 3178 2129 3167 2126 3167 2031 3184 2012 3187 1936 3187 1623 3181 1620 3181 1617 3181 1592 3195 1583 3198 1569 3195 1525 3184 1522 3184 1519 3184 1421 3198 1415 3198 1413 3198 1298 3190 1295 3190 1292 3190 1264 3204 1253 3206 1220 3204 1144 3195 1141 3195 1138 3195 1094 3206 1068 3212 1007 3209 892 3201 889 3201 887 3201 864 3212 850 3220 562 3220 565 3268"/></Shape>
	    <String CONTENT="coyait habile d&#x27;affeimer à toute occasion qu&#x27;au fond la constitution"
                    HPOS="562"
                    VPOS="3162"
                    WIDTH="2020"
                    HEIGHT="139"
                    WC="0.9780143689418185"></String>
          </TextLine>
          <TextLine ID="eSc_line_6497fc76"
                    TAGREFS="LT31"
                    BASELINE="582 3327 1536 3299 2650 3287" 
                    HPOS="579"
                    VPOS="3234"
                    WIDTH="2071"
                    HEIGHT="118">
            <Shape><Polygon POINTS="663 3324 635 3324 607 3324 579 3324 582 3327 582 3352 607 3352 635 3352 663 3352 682 3352 943 3338 973 3352 999 3352 1018 3352 1108 3335 1130 3349 1136 3352 1138 3352 1141 3352 1144 3352 1178 3346 1245 3338 1376 3343 1446 3346 1449 3346 1477 3341 1561 3327 1723 3338 1788 3341 1790 3341 1838 3335 1964 3318 2644 3318 2650 3287 2644 3248 2580 3234 2577 3234 2429 3251 2417 3251 2412 3251 2291 3240 2289 3240 2286 3240 2283 3240 2266 3254 2263 3257 2213 3257 1348 3257 1346 3257 1343 3257 1284 3271 906 3265 903 3265 901 3265 870 3282 680 3285 663 3324"/></Shape>
	    <String CONTENT="tilge n&#x27;était guère moins républicaine y ee la constitution française"
                    HPOS="579"
                    VPOS="3234"
                    WIDTH="2071"
                    HEIGHT="118"
                    WC="0.9970352753348972"></String>
          </TextLine>
        </TextBlock>
        <TextBlock HPOS="21"
                   VPOS="1653"
                   WIDTH="539"
                   HEIGHT="1542"
                   ID="a9e0b6bf-1fbe-48d7-9d84-f4fb61c174b1"
                   TAGREFS="BT43">
          <Shape><Polygon POINTS="548 1653 560 3195 21 3192 21 1656"/></Shape>
          <TextLine ID="eSc_line_81d5f7d8"
                    TAGREFS="LT31"
                    BASELINE="62 1724 116 1777 443 1764" 
                    HPOS="75"
                    VPOS="1691"
                    WIDTH="417"
                    HEIGHT="140">
            <Shape><Polygon POINTS="78 1778 81 1831 179 1831 179 1828 181 1828 184 1828 184 1825 187 1825 193 1820 201 1806 313 1794 358 1803 430 1817 433 1817 436 1817 492 1789 492 1758 484 1691 430 1691 428 1691 425 1691 422 1691 422 1694 416 1697 397 1719 299 1722 282 1711 271 1699 268 1699 265 1699 263 1699 260 1699 257 1699 235 1716 229 1719 226 1716 198 1702 195 1702 193 1702 190 1702 92 1727 75 1766"/></Shape>
	    <String CONTENT="(2 Huisman"
                    HPOS="75"
                    VPOS="1691"
                    WIDTH="417"
                    HEIGHT="140"
                    WC="0.9993969976902009"></String>
          </TextLine>
          <TextLine ID="eSc_line_da2499b5"
                    TAGREFS="LT34"
                    BASELINE="131 2099 470 2088" 
                    HPOS="128"
                    VPOS="2043"
                    WIDTH="342"
                    HEIGHT="95">
            <Shape><Polygon POINTS="131 2099 131 2138 470 2113 470 2088 461 2043 128 2049 131 2099"/></Shape>
	    <String CONTENT="Pof qe donne"
                    HPOS="128"
                    VPOS="2043"
                    WIDTH="342"
                    HEIGHT="95"
                    WC="0.9931153059005737"></String>
          </TextLine>
          <TextLine ID="eSc_line_4b82841b"
                    TAGREFS="LT34"
                    BASELINE="89 2155 464 2146" 
                    HPOS="86"
                    VPOS="2113"
                    WIDTH="350"
                    HEIGHT="70">
            <Shape><Polygon POINTS="89 2180 433 2183 436 2149 428 2113 86 2113 89 2155"/></Shape>
	    <String CONTENT="&lt;&lt;... ...."
                    HPOS="86"
                    VPOS="2113"
                    WIDTH="350"
                    HEIGHT="70"
                    WC="0.9117191970348358"></String>
          </TextLine>
          <TextLine ID="eSc_line_e6020cd3"
                    TAGREFS="LT34"
                    BASELINE="49 2218 471 2197" 
                    HPOS="61"
                    VPOS="2155"
                    WIDTH="322"
                    HEIGHT="106">
            <Shape><Polygon POINTS="64 2261 383 2233 383 2197 374 2155 61 2169 64 2214"/></Shape>
	    <String CONTENT="(n, elle tif"
                    HPOS="61"
                    VPOS="2155"
                    WIDTH="322"
                    HEIGHT="106"
                    WC="0.9301217744747797"></String>
          </TextLine>
          <TextLine ID="eSc_line_5144bce4"
                    TAGREFS="LT34"
                    BASELINE="40 2270 509 2258" 
                    HPOS="92"
                    VPOS="2222"
                    WIDTH="157"
                    HEIGHT="81">
            <Shape><Polygon POINTS="97 2303 137 2286 179 2295 209 2300 212 2300 215 2300 249 2286 249 2264 240 2222 92 2233 95 2267"/></Shape>
	    <String CONTENT="4 9l"
                    HPOS="92"
                    VPOS="2222"
                    WIDTH="157"
                    HEIGHT="81"
                    WC="0.9959854781627655"></String>
          </TextLine>
          <TextLine ID="eSc_line_2cb58ecc"
                    TAGREFS="LT34"
                    BASELINE="27 2323 517 2318" 
                    HPOS="58"
                    VPOS="2264"
                    WIDTH="311"
                    HEIGHT="81">
            <Shape><Polygon POINTS="61 2345 369 2342 369 2317 358 2264 321 2278 58 2273 61 2320"/></Shape>
	    <String CONTENT="is, l.peus pfs"
                    HPOS="58"
                    VPOS="2264"
                    WIDTH="311"
                    HEIGHT="81"
                    WC="0.8798503790582929"></String>
          </TextLine>
          <TextLine ID="eSc_line_10b2b3c2"
                    TAGREFS="LT34"
                    BASELINE="34 2375 471 2377" 
                    HPOS="44"
                    VPOS="2328"
                    WIDTH="322"
                    HEIGHT="87">
            <Shape><Polygon POINTS="47 2412 218 2401 246 2415 249 2415 251 2415 254 2415 302 2401 358 2415 366 2373 358 2328 44 2334 47 2376"/></Shape>
	    <String CONTENT="....."
                    HPOS="44"
                    VPOS="2328"
                    WIDTH="322"
                    HEIGHT="87"
                    WC="0.8569980263710022"></String>
          </TextLine>
          <TextLine ID="eSc_line_a9c29a9a"
                    TAGREFS="LT34"
                    BASELINE="44 2435 360 2426" 
                    HPOS="41"
                    VPOS="2390"
                    WIDTH="319"
                    HEIGHT="95">
            <Shape><Polygon POINTS="41 2426 44 2435 47 2485 137 2460 187 2474 190 2474 193 2474 195 2474 360 2457 360 2426 352 2390 55 2398 41 2426"/></Shape>
	    <String CONTENT="l&#x27;Allemagne"
                    HPOS="41"
                    VPOS="2390"
                    WIDTH="319"
                    HEIGHT="95"
                    WC="0.9761541431600397"></String>
          </TextLine>
          <TextLine ID="eSc_line_a45fef61"
                    TAGREFS="LT31"
                    BASELINE="139 2818 425 2812" 
                    HPOS="139"
                    VPOS="2762"
                    WIDTH="286"
                    HEIGHT="75">
            <Shape><Polygon POINTS="165 2779 151 2787 139 2818 139 2837 425 2837 425 2812 419 2767 181 2762 165 2779"/></Shape>
	    <String CONTENT="48.II.40."
                    HPOS="139"
                    VPOS="2762"
                    WIDTH="286"
                    HEIGHT="75"
                    WC="0.9579781823688083"></String>
          </TextLine>
          <TextLine ID="eSc_line_636d08bd"
                    TAGREFS="LT31"
                    BASELINE="104 3092 428 3118" 
                    HPOS="123"
                    VPOS="3039"
                    WIDTH="154"
                    HEIGHT="125">
            <Shape><Polygon POINTS="153 3094 148 3047 145 3050 131 3039 125 3108 123 3131 271 3164 277 3114 274 3044 184 3047 181 3053"/></Shape>
	    <String CONTENT="48.2"
                    HPOS="123"
                    VPOS="3039"
                    WIDTH="154"
                    HEIGHT="125"
                    WC="0.9960732609033585"></String>
          </TextLine>
        </TextBlock>
        <TextBlock HPOS="199"
                   VPOS="95"
                   WIDTH="248"
                   HEIGHT="139"
                   ID="eSc_textblock_62aaad4a"
                   TAGREFS="BT44">
          <Shape><Polygon POINTS="199 95 199 234 447 234 447 95"/></Shape>
        </TextBlock>
        <TextBlock ID="eSc_dummyblock_">
          <TextLine ID="eSc_line_63317f5a"
                    TAGREFS="LT31"
                    BASELINE="258 146 403 173" 
                    HPOS="296"
                    VPOS="111"
                    WIDTH="87"
                    HEIGHT="132">
            <Shape><Polygon POINTS="324 111 296 117 302 164 307 243 383 240 377 159 369 114 352 114"/></Shape>
	    <String CONTENT="8)"
                    HPOS="296"
                    VPOS="111"
                    WIDTH="87"
                    HEIGHT="132"
                    WC="0.9933137595653534"></String>
          </TextLine>
        </TextBlock>
      </PrintSpace>
    </Page>
  </Layout>
</alto>
