<?xml version="1.0" encoding="UTF-8"?>
<alto xmlns:xsi="http://www.w3.org/2001/XMLSchema-instance"
      xmlns="http://www.loc.gov/standards/alto/ns-v4#"
      xsi:schemaLocation="http://www.loc.gov/standards/alto/ns-v4# http://www.loc.gov/standards/alto/v4/alto-4-2.xsd">
  <Description>
    <MeasurementUnit>pixel</MeasurementUnit>
    <sourceImageInformation>
      <fileName>ARCH-DIV-000496_0138.png</fileName>
    </sourceImageInformation>
  </Description>
  <Tags>
    <OtherTag ID="BT42" LABEL="MainZone" DESCRIPTION="block type MainZone"/><OtherTag ID="BT43" LABEL="MarginTextZone" DESCRIPTION="block type MarginTextZone"/><OtherTag ID="BT44" LABEL="NumberingZone" DESCRIPTION="block type NumberingZone"/><OtherTag ID="BT45" LABEL="TitlePageZone" DESCRIPTION="block type TitlePageZone"/><OtherTag ID="BT46" LABEL="CustomZone:Numbering" DESCRIPTION="block type CustomZone:Numbering"/><OtherTag ID="BT49" LABEL="MarginTextZone:lower" DESCRIPTION="block type MarginTextZone:lower"/>
    <OtherTag ID="LT25" LABEL="default" DESCRIPTION="line type default"/><OtherTag ID="LT31" LABEL="DefaultLine" DESCRIPTION="line type DefaultLine"/><OtherTag ID="LT32" LABEL="HeadingLine" DESCRIPTION="line type HeadingLine"/><OtherTag ID="LT33" LABEL="InterlinearLine:addition" DESCRIPTION="line type InterlinearLine:addition"/><OtherTag ID="LT34" LABEL="InterlinearLine:correction" DESCRIPTION="line type InterlinearLine:correction"/>
  </Tags>
  <Layout>
    <Page WIDTH="2790"
          HEIGHT="3330"
          PHYSICAL_IMG_NR="137"
          ID="eSc_dummypage_">
      <PrintSpace HPOS="0"
                  VPOS="0"
                  WIDTH="2790"
                  HEIGHT="3330">
        <TextBlock HPOS="367"
                   VPOS="6"
                   WIDTH="2346"
                   HEIGHT="3321"
                   ID="304303cf-ffaa-482e-b549-07f31b0ce4a5"
                   TAGREFS="BT42">
          <Shape><Polygon POINTS="2713 6 2713 3327 367 3327 490 10"/></Shape>
          <TextLine ID="eSc_line_6e4c1dfc"
                    TAGREFS="LT31"
                    BASELINE="646 72 2715 113" 
                    HPOS="644"
                    VPOS="22"
                    WIDTH="2071"
                    HEIGHT="122">
            <Shape><Polygon POINTS="1710 33 1707 33 1704 33 1701 33 1690 41 1682 47 1649 41 1604 33 1601 33 1535 38 1482 44 1474 38 1463 30 1449 30 1421 27 1393 27 1365 27 1338 27 1310 27 1246 36 1210 38 1135 33 1027 24 1004 24 977 24 949 24 921 24 893 22 866 22 838 22 810 22 782 22 780 22 663 24 646 38 646 72 644 94 1060 119 2709 144 2715 113 2709 58 2212 58 2112 47 2023 38 2021 38 1887 44 1765 49 1740 41 1712 33 1710 33"/></Shape>
	    <String CONTENT="&lt;... .... .......&gt; s&#x27;accomodaient fort bien de &lt; la dimé¬"
                    HPOS="644"
                    VPOS="22"
                    WIDTH="2071"
                    HEIGHT="122"
                    WC="0.9555309278923169"></String>
          </TextLine>
          <TextLine ID="eSc_line_af1c42ff"
                    TAGREFS="LT31"
                    BASELINE="638 141 2676 180" 
                    HPOS="635"
                    VPOS="91"
                    WIDTH="2041"
                    HEIGHT="125">
            <Shape><Polygon POINTS="638 141 635 166 2670 216 2676 180 2673 144 2445 141 2440 138 2387 122 2384 122 2381 122 2298 135 2295 135 2293 135 2279 122 2276 122 2273 122 2270 122 2170 133 2162 133 2157 133 2095 116 2093 116 2090 116 1968 130 1946 130 1904 127 1643 108 1640 108 1532 122 1515 122 1493 119 1365 102 1363 102 1360 102 1318 116 1315 116 1310 116 1163 99 1160 99 877 108 852 108 846 108 785 91 782 91 780 91 638 102 638 141"/></Shape>
	    <String CONTENT="nection des droits d&#x27;entrée qui tournait maintenant à leur avan¬"
                    HPOS="635"
                    VPOS="91"
                    WIDTH="2041"
                    HEIGHT="125"
                    WC="0.9809880091593816"></String>
          </TextLine>
          <TextLine ID="eSc_line_b104f754"
                    TAGREFS="LT31"
                    BASELINE="627 222 2702 261" 
                    HPOS="624"
                    VPOS="163"
                    WIDTH="2085"
                    HEIGHT="128">
            <Shape><Polygon POINTS="727 271 730 271 732 271 735 271 752 258 760 252 968 252 979 258 1010 274 1013 274 1324 280 1326 283 1465 283 1465 280 1468 280 1529 263 1543 260 1549 263 1574 283 1576 283 1579 283 1582 283 1687 266 1701 263 1712 266 1798 285 1801 285 1987 266 2009 266 2032 266 2179 285 2182 285 2237 274 2256 291 2259 291 2262 291 2265 291 2384 271 2590 291 2592 291 2706 271 2709 246 2706 202 2323 202 2309 194 2298 185 2295 185 2293 185 2290 185 2140 191 1951 197 1937 185 1932 180 1929 180 1926 180 1923 180 1921 180 1896 185 1851 197 1823 185 1812 180 1810 180 1807 180 1804 180 1793 183 1771 197 1587 197 1554 180 1543 174 1540 174 1537 174 1504 177 1413 191 1163 191 1102 172 1093 169 1091 169 1088 169 1035 169 710 183 630 163 627 222 624 255"/></Shape>
	    <String CONTENT="lage. &lt;........ q...t p.r &lt;... ...&gt; Le peufutioment"
                    HPOS="624"
                    VPOS="163"
                    WIDTH="2085"
                    HEIGHT="128"
                    WC="0.8557898039911308"></String>
          </TextLine>
          <TextLine ID="eSc_line_92323225"
                    TAGREFS="LT31"
                    BASELINE="633 293 2684 302" 
                    HPOS="1243"
                    VPOS="249"
                    WIDTH="1441"
                    HEIGHT="78">
            <Shape><Polygon POINTS="1243 324 2678 327 2684 302 2681 260 1246 249 1246 296"/></Shape>
	    <String CONTENT="&lt;rit désormais comme brancoup plus afticace"
                    HPOS="1243"
                    VPOS="249"
                    WIDTH="1441"
                    HEIGHT="78"
                    WC="0.9823382482972256"></String>
          </TextLine>
          <TextLine ID="eSc_line_6ba1d665"
                    TAGREFS="LT34"
                    BASELINE="1012 256 1305 266" 
                    HPOS="1012"
                    VPOS="256"
                    WIDTH="293"
                    HEIGHT="10">
	    <String CONTENT=""
                    HPOS="1012"
                    VPOS="256"
                    WIDTH="293"
                    HEIGHT="10"></String>
          </TextLine>
          <TextLine ID="eSc_line_da91b4de"
                    TAGREFS="LT31"
                    BASELINE="632 363 979 352 2695 357" 
                    HPOS="632"
                    VPOS="316"
                    WIDTH="2063"
                    HEIGHT="78">
            <Shape><Polygon POINTS="632 363 632 391 905 377 1260 391 1318 394 1321 394 1340 391 1438 380 1615 391 1651 394 1654 394 1676 391 1785 380 1876 391 1893 394 1896 394 1921 391 2048 380 2098 391 2107 394 2109 394 2112 394 2692 391 2695 357 2690 316 632 316 632 363"/></Shape>
	    <String CONTENT="que la protibition. Les mesures excellentes prises par le gouveruent"
                    HPOS="632"
                    VPOS="316"
                    WIDTH="2063"
                    HEIGHT="78"
                    WC="0.9949781868387672"></String>
          </TextLine>
          <TextLine ID="eSc_line_75adba3e"
                    TAGREFS="LT31"
                    BASELINE="632 427 1610 416 2687 427" 
                    HPOS="632"
                    VPOS="380"
                    WIDTH="2055"
                    HEIGHT="75">
            <Shape><Polygon POINTS="632 427 632 455 2684 455 2687 427 2681 380 632 380 632 427"/></Shape>
	    <String CONTENT="avaiant fait du pays, eu moment où éclata la révilution de 1430, le cen¬"
                    HPOS="632"
                    VPOS="380"
                    WIDTH="2055"
                    HEIGHT="75"
                    WC="0.9805472708410687"></String>
          </TextLine>
          <TextLine ID="eSc_line_48cd5bea"
                    TAGREFS="LT31"
                    BASELINE="632 488 1218 474 2309 480" 
                    HPOS="630"
                    VPOS="427"
                    WIDTH="1679"
                    HEIGHT="86">
            <Shape><Polygon POINTS="632 488 632 513 2306 496 2309 480 2304 427 2215 441 2159 427 2157 427 2154 427 2151 427 2148 427 2145 427 2095 441 1948 430 1915 427 1912 427 1909 427 1898 430 1848 444 1662 444 1640 432 1632 427 1629 427 1512 427 1510 427 1507 427 1504 427 1499 432 1488 441 1407 432 1340 427 1338 427 630 438 632 488"/></Shape>
	    <String CONTENT="tre industriel probablement le plus actif du contuient"
                    HPOS="630"
                    VPOS="427"
                    WIDTH="1679"
                    HEIGHT="86"
                    WC="0.9943116583206035"></String>
          </TextLine>
          <TextLine ID="eSc_line_b667d374"
                    TAGREFS="LT31"
                    BASELINE="646 557 2611 549 2676 564" 
                    HPOS="644"
                    VPOS="493"
                    WIDTH="2023"
                    HEIGHT="98">
            <Shape><Polygon POINTS="646 591 824 577 1990 585 1993 585 2154 571 2662 582 2667 549 2665 513 2609 496 2606 496 2604 496 2492 510 2437 493 2434 493 2134 493 2132 493 2129 493 2090 513 2004 513 1934 513 1915 513 1618 496 1615 496 1612 496 1554 513 1551 513 1549 513 1379 499 1376 499 1374 499 1371 499 1354 513 1354 516 1204 516 1202 516 1182 499 1179 499 1177 499 1060 499 1057 499 1054 499 1052 499 1032 516 1029 518 905 518 899 516 860 499 857 499 855 499 766 516 757 516 749 516 685 499 682 499 680 499 677 499 644 510 646 557"/></Shape>
	    <String CONTENT="Mais la révolution, on l&#x27;a ve plus haut, compromit beusquementun"
                    HPOS="644"
                    VPOS="493"
                    WIDTH="2023"
                    HEIGHT="98"
                    WC="0.9888395247980952"></String>
          </TextLine>
          <TextLine ID="eSc_line_327a2503"
                    TAGREFS="LT31"
                    BASELINE="610 632 749 621 2692 613" 
                    HPOS="607"
                    VPOS="560"
                    WIDTH="2085"
                    HEIGHT="100">
            <Shape><Polygon POINTS="610 632 610 657 899 643 988 657 1013 660 1016 660 1018 660 1027 657 1063 643 1163 657 1199 660 1202 660 1243 657 1374 641 1432 654 1440 657 1443 657 1446 660 1790 660 1790 657 1793 657 1796 657 1798 654 1818 641 2095 652 2162 654 2165 654 2220 652 2498 635 2687 649 2692 613 2687 577 2548 560 2545 560 2542 560 2504 574 2395 560 2393 560 2390 560 2354 574 2345 579 2001 579 1987 574 1951 563 1948 563 1946 563 1848 574 1787 579 1776 574 1765 566 1762 566 1760 566 1757 566 1754 566 1726 574 1698 579 1571 571 1449 566 1446 566 1443 566 1440 566 1432 571 1421 582 1235 582 1215 571 1204 566 1202 566 1199 566 1196 566 1177 571 1138 582 607 571 610 632"/></Shape>
	    <String CONTENT="situation si avantageuse. &lt;... ...  "
                    HPOS="607"
                    VPOS="560"
                    WIDTH="2085"
                    HEIGHT="100"
                    WC="0.9493514233165317"></String>
          </TextLine>
          <TextLine ID="eSc_line_d54cd30f"
                    TAGREFS="LT31"
                    BASELINE="610 702 2637 668" 
                    HPOS="607"
                    VPOS="618"
                    WIDTH="2030"
                    HEIGHT="109">
            <Shape><Polygon POINTS="610 702 610 727 2634 699 2637 668 2631 632 2473 618 2470 618 2401 632 1843 629 1840 629 1615 646 1116 641 1113 641 938 657 777 646 774 646 607 663 610 702"/></Shape>
	    <String CONTENT="&lt;...... ..... ... . ... ... ..&gt;"
                    HPOS="607"
                    VPOS="618"
                    WIDTH="2030"
                    HEIGHT="109"
                    WC="0.8284172146551071"></String>
          </TextLine>
          <TextLine ID="eSc_line_e229fd53"
                    TAGREFS="LT31"
                    BASELINE="613 763 2640 721" 
                    HPOS="610"
                    VPOS="679"
                    WIDTH="2030"
                    HEIGHT="106">
            <Shape><Polygon POINTS="613 763 613 785 1951 774 1954 774 1957 774 1957 771 1962 768 1973 757 2023 768 2048 771 2051 771 2054 771 2073 765 2120 754 2195 765 2229 768 2232 768 2281 763 2412 749 2637 757 2640 721 2631 679 610 727 613 763"/></Shape>
	    <String CONTENT="nie d&#x27;unne opposition purement politique et nationale, elle avait"
                    HPOS="610"
                    VPOS="679"
                    WIDTH="2030"
                    HEIGHT="106"
                    WC="0.9930907469529372"></String>
          </TextLine>
          <TextLine ID="eSc_line_5c0951e4"
                    TAGREFS="LT31"
                    BASELINE="610 835 2604 779" 
                    HPOS="607"
                    VPOS="743"
                    WIDTH="1997"
                    HEIGHT="117">
            <Shape><Polygon POINTS="610 835 610 860 2604 801 2604 779 2595 743 607 790 610 835"/></Shape>
	    <String CONTENT="aboute, sans que ses promoteurs l&#x27;ecissent voulu, a une ruptesse"
                    HPOS="607"
                    VPOS="743"
                    WIDTH="1997"
                    HEIGHT="117"
                    WC="0.9953859150409698"></String>
          </TextLine>
          <TextLine ID="eSc_line_a01333a3"
                    TAGREFS="LT31"
                    BASELINE="605 899 2170 854 2656 854" 
                    HPOS="602"
                    VPOS="793"
                    WIDTH="2054"
                    HEIGHT="139">
            <Shape><Polygon POINTS="605 899 605 932 1035 904 2656 876 2656 854 2648 793 2617 810 2406 813 2373 801 2362 799 2359 799 2356 799 2312 804 2226 815 2212 807 2207 801 2204 801 2201 801 2198 801 2195 801 2193 801 2184 807 2165 818 1962 815 1790 813 1787 813 1785 813 1760 821 1735 832 1521 835 1496 829 1451 821 1449 821 1446 821 1443 821 1426 832 1413 838 1324 835 1129 829 1127 829 1049 843 1021 849 1010 846 985 835 982 835 979 835 977 835 974 835 954 846 952 849 932 849 821 838 818 838 816 838 813 838 813 840 799 851 796 857 602 857 605 899"/></Shape>
	    <String CONTENT="complète avec la Holl ande. Aucune mesure n&#x27;avait été prise en"
                    HPOS="602"
                    VPOS="793"
                    WIDTH="2054"
                    HEIGHT="139"
                    WC="0.9897324952387041"></String>
          </TextLine>
          <TextLine ID="eSc_line_5dd78215"
                    TAGREFS="LT31"
                    BASELINE="602 962 2656 912" 
                    HPOS="599"
                    VPOS="868"
                    WIDTH="2057"
                    HEIGHT="119">
            <Shape><Polygon POINTS="602 962 602 987 2656 943 2656 912 2651 874 2195 868 2193 868 2190 868 2148 885 2145 885 2134 885 2032 876 2029 876 1968 888 1957 890 1948 890 1887 876 1884 876 1748 893 1729 896 1718 896 1657 882 1654 882 1651 882 1618 899 1612 899 1587 899 1421 888 1418 888 1193 907 1160 910 1149 910 1082 896 1079 896 941 912 924 915 910 915 818 901 816 901 599 921 602 962"/></Shape>
	    <String CONTENT="vue de cette iventualité. On ce trouvait jeté en pleine aventure"
                    HPOS="599"
                    VPOS="868"
                    WIDTH="2057"
                    HEIGHT="119"
                    WC="0.993956919759512"></String>
          </TextLine>
          <TextLine ID="eSc_line_0e09633f"
                    TAGREFS="LT31"
                    BASELINE="602 1037 2648 982" 
                    HPOS="599"
                    VPOS="940"
                    WIDTH="2049"
                    HEIGHT="122">
            <Shape><Polygon POINTS="602 1037 602 1062 2648 1007 2648 982 2640 940 599 990 602 1037"/></Shape>
	    <String CONTENT="et le roi Guillaume n&#x27;avait pas tort de s&#x27;attendre à voir la Bel¬"
                    HPOS="599"
                    VPOS="940"
                    WIDTH="2049"
                    HEIGHT="122"
                    WC="0.9933554322430582"></String>
          </TextLine>
          <TextLine ID="eSc_line_ac857ff2"
                    TAGREFS="LT31"
                    BASELINE="602 1112 2640 1051" 
                    HPOS="599"
                    VPOS="1001"
                    WIDTH="2041"
                    HEIGHT="147">
            <Shape><Polygon POINTS="602 1112 602 1148 877 1126 918 1140 921 1140 924 1140 1013 1137 1135 1132 1138 1132 1140 1132 1160 1118 1179 1132 1182 1132 1185 1132 1188 1132 1265 1118 1415 1126 1432 1126 1435 1126 1438 1126 1440 1126 1474 1110 1579 1121 1582 1121 1585 1121 1587 1121 1671 1101 1748 1115 1751 1115 1918 1096 1979 1107 1982 1107 1984 1107 1987 1107 2018 1087 2173 1085 2229 1101 2232 1101 2234 1101 2237 1101 2298 1082 2404 1096 2406 1096 2409 1096 2412 1096 2431 1076 2545 1073 2637 1090 2640 1051 2634 1015 2579 1001 2576 1001 2448 1018 2445 1018 2442 1018 2268 1010 2265 1010 2023 1029 1984 1032 1962 1032 1829 1023 1826 1023 1823 1023 1821 1023 1804 1035 1801 1037 1787 1035 1723 1026 1721 1026 1637 1040 1612 1043 1571 1040 1443 1035 1440 1035 1438 1035 1435 1035 1435 1037 1426 1046 1421 1048 1410 1046 1371 1037 1368 1037 599 1065 602 1112"/></Shape>
	    <String CONTENT="gique, incopable de subsister par elle même, vinir à récipisence"
                    HPOS="599"
                    VPOS="1001"
                    WIDTH="2041"
                    HEIGHT="147"
                    WC="0.9803727984428405"></String>
          </TextLine>
          <TextLine ID="eSc_line_d2593d94"
                    TAGREFS="LT31"
                    BASELINE="602 1184 1482 1162 2162 1129 2653 1121" 
                    HPOS="599"
                    VPOS="1085"
                    WIDTH="2054"
                    HEIGHT="130">
            <Shape><Polygon POINTS="602 1184 602 1215 868 1196 1082 1201 1113 1201 1116 1201 1118 1201 1121 1201 1143 1187 1190 1198 1199 1198 1202 1198 2107 1171 2132 1168 2287 1151 2651 1151 2653 1121 2648 1085 2118 1085 2115 1085 2048 1098 2015 1104 1990 1098 1954 1090 1951 1090 1948 1090 1946 1090 1943 1090 1932 1101 1923 1107 1907 1101 1887 1096 1884 1096 1882 1096 1779 1104 1657 1115 1621 1110 1585 1101 1582 1101 1579 1101 1557 1110 1537 1118 1518 1110 1499 1104 1496 1104 1493 1104 1490 1104 1471 1112 1446 1123 946 1137 888 1126 868 1123 866 1123 863 1123 855 1126 830 1140 710 1132 707 1132 705 1132 702 1132 699 1132 680 1146 599 1134 602 1184"/></Shape>
	    <String CONTENT="et se reploer sous son pouvoir. &lt;. ......... ... .. ......&gt;"
                    HPOS="599"
                    VPOS="1085"
                    WIDTH="2054"
                    HEIGHT="130"
                    WC="0.9289692973686476"></String>
          </TextLine>
          <TextLine ID="eSc_line_32aeec21"
                    TAGREFS="LT31"
                    BASELINE="591 1254 2215 1198 2656 1193" 
                    HPOS="588"
                    VPOS="1146"
                    WIDTH="2068"
                    HEIGHT="133">
            <Shape><Polygon POINTS="591 1254 591 1279 1182 1279 1182 1276 1479 1257 1640 1245 1698 1251 1762 1257 1765 1257 1837 1248 1948 1232 2004 1243 2032 1248 2034 1248 2037 1248 2051 1243 2073 1232 2237 1237 2259 1237 2262 1237 2279 1237 2484 1215 2517 1232 2520 1232 2523 1232 2526 1232 2656 1226 2656 1193 2651 1151 2362 1146 2359 1146 2281 1162 2273 1162 2240 1162 1943 1159 1940 1159 1937 1159 1934 1159 1934 1162 1921 1173 1909 1173 1773 1165 1771 1165 1768 1165 1765 1165 1765 1168 1751 1179 1748 1179 1687 1168 1685 1168 1682 1168 1679 1168 1679 1171 1665 1182 1646 1182 1429 1176 1426 1176 1349 1193 1338 1193 1318 1193 1174 1184 1171 1184 1096 1201 1085 1201 1079 1201 1024 1190 1021 1190 1018 1190 1016 1190 996 1204 993 1204 966 1204 749 1198 746 1198 588 1215 591 1254"/></Shape>
	    <String CONTENT="&lt;... &lt;... .. . .... ....   .&gt;"
                    HPOS="588"
                    VPOS="1146"
                    WIDTH="2068"
                    HEIGHT="133"
                    WC="0.8553062615723446"></String>
          </TextLine>
          <TextLine ID="eSc_line_b52390fc"
                    TAGREFS="LT31"
                    BASELINE="596 1320 2565 1245" 
                    HPOS="594"
                    VPOS="1198"
                    WIDTH="1971"
                    HEIGHT="145">
            <Shape><Polygon POINTS="596 1320 596 1343 2201 1295 2565 1268 2565 1245 2559 1212 2490 1198 2487 1198 2484 1198 2481 1198 2459 1212 2420 1201 2418 1201 2415 1201 1976 1234 957 1257 594 1284 596 1320"/></Shape>
	    <String CONTENT="&lt;.. . ...  ....&gt; Tue"
                    HPOS="594"
                    VPOS="1198"
                    WIDTH="1971"
                    HEIGHT="145"
                    WC="0.8868330508470536"></String>
          </TextLine>
          <TextLine ID="eSc_line_3f8252bc"
                    TAGREFS="LT31"
                    BASELINE="596 1379 1771 1332 2662 1312" 
                    HPOS="594"
                    VPOS="1262"
                    WIDTH="2068"
                    HEIGHT="147">
            <Shape><Polygon POINTS="596 1379 596 1409 871 1387 977 1395 1007 1398 1010 1398 1066 1393 1196 1379 1285 1384 1332 1387 1335 1387 1365 1381 1435 1368 1476 1379 1496 1381 1499 1381 1501 1381 1535 1376 1601 1362 1879 1362 2084 1362 2087 1362 2132 1354 2182 1340 2662 1332 2662 1312 2653 1262 594 1337 596 1379"/></Shape>
	    <String CONTENT="semblait &lt;.p&gt; en effet, conspirer contre elle : l&#x27;exiginité il son herritoire"
                    HPOS="594"
                    VPOS="1262"
                    WIDTH="2068"
                    HEIGHT="147"
                    WC="0.9807938848223005"></String>
          </TextLine>
          <TextLine ID="eSc_line_5c99aba7"
                    TAGREFS="LT31"
                    BASELINE="596 1437 2634 1368" 
                    HPOS="594"
                    VPOS="1323"
                    WIDTH="2040"
                    HEIGHT="142">
            <Shape><Polygon POINTS="596 1437 596 1465 2634 1393 2634 1368 2628 1334 2467 1323 2465 1323 2306 1343 2301 1343 2293 1343 1904 1343 1901 1343 1898 1343 1896 1343 1896 1345 1893 1345 1884 1356 1876 1356 1654 1351 1651 1351 594 1398 596 1437"/></Shape>
	    <String CONTENT="les barrières domanières qui l&#x27;entouraient mainbinant, des toutes"
                    HPOS="594"
                    VPOS="1323"
                    WIDTH="2040"
                    HEIGHT="142"
                    WC="0.9857188362341661"></String>
          </TextLine>
          <TextLine ID="eSc_line_7242e3a5"
                    TAGREFS="LT31"
                    BASELINE="594 1501 1413 1462 2640 1423" 
                    HPOS="591"
                    VPOS="1384"
                    WIDTH="2049"
                    HEIGHT="145">
            <Shape><Polygon POINTS="594 1501 594 1529 2640 1454 2640 1423 2631 1384 805 1437 591 1456 594 1501"/></Shape>
	    <String CONTENT="parts, la denrité de la population, l&#x27;existence d&#x27;une industrie béaucoup"
                    HPOS="591"
                    VPOS="1384"
                    WIDTH="2049"
                    HEIGHT="145"
                    WC="0.9957751366827223"></String>
          </TextLine>
          <TextLine ID="eSc_line_612ea0d2"
                    TAGREFS="LT31"
                    BASELINE="594 1562 2104 1498 2642 1490" 
                    HPOS="591"
                    VPOS="1445"
                    WIDTH="2051"
                    HEIGHT="142">
            <Shape><Polygon POINTS="594 1562 594 1587 1074 1578 1077 1578 1079 1578 1091 1570 1107 1562 1177 1567 1227 1573 1229 1573 1232 1573 1235 1573 1235 1570 1240 1567 1249 1559 1329 1565 1368 1565 1371 1565 1407 1562 1521 1545 1604 1554 1637 1556 1640 1556 1643 1556 1646 1556 1649 1554 1668 1537 1801 1534 1946 1542 1968 1542 1971 1542 1993 1540 2159 1520 2640 1520 2642 1490 2634 1445 591 1523 594 1562"/></Shape>
	    <String CONTENT="trop développée pour que le marché natiomel put lui suffire, &lt;....&gt;"
                    HPOS="591"
                    VPOS="1445"
                    WIDTH="2051"
                    HEIGHT="142"
                    WC="0.9803596948509785"></String>
          </TextLine>
          <TextLine ID="eSc_line_4692d354"
                    TAGREFS="LT31"
                    BASELINE="585 1628 1562 1578 2634 1545" 
                    HPOS="582"
                    VPOS="1506"
                    WIDTH="2052"
                    HEIGHT="142">
            <Shape><Polygon POINTS="585 1628 585 1648 2634 1573 2634 1545 2628 1506 1768 1526 1679 1542 1674 1542 1668 1542 1607 1531 1604 1531 582 1584 585 1628"/></Shape>
	    <String CONTENT="&lt;......&gt; l&#x27;absence d&#x27;une flotte de commerce et de colonies et pas sur¬"
                    HPOS="582"
                    VPOS="1506"
                    WIDTH="2052"
                    HEIGHT="142"
                    WC="0.9843015892165048"></String>
          </TextLine>
          <TextLine ID="eSc_line_c89ca86d"
                    TAGREFS="LT31"
                    BASELINE="588 1687 1549 1642 2651 1612" 
                    HPOS="585"
                    VPOS="1562"
                    WIDTH="2066"
                    HEIGHT="147">
            <Shape><Polygon POINTS="588 1687 588 1709 2648 1637 2651 1612 2642 1562 585 1645 588 1687"/></Shape>
	    <String CONTENT="croit un gouvernement inexpérimenté, sans ressources, et surtout s eus"
                    HPOS="585"
                    VPOS="1562"
                    WIDTH="2066"
                    HEIGHT="147"
                    WC="0.9979382974760873"></String>
          </TextLine>
          <TextLine ID="eSc_line_d8359248"
                    TAGREFS="LT31"
                    BASELINE="591 1751 2615 1678" 
                    HPOS="588"
                    VPOS="1628"
                    WIDTH="2027"
                    HEIGHT="156">
            <Shape><Polygon POINTS="591 1751 591 1784 1218 1748 1388 1751 1501 1753 1504 1753 1679 1739 1779 1731 1796 1734 1829 1742 1832 1742 1835 1742 1932 1728 1990 1720 2004 1726 2023 1734 2026 1734 2029 1734 2312 1712 2398 1706 2409 1709 2454 1720 2456 1720 2459 1720 2615 1698 2615 1678 2609 1642 2487 1628 2484 1628 2481 1628 2445 1648 2326 1648 2306 1634 2304 1634 2301 1634 2298 1634 2145 1656 2143 1656 2109 1642 2107 1642 2104 1642 1993 1662 1990 1662 1987 1662 1915 1648 1912 1648 1754 1670 1746 1670 1726 1670 1307 1670 1304 1670 1199 1689 1193 1689 1190 1689 1138 1676 1135 1676 1132 1676 1007 1681 1004 1681 1002 1681 977 1698 971 1698 943 1698 738 1692 735 1692 588 1709 591 1751"/></Shape>
	    <String CONTENT="prestige au dehors. &lt;... .. . ...... .. .. ....&gt;"
                    HPOS="588"
                    VPOS="1628"
                    WIDTH="2027"
                    HEIGHT="156"
                    WC="0.9070344964663187"></String>
          </TextLine>
          <TextLine ID="eSc_line_a542fbcc"
                    TAGREFS="LT31"
                    BASELINE="580 1812 2637 1739" 
                    HPOS="577"
                    VPOS="1698"
                    WIDTH="2060"
                    HEIGHT="141">
            <Shape><Polygon POINTS="580 1812 580 1839 1296 1806 1482 1812 1524 1812 1526 1812 1557 1809 1696 1792 1821 1800 1840 1800 1843 1800 1854 1800 1929 1784 1984 1795 1990 1795 1993 1795 2001 1795 2090 1778 2218 1787 2223 1787 2226 1787 2229 1787 2232 1787 2251 1773 2384 1781 2387 1781 2390 1781 2393 1781 2395 1781 2395 1778 2409 1767 2631 1773 2637 1739 2628 1698 577 1773 580 1812"/></Shape>
	    <String CONTENT="&lt;..&gt; Rien d&#x27;étonnant là la monde des affaires n&#x27;avait auceme confi¬"
                    HPOS="577"
                    VPOS="1698"
                    WIDTH="2060"
                    HEIGHT="141"
                    WC="0.9763541524089984"></String>
          </TextLine>
          <TextLine ID="eSc_line_3973c13e"
                    TAGREFS="LT31"
                    BASELINE="580 1881 2595 1800" 
                    HPOS="577"
                    VPOS="1753"
                    WIDTH="2018"
                    HEIGHT="158">
            <Shape><Polygon POINTS="580 1881 580 1911 1624 1859 1815 1864 1826 1864 1829 1864 1835 1864 1909 1848 1965 1859 1968 1859 1971 1859 1973 1859 2004 1842 2595 1834 2595 1800 2590 1753 577 1839 580 1881"/></Shape>
	    <String CONTENT="avee dans l&#x27;avenir &lt;.... .... .... . ... . ...&gt;"
                    HPOS="577"
                    VPOS="1753"
                    WIDTH="2018"
                    HEIGHT="158"
                    WC="0.9382563271421067"></String>
          </TextLine>
          <TextLine ID="eSc_line_1ad72df1"
                    TAGREFS="LT31"
                    BASELINE="574 1934 2595 1859" 
                    HPOS="571"
                    VPOS="1814"
                    WIDTH="2024"
                    HEIGHT="164">
            <Shape><Polygon POINTS="574 1934 574 1964 646 1978 649 1978 905 1953 996 1945 1016 1950 1057 1961 1060 1961 1063 1961 1066 1961 1099 1945 1102 1945 1104 1945 1138 1959 1140 1959 1143 1959 1457 1948 1460 1948 1463 1948 1479 1931 1488 1925 1499 1931 1532 1945 1535 1945 1537 1945 1540 1945 1543 1945 1562 1928 1571 1923 1787 1911 1810 1920 1843 1934 1846 1934 1848 1934 1851 1934 1890 1917 1909 1909 1932 1914 1959 1923 1962 1923 1965 1923 2018 1911 2076 1900 2148 1906 2226 1914 2229 1914 2232 1914 2276 1903 2318 1892 2595 1892 2595 1859 2587 1814 571 1892 574 1934"/></Shape>
	    <String CONTENT="&lt;..... ... ...... ... .. ..... .. ...&gt;"
                    HPOS="571"
                    VPOS="1814"
                    WIDTH="2024"
                    HEIGHT="164"
                    WC="0.8211539073994285"></String>
          </TextLine>
          <TextLine ID="eSc_line_8ab571cb"
                    TAGREFS="LT34"
                    BASELINE="1149 1947 1352 1926" 
                    HPOS="1149"
                    VPOS="1926"
                    WIDTH="203"
                    HEIGHT="21">
	    <String CONTENT=""
                    HPOS="1149"
                    VPOS="1926"
                    WIDTH="203"
                    HEIGHT="21"></String>
          </TextLine>
          <TextLine ID="eSc_line_12e2097c"
                    TAGREFS="LT31"
                    BASELINE="577 2006 2620 1920" 
                    HPOS="571"
                    VPOS="1870"
                    WIDTH="2049"
                    HEIGHT="169">
            <Shape><Polygon POINTS="577 2006 577 2039 660 2022 691 2034 694 2034 696 2034 699 2034 741 2020 893 2025 896 2025 899 2025 902 2025 921 2011 1154 2014 1168 2014 1171 2014 1174 2014 1177 2014 1238 1998 1296 2009 1299 2009 1302 2009 1318 2009 1568 1981 2620 1950 2620 1920 2617 1884 2551 1870 2548 1870 1890 1911 1696 1906 1693 1906 1690 1906 1626 1925 924 1939 921 1939 918 1939 899 1953 774 1945 771 1945 571 1967 577 2006"/></Shape>
	    <String CONTENT="&lt;... ... .....&gt; l&#x27;independance dévait conduire le pays à la ruine"
                    HPOS="571"
                    VPOS="1870"
                    WIDTH="2049"
                    HEIGHT="169"
                    WC="0.9302604938998367"></String>
          </TextLine>
          <TextLine ID="eSc_line_840ba48e"
                    TAGREFS="LT31"
                    BASELINE="558 2070 1282 2031 2581 1992" 
                    HPOS="555"
                    VPOS="1956"
                    WIDTH="2026"
                    HEIGHT="141">
            <Shape><Polygon POINTS="558 2070 558 2097 1496 2050 1637 2061 1649 2061 1651 2061 1660 2061 1740 2045 1798 2056 1801 2056 1804 2056 1840 2056 2354 2022 2579 2028 2581 1992 2573 1956 2029 1959 1879 1978 1871 1978 1860 1978 1643 1973 1640 1973 1562 1989 1557 1989 1540 1989 1332 1984 1329 1984 555 2022 558 2070"/></Shape>
	    <String CONTENT="&lt;..... ... ... ... ...  ...&gt;"
                    HPOS="555"
                    VPOS="1956"
                    WIDTH="2026"
                    HEIGHT="141"
                    WC="0.8623988436801093"></String>
          </TextLine>
          <TextLine ID="eSc_line_50a4131b"
                    TAGREFS="LT31"
                    BASELINE="560 2133 2587 2053" 
                    HPOS="558"
                    VPOS="2011"
                    WIDTH="2029"
                    HEIGHT="159">
            <Shape><Polygon POINTS="560 2133 560 2170 2587 2078 2587 2053 2581 2011 1532 2059 1501 2059 1410 2050 1407 2050 1340 2064 1324 2067 1265 2067 1002 2067 999 2067 913 2084 905 2084 896 2084 780 2075 777 2075 558 2097 560 2133"/></Shape>
	    <String CONTENT="&lt;. . .....  ... ... .. . .......&gt;"
                    HPOS="558"
                    VPOS="2011"
                    WIDTH="2029"
                    HEIGHT="159"
                    WC="0.8659799622766899"></String>
          </TextLine>
          <TextLine ID="eSc_line_15062c62"
                    TAGREFS="LT31"
                    BASELINE="552 2195 2626 2125" 
                    HPOS="549"
                    VPOS="2089"
                    WIDTH="2077"
                    HEIGHT="133">
            <Shape><Polygon POINTS="552 2195 552 2222 2626 2158 2626 2125 2617 2089 1787 2103 1715 2117 1701 2120 1637 2120 1321 2120 1318 2120 1315 2120 1288 2133 1285 2133 1277 2133 1213 2122 1210 2122 1132 2136 1118 2139 1107 2139 1041 2128 1038 2128 968 2142 954 2145 932 2145 810 2136 807 2136 549 2156 552 2195"/></Shape>
	    <String CONTENT="&lt;. ... ... ... .. ...&gt;"
                    HPOS="549"
                    VPOS="2089"
                    WIDTH="2077"
                    HEIGHT="133"
                    WC="0.8654661774635315"></String>
          </TextLine>
          <TextLine ID="eSc_line_01d92d59"
                    TAGREFS="LT31"
                    BASELINE="552 2258 2592 2183" 
                    HPOS="549"
                    VPOS="2150"
                    WIDTH="2043"
                    HEIGHT="144">
            <Shape><Polygon POINTS="552 2258 552 2294 1007 2267 1132 2275 1146 2275 1149 2275 1157 2275 1238 2258 1429 2264 1443 2264 1446 2264 1457 2264 1612 2244 1957 2244 1959 2244 1962 2244 2007 2231 2276 2233 2284 2233 2287 2233 2290 2233 2293 2233 2293 2231 2306 2217 2517 2211 2590 2222 2592 2183 2584 2150 549 2217 552 2258"/></Shape>
	    <String CONTENT="&lt;........ &lt;...... . . &gt;"
                    HPOS="549"
                    VPOS="2150"
                    WIDTH="2043"
                    HEIGHT="144"
                    WC="0.9062379002571106"></String>
          </TextLine>
          <TextLine ID="eSc_line_273b3bff"
                    TAGREFS="LT31"
                    BASELINE="552 2322 2612 2250" 
                    HPOS="549"
                    VPOS="2211"
                    WIDTH="2063"
                    HEIGHT="147">
            <Shape><Polygon POINTS="552 2322 552 2350 785 2358 788 2358 791 2358 793 2358 813 2344 1096 2347 1099 2347 1227 2331 1263 2325 1279 2328 1332 2339 1335 2339 1338 2339 1340 2339 1363 2325 1368 2322 1376 2325 1410 2336 1413 2336 1415 2336 1543 2319 1590 2314 1654 2317 1815 2322 1818 2322 1929 2306 1984 2300 2026 2303 2107 2311 2109 2311 2112 2311 2115 2311 2129 2300 2137 2294 2162 2300 2212 2308 2215 2308 2301 2294 2343 2289 2373 2292 2431 2300 2434 2300 2437 2300 2440 2300 2440 2297 2448 2289 2456 2283 2609 2283 2612 2250 2604 2211 549 2286 552 2322"/></Shape>
	    <String CONTENT="&lt;.... .....&gt; La propagende orangiste et la propagande franco"
                    HPOS="549"
                    VPOS="2211"
                    WIDTH="2063"
                    HEIGHT="147"
                    WC="0.9629684815804164"></String>
          </TextLine>
          <TextLine ID="eSc_line_9200c70c"
                    TAGREFS="LT31"
                    BASELINE="558 2392 1790 2342 2551 2322" 
                    HPOS="555"
                    VPOS="2269"
                    WIDTH="1996"
                    HEIGHT="159">
            <Shape><Polygon POINTS="558 2392 558 2428 749 2408 1102 2408 1149 2408 1152 2408 1154 2408 1157 2408 1199 2392 1229 2405 1232 2405 1235 2405 1238 2405 1604 2392 1607 2392 1610 2392 1629 2375 1690 2389 1698 2389 1701 2389 1704 2389 1712 2386 1779 2367 1973 2364 1998 2378 2001 2378 2004 2378 2007 2378 2026 2375 2162 2355 2548 2355 2551 2322 2542 2269 555 2342 558 2392"/></Shape>
	    <String CONTENT="phèle ne durèrent si lngtemps que pusgrèce à l&#x27;appui des capitalistes"
                    HPOS="555"
                    VPOS="2269"
                    WIDTH="1996"
                    HEIGHT="159"
                    WC="0.970868638583592"></String>
          </TextLine>
          <TextLine ID="eSc_line_00b407c6"
                    TAGREFS="LT31"
                    BASELINE="555 2453 1782 2417 2581 2378" 
                    HPOS="552"
                    VPOS="2339"
                    WIDTH="2029"
                    HEIGHT="144">
            <Shape><Polygon POINTS="555 2453 555 2483 749 2469 766 2478 782 2483 785 2483 788 2483 791 2483 793 2483 793 2480 802 2475 810 2464 946 2461 1007 2466 1104 2478 1107 2478 1357 2453 1410 2450 1435 2450 1579 2461 1582 2461 1660 2442 1668 2442 1671 2442 1735 2455 1737 2455 1823 2436 1840 2433 1860 2433 1973 2447 1976 2447 1979 2447 2046 2428 2068 2422 2093 2425 2176 2439 2179 2439 2182 2439 2226 2422 2273 2430 2276 2430 2279 2430 2281 2430 2295 2417 2298 2417 2301 2417 2323 2433 2326 2433 2329 2433 2331 2433 2426 2414 2451 2408 2581 2408 2581 2378 2573 2339 552 2414 555 2453"/></Shape>
	    <String CONTENT="dont les uns ne royaient de selut que dans un retous plus au mirus"
                    HPOS="552"
                    VPOS="2339"
                    WIDTH="2029"
                    HEIGHT="144"
                    WC="0.9950889376076785"></String>
          </TextLine>
          <TextLine ID="eSc_line_9feb0033"
                    TAGREFS="LT31"
                    BASELINE="552 2516 2026 2475 2584 2436" 
                    HPOS="549"
                    VPOS="2400"
                    WIDTH="2035"
                    HEIGHT="153">
            <Shape><Polygon POINTS="552 2516 552 2539 680 2553 682 2553 685 2553 688 2553 716 2533 721 2533 746 2533 963 2544 966 2544 968 2544 971 2544 996 2525 999 2525 1002 2525 1121 2539 1124 2539 1296 2519 1413 2528 1415 2528 1499 2508 1526 2525 1529 2525 1532 2525 1535 2525 1748 2505 1959 2511 1962 2511 1965 2511 1968 2511 1987 2497 2043 2508 2046 2508 2137 2489 2190 2503 2193 2503 2195 2503 2198 2503 2279 2480 2584 2469 2584 2436 2576 2400 1451 2453 1393 2436 1390 2436 1388 2436 1382 2436 1285 2458 1243 2442 1240 2442 1238 2442 1232 2442 1054 2461 882 2453 871 2453 868 2453 860 2453 674 2478 549 2464 552 2516"/></Shape>
	    <String CONTENT="compl et a la Gollaide, les eutres dans une annexion plus ou moins"
                    HPOS="549"
                    VPOS="2400"
                    WIDTH="2035"
                    HEIGHT="153"
                    WC="0.973510557051861"></String>
          </TextLine>
          <TextLine ID="eSc_line_55f74d91"
                    TAGREFS="LT31"
                    BASELINE="549 2591 1185 2566" 
                    HPOS="546"
                    VPOS="2514"
                    WIDTH="639"
                    HEIGHT="111">
            <Shape><Polygon POINTS="549 2591 549 2622 671 2625 674 2625 677 2625 680 2625 685 2619 705 2605 744 2616 752 2619 755 2619 757 2619 760 2619 763 2619 763 2616 766 2616 777 2602 868 2614 899 2616 902 2616 905 2616 918 2611 971 2594 1182 2602 1185 2566 1177 2525 1066 2530 1060 2528 1038 2514 1035 2514 1032 2514 1029 2514 971 2516 968 2516 966 2516 966 2519 963 2519 952 2533 949 2536 946 2533 913 2522 910 2522 907 2522 830 2539 827 2539 824 2539 785 2525 782 2525 780 2525 685 2544 674 2547 666 2547 610 2530 607 2530 605 2530 602 2530 546 2547 549 2591"/></Shape>
	    <String CONTENT="déguisée à la France"
                    HPOS="546"
                    VPOS="2514"
                    WIDTH="639"
                    HEIGHT="111"
                    WC="0.988172519774664"></String>
          </TextLine>
          <TextLine ID="eSc_line_f2d1dd3b"
                    TAGREFS="LT31"
                    BASELINE="541 2669 816 2658 1715 2658 2548 2633" 
                    HPOS="538"
                    VPOS="2583"
                    WIDTH="2010"
                    HEIGHT="122">
            <Shape><Polygon POINTS="541 2669 541 2688 691 2702 694 2702 696 2702 724 2688 732 2683 971 2683 993 2686 1085 2705 1088 2705 1091 2705 1154 2686 1165 2683 1254 2686 1624 2697 1626 2697 1715 2683 1729 2680 1737 2680 1779 2694 1782 2694 1785 2694 2007 2691 2009 2691 2037 2680 2057 2669 2193 2664 2251 2677 2262 2680 2265 2680 2268 2680 2270 2680 2281 2677 2331 2666 2409 2675 2412 2675 2415 2675 2418 2675 2434 2661 2542 2675 2548 2633 2542 2600 2379 2583 2376 2583 2373 2583 2309 2600 2306 2600 2301 2600 2190 2589 2187 2589 2184 2589 2182 2589 2165 2602 2162 2602 2118 2602 1821 2591 1818 2591 1687 2605 1629 2611 1579 2605 1482 2597 1479 2597 1476 2597 1474 2597 1457 2608 1446 2614 1388 2608 1307 2600 1304 2600 1302 2600 1282 2608 1265 2616 538 2616 541 2669"/></Shape>
	    <String CONTENT="En décidant et en prenant à sa charge l&#x27;établisyement des chrmins"
                    HPOS="538"
                    VPOS="2583"
                    WIDTH="2010"
                    HEIGHT="122"
                    WC="0.9856498756191947"></String>
          </TextLine>
          <TextLine ID="eSc_line_7c3d5373"
                    TAGREFS="LT31"
                    BASELINE="538 2738 818 2727 1665 2727 2551 2700" 
                    HPOS="535"
                    VPOS="2652"
                    WIDTH="2016"
                    HEIGHT="125">
            <Shape><Polygon POINTS="538 2738 538 2758 627 2777 630 2777 632 2777 688 2758 696 2752 866 2752 871 2755 896 2772 899 2772 902 2772 905 2775 982 2775 982 2772 985 2772 988 2772 1007 2755 1143 2761 1146 2761 1149 2761 1152 2761 1165 2752 1171 2747 1193 2750 1263 2766 1265 2766 1879 2752 1957 2741 2021 2733 2054 2741 2082 2747 2084 2747 2087 2747 2090 2747 2093 2747 2104 2738 2123 2727 2345 2727 2370 2736 2398 2747 2401 2747 2404 2747 2406 2747 2445 2736 2476 2727 2548 2733 2551 2700 2548 2672 2487 2652 2484 2652 2481 2652 2479 2652 2476 2652 2459 2666 2218 2658 2215 2658 2134 2675 2112 2677 2101 2675 2076 2664 2073 2664 2070 2664 2068 2664 2040 2675 2032 2680 1796 2680 1790 2675 1779 2666 1776 2666 1773 2666 1771 2666 1768 2666 1765 2666 1754 2677 1746 2683 1596 2677 1510 2675 1507 2675 1460 2677 1318 2691 1221 2680 1193 2677 1190 2677 1188 2677 1182 2680 1154 2694 1052 2680 1018 2677 1016 2677 843 2680 841 2680 832 2683 793 2697 771 2683 768 2683 766 2683 763 2683 535 2683 538 2738"/></Shape>
	    <String CONTENT="de fes l&#x27;Etat frouva le vrai moyen de &lt;.....&gt; la crire. L&#x27;ampli¬"
                    HPOS="535"
                    VPOS="2652"
                    WIDTH="2016"
                    HEIGHT="125"
                    WC="0.9555625934153795"></String>
          </TextLine>
          <TextLine ID="eSc_line_e0dcd92d"
                    TAGREFS="LT34"
                    BASELINE="1800 2689 2034 2685" 
                    HPOS="1800"
                    VPOS="2685"
                    WIDTH="234"
                    HEIGHT="4">
	    <String CONTENT=""
                    HPOS="1800"
                    VPOS="2685"
                    WIDTH="234"
                    HEIGHT="4"></String>
          </TextLine>
          <TextLine ID="eSc_line_9a6f8a7f"
                    TAGREFS="LT31"
                    BASELINE="544 2799 1367 2800 1367 2800 2579 2769" 
                    HPOS="541"
                    VPOS="2719"
                    WIDTH="2038"
                    HEIGHT="105">
            <Shape><Polygon POINTS="544 2824 2579 2799 2579 2769 2573 2730 2481 2719 2479 2719 2356 2733 2320 2736 2306 2733 2262 2722 2259 2722 2256 2722 2254 2722 2215 2736 2201 2738 2168 2736 2090 2727 2087 2727 1909 2738 1873 2741 1871 2741 1840 2727 1837 2727 1835 2727 1832 2727 1793 2741 1782 2744 1768 2741 1723 2733 1721 2733 1351 2750 1246 2752 1235 2750 1193 2738 1190 2738 1188 2738 930 2741 927 2741 924 2741 907 2755 905 2758 882 2755 757 2744 755 2744 752 2744 721 2758 716 2763 541 2763 544 2799"/></Shape>
	    <String CONTENT="tude de &lt;............&gt; stimula à point nommé l&#x27;actiite"
                    HPOS="541"
                    VPOS="2719"
                    WIDTH="2038"
                    HEIGHT="105"
                    WC="0.9581642769001149"></String>
          </TextLine>
          <TextLine ID="eSc_line_6b21c0e0"
                    TAGREFS="LT34"
                    BASELINE="919 2766 1182 2769" 
                    HPOS="919"
                    VPOS="2766"
                    WIDTH="263"
                    HEIGHT="3">
	    <String CONTENT=""
                    HPOS="919"
                    VPOS="2766"
                    WIDTH="263"
                    HEIGHT="3"></String>
          </TextLine>
          <TextLine ID="eSc_line_b10e7e37"
                    TAGREFS="LT31"
                    BASELINE="527 2874 2556 2833" 
                    HPOS="524"
                    VPOS="2788"
                    WIDTH="2032"
                    HEIGHT="109">
            <Shape><Polygon POINTS="527 2874 527 2897 2556 2858 2556 2833 2548 2788 1968 2808 1887 2797 1868 2797 1865 2797 1862 2797 1860 2797 1860 2799 1840 2811 1729 2799 1707 2799 1704 2799 1687 2802 1596 2816 1518 2805 1515 2805 1512 2805 1426 2819 1379 2805 1374 2805 1371 2805 1368 2805 1365 2805 1360 2808 1324 2822 1260 2808 1252 2808 1249 2808 1246 2808 1240 2808 1177 2824 949 2813 927 2813 924 2813 902 2813 652 2836 524 2822 527 2874"/></Shape>
	    <String CONTENT="lanquissonte de la métallurgie et des mines &lt;... .........&gt;"
                    HPOS="524"
                    VPOS="2788"
                    WIDTH="2032"
                    HEIGHT="109"
                    WC="0.9744245541297784"></String>
          </TextLine>
          <TextLine ID="eSc_line_b66c7cca"
                    TAGREFS="LT31"
                    BASELINE="541 2933 2598 2899" 
                    HPOS="538"
                    VPOS="2849"
                    WIDTH="2060"
                    HEIGHT="120">
            <Shape><Polygon POINTS="541 2933 546 2969 569 2955 835 2963 855 2963 857 2963 860 2963 863 2963 885 2949 1007 2960 1013 2960 1016 2960 1068 2960 2254 2927 2592 2935 2598 2899 2587 2849 2542 2863 2429 2852 2415 2852 2412 2852 2409 2852 2406 2852 2387 2869 2162 2869 2115 2861 2087 2855 2084 2855 2082 2855 2062 2861 2032 2872 1965 2863 1915 2858 1912 2858 1582 2872 1357 2883 1318 2880 1229 2869 1227 2869 1224 2869 1193 2883 1185 2888 1043 2888 1016 2886 896 2874 893 2874 538 2897 541 2933"/></Shape>
	    <String CONTENT="trasail ocupa les chômeurs, &lt;..... .....&gt;, éveilla l&#x27;esprit daspi¬"
                    HPOS="538"
                    VPOS="2849"
                    WIDTH="2060"
                    HEIGHT="120"
                    WC="0.9561195775414958"></String>
          </TextLine>
          <TextLine ID="eSc_line_1f0924fc"
                    TAGREFS="LT34"
                    BASELINE="423 2987 757 2970" 
                    HPOS="423"
                    VPOS="2970"
                    WIDTH="334"
                    HEIGHT="17">
	    <String CONTENT=""
                    HPOS="423"
                    VPOS="2970"
                    WIDTH="334"
                    HEIGHT="17"></String>
          </TextLine>
          <TextLine ID="eSc_line_fb3dd2ae"
                    TAGREFS="LT31"
                    BASELINE="530 3018 639 3006 1524 2988 2601 2960" 
                    HPOS="452"
                    VPOS="2913"
                    WIDTH="2149"
                    HEIGHT="125">
            <Shape><Polygon POINTS="455 3019 560 3038 563 3038 771 3016 777 3016 782 3016 885 3033 888 3033 1066 3010 1085 3010 1110 3010 1365 3024 1368 3024 1371 3024 1410 3008 1413 3005 1415 3008 1438 3021 1440 3021 1443 3021 1446 3024 1537 3024 1537 3021 2601 2988 2601 2960 2592 2919 2440 2927 2406 2919 2379 2913 2376 2913 2373 2913 2329 2922 2281 2930 2240 2922 2207 2916 2204 2916 2201 2916 2187 2922 2170 2933 1934 2935 1907 2927 1893 2922 1890 2922 1887 2922 1884 2922 1862 2927 1818 2938 1735 2930 1690 2924 1687 2924 1685 2924 1682 2924 1676 2930 1657 2944 1343 2947 1202 2935 1188 2935 1185 2935 1182 2935 1179 2935 1157 2949 1099 2935 1088 2935 1085 2935 1082 2935 1077 2938 1043 2952 966 2938 957 2938 954 2938 946 2938 868 2955 452 2947 455 2985"/></Shape>
	    <String CONTENT="L es et poruvreit un emploi aux capitaux, 2e p d s nantorabemen"
                    HPOS="452"
                    VPOS="2913"
                    WIDTH="2149"
                    HEIGHT="125"
                    WC="0.9243994553883871"></String>
          </TextLine>
          <TextLine ID="eSc_line_11fb66c9"
                    TAGREFS="LT31"
                    BASELINE="513 3074 2545 3038" 
                    HPOS="510"
                    VPOS="2988"
                    WIDTH="2035"
                    HEIGHT="120">
            <Shape><Polygon POINTS="513 3074 513 3096 721 3108 724 3108 727 3108 730 3108 744 3094 746 3091 888 3091 905 3094 977 3105 979 3105 982 3105 1021 3091 1032 3088 1057 3091 1132 3099 1135 3099 1227 3088 1254 3085 1260 3088 1288 3099 1290 3099 1293 3099 1371 3085 1396 3083 1410 3085 1443 3096 1446 3096 1449 3096 1582 3083 1649 3077 1687 3083 1757 3091 1760 3091 1946 3077 2093 3069 2540 3069 2545 3038 2542 3002 2517 2988 2515 2988 2512 2988 2509 2988 2506 2988 2484 3002 2387 2991 2384 2991 2259 3005 2170 2991 2168 2991 2165 2991 2162 2991 2143 3008 2123 2991 2120 2991 2118 2991 2115 2991 2112 2991 2065 3010 2059 3010 1932 2999 1929 2999 1926 2999 1923 2999 1901 3013 1898 3016 1765 3016 1701 3016 1657 3002 1654 3002 1651 3002 1512 3019 1451 3005 1449 3005 1446 3005 1443 3005 1440 3005 1440 3008 1424 3021 1357 3005 1354 3005 1351 3005 1252 3021 1160 3008 1157 3008 979 3030 954 3013 952 3013 949 3013 946 3013 860 3027 830 3013 827 3013 824 3013 821 3013 818 3013 799 3030 707 3016 705 3016 510 3038 513 3074"/></Shape>
	    <String CONTENT="&lt;... ....... ... Si elle favoréra dangereusement &lt;.. ..&gt;"
                    HPOS="510"
                    VPOS="2988"
                    WIDTH="2035"
                    HEIGHT="120"
                    WC="0.9427656701632908"></String>
          </TextLine>
          <TextLine ID="eSc_line_cb6d50e9"
                    TAGREFS="LT31"
                    BASELINE="530 3141 2294 3119 2295 3119 2551 3108" 
                    HPOS="527"
                    VPOS="3069"
                    WIDTH="2024"
                    HEIGHT="94">
            <Shape><Polygon POINTS="530 3163 2368 3149 2376 3149 2465 3132 2545 3146 2551 3108 2545 3071 1926 3069 1923 3069 1712 3085 1693 3085 1685 3085 1596 3074 1593 3074 1365 3091 1354 3091 1346 3091 1202 3080 1199 3080 1035 3096 1027 3096 1024 3096 902 3085 899 3085 896 3085 860 3099 857 3099 696 3088 694 3088 527 3105 530 3141"/></Shape>
	    <String CONTENT="&lt;.... .... ...&gt; la spéculation, &lt;. lle elle"
                    HPOS="527"
                    VPOS="3069"
                    WIDTH="2024"
                    HEIGHT="94"
                    WC="0.9314109059267266"></String>
          </TextLine>
          <TextLine ID="eSc_line_52c79440"
                    TAGREFS="LT31"
                    BASELINE="527 3207 746 3196 1727 3206 1728 3206 2559 3182" 
                    HPOS="524"
                    VPOS="3135"
                    WIDTH="2035"
                    HEIGHT="97">
            <Shape><Polygon POINTS="527 3230 1796 3232 1798 3232 1929 3216 1959 3210 2556 3207 2559 3182 2551 3135 1862 3152 1601 3149 1290 3144 1288 3144 1218 3155 1188 3157 1063 3157 635 3149 632 3149 524 3163 527 3207"/></Shape>
	    <String CONTENT="ritablit la confiance et grâce à elle le pays troversa saus encombre les"
                    HPOS="524"
                    VPOS="3135"
                    WIDTH="2035"
                    HEIGHT="97"
                    WC="0.9935396917878765"></String>
          </TextLine>
          <TextLine ID="eSc_line_637cc19a"
                    TAGREFS="LT31"
                    BASELINE="530 3263 1742 3282 1742 3282 2523 3268" 
                    HPOS="530"
                    VPOS="3213"
                    WIDTH="1993"
                    HEIGHT="97">
            <Shape><Polygon POINTS="530 3288 663 3288 699 3305 702 3305 705 3305 802 3288 805 3288 846 3305 849 3305 852 3307 938 3307 938 3305 941 3305 943 3305 968 3288 971 3288 1068 3288 1071 3288 1096 3305 1099 3305 1102 3305 1104 3305 1174 3288 1182 3288 1385 3288 1390 3288 1415 3302 1418 3302 1421 3305 1421 3302 1424 3302 1449 3288 1468 3305 1471 3305 1474 3305 1560 3307 1562 3310 1993 3310 1993 3307 1996 3307 2032 3293 2395 3307 2398 3307 2520 3291 2523 3268 2517 3216 2442 3230 2157 3216 2112 3216 2109 3216 2095 3216 2023 3230 2001 3219 1996 3216 1993 3216 1990 3216 1987 3216 1982 3219 1943 3232 1635 3232 1529 3221 1449 3213 1446 3213 1443 3213 1410 3221 1385 3227 1365 3221 1340 3213 1338 3213 1335 3213 1271 3221 1224 3227 1182 3221 1110 3213 1107 3213 1104 3213 1082 3221 1074 3227 1068 3221 1054 3213 1052 3213 1049 3213 1046 3213 1043 3213 1007 3224 991 3227 963 3224 893 3213 891 3213 530 3224 530 3263"/></Shape>
	    <String CONTENT="emies intiques qui précédèrent la signature des traités de 1839. La"
                    HPOS="530"
                    VPOS="3213"
                    WIDTH="1993"
                    HEIGHT="97"
                    WC="0.9891559962016433"></String>
          </TextLine>
        </TextBlock>
        <TextBlock HPOS="226"
                   VPOS="9"
                   WIDTH="243"
                   HEIGHT="182"
                   ID="a2deb39c-21e9-4568-bf30-3341a3fa4504"
                   TAGREFS="BT44">
          <Shape><Polygon POINTS="469 9 469 191 226 191 226 9"/></Shape>
        </TextBlock>
        <TextBlock ID="eSc_dummyblock_">
          <TextLine ID="eSc_line_1019c34b"
                    TAGREFS="LT31"
                    BASELINE="263 108 419 102" 
                    HPOS="260"
                    VPOS="66"
                    WIDTH="159"
                    HEIGHT="117">
            <Shape><Polygon POINTS="399 99 372 66 344 66 316 66 288 66 260 86 263 108 263 163 416 183 419 102 416 94 399 99"/></Shape>
	    <String CONTENT="132"
                    HPOS="260"
                    VPOS="66"
                    WIDTH="159"
                    HEIGHT="117"
                    WC="0.9999371767044067"></String>
          </TextLine>
        </TextBlock>
      </PrintSpace>
    </Page>
  </Layout>
</alto>
