<?xml version="1.0" encoding="UTF-8"?>
<alto xmlns:xsi="http://www.w3.org/2001/XMLSchema-instance"
      xmlns="http://www.loc.gov/standards/alto/ns-v4#"
      xsi:schemaLocation="http://www.loc.gov/standards/alto/ns-v4# http://www.loc.gov/standards/alto/v4/alto-4-2.xsd">
  <Description>
    <MeasurementUnit>pixel</MeasurementUnit>
    <sourceImageInformation>
      <fileName>ARCH-DIV-000496_0083.png</fileName>
    </sourceImageInformation>
  </Description>
  <Tags>
    <OtherTag ID="BT42" LABEL="MainZone" DESCRIPTION="block type MainZone"/><OtherTag ID="BT43" LABEL="MarginTextZone" DESCRIPTION="block type MarginTextZone"/><OtherTag ID="BT44" LABEL="NumberingZone" DESCRIPTION="block type NumberingZone"/><OtherTag ID="BT45" LABEL="TitlePageZone" DESCRIPTION="block type TitlePageZone"/><OtherTag ID="BT46" LABEL="CustomZone:Numbering" DESCRIPTION="block type CustomZone:Numbering"/><OtherTag ID="BT49" LABEL="MarginTextZone:lower" DESCRIPTION="block type MarginTextZone:lower"/>
    <OtherTag ID="LT25" LABEL="default" DESCRIPTION="line type default"/><OtherTag ID="LT31" LABEL="DefaultLine" DESCRIPTION="line type DefaultLine"/><OtherTag ID="LT32" LABEL="HeadingLine" DESCRIPTION="line type HeadingLine"/><OtherTag ID="LT33" LABEL="InterlinearLine:addition" DESCRIPTION="line type InterlinearLine:addition"/><OtherTag ID="LT34" LABEL="InterlinearLine:correction" DESCRIPTION="line type InterlinearLine:correction"/>
  </Tags>
  <Layout>
    <Page WIDTH="2790"
          HEIGHT="3356"
          PHYSICAL_IMG_NR="82"
          ID="eSc_dummypage_">
      <PrintSpace HPOS="0"
                  VPOS="0"
                  WIDTH="2790"
                  HEIGHT="3356">
        <TextBlock HPOS="507"
                   VPOS="4"
                   WIDTH="2203"
                   HEIGHT="3352"
                   ID="775b3215-17b1-42e7-91ed-df132a66c25e"
                   TAGREFS="BT42">
          <Shape><Polygon POINTS="2710 4 2710 3356 528 3353 507 4"/></Shape>
          <TextLine ID="eSc_line_28cc0b5f"
                    TAGREFS="LT31"
                    BASELINE="612 95 2624 103" 
                    HPOS="610"
                    VPOS="33"
                    WIDTH="2014"
                    HEIGHT="98">
            <Shape><Polygon POINTS="2596 50 2568 50 2540 50 2518 47 2504 58 2459 47 2456 47 2429 44 2401 44 2398 41 2353 58 2252 41 2241 41 2238 41 2227 41 2137 58 2118 44 2112 39 2109 39 2107 39 2017 39 2014 39 2012 39 2000 44 1967 58 1827 58 1813 44 1807 39 1804 39 1802 39 1799 39 1796 39 1771 44 1723 55 1679 44 1648 39 1645 39 1555 47 1449 55 1435 47 1424 36 1421 36 1418 36 1415 36 1413 36 1376 47 1348 58 1287 58 1270 47 1253 36 1250 36 1248 36 1245 36 1138 47 1099 53 1091 50 1071 33 1068 33 1066 33 1063 33 716 47 694 53 666 58 638 64 612 69 612 95 610 114 2619 131 2624 103 2622 50 2596 50"/></Shape>
	    <String CONTENT="la notion même de cette neutralité que la Conférence de Lon¬"
                    HPOS="610"
                    VPOS="33"
                    WIDTH="2014"
                    HEIGHT="98"
                    WC="0.9922410756349563"></String>
          </TextLine>
          <TextLine ID="eSc_line_7b0a1835"
                    TAGREFS="LT31"
                    BASELINE="610 178 940 165 2641 173" 
                    HPOS="610"
                    VPOS="111"
                    WIDTH="2031"
                    HEIGHT="95">
            <Shape><Polygon POINTS="610 178 610 201 1374 190 1418 204 1421 204 1424 204 1427 204 1443 204 1620 190 1810 204 1858 206 1860 206 1905 204 2054 192 2087 204 2095 206 2098 206 2101 206 2104 206 2115 204 2163 192 2636 204 2641 173 2638 134 2179 117 2177 117 2174 117 2171 117 2157 128 2143 137 2045 137 2003 125 1961 117 1958 117 1956 117 1953 117 1942 125 1922 137 1835 137 1737 134 1723 123 1715 114 1712 114 1709 114 1707 114 1704 114 1679 123 1651 131 1628 123 1611 114 1609 114 1606 114 1603 114 1589 120 1567 134 1415 134 1357 117 1334 114 1332 114 1329 114 1318 117 1284 134 976 134 951 114 948 114 945 114 943 114 937 114 808 128 610 111 610 178"/></Shape>
	    <String CONTENT="dres avait imposée et garantie eopay sans la définir. Toure"
                    HPOS="610"
                    VPOS="111"
                    WIDTH="2031"
                    HEIGHT="95"
                    WC="0.9764693243018652"></String>
          </TextLine>
          <TextLine ID="eSc_line_253c9f19"
                    TAGREFS="LT31"
                    BASELINE="601 251 948 237 2638 248" 
                    HPOS="601"
                    VPOS="181"
                    WIDTH="2037"
                    HEIGHT="101">
            <Shape><Polygon POINTS="601 251 601 274 805 262 898 276 909 276 912 276 976 276 1427 265 1525 276 1544 279 1547 282 2636 282 2638 248 2633 198 2191 206 2174 198 2163 190 2160 190 2157 190 2154 190 2151 190 2149 190 2140 198 2126 209 2048 209 1902 198 1726 187 1723 187 1662 198 1628 204 1592 198 1519 187 1516 187 1513 187 1474 198 1455 204 1379 198 1192 184 1189 184 1113 198 1096 201 1080 198 987 184 985 184 982 184 979 184 954 198 948 204 864 204 842 198 696 181 694 181 601 198 601 251"/></Shape>
	    <String CONTENT=" ..... ....&gt; Landis que la France ne la concinait que"
                    HPOS="601"
                    VPOS="181"
                    WIDTH="2037"
                    HEIGHT="101"
                    WC="0.9588374821644909"></String>
          </TextLine>
          <TextLine ID="eSc_line_b38e0319"
                    TAGREFS="LT31"
                    BASELINE="607 316 1180 302 2669 310" 
                    HPOS="604"
                    VPOS="265"
                    WIDTH="2065"
                    HEIGHT="70">
            <Shape><Polygon POINTS="607 316 604 330 2664 335 2669 310 2664 265 607 265 607 316"/></Shape>
	    <String CONTENT="comme un expédient grâce auquel la Belgique la couvrait sur"
                    HPOS="604"
                    VPOS="265"
                    WIDTH="2065"
                    HEIGHT="70"
                    WC="0.9933378605519311"></String>
          </TextLine>
          <TextLine ID="eSc_line_058ce913"
                    TAGREFS="LT31"
                    BASELINE="607 377 2664 388" 
                    HPOS="604"
                    VPOS="318"
                    WIDTH="2060"
                    HEIGHT="104">
            <Shape><Polygon POINTS="607 377 604 391 649 413 652 413 654 413 822 399 957 413 959 413 1180 399 1222 416 1225 416 1228 416 1407 399 1410 399 1536 416 1539 416 1620 399 1628 399 1631 399 1665 416 1667 416 1670 416 1958 402 2003 402 2023 405 2151 422 2154 422 2661 408 2664 388 2658 341 2191 346 2179 338 2171 330 2168 330 2165 330 2048 330 2045 330 2042 330 2040 330 2031 338 2023 346 1790 346 1776 338 1762 327 1760 327 1757 327 1754 327 1751 327 1732 338 1729 338 1718 338 1634 324 1631 324 1628 324 1625 324 1609 335 1603 341 1578 335 1502 321 1499 321 1497 321 1494 321 1477 335 1471 341 1385 341 1379 335 1362 324 1362 321 1360 321 1357 321 1354 321 1245 335 1239 335 1236 335 1172 321 1169 321 1166 321 1138 335 1136 338 1133 335 1116 321 1116 318 1113 318 1110 318 1108 318 1105 318 1066 335 1057 341 1007 341 1001 335 982 318 979 318 976 318 873 318 870 318 867 318 833 335 825 338 814 335 766 318 763 318 761 318 607 332 607 377"/></Shape>
	    <String CONTENT="ses frontières du Nord, lesautres Puissances ngoy..t au con¬"
                    HPOS="604"
                    VPOS="318"
                    WIDTH="2060"
                    HEIGHT="104"
                    WC="0.9762709652384122"></String>
          </TextLine>
          <TextLine ID="eSc_line_58ffee65"
                    TAGREFS="LT31"
                    BASELINE="607 453 2638 447" 
                    HPOS="604"
                    VPOS="397"
                    WIDTH="2034"
                    HEIGHT="89">
            <Shape><Polygon POINTS="607 453 607 478 1242 486 1245 486 1315 481 1429 472 1516 481 1564 486 1567 486 1760 483 1762 483 1765 483 1788 469 1922 483 1939 483 1942 483 1944 483 1947 483 1986 469 2014 483 2017 483 2020 483 2023 486 2636 486 2638 447 2636 413 2585 397 2582 397 2580 397 2577 397 2524 411 2524 413 1824 413 1782 408 1662 397 1659 397 1656 397 1631 408 1617 413 1606 408 1597 399 1595 399 1592 399 1273 399 1270 399 1267 399 1256 405 1239 413 604 402 607 453"/></Shape>
	    <String CONTENT="traire &lt;.... ..&gt; la considéraient comme une bassière"
                    HPOS="604"
                    VPOS="397"
                    WIDTH="2034"
                    HEIGHT="89"
                    WC="0.9849435801689441"></String>
          </TextLine>
          <TextLine ID="eSc_line_c24c1c58"
                    TAGREFS="LT31"
                    BASELINE="607 525 1099 511 2658 522" 
                    HPOS="607"
                    VPOS="458"
                    WIDTH="2051"
                    HEIGHT="95">
            <Shape><Polygon POINTS="607 525 607 548 1236 536 1399 550 1415 550 1418 553 2655 553 2658 522 2655 478 2529 464 2526 464 2524 464 2496 478 2482 483 2468 478 2451 469 2448 469 2445 469 2442 469 2423 478 2406 486 2123 486 2101 478 2059 464 2056 464 2054 464 2051 464 2000 478 1972 483 1939 478 1852 461 1849 461 1774 478 1757 481 1740 478 1665 461 1393 461 1390 461 1388 461 1346 478 1306 461 1304 461 1194 461 1192 461 1013 478 1010 478 1007 478 934 458 931 458 929 458 926 458 923 458 895 478 895 481 607 481 607 525"/></Shape>
	    <String CONTENT="elevée, à leur profit contre la France. Bref, celles,- ci comme celle- la"
                    HPOS="607"
                    VPOS="458"
                    WIDTH="2051"
                    HEIGHT="95"
                    WC="0.9749093023506371"></String>
          </TextLine>
          <TextLine ID="eSc_line_858c92f7"
                    TAGREFS="LT31"
                    BASELINE="607 604 1365 587 2655 590" 
                    HPOS="604"
                    VPOS="539"
                    WIDTH="2051"
                    HEIGHT="98">
            <Shape><Polygon POINTS="607 604 607 620 635 634 638 634 640 637 836 637 836 634 839 634 873 620 878 618 976 620 1306 632 1309 632 1312 632 1315 632 1326 623 1337 615 2650 629 2655 590 2650 539 604 548 607 604"/></Shape>
	    <String CONTENT="&lt;......  .&gt; l&#x27;envivageaient"
                    HPOS="604"
                    VPOS="539"
                    WIDTH="2051"
                    HEIGHT="98"
                    WC="0.903809165513074"></String>
          </TextLine>
          <TextLine ID="eSc_line_b3bd5a71"
                    TAGREFS="LT31"
                    BASELINE="610 682 1446 665 2669 665" 
                    HPOS="607"
                    VPOS="609"
                    WIDTH="2062"
                    HEIGHT="106">
            <Shape><Polygon POINTS="610 682 610 715 691 699 814 713 817 713 968 696 1021 713 1024 713 1027 713 1029 713 1032 713 1054 693 1130 710 1133 710 1136 710 1178 693 1390 710 1401 710 1404 710 1407 710 1483 690 1704 690 1751 707 1754 707 1757 707 1771 707 2003 687 2137 704 2146 704 2149 704 2174 704 2401 690 2664 699 2669 665 2664 615 2174 626 2143 620 2101 609 2098 609 2095 609 2026 620 1995 626 1981 620 1944 609 1942 609 1939 609 1810 623 1760 629 1751 623 1726 612 1723 612 1536 612 1533 612 1530 612 1474 629 1457 632 1432 629 1346 615 1343 615 1094 632 1091 632 1088 632 962 618 959 618 957 618 954 618 937 634 934 634 839 618 836 618 833 618 831 618 808 637 607 637 610 682"/></Shape>
	    <String CONTENT="qu&#x27;en fonction de l&#x27;Europe et si l&#x27;on peut ainsidire que comme une"
                    HPOS="607"
                    VPOS="609"
                    WIDTH="2062"
                    HEIGHT="106"
                    WC="0.9936589815399863"></String>
          </TextLine>
          <TextLine ID="eSc_line_b634ee72"
                    TAGREFS="LT31"
                    BASELINE="607 760 1555 741 2672 746" 
                    HPOS="604"
                    VPOS="685"
                    WIDTH="2068"
                    HEIGHT="106">
            <Shape><Polygon POINTS="607 760 607 791 971 771 1085 788 1091 788 1094 788 1096 788 1099 788 1164 769 1413 769 1455 783 1457 783 1460 783 1796 766 1950 780 1975 783 1978 783 1981 783 1986 780 2017 766 2048 780 2054 783 2056 783 2059 783 2062 783 2070 780 2107 769 2219 780 2241 780 2244 780 2247 780 2249 780 2266 766 2336 777 2339 777 2342 777 2347 777 2512 763 2535 777 2538 780 2540 780 2543 780 2546 780 2549 780 2560 777 2608 760 2664 774 2672 746 2669 699 2633 685 2630 685 2627 685 2624 685 2566 699 2384 687 2381 687 2378 687 2375 687 2353 704 2350 704 2311 704 1970 690 1967 690 1964 690 1961 690 1944 704 1925 690 1922 690 1919 690 1611 690 1609 690 1606 690 1572 710 1569 710 1558 710 1427 693 1424 693 1421 693 1354 710 1189 693 1186 693 1183 693 1180 693 1158 713 1046 713 1015 713 985 699 982 699 979 699 875 713 822 696 819 696 817 696 814 696 769 715 604 715 607 760"/></Shape>
	    <String CONTENT="question d&#x27;équilibre international. Ce fut l&#x27;originalité et l&#x27;on"
                    HPOS="604"
                    VPOS="685"
                    WIDTH="2068"
                    HEIGHT="106"
                    WC="0.9830704806372523"></String>
          </TextLine>
          <TextLine ID="eSc_line_60665c82"
                    TAGREFS="LT31"
                    BASELINE="601 833 2658 805" 
                    HPOS="598"
                    VPOS="755"
                    WIDTH="2060"
                    HEIGHT="120">
            <Shape><Polygon POINTS="601 833 601 850 702 869 705 872 705 869 805 852 842 869 845 869 847 869 850 869 889 850 895 850 1010 861 1013 861 1130 847 1150 847 1152 847 1180 861 1183 861 1186 861 1189 861 1214 847 1217 847 1270 875 1273 875 1276 875 1278 875 1281 875 1318 847 1346 847 1497 841 1687 841 1690 844 1726 869 1729 869 1732 869 1735 869 1838 844 1874 836 1905 844 1939 852 1942 852 1944 852 1947 852 1970 844 1978 839 1984 844 1998 855 2000 855 2003 855 2006 855 2104 844 2154 864 2157 864 2160 864 2568 858 2655 839 2658 805 2650 755 2437 771 2283 760 2221 757 2219 757 2216 757 2205 763 2179 777 2020 777 1930 769 1880 763 1877 763 1874 763 1855 769 1821 780 1774 771 1709 760 1707 760 1645 774 1617 780 1595 774 1553 763 1550 763 1547 763 1544 763 1541 763 1527 777 1519 783 1497 777 1457 766 1455 766 1452 766 1354 780 1329 783 1306 780 1208 766 1206 766 1068 785 1043 788 1041 785 1015 769 1013 769 1010 769 1007 769 800 771 797 771 749 791 744 797 598 797 601 833"/></Shape>
	    <String CONTENT="nous de Léopotd 2 que de l&#x27;avoir fait en mêmeteups, apparaître"
                    HPOS="598"
                    VPOS="755"
                    WIDTH="2060"
                    HEIGHT="120"
                    WC="0.988814827415251"></String>
          </TextLine>
          <TextLine ID="eSc_line_1001aa4e"
                    TAGREFS="LT31"
                    BASELINE="590 914 1536 892 2605 883" 
                    HPOS="587"
                    VPOS="822"
                    WIDTH="2018"
                    HEIGHT="120">
            <Shape><Polygon POINTS="590 914 590 942 1189 939 1192 939 1194 939 1197 936 1217 925 1309 934 1340 936 1343 936 1346 936 1348 936 1348 934 1351 934 1362 922 1446 934 1483 936 1485 936 1488 936 1502 931 1544 920 1617 931 1645 934 1648 934 1667 931 1726 914 2098 911 2196 922 2221 925 2224 925 2602 917 2605 883 2599 844 2470 822 2468 822 2280 825 2177 847 1964 830 1961 830 1958 830 1956 830 1936 847 1841 833 1838 833 1718 855 1709 855 1701 855 1533 836 1530 836 1527 836 1455 858 1452 858 1365 841 1362 841 1360 841 1357 841 1326 861 1323 861 1284 861 945 852 943 852 940 852 906 866 903 866 898 866 842 855 839 855 587 869 590 914"/></Shape>
	    <String CONTENT="comme une question belge. Il se sais it de l&#x27;occasion &lt;......&gt;"
                    HPOS="587"
                    VPOS="822"
                    WIDTH="2018"
                    HEIGHT="120"
                    WC="0.9427816108349831"></String>
          </TextLine>
          <TextLine ID="eSc_line_52caea1b"
                    TAGREFS="LT34"
                    BASELINE="2239 858 2555 856" 
                    HPOS="2239"
                    VPOS="856"
                    WIDTH="316"
                    HEIGHT="2">
	    <String CONTENT=""
                    HPOS="2239"
                    VPOS="856"
                    WIDTH="316"
                    HEIGHT="2"></String>
          </TextLine>
          <TextLine ID="eSc_line_9a9f354f"
                    TAGREFS="LT31"
                    BASELINE="590 984 2619 945" 
                    HPOS="587"
                    VPOS="908"
                    WIDTH="2032"
                    HEIGHT="109">
            <Shape><Polygon POINTS="590 984 590 1004 875 1017 878 1017 881 1017 926 1001 931 998 1169 992 1424 992 1432 995 1452 1006 1455 1006 1457 1006 1544 995 1606 987 1670 992 1746 1001 1748 1001 2104 992 2129 987 2185 976 2616 981 2619 945 2610 908 587 945 590 984"/></Shape>
	    <String CONTENT="&lt;........ .. .. . .... ..&gt;"
                    HPOS="587"
                    VPOS="908"
                    WIDTH="2032"
                    HEIGHT="109"
                    WC="0.8756604446814611"></String>
          </TextLine>
          <TextLine ID="eSc_line_fad70e3f"
                    TAGREFS="LT31"
                    BASELINE="584 1057 2582 1020" 
                    HPOS="582"
                    VPOS="959"
                    WIDTH="2000"
                    HEIGHT="131">
            <Shape><Polygon POINTS="584 1057 584 1076 660 1090 663 1090 945 1073 1066 1068 1158 1071 1306 1079 1309 1079 1312 1079 1334 1071 1354 1059 1600 1059 1628 1068 1648 1073 1651 1073 1653 1073 1810 1065 2082 1051 2577 1057 2582 1020 2568 959 2535 978 2336 964 2303 964 2300 964 2297 964 2289 967 2230 984 2048 973 1978 970 1975 970 1972 970 1961 976 1933 992 1707 992 1679 984 1656 976 1653 976 1651 976 1648 976 1645 976 1631 984 1614 995 1558 987 1499 978 1497 978 1413 990 1340 1001 1231 995 1057 987 1054 987 1052 987 1049 987 1049 990 1035 1001 1029 1006 934 1004 694 995 691 995 582 1012 584 1057"/></Shape>
	    <String CONTENT="&lt;. ..&gt; que la Belgique n&#x27;était ni un satellite de la Fraine ni"
                    HPOS="582"
                    VPOS="959"
                    WIDTH="2000"
                    HEIGHT="131"
                    WC="0.9696929762440343"></String>
          </TextLine>
          <TextLine ID="eSc_line_e2b1e20c"
                    TAGREFS="LT31"
                    BASELINE="579 1127 2098 1099 2638 1101" 
                    HPOS="576"
                    VPOS="1040"
                    WIDTH="2062"
                    HEIGHT="109">
            <Shape><Polygon POINTS="579 1127 579 1149 2636 1127 2638 1101 2636 1054 2580 1040 2577 1040 2574 1040 2571 1040 2515 1057 2507 1057 2177 1043 2174 1043 2020 1062 1998 1045 1995 1045 1992 1045 1989 1045 1986 1045 1944 1065 1905 1048 1902 1048 1900 1048 1897 1048 1858 1065 1824 1051 1821 1051 1818 1051 1816 1051 1813 1051 1793 1068 1790 1068 1704 1057 1701 1057 1639 1071 1631 1071 1620 1071 1460 1054 1457 1054 1343 1073 1250 1059 1248 1059 1245 1059 1242 1059 1222 1076 1220 1076 1217 1076 1105 1062 1102 1062 1015 1079 1013 1079 1010 1079 931 1062 929 1062 926 1062 923 1062 892 1082 884 1082 777 1065 775 1065 772 1065 705 1085 699 1087 576 1087 579 1127"/></Shape>
	    <String CONTENT="une tête de pout contre la France et qu&#x27;elle intesprétait sa neutra¬"
                    HPOS="576"
                    VPOS="1040"
                    WIDTH="2062"
                    HEIGHT="109"
                    WC="0.9887618185842738"></String>
          </TextLine>
          <TextLine ID="eSc_line_5e944690"
                    TAGREFS="LT31"
                    BASELINE="584 1199 2641 1166" 
                    HPOS="582"
                    VPOS="1110"
                    WIDTH="2059"
                    HEIGHT="126">
            <Shape><Polygon POINTS="584 1199 584 1219 688 1236 691 1236 920 1216 926 1216 929 1216 1222 1227 1225 1227 1228 1227 1231 1227 1248 1213 1723 1219 1726 1219 1804 1202 1810 1202 1813 1202 1916 1216 1919 1216 1922 1216 1981 1199 1984 1199 1989 1199 2070 1210 2073 1210 2182 1196 2188 1196 2193 1196 2294 1210 2297 1210 2300 1210 2361 1194 2364 1194 2375 1194 2568 1205 2571 1205 2638 1188 2641 1166 2636 1129 2510 1129 2470 1110 2468 1110 2465 1110 2462 1110 2415 1127 2387 1115 2384 1115 2381 1115 2378 1115 2375 1115 2356 1129 2356 1132 2101 1135 2079 1132 1956 1118 1953 1118 1746 1135 1701 1124 1698 1124 1695 1124 1693 1124 1690 1124 1670 1138 1665 1141 1653 1138 1614 1124 1611 1124 1609 1124 1606 1124 1564 1138 1544 1143 1522 1138 1469 1127 1466 1127 1463 1127 1460 1127 1441 1141 1427 1149 1208 1149 1180 1141 1147 1132 1144 1132 1141 1132 1138 1132 1113 1143 1091 1152 582 1149 584 1199"/></Shape>
	    <String CONTENT="lité comme une sauvegarde tout à la fois de son indépendanee"
                    HPOS="582"
                    VPOS="1110"
                    WIDTH="2059"
                    HEIGHT="126"
                    WC="0.987788950810667"></String>
          </TextLine>
          <TextLine ID="eSc_line_7c1fad6b"
                    TAGREFS="LT31"
                    BASELINE="584 1278 1315 1261" 
                    HPOS="582"
                    VPOS="1208"
                    WIDTH="733"
                    HEIGHT="106">
            <Shape><Polygon POINTS="584 1278 584 1297 775 1297 783 1297 859 1314 861 1314 864 1314 917 1297 940 1314 943 1314 945 1314 948 1314 1057 1311 1060 1311 1063 1311 1082 1297 1082 1294 1085 1297 1099 1308 1102 1308 1105 1308 1108 1308 1110 1308 1141 1297 1161 1289 1312 1294 1315 1261 1312 1222 1290 1208 1287 1208 1284 1208 1281 1208 1186 1224 1119 1210 1116 1210 1113 1210 1063 1227 800 1219 797 1219 794 1219 791 1219 791 1222 777 1233 707 1219 705 1219 702 1219 699 1219 680 1236 640 1224 638 1224 635 1224 632 1224 582 1238 584 1278"/></Shape>
	    <String CONTENT="et de la paix générale."
                    HPOS="582"
                    VPOS="1208"
                    WIDTH="733"
                    HEIGHT="106"
                    WC="0.9998994858368583"></String>
          </TextLine>
          <TextLine ID="eSc_line_069a8787"
                    TAGREFS="LT31"
                    BASELINE="582 1361 2023 1317 2622 1317" 
                    HPOS="579"
                    VPOS="1255"
                    WIDTH="2043"
                    HEIGHT="140">
            <Shape><Polygon POINTS="582 1361 582 1378 892 1395 895 1395 898 1395 901 1395 929 1373 931 1373 982 1392 985 1392 987 1392 990 1392 993 1392 1021 1373 1024 1370 1029 1373 1063 1381 1066 1381 1068 1381 1071 1381 1102 1370 1113 1367 1130 1370 1211 1387 1214 1387 1438 1364 1477 1361 1491 1364 1544 1375 1547 1375 1550 1375 1583 1361 1600 1356 1642 1361 1732 1373 1735 1373 1737 1373 1740 1373 1760 1359 1774 1350 2068 1353 2160 1353 2163 1353 2165 1353 2174 1350 2213 1339 2233 1350 2244 1359 2247 1359 2249 1359 2252 1359 2297 1350 2322 1345 2353 1347 2401 1353 2403 1353 2406 1353 2409 1353 2415 1347 2423 1339 2434 1347 2442 1353 2445 1353 2448 1353 2451 1353 2454 1353 2456 1353 2468 1345 2484 1336 2619 1342 2622 1317 2619 1269 2498 1255 2496 1255 2493 1255 2490 1255 2468 1269 2462 1275 2359 1275 2350 1272 2319 1258 2317 1258 2314 1258 2109 1278 2023 1283 1964 1278 1860 1269 1858 1269 1855 1269 1830 1280 1813 1289 1779 1280 1735 1272 1732 1272 1729 1272 1707 1283 1687 1292 1639 1283 1611 1280 1609 1280 1581 1286 1516 1297 1399 1289 1332 1283 1329 1283 1326 1283 1323 1283 1315 1289 1292 1303 1222 1292 1206 1289 1203 1289 1169 1292 1024 1308 579 1303 582 1361"/></Shape>
	    <String CONTENT="Dès les premiers symptomes du refroidissement de l&#x27;Angliterre"
                    HPOS="579"
                    VPOS="1255"
                    WIDTH="2043"
                    HEIGHT="140"
                    WC="0.9786004130957556"></String>
          </TextLine>
          <TextLine ID="eSc_line_3f2ec0b6"
                    TAGREFS="LT31"
                    BASELINE="579 1440 2112 1395 2658 1395" 
                    HPOS="576"
                    VPOS="1336"
                    WIDTH="2082"
                    HEIGHT="137">
            <Shape><Polygon POINTS="579 1440 579 1457 775 1473 777 1473 780 1473 783 1473 808 1454 861 1471 864 1471 867 1471 1043 1448 1063 1448 1091 1448 1329 1459 1332 1459 1550 1440 1589 1437 1595 1440 1617 1451 1620 1451 1623 1451 1782 1434 1804 1434 1827 1434 1975 1443 1978 1443 1981 1443 2009 1431 2028 1423 2056 1431 2082 1437 2084 1437 2087 1437 2137 1429 2202 1417 2263 1426 2303 1431 2305 1431 2367 1423 2465 1412 2490 1423 2507 1429 2510 1429 2512 1429 2515 1429 2518 1429 2526 1420 2543 1412 2655 1417 2658 1395 2652 1347 2314 1353 2191 1336 2188 1336 2062 1356 1970 1342 1967 1342 1765 1370 1748 1373 1628 1373 1623 1373 1553 1353 1550 1353 1547 1353 1544 1353 1541 1353 1511 1375 1508 1375 1502 1375 1362 1359 1360 1359 1357 1359 1312 1381 1298 1370 1295 1370 1292 1370 1290 1370 1206 1384 1197 1384 1172 1364 1169 1364 1166 1364 1105 1364 1102 1364 1001 1387 929 1375 926 1375 772 1395 758 1395 752 1395 688 1375 685 1375 682 1375 576 1398 579 1440"/></Shape>
	    <String CONTENT="à l&#x27;egard de la France, il avait en appelant Josuph. Lebeau au ménis¬"
                    HPOS="576"
                    VPOS="1336"
                    WIDTH="2082"
                    HEIGHT="137"
                    WC="0.9874549559184483"></String>
          </TextLine>
          <TextLine ID="eSc_line_7f311abf"
                    TAGREFS="LT31"
                    BASELINE="579 1515 2101 1476 2672 1471" 
                    HPOS="576"
                    VPOS="1415"
                    WIDTH="2096"
                    HEIGHT="131">
            <Shape><Polygon POINTS="579 1515 579 1540 803 1532 861 1540 915 1546 917 1546 1018 1538 1169 1521 1203 1532 1217 1538 1220 1538 1222 1538 1354 1535 1382 1529 1452 1515 1670 1524 1748 1526 1751 1526 1774 1521 1841 1507 2163 1515 2221 1515 2224 1515 2227 1515 2233 1512 2266 1499 2387 1510 2389 1510 2392 1510 2395 1510 2437 1493 2669 1504 2672 1471 2666 1429 2468 1415 2465 1415 1970 1443 1942 1429 1939 1429 1936 1429 1754 1445 1645 1434 1642 1434 1639 1434 1597 1451 1539 1437 1536 1437 1533 1437 1530 1437 1491 1454 1315 1445 1312 1445 1309 1445 1270 1459 1175 1445 1172 1445 1169 1445 1130 1462 853 1454 850 1454 847 1454 811 1471 775 1459 772 1459 769 1459 657 1473 626 1459 624 1459 621 1459 618 1459 576 1473 579 1515"/></Shape>
	    <String CONTENT="tère des affaires étrangères, le 18 avril 1840, indigéé qu&#x27;il n&#x27;en¬"
                    HPOS="576"
                    VPOS="1415"
                    WIDTH="2096"
                    HEIGHT="131"
                    WC="0.995727922489394"></String>
          </TextLine>
          <TextLine ID="eSc_line_ec6b1209"
                    TAGREFS="LT31"
                    BASELINE="584 1591 2574 1543" 
                    HPOS="582"
                    VPOS="1490"
                    WIDTH="1992"
                    HEIGHT="132">
            <Shape><Polygon POINTS="584 1591 584 1610 800 1622 803 1622 926 1605 937 1605 954 1605 1147 1613 1150 1613 1152 1613 1155 1613 1172 1599 1175 1599 1186 1599 1270 1610 1273 1610 1276 1610 1318 1596 1323 1596 1332 1596 1399 1608 1401 1608 1527 1594 1558 1591 1597 1591 1748 1599 1751 1599 1852 1588 1894 1582 1922 1585 1984 1594 1986 1594 1989 1594 2012 1582 2023 1577 2574 1571 2574 1543 2568 1504 2456 1490 2454 1490 2370 1507 2339 1493 2336 1493 2333 1493 2213 1512 2199 1512 2193 1512 2151 1499 2149 1499 2146 1499 2143 1499 2104 1515 2098 1518 1939 1518 1936 1518 1902 1504 1900 1504 1897 1504 1455 1529 1441 1529 1404 1515 1401 1515 1399 1515 1396 1515 1340 1532 1337 1532 1323 1532 1052 1524 1049 1524 1046 1524 1004 1540 1001 1540 993 1540 847 1529 845 1529 842 1529 811 1546 808 1546 803 1546 735 1532 733 1532 730 1532 696 1549 694 1549 688 1549 629 1535 626 1535 624 1535 582 1549 584 1591"/></Shape>
	    <String CONTENT="tendait point se subordonner à la politique du cabient de"
                    HPOS="582"
                    VPOS="1490"
                    WIDTH="1992"
                    HEIGHT="132"
                    WC="0.997595588708746"></String>
          </TextLine>
          <TextLine ID="eSc_line_cb53d15b"
                    TAGREFS="LT31"
                    BASELINE="579 1669 2661 1619" 
                    HPOS="576"
                    VPOS="1571"
                    WIDTH="2085"
                    HEIGHT="132">
            <Shape><Polygon POINTS="579 1669 579 1686 772 1703 775 1703 777 1703 822 1680 1080 1678 1150 1694 1152 1694 1155 1694 1287 1678 1914 1678 1914 1675 1916 1675 1998 1652 2199 1647 2465 1644 2535 1661 2538 1661 2540 1661 2661 1636 2661 1619 2655 1577 2303 1571 2300 1571 2112 1585 1953 1596 1866 1588 1813 1585 1810 1585 1807 1585 1804 1585 1796 1591 1782 1599 1721 1591 1684 1588 1681 1588 1679 1588 1676 1588 1673 1594 1659 1605 1485 1608 1413 1596 1385 1594 1382 1594 1379 1594 1376 1594 1376 1596 1374 1599 1360 1610 1309 1599 1292 1596 1290 1596 1287 1596 1278 1599 1245 1613 1166 1602 1144 1599 1141 1599 1096 1602 909 1622 864 1608 861 1608 859 1608 856 1608 741 1624 576 1613 579 1669"/></Shape>
	    <String CONTENT="Paris. &lt;...... .. . ........... ... ..&gt; et far¬"
                    HPOS="576"
                    VPOS="1571"
                    WIDTH="2085"
                    HEIGHT="132"
                    WC="0.8952649425952992"></String>
          </TextLine>
          <TextLine ID="eSc_line_f1caebfb"
                    TAGREFS="LT31"
                    BASELINE="568 1750 2630 1700" 
                    HPOS="565"
                    VPOS="1644"
                    WIDTH="2065"
                    HEIGHT="137">
            <Shape><Polygon POINTS="568 1750 568 1781 1256 1756 1508 1761 1595 1761 1597 1761 1637 1759 1774 1742 1886 1753 1911 1753 1914 1753 1928 1750 1998 1736 2135 1747 2168 1747 2171 1747 2191 1745 2286 1728 2378 1742 2398 1742 2401 1742 2420 1739 2521 1722 2627 1733 2630 1700 2624 1661 2465 1644 2462 1644 2459 1644 2401 1664 2387 1666 2375 1664 2314 1647 2311 1647 2308 1647 2305 1647 2303 1647 2275 1666 2269 1669 2247 1666 2193 1658 2191 1658 2129 1669 2104 1672 2093 1669 2051 1652 2048 1652 2045 1652 1956 1672 1947 1672 1936 1672 1818 1658 1816 1658 1737 1675 1698 1683 1628 1678 1569 1672 1567 1672 1564 1672 1541 1678 1519 1686 1508 1680 1488 1666 1485 1666 1483 1666 1480 1666 1477 1666 1474 1666 1455 1680 1446 1686 1424 1680 1382 1669 1379 1669 1376 1669 1374 1669 1371 1669 1371 1672 1357 1680 1346 1691 1245 1683 1189 1680 1186 1680 1183 1680 1180 1680 1178 1686 1164 1697 951 1700 926 1689 903 1680 901 1680 898 1680 744 1686 741 1686 727 1691 702 1705 565 1697 568 1750"/></Shape>
	    <String CONTENT="sant diélier poliment ..... ....&gt; Phalip&gt; Le conflit de¬"
                    HPOS="565"
                    VPOS="1644"
                    WIDTH="2065"
                    HEIGHT="137"
                    WC="0.9483248516917229"></String>
          </TextLine>
          <TextLine ID="eSc_line_8eb4f9ad"
                    TAGREFS="LT31"
                    BASELINE="570 1817 2638 1764" 
                    HPOS="568"
                    VPOS="1722"
                    WIDTH="2070"
                    HEIGHT="121">
            <Shape><Polygon POINTS="570 1817 570 1843 2193 1817 2196 1817 2210 1812 2241 1801 2347 1809 2378 1812 2381 1812 2412 1809 2546 1792 2636 1803 2638 1764 2630 1722 568 1778 570 1817"/></Shape>
	    <String CONTENT="venant plus argu, il n&#x27;avait pas hésité à prendre des mesures mi¬"
                    HPOS="568"
                    VPOS="1722"
                    WIDTH="2070"
                    HEIGHT="121"
                    WC="0.9922370784210436"></String>
          </TextLine>
          <TextLine ID="eSc_line_96ee4d23"
                    TAGREFS="LT31"
                    BASELINE="565 1890 2594 1848" 
                    HPOS="562"
                    VPOS="1795"
                    WIDTH="2032"
                    HEIGHT="126">
            <Shape><Polygon POINTS="565 1890 565 1918 1158 1901 1175 1904 1234 1921 1236 1921 1239 1921 1242 1921 1287 1901 1298 1898 1410 1898 1460 1898 1480 1915 1483 1915 1485 1915 1488 1915 1712 1896 1914 1907 1916 1907 2095 1882 2107 1882 2112 1882 2182 1901 2185 1901 2188 1901 2303 1882 2560 1890 2563 1890 2566 1890 2568 1890 2594 1873 2594 1848 2582 1795 2546 1812 2476 1798 2473 1798 2470 1798 2468 1798 2409 1815 2272 1806 2269 1806 2163 1820 2112 1806 2109 1806 2107 1806 1841 1826 1785 1812 1782 1812 1779 1812 1768 1812 1362 1837 1234 1823 1231 1823 1228 1823 1225 1823 1091 1843 562 1837 565 1890"/></Shape>
	    <String CONTENT="litaires en vue de la défense du pays. Le 10 noventre, &lt;.. &lt;...&gt;"
                    HPOS="562"
                    VPOS="1795"
                    WIDTH="2032"
                    HEIGHT="126"
                    WC="0.9704420045018196"></String>
          </TextLine>
          <TextLine ID="eSc_line_097cc693"
                    TAGREFS="LT31"
                    BASELINE="568 1960 1636 1949 1636 1949 2585 1924" 
                    HPOS="565"
                    VPOS="1876"
                    WIDTH="2020"
                    HEIGHT="109">
            <Shape><Polygon POINTS="568 1985 2109 1971 2112 1971 2115 1971 2137 1957 2426 1966 2429 1966 2585 1946 2585 1924 2580 1887 2275 1876 2272 1876 2269 1876 2219 1890 2205 1893 2179 1890 2093 1882 2090 1882 1984 1893 1928 1898 1838 1896 1659 1887 1656 1887 1653 1887 1631 1898 1617 1907 1443 1907 1429 1901 1415 1893 1413 1893 1410 1893 1407 1893 1404 1893 1396 1901 1385 1910 1169 1912 565 1912 568 1960"/></Shape>
	    <String CONTENT="&lt;... ... ..&gt; son discours du trône affermait au sarlement"
                    HPOS="565"
                    VPOS="1876"
                    WIDTH="2020"
                    HEIGHT="109"
                    WC="0.9643167225938094"></String>
          </TextLine>
          <TextLine ID="eSc_line_7489a6e0"
                    TAGREFS="LT31"
                    BASELINE="570 2035 2636 2002" 
                    HPOS="568"
                    VPOS="1946"
                    WIDTH="2068"
                    HEIGHT="129">
            <Shape><Polygon POINTS="570 2035 570 2075 744 2049 1337 2047 1385 2058 1396 2061 1399 2061 1401 2061 1427 2058 1497 2047 1561 2055 1597 2058 1600 2058 1603 2058 1611 2052 1631 2044 1684 2052 1712 2055 1715 2055 1841 2049 2107 2033 2143 2041 2163 2047 2165 2047 2168 2047 2219 2041 2314 2027 2630 2030 2636 2002 2627 1949 2359 1963 2325 1954 2291 1946 2289 1946 2286 1946 2235 1957 2193 1966 2182 1957 2171 1949 2168 1949 2165 1949 2163 1949 2160 1949 2137 1960 2112 1968 2040 1960 1947 1952 1944 1952 1942 1952 1902 1963 1880 1971 1858 1966 1824 1954 1821 1954 1818 1954 1816 1954 1788 1966 1768 1974 1748 1968 1715 1957 1712 1957 1709 1957 1707 1957 1704 1957 1690 1968 1681 1977 1427 1980 1401 1977 1329 1963 1326 1963 1323 1963 1267 1980 1250 1982 1220 1980 1085 1966 1082 1966 906 1988 889 1991 808 1991 772 1991 747 1971 744 1971 741 1971 738 1971 735 1971 733 1971 702 1991 699 1994 568 1994 570 2035"/></Shape>
	    <String CONTENT="que la nentralité serait gar die&quot; sincère, loyale et forte&quot;. &lt;....&gt;"
                    HPOS="568"
                    VPOS="1946"
                    WIDTH="2068"
                    HEIGHT="129"
                    WC="0.9661184433680862"></String>
          </TextLine>
          <TextLine ID="eSc_line_ab6dfd46"
                    TAGREFS="LT31"
                    BASELINE="559 2114 811 2100 1634 2094 2638 2063" 
                    HPOS="556"
                    VPOS="2008"
                    WIDTH="2082"
                    HEIGHT="139">
            <Shape><Polygon POINTS="559 2114 559 2133 680 2147 682 2147 903 2128 937 2125 1013 2125 1555 2128 1558 2128 1715 2108 1726 2108 1737 2108 1933 2119 1936 2119 2101 2100 2107 2100 2112 2100 2205 2111 2207 2111 2305 2094 2314 2094 2317 2094 2345 2108 2347 2108 2350 2108 2638 2086 2638 2063 2636 2024 2605 2008 2602 2008 2599 2008 2596 2008 2594 2008 2540 2030 2538 2030 2501 2013 2498 2013 2496 2013 2493 2013 2434 2030 2353 2013 2350 2013 2347 2013 2269 2035 2263 2038 1925 2044 1911 2044 1796 2027 1793 2027 1676 2049 1662 2049 1634 2049 1315 2035 1312 2035 1309 2035 1306 2035 1273 2058 1270 2058 1256 2058 1052 2041 1049 2041 1046 2041 990 2063 987 2063 979 2063 803 2047 800 2047 797 2047 794 2047 794 2049 772 2069 738 2049 735 2049 733 2049 556 2072 559 2114"/></Shape>
	    <String CONTENT="&lt;tue Inseusible aux &lt;...&gt; de Thiers &lt;..&gt; et aux déclamations"
                    HPOS="556"
                    VPOS="2008"
                    WIDTH="2082"
                    HEIGHT="139"
                    WC="0.9463555405537287"></String>
          </TextLine>
          <TextLine ID="eSc_line_eb8ff1fa"
                    TAGREFS="LT34"
                    BASELINE="1302 2069 1568 2068" 
                    HPOS="1302"
                    VPOS="2068"
                    WIDTH="266"
                    HEIGHT="1">
	    <String CONTENT=""
                    HPOS="1302"
                    VPOS="2068"
                    WIDTH="266"
                    HEIGHT="1"></String>
          </TextLine>
          <TextLine ID="eSc_line_2d6423b6"
                    TAGREFS="LT31"
                    BASELINE="562 2189 2596 2136" 
                    HPOS="559"
                    VPOS="2100"
                    WIDTH="2037"
                    HEIGHT="117">
            <Shape><Polygon POINTS="562 2189 562 2206 755 2217 758 2217 761 2217 789 2203 791 2200 1130 2195 1133 2195 1189 2209 1192 2209 1194 2209 1197 2209 1228 2195 1396 2203 1399 2203 1401 2203 1404 2203 1429 2186 1432 2186 1446 2186 1578 2198 1581 2198 2596 2159 2596 2136 2591 2100 2070 2100 2068 2100 2065 2100 2062 2100 2062 2103 2051 2114 2048 2117 1919 2117 1914 2117 1849 2105 1846 2105 1645 2125 1625 2125 1609 2125 1421 2117 1418 2117 1415 2117 1413 2117 1393 2131 1390 2133 1094 2139 1088 2139 1004 2128 1001 2128 999 2128 959 2142 884 2131 881 2131 559 2153 562 2189"/></Shape>
	    <String CONTENT="des Chambres françaises qui l&#x27;accusaient de pactiser avec l&#x27;Au¬"
                    HPOS="559"
                    VPOS="2100"
                    WIDTH="2037"
                    HEIGHT="117"
                    WC="0.9854958937281654"></String>
          </TextLine>
          <TextLine ID="eSc_line_41351ed9"
                    TAGREFS="LT33"
                    BASELINE="2460 2184 2532 2184" 
                    HPOS="2460"
                    VPOS="2184"
                    WIDTH="72"
                    HEIGHT="0">
	    <String CONTENT=""
                    HPOS="2460"
                    VPOS="2184"
                    WIDTH="72"
                    HEIGHT="0"></String>
          </TextLine>
          <TextLine ID="eSc_line_be4d319d"
                    TAGREFS="LT31"
                    BASELINE="565 2268 2630 2220" 
                    HPOS="562"
                    VPOS="2167"
                    WIDTH="2068"
                    HEIGHT="134">
            <Shape><Polygon POINTS="565 2268 565 2301 688 2282 2627 2254 2630 2220 2624 2184 2532 2167 2529 2167 2440 2184 2401 2167 2398 2167 2395 2167 2392 2167 2389 2167 2367 2186 2364 2186 2353 2186 2193 2173 2191 2173 2188 2173 2185 2173 2165 2186 2073 2175 2070 2175 2068 2175 2037 2192 2034 2192 2023 2192 1925 2178 1922 2178 1919 2178 1888 2192 1880 2198 1846 2195 1760 2184 1757 2184 1690 2198 1653 2203 1620 2198 1561 2186 1558 2186 1441 2189 1438 2189 1435 2189 1418 2200 1404 2209 1315 2203 1225 2195 1222 2195 1220 2195 1197 2203 1166 2214 1088 2206 1041 2200 1038 2200 965 2206 805 2223 735 2212 705 2206 702 2206 562 2212 565 2268"/></Shape>
	    <String CONTENT="gleterre et la Prusse, il ne de laissait &lt;as ébrauler davantagé par"
                    HPOS="562"
                    VPOS="2167"
                    WIDTH="2068"
                    HEIGHT="134"
                    WC="0.9852956551224438"></String>
          </TextLine>
          <TextLine ID="eSc_line_d0d7f71a"
                    TAGREFS="LT31"
                    BASELINE="548 2346 2594 2287" 
                    HPOS="545"
                    VPOS="2234"
                    WIDTH="2049"
                    HEIGHT="137">
            <Shape><Polygon POINTS="548 2346 548 2371 2202 2338 2216 2338 2303 2321 2470 2329 2473 2329 2476 2329 2479 2329 2482 2329 2501 2315 2588 2326 2594 2287 2585 2234 2482 2251 2409 2240 2395 2237 2392 2237 2373 2240 2286 2256 2151 2248 2149 2248 1975 2265 1883 2254 1816 2248 1813 2248 1810 2248 1779 2259 1765 2262 1748 2259 1715 2254 1712 2254 1709 2254 1707 2254 1698 2262 1684 2273 1656 2262 1634 2254 1631 2254 1628 2254 1527 2256 1525 2256 1522 2256 1511 2268 1491 2279 1351 2270 1220 2265 1217 2265 1214 2265 1164 2279 1110 2290 973 2284 870 2279 867 2279 864 2279 842 2287 825 2293 808 2287 775 2279 772 2279 769 2279 766 2279 730 2290 699 2301 545 2298 548 2346"/></Shape>
	    <String CONTENT="les &lt;...... ..&gt; représentations de Palmerston et culla de"
                    HPOS="545"
                    VPOS="2234"
                    WIDTH="2049"
                    HEIGHT="137"
                    WC="0.9444159823551512"></String>
          </TextLine>
          <TextLine ID="eSc_line_d0fa9569"
                    TAGREFS="LT31"
                    BASELINE="565 2424 2574 2363" 
                    HPOS="562"
                    VPOS="2315"
                    WIDTH="2012"
                    HEIGHT="132">
            <Shape><Polygon POINTS="565 2424 565 2447 2574 2393 2574 2363 2566 2318 2389 2332 2353 2321 2331 2315 2328 2315 2325 2315 2322 2315 2300 2324 2269 2338 2112 2340 2082 2329 2062 2321 2059 2321 2056 2321 2054 2321 2051 2321 2037 2329 2014 2343 1967 2332 1950 2329 1947 2329 1922 2332 1838 2349 1785 2338 1751 2329 1748 2329 1645 2340 1457 2360 1360 2346 1323 2343 1320 2343 1318 2343 1315 2343 1309 2349 1284 2368 1110 2371 1068 2354 1060 2351 1057 2351 1054 2351 934 2354 931 2354 929 2354 926 2357 909 2371 856 2360 839 2357 836 2357 833 2357 825 2360 789 2379 562 2368 565 2424"/></Shape>
	    <String CONTENT="Frederie. Guillaume, l&#x27;accusent de préparer une armée&quot; qui"
                    HPOS="562"
                    VPOS="2315"
                    WIDTH="2012"
                    HEIGHT="132"
                    WC="0.9954828887150206"></String>
          </TextLine>
          <TextLine ID="eSc_line_faf83e85"
                    TAGREFS="LT31"
                    BASELINE="556 2497 2643 2446" 
                    HPOS="554"
                    VPOS="2385"
                    WIDTH="2090"
                    HEIGHT="143">
            <Shape><Polygon POINTS="556 2528 1550 2486 2644 2469 2644 2438 2641 2402 2596 2385 2594 2385 2591 2385 2588 2385 2585 2385 2568 2399 2364 2393 2361 2393 2359 2393 2356 2393 2336 2410 2185 2410 2151 2396 2149 2396 2146 2396 2143 2396 2107 2413 2048 2399 2045 2399 2042 2399 1933 2419 1656 2410 1653 2410 1651 2410 1648 2410 1648 2413 1631 2427 1553 2413 1550 2413 1276 2435 1259 2421 1256 2421 1253 2421 1250 2421 1248 2421 1183 2441 1054 2444 1035 2430 1032 2430 1029 2430 1027 2430 853 2449 755 2435 752 2435 570 2444 568 2444 565 2444 554 2452 556 2497"/></Shape>
	    <String CONTENT="serait appelée à prendre un rôle actif en cas de collision&quot;, ni par let"
                    HPOS="554"
                    VPOS="2385"
                    WIDTH="2090"
                    HEIGHT="143"
                    WC="0.9785043456488185"></String>
          </TextLine>
          <TextLine ID="eSc_line_8ff410c1"
                    TAGREFS="LT34"
                    BASELINE="567 2542 835 2541" 
                    HPOS="567"
                    VPOS="2541"
                    WIDTH="268"
                    HEIGHT="1">
	    <String CONTENT=""
                    HPOS="567"
                    VPOS="2541"
                    WIDTH="268"
                    HEIGHT="1"></String>
          </TextLine>
          <TextLine ID="eSc_line_5fc6057e"
                    TAGREFS="LT34"
                    BASELINE="1735 2510 1784 2507" 
                    HPOS="1735"
                    VPOS="2507"
                    WIDTH="49"
                    HEIGHT="3">
	    <String CONTENT=""
                    HPOS="1735"
                    VPOS="2507"
                    WIDTH="49"
                    HEIGHT="3"></String>
          </TextLine>
          <TextLine ID="eSc_line_57f4f215"
                    TAGREFS="LT31"
                    BASELINE="551 2584 1460 2542 2047 2527 2048 2527 2616 2534" 
                    HPOS="548"
                    VPOS="2466"
                    WIDTH="2071"
                    HEIGHT="134">
            <Shape><Polygon POINTS="551 2600 1082 2592 1085 2592 1096 2586 1119 2578 1164 2586 1203 2592 1206 2592 1208 2592 1211 2592 1211 2589 1217 2584 1228 2572 1497 2567 1670 2572 1751 2575 1754 2575 1757 2575 1771 2570 1807 2556 2068 2550 2619 2550 2619 2519 2610 2477 2322 2483 2317 2480 2283 2466 2280 2466 2277 2466 2275 2466 2244 2483 2235 2486 2149 2483 1970 2477 1967 2477 1964 2477 1928 2486 1900 2494 1877 2489 1832 2475 1830 2475 1827 2475 1718 2491 1637 2503 1614 2491 1586 2480 1583 2480 1581 2480 1483 2483 1399 2486 1396 2486 1393 2486 1382 2497 1362 2511 1208 2500 1138 2494 1136 2494 1133 2494 1130 2494 1124 2500 1102 2519 1043 2503 1027 2497 1024 2497 1021 2497 1018 2497 996 2503 909 2525 789 2505 780 2505 777 2505 548 2508 551 2584"/></Shape>
	    <String CONTENT="&lt;ntatn dle ce dernies et de Vichoria s solliciter son adméssion dans"
                    HPOS="548"
                    VPOS="2466"
                    WIDTH="2071"
                    HEIGHT="134"
                    WC="0.9776140127111884"></String>
          </TextLine>
          <TextLine ID="eSc_line_f9e70099"
                    TAGREFS="LT31"
                    BASELINE="554 2659 2101 2600 2624 2595" 
                    HPOS="551"
                    VPOS="2539"
                    WIDTH="2073"
                    HEIGHT="159">
            <Shape><Polygon POINTS="554 2659 554 2693 635 2676 721 2676 755 2690 777 2698 780 2698 783 2698 786 2698 808 2687 836 2673 951 2668 1041 2679 1108 2687 1110 2687 1200 2673 1273 2662 1306 2670 1343 2679 1346 2679 1348 2679 1466 2673 1519 2662 1586 2645 1623 2659 1651 2668 1653 2668 1656 2668 1659 2668 1698 2656 1748 2640 1849 2651 1872 2651 1874 2651 1897 2648 1989 2631 2020 2642 2037 2651 2040 2651 2042 2651 2045 2651 2065 2642 2093 2628 2196 2637 2297 2645 2300 2645 2624 2620 2624 2595 2619 2547 2468 2539 2465 2539 2462 2539 2459 2539 2459 2542 2448 2553 2445 2556 2297 2558 2286 2558 2227 2542 2224 2542 2221 2542 2112 2564 2101 2564 2090 2564 1986 2550 1984 2550 1846 2570 1631 2564 1628 2564 1625 2564 1575 2581 1564 2584 1533 2584 1376 2572 1374 2572 1284 2592 1262 2595 1231 2592 1113 2581 1110 2581 1108 2581 1105 2581 1080 2598 1074 2603 906 2606 901 2603 878 2589 875 2589 873 2589 870 2589 551 2614 554 2659"/></Shape>
	    <String CONTENT="La confédération germanique. Cependant, &lt;........&gt; il se peodiquait"
                    HPOS="551"
                    VPOS="2539"
                    WIDTH="2073"
                    HEIGHT="159"
                    WC="0.9767509716660229"></String>
          </TextLine>
          <TextLine ID="eSc_line_e8fe31d1"
                    TAGREFS="LT31"
                    BASELINE="568 2736 631 2733 1930 2687 2627 2673" 
                    HPOS="565"
                    VPOS="2628"
                    WIDTH="2062"
                    HEIGHT="137">
            <Shape><Polygon POINTS="2624 2701 2627 2673 2622 2628 2261 2628 2258 2628 2255 2628 2216 2637 2196 2642 2185 2640 2160 2628 2157 2628 2154 2628 2079 2642 2042 2648 2028 2642 2003 2634 2000 2634 1998 2634 1816 2640 1762 2651 1718 2659 1651 2654 1583 2648 1581 2648 1513 2656 1421 2670 1337 2662 1298 2659 1295 2659 1292 2659 1290 2659 1284 2665 1259 2679 828 2679 825 2679 635 2698 568 2684 565 2732 565 2765"/></Shape>
	    <String CONTENT="pour, amever entre les cours de Londres et de Parès un rapproschement"
                    HPOS="565"
                    VPOS="2628"
                    WIDTH="2062"
                    HEIGHT="137"
                    WC="0.9788091865138732"></String>
          </TextLine>
          <TextLine ID="eSc_line_ee770a79"
                    TAGREFS="LT34"
                    BASELINE="557 2764 708 2767" 
                    HPOS="557"
                    VPOS="2764"
                    WIDTH="151"
                    HEIGHT="3">
	    <String CONTENT=""
                    HPOS="557"
                    VPOS="2764"
                    WIDTH="151"
                    HEIGHT="3"></String>
          </TextLine>
          <TextLine ID="eSc_line_762503c0"
                    TAGREFS="LT31"
                    BASELINE="545 2816 2608 2737" 
                    HPOS="542"
                    VPOS="2682"
                    WIDTH="2066"
                    HEIGHT="173">
            <Shape><Polygon POINTS="545 2816 548 2855 621 2838 763 2847 766 2847 769 2847 772 2847 791 2830 990 2821 1642 2816 1651 2813 1737 2796 1866 2805 1869 2805 1872 2805 1874 2805 1874 2802 1888 2791 2014 2799 2017 2799 2020 2799 2093 2782 2163 2793 2165 2793 2168 2793 2171 2793 2196 2779 2605 2779 2608 2737 2596 2690 2554 2701 2512 2693 2465 2682 2462 2682 2459 2682 2409 2695 2353 2709 2266 2701 2199 2693 2196 2693 2193 2693 2165 2704 2126 2721 1726 2721 1723 2721 1721 2721 1681 2735 1620 2723 1617 2723 1614 2723 1561 2737 1525 2726 1522 2726 1519 2726 1393 2746 1304 2732 1270 2726 1267 2726 1264 2726 1262 2726 1256 2732 1231 2751 1113 2757 1060 2737 1049 2735 1046 2735 1043 2735 1041 2735 1024 2740 951 2765 825 2768 775 2749 769 2746 766 2746 763 2746 542 2754 545 2816"/></Shape>
	    <String CONTENT="que sa paseité avec chacme d&#x27;elles lui permettait de travailles et"
                    HPOS="542"
                    VPOS="2682"
                    WIDTH="2066"
                    HEIGHT="173"
                    WC="0.9801551004250845"></String>
          </TextLine>
          <TextLine ID="eSc_line_08421806"
                    TAGREFS="LT31"
                    BASELINE="540 2891 2638 2827" 
                    HPOS="537"
                    VPOS="2782"
                    WIDTH="2101"
                    HEIGHT="132">
            <Shape><Polygon POINTS="540 2891 540 2911 993 2914 996 2914 1396 2891 1541 2883 1567 2886 1617 2894 1620 2894 1698 2883 1740 2877 1765 2880 1807 2888 1810 2888 1813 2888 1832 2880 1846 2874 1858 2880 1877 2886 1880 2886 1883 2886 1992 2874 2093 2863 2638 2858 2638 2827 2630 2782 537 2849 540 2891"/></Shape>
	    <String CONTENT="ces tentatives de pacéfication faésaiont mieux ressortir &lt;.p..."
                    HPOS="537"
                    VPOS="2782"
                    WIDTH="2101"
                    HEIGHT="132"
                    WC="0.9856313362954154"></String>
          </TextLine>
          <TextLine ID="eSc_line_501c228e"
                    TAGREFS="LT31"
                    BASELINE="534 2972 2638 2900" 
                    HPOS="531"
                    VPOS="2844"
                    WIDTH="2107"
                    HEIGHT="168">
            <Shape><Polygon POINTS="534 2972 534 2995 610 3012 612 3012 780 2989 803 2986 889 2986 1256 2986 1256 2984 1259 2984 1284 2972 1295 2970 1309 2972 1343 2981 1346 2981 1348 2981 1351 2981 1354 2981 1371 2970 1376 2967 1404 2970 1502 2981 1505 2981 1508 2981 1511 2981 1533 2964 1541 2961 1555 2964 1595 2975 1597 2975 1600 2975 1762 2958 1849 2950 1894 2956 1981 2964 1984 2964 1986 2964 2040 2950 2073 2942 2101 2947 2149 2958 2151 2958 2154 2958 2196 2944 2210 2942 2235 2944 2305 2953 2308 2953 2311 2953 2339 2942 2345 2936 2638 2930 2638 2900 2630 2844 2512 2866 2303 2860 2300 2860 2216 2877 2185 2863 2182 2860 2179 2860 2177 2860 2137 2863 1958 2886 1928 2874 1914 2869 1911 2869 1908 2869 1841 2877 1715 2894 1553 2891 1469 2888 1466 2888 1463 2888 1443 2894 1407 2905 1306 2900 1169 2894 1166 2894 1054 2911 1004 2919 993 2914 971 2902 968 2902 965 2902 962 2902 926 2916 920 2919 881 2919 604 2914 601 2914 598 2914 531 2933 534 2972"/></Shape>
	    <String CONTENT="&lt;&gt; l&#x27;énauité des soupcons soulevres par ses prétendses vel¬"
                    HPOS="531"
                    VPOS="2844"
                    WIDTH="2107"
                    HEIGHT="168"
                    WC="0.9901802610542815"></String>
          </TextLine>
          <TextLine ID="eSc_line_4a220e09"
                    TAGREFS="LT31"
                    BASELINE="545 3051 884 3031 2613 2981" 
                    HPOS="542"
                    VPOS="2936"
                    WIDTH="2071"
                    HEIGHT="140">
            <Shape><Polygon POINTS="545 3051 545 3076 2613 3012 2613 2981 2608 2942 2213 2936 2210 2936 2207 2936 2160 2953 1936 2947 1933 2947 1930 2947 1874 2961 1754 2950 1751 2950 1748 2950 1746 2950 1721 2967 1712 2967 1253 2967 1250 2967 1013 2989 1004 2989 1001 2989 822 2978 819 2978 542 3003 545 3051"/></Shape>
	    <String CONTENT="lcités belliqueuses. &lt;..... . ...... ..&gt; Neutre et"
                    HPOS="542"
                    VPOS="2936"
                    WIDTH="2071"
                    HEIGHT="140"
                    WC="0.9511827886104584"></String>
          </TextLine>
          <TextLine ID="eSc_line_f5df04bc"
                    TAGREFS="LT31"
                    BASELINE="548 3123 2596 3067" 
                    HPOS="545"
                    VPOS="3014"
                    WIDTH="2051"
                    HEIGHT="146">
            <Shape><Polygon POINTS="548 3123 548 3160 749 3157 752 3157 758 3154 786 3140 828 3151 836 3154 839 3154 842 3154 845 3154 847 3154 850 3151 870 3137 931 3149 945 3151 948 3151 951 3151 954 3151 954 3149 957 3149 971 3135 1035 3146 1052 3149 1054 3149 1242 3143 1245 3143 1248 3143 1250 3140 1267 3126 1413 3135 1466 3137 1469 3137 1558 3132 1782 3112 1846 3123 1860 3123 1863 3123 1894 3121 2012 3107 2054 3115 2079 3121 2082 3121 2084 3121 2104 3115 2137 3101 2594 3098 2596 3067 2588 3014 2487 3031 2336 3023 2286 3020 2283 3020 2280 3020 2277 3020 2275 3025 2258 3037 2216 3025 2196 3023 2193 3023 2191 3023 2188 3023 2182 3028 2163 3039 2012 3034 1939 3031 1936 3031 1933 3031 1919 3037 1902 3045 1891 3037 1883 3031 1880 3031 1877 3031 1874 3031 1827 3039 1768 3051 1681 3045 1595 3039 1592 3039 1589 3039 1586 3039 1575 3048 1561 3056 1446 3053 1264 3048 1262 3048 1178 3062 1147 3067 1127 3065 1080 3053 1077 3053 1074 3053 1032 3067 1021 3070 999 3070 898 3059 895 3059 805 3076 800 3076 797 3076 755 3062 752 3062 749 3062 612 3081 570 3067 568 3067 565 3067 562 3067 559 3067 545 3076 548 3123"/></Shape>
	    <String CONTENT="paufique, sa politique foit celle qui convenait au rôle et aux inté¬"
                    HPOS="545"
                    VPOS="3014"
                    WIDTH="2051"
                    HEIGHT="146"
                    WC="0.9973875275429558"></String>
          </TextLine>
          <TextLine ID="eSc_line_28b90d1a"
                    TAGREFS="LT31"
                    BASELINE="534 3196 2574 3135" 
                    HPOS="531"
                    VPOS="3081"
                    WIDTH="2043"
                    HEIGHT="143">
            <Shape><Polygon POINTS="534 3196 534 3216 898 3224 901 3224 1133 3204 1203 3199 1248 3202 1365 3210 1368 3210 1427 3196 1463 3190 1681 3190 1922 3193 1925 3193 2042 3185 2230 3168 2342 3177 2381 3179 2384 3179 2409 3177 2498 3160 2571 3171 2574 3135 2566 3081 2451 3101 2415 3087 2412 3087 2409 3087 2406 3087 2370 3107 2154 3109 2107 3095 2104 3095 2101 3095 2093 3095 2000 3115 1846 3104 1830 3104 1827 3104 1824 3104 1821 3104 1821 3107 1804 3121 1748 3107 1740 3107 1737 3107 1735 3107 1732 3107 1732 3109 1715 3123 1670 3109 1667 3109 1665 3109 1662 3109 1539 3112 1536 3112 1533 3112 1533 3115 1513 3132 1217 3137 1183 3126 1175 3123 1172 3123 1169 3123 1130 3126 982 3149 531 3149 534 3196"/></Shape>
	    <String CONTENT="rêts de son peuple. Elle accentuait et elle imposa le caractère sous"
                    HPOS="531"
                    VPOS="3081"
                    WIDTH="2043"
                    HEIGHT="143"
                    WC="0.9891511692720301"></String>
          </TextLine>
          <TextLine ID="eSc_line_1434af45"
                    TAGREFS="LT31"
                    BASELINE="537 3266 2591 3202" 
                    HPOS="534"
                    VPOS="3151"
                    WIDTH="2057"
                    HEIGHT="149">
            <Shape><Polygon POINTS="537 3266 537 3300 1027 3277 1178 3283 1245 3286 1248 3286 1278 3280 1357 3266 1457 3277 1480 3277 1483 3277 1485 3277 1494 3274 1533 3260 1665 3272 1695 3272 1698 3272 1723 3269 1830 3252 1905 3263 1911 3263 1914 3263 1916 3263 1919 3263 1964 3246 1995 3260 1998 3260 2000 3260 2143 3258 2151 3258 2233 3238 2308 3252 2311 3252 2314 3252 2319 3252 2415 3232 2588 3244 2591 3202 2585 3168 2437 3151 2434 3151 2431 3151 2381 3171 2325 3154 2322 3154 2319 3154 2317 3154 2227 3177 2227 3179 2213 3179 2090 3179 2059 3163 2056 3163 2054 3163 2051 3163 2048 3163 2014 3179 1970 3165 1967 3165 1964 3165 1844 3188 1746 3179 1743 3179 1550 3196 1522 3179 1519 3179 1516 3179 1513 3179 1362 3202 1208 3190 1206 3190 1203 3190 1155 3210 1094 3193 1091 3193 1088 3193 861 3218 805 3202 803 3202 800 3202 618 3227 612 3227 568 3210 565 3210 562 3210 559 3210 556 3210 534 3221 537 3266"/></Shape>
	    <String CONTENT="lequel il voulait apparaître &lt;....&gt; et à l&#x27;Europe, celui d&#x27;un"
                    HPOS="534"
                    VPOS="3151"
                    WIDTH="2057"
                    HEIGHT="149"
                    WC="0.9537850003088674"></String>
          </TextLine>
          <TextLine ID="eSc_line_4e39b92f"
                    TAGREFS="LT34"
                    BASELINE="1432 3215 1705 3204" 
                    HPOS="1432"
                    VPOS="3204"
                    WIDTH="273"
                    HEIGHT="11">
	    <String CONTENT=""
                    HPOS="1432"
                    VPOS="3204"
                    WIDTH="273"
                    HEIGHT="11"></String>
          </TextLine>
          <TextLine ID="eSc_line_721e10cc"
                    TAGREFS="LT31"
                    BASELINE="523 3328 996 3322" 
                    HPOS="520"
                    VPOS="3260"
                    WIDTH="476"
                    HEIGHT="93">
            <Shape><Polygon POINTS="523 3328 523 3353 993 3350 996 3322 985 3260 912 3277 833 3269 791 3263 789 3263 786 3263 752 3272 707 3286 520 3286 523 3328"/></Shape>
	    <String CONTENT="roi national."
                    HPOS="520"
                    VPOS="3260"
                    WIDTH="476"
                    HEIGHT="93"
                    WC="0.9501287662065946"></String>
          </TextLine>
        </TextBlock>
        <TextBlock HPOS="44"
                   VPOS="1316"
                   WIDTH="471"
                   HEIGHT="1281"
                   ID="426426a0-8300-4b59-8bff-419769b2897e"
                   TAGREFS="BT43">
          <Shape><Polygon POINTS="515 1316 515 2597 53 2591 44 1322"/></Shape>
          <TextLine ID="eSc_line_724b2ff2"
                    TAGREFS="LT31"
                    BASELINE="61 1406 447 1398" 
                    HPOS="58"
                    VPOS="1350"
                    WIDTH="389"
                    HEIGHT="84">
            <Shape><Polygon POINTS="86 1373 58 1392 61 1406 61 1434 447 1417 447 1398 439 1350 310 1364 232 1361 111 1356 86 1373"/></Shape>
	    <String CONTENT="Vehuntanuds ds"
                    HPOS="58"
                    VPOS="1350"
                    WIDTH="389"
                    HEIGHT="84"
                    WC="0.9704110409532275"></String>
          </TextLine>
          <TextLine ID="eSc_line_ced78a23"
                    TAGREFS="LT31"
                    BASELINE="47 1468 419 1459" 
                    HPOS="44"
                    VPOS="1417"
                    WIDTH="375"
                    HEIGHT="98">
            <Shape><Polygon POINTS="47 1468 47 1501 271 1515 274 1515 277 1515 279 1515 310 1490 316 1487 416 1487 419 1459 414 1417 44 1417 47 1468"/></Shape>
	    <String CONTENT="alle de Huiomen"
                    HPOS="44"
                    VPOS="1417"
                    WIDTH="375"
                    HEIGHT="98"
                    WC="0.9838393529256185"></String>
          </TextLine>
          <TextLine ID="eSc_line_56762514"
                    TAGREFS="LT31"
                    BASELINE="53 1532 489 1515" 
                    HPOS="50"
                    VPOS="1476"
                    WIDTH="439"
                    HEIGHT="132">
            <Shape><Polygon POINTS="53 1532 55 1608 184 1605 187 1605 190 1605 190 1602 207 1588 226 1571 265 1574 268 1574 271 1574 274 1574 302 1552 372 1552 397 1566 425 1582 428 1582 430 1582 433 1582 436 1582 489 1552 489 1515 481 1476 50 1479 53 1532"/></Shape>
	    <String CONTENT="inpa Pu,I. 221"
                    HPOS="50"
                    VPOS="1476"
                    WIDTH="439"
                    HEIGHT="132"
                    WC="0.9647797218390873"></String>
          </TextLine>
          <TextLine ID="eSc_line_605ff044"
                    TAGREFS="LT31"
                    BASELINE="50 2056 388 2072" 
                    HPOS="72"
                    VPOS="2008"
                    WIDTH="316"
                    HEIGHT="95">
            <Shape><Polygon POINTS="128 2027 100 2044 81 2052 72 2072 72 2100 260 2089 282 2091 349 2103 352 2103 355 2103 388 2086 388 2072 388 2024 165 2008 156 2013"/></Shape>
	    <String CONTENT="88 I 223"
                    HPOS="72"
                    VPOS="2008"
                    WIDTH="316"
                    HEIGHT="95"
                    WC="0.9997416883707047"></String>
          </TextLine>
          <TextLine ID="eSc_line_fb8b2e90"
                    TAGREFS="LT31"
                    BASELINE="125 2455 478 2447" 
                    HPOS="123"
                    VPOS="2363"
                    WIDTH="355"
                    HEIGHT="140">
            <Shape><Polygon POINTS="123 2424 125 2455 125 2483 190 2503 193 2503 195 2503 478 2483 478 2447 470 2363 366 2365 363 2365 360 2365 344 2379 316 2402 296 2391 293 2391 291 2391 187 2405 181 2402 170 2391 170 2388 167 2388 165 2388 162 2388 159 2388 139 2396 123 2424"/></Shape>
	    <String CONTENT="aroryt I 121)"
                    HPOS="123"
                    VPOS="2363"
                    WIDTH="355"
                    HEIGHT="140"
                    WC="0.9228968987098107"></String>
          </TextLine>
          <TextLine ID="eSc_line_38015cc9"
                    TAGREFS="LT31"
                    BASELINE="190 2528 321 2528" 
                    HPOS="190"
                    VPOS="2480"
                    WIDTH="131"
                    HEIGHT="123">
            <Shape><Polygon POINTS="190 2528 190 2603 321 2589 321 2528 321 2489 190 2480 190 2528"/></Shape>
	    <String CONTENT="125"
                    HPOS="190"
                    VPOS="2480"
                    WIDTH="131"
                    HEIGHT="123"
                    WC="0.999973734219869"></String>
          </TextLine>
        </TextBlock>
        <TextBlock HPOS="107"
                   VPOS="18"
                   WIDTH="316"
                   HEIGHT="265"
                   ID="eSc_textblock_5ee2c3f7"
                   TAGREFS="BT44">
          <Shape><Polygon POINTS="423 283 423 18 107 18 107 283"/></Shape>
        </TextBlock>
        <TextBlock ID="eSc_dummyblock_">
          <TextLine ID="eSc_line_b6d13133"
                    TAGREFS="LT31"
                    BASELINE="149 139 387 111" 
                    HPOS="149"
                    VPOS="111"
                    WIDTH="238"
                    HEIGHT="28">
	    <String CONTENT=""
                    HPOS="149"
                    VPOS="111"
                    WIDTH="238"
                    HEIGHT="28"></String>
          </TextLine>
        </TextBlock>
      </PrintSpace>
    </Page>
  </Layout>
</alto>
