<?xml version="1.0" encoding="UTF-8"?>
<alto xmlns:xsi="http://www.w3.org/2001/XMLSchema-instance"
      xmlns="http://www.loc.gov/standards/alto/ns-v4#"
      xsi:schemaLocation="http://www.loc.gov/standards/alto/ns-v4# http://www.loc.gov/standards/alto/v4/alto-4-2.xsd">
  <Description>
    <MeasurementUnit>pixel</MeasurementUnit>
    <sourceImageInformation>
      <fileName>ARCH-DIV-000496_0184.png</fileName>
    </sourceImageInformation>
  </Description>
  <Tags>
    <OtherTag ID="BT42" LABEL="MainZone" DESCRIPTION="block type MainZone"/><OtherTag ID="BT43" LABEL="MarginTextZone" DESCRIPTION="block type MarginTextZone"/><OtherTag ID="BT44" LABEL="NumberingZone" DESCRIPTION="block type NumberingZone"/><OtherTag ID="BT45" LABEL="TitlePageZone" DESCRIPTION="block type TitlePageZone"/><OtherTag ID="BT46" LABEL="CustomZone:Numbering" DESCRIPTION="block type CustomZone:Numbering"/><OtherTag ID="BT49" LABEL="MarginTextZone:lower" DESCRIPTION="block type MarginTextZone:lower"/>
    <OtherTag ID="LT25" LABEL="default" DESCRIPTION="line type default"/><OtherTag ID="LT31" LABEL="DefaultLine" DESCRIPTION="line type DefaultLine"/><OtherTag ID="LT32" LABEL="HeadingLine" DESCRIPTION="line type HeadingLine"/><OtherTag ID="LT33" LABEL="InterlinearLine:addition" DESCRIPTION="line type InterlinearLine:addition"/><OtherTag ID="LT34" LABEL="InterlinearLine:correction" DESCRIPTION="line type InterlinearLine:correction"/>
  </Tags>
  <Layout>
    <Page WIDTH="2790"
          HEIGHT="3337"
          PHYSICAL_IMG_NR="183"
          ID="eSc_dummypage_">
      <PrintSpace HPOS="0"
                  VPOS="0"
                  WIDTH="2790"
                  HEIGHT="3337">
        <TextBlock HPOS="527"
                   VPOS="22"
                   WIDTH="2214"
                   HEIGHT="3279"
                   ID="f45d5554-9e09-4132-8f6b-90f25e723425"
                   TAGREFS="BT42">
          <Shape><Polygon POINTS="2741 22 2741 3301 527 3301 527 22"/></Shape>
          <TextLine ID="eSc_line_5564be2a"
                    TAGREFS="LT31"
                    BASELINE="645 86 1527 80" 
                    HPOS="642"
                    VPOS="19"
                    WIDTH="885"
                    HEIGHT="97">
            <Shape><Polygon POINTS="1504 47 1477 44 1449 38 1421 36 1393 33 1376 30 1343 41 1335 44 1146 44 1137 36 1118 19 1115 19 1112 19 1109 19 1107 19 1104 19 1082 36 1073 44 1020 44 968 33 945 30 942 30 909 33 834 41 817 33 806 22 803 22 801 22 798 22 659 27 642 47 645 86 645 108 1521 116 1527 80 1521 47 1504 47"/></Shape>
	    <String CONTENT="était vaincu :4 de retira."
                    HPOS="642"
                    VPOS="19"
                    WIDTH="885"
                    HEIGHT="97"
                    WC="0.9706428899214818"></String>
          </TextLine>
          <TextLine ID="eSc_line_0fc93c49"
                    TAGREFS="LT34"
                    BASELINE="1125 46 1185 27" 
                    HPOS="1125"
                    VPOS="27"
                    WIDTH="60"
                    HEIGHT="19">
	    <String CONTENT=""
                    HPOS="1125"
                    VPOS="27"
                    WIDTH="60"
                    HEIGHT="19"></String>
          </TextLine>
          <TextLine ID="eSc_line_1456a811"
                    TAGREFS="LT31"
                    BASELINE="662 164 2706 152" 
                    HPOS="659"
                    VPOS="91"
                    WIDTH="2047"
                    HEIGHT="98">
            <Shape><Polygon POINTS="662 164 662 186 2700 189 2706 152 2700 108 2589 94 2586 94 2584 94 2581 94 2564 108 2559 111 2397 111 2395 108 2361 91 2358 91 2356 91 2353 91 2305 108 2303 108 2297 108 2214 91 2211 91 2208 91 2205 91 2180 108 2175 111 2083 108 1682 94 1680 94 1599 111 1577 114 1560 111 1516 97 1513 97 1510 97 1418 111 1390 114 1354 111 1226 97 1223 97 1162 111 1140 116 1118 111 1076 100 1073 100 1070 100 1068 100 1026 111 1006 119 787 119 767 111 726 100 723 100 720 100 659 111 662 164"/></Shape>
	    <String CONTENT="Pour le roi, les élections étaient un éctec personnel. Mul n&#x27;équvait"
                    HPOS="659"
                    VPOS="91"
                    WIDTH="2047"
                    HEIGHT="98"
                    WC="0.9850141931982601"></String>
          </TextLine>
          <TextLine ID="eSc_line_9558e333"
                    TAGREFS="LT31"
                    BASELINE="636 233 1460 222 2670 230" 
                    HPOS="636"
                    VPOS="172"
                    WIDTH="2034"
                    HEIGHT="86">
            <Shape><Polygon POINTS="636 233 636 258 2667 250 2670 230 2667 189 2522 172 2520 172 2517 172 2461 186 2389 172 2386 172 2047 186 1902 172 1899 172 1799 186 1721 172 1719 172 1716 172 1668 186 1549 172 1546 172 1543 172 1510 186 1496 172 1493 172 1490 172 1488 172 1485 172 1452 186 1223 172 1221 172 1118 186 1065 172 1062 172 1059 172 1057 172 1054 172 1037 189 840 189 778 172 776 172 773 172 636 186 636 233"/></Shape>
	    <String CONTENT="qu&#x27;il n&#x27;avait cessé d&#x27;exhorter le ministère à renforcer la défense"
                    HPOS="636"
                    VPOS="172"
                    WIDTH="2034"
                    HEIGHT="86"
                    WC="0.98973975074825"></String>
          </TextLine>
          <TextLine ID="eSc_line_526415ba"
                    TAGREFS="LT31"
                    BASELINE="628 305 1129 294 2706 305" 
                    HPOS="625"
                    VPOS="239"
                    WIDTH="2081"
                    HEIGHT="100">
            <Shape><Polygon POINTS="628 305 625 330 1006 333 1009 333 1034 330 1184 317 1360 317 1388 330 1388 333 1390 333 1393 333 1396 333 1399 333 1401 333 1401 330 1429 317 1696 330 1699 330 1796 319 1821 330 1830 336 1833 336 1835 336 1863 330 1936 319 2019 330 2072 339 2075 339 2219 330 2408 322 2450 330 2481 339 2484 339 2486 339 2489 339 2503 330 2525 322 2564 330 2592 339 2595 339 2598 339 2703 330 2706 305 2703 264 2542 247 2539 247 2478 261 2475 261 2442 244 2439 244 2436 244 2353 261 2344 261 2333 261 2208 244 2205 244 1899 258 1872 258 1869 258 1833 241 1830 241 1827 241 1507 255 1440 258 1435 255 1410 239 1407 239 1404 239 1401 239 1312 255 1304 255 1290 255 1157 239 1154 239 1059 253 1043 255 1029 253 959 239 956 239 954 239 904 253 890 255 628 253 628 305"/></Shape>
	    <String CONTENT="du pays et qu&#x27;il n&#x27;avait pas temi à lui que les &lt;...... ...........&gt;"
                    HPOS="625"
                    VPOS="239"
                    WIDTH="2081"
                    HEIGHT="100"
                    WC="0.9535111767658289"></String>
          </TextLine>
          <TextLine ID="eSc_line_f15f6440"
                    TAGREFS="LT31"
                    BASELINE="620 380 2662 350" 
                    HPOS="617"
                    VPOS="311"
                    WIDTH="2045"
                    HEIGHT="89">
            <Shape><Polygon POINTS="620 380 620 400 2662 380 2662 350 2656 311 1744 311 1741 311 1738 311 1735 311 1719 325 1716 325 1691 325 1541 314 1538 314 1477 328 1468 328 1421 328 1026 322 1023 322 1020 322 984 336 979 339 617 339 620 380"/></Shape>
	    <String CONTENT="dépenses militaires n&#x27;eussent dépassé de beaucoup le chittre auquel"
                    HPOS="617"
                    VPOS="311"
                    WIDTH="2045"
                    HEIGHT="89"
                    WC="0.987412028348268"></String>
          </TextLine>
          <TextLine ID="eSc_line_3c827c4c"
                    TAGREFS="LT31"
                    BASELINE="617 450 1894 419 2642 414" 
                    HPOS="614"
                    VPOS="361"
                    WIDTH="2028"
                    HEIGHT="117">
            <Shape><Polygon POINTS="617 450 617 478 2642 436 2642 414 2637 372 2447 361 2445 361 2442 361 2411 375 2408 375 2358 375 1752 375 1749 375 1746 375 1744 375 1730 389 1727 389 1677 389 1312 383 1310 383 614 408 617 450"/></Shape>
	    <String CONTENT="elles avaient atteint. Lui seul, placi en detus et au dessui des luttes"
                    HPOS="614"
                    VPOS="361"
                    WIDTH="2028"
                    HEIGHT="117"
                    WC="0.9872783229384624"></String>
          </TextLine>
          <TextLine ID="eSc_line_87da11d0"
                    TAGREFS="LT31"
                    BASELINE="617 525 1404 497 2703 483" 
                    HPOS="614"
                    VPOS="442"
                    WIDTH="2089"
                    HEIGHT="108">
            <Shape><Polygon POINTS="617 525 617 542 931 550 934 550 1043 539 1132 528 1179 536 1223 545 1226 545 1229 545 1251 536 1273 528 1346 533 1374 536 1376 536 1393 533 1449 522 1541 531 1588 536 1591 536 1593 536 1607 531 1641 520 1838 528 1852 528 1855 528 1858 528 1908 514 1933 528 1936 531 1938 531 1941 531 1944 531 1966 528 2013 517 2036 525 2047 531 2050 531 2052 531 2108 525 2255 508 2314 522 2317 522 2319 522 2322 522 2350 508 2372 522 2375 522 2378 522 2381 522 2400 522 2578 506 2700 517 2703 483 2695 442 614 464 617 525"/></Shape>
	    <String CONTENT="d&#x27;opinion &quot;voyait s approcher l&#x27;eventualité menaçante &lt;......¬"
                    HPOS="614"
                    VPOS="442"
                    WIDTH="2089"
                    HEIGHT="108"
                    WC="0.9651121650972674"></String>
          </TextLine>
          <TextLine ID="eSc_line_60fc88e1"
                    TAGREFS="LT31"
                    BASELINE="606 586 1802 558 2689 553" 
                    HPOS="603"
                    VPOS="500"
                    WIDTH="2086"
                    HEIGHT="117">
            <Shape><Polygon POINTS="606 586 606 617 1930 583 2684 583 2689 553 2684 514 2567 500 2564 500 2561 500 2534 514 2520 514 2055 508 2052 508 1963 522 1922 511 1919 511 1916 511 603 542 606 586"/></Shape>
	    <String CONTENT="vitér du chve inevitable entre la France et l&#x27;Allemagne, lui seul, peu¬"
                    HPOS="603"
                    VPOS="500"
                    WIDTH="2086"
                    HEIGHT="117"
                    WC="0.9935779051041939"></String>
          </TextLine>
          <TextLine ID="eSc_line_16c5b66a"
                    TAGREFS="LT31"
                    BASELINE="598 653 1535 622 2645 611" 
                    HPOS="595"
                    VPOS="567"
                    WIDTH="2050"
                    HEIGHT="105">
            <Shape><Polygon POINTS="598 653 598 672 2642 642 2645 611 2639 567 2044 567 2041 567 2038 567 2036 567 2019 578 2013 581 1994 581 1897 570 1894 570 1891 570 1888 570 1888 572 1877 581 1874 583 1872 583 1858 572 1855 572 1852 572 1849 572 1585 589 1554 589 1546 589 1463 578 1460 578 1457 578 1454 578 1440 592 1435 595 1410 592 1307 581 1304 581 1301 581 1254 595 1243 597 1232 597 1162 583 1159 583 1157 583 1129 597 1121 603 1006 603 990 600 920 589 917 589 915 589 876 603 867 606 848 603 748 592 745 592 595 609 598 653"/></Shape>
	    <String CONTENT="dont que la campague élutorale faisait rage suivait avec angoisse"
                    HPOS="595"
                    VPOS="567"
                    WIDTH="2050"
                    HEIGHT="105"
                    WC="0.9868573133762066"></String>
          </TextLine>
          <TextLine ID="eSc_line_27fce1e4"
                    TAGREFS="LT31"
                    BASELINE="606 717 2625 670" 
                    HPOS="603"
                    VPOS="634"
                    WIDTH="2022"
                    HEIGHT="119">
            <Shape><Polygon POINTS="606 717 606 734 720 753 723 753 726 753 762 739 809 750 812 750 815 750 817 750 853 731 859 731 956 742 959 742 962 742 965 742 984 728 987 725 993 728 1031 742 1034 742 1037 742 1040 742 1073 725 1082 723 1115 725 1212 736 1215 736 1218 736 1265 723 1279 720 1287 723 1307 731 1310 731 1312 731 1315 731 1318 731 1332 723 1343 714 1571 711 1582 717 1599 731 1602 731 1605 731 1607 731 1610 731 1652 717 1677 709 1760 714 1908 725 1910 725 1913 725 1944 711 1961 703 2033 709 2144 720 2147 720 2625 697 2625 670 2617 634 1315 647 956 670 659 664 656 664 653 664 603 678 606 717"/></Shape>
	    <String CONTENT="les péripéties de la candideture du prinse déupolo de Zotengolleru au"
                    HPOS="603"
                    VPOS="634"
                    WIDTH="2022"
                    HEIGHT="119"
                    WC="0.9825209310089332"></String>
          </TextLine>
          <TextLine ID="eSc_line_7a728727"
                    TAGREFS="LT31"
                    BASELINE="603 784 1474 753 2631 734" 
                    HPOS="600"
                    VPOS="692"
                    WIDTH="2031"
                    HEIGHT="120">
            <Shape><Polygon POINTS="603 784 603 812 2631 761 2631 734 2623 692 600 725 603 784"/></Shape>
	    <String CONTENT="tione d&#x27;Espagne, dont, quelques semaines plus tard allait surgèr l&#x27;a"
                    HPOS="600"
                    VPOS="692"
                    WIDTH="2031"
                    HEIGHT="120"
                    WC="0.9876610689303454"></String>
          </TextLine>
          <TextLine ID="eSc_line_c67d2ef2"
                    TAGREFS="LT31"
                    BASELINE="595 848 2709 792" 
                    HPOS="592"
                    VPOS="739"
                    WIDTH="2117"
                    HEIGHT="139">
            <Shape><Polygon POINTS="595 848 595 878 2709 814 2709 792 2695 739 2673 753 2514 745 2497 745 2495 745 2492 745 2489 745 2489 748 2475 759 2311 750 2289 750 2286 750 2269 750 2161 770 592 798 595 848"/></Shape>
	    <String CONTENT="catastrophe. Pourtant, fidèle Aux déclarations de son avénament, il était"
                    HPOS="592"
                    VPOS="739"
                    WIDTH="2117"
                    HEIGHT="139"
                    WC="0.9905187112011321"></String>
          </TextLine>
          <TextLine ID="eSc_line_f4a29df6"
                    TAGREFS="LT31"
                    BASELINE="598 917 2675 867" 
                    HPOS="595"
                    VPOS="817"
                    WIDTH="2080"
                    HEIGHT="128">
            <Shape><Polygon POINTS="598 917 598 945 2675 895 2675 867 2670 831 2481 817 2478 817 2322 837 1949 831 1947 831 1944 831 1910 845 1730 837 1727 837 1518 856 1404 842 1401 842 1165 864 1057 850 1054 850 929 870 876 856 873 856 870 856 867 856 826 873 795 859 792 859 789 859 700 875 645 862 642 862 639 862 636 862 595 875 598 917"/></Shape>
	    <String CONTENT="décidlé à subir le verdiet du pays. Non seulement il confia au barin"
                    HPOS="595"
                    VPOS="817"
                    WIDTH="2080"
                    HEIGHT="128"
                    WC="0.9831507623195648"></String>
          </TextLine>
          <TextLine ID="eSc_line_a30ac515"
                    TAGREFS="LT31"
                    BASELINE="603 984 2637 939" 
                    HPOS="600"
                    VPOS="903"
                    WIDTH="2037"
                    HEIGHT="103">
            <Shape><Polygon POINTS="603 984 603 1006 2381 981 2637 959 2637 939 2628 903 600 934 603 984"/></Shape>
	    <String CONTENT="d&#x27;ancthau la mission de former le nouveau ministie, mais il se"
                    HPOS="600"
                    VPOS="903"
                    WIDTH="2037"
                    HEIGHT="103"
                    WC="0.9982726006738601"></String>
          </TextLine>
          <TextLine ID="eSc_line_6223d9ca"
                    TAGREFS="LT31"
                    BASELINE="592 1053 2637 1017" 
                    HPOS="589"
                    VPOS="973"
                    WIDTH="2048"
                    HEIGHT="114">
            <Shape><Polygon POINTS="592 1053 592 1087 2634 1051 2637 1017 2628 973 589 1003 592 1053"/></Shape>
	    <String CONTENT="laissa encore imposer l&#x27;entrée dans le cabinet de Vichor Jacoles, l.&#x27;um"
                    HPOS="589"
                    VPOS="973"
                    WIDTH="2048"
                    HEIGHT="114"
                    WC="0.9831191133445417"></String>
          </TextLine>
          <TextLine ID="eSc_line_02ecd207"
                    TAGREFS="LT31"
                    BASELINE="589 1131 2681 1090" 
                    HPOS="586"
                    VPOS="1040"
                    WIDTH="2095"
                    HEIGHT="119">
            <Shape><Polygon POINTS="589 1131 589 1151 1143 1159 1146 1159 1248 1156 1251 1156 1287 1137 1290 1137 1293 1137 1376 1154 1379 1154 1382 1154 1446 1134 1449 1134 1499 1151 1502 1151 1504 1151 1507 1151 1563 1131 1566 1131 1571 1131 1699 1148 1702 1148 1705 1148 1769 1131 1819 1145 1821 1145 1824 1145 1827 1145 1872 1126 1913 1140 1916 1140 1919 1140 2264 1117 2623 1129 2625 1129 2628 1129 2681 1106 2681 1090 2675 1051 2392 1040 2389 1040 2386 1040 2347 1056 2344 1056 2305 1056 1930 1051 1927 1051 1924 1051 1897 1065 1888 1065 1694 1053 1691 1053 1566 1073 1549 1073 1516 1073 1293 1065 1290 1065 1193 1078 1165 1065 1162 1065 1159 1065 976 1084 959 1084 934 1084 628 1076 625 1076 623 1076 586 1087 589 1131"/></Shape>
	    <String CONTENT="disélus du mecting d&#x27;Auvers &lt;..... ..... .. .........&gt;"
                    HPOS="586"
                    VPOS="1040"
                    WIDTH="2095"
                    HEIGHT="119"
                    WC="0.942557794076425"></String>
          </TextLine>
          <TextLine ID="eSc_line_9a947f49"
                    TAGREFS="LT31"
                    BASELINE="584 1204 2698 1162" 
                    HPOS="581"
                    VPOS="1117"
                    WIDTH="2117"
                    HEIGHT="114">
            <Shape><Polygon POINTS="584 1204 584 1231 2698 1195 2698 1162 2692 1117 2328 1117 2325 1117 2322 1117 2319 1117 2311 1126 2300 1131 2261 1126 2211 1120 2208 1120 2205 1120 2203 1120 2194 1129 2183 1134 2114 1129 2008 1123 2005 1123 2002 1123 2000 1123 1986 1134 1974 1140 1902 1134 1805 1129 1802 1129 1732 1140 1688 1145 1621 1142 1499 1134 1496 1134 1438 1145 1413 1151 1379 1148 1293 1137 1290 1137 1287 1137 1254 1151 1243 1154 1218 1151 1137 1142 1134 1142 1132 1142 1129 1142 1129 1145 1118 1154 1115 1156 1104 1154 1048 1142 1045 1142 867 1159 834 1162 806 1162 623 1151 620 1151 617 1151 581 1162 584 1204"/></Shape>
	    <String CONTENT="le parangon de l&#x27;auti-militarisme auquel la droite durait le meil¬"
                    HPOS="581"
                    VPOS="1117"
                    WIDTH="2117"
                    HEIGHT="114"
                    WC="0.9932970567183061"></String>
          </TextLine>
          <TextLine ID="eSc_line_fe256d8f"
                    TAGREFS="LT31"
                    BASELINE="589 1270 2684 1251" 
                    HPOS="586"
                    VPOS="1198"
                    WIDTH="2098"
                    HEIGHT="103">
            <Shape><Polygon POINTS="589 1270 589 1301 2681 1279 2684 1251 2675 1204 2450 1212 2431 1206 2406 1198 2403 1198 2400 1198 2397 1198 2395 1198 2383 1206 2369 1218 2261 1218 2233 1209 2194 1201 2191 1201 2127 1209 2083 1218 2072 1212 2063 1204 2061 1204 2058 1204 1922 1204 1919 1204 1835 1215 1813 1218 1808 1215 1791 1204 1788 1204 1785 1204 1783 1204 1716 1218 1694 1220 1646 1218 1485 1206 1482 1206 1479 1206 1477 1206 1454 1220 1452 1223 1426 1220 1324 1209 1321 1209 1187 1226 1171 1226 1162 1226 1112 1212 1109 1212 1107 1212 1104 1212 1101 1212 1084 1226 1082 1226 1079 1226 979 1215 976 1215 881 1229 879 1231 842 1231 659 1231 628 1215 625 1215 623 1215 620 1215 586 1229 589 1270"/></Shape>
	    <String CONTENT="leur de son succès (2 puullet). La dissolution des Chambres, réclamée par"
                    HPOS="586"
                    VPOS="1198"
                    WIDTH="2098"
                    HEIGHT="103"
                    WC="0.9985579284903121"></String>
          </TextLine>
          <TextLine ID="eSc_line_bc0d9b65"
                    TAGREFS="LT31"
                    BASELINE="598 1351 2678 1315" 
                    HPOS="595"
                    VPOS="1268"
                    WIDTH="2083"
                    HEIGHT="105">
            <Shape><Polygon POINTS="598 1351 598 1373 1546 1370 1699 1354 1738 1351 1791 1351 2033 1362 2036 1362 2038 1362 2077 1348 2083 1345 2089 1345 2133 1359 2136 1359 2139 1359 2500 1354 2675 1334 2678 1315 2670 1268 595 1298 598 1351"/></Shape>
	    <String CONTENT="le Ministire, &lt;........ .. .. .... .. ...&gt;"
                    HPOS="595"
                    VPOS="1268"
                    WIDTH="2083"
                    HEIGHT="105"
                    WC="0.9456899833111536"></String>
          </TextLine>
          <TextLine ID="eSc_line_2b3dbeae"
                    TAGREFS="LT31"
                    BASELINE="595 1421 2678 1387" 
                    HPOS="592"
                    VPOS="1337"
                    WIDTH="2086"
                    HEIGHT="109">
            <Shape><Polygon POINTS="595 1421 595 1446 2678 1421 2678 1387 2673 1351 2417 1337 2414 1337 2272 1354 2197 1340 2194 1340 2191 1340 2147 1357 2144 1357 2136 1357 2013 1343 2011 1343 2008 1343 2005 1343 1980 1359 1977 1359 1947 1345 1944 1345 1941 1345 1938 1345 1899 1359 1897 1359 1885 1359 1635 1348 1632 1348 1630 1348 1593 1365 1591 1365 1546 1365 1268 1357 1265 1357 1193 1370 1182 1370 1176 1370 1132 1357 1129 1357 1126 1357 1123 1357 1121 1357 1107 1370 1101 1373 1090 1370 1034 1359 1031 1359 1029 1359 1004 1373 1001 1373 965 1373 767 1362 764 1362 592 1376 595 1421"/></Shape>
	    <String CONTENT="&lt;......... ....... ........ .. ...&gt;"
                    HPOS="592"
                    VPOS="1337"
                    WIDTH="2086"
                    HEIGHT="109"
                    WC="0.8936231357710702"></String>
          </TextLine>
          <TextLine ID="eSc_line_181ea25f"
                    TAGREFS="LT31"
                    BASELINE="592 1504 2673 1459" 
                    HPOS="589"
                    VPOS="1412"
                    WIDTH="2084"
                    HEIGHT="125">
            <Shape><Polygon POINTS="592 1504 592 1523 712 1537 714 1537 717 1537 776 1523 812 1537 815 1537 817 1537 942 1521 1093 1537 1095 1537 1287 1512 1363 1526 1365 1526 1368 1526 1371 1526 1388 1509 1507 1509 1888 1521 1891 1521 2005 1504 2144 1515 2147 1515 2150 1515 2153 1515 2178 1498 2230 1512 2233 1512 2236 1512 2325 1493 2375 1509 2378 1509 2381 1509 2623 1501 2625 1501 2673 1482 2673 1459 2664 1412 1755 1440 1680 1429 1660 1426 1657 1426 1655 1426 1643 1429 1593 1443 1541 1432 1529 1429 1527 1429 1524 1429 1518 1432 1485 1446 1293 1434 1265 1434 1262 1434 1246 1434 1107 1454 1043 1440 1040 1440 1037 1440 1034 1440 973 1457 898 1446 895 1446 717 1462 589 1448 592 1504"/></Shape>
	    <String CONTENT="&lt;.. ... .. .. .. ......&gt;"
                    HPOS="589"
                    VPOS="1412"
                    WIDTH="2084"
                    HEIGHT="125"
                    WC="0.8634766141573588"></String>
          </TextLine>
          <TextLine ID="eSc_line_42bd71f0"
                    TAGREFS="LT31"
                    BASELINE="581 1573 2670 1537" 
                    HPOS="578"
                    VPOS="1501"
                    WIDTH="2092"
                    HEIGHT="100">
            <Shape><Polygon POINTS="581 1573 581 1601 2667 1568 2670 1537 2664 1501 1713 1501 1710 1501 1707 1501 1663 1518 1660 1518 1627 1518 1332 1509 1329 1509 1326 1509 1324 1509 1304 1523 1301 1523 1296 1523 1168 1512 1165 1512 1162 1512 1104 1526 1054 1512 1051 1512 1048 1512 1045 1512 979 1529 976 1529 959 1529 623 1521 620 1521 617 1521 578 1532 581 1573"/></Shape>
	    <String CONTENT="&lt;..... ..... .. .. ... ....... ....&gt;"
                    HPOS="578"
                    VPOS="1501"
                    WIDTH="2092"
                    HEIGHT="100"
                    WC="0.8843417515357336"></String>
          </TextLine>
          <TextLine ID="eSc_line_ae71a77b"
                    TAGREFS="LT31"
                    BASELINE="584 1646 2678 1610" 
                    HPOS="581"
                    VPOS="1576"
                    WIDTH="2097"
                    HEIGHT="111">
            <Shape><Polygon POINTS="584 1646 584 1662 739 1687 742 1687 745 1687 803 1668 1087 1679 1090 1679 1315 1657 1390 1651 1410 1657 1457 1674 1460 1674 1463 1674 1465 1674 1518 1657 1527 1654 1574 1657 1799 1668 1802 1668 1805 1668 1844 1654 1874 1643 1910 1654 1952 1665 1955 1665 1958 1665 2166 1662 2169 1662 2172 1662 2172 1660 2183 1651 2200 1635 2450 1635 2470 1649 2478 1657 2481 1657 2484 1657 2486 1657 2489 1657 2492 1657 2506 1649 2528 1635 2575 1649 2600 1654 2603 1654 2606 1654 2609 1654 2611 1654 2623 1646 2639 1637 2673 1646 2678 1610 2673 1576 1710 1576 1707 1576 1059 1601 628 1596 625 1596 623 1596 581 1610 584 1646"/></Shape>
	    <String CONTENT="&lt;e ........  ... .. .. ......... e que de"
                    HPOS="581"
                    VPOS="1576"
                    WIDTH="2097"
                    HEIGHT="111"
                    WC="0.847831319018108"></String>
          </TextLine>
          <TextLine ID="eSc_line_c2b923f8"
                    TAGREFS="LT31"
                    BASELINE="598 1715 2675 1674" 
                    HPOS="595"
                    VPOS="1626"
                    WIDTH="2080"
                    HEIGHT="131">
            <Shape><Polygon POINTS="598 1715 600 1757 648 1740 687 1754 689 1754 692 1754 901 1735 1004 1749 1009 1749 1012 1749 1015 1749 1018 1749 1045 1729 1151 1729 1396 1740 1410 1740 1413 1740 1429 1740 1707 1718 1810 1732 1819 1732 1821 1732 1838 1732 2033 1712 2075 1726 2077 1726 2080 1726 2083 1726 2086 1726 2089 1726 2125 1710 2673 1712 2675 1674 2670 1626 2559 1626 2556 1626 2553 1626 2550 1626 2550 1629 2528 1646 2211 1649 2183 1637 2178 1635 2175 1635 2172 1635 2139 1637 2027 1651 2002 1640 1986 1635 1983 1635 1980 1635 1810 1640 1808 1640 1805 1640 1799 1646 1783 1657 1646 1649 1566 1646 1563 1646 1560 1646 1557 1646 1549 1651 1529 1665 1407 1665 1365 1657 1329 1649 1326 1649 1262 1660 1204 1668 1157 1662 1101 1654 1098 1654 1095 1654 1070 1662 1051 1674 942 1674 923 1668 892 1657 890 1657 887 1657 884 1657 848 1668 823 1676 784 1671 734 1662 731 1662 595 1674 598 1715"/></Shape>
	    <String CONTENT="quelques jours la déclasation de guerre de &lt;..&lt;......&gt; (19 puittits),"
                    HPOS="595"
                    VPOS="1626"
                    WIDTH="2080"
                    HEIGHT="131"
                    WC="0.9119514205317566"></String>
          </TextLine>
          <TextLine ID="eSc_line_659aa623"
                    TAGREFS="LT34"
                    BASELINE="1701 1664 2174 1644 2174 1644 2373 1648" 
                    HPOS="1701"
                    VPOS="1644"
                    WIDTH="672"
                    HEIGHT="20">
	    <String CONTENT=""
                    HPOS="1701"
                    VPOS="1644"
                    WIDTH="672"
                    HEIGHT="20"></String>
          </TextLine>
          <TextLine ID="eSc_line_5ff4003a"
                    TAGREFS="LT31"
                    BASELINE="578 1790 2186 1743 2687 1738" 
                    HPOS="575"
                    VPOS="1682"
                    WIDTH="2112"
                    HEIGHT="145">
            <Shape><Polygon POINTS="578 1790 578 1827 2478 1763 2681 1768 2687 1738 2681 1693 2567 1682 2564 1682 2475 1699 2461 1699 2436 1699 2267 1690 2264 1690 2164 1707 2150 1707 2091 1707 1668 1707 1666 1707 1663 1707 1632 1721 1630 1724 817 1743 815 1743 770 1732 767 1732 764 1732 575 1749 578 1790"/></Shape>
	    <String CONTENT="Il était trop tard pour remettre les élctions. Elles eurent lieu le 2 aaût, au"
                    HPOS="575"
                    VPOS="1682"
                    WIDTH="2112"
                    HEIGHT="145"
                    WC="0.9940960934528937"></String>
          </TextLine>
          <TextLine ID="eSc_line_4e9ca663"
                    TAGREFS="LT31"
                    BASELINE="578 1865 2678 1801" 
                    HPOS="575"
                    VPOS="1765"
                    WIDTH="2103"
                    HEIGHT="120">
            <Shape><Polygon POINTS="578 1865 578 1885 2675 1829 2678 1801 2670 1765 575 1827 578 1865"/></Shape>
	    <String CONTENT="milicu de la mobilisation de l&#x27;armée. &lt;.. ... ...&gt;"
                    HPOS="575"
                    VPOS="1765"
                    WIDTH="2103"
                    HEIGHT="120"
                    WC="0.9806338214874267"></String>
          </TextLine>
          <TextLine ID="eSc_line_e4f72c69"
                    TAGREFS="LT31"
                    BASELINE="589 1941 2681 1865" 
                    HPOS="586"
                    VPOS="1821"
                    WIDTH="2095"
                    HEIGHT="158">
            <Shape><Polygon POINTS="589 1941 592 1979 670 1960 737 1974 739 1974 742 1974 751 1974 901 1952 1031 1963 1051 1963 1054 1963 1079 1960 1218 1941 1265 1952 1273 1954 1276 1954 1279 1954 1299 1952 1371 1935 1532 1941 1588 1943 1591 1943 1593 1943 1610 1938 1652 1927 1707 1935 1735 1938 1738 1938 1741 1938 1744 1938 1749 1932 1760 1924 1796 1932 1821 1935 1824 1935 1888 1927 2000 1913 2158 1915 2289 1918 2292 1918 2294 1918 2331 1910 2372 1899 2406 1907 2428 1910 2431 1910 2433 1910 2436 1910 2442 1904 2456 1896 2678 1896 2681 1865 2673 1821 586 1896 589 1941"/></Shape>
	    <String CONTENT="forcée frâce au désarroi des libéraux, elles renforièrent la majarité cattolique"
                    HPOS="586"
                    VPOS="1821"
                    WIDTH="2095"
                    HEIGHT="158"
                    WC="0.9916414305567741"></String>
          </TextLine>
          <TextLine ID="eSc_line_ae0d274a"
                    TAGREFS="LT31"
                    BASELINE="584 2004 2678 1941" 
                    HPOS="581"
                    VPOS="1896"
                    WIDTH="2097"
                    HEIGHT="145">
            <Shape><Polygon POINTS="584 2004 584 2041 2678 1968 2678 1941 2670 1896 581 1963 584 2004"/></Shape>
	    <String CONTENT="et partant le cabinet auti mélitarièle qui se trouvait appelé &lt;....&gt;"
                    HPOS="581"
                    VPOS="1896"
                    WIDTH="2097"
                    HEIGHT="145"
                    WC="0.972859650850296"></String>
          </TextLine>
          <TextLine ID="eSc_line_682c6f4e"
                    TAGREFS="LT31"
                    BASELINE="570 2074 1624 2057 2258 2024 2684 2018" 
                    HPOS="567"
                    VPOS="1974"
                    WIDTH="2117"
                    HEIGHT="136">
            <Shape><Polygon POINTS="570 2074 570 2096 876 2110 879 2110 1346 2099 1349 2099 1388 2082 1443 2096 1446 2096 1449 2096 1568 2080 1824 2088 1827 2088 2506 2052 2517 2052 2520 2052 2628 2068 2631 2068 2634 2068 2684 2046 2684 2018 2675 1974 2161 1982 2158 1982 2155 1982 2155 1985 2133 1999 2086 1985 2080 1985 2077 1985 2075 1985 2072 1985 2069 1985 2041 2002 1808 1993 1805 1993 1699 2010 1618 1999 1616 1999 1471 2016 1404 2004 1401 2004 1243 2021 1051 2010 1048 2010 1045 2010 1043 2010 1040 2010 1012 2027 915 2016 912 2016 784 2032 567 2021 570 2074"/></Shape>
	    <String CONTENT="&lt;..... ......&gt; à veiller sur l&#x27;indépendance metionale dans la plus"
                    HPOS="567"
                    VPOS="1974"
                    WIDTH="2117"
                    HEIGHT="136"
                    WC="0.9591811957643993"></String>
          </TextLine>
          <TextLine ID="eSc_line_b06eea06"
                    TAGREFS="LT31"
                    BASELINE="578 2155 1371 2132" 
                    HPOS="575"
                    VPOS="2085"
                    WIDTH="796"
                    HEIGHT="103">
            <Shape><Polygon POINTS="578 2155 578 2188 770 2188 798 2182 876 2166 995 2174 1070 2180 1073 2180 1076 2180 1095 2171 1118 2160 1371 2160 1371 2132 1365 2085 1004 2085 1001 2085 998 2085 948 2102 945 2102 942 2102 884 2085 881 2085 879 2085 767 2107 595 2093 592 2093 589 2093 586 2093 586 2096 584 2096 575 2102 578 2155"/></Shape>
	    <String CONTENT="tragique des coujonctures."
                    HPOS="575"
                    VPOS="2085"
                    WIDTH="796"
                    HEIGHT="103"
                    WC="0.9975853195557227"></String>
          </TextLine>
          <TextLine ID="eSc_line_b651f1e8"
                    TAGREFS="LT33"
                    BASELINE="2175 2126 2527 2114" 
                    HPOS="2191"
                    VPOS="2052"
                    WIDTH="345"
                    HEIGHT="119">
            <Shape><Polygon POINTS="2197 2155 2353 2171 2356 2171 2536 2155 2536 2105 2528 2052 2414 2071 2191 2068 2197 2121"/></Shape>
	    <String CONTENT="iigiquement)"
                    HPOS="2191"
                    VPOS="2052"
                    WIDTH="345"
                    HEIGHT="119"
                    WC="0.9630023886760076"></String>
          </TextLine>
          <TextLine ID="eSc_line_4f613f22"
                    TAGREFS="LT31"
                    BASELINE="592 2221 2080 2177 2662 2171" 
                    HPOS="589"
                    VPOS="2127"
                    WIDTH="2073"
                    HEIGHT="128">
            <Shape><Polygon POINTS="592 2221 592 2244 776 2255 778 2255 904 2238 915 2238 923 2238 979 2249 981 2249 984 2249 987 2249 1001 2238 1004 2235 1015 2235 1076 2246 1079 2246 1082 2246 1115 2235 1123 2230 2662 2202 2662 2171 2656 2130 2228 2127 2225 2127 2047 2144 2016 2146 1991 2146 1821 2138 1819 2138 1816 2138 1813 2138 1796 2152 1794 2155 1724 2155 1207 2155 1204 2155 589 2182 592 2221"/></Shape>
	    <String CONTENT="Dès l&#x27;ouvesture des hostilités, le quevernement avait afpermé se réso¬"
                    HPOS="589"
                    VPOS="2127"
                    WIDTH="2073"
                    HEIGHT="128"
                    WC="0.9896193018981388"></String>
          </TextLine>
          <TextLine ID="eSc_line_4861a4d5"
                    TAGREFS="LT31"
                    BASELINE="589 2291 2283 2244 2650 2246" 
                    HPOS="586"
                    VPOS="2194"
                    WIDTH="2064"
                    HEIGHT="125">
            <Shape><Polygon POINTS="589 2291 589 2319 2648 2258 2650 2246 2645 2194 1004 2244 586 2241 589 2291"/></Shape>
	    <String CONTENT="lution de défindre la mutralité par tous les moyns au soen posvoirs¬"
                    HPOS="586"
                    VPOS="2194"
                    WIDTH="2064"
                    HEIGHT="125"
                    WC="0.9724848691154929"></String>
          </TextLine>
          <TextLine ID="eSc_line_db2e29f2"
                    TAGREFS="LT31"
                    BASELINE="578 2355 1549 2344 2244 2319 2628 2324" 
                    HPOS="575"
                    VPOS="2280"
                    WIDTH="2053"
                    HEIGHT="103">
            <Shape><Polygon POINTS="578 2355 578 2383 1532 2374 1557 2372 1616 2360 1707 2369 1749 2372 1752 2372 1755 2372 1766 2369 1796 2355 2422 2344 2623 2355 2628 2324 2623 2280 575 2308 578 2355"/></Shape>
	    <String CONTENT="L&#x27;armée, observant à la fois le frontière de l&#x27;Est et la fontieère du Sud"
                    HPOS="575"
                    VPOS="2280"
                    WIDTH="2053"
                    HEIGHT="103"
                    WC="0.9903108211787971"></String>
          </TextLine>
          <TextLine ID="eSc_line_6dec4b9c"
                    TAGREFS="LT31"
                    BASELINE="578 2430 2631 2383" 
                    HPOS="575"
                    VPOS="2344"
                    WIDTH="2056"
                    HEIGHT="111">
            <Shape><Polygon POINTS="578 2430 578 2455 2631 2410 2631 2383 2623 2344 575 2383 578 2430"/></Shape>
	    <String CONTENT="avait pour &lt;.&gt; instuctions de désarmes &lt;itôt tout corps étranger"
                    HPOS="575"
                    VPOS="2344"
                    WIDTH="2056"
                    HEIGHT="111"
                    WC="0.9837882677093148"></String>
          </TextLine>
          <TextLine ID="eSc_line_2119a696"
                    TAGREFS="LT31"
                    BASELINE="578 2497 2637 2455" 
                    HPOS="575"
                    VPOS="2419"
                    WIDTH="2062"
                    HEIGHT="114">
            <Shape><Polygon POINTS="578 2497 578 2533 2637 2483 2637 2455 2628 2419 575 2447 578 2497"/></Shape>
	    <String CONTENT="qui pénitrerait sur le territoire on, en cas de refus, d agèr un inéditunt"
                    HPOS="575"
                    VPOS="2419"
                    WIDTH="2062"
                    HEIGHT="114"
                    WC="0.988378401543643"></String>
          </TextLine>
          <TextLine ID="eSc_line_0a14d376"
                    TAGREFS="LT31"
                    BASELINE="570 2577 2653 2527" 
                    HPOS="567"
                    VPOS="2480"
                    WIDTH="2086"
                    HEIGHT="125">
            <Shape><Polygon POINTS="570 2577 570 2605 2653 2558 2653 2527 2645 2480 567 2533 570 2577"/></Shape>
	    <String CONTENT="contre lui. Ni l&#x27;un ni l&#x27;autre des bellégésants ne songeait d&#x27;ailleurs"
                    HPOS="567"
                    VPOS="2480"
                    WIDTH="2086"
                    HEIGHT="125"
                    WC="0.9940950870513916"></String>
          </TextLine>
          <TextLine ID="eSc_line_52d39336"
                    TAGREFS="LT31"
                    BASELINE="573 2655 2294 2602 2667 2602" 
                    HPOS="570"
                    VPOS="2547"
                    WIDTH="2097"
                    HEIGHT="136">
            <Shape><Polygon POINTS="573 2655 573 2672 870 2683 873 2683 959 2666 976 2664 998 2664 1137 2677 1140 2677 1499 2666 1502 2666 1527 2655 1538 2650 1668 2652 1885 2655 1888 2655 1933 2647 1994 2633 2033 2644 2052 2650 2055 2650 2058 2650 2102 2644 2197 2627 2664 2630 2667 2602 2664 2558 2553 2547 2550 2547 2461 2561 2447 2563 2439 2563 2395 2550 2392 2550 2389 2550 2386 2550 2383 2550 2367 2563 2364 2566 2358 2563 2328 2555 2325 2555 2322 2555 2203 2569 2169 2572 2158 2569 2119 2558 2116 2558 2114 2558 1944 2575 1894 2580 1877 2577 1827 2566 1824 2566 1821 2566 1819 2566 1805 2580 1799 2583 1780 2580 1713 2569 1710 2569 1641 2583 1613 2588 1591 2586 1535 2575 1532 2575 1529 2575 1527 2575 1507 2588 1502 2591 1488 2588 1454 2577 1452 2577 1449 2577 1446 2577 1443 2577 1429 2588 1421 2594 1301 2594 1051 2588 1048 2588 970 2602 931 2608 906 2602 862 2594 859 2594 570 2611 573 2655"/></Shape>
	    <String CONTENT="à euvahir la Belgique, dont la viôlation eût été considérée par l&#x27;An¬"
                    HPOS="570"
                    VPOS="2547"
                    WIDTH="2097"
                    HEIGHT="136"
                    WC="0.9841938384941646"></String>
          </TextLine>
          <TextLine ID="eSc_line_9e27bc4e"
                    TAGREFS="LT31"
                    BASELINE="564 2733 2637 2672" 
                    HPOS="561"
                    VPOS="2625"
                    WIDTH="2076"
                    HEIGHT="144">
            <Shape><Polygon POINTS="564 2733 564 2769 737 2761 739 2761 776 2744 962 2755 1031 2758 1034 2758 1312 2741 1632 2722 1643 2727 1655 2736 1657 2736 1660 2736 1663 2736 1724 2725 1791 2714 1944 2716 2066 2719 2069 2719 2130 2711 2178 2700 2375 2700 2381 2700 2442 2716 2445 2716 2447 2716 2637 2689 2637 2672 2628 2633 2408 2639 2403 2639 2342 2625 2339 2625 2253 2644 2242 2644 2233 2644 2155 2630 2153 2630 2150 2630 2114 2647 2111 2647 2102 2647 1963 2636 1961 2636 1838 2655 1827 2655 1810 2655 1588 2647 1585 2647 1087 2677 1018 2680 993 2680 817 2672 815 2672 703 2689 698 2689 695 2689 648 2675 645 2675 642 2675 561 2691 564 2733"/></Shape>
	    <String CONTENT="gliterre comme un casus bellé. Uis le 25 pullet, la publicution par le"
                    HPOS="561"
                    VPOS="2625"
                    WIDTH="2076"
                    HEIGHT="144"
                    WC="0.9849184155464172"></String>
          </TextLine>
          <TextLine ID="eSc_line_62bfdeef"
                    TAGREFS="LT33"
                    BASELINE="1748 2742 1931 2727" 
                    HPOS="1748"
                    VPOS="2727"
                    WIDTH="183"
                    HEIGHT="15">
	    <String CONTENT=""
                    HPOS="1748"
                    VPOS="2727"
                    WIDTH="183"
                    HEIGHT="15"></String>
          </TextLine>
          <TextLine ID="eSc_line_0572ce4a"
                    TAGREFS="LT31"
                    BASELINE="561 2816 2434 2736 2653 2737" 
                    HPOS="559"
                    VPOS="2686"
                    WIDTH="2094"
                    HEIGHT="153">
            <Shape><Polygon POINTS="561 2839 2653 2758 2653 2727 2648 2686 2247 2708 2225 2702 2180 2691 2178 2691 2175 2691 2172 2691 2119 2708 2102 2714 2091 2711 2061 2694 2058 2694 2055 2694 1721 2708 1719 2708 1666 2727 1652 2733 1641 2730 1607 2719 1605 2719 1602 2719 1282 2747 1196 2753 1173 2750 1079 2739 1076 2739 1073 2739 1070 2739 1048 2755 1045 2758 1015 2758 834 2753 831 2753 828 2753 795 2769 789 2772 559 2778 561 2816"/></Shape>
	    <String CONTENT="bines du traité secret que Bismarch la .h &#x27;insidieusement amené"
                    HPOS="559"
                    VPOS="2686"
                    WIDTH="2094"
                    HEIGHT="153"
                    WC="0.9941883257457188"></String>
          </TextLine>
          <TextLine ID="eSc_line_5bb96637"
                    TAGREFS="LT31"
                    BASELINE="561 2886 2228 2814 2662 2808" 
                    HPOS="559"
                    VPOS="2750"
                    WIDTH="2103"
                    HEIGHT="164">
            <Shape><Polygon POINTS="561 2886 561 2911 865 2914 867 2914 962 2897 979 2894 993 2894 1079 2905 1082 2905 1084 2905 1087 2905 1104 2892 1159 2903 1162 2903 1165 2903 1223 2886 1229 2886 1232 2886 1296 2897 1299 2897 1702 2880 1805 2864 1835 2858 1849 2861 1883 2872 1885 2872 1888 2872 1952 2858 1972 2853 1986 2855 2019 2867 2022 2867 2025 2867 2027 2867 2061 2853 2069 2850 2122 2850 2303 2855 2305 2855 2308 2855 2356 2842 2375 2836 2414 2839 2503 2847 2506 2847 2662 2828 2662 2808 2653 2764 2503 2766 2500 2766 2453 2750 2450 2750 2447 2750 2445 2750 2442 2750 2411 2769 2406 2772 2381 2772 2242 2758 2239 2758 2105 2780 2058 2786 2050 2780 2030 2766 2027 2766 2025 2766 2022 2766 2019 2766 1974 2783 1949 2791 1835 2786 1724 2783 1721 2783 1719 2783 1702 2791 1688 2800 1674 2791 1660 2786 1657 2786 1655 2786 1607 2794 1549 2805 1513 2797 1490 2791 1488 2791 1485 2791 1482 2791 1460 2800 1415 2814 1357 2803 1343 2800 1340 2800 1337 2800 1335 2800 1332 2803 1307 2819 1148 2828 559 2828 561 2886"/></Shape>
	    <String CONTENT="Benédetti à lui propores) avait exaspéré l&#x27;opinion, et le 9 avut, le cabi¬"
                    HPOS="559"
                    VPOS="2750"
                    WIDTH="2103"
                    HEIGHT="164"
                    WC="0.9848318926493327"></String>
          </TextLine>
          <TextLine ID="eSc_line_74566105"
                    TAGREFS="LT31"
                    BASELINE="559 2950 2639 2880" 
                    HPOS="556"
                    VPOS="2833"
                    WIDTH="2083"
                    HEIGHT="150">
            <Shape><Polygon POINTS="559 2950 559 2972 720 2983 723 2983 815 2967 823 2967 840 2967 1043 2972 1045 2972 1388 2953 1557 2942 1621 2944 1696 2950 1699 2950 1830 2939 1974 2928 2022 2933 2055 2939 2058 2939 2364 2928 2367 2928 2369 2928 2372 2925 2395 2914 2637 2917 2639 2880 2634 2844 2545 2833 2542 2833 2400 2850 2372 2853 2319 2853 2047 2850 2044 2850 1958 2864 1941 2867 1885 2867 1630 2864 1627 2864 1493 2880 1454 2883 1401 2883 1248 2878 1246 2878 1243 2878 1207 2889 1196 2892 1187 2889 1159 2880 1157 2880 1154 2880 1151 2880 1129 2892 1123 2894 1059 2894 881 2889 879 2889 556 2908 559 2950"/></Shape>
	    <String CONTENT="net de Londres avait obtenu de la France et de l&#x27;Allemagne, &lt;....ti&gt;"
                    HPOS="556"
                    VPOS="2833"
                    WIDTH="2083"
                    HEIGHT="150"
                    WC="0.9885563394602608"></String>
          </TextLine>
          <TextLine ID="eSc_line_fd116194"
                    TAGREFS="LT31"
                    BASELINE="556 3022 1131 3021 2650 2972" 
                    HPOS="553"
                    VPOS="2922"
                    WIDTH="2097"
                    HEIGHT="131">
            <Shape><Polygon POINTS="556 3053 2650 3006 2650 2972 2645 2936 2522 2922 2520 2922 2517 2922 2453 2939 2450 2939 2442 2939 2294 2928 2292 2928 2289 2928 2286 2928 2269 2944 2267 2947 1994 2950 1988 2950 1947 2936 1944 2936 1941 2936 1938 2936 1936 2936 1910 2950 1908 2953 1880 2953 1721 2942 1719 2942 1605 2958 1593 2958 1585 2958 1477 2947 1474 2947 1471 2947 1435 2961 1429 2967 553 2981 556 3022"/></Shape>
	    <String CONTENT="l&#x27;assurance de res pecter la nentralité garantie au pays en 1839. Lhopé¬"
                    HPOS="553"
                    VPOS="2922"
                    WIDTH="2097"
                    HEIGHT="131"
                    WC="0.9803203592697779"></String>
          </TextLine>
          <TextLine ID="eSc_line_c3e9d76a"
                    TAGREFS="LT31"
                    BASELINE="553 3095 2650 3042" 
                    HPOS="550"
                    VPOS="2989"
                    WIDTH="2100"
                    HEIGHT="139">
            <Shape><Polygon POINTS="553 3095 553 3128 2648 3075 2650 3042 2642 2989 2564 3006 550 3050 553 3095"/></Shape>
	    <String CONTENT="rations militaires &lt;.......... ...... .......&gt; avaient dé¬"
                    HPOS="550"
                    VPOS="2989"
                    WIDTH="2100"
                    HEIGHT="139"
                    WC="0.9028497389678297"></String>
          </TextLine>
          <TextLine ID="eSc_line_add27ffa"
                    TAGREFS="LT31"
                    BASELINE="561 3161 2609 3117" 
                    HPOS="559"
                    VPOS="3075"
                    WIDTH="2050"
                    HEIGHT="122">
            <Shape><Polygon POINTS="561 3161 561 3184 617 3197 620 3197 689 3184 700 3181 703 3184 720 3195 723 3195 726 3195 728 3195 945 3192 1332 3172 1507 3161 2609 3150 2609 3117 2600 3075 559 3117 561 3161"/></Shape>
	    <String CONTENT="buté sur le Gaut Rhine et les premières vistoires de la Pruese semblaient"
                    HPOS="559"
                    VPOS="3075"
                    WIDTH="2050"
                    HEIGHT="122"
                    WC="0.9921933045125988"></String>
          </TextLine>
          <TextLine ID="eSc_line_050c4696"
                    TAGREFS="LT31"
                    BASELINE="553 3239 1513 3214 2653 3200" 
                    HPOS="550"
                    VPOS="3161"
                    WIDTH="2103"
                    HEIGHT="114">
            <Shape><Polygon POINTS="550 3231 553 3239 553 3267 614 3259 653 3267 695 3275 698 3275 700 3275 703 3275 714 3267 728 3256 742 3264 753 3273 756 3273 759 3273 762 3275 851 3275 851 3273 926 3264 1020 3250 1198 3259 1321 3264 1324 3264 1390 3256 1499 3242 1641 3253 1699 3256 1702 3256 1727 3250 1794 3236 1849 3250 1872 3253 1874 3253 1877 3253 1894 3248 1944 3234 1983 3248 1991 3250 1994 3250 1997 3250 2022 3248 2108 3231 2153 3245 2155 3245 2158 3245 2172 3245 2381 3228 2650 3236 2653 3200 2645 3161 561 3197 550 3231"/></Shape>
	    <String CONTENT="nidiquer qu&#x27;elles se prolingeraient dans la douction Verdin- Paris. Il fal¬"
                    HPOS="550"
                    VPOS="3161"
                    WIDTH="2103"
                    HEIGHT="114"
                    WC="0.9926241540908813"></String>
          </TextLine>
        </TextBlock>
        <TextBlock HPOS="35"
                   VPOS="614"
                   WIDTH="474"
                   HEIGHT="243"
                   ID="42c95d57-34df-4475-bc60-e6cdb7f00106"
                   TAGREFS="BT43">
          <Shape><Polygon POINTS="503 614 509 843 35 857 35 619"/></Shape>
          <TextLine ID="eSc_line_fc9d2d19"
                    TAGREFS="LT31"
                    BASELINE="52 681 422 686" 
                    HPOS="50"
                    VPOS="636"
                    WIDTH="372"
                    HEIGHT="78">
            <Shape><Polygon POINTS="136 645 108 675 80 667 77 636 52 636 52 681 50 714 420 714 422 686 422 642 158 636 136 645"/></Shape>
	    <String CONTENT="L Consentenm d"
                    HPOS="50"
                    VPOS="636"
                    WIDTH="372"
                    HEIGHT="78"
                    WC="0.9974943612303052"></String>
          </TextLine>
          <TextLine ID="eSc_line_c62aeaa2"
                    TAGREFS="LT31"
                    BASELINE="54 759 472 760" 
                    HPOS="69"
                    VPOS="700"
                    WIDTH="392"
                    HEIGHT="100">
            <Shape><Polygon POINTS="72 761 75 800 125 784 458 789 461 753 450 700 403 720 77 720 69 734"/></Shape>
	    <String CONTENT="fuill est de 21 puis"
                    HPOS="69"
                    VPOS="700"
                    WIDTH="392"
                    HEIGHT="100"
                    WC="0.9891969293355942"></String>
          </TextLine>
        </TextBlock>
        <TextBlock HPOS="176"
                   VPOS="60"
                   WIDTH="248"
                   HEIGHT="155"
                   ID="eSc_textblock_f7ea7cb2"
                   TAGREFS="BT44">
          <Shape><Polygon POINTS="176 60 176 215 424 215 424 60"/></Shape>
        </TextBlock>
        <TextBlock ID="eSc_dummyblock_">
          <TextLine ID="eSc_line_ec813199"
                    TAGREFS="LT31"
                    BASELINE="222 123 397 121" 
                    HPOS="255"
                    VPOS="69"
                    WIDTH="98"
                    HEIGHT="92">
            <Shape><Polygon POINTS="311 75 292 69 255 72 264 127 267 161 353 141 353 116 344 80 339 80"/></Shape>
	    <String CONTENT="78"
                    HPOS="255"
                    VPOS="69"
                    WIDTH="98"
                    HEIGHT="92"
                    WC="0.9999960064888"></String>
          </TextLine>
        </TextBlock>
      </PrintSpace>
    </Page>
  </Layout>
</alto>
