<?xml version="1.0" encoding="UTF-8"?>
<alto xmlns:xsi="http://www.w3.org/2001/XMLSchema-instance"
      xmlns="http://www.loc.gov/standards/alto/ns-v4#"
      xsi:schemaLocation="http://www.loc.gov/standards/alto/ns-v4# http://www.loc.gov/standards/alto/v4/alto-4-2.xsd">
  <Description>
    <MeasurementUnit>pixel</MeasurementUnit>
    <sourceImageInformation>
      <fileName>ARCH-DIV-000496_0300.png</fileName>
    </sourceImageInformation>
  </Description>
  <Tags>
    <OtherTag ID="BT42" LABEL="MainZone" DESCRIPTION="block type MainZone"/><OtherTag ID="BT43" LABEL="MarginTextZone" DESCRIPTION="block type MarginTextZone"/><OtherTag ID="BT44" LABEL="NumberingZone" DESCRIPTION="block type NumberingZone"/><OtherTag ID="BT45" LABEL="TitlePageZone" DESCRIPTION="block type TitlePageZone"/><OtherTag ID="BT46" LABEL="CustomZone:Numbering" DESCRIPTION="block type CustomZone:Numbering"/><OtherTag ID="BT49" LABEL="MarginTextZone:lower" DESCRIPTION="block type MarginTextZone:lower"/>
    <OtherTag ID="LT25" LABEL="default" DESCRIPTION="line type default"/><OtherTag ID="LT31" LABEL="DefaultLine" DESCRIPTION="line type DefaultLine"/><OtherTag ID="LT32" LABEL="HeadingLine" DESCRIPTION="line type HeadingLine"/><OtherTag ID="LT33" LABEL="InterlinearLine:addition" DESCRIPTION="line type InterlinearLine:addition"/><OtherTag ID="LT34" LABEL="InterlinearLine:correction" DESCRIPTION="line type InterlinearLine:correction"/>
  </Tags>
  <Layout>
    <Page WIDTH="2790"
          HEIGHT="3337"
          PHYSICAL_IMG_NR="299"
          ID="eSc_dummypage_">
      <PrintSpace HPOS="0"
                  VPOS="0"
                  WIDTH="2790"
                  HEIGHT="3337">
        <TextBlock HPOS="369"
                   VPOS="18"
                   WIDTH="2354"
                   HEIGHT="3318"
                   ID="ec86455e-9ba3-4c69-bf9b-2a72ef85d8da"
                   TAGREFS="BT42">
          <Shape><Polygon POINTS="2723 20 2723 3336 376 3336 369 2585 391 2587 420 2594 417 2458 373 2457 414 2024 423 1952 496 409 551 414 557 223 511 223 535 18"/></Shape>
          <TextLine ID="eSc_line_39752b4b"
                    TAGREFS="LT31"
                    BASELINE="595 100 1755 111 2720 141" 
                    HPOS="592"
                    VPOS="44"
                    WIDTH="2128"
                    HEIGHT="122">
            <Shape><Polygon POINTS="2317 122 2289 125 2261 125 2233 116 2205 116 2178 114 2150 114 2122 111 2094 111 2066 108 2038 108 2011 105 1983 105 1955 102 1927 102 1899 100 1872 100 1844 100 1816 97 1788 97 1760 94 1732 94 1705 91 1677 91 1649 88 1621 88 1593 86 1566 86 1538 83 1510 83 1482 80 1454 80 1426 80 1399 77 1371 77 1343 75 1315 75 1287 72 1260 72 1232 69 1204 69 1176 66 1148 66 1121 63 1093 63 1082 61 1076 63 1059 66 1045 63 1031 58 1009 58 981 58 954 58 945 55 926 61 909 63 884 61 812 50 809 50 770 58 756 61 748 58 726 44 709 44 595 52 595 100 592 114 628 130 631 130 1363 133 1674 133 2714 166 2720 141 2720 102 2606 100 2564 77 2561 77 2364 75 2361 75 2325 80 2317 122"/></Shape>
	    <String CONTENT=""
                    HPOS="592"
                    VPOS="44"
                    WIDTH="2128"
                    HEIGHT="122"></String>
          </TextLine>
          <TextLine ID="eSc_line_d4b03d38"
                    TAGREFS="LT31"
                    BASELINE="564 183 726 175 2008 190 2009 190 2103 190 2703 193" 
                    HPOS="564"
                    VPOS="125"
                    WIDTH="1569"
                    HEIGHT="97">
            <Shape><Polygon POINTS="2091 175 2063 175 2036 175 2016 139 1833 130 1830 130 1758 141 1741 144 1732 141 1696 130 1694 130 1691 130 1624 141 1605 144 1585 141 1499 127 1496 127 1315 141 1299 141 1293 141 1237 127 1235 127 1232 127 1229 127 1184 141 1182 141 1176 141 1137 127 1134 127 1132 127 1129 127 1098 141 1095 141 1084 141 968 125 965 125 564 139 564 183 567 216 595 200 698 208 700 208 703 208 742 194 792 214 795 214 798 214 801 214 803 214 806 214 806 211 820 197 995 194 1029 211 1034 214 1037 214 1040 214 1062 211 1104 203 1112 211 1123 219 1126 219 1129 219 1132 222 1271 222 1271 219 1273 219 1276 219 1276 216 1287 208 1296 197 1346 197 1379 205 1404 214 1407 214 1410 214 1588 205 1696 222 1699 222 1869 214 1872 214 1874 214 1888 200 1916 219 1919 219 1922 219 1924 219 2047 200 2075 216 2077 216 2080 216 2083 216 2086 216 2130 197 2133 183 2130 177 2119 177"/></Shape>
	    <String CONTENT=""
                    HPOS="564"
                    VPOS="125"
                    WIDTH="1569"
                    HEIGHT="97"></String>
          </TextLine>
          <TextLine ID="eSc_line_22176a10"
                    TAGREFS="LT31"
                    BASELINE="550 241 1228 247 1229 247 2673 252" 
                    HPOS="547"
                    VPOS="180"
                    WIDTH="1745"
                    HEIGHT="98">
            <Shape><Polygon POINTS="2244 183 2216 180 2189 180 2147 180 2133 183 2105 183 2100 183 2072 203 1510 203 1424 189 1357 180 1354 180 1326 180 1299 180 1271 180 1243 180 1215 180 1173 180 1171 180 1168 180 1165 180 1148 191 1137 200 1107 191 1062 180 1059 180 1057 180 1054 180 1012 194 987 200 940 194 834 180 831 180 828 180 826 180 809 194 803 200 784 197 717 180 714 180 712 180 709 180 687 197 681 200 547 200 550 241 550 266 2286 278 2292 239 2286 183 2272 183"/></Shape>
	    <String CONTENT=""
                    HPOS="547"
                    VPOS="180"
                    WIDTH="1745"
                    HEIGHT="98"></String>
          </TextLine>
          <TextLine ID="eSc_line_7f6d410f"
                    TAGREFS="LT34"
                    BASELINE="1146 211 1435 217" 
                    HPOS="1146"
                    VPOS="211"
                    WIDTH="289"
                    HEIGHT="6">
	    <String CONTENT=""
                    HPOS="1146"
                    VPOS="211"
                    WIDTH="289"
                    HEIGHT="6"></String>
          </TextLine>
          <TextLine ID="eSc_line_6e1cd515"
                    TAGREFS="LT34"
                    BASELINE="2089 226 2653 217" 
                    HPOS="2089"
                    VPOS="217"
                    WIDTH="564"
                    HEIGHT="9">
	    <String CONTENT=""
                    HPOS="2089"
                    VPOS="217"
                    WIDTH="564"
                    HEIGHT="9"></String>
          </TextLine>
          <TextLine ID="eSc_line_a02f5660"
                    TAGREFS="LT34"
                    BASELINE="278 308 556 308" 
                    HPOS="278"
                    VPOS="255"
                    WIDTH="278"
                    HEIGHT="95">
            <Shape><Polygon POINTS="278 255 400 255 436 275 509 275 534 255 556 255 556 333 411 333 364 350 358 350 278 330"/></Shape>
	    <String CONTENT=""
                    HPOS="278"
                    VPOS="255"
                    WIDTH="278"
                    HEIGHT="95"></String>
          </TextLine>
          <TextLine ID="eSc_line_a10aac19"
                    BASELINE="570 308 2695 308" 
                    HPOS="570"
                    VPOS="255"
                    WIDTH="2125"
                    HEIGHT="98">
            <Shape><Polygon POINTS="653 255 675 272 695 258 703 258 834 272 859 255 870 255 906 275 1001 275 1037 255 1045 255 1118 272 1196 255 1201 255 1251 272 1293 255 1299 255 1418 272 1529 255 1532 255 1618 275 1913 275 1936 258 1944 258 2119 272 2172 255 2180 255 2242 275 2603 275 2692 255 2695 308 2692 350 2606 336 2586 350 2559 350 2264 333 2105 347 2052 350 2050 350 1974 344 1808 333 1760 344 1727 350 1727 353 876 353 873 350 762 336 737 333 726 336 667 350 659 350 628 333 570 333 570 255"/></Shape>
	    <String CONTENT=""
                    HPOS="570"
                    VPOS="255"
                    WIDTH="2125"
                    HEIGHT="98"></String>
          </TextLine>
          <TextLine ID="eSc_line_f4074b24"
                    TAGREFS="LT31"
                    BASELINE="539 380 1382 381 1382 381 2689 364" 
                    HPOS="536"
                    VPOS="317"
                    WIDTH="2153"
                    HEIGHT="102">
            <Shape><Polygon POINTS="539 403 756 419 759 419 890 403 901 403 904 403 929 417 931 417 934 419 1254 419 1254 417 1326 403 1329 403 1340 403 1607 414 1610 414 1719 400 1758 397 1788 400 1855 411 1858 411 1927 400 1972 394 2687 397 2689 364 2684 330 2433 317 2431 317 2328 330 2325 330 2317 330 2022 319 2019 319 1916 333 1910 333 1902 333 1657 322 1655 322 1652 322 1599 336 1593 336 1568 336 1254 325 1251 325 536 342 539 380"/></Shape>
	    <String CONTENT=""
                    HPOS="536"
                    VPOS="317"
                    WIDTH="2153"
                    HEIGHT="102"></String>
          </TextLine>
          <TextLine ID="eSc_line_48e8cabd"
                    TAGREFS="LT31"
                    BASELINE="542 458 1899 439 2656 444" 
                    HPOS="539"
                    VPOS="392"
                    WIDTH="2117"
                    HEIGHT="86">
            <Shape><Polygon POINTS="542 458 542 478 2653 469 2656 444 2653 400 1816 392 1813 392 1605 406 1571 408 1563 408 1524 394 1521 394 1518 394 1516 394 1479 408 1477 408 1454 394 1452 394 1449 394 1446 394 1376 408 1371 408 1357 408 1151 397 1148 397 1146 397 1104 411 1093 417 539 417 542 458"/></Shape>
	    <String CONTENT=""
                    HPOS="539"
                    VPOS="392"
                    WIDTH="2117"
                    HEIGHT="86"></String>
          </TextLine>
          <TextLine ID="eSc_line_656eb7dd"
                    TAGREFS="LT34"
                    BASELINE="547 492 763 495" 
                    HPOS="547"
                    VPOS="492"
                    WIDTH="216"
                    HEIGHT="3">
	    <String CONTENT=""
                    HPOS="547"
                    VPOS="492"
                    WIDTH="216"
                    HEIGHT="3"></String>
          </TextLine>
          <TextLine ID="eSc_line_ba0af871"
                    TAGREFS="LT31"
                    BASELINE="539 525 2642 506" 
                    HPOS="536"
                    VPOS="456"
                    WIDTH="2106"
                    HEIGHT="97">
            <Shape><Polygon POINTS="539 525 539 545 1435 553 1438 553 1635 545 1883 533 1988 545 2030 547 2033 547 2036 547 2050 545 2097 531 2303 545 2336 545 2339 545 2356 545 2472 528 2637 542 2642 506 2637 472 2514 456 2511 456 2356 472 2336 472 2319 472 2219 458 2216 458 2141 472 2133 472 2130 472 2097 458 2094 458 2091 458 2089 458 2047 472 2033 475 2022 472 1986 461 1983 461 1980 461 1827 472 1735 478 536 475 539 525"/></Shape>
	    <String CONTENT=""
                    HPOS="536"
                    VPOS="456"
                    WIDTH="2106"
                    HEIGHT="97"></String>
          </TextLine>
          <TextLine ID="eSc_line_284aab84"
                    TAGREFS="LT31"
                    BASELINE="534 595 2678 572" 
                    HPOS="531"
                    VPOS="528"
                    WIDTH="2147"
                    HEIGHT="100">
            <Shape><Polygon POINTS="534 595 534 628 2675 600 2678 572 2670 528 531 553 534 595"/></Shape>
	    <String CONTENT=""
                    HPOS="531"
                    VPOS="528"
                    WIDTH="2147"
                    HEIGHT="100"></String>
          </TextLine>
          <TextLine ID="eSc_line_6bd91bc7"
                    TAGREFS="LT31"
                    BASELINE="534 667 2687 639" 
                    HPOS="531"
                    VPOS="597"
                    WIDTH="2156"
                    HEIGHT="95">
            <Shape><Polygon POINTS="534 667 534 689 1605 692 1607 692 1694 684 1821 672 1847 684 1855 686 1858 686 1860 686 1863 686 1872 684 1902 672 1961 684 1986 686 1988 686 2050 684 2258 667 2503 678 2506 678 2509 678 2547 664 2684 678 2687 639 2678 597 531 617 534 667"/></Shape>
	    <String CONTENT=""
                    HPOS="531"
                    VPOS="597"
                    WIDTH="2156"
                    HEIGHT="95"></String>
          </TextLine>
          <TextLine ID="eSc_line_1744c477"
                    TAGREFS="LT31"
                    BASELINE="534 734 1666 720 2634 697" 
                    HPOS="531"
                    VPOS="645"
                    WIDTH="2103"
                    HEIGHT="114">
            <Shape><Polygon POINTS="534 759 2631 725 2634 697 2631 661 2578 645 2575 645 2573 645 2570 645 2567 645 2550 661 2367 661 2331 647 2328 647 2325 647 2322 647 2319 647 2297 664 2164 650 2161 650 1657 675 1109 670 1107 670 1104 670 1101 670 1084 684 1015 670 1012 670 848 689 692 675 689 675 687 675 684 675 656 692 578 678 575 678 573 678 531 695 534 734"/></Shape>
	    <String CONTENT=""
                    HPOS="531"
                    VPOS="645"
                    WIDTH="2103"
                    HEIGHT="114"></String>
          </TextLine>
          <TextLine ID="eSc_line_87c2a751"
                    TAGREFS="LT31"
                    BASELINE="534 800 2662 770" 
                    HPOS="531"
                    VPOS="720"
                    WIDTH="2131"
                    HEIGHT="117">
            <Shape><Polygon POINTS="534 800 534 837 723 820 840 831 842 831 920 817 1273 825 1276 825 1279 825 1315 812 1465 823 1468 823 1471 823 1518 809 2075 814 2077 814 2294 798 2436 809 2439 809 2442 809 2445 809 2467 795 2656 806 2662 770 2656 734 2509 720 2506 720 2503 720 2458 734 2456 734 2125 725 2122 725 2119 725 2075 739 2072 739 2058 739 1696 731 1694 731 1691 731 1688 731 1668 745 1666 745 1660 745 1502 734 1499 734 531 759 534 800"/></Shape>
	    <String CONTENT=""
                    HPOS="531"
                    VPOS="720"
                    WIDTH="2131"
                    HEIGHT="117"></String>
          </TextLine>
          <TextLine ID="eSc_line_5b4b93ad"
                    TAGREFS="LT31"
                    BASELINE="528 875 2662 837" 
                    HPOS="525"
                    VPOS="789"
                    WIDTH="2137"
                    HEIGHT="114">
            <Shape><Polygon POINTS="528 875 528 903 2662 862 2662 837 2656 800 2472 789 2470 789 2467 789 2433 800 2425 803 2417 800 2367 789 2364 789 2361 789 2358 789 2356 789 2342 803 2336 809 2161 809 2144 803 2102 792 2100 792 2097 792 2094 792 2066 806 2058 809 2027 806 1963 798 1961 798 1894 806 1841 814 1802 809 1744 798 1741 798 1738 798 1710 809 1691 817 1407 812 1321 812 1318 812 1315 812 1310 814 1276 825 1223 814 1196 809 1193 809 1190 809 1171 814 1126 828 1029 817 987 812 984 812 981 812 970 817 937 831 865 817 840 814 837 814 834 814 826 817 798 834 734 823 731 823 662 837 525 823 528 875"/></Shape>
	    <String CONTENT=""
                    HPOS="525"
                    VPOS="789"
                    WIDTH="2137"
                    HEIGHT="114"></String>
          </TextLine>
          <TextLine ID="eSc_line_b76c9037"
                    TAGREFS="LT31"
                    BASELINE="522 948 1782 924 1782 924 2631 898" 
                    HPOS="520"
                    VPOS="848"
                    WIDTH="2111"
                    HEIGHT="125">
            <Shape><Polygon POINTS="522 973 2631 931 2631 898 2625 862 2503 848 2500 848 2372 864 2353 867 2339 867 2269 853 2267 853 2264 853 2233 867 2228 870 2200 870 2075 859 2072 859 2069 859 2038 873 2027 875 2008 873 1963 864 1961 864 1852 875 1791 881 1724 878 1616 873 1613 873 1610 873 1579 881 1560 887 1543 881 1516 873 1513 873 1510 873 1421 884 1374 889 1321 887 1221 878 1218 878 1215 878 1212 878 1201 889 1190 898 520 900 522 948"/></Shape>
	    <String CONTENT=""
                    HPOS="520"
                    VPOS="848"
                    WIDTH="2111"
                    HEIGHT="125"></String>
          </TextLine>
          <TextLine ID="eSc_line_6ab72678"
                    TAGREFS="LT31"
                    BASELINE="520 1023 1533 1007 1533 1007 2653 976" 
                    HPOS="517"
                    VPOS="934"
                    WIDTH="2136"
                    HEIGHT="111">
            <Shape><Polygon POINTS="520 1045 2653 1009 2653 976 2645 934 517 973 520 1023"/></Shape>
	    <String CONTENT=""
                    HPOS="517"
                    VPOS="934"
                    WIDTH="2136"
                    HEIGHT="111"></String>
          </TextLine>
          <TextLine ID="eSc_line_7eb452ab"
                    TAGREFS="LT31"
                    BASELINE="517 1087 2656 1048" 
                    HPOS="514"
                    VPOS="1006"
                    WIDTH="2142"
                    HEIGHT="111">
            <Shape><Polygon POINTS="517 1087 517 1117 2653 1076 2656 1048 2650 1009 2033 1006 2030 1006 1955 1020 1949 1020 1947 1020 1883 1009 1880 1009 1749 1023 1724 1026 1605 1026 968 1026 965 1026 962 1026 959 1026 945 1040 942 1040 929 1040 815 1028 812 1028 514 1045 517 1087"/></Shape>
	    <String CONTENT=""
                    HPOS="514"
                    VPOS="1006"
                    WIDTH="2142"
                    HEIGHT="111"></String>
          </TextLine>
          <TextLine ID="eSc_line_596f7302"
                    TAGREFS="LT31"
                    BASELINE="509 1154 1733 1153 2700 1112" 
                    HPOS="506"
                    VPOS="1070"
                    WIDTH="2194"
                    HEIGHT="125">
            <Shape><Polygon POINTS="509 1181 642 1195 645 1195 648 1195 678 1181 684 1176 856 1176 867 1179 890 1190 892 1190 895 1190 898 1190 901 1190 915 1179 920 1176 956 1179 1045 1187 1048 1187 1132 1176 1190 1170 1229 1176 1290 1187 1293 1187 1296 1187 1335 1176 1363 1167 1399 1176 1435 1181 1438 1181 1477 1173 1524 1165 1541 1173 1552 1181 1554 1181 1557 1181 1560 1181 1652 1173 1735 1165 1944 1170 2083 1173 2086 1173 2130 1167 2272 1151 2342 1167 2353 1167 2356 1167 2358 1167 2364 1167 2420 1148 2698 1162 2700 1112 2692 1070 2336 1090 2261 1078 2236 1076 2233 1076 2230 1076 2219 1078 2186 1092 2011 1084 1930 1081 1927 1081 1924 1081 1905 1087 1869 1098 1796 1090 1769 1087 1766 1087 1691 1092 1529 1103 1493 1095 1460 1090 1457 1090 1454 1090 1452 1090 1443 1098 1432 1106 1343 1101 1273 1095 1271 1095 1173 1103 1079 1112 1037 1106 973 1098 970 1098 968 1098 965 1098 948 1109 937 1115 892 1109 815 1101 812 1101 506 1117 509 1154"/></Shape>
	    <String CONTENT=""
                    HPOS="506"
                    VPOS="1070"
                    WIDTH="2194"
                    HEIGHT="125"></String>
          </TextLine>
          <TextLine ID="eSc_line_a8d41ffe"
                    TAGREFS="LT31"
                    BASELINE="503 1226 1824 1215 2650 1190" 
                    HPOS="500"
                    VPOS="1148"
                    WIDTH="2150"
                    HEIGHT="114">
            <Shape><Polygon POINTS="503 1226 503 1262 695 1245 828 1259 879 1262 881 1262 884 1262 887 1262 895 1256 912 1248 1048 1254 1118 1256 1121 1256 1123 1256 1132 1254 1162 1240 1335 1248 1426 1254 1429 1254 1432 1254 1454 1248 1485 1240 1652 1245 1816 1248 1819 1248 2025 1237 2305 1223 2344 1231 2353 1234 2356 1234 2358 1234 2361 1234 2369 1231 2411 1220 2645 1226 2650 1190 2645 1148 2458 1148 2456 1148 2453 1148 2450 1148 2447 1151 2428 1162 2286 1154 2211 1151 2208 1151 2205 1151 2194 1156 2172 1167 2077 1159 2019 1154 2016 1154 2013 1154 2000 1159 1977 1170 1930 1162 1913 1159 1910 1159 1885 1162 1821 1173 1749 1165 1688 1159 1685 1159 1682 1159 1660 1167 1632 1179 1440 1179 1368 1173 1257 1165 1254 1165 1251 1165 1226 1176 1212 1181 1148 1179 1026 1170 1023 1170 898 1184 851 1187 817 1184 684 1173 681 1173 678 1173 675 1173 650 1190 648 1190 636 1190 553 1176 550 1176 547 1176 500 1190 503 1226"/></Shape>
	    <String CONTENT=""
                    HPOS="500"
                    VPOS="1148"
                    WIDTH="2150"
                    HEIGHT="114"></String>
          </TextLine>
          <TextLine ID="eSc_line_831f6bbe"
                    TAGREFS="LT31"
                    BASELINE="503 1298 1751 1279 1751 1279 2659 1259" 
                    HPOS="500"
                    VPOS="1218"
                    WIDTH="2159"
                    HEIGHT="108">
            <Shape><Polygon POINTS="503 1326 2659 1287 2659 1259 2653 1220 2061 1218 2058 1218 2055 1218 2052 1218 2030 1231 2025 1231 1938 1220 1936 1220 1724 1237 1716 1237 1710 1237 1579 1226 1577 1226 1574 1226 1571 1226 1552 1240 1552 1243 1465 1243 909 1251 812 1240 809 1240 806 1240 803 1240 787 1254 528 1245 525 1245 522 1245 520 1245 500 1254 503 1298"/></Shape>
	    <String CONTENT=""
                    HPOS="500"
                    VPOS="1218"
                    WIDTH="2159"
                    HEIGHT="108"></String>
          </TextLine>
          <TextLine ID="eSc_line_3dd1b1be"
                    TAGREFS="LT31"
                    BASELINE="495 1368 2625 1326" 
                    HPOS="492"
                    VPOS="1273"
                    WIDTH="2133"
                    HEIGHT="120">
            <Shape><Polygon POINTS="495 1368 495 1393 2194 1376 2197 1376 2205 1373 2244 1359 2264 1373 2267 1373 2269 1373 2272 1373 2286 1373 2403 1359 2458 1370 2464 1370 2467 1370 2470 1370 2472 1370 2531 1354 2620 1368 2625 1326 2617 1273 2467 1293 492 1315 495 1368"/></Shape>
	    <String CONTENT=""
                    HPOS="492"
                    VPOS="1273"
                    WIDTH="2133"
                    HEIGHT="120"></String>
          </TextLine>
          <TextLine ID="eSc_line_b278332e"
                    TAGREFS="LT31"
                    BASELINE="497 1434 2063 1409 2628 1384" 
                    HPOS="495"
                    VPOS="1354"
                    WIDTH="2133"
                    HEIGHT="117">
            <Shape><Polygon POINTS="497 1434 497 1471 759 1465 762 1465 764 1465 787 1451 895 1462 898 1462 901 1462 904 1462 951 1448 1184 1457 1215 1457 1218 1457 1237 1457 1371 1437 2625 1423 2628 1384 2620 1354 495 1393 497 1434"/></Shape>
	    <String CONTENT=""
                    HPOS="495"
                    VPOS="1354"
                    WIDTH="2133"
                    HEIGHT="117"></String>
          </TextLine>
          <TextLine ID="eSc_line_cdf266a9"
                    TAGREFS="LT31"
                    BASELINE="497 1504 2573 1457" 
                    HPOS="495"
                    VPOS="1409"
                    WIDTH="2078"
                    HEIGHT="120">
            <Shape><Polygon POINTS="497 1504 497 1529 2573 1487 2573 1457 2564 1409 1468 1446 1440 1443 1399 1434 1396 1434 1393 1434 1363 1443 1346 1448 1248 1448 1004 1443 1001 1443 853 1459 840 1459 817 1459 534 1454 531 1454 528 1454 495 1465 497 1504"/></Shape>
	    <String CONTENT=""
                    HPOS="495"
                    VPOS="1409"
                    WIDTH="2078"
                    HEIGHT="120"></String>
          </TextLine>
          <TextLine ID="eSc_line_5148d145"
                    TAGREFS="LT31"
                    BASELINE="500 1571 2592 1532" 
                    HPOS="497"
                    VPOS="1484"
                    WIDTH="2095"
                    HEIGHT="117">
            <Shape><Polygon POINTS="500 1571 500 1601 2589 1557 2592 1532 2586 1496 2292 1484 2289 1484 2100 1501 1997 1490 1994 1490 1991 1490 1961 1507 1154 1507 1151 1507 1148 1507 1090 1521 948 1509 945 1509 942 1509 940 1509 920 1526 497 1532 500 1571"/></Shape>
	    <String CONTENT=""
                    HPOS="497"
                    VPOS="1484"
                    WIDTH="2095"
                    HEIGHT="117"></String>
          </TextLine>
          <TextLine ID="eSc_line_2c563f7a"
                    TAGREFS="LT31"
                    BASELINE="495 1646 2563 1611 2639 1628" 
                    HPOS="492"
                    VPOS="1557"
                    WIDTH="2147"
                    HEIGHT="114">
            <Shape><Polygon POINTS="495 1665 1151 1671 1154 1671 1157 1671 1182 1660 1198 1654 1388 1660 1568 1662 1571 1662 1627 1657 1716 1646 1774 1654 1808 1660 1810 1660 1813 1660 1835 1654 1885 1643 2011 1654 2041 1654 2044 1654 2083 1651 2308 1635 2453 1646 2456 1646 2458 1646 2497 1632 2634 1646 2639 1610 2634 1571 2461 1557 2458 1557 2314 1573 2292 1576 2272 1576 2166 1562 2164 1562 2161 1562 2133 1576 2127 1579 2102 1576 1977 1565 1974 1565 1805 1582 1769 1585 1727 1585 1527 1573 1524 1573 1521 1573 1477 1587 1463 1590 1435 1587 1321 1576 1318 1576 1237 1590 1223 1593 1215 1590 1184 1582 1182 1582 1179 1582 909 1596 801 1601 795 1598 784 1587 781 1587 778 1587 673 1587 670 1587 492 1601 495 1646"/></Shape>
	    <String CONTENT=""
                    HPOS="492"
                    VPOS="1557"
                    WIDTH="2147"
                    HEIGHT="114"></String>
          </TextLine>
          <TextLine ID="eSc_line_bb8fd114"
                    TAGREFS="LT31"
                    BASELINE="478 1725 2606 1679" 
                    HPOS="481"
                    VPOS="1637"
                    WIDTH="2125"
                    HEIGHT="109">
            <Shape><Polygon POINTS="484 1746 2603 1707 2606 1679 2600 1640 2030 1637 2027 1637 2025 1637 1988 1651 1980 1651 1972 1651 1908 1637 1905 1637 1902 1637 1899 1637 1880 1651 1874 1654 1830 1654 1607 1643 1605 1643 1602 1643 1568 1657 1563 1660 1549 1657 1465 1646 1463 1646 1226 1665 1162 1668 1126 1665 1023 1657 1020 1657 1018 1657 1015 1657 998 1668 993 1671 973 1668 906 1660 904 1660 901 1660 865 1671 856 1674 851 1671 828 1660 826 1660 823 1660 820 1660 767 1674 748 1676 720 1674 639 1662 636 1662 481 1676 484 1721"/></Shape>
	    <String CONTENT=""
                    HPOS="481"
                    VPOS="1637"
                    WIDTH="2125"
                    HEIGHT="109"></String>
          </TextLine>
          <TextLine ID="eSc_line_3a5652be"
                    TAGREFS="LT31"
                    BASELINE="478 1790 2086 1768 2607 1753" 
                    HPOS="475"
                    VPOS="1707"
                    WIDTH="2136"
                    HEIGHT="106">
            <Shape><Polygon POINTS="478 1813 2609 1782 2611 1746 2603 1707 475 1746 478 1790"/></Shape>
	    <String CONTENT=""
                    HPOS="475"
                    VPOS="1707"
                    WIDTH="2136"
                    HEIGHT="106"></String>
          </TextLine>
          <TextLine ID="eSc_line_f3d74bd5"
                    TAGREFS="LT31"
                    BASELINE="470 1871 2642 1832" 
                    HPOS="467"
                    VPOS="1788"
                    WIDTH="2175"
                    HEIGHT="119">
            <Shape><Polygon POINTS="470 1871 470 1896 840 1907 842 1907 1051 1890 1095 1904 1098 1904 1101 1904 1104 1904 1173 1885 1176 1885 1215 1899 1218 1899 1221 1902 1499 1902 1499 1899 1502 1899 1568 1877 1577 1877 1582 1877 1649 1896 1652 1896 1655 1896 1657 1896 1660 1896 1685 1877 1780 1890 1783 1890 1899 1871 1910 1871 1916 1871 1977 1890 1980 1890 1983 1890 2069 1871 2328 1885 2331 1885 2639 1857 2642 1832 2634 1788 467 1829 470 1871"/></Shape>
	    <String CONTENT=""
                    HPOS="467"
                    VPOS="1788"
                    WIDTH="2175"
                    HEIGHT="119"></String>
          </TextLine>
          <TextLine ID="eSc_line_9f7dea28"
                    TAGREFS="LT31"
                    BASELINE="467 1943 1371 1942 1371 1942 2609 1924" 
                    HPOS="464"
                    VPOS="1885"
                    WIDTH="2145"
                    HEIGHT="94">
            <Shape><Polygon POINTS="467 1971 767 1979 770 1979 906 1968 965 1963 995 1966 1070 1977 1073 1977 1315 1963 1424 1957 1496 1960 1685 1971 1688 1971 1794 1957 1821 1954 1852 1957 1983 1968 1986 1968 1988 1968 2041 1954 2055 1952 2075 1954 2136 1963 2139 1963 2275 1952 2314 1949 2325 1952 2367 1963 2369 1963 2372 1963 2375 1963 2378 1963 2395 1949 2397 1949 2609 1949 2609 1924 2600 1885 464 1899 467 1943"/></Shape>
	    <String CONTENT=""
                    HPOS="464"
                    VPOS="1885"
                    WIDTH="2145"
                    HEIGHT="94"></String>
          </TextLine>
          <TextLine ID="eSc_line_db8fd609"
                    TAGREFS="LT31"
                    BASELINE="470 2027 2581 2004" 
                    HPOS="467"
                    VPOS="1949"
                    WIDTH="2114"
                    HEIGHT="117">
            <Shape><Polygon POINTS="470 2027 475 2066 497 2049 675 2060 712 2063 714 2063 759 2060 929 2046 1087 2055 1148 2057 1151 2057 1229 2052 1396 2041 1468 2049 1521 2055 1524 2055 2578 2030 2581 2004 2573 1954 2197 1966 2164 1960 2108 1949 2105 1949 2102 1949 2100 1949 2086 1960 2077 1968 1852 1968 1819 1966 1730 1954 1727 1954 1641 1968 1618 1971 1602 1968 1524 1954 1521 1954 1518 1954 1516 1954 1493 1971 1488 1974 1446 1971 1260 1957 1257 1957 1254 1957 1207 1977 1201 1977 1184 1977 1034 1960 1031 1960 1029 1960 956 1979 951 1979 940 1979 739 1963 737 1963 734 1963 659 1982 511 1966 509 1966 506 1966 467 1982 470 2027"/></Shape>
	    <String CONTENT=""
                    HPOS="467"
                    VPOS="1949"
                    WIDTH="2114"
                    HEIGHT="117"></String>
          </TextLine>
          <TextLine ID="eSc_line_c756a114"
                    TAGREFS="LT31"
                    BASELINE="447 2099 2027 2077" 
                    HPOS="445"
                    VPOS="2027"
                    WIDTH="1582"
                    HEIGHT="111">
            <Shape><Polygon POINTS="447 2099 447 2127 681 2138 684 2138 687 2138 689 2138 709 2124 717 2118 879 2118 915 2121 1034 2135 1037 2135 1040 2135 1093 2118 1107 2116 1132 2118 1232 2132 1235 2132 1237 2132 1299 2116 1304 2116 1310 2116 1388 2130 1390 2130 1393 2130 1424 2116 1435 2110 1471 2113 1585 2127 1588 2127 1657 2110 1668 2110 1685 2110 1810 2124 1813 2124 1816 2124 1819 2124 1819 2121 1833 2107 2027 2105 2027 2077 2019 2041 1771 2043 1763 2043 1680 2027 1677 2027 1674 2027 1602 2046 1593 2046 1577 2046 1424 2032 1421 2032 1418 2032 1388 2049 1382 2052 1296 2052 1296 2049 1276 2035 1273 2035 1271 2035 1079 2035 1076 2035 1073 2035 1070 2035 1043 2052 884 2043 881 2043 664 2060 636 2060 634 2060 598 2043 595 2043 486 2043 484 2043 481 2043 445 2057 447 2099"/></Shape>
	    <String CONTENT=""
                    HPOS="445"
                    VPOS="2027"
                    WIDTH="1582"
                    HEIGHT="111"></String>
          </TextLine>
          <TextLine ID="eSc_line_f24856ba"
                    TAGREFS="LT34"
                    BASELINE="2114 2120 2417 2111" 
                    HPOS="2169"
                    VPOS="2060"
                    WIDTH="217"
                    HEIGHT="78">
            <Shape><Polygon POINTS="2172 2138 2386 2121 2386 2105 2378 2060 2169 2063 2172 2113"/></Shape>
	    <String CONTENT=""
                    HPOS="2169"
                    VPOS="2060"
                    WIDTH="217"
                    HEIGHT="78"></String>
          </TextLine>
          <TextLine ID="eSc_line_28e41bc3"
                    TAGREFS="LT31"
                    BASELINE="467 2174 2617 2152" 
                    HPOS="464"
                    VPOS="2116"
                    WIDTH="2153"
                    HEIGHT="97">
            <Shape><Polygon POINTS="467 2174 467 2196 500 2213 503 2213 506 2213 581 2199 970 2210 973 2210 1070 2194 1268 2207 1271 2207 1385 2191 1443 2205 1446 2205 1449 2205 1452 2205 1482 2191 1657 2202 1660 2202 1847 2185 1855 2185 1860 2185 1966 2199 1969 2199 2069 2182 2080 2180 2464 2180 2470 2180 2539 2194 2542 2196 2542 2194 2617 2177 2617 2152 2609 2116 464 2132 467 2174"/></Shape>
	    <String CONTENT=""
                    HPOS="464"
                    VPOS="2116"
                    WIDTH="2153"
                    HEIGHT="97"></String>
          </TextLine>
          <TextLine ID="eSc_line_8c509214"
                    TAGREFS="LT31"
                    BASELINE="450 2249 2603 2216" 
                    HPOS="447"
                    VPOS="2177"
                    WIDTH="2156"
                    HEIGHT="108">
            <Shape><Polygon POINTS="450 2249 450 2271 803 2285 806 2285 809 2285 848 2271 1073 2280 1076 2280 1079 2280 1082 2280 1101 2266 1104 2266 1159 2280 1162 2280 1165 2280 1652 2271 1655 2271 1691 2260 1710 2255 1752 2260 1808 2266 1810 2266 1860 2258 1905 2252 2603 2252 2603 2216 2598 2177 1885 2177 1883 2177 1805 2191 1791 2191 1780 2191 1705 2180 1702 2180 1532 2194 1504 2196 1485 2196 1390 2185 1388 2185 1104 2202 1093 2202 1090 2202 1001 2191 998 2191 447 2213 450 2249"/></Shape>
	    <String CONTENT=""
                    HPOS="447"
                    VPOS="2177"
                    WIDTH="2156"
                    HEIGHT="108"></String>
          </TextLine>
          <TextLine ID="eSc_line_e267be40"
                    TAGREFS="LT31"
                    BASELINE="447 2324 2269 2302 2575 2285" 
                    HPOS="445"
                    VPOS="2246"
                    WIDTH="2130"
                    HEIGHT="103">
            <Shape><Polygon POINTS="447 2324 447 2349 1457 2349 1457 2347 1674 2330 1694 2330 1710 2330 1860 2341 1863 2341 1866 2341 1899 2327 1902 2324 2175 2324 2186 2324 2314 2335 2317 2335 2573 2316 2575 2285 2567 2246 2308 2263 2161 2249 2136 2249 2133 2249 2130 2249 2125 2252 2097 2266 2008 2252 1997 2252 1994 2252 1983 2252 1877 2269 1719 2255 1688 2255 1685 2255 1635 2258 1390 2274 1354 2260 1351 2260 1349 2260 1346 2260 1337 2260 1262 2277 1093 2263 1062 2263 1059 2263 1029 2266 851 2283 445 2274 447 2324"/></Shape>
	    <String CONTENT=""
                    HPOS="445"
                    VPOS="2246"
                    WIDTH="2130"
                    HEIGHT="103"></String>
          </TextLine>
          <TextLine ID="eSc_line_890fdf57"
                    TAGREFS="LT31"
                    BASELINE="442 2397 2617 2374" 
                    HPOS="442"
                    VPOS="2327"
                    WIDTH="2175"
                    HEIGHT="106">
            <Shape><Polygon POINTS="442 2413 481 2430 484 2430 486 2430 584 2419 628 2433 631 2433 634 2433 720 2416 734 2413 776 2416 1040 2433 1043 2433 1254 2416 1337 2410 1382 2416 1432 2424 1435 2424 1496 2416 1588 2405 1972 2405 2038 2419 2047 2419 2050 2419 2063 2419 2255 2399 2325 2419 2333 2422 2336 2422 2339 2422 2614 2419 2617 2374 2609 2327 2097 2341 2077 2330 2069 2327 2066 2327 2063 2327 2038 2330 1958 2344 1849 2333 1819 2330 1816 2330 1813 2330 1805 2333 1766 2347 1593 2335 1554 2333 1552 2333 1549 2333 1543 2335 1510 2349 1404 2335 1390 2335 1388 2335 1368 2335 1221 2352 1026 2338 993 2338 990 2338 987 2338 984 2341 951 2355 773 2341 753 2341 751 2341 748 2341 745 2341 700 2358 547 2344 539 2344 536 2344 531 2344 461 2358 442 2344 442 2397 442 2413"/></Shape>
	    <String CONTENT=""
                    HPOS="442"
                    VPOS="2327"
                    WIDTH="2175"
                    HEIGHT="106"></String>
          </TextLine>
          <TextLine ID="eSc_line_26e1ce3b"
                    TAGREFS="LT31"
                    BASELINE="447 2466 1128 2466 1128 2466 2574 2453" 
                    HPOS="445"
                    VPOS="2394"
                    WIDTH="2039"
                    HEIGHT="108">
            <Shape><Polygon POINTS="450 2502 503 2488 792 2499 851 2499 853 2499 856 2499 865 2497 904 2486 1137 2494 1235 2497 1237 2497 2481 2474 2484 2452 2478 2419 2314 2394 2075 2394 2072 2394 1816 2397 1813 2397 1760 2416 1671 2402 1668 2402 1666 2402 1663 2402 1632 2424 984 2424 962 2408 962 2405 959 2405 956 2405 954 2405 848 2427 795 2405 792 2405 789 2405 787 2405 737 2430 511 2430 489 2413 486 2413 484 2413 481 2413 478 2413 445 2427 447 2466"/></Shape>
	    <String CONTENT=""
                    HPOS="445"
                    VPOS="2394"
                    WIDTH="2039"
                    HEIGHT="108"></String>
          </TextLine>
          <TextLine ID="eSc_line_450d66a2"
                    TAGREFS="LT34"
                    BASELINE="1821 2422 2636 2424" 
                    HPOS="1821"
                    VPOS="2422"
                    WIDTH="815"
                    HEIGHT="2">
	    <String CONTENT=""
                    HPOS="1821"
                    VPOS="2422"
                    WIDTH="815"
                    HEIGHT="2"></String>
          </TextLine>
          <TextLine ID="eSc_line_07cd580f"
                    TAGREFS="LT34"
                    BASELINE="222 2533 417 2533" 
                    HPOS="219"
                    VPOS="2477"
                    WIDTH="198"
                    HEIGHT="86">
            <Shape><Polygon POINTS="358 2524 364 2477 417 2478 417 2563 394 2555 222 2555 222 2533 219 2477 356 2477"/></Shape>
	    <String CONTENT=""
                    HPOS="219"
                    VPOS="2477"
                    WIDTH="198"
                    HEIGHT="86"></String>
          </TextLine>
          <TextLine ID="eSc_line_d49b35c3"
                    BASELINE="447 2533 1724 2533 2603 2513" 
                    HPOS="447"
                    VPOS="2461"
                    WIDTH="2156"
                    HEIGHT="111">
            <Shape><Polygon POINTS="931 2483 973 2472 981 2469 990 2469 995 2472 1026 2483 1057 2469 1101 2469 1304 2480 1365 2469 1379 2466 1385 2466 1388 2469 1415 2483 1682 2483 1730 2466 1738 2463 1746 2463 1755 2466 1796 2480 2172 2480 2595 2461 2603 2513 2600 2547 1415 2566 1410 2566 1354 2552 1340 2550 1335 2552 1312 2566 1304 2566 1210 2555 1126 2569 1123 2569 789 2555 717 2552 689 2555 600 2566 598 2566 475 2558 453 2572 447 2572 447 2478"/></Shape>
	    <String CONTENT=""
                    HPOS="447"
                    VPOS="2461"
                    WIDTH="2156"
                    HEIGHT="111"></String>
          </TextLine>
          <TextLine ID="eSc_line_7281a0e4"
                    TAGREFS="LT34"
                    BASELINE="1023 2504 1264 2500" 
                    HPOS="1023"
                    VPOS="2500"
                    WIDTH="241"
                    HEIGHT="4">
	    <String CONTENT=""
                    HPOS="1023"
                    VPOS="2500"
                    WIDTH="241"
                    HEIGHT="4"></String>
          </TextLine>
          <TextLine ID="eSc_line_8fe621cf"
                    TAGREFS="LT31"
                    BASELINE="431 2597 1563 2602 2611 2586" 
                    HPOS="428"
                    VPOS="2538"
                    WIDTH="2183"
                    HEIGHT="101">
            <Shape><Polygon POINTS="431 2597 431 2625 1012 2639 1015 2639 1104 2625 1132 2622 1184 2625 1324 2636 1326 2639 1502 2639 1502 2636 1504 2636 1507 2636 1524 2625 1529 2622 1593 2625 1749 2633 1752 2633 1755 2633 1758 2633 1771 2625 1780 2619 1794 2625 1816 2633 1819 2633 1821 2633 1919 2625 1980 2619 2047 2625 2161 2633 2164 2633 2228 2625 2283 2616 2606 2622 2611 2586 2606 2552 2250 2538 2247 2538 2147 2552 2136 2552 2108 2552 1869 2541 1866 2541 428 2555 431 2597"/></Shape>
	    <String CONTENT=""
                    HPOS="428"
                    VPOS="2538"
                    WIDTH="2183"
                    HEIGHT="101"></String>
          </TextLine>
          <TextLine ID="eSc_line_81ec6561"
                    TAGREFS="LT31"
                    BASELINE="428 2675 2611 2664" 
                    HPOS="425"
                    VPOS="2630"
                    WIDTH="2186"
                    HEIGHT="70">
            <Shape><Polygon POINTS="428 2675 428 2700 2611 2683 2611 2664 2603 2630 425 2630 428 2675"/></Shape>
	    <String CONTENT=""
                    HPOS="425"
                    VPOS="2630"
                    WIDTH="2186"
                    HEIGHT="70"></String>
          </TextLine>
          <TextLine ID="eSc_line_bfd112c3"
                    TAGREFS="LT31"
                    BASELINE="425 2753 2564 2739" 
                    HPOS="422"
                    VPOS="2686"
                    WIDTH="2142"
                    HEIGHT="105">
            <Shape><Polygon POINTS="425 2753 425 2791 528 2772 723 2789 745 2789 748 2789 762 2789 851 2772 923 2786 937 2786 940 2786 942 2786 945 2786 945 2783 968 2769 1221 2780 1312 2783 1315 2783 1318 2783 1329 2778 1357 2766 1407 2778 1438 2783 1440 2783 1443 2783 1446 2783 1454 2778 1468 2766 1507 2775 1527 2780 1529 2780 1532 2780 1535 2780 1549 2775 1571 2766 1635 2775 1677 2778 1680 2778 1713 2772 1766 2764 1785 2772 1805 2780 1808 2780 1810 2780 1983 2769 2022 2766 2038 2766 2133 2780 2136 2780 2203 2764 2214 2764 2219 2764 2267 2775 2269 2775 2375 2761 2392 2761 2403 2761 2481 2778 2484 2778 2561 2758 2564 2739 2559 2705 2431 2686 2428 2686 2264 2702 2239 2686 2236 2686 2233 2686 2230 2686 2114 2705 2111 2705 2105 2705 2002 2686 2000 2686 1997 2686 1955 2705 1872 2686 1869 2686 1866 2686 1816 2705 1666 2691 1663 2691 1660 2691 1610 2708 1607 2708 1605 2708 1554 2689 1552 2689 1549 2689 1546 2689 1543 2689 1513 2708 1510 2711 1343 2711 1343 2708 1282 2689 1279 2689 1276 2689 1123 2691 1121 2691 1118 2691 1095 2711 1093 2711 1070 2711 853 2691 851 2691 848 2691 770 2711 756 2716 642 2716 636 2711 609 2694 606 2694 603 2694 600 2694 598 2694 545 2711 539 2714 531 2711 495 2700 492 2700 489 2700 422 2711 425 2753"/></Shape>
	    <String CONTENT=""
                    HPOS="422"
                    VPOS="2686"
                    WIDTH="2142"
                    HEIGHT="105"></String>
          </TextLine>
          <TextLine ID="eSc_line_3607bf5f"
                    TAGREFS="LT34"
                    BASELINE="803 2712 948 2712" 
                    HPOS="803"
                    VPOS="2712"
                    WIDTH="145"
                    HEIGHT="0">
	    <String CONTENT=""
                    HPOS="803"
                    VPOS="2712"
                    WIDTH="145"
                    HEIGHT="0"></String>
          </TextLine>
          <TextLine ID="eSc_line_74a477a2"
                    TAGREFS="LT31"
                    BASELINE="425 2828 2564 2805" 
                    HPOS="422"
                    VPOS="2750"
                    WIDTH="2142"
                    HEIGHT="108">
            <Shape><Polygon POINTS="425 2828 425 2858 981 2842 1023 2850 1062 2858 1065 2858 1148 2847 1229 2839 1510 2842 1972 2850 1974 2850 2130 2833 2141 2833 2147 2833 2292 2847 2294 2847 2561 2825 2564 2805 2561 2769 2528 2753 2525 2753 2522 2753 2447 2766 2431 2753 2428 2753 2425 2753 2297 2750 2294 2750 2052 2772 2022 2775 1490 2778 1479 2772 1468 2764 1465 2764 1463 2764 1460 2764 1382 2772 1340 2778 1307 2772 1226 2761 1223 2761 1221 2761 1176 2775 1148 2780 1121 2775 1073 2764 1070 2764 959 2775 920 2778 892 2775 837 2766 834 2766 831 2766 828 2766 817 2775 806 2783 789 2775 770 2766 767 2766 764 2766 712 2775 650 2786 422 2778 425 2828"/></Shape>
	    <String CONTENT=""
                    HPOS="422"
                    VPOS="2750"
                    WIDTH="2142"
                    HEIGHT="108"></String>
          </TextLine>
          <TextLine ID="eSc_line_aadd3f4b"
                    TAGREFS="LT34"
                    BASELINE="2185 2784 2391 2778" 
                    HPOS="2185"
                    VPOS="2778"
                    WIDTH="206"
                    HEIGHT="6">
	    <String CONTENT=""
                    HPOS="2185"
                    VPOS="2778"
                    WIDTH="206"
                    HEIGHT="6"></String>
          </TextLine>
          <TextLine ID="eSc_line_4514bbd3"
                    TAGREFS="LT31"
                    BASELINE="420 2894 2598 2875" 
                    HPOS="417"
                    VPOS="2825"
                    WIDTH="2181"
                    HEIGHT="105">
            <Shape><Polygon POINTS="420 2894 420 2930 784 2917 923 2925 1012 2928 1015 2928 1018 2928 1020 2928 1029 2922 1043 2914 1157 2919 1262 2925 1265 2925 1315 2917 1354 2911 1552 2914 1969 2919 1972 2919 2055 2905 2061 2905 2069 2905 2283 2917 2286 2917 2289 2917 2339 2903 2575 2914 2578 2914 2581 2914 2584 2914 2598 2900 2598 2875 2592 2830 2114 2825 2111 2825 2108 2825 2072 2836 2058 2839 2044 2836 2008 2825 2005 2825 2002 2825 1933 2836 1902 2842 1877 2836 1830 2828 1827 2828 1771 2839 1755 2842 1741 2839 1705 2828 1702 2828 1699 2828 1521 2842 1471 2844 1449 2842 1365 2830 1363 2830 1360 2830 1324 2844 1312 2847 1271 2844 1143 2833 1140 2833 1057 2847 1034 2850 1015 2847 954 2836 951 2836 820 2850 806 2850 803 2850 767 2836 764 2836 762 2836 759 2836 728 2850 723 2853 703 2850 611 2839 609 2839 417 2853 420 2894"/></Shape>
	    <String CONTENT=""
                    HPOS="417"
                    VPOS="2825"
                    WIDTH="2181"
                    HEIGHT="105"></String>
          </TextLine>
          <TextLine ID="eSc_line_12e2586a"
                    TAGREFS="LT31"
                    BASELINE="414 2964 1256 2967 2199 2961 2200 2961 2528 2950" 
                    HPOS="411"
                    VPOS="2900"
                    WIDTH="2117"
                    HEIGHT="100">
            <Shape><Polygon POINTS="414 2989 1232 3000 1235 3000 1393 2986 1421 2983 1440 2986 1527 2997 1529 2997 1532 2997 1585 2983 1593 2983 1655 2983 2080 2994 2083 2994 2525 2978 2528 2950 2520 2900 2406 2914 1894 2905 1724 2905 1721 2905 1719 2905 1705 2908 1671 2919 1535 2911 1465 2908 1463 2908 411 2925 414 2964"/></Shape>
	    <String CONTENT=""
                    HPOS="411"
                    VPOS="2900"
                    WIDTH="2117"
                    HEIGHT="100"></String>
          </TextLine>
          <TextLine ID="eSc_line_859341b8"
                    TAGREFS="LT31"
                    BASELINE="408 3045 2485 3034 2596 3045" 
                    HPOS="406"
                    VPOS="2978"
                    WIDTH="2178"
                    HEIGHT="94">
            <Shape><Polygon POINTS="408 3072 2581 3067 2584 3033 2578 2989 2289 2978 2286 2978 2200 2989 2180 2992 2161 2989 2077 2978 2075 2978 2072 2978 2038 2992 2027 2994 1958 2992 1763 2981 1760 2981 1638 2994 1621 2994 1605 2994 1490 2981 1488 2981 1168 2997 1132 2997 1129 2997 1098 2983 1095 2983 1093 2983 1090 2983 1043 2997 1015 2983 1012 2983 1009 2983 1006 2983 954 2997 942 3000 901 2997 709 2986 706 2986 703 2986 700 2986 687 3000 684 3003 406 3003 408 3045"/></Shape>
	    <String CONTENT=""
                    HPOS="406"
                    VPOS="2978"
                    WIDTH="2178"
                    HEIGHT="94"></String>
          </TextLine>
          <TextLine ID="eSc_line_69813f16"
                    TAGREFS="LT31"
                    BASELINE="417 3120 2559 3117" 
                    HPOS="414"
                    VPOS="3064"
                    WIDTH="2145"
                    HEIGHT="95">
            <Shape><Polygon POINTS="417 3120 420 3159 464 3139 681 3156 684 3159 684 3156 901 3139 1043 3156 1051 3156 1054 3156 1057 3156 1090 3139 1154 3156 1157 3156 1159 3156 1162 3156 1176 3156 1279 3142 1349 3156 1363 3156 1365 3159 1819 3159 1819 3156 1849 3153 1936 3139 2136 3139 2161 3150 2172 3156 2175 3156 2178 3156 2180 3156 2203 3150 2253 3139 2553 3147 2559 3117 2550 3070 1148 3078 1143 3078 1079 3064 1076 3064 1073 3064 1020 3078 1018 3078 901 3064 898 3064 795 3078 695 3064 692 3064 617 3078 458 3064 456 3064 453 3064 414 3078 417 3120"/></Shape>
	    <String CONTENT=""
                    HPOS="414"
                    VPOS="3064"
                    WIDTH="2145"
                    HEIGHT="95"></String>
          </TextLine>
          <TextLine ID="eSc_line_08b426fa"
                    TAGREFS="LT31"
                    BASELINE="417 3195 2531 3181" 
                    HPOS="414"
                    VPOS="3125"
                    WIDTH="2117"
                    HEIGHT="103">
            <Shape><Polygon POINTS="417 3195 420 3228 478 3214 670 3225 673 3225 848 3211 2525 3214 2531 3181 2525 3142 2292 3125 2289 3125 1835 3142 1716 3128 1713 3128 1710 3128 1674 3145 895 3133 892 3133 770 3153 522 3153 486 3136 484 3136 481 3136 478 3136 414 3153 417 3195"/></Shape>
	    <String CONTENT=""
                    HPOS="414"
                    VPOS="3125"
                    WIDTH="2117"
                    HEIGHT="103"></String>
          </TextLine>
          <TextLine ID="eSc_line_abafdc9d"
                    TAGREFS="LT31"
                    BASELINE="420 3256 2609 3250" 
                    HPOS="417"
                    VPOS="3197"
                    WIDTH="2192"
                    HEIGHT="89">
            <Shape><Polygon POINTS="420 3256 420 3286 2606 3284 2609 3250 2603 3214 2016 3197 2013 3197 1641 3211 1571 3197 1568 3197 1449 3214 575 3200 573 3200 492 3214 458 3200 456 3200 453 3200 450 3200 417 3214 420 3256"/></Shape>
	    <String CONTENT=""
                    HPOS="417"
                    VPOS="3197"
                    WIDTH="2192"
                    HEIGHT="89"></String>
          </TextLine>
        </TextBlock>
        <TextBlock HPOS="165"
                   VPOS="57"
                   WIDTH="248"
                   HEIGHT="153"
                   ID="eSc_textblock_72a089cb"
                   TAGREFS="BT44">
          <Shape><Polygon POINTS="165 57 165 210 413 210 413 57"/></Shape>
        </TextBlock>
        <TextBlock HPOS="26"
                   VPOS="227"
                   WIDTH="521"
                   HEIGHT="177"
                   ID="eSc_textblock_dadd212a"
                   TAGREFS="BT43">
          <Shape><Polygon POINTS="26 227 26 404 547 404 547 227"/></Shape>
        </TextBlock>
        <TextBlock HPOS="184"
                   VPOS="2463"
                   WIDTH="232"
                   HEIGHT="112"
                   ID="eSc_textblock_0af3d6f0"
                   TAGREFS="BT43">
          <Shape><Polygon POINTS="184 2463 184 2575 416 2575 416 2463"/></Shape>
        </TextBlock>
        <TextBlock ID="eSc_dummyblock_">
          <TextLine ID="eSc_line_96a1e38b"
                    TAGREFS="LT31"
                    BASELINE="203 139 392 127" 
                    HPOS="200"
                    VPOS="75"
                    WIDTH="192"
                    HEIGHT="172">
            <Shape><Polygon POINTS="367 122 339 97 311 94 283 91 255 91 236 88 219 91 200 108 203 139 208 244 292 247 294 247 297 247 300 247 300 244 347 203 356 191 392 186 392 127 383 75 372 75 367 122"/></Shape>
	    <String CONTENT=""
                    HPOS="200"
                    VPOS="75"
                    WIDTH="192"
                    HEIGHT="172"></String>
          </TextLine>
          <TextLine ID="eSc_line_7d74ef61"
                    BASELINE="58 271 418 260" 
                    HPOS="58"
                    VPOS="260"
                    WIDTH="360"
                    HEIGHT="11">
	    <String CONTENT=""
                    HPOS="58"
                    VPOS="260"
                    WIDTH="360"
                    HEIGHT="11"></String>
          </TextLine>
          <TextLine ID="eSc_line_ed05ab06"
                    BASELINE="50 333 378 335" 
                    HPOS="50"
                    VPOS="333"
                    WIDTH="328"
                    HEIGHT="2">
	    <String CONTENT=""
                    HPOS="50"
                    VPOS="333"
                    WIDTH="328"
                    HEIGHT="2"></String>
          </TextLine>
        </TextBlock>
      </PrintSpace>
    </Page>
  </Layout>
</alto>
