<?xml version="1.0" encoding="UTF-8"?>
<alto xmlns:xsi="http://www.w3.org/2001/XMLSchema-instance"
      xmlns="http://www.loc.gov/standards/alto/ns-v4#"
      xsi:schemaLocation="http://www.loc.gov/standards/alto/ns-v4# http://www.loc.gov/standards/alto/v4/alto-4-2.xsd">
  <Description>
    <MeasurementUnit>pixel</MeasurementUnit>
    <sourceImageInformation>
      <fileName>ARCH-DIV-000496_0302.png</fileName>
    </sourceImageInformation>
  </Description>
  <Tags>
    <OtherTag ID="BT42" LABEL="MainZone" DESCRIPTION="block type MainZone"/><OtherTag ID="BT43" LABEL="MarginTextZone" DESCRIPTION="block type MarginTextZone"/><OtherTag ID="BT44" LABEL="NumberingZone" DESCRIPTION="block type NumberingZone"/><OtherTag ID="BT45" LABEL="TitlePageZone" DESCRIPTION="block type TitlePageZone"/><OtherTag ID="BT46" LABEL="CustomZone:Numbering" DESCRIPTION="block type CustomZone:Numbering"/><OtherTag ID="BT49" LABEL="MarginTextZone:lower" DESCRIPTION="block type MarginTextZone:lower"/>
    <OtherTag ID="LT25" LABEL="default" DESCRIPTION="line type default"/><OtherTag ID="LT31" LABEL="DefaultLine" DESCRIPTION="line type DefaultLine"/><OtherTag ID="LT32" LABEL="HeadingLine" DESCRIPTION="line type HeadingLine"/><OtherTag ID="LT33" LABEL="InterlinearLine:addition" DESCRIPTION="line type InterlinearLine:addition"/><OtherTag ID="LT34" LABEL="InterlinearLine:correction" DESCRIPTION="line type InterlinearLine:correction"/>
  </Tags>
  <Layout>
    <Page WIDTH="2790"
          HEIGHT="3337"
          PHYSICAL_IMG_NR="301"
          ID="eSc_dummypage_">
      <PrintSpace HPOS="0"
                  VPOS="0"
                  WIDTH="2790"
                  HEIGHT="3337">
        <TextBlock HPOS="358"
                   VPOS="14"
                   WIDTH="2386"
                   HEIGHT="3321"
                   ID="47f37351-c34d-48d0-a706-441791372b89"
                   TAGREFS="BT42">
          <Shape><Polygon POINTS="2744 14 2744 3335 358 3335 422 14"/></Shape>
          <TextLine ID="eSc_line_640dc10b"
                    TAGREFS="LT31"
                    BASELINE="592 105 1460 102 2728 136" 
                    HPOS="589"
                    VPOS="47"
                    WIDTH="2139"
                    HEIGHT="114">
            <Shape><Polygon POINTS="2481 122 2453 125 2425 119 2397 119 2369 119 2342 116 2314 116 2286 116 2258 116 2230 114 2203 114 2175 114 2147 114 2119 114 2091 111 2063 111 2036 111 2008 111 1980 111 1952 83 1949 80 1924 77 1897 75 1869 72 1841 66 1813 63 1785 63 1758 63 1730 63 1702 63 1674 63 1646 61 1621 61 1582 72 1577 72 1574 72 1557 61 1535 61 1507 58 1443 69 1421 72 1393 69 1290 55 1285 55 1257 55 1229 55 1201 52 1193 52 1118 66 1093 69 1062 66 965 50 951 50 923 50 895 47 867 47 840 47 820 47 592 58 592 105 589 127 2723 161 2728 136 2726 86 2489 86 2481 122"/></Shape>
	    <String CONTENT=""
                    HPOS="589"
                    VPOS="47"
                    WIDTH="2139"
                    HEIGHT="114"></String>
          </TextLine>
          <TextLine ID="eSc_line_d53a900e"
                    TAGREFS="LT31"
                    BASELINE="578 177 1705 175 2700 197" 
                    HPOS="578"
                    VPOS="116"
                    WIDTH="2122"
                    HEIGHT="106">
            <Shape><Polygon POINTS="2606 183 2578 180 2550 180 2522 177 2495 177 2467 175 2439 175 2420 147 2303 127 2300 127 2297 127 2242 147 2178 133 2175 133 2100 147 2075 130 2072 130 2069 130 2066 130 1972 144 1936 127 1933 127 1749 125 1746 125 1744 125 1710 139 1688 125 1685 125 1682 125 1680 125 1554 136 1376 119 1374 119 1240 136 1157 125 1154 125 1151 125 1148 125 1134 139 1132 139 1037 139 1034 136 1004 116 1001 116 998 116 995 116 856 136 840 136 828 133 764 116 762 116 759 116 578 130 578 177 578 205 712 191 809 205 812 205 1040 194 1121 211 1126 211 1129 211 1137 211 1237 197 1363 214 1379 214 1382 214 1415 214 1705 200 1763 214 1766 214 1769 214 1922 203 1938 216 1941 216 1944 216 1947 216 1949 216 2072 205 2155 219 2164 219 2166 219 2175 219 2258 205 2280 219 2283 219 2286 219 2695 222 2700 197 2620 183 2606 183"/></Shape>
	    <String CONTENT=""
                    HPOS="578"
                    VPOS="116"
                    WIDTH="2122"
                    HEIGHT="106"></String>
          </TextLine>
          <TextLine ID="eSc_line_a0d638cb"
                    TAGREFS="LT31"
                    BASELINE="578 239 2695 255" 
                    HPOS="575"
                    VPOS="194"
                    WIDTH="2120"
                    HEIGHT="92">
            <Shape><Polygon POINTS="578 239 575 264 2689 286 2695 255 2692 211 578 194 578 239"/></Shape>
	    <String CONTENT=""
                    HPOS="575"
                    VPOS="194"
                    WIDTH="2120"
                    HEIGHT="92"></String>
          </TextLine>
          <TextLine ID="eSc_line_06d40b8c"
                    TAGREFS="LT31"
                    BASELINE="573 308 2673 322" 
                    HPOS="570"
                    VPOS="253"
                    WIDTH="2103"
                    HEIGHT="94">
            <Shape><Polygon POINTS="570 339 2667 347 2673 322 2670 283 2356 283 2331 278 2250 264 2247 264 1899 272 1727 275 1719 269 1710 261 1707 261 1705 261 1702 261 1699 261 1674 269 1652 275 1616 266 1577 261 1574 261 1538 266 1488 275 1382 264 1337 261 1335 261 1273 264 1104 272 1090 261 1087 258 1084 258 1082 258 1079 258 1062 261 1001 272 942 258 923 255 920 255 876 258 728 269 695 255 692 255 689 255 687 255 678 255 595 266 578 253 573 308 570 339"/></Shape>
	    <String CONTENT=""
                    HPOS="570"
                    VPOS="253"
                    WIDTH="2103"
                    HEIGHT="94"></String>
          </TextLine>
          <TextLine ID="eSc_line_fba4afb3"
                    TAGREFS="LT31"
                    BASELINE="567 383 2687 389" 
                    HPOS="564"
                    VPOS="328"
                    WIDTH="2123"
                    HEIGHT="91">
            <Shape><Polygon POINTS="567 383 564 403 778 419 781 419 2684 411 2687 389 2687 350 2623 333 2620 333 2617 333 2264 344 2147 347 2125 342 2077 333 2075 333 2072 333 2041 342 2022 347 1977 342 1913 333 1910 333 1791 339 1652 347 1635 339 1627 330 1624 330 1621 330 1618 330 1585 336 1552 344 1031 330 951 330 948 330 931 330 717 344 567 328 567 383"/></Shape>
	    <String CONTENT=""
                    HPOS="564"
                    VPOS="328"
                    WIDTH="2123"
                    HEIGHT="91"></String>
          </TextLine>
          <TextLine ID="eSc_line_c357af18"
                    TAGREFS="LT31"
                    BASELINE="567 456 2709 447" 
                    HPOS="564"
                    VPOS="400"
                    WIDTH="2145"
                    HEIGHT="83">
            <Shape><Polygon POINTS="567 456 567 483 2706 478 2709 447 2700 400 1969 414 1680 408 1296 403 1293 403 1290 403 1268 414 1262 417 1132 414 662 406 659 406 564 419 567 456"/></Shape>
	    <String CONTENT=""
                    HPOS="564"
                    VPOS="400"
                    WIDTH="2145"
                    HEIGHT="83"></String>
          </TextLine>
          <TextLine ID="eSc_line_a867524a"
                    TAGREFS="LT31"
                    BASELINE="561 525 1168 517 2698 528" 
                    HPOS="559"
                    VPOS="464"
                    WIDTH="2139"
                    HEIGHT="94">
            <Shape><Polygon POINTS="561 525 559 545 2692 558 2698 528 2698 486 2253 472 2250 472 2150 483 2114 486 2058 483 1866 469 1863 469 1860 469 1858 469 1844 483 1841 486 1719 486 1699 483 1605 469 1602 469 1532 481 1518 483 1504 481 1435 467 1432 467 1101 481 1073 481 1070 481 1031 467 1029 467 1026 467 1023 467 979 481 976 481 959 467 956 467 954 467 809 464 806 464 803 464 801 464 776 481 561 481 561 525"/></Shape>
	    <String CONTENT=""
                    HPOS="559"
                    VPOS="464"
                    WIDTH="2139"
                    HEIGHT="94"></String>
          </TextLine>
          <TextLine ID="eSc_line_f3838a7e"
                    TAGREFS="LT31"
                    BASELINE="553 592 2662 592" 
                    HPOS="553"
                    VPOS="556"
                    WIDTH="2109"
                    HEIGHT="64">
            <Shape><Polygon POINTS="553 592 553 620 2662 609 2662 592 2662 556 553 556 553 592"/></Shape>
	    <String CONTENT=""
                    HPOS="553"
                    VPOS="556"
                    WIDTH="2109"
                    HEIGHT="64"></String>
          </TextLine>
          <TextLine ID="eSc_line_8966e532"
                    TAGREFS="LT31"
                    BASELINE="567 664 2703 664" 
                    HPOS="567"
                    VPOS="600"
                    WIDTH="2136"
                    HEIGHT="111">
            <Shape><Polygon POINTS="567 664 567 700 634 686 826 686 851 700 870 709 873 709 876 709 965 697 1045 689 1121 697 1226 709 1229 709 1304 695 1346 689 1774 689 1785 692 1821 703 1824 703 1827 703 2122 689 2147 689 2150 689 2203 703 2205 703 2208 703 2211 703 2233 692 2253 709 2255 709 2258 709 2261 711 2525 711 2525 709 2528 709 2531 709 2550 692 2639 700 2642 700 2645 700 2703 684 2703 664 2700 617 2267 625 2247 617 2205 600 2203 600 2200 600 2044 614 1919 600 1916 600 1913 600 1910 600 1885 620 1877 628 1835 628 1827 620 1802 600 1799 600 1796 600 1121 600 1118 600 1115 600 1112 600 1082 625 1079 628 689 628 687 625 656 606 653 606 650 606 648 606 645 606 567 625 567 664"/></Shape>
	    <String CONTENT=""
                    HPOS="567"
                    VPOS="600"
                    WIDTH="2136"
                    HEIGHT="111"></String>
          </TextLine>
          <TextLine ID="eSc_line_78d4dfc0"
                    TAGREFS="LT34"
                    BASELINE="729 632 2579 628" 
                    HPOS="729"
                    VPOS="628"
                    WIDTH="1850"
                    HEIGHT="4">
	    <String CONTENT=""
                    HPOS="729"
                    VPOS="628"
                    WIDTH="1850"
                    HEIGHT="4"></String>
          </TextLine>
          <TextLine ID="eSc_line_1f5d42c5"
                    TAGREFS="LT31"
                    BASELINE="550 745 2689 736" 
                    HPOS="547"
                    VPOS="697"
                    WIDTH="2142"
                    HEIGHT="70">
            <Shape><Polygon POINTS="550 745 550 764 2687 767 2689 736 2684 700 547 697 550 745"/></Shape>
	    <String CONTENT=""
                    HPOS="547"
                    VPOS="697"
                    WIDTH="2142"
                    HEIGHT="70"></String>
          </TextLine>
          <TextLine ID="eSc_line_f56fb11e"
                    TAGREFS="LT34"
                    BASELINE="2336 708 2498 710" 
                    HPOS="2336"
                    VPOS="708"
                    WIDTH="162"
                    HEIGHT="2">
	    <String CONTENT=""
                    HPOS="2336"
                    VPOS="708"
                    WIDTH="162"
                    HEIGHT="2"></String>
          </TextLine>
          <TextLine ID="eSc_line_9c85f02f"
                    TAGREFS="LT31"
                    BASELINE="564 814 2656 809" 
                    HPOS="561"
                    VPOS="750"
                    WIDTH="2095"
                    HEIGHT="100">
            <Shape><Polygon POINTS="564 814 564 834 748 834 753 837 773 850 776 850 778 850 781 850 784 850 834 837 848 834 945 837 1187 848 1190 848 1240 839 1273 834 1318 839 1407 850 1410 850 1507 839 1571 834 1585 839 1599 848 1602 848 1605 848 1713 842 1838 834 1991 842 2083 848 2086 848 2089 848 2091 848 2097 842 2114 831 2197 845 2228 848 2230 848 2653 845 2656 809 2650 773 2389 773 2333 753 2331 753 2328 753 2325 753 2322 753 2294 770 2189 750 2186 750 2183 750 2133 770 2055 750 2052 750 2050 750 2047 750 1972 773 1780 773 1721 753 1719 753 1716 753 1713 753 1677 770 1613 750 1610 750 1607 750 1605 750 1557 773 1554 775 1479 775 1477 773 1454 753 1452 753 1449 753 1446 753 1332 770 1059 753 1057 753 1054 753 1004 773 1001 775 887 775 881 773 784 753 781 753 778 753 776 753 751 773 664 773 628 773 625 773 595 753 592 753 589 753 586 753 584 753 581 753 561 764 564 814"/></Shape>
	    <String CONTENT=""
                    HPOS="561"
                    VPOS="750"
                    WIDTH="2095"
                    HEIGHT="100"></String>
          </TextLine>
          <TextLine ID="eSc_line_b13daf5a"
                    TAGREFS="LT31"
                    BASELINE="564 892 2670 875" 
                    HPOS="561"
                    VPOS="823"
                    WIDTH="2109"
                    HEIGHT="89">
            <Shape><Polygon POINTS="564 892 564 912 2667 900 2670 875 2662 837 2417 837 2414 837 2369 823 2367 823 2364 823 2361 823 2317 837 2308 842 2022 842 2019 839 2005 825 2002 825 2000 825 1997 825 1994 825 1947 839 1938 842 1936 839 1919 828 1916 828 1913 828 1910 828 1721 842 1696 842 1688 842 1616 828 1613 828 1610 828 1568 842 1557 845 1502 842 1276 831 1273 831 1148 845 1118 850 561 850 564 892"/></Shape>
	    <String CONTENT=""
                    HPOS="561"
                    VPOS="823"
                    WIDTH="2109"
                    HEIGHT="89"></String>
          </TextLine>
          <TextLine ID="eSc_line_b82f8fed"
                    TAGREFS="LT31"
                    BASELINE="564 962 2681 951" 
                    HPOS="561"
                    VPOS="895"
                    WIDTH="2120"
                    HEIGHT="89">
            <Shape><Polygon POINTS="564 962 564 984 2678 973 2681 951 2673 906 2578 912 2547 906 2492 895 2489 895 2486 895 2484 895 2467 906 2456 914 2278 914 2250 909 2155 895 2153 895 2150 895 2147 895 2147 898 2130 909 2125 917 1924 917 1916 912 1894 900 1891 900 1888 900 1663 914 1643 914 1632 914 1504 900 1502 900 1499 900 1443 917 1435 917 1429 917 1354 900 1351 900 1349 900 1346 900 1318 917 1262 903 1260 903 1257 903 1182 917 1093 900 1090 900 976 920 973 920 873 903 870 903 867 903 865 903 837 923 759 923 620 903 617 903 614 903 561 923 564 962"/></Shape>
	    <String CONTENT=""
                    HPOS="561"
                    VPOS="895"
                    WIDTH="2120"
                    HEIGHT="89"></String>
          </TextLine>
          <TextLine ID="eSc_line_6e659a1c"
                    TAGREFS="LT31"
                    BASELINE="550 1037 2322 1020" 
                    HPOS="547"
                    VPOS="962"
                    WIDTH="1775"
                    HEIGHT="103">
            <Shape><Polygon POINTS="550 1037 550 1065 2322 1045 2322 1020 2308 962 2283 978 2097 967 2094 967 1966 981 1908 967 1899 967 1897 967 1874 970 1763 981 1744 970 1735 967 1732 967 1730 967 1727 967 1724 967 1721 970 1699 984 1349 976 1154 973 1151 973 1148 973 1146 973 1140 978 1129 989 1112 981 1101 976 1098 976 1095 976 547 987 550 1037"/></Shape>
	    <String CONTENT=""
                    HPOS="547"
                    VPOS="962"
                    WIDTH="1775"
                    HEIGHT="103"></String>
          </TextLine>
          <TextLine ID="eSc_line_96497247"
                    TAGREFS="LT31"
                    BASELINE="620 1109 2637 1092" 
                    HPOS="617"
                    VPOS="1037"
                    WIDTH="2020"
                    HEIGHT="100">
            <Shape><Polygon POINTS="620 1109 620 1137 2634 1129 2637 1092 2634 1051 2609 1037 2606 1037 2603 1037 2600 1037 2517 1053 2514 1053 2511 1053 2456 1037 2453 1037 2450 1037 2447 1037 2445 1037 2417 1053 2383 1040 2381 1040 2378 1040 2314 1053 2294 1059 2175 1059 2169 1053 2150 1040 2147 1040 2144 1040 2141 1040 2013 1053 1949 1062 1808 1062 1799 1053 1788 1042 1785 1042 1783 1042 1780 1042 1777 1042 1752 1053 1735 1059 1677 1053 1624 1048 1621 1048 1593 1053 1546 1062 1429 1053 1329 1045 1326 1045 1324 1045 1310 1053 1285 1065 1246 1053 1229 1048 1226 1048 1223 1048 1221 1048 1210 1053 1184 1067 998 1067 979 1053 973 1048 970 1048 968 1048 965 1048 962 1048 948 1053 917 1062 617 1053 620 1109"/></Shape>
	    <String CONTENT=""
                    HPOS="617"
                    VPOS="1037"
                    WIDTH="2020"
                    HEIGHT="100"></String>
          </TextLine>
          <TextLine ID="eSc_line_77dc2ee9"
                    TAGREFS="LT31"
                    BASELINE="567 1173 2653 1159" 
                    HPOS="564"
                    VPOS="1117"
                    WIDTH="2089"
                    HEIGHT="78">
            <Shape><Polygon POINTS="567 1173 567 1195 2650 1187 2653 1159 2648 1126 1410 1117 1407 1117 1329 1131 1015 1120 1012 1120 1009 1120 970 1134 589 1123 586 1123 584 1123 581 1123 564 1131 567 1173"/></Shape>
	    <String CONTENT=""
                    HPOS="564"
                    VPOS="1117"
                    WIDTH="2089"
                    HEIGHT="78"></String>
          </TextLine>
          <TextLine ID="eSc_line_06e3dbc3"
                    TAGREFS="LT31"
                    BASELINE="542 1243 2712 1234" 
                    HPOS="539"
                    VPOS="1181"
                    WIDTH="2173"
                    HEIGHT="89">
            <Shape><Polygon POINTS="542 1243 542 1270 2709 1268 2712 1234 2703 1181 2578 1195 2333 1181 2308 1181 2305 1181 2303 1181 2300 1181 2267 1195 2225 1181 2222 1181 2219 1181 2216 1181 2214 1181 2211 1181 2166 1195 2102 1181 2091 1181 2089 1181 2086 1181 2083 1181 2058 1195 1621 1184 1571 1184 1568 1184 1566 1184 1563 1184 1527 1201 1260 1201 1171 1187 1168 1187 1165 1187 1162 1187 1104 1201 1045 1187 1043 1187 1040 1187 1037 1187 1001 1201 965 1187 962 1187 959 1187 956 1187 954 1187 929 1201 539 1190 542 1243"/></Shape>
	    <String CONTENT=""
                    HPOS="539"
                    VPOS="1181"
                    WIDTH="2173"
                    HEIGHT="89"></String>
          </TextLine>
          <TextLine ID="eSc_line_95e5f491"
                    TAGREFS="LT31"
                    BASELINE="545 1315 2689 1287" 
                    HPOS="542"
                    VPOS="1248"
                    WIDTH="2147"
                    HEIGHT="100">
            <Shape><Polygon POINTS="545 1315 545 1340 1126 1348 1129 1348 1368 1332 1401 1332 1426 1332 1568 1343 1571 1343 1682 1329 1719 1326 1727 1329 1752 1340 1755 1340 1758 1340 1827 1329 1844 1326 1883 1326 2041 1337 2044 1337 2191 1323 2269 1318 2319 1323 2392 1332 2395 1332 2687 1318 2689 1287 2684 1254 1849 1248 1847 1248 1844 1248 1791 1262 1668 1251 1666 1251 1396 1268 1190 1256 1187 1256 1184 1256 1148 1270 973 1259 970 1259 968 1259 934 1273 564 1265 561 1265 559 1265 556 1265 542 1273 545 1315"/></Shape>
	    <String CONTENT=""
                    HPOS="542"
                    VPOS="1248"
                    WIDTH="2147"
                    HEIGHT="100"></String>
          </TextLine>
          <TextLine ID="eSc_line_06534777"
                    TAGREFS="LT31"
                    BASELINE="536 1384 2689 1351" 
                    HPOS="534"
                    VPOS="1315"
                    WIDTH="2155"
                    HEIGHT="92">
            <Shape><Polygon POINTS="536 1384 536 1407 2689 1379 2689 1351 2681 1315 534 1343 536 1384"/></Shape>
	    <String CONTENT=""
                    HPOS="534"
                    VPOS="1315"
                    WIDTH="2155"
                    HEIGHT="92"></String>
          </TextLine>
          <TextLine ID="eSc_line_97079bc7"
                    TAGREFS="LT31"
                    BASELINE="547 1448 2678 1421" 
                    HPOS="545"
                    VPOS="1373"
                    WIDTH="2133"
                    HEIGHT="98">
            <Shape><Polygon POINTS="547 1448 547 1471 2675 1448 2678 1421 2673 1387 2489 1373 2486 1373 2255 1390 2228 1390 2219 1390 2169 1379 2166 1379 2055 1390 2025 1393 1988 1390 1849 1382 1847 1382 1844 1382 1821 1393 1813 1398 545 1401 547 1448"/></Shape>
	    <String CONTENT=""
                    HPOS="545"
                    VPOS="1373"
                    WIDTH="2133"
                    HEIGHT="98"></String>
          </TextLine>
          <TextLine ID="eSc_line_a65f4d02"
                    TAGREFS="LT31"
                    BASELINE="539 1521 714 1509 2695 1498" 
                    HPOS="536"
                    VPOS="1451"
                    WIDTH="2159"
                    HEIGHT="97">
            <Shape><Polygon POINTS="539 1521 539 1548 606 1535 951 1546 954 1546 956 1546 959 1546 1296 1529 1407 1543 1410 1543 1413 1543 1649 1526 1827 1540 1830 1540 1833 1540 2369 1521 2692 1535 2695 1498 2687 1451 1908 1465 1727 1462 1454 1454 1452 1454 1287 1465 1248 1468 1212 1468 1020 1457 1018 1457 923 1471 912 1471 890 1471 664 1459 662 1459 536 1473 539 1521"/></Shape>
	    <String CONTENT=""
                    HPOS="536"
                    VPOS="1451"
                    WIDTH="2159"
                    HEIGHT="97"></String>
          </TextLine>
          <TextLine ID="eSc_line_38dc3fc7"
                    TAGREFS="LT31"
                    BASELINE="539 1585 2611 1562" 
                    HPOS="536"
                    VPOS="1515"
                    WIDTH="2075"
                    HEIGHT="106">
            <Shape><Polygon POINTS="539 1585 539 1610 1031 1621 1034 1621 1134 1607 1299 1618 1301 1618 1304 1618 1307 1618 1307 1615 1321 1604 1324 1601 1365 1604 1557 1615 1560 1615 2609 1590 2611 1562 2606 1526 2144 1515 2141 1515 2055 1529 1632 1521 1630 1521 1627 1521 1566 1535 1146 1526 1143 1526 787 1543 559 1532 556 1532 553 1532 550 1532 536 1540 539 1585"/></Shape>
	    <String CONTENT=""
                    HPOS="536"
                    VPOS="1515"
                    WIDTH="2075"
                    HEIGHT="106"></String>
          </TextLine>
          <TextLine ID="eSc_line_1ba8cef9"
                    TAGREFS="LT31"
                    BASELINE="531 1660 1969 1651 2667 1632" 
                    HPOS="528"
                    VPOS="1593"
                    WIDTH="2139"
                    HEIGHT="106">
            <Shape><Polygon POINTS="531 1660 531 1682 586 1682 589 1682 609 1699 611 1699 614 1699 617 1699 620 1699 623 1699 648 1682 650 1679 815 1679 837 1679 1006 1699 1009 1699 1012 1699 1079 1676 1087 1676 1107 1676 1296 1696 1299 1696 1463 1693 1465 1693 1468 1693 1490 1676 1535 1693 1538 1693 1541 1693 1543 1693 1605 1679 2164 1687 2166 1687 2267 1665 2272 1662 2664 1660 2667 1632 2659 1593 2041 1607 2027 1601 2016 1593 2013 1593 2011 1593 2008 1593 1955 1601 1905 1610 1755 1604 1577 1598 1574 1598 1571 1598 1541 1607 1521 1612 1460 1610 1343 1601 1340 1601 1337 1601 1318 1612 1310 1615 1248 1612 1076 1601 1073 1601 865 1604 862 1604 831 1618 801 1604 798 1604 795 1604 792 1604 753 1618 748 1621 726 1621 584 1607 581 1607 578 1607 528 1621 531 1660"/></Shape>
	    <String CONTENT=""
                    HPOS="528"
                    VPOS="1593"
                    WIDTH="2139"
                    HEIGHT="106"></String>
          </TextLine>
          <TextLine ID="eSc_line_40ce0454"
                    TAGREFS="LT31"
                    BASELINE="531 1735 2675 1707" 
                    HPOS="528"
                    VPOS="1657"
                    WIDTH="2147"
                    HEIGHT="111">
            <Shape><Polygon POINTS="531 1735 531 1768 1182 1749 1674 1749 2453 1749 2453 1746 2456 1746 2458 1746 2475 1732 2478 1729 2675 1726 2675 1707 2670 1674 2486 1657 2484 1657 2481 1657 2428 1674 2425 1674 2420 1674 2250 1660 2247 1660 2244 1660 2242 1660 2219 1676 2216 1676 2200 1676 2036 1662 2033 1662 1830 1679 1777 1685 528 1687 531 1735"/></Shape>
	    <String CONTENT=""
                    HPOS="528"
                    VPOS="1657"
                    WIDTH="2147"
                    HEIGHT="111"></String>
          </TextLine>
          <TextLine ID="eSc_line_6b9f5255"
                    TAGREFS="LT31"
                    BASELINE="522 1810 2664 1776" 
                    HPOS="520"
                    VPOS="1729"
                    WIDTH="2144"
                    HEIGHT="117">
            <Shape><Polygon POINTS="522 1810 522 1846 603 1832 664 1846 675 1846 678 1846 681 1846 684 1846 712 1829 1610 1829 1760 1829 1763 1829 1766 1829 1774 1827 1833 1813 1902 1827 1913 1827 1916 1827 1941 1827 2130 1807 2659 1813 2664 1776 2659 1740 2425 1729 2422 1729 2308 1743 2300 1743 2292 1743 2197 1729 2194 1729 2127 1746 2108 1751 1919 1751 1913 1749 1888 1735 1885 1735 1883 1735 1791 1749 1752 1754 1705 1751 1577 1738 1574 1738 1457 1754 1438 1754 1421 1754 1318 1743 1315 1743 1254 1754 1215 1763 1118 1757 981 1749 979 1749 976 1749 951 1760 934 1765 909 1760 867 1749 865 1749 862 1749 684 1751 681 1751 653 1763 631 1771 520 1765 522 1810"/></Shape>
	    <String CONTENT=""
                    HPOS="520"
                    VPOS="1729"
                    WIDTH="2144"
                    HEIGHT="117"></String>
          </TextLine>
          <TextLine ID="eSc_line_ef9ed602"
                    TAGREFS="LT31"
                    BASELINE="520 1882 2670 1852" 
                    HPOS="517"
                    VPOS="1801"
                    WIDTH="2153"
                    HEIGHT="106">
            <Shape><Polygon POINTS="520 1882 520 1907 2225 1882 2267 1893 2272 1893 2275 1893 2278 1893 2300 1893 2475 1877 2664 1888 2670 1852 2662 1801 2189 1818 2047 1813 1916 1807 1913 1807 1910 1807 1891 1815 1872 1827 1652 1827 1599 1821 1524 1813 1521 1813 1365 1827 1285 1832 1237 1829 1129 1818 1126 1818 998 1832 973 1835 954 1835 842 1824 840 1824 837 1824 834 1824 815 1838 809 1838 781 1838 550 1827 547 1827 545 1827 517 1838 520 1882"/></Shape>
	    <String CONTENT=""
                    HPOS="517"
                    VPOS="1801"
                    WIDTH="2153"
                    HEIGHT="106"></String>
          </TextLine>
          <TextLine ID="eSc_line_155cfc4f"
                    TAGREFS="LT31"
                    BASELINE="511 1952 1328 1945 1328 1945 2684 1918" 
                    HPOS="509"
                    VPOS="1871"
                    WIDTH="2175"
                    HEIGHT="122">
            <Shape><Polygon POINTS="511 1974 648 1974 650 1974 681 1993 684 1993 687 1993 689 1993 987 1971 1006 1971 1009 1971 1031 1988 1034 1988 1037 1988 1040 1988 1043 1988 1087 1971 1090 1971 1115 1971 1424 1979 1426 1979 1429 1979 1432 1979 1446 1968 1457 1957 1596 1957 1744 1966 1883 1974 1885 1974 2002 1963 2141 1952 2244 1963 2311 1968 2314 1968 2317 1968 2342 1960 2395 1946 2678 1957 2684 1918 2675 1871 1218 1904 1140 1902 945 1893 942 1893 876 1907 859 1910 803 1910 545 1899 542 1899 539 1899 509 1910 511 1952"/></Shape>
	    <String CONTENT=""
                    HPOS="509"
                    VPOS="1871"
                    WIDTH="2175"
                    HEIGHT="122"></String>
          </TextLine>
          <TextLine ID="eSc_line_6abac465"
                    TAGREFS="LT31"
                    BASELINE="511 2024 2675 1985" 
                    HPOS="509"
                    VPOS="1938"
                    WIDTH="2166"
                    HEIGHT="122">
            <Shape><Polygon POINTS="511 2024 511 2049 970 2060 973 2060 976 2060 1023 2046 1029 2046 1385 2052 1388 2052 1390 2052 1413 2041 1426 2032 1549 2032 1641 2038 1744 2046 1746 2046 1872 2035 2055 2021 2094 2035 2105 2038 2108 2038 2111 2038 2155 2032 2283 2018 2500 2027 2503 2027 2506 2027 2534 2013 2673 2027 2675 1985 2667 1943 2164 1960 2136 1949 2102 1938 2100 1938 2097 1938 2094 1938 2066 1952 2047 1963 1897 1963 1874 1954 1855 1946 1852 1946 1849 1946 1774 1954 1702 1966 1666 1957 1621 1946 1618 1946 1616 1946 1438 1949 1435 1949 1432 1949 1415 1960 1393 1974 1248 1963 1182 1960 1179 1960 1176 1960 1173 1960 1165 1966 1146 1977 1029 1968 1026 1968 1023 1968 1020 1968 962 1982 917 1968 915 1968 912 1968 909 1968 906 1968 904 1968 873 1982 817 1971 803 1968 801 1968 798 1968 792 1971 762 1985 509 1977 511 2024"/></Shape>
	    <String CONTENT=""
                    HPOS="509"
                    VPOS="1938"
                    WIDTH="2166"
                    HEIGHT="122"></String>
          </TextLine>
          <TextLine ID="eSc_line_391b88b2"
                    TAGREFS="LT31"
                    BASELINE="506 2099 2645 2060" 
                    HPOS="503"
                    VPOS="2013"
                    WIDTH="2142"
                    HEIGHT="117">
            <Shape><Polygon POINTS="506 2099 506 2130 1290 2105 1360 2116 1363 2116 1365 2116 1368 2116 1421 2102 1844 2107 1866 2107 1869 2107 1877 2107 2058 2091 2158 2102 2161 2102 2164 2102 2339 2085 2639 2093 2645 2060 2637 2024 2389 2027 2378 2024 2331 2013 2328 2013 2325 2013 2322 2013 2319 2013 2300 2027 2297 2027 2267 2027 2069 2018 2066 2018 1986 2030 1941 2035 1919 2030 1885 2021 1883 2021 1880 2021 1794 2032 1713 2041 1554 2035 1446 2030 1443 2030 1335 2035 1104 2052 984 2041 954 2038 951 2038 948 2038 942 2041 912 2057 792 2057 503 2046 506 2099"/></Shape>
	    <String CONTENT=""
                    HPOS="503"
                    VPOS="2013"
                    WIDTH="2142"
                    HEIGHT="117"></String>
          </TextLine>
          <TextLine ID="eSc_line_02447564"
                    TAGREFS="LT31"
                    BASELINE="506 2171 2639 2141" 
                    HPOS="503"
                    VPOS="2088"
                    WIDTH="2136"
                    HEIGHT="103">
            <Shape><Polygon POINTS="506 2171 506 2191 2639 2163 2639 2141 2634 2105 2442 2088 2439 2088 2436 2088 2433 2088 2433 2091 2420 2102 2336 2091 2333 2091 2253 2107 2244 2107 2228 2107 2086 2093 2083 2093 2080 2093 2077 2093 2052 2107 2050 2110 2025 2110 1880 2096 1877 2096 1874 2096 1872 2096 1852 2110 1847 2113 1816 2110 1699 2099 1696 2099 1694 2099 1668 2113 1660 2116 1610 2113 1471 2102 1468 2102 1465 2102 1435 2113 1421 2118 1393 2116 1329 2105 1326 2105 1324 2105 1285 2116 1260 2121 1210 2116 1126 2107 1123 2107 1057 2118 1012 2124 503 2124 506 2171"/></Shape>
	    <String CONTENT=""
                    HPOS="503"
                    VPOS="2088"
                    WIDTH="2136"
                    HEIGHT="103"></String>
          </TextLine>
          <TextLine ID="eSc_line_19724ba1"
                    TAGREFS="LT33"
                    BASELINE="2043 2193 2379 2191" 
                    HPOS="2043"
                    VPOS="2191"
                    WIDTH="336"
                    HEIGHT="2">
	    <String CONTENT=""
                    HPOS="2043"
                    VPOS="2191"
                    WIDTH="336"
                    HEIGHT="2"></String>
          </TextLine>
          <TextLine ID="eSc_line_2a17ec84"
                    TAGREFS="LT31"
                    BASELINE="503 2249 2607 2228" 
                    HPOS="500"
                    VPOS="2166"
                    WIDTH="2109"
                    HEIGHT="114">
            <Shape><Polygon POINTS="503 2280 2606 2252 2609 2219 2600 2182 2397 2185 2392 2185 2353 2166 2350 2166 2219 2166 2216 2166 2036 2169 2033 2169 2030 2169 1997 2188 1994 2191 1974 2191 1847 2174 1844 2174 1841 2174 1794 2191 1788 2194 1783 2191 1738 2174 1735 2174 1732 2174 1646 2194 1632 2196 1602 2194 1496 2185 1493 2185 1268 2199 1207 2202 1196 2199 1132 2182 1129 2182 1126 2182 1034 2185 1031 2185 1029 2185 1009 2202 1004 2205 973 2202 842 2194 840 2194 837 2194 795 2205 787 2207 784 2205 764 2188 762 2188 759 2188 756 2188 753 2188 692 2207 678 2210 656 2207 550 2191 547 2191 545 2191 500 2205 503 2249"/></Shape>
	    <String CONTENT=""
                    HPOS="500"
                    VPOS="2166"
                    WIDTH="2109"
                    HEIGHT="114"></String>
          </TextLine>
          <TextLine ID="eSc_line_d420def3"
                    TAGREFS="LT31"
                    BASELINE="497 2327 2664 2296" 
                    HPOS="495"
                    VPOS="2244"
                    WIDTH="2169"
                    HEIGHT="119">
            <Shape><Polygon POINTS="497 2327 497 2347 845 2347 881 2363 884 2363 887 2363 890 2363 892 2363 920 2344 923 2344 940 2344 1084 2360 1087 2360 1240 2341 1285 2338 1382 2341 1671 2352 1674 2352 1763 2338 1785 2335 1794 2338 1821 2349 1824 2349 1827 2349 1891 2338 1905 2333 2664 2330 2664 2296 2653 2244 2614 2258 2372 2249 2283 2246 2280 2246 2278 2246 2275 2246 2269 2252 2250 2263 2214 2252 2203 2249 2200 2249 2197 2249 2194 2249 2186 2252 2166 2263 1841 2260 1624 2258 1621 2258 1549 2266 1471 2274 1421 2269 1365 2260 1363 2260 1360 2260 1357 2260 1343 2269 1335 2274 1271 2271 1176 2266 1173 2266 1098 2274 1051 2280 1026 2277 970 2266 968 2266 904 2280 879 2283 831 2280 687 2269 684 2269 495 2285 497 2327"/></Shape>
	    <String CONTENT=""
                    HPOS="495"
                    VPOS="2244"
                    WIDTH="2169"
                    HEIGHT="119"></String>
          </TextLine>
          <TextLine ID="eSc_line_0ec26deb"
                    TAGREFS="LT31"
                    BASELINE="503 2397 2678 2372" 
                    HPOS="500"
                    VPOS="2333"
                    WIDTH="2178"
                    HEIGHT="97">
            <Shape><Polygon POINTS="503 2397 503 2430 570 2416 873 2424 981 2427 984 2427 1057 2422 1226 2408 1343 2416 1407 2422 1410 2422 1443 2416 1493 2405 1524 2413 1538 2419 1541 2419 1543 2419 1613 2413 1724 2402 1810 2410 1891 2416 1894 2416 1897 2416 1913 2408 1927 2402 2011 2405 2144 2413 2147 2413 2150 2413 2186 2402 2203 2399 2267 2402 2431 2410 2433 2410 2678 2394 2678 2372 2673 2335 1474 2333 1471 2333 1468 2333 1438 2347 1273 2335 1271 2335 1268 2335 1221 2349 984 2338 981 2338 979 2338 945 2352 826 2341 823 2341 500 2358 503 2397"/></Shape>
	    <String CONTENT=""
                    HPOS="500"
                    VPOS="2333"
                    WIDTH="2178"
                    HEIGHT="97"></String>
          </TextLine>
          <TextLine ID="eSc_line_e66795b5"
                    TAGREFS="LT31"
                    BASELINE="486 2477 1591 2458 2645 2458" 
                    HPOS="484"
                    VPOS="2405"
                    WIDTH="2161"
                    HEIGHT="97">
            <Shape><Polygon POINTS="486 2477 486 2502 1388 2486 1482 2488 1646 2497 1649 2497 1716 2486 1741 2483 1785 2486 1922 2494 1924 2494 2061 2480 2083 2480 2136 2480 2589 2488 2592 2488 2595 2488 2645 2472 2645 2458 2639 2405 1969 2422 1924 2413 1891 2408 1888 2408 1827 2416 1771 2422 1677 2416 1541 2410 1538 2410 1535 2410 1502 2419 1482 2424 1454 2422 1388 2410 1385 2410 1168 2424 1076 2430 1029 2427 917 2416 915 2416 803 2430 770 2436 584 2436 581 2433 559 2419 556 2419 553 2419 550 2419 484 2433 486 2477"/></Shape>
	    <String CONTENT=""
                    HPOS="484"
                    VPOS="2405"
                    WIDTH="2161"
                    HEIGHT="97"></String>
          </TextLine>
          <TextLine ID="eSc_line_34deadc2"
                    TAGREFS="LT31"
                    BASELINE="461 2547 2659 2527" 
                    HPOS="458"
                    VPOS="2474"
                    WIDTH="2201"
                    HEIGHT="106">
            <Shape><Polygon POINTS="461 2547 461 2577 1229 2580 1232 2580 1235 2580 1251 2575 1276 2563 1301 2575 1318 2580 1321 2580 1324 2580 1365 2572 1432 2561 1602 2572 1702 2577 1705 2577 1707 2577 1710 2577 1716 2572 1735 2558 1894 2558 1930 2569 1947 2575 1949 2575 1952 2575 1997 2569 2097 2555 2653 2563 2659 2527 2650 2474 2542 2491 2364 2480 2361 2480 2358 2480 2356 2480 2333 2494 2153 2480 2038 2480 2036 2480 2033 2480 2030 2480 2011 2497 1785 2483 1783 2483 1705 2502 1460 2502 1404 2486 1401 2486 1399 2486 767 2508 458 2494 461 2547"/></Shape>
	    <String CONTENT=""
                    HPOS="458"
                    VPOS="2474"
                    WIDTH="2201"
                    HEIGHT="106"></String>
          </TextLine>
          <TextLine ID="eSc_line_95d88af1"
                    TAGREFS="LT31"
                    BASELINE="472 2619 1313 2624 1313 2624 2261 2600" 
                    HPOS="470"
                    VPOS="2558"
                    WIDTH="1791"
                    HEIGHT="94">
            <Shape><Polygon POINTS="472 2641 1157 2652 1159 2652 1254 2639 1735 2647 1738 2647 1741 2647 1744 2647 1766 2630 2000 2644 2002 2644 2005 2644 2055 2625 2058 2625 2061 2625 2094 2641 2097 2641 2100 2641 2169 2627 2236 2641 2239 2641 2242 2641 2244 2641 2261 2625 2261 2600 2253 2558 470 2575 472 2619"/></Shape>
	    <String CONTENT=""
                    HPOS="470"
                    VPOS="2558"
                    WIDTH="1791"
                    HEIGHT="94"></String>
          </TextLine>
          <TextLine ID="eSc_line_3412f9ba"
                    TAGREFS="LT31"
                    BASELINE="458 2700 2263 2692 2263 2692 2681 2686" 
                    HPOS="456"
                    VPOS="2633"
                    WIDTH="2225"
                    HEIGHT="103">
            <Shape><Polygon POINTS="458 2716 898 2736 901 2736 1101 2719 1193 2714 1207 2719 1232 2733 1235 2733 1237 2736 1335 2736 1335 2733 1337 2733 1340 2733 1340 2730 1351 2722 1365 2711 1582 2722 1758 2730 1760 2730 1844 2722 1969 2711 2013 2725 2027 2727 2030 2727 2033 2727 2130 2725 2350 2714 2433 2725 2442 2725 2445 2725 2447 2725 2450 2725 2470 2711 2511 2725 2514 2725 2517 2725 2520 2725 2598 2705 2673 2725 2681 2686 2675 2647 2509 2633 2506 2633 2503 2633 2500 2633 2481 2647 2478 2647 2447 2647 2294 2636 2292 2636 2191 2647 2153 2650 2114 2647 1994 2633 1991 2633 1888 2647 1860 2650 1847 2647 1796 2633 1794 2633 1791 2633 1788 2633 1758 2647 1744 2652 1707 2647 1638 2636 1635 2636 1554 2647 1510 2652 1379 2647 1237 2641 1235 2641 1232 2641 1207 2647 1173 2655 1146 2647 1118 2639 1115 2639 1112 2639 1070 2647 1031 2655 456 2650 458 2700"/></Shape>
	    <String CONTENT=""
                    HPOS="456"
                    VPOS="2633"
                    WIDTH="2225"
                    HEIGHT="103"></String>
          </TextLine>
          <TextLine ID="eSc_line_76697d38"
                    TAGREFS="LT31"
                    BASELINE="453 2778 2185 2767 2185 2767 2659 2761" 
                    HPOS="450"
                    VPOS="2694"
                    WIDTH="2209"
                    HEIGHT="111">
            <Shape><Polygon POINTS="453 2803 1880 2805 1883 2805 1885 2805 1894 2803 1930 2789 2239 2803 2286 2803 2289 2803 2314 2803 2489 2786 2653 2800 2659 2761 2656 2722 2603 2702 2600 2702 2598 2702 2595 2702 2556 2722 2497 2694 2495 2694 2492 2694 2489 2694 2408 2722 2408 2725 2102 2725 2100 2725 2052 2700 2050 2700 2047 2700 2044 2700 1988 2725 1877 2711 1874 2711 1872 2711 1869 2711 1849 2727 1847 2727 1791 2708 1788 2708 1785 2708 1783 2708 1738 2725 1624 2714 1621 2714 1618 2714 1593 2727 1552 2702 1549 2702 1546 2702 1543 2702 1307 2716 1201 2702 1198 2702 1196 2702 1132 2733 1129 2733 1123 2733 1048 2716 1045 2716 1043 2716 990 2733 987 2733 926 2733 600 2733 559 2714 556 2714 553 2714 450 2736 453 2778"/></Shape>
	    <String CONTENT=""
                    HPOS="450"
                    VPOS="2694"
                    WIDTH="2209"
                    HEIGHT="111"></String>
          </TextLine>
          <TextLine ID="eSc_line_212a3c1a"
                    TAGREFS="LT34"
                    BASELINE="1148 2740 1518 2747" 
                    HPOS="1148"
                    VPOS="2740"
                    WIDTH="370"
                    HEIGHT="7">
	    <String CONTENT=""
                    HPOS="1148"
                    VPOS="2740"
                    WIDTH="370"
                    HEIGHT="7"></String>
          </TextLine>
          <TextLine ID="eSc_line_0673040e"
                    TAGREFS="LT31"
                    BASELINE="442 2847 2664 2822" 
                    HPOS="439"
                    VPOS="2783"
                    WIDTH="2225"
                    HEIGHT="103">
            <Shape><Polygon POINTS="442 2847 445 2886 481 2869 837 2880 923 2880 926 2880 990 2875 1182 2861 1221 2872 1232 2875 1235 2875 1237 2875 1240 2875 1243 2875 1246 2872 1265 2858 1429 2858 1771 2861 2164 2867 2166 2867 2169 2867 2205 2853 2211 2853 2230 2853 2333 2864 2336 2864 2662 2844 2664 2822 2659 2783 1432 2783 1429 2783 1426 2783 1424 2783 1410 2797 1407 2797 1396 2797 1329 2786 1326 2786 1198 2797 1168 2800 1132 2800 929 2789 926 2789 923 2789 920 2789 920 2791 909 2803 906 2803 892 2803 801 2791 798 2791 439 2805 442 2847"/></Shape>
	    <String CONTENT=""
                    HPOS="439"
                    VPOS="2783"
                    WIDTH="2225"
                    HEIGHT="103"></String>
          </TextLine>
          <TextLine ID="eSc_line_59a9c7b7"
                    TAGREFS="LT31"
                    BASELINE="422 2917 1357 2900 2203 2907 2675 2906" 
                    HPOS="420"
                    VPOS="2842"
                    WIDTH="2269"
                    HEIGHT="108">
            <Shape><Polygon POINTS="422 2936 623 2950 625 2950 628 2950 631 2950 650 2936 656 2933 678 2936 717 2944 720 2944 764 2936 806 2930 867 2936 917 2942 920 2942 1101 2936 1390 2928 1477 2936 1560 2944 1563 2944 1605 2936 1646 2928 1774 2936 1874 2942 1877 2942 1905 2936 1963 2922 2022 2936 2041 2939 2044 2939 2158 2936 2500 2922 2687 2933 2689 2897 2681 2853 2450 2858 2428 2855 2378 2842 2375 2842 2372 2842 2172 2858 2108 2861 2097 2858 2061 2844 2058 2844 2055 2844 1899 2861 1855 2864 1838 2861 1788 2847 1785 2847 1783 2847 1780 2847 1721 2861 1713 2864 1705 2861 1652 2847 1649 2847 1646 2847 1643 2847 1641 2847 1616 2864 1588 2853 1585 2853 1582 2853 1518 2864 1502 2867 1496 2864 1468 2850 1465 2850 1265 2850 1262 2850 1260 2850 1190 2867 1179 2869 1168 2869 1070 2853 1068 2853 1065 2853 1006 2869 987 2853 984 2853 981 2853 876 2853 873 2853 762 2872 759 2872 756 2872 689 2855 687 2855 684 2855 681 2855 678 2855 650 2875 556 2875 525 2855 522 2855 520 2855 517 2855 420 2875 422 2917"/></Shape>
	    <String CONTENT=""
                    HPOS="420"
                    VPOS="2842"
                    WIDTH="2269"
                    HEIGHT="108"></String>
          </TextLine>
          <TextLine ID="eSc_line_e4494aa3"
                    TAGREFS="LT31"
                    BASELINE="453 2983 2313 2974 2313 2974 2662 2967" 
                    HPOS="450"
                    VPOS="2917"
                    WIDTH="2212"
                    HEIGHT="102">
            <Shape><Polygon POINTS="453 3008 625 3003 662 3008 737 3019 739 3019 742 3019 745 3019 762 3006 767 3003 798 3006 853 3014 856 3014 906 3006 940 3000 970 3006 1045 3017 1048 3017 1051 3017 1076 3003 1084 3000 1101 3003 1140 3011 1143 3011 1146 3011 1176 3003 1198 2997 1221 3003 1265 3014 1268 3014 1271 3014 1273 3014 1324 3000 1343 2997 1363 3000 1424 3014 1426 3014 1429 3014 1432 3014 1452 3000 1457 2997 1477 3000 1549 3011 1552 3011 1646 2997 1660 2997 1668 2997 1732 3011 1735 3011 1897 2994 1952 2992 2002 2994 2172 3008 2175 3008 2317 2994 2631 3006 2634 3006 2637 3006 2639 3006 2662 2989 2662 2967 2653 2917 450 2936 453 2983"/></Shape>
	    <String CONTENT=""
                    HPOS="450"
                    VPOS="2917"
                    WIDTH="2212"
                    HEIGHT="102"></String>
          </TextLine>
          <TextLine ID="eSc_line_9430e410"
                    TAGREFS="LT31"
                    BASELINE="447 3058 2664 3039" 
                    HPOS="445"
                    VPOS="2983"
                    WIDTH="2219"
                    HEIGHT="103">
            <Shape><Polygon POINTS="447 3058 447 3086 1627 3083 1694 3081 2052 3064 2178 3078 2180 3078 2183 3078 2186 3078 2347 3061 2659 3075 2664 3039 2659 3003 2478 2983 2475 2983 2472 2983 2428 3003 2147 3003 2027 2986 2025 2986 1390 3014 1104 3014 1070 2997 1068 2997 1065 2997 987 3014 934 2997 931 2997 929 2997 926 2997 876 3011 834 2997 831 2997 828 2997 826 2997 823 2997 795 3017 628 3017 550 3000 547 3000 445 3019 447 3058"/></Shape>
	    <String CONTENT=""
                    HPOS="445"
                    VPOS="2983"
                    WIDTH="2219"
                    HEIGHT="103"></String>
          </TextLine>
          <TextLine ID="eSc_line_9793a85e"
                    TAGREFS="LT31"
                    BASELINE="442 3128 2667 3106" 
                    HPOS="439"
                    VPOS="3053"
                    WIDTH="2228"
                    HEIGHT="106">
            <Shape><Polygon POINTS="442 3128 442 3159 2667 3131 2667 3106 2662 3070 2411 3053 2408 3053 2319 3070 2314 3070 2305 3070 2161 3056 2158 3056 1969 3072 1947 3072 1936 3072 1847 3058 1844 3058 1841 3058 1788 3072 1774 3075 1738 3072 1605 3061 1602 3061 1599 3061 1563 3072 1546 3078 1471 3075 1304 3064 1301 3064 1299 3064 1296 3064 1279 3075 1268 3081 1257 3075 1237 3067 1235 3067 1232 3067 1229 3067 1212 3075 1201 3081 1159 3075 1090 3067 1087 3067 1031 3075 987 3083 439 3081 442 3128"/></Shape>
	    <String CONTENT=""
                    HPOS="439"
                    VPOS="3053"
                    WIDTH="2228"
                    HEIGHT="106"></String>
          </TextLine>
          <TextLine ID="eSc_line_acabd2e4"
                    TAGREFS="LT33"
                    BASELINE="1489 3078 1558 3074" 
                    HPOS="1489"
                    VPOS="3074"
                    WIDTH="69"
                    HEIGHT="4">
	    <String CONTENT=""
                    HPOS="1489"
                    VPOS="3074"
                    WIDTH="69"
                    HEIGHT="4"></String>
          </TextLine>
          <TextLine ID="eSc_line_9c3f9317"
                    TAGREFS="LT31"
                    BASELINE="447 3197 2648 3181" 
                    HPOS="445"
                    VPOS="3139"
                    WIDTH="2203"
                    HEIGHT="95">
            <Shape><Polygon POINTS="447 3197 447 3234 2645 3203 2648 3181 2642 3139 1140 3139 1137 3139 1079 3142 895 3153 837 3142 815 3139 812 3139 809 3139 795 3142 745 3156 445 3145 447 3197"/></Shape>
	    <String CONTENT=""
                    HPOS="445"
                    VPOS="3139"
                    WIDTH="2203"
                    HEIGHT="95"></String>
          </TextLine>
          <TextLine ID="eSc_line_552a2f85"
                    TAGREFS="LT31"
                    BASELINE="433 3267 1365 3259 2645 3278" 
                    HPOS="431"
                    VPOS="3206"
                    WIDTH="2214"
                    HEIGHT="100">
            <Shape><Polygon POINTS="433 3267 431 3284 2639 3306 2645 3278 2645 3236 2481 3236 2478 3234 2445 3217 2442 3217 2439 3217 2436 3217 2386 3234 2383 3234 2381 3234 2308 3217 2305 3217 2303 3217 2269 3231 2242 3214 2239 3214 2236 3214 2233 3214 1994 3231 1977 3231 1966 3231 1830 3211 1827 3211 1749 3228 1663 3211 1660 3211 1532 3228 1524 3228 1521 3228 1471 3211 1468 3211 1465 3211 1407 3222 1290 3209 1287 3209 965 3222 929 3206 926 3206 923 3206 920 3206 859 3222 859 3225 742 3225 739 3222 717 3206 714 3206 712 3206 709 3206 706 3206 650 3222 645 3222 433 3222 433 3267"/></Shape>
	    <String CONTENT=""
                    HPOS="431"
                    VPOS="3206"
                    WIDTH="2214"
                    HEIGHT="100"></String>
          </TextLine>
        </TextBlock>
        <TextBlock HPOS="183"
                   VPOS="45"
                   WIDTH="190"
                   HEIGHT="213"
                   ID="eSc_textblock_e16fd1d8"
                   TAGREFS="BT44">
          <Shape><Polygon POINTS="373 258 373 45 183 45 183 258"/></Shape>
        </TextBlock>
        <TextBlock ID="eSc_dummyblock_">
          <TextLine ID="eSc_line_9e86f3a5"
                    TAGREFS="LT31"
                    BASELINE="218 134 378 133" 
                    HPOS="239"
                    VPOS="69"
                    WIDTH="142"
                    HEIGHT="128">
            <Shape><Polygon POINTS="292 100 264 88 239 125 242 141 244 197 381 194 378 133 372 75 344 69 342 69 339 69 336 69 331 69 322 130"/></Shape>
	    <String CONTENT=""
                    HPOS="239"
                    VPOS="69"
                    WIDTH="142"
                    HEIGHT="128"></String>
          </TextLine>
        </TextBlock>
      </PrintSpace>
    </Page>
  </Layout>
</alto>
