<?xml version="1.0" encoding="UTF-8"?>
<alto xmlns:xsi="http://www.w3.org/2001/XMLSchema-instance"
      xmlns="http://www.loc.gov/standards/alto/ns-v4#"
      xsi:schemaLocation="http://www.loc.gov/standards/alto/ns-v4# http://www.loc.gov/standards/alto/v4/alto-4-2.xsd">
  <Description>
    <MeasurementUnit>pixel</MeasurementUnit>
    <sourceImageInformation>
      <fileName>ARCH-DIV-000496_0174.png</fileName>
    </sourceImageInformation>
  </Description>
  <Tags>
    <OtherTag ID="BT42" LABEL="MainZone" DESCRIPTION="block type MainZone"/><OtherTag ID="BT43" LABEL="MarginTextZone" DESCRIPTION="block type MarginTextZone"/><OtherTag ID="BT44" LABEL="NumberingZone" DESCRIPTION="block type NumberingZone"/><OtherTag ID="BT45" LABEL="TitlePageZone" DESCRIPTION="block type TitlePageZone"/><OtherTag ID="BT46" LABEL="CustomZone:Numbering" DESCRIPTION="block type CustomZone:Numbering"/><OtherTag ID="BT49" LABEL="MarginTextZone:lower" DESCRIPTION="block type MarginTextZone:lower"/>
    <OtherTag ID="LT25" LABEL="default" DESCRIPTION="line type default"/><OtherTag ID="LT31" LABEL="DefaultLine" DESCRIPTION="line type DefaultLine"/><OtherTag ID="LT32" LABEL="HeadingLine" DESCRIPTION="line type HeadingLine"/><OtherTag ID="LT33" LABEL="InterlinearLine:addition" DESCRIPTION="line type InterlinearLine:addition"/><OtherTag ID="LT34" LABEL="InterlinearLine:correction" DESCRIPTION="line type InterlinearLine:correction"/>
  </Tags>
  <Layout>
    <Page WIDTH="2790"
          HEIGHT="3306"
          PHYSICAL_IMG_NR="173"
          ID="eSc_dummypage_">
      <PrintSpace HPOS="0"
                  VPOS="0"
                  WIDTH="2790"
                  HEIGHT="3306">
        <TextBlock HPOS="545"
                   VPOS="0"
                   WIDTH="2181"
                   HEIGHT="1561"
                   ID="e9144df6-e339-4caf-bd42-13a1fc8f1c2b"
                   TAGREFS="BT42">
          <Shape><Polygon POINTS="2719 0 2726 1514 549 1561 545 0"/></Shape>
          <TextLine ID="eSc_line_784a6b0b"
                    TAGREFS="LT31"
                    BASELINE="606 88 2679 71" 
                    HPOS="603"
                    VPOS="16"
                    WIDTH="2076"
                    HEIGHT="96">
            <Shape><Polygon POINTS="2616 30 2588 30 2561 30 2533 30 2506 30 2478 30 2450 27 2423 27 2404 27 2401 30 2390 27 2368 27 2340 27 2313 27 2285 27 2257 27 2230 24 2216 24 2015 33 1957 35 1949 35 1907 22 1899 22 1871 22 1860 22 1838 35 1836 35 1833 35 1791 22 1789 22 1772 19 1695 35 1689 35 1665 19 1662 19 1659 19 1656 19 1654 19 1618 35 1615 35 1532 16 1513 16 1485 16 1458 16 1430 16 1403 16 1375 16 1348 16 1323 16 1320 16 1113 22 1111 22 1108 22 1086 38 1083 41 1072 38 1025 22 1022 22 1020 22 929 38 898 44 868 38 824 30 821 30 818 30 791 38 777 44 771 38 749 22 747 22 744 22 741 22 603 38 606 88 606 112 2676 99 2679 71 2674 33 2638 30 2616 30"/></Shape>
	    <String CONTENT="&lt;... . fnt&gt; folic des sa soeur charlotte après la"
                    HPOS="603"
                    VPOS="16"
                    WIDTH="2076"
                    HEIGHT="96"
                    WC="0.9791419238460307"></String>
          </TextLine>
          <TextLine ID="eSc_line_c2cd2da1"
                    TAGREFS="LT31"
                    BASELINE="595 159 2676 146" 
                    HPOS="592"
                    VPOS="107"
                    WIDTH="2084"
                    HEIGHT="88">
            <Shape><Polygon POINTS="595 159 595 181 1006 195 1009 195 1011 195 1047 181 1069 181 1422 192 1425 192 2674 173 2676 146 2671 110 628 107 625 107 623 107 592 118 595 159"/></Shape>
	    <String CONTENT="catastrophe mexicaine, les détoires de sa vie familiale, l&#x27;incom¬"
                    HPOS="592"
                    VPOS="107"
                    WIDTH="2084"
                    HEIGHT="88"
                    WC="0.9895647461597736"></String>
          </TextLine>
          <TextLine ID="eSc_line_b36bce6f"
                    TAGREFS="LT31"
                    BASELINE="592 231 2654 209" 
                    HPOS="589"
                    VPOS="168"
                    WIDTH="2065"
                    HEIGHT="101">
            <Shape><Polygon POINTS="592 231 595 269 653 256 763 267 769 267 771 267 777 267 873 253 1370 258 1618 258 1621 258 2652 234 2654 209 2649 170 1825 168 1822 168 1670 173 1455 184 1414 176 1386 170 1383 170 1381 170 1370 176 1348 187 1279 176 1251 173 1248 173 1210 176 1097 190 942 179 898 176 895 176 879 179 821 192 782 179 780 179 777 179 774 179 589 179 592 231"/></Shape>
	    <String CONTENT="préhension pour ne pas dire la disoffection de son peuple, et, dans les"
                    HPOS="589"
                    VPOS="168"
                    WIDTH="2065"
                    HEIGHT="101"
                    WC="0.9889783204441339"></String>
          </TextLine>
          <TextLine ID="eSc_line_6348fbd6"
                    TAGREFS="LT31"
                    BASELINE="595 303 2710 275" 
                    HPOS="592"
                    VPOS="223"
                    WIDTH="2118"
                    HEIGHT="104">
            <Shape><Polygon POINTS="595 303 595 327 2710 303 2710 275 2699 223 2654 236 2610 223 2605 223 2602 223 2599 223 2583 225 2492 239 2362 228 2307 225 2304 225 2158 234 1962 245 1918 239 1863 231 1860 231 1791 242 1747 247 1706 242 1648 236 1645 236 1643 236 1623 245 1612 253 1226 256 1193 253 1055 242 1053 242 1050 242 1014 258 1011 258 998 258 840 245 838 245 700 261 623 247 620 247 617 247 614 247 592 258 595 303"/></Shape>
	    <String CONTENT="dernières années, les soupe ons et l hostilité de l&#x27;Europe. &lt;...&gt; Aban¬"
                    HPOS="592"
                    VPOS="223"
                    WIDTH="2118"
                    HEIGHT="104"
                    WC="0.9790436482765306"></String>
          </TextLine>
          <TextLine ID="eSc_line_786ddd3a"
                    TAGREFS="LT31"
                    BASELINE="589 374 2676 347" 
                    HPOS="587"
                    VPOS="308"
                    WIDTH="2089"
                    HEIGHT="88">
            <Shape><Polygon POINTS="589 374 589 396 1833 396 1833 393 2070 377 2252 388 2255 388 2456 385 2459 385 2461 385 2483 371 2654 382 2657 382 2660 382 2663 382 2676 369 2676 347 2668 308 587 333 589 374"/></Shape>
	    <String CONTENT="donné de tous, le grand solitaire s&#x27;est &lt;..&gt; roplie sur li¬"
                    HPOS="587"
                    VPOS="308"
                    WIDTH="2089"
                    HEIGHT="88"
                    WC="0.9706502011266805"></String>
          </TextLine>
          <TextLine ID="eSc_line_ea15a7e3"
                    TAGREFS="LT31"
                    BASELINE="587 449 2654 410" 
                    HPOS="584"
                    VPOS="358"
                    WIDTH="2070"
                    HEIGHT="124">
            <Shape><Polygon POINTS="587 449 587 468 727 482 730 482 1077 465 1182 460 1615 460 2051 460 2051 457 2092 454 2211 440 2652 446 2654 410 2646 369 2456 371 2450 371 2404 358 2401 358 2398 358 2255 374 2249 374 2230 360 2227 360 2224 360 2222 360 2219 360 2155 377 2153 377 2125 360 2122 360 2120 360 2117 360 2114 360 2056 380 2048 382 1819 382 1783 366 1780 366 1778 366 1775 366 1706 385 1701 385 1698 385 1615 369 1612 369 1610 369 1607 369 1607 371 1587 388 1585 388 1576 388 1466 371 1463 371 1461 371 1386 391 1383 391 1381 391 1320 374 1317 374 1315 374 1312 374 1309 374 1287 393 1284 396 1204 396 1202 393 1174 377 1171 377 1168 377 1166 377 871 382 868 382 821 402 818 402 807 402 678 388 675 388 584 404 587 449"/></Shape>
	    <String CONTENT="même. &lt;.. ... .. .. .. .. .  .&gt;"
                    HPOS="584"
                    VPOS="358"
                    WIDTH="2070"
                    HEIGHT="124"
                    WC="0.8910116822488846"></String>
          </TextLine>
          <TextLine ID="eSc_line_5f55d17f"
                    TAGREFS="LT31"
                    BASELINE="592 523 2632 479" 
                    HPOS="589"
                    VPOS="427"
                    WIDTH="2043"
                    HEIGHT="126">
            <Shape><Polygon POINTS="592 523 592 553 2632 498 2632 479 2627 443 2475 427 2472 427 2370 446 2279 429 2277 429 2186 446 2120 432 2117 432 1987 449 1910 438 1907 438 1905 438 1858 457 1855 457 1736 443 1734 443 1731 443 1728 443 1709 460 1709 462 1444 465 1441 465 1356 449 1353 449 1232 471 1221 473 884 476 849 460 846 460 843 460 589 482 592 523"/></Shape>
	    <String CONTENT="&lt;.... . .. .... .&gt;"
                    HPOS="589"
                    VPOS="427"
                    WIDTH="2043"
                    HEIGHT="126"
                    WC="0.846645454565684"></String>
          </TextLine>
          <TextLine ID="eSc_line_4ee5b8b1"
                    TAGREFS="LT31"
                    BASELINE="587 600 2610 537" 
                    HPOS="584"
                    VPOS="495"
                    WIDTH="2026"
                    HEIGHT="135">
            <Shape><Polygon POINTS="587 600 587 617 669 630 672 630 2610 556 2610 537 2605 498 2266 495 2263 495 2169 509 2153 512 2139 512 2034 501 2031 501 1949 517 1940 517 1932 517 1805 506 1803 506 1717 526 1709 526 1701 526 1643 512 1640 512 1637 512 1634 512 1634 515 1621 528 1618 528 1615 528 1549 515 1546 515 1543 515 1510 531 1508 531 1499 531 1408 520 1406 520 1403 520 1356 537 1350 537 1345 537 1287 523 1284 523 1122 542 1100 545 1088 545 1014 531 1011 531 1009 531 975 548 967 548 840 537 838 537 584 559 587 600"/></Shape>
	    <String CONTENT="&lt;....... .... ... .. ..&gt;"
                    HPOS="584"
                    VPOS="495"
                    WIDTH="2026"
                    HEIGHT="135"
                    WC="0.9159920314947764"></String>
          </TextLine>
          <TextLine ID="eSc_line_d20bf261"
                    TAGREFS="LT31"
                    BASELINE="578 672 1408 655 2098 614 2676 603" 
                    HPOS="576"
                    VPOS="548"
                    WIDTH="2100"
                    HEIGHT="157">
            <Shape><Polygon POINTS="578 672 578 705 2045 652 2092 663 2103 663 2106 663 2109 663 2111 663 2111 661 2133 647 2373 641 2674 644 2676 603 2668 548 2511 573 2390 556 2384 556 2381 556 2379 556 2324 573 2040 567 2012 567 2009 567 2007 567 2004 567 1949 584 1852 573 1844 573 1841 573 1838 573 1836 573 1789 595 1678 578 1673 578 1670 578 1667 578 1665 578 1665 581 1640 600 1541 586 1538 586 1411 611 1292 611 1270 597 1268 597 1265 597 1262 597 1259 597 1257 597 1235 614 1179 603 1177 603 1174 603 1144 617 1031 608 1028 608 733 630 576 614 578 672"/></Shape>
	    <String CONTENT="&lt;.. .... .... . ... . ...&gt;"
                    HPOS="576"
                    VPOS="548"
                    WIDTH="2100"
                    HEIGHT="157"
                    WC="0.8369426589745742"></String>
          </TextLine>
          <TextLine ID="eSc_line_528f25c2"
                    TAGREFS="LT31"
                    BASELINE="578 746 1929 691 2641 674" 
                    HPOS="576"
                    VPOS="625"
                    WIDTH="2065"
                    HEIGHT="157">
            <Shape><Polygon POINTS="578 746 578 782 832 757 975 765 1020 768 1022 768 1047 763 1122 746 1204 757 1240 760 1243 760 1320 752 1419 741 1469 746 1510 749 1513 749 1552 741 1621 727 1670 738 1692 741 1695 741 1830 730 1998 716 2026 721 2064 730 2067 730 2169 716 2227 708 2260 710 2315 719 2318 719 2321 719 2346 708 2368 699 2423 705 2508 713 2511 713 2641 694 2641 674 2632 625 576 702 578 746"/></Shape>
	    <String CONTENT="&lt;.&gt; Son énergie l&#x27;est dépensée en constructions grandions en béti¬"
                    HPOS="576"
                    VPOS="625"
                    WIDTH="2065"
                    HEIGHT="157"
                    WC="0.9921827749772505"></String>
          </TextLine>
          <TextLine ID="eSc_line_2ac7fbfe"
                    TAGREFS="LT31"
                    BASELINE="576 804 2657 749" 
                    HPOS="573"
                    VPOS="705"
                    WIDTH="2084"
                    HEIGHT="127">
            <Shape><Polygon POINTS="576 804 576 829 1091 832 1094 832 1315 812 1375 809 1400 812 1474 820 1477 820 1480 820 1483 820 1497 809 1502 807 1519 809 1582 818 1585 818 1637 807 1651 804 1712 804 1916 809 1918 809 1921 809 1924 809 1938 798 1949 793 2026 798 2131 804 2133 804 2188 793 2241 785 2657 785 2657 749 2649 705 2271 721 2230 716 2180 710 2177 710 2111 719 2062 727 2009 724 1918 716 1916 716 1849 727 1808 735 1747 732 1654 724 1651 724 1648 724 1618 735 1601 741 1587 735 1563 727 1560 727 1557 727 1554 727 1552 727 1535 738 1527 743 1290 749 1268 746 1221 738 1218 738 1215 738 1190 749 1179 752 1168 749 1133 738 1130 738 1127 738 1124 738 1091 752 1083 754 1006 754 755 749 752 749 678 763 667 765 661 765 634 752 631 752 628 752 625 752 573 765 576 804"/></Shape>
	    <String CONTENT="ment dpontreux, en pares, en mises, en fordations &lt;....ve&gt; offc¬"
                    HPOS="573"
                    VPOS="705"
                    WIDTH="2084"
                    HEIGHT="127"
                    WC="0.9765285383909941"></String>
          </TextLine>
          <TextLine ID="eSc_line_92313793"
                    TAGREFS="LT31"
                    BASELINE="576 878 2663 812" 
                    HPOS="573"
                    VPOS="771"
                    WIDTH="2090"
                    HEIGHT="135">
            <Shape><Polygon POINTS="576 878 576 906 2663 837 2663 812 2657 774 2315 771 2313 771 2310 771 2282 782 2268 790 1965 798 1877 793 1794 787 1791 787 1789 787 1767 796 1745 804 1621 798 1563 798 1560 798 1557 798 1549 801 1530 812 1491 804 1472 798 1469 798 1466 798 1463 798 1450 804 1428 815 1337 807 1290 804 1287 804 1284 804 1281 804 1281 807 1279 809 1265 823 1182 823 1058 815 1011 812 1009 812 984 818 918 832 860 820 843 818 840 818 838 818 835 818 832 820 816 834 769 823 760 820 758 820 755 820 738 823 658 840 573 829 576 878"/></Shape>
	    <String CONTENT="ties à cette colonie dont les immeuses richerses s&#x27;acumulaient en ses"
                    HPOS="573"
                    VPOS="771"
                    WIDTH="2090"
                    HEIGHT="135"
                    WC="0.9881252450602395"></String>
          </TextLine>
          <TextLine ID="eSc_line_15a04f73"
                    TAGREFS="LT31"
                    BASELINE="567 953 2671 895" 
                    HPOS="565"
                    VPOS="851"
                    WIDTH="2106"
                    HEIGHT="138">
            <Shape><Polygon POINTS="567 953 567 975 661 989 664 989 1014 967 1108 961 1141 964 1229 972 1232 972 1292 961 1306 958 1328 958 1425 967 1428 967 1430 967 1433 967 1444 955 1450 953 1546 955 1731 958 1734 958 1778 950 1811 942 1836 947 1860 955 1863 955 1866 955 1924 947 1979 936 2004 944 2023 950 2026 950 2029 950 2086 942 2172 931 2671 931 2671 895 2663 854 2409 865 2393 859 2365 851 2362 851 2359 851 2290 865 2255 870 2235 865 2200 854 2197 854 2194 854 2191 854 2188 854 2172 867 2166 870 2147 867 2070 856 2067 856 2064 856 2062 856 2042 870 2034 876 2007 873 1932 862 1929 862 1927 862 1924 862 1907 876 1902 878 1874 876 1761 865 1758 865 1756 865 1753 865 1728 881 1723 884 1695 881 1601 870 1599 870 1483 887 1447 892 1361 892 1105 887 1102 887 1100 887 1064 900 1053 903 1042 900 975 887 973 887 970 887 937 903 934 906 926 903 865 889 862 889 860 889 857 889 788 909 785 909 782 909 730 895 727 895 725 895 722 895 719 895 694 911 691 914 565 914 567 953"/></Shape>
	    <String CONTENT="mains. &lt;.. ....&gt; Brugelles conserve son em¬"
                    HPOS="565"
                    VPOS="851"
                    WIDTH="2106"
                    HEIGHT="138"
                    WC="0.9687984308531118"></String>
          </TextLine>
          <TextLine ID="eSc_line_b2e62fd8"
                    TAGREFS="LT31"
                    BASELINE="567 1038 1899 997 2649 997" 
                    HPOS="565"
                    VPOS="936"
                    WIDTH="2084"
                    HEIGHT="130">
            <Shape><Polygon POINTS="567 1038 567 1066 769 1063 771 1063 774 1063 802 1046 843 1060 846 1060 849 1060 1535 1030 1610 1044 1612 1044 1615 1044 1618 1044 1640 1027 1709 1041 1712 1041 1973 1019 2646 1019 2649 997 2643 950 2401 953 2357 936 2354 936 2351 936 2348 936 2285 955 2285 958 2081 961 2078 961 2048 942 2045 942 2042 942 1973 942 1971 942 1847 967 1838 967 1830 967 1736 947 1734 947 1648 950 1645 950 1643 950 1612 969 1508 955 1505 955 1502 955 1441 975 1436 975 1425 975 1306 964 1304 964 1301 964 1268 978 1262 980 1248 978 1149 961 1146 961 1061 964 1058 964 1055 964 1028 983 1020 986 978 983 749 972 747 972 744 972 741 972 719 989 714 991 703 991 612 978 609 978 606 978 565 991 567 1038"/></Shape>
	    <String CONTENT="préciite comme Paris celle des rois de France. &lt;............ ....&gt;"
                    HPOS="565"
                    VPOS="936"
                    WIDTH="2084"
                    HEIGHT="130"
                    WC="0.9608038591616082"></String>
          </TextLine>
          <TextLine ID="eSc_line_8a837b6e"
                    TAGREFS="LT31"
                    BASELINE="578 1118 1871 1071 2624 1055" 
                    HPOS="576"
                    VPOS="1002"
                    WIDTH="2048"
                    HEIGHT="152">
            <Shape><Polygon POINTS="578 1118 578 1137 658 1154 661 1154 664 1154 691 1140 744 1151 747 1151 749 1151 752 1151 771 1135 907 1146 909 1146 912 1146 959 1129 1166 1137 1168 1137 1361 1118 1502 1126 1505 1126 1612 1107 1623 1107 1629 1107 1665 1121 1667 1121 1670 1121 1673 1121 1736 1104 1742 1104 1753 1104 1894 1113 1896 1113 1899 1113 1902 1113 1924 1099 1929 1096 1954 1099 2045 1107 2048 1107 2051 1107 2100 1093 2114 1090 2183 1090 2420 1096 2423 1096 2624 1077 2624 1055 2619 1011 2475 1002 2472 1002 2470 1002 2431 1016 2428 1016 2426 1016 2395 1002 2393 1002 2390 1002 2387 1002 2337 1019 2335 1019 2329 1019 2290 1005 2288 1005 2285 1005 2186 1022 2172 1024 2164 1024 2117 1011 2114 1011 2111 1011 2023 1027 2007 1030 1984 1030 1880 1019 1877 1019 1874 1019 1844 1033 1838 1035 1780 1035 1519 1030 1516 1030 1513 1030 1510 1030 1494 1044 1488 1046 1428 1046 1171 1041 1168 1041 1039 1057 995 1066 857 1066 851 1063 835 1052 832 1052 829 1052 827 1052 763 1066 741 1074 576 1074 578 1118"/></Shape>
	    <String CONTENT="&lt;...... ... ... .. la"
                    HPOS="576"
                    VPOS="1002"
                    WIDTH="2048"
                    HEIGHT="152"
                    WC="0.8807191479773748"></String>
          </TextLine>
          <TextLine ID="eSc_line_13db4398"
                    TAGREFS="LT31"
                    BASELINE="570 1187 2613 1115" 
                    HPOS="567"
                    VPOS="1068"
                    WIDTH="2046"
                    HEIGHT="149">
            <Shape><Polygon POINTS="570 1187 570 1217 2613 1146 2613 1115 2608 1079 2464 1068 2461 1068 2459 1068 2404 1082 2398 1085 2395 1085 2370 1071 2368 1071 2365 1071 2362 1071 2359 1071 2343 1085 2337 1088 2255 1088 2009 1085 2007 1085 2004 1085 1971 1096 1946 1102 1927 1096 1896 1088 1894 1088 1891 1088 1808 1099 1736 1110 1703 1102 1676 1096 1673 1096 1670 1096 1629 1104 1576 1115 1524 1107 1497 1104 1494 1104 1491 1104 1477 1110 1447 1118 1436 1110 1430 1104 1428 1104 1425 1104 1422 1104 1317 1113 1105 1132 1055 1121 1044 1118 1042 1118 1039 1118 1036 1118 1033 1118 1031 1121 1011 1137 871 1140 807 1126 799 1126 796 1126 567 1132 570 1187"/></Shape>
	    <String CONTENT="veille de sa mort, ce roi mécou &lt;....o .... ......&gt;"
                    HPOS="567"
                    VPOS="1068"
                    WIDTH="2046"
                    HEIGHT="149"
                    WC="0.961911680651646"></String>
          </TextLine>
          <TextLine ID="eSc_line_7575e850"
                    TAGREFS="LT34"
                    BASELINE="976 1211 1099 1209" 
                    HPOS="976"
                    VPOS="1209"
                    WIDTH="123"
                    HEIGHT="2">
	    <String CONTENT=""
                    HPOS="976"
                    VPOS="1209"
                    WIDTH="123"
                    HEIGHT="2"></String>
          </TextLine>
          <TextLine ID="eSc_line_f8d62556"
                    TAGREFS="LT31"
                    BASELINE="570 1259 1196 1245 2630 1176" 
                    HPOS="567"
                    VPOS="1124"
                    WIDTH="2063"
                    HEIGHT="162">
            <Shape><Polygon POINTS="570 1259 570 1286 1011 1286 1014 1286 1080 1267 1086 1267 1097 1267 1254 1275 1257 1275 1356 1270 1359 1270 1361 1270 1383 1253 1389 1250 1406 1253 1499 1264 1502 1264 1505 1264 1557 1245 1560 1245 1585 1245 1888 1248 1891 1248 1894 1248 1971 1228 2136 1234 2139 1234 2142 1234 2144 1234 2161 1217 2164 1217 2166 1217 2257 1231 2260 1231 2263 1231 2266 1231 2266 1228 2282 1214 2368 1223 2370 1223 2373 1223 2404 1206 2406 1206 2423 1206 2574 1212 2577 1212 2580 1212 2630 1195 2630 1176 2627 1137 2569 1124 2566 1124 2563 1124 2326 1148 2197 1140 2194 1140 2191 1140 2136 1159 2122 1162 2098 1159 2009 1151 2007 1151 2004 1151 1943 1168 1935 1168 1927 1168 1877 1154 1874 1154 1871 1154 1869 1154 1822 1170 1808 1179 1364 1195 1315 1192 1229 1184 1226 1184 1224 1184 1199 1195 1182 1203 1135 1198 1058 1190 1055 1190 978 1206 929 1217 567 1220 570 1259"/></Shape>
	    <String CONTENT="&lt;.... &lt;it se sire avec ocgmil &lt;.. .... . ...&gt;"
                    HPOS="567"
                    VPOS="1124"
                    WIDTH="2063"
                    HEIGHT="162"
                    WC="0.8889792038334741"></String>
          </TextLine>
          <TextLine ID="eSc_line_db65e1ee"
                    TAGREFS="LT31"
                    BASELINE="570 1330 2676 1259" 
                    HPOS="567"
                    VPOS="1220"
                    WIDTH="2109"
                    HEIGHT="135">
            <Shape><Polygon POINTS="570 1330 570 1355 1378 1344 1466 1327 1596 1336 1599 1336 1769 1316 1791 1314 1805 1314 1918 1325 1921 1325 2031 1305 2037 1305 2042 1305 2106 1319 2109 1319 2263 1297 2268 1297 2271 1297 2324 1311 2326 1311 2329 1311 2453 1294 2511 1305 2514 1305 2676 1281 2676 1259 2671 1223 2277 1220 2274 1220 2194 1236 2188 1239 2164 1239 1742 1239 1739 1239 1736 1239 1706 1253 1703 1253 1698 1253 1629 1242 1626 1242 567 1289 570 1330"/></Shape>
	    <String CONTENT="&lt;....  . .. ....&gt; que le grand règne"
                    HPOS="567"
                    VPOS="1220"
                    WIDTH="2109"
                    HEIGHT="135"
                    WC="0.910115381081899"></String>
          </TextLine>
          <TextLine ID="eSc_line_04ea3f61"
                    TAGREFS="LT31"
                    BASELINE="584 1402 2004 1366 2643 1330" 
                    HPOS="584"
                    VPOS="1292"
                    WIDTH="2059"
                    HEIGHT="162">
            <Shape><Polygon POINTS="584 1454 700 1438 716 1449 719 1449 722 1449 725 1449 727 1449 774 1424 1036 1418 1122 1438 1124 1438 1237 1413 1268 1427 1270 1427 1273 1427 1406 1407 1637 1421 1640 1421 1643 1421 1645 1421 1673 1405 1756 1418 1758 1418 1761 1418 1943 1391 2018 1410 2020 1410 2023 1410 2067 1410 2246 1402 2249 1402 2318 1380 2387 1399 2390 1399 2393 1399 2395 1399 2453 1377 2641 1391 2643 1330 2635 1292 2461 1308 2246 1303 2172 1300 2169 1300 2166 1300 2155 1303 2117 1319 2048 1308 2031 1305 2029 1305 2026 1305 2023 1305 2020 1308 1998 1325 1849 1327 1783 1314 1758 1311 1756 1311 1753 1311 1750 1311 1745 1316 1720 1333 1654 1333 1596 1319 1576 1316 1574 1316 1571 1316 1552 1322 1483 1338 1400 1325 1389 1325 1386 1325 1383 1325 1381 1325 1356 1344 1215 1347 1003 1336 959 1336 956 1336 953 1336 951 1336 948 1338 923 1358 851 1358 686 1347 683 1347 680 1347 678 1347 628 1363 584 1349 584 1402 584 1454"/></Shape>
	    <String CONTENT="qu&#x27;il n&#x27;avait oré promettre à la nation en 181, il le lui avait"
                    HPOS="584"
                    VPOS="1292"
                    WIDTH="2059"
                    HEIGHT="162"
                    WC="0.98890121281147"></String>
          </TextLine>
        </TextBlock>
        <TextBlock HPOS="128"
                   VPOS="53"
                   WIDTH="270"
                   HEIGHT="203"
                   ID="eSc_textblock_b761a714"
                   TAGREFS="BT44">
          <Shape><Polygon POINTS="128 53 128 256 398 256 398 53"/></Shape>
        </TextBlock>
        <TextBlock ID="eSc_dummyblock_">
          <TextLine ID="eSc_line_f478d87f"
                    TAGREFS="LT31"
                    BASELINE="206 168 336 157" 
                    HPOS="201"
                    VPOS="110"
                    WIDTH="138"
                    HEIGHT="146">
            <Shape><Polygon POINTS="311 132 283 121 256 110 253 110 228 115 201 123 206 168 212 239 264 256 267 256 270 256 272 256 275 256 275 253 286 245 289 242 339 245 336 157 328 140 311 132"/></Shape>
	    <String CONTENT="09"
                    HPOS="201"
                    VPOS="110"
                    WIDTH="138"
                    HEIGHT="146"
                    WC="0.9999988675117493"></String>
          </TextLine>
          <TextLine ID="eSc_line_dadc2820"
                    TAGREFS="LT31"
                    BASELINE="576 1487 793 1476" 
                    HPOS="573"
                    VPOS="1440"
                    WIDTH="220"
                    HEIGHT="89">
            <Shape><Polygon POINTS="573 1473 576 1487 576 1529 791 1506 793 1476 785 1440 581 1449 573 1473"/></Shape>
	    <String CONTENT="donné"
                    HPOS="573"
                    VPOS="1440"
                    WIDTH="220"
                    HEIGHT="89"
                    WC="0.9999694347381591"></String>
          </TextLine>
        </TextBlock>
      </PrintSpace>
    </Page>
  </Layout>
</alto>
