<?xml version="1.0" encoding="UTF-8"?>
<alto xmlns:xsi="http://www.w3.org/2001/XMLSchema-instance"
      xmlns="http://www.loc.gov/standards/alto/ns-v4#"
      xsi:schemaLocation="http://www.loc.gov/standards/alto/ns-v4# http://www.loc.gov/standards/alto/v4/alto-4-2.xsd">
  <Description>
    <MeasurementUnit>pixel</MeasurementUnit>
    <sourceImageInformation>
      <fileName>ARCH-DIV-000496_0072.png</fileName>
    </sourceImageInformation>
  </Description>
  <Tags>
    <OtherTag ID="BT42" LABEL="MainZone" DESCRIPTION="block type MainZone"/><OtherTag ID="BT43" LABEL="MarginTextZone" DESCRIPTION="block type MarginTextZone"/><OtherTag ID="BT44" LABEL="NumberingZone" DESCRIPTION="block type NumberingZone"/><OtherTag ID="BT45" LABEL="TitlePageZone" DESCRIPTION="block type TitlePageZone"/><OtherTag ID="BT46" LABEL="CustomZone:Numbering" DESCRIPTION="block type CustomZone:Numbering"/><OtherTag ID="BT49" LABEL="MarginTextZone:lower" DESCRIPTION="block type MarginTextZone:lower"/>
    <OtherTag ID="LT25" LABEL="default" DESCRIPTION="line type default"/><OtherTag ID="LT31" LABEL="DefaultLine" DESCRIPTION="line type DefaultLine"/><OtherTag ID="LT32" LABEL="HeadingLine" DESCRIPTION="line type HeadingLine"/><OtherTag ID="LT33" LABEL="InterlinearLine:addition" DESCRIPTION="line type InterlinearLine:addition"/><OtherTag ID="LT34" LABEL="InterlinearLine:correction" DESCRIPTION="line type InterlinearLine:correction"/>
  </Tags>
  <Layout>
    <Page WIDTH="2790"
          HEIGHT="3306"
          PHYSICAL_IMG_NR="71"
          ID="eSc_dummypage_">
      <PrintSpace HPOS="0"
                  VPOS="0"
                  WIDTH="2790"
                  HEIGHT="3306">
        <TextBlock HPOS="582"
                   VPOS="2"
                   WIDTH="2166"
                   HEIGHT="3292"
                   ID="04dc8556-0439-4315-bf63-59cf6a91cb6a"
                   TAGREFS="BT42">
          <Shape><Polygon POINTS="2748 2 2748 3294 612 3294 582 2"/></Shape>
          <TextLine ID="eSc_line_14c55f4f"
                    TAGREFS="LT31"
                    BASELINE="669 96 2718 66" 
                    HPOS="667"
                    VPOS="11"
                    WIDTH="2051"
                    HEIGHT="118">
            <Shape><Polygon POINTS="2707 11 2687 11 2588 24 2420 13 2406 11 2404 13 2376 13 2351 13 2346 16 2318 30 1847 27 1637 27 1634 27 1521 35 1408 44 1395 38 1370 27 1367 27 1356 27 1328 27 1301 27 1273 27 1246 27 1224 27 1221 27 1218 27 1185 44 1177 46 1171 44 1133 30 1130 30 1127 30 1124 30 1066 46 1061 46 1050 46 931 35 915 41 887 44 860 46 832 52 805 55 777 57 749 60 722 66 694 68 667 71 669 96 669 129 1615 104 1772 115 1783 115 1786 115 1789 115 1816 101 2139 110 2153 110 2155 110 2158 110 2191 96 2712 101 2718 66 2710 11 2707 11"/></Shape>
	    <String CONTENT="après le Rivolution, mais dous une forme modernisée rmple¬"
                    HPOS="667"
                    VPOS="11"
                    WIDTH="2051"
                    HEIGHT="118"
                    WC="0.9895796220181352"></String>
          </TextLine>
          <TextLine ID="eSc_line_6a061348"
                    TAGREFS="LT31"
                    BASELINE="667 176 1144 159 2701 143" 
                    HPOS="664"
                    VPOS="104"
                    WIDTH="2037"
                    HEIGHT="102">
            <Shape><Polygon POINTS="667 176 667 206 931 184 1204 184 1279 195 1312 201 1315 201 1353 195 1425 181 1463 192 1483 198 1485 198 1488 198 1541 190 1626 179 1692 187 1747 195 1750 195 1753 195 1786 187 1827 176 1891 184 1951 192 1954 192 1957 192 1990 181 2004 179 2053 181 2186 190 2188 190 2699 168 2701 143 2696 107 1761 104 1758 104 1756 104 1753 104 1753 107 1739 118 1665 107 1662 107 1516 121 1510 121 1508 121 1323 110 1320 110 1317 110 1315 110 1292 123 1149 112 1146 112 1144 112 1091 126 1088 126 882 115 879 115 876 115 873 115 857 132 664 132 667 176"/></Shape>
	    <String CONTENT="cant les voies d&#x27;eau par les voies ferrées. Comme jadis, le but es¬"
                    HPOS="664"
                    VPOS="104"
                    WIDTH="2037"
                    HEIGHT="102"
                    WC="0.9970890479301339"></String>
          </TextLine>
          <TextLine ID="eSc_line_a1eb31df"
                    TAGREFS="LT31"
                    BASELINE="650 250 1135 231 2704 217" 
                    HPOS="647"
                    VPOS="173"
                    WIDTH="2057"
                    HEIGHT="96">
            <Shape><Polygon POINTS="650 250 650 269 1127 256 1229 261 1337 269 1339 269 1342 269 1367 261 1386 250 1626 250 1678 256 1750 264 1753 264 1756 264 1780 253 1794 250 1932 253 2288 258 2290 258 2293 258 2326 245 2340 242 2395 245 2544 256 2547 256 2701 239 2704 217 2699 173 1778 173 1775 173 1772 173 1731 184 1723 187 1720 184 1701 173 1698 173 1695 173 1692 173 1689 173 1665 187 1662 187 1656 187 1610 173 1607 173 1604 173 1601 173 1599 173 1579 187 1574 190 1546 187 1450 176 1447 176 1323 190 1292 192 1268 190 1135 179 1133 179 1130 179 1083 192 1075 195 1047 195 901 181 898 181 895 181 893 181 876 195 873 201 647 201 650 250"/></Shape>
	    <String CONTENT="sentiel de l&#x27;entreprise était ds d’attirer vers la Belgique le trafic de"
                    HPOS="647"
                    VPOS="173"
                    WIDTH="2057"
                    HEIGHT="96"
                    WC="0.9885344579815865"></String>
          </TextLine>
          <TextLine ID="eSc_line_69a8f716"
                    TAGREFS="LT31"
                    BASELINE="650 319 2665 286" 
                    HPOS="647"
                    VPOS="245"
                    WIDTH="2018"
                    HEIGHT="107">
            <Shape><Polygon POINTS="650 319 650 352 2663 314 2665 286 2657 245 647 278 650 319"/></Shape>
	    <String CONTENT="ses voisins. De Malines, choisi comme centre du résean, une ligne"
                    HPOS="647"
                    VPOS="245"
                    WIDTH="2018"
                    HEIGHT="107"
                    WC="0.9917514195808997"></String>
          </TextLine>
          <TextLine ID="eSc_line_cf11bcda"
                    TAGREFS="LT31"
                    BASELINE="650 393 2646 360" 
                    HPOS="647"
                    VPOS="314"
                    WIDTH="1999"
                    HEIGHT="110">
            <Shape><Polygon POINTS="650 393 650 424 2643 393 2646 360 2638 314 647 349 650 393"/></Shape>
	    <String CONTENT="devait filer vers l&#x27;Allemagne, une autre vere. Ostende, une trai¬"
                    HPOS="647"
                    VPOS="314"
                    WIDTH="1999"
                    HEIGHT="110"
                    WC="0.9752050179701585"></String>
          </TextLine>
          <TextLine ID="eSc_line_5d2c75a5"
                    TAGREFS="LT31"
                    BASELINE="650 468 2663 443" 
                    HPOS="647"
                    VPOS="404"
                    WIDTH="2016"
                    HEIGHT="91">
            <Shape><Polygon POINTS="650 468 650 495 2660 468 2663 443 2654 404 647 427 650 468"/></Shape>
	    <String CONTENT="sième vers Auvers une quatrieme enfin vers la France. L&#x27;assiore"
                    HPOS="647"
                    VPOS="404"
                    WIDTH="2016"
                    HEIGHT="91"
                    WC="0.9904544429173545"></String>
          </TextLine>
          <TextLine ID="eSc_line_7dcff119"
                    TAGREFS="LT31"
                    BASELINE="647 545 2723 531" 
                    HPOS="645"
                    VPOS="476"
                    WIDTH="2078"
                    HEIGHT="105">
            <Shape><Polygon POINTS="647 545 647 581 1064 564 2721 564 2723 531 2718 493 2475 476 2472 476 2470 476 2428 493 2428 495 2230 495 2224 495 2175 479 2172 479 2169 479 1990 495 1987 495 1943 479 1940 479 1938 479 1935 479 1932 479 1910 495 1783 482 1780 482 1778 482 1742 498 1643 498 1430 501 1422 501 1353 484 1350 484 1348 484 1345 484 1328 501 1326 501 1320 501 1224 487 1221 487 1218 487 1215 487 1196 501 1135 490 1133 490 962 504 945 504 942 504 920 487 918 487 915 487 730 487 727 487 645 504 647 545"/></Shape>
	    <String CONTENT="était trop considérable pour &lt;.&gt; être réalisée par l&#x27;initia¬"
                    HPOS="645"
                    VPOS="476"
                    WIDTH="2078"
                    HEIGHT="105"
                    WC="0.9841388563315073"></String>
          </TextLine>
          <TextLine ID="eSc_line_812b1ac3"
                    TAGREFS="LT31"
                    BASELINE="645 622 2693 608" 
                    HPOS="642"
                    VPOS="551"
                    WIDTH="2051"
                    HEIGHT="104">
            <Shape><Polygon POINTS="645 622 645 655 2690 633 2693 608 2690 567 2643 551 2641 551 2638 551 2635 551 2632 551 2613 567 2610 570 2467 570 2442 564 2299 551 2296 551 2235 564 2211 570 2183 564 2136 556 2133 556 2131 556 2128 556 2117 564 2109 570 2031 564 1946 559 1943 559 1836 564 1667 573 1587 564 1527 556 1524 556 1472 562 1378 575 1135 562 1064 559 1061 559 998 562 722 578 642 562 645 622"/></Shape>
	    <String CONTENT="tive privée. &lt;. .pi.. .. .... . ....&gt;"
                    HPOS="642"
                    VPOS="551"
                    WIDTH="2051"
                    HEIGHT="104"
                    WC="0.9165755590877017"></String>
          </TextLine>
          <TextLine ID="eSc_line_84885b6a"
                    TAGREFS="LT31"
                    BASELINE="642 697 2663 674" 
                    HPOS="639"
                    VPOS="636"
                    WIDTH="2024"
                    HEIGHT="88">
            <Shape><Polygon POINTS="642 697 642 721 1648 724 1651 724 1949 708 1987 708 2007 708 2153 719 2155 719 2158 719 2211 705 2219 705 2241 705 2406 716 2409 716 2660 699 2663 674 2654 636 639 655 642 697"/></Shape>
	    <String CONTENT="&lt;... .. .... .. . .....&gt; Seul l&#x27;Etat pouvait"
                    HPOS="639"
                    VPOS="636"
                    WIDTH="2024"
                    HEIGHT="88"
                    WC="0.9274005239660089"></String>
          </TextLine>
          <TextLine ID="eSc_line_e359d819"
                    TAGREFS="LT31"
                    BASELINE="645 771 2690 754" 
                    HPOS="642"
                    VPOS="705"
                    WIDTH="2048"
                    HEIGHT="99">
            <Shape><Polygon POINTS="645 771 645 790 964 801 967 801 970 801 973 801 981 793 989 787 1127 787 1141 793 1163 801 1166 801 1168 801 1287 793 1381 787 1406 793 1444 804 1447 804 1450 804 1452 804 1455 804 1469 793 1485 785 1521 793 1549 801 1552 801 1554 801 1643 793 1783 782 1803 796 1811 801 1814 801 1816 801 1819 804 1960 804 1960 801 2084 796 2390 779 2475 796 2478 796 2481 796 2483 796 2514 779 2533 796 2536 796 2539 796 2541 798 2687 798 2690 754 2682 705 2062 719 2051 713 2040 705 2037 705 2034 705 2031 705 2029 705 2026 705 2015 713 1998 721 1913 716 1816 708 1814 708 1811 708 1808 708 1800 716 1794 721 1789 716 1780 710 1778 710 1775 710 1772 710 1692 719 1629 724 1560 721 1414 710 1411 710 1301 724 1273 727 1265 724 1240 713 1237 713 1235 713 1122 727 1111 727 1102 727 984 713 981 713 978 713 926 730 923 730 912 730 755 716 752 716 642 732 645 771"/></Shape>
	    <String CONTENT="en venir à bout, et &lt;........ &lt;..... ... ....."
                    HPOS="642"
                    VPOS="705"
                    WIDTH="2048"
                    HEIGHT="99"
                    WC="0.9302927572676476"></String>
          </TextLine>
          <TextLine ID="eSc_line_11baf8a7"
                    TAGREFS="LT31"
                    BASELINE="642 851 1386 832 2701 834" 
                    HPOS="639"
                    VPOS="785"
                    WIDTH="2062"
                    HEIGHT="96">
            <Shape><Polygon POINTS="642 851 642 862 672 878 675 878 678 881 862 881 862 878 1044 862 1058 862 1066 862 1168 878 1171 878 1240 862 1257 859 1276 862 1356 876 1359 876 1361 876 1397 862 1406 859 1667 859 1673 862 1695 876 1698 876 1701 876 1703 876 1830 873 1833 873 1836 873 1849 862 1855 856 1860 862 1877 873 1880 873 1882 873 1885 876 2007 876 2007 873 2009 873 2012 873 2031 862 2040 856 2084 862 2183 873 2186 873 2268 862 2302 856 2310 862 2335 873 2337 873 2340 873 2412 862 2456 854 2696 859 2701 834 2699 787 1761 785 1758 785 1756 785 1723 796 1712 798 1615 796 1226 785 1224 785 937 801 915 787 912 787 909 787 907 787 904 787 901 787 882 801 686 790 683 790 680 790 639 804 642 851"/></Shape>
	    <String CONTENT="&lt; le bon sens l&#x27;emportant sur les répuguances qu&#x27;inspérait son"
                    HPOS="639"
                    VPOS="785"
                    WIDTH="2062"
                    HEIGHT="96"
                    WC="0.9950940599364619"></String>
          </TextLine>
          <TextLine ID="eSc_line_fafbf0df"
                    TAGREFS="LT31"
                    BASELINE="636 925 2643 889" 
                    HPOS="634"
                    VPOS="837"
                    WIDTH="2009"
                    HEIGHT="121">
            <Shape><Polygon POINTS="636 925 636 944 780 958 782 958 785 958 818 944 1033 953 1036 953 1039 953 1091 939 1105 936 1130 939 1226 950 1229 950 1232 950 1235 950 1251 936 1257 933 1279 936 1353 947 1356 947 1444 933 1469 931 1508 933 1601 939 1604 939 1681 931 1725 925 1750 928 1805 939 1808 939 1811 939 1852 928 1874 922 1921 925 2020 936 2023 936 2641 914 2643 889 2638 848 2503 837 2500 837 2497 837 2495 837 2495 840 2483 848 2472 856 2211 851 2095 851 2092 851 2070 854 2009 867 1899 867 1882 856 1871 848 1869 848 1866 848 1863 848 1563 854 1524 862 1458 873 1361 862 1323 859 1320 859 1317 859 1315 859 1312 862 1298 876 1265 865 1251 859 1248 859 1246 859 1243 859 1226 865 1182 878 1130 865 1113 862 1111 862 1108 862 1033 867 769 887 634 873 636 925"/></Shape>
	    <String CONTENT="ingérence, on de résigna à lui abandonner &lt;..&gt; untâche"
                    HPOS="634"
                    VPOS="837"
                    WIDTH="2009"
                    HEIGHT="121"
                    WC="0.9831788724119013"></String>
          </TextLine>
          <TextLine ID="eSc_line_96623cd4"
                    TAGREFS="LT31"
                    BASELINE="639 997 2712 964" 
                    HPOS="636"
                    VPOS="911"
                    WIDTH="2076"
                    HEIGHT="119">
            <Shape><Polygon POINTS="639 997 639 1030 705 1016 975 1024 978 1024 981 1024 986 1024 1499 1002 1665 1013 1667 1013 1670 1013 1717 1000 2710 1000 2712 964 2707 925 2541 911 2539 911 2536 911 2472 928 2467 928 2442 928 2169 920 2166 920 2103 933 2067 920 2064 920 2062 920 2059 920 1996 936 1990 936 1982 936 1849 922 1847 922 1764 939 1692 925 1689 925 1687 925 1684 925 1659 942 1656 944 1593 944 1530 944 1510 928 1508 928 1505 928 1502 928 973 953 970 953 967 953 816 939 813 939 636 958 639 997"/></Shape>
	    <String CONTENT="doud &lt;....&gt; personne d&#x27;ailleurs n&#x27;ent oré offrontes les respnsabilités et"
                    HPOS="636"
                    VPOS="911"
                    WIDTH="2076"
                    HEIGHT="119"
                    WC="0.9789598380049614"></String>
          </TextLine>
          <TextLine ID="eSc_line_6935ad9a"
                    TAGREFS="LT31"
                    BASELINE="653 1071 1596 1049 2649 1041" 
                    HPOS="650"
                    VPOS="986"
                    WIDTH="1999"
                    HEIGHT="118">
            <Shape><Polygon POINTS="653 1071 653 1104 873 1085 1009 1099 1011 1099 1014 1099 1017 1099 1039 1082 1163 1096 1166 1096 1168 1096 1213 1079 1306 1093 1309 1093 1312 1093 1361 1079 1541 1090 1543 1090 1546 1090 1585 1074 1805 1082 1808 1082 1960 1068 2109 1082 2111 1082 2114 1082 2147 1066 2643 1074 2649 1041 2643 1000 2555 986 2552 986 2550 986 2517 1000 2511 1002 2506 1000 2464 989 2461 989 2459 989 2335 1002 2313 1005 2296 1005 2202 991 2200 991 2103 1008 2092 1008 2084 1008 1982 994 1979 994 1976 994 1973 994 1954 1011 1951 1011 1946 1011 1863 997 1860 997 1858 997 1855 997 1833 1011 1789 997 1786 997 1783 997 1780 997 1778 997 1778 1000 1764 1013 1761 1016 1651 1016 1640 1016 1585 1000 1582 1000 1579 1000 1576 1000 1530 1016 1527 1016 1524 1016 1397 1002 1395 1002 1284 1019 1243 1005 1240 1005 1237 1005 1235 1005 1196 1022 1188 1022 1009 1011 1006 1011 1003 1011 975 1024 901 1013 898 1013 650 1030 653 1071"/></Shape>
	    <String CONTENT="qu&#x27;on se réouvait de lui reprocher si elle éthorait &lt;....&gt;"
                    HPOS="650"
                    VPOS="986"
                    WIDTH="1999"
                    HEIGHT="118"
                    WC="0.9691929550006472"></String>
          </TextLine>
          <TextLine ID="eSc_line_ed4a81ea"
                    TAGREFS="LT31"
                    BASELINE="631 1146 2646 1121" 
                    HPOS="628"
                    VPOS="1066"
                    WIDTH="2029"
                    HEIGHT="102">
            <Shape><Polygon POINTS="631 1168 2654 1151 2657 1121 2649 1068 2401 1085 2290 1074 2208 1066 2205 1066 2202 1066 2200 1066 2186 1077 2166 1090 2064 1090 2037 1079 2009 1068 2007 1068 2004 1068 2001 1068 1998 1068 1984 1079 1968 1090 1949 1079 1927 1071 1924 1071 1750 1071 1747 1071 1745 1071 1712 1085 1689 1093 1648 1085 1574 1074 1571 1074 1483 1090 1444 1096 1411 1090 1331 1077 1328 1077 1326 1077 1323 1077 1301 1093 1292 1099 1251 1093 1199 1088 1196 1088 1122 1096 1069 1102 1022 1099 846 1082 843 1082 840 1082 802 1102 796 1104 793 1102 749 1085 747 1085 744 1085 628 1104 631 1146"/></Shape>
	    <String CONTENT="itte &lt;..... ...... ... ........ ....&gt;"
                    HPOS="628"
                    VPOS="1066"
                    WIDTH="2029"
                    HEIGHT="102"
                    WC="0.914933489786612"></String>
          </TextLine>
          <TextLine ID="eSc_line_a36b47ba"
                    TAGREFS="LT31"
                    BASELINE="636 1225 1905 1206 2679 1209" 
                    HPOS="634"
                    VPOS="1148"
                    WIDTH="2045"
                    HEIGHT="116">
            <Shape><Polygon POINTS="636 1225 636 1239 818 1261 821 1261 1033 1245 1210 1253 1213 1253 1215 1253 1240 1242 1251 1236 1270 1242 1328 1259 1331 1259 1334 1259 1444 1242 1447 1242 1450 1242 1472 1261 1474 1261 1477 1261 1480 1264 1703 1264 1703 1261 1706 1261 1709 1261 1731 1242 1736 1239 1935 1242 1982 1242 1984 1242 1987 1242 1990 1242 2009 1228 2098 1242 2103 1242 2106 1242 2109 1242 2128 1231 2144 1242 2150 1248 2153 1248 2155 1248 2158 1248 2161 1248 2172 1242 2191 1234 2222 1242 2255 1253 2257 1253 2260 1253 2263 1253 2296 1242 2335 1231 2676 1242 2679 1209 2676 1162 2616 1148 2613 1148 2610 1148 2608 1148 2539 1165 2536 1165 2528 1165 2326 1151 2324 1151 2321 1151 2268 1168 2266 1168 2263 1168 2144 1154 2142 1154 2048 1168 2001 1154 1998 1154 1996 1154 1993 1154 1921 1170 1769 1157 1767 1157 1764 1157 1761 1157 1739 1170 1524 1159 1521 1159 1519 1159 1516 1159 1497 1173 1389 1162 1386 1162 1383 1162 1334 1176 1292 1162 1290 1162 1287 1162 1284 1162 1281 1162 1265 1176 1116 1165 1113 1165 1111 1165 1058 1179 1014 1165 1011 1165 1009 1165 829 1181 777 1168 774 1168 771 1168 634 1184 636 1225"/></Shape>
	    <String CONTENT="&lt;...... .. . . .......... .. ..&gt;"
                    HPOS="634"
                    VPOS="1148"
                    WIDTH="2045"
                    HEIGHT="116"
                    WC="0.873869601637125"></String>
          </TextLine>
          <TextLine ID="eSc_line_59e6c692"
                    TAGREFS="LT31"
                    BASELINE="645 1305 2690 1283" 
                    HPOS="642"
                    VPOS="1228"
                    WIDTH="2048"
                    HEIGHT="113">
            <Shape><Polygon POINTS="645 1305 645 1338 791 1327 1000 1336 1127 1341 1130 1341 1215 1336 1364 1322 1516 1333 1590 1336 1593 1336 1687 1330 1924 1314 2109 1314 2133 1325 2144 1330 2147 1330 2150 1330 2153 1330 2172 1325 2224 1311 2321 1325 2354 1327 2357 1327 2404 1322 2541 1308 2687 1319 2690 1283 2685 1248 2390 1236 2387 1236 2384 1236 2332 1250 2329 1250 2279 1228 2277 1228 2274 1228 2271 1228 2224 1253 2153 1253 2150 1253 2120 1231 2117 1231 2114 1231 2111 1231 2109 1231 2106 1231 2075 1253 2020 1239 2018 1239 2015 1239 1786 1256 1758 1242 1756 1242 1753 1242 1590 1259 1587 1259 1530 1234 1527 1234 1524 1234 1152 1236 1149 1236 1097 1261 865 1242 862 1242 642 1270 645 1305"/></Shape>
	    <String CONTENT="... La Belgique fut douc fla première medeulas en Europe nou seu¬"
                    HPOS="642"
                    VPOS="1228"
                    WIDTH="2048"
                    HEIGHT="113"
                    WC="0.9525257009726305"></String>
          </TextLine>
          <TextLine ID="eSc_line_480551ba"
                    TAGREFS="LT33"
                    BASELINE="1122 1266 1668 1250" 
                    HPOS="1122"
                    VPOS="1250"
                    WIDTH="546"
                    HEIGHT="16">
	    <String CONTENT=""
                    HPOS="1122"
                    VPOS="1250"
                    WIDTH="546"
                    HEIGHT="16"></String>
          </TextLine>
          <TextLine ID="eSc_line_cf5a739f"
                    TAGREFS="LT31"
                    BASELINE="650 1383 2693 1352" 
                    HPOS="647"
                    VPOS="1305"
                    WIDTH="2046"
                    HEIGHT="111">
            <Shape><Polygon POINTS="650 1383 650 1405 959 1402 967 1402 1014 1416 1017 1416 1020 1416 1022 1416 1025 1416 1047 1402 1053 1399 1083 1402 1202 1413 1204 1413 1207 1413 1246 1399 1259 1396 1290 1399 1386 1410 1389 1410 1538 1396 1601 1391 1612 1396 1623 1405 1626 1405 1629 1405 1632 1407 1761 1407 1761 1405 1949 1399 1951 1399 1954 1399 1954 1396 1960 1391 1968 1385 1990 1391 2018 1399 2020 1399 2023 1399 2026 1399 2042 1391 2056 1385 2690 1385 2693 1352 2687 1316 2390 1305 2387 1305 2384 1305 2381 1305 2365 1319 2362 1319 2343 1319 2062 1311 2059 1311 2056 1311 2004 1325 2001 1325 1996 1325 1951 1311 1949 1311 1946 1311 1778 1327 1739 1330 1728 1327 1687 1316 1684 1316 1681 1316 1590 1330 1563 1333 1461 1333 1127 1325 1124 1325 1122 1325 1080 1336 1072 1338 1044 1338 912 1327 909 1327 849 1341 824 1344 799 1341 727 1330 725 1330 647 1341 650 1383"/></Shape>
	    <String CONTENT="lement à possèder un rail w ax national, mais en même temps un"
                    HPOS="647"
                    VPOS="1305"
                    WIDTH="2046"
                    HEIGHT="111"
                    WC="0.9894235067897372"></String>
          </TextLine>
          <TextLine ID="eSc_line_09375fb8"
                    TAGREFS="LT31"
                    BASELINE="639 1460 2701 1427" 
                    HPOS="636"
                    VPOS="1371"
                    WIDTH="2065"
                    HEIGHT="122">
            <Shape><Polygon POINTS="639 1460 639 1493 2701 1451 2701 1427 2696 1391 2605 1371 2602 1371 2495 1394 2188 1394 2120 1380 2117 1380 2114 1380 2064 1396 2029 1380 2026 1380 2023 1380 2020 1380 2018 1380 1993 1399 1993 1402 1960 1402 1894 1402 1866 1383 1863 1383 1860 1383 1858 1383 1855 1383 1805 1402 1800 1402 1582 1388 1579 1388 1576 1388 1574 1388 1552 1405 1499 1388 1497 1388 1494 1388 1491 1388 1411 1407 1196 1394 1193 1394 1190 1394 1149 1413 1146 1413 1135 1413 1006 1396 1003 1396 1000 1396 998 1396 973 1416 970 1416 959 1416 810 1399 807 1399 636 1418 639 1460"/></Shape>
	    <String CONTENT="dail eway d&#x27;Etat, Peut-être les tendannes saint, Sienonieus ces¬"
                    HPOS="636"
                    VPOS="1371"
                    WIDTH="2065"
                    HEIGHT="122"
                    WC="0.992424507625401"></String>
          </TextLine>
          <TextLine ID="eSc_line_8ebffb98"
                    TAGREFS="LT31"
                    BASELINE="642 1531 2687 1501" 
                    HPOS="639"
                    VPOS="1454"
                    WIDTH="2048"
                    HEIGHT="116">
            <Shape><Polygon POINTS="642 1531 642 1553 821 1570 824 1570 973 1567 975 1567 978 1567 998 1551 1003 1551 1149 1564 1152 1564 1232 1551 1565 1559 1568 1559 1571 1559 1610 1542 1618 1540 1654 1542 1736 1551 1739 1551 1819 1540 1849 1537 1860 1540 1896 1553 1899 1553 1902 1553 1965 1540 1987 1531 2340 1529 2351 1534 2373 1545 2376 1545 2379 1548 2475 1548 2475 1545 2478 1545 2506 1531 2519 1526 2547 1531 2602 1542 2605 1542 2685 1529 2687 1501 2679 1454 1742 1479 1678 1473 1599 1468 1596 1468 1593 1468 1574 1476 1560 1482 1455 1479 1265 1473 1262 1473 1207 1484 1190 1487 1155 1484 1011 1476 1009 1476 639 1495 642 1531"/></Shape>
	    <String CONTENT="sez répandes à cette époque dans une partie de la bourgeoirie"
                    HPOS="639"
                    VPOS="1454"
                    WIDTH="2048"
                    HEIGHT="116"
                    WC="0.9988359885831033"></String>
          </TextLine>
          <TextLine ID="eSc_line_c190b73a"
                    TAGREFS="LT31"
                    BASELINE="647 1617 2166 1581 2701 1584" 
                    HPOS="645"
                    VPOS="1523"
                    WIDTH="2056"
                    HEIGHT="118">
            <Shape><Polygon POINTS="647 1617 647 1641 2701 1608 2701 1584 2699 1537 2599 1523 2597 1523 2362 1542 2357 1542 2354 1542 2335 1529 2332 1529 2329 1529 2326 1529 2202 1545 2133 1531 2131 1531 1910 1551 1866 1537 1863 1537 1860 1537 1858 1537 1800 1553 1736 1540 1734 1540 1731 1540 1728 1540 1728 1542 1712 1556 1709 1556 1593 1545 1590 1545 1587 1545 1549 1559 1345 1548 1342 1548 1339 1548 1306 1564 1190 1551 1188 1551 645 1578 647 1617"/></Shape>
	    <String CONTENT="et aux quelles adhérait Rogier qui ent avec Lebeau l&#x27;homens de"
                    HPOS="645"
                    VPOS="1523"
                    WIDTH="2056"
                    HEIGHT="118"
                    WC="0.9828467551738985"></String>
          </TextLine>
          <TextLine ID="eSc_line_a204f2bb"
                    TAGREFS="LT31"
                    BASELINE="650 1688 2693 1655" 
                    HPOS="647"
                    VPOS="1608"
                    WIDTH="2046"
                    HEIGHT="113">
            <Shape><Polygon POINTS="650 1688 650 1721 818 1705 1083 1713 1097 1713 1100 1713 1108 1713 1224 1699 1273 1710 1281 1710 1284 1710 1312 1710 1502 1694 1618 1702 1651 1705 1654 1705 1673 1702 1728 1691 1797 1699 1825 1702 1827 1702 2693 1680 2693 1655 2685 1608 647 1644 650 1688"/></Shape>
	    <String CONTENT="quisenter et de défindre le loi il 1834 devant, les chanuleres con¬"
                    HPOS="647"
                    VPOS="1608"
                    WIDTH="2046"
                    HEIGHT="113"
                    WC="0.991077951530912"></String>
          </TextLine>
          <TextLine ID="eSc_line_671c2c1a"
                    TAGREFS="LT31"
                    BASELINE="634 1768 2690 1741" 
                    HPOS="631"
                    VPOS="1680"
                    WIDTH="2059"
                    HEIGHT="121">
            <Shape><Polygon POINTS="634 1768 634 1793 1122 1785 1146 1787 1215 1801 1218 1801 1221 1801 1262 1787 1279 1782 1326 1785 1452 1799 1455 1799 1458 1799 1516 1785 1527 1782 1546 1785 1648 1796 1651 1796 1654 1796 1684 1782 1695 1776 1814 1776 1825 1779 1858 1793 1860 1793 1863 1793 2690 1768 2690 1741 2685 1699 2368 1683 2365 1683 2268 1702 2246 1708 2051 1708 2042 1705 2004 1680 2001 1680 1998 1680 1863 1680 1860 1680 1284 1688 1281 1688 1279 1688 1246 1710 1232 1721 1105 1721 1091 1713 1072 1699 1069 1699 1066 1699 1064 1699 1061 1699 1058 1699 1039 1713 1025 1721 940 1713 854 1708 851 1708 849 1708 829 1716 816 1721 802 1716 760 1699 758 1699 755 1699 631 1716 634 1768"/></Shape>
	    <String CONTENT="tribueèrent-elles &lt;..........&gt; en oppe¬"
                    HPOS="631"
                    VPOS="1680"
                    WIDTH="2059"
                    HEIGHT="121"
                    WC="0.9102954451854413"></String>
          </TextLine>
          <TextLine ID="eSc_line_a8c1c696"
                    TAGREFS="LT34"
                    BASELINE="1185 1716 2149 1705" 
                    HPOS="1185"
                    VPOS="1705"
                    WIDTH="964"
                    HEIGHT="11">
	    <String CONTENT=""
                    HPOS="1185"
                    VPOS="1705"
                    WIDTH="964"
                    HEIGHT="11"></String>
          </TextLine>
          <TextLine ID="eSc_line_be094bb2"
                    TAGREFS="LT31"
                    BASELINE="634 1837 1284 1826" 
                    HPOS="631"
                    VPOS="1779"
                    WIDTH="653"
                    HEIGHT="99">
            <Shape><Polygon POINTS="634 1837 634 1859 678 1859 686 1865 714 1878 716 1878 719 1878 722 1878 771 1865 802 1856 813 1865 827 1876 829 1876 832 1876 835 1876 909 1865 998 1854 1088 1854 1105 1867 1111 1870 1111 1873 1113 1873 1116 1873 1119 1873 1122 1873 1141 1867 1182 1856 1281 1867 1284 1826 1276 1779 631 1799 634 1837"/></Shape>
	    <String CONTENT="rene si paradoxal."
                    HPOS="631"
                    VPOS="1779"
                    WIDTH="653"
                    HEIGHT="99"
                    WC="0.9751934309800466"></String>
          </TextLine>
          <TextLine ID="eSc_line_ec0b8f79"
                    TAGREFS="LT31"
                    BASELINE="653 1920 1339 1917 2652 1873" 
                    HPOS="650"
                    VPOS="1821"
                    WIDTH="2002"
                    HEIGHT="146">
            <Shape><Polygon POINTS="653 1920 653 1956 799 1947 816 1953 849 1967 851 1967 854 1967 929 1950 970 1942 1036 1947 1155 1958 1157 1958 1576 1934 1604 1934 1607 1934 1654 1945 1656 1945 1659 1945 1662 1945 1701 1931 1725 1922 1778 1928 1816 1934 1819 1934 1822 1934 1838 1928 1869 1917 1910 1925 1962 1936 1965 1936 1968 1936 2009 1922 2023 1920 2051 1922 2125 1931 2128 1931 2131 1931 2158 1920 2172 1914 2197 1920 2252 1928 2255 1928 2257 1928 2279 1917 2302 1906 2649 1906 2652 1873 2643 1821 2467 1843 2348 1829 2335 1829 2332 1829 2318 1829 2216 1848 2186 1834 2180 1832 2177 1832 2175 1832 2172 1832 2169 1832 2164 1834 2136 1854 1951 1856 1891 1845 1866 1840 1863 1840 1761 1843 1758 1843 1756 1843 1756 1845 1750 1848 1736 1862 1645 1854 1621 1851 1618 1851 1585 1854 1488 1867 1458 1859 1441 1854 1439 1854 1436 1854 1433 1854 1406 1859 1356 1873 1215 1867 1157 1865 1155 1865 1152 1865 1133 1870 1100 1878 1083 1870 1061 1862 1058 1862 1055 1862 970 1865 967 1865 964 1865 951 1876 937 1884 904 1876 854 1867 851 1867 849 1867 846 1867 832 1878 832 1881 824 1878 788 1870 785 1870 782 1870 650 1884 653 1920"/></Shape>
	    <String CONTENT="&lt;....... ....... .&gt; Si l’on songe aux événements"
                    HPOS="650"
                    VPOS="1821"
                    WIDTH="2002"
                    HEIGHT="146"
                    WC="0.8995874474445978"></String>
          </TextLine>
          <TextLine ID="eSc_line_7b5a952f"
                    TAGREFS="LT31"
                    BASELINE="642 2008 2668 1958" 
                    HPOS="639"
                    VPOS="1909"
                    WIDTH="2029"
                    HEIGHT="132">
            <Shape><Polygon POINTS="642 2008 642 2041 755 2022 816 2033 818 2033 1097 2016 1171 2027 1196 2030 1199 2030 1645 2019 1689 2013 1783 1997 1913 2005 1987 2011 1990 2011 1993 2011 2012 2002 2034 1994 2070 2002 2103 2008 2106 2008 2109 2008 2136 2000 2172 1986 2668 1983 2668 1958 2663 1922 2439 1909 2437 1909 2434 1909 2431 1909 2412 1925 2412 1928 2326 1928 2315 1928 2233 1914 2230 1914 2117 1931 2095 1934 2067 1934 1927 1922 1924 1922 1764 1928 1761 1928 1758 1928 1758 1931 1750 1939 1745 1942 1734 1939 1689 1928 1687 1928 1684 1928 1538 1942 1483 1947 1474 1945 1450 1934 1447 1934 1444 1934 1441 1934 1417 1945 1406 1953 639 1958 642 2008"/></Shape>
	    <String CONTENT="qui &lt;&gt; venaient de bouliverser le pays, à l&#x27;incertitude de"
                    HPOS="639"
                    VPOS="1909"
                    WIDTH="2029"
                    HEIGHT="132"
                    WC="0.9830589627815505"></String>
          </TextLine>
          <TextLine ID="eSc_line_2d756836"
                    TAGREFS="LT31"
                    BASELINE="631 2082 2685 2033" 
                    HPOS="628"
                    VPOS="1983"
                    WIDTH="2057"
                    HEIGHT="127">
            <Shape><Polygon POINTS="631 2082 631 2102 1133 2096 1213 2110 1215 2110 1218 2110 1290 2091 1292 2091 1386 2107 1389 2107 1474 2093 1654 2102 1656 2102 1764 2099 1767 2099 1769 2099 1800 2077 1803 2077 1849 2091 1852 2091 1855 2091 1858 2091 1860 2091 1882 2077 2131 2085 2133 2085 2354 2066 2448 2082 2450 2082 2453 2082 2456 2082 2483 2063 2530 2080 2533 2080 2536 2080 2682 2055 2685 2033 2676 1983 628 2041 631 2082"/></Shape>
	    <String CONTENT="son avenir, à la crise économique qu&#x27;il traveusait, l&#x27;encrgie dont"
                    HPOS="628"
                    VPOS="1983"
                    WIDTH="2057"
                    HEIGHT="127"
                    WC="0.983426424104776"></String>
          </TextLine>
          <TextLine ID="eSc_line_78a33597"
                    TAGREFS="LT31"
                    BASELINE="636 2157 2177 2118 2718 2118" 
                    HPOS="634"
                    VPOS="2057"
                    WIDTH="2084"
                    HEIGHT="133">
            <Shape><Polygon POINTS="636 2157 636 2179 730 2190 733 2190 736 2190 774 2179 788 2173 802 2179 832 2187 835 2187 838 2187 840 2187 843 2187 857 2176 865 2173 948 2176 1083 2179 1086 2179 1088 2179 1113 2173 1144 2165 1190 2170 1248 2179 1251 2179 1367 2168 1469 2159 1527 2165 1571 2170 1574 2170 1637 2165 1756 2151 1830 2162 1866 2165 1869 2165 1938 2159 2117 2143 2191 2157 2205 2157 2208 2157 2241 2154 2390 2140 2715 2146 2718 2118 2715 2071 2619 2057 2616 2057 2511 2074 2492 2077 2431 2077 2081 2071 2078 2071 2075 2071 2073 2071 2053 2085 2020 2074 2018 2074 2015 2074 1656 2096 1626 2096 1612 2096 1381 2085 1378 2085 1375 2085 1309 2102 1262 2088 1259 2088 1257 2088 1011 2110 890 2096 887 2096 884 2096 835 2113 678 2102 675 2102 672 2102 634 2115 636 2157"/></Shape>
	    <String CONTENT="il fit preuve eu abordant .&gt; une acuvre aussi ample qu&#x27;ille"
                    HPOS="634"
                    VPOS="2057"
                    WIDTH="2084"
                    HEIGHT="133"
                    WC="0.9828534762738115"></String>
          </TextLine>
          <TextLine ID="eSc_line_54f9c524"
                    TAGREFS="LT31"
                    BASELINE="636 2228 2654 2184" 
                    HPOS="634"
                    VPOS="2137"
                    WIDTH="2020"
                    HEIGHT="122">
            <Shape><Polygon POINTS="636 2228 636 2259 2654 2217 2654 2184 2649 2148 2450 2137 2448 2137 2359 2151 2324 2137 2321 2137 2318 2137 2147 2157 2144 2157 2122 2143 2120 2143 2117 2143 2114 2143 2111 2143 2109 2143 2086 2157 1791 2148 1789 2148 1786 2148 1783 2148 1761 2165 1758 2168 1640 2168 1632 2168 1516 2154 1513 2154 1039 2181 998 2181 986 2181 887 2168 884 2168 744 2187 733 2187 730 2187 691 2173 689 2173 686 2173 683 2173 634 2187 636 2228"/></Shape>
	    <String CONTENT="devait être conteure et dfficile paraîtra plus étonnante et le succis"
                    HPOS="634"
                    VPOS="2137"
                    WIDTH="2020"
                    HEIGHT="122"
                    WC="0.9893786242042762"></String>
          </TextLine>
          <TextLine ID="eSc_line_8b6c4875"
                    TAGREFS="LT31"
                    BASELINE="634 2297 2065 2272 2166 2269 2671 2250" 
                    HPOS="631"
                    VPOS="2201"
                    WIDTH="2040"
                    HEIGHT="135">
            <Shape><Polygon POINTS="634 2336 760 2316 887 2330 931 2333 934 2333 937 2333 940 2333 945 2327 967 2314 1061 2322 1064 2322 1066 2322 1113 2308 1257 2319 1350 2325 1353 2325 1356 2325 1392 2314 1425 2305 1444 2314 1466 2322 1469 2322 1472 2322 1596 2308 1720 2294 1750 2303 1783 2314 1786 2314 1789 2314 1791 2314 1841 2300 1880 2292 1896 2300 1918 2311 1921 2311 1924 2311 2051 2308 2053 2308 2056 2308 2073 2294 2078 2292 2089 2294 2158 2305 2161 2305 2164 2305 2194 2292 2202 2286 2219 2289 2268 2303 2271 2303 2274 2303 2362 2286 2376 2283 2381 2286 2420 2300 2423 2300 2426 2300 2550 2297 2668 2275 2671 2250 2663 2201 2304 2223 1924 2217 1896 2217 1894 2217 1885 2217 1786 2234 1723 2220 1712 2220 1709 2220 1706 2220 1703 2223 1673 2237 1414 2228 1381 2228 1378 2228 1375 2228 1372 2228 1359 2242 1323 2231 1320 2231 1317 2231 1306 2231 1050 2250 1031 2237 1028 2237 1025 2237 1022 2237 1020 2237 1017 2237 978 2250 890 2239 871 2239 868 2239 865 2239 860 2242 824 2253 780 2242 771 2242 769 2242 766 2242 763 2242 741 2259 631 2248 634 2297"/></Shape>
	    <String CONTENT="dont elle fut couronnée plus merveilleux. Le gouvernement fit appel"
                    HPOS="631"
                    VPOS="2201"
                    WIDTH="2040"
                    HEIGHT="135"
                    WC="0.991867552052683"></String>
          </TextLine>
          <TextLine ID="eSc_line_ec06191b"
                    TAGREFS="LT31"
                    BASELINE="628 2372 2657 2327" 
                    HPOS="625"
                    VPOS="2286"
                    WIDTH="2032"
                    HEIGHT="105">
            <Shape><Polygon POINTS="628 2372 628 2391 2657 2352 2657 2327 2652 2286 2161 2286 2158 2286 2155 2286 2139 2294 2125 2300 2092 2294 2062 2289 2059 2289 2056 2289 2034 2294 2001 2303 1946 2297 1905 2292 1902 2292 1844 2297 1756 2308 1698 2300 1667 2297 1665 2297 1612 2303 1499 2314 1425 2305 1400 2303 1397 2303 1395 2303 1389 2305 1367 2316 1279 2308 1251 2305 1248 2305 1221 2308 1119 2322 1017 2311 1000 2311 998 2311 978 2311 854 2327 749 2316 744 2316 741 2316 738 2316 736 2316 716 2330 625 2319 628 2372"/></Shape>
	    <String CONTENT="a des experts anglais, aais ce sont des ingénieurs lalges, dinons et"
                    HPOS="625"
                    VPOS="2286"
                    WIDTH="2032"
                    HEIGHT="105"
                    WC="0.9931761753909728"></String>
          </TextLine>
          <TextLine ID="eSc_line_41194f1d"
                    TAGREFS="LT34"
                    BASELINE="1669 2391 1944 2388" 
                    HPOS="1669"
                    VPOS="2388"
                    WIDTH="275"
                    HEIGHT="3">
	    <String CONTENT=""
                    HPOS="1669"
                    VPOS="2388"
                    WIDTH="275"
                    HEIGHT="3"></String>
          </TextLine>
          <TextLine ID="eSc_line_6d4ba041"
                    TAGREFS="LT31"
                    BASELINE="300 2449 618 2442" 
                    HPOS="297"
                    VPOS="2380"
                    WIDTH="322"
                    HEIGHT="93">
            <Shape><Polygon POINTS="573 2416 573 2391 603 2399 617 2395 619 2467 300 2473 300 2449 297 2394 504 2380 507 2380 543 2385 545 2440"/></Shape>
	    <String CONTENT="de Ridder"
                    HPOS="297"
                    VPOS="2380"
                    WIDTH="322"
                    HEIGHT="93"
                    WC="0.9998682472440932"></String>
          </TextLine>
          <TextLine ID="eSc_line_2159b699"
                    BASELINE="654 2442 2671 2399" 
                    HPOS="653"
                    VPOS="2336"
                    WIDTH="2018"
                    HEIGHT="131">
            <Shape><Polygon POINTS="680 2377 689 2377 727 2388 755 2396 782 2388 802 2380 807 2380 920 2385 1042 2391 1058 2383 1083 2366 1094 2366 1135 2383 1157 2388 1320 2388 1361 2377 1458 2358 1461 2358 1587 2369 1852 2350 1855 2350 1951 2369 1971 2372 1984 2369 2042 2350 2048 2350 2128 2366 2136 2366 2459 2363 2467 2361 2585 2336 2591 2336 2668 2358 2671 2399 2671 2432 654 2467 653 2384"/></Shape>
	    <String CONTENT="Duiddes, ui taleurent le plun&lt; e ndirigèrent l&#x27;exi¬"
                    HPOS="653"
                    VPOS="2336"
                    WIDTH="2018"
                    HEIGHT="131"
                    WC="0.9652331775309992"></String>
          </TextLine>
          <TextLine ID="eSc_line_5b7f0284"
                    TAGREFS="LT31"
                    BASELINE="620 2518 2649 2479" 
                    HPOS="617"
                    VPOS="2429"
                    WIDTH="2032"
                    HEIGHT="130">
            <Shape><Polygon POINTS="620 2518 623 2559 667 2540 840 2551 843 2551 931 2534 1000 2548 1020 2551 1022 2551 1025 2551 1036 2548 1075 2531 1455 2534 1775 2537 1778 2537 1780 2537 1819 2523 1830 2520 1849 2523 1921 2534 1924 2534 2106 2515 2120 2515 2125 2515 2208 2529 2211 2529 2525 2504 2599 2518 2602 2518 2605 2518 2649 2498 2649 2479 2643 2429 2522 2429 2519 2429 2517 2429 2514 2429 2514 2432 2486 2446 2172 2440 2169 2440 1725 2460 1667 2451 1634 2446 1632 2446 1599 2451 1549 2462 1513 2454 1491 2449 1488 2449 1485 2449 1483 2449 1480 2449 1472 2454 1452 2465 1428 2457 1414 2451 1411 2451 1408 2451 1406 2451 1381 2457 1337 2468 1281 2460 1243 2454 1240 2454 1237 2454 1235 2454 1226 2460 1215 2468 1174 2462 1135 2457 1133 2457 1130 2457 1102 2462 1075 2471 1066 2465 1058 2457 1055 2457 1053 2457 1050 2457 1047 2457 1017 2465 989 2473 962 2468 931 2460 929 2460 926 2460 923 2460 920 2460 912 2468 898 2476 617 2476 620 2518"/></Shape>
	    <String CONTENT="cstion, et des mit allurgie ter belges qui &lt;. fournirent les raits et"
                    HPOS="617"
                    VPOS="2429"
                    WIDTH="2032"
                    HEIGHT="130"
                    WC="0.9695992469787598"></String>
          </TextLine>
          <TextLine ID="eSc_line_1203cb32"
                    TAGREFS="LT31"
                    BASELINE="609 2600 1439 2575 2682 2559" 
                    HPOS="606"
                    VPOS="2504"
                    WIDTH="2076"
                    HEIGHT="132">
            <Shape><Polygon POINTS="609 2600 609 2631 904 2636 907 2636 978 2625 1066 2608 1100 2622 1105 2622 1108 2622 1111 2622 1113 2622 1116 2622 1116 2620 1138 2606 1204 2620 1229 2622 1232 2622 1235 2622 1237 2622 1243 2617 1262 2603 1306 2617 1309 2617 1312 2617 1315 2617 1317 2617 1320 2617 1359 2600 1472 2614 1491 2614 1494 2617 1494 2614 1521 2611 1626 2600 1684 2608 1758 2620 1761 2620 1880 2603 1973 2592 2086 2600 2186 2606 2188 2606 2233 2597 2277 2584 2541 2584 2577 2589 2652 2600 2654 2600 2657 2600 2682 2586 2682 2559 2676 2509 2489 2504 2486 2504 2483 2504 2481 2504 2472 2512 2461 2523 2252 2526 2175 2520 2073 2512 2070 2512 1993 2526 1949 2531 1905 2526 1805 2515 1803 2515 1800 2515 1758 2531 1747 2537 1629 2537 1615 2534 1568 2520 1565 2520 1563 2520 1560 2520 1530 2537 1510 2520 1508 2520 1505 2520 1502 2520 1392 2523 1389 2523 1350 2540 1345 2542 1326 2540 1207 2526 1204 2526 915 2551 904 2551 898 2551 758 2534 755 2534 752 2534 703 2548 656 2537 653 2537 650 2537 647 2537 606 2553 609 2600"/></Shape>
	    <String CONTENT="les los onotives. &lt; .. . . .  . .&gt;"
                    HPOS="606"
                    VPOS="2504"
                    WIDTH="2076"
                    HEIGHT="132"
                    WC="0.9189727341427523"></String>
          </TextLine>
          <TextLine ID="eSc_line_14d687c1"
                    TAGREFS="LT34"
                    BASELINE="707 2624 904 2639" 
                    HPOS="707"
                    VPOS="2624"
                    WIDTH="197"
                    HEIGHT="15">
	    <String CONTENT=""
                    HPOS="707"
                    VPOS="2624"
                    WIDTH="197"
                    HEIGHT="15"></String>
          </TextLine>
          <TextLine ID="eSc_line_16eeedf6"
                    TAGREFS="LT31"
                    BASELINE="614 2675 1367 2650 2627 2628" 
                    HPOS="612"
                    VPOS="2592"
                    WIDTH="2015"
                    HEIGHT="102">
            <Shape><Polygon POINTS="614 2675 614 2694 2624 2655 2627 2628 2619 2592 1248 2606 1116 2622 1009 2611 1006 2611 1003 2611 1000 2611 984 2625 868 2614 865 2614 862 2614 860 2614 838 2628 656 2620 653 2620 650 2620 612 2633 614 2675"/></Shape>
	    <String CONTENT="tû au crand nombre d&#x27;invaiers dont le chomage de l’idus trie"
                    HPOS="612"
                    VPOS="2592"
                    WIDTH="2015"
                    HEIGHT="102"
                    WC="0.9870560725529989"></String>
          </TextLine>
          <TextLine ID="eSc_line_5175cc9f"
                    TAGREFS="LT31"
                    BASELINE="595 2755 1022 2735 2183 2721 2605 2697" 
                    HPOS="592"
                    VPOS="2655"
                    WIDTH="2013"
                    HEIGHT="124">
            <Shape><Polygon POINTS="592 2735 595 2755 595 2779 1000 2760 1105 2768 1157 2774 1160 2774 1215 2766 1292 2755 1306 2763 1309 2768 1312 2768 1315 2768 1317 2768 1364 2763 1441 2752 1469 2760 1499 2768 1502 2768 1505 2768 1587 2757 1623 2752 1753 2752 2183 2755 2186 2755 2324 2735 2357 2732 2376 2735 2464 2749 2467 2749 2470 2749 2503 2732 2508 2730 2605 2730 2605 2697 2599 2664 2517 2655 2514 2655 2448 2666 2398 2675 2384 2669 2365 2658 2362 2658 2359 2658 2268 2661 2158 2675 2081 2683 2031 2677 1949 2666 1946 2666 1943 2666 1916 2680 1902 2688 1615 2691 1604 2688 1568 2675 1565 2675 1563 2675 1560 2675 1557 2675 1538 2691 1532 2694 1508 2691 1408 2677 1406 2677 1235 2697 1207 2683 1204 2683 1202 2683 1199 2683 1196 2683 1174 2699 1138 2683 1135 2683 1133 2683 1130 2683 1080 2702 1077 2702 1042 2686 1039 2686 1036 2686 1033 2686 1003 2699 909 2688 907 2688 904 2688 860 2708 854 2708 736 2697 733 2697 730 2697 727 2697 708 2710 653 2694 650 2694 647 2694 645 2694 603 2708 592 2735"/></Shape>
	    <String CONTENT="&lt;.. permit de disposer). &lt;....... ... ....."
                    HPOS="592"
                    VPOS="2655"
                    WIDTH="2013"
                    HEIGHT="124"
                    WC="0.893316503181014"></String>
          </TextLine>
          <TextLine ID="eSc_line_45eb4ca6"
                    TAGREFS="LT31"
                    BASELINE="617 2812 2663 2799" 
                    HPOS="614"
                    VPOS="2757"
                    WIDTH="2049"
                    HEIGHT="97">
            <Shape><Polygon POINTS="617 2812 617 2854 722 2837 907 2851 909 2851 1014 2837 1447 2845 1450 2845 1452 2845 1508 2832 1736 2845 1739 2845 1847 2829 2657 2840 2663 2799 2657 2766 1433 2757 1430 2757 1428 2757 1397 2771 658 2763 656 2763 653 2763 614 2777 617 2812"/></Shape>
	    <String CONTENT="&lt;... ..........&gt;"
                    HPOS="614"
                    VPOS="2757"
                    WIDTH="2049"
                    HEIGHT="97"
                    WC="0.8933336734771729"></String>
          </TextLine>
          <TextLine ID="eSc_line_2f93c10b"
                    TAGREFS="LT31"
                    BASELINE="614 2906 780 2892 2643 2878" 
                    HPOS="612"
                    VPOS="2826"
                    WIDTH="2031"
                    HEIGHT="102">
            <Shape><Polygon POINTS="614 2906 614 2925 780 2914 846 2923 884 2928 887 2928 920 2923 981 2912 1315 2917 1645 2923 1648 2923 1651 2923 1692 2912 1717 2906 1973 2909 2558 2914 2561 2914 2641 2898 2643 2878 2632 2826 2572 2843 2332 2832 2329 2832 2326 2832 2324 2832 2288 2845 2103 2834 1993 2829 1990 2829 1946 2837 1894 2848 1822 2840 1756 2832 1753 2832 1750 2832 1747 2832 1736 2840 1728 2851 1645 2851 1452 2845 1127 2837 1124 2837 1122 2837 1119 2837 1100 2854 926 2856 901 2856 675 2840 672 2840 669 2840 612 2859 614 2906"/></Shape>
	    <String CONTENT="&lt;... .... ...... .... ....&gt;"
                    HPOS="612"
                    VPOS="2826"
                    WIDTH="2031"
                    HEIGHT="102"
                    WC="0.8774723807970682"></String>
          </TextLine>
          <TextLine ID="eSc_line_9f708d3a"
                    TAGREFS="LT31"
                    BASELINE="609 2978 1419 2958 2696 2950" 
                    HPOS="606"
                    VPOS="2912"
                    WIDTH="2090"
                    HEIGHT="96">
            <Shape><Polygon POINTS="609 2978 614 3008 636 2994 813 3005 827 3005 829 3005 849 3005 1094 2989 1530 2997 1565 2997 1568 2997 1585 2997 1814 2980 2481 2986 2522 2986 2525 2986 2528 2986 2588 2972 2690 2983 2696 2950 2690 2914 1579 2912 1576 2912 1077 2931 1075 2931 882 2920 879 2920 606 2936 609 2978"/></Shape>
	    <String CONTENT="&lt;... .. .... .... ..... .......&gt;"
                    HPOS="606"
                    VPOS="2912"
                    WIDTH="2090"
                    HEIGHT="96"
                    WC="0.8846772536635399"></String>
          </TextLine>
          <TextLine ID="eSc_line_0140394d"
                    TAGREFS="LT31"
                    BASELINE="612 3049 2693 3019" 
                    HPOS="609"
                    VPOS="2975"
                    WIDTH="2084"
                    HEIGHT="105">
            <Shape><Polygon POINTS="612 3049 612 3071 1171 3080 1174 3080 1723 3058 1791 3055 1827 3055 2120 3066 2122 3066 2690 3041 2693 3019 2687 2975 2122 2975 2120 2975 1987 2986 1929 2991 1880 2989 1745 2980 1742 2980 1634 2994 1623 2994 1618 2994 1565 2983 1563 2983 1560 2983 1557 2983 1541 2997 1538 2997 1521 2997 1422 2986 1419 2986 1177 3002 1166 3002 1157 3002 989 2991 986 2991 984 2991 953 3008 752 3008 634 2997 631 2997 628 2997 625 2997 609 3005 612 3049"/></Shape>
	    <String CONTENT="&lt;.. .. .. . .  ... ........&gt;"
                    HPOS="609"
                    VPOS="2975"
                    WIDTH="2084"
                    HEIGHT="105"
                    WC="0.8040498601538795"></String>
          </TextLine>
          <TextLine ID="eSc_line_0a80c265"
                    TAGREFS="LT31"
                    BASELINE="614 3124 1654 3107 2696 3113" 
                    HPOS="612"
                    VPOS="3052"
                    WIDTH="2084"
                    HEIGHT="96">
            <Shape><Polygon POINTS="614 3124 614 3148 2693 3135 2696 3113 2693 3071 2257 3071 2177 3052 2175 3052 2172 3052 2169 3052 2169 3055 2147 3071 1695 3055 1692 3055 1689 3055 1648 3074 1607 3060 1604 3060 1601 3060 1430 3074 1248 3058 1246 3058 1243 3058 1193 3074 1152 3058 1149 3058 1146 3058 1144 3058 1100 3077 741 3060 738 3060 612 3080 614 3124"/></Shape>
	    <String CONTENT="&lt;... ........ ........&gt; Ragier dirait que"
                    HPOS="612"
                    VPOS="3052"
                    WIDTH="2084"
                    HEIGHT="96"
                    WC="0.8687920236006016"></String>
          </TextLine>
          <TextLine ID="eSc_line_2fedba6c"
                    TAGREFS="LT31"
                    BASELINE="606 3204 2685 3190" 
                    HPOS="603"
                    VPOS="3135"
                    WIDTH="2082"
                    HEIGHT="115">
            <Shape><Polygon POINTS="606 3204 606 3250 771 3228 931 3228 998 3248 1000 3248 1003 3248 1006 3248 1042 3231 1138 3245 1141 3245 1221 3228 1284 3245 1287 3245 1290 3245 1292 3245 1295 3245 1320 3226 1408 3245 1411 3245 1414 3245 1417 3245 1466 3223 1767 3223 1808 3242 1811 3242 1814 3242 1816 3242 1819 3242 1885 3226 2172 3239 2200 3239 2202 3239 2205 3239 2208 3239 2290 3217 2679 3234 2685 3190 2676 3148 2442 3154 2406 3146 2354 3135 2351 3135 2348 3135 2318 3146 2299 3154 2288 3146 2274 3135 2271 3135 2268 3135 2266 3135 2263 3135 2241 3146 2222 3157 2086 3157 1954 3146 1847 3137 1844 3137 1841 3137 1811 3146 1764 3159 1736 3146 1725 3140 1723 3140 1720 3140 1692 3146 1640 3157 1574 3146 1538 3140 1535 3140 1532 3140 1521 3146 1491 3162 1372 3162 1342 3146 1339 3143 1337 3143 1334 3143 1331 3143 1328 3143 1323 3146 1287 3162 1237 3148 1235 3148 1232 3148 1229 3148 1190 3162 1086 3146 1066 3143 1064 3143 1031 3146 816 3165 780 3146 777 3146 603 3146 606 3204"/></Shape>
	    <String CONTENT="le chemien de fos qui a donné des ailes à la Belgique&quot; la dotera aussi"
                    HPOS="603"
                    VPOS="3135"
                    WIDTH="2082"
                    HEIGHT="115"
                    WC="0.985329851298265"></String>
          </TextLine>
        </TextBlock>
        <TextBlock HPOS="92"
                   VPOS="2357"
                   WIDTH="509"
                   HEIGHT="666"
                   ID="789c9959-e257-42c1-a479-d026ee89e6d6"
                   TAGREFS="BT43">
          <Shape><Polygon POINTS="601 2357 601 3023 92 3023 92 2357"/></Shape>
        </TextBlock>
        <TextBlock HPOS="217"
                   VPOS="33"
                   WIDTH="269"
                   HEIGHT="169"
                   ID="eSc_textblock_6fd9c631"
                   TAGREFS="BT44">
          <Shape><Polygon POINTS="217 33 217 202 486 202 486 33"/></Shape>
        </TextBlock>
        <TextBlock HPOS="83"
                   VPOS="469"
                   WIDTH="491"
                   HEIGHT="624"
                   ID="eSc_textblock_80735b53"
                   TAGREFS="BT43">
          <Shape><Polygon POINTS="83 469 83 1093 574 1093 574 477"/></Shape>
        </TextBlock>
        <TextBlock ID="eSc_dummyblock_">
          <TextLine ID="eSc_line_9cf5e69c"
                    TAGREFS="LT31"
                    BASELINE="274 101 410 155" 
                    HPOS="274"
                    VPOS="101"
                    WIDTH="136"
                    HEIGHT="54">
	    <String CONTENT=""
                    HPOS="274"
                    VPOS="101"
                    WIDTH="136"
                    HEIGHT="54"></String>
          </TextLine>
          <TextLine ID="eSc_line_e5a769da"
                    TAGREFS="LT31"
                    BASELINE="115 562 493 556" 
                    HPOS="113"
                    VPOS="509"
                    WIDTH="380"
                    HEIGHT="91">
            <Shape><Polygon POINTS="115 562 115 600 303 600 303 597 306 597 328 586 336 584 363 586 463 595 465 595 468 595 471 595 493 581 493 556 485 509 113 520 115 562"/></Shape>
	    <String CONTENT="re prifire aussi"
                    HPOS="113"
                    VPOS="509"
                    WIDTH="380"
                    HEIGHT="91"
                    WC="0.9688763320446014"></String>
          </TextLine>
          <TextLine ID="eSc_line_4ca23594"
                    TAGREFS="LT31"
                    BASELINE="121 625 504 625" 
                    HPOS="121"
                    VPOS="575"
                    WIDTH="383"
                    HEIGHT="80">
            <Shape><Polygon POINTS="148 608 132 581 121 581 121 625 121 655 504 652 504 625 504 589 465 575 463 575 460 575 457 575 454 575 432 589 383 575 380 575 377 575 162 581 148 608"/></Shape>
	    <String CONTENT="Etat crointe du"
                    HPOS="121"
                    VPOS="575"
                    WIDTH="383"
                    HEIGHT="80"
                    WC="0.9935625036557515"></String>
          </TextLine>
          <TextLine ID="eSc_line_535e28e7"
                    TAGREFS="LT31"
                    BASELINE="118 691 510 683" 
                    HPOS="115"
                    VPOS="636"
                    WIDTH="395"
                    HEIGHT="88">
            <Shape><Polygon POINTS="143 672 115 683 118 691 118 724 510 710 510 683 501 650 319 652 306 650 256 636 253 636 250 636 157 647 143 672"/></Shape>
	    <String CONTENT="épétalisme orou¬"
                    HPOS="115"
                    VPOS="636"
                    WIDTH="395"
                    HEIGHT="88"
                    WC="0.9877168647944927"></String>
          </TextLine>
          <TextLine ID="eSc_line_704c4350"
                    TAGREFS="LT31"
                    BASELINE="118 752 507 746" 
                    HPOS="115"
                    VPOS="699"
                    WIDTH="392"
                    HEIGHT="80">
            <Shape><Polygon POINTS="143 732 126 710 115 710 118 752 118 779 504 776 507 746 499 699 157 710 143 732"/></Shape>
	    <String CONTENT="st et pes l&#x27;Etat"
                    HPOS="115"
                    VPOS="699"
                    WIDTH="392"
                    HEIGHT="80"
                    WC="0.983921367675066"></String>
          </TextLine>
          <TextLine ID="eSc_line_3be93506"
                    TAGREFS="LT31"
                    BASELINE="121 807 518 807" 
                    HPOS="121"
                    VPOS="765"
                    WIDTH="397"
                    HEIGHT="72">
            <Shape><Polygon POINTS="121 807 121 837 518 834 518 807 515 765 121 771 121 807"/></Shape>
	    <String CONTENT="auvait ini eux aù¬"
                    HPOS="121"
                    VPOS="765"
                    WIDTH="397"
                    HEIGHT="72"
                    WC="0.9994687537352244"></String>
          </TextLine>
          <TextLine ID="eSc_line_ac669d22"
                    TAGREFS="LT31"
                    BASELINE="115 867 510 862" 
                    HPOS="113"
                    VPOS="818"
                    WIDTH="397"
                    HEIGHT="88">
            <Shape><Polygon POINTS="115 867 115 892 308 906 311 906 402 892 482 903 485 903 487 903 490 903 510 889 510 862 501 818 113 834 115 867"/></Shape>
	    <String CONTENT="es les larifs au p d."
                    HPOS="113"
                    VPOS="818"
                    WIDTH="397"
                    HEIGHT="88"
                    WC="0.9890564708482652"></String>
          </TextLine>
          <TextLine ID="eSc_line_a6315a99"
                    TAGREFS="LT31"
                    BASELINE="118 933 501 931" 
                    HPOS="115"
                    VPOS="878"
                    WIDTH="386"
                    HEIGHT="97">
            <Shape><Polygon POINTS="118 933 118 961 413 975 416 975 499 958 501 931 493 881 281 892 253 889 184 878 181 878 115 892 118 933"/></Shape>
	    <String CONTENT="politque av l&#x27;à¬"
                    HPOS="115"
                    VPOS="878"
                    WIDTH="386"
                    HEIGHT="97"
                    WC="0.9879534915089607"></String>
          </TextLine>
          <TextLine ID="eSc_line_a8785b41"
                    TAGREFS="LT31"
                    BASELINE="115 991 253 986" 
                    HPOS="113"
                    VPOS="944"
                    WIDTH="140"
                    HEIGHT="86">
            <Shape><Polygon POINTS="115 991 115 1030 253 1011 253 986 248 953 113 944 115 991"/></Shape>
	    <String CONTENT="anges"
                    HPOS="113"
                    VPOS="944"
                    WIDTH="140"
                    HEIGHT="86"
                    WC="0.995406424999237"></String>
          </TextLine>
          <TextLine ID="eSc_line_b37dfe71"
                    TAGREFS="LT31"
                    BASELINE="135 1046 192 1041" 
                    HPOS="129"
                    VPOS="989"
                    WIDTH="66"
                    HEIGHT="93">
            <Shape><Polygon POINTS="179 989 129 1008 135 1046 137 1082 195 1082 192 1041 181 989 179 989"/></Shape>
	    <String CONTENT=""
                    HPOS="129"
                    VPOS="989"
                    WIDTH="66"
                    HEIGHT="93"></String>
          </TextLine>
          <TextLine ID="eSc_line_2c60c80c"
                    TAGREFS="LT31"
                    BASELINE="124 2636 366 2636" 
                    HPOS="124"
                    VPOS="2592"
                    WIDTH="242"
                    HEIGHT="74">
            <Shape><Polygon POINTS="206 2633 179 2633 151 2631 148 2592 148 2592 146 2592 143 2592 140 2592 137 2592 124 2600 124 2636 124 2661 363 2666 366 2636 366 2608 220 2592 206 2633"/></Shape>
	    <String CONTENT="les travan"
                    HPOS="124"
                    VPOS="2592"
                    WIDTH="242"
                    HEIGHT="74"
                    WC="0.9909509241580963"></String>
          </TextLine>
          <TextLine ID="eSc_line_5c1642fb"
                    TAGREFS="LT31"
                    BASELINE="115 2697 449 2691" 
                    HPOS="113"
                    VPOS="2655"
                    WIDTH="336"
                    HEIGHT="77">
            <Shape><Polygon POINTS="195 2686 168 2686 151 2658 113 2658 115 2697 115 2732 446 2727 449 2691 441 2655 209 2658 195 2686"/></Shape>
	    <String CONTENT="marchèrent a"
                    HPOS="113"
                    VPOS="2655"
                    WIDTH="336"
                    HEIGHT="77"
                    WC="0.9997349580128988"></String>
          </TextLine>
          <TextLine ID="eSc_line_b29eb6ee"
                    TAGREFS="LT31"
                    BASELINE="113 2752 479 2757" 
                    HPOS="110"
                    VPOS="2702"
                    WIDTH="369"
                    HEIGHT="83">
            <Shape><Polygon POINTS="195 2749 179 2719 135 2719 118 2702 113 2752 110 2785 476 2785 479 2757 476 2708 306 2719 209 2719 195 2749"/></Shape>
	    <String CONTENT="met rapiotées"
                    HPOS="110"
                    VPOS="2702"
                    WIDTH="369"
                    HEIGHT="83"
                    WC="0.9744924261019781"></String>
          </TextLine>
          <TextLine ID="eSc_line_18b36534"
                    TAGREFS="LT31"
                    BASELINE="118 2807 578 2807" 
                    HPOS="118"
                    VPOS="2760"
                    WIDTH="460"
                    HEIGHT="72">
            <Shape><Polygon POINTS="576 2768 275 2763 256 2799 228 2777 209 2760 118 2760 118 2807 118 2832 578 2832 578 2807 578 2799 576 2768"/></Shape>
	    <String CONTENT="trme. Eles sussant"
                    HPOS="118"
                    VPOS="2760"
                    WIDTH="460"
                    HEIGHT="72"
                    WC="0.9993326961994171"></String>
          </TextLine>
          <TextLine ID="eSc_line_0d908587"
                    TAGREFS="LT31"
                    BASELINE="124 2859 584 2865" 
                    HPOS="121"
                    VPOS="2818"
                    WIDTH="463"
                    HEIGHT="71">
            <Shape><Polygon POINTS="124 2859 121 2889 581 2887 584 2865 581 2818 124 2821 124 2859"/></Shape>
	    <String CONTENT="digueil national"
                    HPOS="121"
                    VPOS="2818"
                    WIDTH="463"
                    HEIGHT="71"
                    WC="0.9989715404808521"></String>
          </TextLine>
          <TextLine ID="eSc_line_af90a674"
                    TAGREFS="LT31"
                    BASELINE="110 2923 589 2917" 
                    HPOS="107"
                    VPOS="2884"
                    WIDTH="482"
                    HEIGHT="91">
            <Shape><Polygon POINTS="355 2912 328 2901 317 2884 124 2884 107 2914 110 2923 110 2956 204 2950 212 2953 234 2972 237 2972 239 2972 242 2975 347 2975 347 2972 589 2942 589 2917 584 2887 380 2884 355 2912"/></Shape>
	    <String CONTENT="econa l&#x27;opinion."
                    HPOS="107"
                    VPOS="2884"
                    WIDTH="482"
                    HEIGHT="91"
                    WC="0.9734431505203247"></String>
          </TextLine>
        </TextBlock>
      </PrintSpace>
    </Page>
  </Layout>
</alto>
