<?xml version="1.0" encoding="UTF-8"?>
<alto xmlns:xsi="http://www.w3.org/2001/XMLSchema-instance"
      xmlns="http://www.loc.gov/standards/alto/ns-v4#"
      xsi:schemaLocation="http://www.loc.gov/standards/alto/ns-v4# http://www.loc.gov/standards/alto/v4/alto-4-2.xsd">
  <Description>
    <MeasurementUnit>pixel</MeasurementUnit>
    <sourceImageInformation>
      <fileName>ARCH-DIV-000496_0324.png</fileName>
    </sourceImageInformation>
  </Description>
  <Tags>
    <OtherTag ID="BT42" LABEL="MainZone" DESCRIPTION="block type MainZone"/><OtherTag ID="BT43" LABEL="MarginTextZone" DESCRIPTION="block type MarginTextZone"/><OtherTag ID="BT44" LABEL="NumberingZone" DESCRIPTION="block type NumberingZone"/><OtherTag ID="BT45" LABEL="TitlePageZone" DESCRIPTION="block type TitlePageZone"/><OtherTag ID="BT46" LABEL="CustomZone:Numbering" DESCRIPTION="block type CustomZone:Numbering"/><OtherTag ID="BT49" LABEL="MarginTextZone:lower" DESCRIPTION="block type MarginTextZone:lower"/>
    <OtherTag ID="LT25" LABEL="default" DESCRIPTION="line type default"/><OtherTag ID="LT31" LABEL="DefaultLine" DESCRIPTION="line type DefaultLine"/><OtherTag ID="LT32" LABEL="HeadingLine" DESCRIPTION="line type HeadingLine"/><OtherTag ID="LT33" LABEL="InterlinearLine:addition" DESCRIPTION="line type InterlinearLine:addition"/><OtherTag ID="LT34" LABEL="InterlinearLine:correction" DESCRIPTION="line type InterlinearLine:correction"/>
  </Tags>
  <Layout>
    <Page WIDTH="2790"
          HEIGHT="3369"
          PHYSICAL_IMG_NR="323"
          ID="eSc_dummypage_">
      <PrintSpace HPOS="0"
                  VPOS="0"
                  WIDTH="2790"
                  HEIGHT="3369">
        <TextBlock HPOS="516"
                   VPOS="14"
                   WIDTH="2247"
                   HEIGHT="3354"
                   ID="82f325d5-dc66-4611-a260-ed28f5b59799"
                   TAGREFS="BT42">
          <Shape><Polygon POINTS="2763 14 2763 3368 516 3368 516 14"/></Shape>
          <TextLine ID="eSc_line_d803cbe2"
                    TAGREFS="LT31"
                    BASELINE="637 115 1508 92 2683 95" 
                    HPOS="634"
                    VPOS="44"
                    WIDTH="2049"
                    HEIGHT="101">
            <Shape><Polygon POINTS="2657 53 2629 53 2601 53 2573 53 2545 53 2517 53 2489 53 2461 53 2433 53 2405 53 2376 53 2348 53 2320 53 2292 53 2264 53 2236 50 2208 50 2180 50 2152 50 2146 50 2093 53 2081 53 2079 53 2059 50 2039 50 2011 50 1983 50 1955 50 1927 50 1899 50 1871 50 1843 50 1815 50 1803 47 1691 56 1677 47 1674 47 1646 47 1618 47 1590 47 1562 47 1534 47 1505 47 1477 47 1458 47 1418 56 1396 47 1393 47 1365 47 1337 47 1309 44 1295 44 1107 58 1022 44 1000 44 972 44 944 44 915 44 887 44 859 44 831 47 803 47 792 47 781 58 761 50 747 53 719 56 691 58 663 61 654 61 634 64 637 115 637 145 1005 123 1160 140 1174 140 1177 140 1180 140 1182 140 1219 120 1376 120 1612 120 1635 134 1640 137 1643 137 1646 137 1649 137 1674 131 1741 117 1795 131 1809 134 1812 134 1815 137 2014 137 2014 134 2017 134 2037 129 2065 117 2093 126 2107 131 2110 131 2112 131 2115 131 2118 131 2124 126 2138 117 2197 126 2244 131 2247 131 2680 117 2683 95 2680 53 2657 53"/></Shape>
	    <String CONTENT=""
                    HPOS="634"
                    VPOS="44"
                    WIDTH="2049"
                    HEIGHT="101"></String>
          </TextLine>
          <TextLine ID="eSc_line_e32ec3e3"
                    TAGREFS="LT31"
                    BASELINE="632 190 1466 165 2705 168" 
                    HPOS="629"
                    VPOS="120"
                    WIDTH="2076"
                    HEIGHT="90">
            <Shape><Polygon POINTS="632 190 632 210 955 207 958 207 960 207 989 193 1180 204 1222 204 1225 204 2702 179 2705 168 2702 123 1354 120 1351 120 1348 120 1306 137 1303 137 1295 137 1185 123 1182 123 1180 123 1126 137 1022 123 1019 123 1017 123 977 140 966 140 761 129 758 129 629 143 632 190"/></Shape>
	    <String CONTENT=""
                    HPOS="629"
                    VPOS="120"
                    WIDTH="2076"
                    HEIGHT="90"></String>
          </TextLine>
          <TextLine ID="eSc_line_7aeddcd5"
                    TAGREFS="LT31"
                    BASELINE="643 261 1851 221 2450 224 2714 244" 
                    HPOS="640"
                    VPOS="168"
                    WIDTH="2074"
                    HEIGHT="126">
            <Shape><Polygon POINTS="2185 168 2160 168 2146 182 2101 168 2098 168 2096 168 1944 188 1904 171 1902 171 1899 171 1896 171 1862 188 1823 171 1820 171 1817 171 1815 171 1812 171 1789 188 1671 176 1668 176 1666 176 1663 176 1635 193 1629 199 1520 199 1508 196 1466 179 1463 179 1461 179 1458 179 1455 179 1430 196 1421 202 1396 196 1312 182 1309 182 1241 196 1163 185 1160 185 1157 185 1154 185 1132 202 1126 204 1121 202 1090 188 1087 188 1084 188 921 190 918 190 915 190 915 193 901 204 890 216 859 204 837 199 834 199 831 199 828 199 803 207 764 218 640 210 643 261 643 294 826 272 941 289 944 289 946 289 949 289 1031 269 1078 280 1081 280 1084 280 1087 280 1121 263 1151 283 1154 283 1157 283 1160 283 1163 283 1250 261 1362 280 1365 280 1368 280 1371 280 1461 255 1536 269 1539 269 1764 249 1806 266 1809 266 1812 266 1947 244 2222 244 2273 261 2275 261 2278 263 2298 263 2337 263 2337 261 2340 261 2343 261 2343 258 2365 241 2430 258 2433 258 2435 258 2714 252 2714 244 2708 179 2292 185 2281 185 2185 168 2185 168"/></Shape>
	    <String CONTENT=""
                    HPOS="640"
                    VPOS="168"
                    WIDTH="2074"
                    HEIGHT="126"></String>
          </TextLine>
          <TextLine ID="eSc_line_9dd7a0be"
                    TAGREFS="LT31"
                    BASELINE="634 331 1618 291 2723 282" 
                    HPOS="632"
                    VPOS="230"
                    WIDTH="2073"
                    HEIGHT="126">
            <Shape><Polygon POINTS="2655 241 2635 238 2382 244 2376 244 2295 230 2292 230 2289 230 2287 230 2270 247 2267 249 2211 249 2205 249 2174 233 2171 233 2169 233 2059 252 2048 252 2039 252 1935 238 1933 238 632 283 634 331 634 356 989 334 1081 345 1084 345 1267 328 1337 339 1340 339 1343 339 1345 339 1348 339 1348 336 1362 325 1550 334 1553 334 1556 334 1587 317 2705 306 2705 280 2697 244 2683 244"/></Shape>
	    <String CONTENT=""
                    HPOS="632"
                    VPOS="230"
                    WIDTH="2073"
                    HEIGHT="126"></String>
          </TextLine>
          <TextLine ID="eSc_line_118d71e6"
                    TAGREFS="LT31"
                    BASELINE="618 395 2067 350 2736 359" 
                    HPOS="615"
                    VPOS="294"
                    WIDTH="2121"
                    HEIGHT="127">
            <Shape><Polygon POINTS="618 395 618 421 946 415 949 415 980 401 1076 412 1101 415 1104 415 1107 415 1109 415 1112 412 1137 395 1343 393 1511 404 1556 407 1559 407 1562 407 1564 407 1564 404 1567 404 1587 387 1874 398 1935 398 1938 398 1958 395 2065 376 2250 390 2270 390 2273 390 2736 379 2736 359 2730 308 2382 314 2379 314 2343 294 2340 294 2337 294 2334 294 2292 314 2177 297 2174 297 2025 320 1815 306 1812 306 1615 328 1612 328 1609 328 1312 322 1309 322 1306 322 1281 336 1272 339 1264 336 1216 320 1213 320 1210 320 1098 339 1062 348 899 348 887 345 859 328 856 328 854 328 851 328 795 345 778 350 772 345 761 336 758 336 755 336 752 336 750 336 722 348 705 353 615 350 618 395"/></Shape>
	    <String CONTENT=""
                    HPOS="615"
                    VPOS="294"
                    WIDTH="2121"
                    HEIGHT="127"></String>
          </TextLine>
          <TextLine ID="eSc_line_f6970cf8"
                    TAGREFS="LT31"
                    BASELINE="615 471 1792 426 2716 412" 
                    HPOS="612"
                    VPOS="359"
                    WIDTH="2104"
                    HEIGHT="132">
            <Shape><Polygon POINTS="2579 359 2553 359 2517 373 2511 376 2216 381 2205 381 2135 367 2132 367 2037 387 2022 387 2003 387 1848 376 1845 376 1758 393 1744 395 1736 395 1666 381 1663 381 1660 381 1657 381 1640 398 1638 401 1553 401 1542 401 1466 387 1463 387 1461 387 1421 404 1418 407 1180 412 1151 412 989 401 986 401 983 401 946 418 944 418 932 418 797 407 795 407 612 426 615 471 615 491 2716 437 2716 412 2711 367 2601 359 2579 359"/></Shape>
	    <String CONTENT=""
                    HPOS="612"
                    VPOS="359"
                    WIDTH="2104"
                    HEIGHT="132"></String>
          </TextLine>
          <TextLine ID="eSc_line_f6cbdc18"
                    TAGREFS="LT31"
                    BASELINE="609 539 1896 494 2725 494" 
                    HPOS="606"
                    VPOS="435"
                    WIDTH="2119"
                    HEIGHT="134">
            <Shape><Polygon POINTS="609 539 609 553 679 569 682 569 1312 541 1747 522 2722 519 2725 494 2719 435 2419 452 2357 443 2306 437 2303 437 2301 437 2275 446 2256 454 2242 446 2228 437 2225 437 2222 437 2219 437 2160 449 2149 452 2140 452 2112 440 2110 440 2107 440 2022 454 1963 463 1941 457 1907 446 1904 446 1902 446 1739 449 1736 449 1733 449 1711 463 1705 466 1682 463 1612 454 1609 454 1607 454 1584 466 1573 471 1528 468 1396 457 1393 457 1300 474 1272 480 1261 477 1236 466 1233 466 1230 466 1092 480 1070 482 1067 482 1050 468 1048 468 1045 468 1042 468 960 485 938 488 907 485 764 474 761 474 606 494 609 539"/></Shape>
	    <String CONTENT=""
                    HPOS="606"
                    VPOS="435"
                    WIDTH="2119"
                    HEIGHT="134"></String>
          </TextLine>
          <TextLine ID="eSc_line_594ca270"
                    TAGREFS="LT31"
                    BASELINE="615 609 1843 569 2700 558" 
                    HPOS="612"
                    VPOS="505"
                    WIDTH="2088"
                    HEIGHT="137">
            <Shape><Polygon POINTS="615 609 615 642 955 617 1118 626 1121 626 1385 606 1435 617 1472 628 1475 628 1477 628 1480 628 1483 628 1497 617 1508 606 1649 600 1708 609 1764 620 1767 620 1770 620 1772 620 1786 609 1789 606 1800 606 1854 617 1857 617 1860 617 1890 603 1921 592 1978 603 2022 609 2025 609 2098 597 2140 592 2157 597 2194 609 2197 609 2199 609 2202 609 2236 595 2256 586 2281 592 2340 606 2343 606 2680 597 2683 597 2686 597 2700 583 2700 558 2691 505 2528 519 2511 510 2506 505 2503 505 2500 505 2497 505 2494 505 2478 510 2444 522 2407 513 2388 508 2385 508 2382 508 2326 516 2239 527 2202 519 2183 513 2180 513 2177 513 2107 522 2039 530 1997 525 1949 519 1947 519 1944 519 1941 519 1933 527 1921 536 1694 541 1663 536 1621 527 1618 527 1615 527 1590 539 1573 544 1553 539 1520 530 1517 530 1514 530 1511 530 1477 541 1458 547 1438 541 1399 533 1396 533 1393 533 1390 533 1387 533 1373 544 1362 550 1275 547 1092 541 1090 541 1087 541 1053 555 1042 558 997 555 856 547 854 547 851 547 817 561 809 564 797 561 752 553 750 553 612 567 615 609"/></Shape>
	    <String CONTENT=""
                    HPOS="612"
                    VPOS="505"
                    WIDTH="2088"
                    HEIGHT="137"></String>
          </TextLine>
          <TextLine ID="eSc_line_7a4a7bd9"
                    TAGREFS="LT34"
                    BASELINE="2378 597 2635 592" 
                    HPOS="2378"
                    VPOS="592"
                    WIDTH="257"
                    HEIGHT="5">
	    <String CONTENT=""
                    HPOS="2378"
                    VPOS="592"
                    WIDTH="257"
                    HEIGHT="5"></String>
          </TextLine>
          <TextLine ID="eSc_line_c39759f9"
                    TAGREFS="LT31"
                    BASELINE="601 685 1781 640 2733 626" 
                    HPOS="598"
                    VPOS="564"
                    WIDTH="2135"
                    HEIGHT="143">
            <Shape><Polygon POINTS="601 685 601 707 986 707 1059 699 1182 685 1255 693 1275 696 1278 696 1281 696 1284 696 1284 693 1286 693 1298 682 1326 693 1337 696 1340 696 1343 696 1345 696 1357 690 1385 676 1668 670 1722 682 1739 685 1741 685 1744 685 1747 685 1750 682 1770 668 1843 679 1854 679 1857 679 1871 679 1963 662 2031 673 2053 676 2056 676 2146 670 2419 651 2728 654 2733 626 2725 564 2624 586 2385 589 2365 575 2362 572 2360 572 2357 572 2354 572 2351 572 2348 572 2348 575 2346 578 2326 595 2273 595 2256 581 2250 575 2247 575 2244 575 2242 575 2239 575 2228 581 2202 595 2062 586 1983 583 1980 583 1930 592 1851 606 1812 597 1784 589 1781 589 1778 589 1775 589 1772 589 1761 597 1753 606 1722 600 1682 592 1680 592 1677 592 1674 592 1660 603 1643 614 1553 614 1539 606 1528 597 1525 597 1522 597 1520 597 1517 597 1489 609 1477 612 1452 609 1368 600 1365 600 598 640 601 685"/></Shape>
	    <String CONTENT=""
                    HPOS="598"
                    VPOS="564"
                    WIDTH="2135"
                    HEIGHT="143"></String>
          </TextLine>
          <TextLine ID="eSc_line_880665c8"
                    TAGREFS="LT31"
                    BASELINE="609 755 1829 704 2739 690" 
                    HPOS="606"
                    VPOS="648"
                    WIDTH="2133"
                    HEIGHT="132">
            <Shape><Polygon POINTS="609 755 609 780 1483 763 1486 763 1489 763 1497 758 1514 743 1753 738 1800 749 1820 752 1823 752 1851 746 1921 732 2022 743 2048 743 2051 743 2157 738 2562 715 2733 721 2739 690 2730 648 1317 676 1314 676 1312 676 1312 679 1295 693 1295 696 1286 696 752 696 750 696 606 715 609 755"/></Shape>
	    <String CONTENT=""
                    HPOS="606"
                    VPOS="648"
                    WIDTH="2133"
                    HEIGHT="132"></String>
          </TextLine>
          <TextLine ID="eSc_line_6aea6c25"
                    TAGREFS="LT31"
                    BASELINE="598 825 2385 760 2725 760" 
                    HPOS="595"
                    VPOS="704"
                    WIDTH="2130"
                    HEIGHT="143">
            <Shape><Polygon POINTS="598 825 598 847 2722 786 2725 760 2719 704 595 783 598 825"/></Shape>
	    <String CONTENT=""
                    HPOS="595"
                    VPOS="704"
                    WIDTH="2130"
                    HEIGHT="143"></String>
          </TextLine>
          <TextLine ID="eSc_line_be982c67"
                    TAGREFS="LT31"
                    BASELINE="601 898 1938 847 2722 836" 
                    HPOS="598"
                    VPOS="786"
                    WIDTH="2124"
                    HEIGHT="143">
            <Shape><Polygon POINTS="601 898 601 915 646 929 649 929 651 929 887 909 955 904 977 906 1039 918 1042 918 1177 901 1236 895 1284 898 1379 906 1382 906 1385 906 1387 906 1402 895 1413 889 1472 895 1559 901 1562 901 1621 889 1671 881 1708 887 1744 895 1747 895 1829 884 1930 873 2034 881 2098 884 2101 884 2143 878 2205 864 2719 861 2722 836 2714 791 2301 800 2211 786 2208 786 2205 786 2202 786 2202 788 2183 805 2180 805 2138 805 1837 797 1834 797 1702 814 1663 802 1660 802 1657 802 1654 802 1612 819 1604 822 1581 819 1483 808 1480 808 1393 825 1359 833 1059 839 1022 836 952 825 949 825 946 825 913 839 893 845 854 839 789 831 786 831 730 842 685 853 668 845 657 836 654 836 651 836 649 836 598 845 601 898"/></Shape>
	    <String CONTENT=""
                    HPOS="598"
                    VPOS="786"
                    WIDTH="2124"
                    HEIGHT="143"></String>
          </TextLine>
          <TextLine ID="eSc_line_950be743"
                    TAGREFS="LT31"
                    BASELINE="598 965 2053 912 2680 904" 
                    HPOS="595"
                    VPOS="847"
                    WIDTH="2085"
                    HEIGHT="149">
            <Shape><Polygon POINTS="598 965 598 996 2680 926 2680 904 2671 847 595 915 598 965"/></Shape>
	    <String CONTENT=""
                    HPOS="595"
                    VPOS="847"
                    WIDTH="2085"
                    HEIGHT="149"></String>
          </TextLine>
          <TextLine ID="eSc_line_41b8ff84"
                    TAGREFS="LT31"
                    BASELINE="598 1038 2076 979 2716 971" 
                    HPOS="595"
                    VPOS="918"
                    WIDTH="2121"
                    HEIGHT="143">
            <Shape><Polygon POINTS="598 1038 598 1061 1463 1044 1539 1035 1621 1024 1663 1030 1694 1035 1697 1035 1924 1024 2407 996 2472 1007 2478 1007 2480 1007 2483 1007 2486 1007 2503 993 2711 999 2716 971 2711 923 2410 918 2407 918 2332 934 2323 934 2309 934 2180 926 2177 926 2101 940 2087 943 2076 943 2014 932 2011 932 1927 946 1913 948 1904 948 1865 937 1862 937 1860 937 1857 937 1854 937 1854 940 1843 948 1840 951 1834 948 1789 940 1786 940 1784 940 1781 940 1770 951 1764 954 1733 954 1623 946 1621 946 1559 960 1536 962 1517 960 1463 951 1461 951 1407 962 1382 968 1362 965 1320 957 1317 957 1314 957 1281 968 1264 974 595 988 598 1038"/></Shape>
	    <String CONTENT=""
                    HPOS="595"
                    VPOS="918"
                    WIDTH="2121"
                    HEIGHT="143"></String>
          </TextLine>
          <TextLine ID="eSc_line_0ad6f2c2"
                    TAGREFS="LT31"
                    BASELINE="601 1120 2705 1027" 
                    HPOS="595"
                    VPOS="977"
                    WIDTH="2110"
                    HEIGHT="179">
            <Shape><Polygon POINTS="601 1120 604 1156 665 1139 983 1139 1048 1139 1048 1137 1090 1134 1247 1114 1323 1120 1354 1123 1357 1123 2705 1050 2705 1027 2700 979 2573 991 2545 985 2514 977 2511 977 2509 977 2506 977 2466 988 2421 1002 2191 1010 2115 1002 2076 996 2073 996 2070 996 2067 996 2059 1002 2042 1016 2017 1005 2003 999 2000 999 1997 999 1994 999 1975 1007 1930 1021 1798 1013 1747 1010 1744 1010 1741 1010 1725 1016 1674 1033 1581 1021 1553 1019 1550 1019 1548 1019 1531 1024 1477 1038 1438 1027 1430 1024 1427 1024 1424 1024 1421 1024 1418 1024 1416 1027 1385 1047 1042 1061 865 1050 854 1050 851 1050 848 1050 845 1050 783 1072 595 1061 601 1120"/></Shape>
	    <String CONTENT=""
                    HPOS="595"
                    VPOS="977"
                    WIDTH="2110"
                    HEIGHT="179"></String>
          </TextLine>
          <TextLine ID="eSc_line_3b39e4da"
                    TAGREFS="LT31"
                    BASELINE="598 1184 1050 1176 1919 1123 2669 1092" 
                    HPOS="595"
                    VPOS="1035"
                    WIDTH="2074"
                    HEIGHT="180">
            <Shape><Polygon POINTS="598 1184 598 1212 882 1215 885 1215 1413 1190 1520 1176 1598 1165 1674 1167 1758 1173 1761 1173 1820 1162 1885 1148 2025 1145 2039 1153 2048 1159 2051 1159 2053 1159 2056 1159 2059 1159 2081 1151 2115 1137 2669 1125 2669 1092 2663 1050 2621 1035 2618 1035 2615 1035 2612 1035 2610 1035 2590 1052 2511 1041 2509 1041 2506 1041 2433 1061 2388 1047 2385 1047 2382 1047 2160 1075 2149 1078 1966 1083 1933 1069 1930 1069 1927 1069 1848 1086 1747 1078 1744 1078 1741 1078 1711 1094 1691 1080 1688 1080 1685 1080 1682 1080 1598 1097 1511 1089 1508 1089 1421 1108 1416 1108 1413 1108 1340 1097 1337 1097 1334 1097 1281 1114 1272 1120 1191 1120 845 1125 842 1125 817 1137 809 1139 795 1137 733 1128 730 1128 727 1128 724 1128 705 1142 699 1142 637 1131 634 1131 632 1131 595 1142 598 1184"/></Shape>
	    <String CONTENT=""
                    HPOS="595"
                    VPOS="1035"
                    WIDTH="2074"
                    HEIGHT="180"></String>
          </TextLine>
          <TextLine ID="eSc_line_f7bba385"
                    TAGREFS="LT31"
                    BASELINE="598 1254 2688 1162" 
                    HPOS="595"
                    VPOS="1114"
                    WIDTH="2093"
                    HEIGHT="174">
            <Shape><Polygon POINTS="598 1254 598 1288 775 1271 955 1274 974 1274 977 1274 980 1274 983 1274 1042 1257 1084 1268 1087 1268 1090 1268 1098 1268 1177 1252 1219 1263 1225 1263 1227 1263 1230 1263 1272 1260 1489 1238 1581 1246 1609 1246 1612 1246 1660 1240 1803 1224 1885 1229 1919 1232 1921 1232 1966 1226 2059 1212 2132 1218 2174 1221 2177 1221 2180 1221 2208 1215 2253 1201 2688 1190 2688 1162 2686 1120 2553 1114 2551 1114 2548 1114 2545 1114 2528 1125 2523 1128 2514 1125 2483 1114 2480 1114 2478 1114 2340 1134 2287 1139 2278 1137 2250 1123 2247 1123 2244 1123 2242 1123 2214 1137 2205 1142 2197 1139 2166 1128 2163 1128 2160 1128 2157 1128 2112 1142 2096 1148 2079 1142 2042 1131 2039 1131 2037 1131 2034 1131 1978 1148 1955 1153 1930 1151 1862 1139 1860 1139 1857 1139 1854 1139 1834 1153 1823 1159 1756 1156 1595 1151 1593 1151 1421 1159 1418 1159 1416 1159 1399 1173 1387 1181 1320 1181 1309 1176 1292 1165 1289 1165 1286 1165 1284 1165 1281 1165 1236 1179 1208 1187 1182 1181 1154 1173 1151 1173 1149 1173 1087 1184 1042 1193 1014 1187 977 1181 974 1181 972 1181 969 1181 955 1190 938 1201 831 1204 803 1195 772 1187 769 1187 767 1187 764 1187 727 1201 702 1210 682 1201 660 1193 657 1193 654 1193 595 1204 598 1254"/></Shape>
	    <String CONTENT=""
                    HPOS="595"
                    VPOS="1114"
                    WIDTH="2093"
                    HEIGHT="174"></String>
          </TextLine>
          <TextLine ID="eSc_line_6a040a04"
                    TAGREFS="LT31"
                    BASELINE="601 1327 1340 1299 1727 1266 2702 1235" 
                    HPOS="595"
                    VPOS="1187"
                    WIDTH="2107"
                    HEIGHT="166">
            <Shape><Polygon POINTS="601 1327 601 1353 1033 1339 1036 1339 1050 1336 1107 1319 1129 1330 1129 1333 1132 1333 1135 1333 1137 1333 1469 1322 1511 1313 1573 1297 1764 1291 1795 1299 1823 1308 1826 1308 1829 1308 1831 1308 1868 1297 1904 1285 1963 1291 2042 1299 2045 1299 2048 1299 2090 1285 2110 1280 2191 1280 2334 1283 2337 1283 2340 1283 2343 1283 2357 1271 2365 1266 2702 1254 2702 1235 2700 1187 2643 1187 2641 1187 2638 1187 2635 1187 2635 1190 2618 1204 2478 1195 2407 1193 2405 1193 1947 1221 1666 1238 1643 1235 1593 1226 1590 1226 1587 1226 1562 1238 1548 1246 1320 1254 1303 1252 1258 1238 1255 1238 1253 1238 1250 1238 1213 1254 1208 1257 1199 1254 1149 1246 1146 1246 1050 1263 1028 1266 1011 1266 901 1252 899 1252 595 1283 601 1327"/></Shape>
	    <String CONTENT=""
                    HPOS="595"
                    VPOS="1187"
                    WIDTH="2107"
                    HEIGHT="166"></String>
          </TextLine>
          <TextLine ID="eSc_line_4d223ae1"
                    TAGREFS="LT31"
                    BASELINE="604 1412 1823 1339 2688 1299" 
                    HPOS="601"
                    VPOS="1240"
                    WIDTH="2087"
                    HEIGHT="208">
            <Shape><Polygon POINTS="604 1412 604 1448 705 1429 750 1443 752 1443 755 1443 767 1443 966 1414 1118 1420 1123 1420 1126 1420 1140 1420 1359 1395 1404 1403 1418 1406 1421 1406 1461 1400 1573 1381 1626 1389 1629 1389 1640 1389 1890 1364 1944 1372 1978 1375 1980 1375 2688 1325 2688 1299 2683 1254 2643 1240 2641 1240 2638 1240 2635 1240 2587 1260 2441 1252 2438 1252 2435 1252 2433 1252 2413 1271 2177 1283 2143 1268 2140 1268 2138 1268 2135 1268 2132 1268 2132 1271 2115 1285 2081 1274 2079 1274 2076 1274 1975 1294 1935 1280 1933 1280 1930 1280 1820 1302 1671 1294 1668 1294 1666 1294 1663 1294 1643 1313 1160 1322 1157 1322 1107 1341 1064 1327 1062 1327 1059 1327 851 1356 755 1344 752 1344 601 1370 604 1412"/></Shape>
	    <String CONTENT=""
                    HPOS="601"
                    VPOS="1240"
                    WIDTH="2087"
                    HEIGHT="208"></String>
          </TextLine>
          <TextLine ID="eSc_line_8688d15b"
                    TAGREFS="LT31"
                    BASELINE="598 1485 1697 1426" 
                    HPOS="595"
                    VPOS="1364"
                    WIDTH="1102"
                    HEIGHT="160">
            <Shape><Polygon POINTS="598 1485 601 1524 668 1507 710 1518 724 1521 727 1521 730 1521 733 1521 736 1521 744 1516 767 1502 840 1510 885 1513 887 1513 890 1513 893 1513 901 1504 918 1493 1042 1496 1092 1496 1095 1496 1098 1496 1101 1496 1107 1490 1123 1482 1157 1487 1202 1496 1205 1496 1208 1496 1253 1482 1278 1473 1295 1479 1323 1490 1326 1490 1328 1490 1331 1490 1390 1473 1410 1468 1424 1471 1486 1482 1489 1482 1491 1482 1539 1462 1550 1457 1694 1451 1697 1426 1685 1364 1621 1389 1536 1375 1520 1372 1517 1372 1514 1372 1494 1378 1449 1389 1382 1386 1328 1384 1326 1384 1323 1384 1320 1384 1312 1392 1306 1398 1292 1392 1275 1386 1272 1386 1269 1386 1219 1398 1149 1417 913 1426 907 1420 899 1414 899 1412 896 1412 893 1412 890 1412 887 1412 885 1412 885 1414 873 1423 856 1412 854 1412 851 1412 848 1412 755 1431 733 1437 719 1434 651 1420 649 1420 646 1420 595 1440 598 1485"/></Shape>
	    <String CONTENT=""
                    HPOS="595"
                    VPOS="1364"
                    WIDTH="1102"
                    HEIGHT="160"></String>
          </TextLine>
          <TextLine ID="eSc_line_40c2812a"
                    TAGREFS="LT31"
                    BASELINE="606 1560 1699 1513 2694 1487" 
                    HPOS="604"
                    VPOS="1431"
                    WIDTH="2090"
                    HEIGHT="152">
            <Shape><Polygon POINTS="606 1560 606 1583 2694 1518 2694 1487 2688 1443 2604 1431 2601 1431 2598 1431 2551 1445 2548 1445 2520 1431 2517 1431 2514 1431 2438 1448 2424 1451 2399 1451 2273 1440 2270 1440 2267 1440 2208 1457 2188 1459 2081 1459 1812 1457 1809 1457 1733 1471 1705 1473 1666 1471 1564 1465 1562 1465 1559 1465 1556 1465 1545 1476 1536 1482 1480 1476 1410 1471 1407 1471 1404 1471 1387 1479 1371 1487 1284 1482 1210 1479 1208 1479 1129 1487 1000 1504 604 1504 606 1560"/></Shape>
	    <String CONTENT=""
                    HPOS="604"
                    VPOS="1431"
                    WIDTH="2090"
                    HEIGHT="152"></String>
          </TextLine>
          <TextLine ID="eSc_line_81379862"
                    TAGREFS="LT31"
                    BASELINE="601 1636 2683 1549" 
                    HPOS="598"
                    VPOS="1504"
                    WIDTH="2085"
                    HEIGHT="155">
            <Shape><Polygon POINTS="601 1636 601 1659 2683 1583 2683 1549 2680 1510 2393 1504 2391 1504 2388 1504 2385 1504 2368 1518 2365 1521 2301 1521 2081 1518 2079 1518 1955 1532 1885 1541 1874 1535 1857 1527 1854 1527 1851 1527 1781 1538 1733 1546 1699 1541 1654 1535 1652 1535 1649 1535 1646 1535 1632 1544 1618 1552 1528 1546 1452 1544 1449 1544 1399 1552 1314 1566 997 1566 921 1566 918 1566 896 1569 775 1589 598 1580 601 1636"/></Shape>
	    <String CONTENT=""
                    HPOS="598"
                    VPOS="1504"
                    WIDTH="2085"
                    HEIGHT="155"></String>
          </TextLine>
          <TextLine ID="eSc_line_ab307fd6"
                    TAGREFS="LT31"
                    BASELINE="598 1701 2680 1617" 
                    HPOS="595"
                    VPOS="1569"
                    WIDTH="2085"
                    HEIGHT="151">
            <Shape><Polygon POINTS="598 1701 598 1720 2332 1667 2551 1645 2601 1656 2604 1656 2607 1656 2610 1656 2680 1636 2680 1617 2677 1580 2523 1569 2520 1569 2517 1569 2452 1589 2447 1589 2435 1589 2334 1580 2332 1580 2329 1580 2281 1594 2247 1580 2244 1580 2242 1580 2048 1605 2031 1605 2025 1605 1980 1591 1978 1591 1975 1591 1972 1591 1902 1611 1893 1611 1860 1611 1550 1608 1548 1608 1463 1628 1458 1628 1446 1628 1281 1619 1278 1619 1275 1619 1225 1636 1225 1639 854 1653 840 1653 722 1642 719 1642 595 1662 598 1701"/></Shape>
	    <String CONTENT=""
                    HPOS="595"
                    VPOS="1569"
                    WIDTH="2085"
                    HEIGHT="151"></String>
          </TextLine>
          <TextLine ID="eSc_line_979ffe7c"
                    TAGREFS="LT31"
                    BASELINE="595 1779 1969 1715 2697 1698" 
                    HPOS="592"
                    VPOS="1645"
                    WIDTH="2105"
                    HEIGHT="171">
            <Shape><Polygon POINTS="595 1779 595 1816 699 1796 983 1799 986 1799 989 1799 1025 1782 1059 1793 1062 1793 1064 1793 1202 1774 1286 1785 1289 1785 1292 1785 1337 1768 1584 1774 1593 1774 1595 1774 1598 1774 1601 1774 1601 1771 1615 1760 1772 1765 1775 1765 1778 1765 1815 1746 2694 1726 2697 1698 2691 1645 2391 1645 2388 1645 2385 1645 2382 1645 2382 1648 2374 1656 2365 1662 2323 1656 2264 1650 2261 1650 2258 1650 2230 1659 2208 1667 2171 1662 2126 1656 2124 1656 2121 1656 2118 1656 2107 1664 2093 1673 2042 1667 1992 1662 1989 1662 1986 1662 1963 1670 1938 1678 1854 1673 1789 1670 1786 1670 1784 1670 1781 1670 1772 1676 1756 1687 1562 1684 1497 1684 1494 1684 1461 1687 1348 1704 1275 1695 1250 1692 1247 1692 1244 1692 1230 1695 1177 1712 1019 1704 997 1704 994 1704 991 1704 989 1704 989 1706 972 1723 910 1723 727 1715 713 1715 710 1715 708 1715 705 1715 705 1718 688 1732 592 1720 595 1779"/></Shape>
	    <String CONTENT=""
                    HPOS="592"
                    VPOS="1645"
                    WIDTH="2105"
                    HEIGHT="171"></String>
          </TextLine>
          <TextLine ID="eSc_line_ec0c532f"
                    TAGREFS="LT31"
                    BASELINE="581 1850 2669 1757" 
                    HPOS="578"
                    VPOS="1718"
                    WIDTH="2091"
                    HEIGHT="154">
            <Shape><Polygon POINTS="581 1850 581 1872 2669 1785 2669 1757 2663 1718 1640 1749 1559 1757 1449 1771 1323 1765 1264 1765 1261 1765 1258 1765 1244 1771 1219 1779 1210 1771 1208 1768 1205 1768 1202 1768 1199 1768 1166 1774 1067 1788 913 1782 882 1782 879 1782 876 1782 868 1785 814 1799 578 1796 581 1850"/></Shape>
	    <String CONTENT=""
                    HPOS="578"
                    VPOS="1718"
                    WIDTH="2091"
                    HEIGHT="154"></String>
          </TextLine>
          <TextLine ID="eSc_line_37d51327"
                    TAGREFS="LT31"
                    BASELINE="584 1920 2700 1830" 
                    HPOS="578"
                    VPOS="1788"
                    WIDTH="2122"
                    HEIGHT="160">
            <Shape><Polygon POINTS="584 1920 584 1942 845 1948 848 1948 963 1931 986 1925 1081 1925 1444 1923 1446 1923 1472 1911 1480 1909 1489 1911 1503 1920 1505 1920 1508 1920 1511 1920 1534 1911 1550 1903 1593 1909 1638 1914 1640 1914 1708 1906 1795 1892 2112 1892 2222 1892 2222 1889 2225 1889 2236 1886 2281 1872 2343 1883 2354 1883 2357 1883 2360 1883 2365 1881 2396 1864 2528 1861 2559 1875 2562 1875 2565 1875 2568 1875 2570 1875 2576 1875 2643 1855 2691 1869 2700 1830 2694 1791 2433 1802 2427 1802 2382 1788 2379 1788 2376 1788 2244 1810 2228 1810 2216 1810 2104 1799 2101 1799 2098 1799 2062 1816 2059 1819 1837 1827 1826 1827 1705 1816 1702 1816 1699 1816 1638 1836 1635 1836 1581 1822 1579 1822 1576 1822 1376 1847 1368 1850 1348 1850 885 1852 806 1869 713 1858 710 1858 578 1881 584 1920"/></Shape>
	    <String CONTENT=""
                    HPOS="578"
                    VPOS="1788"
                    WIDTH="2122"
                    HEIGHT="160"></String>
          </TextLine>
          <TextLine ID="eSc_line_ec7c4eb7"
                    TAGREFS="LT31"
                    BASELINE="584 1996 2680 1906" 
                    HPOS="581"
                    VPOS="1861"
                    WIDTH="2099"
                    HEIGHT="157">
            <Shape><Polygon POINTS="584 1996 584 2018 2677 1931 2680 1906 2674 1861 581 1948 584 1996"/></Shape>
	    <String CONTENT=""
                    HPOS="581"
                    VPOS="1861"
                    WIDTH="2099"
                    HEIGHT="157"></String>
          </TextLine>
          <TextLine ID="eSc_line_a71054ce"
                    TAGREFS="LT31"
                    BASELINE="581 2083 1275 2041 2674 1993" 
                    HPOS="578"
                    VPOS="1942"
                    WIDTH="2096"
                    HEIGHT="172">
            <Shape><Polygon POINTS="581 2083 581 2114 879 2085 994 2097 1005 2097 1008 2097 1025 2094 1154 2074 1326 2083 1362 2083 1365 2083 1505 2077 1508 2077 1511 2077 1514 2074 1536 2060 1618 2069 1649 2071 1652 2071 1654 2071 1677 2066 1736 2052 1862 2057 1919 2060 1921 2060 2000 2052 2155 2035 2233 2041 2287 2046 2289 2046 2419 2041 2421 2041 2424 2041 2433 2032 2447 2024 2674 2024 2674 1993 2669 1954 2461 1959 2458 1959 2433 1942 2430 1942 2427 1942 2424 1942 2098 1973 2059 1976 2039 1976 1879 1965 1876 1965 1719 1987 1697 1990 1677 1990 1570 1982 1567 1982 1564 1982 1562 1982 1545 1996 1542 1996 1539 1996 1497 1979 1494 1979 1491 1979 1410 1996 1154 1993 1151 1993 1149 1993 1146 1993 1146 1996 1129 2010 1123 2012 1042 2012 724 2012 722 2012 719 2012 716 2012 716 2015 705 2027 699 2032 578 2032 581 2083"/></Shape>
	    <String CONTENT=""
                    HPOS="578"
                    VPOS="1942"
                    WIDTH="2096"
                    HEIGHT="172"></String>
          </TextLine>
          <TextLine ID="eSc_line_d4d58626"
                    TAGREFS="LT31"
                    BASELINE="573 2150 1966 2102 2641 2091" 
                    HPOS="570"
                    VPOS="2032"
                    WIDTH="2071"
                    HEIGHT="149">
            <Shape><Polygon POINTS="573 2150 573 2181 1983 2142 1986 2142 2028 2128 2067 2139 2070 2139 2073 2139 2076 2139 2118 2125 2365 2130 2385 2130 2388 2130 2396 2130 2497 2114 2635 2122 2641 2091 2635 2049 2472 2032 2469 2032 2323 2055 2284 2043 2281 2043 2278 2043 2155 2060 2135 2046 2132 2046 2129 2046 2126 2046 2014 2066 2011 2066 2008 2066 1941 2049 1938 2049 1935 2049 1834 2071 1829 2074 1441 2083 1396 2066 1393 2066 1390 2066 1387 2066 1385 2066 1362 2085 1359 2085 1354 2085 1199 2071 1196 2071 1104 2094 1098 2094 1092 2094 1025 2077 1022 2077 1019 2077 927 2100 918 2102 817 2102 814 2102 781 2085 778 2085 775 2085 772 2085 708 2105 705 2105 657 2088 654 2088 651 2088 570 2108 573 2150"/></Shape>
	    <String CONTENT=""
                    HPOS="570"
                    VPOS="2032"
                    WIDTH="2071"
                    HEIGHT="149"></String>
          </TextLine>
          <TextLine ID="eSc_line_f0e7d73f"
                    TAGREFS="LT31"
                    BASELINE="573 2231 1618 2189 2627 2170" 
                    HPOS="570"
                    VPOS="2111"
                    WIDTH="2057"
                    HEIGHT="154">
            <Shape><Polygon POINTS="573 2231 573 2248 660 2265 663 2265 806 2246 840 2260 842 2260 845 2260 848 2260 851 2260 851 2257 870 2243 890 2257 893 2257 896 2257 899 2257 991 2237 994 2237 997 2237 1188 2248 1191 2248 1309 2226 1314 2226 1320 2226 1402 2243 1404 2243 1407 2243 1494 2220 1500 2220 1503 2220 1564 2231 1567 2231 1800 2212 1803 2212 1865 2229 1868 2229 1871 2229 1969 2206 2003 2223 2006 2223 2008 2223 2124 2220 2126 2220 2174 2201 2332 2215 2334 2215 2435 2195 2514 2209 2517 2209 2627 2184 2627 2170 2618 2111 2419 2130 2287 2122 2242 2119 2239 2119 2188 2125 2053 2142 1994 2130 1966 2128 1963 2128 1930 2133 1868 2147 1831 2139 1815 2133 1812 2133 1809 2133 1806 2133 1803 2133 1798 2139 1786 2147 1595 2144 1416 2144 1413 2144 1410 2144 1407 2144 1407 2147 1399 2153 1390 2161 1357 2156 1317 2147 1314 2147 1312 2147 1292 2156 1278 2164 1225 2158 1163 2153 1160 2153 1090 2164 1031 2173 986 2167 927 2161 924 2161 851 2173 811 2178 795 2175 758 2164 755 2164 752 2164 750 2164 716 2178 705 2184 570 2184 573 2231"/></Shape>
	    <String CONTENT=""
                    HPOS="570"
                    VPOS="2111"
                    WIDTH="2057"
                    HEIGHT="154"></String>
          </TextLine>
          <TextLine ID="eSc_line_a5682e30"
                    TAGREFS="LT31"
                    BASELINE="590 2313 1525 2271 2660 2246" 
                    HPOS="587"
                    VPOS="2192"
                    WIDTH="2073"
                    HEIGHT="157">
            <Shape><Polygon POINTS="590 2313 590 2349 781 2324 913 2335 915 2335 918 2335 966 2321 1008 2333 1028 2338 1031 2338 1033 2338 1036 2338 1056 2330 1095 2316 1174 2327 1191 2327 1194 2327 1196 2327 1202 2324 1236 2307 1573 2296 1786 2293 1826 2299 1921 2310 1924 2310 1992 2296 2433 2296 2433 2293 2435 2293 2466 2279 2624 2288 2627 2288 2629 2288 2632 2288 2660 2265 2660 2246 2652 2192 2194 2217 2180 2209 2174 2203 2171 2203 2169 2203 2166 2203 2163 2203 2143 2209 2118 2217 2084 2212 2045 2206 2042 2206 2039 2206 2008 2215 1983 2223 1969 2217 1952 2209 1949 2209 1947 2209 1747 2215 1685 2229 1652 2234 1638 2229 1612 2220 1609 2220 1607 2220 1430 2226 1427 2226 1402 2237 1390 2243 1326 2240 1126 2234 1123 2234 1045 2251 1031 2254 1019 2254 946 2240 944 2240 941 2240 896 2257 896 2260 587 2268 590 2313"/></Shape>
	    <String CONTENT=""
                    HPOS="587"
                    VPOS="2192"
                    WIDTH="2073"
                    HEIGHT="157"></String>
          </TextLine>
          <TextLine ID="eSc_line_b2a884c9"
                    TAGREFS="LT31"
                    BASELINE="573 2389 1320 2355 2638 2324" 
                    HPOS="570"
                    VPOS="2271"
                    WIDTH="2068"
                    HEIGHT="146">
            <Shape><Polygon POINTS="573 2389 573 2417 1559 2375 1576 2383 1587 2389 1590 2389 1593 2389 1817 2375 1944 2366 1986 2369 2107 2375 2110 2375 2112 2375 2115 2375 2135 2363 2138 2361 2171 2361 2323 2369 2326 2369 2407 2352 2430 2349 2461 2352 2587 2361 2590 2361 2593 2361 2638 2344 2638 2324 2632 2282 2497 2271 2494 2271 2407 2288 2399 2288 2391 2288 2323 2274 2320 2274 2317 2274 2270 2290 2230 2276 2228 2276 2225 2276 2048 2296 2022 2302 1725 2307 1713 2307 1638 2293 1635 2293 1528 2310 1461 2299 1458 2299 1455 2299 1452 2299 1452 2302 1438 2316 1435 2316 1430 2316 1348 2302 1345 2302 1230 2321 1219 2321 1210 2321 1126 2310 1123 2310 1028 2327 1019 2327 1014 2327 958 2313 955 2313 952 2313 949 2313 907 2330 893 2316 890 2316 887 2316 885 2316 882 2316 848 2333 845 2333 837 2333 758 2318 755 2318 570 2338 573 2389"/></Shape>
	    <String CONTENT=""
                    HPOS="570"
                    VPOS="2271"
                    WIDTH="2068"
                    HEIGHT="146"></String>
          </TextLine>
          <TextLine ID="eSc_line_43049ef7"
                    TAGREFS="LT31"
                    BASELINE="564 2470 1660 2417 2632 2394" 
                    HPOS="561"
                    VPOS="2330"
                    WIDTH="2071"
                    HEIGHT="168">
            <Shape><Polygon POINTS="564 2470 564 2484 710 2498 713 2498 716 2498 786 2479 792 2479 797 2479 907 2490 910 2490 913 2490 949 2473 958 2470 1019 2470 1236 2479 1239 2479 1328 2462 1362 2456 1421 2459 1534 2464 1536 2464 1539 2464 1581 2453 1618 2445 1677 2450 1761 2459 1764 2459 1848 2445 1921 2431 2076 2428 2096 2436 2104 2445 2107 2445 2110 2445 2112 2445 2244 2439 2247 2439 2264 2434 2292 2420 2357 2431 2388 2434 2391 2434 2629 2420 2632 2394 2624 2330 2483 2352 2464 2338 2461 2338 2458 2338 2455 2338 2452 2338 2450 2338 2424 2355 2256 2347 2205 2344 2202 2344 2199 2344 2183 2349 2124 2369 2011 2369 1992 2358 1986 2352 1983 2352 1980 2352 1978 2352 1975 2352 1947 2361 1907 2369 1840 2363 1778 2361 1775 2361 1772 2361 1770 2361 1758 2369 1739 2380 1570 2377 1427 2375 1424 2375 1421 2375 1396 2386 1371 2397 1151 2403 1129 2397 1084 2386 1081 2386 1078 2386 1076 2386 1073 2386 1050 2400 1042 2406 1000 2403 856 2394 854 2394 561 2422 564 2470"/></Shape>
	    <String CONTENT=""
                    HPOS="561"
                    VPOS="2330"
                    WIDTH="2071"
                    HEIGHT="168"></String>
          </TextLine>
          <TextLine ID="eSc_line_6eb570ba"
                    TAGREFS="LT31"
                    BASELINE="561 2543 1567 2493 2618 2462" 
                    HPOS="559"
                    VPOS="2417"
                    WIDTH="2059"
                    HEIGHT="157">
            <Shape><Polygon POINTS="561 2543 561 2571 764 2574 767 2574 769 2574 772 2574 772 2571 781 2566 795 2554 851 2563 879 2566 882 2566 885 2566 904 2560 963 2546 1064 2554 1092 2557 1095 2557 1132 2554 1286 2532 1373 2546 1407 2549 1410 2549 1413 2549 1430 2543 1489 2523 1654 2535 1699 2537 1702 2537 1705 2537 1716 2532 1758 2515 1792 2529 1798 2532 1800 2532 1803 2532 1806 2532 1815 2529 1885 2507 2056 2501 2149 2518 2155 2518 2157 2518 2160 2518 2163 2518 2228 2495 2264 2509 2267 2509 2270 2509 2475 2490 2615 2501 2618 2462 2610 2417 559 2490 561 2543"/></Shape>
	    <String CONTENT=""
                    HPOS="559"
                    VPOS="2417"
                    WIDTH="2059"
                    HEIGHT="157"></String>
          </TextLine>
          <TextLine ID="eSc_line_556a2feb"
                    TAGREFS="LT31"
                    BASELINE="561 2616 893 2602" 
                    HPOS="559"
                    VPOS="2566"
                    WIDTH="334"
                    HEIGHT="81">
            <Shape><Polygon POINTS="561 2616 561 2647 893 2639 893 2602 885 2566 559 2574 561 2616"/></Shape>
	    <String CONTENT=""
                    HPOS="559"
                    VPOS="2566"
                    WIDTH="334"
                    HEIGHT="81"></String>
          </TextLine>
          <TextLine ID="eSc_line_283d6d0c"
                    TAGREFS="LT34"
                    BASELINE="1505 2607 1902 2585" 
                    HPOS="1567"
                    VPOS="2535"
                    WIDTH="329"
                    HEIGHT="90">
            <Shape><Polygon POINTS="1570 2625 1896 2608 1896 2585 1885 2535 1820 2554 1750 2546 1725 2543 1722 2543 1719 2543 1716 2543 1708 2549 1688 2563 1567 2563 1570 2599"/></Shape>
	    <String CONTENT=""
                    HPOS="1567"
                    VPOS="2535"
                    WIDTH="329"
                    HEIGHT="90"></String>
          </TextLine>
          <TextLine ID="eSc_line_776b3cde"
                    TAGREFS="LT31"
                    BASELINE="573 2686 1458 2650 2671 2625" 
                    HPOS="570"
                    VPOS="2568"
                    WIDTH="2101"
                    HEIGHT="141">
            <Shape><Polygon POINTS="1890 2588 1885 2588 1851 2602 1753 2594 1750 2594 1579 2610 1480 2596 1477 2596 1387 2599 1385 2599 1382 2599 1359 2616 1281 2602 1278 2602 1275 2602 1239 2619 1225 2605 1222 2605 1219 2605 1216 2605 974 2627 896 2616 893 2616 890 2616 837 2630 817 2616 814 2616 811 2616 809 2616 806 2616 772 2633 640 2622 637 2622 634 2622 570 2639 573 2686 573 2709 1070 2709 1070 2706 1140 2695 1188 2686 1227 2692 1272 2700 1275 2700 1373 2689 1494 2675 1539 2686 1567 2692 1570 2692 1573 2692 1621 2683 1697 2669 1792 2681 1837 2683 1840 2683 1843 2683 1857 2678 1890 2664 1963 2675 1969 2675 1972 2675 1978 2675 2096 2658 2157 2672 2180 2675 2183 2675 2185 2675 2197 2669 2228 2655 2351 2664 2354 2664 2357 2664 2388 2650 2669 2658 2671 2625 2666 2582 2486 2568 2483 2568 2480 2568 2478 2568 2458 2585 2385 2571 2382 2571 2379 2571 2332 2588 2256 2577 2253 2577 2152 2594 2084 2580 2081 2580 1978 2599 1899 2585 1896 2585 1893 2585 1890 2585 1890 2588"/></Shape>
	    <String CONTENT=""
                    HPOS="570"
                    VPOS="2568"
                    WIDTH="2101"
                    HEIGHT="141"></String>
          </TextLine>
          <TextLine ID="eSc_line_10668922"
                    TAGREFS="LT31"
                    BASELINE="559 2768 1067 2737 2674 2689" 
                    HPOS="556"
                    VPOS="2636"
                    WIDTH="2118"
                    HEIGHT="154">
            <Shape><Polygon POINTS="559 2768 559 2790 2674 2712 2674 2689 2666 2644 2511 2653 2494 2650 2455 2636 2452 2636 2450 2636 2278 2655 2230 2661 2214 2658 2155 2647 2152 2647 2149 2647 2112 2661 2101 2667 2090 2664 2059 2650 2056 2650 2053 2650 1944 2653 1798 2672 1756 2678 1741 2675 1694 2661 1691 2661 1688 2661 1685 2661 1615 2678 1550 2667 1548 2667 1545 2667 1505 2683 1494 2686 1463 2683 1340 2672 1337 2672 1334 2672 1331 2672 1309 2689 1306 2692 1306 2689 1286 2678 1284 2678 1281 2678 1278 2678 1275 2678 1244 2692 1236 2695 1216 2692 1118 2681 1115 2681 1112 2681 1070 2698 1062 2700 1028 2700 862 2689 859 2689 556 2714 559 2768"/></Shape>
	    <String CONTENT=""
                    HPOS="556"
                    VPOS="2636"
                    WIDTH="2118"
                    HEIGHT="154"></String>
          </TextLine>
          <TextLine ID="eSc_line_3b38f541"
                    TAGREFS="LT31"
                    BASELINE="561 2835 1129 2804 2688 2762" 
                    HPOS="559"
                    VPOS="2712"
                    WIDTH="2129"
                    HEIGHT="140">
            <Shape><Polygon POINTS="561 2835 561 2852 2686 2790 2688 2762 2683 2717 2523 2712 2520 2712 2517 2712 2514 2712 2500 2723 2489 2731 2329 2734 2292 2728 2242 2720 2239 2720 2174 2731 2138 2740 2110 2734 2062 2726 2059 2726 1916 2742 1843 2748 1795 2745 1685 2737 1682 2737 1680 2737 1677 2737 1663 2751 1657 2754 1643 2751 1604 2740 1601 2740 1598 2740 1595 2740 1553 2754 1542 2756 1534 2754 1503 2742 1500 2742 1497 2742 1334 2759 1284 2765 1250 2762 1135 2754 1132 2754 1033 2771 1008 2773 969 2773 809 2765 806 2765 803 2765 764 2779 752 2785 559 2785 561 2835"/></Shape>
	    <String CONTENT=""
                    HPOS="559"
                    VPOS="2712"
                    WIDTH="2129"
                    HEIGHT="140"></String>
          </TextLine>
          <TextLine ID="eSc_line_72f0ff47"
                    TAGREFS="LT31"
                    BASELINE="553 2897 2686 2838" 
                    HPOS="550"
                    VPOS="2793"
                    WIDTH="2136"
                    HEIGHT="138">
            <Shape><Polygon POINTS="553 2897 553 2931 1182 2900 1250 2914 1261 2914 1264 2914 1267 2914 1269 2914 1269 2911 1298 2894 1466 2891 1638 2902 1666 2902 1668 2902 1682 2900 1770 2883 1831 2897 1840 2897 1843 2897 1845 2897 1848 2897 1876 2880 2039 2891 2062 2891 2065 2891 2067 2891 2070 2891 2090 2874 2686 2874 2686 2838 2680 2799 2309 2793 2306 2793 2177 2810 2160 2813 2149 2813 2070 2799 2067 2799 1888 2818 1862 2821 1848 2821 1767 2807 1764 2807 1671 2824 1657 2827 1646 2827 1584 2815 1581 2815 1579 2815 1576 2815 1559 2829 1556 2832 1357 2835 1343 2835 1255 2821 1253 2821 550 2855 553 2897"/></Shape>
	    <String CONTENT=""
                    HPOS="550"
                    VPOS="2793"
                    WIDTH="2136"
                    HEIGHT="138"></String>
          </TextLine>
          <TextLine ID="eSc_line_a47c1f7a"
                    TAGREFS="LT31"
                    BASELINE="553 2970 2610 2900" 
                    HPOS="550"
                    VPOS="2846"
                    WIDTH="2060"
                    HEIGHT="155">
            <Shape><Polygon POINTS="553 2970 553 3001 2610 2922 2610 2900 2601 2846 2273 2872 2244 2860 2230 2855 2228 2855 2225 2855 2222 2855 2199 2863 2163 2874 2087 2866 2039 2863 2037 2863 2000 2872 1944 2883 1840 2877 1727 2872 1725 2872 1722 2872 1699 2883 1682 2891 1663 2886 1629 2874 1626 2874 1623 2874 1621 2874 1618 2874 1618 2877 1607 2888 1598 2897 1525 2897 1514 2891 1491 2880 1489 2880 1486 2880 1483 2880 1455 2894 1444 2900 1424 2894 1376 2883 1373 2883 1371 2883 1368 2883 1331 2900 1323 2902 1314 2900 1284 2891 1281 2891 1278 2891 1160 2905 1121 2911 1081 2911 879 2900 876 2900 873 2900 792 2922 789 2922 781 2922 598 2911 595 2911 592 2911 550 2928 553 2970"/></Shape>
	    <String CONTENT=""
                    HPOS="550"
                    VPOS="2846"
                    WIDTH="2060"
                    HEIGHT="155"></String>
          </TextLine>
          <TextLine ID="eSc_line_fe33afad"
                    TAGREFS="LT31"
                    BASELINE="545 3037 2362 2975 2666 2975" 
                    HPOS="542"
                    VPOS="2922"
                    WIDTH="2124"
                    HEIGHT="149">
            <Shape><Polygon POINTS="545 3037 545 3071 1477 3029 1553 3040 1559 3040 1562 3040 1570 3040 1652 3023 1860 3029 1862 3029 1865 3029 1904 3012 2666 3004 2666 2975 2663 2928 2239 2922 2236 2922 1927 2950 1890 2953 1885 2953 1840 2936 1837 2936 1834 2936 1831 2936 1795 2956 1792 2956 1789 2956 1727 2939 1725 2939 1722 2939 1719 2939 1674 2959 1674 2961 1553 2964 1545 2964 1491 2947 1489 2947 1486 2947 1483 2947 1410 2967 1407 2967 1404 2967 1300 2953 1298 2953 1295 2953 1219 2973 1210 2975 1202 2975 1129 2959 1126 2959 991 2964 989 2964 955 2984 952 2984 946 2984 893 2967 890 2967 887 2967 542 2995 545 3037"/></Shape>
	    <String CONTENT=""
                    HPOS="542"
                    VPOS="2922"
                    WIDTH="2124"
                    HEIGHT="149"></String>
          </TextLine>
          <TextLine ID="eSc_line_58e4ad8b"
                    TAGREFS="LT31"
                    BASELINE="531 3110 1048 3082 2697 3037" 
                    HPOS="528"
                    VPOS="2981"
                    WIDTH="2169"
                    HEIGHT="154">
            <Shape><Polygon POINTS="531 3110 531 3135 1008 3107 1070 3121 1073 3121 1076 3121 1081 3121 1199 3102 1275 3116 1284 3116 1286 3116 1298 3116 1365 3102 1455 3110 1472 3110 1475 3110 1477 3110 1483 3110 1517 3091 2697 3068 2697 3037 2694 3001 2632 2981 2629 2981 2627 2981 2323 3009 2281 2992 2278 2992 2275 2992 1862 3023 1848 3023 1845 3023 1758 3006 1756 3006 1581 3012 1579 3012 1528 3032 1522 3032 1098 3026 1095 3026 1092 3026 1036 3046 941 3032 938 3032 935 3032 932 3032 904 3051 899 3054 528 3060 531 3110"/></Shape>
	    <String CONTENT=""
                    HPOS="528"
                    VPOS="2981"
                    WIDTH="2169"
                    HEIGHT="154"></String>
          </TextLine>
          <TextLine ID="eSc_line_44f9e97c"
                    TAGREFS="LT31"
                    BASELINE="542 3169 1036 3147 2694 3119" 
                    HPOS="539"
                    VPOS="3060"
                    WIDTH="2155"
                    HEIGHT="132">
            <Shape><Polygon POINTS="542 3169 542 3192 2691 3141 2694 3119 2688 3060 2601 3060 2598 3060 2596 3060 2593 3060 2556 3082 2464 3065 2450 3062 2447 3062 2444 3062 2441 3062 2438 3065 2410 3085 2323 3068 2306 3065 2303 3065 2301 3065 2298 3065 2295 3068 2264 3088 2076 3074 2014 3071 2011 3071 1910 3074 1907 3074 1904 3074 1899 3079 1882 3091 1865 3079 1860 3074 1857 3074 1854 3074 1851 3074 1727 3077 1725 3077 1722 3077 1713 3085 1694 3099 1640 3088 1638 3088 1430 3102 1385 3093 1351 3085 1348 3085 1345 3085 1328 3093 1309 3105 1261 3096 1219 3088 1216 3088 1213 3088 1196 3096 1177 3107 1154 3099 1135 3091 1132 3091 1129 3091 1126 3091 1095 3099 1062 3110 1036 3102 1005 3091 1003 3091 1000 3091 997 3091 969 3102 958 3107 932 3105 873 3096 870 3096 868 3096 845 3107 826 3116 539 3116 542 3169"/></Shape>
	    <String CONTENT=""
                    HPOS="539"
                    VPOS="3060"
                    WIDTH="2155"
                    HEIGHT="132"></String>
          </TextLine>
          <TextLine ID="eSc_line_ecdd2712"
                    TAGREFS="LT31"
                    BASELINE="542 3239 2138 3197 2666 3203" 
                    HPOS="539"
                    VPOS="3138"
                    WIDTH="2127"
                    HEIGHT="132">
            <Shape><Polygon POINTS="542 3239 542 3262 693 3270 696 3270 699 3270 722 3259 738 3253 820 3259 879 3262 882 3262 944 3256 1056 3245 1107 3253 1126 3256 1129 3256 1132 3256 1140 3253 1160 3242 1295 3251 1402 3256 1404 3256 1407 3256 1410 3256 1421 3248 1435 3239 1643 3245 1713 3245 1716 3245 1719 3245 1727 3242 1784 3228 1829 3242 1845 3245 1848 3245 1851 3245 1854 3245 1865 3239 1902 3225 2042 3237 2079 3239 2081 3239 2098 3237 2166 3220 2216 3234 2225 3237 2228 3237 2230 3237 2264 3234 2385 3220 2663 3225 2666 3203 2663 3150 2447 3138 2444 3138 2239 3158 2230 3158 2228 3158 2152 3141 2149 3141 2146 3141 2084 3161 2081 3161 1536 3158 1534 3158 1531 3158 1494 3172 1413 3158 1410 3158 1261 3180 1092 3166 1090 3166 1087 3166 1048 3183 910 3169 907 3169 764 3192 722 3175 719 3175 716 3175 612 3194 592 3180 590 3180 587 3180 584 3180 581 3180 539 3197 542 3239"/></Shape>
	    <String CONTENT=""
                    HPOS="539"
                    VPOS="3138"
                    WIDTH="2127"
                    HEIGHT="132"></String>
          </TextLine>
          <TextLine ID="eSc_line_211a203c"
                    TAGREFS="LT31"
                    BASELINE="545 3301 2624 3273" 
                    HPOS="542"
                    VPOS="3217"
                    WIDTH="2082"
                    HEIGHT="123">
            <Shape><Polygon POINTS="545 3301 545 3326 649 3340 651 3340 758 3326 778 3324 786 3326 826 3338 828 3338 831 3338 834 3338 885 3324 890 3324 893 3324 949 3338 952 3338 955 3338 1025 3324 1039 3321 1053 3324 1129 3335 1132 3335 1216 3321 1222 3321 1236 3321 1427 3329 1430 3329 1432 3329 1461 3318 1469 3315 1480 3318 1534 3329 1536 3329 1539 3329 1570 3318 1584 3312 1671 3315 1857 3324 1860 3324 1862 3324 1885 3312 1896 3310 1949 3312 2070 3321 2073 3321 2155 3310 2208 3304 2385 3304 2391 3307 2402 3318 2405 3318 2407 3318 2410 3318 2621 3304 2624 3273 2615 3228 2410 3234 2388 3231 2312 3217 2309 3217 2230 3234 2199 3239 2140 3237 2014 3225 2011 3225 2008 3225 2006 3225 1986 3237 1975 3245 1879 3245 1876 3239 1857 3225 1857 3223 1854 3223 1851 3223 1792 3223 1789 3223 1604 3245 1593 3245 1581 3245 1452 3228 1449 3228 1446 3228 1399 3248 1365 3231 1362 3231 1239 3231 1236 3231 1233 3231 1166 3253 1160 3253 1154 3253 1081 3234 1078 3234 1076 3234 972 3251 845 3237 842 3237 840 3237 837 3237 811 3256 755 3245 752 3245 750 3245 747 3245 730 3259 637 3239 634 3239 632 3239 542 3262 545 3301"/></Shape>
	    <String CONTENT=""
                    HPOS="542"
                    VPOS="3217"
                    WIDTH="2082"
                    HEIGHT="123"></String>
          </TextLine>
        </TextBlock>
        <TextBlock HPOS="90"
                   VPOS="2202"
                   WIDTH="423"
                   HEIGHT="277"
                   ID="1dd4c036-44a6-44c8-807a-c99c8e7051fc"
                   TAGREFS="BT43">
          <Shape><Polygon POINTS="513 2202 513 2479 90 2479 90 2202"/></Shape>
        </TextBlock>
        <TextBlock HPOS="165"
                   VPOS="71"
                   WIDTH="278"
                   HEIGHT="211"
                   ID="eSc_textblock_90bed560"
                   TAGREFS="BT44">
          <Shape><Polygon POINTS="165 71 165 282 443 282 443 71"/></Shape>
        </TextBlock>
        <TextBlock ID="eSc_dummyblock_">
          <TextLine ID="eSc_line_c72c7298"
                    TAGREFS="LT31"
                    BASELINE="233 123 419 137" 
                    HPOS="250"
                    VPOS="67"
                    WIDTH="109"
                    HEIGHT="109">
            <Shape><Polygon POINTS="278 72 250 75 255 134 258 176 359 162 356 126 348 67 328 67 306 70"/></Shape>
	    <String CONTENT=""
                    HPOS="250"
                    VPOS="67"
                    WIDTH="109"
                    HEIGHT="109"></String>
          </TextLine>
          <TextLine ID="eSc_line_1e966a03"
                    TAGREFS="LT31"
                    BASELINE="123 2369 439 2382" 
                    HPOS="177"
                    VPOS="2265"
                    WIDTH="280"
                    HEIGHT="219">
            <Shape><Polygon POINTS="359 2276 342 2293 328 2307 275 2316 258 2327 230 2341 202 2352 185 2363 177 2383 177 2431 264 2434 286 2450 328 2484 331 2484 334 2484 337 2484 457 2479 457 2377 452 2265 382 2265 379 2265 370 2274"/></Shape>
	    <String CONTENT=""
                    HPOS="177"
                    VPOS="2265"
                    WIDTH="280"
                    HEIGHT="219"></String>
          </TextLine>
        </TextBlock>
      </PrintSpace>
    </Page>
  </Layout>
</alto>
