<?xml version="1.0" encoding="UTF-8"?>
<alto xmlns:xsi="http://www.w3.org/2001/XMLSchema-instance"
      xmlns="http://www.loc.gov/standards/alto/ns-v4#"
      xsi:schemaLocation="http://www.loc.gov/standards/alto/ns-v4# http://www.loc.gov/standards/alto/v4/alto-4-2.xsd">
  <Description>
    <MeasurementUnit>pixel</MeasurementUnit>
    <sourceImageInformation>
      <fileName>ARCH-DIV-000496_0248.png</fileName>
    </sourceImageInformation>
  </Description>
  <Tags>
    <OtherTag ID="BT42" LABEL="MainZone" DESCRIPTION="block type MainZone"/><OtherTag ID="BT43" LABEL="MarginTextZone" DESCRIPTION="block type MarginTextZone"/><OtherTag ID="BT44" LABEL="NumberingZone" DESCRIPTION="block type NumberingZone"/><OtherTag ID="BT45" LABEL="TitlePageZone" DESCRIPTION="block type TitlePageZone"/><OtherTag ID="BT46" LABEL="CustomZone:Numbering" DESCRIPTION="block type CustomZone:Numbering"/><OtherTag ID="BT49" LABEL="MarginTextZone:lower" DESCRIPTION="block type MarginTextZone:lower"/>
    <OtherTag ID="LT25" LABEL="default" DESCRIPTION="line type default"/><OtherTag ID="LT31" LABEL="DefaultLine" DESCRIPTION="line type DefaultLine"/><OtherTag ID="LT32" LABEL="HeadingLine" DESCRIPTION="line type HeadingLine"/><OtherTag ID="LT33" LABEL="InterlinearLine:addition" DESCRIPTION="line type InterlinearLine:addition"/><OtherTag ID="LT34" LABEL="InterlinearLine:correction" DESCRIPTION="line type InterlinearLine:correction"/>
  </Tags>
  <Layout>
    <Page WIDTH="2790"
          HEIGHT="3349"
          PHYSICAL_IMG_NR="247"
          ID="eSc_dummypage_">
      <PrintSpace HPOS="0"
                  VPOS="0"
                  WIDTH="2790"
                  HEIGHT="3349">
        <TextBlock HPOS="500"
                   VPOS="29"
                   WIDTH="2253"
                   HEIGHT="3313"
                   ID="39fa6d41-390a-449b-a181-4c66c55525a7"
                   TAGREFS="BT42">
          <Shape><Polygon POINTS="2753 29 2753 3342 500 3342 500 29"/></Shape>
          <TextLine ID="eSc_line_f8b38a4c"
                    TAGREFS="LT31"
                    BASELINE="611 103 1052 100 2725 145" 
                    HPOS="611"
                    VPOS="30"
                    WIDTH="2114"
                    HEIGHT="151">
            <Shape><Polygon POINTS="2703 131 2675 131 2647 131 2619 131 2591 128 2563 128 2535 128 2507 128 2480 128 2452 125 2424 125 2396 125 2368 125 2340 125 2312 122 2284 122 2256 122 2228 122 2200 122 2172 117 2144 111 2116 106 2089 100 2061 94 2033 89 2005 83 1982 78 1974 80 1929 89 1854 78 1700 53 1698 53 1608 69 1600 69 1597 69 1555 50 1552 50 1393 47 1390 47 1320 58 1248 72 1226 58 1223 58 1220 58 1217 58 1164 69 1139 53 1136 50 1133 50 1131 50 1128 50 1094 50 1022 55 1008 47 983 36 980 36 804 33 801 33 798 33 795 33 784 41 770 50 740 39 714 30 712 30 709 30 628 33 611 50 611 103 611 131 787 120 1002 142 1019 142 1022 142 1027 142 1108 128 1728 159 1753 159 1756 159 1773 159 2189 156 2209 170 2211 170 2214 170 2399 175 2401 175 2410 175 2493 161 2720 181 2725 145 2725 131 2703 131"/></Shape>
	    <String CONTENT="Ce fut là la première cnstallation permanente du tocualiscoe tel"
                    HPOS="611"
                    VPOS="30"
                    WIDTH="2114"
                    HEIGHT="151"
                    WC="0.9697667947182289"></String>
          </TextLine>
          <TextLine ID="eSc_line_c5b1853b"
                    TAGREFS="LT31"
                    BASELINE="600 181 1064 175 2695 200" 
                    HPOS="600"
                    VPOS="120"
                    WIDTH="2095"
                    HEIGHT="114">
            <Shape><Polygon POINTS="600 181 600 206 809 198 846 212 849 212 851 212 854 212 874 212 1008 200 2689 234 2695 200 2692 159 2158 159 2133 150 2063 136 2061 136 1960 150 1946 150 1935 150 1857 133 1854 133 1790 147 1773 150 1748 147 1633 131 1630 131 1516 145 1488 147 1477 145 1432 128 1429 128 1427 128 1290 142 1259 145 1226 142 1097 125 1094 125 977 136 960 122 957 122 955 122 952 122 849 136 835 139 829 136 807 120 804 120 801 120 798 120 600 133 600 181"/></Shape>
	    <String CONTENT="ge &lt;........ .. .. ..&gt;"
                    HPOS="600"
                    VPOS="120"
                    WIDTH="2095"
                    HEIGHT="114"
                    WC="0.8957956758412448"></String>
          </TextLine>
          <TextLine ID="eSc_line_33f52f5f"
                    TAGREFS="LT31"
                    BASELINE="594 248 2102 242 2714 259" 
                    HPOS="594"
                    VPOS="195"
                    WIDTH="2120"
                    HEIGHT="89">
            <Shape><Polygon POINTS="594 248 594 276 2044 267 2122 281 2130 281 2133 284 2711 284 2714 259 2711 212 1284 195 1281 195 1217 209 1170 195 1167 195 1164 195 1038 209 941 195 938 195 935 195 932 195 913 212 594 212 594 248"/></Shape>
	    <String CONTENT="&lt;..... ..&gt; Et sans doute, l&#x27;idée dont elle s&#x27;inspérait n&#x27;était pas"
                    HPOS="594"
                    VPOS="195"
                    WIDTH="2120"
                    HEIGHT="89"
                    WC="0.972125457091765"></String>
          </TextLine>
          <TextLine ID="eSc_line_2a05cc58"
                    TAGREFS="LT31"
                    BASELINE="586 315 1899 306 2722 318" 
                    HPOS="583"
                    VPOS="256"
                    WIDTH="2139"
                    HEIGHT="92">
            <Shape><Polygon POINTS="586 315 586 332 2717 348 2722 318 2720 273 2281 273 2281 270 2264 256 2262 256 2259 256 2256 256 2253 256 2203 270 2197 270 2189 270 2083 256 2080 256 1899 270 1873 270 1857 270 1762 256 1759 256 1577 267 1541 270 1533 267 1494 256 1491 256 1488 256 1418 267 1399 273 1072 273 1064 267 1047 256 1044 256 1041 256 1038 256 963 267 935 270 930 267 916 256 913 256 910 256 907 256 583 265 586 315"/></Shape>
	    <String CONTENT="neuve Dès 1869, quelques fidèles de l&#x27;Intirnationale avaient fondé a Fayt"
                    HPOS="583"
                    VPOS="256"
                    WIDTH="2139"
                    HEIGHT="92"
                    WC="0.992867649418034"></String>
          </TextLine>
          <TextLine ID="eSc_line_59df90af"
                    TAGREFS="LT31"
                    BASELINE="586 382 2695 371" 
                    HPOS="583"
                    VPOS="318"
                    WIDTH="2112"
                    HEIGHT="103">
            <Shape><Polygon POINTS="586 382 589 421 659 404 804 404 823 418 826 418 829 418 832 418 1122 401 1499 401 1522 413 1522 415 1524 415 1527 415 1530 415 1566 413 1698 401 2689 401 2695 371 2686 326 2493 334 2457 326 2410 318 2407 318 2404 318 2373 329 2351 334 2323 329 2273 318 2270 318 2267 318 2264 318 2250 329 2242 337 2139 337 2094 332 2027 320 2024 320 2021 320 1999 332 1985 340 1832 340 1826 334 1809 320 1806 320 1804 320 1661 320 1658 320 1656 320 1653 320 1633 337 1628 340 1583 337 1429 323 1427 323 1424 323 1421 323 1396 340 1390 343 1159 343 1159 340 1125 326 1122 326 1119 326 1117 326 1114 326 1094 343 1091 346 999 346 997 343 957 326 955 326 790 326 787 326 700 343 650 326 647 326 645 326 642 326 583 346 586 382"/></Shape>
	    <String CONTENT="dans la Hainant une soci été coopérative de consommation à laquelle"
                    HPOS="583"
                    VPOS="318"
                    WIDTH="2112"
                    HEIGHT="103"
                    WC="0.9774782964411903"></String>
          </TextLine>
          <TextLine ID="eSc_line_2e71ad1a"
                    TAGREFS="LT31"
                    BASELINE="583 443 2695 449" 
                    HPOS="580"
                    VPOS="401"
                    WIDTH="2115"
                    HEIGHT="73">
            <Shape><Polygon POINTS="583 443 580 466 2689 474 2695 449 2689 401 583 401 583 443"/></Shape>
	    <String CONTENT="avait succédé en 1871 la mraison du Peuple de Jolimont, tout ensemble"
                    HPOS="580"
                    VPOS="401"
                    WIDTH="2115"
                    HEIGHT="73"
                    WC="0.9994428296020066"></String>
          </TextLine>
          <TextLine ID="eSc_line_97876695"
                    TAGREFS="LT31"
                    BASELINE="583 505 2672 521" 
                    HPOS="580"
                    VPOS="457"
                    WIDTH="2092"
                    HEIGHT="92">
            <Shape><Polygon POINTS="583 505 580 533 2667 549 2672 521 2669 474 583 457 583 505"/></Shape>
	    <String CONTENT="société coopérative et local de récunion pour les fédérations de l&#x27;Asso¬"
                    HPOS="580"
                    VPOS="457"
                    WIDTH="2092"
                    HEIGHT="92"
                    WC="0.9948838816748725"></String>
          </TextLine>
          <TextLine ID="eSc_line_01783b3b"
                    TAGREFS="LT31"
                    BASELINE="578 572 2722 586" 
                    HPOS="575"
                    VPOS="533"
                    WIDTH="2147"
                    HEIGHT="83">
            <Shape><Polygon POINTS="578 572 575 597 2717 616 2722 586 2722 533 578 533 578 572"/></Shape>
	    <String CONTENT="ciation nternationale du travailleurs dans la région industrielle du"
                    HPOS="575"
                    VPOS="533"
                    WIDTH="2147"
                    HEIGHT="83"
                    WC="0.9904599233585245"></String>
          </TextLine>
          <TextLine ID="eSc_line_e1e46eb9"
                    TAGREFS="LT31"
                    BASELINE="578 644 2689 644" 
                    HPOS="578"
                    VPOS="594"
                    WIDTH="2111"
                    HEIGHT="81">
            <Shape><Polygon POINTS="578 644 578 675 2689 672 2689 644 2686 594 578 600 578 644"/></Shape>
	    <String CONTENT="contre. Mais le &lt;&gt; suncis n&#x27;avait guère répondu aux espoirs des"
                    HPOS="578"
                    VPOS="594"
                    WIDTH="2111"
                    HEIGHT="81"
                    WC="0.9654166007798816"></String>
          </TextLine>
          <TextLine ID="eSc_line_14808bf3"
                    TAGREFS="LT31"
                    BASELINE="572 711 2697 700" 
                    HPOS="569"
                    VPOS="653"
                    WIDTH="2128"
                    HEIGHT="89">
            <Shape><Polygon POINTS="572 711 572 742 2695 731 2697 700 2689 653 569 669 572 711"/></Shape>
	    <String CONTENT="fondatuns. L&#x27;exemple du Vovrit, dont les statuts jurent aduptés à Jolinont"
                    HPOS="569"
                    VPOS="653"
                    WIDTH="2128"
                    HEIGHT="89"
                    WC="0.9951536776246251"></String>
          </TextLine>
          <TextLine ID="eSc_line_6d5bac11"
                    TAGREFS="LT31"
                    BASELINE="572 775 2703 756" 
                    HPOS="569"
                    VPOS="706"
                    WIDTH="2134"
                    HEIGHT="92">
            <Shape><Polygon POINTS="572 775 572 798 2700 781 2703 756 2697 720 2432 706 2429 706 2426 706 2390 720 2192 708 2189 708 1865 722 1790 708 1787 708 1784 708 1737 725 1714 711 1711 711 1709 711 1706 711 1558 725 1485 711 1482 711 1175 731 1010 717 1008 717 1005 717 963 731 874 717 871 717 569 736 572 775"/></Shape>
	    <String CONTENT="en 1886, dota le pays vallorn d&#x27;un etabbisement dont la prospérité ss et"
                    HPOS="569"
                    VPOS="706"
                    WIDTH="2134"
                    HEIGHT="92"
                    WC="0.9816458080377843"></String>
          </TextLine>
          <TextLine ID="eSc_line_b728d8ea"
                    TAGREFS="LT31"
                    BASELINE="566 831 2678 809" 
                    HPOS="564"
                    VPOS="773"
                    WIDTH="2114"
                    HEIGHT="89">
            <Shape><Polygon POINTS="566 831 566 862 2675 840 2678 809 2672 773 1371 773 1368 773 1365 773 1362 773 1360 775 1346 787 1214 778 1178 775 1175 775 1114 778 818 792 564 781 566 831"/></Shape>
	    <String CONTENT="l&#x27;influence devaient rivaliser brentôt avec celles de son modèle &lt;..&gt;"
                    HPOS="564"
                    VPOS="773"
                    WIDTH="2114"
                    HEIGHT="89"
                    WC="0.9790426389030789"></String>
          </TextLine>
          <TextLine ID="eSc_line_d77b5670"
                    TAGREFS="LT31"
                    BASELINE="566 895 2711 873" 
                    HPOS="564"
                    VPOS="834"
                    WIDTH="2147"
                    HEIGHT="81">
            <Shape><Polygon POINTS="566 895 566 915 2711 893 2711 873 2706 834 1396 834 1393 834 1390 834 1362 848 1357 848 1237 837 1234 837 1094 851 1089 851 1083 851 876 840 874 840 564 856 566 895"/></Shape>
	    <String CONTENT="&lt;....... .... .....&gt; I disonmais, ne dépit de l&#x27;hostilité"
                    HPOS="564"
                    VPOS="834"
                    WIDTH="2147"
                    HEIGHT="81"
                    WC="0.9525411568189922"></String>
          </TextLine>
          <TextLine ID="eSc_line_e6367e8d"
                    TAGREFS="LT31"
                    BASELINE="561 962 2002 937 2700 940" 
                    HPOS="558"
                    VPOS="881"
                    WIDTH="2142"
                    HEIGHT="106">
            <Shape><Polygon POINTS="561 962 561 987 1195 987 1195 985 1223 979 1270 971 1334 979 1385 985 1388 985 1390 985 1393 985 1399 979 1415 968 1533 976 1600 982 1603 982 1605 982 1619 976 1644 968 1698 976 1728 979 1731 979 1812 974 2047 960 2331 971 2387 971 2390 971 2401 968 2468 954 2697 965 2700 940 2697 895 2594 881 2591 881 2588 881 2586 881 2569 895 2566 898 2164 901 2147 901 2019 887 2016 887 2013 887 1952 904 1943 904 1929 904 1809 890 1806 890 1723 907 1714 907 1698 893 1695 893 1692 893 1689 893 1611 907 1591 909 1552 907 1390 895 1388 895 1312 909 1298 912 1265 912 1125 901 1122 901 1119 901 1117 901 1103 912 1097 915 1041 912 807 904 804 904 558 918 561 962"/></Shape>
	    <String CONTENT="de la petite bourgeoisie et de quelques groupes anarchistes, le prinmipe coopéra¬"
                    HPOS="558"
                    VPOS="881"
                    WIDTH="2142"
                    HEIGHT="106"
                    WC="0.9860070391937539"></String>
          </TextLine>
          <TextLine ID="eSc_line_715c1071"
                    TAGREFS="LT31"
                    BASELINE="558 1027 2047 999 2695 1001" 
                    HPOS="555"
                    VPOS="943"
                    WIDTH="2140"
                    HEIGHT="111">
            <Shape><Polygon POINTS="558 1027 558 1054 2695 1018 2695 1001 2692 957 2432 943 2429 943 2239 960 2209 962 2183 962 2030 948 2027 948 1843 951 1840 951 1837 951 1818 965 1812 968 1787 965 1661 954 1658 954 1656 954 1617 968 1605 971 1580 968 1485 957 1482 957 1480 957 1477 957 1463 971 1457 974 1374 971 1156 962 1153 962 1150 962 1117 974 1100 982 555 982 558 1027"/></Shape>
	    <String CONTENT="tif s&#x27;imposa comme la condition indispensable du relèvement de la classe"
                    HPOS="555"
                    VPOS="943"
                    WIDTH="2140"
                    HEIGHT="111"
                    WC="0.9859209863675965"></String>
          </TextLine>
          <TextLine ID="eSc_line_1cf025dd"
                    TAGREFS="LT31"
                    BASELINE="564 1091 2681 1057" 
                    HPOS="561"
                    VPOS="1004"
                    WIDTH="2120"
                    HEIGHT="109">
            <Shape><Polygon POINTS="564 1091 564 1113 2678 1082 2681 1057 2675 1021 2502 1004 2499 1004 2326 1024 2320 1024 2315 1024 2010 1013 2008 1013 1806 1032 1795 1032 1784 1032 1644 1018 1642 1018 1639 1018 1636 1018 1614 1035 1611 1035 1603 1035 1449 1021 1446 1021 1443 1021 1379 1038 1376 1038 1374 1038 1276 1024 1273 1024 1270 1024 1242 1038 1091 1027 1089 1027 561 1049 564 1091"/></Shape>
	    <String CONTENT="ouvrière. A la théorie rivolutionnaire se substitue une méthode quà"
                    HPOS="561"
                    VPOS="1004"
                    WIDTH="2120"
                    HEIGHT="109"
                    WC="0.993859038424136"></String>
          </TextLine>
          <TextLine ID="eSc_line_1b045014"
                    TAGREFS="LT31"
                    BASELINE="561 1155 2725 1135" 
                    HPOS="558"
                    VPOS="1080"
                    WIDTH="2167"
                    HEIGHT="108">
            <Shape><Polygon POINTS="561 1155 561 1188 2725 1166 2725 1135 2717 1085 2544 1096 2530 1088 2521 1080 2519 1080 2516 1080 2513 1080 2407 1088 2345 1094 2287 1091 2150 1082 2147 1082 2144 1082 2100 1094 2066 1102 1988 1096 1924 1091 1921 1091 1854 1096 1787 1105 1770 1099 1745 1088 1742 1088 1739 1088 1594 1102 1580 1102 1558 1088 1555 1088 1552 1088 1550 1088 1547 1088 1496 1105 1480 1107 1443 1105 1329 1091 1326 1091 1323 1091 1320 1091 1298 1107 1295 1107 1281 1107 1161 1094 1159 1094 885 1113 865 1116 801 1116 639 1116 600 1099 597 1099 594 1099 592 1099 558 1113 561 1155"/></Shape>
	    <String CONTENT="sonciense avant tout de résultats. &lt;..... .. ..&gt; Leeusentel"
                    HPOS="558"
                    VPOS="1080"
                    WIDTH="2167"
                    HEIGHT="108"
                    WC="0.9451572213132503"></String>
          </TextLine>
          <TextLine ID="eSc_line_7465d697"
                    TAGREFS="LT31"
                    BASELINE="561 1227 2667 1191" 
                    HPOS="558"
                    VPOS="1147"
                    WIDTH="2109"
                    HEIGHT="117">
            <Shape><Polygon POINTS="561 1227 561 1250 717 1264 720 1264 723 1264 759 1247 762 1244 932 1244 943 1244 1041 1258 1044 1258 1142 1241 1145 1241 1147 1241 1198 1255 1200 1255 1203 1255 1410 1236 1432 1236 1452 1236 1664 1247 1667 1247 1670 1247 1672 1247 1695 1230 1698 1230 1711 1230 1809 1244 1812 1244 2664 1214 2667 1191 2661 1155 2183 1147 2181 1147 2178 1147 2175 1147 2158 1160 2016 1149 2013 1149 1860 1166 1848 1166 1818 1166 1382 1160 1379 1160 1376 1160 1374 1160 1351 1174 1348 1174 1329 1174 1117 1166 1114 1166 558 1186 561 1227"/></Shape>
	    <String CONTENT="est de fonder le parti sur la base solide de l&#x27;intérêt, de lui constituer des"
                    HPOS="558"
                    VPOS="1147"
                    WIDTH="2109"
                    HEIGHT="117"
                    WC="0.9938200603831898"></String>
          </TextLine>
          <TextLine ID="eSc_line_18846d48"
                    TAGREFS="LT31"
                    BASELINE="561 1303 2667 1267" 
                    HPOS="558"
                    VPOS="1216"
                    WIDTH="2109"
                    HEIGHT="109">
            <Shape><Polygon POINTS="561 1303 561 1325 2664 1297 2667 1267 2661 1233 2505 1216 2502 1216 2343 1236 2337 1236 2331 1236 2239 1222 2237 1222 2234 1222 2167 1239 2161 1239 2147 1239 1921 1227 1918 1227 1804 1244 1798 1244 1770 1230 1767 1230 1765 1230 1689 1247 1678 1247 1661 1247 1533 1233 1530 1233 1527 1233 1482 1250 1477 1250 1435 1250 1189 1241 1186 1241 1111 1255 1100 1255 1091 1255 1047 1241 1044 1241 1041 1241 558 1261 561 1303"/></Shape>
	    <String CONTENT="ressources, de discipliner &lt;...&gt; en uc de la conquête des réformes"
                    HPOS="558"
                    VPOS="1216"
                    WIDTH="2109"
                    HEIGHT="109"
                    WC="0.9850546889232866"></String>
          </TextLine>
          <TextLine ID="eSc_line_78ddd7ca"
                    TAGREFS="LT31"
                    BASELINE="558 1375 2683 1342" 
                    HPOS="555"
                    VPOS="1292"
                    WIDTH="2128"
                    HEIGHT="117">
            <Shape><Polygon POINTS="558 1375 558 1395 717 1409 720 1409 723 1409 773 1392 781 1392 798 1392 904 1406 907 1406 910 1406 946 1392 952 1389 1005 1389 1195 1398 1198 1398 1318 1387 1354 1384 1365 1387 1407 1398 1410 1398 1413 1398 1415 1398 1449 1384 1460 1381 1491 1384 1583 1395 1586 1395 1589 1395 1614 1384 1622 1378 1667 1381 1779 1392 1781 1392 1784 1392 1826 1381 1834 1378 1851 1378 1938 1389 1940 1389 1943 1389 1968 1378 1977 1375 2010 1378 2122 1387 2125 1387 2681 1367 2683 1342 2678 1303 2250 1292 2248 1292 2245 1292 2242 1292 2220 1308 2217 1311 1957 1314 1949 1311 1927 1297 1924 1297 1921 1297 1918 1297 1915 1297 1913 1297 1890 1314 1887 1314 1871 1314 1762 1300 1759 1300 1644 1317 1639 1317 1636 1317 1617 1300 1614 1300 1611 1300 1608 1300 1432 1303 1429 1303 1382 1320 1374 1322 1357 1320 1253 1306 1251 1306 555 1331 558 1375"/></Shape>
	    <String CONTENT="indispensables et de l&#x27;action politique. &lt;.. ......... ...........&gt;"
                    HPOS="555"
                    VPOS="1292"
                    WIDTH="2128"
                    HEIGHT="117"
                    WC="0.92683091359352"></String>
          </TextLine>
          <TextLine ID="eSc_line_029f1f39"
                    TAGREFS="LT31"
                    BASELINE="555 1448 1522 1428 2706 1428" 
                    HPOS="552"
                    VPOS="1387"
                    WIDTH="2154"
                    HEIGHT="92">
            <Shape><Polygon POINTS="555 1448 555 1467 1156 1479 1159 1479 1212 1467 1245 1459 1589 1459 1711 1467 1801 1473 1804 1473 1857 1467 1943 1456 1966 1467 1974 1470 1977 1470 1980 1473 2189 1473 2189 1470 2225 1467 2334 1454 2390 1467 2396 1467 2399 1467 2401 1467 2703 1465 2706 1428 2700 1387 552 1389 555 1448"/></Shape>
	    <String CONTENT="&lt;..  .. .. .. .. . ....&gt;¬"
                    HPOS="552"
                    VPOS="1387"
                    WIDTH="2154"
                    HEIGHT="92"
                    WC="0.9009047055244446"></String>
          </TextLine>
          <TextLine ID="eSc_line_6eb2fe91"
                    TAGREFS="LT31"
                    BASELINE="550 1523 1226 1509" 
                    HPOS="547"
                    VPOS="1451"
                    WIDTH="679"
                    HEIGHT="89">
            <Shape><Polygon POINTS="550 1523 550 1540 1223 1540 1226 1509 1220 1459 1181 1451 1178 1451 1175 1451 1153 1459 1131 1470 1108 1462 1078 1451 1075 1451 1072 1451 1069 1451 1066 1451 1050 1465 1036 1476 916 1476 902 1470 876 1456 874 1456 871 1456 868 1456 832 1473 826 1476 821 1473 801 1459 798 1459 795 1459 698 1459 695 1459 547 1481 550 1523"/></Shape>
	    <String CONTENT="&lt;.... ..........&gt;&gt;"
                    HPOS="547"
                    VPOS="1451"
                    WIDTH="679"
                    HEIGHT="89"
                    WC="0.8595270166794459"></String>
          </TextLine>
          <TextLine ID="eSc_line_9268e0cf"
                    TAGREFS="LT31"
                    BASELINE="566 1604 1446 1587 2692 1593" 
                    HPOS="564"
                    VPOS="1534"
                    WIDTH="2128"
                    HEIGHT="101">
            <Shape><Polygon POINTS="2295 1557 2267 1557 2264 1554 2147 1554 2139 1551 2114 1534 2111 1534 2108 1534 2105 1534 2102 1534 2052 1551 1946 1534 1943 1534 1940 1534 1885 1554 1879 1554 1865 1554 1725 1534 1723 1534 1636 1551 1617 1534 1614 1534 1611 1534 1463 1534 1460 1534 1343 1551 1295 1537 1293 1537 1290 1537 1287 1537 1284 1537 1259 1554 1172 1537 1170 1537 1167 1537 1105 1557 1016 1537 1013 1537 918 1560 653 1560 631 1543 628 1543 625 1543 622 1543 620 1543 564 1560 566 1604 566 1615 659 1635 661 1635 742 1621 868 1632 871 1632 874 1632 876 1632 896 1618 952 1635 955 1635 957 1635 960 1635 963 1635 991 1618 1117 1635 1119 1635 1262 1618 1267 1618 1273 1618 1404 1629 1407 1629 1410 1629 1432 1618 1441 1615 1823 1615 1832 1618 1860 1632 1862 1632 1865 1632 2692 1618 2692 1593 2689 1546 2661 1534 2658 1534 2655 1534 2653 1534 2650 1534 2630 1548 2622 1554 2323 1554 2295 1557"/></Shape>
	    <String CONTENT="C&#x27;est en vue d&#x27;organiser celle-ci et d&#x27;eu définir lis &lt;....... ..&gt;"
                    HPOS="564"
                    VPOS="1534"
                    WIDTH="2128"
                    HEIGHT="101"
                    WC="0.9469973788116918"></String>
          </TextLine>
          <TextLine ID="eSc_line_89059ef1"
                    TAGREFS="LT34"
                    BASELINE="2199 1561 2628 1532" 
                    HPOS="2259"
                    VPOS="1476"
                    WIDTH="369"
                    HEIGHT="103">
            <Shape><Polygon POINTS="2264 1579 2628 1557 2628 1532 2619 1476 2491 1501 2426 1495 2385 1493 2382 1493 2259 1512 2264 1557"/></Shape>
	    <String CONTENT="ts qu&#x27;au mois"
                    HPOS="2259"
                    VPOS="1476"
                    WIDTH="369"
                    HEIGHT="103"
                    WC="0.9755375843781692"></String>
          </TextLine>
          <TextLine ID="eSc_line_b7586d8d"
                    TAGREFS="LT34"
                    BASELINE="568 1643 776 1640" 
                    HPOS="568"
                    VPOS="1640"
                    WIDTH="208"
                    HEIGHT="3">
	    <String CONTENT=""
                    HPOS="568"
                    VPOS="1640"
                    WIDTH="208"
                    HEIGHT="3"></String>
          </TextLine>
          <TextLine ID="eSc_line_554a151c"
                    TAGREFS="LT31"
                    BASELINE="552 1688 1597 1671 2647 1674" 
                    HPOS="550"
                    VPOS="1618"
                    WIDTH="2097"
                    HEIGHT="103">
            <Shape><Polygon POINTS="552 1688 552 1721 659 1705 932 1719 966 1719 969 1719 1024 1716 1393 1699 1536 1710 1572 1713 1575 1716 1692 1716 1692 1713 1695 1713 1698 1713 1700 1710 1714 1699 1737 1707 1751 1713 1753 1713 1756 1713 1882 1710 1885 1710 1887 1710 1890 1707 1904 1696 1968 1705 2008 1710 2010 1710 2094 1705 2231 1694 2295 1702 2340 1707 2343 1707 2644 1696 2647 1674 2644 1635 2583 1618 2580 1618 2577 1618 2574 1618 2521 1638 2345 1638 2234 1618 2231 1618 2228 1618 2225 1618 2197 1638 1971 1621 1968 1621 1779 1641 1776 1641 1773 1641 1695 1624 1482 1624 1480 1624 1340 1643 1332 1643 1326 1643 1223 1629 1220 1629 1217 1629 1189 1643 1186 1646 904 1646 893 1646 779 1629 776 1629 773 1629 731 1646 731 1649 550 1649 552 1688"/></Shape>
	    <String CONTENT="(hh. 1805, une containe de déléqués représentant anqeante¬"
                    HPOS="550"
                    VPOS="1618"
                    WIDTH="2097"
                    HEIGHT="103"
                    WC="0.988927882293175"></String>
          </TextLine>
          <TextLine ID="eSc_line_f74113f0"
                    TAGREFS="LT31"
                    BASELINE="547 1763 2681 1747" 
                    HPOS="544"
                    VPOS="1694"
                    WIDTH="2137"
                    HEIGHT="103">
            <Shape><Polygon POINTS="547 1763 547 1797 2678 1780 2681 1747 2675 1707 2426 1694 2424 1694 2359 1707 2351 1707 2348 1707 2323 1694 2320 1694 2318 1694 2234 1707 2206 1713 1826 1713 1806 1707 1784 1699 1781 1699 1779 1699 1776 1699 1751 1707 1728 1713 1684 1707 1622 1699 1619 1699 1617 1699 1597 1707 1577 1716 1362 1707 1262 1705 1259 1705 1200 1707 1055 1719 1005 1707 985 1705 983 1705 960 1707 893 1721 544 1710 547 1763"/></Shape>
	    <String CONTENT="neuf associations &lt;&gt; constituèrent à Auvers le parti ouorier"
                    HPOS="544"
                    VPOS="1694"
                    WIDTH="2137"
                    HEIGHT="103"
                    WC="0.9896847019272466"></String>
          </TextLine>
          <TextLine ID="eSc_line_f6901d15"
                    TAGREFS="LT31"
                    BASELINE="547 1841 2681 1811" 
                    HPOS="544"
                    VPOS="1761"
                    WIDTH="2137"
                    HEIGHT="117">
            <Shape><Polygon POINTS="547 1841 547 1875 689 1878 692 1878 695 1878 709 1875 765 1858 840 1872 862 1875 865 1875 890 1872 946 1861 1019 1869 1055 1872 1058 1872 1061 1872 1069 1869 1097 1855 1259 1864 1298 1867 1301 1867 1304 1867 1309 1864 1334 1853 1692 1858 1893 1861 1896 1861 1899 1861 1901 1861 1910 1855 1929 1841 2008 1853 2044 1858 2047 1858 2049 1858 2072 1853 2122 1839 2675 1841 2681 1811 2675 1774 2460 1761 2457 1761 2175 1777 2091 1780 1996 1777 1748 1769 1745 1769 1742 1769 1720 1780 1703 1786 1678 1780 1644 1772 1642 1772 1639 1772 1572 1780 1508 1788 544 1788 547 1841"/></Shape>
	    <String CONTENT="belge. Le nom qu&#x27;il se donna suffit déjà à marques l&#x27;énolution ac¬"
                    HPOS="544"
                    VPOS="1761"
                    WIDTH="2137"
                    HEIGHT="117"
                    WC="0.9985983896611342"></String>
          </TextLine>
          <TextLine ID="eSc_line_4590f4f6"
                    TAGREFS="LT31"
                    BASELINE="550 1921 2636 1881" 
                    HPOS="1139"
                    VPOS="1830"
                    WIDTH="1497"
                    HEIGHT="101">
            <Shape><Polygon POINTS="1142 1931 2636 1911 2636 1881 2628 1830 1139 1864 1142 1911"/></Shape>
	    <String CONTENT="aus. &lt;.. ...... .. ......... ....&gt;"
                    HPOS="1139"
                    VPOS="1830"
                    WIDTH="1497"
                    HEIGHT="101"
                    WC="0.9417614691397723"></String>
          </TextLine>
          <TextLine ID="eSc_line_b9ea63ff"
                    TAGREFS="LT31"
                    BASELINE="539 1992 1446 1961 2544 1941 2662 1949" 
                    HPOS="536"
                    VPOS="1883"
                    WIDTH="2125"
                    HEIGHT="137">
            <Shape><Polygon POINTS="539 2020 1471 1987 1544 1998 1552 1998 1555 1998 1558 1998 1561 1998 1597 1984 1678 1995 1692 1995 1695 1995 1711 1995 1826 1978 1901 1989 1910 1989 1913 1989 1915 1989 1918 1989 1940 1975 2008 1987 2013 1987 2016 1987 2033 1987 2192 1970 2658 1970 2661 1939 2647 1883 2622 1897 2449 1889 2404 1889 2401 1889 2399 1889 2393 1892 2368 1906 1977 1906 1709 1906 1706 1906 1703 1906 1700 1906 1689 1914 1675 1920 1552 1917 1385 1914 1382 1914 1379 1914 1360 1922 1348 1928 1248 1928 1005 1922 1002 1922 999 1922 966 1936 960 1936 943 1936 823 1928 821 1928 536 1948 539 1992"/></Shape>
	    <String CONTENT="&lt;.. ...... Par oppostunisme, par crainte d&#x27;iffaroncher les timides, ou"
                    HPOS="536"
                    VPOS="1883"
                    WIDTH="2125"
                    HEIGHT="137"
                    WC="0.9845476729529244"></String>
          </TextLine>
          <TextLine ID="eSc_line_07c86336"
                    TAGREFS="LT31"
                    BASELINE="539 2054 2653 2006" 
                    HPOS="536"
                    VPOS="1959"
                    WIDTH="2117"
                    HEIGHT="122">
            <Shape><Polygon POINTS="539 2054 539 2081 2653 2026 2653 2006 2644 1959 2225 1975 2192 1970 2156 1964 2153 1964 2150 1964 2119 1973 2089 1978 2010 1975 1904 1970 1901 1970 1829 1981 1776 1987 1737 1984 1675 1975 1672 1975 1575 1987 1524 1992 1466 1989 1334 1984 1332 1984 1189 1998 1150 2001 1111 2001 935 1992 932 1992 930 1992 927 1992 907 2006 904 2006 893 2006 787 1995 784 1995 536 2014 539 2054"/></Shape>
	    <String CONTENT="évita &lt;.mpl..&gt; de le réclamer ouvertement dû socialisme, s.&lt;.&gt;"
                    HPOS="536"
                    VPOS="1959"
                    WIDTH="2117"
                    HEIGHT="122"
                    WC="0.979080379970612"></String>
          </TextLine>
          <TextLine ID="eSc_line_8eb4d95c"
                    TAGREFS="LT31"
                    BASELINE="547 2118 974 2101 2678 2079" 
                    HPOS="544"
                    VPOS="2031"
                    WIDTH="2134"
                    HEIGHT="112">
            <Shape><Polygon POINTS="547 2118 547 2143 2675 2109 2678 2079 2669 2040 2382 2045 2359 2042 2267 2031 2264 2031 2122 2048 2111 2048 2108 2048 2072 2034 2069 2034 2066 2034 2063 2034 2016 2051 2008 2051 1991 2051 1882 2037 1879 2037 1536 2056 1494 2059 1477 2059 1334 2045 1332 2045 1329 2045 1295 2062 1293 2062 1259 2048 1256 2048 1253 2048 1251 2048 1248 2048 1226 2062 1223 2062 1005 2054 1002 2054 888 2068 821 2054 818 2054 728 2070 628 2056 625 2056 544 2073 547 2118"/></Shape>
	    <String CONTENT="&lt;... ....... .. ..... .... ..&gt;"
                    HPOS="544"
                    VPOS="2031"
                    WIDTH="2134"
                    HEIGHT="112"
                    WC="0.8002775152524312"></String>
          </TextLine>
          <TextLine ID="eSc_line_f8cc0833"
                    TAGREFS="LT31"
                    BASELINE="536 2179 1873 2146 2681 2137" 
                    HPOS="533"
                    VPOS="2093"
                    WIDTH="2148"
                    HEIGHT="111">
            <Shape><Polygon POINTS="536 2179 536 2204 2681 2165 2681 2137 2675 2095 2108 2093 2105 2093 2102 2093 2077 2104 2066 2107 1932 2104 1728 2101 1725 2101 1628 2109 1524 2118 1488 2112 1460 2107 1457 2107 1455 2107 1452 2107 1446 2112 1432 2121 1371 2112 1337 2109 1334 2109 1251 2115 1050 2129 952 2118 932 2118 930 2118 927 2118 924 2118 924 2121 907 2132 815 2121 804 2121 801 2121 798 2121 795 2121 776 2134 664 2123 656 2123 653 2123 650 2123 614 2137 533 2126 536 2179"/></Shape>
	    <String CONTENT="&lt;.. ...... ..... .. .&gt; on se bosre, en hommes prati¬"
                    HPOS="533"
                    VPOS="2093"
                    WIDTH="2148"
                    HEIGHT="111"
                    WC="0.9163080213161615"></String>
          </TextLine>
          <TextLine ID="eSc_line_4b65bdf1"
                    TAGREFS="LT31"
                    BASELINE="547 2243 2653 2201" 
                    HPOS="544"
                    VPOS="2151"
                    WIDTH="2109"
                    HEIGHT="126">
            <Shape><Polygon POINTS="547 2243 547 2277 832 2257 1069 2266 1103 2266 1105 2266 2650 2227 2653 2201 2647 2160 2510 2151 2507 2151 2505 2151 2502 2151 2491 2162 2482 2168 2449 2162 2385 2154 2382 2154 2379 2154 2351 2165 2334 2171 2304 2165 2239 2157 2237 2157 2150 2171 2122 2174 2116 2171 2100 2160 2097 2160 2094 2160 2091 2160 2089 2160 2086 2160 2069 2171 2061 2176 1913 2176 1628 2174 1625 2174 1195 2193 1105 2196 1089 2196 966 2182 963 2182 812 2201 809 2201 807 2201 731 2188 728 2188 544 2207 547 2243"/></Shape>
	    <String CONTENT="ques à formules un programme de classe, ....&gt; dont la réalisation."
                    HPOS="544"
                    VPOS="2151"
                    WIDTH="2109"
                    HEIGHT="126"
                    WC="0.9675964935502009"></String>
          </TextLine>
          <TextLine ID="eSc_line_9511d635"
                    TAGREFS="LT31"
                    BASELINE="539 2310 2072 2274 2672 2274" 
                    HPOS="536"
                    VPOS="2213"
                    WIDTH="2136"
                    HEIGHT="131">
            <Shape><Polygon POINTS="539 2310 539 2344 681 2327 787 2341 804 2341 807 2341 826 2338 949 2321 1044 2335 1061 2335 1064 2335 1066 2335 1072 2333 1119 2319 1156 2333 1159 2333 1161 2333 1164 2333 1206 2330 1536 2310 1608 2321 1622 2324 1625 2324 1675 2321 1915 2302 2010 2313 2030 2316 2033 2316 2066 2313 2217 2296 2667 2299 2672 2274 2669 2227 2619 2213 2616 2213 2614 2213 2611 2213 2569 2229 2560 2229 2290 2221 2287 2221 2284 2221 2239 2235 2167 2221 2164 2221 2047 2238 2027 2241 2010 2241 1896 2227 1893 2227 1818 2243 1812 2243 1809 2243 1781 2229 1779 2229 1776 2229 1773 2229 1770 2229 1753 2243 1751 2246 1748 2243 1731 2232 1728 2232 1725 2232 1723 2232 1589 2246 1558 2249 1547 2246 1491 2235 1488 2235 1379 2249 1340 2254 1309 2252 1223 2241 1220 2241 1217 2241 1214 2241 1200 2254 1192 2257 1133 2254 1002 2246 999 2246 997 2246 960 2257 946 2260 924 2257 854 2249 851 2249 849 2249 818 2260 798 2266 536 2266 539 2310"/></Shape>
	    <String CONTENT="grâce aux bbertés constitutionuelles, peut et doit &lt;. aboutèr sans l&#x27;aide"
                    HPOS="536"
                    VPOS="2213"
                    WIDTH="2136"
                    HEIGHT="131"
                    WC="0.9893420771376727"></String>
          </TextLine>
          <TextLine ID="eSc_line_8e2a50c2"
                    TAGREFS="LT31"
                    BASELINE="536 2380 2139 2349 2661 2352" 
                    HPOS="533"
                    VPOS="2291"
                    WIDTH="2128"
                    HEIGHT="123">
            <Shape><Polygon POINTS="536 2380 536 2414 876 2394 1008 2408 1030 2408 1033 2408 1086 2405 1385 2386 1522 2397 1524 2397 1527 2397 1583 2383 1617 2397 1619 2397 1622 2397 1625 2397 1851 2394 1854 2394 1857 2394 1857 2391 1879 2377 2658 2377 2661 2352 2658 2305 2597 2291 2594 2291 2591 2291 2510 2308 2401 2294 2399 2294 2396 2294 2343 2310 2340 2310 2114 2299 2111 2299 2008 2316 2005 2316 2002 2316 1860 2302 1857 2302 1854 2302 1851 2302 1823 2319 1820 2319 1815 2319 1452 2310 1449 2310 1270 2327 1242 2313 1240 2313 1237 2313 1145 2330 1139 2330 1136 2330 1050 2316 1047 2316 952 2333 949 2333 854 2319 851 2319 849 2319 846 2319 846 2321 829 2335 812 2335 583 2324 580 2324 578 2324 533 2335 536 2380"/></Shape>
	    <String CONTENT="de la révolution. Le point essentiel est la conquête du suffrage universel. Le"
                    HPOS="533"
                    VPOS="2291"
                    WIDTH="2128"
                    HEIGHT="123"
                    WC="0.9881289165753585"></String>
          </TextLine>
          <TextLine ID="eSc_line_7edbd4ad"
                    TAGREFS="LT31"
                    BASELINE="533 2447 2650 2414" 
                    HPOS="530"
                    VPOS="2369"
                    WIDTH="2120"
                    HEIGHT="109">
            <Shape><Polygon POINTS="533 2447 533 2478 1413 2478 1413 2475 1502 2467 1636 2455 1857 2464 1940 2467 1943 2467 1982 2464 2122 2447 2248 2461 2264 2461 2267 2461 2270 2461 2273 2461 2301 2441 2471 2441 2644 2455 2650 2414 2641 2369 530 2397 533 2447"/></Shape>
	    <String CONTENT="reste viendra pas surcrait : supprission du remplacement militaire, la¬"
                    HPOS="530"
                    VPOS="2369"
                    WIDTH="2120"
                    HEIGHT="109"
                    WC="0.9988795250234469"></String>
          </TextLine>
          <TextLine ID="eSc_line_d139caa9"
                    TAGREFS="LT31"
                    BASELINE="525 2517 2667 2492" 
                    HPOS="522"
                    VPOS="2441"
                    WIDTH="2145"
                    HEIGHT="98">
            <Shape><Polygon POINTS="525 2517 525 2539 2664 2528 2667 2492 2661 2453 2421 2441 2418 2441 2206 2444 2203 2444 2178 2458 2175 2458 2142 2458 1966 2447 1963 2447 1960 2447 1932 2461 1927 2461 1826 2461 1309 2455 1307 2455 522 2475 525 2517"/></Shape>
	    <String CONTENT="mitation du travail des femnes et des enfants, tixation de la durée des"
                    HPOS="522"
                    VPOS="2441"
                    WIDTH="2145"
                    HEIGHT="98"
                    WC="0.9884773618738416"></String>
          </TextLine>
          <TextLine ID="eSc_line_ca1147aa"
                    TAGREFS="LT31"
                    BASELINE="527 2592 2619 2578" 
                    HPOS="525"
                    VPOS="2539"
                    WIDTH="2094"
                    HEIGHT="73">
            <Shape><Polygon POINTS="527 2592 527 2612 2616 2609 2619 2578 2611 2539 525 2550 527 2592"/></Shape>
	    <String CONTENT="heures de travail, responsabilité des pations en cas d&#x27;accident, inter"
                    HPOS="525"
                    VPOS="2539"
                    WIDTH="2094"
                    HEIGHT="73"
                    WC="0.993087329183306"></String>
          </TextLine>
          <TextLine ID="eSc_line_3c6083b0"
                    TAGREFS="LT31"
                    BASELINE="519 2668 2622 2645" 
                    HPOS="516"
                    VPOS="2595"
                    WIDTH="2106"
                    HEIGHT="98">
            <Shape><Polygon POINTS="519 2668 519 2693 2619 2679 2622 2645 2614 2595 2086 2612 1854 2601 1826 2601 1823 2601 1820 2601 1818 2601 1787 2615 1586 2603 1566 2603 1563 2603 1561 2603 1558 2603 1510 2617 1371 2606 1368 2606 1365 2606 1362 2606 1287 2620 1061 2609 1052 2609 1050 2609 1047 2609 1044 2609 1024 2623 815 2612 812 2612 809 2612 770 2626 516 2615 519 2668"/></Shape>
	    <String CONTENT="vention des syndicats dans les règlements d&#x27;usines, suppression des"
                    HPOS="516"
                    VPOS="2595"
                    WIDTH="2106"
                    HEIGHT="98"
                    WC="0.998834517464709"></String>
          </TextLine>
          <TextLine ID="eSc_line_d7f7bf63"
                    TAGREFS="LT31"
                    BASELINE="516 2737 2639 2732" 
                    HPOS="513"
                    VPOS="2687"
                    WIDTH="2126"
                    HEIGHT="87">
            <Shape><Polygon POINTS="516 2737 516 2757 773 2757 779 2760 795 2774 798 2774 801 2774 804 2774 807 2774 854 2760 865 2757 876 2760 916 2774 918 2774 921 2774 983 2760 988 2760 991 2760 1024 2774 1027 2774 1030 2774 1240 2762 1281 2760 1315 2762 1449 2774 1452 2774 1455 2774 1457 2774 1474 2762 1482 2757 1505 2762 1552 2774 1555 2774 1558 2774 1633 2762 1678 2757 1753 2762 1843 2771 1846 2771 1904 2762 1980 2754 2633 2765 2639 2732 2630 2687 513 2695 516 2737"/></Shape>
	    <String CONTENT="caisses d&#x27;éparque instituées par les pations réforme des conseils de pru¬"
                    HPOS="513"
                    VPOS="2687"
                    WIDTH="2126"
                    HEIGHT="87"
                    WC="0.9946496478498799"></String>
          </TextLine>
          <TextLine ID="eSc_line_89a2226f"
                    TAGREFS="LT31"
                    BASELINE="522 2804 1622 2810 2619 2793" 
                    HPOS="522"
                    VPOS="2757"
                    WIDTH="2097"
                    HEIGHT="89">
            <Shape><Polygon POINTS="522 2846 589 2832 988 2841 1097 2843 1100 2843 2616 2821 2619 2793 2614 2757 522 2757 522 2804 522 2846"/></Shape>
	    <String CONTENT="dhommes, institution d&#x27;assurances aurières, abolition des imfôts"
                    HPOS="522"
                    VPOS="2757"
                    WIDTH="2097"
                    HEIGHT="89"
                    WC="0.9909098735079169"></String>
          </TextLine>
          <TextLine ID="eSc_line_02e84ee6"
                    TAGREFS="LT31"
                    BASELINE="513 2882 2208 2888 2209 2888 2625 2871" 
                    HPOS="511"
                    VPOS="2824"
                    WIDTH="2114"
                    HEIGHT="100">
            <Shape><Polygon POINTS="513 2905 963 2924 966 2924 969 2924 1041 2908 1119 2922 1122 2922 1307 2905 1326 2905 1346 2905 1563 2922 1566 2922 1678 2905 1700 2902 1714 2905 1762 2919 1765 2919 1767 2919 1991 2905 2041 2902 2055 2905 2102 2916 2105 2916 2108 2916 2625 2902 2625 2871 2616 2827 1798 2838 1737 2827 1717 2824 1714 2824 1711 2824 1709 2824 1706 2827 1689 2841 1477 2841 1424 2827 1421 2827 1418 2827 1415 2827 1413 2827 1410 2827 1382 2841 1362 2827 1360 2827 1357 2827 1131 2827 1128 2827 1119 2827 1030 2843 511 2829 513 2882"/></Shape>
	    <String CONTENT="indirects, instauration de l&#x27;impôt sur le revenu, suppression de toute"
                    HPOS="511"
                    VPOS="2824"
                    WIDTH="2114"
                    HEIGHT="100"
                    WC="0.9896303977285112"></String>
          </TextLine>
          <TextLine ID="eSc_line_d5900d5a"
                    TAGREFS="LT31"
                    BASELINE="522 2949 2650 2955" 
                    HPOS="519"
                    VPOS="2894"
                    WIDTH="2131"
                    HEIGHT="89">
            <Shape><Polygon POINTS="519 2975 2644 2983 2650 2955 2650 2916 2619 2899 2616 2899 2614 2899 2611 2899 2569 2913 1882 2899 1879 2899 1784 2908 1703 2913 1681 2905 1664 2899 1661 2899 1658 2899 1625 2905 1583 2913 1488 2905 1413 2896 1410 2896 1407 2896 1385 2902 1354 2910 1237 2902 1172 2896 1170 2896 1066 2899 742 2910 592 2896 589 2896 586 2896 558 2910 525 2894 522 2949 519 2975"/></Shape>
	    <String CONTENT="alicuation du domaine public et retour à l&#x27;Etat ou à la commune, re¬"
                    HPOS="519"
                    VPOS="2894"
                    WIDTH="2131"
                    HEIGHT="89"
                    WC="0.9916930607386998"></String>
          </TextLine>
          <TextLine ID="eSc_line_9d2d8550"
                    TAGREFS="LT31"
                    BASELINE="522 3033 2633 3025" 
                    HPOS="519"
                    VPOS="2966"
                    WIDTH="2114"
                    HEIGHT="112">
            <Shape><Polygon POINTS="522 3033 527 3078 561 3055 854 3055 874 3069 876 3069 879 3069 882 3069 946 3058 1008 3075 1010 3075 1013 3075 1016 3075 1047 3075 1371 3053 1628 3069 1630 3069 1731 3053 1779 3069 1784 3072 1787 3072 1790 3072 1809 3069 1890 3055 1938 3069 1940 3069 1943 3069 1946 3069 2630 3064 2633 3025 2625 2983 2426 2983 2421 2980 2401 2966 2399 2966 2396 2966 2393 2966 2175 2980 2119 2983 2105 2980 2061 2966 2058 2966 2055 2966 1966 2980 1921 2988 1572 2988 1561 2977 1550 2969 1547 2969 1544 2969 1541 2969 1538 2969 1536 2969 1522 2977 1508 2986 1477 2977 1443 2972 1441 2972 1438 2972 1415 2977 1393 2986 1376 2977 1354 2969 1351 2969 1348 2969 1346 2969 1312 2977 1290 2983 1220 2977 1139 2972 1136 2972 1133 2972 1131 2972 1125 2977 1111 2988 1058 2977 1027 2972 1024 2972 1022 2972 999 2977 952 2988 904 2977 882 2972 879 2972 876 2972 874 2972 857 2977 823 2988 779 2977 759 2972 756 2972 754 2972 519 2975 522 3033"/></Shape>
	    <String CONTENT="présentants de la collectivité de tous les serviées d&#x27;intérêt général qui"
                    HPOS="519"
                    VPOS="2966"
                    WIDTH="2114"
                    HEIGHT="112"
                    WC="0.9839025784845221"></String>
          </TextLine>
          <TextLine ID="eSc_line_e7c0ca7e"
                    TAGREFS="LT31"
                    BASELINE="527 3095 1709 3100" 
                    HPOS="525"
                    VPOS="3055"
                    WIDTH="1184"
                    HEIGHT="81">
            <Shape><Polygon POINTS="527 3095 525 3120 977 3120 1002 3120 1156 3136 1159 3136 1706 3120 1709 3100 1703 3055 527 3055 527 3095"/></Shape>
	    <String CONTENT="ont été abandonnés aux particuliers."
                    HPOS="525"
                    VPOS="3055"
                    WIDTH="1184"
                    HEIGHT="81"
                    WC="0.9996085282829072"></String>
          </TextLine>
          <TextLine ID="eSc_line_04407a63"
                    TAGREFS="LT31"
                    BASELINE="544 3170 1609 3177 1609 3177 2653 3164" 
                    HPOS="541"
                    VPOS="3108"
                    WIDTH="2112"
                    HEIGHT="90">
            <Shape><Polygon POINTS="544 3198 2650 3192 2653 3164 2641 3111 2588 3125 2407 3111 2399 3111 2396 3111 2393 3111 2362 3128 2181 3128 2072 3111 2047 3108 2044 3108 2041 3108 2033 3111 1985 3125 1915 3111 1896 3108 1893 3108 1890 3108 1879 3111 1834 3125 1795 3111 1787 3108 1784 3108 1781 3108 1745 3111 1594 3128 1569 3111 1566 3111 1563 3111 1561 3111 1558 3111 1555 3111 1527 3128 1452 3111 1443 3111 1441 3111 1438 3111 1432 3111 1365 3128 541 3114 544 3170"/></Shape>
	    <String CONTENT="Pour la plupart ce sont là des réformes dout la comnmfion de 1843 avait"
                    HPOS="541"
                    VPOS="3108"
                    WIDTH="2112"
                    HEIGHT="90"
                    WC="0.9885070298759031"></String>
          </TextLine>
          <TextLine ID="eSc_line_97a60b91"
                    TAGREFS="LT31"
                    BASELINE="516 3245 2628 3251" 
                    HPOS="516"
                    VPOS="3187"
                    WIDTH="2112"
                    HEIGHT="106">
            <Shape><Polygon POINTS="516 3245 516 3284 876 3273 1080 3287 1100 3287 1103 3287 1111 3287 1203 3273 1267 3287 1273 3287 1276 3287 1284 3287 1399 3273 1552 3287 1583 3290 1586 3290 1625 3287 1787 3276 1818 3290 1823 3290 1826 3290 1829 3293 1829 3290 1832 3290 1837 3290 1868 3276 2415 3290 2466 3290 2468 3290 2477 3290 2586 3276 2619 3290 2628 3251 2625 3192 2513 3192 2510 3192 2507 3192 2505 3192 2480 3212 2412 3192 2410 3192 2407 3192 2404 3192 2337 3212 2234 3192 2231 3192 1882 3212 1753 3192 1751 3192 1748 3192 1698 3212 1611 3192 1608 3192 1605 3192 1552 3212 1253 3212 1226 3192 1223 3192 1220 3192 1217 3192 1214 3192 1212 3192 1186 3212 751 3212 516 3187 516 3245"/></Shape>
	    <String CONTENT="déjà reclamé un grand nombre et dont beaucoup sont réalisées de"
                    HPOS="516"
                    VPOS="3187"
                    WIDTH="2112"
                    HEIGHT="106"
                    WC="0.9949562123843602"></String>
          </TextLine>
        </TextBlock>
        <TextBlock HPOS="40"
                   VPOS="1488"
                   WIDTH="463"
                   HEIGHT="466"
                   ID="89dc946e-038c-47bb-b3f0-c3c51c9502cd"
                   TAGREFS="BT43">
          <Shape><Polygon POINTS="501 1488 503 1919 40 1954 40 1500"/></Shape>
        </TextBlock>
        <TextBlock HPOS="191"
                   VPOS="62"
                   WIDTH="267"
                   HEIGHT="192"
                   ID="eSc_textblock_fc510ff7"
                   TAGREFS="BT44">
          <Shape><Polygon POINTS="191 62 191 254 458 254 458 62"/></Shape>
        </TextBlock>
        <TextBlock ID="eSc_dummyblock_">
          <TextLine ID="eSc_line_e3c1a802"
                    TAGREFS="LT31"
                    BASELINE="231 156 445 139" 
                    HPOS="226"
                    VPOS="100"
                    WIDTH="195"
                    HEIGHT="128">
            <Shape><Polygon POINTS="365 106 337 106 310 103 282 103 254 100 226 120 231 156 234 189 290 189 298 192 340 228 343 228 346 228 349 228 351 228 421 198 418 139 413 108 393 108"/></Shape>
	    <String CONTENT="242)"
                    HPOS="226"
                    VPOS="100"
                    WIDTH="195"
                    HEIGHT="128"
                    WC="0.9998775869607925"></String>
          </TextLine>
          <TextLine ID="eSc_line_37708106"
                    TAGREFS="LT31"
                    BASELINE="50 1629 485 1607" 
                    HPOS="47"
                    VPOS="1565"
                    WIDTH="438"
                    HEIGHT="98">
            <Shape><Polygon POINTS="474 1565 92 1582 75 1596 72 1582 47 1582 50 1629 50 1663 485 1629 485 1607 483 1593 474 1565"/></Shape>
	    <String CONTENT="Ily avait enn une"
                    HPOS="47"
                    VPOS="1565"
                    WIDTH="438"
                    HEIGHT="98"
                    WC="0.9912309260929332"></String>
          </TextLine>
          <TextLine ID="eSc_line_aad702d3"
                    TAGREFS="LT31"
                    BASELINE="53 1696 474 1668" 
                    HPOS="47"
                    VPOS="1621"
                    WIDTH="427"
                    HEIGHT="106">
            <Shape><Polygon POINTS="53 1696 53 1727 474 1702 474 1668 466 1621 47 1654 53 1696"/></Shape>
	    <String CONTENT="preparat en tout"
                    HPOS="47"
                    VPOS="1621"
                    WIDTH="427"
                    HEIGHT="106"
                    WC="0.9830168262124062"></String>
          </TextLine>
          <TextLine ID="eSc_line_88393546"
                    TAGREFS="LT31"
                    BASELINE="64 1761 315 1735" 
                    HPOS="61"
                    VPOS="1691"
                    WIDTH="254"
                    HEIGHT="95">
            <Shape><Polygon POINTS="61 1733 64 1761 67 1786 315 1758 315 1735 310 1691 69 1716 61 1733"/></Shape>
	    <String CONTENT="Brule"
                    HPOS="61"
                    VPOS="1691"
                    WIDTH="254"
                    HEIGHT="95"
                    WC="0.9996054410934448"></String>
          </TextLine>
          <TextLine ID="eSc_line_0fdb6926"
                    TAGREFS="LT31"
                    BASELINE="80 1812 142 1808 459 1787" 
                    HPOS="80"
                    VPOS="1744"
                    WIDTH="364"
                    HEIGHT="114">
            <Shape><Polygon POINTS="80 1772 89 1825 92 1858 444 1819 441 1783 435 1744 268 1744 265 1744 262 1744 173 1769 114 1758 111 1758 108 1758 103 1758"/></Shape>
	    <String CONTENT="Garongl II. 164"
                    HPOS="80"
                    VPOS="1744"
                    WIDTH="364"
                    HEIGHT="114"
                    WC="0.9681500911712646"></String>
          </TextLine>
        </TextBlock>
      </PrintSpace>
    </Page>
  </Layout>
</alto>
