<?xml version="1.0" encoding="UTF-8"?>
<alto xmlns:xsi="http://www.w3.org/2001/XMLSchema-instance"
      xmlns="http://www.loc.gov/standards/alto/ns-v4#"
      xsi:schemaLocation="http://www.loc.gov/standards/alto/ns-v4# http://www.loc.gov/standards/alto/v4/alto-4-2.xsd">
  <Description>
    <MeasurementUnit>pixel</MeasurementUnit>
    <sourceImageInformation>
      <fileName>ARCH-DIV-000496_0252.png</fileName>
    </sourceImageInformation>
  </Description>
  <Tags>
    <OtherTag ID="BT42" LABEL="MainZone" DESCRIPTION="block type MainZone"/><OtherTag ID="BT43" LABEL="MarginTextZone" DESCRIPTION="block type MarginTextZone"/><OtherTag ID="BT44" LABEL="NumberingZone" DESCRIPTION="block type NumberingZone"/><OtherTag ID="BT45" LABEL="TitlePageZone" DESCRIPTION="block type TitlePageZone"/><OtherTag ID="BT46" LABEL="CustomZone:Numbering" DESCRIPTION="block type CustomZone:Numbering"/><OtherTag ID="BT49" LABEL="MarginTextZone:lower" DESCRIPTION="block type MarginTextZone:lower"/>
    <OtherTag ID="LT25" LABEL="default" DESCRIPTION="line type default"/><OtherTag ID="LT31" LABEL="DefaultLine" DESCRIPTION="line type DefaultLine"/><OtherTag ID="LT32" LABEL="HeadingLine" DESCRIPTION="line type HeadingLine"/><OtherTag ID="LT33" LABEL="InterlinearLine:addition" DESCRIPTION="line type InterlinearLine:addition"/><OtherTag ID="LT34" LABEL="InterlinearLine:correction" DESCRIPTION="line type InterlinearLine:correction"/>
  </Tags>
  <Layout>
    <Page WIDTH="2790"
          HEIGHT="3368"
          PHYSICAL_IMG_NR="251"
          ID="eSc_dummypage_">
      <PrintSpace HPOS="0"
                  VPOS="0"
                  WIDTH="2790"
                  HEIGHT="3368">
        <TextBlock HPOS="457"
                   VPOS="0"
                   WIDTH="2294"
                   HEIGHT="3370"
                   ID="007326c9-601a-4973-8a70-92fecc688ec7"
                   TAGREFS="BT42">
          <Shape><Polygon POINTS="2751 2 2751 3368 457 3370 516 0"/></Shape>
          <TextLine ID="eSc_line_4fb1c8a8"
                    TAGREFS="LT31"
                    BASELINE="595 103 2251 106 2660 117" 
                    HPOS="592"
                    VPOS="39"
                    WIDTH="2068"
                    HEIGHT="104">
            <Shape><Polygon POINTS="2641 64 2613 64 2585 64 2573 64 2557 64 2430 64 2427 61 2416 61 2388 61 2360 58 2332 58 2304 58 2276 58 2248 58 2220 58 2192 58 2183 56 2172 58 2136 64 1956 64 1945 58 1928 53 1911 53 1883 53 1855 53 1835 50 1790 56 1768 61 1425 61 1414 56 1397 44 1378 44 1355 44 1268 53 1237 56 1226 53 1187 42 1184 42 1181 42 1153 42 1013 42 1010 42 1007 42 1004 42 993 53 988 56 962 50 889 39 886 39 600 47 595 56 595 103 592 123 2655 143 2660 117 2660 64 2641 64"/></Shape>
	    <String CONTENT=""
                    HPOS="592"
                    VPOS="39"
                    WIDTH="2068"
                    HEIGHT="104"></String>
          </TextLine>
          <TextLine ID="eSc_line_2a7c9a17"
                    TAGREFS="LT33"
                    BASELINE="2282 73 2355 77" 
                    HPOS="2282"
                    VPOS="73"
                    WIDTH="73"
                    HEIGHT="4">
	    <String CONTENT=""
                    HPOS="2282"
                    VPOS="73"
                    WIDTH="73"
                    HEIGHT="4"></String>
          </TextLine>
          <TextLine ID="eSc_line_6b1053aa"
                    TAGREFS="LT31"
                    BASELINE="597 181 2009 174 2725 185" 
                    HPOS="1058"
                    VPOS="120"
                    WIDTH="1667"
                    HEIGHT="93">
            <Shape><Polygon POINTS="1058 210 1164 199 1333 213 1338 213 1341 213 1344 213 1375 199 1389 213 1392 213 1395 213 1397 213 1400 213 1434 199 1661 199 1675 210 1675 213 1678 213 1681 213 1684 213 1686 213 1689 213 1714 199 2719 210 2725 185 2719 126 2194 137 2169 129 2141 120 2138 120 2136 120 2133 120 2130 120 2116 129 2105 137 2093 129 2079 120 2077 120 2074 120 2071 120 2068 120 2065 120 2054 131 2048 137 2032 131 2004 120 2001 120 1858 120 1855 120 1737 134 1695 137 1672 134 1611 120 1246 120 1243 120 1240 120 1237 120 1237 123 1220 137 1220 140 1170 140 1170 137 1125 120 1122 120 1119 120 1117 120 1060 137 1060 182"/></Shape>
	    <String CONTENT=""
                    HPOS="1058"
                    VPOS="120"
                    WIDTH="1667"
                    HEIGHT="93"></String>
          </TextLine>
          <TextLine ID="eSc_line_b2584f44"
                    TAGREFS="LT34"
                    BASELINE="762 143 831 147" 
                    HPOS="762"
                    VPOS="143"
                    WIDTH="69"
                    HEIGHT="4">
	    <String CONTENT=""
                    HPOS="762"
                    VPOS="143"
                    WIDTH="69"
                    HEIGHT="4"></String>
          </TextLine>
          <TextLine ID="eSc_line_a4a83258"
                    TAGREFS="LT31"
                    BASELINE="575 249 1465 241 2708 249" 
                    HPOS="572"
                    VPOS="157"
                    WIDTH="2136"
                    HEIGHT="123">
            <Shape><Polygon POINTS="1919 176 1905 176 1891 182 1841 210 1762 210 1734 185 1731 185 1729 185 1726 185 1723 185 1689 193 1664 182 1658 179 1639 179 1630 179 1543 207 1254 207 1153 182 1133 182 1105 182 1077 182 1069 159 1058 157 1055 157 1052 157 575 168 575 249 572 269 2702 280 2708 249 2702 193 2178 207 2144 188 2141 188 2138 188 2136 188 2133 188 2060 207 1978 207 1942 185 1928 176 1919 176"/></Shape>
	    <String CONTENT=""
                    HPOS="572"
                    VPOS="157"
                    WIDTH="2136"
                    HEIGHT="123"></String>
          </TextLine>
          <TextLine ID="eSc_line_20c8d588"
                    TAGREFS="LT34"
                    BASELINE="709 209 1073 213" 
                    HPOS="709"
                    VPOS="209"
                    WIDTH="364"
                    HEIGHT="4">
	    <String CONTENT=""
                    HPOS="709"
                    VPOS="209"
                    WIDTH="364"
                    HEIGHT="4"></String>
          </TextLine>
          <TextLine ID="eSc_line_5b125309"
                    TAGREFS="LT31"
                    BASELINE="575 319 2686 314" 
                    HPOS="572"
                    VPOS="255"
                    WIDTH="2114"
                    HEIGHT="93">
            <Shape><Polygon POINTS="575 319 575 339 2680 348 2686 314 2680 272 1883 255 1880 255 1877 255 1816 275 1656 275 1507 275 1504 275 1406 258 1403 258 1400 258 1397 258 1375 275 1375 277 1330 277 1198 277 1097 258 1094 258 1091 258 1089 258 1069 277 999 277 973 258 971 258 968 258 965 258 875 272 769 258 766 258 763 258 760 258 741 272 637 263 634 263 631 263 572 277 575 319"/></Shape>
	    <String CONTENT=""
                    HPOS="572"
                    VPOS="255"
                    WIDTH="2114"
                    HEIGHT="93"></String>
          </TextLine>
          <TextLine ID="eSc_line_02d36db2"
                    TAGREFS="LT34"
                    BASELINE="1888 279 2133 284" 
                    HPOS="1888"
                    VPOS="279"
                    WIDTH="245"
                    HEIGHT="5">
	    <String CONTENT=""
                    HPOS="1888"
                    VPOS="279"
                    WIDTH="245"
                    HEIGHT="5"></String>
          </TextLine>
          <TextLine ID="eSc_line_1cacb82e"
                    TAGREFS="LT31"
                    BASELINE="564 387 2705 387" 
                    HPOS="564"
                    VPOS="333"
                    WIDTH="2141"
                    HEIGHT="88">
            <Shape><Polygon POINTS="564 387 564 404 620 421 623 421 625 421 1007 406 1077 406 1119 409 1285 421 1288 421 1361 409 1392 406 2702 418 2705 387 2705 348 2604 333 2601 333 2599 333 2596 333 2582 345 2576 350 2391 350 2377 345 2343 333 2340 333 2338 333 2228 342 2172 348 2141 342 2091 333 2088 333 2085 333 2063 342 2046 348 2015 342 1970 333 1967 333 1891 342 1821 348 1793 339 1771 333 1768 333 1765 333 1717 339 1656 348 1571 339 1515 333 1512 333 1510 333 1498 339 1473 348 1423 339 1397 333 1395 333 1355 336 1265 348 1206 336 1187 333 1184 333 1150 336 1032 348 988 336 982 333 979 333 976 333 973 333 968 333 917 348 839 333 830 333 828 333 825 333 822 333 763 348 564 333 564 387"/></Shape>
	    <String CONTENT=""
                    HPOS="564"
                    VPOS="333"
                    WIDTH="2141"
                    HEIGHT="88"></String>
          </TextLine>
          <TextLine ID="eSc_line_a49e2f5b"
                    TAGREFS="LT31"
                    BASELINE="558 463 2568 457 2687 468" 
                    HPOS="555"
                    VPOS="398"
                    WIDTH="2133"
                    HEIGHT="98">
            <Shape><Polygon POINTS="558 482 1448 496 1451 496 1453 496 1476 488 1498 482 1717 491 1844 493 1846 493 1874 491 1956 479 1998 491 2006 493 2009 493 2012 493 2015 493 2018 493 2020 491 2040 479 2273 479 2683 493 2688 457 2680 404 2360 415 2318 404 2290 398 2287 398 2284 398 2200 406 2105 415 2074 406 2046 398 2043 398 2040 398 2037 398 2009 406 1981 415 1931 406 1860 398 1858 398 1855 398 1832 409 1818 415 1804 409 1779 398 1776 398 1773 398 1771 398 1768 398 1754 409 1745 418 1611 418 1591 409 1554 401 1552 401 1549 401 1546 401 1543 401 1532 412 1521 418 1451 412 1366 404 1364 404 1361 404 1358 404 1347 412 1336 418 1327 412 1302 401 1299 401 1296 401 1293 401 1291 401 1274 412 1263 421 1128 421 1119 415 1100 401 1097 401 1094 401 940 401 937 401 934 401 878 415 867 418 858 415 816 401 813 401 811 401 656 415 583 401 581 401 578 401 575 401 555 409 558 463"/></Shape>
	    <String CONTENT=""
                    HPOS="555"
                    VPOS="398"
                    WIDTH="2133"
                    HEIGHT="98"></String>
          </TextLine>
          <TextLine ID="eSc_line_9d67930e"
                    TAGREFS="LT31"
                    BASELINE="566 544 2714 527" 
                    HPOS="564"
                    VPOS="468"
                    WIDTH="2150"
                    HEIGHT="98">
            <Shape><Polygon POINTS="566 544 566 566 2340 566 2340 564 2352 564 2416 550 2708 561 2714 527 2705 474 2326 488 2234 479 2119 468 2116 468 2040 482 1990 493 1824 493 1816 485 1796 471 1793 471 1790 471 1787 471 1664 485 1644 471 1642 471 1639 471 1636 471 1510 491 1482 493 1462 491 1380 474 1378 474 1293 493 1274 496 1223 493 948 477 945 477 943 477 895 499 892 499 881 499 634 479 631 479 628 479 564 502 566 544"/></Shape>
	    <String CONTENT=""
                    HPOS="564"
                    VPOS="468"
                    WIDTH="2150"
                    HEIGHT="98"></String>
          </TextLine>
          <TextLine ID="eSc_line_a6344d8d"
                    TAGREFS="LT31"
                    BASELINE="561 606 2691 611" 
                    HPOS="558"
                    VPOS="555"
                    WIDTH="2133"
                    HEIGHT="96">
            <Shape><Polygon POINTS="561 606 558 625 614 645 617 645 620 645 830 631 889 645 892 645 895 645 898 645 943 631 976 645 979 645 982 645 985 645 1041 631 1044 631 1375 631 1383 634 1420 645 1423 645 1425 645 1569 634 1625 631 1639 634 1678 648 1681 648 1684 651 1981 651 1981 648 1984 648 1987 648 1998 637 2006 634 2686 642 2691 611 2688 575 2607 558 2604 558 2537 572 2534 572 2425 558 2422 558 2315 572 2310 572 2304 572 2239 558 2237 558 2178 572 2169 572 2158 572 2054 558 2051 558 2048 558 2015 572 2009 575 1681 575 1670 569 1627 555 1625 555 1622 555 561 564 561 606"/></Shape>
	    <String CONTENT=""
                    HPOS="558"
                    VPOS="555"
                    WIDTH="2133"
                    HEIGHT="96"></String>
          </TextLine>
          <TextLine ID="eSc_line_b41f8521"
                    TAGREFS="LT31"
                    BASELINE="558 690 2267 690" 
                    HPOS="558"
                    VPOS="637"
                    WIDTH="1709"
                    HEIGHT="98">
            <Shape><Polygon POINTS="558 690 558 715 679 715 724 732 726 732 729 732 732 732 794 718 878 732 881 732 884 732 917 715 1044 732 1046 732 1049 732 1103 715 1378 715 1409 732 1411 732 1414 732 1417 732 1420 732 1482 715 1521 732 1524 732 1526 732 1529 732 1591 715 1686 715 1706 732 1709 732 1712 732 1714 732 1717 732 1720 732 1745 715 1782 732 1785 732 1787 735 2220 735 2220 732 2223 732 2267 712 2267 690 2265 653 2136 653 2136 651 2116 637 2113 637 2110 637 2107 637 2105 637 2071 651 2023 637 2020 637 1919 637 1917 637 1914 637 1911 637 1911 639 1900 651 1869 637 1866 637 1681 637 1678 637 1675 637 1672 637 1672 639 1658 651 1658 653 1423 653 1420 651 1400 637 1397 637 1395 637 1392 637 1305 651 1296 653 1049 653 1046 651 1035 639 1035 637 1032 637 1030 637 1027 637 558 648 558 690"/></Shape>
	    <String CONTENT=""
                    HPOS="558"
                    VPOS="637"
                    WIDTH="1709"
                    HEIGHT="98"></String>
          </TextLine>
          <TextLine ID="eSc_line_d9e43cfb"
                    TAGREFS="LT31"
                    BASELINE="614 780 2663 760" 
                    HPOS="611"
                    VPOS="707"
                    WIDTH="2052"
                    HEIGHT="95">
            <Shape><Polygon POINTS="614 780 614 802 2660 788 2663 760 2658 726 2540 710 2537 710 2453 724 2391 707 2388 707 2385 707 2290 710 2287 710 2284 710 2262 726 1863 712 1860 712 1858 712 1779 735 1633 735 1583 715 1580 715 1577 715 1574 715 1571 715 1549 732 1265 718 1263 718 1260 718 1192 740 943 740 906 721 903 721 900 721 898 721 825 740 668 724 665 724 662 724 611 740 614 780"/></Shape>
	    <String CONTENT=""
                    HPOS="611"
                    VPOS="707"
                    WIDTH="2052"
                    HEIGHT="95"></String>
          </TextLine>
          <TextLine ID="eSc_line_9d905ffc"
                    TAGREFS="LT31"
                    BASELINE="561 856 2320 847 2321 847 2666 836" 
                    HPOS="558"
                    VPOS="788"
                    WIDTH="2108"
                    HEIGHT="87">
            <Shape><Polygon POINTS="561 875 2663 872 2666 836 2658 788 558 811 561 856"/></Shape>
	    <String CONTENT=""
                    HPOS="558"
                    VPOS="788"
                    WIDTH="2108"
                    HEIGHT="87"></String>
          </TextLine>
          <TextLine ID="eSc_line_f4cd22e0"
                    TAGREFS="LT31"
                    BASELINE="561 931 1700 906 2375 908 2375 908 2666 898" 
                    HPOS="558"
                    VPOS="842"
                    WIDTH="2108"
                    HEIGHT="129">
            <Shape><Polygon POINTS="561 971 712 968 715 968 757 948 872 962 875 962 973 943 1282 943 1333 954 1352 957 1355 957 1425 951 1616 934 1686 945 1714 948 1717 948 1720 948 1731 943 1762 931 1838 943 1874 945 1877 945 1880 945 1900 940 1936 929 2015 937 2068 943 2071 943 2074 943 2102 934 2127 929 2228 931 2422 940 2425 940 2495 926 2526 920 2660 920 2666 898 2663 858 2599 842 2596 842 2593 842 2590 842 2526 858 2512 858 1642 858 1639 858 1459 875 1409 861 1406 861 1403 861 1251 881 1235 881 1218 881 1108 867 1105 867 1103 867 1063 884 1058 884 1049 884 971 870 968 870 965 870 962 870 943 884 943 886 724 889 718 889 698 875 696 875 693 875 690 875 558 889 561 931"/></Shape>
	    <String CONTENT=""
                    HPOS="558"
                    VPOS="842"
                    WIDTH="2108"
                    HEIGHT="129"></String>
          </TextLine>
          <TextLine ID="eSc_line_b27fd73f"
                    TAGREFS="LT31"
                    BASELINE="564 1007 1324 998 1324 998 1799 973 2674 965" 
                    HPOS="561"
                    VPOS="920"
                    WIDTH="2113"
                    HEIGHT="135">
            <Shape><Polygon POINTS="564 1055 710 1038 766 1049 769 1049 771 1049 774 1049 811 1027 909 1046 912 1046 915 1046 917 1046 965 1021 1060 1035 1063 1035 1271 1016 1330 1035 1333 1035 1336 1035 1341 1035 1490 1007 1835 1004 1869 1021 1874 1024 1877 1024 1880 1027 2006 1027 2006 1024 2099 1016 2242 1001 2674 1001 2674 965 2666 920 1633 931 1630 931 1627 931 1611 945 1605 945 1577 945 1425 937 1423 937 985 959 954 959 948 959 856 948 853 948 561 968 564 1007"/></Shape>
	    <String CONTENT=""
                    HPOS="561"
                    VPOS="920"
                    WIDTH="2113"
                    HEIGHT="135"></String>
          </TextLine>
          <TextLine ID="eSc_line_1412131a"
                    TAGREFS="LT34"
                    BASELINE="1887 1025 1998 1008 1998 1008 2165 1008" 
                    HPOS="1887"
                    VPOS="1008"
                    WIDTH="278"
                    HEIGHT="17">
	    <String CONTENT=""
                    HPOS="1887"
                    VPOS="1008"
                    WIDTH="278"
                    HEIGHT="17"></String>
          </TextLine>
          <TextLine ID="eSc_line_cbff6ba4"
                    TAGREFS="LT31"
                    BASELINE="558 1083 1294 1078 1540 1062 2688 1030" 
                    HPOS="555"
                    VPOS="985"
                    WIDTH="2133"
                    HEIGHT="120">
            <Shape><Polygon POINTS="558 1105 2688 1052 2688 1030 2680 985 555 1035 558 1083"/></Shape>
	    <String CONTENT=""
                    HPOS="555"
                    VPOS="985"
                    WIDTH="2133"
                    HEIGHT="120"></String>
          </TextLine>
          <TextLine ID="eSc_line_192d45e6"
                    TAGREFS="LT31"
                    BASELINE="550 1150 2708 1100" 
                    HPOS="547"
                    VPOS="1055"
                    WIDTH="2161"
                    HEIGHT="115">
            <Shape><Polygon POINTS="550 1150 550 1170 2705 1133 2708 1100 2700 1055 2015 1074 1995 1072 1956 1063 1953 1063 1821 1074 1731 1083 1650 1080 1498 1072 1496 1072 1246 1088 1131 1097 1094 1094 1016 1083 1013 1083 1010 1083 1007 1083 1007 1086 996 1097 993 1097 965 1097 816 1088 813 1088 741 1103 718 1105 704 1103 659 1091 656 1091 653 1091 547 1105 550 1150"/></Shape>
	    <String CONTENT=""
                    HPOS="547"
                    VPOS="1055"
                    WIDTH="2161"
                    HEIGHT="115"></String>
          </TextLine>
          <TextLine ID="eSc_line_3dd4be40"
                    TAGREFS="LT31"
                    BASELINE="555 1223 2705 1178" 
                    HPOS="552"
                    VPOS="1128"
                    WIDTH="2153"
                    HEIGHT="132">
            <Shape><Polygon POINTS="555 1223 555 1260 962 1237 1198 1246 1223 1246 1226 1246 1274 1243 1647 1223 1737 1234 1757 1234 1759 1234 1762 1234 1768 1232 1796 1218 2705 1209 2705 1178 2700 1145 2568 1128 2565 1128 2562 1128 2514 1145 2388 1133 2385 1133 2383 1133 2346 1147 2326 1133 2324 1133 2321 1133 2318 1133 2194 1150 2164 1153 2138 1150 2048 1139 2046 1139 2043 1139 2040 1139 2023 1153 2018 1156 1995 1153 1931 1142 1928 1142 1818 1156 1757 1164 1540 1164 1526 1159 1510 1150 1507 1150 1504 1150 1501 1150 1498 1150 1487 1159 1476 1167 1434 1159 1389 1153 1386 1153 1383 1153 1380 1153 1369 1161 1355 1170 1333 1161 1316 1156 1313 1156 1310 1156 1277 1161 1218 1173 552 1173 555 1223"/></Shape>
	    <String CONTENT=""
                    HPOS="552"
                    VPOS="1128"
                    WIDTH="2153"
                    HEIGHT="132"></String>
          </TextLine>
          <TextLine ID="eSc_line_2a26ef98"
                    TAGREFS="LT31"
                    BASELINE="555 1305 819 1288 2705 1243" 
                    HPOS="552"
                    VPOS="1201"
                    WIDTH="2153"
                    HEIGHT="132">
            <Shape><Polygon POINTS="555 1305 555 1333 673 1316 895 1324 898 1324 900 1324 943 1307 1083 1319 1086 1319 1089 1319 1128 1302 1686 1305 1692 1305 1695 1305 1773 1288 2121 1293 2124 1293 2127 1293 2189 1277 2419 1282 2422 1282 2514 1268 2702 1279 2705 1243 2700 1209 2380 1201 2377 1201 1706 1232 1695 1232 1692 1232 1583 1220 1580 1220 1577 1220 1574 1220 1554 1234 1467 1223 1465 1223 1462 1223 1411 1237 906 1237 903 1237 552 1260 555 1305"/></Shape>
	    <String CONTENT=""
                    HPOS="552"
                    VPOS="1201"
                    WIDTH="2153"
                    HEIGHT="132"></String>
          </TextLine>
          <TextLine ID="eSc_line_c2485865"
                    TAGREFS="LT31"
                    BASELINE="544 1378 2714 1313" 
                    HPOS="541"
                    VPOS="1265"
                    WIDTH="2173"
                    HEIGHT="152">
            <Shape><Polygon POINTS="544 1378 544 1417 651 1397 724 1411 726 1411 732 1411 1018 1386 1336 1392 1352 1392 1355 1392 1358 1392 1400 1375 1552 1386 1574 1386 1577 1386 1611 1383 1779 1366 1844 1375 1860 1378 1863 1378 1866 1378 1874 1375 1917 1361 2020 1369 2046 1372 2048 1372 2068 1369 2150 1350 2714 1347 2714 1313 2705 1265 541 1333 544 1378"/></Shape>
	    <String CONTENT=""
                    HPOS="541"
                    VPOS="1265"
                    WIDTH="2173"
                    HEIGHT="152"></String>
          </TextLine>
          <TextLine ID="eSc_line_b98abf7d"
                    TAGREFS="LT31"
                    BASELINE="544 1459 2217 1400 2702 1400" 
                    HPOS="541"
                    VPOS="1347"
                    WIDTH="2161"
                    HEIGHT="146">
            <Shape><Polygon POINTS="544 1459 547 1493 595 1479 679 1490 693 1490 696 1490 698 1490 701 1490 732 1473 923 1481 943 1481 945 1481 948 1481 951 1481 985 1465 1204 1473 1232 1473 1235 1473 1246 1473 1327 1453 1470 1465 1482 1465 1484 1465 1493 1465 1580 1445 2155 1445 2169 1445 2169 1442 2172 1442 2175 1442 2200 1422 2360 1420 2697 1425 2702 1400 2697 1350 2357 1347 2354 1347 2270 1364 2265 1366 2228 1366 1754 1366 1751 1366 1675 1380 1661 1383 1636 1383 1493 1375 1490 1375 1417 1389 1403 1392 1392 1389 1347 1380 1344 1380 1341 1380 1319 1392 1313 1394 1260 1394 1060 1389 1058 1389 541 1414 544 1459"/></Shape>
	    <String CONTENT=""
                    HPOS="541"
                    VPOS="1347"
                    WIDTH="2161"
                    HEIGHT="146"></String>
          </TextLine>
          <TextLine ID="eSc_line_5ac2f29f"
                    TAGREFS="LT31"
                    BASELINE="547 1529 1919 1490 2293 1467 2666 1467" 
                    HPOS="544"
                    VPOS="1422"
                    WIDTH="2122"
                    HEIGHT="135">
            <Shape><Polygon POINTS="547 1529 547 1557 917 1557 917 1554 920 1554 923 1554 937 1543 945 1535 1035 1532 1060 1538 1086 1546 1089 1546 1091 1546 1094 1546 1119 1538 1131 1532 1142 1535 1164 1546 1167 1546 1170 1546 1392 1540 1490 1524 1518 1521 1532 1524 1580 1535 1583 1535 1585 1535 1588 1535 1627 1521 1633 1521 1810 1529 1813 1529 1911 1512 2004 1524 2006 1524 2009 1524 2012 1524 2032 1507 2037 1501 2666 1484 2666 1467 2660 1422 2138 1428 2136 1428 2107 1439 2091 1445 2071 1439 2040 1431 2037 1431 2034 1431 1824 1448 1712 1456 1703 1451 1689 1442 1686 1442 1684 1442 1681 1442 1361 1462 1226 1470 1201 1467 1139 1459 1136 1459 1133 1459 1131 1459 1117 1470 1111 1473 1100 1470 1058 1459 1055 1459 1052 1459 1049 1459 1046 1459 1030 1473 1024 1476 1010 1473 934 1462 931 1462 842 1479 822 1484 544 1487 547 1529"/></Shape>
	    <String CONTENT=""
                    HPOS="544"
                    VPOS="1422"
                    WIDTH="2122"
                    HEIGHT="135"></String>
          </TextLine>
          <TextLine ID="eSc_line_475e12c3"
                    TAGREFS="LT31"
                    BASELINE="538 1602 2686 1535" 
                    HPOS="536"
                    VPOS="1493"
                    WIDTH="2150"
                    HEIGHT="143">
            <Shape><Polygon POINTS="538 1602 538 1622 623 1636 625 1636 628 1636 631 1636 651 1619 656 1619 710 1633 712 1633 715 1633 906 1613 934 1611 990 1611 1338 1613 1341 1613 1344 1613 1375 1599 1383 1596 1409 1599 1518 1608 1521 1608 1642 1591 1656 1591 1667 1591 1771 1599 1773 1599 1776 1599 1807 1585 1813 1585 1832 1585 1933 1594 1936 1594 2043 1580 2074 1577 2113 1577 2220 1582 2223 1582 2225 1582 2228 1582 2228 1580 2237 1574 2242 1568 2340 1571 2503 1577 2506 1577 2686 1560 2686 1535 2680 1495 2234 1493 2231 1493 2228 1493 2180 1509 2178 1512 2144 1512 1642 1512 1639 1512 1636 1512 1569 1529 1563 1529 1554 1529 1456 1518 1453 1518 1176 1540 1139 1543 1122 1543 968 1532 965 1532 864 1552 856 1552 839 1552 665 1543 662 1543 536 1560 538 1602"/></Shape>
	    <String CONTENT=""
                    HPOS="536"
                    VPOS="1493"
                    WIDTH="2150"
                    HEIGHT="143"></String>
          </TextLine>
          <TextLine ID="eSc_line_c9dc3c81"
                    TAGREFS="LT31"
                    BASELINE="533 1675 1841 1630 2335 1625" 
                    HPOS="530"
                    VPOS="1563"
                    WIDTH="1805"
                    HEIGHT="135">
            <Shape><Polygon POINTS="533 1675 533 1698 2335 1653 2335 1625 2326 1563 2119 1585 2043 1574 2040 1574 2037 1574 1998 1588 1824 1580 1818 1580 1816 1580 1813 1580 1757 1596 1712 1582 1709 1582 1706 1582 1703 1582 1700 1582 1698 1582 1672 1599 1574 1588 1571 1588 1569 1588 1566 1588 1563 1588 1563 1591 1549 1602 1453 1594 1451 1594 1448 1594 1406 1608 1271 1596 1240 1596 1237 1596 1201 1599 1052 1619 985 1608 965 1605 962 1605 872 1608 870 1608 867 1608 864 1611 844 1625 530 1625 533 1675"/></Shape>
	    <String CONTENT=""
                    HPOS="530"
                    VPOS="1563"
                    WIDTH="1805"
                    HEIGHT="135"></String>
          </TextLine>
          <TextLine ID="eSc_line_16a883e1"
                    TAGREFS="LT31"
                    BASELINE="547 1751 2669 1672" 
                    HPOS="544"
                    VPOS="1625"
                    WIDTH="2125"
                    HEIGHT="154">
            <Shape><Polygon POINTS="547 1751 547 1779 1077 1773 1170 1762 1232 1754 1296 1756 1375 1762 1378 1762 1521 1751 1684 1737 1729 1745 1757 1748 1759 1748 1813 1742 1911 1728 1961 1737 1984 1740 1987 1740 2082 1734 2371 1712 2503 1720 2514 1720 2517 1720 2526 1720 2613 1703 2663 1714 2669 1672 2660 1625 1375 1684 1327 1681 1226 1675 1223 1675 1164 1689 1145 1692 1131 1689 1080 1681 1077 1681 1007 1695 993 1698 959 1698 771 1692 769 1692 544 1714 547 1751"/></Shape>
	    <String CONTENT=""
                    HPOS="544"
                    VPOS="1625"
                    WIDTH="2125"
                    HEIGHT="154"></String>
          </TextLine>
          <TextLine ID="eSc_line_d2a280b4"
                    TAGREFS="LT31"
                    BASELINE="536 1824 2717 1748" 
                    HPOS="533"
                    VPOS="1700"
                    WIDTH="2184"
                    HEIGHT="149">
            <Shape><Polygon POINTS="536 1824 536 1849 2714 1776 2717 1748 2708 1700 533 1785 536 1824"/></Shape>
	    <String CONTENT=""
                    HPOS="533"
                    VPOS="1700"
                    WIDTH="2184"
                    HEIGHT="149"></String>
          </TextLine>
          <TextLine ID="eSc_line_d6e47f34"
                    TAGREFS="LT31"
                    BASELINE="527 1894 1727 1859 1727 1859 2702 1815" 
                    HPOS="524"
                    VPOS="1776"
                    WIDTH="2178"
                    HEIGHT="152">
            <Shape><Polygon POINTS="527 1928 648 1911 1768 1886 2472 1846 2700 1852 2702 1815 2694 1776 1987 1787 1905 1804 1894 1804 1852 1804 1554 1804 1552 1804 1395 1821 1366 1824 1355 1824 1296 1813 1293 1813 1291 1813 1288 1813 1288 1815 1277 1827 1274 1829 1220 1829 836 1829 833 1829 830 1829 828 1829 813 1843 811 1843 797 1843 670 1835 668 1835 524 1852 527 1894"/></Shape>
	    <String CONTENT=""
                    HPOS="524"
                    VPOS="1776"
                    WIDTH="2178"
                    HEIGHT="152"></String>
          </TextLine>
          <TextLine ID="eSc_line_0ea2becb"
                    TAGREFS="LT31"
                    BASELINE="533 1959 2040 1911 2040 1911 2672 1877" 
                    HPOS="530"
                    VPOS="1835"
                    WIDTH="2142"
                    HEIGHT="160">
            <Shape><Polygon POINTS="533 1981 603 1995 606 1995 684 1978 696 1975 724 1975 898 1984 900 1984 1072 1964 1122 1959 1139 1961 1190 1973 1192 1973 1195 1973 1198 1973 1198 1970 1209 1959 1215 1956 1243 1959 1338 1967 1341 1967 1344 1967 1397 1953 1420 1947 1484 1950 1616 1956 1619 1956 2672 1908 2672 1877 2666 1843 2455 1835 2453 1835 2374 1852 2371 1855 1678 1877 1675 1877 1642 1866 1639 1866 1636 1866 530 1916 533 1959"/></Shape>
	    <String CONTENT=""
                    HPOS="530"
                    VPOS="1835"
                    WIDTH="2142"
                    HEIGHT="160"></String>
          </TextLine>
          <TextLine ID="eSc_line_49d7c70d"
                    TAGREFS="LT31"
                    BASELINE="527 2029 2672 1942" 
                    HPOS="524"
                    VPOS="1891"
                    WIDTH="2148"
                    HEIGHT="169">
            <Shape><Polygon POINTS="527 2029 527 2060 1150 2026 1187 2032 1215 2037 1218 2037 1220 2037 1243 2029 1268 2020 1442 2020 1700 2017 1703 2017 1748 2006 1773 2001 1793 2003 1838 2012 1841 2012 1844 2012 1846 2012 1863 2001 1869 1998 1877 2001 1903 2009 1905 2009 1908 2009 1911 2009 1942 1998 1947 1995 1953 1998 1973 2006 1976 2006 1978 2006 2534 1984 2672 1961 2672 1942 2669 1902 2590 1891 2587 1891 2467 1908 2447 1914 2349 1914 1689 1928 1686 1928 1625 1945 1616 1945 1580 1945 1347 1942 1344 1942 1341 1942 1338 1942 1319 1956 1316 1959 1271 1959 788 1964 524 1987 527 2029"/></Shape>
	    <String CONTENT=""
                    HPOS="524"
                    VPOS="1891"
                    WIDTH="2148"
                    HEIGHT="169"></String>
          </TextLine>
          <TextLine ID="eSc_line_5fd565af"
                    TAGREFS="LT31"
                    BASELINE="516 2107 2638 2012" 
                    HPOS="513"
                    VPOS="1973"
                    WIDTH="2125"
                    HEIGHT="160">
            <Shape><Polygon POINTS="516 2107 516 2133 811 2133 813 2133 864 2119 903 2110 1086 2110 1313 2110 1313 2107 1316 2107 1319 2107 1333 2096 1341 2093 1414 2093 1698 2093 1700 2093 1703 2093 1706 2093 1729 2076 1737 2074 1776 2074 1877 2079 1880 2079 2023 2062 2079 2057 2147 2057 2447 2060 2450 2060 2453 2060 2531 2037 2534 2037 2537 2037 2571 2054 2573 2054 2576 2054 2579 2054 2638 2032 2638 2012 2632 1973 513 2068 516 2107"/></Shape>
	    <String CONTENT=""
                    HPOS="513"
                    VPOS="1973"
                    WIDTH="2125"
                    HEIGHT="160"></String>
          </TextLine>
          <TextLine ID="eSc_line_53c040ff"
                    TAGREFS="LT31"
                    BASELINE="533 2169 1518 2138 2697 2076" 
                    HPOS="530"
                    VPOS="2034"
                    WIDTH="2167"
                    HEIGHT="174">
            <Shape><Polygon POINTS="533 2169 533 2208 662 2189 718 2203 721 2203 724 2203 726 2203 797 2183 906 2194 915 2194 917 2194 940 2192 1176 2166 1226 2180 1232 2180 1235 2180 1237 2180 2697 2107 2697 2076 2694 2043 2464 2034 2461 2034 2458 2034 2455 2034 2433 2051 2430 2054 2402 2054 2206 2046 2203 2046 2009 2054 2006 2054 1953 2074 1942 2079 1498 2096 1490 2093 1465 2079 1462 2079 1459 2079 1352 2099 1330 2102 1319 2099 1246 2088 1243 2088 1240 2088 1192 2102 1139 2093 1136 2093 1133 2093 1131 2093 1131 2096 1114 2110 1111 2113 1100 2110 1052 2096 1049 2096 1046 2096 1044 2096 1007 2113 1002 2116 971 2116 816 2107 813 2107 811 2107 783 2124 771 2130 530 2133 533 2169"/></Shape>
	    <String CONTENT=""
                    HPOS="530"
                    VPOS="2034"
                    WIDTH="2167"
                    HEIGHT="174"></String>
          </TextLine>
          <TextLine ID="eSc_line_b7a23c29"
                    TAGREFS="LT31"
                    BASELINE="527 2242 1386 2217 2416 2155 2652 2149" 
                    HPOS="524"
                    VPOS="2107"
                    WIDTH="2128"
                    HEIGHT="166">
            <Shape><Polygon POINTS="527 2242 527 2273 1961 2220 2082 2197 2093 2197 2096 2197 2136 2211 2138 2211 2141 2211 2371 2183 2391 2183 2397 2183 2506 2194 2509 2194 2652 2169 2652 2149 2646 2107 2394 2107 2391 2107 2388 2107 2385 2107 2371 2121 2366 2124 2335 2124 2225 2116 2223 2116 2220 2116 2217 2116 2197 2130 2189 2133 2102 2133 1844 2133 1841 2133 1712 2149 1656 2161 524 2203 527 2242"/></Shape>
	    <String CONTENT=""
                    HPOS="524"
                    VPOS="2107"
                    WIDTH="2128"
                    HEIGHT="166"></String>
          </TextLine>
          <TextLine ID="eSc_line_9e1485c0"
                    TAGREFS="LT34"
                    BASELINE="1772 2238 1888 2228" 
                    HPOS="1772"
                    VPOS="2228"
                    WIDTH="116"
                    HEIGHT="10">
	    <String CONTENT=""
                    HPOS="1772"
                    VPOS="2228"
                    WIDTH="116"
                    HEIGHT="10"></String>
          </TextLine>
          <TextLine ID="eSc_line_75cad5eb"
                    TAGREFS="LT31"
                    BASELINE="527 2304 1316 2287 2430 2231 2700 2236" 
                    HPOS="524"
                    VPOS="2175"
                    WIDTH="2176"
                    HEIGHT="154">
            <Shape><Polygon POINTS="527 2304 527 2329 1771 2301 2043 2284 2576 2253 2697 2264 2700 2236 2697 2189 2652 2175 2649 2175 2646 2175 2644 2175 2573 2194 2571 2194 2562 2194 2287 2189 2284 2189 2281 2189 2225 2206 2063 2197 2060 2197 1706 2225 1619 2234 1305 2242 1293 2239 1260 2228 1257 2228 1254 2228 1251 2228 1249 2228 1249 2231 1237 2242 1232 2245 1164 2245 1002 2239 999 2239 996 2239 973 2250 959 2259 524 2264 527 2304"/></Shape>
	    <String CONTENT=""
                    HPOS="524"
                    VPOS="2175"
                    WIDTH="2176"
                    HEIGHT="154"></String>
          </TextLine>
          <TextLine ID="eSc_line_944ecc3e"
                    TAGREFS="LT31"
                    BASELINE="522 2371 1597 2343 2700 2293" 
                    HPOS="519"
                    VPOS="2245"
                    WIDTH="2181"
                    HEIGHT="165">
            <Shape><Polygon POINTS="522 2371 522 2402 642 2410 645 2410 648 2410 651 2410 670 2396 682 2391 836 2388 870 2391 982 2399 985 2399 1212 2377 1251 2374 1288 2374 1524 2380 1526 2380 1706 2357 1720 2357 1726 2357 1838 2368 1841 2368 2150 2340 2166 2340 2175 2340 2377 2349 2380 2349 2383 2349 2422 2332 2458 2343 2461 2343 2464 2343 2554 2326 2585 2340 2587 2340 2590 2340 2593 2340 2596 2340 2618 2323 2618 2321 2700 2318 2700 2293 2691 2245 2599 2262 2531 2250 2528 2250 2526 2250 2517 2250 2360 2270 2228 2262 2220 2262 2217 2262 2211 2262 2133 2279 1925 2273 1908 2273 1905 2273 1886 2273 1670 2298 519 2323 522 2371"/></Shape>
	    <String CONTENT=""
                    HPOS="519"
                    VPOS="2245"
                    WIDTH="2181"
                    HEIGHT="165"></String>
          </TextLine>
          <TextLine ID="eSc_line_8a9762e7"
                    TAGREFS="LT31"
                    BASELINE="524 2436 1886 2399 2705 2354" 
                    HPOS="522"
                    VPOS="2318"
                    WIDTH="2183"
                    HEIGHT="146">
            <Shape><Polygon POINTS="524 2436 524 2464 2326 2416 2329 2416 2332 2416 2354 2402 2554 2408 2557 2408 2559 2408 2562 2408 2562 2405 2576 2394 2641 2402 2644 2402 2646 2402 2705 2385 2705 2354 2697 2318 522 2396 524 2436"/></Shape>
	    <String CONTENT=""
                    HPOS="522"
                    VPOS="2318"
                    WIDTH="2183"
                    HEIGHT="146"></String>
          </TextLine>
          <TextLine ID="eSc_line_aed31363"
                    TAGREFS="LT31"
                    BASELINE="522 2497 2291 2443 2638 2424" 
                    HPOS="519"
                    VPOS="2388"
                    WIDTH="2119"
                    HEIGHT="143">
            <Shape><Polygon POINTS="522 2517 595 2531 597 2531 684 2514 828 2523 830 2523 833 2523 836 2523 853 2509 915 2520 917 2520 920 2520 923 2520 923 2517 937 2506 999 2517 1002 2517 1164 2497 1176 2497 1178 2497 1220 2509 1223 2509 1226 2509 2638 2450 2638 2424 2630 2388 519 2453 522 2497"/></Shape>
	    <String CONTENT=""
                    HPOS="519"
                    VPOS="2388"
                    WIDTH="2119"
                    HEIGHT="143"></String>
          </TextLine>
          <TextLine ID="eSc_line_72389838"
                    TAGREFS="LT31"
                    BASELINE="522 2559 2618 2495" 
                    HPOS="519"
                    VPOS="2444"
                    WIDTH="2099"
                    HEIGHT="143">
            <Shape><Polygon POINTS="522 2559 522 2587 2618 2514 2618 2495 2613 2458 2526 2444 2523 2444 2430 2461 2427 2461 2346 2450 2343 2450 2256 2467 2248 2467 2242 2467 2161 2455 2158 2455 2001 2472 1978 2475 1973 2475 1947 2464 1945 2464 1942 2464 519 2511 522 2559"/></Shape>
	    <String CONTENT=""
                    HPOS="519"
                    VPOS="2444"
                    WIDTH="2099"
                    HEIGHT="143"></String>
          </TextLine>
          <TextLine ID="eSc_line_ed260622"
                    TAGREFS="LT31"
                    BASELINE="519 2624 2669 2554" 
                    HPOS="516"
                    VPOS="2514"
                    WIDTH="2153"
                    HEIGHT="138">
            <Shape><Polygon POINTS="519 2624 519 2652 2669 2579 2669 2554 2660 2514 516 2576 519 2624"/></Shape>
	    <String CONTENT=""
                    HPOS="516"
                    VPOS="2514"
                    WIDTH="2153"
                    HEIGHT="138"></String>
          </TextLine>
          <TextLine ID="eSc_line_4a7f8da1"
                    TAGREFS="LT31"
                    BASELINE="522 2694 872 2683" 
                    HPOS="519"
                    VPOS="2641"
                    WIDTH="353"
                    HEIGHT="78">
            <Shape><Polygon POINTS="522 2694 522 2719 872 2711 872 2683 864 2641 519 2652 522 2694"/></Shape>
	    <String CONTENT=""
                    HPOS="519"
                    VPOS="2641"
                    WIDTH="353"
                    HEIGHT="78"></String>
          </TextLine>
          <TextLine ID="eSc_line_5dd62dee"
                    TAGREFS="LT31"
                    BASELINE="533 2756 2686 2671" 
                    HPOS="530"
                    VPOS="2627"
                    WIDTH="2156"
                    HEIGHT="154">
            <Shape><Polygon POINTS="533 2756 533 2781 2464 2719 2467 2719 2470 2719 2492 2705 2680 2711 2686 2671 2680 2629 2363 2627 2360 2627 2281 2643 2253 2649 2206 2646 2043 2638 2040 2638 1959 2657 1942 2660 1922 2657 1830 2646 1827 2646 1712 2666 1681 2674 1322 2685 1307 2683 1263 2671 1260 2671 1257 2671 1254 2671 1223 2685 1220 2688 1206 2688 1131 2680 1128 2680 1058 2694 1038 2697 1027 2694 979 2680 976 2680 973 2680 971 2680 937 2700 934 2700 923 2700 847 2688 844 2688 729 2708 718 2708 715 2708 684 2694 682 2694 679 2694 530 2714 533 2756"/></Shape>
	    <String CONTENT=""
                    HPOS="530"
                    VPOS="2627"
                    WIDTH="2156"
                    HEIGHT="154"></String>
          </TextLine>
          <TextLine ID="eSc_line_16ad9bc6"
                    TAGREFS="LT31"
                    BASELINE="513 2829 2674 2747" 
                    HPOS="510"
                    VPOS="2702"
                    WIDTH="2164"
                    HEIGHT="155">
            <Shape><Polygon POINTS="513 2829 513 2857 2674 2775 2674 2747 2666 2702 1922 2736 1908 2730 1880 2722 1877 2722 1874 2722 1737 2739 1681 2744 1667 2742 1627 2730 1625 2730 1622 2730 1619 2730 1566 2744 1546 2750 1529 2747 1476 2736 1473 2736 1470 2736 1467 2736 1453 2750 1448 2756 1327 2758 1274 2758 1105 2750 1103 2750 1100 2750 1097 2750 1075 2764 1069 2767 1046 2767 917 2758 915 2758 510 2787 513 2829"/></Shape>
	    <String CONTENT=""
                    HPOS="510"
                    VPOS="2702"
                    WIDTH="2164"
                    HEIGHT="155"></String>
          </TextLine>
          <TextLine ID="eSc_line_30fc03eb"
                    TAGREFS="LT31"
                    BASELINE="519 2893 2310 2829 2700 2829" 
                    HPOS="516"
                    VPOS="2770"
                    WIDTH="2184"
                    HEIGHT="154">
            <Shape><Polygon POINTS="519 2893 519 2924 2697 2851 2700 2829 2697 2781 2481 2770 2478 2770 2475 2770 2436 2787 2321 2775 2318 2775 2206 2795 2074 2784 2071 2784 2068 2784 2065 2784 2043 2801 1838 2795 1835 2795 1653 2815 1597 2801 1594 2801 1591 2801 1588 2801 1554 2817 1111 2817 1108 2817 1105 2817 1103 2817 1072 2834 732 2831 729 2831 516 2854 519 2893"/></Shape>
	    <String CONTENT=""
                    HPOS="516"
                    VPOS="2770"
                    WIDTH="2184"
                    HEIGHT="154"></String>
          </TextLine>
          <TextLine ID="eSc_line_3e592d4c"
                    TAGREFS="LT31"
                    BASELINE="522 2966 2564 2905 2663 2920" 
                    HPOS="519"
                    VPOS="2862"
                    WIDTH="2144"
                    HEIGHT="135">
            <Shape><Polygon POINTS="522 2997 1467 2958 1535 2969 1540 2969 1543 2969 1566 2969 1801 2949 2088 2952 2099 2952 2102 2952 2113 2952 2388 2930 2660 2935 2663 2902 2658 2862 2105 2862 2102 2862 2020 2879 2006 2882 1995 2882 1925 2868 1922 2868 1919 2868 1917 2868 1900 2882 1844 2871 1841 2871 1838 2871 1835 2871 1816 2888 1810 2890 1726 2890 1714 2890 1642 2876 1639 2876 1493 2896 1487 2896 1484 2896 1467 2882 1465 2882 1462 2882 1459 2882 1456 2882 1425 2896 1358 2885 1355 2885 1352 2885 1350 2885 1324 2902 1322 2902 1319 2902 1282 2890 1279 2890 1277 2890 1030 2910 982 2913 968 2913 892 2899 889 2899 519 2924 522 2966"/></Shape>
	    <String CONTENT=""
                    HPOS="519"
                    VPOS="2862"
                    WIDTH="2144"
                    HEIGHT="135"></String>
          </TextLine>
          <TextLine ID="eSc_line_b8e34c0a"
                    TAGREFS="LT31"
                    BASELINE="513 3039 2623 2969 2708 2972" 
                    HPOS="510"
                    VPOS="2918"
                    WIDTH="2192"
                    HEIGHT="149">
            <Shape><Polygon POINTS="513 3067 2702 3000 2702 2966 2697 2930 2444 2918 2441 2918 2298 2941 2273 2944 2262 2941 2208 2927 2206 2927 2203 2927 2200 2927 2197 2927 2175 2944 2172 2947 2161 2944 2116 2935 2113 2935 2110 2935 2107 2935 2093 2947 2088 2952 1886 2955 1877 2955 1830 2941 1827 2941 1824 2941 1821 2941 1757 2958 1743 2961 1731 2958 1698 2947 1695 2947 1692 2947 1689 2947 1653 2961 1644 2966 1395 2972 1386 2969 1352 2955 1350 2955 1347 2955 1257 2972 1229 2977 1176 2975 1016 2966 1013 2966 1010 2966 1007 2966 988 2980 976 2986 895 2983 690 2977 687 2977 684 2977 642 2991 628 2997 614 2991 586 2983 583 2983 581 2983 510 2994 513 3039"/></Shape>
	    <String CONTENT=""
                    HPOS="510"
                    VPOS="2918"
                    WIDTH="2192"
                    HEIGHT="149"></String>
          </TextLine>
          <TextLine ID="eSc_line_b7bbf077"
                    TAGREFS="LT31"
                    BASELINE="516 3106 2655 3031" 
                    HPOS="513"
                    VPOS="2983"
                    WIDTH="2142"
                    HEIGHT="160">
            <Shape><Polygon POINTS="516 3106 516 3129 589 3143 592 3143 701 3123 710 3123 712 3123 749 3137 752 3137 755 3137 1058 3126 1060 3126 1089 3112 1131 3123 1133 3123 1136 3123 1139 3123 1181 3109 1190 3106 1220 3106 1383 3115 1386 3115 1622 3095 1712 3087 1771 3090 1900 3095 1903 3095 2029 3081 2102 3070 2385 3064 2394 3070 2408 3078 2411 3078 2413 3078 2416 3078 2419 3078 2455 3067 2472 3062 2655 3062 2655 3031 2646 2983 513 3064 516 3106"/></Shape>
	    <String CONTENT=""
                    HPOS="513"
                    VPOS="2983"
                    WIDTH="2142"
                    HEIGHT="160"></String>
          </TextLine>
          <TextLine ID="eSc_line_55e6358c"
                    TAGREFS="LT31"
                    BASELINE="510 3179 2388 3109 2615 3090" 
                    HPOS="508"
                    VPOS="3048"
                    WIDTH="2107"
                    HEIGHT="162">
            <Shape><Polygon POINTS="510 3179 510 3210 1173 3174 1215 3179 1246 3185 1249 3185 1251 3185 1282 3177 1324 3168 1358 3174 1392 3179 1395 3179 1622 3163 1745 3154 1771 3157 1832 3163 1835 3163 1894 3151 1922 3146 2040 3146 2352 3146 2352 3143 2354 3143 2416 3129 2427 3126 2436 3126 2498 3137 2500 3137 2615 3118 2615 3090 2610 3048 1535 3101 1467 3090 1465 3090 1462 3090 1459 3090 1386 3106 1268 3098 1265 3098 1091 3121 508 3123 510 3179"/></Shape>
	    <String CONTENT=""
                    HPOS="508"
                    VPOS="3048"
                    WIDTH="2107"
                    HEIGHT="162"></String>
          </TextLine>
          <TextLine ID="eSc_line_45889801"
                    TAGREFS="LT31"
                    BASELINE="510 3241 2627 3175" 
                    HPOS="508"
                    VPOS="3132"
                    WIDTH="2119"
                    HEIGHT="132">
            <Shape><Polygon POINTS="510 3264 2627 3202 2627 3171 2621 3135 2127 3132 2124 3132 2032 3151 2029 3151 1981 3140 1978 3140 1976 3140 1653 3163 1616 3149 1613 3149 1611 3149 1538 3151 1535 3151 1532 3151 1532 3154 1515 3168 1453 3154 1451 3154 1341 3174 1336 3174 1330 3174 1204 3163 1201 3163 1103 3182 1091 3182 1046 3182 600 3182 597 3182 508 3199 510 3241"/></Shape>
	    <String CONTENT=""
                    HPOS="508"
                    VPOS="3132"
                    WIDTH="2119"
                    HEIGHT="132"></String>
          </TextLine>
          <TextLine ID="eSc_line_1525cffe"
                    TAGREFS="LT31"
                    BASELINE="505 3306 2627 3238" 
                    HPOS="505"
                    VPOS="3188"
                    WIDTH="2122"
                    HEIGHT="157">
            <Shape><Polygon POINTS="505 3306 505 3331 550 3345 552 3345 555 3345 766 3325 774 3325 777 3325 844 3342 847 3342 850 3342 853 3342 856 3342 856 3339 872 3323 906 3323 951 3320 982 3320 1296 3328 1299 3328 1302 3328 1347 3311 1549 3320 1552 3320 1554 3320 1588 3303 1597 3300 1627 3303 1737 3314 1740 3314 1869 3297 1925 3289 1950 3295 1995 3306 1998 3306 2001 3306 2004 3306 2037 3292 2051 3286 2074 3292 2119 3300 2121 3300 2124 3300 2127 3300 2141 3289 2150 3283 2220 3286 2354 3295 2357 3295 2627 3275 2627 3238 2621 3188 2534 3205 2397 3196 2363 3193 2360 3193 2338 3196 2265 3213 2206 3202 2186 3199 2183 3199 2107 3202 2105 3202 2102 3202 2099 3205 2082 3219 1830 3216 1743 3216 1740 3216 1737 3216 1734 3216 1729 3219 1712 3230 1695 3222 1684 3216 1681 3216 1678 3216 1675 3216 1653 3222 1616 3233 1591 3224 1569 3219 1566 3219 1563 3219 1560 3219 1557 3219 1557 3222 1552 3227 1540 3236 1462 3230 1386 3224 1383 3224 519 3264 505 3306"/></Shape>
	    <String CONTENT=""
                    HPOS="505"
                    VPOS="3188"
                    WIDTH="2122"
                    HEIGHT="157"></String>
          </TextLine>
        </TextBlock>
        <TextBlock HPOS="30"
                   VPOS="1833"
                   WIDTH="439"
                   HEIGHT="321"
                   ID="022679d9-58f2-4199-b3c5-0856d79bfc42"
                   TAGREFS="BT43">
          <Shape><Polygon POINTS="469 1833 469 2154 30 2154 30 1833"/></Shape>
        </TextBlock>
        <TextBlock HPOS="165"
                   VPOS="37"
                   WIDTH="291"
                   HEIGHT="206"
                   ID="eSc_textblock_1c109120"
                   TAGREFS="BT44">
          <Shape><Polygon POINTS="165 37 165 236 456 243 456 37"/></Shape>
        </TextBlock>
        <TextBlock ID="eSc_dummyblock_">
          <TextLine ID="eSc_line_8739c5e6"
                    TAGREFS="LT31"
                    BASELINE="242 132 409 139" 
                    HPOS="244"
                    VPOS="78"
                    WIDTH="165"
                    HEIGHT="115">
            <Shape><Polygon POINTS="331 95 303 92 272 89 244 89 249 143 249 193 409 182 409 134 401 78 362 78 359 98"/></Shape>
	    <String CONTENT=""
                    HPOS="244"
                    VPOS="78"
                    WIDTH="165"
                    HEIGHT="115"></String>
          </TextLine>
          <TextLine ID="eSc_line_77f7e4b4"
                    TAGREFS="LT34"
                    BASELINE="74 1979 340 1961" 
                    HPOS="72"
                    VPOS="1902"
                    WIDTH="144"
                    HEIGHT="93">
            <Shape><Polygon POINTS="78 1995 216 1992 216 1959 202 1902 72 1936 78 1973"/></Shape>
	    <String CONTENT=""
                    HPOS="72"
                    VPOS="1902"
                    WIDTH="144"
                    HEIGHT="93"></String>
          </TextLine>
          <TextLine ID="eSc_line_61a8ebbb"
                    TAGREFS="LT34"
                    BASELINE="56 2024 412 2007" 
                    HPOS="75"
                    VPOS="1961"
                    WIDTH="253"
                    HEIGHT="79">
            <Shape><Polygon POINTS="78 2040 328 2029 328 2003 319 1961 75 1973 78 2012"/></Shape>
	    <String CONTENT=""
                    HPOS="75"
                    VPOS="1961"
                    WIDTH="253"
                    HEIGHT="79"></String>
          </TextLine>
          <TextLine ID="eSc_line_e07a1633"
                    TAGREFS="LT34"
                    BASELINE="44 2071 413 2058" 
                    HPOS="42"
                    VPOS="2009"
                    WIDTH="320"
                    HEIGHT="110">
            <Shape><Polygon POINTS="44 2071 44 2119 362 2088 362 2054 353 2009 42 2029 42 2040"/></Shape>
	    <String CONTENT=""
                    HPOS="42"
                    VPOS="2009"
                    WIDTH="320"
                    HEIGHT="110"></String>
          </TextLine>
        </TextBlock>
      </PrintSpace>
    </Page>
  </Layout>
</alto>
