<?xml version="1.0" encoding="UTF-8"?>
<alto xmlns:xsi="http://www.w3.org/2001/XMLSchema-instance"
      xmlns="http://www.loc.gov/standards/alto/ns-v4#"
      xsi:schemaLocation="http://www.loc.gov/standards/alto/ns-v4# http://www.loc.gov/standards/alto/v4/alto-4-2.xsd">
  <Description>
    <MeasurementUnit>pixel</MeasurementUnit>
    <sourceImageInformation>
      <fileName>ARCH-DIV-000496_0196.png</fileName>
    </sourceImageInformation>
  </Description>
  <Tags>
    <OtherTag ID="BT42" LABEL="MainZone" DESCRIPTION="block type MainZone"/><OtherTag ID="BT43" LABEL="MarginTextZone" DESCRIPTION="block type MarginTextZone"/><OtherTag ID="BT44" LABEL="NumberingZone" DESCRIPTION="block type NumberingZone"/><OtherTag ID="BT45" LABEL="TitlePageZone" DESCRIPTION="block type TitlePageZone"/><OtherTag ID="BT46" LABEL="CustomZone:Numbering" DESCRIPTION="block type CustomZone:Numbering"/><OtherTag ID="BT49" LABEL="MarginTextZone:lower" DESCRIPTION="block type MarginTextZone:lower"/>
    <OtherTag ID="LT25" LABEL="default" DESCRIPTION="line type default"/><OtherTag ID="LT31" LABEL="DefaultLine" DESCRIPTION="line type DefaultLine"/><OtherTag ID="LT32" LABEL="HeadingLine" DESCRIPTION="line type HeadingLine"/><OtherTag ID="LT33" LABEL="InterlinearLine:addition" DESCRIPTION="line type InterlinearLine:addition"/><OtherTag ID="LT34" LABEL="InterlinearLine:correction" DESCRIPTION="line type InterlinearLine:correction"/>
  </Tags>
  <Layout>
    <Page WIDTH="2790"
          HEIGHT="3362"
          PHYSICAL_IMG_NR="195"
          ID="eSc_dummypage_">
      <PrintSpace HPOS="0"
                  VPOS="0"
                  WIDTH="2790"
                  HEIGHT="3362">
        <TextBlock HPOS="516"
                   VPOS="37"
                   WIDTH="2212"
                   HEIGHT="3322"
                   ID="ac1ea05b-793d-41bd-8a8c-25f6f7237c57"
                   TAGREFS="BT42">
          <Shape><Polygon POINTS="2728 37 2728 3359 516 3359 516 37"/></Shape>
          <TextLine ID="eSc_line_4c9ceea7"
                    TAGREFS="LT31"
                    BASELINE="611 98 2717 120" 
                    HPOS="611"
                    VPOS="47"
                    WIDTH="2106"
                    HEIGHT="107">
            <Shape><Polygon POINTS="2655 75 2627 75 2599 75 2571 75 2543 72 2515 72 2498 72 2470 78 2459 78 2450 78 2433 72 2431 72 2403 72 2375 70 2363 75 2360 75 2318 70 2318 70 2290 70 2262 70 2234 70 2206 67 2178 67 2150 67 2122 67 2094 67 2066 67 2044 67 1940 70 1929 64 1926 64 1898 64 1881 64 1864 70 1842 61 1842 61 1814 61 1800 61 1774 70 1769 70 1744 70 1564 58 1561 58 1533 58 1511 56 1430 67 1413 67 1410 67 1387 56 1365 56 1337 53 1309 53 1281 53 1253 53 1225 53 1197 53 1169 50 1141 50 1113 50 1085 50 1057 50 1029 50 1023 47 644 56 636 61 611 75 611 98 611 123 846 123 855 126 888 140 891 140 894 140 1385 134 1657 131 1903 131 1917 142 1926 151 1929 151 1931 151 1934 151 2016 145 2103 137 2711 154 2717 120 2714 81 2658 75 2655 75"/></Shape>
	    <String CONTENT="ment moyen et bien plus encore celle de 1842 sur l&#x27;enceigurment"
                    HPOS="611"
                    VPOS="47"
                    WIDTH="2106"
                    HEIGHT="107"
                    WC="0.9982301110313052"></String>
          </TextLine>
          <TextLine ID="eSc_line_148850e3"
                    TAGREFS="LT31"
                    BASELINE="614 190 978 179 2666 190" 
                    HPOS="614"
                    VPOS="142"
                    WIDTH="2052"
                    HEIGHT="87">
            <Shape><Polygon POINTS="614 190 614 221 967 204 1003 221 1006 221 1009 221 1012 221 1015 221 1034 207 1149 207 1169 224 1172 224 1174 224 1177 224 1180 224 1183 224 1214 207 1500 207 1629 226 1637 226 1640 226 1643 226 1645 226 1668 210 1772 226 1777 226 1780 229 1982 229 1996 229 1996 226 1999 226 2058 210 2105 229 2108 229 2111 229 2114 229 2145 229 2375 215 2661 229 2666 190 2663 142 614 142 614 190"/></Shape>
	    <String CONTENT="primaire avaient dû concider à l&#x27;Eglise rne intervention qué"
                    HPOS="614"
                    VPOS="142"
                    WIDTH="2052"
                    HEIGHT="87"
                    WC="0.9914549315562013"></String>
          </TextLine>
          <TextLine ID="eSc_line_41984a63"
                    TAGREFS="LT31"
                    BASELINE="608 263 836 251 892 269 937 256 1617 257 2683 277" 
                    HPOS="605"
                    VPOS="204"
                    WIDTH="2078"
                    HEIGHT="98">
            <Shape><Polygon POINTS="605 274 2677 302 2683 277 2677 226 2290 232 2223 224 2153 215 2150 215 2147 215 2128 224 2114 232 1898 232 1875 224 1845 212 1842 212 1606 212 1603 212 1545 221 1516 226 1500 221 1458 210 1455 210 1230 210 1228 210 1130 221 1101 224 1073 221 970 207 967 207 743 221 712 221 709 221 695 207 695 204 692 204 689 204 686 204 608 218 608 263"/></Shape>
	    <String CONTENT="dans cet dernieère surtout consistait en un véritable partage de"
                    HPOS="605"
                    VPOS="204"
                    WIDTH="2078"
                    HEIGHT="98"
                    WC="0.9903264222666621"></String>
          </TextLine>
          <TextLine ID="eSc_line_4b0d748d"
                    TAGREFS="LT31"
                    BASELINE="605 324 2689 347" 
                    HPOS="602"
                    VPOS="266"
                    WIDTH="2087"
                    HEIGHT="103">
            <Shape><Polygon POINTS="605 324 602 350 2683 369 2689 347 2689 308 2618 308 2616 305 2596 288 2593 288 2590 288 2588 288 2489 302 2470 305 2464 302 2428 282 2425 282 2422 282 2192 296 2153 280 2150 280 1845 280 1842 280 1839 280 1800 291 1780 296 1772 291 1755 277 1752 277 1749 277 1746 277 1547 285 1390 294 1345 282 1320 277 1317 277 1315 277 1256 282 1146 291 1107 280 1099 277 1096 277 1093 277 1071 277 967 288 930 277 911 268 908 268 905 268 902 268 886 274 860 285 810 274 773 266 771 266 768 266 745 271 706 285 605 271 605 324"/></Shape>
	    <String CONTENT="l&#x27;autorité scolaire à son profit. &lt;l .......&gt; que &lt;..&gt;"
                    HPOS="602"
                    VPOS="266"
                    WIDTH="2087"
                    HEIGHT="103"
                    WC="0.9512595946138556"></String>
          </TextLine>
          <TextLine ID="eSc_line_a94e8ede"
                    TAGREFS="LT34"
                    BASELINE="1919 292 2142 310" 
                    HPOS="1919"
                    VPOS="292"
                    WIDTH="223"
                    HEIGHT="18">
	    <String CONTENT=""
                    HPOS="1919"
                    VPOS="292"
                    WIDTH="223"
                    HEIGHT="18"></String>
          </TextLine>
          <TextLine ID="eSc_line_2e40a8d5"
                    TAGREFS="LT31"
                    BASELINE="602 397 2644 409" 
                    HPOS="600"
                    VPOS="339"
                    WIDTH="2044"
                    HEIGHT="103">
            <Shape><Polygon POINTS="600 420 2638 442 2644 409 2641 369 2529 353 2526 353 2450 367 2436 367 2307 364 1988 353 1985 353 1917 358 1828 364 1814 355 1800 347 1797 347 1794 347 1791 347 1662 353 1514 361 1486 350 1466 344 1463 344 1354 344 1351 344 1348 344 1345 344 1340 350 1317 361 1247 347 1239 347 1236 347 1230 347 1169 361 1138 347 1135 344 1132 344 1130 344 1107 344 970 358 950 344 950 341 947 341 944 341 942 341 939 341 933 341 880 358 821 344 818 344 815 344 681 358 605 339 602 397 600 420"/></Shape>
	    <String CONTENT="&lt;........ .............&gt;"
                    HPOS="600"
                    VPOS="339"
                    WIDTH="2044"
                    HEIGHT="103"
                    WC="0.8479268476366997"></String>
          </TextLine>
          <TextLine ID="eSc_line_bfc935ff"
                    TAGREFS="LT34"
                    BASELINE="1604 375 1823 379" 
                    HPOS="1604"
                    VPOS="375"
                    WIDTH="219"
                    HEIGHT="4">
	    <String CONTENT=""
                    HPOS="1604"
                    VPOS="375"
                    WIDTH="219"
                    HEIGHT="4"></String>
          </TextLine>
          <TextLine ID="eSc_line_58ee3d19"
                    TAGREFS="LT31"
                    BASELINE="605 462 1875 473 2672 462" 
                    HPOS="602"
                    VPOS="420"
                    WIDTH="2070"
                    HEIGHT="87">
            <Shape><Polygon POINTS="605 462 602 487 759 504 762 507 953 507 953 504 956 504 984 490 989 490 1270 504 1273 504 1275 504 1331 490 1334 490 1340 490 1500 507 1502 507 2669 490 2672 462 2663 420 605 420 605 462"/></Shape>
	    <String CONTENT="bedéque &lt;... .... ... ... ... ... .....&gt;"
                    HPOS="602"
                    VPOS="420"
                    WIDTH="2070"
                    HEIGHT="87"
                    WC="0.870733767747879"></String>
          </TextLine>
          <TextLine ID="eSc_line_86a994fd"
                    TAGREFS="LT31"
                    BASELINE="605 529 2103 535 2669 521" 
                    HPOS="605"
                    VPOS="487"
                    WIDTH="2064"
                    HEIGHT="70">
            <Shape><Polygon POINTS="605 529 605 557 2666 549 2669 521 2661 487 605 490 605 529"/></Shape>
	    <String CONTENT="&lt;&lt;....... ...&gt; Et l&#x27;onne juut s&#x27;à¬"
                    HPOS="605"
                    VPOS="487"
                    WIDTH="2064"
                    HEIGHT="70"
                    WC="0.9422278632135952"></String>
          </TextLine>
          <TextLine ID="eSc_line_6c417cbc"
                    TAGREFS="LT31"
                    BASELINE="614 596 2677 599" 
                    HPOS="611"
                    VPOS="546"
                    WIDTH="2066"
                    HEIGHT="87">
            <Shape><Polygon POINTS="614 596 611 624 2672 633 2677 599 2675 563 2360 563 2355 560 2310 546 2307 546 2304 546 2215 560 2198 563 1929 563 1923 557 1898 546 1895 546 1892 546 1889 546 1845 557 1828 560 1811 557 1758 546 1755 546 1752 546 1721 557 1707 560 1674 557 1598 546 1595 546 1449 554 1354 560 1323 554 1284 546 1281 546 1194 554 1110 560 614 551 614 596"/></Shape>
	    <String CONTENT="tonnes de ce que le clergé ait teme d&#x27;autant plus à son contrôle sur"
                    HPOS="611"
                    VPOS="546"
                    WIDTH="2066"
                    HEIGHT="87"
                    WC="0.9842517229094021"></String>
          </TextLine>
          <TextLine ID="eSc_line_0f20ce65"
                    TAGREFS="LT31"
                    BASELINE="611 675 2632 663" 
                    HPOS="608"
                    VPOS="613"
                    WIDTH="2024"
                    HEIGHT="84">
            <Shape><Polygon POINTS="611 675 611 697 2630 686 2632 663 2627 627 2532 613 2529 613 2526 613 2523 613 2503 627 2501 630 2358 630 2355 627 2310 613 2307 613 2304 613 2302 613 2299 613 2285 627 2282 630 2074 630 2069 627 2044 613 2041 613 2038 613 2035 613 1878 630 1861 630 1847 630 1735 613 1732 613 1634 630 1617 633 1612 630 1589 616 1587 616 1584 616 1581 616 1438 630 1413 633 1393 630 1281 616 1278 616 1202 633 1197 633 1191 633 1149 616 1146 616 1144 616 1040 633 1015 638 930 638 925 633 905 619 902 619 900 619 656 619 653 619 650 619 608 633 611 675"/></Shape>
	    <String CONTENT="les écoles &lt;...... ....... .............&gt;"
                    HPOS="608"
                    VPOS="613"
                    WIDTH="2024"
                    HEIGHT="84"
                    WC="0.8996996501596962"></String>
          </TextLine>
          <TextLine ID="eSc_line_19f6ae65"
                    TAGREFS="LT31"
                    BASELINE="586 748 1096 731 2697 736" 
                    HPOS="586"
                    VPOS="692"
                    WIDTH="2111"
                    HEIGHT="75">
            <Shape><Polygon POINTS="586 748 586 767 1023 753 1093 767 1099 767 1101 767 1107 767 1174 753 1354 753 1376 767 1379 767 1382 767 1385 767 1399 767 1488 753 1561 767 1575 767 1578 767 1603 767 1738 753 1898 764 1940 767 1943 767 2694 762 2697 736 2691 692 586 694 586 748"/></Shape>
	    <String CONTENT="&lt;...&gt; ouivant que s&#x27;adrissant à un plus grand nombre"
                    HPOS="586"
                    VPOS="692"
                    WIDTH="2111"
                    HEIGHT="75"
                    WC="0.9904942883635467"></String>
          </TextLine>
          <TextLine ID="eSc_line_b465fe34"
                    TAGREFS="LT31"
                    BASELINE="597 809 967 795 2641 798" 
                    HPOS="594"
                    VPOS="745"
                    WIDTH="2047"
                    HEIGHT="87">
            <Shape><Polygon POINTS="597 809 597 832 900 818 2635 829 2641 798 2638 762 2414 745 2411 745 2293 762 2007 762 1968 745 1965 745 1962 745 1819 759 1774 745 1772 745 1769 745 1609 759 1587 745 1584 745 1581 745 1578 745 1575 745 1573 745 1556 759 1500 745 1497 745 1494 745 1371 759 1326 745 1323 745 1320 745 1317 745 1261 759 998 745 995 745 992 745 964 759 790 745 787 745 594 762 597 809"/></Shape>
	    <String CONTENT="d&#x27;enfautr elles sollicitaient davantage sa mission religieuse."
                    HPOS="594"
                    VPOS="745"
                    WIDTH="2047"
                    HEIGHT="87"
                    WC="0.992901740535613"></String>
          </TextLine>
          <TextLine ID="eSc_line_7896650e"
                    TAGREFS="LT31"
                    BASELINE="594 876 2675 851" 
                    HPOS="591"
                    VPOS="806"
                    WIDTH="2084"
                    HEIGHT="104">
            <Shape><Polygon POINTS="594 876 594 907 743 896 757 907 759 910 762 910 765 910 768 910 771 910 782 907 824 893 1001 904 1034 904 1037 904 1110 902 1514 885 1567 896 1581 899 1584 902 1746 902 1746 899 1749 899 1760 893 1791 882 1887 893 1920 896 1923 896 2672 882 2675 851 2666 806 591 823 594 876"/></Shape>
	    <String CONTENT="Mais par cela même, ce contrôlé &lt;.. ...... isqui était"
                    HPOS="591"
                    VPOS="806"
                    WIDTH="2084"
                    HEIGHT="104"
                    WC="0.9648734949253224"></String>
          </TextLine>
          <TextLine ID="eSc_line_7120fcc7"
                    TAGREFS="LT31"
                    BASELINE="588 941 1068 927 2694 916" 
                    HPOS="586"
                    VPOS="865"
                    WIDTH="2108"
                    HEIGHT="98">
            <Shape><Polygon POINTS="588 941 588 963 2691 944 2694 916 2686 865 1870 885 1623 882 1357 876 1354 876 1267 888 1228 890 1152 888 911 879 908 879 905 879 902 879 883 893 880 893 872 893 787 882 785 882 586 896 588 941"/></Shape>
	    <String CONTENT="et irritait les libéraux. Dès 1846, leur congrès avait réclamé la subor¬"
                    HPOS="586"
                    VPOS="865"
                    WIDTH="2108"
                    HEIGHT="98"
                    WC="0.9916374675101705"></String>
          </TextLine>
          <TextLine ID="eSc_line_c9589ca8"
                    TAGREFS="LT31"
                    BASELINE="591 1008 1407 991 2693 1012" 
                    HPOS="588"
                    VPOS="946"
                    WIDTH="2117"
                    HEIGHT="76">
            <Shape><Polygon POINTS="591 1022 2703 1019 2705 997 2703 955 701 946 698 946 588 960 591 1008"/></Shape>
	    <String CONTENT="dination de l&#x27;enssiquement public à la seule autorité civile. En Leif"
                    HPOS="588"
                    VPOS="946"
                    WIDTH="2117"
                    HEIGHT="76"
                    WC="0.9926944085529872"></String>
          </TextLine>
          <TextLine ID="eSc_line_ff3a2335"
                    TAGREFS="LT31"
                    BASELINE="588 1075 1281 1061 2672 1064" 
                    HPOS="586"
                    VPOS="1008"
                    WIDTH="2086"
                    HEIGHT="93">
            <Shape><Polygon POINTS="588 1075 588 1092 975 1087 1054 1095 1113 1101 1116 1101 1118 1101 1132 1095 1152 1087 1225 1095 1273 1101 1275 1101 1343 1095 1452 1087 1500 1095 1525 1101 1528 1101 1530 1101 1547 1095 1587 1087 1864 1098 1915 1098 1917 1098 1962 1098 2310 1084 2666 1098 2672 1064 2669 1028 2419 1011 2417 1011 2184 1025 2156 1025 2153 1025 2111 1008 2108 1008 2027 1008 2024 1008 2021 1008 2018 1008 1999 1025 1993 1025 1962 1022 1755 1008 1752 1008 1404 1011 1402 1011 1379 1022 1368 1025 1340 1022 1278 1011 1275 1011 1273 1011 1253 1019 1236 1031 1090 1031 1073 1019 1062 1011 1059 1011 1057 1011 810 1011 807 1011 804 1011 801 1011 793 1019 776 1028 586 1019 588 1075"/></Shape>
	    <String CONTENT="dans toutes les grandes villes, les écoles communales avaient échappé à"
                    HPOS="586"
                    VPOS="1008"
                    WIDTH="2086"
                    HEIGHT="93"
                    WC="0.9869741284184985"></String>
          </TextLine>
          <TextLine ID="eSc_line_37bfdce0"
                    TAGREFS="LT31"
                    BASELINE="586 1145 1413 1131 2224 1133 2247 1164 2275 1133 2610 1134" 
                    HPOS="583"
                    VPOS="1075"
                    WIDTH="2027"
                    HEIGHT="101">
            <Shape><Polygon POINTS="586 1171 925 1159 942 1171 944 1173 947 1173 950 1173 953 1176 1107 1176 1107 1173 1132 1171 1205 1159 1273 1171 1301 1173 1303 1173 1329 1171 1402 1157 1875 1168 2004 1171 2007 1171 2010 1171 2018 1168 2055 1154 2604 1165 2610 1134 2607 1095 2360 1075 2358 1075 2276 1092 2254 1075 2251 1075 2248 1075 2161 1075 2159 1075 2156 1075 2153 1075 2133 1092 1831 1078 1828 1078 1693 1095 1645 1078 1643 1078 1640 1078 1637 1078 1601 1095 1584 1078 1581 1078 1578 1078 1491 1078 1488 1078 1486 1078 1438 1095 1331 1078 1329 1078 1230 1098 1118 1081 1116 1081 1113 1081 1068 1098 841 1087 838 1087 583 1101 586 1145"/></Shape>
	    <String CONTENT="l&#x27;inspection ecclisiastique et la convention d&#x27;Auverii  était quise"
                    HPOS="583"
                    VPOS="1075"
                    WIDTH="2027"
                    HEIGHT="101"
                    WC="0.9895193114209531"></String>
          </TextLine>
          <TextLine ID="eSc_line_751bb5ac"
                    TAGREFS="LT33"
                    BASELINE="2164 1097 2209 1097" 
                    HPOS="2164"
                    VPOS="1097"
                    WIDTH="45"
                    HEIGHT="0">
	    <String CONTENT=""
                    HPOS="2164"
                    VPOS="1097"
                    WIDTH="45"
                    HEIGHT="0"></String>
          </TextLine>
          <TextLine ID="eSc_line_6ca13670"
                    TAGREFS="LT31"
                    BASELINE="591 1210 2652 1199" 
                    HPOS="588"
                    VPOS="1145"
                    WIDTH="2064"
                    HEIGHT="104">
            <Shape><Polygon POINTS="591 1210 594 1249 647 1229 762 1243 765 1243 844 1229 880 1246 883 1246 886 1246 888 1246 933 1227 1104 1227 1219 1241 1222 1241 1359 1227 1413 1243 1416 1243 1418 1243 1421 1243 1435 1243 1570 1229 2173 1238 2293 1238 2296 1238 2299 1238 2307 1235 2369 1221 2646 1232 2652 1199 2646 1162 2478 1145 2475 1145 2473 1145 2428 1159 2394 1145 2391 1145 2389 1145 2386 1145 2330 1159 2299 1145 2296 1145 2293 1145 2290 1145 2243 1159 2220 1145 2217 1145 2215 1145 2212 1145 2122 1162 2119 1162 2117 1162 2069 1148 2066 1148 2063 1148 2060 1148 2027 1162 2024 1162 2004 1162 1752 1151 1749 1151 1359 1165 1306 1165 1303 1165 1273 1151 1270 1151 1267 1151 1180 1165 1174 1165 1169 1165 1113 1151 1110 1151 1107 1151 1104 1151 1059 1165 1051 1168 1040 1165 1006 1154 1003 1154 1001 1154 944 1165 930 1168 925 1165 900 1154 897 1154 894 1154 588 1165 591 1210"/></Shape>
	    <String CONTENT="plus tippliquée dans l&#x27;enseignement moyen. &lt;.. ..... ...&gt;"
                    HPOS="588"
                    VPOS="1145"
                    WIDTH="2064"
                    HEIGHT="104"
                    WC="0.9394261868376481"></String>
          </TextLine>
          <TextLine ID="eSc_line_b53fac75"
                    TAGREFS="LT33"
                    BASELINE="716 1167 854 1174" 
                    HPOS="716"
                    VPOS="1167"
                    WIDTH="138"
                    HEIGHT="7">
	    <String CONTENT=""
                    HPOS="716"
                    VPOS="1167"
                    WIDTH="138"
                    HEIGHT="7"></String>
          </TextLine>
          <TextLine ID="eSc_line_564be769"
                    TAGREFS="LT31"
                    BASELINE="586 1271 2675 1260" 
                    HPOS="583"
                    VPOS="1210"
                    WIDTH="2092"
                    HEIGHT="92">
            <Shape><Polygon POINTS="586 1271 586 1302 2672 1297 2675 1260 2669 1224 2461 1210 2459 1210 2456 1210 2453 1210 2439 1224 2436 1227 2198 1227 2198 1224 2164 1210 2161 1210 2159 1210 2156 1210 2100 1224 2088 1227 1915 1227 1127 1215 1124 1215 1121 1215 1118 1215 1104 1229 1099 1232 1079 1229 1020 1218 1017 1218 953 1229 930 1232 900 1229 796 1218 793 1218 583 1229 586 1271"/></Shape>
	    <String CONTENT="&lt;...i.. ......... ....... .. .......&gt; On vivait dépns"
                    HPOS="583"
                    VPOS="1210"
                    WIDTH="2092"
                    HEIGHT="92"
                    WC="0.9030572648318309"></String>
          </TextLine>
          <TextLine ID="eSc_line_74403684"
                    TAGREFS="LT31"
                    BASELINE="580 1341 2675 1327" 
                    HPOS="577"
                    VPOS="1277"
                    WIDTH="2098"
                    HEIGHT="104">
            <Shape><Polygon POINTS="580 1341 580 1381 703 1381 703 1378 706 1378 709 1378 731 1361 832 1378 846 1378 849 1378 866 1378 998 1358 1065 1375 1068 1375 1071 1375 1073 1375 1076 1375 1079 1375 1110 1358 1533 1358 1559 1370 1564 1372 1567 1372 1570 1372 2672 1358 2675 1327 2663 1277 2616 1291 2386 1280 2369 1280 2366 1280 2358 1280 2243 1294 1965 1285 1884 1283 1881 1283 1861 1285 1805 1297 1581 1288 1460 1285 1458 1285 1455 1285 1438 1291 1407 1302 577 1302 580 1341"/></Shape>
	    <String CONTENT="longtemps dans une situation ambique et sans franchire. Les mi¬"
                    HPOS="577"
                    VPOS="1277"
                    WIDTH="2098"
                    HEIGHT="104"
                    WC="0.9963827275094532"></String>
          </TextLine>
          <TextLine ID="eSc_line_298546e9"
                    TAGREFS="LT31"
                    BASELINE="577 1409 2646 1403" 
                    HPOS="574"
                    VPOS="1358"
                    WIDTH="2072"
                    HEIGHT="90">
            <Shape><Polygon POINTS="577 1409 577 1431 998 1431 1006 1434 1026 1448 1029 1448 1031 1448 1034 1448 1166 1437 1225 1431 1438 1437 1707 1445 1710 1445 1713 1445 1716 1445 1724 1440 1744 1428 1780 1440 1802 1445 1805 1445 1808 1445 1901 1440 2041 1431 2641 1442 2646 1403 2641 1367 574 1358 577 1409"/></Shape>
	    <String CONTENT="nistères catholiques avaient fomé les geux sur l&#x27;iapplication des"
                    HPOS="574"
                    VPOS="1358"
                    WIDTH="2072"
                    HEIGHT="90"
                    WC="0.9821515835248507"></String>
          </TextLine>
          <TextLine ID="eSc_line_930c2ad7"
                    TAGREFS="LT31"
                    BASELINE="580 1482 2680 1487" 
                    HPOS="580"
                    VPOS="1431"
                    WIDTH="2100"
                    HEIGHT="79">
            <Shape><Polygon POINTS="580 1482 580 1510 2677 1507 2680 1487 2675 1434 2506 1448 2318 1434 2293 1434 2290 1434 2288 1434 2285 1434 2265 1451 2041 1451 2021 1437 2018 1434 2016 1434 2013 1434 2010 1434 2007 1434 2004 1434 2002 1437 1979 1451 1685 1451 1654 1437 1631 1431 1629 1431 1626 1431 580 1442 580 1482"/></Shape>
	    <String CONTENT="lois, mais on ne pouvait s&#x27;attendre à ce que les nouvene cabinet li¬"
                    HPOS="580"
                    VPOS="1431"
                    WIDTH="2100"
                    HEIGHT="79"
                    WC="0.9956766884116566"></String>
          </TextLine>
          <TextLine ID="eSc_line_842d905a"
                    TAGREFS="LT31"
                    BASELINE="580 1563 2638 1554" 
                    HPOS="577"
                    VPOS="1493"
                    WIDTH="2061"
                    HEIGHT="98">
            <Shape><Polygon POINTS="580 1563 580 1591 2635 1585 2638 1554 2632 1504 1951 1493 1948 1493 1945 1493 1901 1510 1884 1518 1685 1518 1665 1512 1581 1496 1578 1496 1575 1496 1573 1496 1547 1512 1542 1518 1399 1518 1396 1515 1373 1501 1371 1501 1368 1501 1365 1501 1180 1518 1155 1518 1152 1518 1118 1498 1116 1498 1113 1498 1045 1512 989 1498 987 1498 984 1498 981 1498 978 1498 956 1518 928 1504 925 1504 922 1504 796 1518 768 1498 765 1498 762 1498 759 1498 757 1498 754 1498 726 1518 619 1507 616 1507 614 1507 577 1521 580 1563"/></Shape>
	    <String CONTENT="béral imitat leur pendence. Pour lui, la &lt;...... .. beuni¬"
                    HPOS="577"
                    VPOS="1493"
                    WIDTH="2061"
                    HEIGHT="98"
                    WC="0.9619324474499144"></String>
          </TextLine>
          <TextLine ID="eSc_line_4d45a6d3"
                    TAGREFS="LT34"
                    BASELINE="1959 1524 2376 1521" 
                    HPOS="1959"
                    VPOS="1521"
                    WIDTH="417"
                    HEIGHT="3">
	    <String CONTENT=""
                    HPOS="1959"
                    VPOS="1521"
                    WIDTH="417"
                    HEIGHT="3"></String>
          </TextLine>
          <TextLine ID="eSc_line_7daf00c8"
                    TAGREFS="LT31"
                    BASELINE="577 1644 1312 1624 2649 1616" 
                    HPOS="574"
                    VPOS="1568"
                    WIDTH="2075"
                    HEIGHT="101">
            <Shape><Polygon POINTS="577 1644 577 1669 2646 1641 2649 1616 2641 1568 574 1591 577 1644"/></Shape>
	    <String CONTENT="&lt;. était doublement pressante. &lt;...&gt; Il"
                    HPOS="574"
                    VPOS="1568"
                    WIDTH="2075"
                    HEIGHT="101"
                    WC="0.9891056510118338"></String>
          </TextLine>
          <TextLine ID="eSc_line_f0cc18b0"
                    TAGREFS="LT31"
                    BASELINE="574 1706 2658 1686" 
                    HPOS="572"
                    VPOS="1644"
                    WIDTH="2086"
                    HEIGHT="84">
            <Shape><Polygon POINTS="574 1706 574 1728 2655 1720 2658 1686 2649 1644 572 1664 574 1706"/></Shape>
	    <String CONTENT="turait à honnenr &lt; .. ... .. . ....&gt;"
                    HPOS="572"
                    VPOS="1644"
                    WIDTH="2086"
                    HEIGHT="84"
                    WC="0.9529186422760422"></String>
          </TextLine>
          <TextLine ID="eSc_line_9d20375a"
                    TAGREFS="LT31"
                    BASELINE="569 1781 1502 1759 2661 1753" 
                    HPOS="566"
                    VPOS="1700"
                    WIDTH="2095"
                    HEIGHT="109">
            <Shape><Polygon POINTS="569 1781 569 1809 1043 1787 2661 1779 2661 1753 2652 1706 2201 1714 2181 1709 2161 1700 2159 1700 2156 1700 2091 1709 2024 1717 2007 1709 1993 1703 1990 1703 1988 1703 1873 1709 1668 1723 1522 1711 1463 1709 1460 1709 1438 1711 1390 1723 1323 1714 1303 1711 1301 1711 1298 1711 1295 1711 1292 1714 1275 1725 1250 1714 1242 1711 1239 1711 1236 1711 1233 1711 1230 1711 1228 1714 1202 1728 1045 1714 1020 1714 1017 1714 1015 1714 1012 1714 987 1734 785 1734 566 1720 569 1781"/></Shape>
	    <String CONTENT=".&gt; non seulement de &lt;..... ....&gt; réformer et d&#x27;étendre par"
                    HPOS="566"
                    VPOS="1700"
                    WIDTH="2095"
                    HEIGHT="109"
                    WC="0.9595516642619824"></String>
          </TextLine>
          <TextLine ID="eSc_line_a5ee84af"
                    TAGREFS="LT31"
                    BASELINE="574 1851 1446 1829 2631 1829 2673 1846" 
                    HPOS="572"
                    VPOS="1773"
                    WIDTH="2103"
                    HEIGHT="104">
            <Shape><Polygon POINTS="574 1877 872 1877 872 1874 874 1874 877 1874 877 1871 902 1857 1113 1871 1146 1871 1149 1871 1166 1871 1264 1854 1379 1868 1393 1868 1396 1868 1413 1868 1550 1851 1671 1865 1685 1865 1688 1865 1746 1865 2203 1846 2669 1854 2675 1829 2669 1781 2285 1787 2276 1784 2246 1773 2243 1773 2240 1773 2237 1773 2234 1773 2220 1784 2215 1790 1716 1793 1713 1793 1696 1779 1693 1779 1690 1779 1564 1779 1561 1779 1559 1779 1556 1779 1530 1793 1528 1795 1491 1795 1281 1781 1278 1781 1275 1781 1222 1798 1216 1798 1191 1798 987 1784 984 1784 981 1784 950 1801 572 1804 574 1851"/></Shape>
	    <String CONTENT="sonci de culture intellectuelle l&#x27;organisation de l&#x27;enseiquement"
                    HPOS="572"
                    VPOS="1773"
                    WIDTH="2103"
                    HEIGHT="104"
                    WC="0.9925181493163109"></String>
          </TextLine>
          <TextLine ID="eSc_line_a69906eb"
                    TAGREFS="LT31"
                    BASELINE="566 1913 2641 1888" 
                    HPOS="563"
                    VPOS="1846"
                    WIDTH="2078"
                    HEIGHT="92">
            <Shape><Polygon POINTS="566 1913 566 1938 2638 1927 2641 1888 2632 1846 563 1868 566 1913"/></Shape>
	    <String CONTENT="mais eucore, en en prenant la direction, de le soustraire &lt;......"
                    HPOS="563"
                    VPOS="1846"
                    WIDTH="2078"
                    HEIGHT="92"
                    WC="0.9827897814603952"></String>
          </TextLine>
          <TextLine ID="eSc_line_b4afd56d"
                    TAGREFS="LT31"
                    BASELINE="563 1991 2652 1969" 
                    HPOS="560"
                    VPOS="1910"
                    WIDTH="2092"
                    HEIGHT="110">
            <Shape><Polygon POINTS="563 1991 563 2020 2652 1997 2652 1969 2641 1910 2585 1930 2515 1913 2512 1913 2509 1913 2358 1933 2178 1916 2161 1916 2159 1916 2156 1916 2153 1916 2114 1935 1943 1919 1920 1919 1917 1919 1915 1919 1912 1919 1912 1921 1892 1935 1831 1921 1825 1921 1822 1921 1819 1921 1817 1921 1794 1938 1707 1924 1690 1921 1688 1921 1671 1924 1584 1941 1533 1924 1528 1924 1525 1924 1522 1924 1508 1927 1449 1938 1326 1930 1292 1927 1289 1927 1287 1927 1278 1930 1236 1944 1020 1933 942 1930 829 1930 827 1930 824 1930 810 1935 785 1949 560 1941 563 1991"/></Shape>
	    <String CONTENT="&lt;..&gt; à l&#x27;influence auti-nationale de l&#x27;ltramontanisme. &lt;...&gt;"
                    HPOS="560"
                    VPOS="1910"
                    WIDTH="2092"
                    HEIGHT="110"
                    WC="0.973610038558642"></String>
          </TextLine>
          <TextLine ID="eSc_line_12422db2"
                    TAGREFS="LT31"
                    BASELINE="574 2064 2649 2042" 
                    HPOS="572"
                    VPOS="1986"
                    WIDTH="2077"
                    HEIGHT="104">
            <Shape><Polygon POINTS="574 2064 574 2090 2646 2078 2649 2042 2646 2005 2593 1986 2590 1986 2588 1986 2585 1986 2532 2003 2450 1986 2447 1986 2445 1986 2383 2005 2285 1989 2282 1989 2178 2005 1990 1991 1988 1991 1864 2014 1606 2014 1564 1997 1561 1997 1559 1997 1413 2014 1354 1997 1351 1997 1348 1997 1345 1997 1278 2017 1236 2003 1233 2003 1230 2003 1138 2017 1101 2000 1099 2000 1096 2000 1093 2000 1051 2020 1009 2005 1006 2005 1003 2005 1001 2005 998 2005 978 2020 841 2003 838 2003 740 2022 614 2005 611 2005 608 2005 572 2022 574 2064"/></Shape>
	    <String CONTENT="&lt;....... .. .. . ... ... ........"
                    HPOS="572"
                    VPOS="1986"
                    WIDTH="2077"
                    HEIGHT="104"
                    WC="0.8559172731457334"></String>
          </TextLine>
          <TextLine ID="eSc_line_48ed3956"
                    TAGREFS="LT31"
                    BASELINE="555 2132 2613 2104" 
                    HPOS="552"
                    VPOS="2064"
                    WIDTH="2061"
                    HEIGHT="87">
            <Shape><Polygon POINTS="555 2132 555 2151 2613 2126 2613 2104 2604 2064 552 2087 555 2132"/></Shape>
	    <String CONTENT="&lt;...... .  ......&gt; quil "
                    HPOS="552"
                    VPOS="2064"
                    WIDTH="2061"
                    HEIGHT="87"
                    WC="0.9620665013790131"></String>
          </TextLine>
          <TextLine ID="eSc_line_0bf74eb2"
                    TAGREFS="LT31"
                    BASELINE="563 2207 1219 2188 2669 2171" 
                    HPOS="560"
                    VPOS="2115"
                    WIDTH="2109"
                    HEIGHT="123">
            <Shape><Polygon POINTS="563 2207 566 2238 611 2221 2666 2202 2669 2171 2658 2115 2596 2129 2212 2123 2088 2123 2086 2123 1399 2143 1045 2151 1029 2151 944 2140 942 2140 560 2160 563 2207"/></Shape>
	    <String CONTENT="&lt;....  .. .. .... .....&gt; Les radicaux d&#x27;ait¬"
                    HPOS="560"
                    VPOS="2115"
                    WIDTH="2109"
                    HEIGHT="123"
                    WC="0.9197562499479814"></String>
          </TextLine>
          <TextLine ID="eSc_line_9d7e3077"
                    TAGREFS="LT31"
                    BASELINE="555 2274 1371 2255 2677 2246" 
                    HPOS="552"
                    VPOS="2202"
                    WIDTH="2125"
                    HEIGHT="103">
            <Shape><Polygon POINTS="555 2274 555 2305 832 2288 998 2300 1026 2300 1029 2300 1275 2297 1278 2297 1281 2297 1284 2294 1301 2283 1730 2286 2027 2288 2030 2288 2072 2280 2108 2274 2175 2280 2276 2286 2279 2286 2282 2286 2310 2277 2330 2272 2675 2272 2677 2246 2672 2207 1814 2202 1811 2202 1808 2202 1777 2216 1774 2216 1609 2204 1606 2204 1287 2221 1101 2210 1099 2210 799 2227 602 2216 600 2216 597 2216 552 2230 555 2274"/></Shape>
	    <String CONTENT="leurs poussaient en avant les modérés. Une assemblée générale des lages"
                    HPOS="552"
                    VPOS="2202"
                    WIDTH="2125"
                    HEIGHT="103"
                    WC="0.9887136019451518"></String>
          </TextLine>
          <TextLine ID="eSc_line_53e723f8"
                    TAGREFS="LT31"
                    BASELINE="560 2344 2616 2305" 
                    HPOS="558"
                    VPOS="2269"
                    WIDTH="2058"
                    HEIGHT="109">
            <Shape><Polygon POINTS="560 2344 560 2378 1045 2378 1045 2375 1048 2375 1082 2364 1096 2361 1113 2364 1166 2373 1169 2373 1172 2373 1174 2373 1188 2361 1197 2359 1233 2361 1343 2370 1345 2370 1528 2353 1589 2350 1651 2350 1850 2359 1853 2359 1856 2359 1884 2347 1889 2344 1898 2344 1960 2359 1962 2359 2103 2356 2105 2356 2108 2356 2122 2342 2153 2356 2156 2356 2159 2356 2318 2353 2321 2353 2377 2336 2464 2350 2467 2350 2616 2328 2616 2305 2607 2269 558 2302 560 2344"/></Shape>
	    <String CONTENT="avait revendiqué dès 187l l&#x27;instrnction laïque, obligatoire et"
                    HPOS="558"
                    VPOS="2269"
                    WIDTH="2058"
                    HEIGHT="109"
                    WC="0.9758874514410573"></String>
          </TextLine>
          <TextLine ID="eSc_line_d984e3d5"
                    TAGREFS="LT31"
                    BASELINE="552 2429 2649 2381" 
                    HPOS="549"
                    VPOS="2333"
                    WIDTH="2100"
                    HEIGHT="135">
            <Shape><Polygon POINTS="552 2429 552 2468 675 2448 880 2459 883 2459 886 2459 958 2443 1043 2457 1045 2457 1048 2457 1121 2440 1511 2445 1514 2445 1716 2426 1749 2440 1752 2440 1755 2440 1943 2420 2147 2431 2150 2431 2153 2431 2156 2431 2175 2417 2189 2429 2192 2429 2195 2429 2198 2429 2324 2412 2386 2426 2389 2426 2391 2426 2394 2426 2397 2426 2397 2423 2414 2409 2644 2420 2649 2381 2644 2333 2324 2333 2321 2333 2232 2342 2142 2353 2088 2347 2021 2339 2018 2339 2016 2339 2013 2339 1999 2350 1988 2356 1965 2350 1934 2342 1931 2342 1929 2342 1926 2342 1906 2353 1889 2361 1772 2361 1735 2356 1676 2347 1674 2347 1671 2347 1640 2359 1623 2367 1402 2370 1373 2367 1309 2356 1306 2356 1194 2370 1152 2375 1096 2373 911 2364 908 2364 905 2364 860 2381 852 2381 838 2381 751 2370 748 2370 745 2370 743 2370 729 2384 726 2384 670 2370 667 2370 664 2370 549 2387 552 2429"/></Shape>
	    <String CONTENT="gratuite et la Ligue de l&#x27;Enseiquement menait de plus en plus ardem."
                    HPOS="549"
                    VPOS="2333"
                    WIDTH="2100"
                    HEIGHT="135"
                    WC="0.9912353552439633"></String>
          </TextLine>
          <TextLine ID="eSc_line_22c1f05f"
                    TAGREFS="LT31"
                    BASELINE="552 2501 2624 2451" 
                    HPOS="549"
                    VPOS="2403"
                    WIDTH="2075"
                    HEIGHT="138">
            <Shape><Polygon POINTS="552 2501 552 2527 801 2521 807 2521 860 2541 863 2541 866 2541 1012 2538 1155 2513 1166 2510 1410 2507 1413 2507 1444 2521 1446 2521 1449 2521 1514 2507 1581 2524 1584 2524 1587 2524 1808 2499 1831 2496 1839 2496 1903 2510 1906 2510 2131 2496 2153 2510 2156 2510 2159 2510 2161 2510 2352 2487 2467 2501 2470 2501 2473 2501 2515 2479 2518 2479 2621 2479 2624 2451 2618 2417 2562 2403 2560 2403 2557 2403 2503 2417 2080 2415 2077 2415 2074 2415 2035 2429 1629 2426 1626 2426 1469 2443 1359 2431 1357 2431 1001 2454 782 2445 779 2445 549 2465 552 2501"/></Shape>
	    <String CONTENT="ment campagne contre les insuffisances et les dangers des écoles"
                    HPOS="549"
                    VPOS="2403"
                    WIDTH="2075"
                    HEIGHT="138"
                    WC="0.9890194460749626"></String>
          </TextLine>
          <TextLine ID="eSc_line_db1638f4"
                    TAGREFS="LT31"
                    BASELINE="549 2580 751 2571" 
                    HPOS="546"
                    VPOS="2524"
                    WIDTH="205"
                    HEIGHT="84">
            <Shape><Polygon POINTS="549 2580 549 2608 748 2594 751 2571 745 2527 546 2524 549 2580"/></Shape>
	    <String CONTENT="litres."
                    HPOS="546"
                    VPOS="2524"
                    WIDTH="205"
                    HEIGHT="84"
                    WC="0.9999606013298035"></String>
          </TextLine>
          <TextLine ID="eSc_line_9d3f1e5f"
                    TAGREFS="LT31"
                    BASELINE="560 2647 2666 2599" 
                    HPOS="558"
                    VPOS="2552"
                    WIDTH="2108"
                    HEIGHT="126">
            <Shape><Polygon POINTS="560 2647 560 2678 2666 2630 2666 2599 2658 2552 558 2599 560 2647"/></Shape>
	    <String CONTENT="Dès l&#x27;Avênement du nouveau calnet la crection du Ministère de"
                    HPOS="558"
                    VPOS="2552"
                    WIDTH="2108"
                    HEIGHT="126"
                    WC="0.9971793635946805"></String>
          </TextLine>
          <TextLine ID="eSc_line_0ae97962"
                    TAGREFS="LT31"
                    BASELINE="541 2734 681 2720 2607 2678" 
                    HPOS="538"
                    VPOS="2622"
                    WIDTH="2069"
                    HEIGHT="143">
            <Shape><Polygon POINTS="541 2734 546 2765 563 2751 972 2751 1169 2751 1172 2751 2604 2703 2607 2678 2602 2639 2450 2622 2447 2622 2445 2622 2442 2622 2417 2641 2414 2641 2405 2641 2296 2625 2293 2625 2147 2644 2125 2647 2105 2644 2038 2636 2035 2636 1979 2647 1965 2650 1960 2647 1931 2633 1929 2633 1926 2633 1923 2633 1920 2633 1920 2636 1906 2650 1901 2655 1671 2655 1662 2653 1637 2641 1634 2641 1631 2641 1573 2653 1536 2661 1438 2655 1315 2650 1312 2650 1309 2650 1287 2658 1267 2667 1191 2661 1104 2653 1101 2653 1059 2661 1017 2672 981 2664 947 2655 944 2655 942 2655 538 2669 541 2734"/></Shape>
	    <String CONTENT="l&#x27;Imtrection publique ne laissait aucnne doute sur l&#x27;Orientation"
                    HPOS="538"
                    VPOS="2622"
                    WIDTH="2069"
                    HEIGHT="143"
                    WC="0.9898708323016763"></String>
          </TextLine>
          <TextLine ID="eSc_line_f76373ea"
                    TAGREFS="LT31"
                    BASELINE="546 2801 2649 2748" 
                    HPOS="543"
                    VPOS="2695"
                    WIDTH="2106"
                    HEIGHT="143">
            <Shape><Polygon POINTS="546 2801 546 2838 768 2818 1312 2818 1315 2818 1317 2818 1320 2818 1320 2815 1334 2804 1643 2810 1645 2810 1648 2810 1651 2810 1651 2807 1665 2796 1758 2807 1760 2807 2428 2776 2646 2784 2649 2748 2644 2712 2540 2695 2537 2695 2187 2720 2184 2720 1873 2712 1870 2712 1755 2731 1752 2731 1716 2717 1713 2717 1710 2717 1547 2737 1533 2737 1516 2737 1320 2728 1317 2728 1315 2728 1278 2742 1233 2728 1230 2728 1228 2728 1225 2728 1222 2728 1194 2745 1191 2745 1169 2745 891 2737 888 2737 886 2737 883 2737 883 2740 869 2754 866 2754 860 2754 773 2740 771 2740 768 2740 765 2740 748 2756 745 2756 703 2742 701 2742 698 2742 543 2759 546 2801"/></Shape>
	    <String CONTENT="qu&#x27;il allait prendre. Le 12 novembre, &lt;..&gt; le discours du trôné, &lt;..&gt;"
                    HPOS="543"
                    VPOS="2695"
                    WIDTH="2106"
                    HEIGHT="143"
                    WC="0.969711536946504"></String>
          </TextLine>
          <TextLine ID="eSc_line_f288f245"
                    TAGREFS="LT31"
                    BASELINE="543 2877 1432 2846 2607 2826" 
                    HPOS="541"
                    VPOS="2773"
                    WIDTH="2066"
                    HEIGHT="132">
            <Shape><Polygon POINTS="543 2877 543 2905 919 2882 1015 2894 1020 2894 1023 2894 1031 2894 1158 2877 1216 2888 1219 2888 1222 2888 1225 2888 1267 2871 2607 2852 2607 2826 2599 2784 2464 2787 2459 2787 2425 2773 2422 2773 2419 2773 2417 2773 2389 2787 2386 2787 2285 2779 2282 2779 2125 2793 2097 2796 2094 2796 2074 2782 2072 2782 2069 2782 2066 2782 1931 2798 1923 2798 1892 2784 1889 2784 1887 2784 1758 2801 1738 2804 1724 2804 1623 2790 1620 2790 1452 2796 1449 2796 1446 2796 1430 2810 1385 2796 1382 2796 1379 2796 1376 2796 1345 2812 1343 2812 1317 2812 1079 2804 1076 2804 855 2824 838 2824 835 2824 796 2810 793 2810 790 2810 541 2829 543 2877"/></Shape>
	    <String CONTENT="au milieu du silence de la droite et des applaudissements de la gan¬"
                    HPOS="541"
                    VPOS="2773"
                    WIDTH="2066"
                    HEIGHT="132"
                    WC="0.9805976739701103"></String>
          </TextLine>
          <TextLine ID="eSc_line_99eb0625"
                    TAGREFS="LT31"
                    BASELINE="546 2944 2635 2888" 
                    HPOS="543"
                    VPOS="2835"
                    WIDTH="2092"
                    HEIGHT="137">
            <Shape><Polygon POINTS="546 2944 546 2972 2632 2916 2635 2888 2627 2835 2004 2866 1965 2857 1945 2852 1943 2852 1940 2852 1937 2852 1917 2857 1887 2868 1713 2866 1553 2863 1550 2863 1547 2863 1511 2871 1483 2880 1460 2874 1432 2866 1430 2866 1427 2866 1320 2880 1289 2882 1273 2880 1211 2871 1208 2871 1096 2888 1062 2891 1023 2891 858 2880 855 2880 757 2899 748 2899 743 2899 650 2885 647 2885 543 2905 546 2944"/></Shape>
	    <String CONTENT="che &lt;&gt; affermait que &quot;l&#x27;enceiqnement donné aux frais de l&#x27;Etat"
                    HPOS="543"
                    VPOS="2835"
                    WIDTH="2092"
                    HEIGHT="137"
                    WC="0.984259843826294"></String>
          </TextLine>
          <TextLine ID="eSc_line_41c7966c"
                    TAGREFS="LT31"
                    BASELINE="546 3017 2588 2955" 
                    HPOS="543"
                    VPOS="2908"
                    WIDTH="2045"
                    HEIGHT="131">
            <Shape><Polygon POINTS="546 3017 546 3039 2588 2983 2588 2955 2579 2908 2117 2930 2049 2924 1979 2919 1976 2919 1903 2930 1842 2938 1805 2933 1752 2924 1749 2924 1746 2924 1744 2924 1730 2936 1721 2941 1716 2936 1707 2930 1704 2930 1702 2930 1699 2930 1620 2938 1556 2947 1545 2941 1528 2933 1525 2933 1522 2933 1466 2944 1438 2950 1404 2947 1326 2938 1323 2938 1320 2938 1287 2950 1273 2955 1256 2952 1205 2941 1202 2941 1200 2941 1197 2941 1197 2944 1186 2955 1180 2958 1169 2955 1130 2944 1127 2944 1124 2944 1031 2961 1003 2964 984 2961 916 2950 914 2950 911 2950 908 2950 891 2964 886 2969 793 2969 787 2969 768 2955 765 2955 762 2955 759 2955 633 2958 543 2975 546 3017"/></Shape>
	    <String CONTENT="doit être placé sous la &lt;..i.&gt; direction et suis la Susveil¬"
                    HPOS="543"
                    VPOS="2908"
                    WIDTH="2045"
                    HEIGHT="131"
                    WC="0.980519566933314"></String>
          </TextLine>
          <TextLine ID="eSc_line_c13d712d"
                    TAGREFS="LT31"
                    BASELINE="532 3093 2568 3028" 
                    HPOS="529"
                    VPOS="2975"
                    WIDTH="2039"
                    HEIGHT="148">
            <Shape><Polygon POINTS="532 3093 532 3123 661 3109 734 3118 793 3123 796 3123 886 3112 987 3098 1012 3107 1031 3115 1034 3115 1037 3115 1040 3115 1071 3104 1085 3101 1104 3104 1144 3109 1146 3109 1149 3109 1152 3109 1152 3107 1158 3101 1169 3093 1205 3101 1230 3104 1233 3104 1315 3095 1427 3084 1662 3084 2122 3084 2122 3081 2568 3048 2568 3028 2560 2975 2456 2992 2307 2983 2288 2983 2285 2983 2271 2986 2192 3003 1836 3003 1671 3003 1668 3003 1631 3008 1578 3020 1486 3014 1404 3011 1402 3011 1351 3020 1306 3028 1233 3025 1138 3020 1135 3020 1132 3020 1113 3028 1101 3034 1059 3031 967 3025 964 3025 961 3025 958 3025 947 3037 942 3042 529 3051 532 3093"/></Shape>
	    <String CONTENT="lance exclesives de l&#x27;autorité civile et qu il aura pour mission, à"
                    HPOS="529"
                    VPOS="2975"
                    WIDTH="2039"
                    HEIGHT="148"
                    WC="0.9859981127639315"></String>
          </TextLine>
          <TextLine ID="eSc_line_b4f00289"
                    TAGREFS="LT31"
                    BASELINE="529 3179 1214 3149 2571 3112" 
                    HPOS="527"
                    VPOS="3056"
                    WIDTH="2044"
                    HEIGHT="151">
            <Shape><Polygon POINTS="529 3179 529 3207 692 3191 799 3199 891 3205 894 3205 897 3205 933 3193 950 3188 961 3193 981 3202 984 3202 987 3202 989 3202 992 3202 1009 3191 1029 3179 1082 3188 1127 3193 1130 3193 1236 3182 1354 3168 1379 3177 1416 3188 1418 3188 1421 3188 1575 3168 1629 3163 1648 3165 1718 3179 1721 3179 1724 3179 1783 3160 1797 3157 1861 3157 2080 3163 2083 3163 2173 3146 2192 3143 2223 3143 2405 3154 2408 3154 2571 3129 2571 3112 2562 3056 2074 3087 1920 3073 1892 3073 1889 3073 1887 3073 1875 3076 1797 3095 1598 3087 1595 3087 1592 3087 1564 3101 1533 3087 1530 3087 1528 3087 1525 3087 1430 3107 1259 3095 1256 3095 1253 3095 1250 3095 1152 3115 1001 3101 975 3101 972 3101 970 3101 967 3101 964 3104 939 3121 844 3109 841 3109 838 3109 790 3126 751 3109 748 3109 745 3109 743 3109 740 3109 737 3109 681 3129 633 3112 630 3112 628 3112 625 3112 527 3115 529 3179"/></Shape>
	    <String CONTENT="tous les degrés, d&#x27;inspirer aux jenes générations l&#x27;amour et le"
                    HPOS="527"
                    VPOS="3056"
                    WIDTH="2044"
                    HEIGHT="151"
                    WC="0.9940527705919175"></String>
          </TextLine>
          <TextLine ID="eSc_line_7f4c68a9"
                    TAGREFS="LT31"
                    BASELINE="532 3244 2627 3191" 
                    HPOS="529"
                    VPOS="3143"
                    WIDTH="2098"
                    HEIGHT="140">
            <Shape><Polygon POINTS="532 3244 538 3283 566 3266 630 3280 639 3280 642 3280 658 3280 801 3261 897 3272 908 3272 911 3272 914 3272 919 3272 972 3255 1048 3266 1071 3269 1073 3269 1104 3266 1197 3249 1216 3261 1216 3263 1219 3263 1222 3263 1225 3263 1242 3261 1303 3247 1368 3258 1399 3261 1402 3261 1404 3261 1407 3261 1416 3255 1430 3247 1480 3252 1519 3258 1522 3258 1676 3247 1875 3233 1960 3238 2046 3244 2049 3244 2052 3244 2080 3235 2103 3224 2627 3216 2627 3191 2618 3143 1382 3182 1373 3179 1334 3168 1331 3168 1329 3168 1326 3168 1323 3168 1303 3182 1301 3185 1295 3182 1267 3174 1264 3174 1261 3174 1202 3185 1188 3191 1015 3191 1001 3191 981 3177 978 3177 975 3177 972 3177 970 3177 967 3177 947 3193 944 3196 863 3196 858 3196 757 3182 754 3182 751 3182 748 3182 729 3202 636 3202 574 3188 572 3188 569 3188 566 3188 529 3202 532 3244"/></Shape>
	    <String CONTENT="respect des principes eur les quels reposent nos libres institutions. La"
                    HPOS="529"
                    VPOS="3143"
                    WIDTH="2098"
                    HEIGHT="140"
                    WC="0.9932140608628591"></String>
          </TextLine>
          <TextLine ID="eSc_line_6453d5f2"
                    TAGREFS="LT31"
                    BASELINE="532 3305 1948 3291 2649 3266" 
                    HPOS="529"
                    VPOS="3227"
                    WIDTH="2120"
                    HEIGHT="112">
            <Shape><Polygon POINTS="532 3305 532 3333 1085 3339 1087 3339 1239 3322 1275 3319 1303 3322 1402 3333 1404 3333 1488 3319 1505 3317 1539 3317 1727 3328 1730 3328 1732 3328 1772 3314 1774 3314 1831 3328 1833 3328 1836 3328 2046 3311 2203 3322 2206 3322 2646 3297 2649 3266 2641 3227 529 3263 532 3305"/></Shape>
	    <String CONTENT="netteté &lt;..... .. .&gt; catigorique de ce langage ne pouvait"
                    HPOS="529"
                    VPOS="3227"
                    WIDTH="2120"
                    HEIGHT="112"
                    WC="0.9618378197937681"></String>
          </TextLine>
        </TextBlock>
        <TextBlock HPOS="146"
                   VPOS="66"
                   WIDTH="280"
                   HEIGHT="193"
                   ID="eSc_textblock_f39ab7da"
                   TAGREFS="BT44">
          <Shape><Polygon POINTS="146 66 146 259 426 259 426 66"/></Shape>
        </TextBlock>
        <TextBlock ID="eSc_dummyblock_">
          <TextLine ID="eSc_line_e4029d25"
                    TAGREFS="LT31"
                    BASELINE="208 136 381 182" 
                    HPOS="232"
                    VPOS="100"
                    WIDTH="157"
                    HEIGHT="157">
            <Shape><Polygon POINTS="342 106 314 103 283 103 255 100 232 137 235 151 246 254 389 257 378 134 375 131 372 128"/></Shape>
	    <String CONTENT="99"
                    HPOS="232"
                    VPOS="100"
                    WIDTH="157"
                    HEIGHT="157"
                    WC="0.9999730587005615"></String>
          </TextLine>
        </TextBlock>
      </PrintSpace>
    </Page>
  </Layout>
</alto>
