<?xml version="1.0" encoding="UTF-8"?>
<alto xmlns:xsi="http://www.w3.org/2001/XMLSchema-instance"
      xmlns="http://www.loc.gov/standards/alto/ns-v4#"
      xsi:schemaLocation="http://www.loc.gov/standards/alto/ns-v4# http://www.loc.gov/standards/alto/v4/alto-4-2.xsd">
  <Description>
    <MeasurementUnit>pixel</MeasurementUnit>
    <sourceImageInformation>
      <fileName>ARCH-DIV-000496_0107.png</fileName>
    </sourceImageInformation>
  </Description>
  <Tags>
    <OtherTag ID="BT42" LABEL="MainZone" DESCRIPTION="block type MainZone"/><OtherTag ID="BT43" LABEL="MarginTextZone" DESCRIPTION="block type MarginTextZone"/><OtherTag ID="BT44" LABEL="NumberingZone" DESCRIPTION="block type NumberingZone"/><OtherTag ID="BT45" LABEL="TitlePageZone" DESCRIPTION="block type TitlePageZone"/><OtherTag ID="BT46" LABEL="CustomZone:Numbering" DESCRIPTION="block type CustomZone:Numbering"/><OtherTag ID="BT49" LABEL="MarginTextZone:lower" DESCRIPTION="block type MarginTextZone:lower"/>
    <OtherTag ID="LT25" LABEL="default" DESCRIPTION="line type default"/><OtherTag ID="LT31" LABEL="DefaultLine" DESCRIPTION="line type DefaultLine"/><OtherTag ID="LT32" LABEL="HeadingLine" DESCRIPTION="line type HeadingLine"/><OtherTag ID="LT33" LABEL="InterlinearLine:addition" DESCRIPTION="line type InterlinearLine:addition"/><OtherTag ID="LT34" LABEL="InterlinearLine:correction" DESCRIPTION="line type InterlinearLine:correction"/>
  </Tags>
  <Layout>
    <Page WIDTH="2790"
          HEIGHT="3306"
          PHYSICAL_IMG_NR="106"
          ID="eSc_dummypage_">
      <PrintSpace HPOS="0"
                  VPOS="0"
                  WIDTH="2790"
                  HEIGHT="3306">
        <TextBlock HPOS="135"
                   VPOS="50"
                   WIDTH="244"
                   HEIGHT="171"
                   ID="480e37dc-1225-48d4-aaa5-390307e5d75f"
                   TAGREFS="BT44">
          <Shape><Polygon POINTS="379 50 379 221 135 221 135 50"/></Shape>
          <TextLine ID="eSc_line_49fe8ab1"
                    TAGREFS="LT31"
                    BASELINE="173 165 311 154" 
                    HPOS="168"
                    VPOS="110"
                    WIDTH="146"
                    HEIGHT="118">
            <Shape><Polygon POINTS="278 110 250 112 223 115 195 118 168 118 173 165 176 225 314 228 311 154 306 110 278 110"/></Shape>
	    <String CONTENT="102"
                    HPOS="168"
                    VPOS="110"
                    WIDTH="146"
                    HEIGHT="118"
                    WC="0.9996164838473002"></String>
          </TextLine>
        </TextBlock>
        <TextBlock HPOS="477"
                   VPOS="13"
                   WIDTH="2221"
                   HEIGHT="3293"
                   ID="cf60d3ae-4ce0-4838-901f-53f3df3c9c84"
                   TAGREFS="BT42">
          <Shape><Polygon POINTS="2698 13 2698 3306 477 3306 477 13"/></Shape>
          <TextLine ID="eSc_line_6151c541"
                    TAGREFS="LT31"
                    BASELINE="559 85 2638 93" 
                    HPOS="556"
                    VPOS="33"
                    WIDTH="2082"
                    HEIGHT="85">
            <Shape><Polygon POINTS="2624 52 2597 52 2569 52 2541 52 2514 52 2486 52 2459 52 2431 52 2404 49 2390 49 2376 49 2348 49 2329 49 2326 49 2321 49 2293 49 2266 49 2238 49 2211 49 2183 49 2155 49 1921 49 1921 46 1907 46 1880 44 1852 44 1825 44 1797 44 1769 44 1742 44 1714 44 1687 44 1659 44 1634 41 1477 46 1428 46 1408 46 1328 38 1328 38 1301 38 1273 38 1246 38 1224 38 1213 44 1213 46 1028 46 1025 44 1011 35 998 35 970 35 934 44 929 46 694 46 691 44 680 33 667 33 645 33 587 38 584 41 559 55 559 85 556 99 1370 118 1372 118 2635 110 2638 93 2635 52 2624 52"/></Shape>
	    <String CONTENT="demeurée stationnaire si même les patrons, pour pouvoir résister"
                    HPOS="556"
                    VPOS="33"
                    WIDTH="2082"
                    HEIGHT="85"
                    WC="0.9848600244149566"></String>
          </TextLine>
          <TextLine ID="eSc_line_d9154bb2"
                    TAGREFS="LT31"
                    BASELINE="565 162 890 151 2619 146" 
                    HPOS="562"
                    VPOS="96"
                    WIDTH="2057"
                    HEIGHT="83">
            <Shape><Polygon POINTS="565 162 565 179 2616 168 2619 146 2613 110 2552 96 2550 96 2478 110 2467 110 2390 110 1902 99 1899 99 1896 99 1863 110 1855 115 562 115 565 162"/></Shape>
	    <String CONTENT="à la coneurrence de l&#x27;étranger, i&#x27;avaient pas cn devoir la ré¬"
                    HPOS="562"
                    VPOS="96"
                    WIDTH="2057"
                    HEIGHT="83"
                    WC="0.9834040346599761"></String>
          </TextLine>
          <TextLine ID="eSc_line_cd96d3fa"
                    TAGREFS="LT31"
                    BASELINE="562 234 1808 217 2660 220" 
                    HPOS="559"
                    VPOS="165"
                    WIDTH="2101"
                    HEIGHT="99">
            <Shape><Polygon POINTS="562 234 562 264 2660 239 2660 220 2657 176 1943 165 1940 165 1938 165 1935 165 1935 168 1918 181 1913 181 1811 168 1808 168 1703 181 1590 168 1587 168 1254 187 1243 187 1232 187 998 173 995 173 992 173 962 187 931 173 929 173 926 173 923 173 920 173 898 190 851 176 849 176 846 176 559 192 562 234"/></Shape>
	    <String CONTENT="duire. &lt;......&gt; A Charleroi, en constatait que les salaises en"
                    HPOS="559"
                    VPOS="165"
                    WIDTH="2101"
                    HEIGHT="99"
                    WC="0.9696007438244358"></String>
          </TextLine>
          <TextLine ID="eSc_line_d73412e7"
                    TAGREFS="LT31"
                    BASELINE="559 303 2627 286" 
                    HPOS="556"
                    VPOS="236"
                    WIDTH="2071"
                    HEIGHT="94">
            <Shape><Polygon POINTS="559 303 559 325 1530 330 1532 330 1582 325 1670 314 1841 325 1905 327 1907 327 1946 325 2070 311 2244 325 2271 325 2274 325 2277 325 2279 325 2310 308 2621 322 2627 286 2619 236 556 250 559 303"/></Shape>
	    <String CONTENT="étaient &lt;.&gt; revenue &lt;... ..&gt; au taux de"
                    HPOS="556"
                    VPOS="236"
                    WIDTH="2071"
                    HEIGHT="94"
                    WC="0.9369041996124463"></String>
          </TextLine>
          <TextLine ID="eSc_line_fdd97821"
                    TAGREFS="LT31"
                    BASELINE="559 374 873 360 2599 349" 
                    HPOS="556"
                    VPOS="303"
                    WIDTH="2043"
                    HEIGHT="96">
            <Shape><Polygon POINTS="559 374 559 399 2597 377 2599 349 2591 303 793 325 791 325 642 314 639 314 556 327 559 374"/></Shape>
	    <String CONTENT="1830, et l&#x27;on estémait qu&#x27;à saint.Nicolas ils avaient démimé"
                    HPOS="556"
                    VPOS="303"
                    WIDTH="2043"
                    HEIGHT="96"
                    WC="0.9956861206742583"></String>
          </TextLine>
          <TextLine ID="eSc_line_b67d9768"
                    TAGREFS="LT31"
                    BASELINE="554 443 1221 427 2646 429" 
                    HPOS="551"
                    VPOS="377"
                    WIDTH="2095"
                    HEIGHT="91">
            <Shape><Polygon POINTS="554 443 554 468 636 451 716 465 719 465 926 451 1246 462 1375 465 1378 465 1406 460 1450 451 1466 460 1480 465 1483 465 1485 465 1488 465 1491 465 1499 460 1513 449 1554 460 1571 462 1574 462 1576 462 1632 457 1731 449 1987 449 1996 454 2004 462 2007 462 2009 462 2012 462 2643 446 2646 429 2643 391 2530 377 2528 377 2525 377 2472 391 2464 393 551 393 554 443"/></Shape>
	    <String CONTENT="e&#x27;un quart au moins depuis la révotution &quot;à cause du malaise"
                    HPOS="551"
                    VPOS="377"
                    WIDTH="2095"
                    HEIGHT="91"
                    WC="0.9907182693481446"></String>
          </TextLine>
          <TextLine ID="eSc_line_9cd7a595"
                    TAGREFS="LT31"
                    BASELINE="556 520 736 504 1127 495 2641 495" 
                    HPOS="554"
                    VPOS="440"
                    WIDTH="2087"
                    HEIGHT="99">
            <Shape><Polygon POINTS="556 520 556 539 758 526 860 537 862 537 865 537 868 537 871 537 890 523 1251 523 1279 534 1290 537 1292 537 1295 537 1298 537 1301 537 1306 534 1323 523 1797 528 2415 534 2417 534 2420 534 2459 520 2464 520 2470 520 2547 534 2550 534 2638 517 2641 495 2635 449 2412 457 2398 449 2387 440 2384 440 2381 440 2379 440 2376 440 2337 449 2318 454 2302 449 2268 440 2266 440 2263 440 2260 440 2257 440 2244 451 2235 457 2200 451 2139 440 2136 440 2133 440 2100 451 2081 457 2031 451 1943 443 1940 443 1891 454 1869 457 1822 454 1662 440 1659 440 1656 440 1654 440 1632 454 1623 460 1565 457 1411 443 1408 443 1406 443 1375 457 1370 460 1364 457 1334 443 1331 443 1328 443 1207 457 1069 443 1066 443 1064 443 1022 460 1020 460 1009 460 796 449 793 449 554 462 556 520"/></Shape>
	    <String CONTENT="des fatriques&quot;. De là, nmturellement, &lt;..... &gt; l&#x27;insutti¬"
                    HPOS="554"
                    VPOS="440"
                    WIDTH="2087"
                    HEIGHT="99"
                    WC="0.9212492568451062"></String>
          </TextLine>
          <TextLine ID="eSc_line_8c6392df"
                    TAGREFS="LT31"
                    BASELINE="537 584 1386 564 2624 567" 
                    HPOS="534"
                    VPOS="509"
                    WIDTH="2090"
                    HEIGHT="99">
            <Shape><Polygon POINTS="537 584 537 608 667 595 912 608 956 608 959 608 973 606 1047 592 2619 595 2624 567 2621 526 2580 509 2577 509 2574 509 2572 509 2514 526 2475 512 2472 512 2470 512 2467 512 2464 512 2442 528 2439 528 2417 528 2001 517 1998 517 1996 517 1946 531 1940 534 1855 534 1852 531 1833 515 1830 515 1827 515 1825 515 1607 528 1488 515 1485 515 1359 534 1353 534 1350 534 1315 517 1312 517 1091 517 1088 517 1086 517 1014 537 1006 537 992 537 876 520 873 520 871 520 868 520 849 537 846 539 534 539 537 584"/></Shape>
	    <String CONTENT="sance extrême de l&#x27;alimentation, du vêtement et du logement. Eu"
                    HPOS="534"
                    VPOS="509"
                    WIDTH="2090"
                    HEIGHT="99"
                    WC="0.9883040000521948"></String>
          </TextLine>
          <TextLine ID="eSc_line_ba954442"
                    TAGREFS="LT31"
                    BASELINE="554 655 2646 633" 
                    HPOS="551"
                    VPOS="584"
                    WIDTH="2095"
                    HEIGHT="101">
            <Shape><Polygon POINTS="554 655 554 685 656 672 774 685 793 685 796 685 799 685 807 683 871 669 981 683 995 683 998 683 1011 683 1133 666 1304 680 1334 680 1337 680 1353 677 1452 663 1568 677 1587 677 1590 677 1593 677 1596 674 1629 661 1803 674 1830 674 1833 674 1836 674 1838 674 1871 658 2023 672 2042 672 2045 672 2086 672 2434 652 2643 663 2646 633 2641 600 2478 584 2475 584 2472 584 2445 597 2310 586 2307 586 2161 600 2125 586 2122 586 2120 586 2117 586 2114 586 2089 603 1860 589 1858 589 1855 589 1819 606 1508 595 1505 595 1502 595 1499 595 1483 608 1237 597 1235 597 1232 597 1229 597 1207 611 1028 600 1025 600 931 614 816 600 813 600 551 619 554 655"/></Shape>
	    <String CONTENT="ginéral, l&#x27;onvrier ne vit que de pommes de terre, de pain noir et le"
                    HPOS="551"
                    VPOS="584"
                    WIDTH="2095"
                    HEIGHT="101"
                    WC="0.9949967238832923"></String>
          </TextLine>
          <TextLine ID="eSc_line_591e3f3b"
                    TAGREFS="LT31"
                    BASELINE="540 727 1370 713 2610 713" 
                    HPOS="537"
                    VPOS="658"
                    WIDTH="2073"
                    HEIGHT="91">
            <Shape><Polygon POINTS="540 727 540 749 2608 735 2610 713 2608 672 2577 658 2574 658 2572 658 2387 672 2288 658 2285 658 2282 658 2246 674 537 674 540 727"/></Shape>
	    <String CONTENT="café à la chiévrie, auxquels s&#x27;ajoute parfois, le dinianche, un peu se"
                    HPOS="537"
                    VPOS="658"
                    WIDTH="2073"
                    HEIGHT="91"
                    WC="0.9944286287670404"></String>
          </TextLine>
          <TextLine ID="eSc_line_4f3e9466"
                    TAGREFS="LT31"
                    BASELINE="540 798 2624 771" 
                    HPOS="537"
                    VPOS="719"
                    WIDTH="2087"
                    HEIGHT="99">
            <Shape><Polygon POINTS="540 798 540 818 2621 801 2624 771 2616 719 2412 735 2370 721 2365 721 2362 721 2359 721 2337 724 2200 738 2067 727 2001 724 1998 724 1996 724 1982 730 1960 741 1758 735 1596 730 1593 730 1543 738 1502 746 1469 741 1425 732 1422 732 1419 732 1386 741 1356 749 1298 743 1213 735 1210 735 1207 735 1166 746 1141 752 1102 746 1028 738 1025 738 1022 738 973 749 951 754 920 752 860 743 857 743 686 754 656 757 653 757 634 743 631 743 628 743 625 743 537 757 540 798"/></Shape>
	    <String CONTENT="viande on de charentérie. &lt;.... ...   ..&gt;"
                    HPOS="537"
                    VPOS="719"
                    WIDTH="2087"
                    HEIGHT="99"
                    WC="0.9420150547492795"></String>
          </TextLine>
          <TextLine ID="eSc_line_91b5c7e3"
                    TAGREFS="LT31"
                    BASELINE="537 862 2641 845" 
                    HPOS="534"
                    VPOS="801"
                    WIDTH="2107"
                    HEIGHT="94">
            <Shape><Polygon POINTS="537 862 537 895 920 878 1896 884 1899 884 1968 870 2635 878 2641 845 2632 801 534 820 537 862"/></Shape>
	    <String CONTENT="chambre qu&#x27;il occupe dans une &quot;caserne&quot; ou la mésérable maison qu&#x27;il"
                    HPOS="534"
                    VPOS="801"
                    WIDTH="2107"
                    HEIGHT="94"
                    WC="0.9886892911265878"></String>
          </TextLine>
          <TextLine ID="eSc_line_5bc87d54"
                    TAGREFS="LT31"
                    BASELINE="537 936 2619 909" 
                    HPOS="534"
                    VPOS="859"
                    WIDTH="2085"
                    HEIGHT="105">
            <Shape><Polygon POINTS="537 936 537 964 2616 936 2619 909 2610 867 2268 876 2255 873 2213 859 2211 859 2208 859 2111 876 2086 878 2067 876 1993 862 1990 862 1877 878 1858 881 1847 878 1789 865 1786 865 1783 865 1692 867 1689 867 1687 867 1667 884 1665 884 1654 884 1557 870 1554 870 1392 887 1364 889 1348 889 1237 873 1235 873 1232 873 1163 892 1155 892 1124 892 744 878 741 878 738 878 686 898 584 881 581 881 578 881 534 898 537 936"/></Shape>
	    <String CONTENT="lone à la semaine dans une &lt;.&gt;&quot;cité&quot; au dans un"
                    HPOS="534"
                    VPOS="859"
                    WIDTH="2085"
                    HEIGHT="105"
                    WC="0.9620962888002396"></String>
          </TextLine>
          <TextLine ID="eSc_line_52c446fb"
                    TAGREFS="LT31"
                    BASELINE="532 1011 2643 983" 
                    HPOS="529"
                    VPOS="933"
                    WIDTH="2114"
                    HEIGHT="100">
            <Shape><Polygon POINTS="532 1011 532 1033 2643 1013 2643 983 2638 942 1791 933 1789 933 1673 953 1667 953 1662 953 1582 936 1579 936 1576 936 1543 955 1538 958 1433 958 1430 955 1372 939 1370 939 1367 939 1202 958 1199 958 1160 942 1157 942 1155 942 1152 942 1149 942 1127 961 1124 961 1116 961 1017 944 1014 944 1011 944 948 964 940 964 918 964 738 947 736 947 529 967 532 1011"/></Shape>
	    <String CONTENT="&quot;bataillon carré&quot; est un défi porté aux &lt;....&gt; les plus élimentaires"
                    HPOS="529"
                    VPOS="933"
                    WIDTH="2114"
                    HEIGHT="100"
                    WC="0.9570614178391064"></String>
          </TextLine>
          <TextLine ID="eSc_line_f4cd3537"
                    TAGREFS="LT34"
                    BASELINE="1753 957 2062 962" 
                    HPOS="1753"
                    VPOS="957"
                    WIDTH="309"
                    HEIGHT="5">
	    <String CONTENT=""
                    HPOS="1753"
                    VPOS="957"
                    WIDTH="309"
                    HEIGHT="5"></String>
          </TextLine>
          <TextLine ID="eSc_line_38e40b28"
                    TAGREFS="LT31"
                    BASELINE="534 1082 2624 1060" 
                    HPOS="532"
                    VPOS="1005"
                    WIDTH="2092"
                    HEIGHT="105">
            <Shape><Polygon POINTS="534 1082 534 1110 2621 1085 2624 1060 2619 1016 2401 1005 2398 1005 2395 1005 2340 1019 2315 1024 2277 1019 2222 1013 2219 1013 2098 1022 2029 1027 1996 1024 1910 1013 1907 1013 1822 1027 1797 1030 1789 1027 1761 1013 1758 1013 1756 1013 1753 1013 1750 1013 1725 1027 1720 1033 1604 1033 1599 1030 1549 1016 1546 1016 1543 1016 1541 1016 1505 1033 1499 1033 1494 1033 1455 1019 1452 1019 1450 1019 1331 1033 1315 1035 1306 1035 1254 1019 1251 1019 1248 1019 1246 1019 1243 1019 1221 1035 1218 1035 1215 1035 1102 1022 1100 1022 1097 1022 1053 1038 1050 1038 995 1022 992 1022 989 1022 791 1041 788 1041 672 1024 669 1024 667 1024 625 1041 581 1024 578 1024 576 1024 573 1024 532 1041 534 1082"/></Shape>
	    <String CONTENT="de l&#x27;hygiène. La descuption du quartier de Batuvia à Gaud, a de"
                    HPOS="532"
                    VPOS="1005"
                    WIDTH="2092"
                    HEIGHT="105"
                    WC="0.9980790046975017"></String>
          </TextLine>
          <TextLine ID="eSc_line_4304dd11"
                    TAGREFS="LT34"
                    BASELINE="2393 1035 2569 1031" 
                    HPOS="2393"
                    VPOS="1031"
                    WIDTH="176"
                    HEIGHT="4">
	    <String CONTENT=""
                    HPOS="2393"
                    VPOS="1031"
                    WIDTH="176"
                    HEIGHT="4"></String>
          </TextLine>
          <TextLine ID="eSc_line_f6d8cf90"
                    TAGREFS="LT31"
                    BASELINE="537 1157 2632 1126" 
                    HPOS="534"
                    VPOS="1079"
                    WIDTH="2098"
                    HEIGHT="100">
            <Shape><Polygon POINTS="537 1157 537 1179 2630 1154 2632 1126 2627 1093 2503 1079 2500 1079 2426 1093 2426 1096 2423 1096 1317 1096 1315 1096 1312 1096 1309 1096 1292 1110 1290 1110 1273 1110 1108 1099 1105 1099 1102 1099 1075 1113 1072 1113 1039 1113 725 1104 722 1104 534 1118 537 1157"/></Shape>
	    <String CONTENT="tandis &lt;.&gt; serres le leux de melles immondes dans une atmos"
                    HPOS="534"
                    VPOS="1079"
                    WIDTH="2098"
                    HEIGHT="100"
                    WC="0.982897409948252"></String>
          </TextLine>
          <TextLine ID="eSc_line_86bbcca3"
                    TAGREFS="LT31"
                    BASELINE="540 1228 2643 1203" 
                    HPOS="537"
                    VPOS="1148"
                    WIDTH="2106"
                    HEIGHT="119">
            <Shape><Polygon POINTS="540 1228 543 1267 598 1248 813 1261 816 1261 818 1261 862 1242 1058 1242 1138 1256 1155 1259 1157 1259 1174 1256 1240 1242 1397 1253 1469 1256 1472 1256 1519 1250 1576 1242 1621 1248 1662 1253 1665 1253 1667 1253 1692 1248 1739 1234 1808 1245 1849 1250 1852 1250 1855 1250 1858 1250 1869 1245 1885 1234 2009 1242 2125 1248 2128 1248 2188 1236 2244 1228 2288 1236 2324 1242 2326 1242 2329 1242 2354 1234 2379 1228 2514 1228 2519 1231 2530 1242 2533 1242 2536 1242 2539 1242 2641 1228 2643 1203 2638 1170 2547 1170 2522 1148 2519 1148 2517 1148 2514 1148 2398 1170 2274 1151 2271 1151 2268 1151 2216 1173 2023 1173 1951 1154 1949 1154 1946 1154 1943 1154 1885 1179 1703 1179 1474 1159 1472 1159 1469 1159 1428 1181 1375 1162 1372 1162 1370 1162 1193 1187 1077 1187 1039 1165 1036 1165 1033 1165 1031 1165 1028 1165 998 1187 780 1168 777 1168 774 1168 719 1190 609 1170 606 1170 603 1170 537 1192 540 1228"/></Shape>
	    <String CONTENT="phère de fosses d&#x27;aisances &lt;......&gt; un enfer. &lt;. .. .....&gt;¬"
                    HPOS="537"
                    VPOS="1148"
                    WIDTH="2106"
                    HEIGHT="119"
                    WC="0.9084060000160993"></String>
          </TextLine>
          <TextLine ID="eSc_line_2b526da3"
                    TAGREFS="LT34"
                    BASELINE="1318 1195 1659 1188" 
                    HPOS="1318"
                    VPOS="1188"
                    WIDTH="341"
                    HEIGHT="7">
	    <String CONTENT=""
                    HPOS="1318"
                    VPOS="1188"
                    WIDTH="341"
                    HEIGHT="7"></String>
          </TextLine>
          <TextLine ID="eSc_line_44c6f3f6"
                    TAGREFS="LT31"
                    BASELINE="537 1294 2638 1270" 
                    HPOS="534"
                    VPOS="1223"
                    WIDTH="2104"
                    HEIGHT="107">
            <Shape><Polygon POINTS="537 1294 537 1314 766 1330 769 1330 771 1330 774 1330 793 1314 796 1314 810 1314 964 1327 967 1327 970 1327 1000 1314 1006 1311 1036 1314 1146 1325 1149 1325 1226 1314 1262 1308 1317 1314 1430 1322 1433 1322 1825 1311 2202 1300 2244 1308 2252 1311 2255 1311 2257 1311 2260 1311 2263 1311 2263 1308 2282 1297 2373 1308 2398 1311 2401 1311 2439 1308 2605 1294 2627 1308 2638 1270 2632 1236 2404 1223 2401 1223 2321 1236 2318 1236 2191 1225 2188 1225 2186 1225 2183 1225 2161 1239 2139 1239 1968 1228 1965 1228 1962 1228 1935 1239 1929 1245 534 1250 537 1294"/></Shape>
	    <String CONTENT="&lt;. ... ....... .....&gt;"
                    HPOS="534"
                    VPOS="1223"
                    WIDTH="2104"
                    HEIGHT="107"
                    WC="0.824047000635238"></String>
          </TextLine>
          <TextLine ID="eSc_line_bba11fb3"
                    TAGREFS="LT31"
                    BASELINE="529 1363 2619 1336" 
                    HPOS="526"
                    VPOS="1283"
                    WIDTH="2093"
                    HEIGHT="100">
            <Shape><Polygon POINTS="529 1363 529 1383 2616 1360 2619 1336 2608 1283 2572 1300 526 1316 529 1363"/></Shape>
	    <String CONTENT="Auprerd hen &#x27;encore ce qui subriste &lt;.....&gt; dans les villes mana¬"
                    HPOS="526"
                    VPOS="1283"
                    WIDTH="2093"
                    HEIGHT="100"
                    WC="0.9891697315069345"></String>
          </TextLine>
          <TextLine ID="eSc_line_7c551c3f"
                    TAGREFS="LT31"
                    BASELINE="529 1429 2117 1410 2621 1416" 
                    HPOS="526"
                    VPOS="1371"
                    WIDTH="2095"
                    HEIGHT="94">
            <Shape><Polygon POINTS="529 1429 532 1465 589 1451 942 1460 945 1460 1091 1446 2619 1446 2621 1416 2619 1371 1077 1371 1075 1371 986 1385 829 1374 827 1374 824 1374 793 1388 567 1377 565 1377 562 1377 526 1391 529 1429"/></Shape>
	    <String CONTENT="facturières des batisses constintrs à cette époqué pour loger et pour ex¬"
                    HPOS="526"
                    VPOS="1371"
                    WIDTH="2095"
                    HEIGHT="94"
                    WC="0.9909990864831049"></String>
          </TextLine>
          <TextLine ID="eSc_line_91afff26"
                    TAGREFS="LT31"
                    BASELINE="526 1509 691 1498 2585 1476" 
                    HPOS="523"
                    VPOS="1424"
                    WIDTH="2062"
                    HEIGHT="116">
            <Shape><Polygon POINTS="526 1509 529 1540 578 1526 719 1537 727 1537 730 1537 733 1537 736 1537 758 1523 1133 1531 1207 1531 1210 1531 1213 1531 1215 1531 1218 1529 1237 1518 1309 1529 1320 1529 1323 1529 2583 1506 2585 1476 2580 1432 2359 1424 2357 1424 2288 1435 2252 1440 2244 1435 2224 1427 2222 1427 2219 1427 2216 1427 2213 1427 2200 1438 2191 1440 2166 1438 2120 1429 2117 1429 2040 1438 2001 1443 1987 1440 1960 1429 1957 1429 1954 1429 1951 1429 1949 1429 1935 1440 1927 1446 1717 1446 1709 1443 1678 1432 1676 1432 1673 1432 1670 1432 1667 1432 1651 1443 1643 1449 1596 1446 1466 1435 1463 1435 1400 1449 1381 1451 1348 1449 1237 1438 1235 1438 1232 1438 1207 1451 1199 1454 1166 1451 1058 1440 1055 1440 986 1454 970 1457 934 1454 777 1443 774 1443 771 1443 769 1443 747 1457 744 1460 722 1457 603 1446 601 1446 523 1460 526 1509"/></Shape>
	    <String CONTENT="ploiter la mésère du prolitariat peut donner une idée d&#x27;un état de"
                    HPOS="523"
                    VPOS="1424"
                    WIDTH="2062"
                    HEIGHT="116"
                    WC="0.9982695624683843"></String>
          </TextLine>
          <TextLine ID="eSc_line_9a1d8b15"
                    TAGREFS="LT31"
                    BASELINE="518 1573 2646 1556" 
                    HPOS="515"
                    VPOS="1518"
                    WIDTH="2131"
                    HEIGHT="93">
            <Shape><Polygon POINTS="518 1573 518 1600 1221 1611 1224 1611 2643 1586 2646 1556 2638 1518 515 1534 518 1573"/></Shape>
	    <String CONTENT="choses qui &lt;...   .. ..&gt;"
                    HPOS="515"
                    VPOS="1518"
                    WIDTH="2131"
                    HEIGHT="93"
                    WC="0.9636577094594637"></String>
          </TextLine>
          <TextLine ID="eSc_line_297b6366"
                    TAGREFS="LT31"
                    BASELINE="529 1647 1604 1647 2643 1625" 
                    HPOS="529"
                    VPOS="1578"
                    WIDTH="2114"
                    HEIGHT="108">
            <Shape><Polygon POINTS="529 1683 1061 1686 1064 1686 1066 1686 1105 1675 1138 1669 1315 1672 1601 1680 1604 1680 2015 1664 2150 1658 2200 1661 2381 1672 2384 1672 2643 1653 2643 1625 2638 1595 2417 1578 2415 1578 2412 1578 2409 1578 2390 1595 2384 1595 2241 1581 2238 1581 2147 1597 2133 1597 2089 1597 1797 1586 1794 1586 1791 1586 1789 1586 1772 1600 1767 1600 1734 1600 1549 1589 1546 1589 1543 1589 1516 1600 1508 1603 1430 1600 1160 1592 1157 1592 1091 1603 1061 1608 1042 1603 1011 1595 1009 1595 1006 1595 1003 1595 967 1603 948 1608 926 1606 876 1595 873 1595 871 1595 832 1606 816 1608 529 1608 529 1647 529 1683"/></Shape>
	    <String CONTENT="&lt;.. .. ... . ... . . .. ...&gt;"
                    HPOS="529"
                    VPOS="1578"
                    WIDTH="2114"
                    HEIGHT="108"
                    WC="0.8658634083611625"></String>
          </TextLine>
          <TextLine ID="eSc_line_d40e8a75"
                    TAGREFS="LT31"
                    BASELINE="529 1719 1612 1719 2608 1697" 
                    HPOS="529"
                    VPOS="1647"
                    WIDTH="2079"
                    HEIGHT="113">
            <Shape><Polygon POINTS="529 1743 747 1743 782 1757 785 1757 788 1757 791 1757 838 1741 843 1741 849 1741 929 1760 931 1760 934 1760 937 1760 953 1746 989 1757 992 1757 995 1757 998 1757 1053 1741 1235 1741 1339 1757 1342 1757 1590 1741 1954 1749 1957 1749 1960 1749 1962 1749 1987 1735 2238 1746 2241 1746 2244 1746 2279 1727 2605 1721 2608 1697 2599 1650 2492 1664 2459 1650 2450 1647 2448 1647 2445 1647 2153 1650 2150 1650 2136 1655 2095 1669 2056 1655 2048 1653 2045 1653 2042 1653 2023 1655 1962 1669 1907 1658 1885 1653 1882 1653 1880 1653 1877 1653 1871 1658 1847 1672 1742 1658 1709 1655 1706 1655 1676 1661 1590 1675 1367 1664 1350 1664 1348 1664 1339 1664 1246 1677 1221 1666 1213 1661 1210 1661 1207 1661 1204 1661 1188 1666 1155 1675 1108 1666 1075 1661 1072 1661 1069 1661 1055 1666 1028 1680 529 1675 529 1719 529 1743"/></Shape>
	    <String CONTENT="&lt;..... ... .. ...&gt; a foit des mots"
                    HPOS="529"
                    VPOS="1647"
                    WIDTH="2079"
                    HEIGHT="113"
                    WC="0.8959790766239166"></String>
          </TextLine>
          <TextLine ID="eSc_line_866dd0ac"
                    TAGREFS="LT31"
                    BASELINE="512 1787 2613 1776" 
                    HPOS="510"
                    VPOS="1732"
                    WIDTH="2103"
                    HEIGHT="78">
            <Shape><Polygon POINTS="512 1787 512 1810 2610 1804 2613 1776 2605 1732 510 1743 512 1787"/></Shape>
	    <String CONTENT="ouvrier et pauvre des termes synonimes. Dans de Borinage, pour éco¬"
                    HPOS="510"
                    VPOS="1732"
                    WIDTH="2103"
                    HEIGHT="78"
                    WC="0.9985039767934315"></String>
          </TextLine>
          <TextLine ID="eSc_line_aef1b456"
                    TAGREFS="LT31"
                    BASELINE="507 1862 2583 1848" 
                    HPOS="504"
                    VPOS="1812"
                    WIDTH="2079"
                    HEIGHT="72">
            <Shape><Polygon POINTS="507 1862 507 1884 2580 1881 2583 1848 2574 1812 504 1815 507 1862"/></Shape>
	    <String CONTENT="nomiser le comtustible et le savon, les femmes des mineurs lavent des"
                    HPOS="504"
                    VPOS="1812"
                    WIDTH="2079"
                    HEIGHT="72"
                    WC="0.9942408117695131"></String>
          </TextLine>
          <TextLine ID="eSc_line_ae13f0ab"
                    TAGREFS="LT31"
                    BASELINE="515 1945 2580 1928" 
                    HPOS="512"
                    VPOS="1870"
                    WIDTH="2068"
                    HEIGHT="105">
            <Shape><Polygon POINTS="515 1945 515 1964 1044 1961 1058 1961 1138 1975 1141 1975 1353 1961 1403 1958 1433 1961 1543 1972 1546 1972 1549 1972 1579 1958 1590 1956 1626 1958 1714 1969 1717 1969 2577 1953 2580 1928 2572 1884 2318 1892 2285 1884 2244 1870 2241 1870 2238 1870 2235 1870 2211 1884 2186 1898 1951 1898 1929 1884 1916 1873 1913 1873 1910 1873 1907 1873 1905 1873 1871 1884 1827 1900 1574 1900 1538 1884 1521 1878 1519 1878 1516 1878 1513 1878 1497 1884 1466 1898 1339 1900 1298 1884 1295 1884 1292 1884 1290 1884 1281 1884 1196 1903 1050 1884 1014 1881 1011 1881 951 1884 744 1900 689 1884 683 1884 680 1884 678 1884 512 1884 515 1945"/></Shape>
	    <String CONTENT="vêtements de lvesmaris et de leurs enfants aux eaux chandes qué"
                    HPOS="512"
                    VPOS="1870"
                    WIDTH="2068"
                    HEIGHT="105"
                    WC="0.9875763862852066"></String>
          </TextLine>
          <TextLine ID="eSc_line_517c2b7b"
                    TAGREFS="LT31"
                    BASELINE="507 2022 2624 2000" 
                    HPOS="504"
                    VPOS="1942"
                    WIDTH="2120"
                    HEIGHT="96">
            <Shape><Polygon POINTS="507 2022 507 2038 2624 2030 2624 2000 2616 1961 2437 1961 2428 1961 2362 1942 2359 1942 2357 1942 2354 1942 2304 1961 2293 1964 2282 1961 2235 1945 2233 1945 2230 1945 2227 1945 2191 1961 2183 1964 2172 1961 2128 1945 2125 1945 2122 1945 2053 1947 2051 1947 2048 1947 2031 1961 2023 1967 2009 1961 1976 1947 1973 1947 1844 1947 1841 1947 1783 1961 1745 1972 1557 1975 1461 1975 1444 1961 1433 1953 1430 1953 1428 1953 1425 1953 1372 1961 1339 1967 1331 1961 1320 1953 1317 1953 1315 1953 1312 1953 1309 1953 1306 1953 1295 1961 1276 1975 1179 1961 1166 1961 1163 1961 1146 1961 1003 1978 931 1961 909 1958 907 1958 904 1958 901 1958 895 1961 873 1975 838 1961 827 1958 824 1958 821 1958 818 1958 816 1958 813 1961 796 1975 747 1961 738 1961 736 1961 733 1961 730 1961 725 1961 653 1980 504 1964 507 2022"/></Shape>
	    <String CONTENT="s&#x27;écoulent des machines d&#x27;épuisement des houillères. &lt;........&gt;"
                    HPOS="504"
                    VPOS="1942"
                    WIDTH="2120"
                    HEIGHT="96"
                    WC="0.9637605633054461"></String>
          </TextLine>
          <TextLine ID="eSc_line_44b90810"
                    TAGREFS="LT31"
                    BASELINE="507 2093 2621 2077" 
                    HPOS="504"
                    VPOS="2024"
                    WIDTH="2117"
                    HEIGHT="94">
            <Shape><Polygon POINTS="507 2093 507 2118 2619 2102 2621 2077 2616 2041 2268 2024 2266 2024 2191 2041 2188 2041 2183 2041 1916 2027 1913 2027 1780 2044 1772 2044 1764 2044 1610 2030 1607 2030 1604 2030 1563 2046 1557 2046 1521 2046 1298 2033 1295 2033 1292 2033 1240 2046 1213 2033 1210 2033 1207 2033 1204 2033 1171 2046 1166 2049 1122 2046 904 2035 901 2035 898 2035 857 2049 846 2052 780 2049 551 2038 548 2038 545 2038 504 2049 507 2093"/></Shape>
	    <String CONTENT="&lt;....... ..... ........&gt; L&#x27;impossibilité de faire"
                    HPOS="504"
                    VPOS="2024"
                    WIDTH="2117"
                    HEIGHT="94"
                    WC="0.8919903879262963"></String>
          </TextLine>
          <TextLine ID="eSc_line_87df3c8d"
                    TAGREFS="LT31"
                    BASELINE="507 2168 2599 2151" 
                    HPOS="504"
                    VPOS="2104"
                    WIDTH="2095"
                    HEIGHT="97">
            <Shape><Polygon POINTS="507 2168 507 2187 1171 2201 1174 2201 1383 2184 1535 2198 1538 2198 2219 2179 2481 2190 2483 2190 2599 2170 2599 2151 2594 2118 2249 2104 2246 2104 2244 2104 2219 2118 2216 2118 2180 2118 1918 2107 1916 2107 1863 2118 1849 2124 504 2124 507 2168"/></Shape>
	    <String CONTENT="der économies pousse la plupart des ouvrices à un point d&#x27;impri¬"
                    HPOS="504"
                    VPOS="2104"
                    WIDTH="2095"
                    HEIGHT="97"
                    WC="0.9990428172625028"></String>
          </TextLine>
          <TextLine ID="eSc_line_ccfa3581"
                    TAGREFS="LT31"
                    BASELINE="507 2245 2084 2237 2583 2220" 
                    HPOS="504"
                    VPOS="2179"
                    WIDTH="2079"
                    HEIGHT="104">
            <Shape><Polygon POINTS="507 2245 507 2272 581 2283 584 2283 587 2283 589 2283 601 2272 612 2267 700 2267 738 2272 791 2283 793 2283 846 2272 893 2264 934 2272 970 2281 973 2281 975 2281 995 2272 1017 2264 1166 2272 1259 2278 1262 2278 1290 2272 1339 2261 1400 2272 1433 2278 1436 2278 1527 2272 1687 2261 1701 2272 1703 2275 1706 2275 1709 2275 1712 2278 1880 2278 1880 2275 1882 2275 1896 2272 1951 2256 1987 2270 1990 2270 1993 2270 2048 2259 2219 2272 2246 2272 2249 2272 2252 2272 2255 2272 2282 2256 2577 2270 2583 2220 2577 2179 2337 2179 2335 2179 2326 2179 2257 2195 2062 2181 2045 2181 2042 2181 2031 2181 1916 2198 1758 2184 1747 2184 1745 2184 1736 2184 1621 2198 1596 2184 1593 2184 1590 2184 1587 2184 1585 2184 1582 2184 1541 2201 1359 2187 1342 2187 1339 2187 1323 2187 1157 2204 504 2195 507 2245"/></Shape>
	    <String CONTENT="voyance qui dépasse tout. &lt;..... ..... .. .f¬"
                    HPOS="504"
                    VPOS="2179"
                    WIDTH="2079"
                    HEIGHT="104"
                    WC="0.9523786028226217"></String>
          </TextLine>
          <TextLine ID="eSc_line_359a2400"
                    TAGREFS="LT31"
                    BASELINE="507 2316 1800 2322 2591 2305" 
                    HPOS="507"
                    VPOS="2259"
                    WIDTH="2084"
                    HEIGHT="102">
            <Shape><Polygon POINTS="507 2344 716 2344 722 2344 760 2361 763 2361 766 2361 769 2361 824 2344 829 2344 854 2344 1108 2361 1111 2361 1375 2347 1485 2361 1488 2361 1593 2347 2004 2358 2007 2358 2009 2358 2053 2344 2142 2358 2144 2358 2147 2358 2208 2341 2211 2341 2588 2341 2591 2305 2585 2261 2368 2259 2365 2259 2362 2259 2359 2259 2357 2261 2337 2272 2263 2261 2235 2259 2233 2259 2230 2259 2222 2261 2188 2281 2111 2281 2089 2261 2086 2259 2084 2259 2081 2259 2015 2259 2012 2259 2009 2259 2007 2259 2001 2264 1982 2281 1714 2281 1689 2264 1681 2259 1678 2259 1676 2259 1673 2259 1632 2264 1538 2283 1232 2283 1193 2267 1177 2261 1174 2261 1111 2261 1108 2261 1105 2261 1102 2261 1094 2267 1077 2281 1058 2267 1053 2264 1050 2264 1047 2264 967 2264 964 2264 962 2264 959 2264 953 2270 937 2281 873 2270 854 2267 851 2267 849 2267 843 2270 813 2281 507 2272 507 2316 507 2344"/></Shape>
	    <String CONTENT="&lt;.. .. ...... .. . ..... ..... La trop"
                    HPOS="507"
                    VPOS="2259"
                    WIDTH="2084"
                    HEIGHT="102"
                    WC="0.8839411406140578"></String>
          </TextLine>
          <TextLine ID="eSc_line_dde01be7"
                    TAGREFS="LT31"
                    BASELINE="518 2396 2572 2380" 
                    HPOS="515"
                    VPOS="2330"
                    WIDTH="2057"
                    HEIGHT="108">
            <Shape><Polygon POINTS="518 2396 521 2438 573 2418 1091 2432 1193 2432 1196 2432 1199 2432 1207 2429 1237 2418 1417 2427 1497 2429 1499 2429 1502 2429 1519 2424 1560 2416 1747 2421 1882 2427 1885 2427 1951 2418 2040 2410 2128 2418 2211 2424 2213 2424 2216 2424 2219 2424 2230 2416 2241 2410 2566 2410 2572 2380 2566 2341 2252 2330 2249 2330 2246 2330 2244 2330 2227 2344 2222 2347 2208 2344 2166 2333 2164 2333 2161 2333 2158 2333 2125 2344 2117 2347 2078 2344 1938 2336 1935 2336 1852 2347 1833 2350 1827 2347 1797 2336 1794 2336 1791 2336 1689 2350 1681 2350 1678 2350 1634 2336 1632 2336 1629 2336 1626 2336 1623 2336 1610 2350 1560 2336 1557 2336 1554 2336 1552 2336 1505 2352 1499 2352 1477 2352 1295 2338 1292 2338 1290 2338 1287 2338 1268 2355 904 2355 862 2341 860 2341 857 2341 854 2341 851 2341 832 2355 609 2344 606 2344 515 2361 518 2396"/></Shape>
	    <String CONTENT="gralele détresse en arrive au point d&#x27;être dégradante. Partout"
                    HPOS="515"
                    VPOS="2330"
                    WIDTH="2057"
                    HEIGHT="108"
                    WC="0.9919342850485156"></String>
          </TextLine>
          <TextLine ID="eSc_line_d8843217"
                    TAGREFS="LT31"
                    BASELINE="499 2471 2613 2460" 
                    HPOS="496"
                    VPOS="2410"
                    WIDTH="2117"
                    HEIGHT="91">
            <Shape><Polygon POINTS="499 2471 499 2501 2610 2490 2613 2460 2602 2410 2547 2424 2120 2413 2117 2413 2114 2413 2111 2413 2064 2427 496 2421 499 2471"/></Shape>
	    <String CONTENT="l&#x27;ivrognerée, non seulement des hommes mais des femmes, &lt;. .&gt;¬"
                    HPOS="496"
                    VPOS="2410"
                    WIDTH="2117"
                    HEIGHT="91"
                    WC="0.9732342602745179"></String>
          </TextLine>
          <TextLine ID="eSc_line_9d59021a"
                    TAGREFS="LT31"
                    BASELINE="499 2545 2627 2545" 
                    HPOS="499"
                    VPOS="2490"
                    WIDTH="2128"
                    HEIGHT="102">
            <Shape><Polygon POINTS="499 2545 499 2570 904 2570 907 2570 929 2589 931 2589 934 2589 937 2589 1111 2573 1174 2589 1177 2589 1179 2589 1182 2589 1229 2573 1359 2589 1361 2589 1637 2573 1640 2573 1791 2589 1794 2589 1863 2575 2051 2589 2053 2589 2133 2573 2150 2570 2164 2573 2213 2589 2216 2589 2219 2592 2293 2592 2293 2589 2296 2589 2326 2573 2335 2570 2348 2573 2412 2589 2415 2589 2417 2589 2627 2573 2627 2545 2627 2504 2566 2490 2563 2490 2492 2504 2467 2507 2450 2504 2409 2490 2406 2490 2404 2490 2401 2490 2398 2490 2376 2504 2368 2509 1949 2509 1927 2504 1855 2490 1852 2490 1750 2504 1742 2504 1739 2504 1695 2490 1692 2490 1689 2490 1687 2490 1645 2504 1634 2509 1359 2509 1353 2504 1323 2490 1320 2490 1317 2490 1315 2490 1287 2504 1279 2509 1188 2509 1163 2504 1044 2490 1042 2490 1039 2490 1000 2504 998 2507 995 2504 975 2490 973 2490 970 2490 865 2490 862 2490 777 2504 763 2507 738 2504 576 2490 573 2490 499 2504 499 2545"/></Shape>
	    <String CONTENT="culat en est le résultat. &lt;...&gt; A Verviers, on suppute que la"
                    HPOS="499"
                    VPOS="2490"
                    WIDTH="2128"
                    HEIGHT="102"
                    WC="0.989358407552125"></String>
          </TextLine>
          <TextLine ID="eSc_line_6f78bac8"
                    TAGREFS="LT31"
                    BASELINE="501 2614 2610 2625" 
                    HPOS="499"
                    VPOS="2570"
                    WIDTH="2111"
                    HEIGHT="88">
            <Shape><Polygon POINTS="501 2614 499 2633 2605 2658 2610 2625 2608 2575 501 2570 501 2614"/></Shape>
	    <String CONTENT="consommation de l&#x27;Alevol a augmenté de 46% de 1833 à 1844. Le"
                    HPOS="499"
                    VPOS="2570"
                    WIDTH="2111"
                    HEIGHT="88"
                    WC="0.9990634879758281"></String>
          </TextLine>
          <TextLine ID="eSc_line_caccbf3f"
                    TAGREFS="LT31"
                    BASELINE="485 2688 2605 2705" 
                    HPOS="482"
                    VPOS="2633"
                    WIDTH="2123"
                    HEIGHT="102">
            <Shape><Polygon POINTS="485 2688 482 2713 2599 2735 2605 2705 2605 2666 2472 2664 2456 2647 2453 2647 2450 2647 2448 2647 2445 2647 2387 2661 2048 2644 2045 2644 1753 2655 1728 2642 1725 2642 1723 2642 1720 2642 1386 2653 1281 2639 1279 2639 1188 2653 1083 2636 1080 2636 873 2647 835 2633 832 2633 829 2633 485 2647 485 2688"/></Shape>
	    <String CONTENT="seul remède à l&#x27;alevolisme est d l&#x27;excés de la misère qui em¬"
                    HPOS="482"
                    VPOS="2633"
                    WIDTH="2123"
                    HEIGHT="102"
                    WC="0.9751865551356347"></String>
          </TextLine>
          <TextLine ID="eSc_line_6c0f91ee"
                    TAGREFS="LT31"
                    BASELINE="499 2774 1033 2766 1326 2777 2605 2777" 
                    HPOS="496"
                    VPOS="2716"
                    WIDTH="2109"
                    HEIGHT="88">
            <Shape><Polygon POINTS="499 2774 501 2804 540 2790 2599 2804 2605 2777 2599 2732 2420 2732 2415 2730 2390 2716 2387 2716 2384 2716 2381 2716 2313 2730 2299 2735 2177 2735 2172 2730 2153 2716 2150 2716 2147 2716 2144 2716 2042 2730 2023 2732 2009 2730 1951 2716 1949 2716 1946 2716 1882 2730 1866 2735 1703 2735 1698 2730 1681 2716 1678 2716 1676 2716 1673 2716 1670 2716 1640 2730 1634 2732 1621 2730 1557 2716 1554 2716 1474 2730 1455 2732 1433 2730 1356 2716 1353 2716 1350 2716 1312 2730 1301 2732 1279 2730 1193 2716 1190 2716 1188 2716 1149 2730 1135 2732 1113 2730 1033 2716 1031 2716 496 2727 499 2774"/></Shape>
	    <String CONTENT="piche souvent l&#x27;auvrier d&#x27;acheter du genicèrre. Parmi les fiemmes"
                    HPOS="496"
                    VPOS="2716"
                    WIDTH="2109"
                    HEIGHT="88"
                    WC="0.9890927672386169"></String>
          </TextLine>
          <TextLine ID="eSc_line_e6fe9f42"
                    TAGREFS="LT31"
                    BASELINE="501 2840 1425 2854 2638 2845" 
                    HPOS="499"
                    VPOS="2793"
                    WIDTH="2139"
                    HEIGHT="94">
            <Shape><Polygon POINTS="501 2840 499 2865 581 2881 584 2881 587 2881 617 2867 625 2867 846 2867 868 2884 871 2884 873 2884 876 2884 879 2884 918 2867 923 2867 1069 2884 1072 2887 1582 2887 1582 2884 1648 2870 1659 2867 1676 2870 1775 2884 1778 2884 1899 2870 1927 2867 1979 2870 2169 2881 2172 2881 2348 2870 2376 2870 2384 2870 2445 2884 2448 2884 2635 2870 2638 2845 2635 2810 2525 2793 2522 2793 2519 2793 2475 2807 2453 2793 2450 2793 2448 2793 2445 2793 2442 2793 2404 2807 2404 2810 2238 2810 2235 2807 2222 2793 2219 2793 2216 2793 2213 2793 2078 2807 2059 2810 1816 2810 1811 2804 1797 2793 1794 2793 1791 2793 1789 2793 1695 2804 1667 2810 1348 2810 1342 2804 1331 2793 1328 2793 1326 2793 1323 2793 1279 2804 1257 2810 1102 2810 1091 2801 1080 2793 1077 2793 1075 2793 909 2793 907 2793 904 2793 901 2793 890 2801 884 2807 879 2801 868 2793 865 2793 862 2793 860 2793 799 2801 755 2807 501 2801 501 2840"/></Shape>
	    <String CONTENT="et parmi les filler la prostitution est chose courante. &lt;o....&gt;"
                    HPOS="499"
                    VPOS="2793"
                    WIDTH="2139"
                    HEIGHT="94"
                    WC="0.9803303035478743"></String>
          </TextLine>
          <TextLine ID="eSc_line_e4b54bb7"
                    TAGREFS="LT31"
                    BASELINE="496 2917 2599 2912" 
                    HPOS="493"
                    VPOS="2876"
                    WIDTH="2106"
                    HEIGHT="69">
            <Shape><Polygon POINTS="496 2917 496 2945 2597 2939 2599 2912 2594 2878 493 2876 496 2917"/></Shape>
	    <String CONTENT="&lt;....&gt; Toutes d&#x27;ailleurs sont mariées on le marieront car"
                    HPOS="493"
                    VPOS="2876"
                    WIDTH="2106"
                    HEIGHT="69"
                    WC="0.9802975957853752"></String>
          </TextLine>
          <TextLine ID="eSc_line_20b9b930"
                    TAGREFS="LT31"
                    BASELINE="499 3000 2605 3000" 
                    HPOS="499"
                    VPOS="2947"
                    WIDTH="2106"
                    HEIGHT="94">
            <Shape><Polygon POINTS="499 3000 499 3022 581 3038 584 3038 653 3024 656 3024 714 3038 716 3038 719 3038 865 3024 876 3024 887 3024 989 3038 992 3041 1414 3041 1414 3038 1417 3038 1439 3027 1444 3024 1452 3027 1488 3038 1491 3038 1494 3038 1607 3027 1643 3024 1665 3027 1725 3038 1728 3038 1805 3027 1841 3024 2599 3030 2605 3000 2605 2961 2588 2947 2585 2947 2583 2947 2580 2947 2577 2947 2574 2947 2552 2961 2486 2947 2483 2947 2481 2947 2439 2961 2139 2947 2136 2947 2029 2961 1954 2947 1951 2947 1949 2947 1918 2964 1458 2964 1392 2947 1389 2947 1386 2947 1383 2947 1367 2961 1284 2947 1281 2947 1190 2961 1091 2947 1088 2947 788 2961 598 2947 595 2947 499 2961 499 3000"/></Shape>
	    <String CONTENT="&quot;c&#x27;est un principe recce de la classe ouvrière d&#x27;avoir le plus grand"
                    HPOS="499"
                    VPOS="2947"
                    WIDTH="2106"
                    HEIGHT="94"
                    WC="0.9853927738526288"></String>
          </TextLine>
          <TextLine ID="eSc_line_f33adfc2"
                    TAGREFS="LT31"
                    BASELINE="490 3082 2602 3066" 
                    HPOS="487"
                    VPOS="3016"
                    WIDTH="2115"
                    HEIGHT="88">
            <Shape><Polygon POINTS="490 3082 490 3104 2599 3096 2602 3066 2591 3016 2555 3030 2315 3019 2277 3019 2274 3019 2263 3019 2211 3033 2175 3022 2164 3019 2161 3019 2158 3019 2155 3019 2153 3019 2150 3022 2133 3033 2020 3024 1984 3022 1982 3022 1882 3024 1676 3036 1626 3030 1571 3022 1568 3022 1565 3022 1541 3030 1516 3038 1392 3033 1226 3024 1224 3024 1221 3024 1199 3036 1185 3041 1094 3036 918 3027 915 3027 912 3027 887 3041 882 3041 838 3041 578 3030 576 3030 487 3044 490 3082"/></Shape>
	    <String CONTENT="nombre d&#x27;enfauts possible&quot;. parseque &lt;.....ant, chaceen d&#x27;eux re¬"
                    HPOS="487"
                    VPOS="3016"
                    WIDTH="2115"
                    HEIGHT="88"
                    WC="0.9819530101922842"></String>
          </TextLine>
          <TextLine ID="eSc_line_ab80ed10"
                    TAGREFS="LT31"
                    BASELINE="490 3154 2594 3135" 
                    HPOS="487"
                    VPOS="3085"
                    WIDTH="2107"
                    HEIGHT="94">
            <Shape><Polygon POINTS="490 3154 490 3179 2591 3159 2594 3135 2588 3099 2166 3085 2164 3085 2161 3085 2128 3099 1902 3088 1899 3088 1896 3088 1847 3102 1830 3088 1827 3088 1825 3088 1822 3088 1819 3088 1780 3102 1689 3088 1687 3088 1601 3104 587 3099 584 3099 487 3115 490 3154"/></Shape>
	    <String CONTENT="présente un Salaire futur. Dès &lt;&gt; qu&#x27;il peut aller à l&#x27;atelier, ses parent"
                    HPOS="487"
                    VPOS="3085"
                    WIDTH="2107"
                    HEIGHT="94"
                    WC="0.9831596883138021"></String>
          </TextLine>
          <TextLine ID="eSc_line_7d9461b8"
                    TAGREFS="LT31"
                    BASELINE="493 3226 1849 3226 2616 3239" 
                    HPOS="493"
                    VPOS="3165"
                    WIDTH="2123"
                    HEIGHT="110">
            <Shape><Polygon POINTS="493 3226 493 3256 763 3250 843 3259 882 3264 884 3264 929 3261 1031 3250 1111 3261 1163 3270 1166 3270 1232 3264 1348 3250 1381 3264 1395 3270 1397 3270 1502 3272 1505 3272 1508 3272 1530 3264 1565 3253 1582 3267 1585 3270 1587 3270 1590 3270 1698 3272 1701 3272 1703 3272 1714 3267 1742 3253 1877 3253 1951 3270 1984 3275 1987 3275 2026 3270 2084 3259 2142 3270 2172 3275 2175 3275 2244 3270 2373 3261 2395 3272 2401 3275 2404 3275 2406 3275 2409 3275 2423 3272 2486 3256 2511 3272 2514 3275 2517 3275 2519 3275 2522 3275 2613 3272 2616 3239 2616 3195 2541 3173 2539 3173 2536 3173 2401 3193 2381 3195 2268 3195 2263 3190 2244 3173 2241 3173 2238 3173 2235 3173 2233 3173 2202 3190 2194 3193 2175 3187 2131 3176 2128 3176 2125 3176 2122 3176 2086 3187 2067 3193 2048 3187 2012 3173 2009 3173 2007 3173 1946 3184 1916 3190 1905 3184 1885 3171 1882 3171 1880 3171 1877 3171 1874 3171 1844 3184 1836 3187 1827 3184 1808 3171 1805 3171 1803 3171 1800 3171 1689 3182 1599 3190 1524 3179 1469 3171 1466 3171 1422 3176 1350 3190 1273 3176 1232 3168 1229 3168 1179 3173 1072 3190 975 3190 937 3171 931 3168 929 3168 926 3168 923 3168 920 3168 918 3171 895 3187 860 3171 857 3171 854 3171 714 3187 493 3165 493 3226"/></Shape>
	    <String CONTENT="l&#x27;y aménent,. dans le filatures de Gand, ils entrent gnéralement à l&#x27;âge"
                    HPOS="493"
                    VPOS="3165"
                    WIDTH="2123"
                    HEIGHT="110"
                    WC="0.9913479138727057"></String>
          </TextLine>
        </TextBlock>
        <TextBlock HPOS="72"
                   VPOS="2880"
                   WIDTH="336"
                   HEIGHT="280"
                   ID="eSc_textblock_2cd13e4e"
                   TAGREFS="BT43">
          <Shape><Polygon POINTS="408 3160 408 2880 72 2880 72 3160"/></Shape>
        </TextBlock>
        <TextBlock ID="eSc_dummyblock_">
          <TextLine ID="eSc_line_7fbde7c8"
                    TAGREFS="LT31"
                    BASELINE="78 3020 366 3039" 
                    HPOS="99"
                    VPOS="2994"
                    WIDTH="127"
                    HEIGHT="88">
            <Shape><Polygon POINTS="187 3016 168 3000 154 3000 132 3013 132 2997 107 2994 104 3027 99 3082 220 3074 226 3041 223 3008 215 3011"/></Shape>
	    <String CONTENT="II"
                    HPOS="99"
                    VPOS="2994"
                    WIDTH="127"
                    HEIGHT="88"
                    WC="0.9991575181484222"></String>
          </TextLine>
        </TextBlock>
      </PrintSpace>
    </Page>
  </Layout>
</alto>
