<?xml version="1.0" encoding="UTF-8"?>
<alto xmlns:xsi="http://www.w3.org/2001/XMLSchema-instance"
      xmlns="http://www.loc.gov/standards/alto/ns-v4#"
      xsi:schemaLocation="http://www.loc.gov/standards/alto/ns-v4# http://www.loc.gov/standards/alto/v4/alto-4-2.xsd">
  <Description>
    <MeasurementUnit>pixel</MeasurementUnit>
    <sourceImageInformation>
      <fileName>ARCH-DIV-000496_0103.png</fileName>
    </sourceImageInformation>
  </Description>
  <Tags>
    <OtherTag ID="BT42" LABEL="MainZone" DESCRIPTION="block type MainZone"/><OtherTag ID="BT43" LABEL="MarginTextZone" DESCRIPTION="block type MarginTextZone"/><OtherTag ID="BT44" LABEL="NumberingZone" DESCRIPTION="block type NumberingZone"/><OtherTag ID="BT45" LABEL="TitlePageZone" DESCRIPTION="block type TitlePageZone"/><OtherTag ID="BT46" LABEL="CustomZone:Numbering" DESCRIPTION="block type CustomZone:Numbering"/><OtherTag ID="BT49" LABEL="MarginTextZone:lower" DESCRIPTION="block type MarginTextZone:lower"/>
    <OtherTag ID="LT25" LABEL="default" DESCRIPTION="line type default"/><OtherTag ID="LT31" LABEL="DefaultLine" DESCRIPTION="line type DefaultLine"/><OtherTag ID="LT32" LABEL="HeadingLine" DESCRIPTION="line type HeadingLine"/><OtherTag ID="LT33" LABEL="InterlinearLine:addition" DESCRIPTION="line type InterlinearLine:addition"/><OtherTag ID="LT34" LABEL="InterlinearLine:correction" DESCRIPTION="line type InterlinearLine:correction"/>
  </Tags>
  <Layout>
    <Page WIDTH="2790"
          HEIGHT="3343"
          PHYSICAL_IMG_NR="102"
          ID="eSc_dummypage_">
      <PrintSpace HPOS="0"
                  VPOS="0"
                  WIDTH="2790"
                  HEIGHT="3343">
        <TextBlock HPOS="522"
                   VPOS="24"
                   WIDTH="2174"
                   HEIGHT="3319"
                   ID="77a0774d-9fa6-4dc2-8167-fa5f42e3e812"
                   TAGREFS="BT42">
          <Shape><Polygon POINTS="539 24 2696 24 2696 3343 532 3341 522 226"/></Shape>
          <TextLine ID="eSc_line_d7ce0793"
                    TAGREFS="LT31"
                    BASELINE="579 111 1987 103 2653 119" 
                    HPOS="576"
                    VPOS="55"
                    WIDTH="2077"
                    HEIGHT="87">
            <Shape><Polygon POINTS="1942 61 1914 61 1886 61 1881 61 1873 66 1870 66 1859 66 1814 61 1803 61 1775 61 1747 61 1730 61 1725 66 1722 69 1457 69 1452 66 1262 58 1245 58 1218 58 1190 58 1162 58 1134 58 1123 58 1112 69 922 69 811 55 799 55 772 55 735 66 643 55 632 55 607 55 602 58 576 94 579 111 579 130 972 142 975 142 978 142 981 142 989 133 1006 125 1374 125 1449 136 1485 142 1488 142 1524 136 1605 125 1633 139 1641 142 1644 142 1647 142 1650 142 1652 142 1655 139 1672 125 1794 125 2647 142 2653 119 2647 64 1990 66 1976 66 1945 61 1942 61"/></Shape>
	    <String CONTENT="Il légifèra pour la classe moyenne, c&#x27;est à̀ dire pour cette partie de"
                    HPOS="576"
                    VPOS="55"
                    WIDTH="2077"
                    HEIGHT="87"
                    WC="0.981421901498522"></String>
          </TextLine>
          <TextLine ID="eSc_line_407bf6cc"
                    TAGREFS="LT31"
                    BASELINE="568 186 1764 167 2659 181" 
                    HPOS="565"
                    VPOS="119"
                    WIDTH="2094"
                    HEIGHT="95">
            <Shape><Polygon POINTS="568 186 568 206 794 200 813 208 825 214 827 214 830 214 861 208 914 200 1014 208 1073 214 1075 214 1103 208 1176 195 1730 195 1758 208 1761 208 1764 208 1767 208 1769 208 1772 208 1797 192 1959 192 1992 208 1995 208 1998 208 2001 208 2012 208 2112 192 2653 206 2659 181 2656 136 1725 119 1722 119 1719 119 1677 136 1513 122 1510 122 1435 139 1374 122 1371 122 1368 122 1365 122 1298 139 1159 122 1156 122 1153 122 1095 142 969 125 967 125 875 142 819 125 816 125 813 125 811 125 766 142 624 130 621 130 618 130 565 144 568 186"/></Shape>
	    <String CONTENT="la nation à laquelle son idéalisme libéral lui fairait croire que "
                    HPOS="565"
                    VPOS="119"
                    WIDTH="2094"
                    HEIGHT="95"
                    WC="0.9864033949908926"></String>
          </TextLine>
          <TextLine ID="eSc_line_04ab5b79"
                    TAGREFS="LT31"
                    BASELINE="579 250 1800 234 2645 239" 
                    HPOS="576"
                    VPOS="178"
                    WIDTH="2069"
                    HEIGHT="103">
            <Shape><Polygon POINTS="2313 178 2310 178 2307 178 2305 178 2282 195 2279 197 2171 197 2168 195 2146 178 2143 178 2140 178 2137 178 2135 178 2079 195 2070 197 2031 195 1817 181 1814 181 1811 181 1772 195 1739 183 1736 183 1733 183 1730 183 1728 183 1714 197 1711 200 1702 197 1661 183 1658 183 1655 183 1652 183 1608 197 1597 200 1594 197 1577 183 1574 183 1571 183 1365 183 1362 183 1360 183 1329 197 1318 203 1304 197 1268 186 1265 186 1262 186 1259 186 1226 200 1212 203 1201 200 1170 189 1167 189 1165 189 1162 189 1159 189 1148 200 1142 206 1017 206 1006 200 981 186 978 186 975 186 864 200 813 206 576 203 579 250 579 281 749 267 1109 278 1112 278 1114 278 1117 278 1159 264 1287 278 1318 281 1321 281 1323 281 1332 278 1379 261 1474 278 1485 278 1488 278 1499 278 1577 261 1814 275 1831 275 1833 275 1842 275 1981 259 2642 270 2645 239 2639 195 2355 195 2352 195 2316 178 2313 178"/></Shape>
	    <String CONTENT="&lt;......&gt;, tout cétoyen était appelé à̀ s&#x27;élever."
                    HPOS="576"
                    VPOS="178"
                    WIDTH="2069"
                    HEIGHT="103"
                    WC="0.9507366220156351"></String>
          </TextLine>
          <TextLine ID="eSc_line_0304f9de"
                    TAGREFS="LT31"
                    BASELINE="576 317 2631 303" 
                    HPOS="574"
                    VPOS="253"
                    WIDTH="2057"
                    HEIGHT="89">
            <Shape><Polygon POINTS="576 317 576 342 2628 342 2631 303 2622 253 2436 267 2305 256 2249 253 2246 253 2215 259 2154 270 1900 264 1708 259 1705 259 1702 259 1686 267 1672 273 1619 267 1527 259 1524 259 1432 270 1390 275 1298 273 989 261 986 261 668 278 599 264 596 264 593 264 590 264 574 275 576 317"/></Shape>
	    <String CONTENT="Sans doute, la classe moyenne réposait sur la propriété. Mais, depuis"
                    HPOS="574"
                    VPOS="253"
                    WIDTH="2057"
                    HEIGHT="89"
                    WC="0.9862782652827277"></String>
          </TextLine>
          <TextLine ID="eSc_line_5188385d"
                    TAGREFS="LT31"
                    BASELINE="574 392 2070 373 2642 378" 
                    HPOS="571"
                    VPOS="331"
                    WIDTH="2071"
                    HEIGHT="89">
            <Shape><Polygon POINTS="574 392 574 417 1393 420 1396 420 1399 420 1424 415 1471 403 1519 415 1541 417 1544 417 1652 412 1853 403 1892 412 1909 415 1912 415 1945 412 2059 398 2185 409 2215 412 2218 412 2238 409 2335 395 2380 409 2383 409 2385 409 2388 409 2399 409 2505 395 2636 406 2642 378 2636 331 571 351 574 392"/></Shape>
	    <String CONTENT="la disparition des privlegrs la propriété n&#x27;etait-elle pas accessible"
                    HPOS="571"
                    VPOS="331"
                    WIDTH="2071"
                    HEIGHT="89"
                    WC="0.9927678652431654"></String>
          </TextLine>
          <TextLine ID="eSc_line_d7f5e885"
                    TAGREFS="LT31"
                    BASELINE="576 465 2622 437" 
                    HPOS="574"
                    VPOS="384"
                    WIDTH="2048"
                    HEIGHT="109">
            <Shape><Polygon POINTS="576 465 576 487 1390 493 1393 493 1675 481 2073 468 2377 479 2413 479 2416 479 2419 479 2422 479 2477 462 2617 476 2622 437 2617 401 2461 384 2458 384 2455 384 2410 401 2093 390 2090 390 2001 406 1850 395 1847 395 1744 409 1697 395 1694 395 1691 395 1689 395 1686 395 1669 412 1466 412 1440 398 1438 398 1435 398 1432 398 1270 415 1231 401 1229 401 1226 401 1223 401 1184 417 1028 403 1025 403 1022 403 975 420 811 406 808 406 805 406 763 423 615 409 613 409 610 409 574 423 576 465"/></Shape>
	    <String CONTENT="à tous? Pour cette génération grandiu dans le culte des pinisipes de"
                    HPOS="574"
                    VPOS="384"
                    WIDTH="2048"
                    HEIGHT="109"
                    WC="0.9801690172458041"></String>
          </TextLine>
          <TextLine ID="eSc_line_a400c2c4"
                    TAGREFS="LT31"
                    BASELINE="576 546 891 532 2647 509" 
                    HPOS="574"
                    VPOS="459"
                    WIDTH="2073"
                    HEIGHT="120">
            <Shape><Polygon POINTS="576 546 576 576 721 579 724 579 727 579 738 573 780 557 922 571 975 576 978 576 981 576 1000 571 1053 554 1126 568 1159 573 1162 573 1165 573 1167 573 1173 568 1187 557 1223 565 1243 571 1245 571 1248 571 1251 571 1254 571 1259 565 1284 551 1315 565 1332 571 1335 571 1337 571 1340 571 1343 571 1349 565 1362 554 1432 562 1480 568 1482 568 1485 568 1488 568 1496 562 1519 548 1658 559 1753 565 1755 565 1758 565 1786 557 1822 546 1912 554 1998 562 2001 562 2004 562 2034 551 2059 543 2076 551 2087 557 2090 557 2093 557 2146 551 2243 537 2642 540 2647 509 2639 459 574 493 576 546"/></Shape>
	    <String CONTENT="1789, ce n&#x27;est pas le peuple, c&#x27;est b aristocratie qui était à craindre."
                    HPOS="574"
                    VPOS="459"
                    WIDTH="2073"
                    HEIGHT="120"
                    WC="0.9870544320916477"></String>
          </TextLine>
          <TextLine ID="eSc_line_342043a1"
                    TAGREFS="LT31"
                    BASELINE="576 615 2619 576" 
                    HPOS="574"
                    VPOS="523"
                    WIDTH="2045"
                    HEIGHT="126">
            <Shape><Polygon POINTS="576 615 576 635 719 649 721 649 724 649 727 649 749 635 752 632 766 635 841 646 844 646 847 646 850 646 869 632 875 632 942 643 944 643 1095 629 1162 624 1262 626 1415 632 1418 632 1471 624 1510 618 1527 624 1549 632 1552 632 1555 632 1558 632 1560 632 1571 624 1577 618 1672 621 1817 626 1820 626 1822 626 1825 626 1833 618 1845 612 1939 618 2012 621 2015 621 2017 621 2020 621 2026 615 2037 607 2084 615 2118 621 2121 621 2151 615 2201 604 2257 612 2293 618 2296 618 2299 618 2324 612 2369 601 2391 612 2399 615 2402 615 2405 615 2617 607 2619 576 2614 543 2472 523 2469 523 2466 523 2463 523 2438 540 2324 526 2321 526 2196 546 2171 548 2146 546 2031 532 2029 532 2026 532 2023 532 2004 548 1995 551 1945 548 1806 537 1803 537 1800 537 1761 548 1736 557 1680 551 1616 543 1613 543 1574 551 1538 559 1510 551 1488 546 1485 546 1482 546 1480 546 1454 554 1421 562 1201 554 1139 554 1137 554 1134 554 1128 557 1100 568 1073 557 1061 551 1059 551 1056 551 1053 551 1050 551 1045 557 1031 571 930 571 894 557 883 554 880 554 877 554 841 559 716 576 574 562 576 615"/></Shape>
	    <String CONTENT="Tout privilège était abominable, de quelque nature qu&#x27;il fut. L&#x27;ins¬"
                    HPOS="574"
                    VPOS="523"
                    WIDTH="2045"
                    HEIGHT="126"
                    WC="0.9884877134771908"></String>
          </TextLine>
          <TextLine ID="eSc_line_b2f7a422"
                    TAGREFS="LT31"
                    BASELINE="576 682 2645 643" 
                    HPOS="574"
                    VPOS="593"
                    WIDTH="2071"
                    HEIGHT="114">
            <Shape><Polygon POINTS="576 682 576 707 2645 679 2645 643 2642 607 2597 593 2594 593 2592 593 2282 610 2179 615 2121 612 2001 604 1998 604 1939 615 1903 621 1867 615 1820 607 1817 607 1814 607 1781 615 1753 624 1527 618 1312 615 1309 615 1251 624 1159 637 1047 637 1034 626 1028 621 1025 621 1022 621 1020 621 975 626 866 640 769 629 744 626 741 626 738 626 735 626 733 629 716 643 574 632 576 682"/></Shape>
	    <String CONTENT="truction n&#x27;avait pas plus de droits que la naissance et le meme mo¬"
                    HPOS="574"
                    VPOS="593"
                    WIDTH="2071"
                    HEIGHT="114"
                    WC="0.9984131099572823"></String>
          </TextLine>
          <TextLine ID="eSc_line_b31c3e1e"
                    TAGREFS="LT31"
                    BASELINE="574 757 2645 721" 
                    HPOS="571"
                    VPOS="668"
                    WIDTH="2074"
                    HEIGHT="128">
            <Shape><Polygon POINTS="574 757 574 782 705 796 707 796 710 796 746 782 752 780 772 780 886 793 889 793 1061 777 1095 774 1112 777 1184 788 1187 788 1323 771 1371 768 1427 771 1571 780 1574 780 1577 780 1580 780 1594 768 1599 766 1689 768 1948 774 1951 774 2006 763 2023 760 2051 763 2154 771 2157 771 2160 771 2187 760 2196 757 2215 760 2279 768 2282 768 2285 768 2327 757 2355 752 2642 752 2645 721 2636 668 2475 685 2338 674 2324 674 2321 674 2318 674 2316 674 2285 688 2093 679 2068 679 2065 679 2054 679 1990 693 1583 690 1379 690 1376 690 1374 690 1371 690 1371 693 1365 696 1357 704 1296 699 1254 693 1251 693 571 713 574 757"/></Shape>
	    <String CONTENT="tif qui fit rejeter la constitution d&#x27;une chambre ses pairsempè¬"
                    HPOS="571"
                    VPOS="668"
                    WIDTH="2074"
                    HEIGHT="128"
                    WC="0.988229202106595"></String>
          </TextLine>
          <TextLine ID="eSc_line_2f3c88a4"
                    TAGREFS="LT31"
                    BASELINE="571 835 2600 796" 
                    HPOS="568"
                    VPOS="749"
                    WIDTH="2032"
                    HEIGHT="109">
            <Shape><Polygon POINTS="571 835 571 858 1728 849 1895 832 2160 841 2162 841 2165 841 2207 827 2441 835 2444 835 2447 835 2449 835 2469 821 2578 832 2580 832 2583 832 2586 832 2600 819 2600 796 2594 760 2338 749 2335 749 2332 749 2305 763 2296 766 2266 763 2204 754 2201 754 2034 766 1928 771 1917 766 1906 757 1903 757 1900 757 1898 757 1895 757 1892 757 1881 766 1873 771 1845 766 1800 760 1797 760 1755 768 1711 777 1644 768 1585 763 1583 763 1546 771 1505 780 1463 771 1432 766 1429 766 1354 771 1220 785 1078 777 1042 774 1039 774 1036 774 1031 777 992 793 877 793 861 777 858 777 855 777 852 777 836 777 699 796 568 782 571 835"/></Shape>
	    <String CONTENT="cha également de reconnaître aux coapasitaires&quot; le droit de suffrage."
                    HPOS="568"
                    VPOS="749"
                    WIDTH="2032"
                    HEIGHT="109"
                    WC="0.9953116238981053"></String>
          </TextLine>
          <TextLine ID="eSc_line_5c4b6f51"
                    TAGREFS="LT31"
                    BASELINE="571 908 2622 874" 
                    HPOS="568"
                    VPOS="824"
                    WIDTH="2054"
                    HEIGHT="100">
            <Shape><Polygon POINTS="571 908 571 924 2622 899 2622 874 2617 841 2449 824 2447 824 2321 841 2109 830 2107 830 2104 830 2054 846 1939 835 1937 835 1934 835 1931 835 1914 849 1636 841 1633 841 1474 855 1427 841 1424 841 1421 841 1418 841 1362 858 1240 846 1237 846 1234 846 1231 846 1215 860 939 852 936 852 933 852 897 866 866 852 864 852 861 852 696 869 615 855 613 855 610 855 568 869 571 908"/></Shape>
	    <String CONTENT="Dès lors le ceus, considéré comme la récompeuse du travait et de la"
                    HPOS="568"
                    VPOS="824"
                    WIDTH="2054"
                    HEIGHT="100"
                    WC="0.992956963937674"></String>
          </TextLine>
          <TextLine ID="eSc_line_19ca6b92"
                    TAGREFS="LT31"
                    BASELINE="568 986 2619 944" 
                    HPOS="565"
                    VPOS="897"
                    WIDTH="2054"
                    HEIGHT="122">
            <Shape><Polygon POINTS="568 986 568 1005 733 1019 735 1019 738 1019 741 1019 760 1005 760 1002 978 1000 1000 1002 1095 1014 1098 1014 1100 1014 1103 1014 1123 1000 1128 997 1204 1000 1393 1005 1396 1005 1399 1005 1401 1005 1413 997 1418 991 1443 997 1491 1005 1493 1005 1577 994 1622 988 1636 994 1655 1002 1658 1002 1661 1002 1663 1002 1683 994 1694 988 2146 988 2483 988 2483 986 2486 986 2497 983 2547 969 2617 980 2619 944 2614 897 2218 897 2215 897 2162 902 2056 916 1970 905 1937 902 1934 902 1903 908 1833 919 1811 908 1803 905 1800 905 1797 905 1794 905 1792 905 1789 908 1772 922 1597 910 1552 910 1549 910 1546 910 1541 913 1510 927 1273 919 1270 919 1268 919 1234 933 1123 919 1106 919 1103 919 1087 919 981 936 794 927 791 927 788 927 785 927 769 941 699 927 696 927 694 927 691 927 688 927 666 944 565 930 568 986"/></Shape>
	    <String CONTENT="vertu, devenait la seule garantie des institutions libres paue qu&#x27;il"
                    HPOS="565"
                    VPOS="897"
                    WIDTH="2054"
                    HEIGHT="122"
                    WC="0.994746603509959"></String>
          </TextLine>
          <TextLine ID="eSc_line_20d0023f"
                    TAGREFS="LT31"
                    BASELINE="576 1064 2661 1033" 
                    HPOS="574"
                    VPOS="980"
                    WIDTH="2087"
                    HEIGHT="117">
            <Shape><Polygon POINTS="576 1064 576 1097 766 1080 922 1092 944 1092 947 1092 950 1092 953 1092 978 1078 1095 1086 1126 1089 1128 1089 2661 1053 2661 1033 2656 997 2486 980 2483 980 2480 980 2477 980 2477 983 2463 994 2285 983 2282 983 2090 1002 1878 991 1875 991 1873 991 1870 991 1853 1005 1697 994 1694 994 1599 1008 1527 994 1524 994 1521 994 1454 1011 964 1002 961 1002 958 1002 956 1002 956 1005 939 1019 808 1005 805 1005 802 1005 755 1025 574 1025 576 1064"/></Shape>
	    <String CONTENT="garantissait la moralite et l&#x27;indépendance de l&#x27;électeur. Il ieet"
                    HPOS="574"
                    VPOS="980"
                    WIDTH="2087"
                    HEIGHT="117"
                    WC="0.9924000630011925"></String>
          </TextLine>
          <TextLine ID="eSc_line_39aef80d"
                    TAGREFS="LT31"
                    BASELINE="571 1142 2647 1100" 
                    HPOS="568"
                    VPOS="1058"
                    WIDTH="2079"
                    HEIGHT="117">
            <Shape><Polygon POINTS="571 1142 571 1175 2647 1131 2647 1100 2639 1058 568 1097 571 1142"/></Shape>
	    <String CONTENT="pes douteux que le congrés euvisagea les censitaires avec une siui¬"
                    HPOS="568"
                    VPOS="1058"
                    WIDTH="2079"
                    HEIGHT="117"
                    WC="0.9780129799202307"></String>
          </TextLine>
          <TextLine ID="eSc_line_309500af"
                    TAGREFS="LT31"
                    BASELINE="568 1214 2048 1186 2636 1189" 
                    HPOS="565"
                    VPOS="1133"
                    WIDTH="2071"
                    HEIGHT="117">
            <Shape><Polygon POINTS="568 1214 568 1250 749 1231 919 1245 922 1245 928 1245 1549 1220 1755 1231 1758 1231 1761 1231 1817 1214 2631 1217 2636 1189 2633 1144 2165 1133 2162 1133 1990 1153 1978 1153 1973 1153 1923 1139 1920 1139 1917 1139 1803 1156 1792 1156 1783 1156 1655 1142 1652 1142 1650 1142 1602 1158 1599 1158 1591 1158 1452 1144 1449 1144 1343 1161 1340 1161 1335 1161 1109 1153 1106 1153 981 1167 978 1167 947 1153 944 1153 942 1153 833 1170 827 1170 822 1170 738 1156 735 1156 565 1172 568 1214"/></Shape>
	    <String CONTENT="cérité complète comme l&#x27;elite de la nation et la seule garantie"
                    HPOS="565"
                    VPOS="1133"
                    WIDTH="2071"
                    HEIGHT="117"
                    WC="0.9806788204208253"></String>
          </TextLine>
          <TextLine ID="eSc_line_66907ba3"
                    TAGREFS="LT31"
                    BASELINE="571 1295 1870 1275 2642 1278" 
                    HPOS="568"
                    VPOS="1217"
                    WIDTH="2074"
                    HEIGHT="114">
            <Shape><Polygon POINTS="571 1295 574 1331 643 1314 836 1328 838 1328 841 1328 844 1328 911 1312 967 1326 969 1326 972 1326 1073 1312 1376 1323 1388 1323 1390 1323 1399 1323 1677 1303 1725 1317 1728 1317 1730 1317 2232 1298 2338 1312 2341 1312 2502 1295 2519 1309 2522 1309 2525 1309 2528 1312 2642 1312 2642 1278 2639 1234 2413 1220 2410 1220 2344 1234 2263 1217 2260 1217 2257 1217 2210 1236 2207 1236 2112 1220 2109 1220 2107 1220 2051 1236 1967 1220 1964 1220 1962 1220 1959 1220 1928 1239 1925 1242 1867 1242 1836 1242 1800 1222 1797 1222 1666 1222 1663 1222 1661 1222 1608 1242 1407 1231 1404 1231 1401 1231 1374 1245 1371 1248 1351 1248 1192 1248 1128 1228 1126 1228 1123 1228 1120 1228 1087 1245 872 1231 869 1231 866 1231 864 1231 836 1250 705 1234 702 1234 568 1253 571 1295"/></Shape>
	    <String CONTENT="qui lui fiût offerte contre un retons possible du &quot;despotisme&quot;"
                    HPOS="568"
                    VPOS="1217"
                    WIDTH="2074"
                    HEIGHT="114"
                    WC="0.9941985414874169"></String>
          </TextLine>
          <TextLine ID="eSc_line_4934559a"
                    TAGREFS="LT31"
                    BASELINE="696 1381 2628 1351" 
                    HPOS="694"
                    VPOS="1295"
                    WIDTH="1934"
                    HEIGHT="114">
            <Shape><Polygon POINTS="696 1381 696 1406 1153 1409 1156 1409 1159 1409 1184 1404 1223 1392 1440 1401 1552 1404 1555 1404 1558 1404 1571 1398 1602 1390 1697 1398 1744 1401 1747 1401 1750 1401 1758 1398 1783 1387 2073 1392 2076 1392 2079 1392 2160 1378 2210 1392 2213 1392 2215 1392 2218 1392 2238 1392 2469 1373 2622 1387 2628 1351 2622 1309 2466 1295 2463 1295 2461 1295 2458 1295 2436 1312 2427 1314 2394 1312 2282 1300 2279 1300 2277 1300 2249 1314 2243 1317 2235 1314 2218 1306 2215 1306 2213 1306 2112 1317 2073 1320 2068 1317 2043 1306 2040 1306 2037 1306 2034 1306 1990 1320 1984 1320 1978 1320 1928 1303 1925 1303 1923 1303 1769 1323 1742 1326 1719 1323 1622 1309 1619 1309 1616 1309 1560 1326 1552 1331 1452 1331 1449 1328 1424 1312 1421 1312 1418 1312 1415 1312 1413 1312 1410 1312 1385 1328 1379 1331 1354 1331 1184 1317 1181 1317 1178 1317 1176 1317 1156 1334 1106 1317 1103 1317 1100 1317 1000 1331 869 1320 866 1320 864 1320 805 1337 733 1323 730 1323 727 1323 694 1337 696 1381"/></Shape>
	    <String CONTENT="Mais l&#x27;esprit qui avait présidé à l&#x27;élaboration de la constitution"
                    HPOS="694"
                    VPOS="1295"
                    WIDTH="1934"
                    HEIGHT="114"
                    WC="0.9968128738118641"></String>
          </TextLine>
          <TextLine ID="eSc_line_c502212d"
                    TAGREFS="LT31"
                    BASELINE="565 1454 1714 1445 2614 1420" 
                    HPOS="563"
                    VPOS="1376"
                    WIDTH="2051"
                    HEIGHT="106">
            <Shape><Polygon POINTS="565 1454 565 1476 1296 1482 1298 1482 2260 1454 2397 1465 2399 1465 2402 1465 2436 1451 2553 1462 2555 1462 2558 1462 2614 1445 2614 1420 2606 1376 1098 1412 1045 1409 925 1398 922 1398 919 1398 916 1398 897 1412 891 1415 880 1412 844 1401 841 1401 838 1401 836 1401 805 1415 799 1415 785 1415 694 1404 691 1404 563 1417 565 1454"/></Shape>
	    <String CONTENT="ne présida plus à son application. En d&#x27;autres termer le Perlement"
                    HPOS="563"
                    VPOS="1376"
                    WIDTH="2051"
                    HEIGHT="106"
                    WC="0.9954402055313338"></String>
          </TextLine>
          <TextLine ID="eSc_line_b0508257"
                    TAGREFS="LT31"
                    BASELINE="574 1534 2617 1501" 
                    HPOS="571"
                    VPOS="1462"
                    WIDTH="2046"
                    HEIGHT="114">
            <Shape><Polygon POINTS="574 1534 576 1576 641 1551 749 1551 774 1562 777 1562 780 1562 1081 1548 1100 1565 1103 1565 1106 1565 1109 1568 1131 1568 1184 1568 1184 1565 1187 1565 1240 1548 1410 1557 1413 1557 1415 1557 1460 1540 1499 1557 1502 1557 1505 1557 1507 1557 1555 1543 1861 1554 1931 1554 1934 1554 1937 1554 1948 1551 2001 1534 2043 1548 2048 1551 2051 1551 2054 1551 2070 1548 2165 1529 2201 1546 2207 1548 2210 1548 2213 1548 2254 1546 2447 1526 2611 1537 2617 1501 2611 1465 1764 1462 1761 1462 1758 1462 1730 1476 1605 1465 1602 1465 1599 1465 1597 1465 1597 1468 1583 1482 1251 1484 1089 1473 1087 1473 1084 1473 1081 1473 1081 1476 1067 1487 914 1476 911 1476 571 1495 574 1534"/></Shape>
	    <String CONTENT="qui, à parter de 183), succéda au conpies n&#x27;ayant plus à formuler des"
                    HPOS="571"
                    VPOS="1462"
                    WIDTH="2046"
                    HEIGHT="114"
                    WC="0.9890527011642993"></String>
          </TextLine>
          <TextLine ID="eSc_line_32175dd8"
                    TAGREFS="LT31"
                    BASELINE="560 1604 2617 1573" 
                    HPOS="557"
                    VPOS="1532"
                    WIDTH="2060"
                    HEIGHT="111">
            <Shape><Polygon POINTS="560 1604 560 1643 643 1626 738 1640 741 1640 744 1640 746 1640 749 1640 749 1638 766 1624 1039 1638 1087 1638 1089 1638 1126 1635 1279 1621 1491 1629 1519 1629 1521 1629 1524 1629 1527 1629 1577 1612 1611 1626 1613 1626 1616 1629 1811 1629 1811 1626 1814 1626 1825 1624 1884 1607 1912 1624 1914 1624 1917 1624 1920 1624 1939 1621 2056 1604 2611 1610 2617 1573 2611 1537 2045 1532 2043 1532 1884 1546 1856 1548 1833 1548 1725 1537 1722 1537 557 1565 560 1604"/></Shape>
	    <String CONTENT="principer mais à &lt;&gt; aganiser des péalités se trouva tout de"
                    HPOS="557"
                    VPOS="1532"
                    WIDTH="2060"
                    HEIGHT="111"
                    WC="0.9788692871729533"></String>
          </TextLine>
          <TextLine ID="eSc_line_e481ce50"
                    TAGREFS="LT31"
                    BASELINE="551 1674 2619 1640" 
                    HPOS="549"
                    VPOS="1587"
                    WIDTH="2070"
                    HEIGHT="129">
            <Shape><Polygon POINTS="551 1674 554 1716 607 1696 953 1702 956 1702 1112 1688 1170 1702 1204 1707 1206 1707 1209 1707 1231 1699 1257 1691 1407 1693 1574 1699 1577 1699 1580 1699 1613 1691 1650 1679 1691 1688 1753 1699 1755 1699 1912 1682 1942 1679 1984 1679 2271 1691 2274 1691 2419 1668 2447 1665 2461 1668 2539 1685 2541 1685 2544 1685 2619 1663 2619 1640 2611 1587 2433 1604 2285 1593 2263 1593 2260 1593 2232 1596 2087 1610 1761 1607 1591 1604 1588 1604 1585 1604 1571 1610 1549 1618 1332 1615 1092 1612 1089 1612 1087 1612 1067 1621 1053 1626 947 1624 713 1618 710 1618 549 1632 551 1674"/></Shape>
	    <String CONTENT="suite soumis à l&#x27;influence de contingences de la pratique et du jua"
                    HPOS="549"
                    VPOS="1587"
                    WIDTH="2070"
                    HEIGHT="129"
                    WC="0.9928904333535362"></String>
          </TextLine>
          <TextLine ID="eSc_line_8ebe7f69"
                    TAGREFS="LT31"
                    BASELINE="549 1743 2619 1721" 
                    HPOS="546"
                    VPOS="1668"
                    WIDTH="2073"
                    HEIGHT="112">
            <Shape><Polygon POINTS="549 1743 549 1763 629 1780 632 1780 1056 1760 1064 1760 1073 1760 1309 1774 1312 1774 2026 1749 2101 1749 2146 1749 2514 1760 2516 1760 2619 1743 2619 1721 2611 1668 2525 1685 2037 1677 2034 1677 2031 1677 2004 1691 1859 1679 1856 1679 1853 1679 1806 1693 1580 1679 1577 1679 1574 1679 1496 1696 1318 1682 1315 1682 1312 1682 1309 1682 1307 1682 1284 1699 1112 1685 1109 1685 1106 1685 1103 1685 1084 1699 989 1688 986 1688 983 1688 981 1688 964 1704 864 1704 819 1688 816 1688 813 1688 613 1704 546 1691 549 1743"/></Shape>
	    <String CONTENT="conflit des intérels. C&#x27;est à partir de ce moment que &lt;......&gt;"
                    HPOS="546"
                    VPOS="1668"
                    WIDTH="2073"
                    HEIGHT="112"
                    WC="0.9902289292168995"></String>
          </TextLine>
          <TextLine ID="eSc_line_4bb7b2bf"
                    TAGREFS="LT31"
                    BASELINE="557 1821 2647 1796" 
                    HPOS="554"
                    VPOS="1741"
                    WIDTH="2093"
                    HEIGHT="117">
            <Shape><Polygon POINTS="557 1821 557 1847 724 1858 727 1858 978 1844 1084 1838 1170 1841 1399 1852 1401 1852 2645 1824 2647 1796 2639 1749 2497 1763 2475 1752 2475 1749 2472 1749 2469 1749 2466 1749 2430 1752 2344 1760 2332 1755 2321 1743 2318 1743 2316 1743 2313 1743 2310 1743 2288 1755 2263 1766 2229 1755 2185 1741 2182 1741 2179 1741 2017 1743 2015 1743 1970 1760 1937 1771 1833 1763 1677 1749 1675 1749 1672 1749 1669 1749 1650 1766 1638 1774 1585 1769 1485 1755 1482 1755 1354 1771 1332 1774 1323 1771 1257 1752 1254 1752 1251 1752 1248 1752 1195 1774 1184 1780 1176 1774 1156 1760 1153 1760 1151 1760 1148 1760 1047 1777 1017 1782 1008 1777 981 1760 978 1760 975 1760 972 1760 969 1760 967 1760 939 1780 930 1785 733 1785 724 1782 677 1766 674 1766 671 1766 554 1785 557 1821"/></Shape>
	    <String CONTENT="cemanence l&#x27;inivitable s&#x27;accomplit et que la bougevisie commence"
                    HPOS="554"
                    VPOS="1741"
                    WIDTH="2093"
                    HEIGHT="117"
                    WC="0.9883420700207353"></String>
          </TextLine>
          <TextLine ID="eSc_line_931c10e9"
                    TAGREFS="LT31"
                    BASELINE="557 1905 2647 1880" 
                    HPOS="554"
                    VPOS="1838"
                    WIDTH="2093"
                    HEIGHT="103">
            <Shape><Polygon POINTS="557 1905 557 1925 763 1941 766 1941 769 1941 802 1925 819 1925 1017 1938 1020 1938 1022 1938 1061 1925 1067 1922 1073 1922 1120 1936 1123 1936 1126 1936 1128 1936 1131 1936 1145 1922 1148 1922 1192 1922 1466 1933 1468 1933 1527 1922 1541 1919 1616 1919 1861 1927 1864 1927 1923 1919 1976 1911 2029 1919 2076 1925 2079 1925 2132 1916 2204 1908 2645 1913 2647 1880 2639 1838 554 1855 557 1905"/></Shape>
	    <String CONTENT="à confondre se propre cause avec la cause de la nation. L&#x27;ear dustré¬"
                    HPOS="554"
                    VPOS="1838"
                    WIDTH="2093"
                    HEIGHT="103"
                    WC="0.9940701016357967"></String>
          </TextLine>
          <TextLine ID="eSc_line_4e50d142"
                    TAGREFS="LT31"
                    BASELINE="549 1983 2639 1969" 
                    HPOS="546"
                    VPOS="1913"
                    WIDTH="2093"
                    HEIGHT="103">
            <Shape><Polygon POINTS="549 1983 551 2016 607 2003 2639 2003 2639 1969 2633 1930 2416 1913 2413 1913 2410 1913 2380 1930 2377 1930 2330 1913 2327 1913 2324 1913 2321 1913 2318 1913 2302 1930 2299 1933 2215 1933 2207 1930 2176 1916 2174 1916 2171 1916 2020 1930 1992 1933 1970 1930 1850 1916 1847 1916 1747 1933 1719 1936 1677 1933 1560 1922 1558 1922 1555 1922 1552 1922 1535 1933 1530 1936 1519 1933 1485 1925 1482 1925 1480 1925 1399 1933 1351 1938 1340 1933 1321 1925 1318 1925 1315 1925 1312 1925 1279 1933 1265 1938 1254 1933 1229 1925 1226 1925 1223 1925 1220 1925 1184 1936 1167 1938 1156 1936 1126 1922 1123 1922 1120 1922 1117 1922 1092 1936 1084 1938 1050 1936 983 1927 981 1927 978 1927 975 1927 967 1936 956 1944 813 1944 794 1936 755 1925 752 1925 749 1925 546 1936 549 1983"/></Shape>
	    <String CONTENT="alisation croissante du pays et l&#x27;extraordinaire élan du capitaliome"
                    HPOS="546"
                    VPOS="1913"
                    WIDTH="2093"
                    HEIGHT="103"
                    WC="0.9994984979138655"></String>
          </TextLine>
          <TextLine ID="eSc_line_2e37fb85"
                    TAGREFS="LT31"
                    BASELINE="546 2064 2619 2039" 
                    HPOS="543"
                    VPOS="1994"
                    WIDTH="2076"
                    HEIGHT="103">
            <Shape><Polygon POINTS="546 2064 546 2086 1000 2097 1003 2097 1103 2081 1114 2081 1126 2081 1209 2094 1212 2094 1215 2094 1265 2081 1276 2078 1301 2081 1427 2092 1429 2092 1432 2092 1477 2078 1480 2078 1491 2078 1650 2089 1652 2089 1747 2075 1753 2075 1789 2075 2383 2081 2385 2081 2617 2064 2619 2039 2611 1994 543 2022 546 2064"/></Shape>
	    <String CONTENT="entre 1834 et 1839 la pousse nécessairement à se cautonner de plus en"
                    HPOS="543"
                    VPOS="1994"
                    WIDTH="2076"
                    HEIGHT="103"
                    WC="0.9859749070235662"></String>
          </TextLine>
          <TextLine ID="eSc_line_f44b73dd"
                    TAGREFS="LT31"
                    BASELINE="546 2133 2628 2117" 
                    HPOS="543"
                    VPOS="2067"
                    WIDTH="2085"
                    HEIGHT="92">
            <Shape><Polygon POINTS="546 2133 546 2159 2625 2145 2628 2117 2622 2081 2528 2067 2525 2067 2299 2081 2263 2083 543 2083 546 2133"/></Shape>
	    <String CONTENT="plus dans le domaine des intérêts matériels. Dans les compagne l&#x27;ar¬"
                    HPOS="543"
                    VPOS="2067"
                    WIDTH="2085"
                    HEIGHT="92"
                    WC="0.9812855527681463"></String>
          </TextLine>
          <TextLine ID="eSc_line_39d3a40f"
                    TAGREFS="LT31"
                    BASELINE="551 2200 1555 2206 2633 2186" 
                    HPOS="549"
                    VPOS="2139"
                    WIDTH="2084"
                    HEIGHT="106">
            <Shape><Polygon POINTS="551 2200 551 2225 819 2225 822 2225 838 2242 841 2242 844 2242 847 2245 911 2245 911 2242 1000 2225 1006 2225 1028 2239 1031 2239 1034 2239 1036 2242 1318 2242 1318 2239 1468 2225 1496 2223 1502 2225 1527 2237 1530 2237 1532 2237 1775 2234 1778 2234 1800 2223 1814 2217 1875 2223 1976 2234 1978 2234 2040 2223 2062 2220 2104 2223 2204 2231 2207 2231 2210 2231 2213 2231 2224 2223 2235 2214 2288 2223 2349 2231 2352 2231 2408 2223 2455 2214 2628 2220 2633 2186 2625 2139 2497 2156 2477 2142 2475 2142 2472 2142 2469 2142 2466 2142 2424 2159 2160 2159 2129 2145 2118 2142 2115 2142 2112 2142 2093 2145 2037 2159 2020 2147 2017 2145 2015 2145 2012 2145 2009 2145 1984 2147 1912 2159 1895 2147 1892 2145 1889 2145 1886 2145 1725 2145 1722 2145 1719 2145 1705 2150 1683 2164 1371 2164 1357 2156 1335 2147 1332 2147 1329 2147 1326 2147 1298 2159 1276 2164 1190 2159 1053 2150 1050 2150 972 2161 936 2167 861 2164 649 2153 646 2153 549 2167 551 2200"/></Shape>
	    <String CONTENT="cendant des grands propriétaires dans les villes celui des grands industuits"
                    HPOS="549"
                    VPOS="2139"
                    WIDTH="2084"
                    HEIGHT="106"
                    WC="0.9844217269044173"></String>
          </TextLine>
          <TextLine ID="eSc_line_b30b0167"
                    TAGREFS="LT31"
                    BASELINE="546 2281 2642 2276" 
                    HPOS="543"
                    VPOS="2223"
                    WIDTH="2099"
                    HEIGHT="94">
            <Shape><Polygon POINTS="546 2281 546 2301 685 2317 688 2317 691 2317 719 2303 1549 2317 1552 2317 1937 2303 2210 2315 2213 2315 2215 2315 2218 2315 2240 2301 2243 2301 2246 2301 2558 2315 2561 2315 2642 2298 2642 2276 2636 2239 2539 2223 2536 2223 2463 2237 2461 2237 2458 2237 2352 2223 2213 2223 2210 2223 2207 2223 2204 2223 2187 2237 2185 2237 2129 2223 2126 2223 2123 2223 1992 2237 1967 2237 1881 2234 1552 2225 1549 2225 1546 2225 1544 2225 1532 2234 1521 2239 1488 2234 1443 2225 1440 2225 1438 2225 1421 2234 1404 2239 543 2231 546 2281"/></Shape>
	    <String CONTENT="s&#x27;impose bientôt au corps élictoral et d&#x27;artant plus facilement que"
                    HPOS="543"
                    VPOS="2223"
                    WIDTH="2099"
                    HEIGHT="94"
                    WC="0.9891632234872277"></String>
          </TextLine>
          <TextLine ID="eSc_line_6cf63a64"
                    TAGREFS="LT31"
                    BASELINE="546 2354 1711 2365 2600 2351" 
                    HPOS="546"
                    VPOS="2303"
                    WIDTH="2054"
                    HEIGHT="92">
            <Shape><Polygon POINTS="546 2354 546 2379 674 2379 677 2379 702 2395 705 2395 707 2395 710 2395 713 2395 772 2379 774 2379 780 2379 880 2395 883 2395 978 2381 1011 2395 1014 2395 1017 2395 2597 2387 2600 2351 2592 2303 546 2315 546 2354"/></Shape>
	    <String CONTENT="ce corps est plus restreint et plus rasturellement porté à se laisser"
                    HPOS="546"
                    VPOS="2303"
                    WIDTH="2054"
                    HEIGHT="92"
                    WC="0.998037143264498"></String>
          </TextLine>
          <TextLine ID="eSc_line_e645b412"
                    TAGREFS="LT31"
                    BASELINE="549 2445 2611 2440" 
                    HPOS="546"
                    VPOS="2390"
                    WIDTH="2065"
                    HEIGHT="86">
            <Shape><Polygon POINTS="549 2445 549 2468 2606 2476 2611 2440 2606 2404 1686 2390 1683 2390 1571 2404 685 2393 682 2393 546 2406 549 2445"/></Shape>
	    <String CONTENT="conduire par ceux dont la réchesse lui parait une garantre d&#x27;ordre"
                    HPOS="546"
                    VPOS="2390"
                    WIDTH="2065"
                    HEIGHT="86"
                    WC="0.9864493364637549"></String>
          </TextLine>
          <TextLine ID="eSc_line_731edfa1"
                    TAGREFS="LT31"
                    BASELINE="549 2529 2575 2518" 
                    HPOS="546"
                    VPOS="2479"
                    WIDTH="2029"
                    HEIGHT="95">
            <Shape><Polygon POINTS="549 2529 549 2554 769 2551 780 2557 802 2571 805 2571 808 2571 811 2574 922 2574 922 2571 925 2571 928 2571 947 2557 956 2551 1000 2557 1078 2568 1081 2568 1084 2568 1087 2568 1098 2557 1103 2551 1268 2549 1301 2560 1329 2568 1332 2568 1335 2568 1379 2560 1429 2549 1499 2560 1558 2568 1560 2568 1669 2565 1672 2565 1686 2560 1716 2546 1742 2560 1747 2565 1750 2565 1753 2565 1755 2565 1797 2560 1895 2549 2037 2562 2059 2562 2062 2562 2107 2562 2452 2549 2569 2562 2575 2518 2569 2482 546 2479 549 2529"/></Shape>
	    <String CONTENT="social et qui &lt;.. ...nt  .. excitent chez lui des tendances"
                    HPOS="546"
                    VPOS="2479"
                    WIDTH="2029"
                    HEIGHT="95"
                    WC="0.9582744311478179"></String>
          </TextLine>
          <TextLine ID="eSc_line_6781c339"
                    TAGREFS="LT31"
                    BASELINE="543 2613 2594 2601" 
                    HPOS="540"
                    VPOS="2549"
                    WIDTH="2054"
                    HEIGHT="97">
            <Shape><Polygon POINTS="543 2613 543 2646 2592 2629 2594 2601 2589 2562 2190 2549 2187 2549 2037 2565 2015 2565 1976 2565 1716 2551 1714 2551 1711 2551 1658 2565 1655 2565 1474 2554 1471 2554 1312 2568 1301 2568 1298 2568 1251 2554 1248 2554 1245 2554 1243 2554 1240 2554 1223 2568 1223 2571 1109 2571 1109 2568 1070 2554 1067 2554 1064 2554 989 2568 769 2557 766 2557 685 2571 682 2571 638 2557 635 2557 632 2557 540 2571 543 2613"/></Shape>
	    <String CONTENT="auxquelles il n&#x27;est que troy porté à s&#x27;abandoiner. Il est très caractéris¬"
                    HPOS="540"
                    VPOS="2549"
                    WIDTH="2054"
                    HEIGHT="97"
                    WC="0.9913549876213074"></String>
          </TextLine>
          <TextLine ID="eSc_line_ecd35bce"
                    TAGREFS="LT31"
                    BASELINE="532 2696 2592 2668" 
                    HPOS="529"
                    VPOS="2618"
                    WIDTH="2063"
                    HEIGHT="117">
            <Shape><Polygon POINTS="532 2696 532 2718 730 2735 733 2735 822 2718 922 2732 925 2732 928 2732 981 2716 1307 2727 1309 2727 1463 2710 1552 2724 1555 2724 1558 2724 1560 2724 1583 2707 1585 2707 1591 2707 1730 2721 1733 2721 2592 2693 2592 2668 2586 2629 2377 2618 2374 2618 2302 2632 2293 2632 2282 2632 2174 2621 2171 2621 2095 2635 2087 2635 2031 2635 1555 2629 1552 2629 1549 2629 1546 2629 1532 2643 1530 2643 1513 2643 1399 2632 1396 2632 1393 2632 1351 2643 1343 2646 1318 2646 1181 2635 1178 2635 1176 2635 1139 2649 1134 2649 1103 2649 944 2638 942 2638 939 2638 936 2638 919 2652 914 2652 897 2652 780 2640 777 2640 529 2654 532 2696"/></Shape>
	    <String CONTENT="tique que l&#x27;on de mettà parles dès lors d&#x27;un &quot;parti industuel&quot; d&#x27;une"
                    HPOS="529"
                    VPOS="2618"
                    WIDTH="2063"
                    HEIGHT="117"
                    WC="0.9845516050563139"></String>
          </TextLine>
          <TextLine ID="eSc_line_fa69e4d9"
                    TAGREFS="LT31"
                    BASELINE="543 2771 1655 2760" 
                    HPOS="540"
                    VPOS="2707"
                    WIDTH="1115"
                    HEIGHT="103">
            <Shape><Polygon POINTS="543 2771 543 2796 646 2810 649 2810 652 2810 654 2810 654 2808 666 2796 671 2794 699 2796 780 2808 783 2808 785 2808 816 2796 836 2791 972 2796 1209 2805 1212 2805 1655 2791 1655 2760 1650 2727 1424 2707 1421 2707 1418 2707 1415 2707 1415 2710 1399 2724 1298 2710 1296 2710 1139 2727 1103 2710 1100 2710 1098 2710 1095 2710 1053 2730 889 2713 886 2713 883 2713 880 2713 880 2716 864 2732 643 2732 615 2716 613 2716 610 2716 607 2716 604 2716 540 2735 543 2771"/></Shape>
	    <String CONTENT="clique &quot;aristoiratieo-met allique&quot;."
                    HPOS="540"
                    VPOS="2707"
                    WIDTH="1115"
                    HEIGHT="103"
                    WC="0.9895314369882856"></String>
          </TextLine>
          <TextLine ID="eSc_line_78697b22"
                    TAGREFS="LT31"
                    BASELINE="607 2858 2625 2844" 
                    HPOS="604"
                    VPOS="2788"
                    WIDTH="2021"
                    HEIGHT="112">
            <Shape><Polygon POINTS="607 2858 607 2880 688 2900 691 2900 783 2883 847 2900 850 2900 852 2900 956 2886 1638 2894 1641 2894 1753 2877 1914 2891 1917 2891 1920 2891 1978 2874 2017 2891 2020 2891 2023 2891 2026 2891 2093 2874 2112 2891 2115 2891 2118 2891 2121 2891 2213 2872 2224 2872 2249 2872 2438 2886 2441 2886 2625 2869 2625 2844 2619 2788 2533 2788 2530 2788 2528 2788 2525 2788 2502 2805 2472 2788 2469 2788 2466 2788 2463 2788 2447 2788 2335 2802 2305 2791 2296 2788 2293 2788 2291 2788 2288 2788 2274 2791 2215 2808 1948 2796 1817 2791 1814 2791 1761 2799 1686 2810 1594 2802 1519 2794 1516 2794 1463 2802 1401 2816 1204 2816 1178 2808 1142 2796 1139 2796 1137 2796 1059 2808 1003 2819 788 2819 774 2813 735 2799 733 2799 730 2799 604 2813 607 2858"/></Shape>
	    <String CONTENT="Il faut reconnaître cependant que la bourgeoisie est bien loin de se"
                    HPOS="604"
                    VPOS="2788"
                    WIDTH="2021"
                    HEIGHT="112"
                    WC="0.9960282769273309"></String>
          </TextLine>
          <TextLine ID="eSc_line_65c7b1bd"
                    TAGREFS="LT31"
                    BASELINE="535 2936 2611 2930" 
                    HPOS="532"
                    VPOS="2891"
                    WIDTH="2079"
                    HEIGHT="81">
            <Shape><Polygon POINTS="535 2936 537 2972 574 2958 953 2969 1073 2972 1075 2972 2608 2955 2611 2930 2606 2891 532 2891 535 2936"/></Shape>
	    <String CONTENT="laisses entrainer tout entière par cette ocientation nouvelle et de con¬"
                    HPOS="532"
                    VPOS="2891"
                    WIDTH="2079"
                    HEIGHT="81"
                    WC="0.9984667491581705"></String>
          </TextLine>
          <TextLine ID="eSc_line_aa00105c"
                    TAGREFS="LT31"
                    BASELINE="543 3008 2603 3000" 
                    HPOS="540"
                    VPOS="2947"
                    WIDTH="2063"
                    HEIGHT="103">
            <Shape><Polygon POINTS="543 3008 546 3050 588 3033 877 3033 897 3047 900 3047 903 3047 905 3047 1034 3033 1103 3047 1106 3047 1109 3047 1145 3033 1407 3044 1410 3044 1413 3044 1415 3044 1432 3030 1898 3044 1903 3044 1906 3044 1909 3044 2123 3028 2151 3042 2154 3042 2157 3044 2600 3044 2603 3000 2597 2958 1973 2947 1970 2947 1967 2947 1920 2961 1909 2964 1850 2961 1571 2950 1569 2950 1566 2950 1563 2950 1546 2964 1544 2966 1446 2966 1385 2966 1368 2950 1365 2950 1362 2950 1360 2950 1357 2950 1354 2950 1332 2964 1078 2952 1075 2952 1073 2952 1031 2966 975 2952 972 2952 969 2952 827 2966 755 2952 752 2952 749 2952 705 2966 582 2952 579 2952 576 2952 540 2966 543 3008"/></Shape>
	    <String CONTENT="fondre le progrès industriel avec le progrès social. En 1831, les mission¬"
                    HPOS="540"
                    VPOS="2947"
                    WIDTH="2063"
                    HEIGHT="103"
                    WC="0.9975002891308552"></String>
          </TextLine>
          <TextLine ID="eSc_line_f77276ff"
                    TAGREFS="LT31"
                    BASELINE="537 3081 2558 3075" 
                    HPOS="535"
                    VPOS="3030"
                    WIDTH="2023"
                    HEIGHT="73">
            <Shape><Polygon POINTS="537 3081 537 3100 2553 3103 2558 3075 2553 3033 535 3030 537 3081"/></Shape>
	    <String CONTENT="naires daint sinoniens trouvent paemi elle à Brugelles et dans"
                    HPOS="535"
                    VPOS="3030"
                    WIDTH="2023"
                    HEIGHT="73"
                    WC="0.9870547311646598"></String>
          </TextLine>
          <TextLine ID="eSc_line_36631f76"
                    TAGREFS="LT31"
                    BASELINE="529 3150 2597 3159" 
                    HPOS="529"
                    VPOS="3108"
                    WIDTH="2068"
                    HEIGHT="78">
            <Shape><Polygon POINTS="529 3150 529 3186 2594 3186 2597 3159 2597 3114 529 3108 529 3150"/></Shape>
	    <String CONTENT="les principales villes du pays, des anditeurs enthousiastes. &lt;.&gt;"
                    HPOS="529"
                    VPOS="3108"
                    WIDTH="2068"
                    HEIGHT="78"
                    WC="0.9936452461406589"></String>
          </TextLine>
          <TextLine ID="eSc_line_acfa5cda"
                    TAGREFS="LT31"
                    BASELINE="535 3223 2614 3231" 
                    HPOS="535"
                    VPOS="3175"
                    WIDTH="2079"
                    HEIGHT="87">
            <Shape><Polygon POINTS="535 3223 535 3262 2611 3256 2614 3231 2608 3178 1942 3189 1917 3175 1914 3175 1912 3175 535 3175 535 3223"/></Shape>
	    <String CONTENT="&lt;..... . . . ..&gt;"
                    HPOS="535"
                    VPOS="3175"
                    WIDTH="2079"
                    HEIGHT="87"
                    WC="0.9359027743339539"></String>
          </TextLine>
          <TextLine ID="eSc_line_6275f8c8"
                    TAGREFS="LT31"
                    BASELINE="526 3290 2541 3295" 
                    HPOS="523"
                    VPOS="3253"
                    WIDTH="2018"
                    HEIGHT="76">
            <Shape><Polygon POINTS="526 3290 523 3312 593 3329 596 3329 2539 3326 2541 3295 2539 3256 526 3253 526 3290"/></Shape>
	    <String CONTENT="&lt;...... . .&gt; Quautité́ de prmes libéraux se"
                    HPOS="523"
                    VPOS="3253"
                    WIDTH="2018"
                    HEIGHT="76"
                    WC="0.9406336157820946"></String>
          </TextLine>
        </TextBlock>
        <TextBlock HPOS="39"
                   VPOS="2617"
                   WIDTH="486"
                   HEIGHT="215"
                   ID="21a238e5-16e6-4f70-8242-7feda39a93cc"
                   TAGREFS="BT43">
          <Shape><Polygon POINTS="525 2617 525 2832 39 2832 39 2617"/></Shape>
          <TextLine ID="eSc_line_851d8637"
                    TAGREFS="LT31"
                    BASELINE="52 2732 452 2739" 
                    HPOS="69"
                    VPOS="2674"
                    WIDTH="354"
                    HEIGHT="125">
            <Shape><Polygon POINTS="128 2691 100 2702 75 2718 72 2730 69 2791 186 2780 256 2788 359 2799 362 2799 365 2799 420 2780 423 2735 423 2688 200 2674 197 2674 167 2677 156 2682"/></Shape>
	    <String CONTENT="meus I 17 p.9"
                    HPOS="69"
                    VPOS="2674"
                    WIDTH="354"
                    HEIGHT="125"
                    WC="0.9553180932998657"></String>
          </TextLine>
        </TextBlock>
        <TextBlock HPOS="155"
                   VPOS="63"
                   WIDTH="240"
                   HEIGHT="260"
                   ID="eSc_textblock_d827e122"
                   TAGREFS="BT44">
          <Shape><Polygon POINTS="395 323 395 63 155 63 155 323"/></Shape>
        </TextBlock>
        <TextBlock ID="eSc_dummyblock_">
          <TextLine ID="eSc_line_137dc9d8"
                    TAGREFS="LT31"
                    BASELINE="225 182 379 151" 
                    HPOS="236"
                    VPOS="111"
                    WIDTH="126"
                    HEIGHT="203">
            <Shape><Polygon POINTS="292 119 264 125 236 128 242 172 253 314 362 273 356 164 348 111 320 114"/></Shape>
	    <String CONTENT="8"
                    HPOS="236"
                    VPOS="111"
                    WIDTH="126"
                    HEIGHT="203"
                    WC="0.9999997615814209"></String>
          </TextLine>
        </TextBlock>
      </PrintSpace>
    </Page>
  </Layout>
</alto>
