<?xml version="1.0" encoding="UTF-8"?>
<alto xmlns:xsi="http://www.w3.org/2001/XMLSchema-instance"
      xmlns="http://www.loc.gov/standards/alto/ns-v4#"
      xsi:schemaLocation="http://www.loc.gov/standards/alto/ns-v4# http://www.loc.gov/standards/alto/v4/alto-4-2.xsd">
  <Description>
    <MeasurementUnit>pixel</MeasurementUnit>
    <sourceImageInformation>
      <fileName>ARCH-DIV-000496_0161.png</fileName>
    </sourceImageInformation>
  </Description>
  <Tags>
    <OtherTag ID="BT42" LABEL="MainZone" DESCRIPTION="block type MainZone"/><OtherTag ID="BT43" LABEL="MarginTextZone" DESCRIPTION="block type MarginTextZone"/><OtherTag ID="BT44" LABEL="NumberingZone" DESCRIPTION="block type NumberingZone"/><OtherTag ID="BT45" LABEL="TitlePageZone" DESCRIPTION="block type TitlePageZone"/><OtherTag ID="BT46" LABEL="CustomZone:Numbering" DESCRIPTION="block type CustomZone:Numbering"/><OtherTag ID="BT49" LABEL="MarginTextZone:lower" DESCRIPTION="block type MarginTextZone:lower"/>
    <OtherTag ID="LT25" LABEL="default" DESCRIPTION="line type default"/><OtherTag ID="LT31" LABEL="DefaultLine" DESCRIPTION="line type DefaultLine"/><OtherTag ID="LT32" LABEL="HeadingLine" DESCRIPTION="line type HeadingLine"/><OtherTag ID="LT33" LABEL="InterlinearLine:addition" DESCRIPTION="line type InterlinearLine:addition"/><OtherTag ID="LT34" LABEL="InterlinearLine:correction" DESCRIPTION="line type InterlinearLine:correction"/>
  </Tags>
  <Layout>
    <Page WIDTH="2790"
          HEIGHT="3306"
          PHYSICAL_IMG_NR="160"
          ID="eSc_dummypage_">
      <PrintSpace HPOS="0"
                  VPOS="0"
                  WIDTH="2790"
                  HEIGHT="3306">
        <TextBlock HPOS="499"
                   VPOS="1"
                   WIDTH="2203"
                   HEIGHT="3291"
                   ID="4e365634-4b4f-412b-ac93-328c6e16913c"
                   TAGREFS="BT42">
          <Shape><Polygon POINTS="2702 1 2702 3292 499 3292 499 1"/></Shape>
          <TextLine ID="eSc_line_ed62afc3"
                    TAGREFS="LT31"
                    BASELINE="592 90 1458 77 2687 90" 
                    HPOS="589"
                    VPOS="33"
                    WIDTH="2098"
                    HEIGHT="90">
            <Shape><Polygon POINTS="2437 41 2409 41 2381 41 2354 41 2326 41 2299 41 2271 41 2244 41 2216 41 2188 41 2161 38 2133 38 2106 38 2078 38 2051 38 2023 38 1996 38 1968 38 1951 38 1938 46 1932 49 1791 49 1786 46 1769 38 1747 38 1720 38 1709 38 1673 46 1665 46 1654 46 1604 35 1582 35 1565 35 1543 46 1541 46 1535 46 1494 35 1472 35 1458 35 1447 46 1337 46 1315 35 1306 35 1279 35 1251 35 1224 35 1196 35 1168 35 1155 33 1124 44 1036 33 1031 33 1003 33 978 33 956 44 942 33 920 33 893 33 865 33 838 33 810 33 782 33 766 33 722 44 672 33 645 33 617 46 592 60 592 90 589 118 1232 121 1235 121 1262 115 1320 104 1348 115 1361 121 1364 121 1367 121 1370 121 1389 115 1419 107 1621 107 1634 112 1645 123 1648 123 1651 123 1654 123 1656 123 1681 112 1701 107 2053 107 2064 112 2089 123 2092 123 2095 123 2180 110 2211 107 2222 110 2255 123 2257 123 2260 123 2423 110 2434 110 2445 110 2577 123 2580 123 2685 107 2687 90 2685 46 2448 41 2437 41"/></Shape>
	    <String CONTENT="beauté physique, il s&#x27;inmposait comme un chef et il aique par¬"
                    HPOS="589"
                    VPOS="33"
                    WIDTH="2098"
                    HEIGHT="90"
                    WC="0.9894351911160254"></String>
          </TextLine>
          <TextLine ID="eSc_line_a464d22c"
                    TAGREFS="LT34"
                    BASELINE="2303 49 2483 46" 
                    HPOS="2303"
                    VPOS="46"
                    WIDTH="180"
                    HEIGHT="3">
	    <String CONTENT=""
                    HPOS="2303"
                    VPOS="46"
                    WIDTH="180"
                    HEIGHT="3"></String>
          </TextLine>
          <TextLine ID="eSc_line_1ed94450"
                    TAGREFS="LT31"
                    BASELINE="570 173 1414 148 2687 157" 
                    HPOS="567"
                    VPOS="101"
                    WIDTH="2120"
                    HEIGHT="97">
            <Shape><Polygon POINTS="570 173 570 198 918 198 918 195 920 195 923 195 956 181 1083 195 1108 195 1111 195 1124 192 1207 179 1596 179 1615 192 1618 192 1621 192 1623 192 1626 192 1634 190 1687 179 1938 190 1971 190 1973 190 1976 190 1979 190 2031 176 2106 190 2120 190 2122 190 2125 190 2131 190 2175 176 2685 184 2687 157 2685 118 2511 118 2481 101 2478 101 2475 101 2472 101 2420 118 2417 118 2387 118 2004 104 2001 104 1769 118 1246 110 1243 110 1157 123 1155 123 1152 123 959 110 956 110 953 110 904 123 851 110 849 110 846 110 843 110 840 110 816 126 567 126 570 173"/></Shape>
	    <String CONTENT="&lt;.. le gouvernement le son emprente. Sous se diseétion"
                    HPOS="567"
                    VPOS="101"
                    WIDTH="2120"
                    HEIGHT="97"
                    WC="0.9827610817220476"></String>
          </TextLine>
          <TextLine ID="eSc_line_13823f36"
                    TAGREFS="LT31"
                    BASELINE="573 239 1494 223 2657 225" 
                    HPOS="570"
                    VPOS="181"
                    WIDTH="2087"
                    HEIGHT="94">
            <Shape><Polygon POINTS="573 239 576 275 623 256 791 272 793 272 1108 253 1331 253 1392 269 1395 269 1397 269 1400 269 1463 253 1684 267 1687 267 1689 267 1692 267 1717 250 1899 267 1907 267 1910 267 1918 267 2100 250 2128 264 2131 264 2133 264 2326 250 2368 264 2370 264 2373 264 2654 261 2657 225 2654 184 625 181 623 181 620 181 570 195 573 239"/></Shape>
	    <String CONTENT="le menistère devait marques, jusquu&#x27;en 1870, l apogée ou régime"
                    HPOS="570"
                    VPOS="181"
                    WIDTH="2087"
                    HEIGHT="94"
                    WC="0.9858854044051397"></String>
          </TextLine>
          <TextLine ID="eSc_line_ed3c7fc0"
                    TAGREFS="LT31"
                    BASELINE="584 322 1692 300" 
                    HPOS="581"
                    VPOS="245"
                    WIDTH="1111"
                    HEIGHT="113">
            <Shape><Polygon POINTS="584 322 589 358 609 344 1237 344 1273 344 1276 344 1279 344 1281 344 1306 330 1527 338 1530 338 1532 338 1535 338 1557 325 1689 336 1692 300 1687 264 1552 245 1549 245 1433 264 1406 267 1342 264 1210 256 1207 256 1116 264 1031 272 998 264 975 258 973 258 970 258 967 258 964 258 964 261 959 264 948 275 912 264 907 264 904 264 901 264 898 264 893 264 851 278 810 264 799 261 796 261 793 261 771 264 703 281 683 264 680 264 678 264 675 264 672 264 669 264 669 267 656 278 581 267 584 322"/></Shape>
	    <String CONTENT="libéral et du régime cinsitaire."
                    HPOS="581"
                    VPOS="245"
                    WIDTH="1111"
                    HEIGHT="113"
                    WC="0.9891737531870604"></String>
          </TextLine>
          <TextLine ID="eSc_line_25b9749c"
                    TAGREFS="LT31"
                    BASELINE="639 399 2153 393 2657 404" 
                    HPOS="636"
                    VPOS="341"
                    WIDTH="2021"
                    HEIGHT="88">
            <Shape><Polygon POINTS="639 399 639 418 2652 429 2657 404 2654 360 2541 341 2539 341 2467 358 2461 360 1885 360 1858 352 1803 341 1800 341 1797 341 1767 352 1750 358 1731 352 1695 341 1692 341 1510 341 1508 341 1505 341 1502 341 1488 349 1477 358 1315 358 1295 349 1287 341 1284 341 1281 341 1279 341 1224 347 1141 358 1039 347 992 341 989 341 962 347 893 358 810 344 785 341 782 341 780 341 774 344 747 358 636 344 639 399"/></Shape>
	    <String CONTENT="&lt;.&gt; Aoce ce Mministère, ce qui arrive au pouvoir, c&#x27;est le tibéra."
                    HPOS="636"
                    VPOS="341"
                    WIDTH="2021"
                    HEIGHT="88"
                    WC="0.9874700154318954"></String>
          </TextLine>
          <TextLine ID="eSc_line_70d2cc3b"
                    TAGREFS="LT31"
                    BASELINE="576 476 2663 476" 
                    HPOS="576"
                    VPOS="421"
                    WIDTH="2087"
                    HEIGHT="88">
            <Shape><Polygon POINTS="576 476 576 509 2663 509 2663 476 2663 438 2588 421 2585 421 2583 421 2550 435 2547 435 2431 421 2428 421 2426 421 2390 435 2384 435 2216 432 1535 421 1532 421 1433 427 1301 435 1190 424 1144 421 1141 421 1138 421 1124 424 1083 435 1036 424 1025 421 1022 421 1020 421 1017 421 1014 421 1011 424 998 438 898 438 860 421 854 421 851 421 849 421 846 421 843 421 824 438 661 438 576 421 576 476"/></Shape>
	    <String CONTENT="lisme sans doute et avec lui l&#x27;auté-cléricalirme. mais c&#x27;est en"
                    HPOS="576"
                    VPOS="421"
                    WIDTH="2087"
                    HEIGHT="88"
                    WC="0.9951774903706142"></String>
          </TextLine>
          <TextLine ID="eSc_line_f1002ef9"
                    TAGREFS="LT31"
                    BASELINE="562 564 2136 548 2665 556" 
                    HPOS="559"
                    VPOS="506"
                    WIDTH="2106"
                    HEIGHT="91">
            <Shape><Polygon POINTS="562 564 565 597 595 584 2665 584 2665 556 2663 509 909 506 907 506 824 523 813 526 559 526 562 564"/></Shape>
	    <String CONTENT="même temps cette haute bourgeoisie à laquelle &lt;..&gt;"
                    HPOS="559"
                    VPOS="506"
                    WIDTH="2106"
                    HEIGHT="91"
                    WC="0.9720509402892169"></String>
          </TextLine>
          <TextLine ID="eSc_line_a39aa9b9"
                    TAGREFS="LT31"
                    BASELINE="567 641 2128 622 2641 628" 
                    HPOS="565"
                    VPOS="567"
                    WIDTH="2076"
                    HEIGHT="110">
            <Shape><Polygon POINTS="567 641 567 677 846 661 918 672 920 672 1406 655 2638 655 2641 628 2635 581 2387 584 2384 584 2351 567 2348 567 2346 567 2343 567 2307 584 2304 586 2194 586 2194 584 2158 570 2155 570 2153 570 2150 570 2103 586 2100 586 2098 586 2040 570 2037 570 2034 570 2031 570 2029 570 2004 586 2001 589 1758 589 1742 575 1739 575 1736 575 1734 575 1604 592 1599 592 1560 575 1557 575 1397 575 1395 575 1287 595 1113 578 1111 578 1108 578 1069 600 945 600 851 581 849 581 846 581 810 597 763 584 760 584 758 584 755 584 752 584 730 600 614 584 612 584 609 584 565 600 567 641"/></Shape>
	    <String CONTENT="&lt;..... .....&gt; Frère. Orbars appartient par alliance de"
                    HPOS="565"
                    VPOS="567"
                    WIDTH="2076"
                    HEIGHT="110"
                    WC="0.9572753486809907"></String>
          </TextLine>
          <TextLine ID="eSc_line_62e725f4"
                    TAGREFS="LT31"
                    BASELINE="570 713 1224 699 2641 699" 
                    HPOS="567"
                    VPOS="644"
                    WIDTH="2074"
                    HEIGHT="97">
            <Shape><Polygon POINTS="570 713 570 741 1334 724 1417 738 1419 741 1601 741 2053 741 2053 738 2059 738 2133 721 2186 735 2188 735 2191 735 2337 721 2638 735 2641 699 2638 652 2365 644 2362 644 2359 644 2332 652 2315 658 2296 652 2257 644 2255 644 2252 644 2200 655 2177 658 2147 655 2059 644 2056 644 1921 658 1871 661 1844 658 1775 647 1772 647 1590 661 1557 661 1546 661 1485 647 1483 647 1403 661 1397 661 1395 661 1312 647 1309 647 942 663 940 663 907 650 904 650 901 650 796 663 736 650 733 650 730 650 567 666 570 713"/></Shape>
	    <String CONTENT="famille et par conviction &lt;........ ...&gt; Les électivis"
                    HPOS="567"
                    VPOS="644"
                    WIDTH="2074"
                    HEIGHT="97"
                    WC="0.9431805423012486"></String>
          </TextLine>
          <TextLine ID="eSc_line_873dea3b"
                    TAGREFS="LT31"
                    BASELINE="565 793 2619 763" 
                    HPOS="562"
                    VPOS="708"
                    WIDTH="2057"
                    HEIGHT="112">
            <Shape><Polygon POINTS="565 793 565 820 909 820 912 820 915 820 940 807 1069 818 1091 818 1094 818 1097 818 1100 818 1127 801 2619 793 2619 763 2608 710 2577 724 2492 713 2453 708 2450 708 2448 708 2431 713 2393 727 2211 719 2117 713 2114 713 2111 713 2109 713 2103 719 2089 730 2059 721 2051 719 2048 719 2045 719 2042 719 2037 721 2004 732 1943 721 1902 716 1899 716 1896 716 1877 724 1844 735 1816 724 1805 721 1803 721 1800 721 1764 727 1692 735 1632 727 1571 721 1568 721 1565 721 1532 730 1488 743 1334 743 1326 732 1315 724 1312 724 1309 724 1306 724 1304 724 1268 735 1235 743 1119 738 975 730 973 730 970 730 967 730 953 741 945 746 879 741 747 732 744 732 562 746 565 793"/></Shape>
	    <String CONTENT="de 1837 ont été pour elle une cclatante victoire. Par un radical"
                    HPOS="562"
                    VPOS="708"
                    WIDTH="2057"
                    HEIGHT="112"
                    WC="0.9804891981184483"></String>
          </TextLine>
          <TextLine ID="eSc_line_6a45c826"
                    TAGREFS="LT31"
                    BASELINE="573 873 2599 834" 
                    HPOS="570"
                    VPOS="779"
                    WIDTH="2029"
                    HEIGHT="116">
            <Shape><Polygon POINTS="573 873 573 895 2599 859 2599 834 2594 798 2453 779 2450 779 2448 779 2401 801 2257 801 2161 785 2158 785 2155 785 2117 804 1731 793 1728 793 1725 793 1687 809 1645 796 1643 796 1640 796 1433 818 1257 804 1254 804 1251 804 1215 823 857 829 733 812 730 812 727 812 689 834 570 834 573 873"/></Shape>
	    <String CONTENT="pas un avancé n&#x27;a frguré sur la liste des assasiations libérales"
                    HPOS="570"
                    VPOS="779"
                    WIDTH="2029"
                    HEIGHT="116"
                    WC="0.9913928508758545"></String>
          </TextLine>
          <TextLine ID="eSc_line_31f2b0ac"
                    TAGREFS="LT31"
                    BASELINE="578 942 2632 909" 
                    HPOS="576"
                    VPOS="862"
                    WIDTH="2056"
                    HEIGHT="118">
            <Shape><Polygon POINTS="578 942 578 980 755 961 860 975 862 975 865 975 901 958 1080 972 1086 972 1088 972 1094 972 1276 950 1375 967 1378 967 1381 967 1436 953 1579 964 1590 964 1593 964 1596 964 1599 964 1599 961 1615 947 1869 958 1880 958 1882 958 1885 958 1965 939 2070 955 2078 955 2081 955 2084 955 2086 955 2120 936 2172 953 2175 953 2177 955 2263 955 2263 953 2266 953 2268 953 2302 933 2627 944 2632 909 2624 862 1943 884 1871 878 1786 870 1783 870 1780 870 1753 881 1736 887 1659 884 1530 876 1527 876 1524 876 1494 887 1483 889 1474 887 1436 876 1433 876 1430 876 1312 889 1292 892 1290 892 1265 878 1262 878 1259 878 1257 878 1224 892 1218 895 1207 892 1149 881 1146 881 1080 895 1069 898 1055 898 970 884 967 884 964 884 920 900 915 900 904 900 785 887 782 887 780 887 744 903 741 903 639 889 636 889 634 889 576 906 578 942"/></Shape>
	    <String CONTENT="qui ont conduet la bataille. La reaction provoquée par là &quot;là̀ des"
                    HPOS="576"
                    VPOS="862"
                    WIDTH="2056"
                    HEIGHT="118"
                    WC="0.9910898742391102"></String>
          </TextLine>
          <TextLine ID="eSc_line_92bc0a7a"
                    TAGREFS="LT31"
                    BASELINE="565 1024 1811 994 2635 986" 
                    HPOS="562"
                    VPOS="936"
                    WIDTH="2073"
                    HEIGHT="113">
            <Shape><Polygon POINTS="565 1024 565 1049 2635 1016 2635 986 2630 944 2092 936 2089 936 2086 936 2042 955 2040 955 2034 955 1949 939 1946 939 1943 939 1940 939 1940 942 1921 958 1918 958 1885 958 1618 947 1615 947 1612 947 1610 947 1590 964 1535 947 1532 947 1530 947 1392 967 1372 972 1273 972 1273 969 1248 953 1246 953 1243 953 1240 953 1237 953 1177 972 1174 972 1111 955 1108 955 1105 955 967 978 951 978 940 978 829 961 827 961 562 983 565 1024"/></Shape>
	    <String CONTENT="couvents&quot; n&#x27;a profité qu&#x27;aux doitimaires. Elle a été tout ensemble"
                    HPOS="562"
                    VPOS="936"
                    WIDTH="2073"
                    HEIGHT="113"
                    WC="0.9854104816913605"></String>
          </TextLine>
          <TextLine ID="eSc_line_f5395a0c"
                    TAGREFS="LT31"
                    BASELINE="567 1099 1585 1068 2638 1060" 
                    HPOS="565"
                    VPOS="1005"
                    WIDTH="2073"
                    HEIGHT="116">
            <Shape><Polygon POINTS="567 1099 567 1115 1160 1121 1163 1121 1461 1107 1761 1093 1858 1104 1905 1107 1907 1107 1957 1102 2075 1088 2172 1099 2197 1102 2200 1102 2202 1102 2208 1099 2244 1085 2277 1099 2279 1099 2282 1099 2285 1099 2304 1099 2456 1085 2635 1093 2638 1060 2632 1019 2357 1005 2354 1005 2351 1005 2348 1005 2324 1022 2318 1022 2235 1008 2233 1008 2230 1008 2180 1024 2175 1024 2169 1024 2117 1011 2114 1011 2111 1011 1946 1027 1905 1030 1877 1027 1780 1016 1778 1016 1701 1030 1678 1033 1637 1030 1502 1022 1499 1022 1497 1022 1472 1033 1458 1038 1433 1033 1383 1024 1381 1024 1378 1024 1337 1035 1306 1044 565 1044 567 1099"/></Shape>
	    <String CONTENT="auti-Séuoeratique et auté-cléricale. &lt;p...... ...gl.. ......&gt;"
                    HPOS="565"
                    VPOS="1005"
                    WIDTH="2073"
                    HEIGHT="116"
                    WC="0.948296739429724"></String>
          </TextLine>
          <TextLine ID="eSc_line_47150f0f"
                    TAGREFS="LT31"
                    BASELINE="554 1179 1805 1146 2599 1137" 
                    HPOS="551"
                    VPOS="1082"
                    WIDTH="2048"
                    HEIGHT="116">
            <Shape><Polygon POINTS="554 1179 554 1198 2599 1165 2599 1137 2588 1082 2530 1096 2420 1085 2395 1085 2393 1085 2376 1088 2302 1102 2230 1090 2213 1090 2211 1090 2208 1090 2202 1093 2169 1107 1800 1113 1750 1104 1706 1099 1703 1099 1701 1099 1684 1107 1665 1118 1549 1118 1516 1113 1477 1104 1474 1104 1472 1104 1439 1115 1417 1121 1397 1115 1372 1107 1370 1107 1367 1107 1273 1118 1229 1124 1215 1121 1177 1110 1174 1110 1171 1110 1168 1110 1141 1124 1130 1126 1116 1124 1077 1113 1075 1113 1072 1113 918 1129 882 1132 862 1129 793 1121 791 1121 788 1121 785 1121 785 1124 774 1132 771 1135 747 1135 598 1124 595 1124 592 1124 551 1137 554 1179"/></Shape>
	    <String CONTENT="&lt;... .. .. .... ... ....... .. ......&gt;"
                    HPOS="551"
                    VPOS="1082"
                    WIDTH="2048"
                    HEIGHT="116"
                    WC="0.9072748657904173"></String>
          </TextLine>
          <TextLine ID="eSc_line_49235bc1"
                    TAGREFS="LT31"
                    BASELINE="562 1259 1651 1223 2421 1211 2421 1211 2674 1223" 
                    HPOS="559"
                    VPOS="1162"
                    WIDTH="2115"
                    HEIGHT="121">
            <Shape><Polygon POINTS="562 1272 1031 1283 1033 1283 1163 1267 1237 1259 1270 1267 1295 1272 1298 1272 1301 1272 1433 1264 1662 1250 1736 1261 1791 1270 1794 1270 1797 1270 1800 1270 1808 1261 1825 1248 1844 1261 1858 1267 1860 1267 1863 1270 1938 1270 1938 1267 1940 1267 1943 1267 1954 1259 1973 1248 2073 1259 2114 1261 2117 1261 2191 1256 2456 1236 2671 1250 2674 1223 2671 1173 2456 1162 2453 1162 2450 1162 2417 1176 2409 1179 2373 1176 2246 1168 2244 1168 2040 1181 1968 1187 1932 1184 1825 1173 1822 1173 1576 1190 1565 1190 1560 1190 1392 1181 1389 1181 1386 1181 1350 1195 1337 1198 1301 1195 1196 1184 1193 1184 1036 1187 1033 1187 1006 1201 998 1203 973 1201 898 1190 895 1190 893 1190 890 1190 871 1203 862 1209 559 1209 562 1259"/></Shape>
	    <String CONTENT="&lt;....... . La crainte des vois l&#x27;Eglise rammer la soéiété à l&#x27;en¬"
                    HPOS="559"
                    VPOS="1162"
                    WIDTH="2115"
                    HEIGHT="121"
                    WC="0.9597194835995183"></String>
          </TextLine>
          <TextLine ID="eSc_line_a68acbeb"
                    TAGREFS="LT31"
                    BASELINE="554 1338 1723 1300 2643 1286" 
                    HPOS="551"
                    VPOS="1242"
                    WIDTH="2092"
                    HEIGHT="129">
            <Shape><Polygon POINTS="554 1338 554 1358 631 1371 634 1371 716 1355 758 1371 760 1371 763 1371 893 1349 901 1349 909 1349 1077 1363 1080 1363 1692 1327 1720 1327 1728 1327 1894 1341 1896 1341 1899 1341 1902 1341 1932 1322 1935 1322 2070 1336 2073 1336 2075 1336 2136 1316 2177 1333 2180 1333 2183 1333 2263 1316 2445 1327 2448 1327 2619 1322 2621 1322 2624 1322 2643 1305 2643 1286 2638 1248 2197 1242 2194 1242 2067 1259 2020 1245 2018 1245 2015 1245 1938 1259 1805 1250 1803 1250 1800 1250 1761 1267 1758 1270 1574 1272 1568 1272 1527 1259 1524 1259 1521 1259 1436 1275 1430 1275 1428 1275 1400 1261 1397 1261 1395 1261 1392 1261 1356 1278 1350 1278 1328 1278 1179 1267 1177 1267 1174 1267 1119 1283 1111 1283 1094 1283 981 1272 978 1272 975 1272 942 1286 934 1292 700 1294 694 1292 680 1281 678 1281 675 1281 672 1281 551 1294 554 1338"/></Shape>
	    <String CONTENT="cois régime a &lt;............... ...... .. ...&gt;"
                    HPOS="551"
                    VPOS="1242"
                    WIDTH="2092"
                    HEIGHT="129"
                    WC="0.8959665185875363"></String>
          </TextLine>
          <TextLine ID="eSc_line_c0ee9756"
                    TAGREFS="LT31"
                    BASELINE="543 1418 1576 1380 2641 1363" 
                    HPOS="540"
                    VPOS="1308"
                    WIDTH="2101"
                    HEIGHT="135">
            <Shape><Polygon POINTS="543 1418 543 1443 2125 1391 2635 1394 2641 1363 2635 1322 2434 1308 2431 1308 2428 1308 2426 1308 2426 1311 2412 1322 2219 1314 2216 1314 2106 1333 2103 1333 2089 1333 1480 1333 1477 1333 1474 1333 1428 1349 1199 1341 1196 1341 1097 1358 1064 1344 1061 1344 1058 1344 1055 1344 1020 1360 953 1347 951 1347 948 1347 945 1347 923 1363 920 1366 678 1369 639 1355 636 1355 634 1355 540 1371 543 1418"/></Shape>
	    <String CONTENT="ndant rejeté l&#x27;apinion vers les défnseurs les plusardents de l&#x27;ordre"
                    HPOS="540"
                    VPOS="1308"
                    WIDTH="2101"
                    HEIGHT="135"
                    WC="0.9865079399417428"></String>
          </TextLine>
          <TextLine ID="eSc_line_93c63846"
                    TAGREFS="LT34"
                    BASELINE="1923 1413 2137 1407" 
                    HPOS="1923"
                    VPOS="1407"
                    WIDTH="214"
                    HEIGHT="6">
	    <String CONTENT=""
                    HPOS="1923"
                    VPOS="1407"
                    WIDTH="214"
                    HEIGHT="6"></String>
          </TextLine>
          <TextLine ID="eSc_line_59b3b056"
                    TAGREFS="LT31"
                    BASELINE="556 1495 1960 1446 2630 1435" 
                    HPOS="554"
                    VPOS="1385"
                    WIDTH="2076"
                    HEIGHT="144">
            <Shape><Polygon POINTS="556 1495 556 1529 736 1512 857 1520 895 1520 898 1520 920 1518 995 1501 1232 1506 1320 1506 1323 1506 1326 1506 1337 1501 1367 1487 1612 1482 1654 1490 1678 1495 1681 1495 1684 1495 1701 1490 1728 1479 1888 1482 2023 1484 2026 1484 2029 1484 2045 1476 2056 1471 2114 1473 2197 1479 2200 1479 2627 1454 2630 1435 2624 1396 2343 1391 2340 1391 2197 1407 2166 1385 2164 1385 2161 1385 2111 1385 2109 1385 1667 1421 1596 1402 1593 1402 1590 1402 1414 1435 1312 1435 1270 1418 1268 1418 1265 1418 1262 1418 1213 1438 934 1432 931 1432 929 1432 890 1451 752 1451 711 1432 708 1432 705 1432 554 1460 556 1495"/></Shape>
	    <String CONTENT="moderne, c&#x27;est à dire vers ces libéraux aussi &lt;...... ...... &gt;¬"
                    HPOS="554"
                    VPOS="1385"
                    WIDTH="2076"
                    HEIGHT="144"
                    WC="0.961138041689992"></String>
          </TextLine>
          <TextLine ID="eSc_line_f9564324"
                    TAGREFS="LT31"
                    BASELINE="556 1573 2619 1509" 
                    HPOS="554"
                    VPOS="1462"
                    WIDTH="2065"
                    HEIGHT="146">
            <Shape><Polygon POINTS="556 1573 556 1608 882 1586 1044 1597 1083 1597 1086 1597 1088 1597 1091 1597 1094 1595 1113 1581 1166 1592 1179 1595 1182 1595 1215 1592 1350 1573 1395 1586 1397 1586 1400 1586 1403 1586 1406 1586 1408 1586 1461 1570 1527 1584 1538 1584 1541 1584 1554 1581 1648 1562 2070 1562 2073 1562 2257 1542 2340 1559 2343 1559 2346 1559 2348 1559 2450 1537 2616 1551 2619 1509 2613 1473 2486 1462 2483 1462 2147 1484 2111 1484 2109 1484 2084 1471 2081 1471 2078 1471 1913 1487 1632 1484 1629 1484 1568 1498 1535 1506 554 1520 556 1573"/></Shape>
	    <String CONTENT="éq de la liberté de conscience qui de la diberté écvromique. &lt;.."
                    HPOS="554"
                    VPOS="1462"
                    WIDTH="2065"
                    HEIGHT="146"
                    WC="0.9941253522410989"></String>
          </TextLine>
          <TextLine ID="eSc_line_d383ea09"
                    TAGREFS="LT31"
                    BASELINE="551 1658 2340 1600 2652 1600" 
                    HPOS="548"
                    VPOS="1551"
                    WIDTH="2104"
                    HEIGHT="129">
            <Shape><Polygon POINTS="551 1658 551 1677 1072 1680 1075 1680 1157 1666 1202 1658 1375 1661 1599 1664 1601 1664 1604 1664 1626 1655 1640 1650 1651 1655 1667 1661 1670 1661 1673 1661 1676 1661 1678 1661 1678 1658 1687 1653 1701 1641 1800 1650 1858 1655 1860 1655 1965 1647 2161 1630 2202 1641 2213 1644 2216 1644 2219 1644 2249 1641 2398 1619 2649 1630 2652 1600 2649 1556 2216 1551 2213 1551 2051 1573 2037 1573 2029 1573 1954 1559 1951 1559 1808 1578 1803 1578 1800 1578 1601 1570 1599 1570 1505 1586 1491 1589 1447 1589 1163 1584 1160 1584 1157 1584 1105 1600 1100 1600 1080 1586 1077 1586 1075 1586 1072 1586 1000 1603 981 1608 548 1614 551 1658"/></Shape>
	    <String CONTENT="&lt;...... ....... .. ."
                    HPOS="548"
                    VPOS="1551"
                    WIDTH="2104"
                    HEIGHT="129"
                    WC="0.8853065878152847"></String>
          </TextLine>
          <TextLine ID="eSc_line_673dfdcd"
                    TAGREFS="LT31"
                    BASELINE="545 1738 2062 1686 2621 1680" 
                    HPOS="543"
                    VPOS="1625"
                    WIDTH="2078"
                    HEIGHT="143">
            <Shape><Polygon POINTS="545 1738 545 1757 700 1768 703 1768 705 1768 736 1754 744 1754 890 1763 893 1763 1146 1743 1246 1735 2619 1708 2621 1680 2613 1636 2423 1639 2370 1625 2368 1625 2365 1625 2282 1644 2274 1647 2064 1650 2062 1650 2029 1636 2026 1636 2023 1636 2020 1636 1982 1653 1979 1653 1971 1653 1858 1641 1855 1641 1852 1641 1849 1641 1833 1655 1827 1661 1579 1666 1560 1664 1494 1653 1491 1653 1425 1669 1403 1672 1361 1669 1235 1661 1232 1661 1108 1677 1053 1686 543 1691 545 1738"/></Shape>
	    <String CONTENT="&lt;... ... .. ...........&gt;"
                    HPOS="543"
                    VPOS="1625"
                    WIDTH="2078"
                    HEIGHT="143"
                    WC="0.8584439133604368"></String>
          </TextLine>
          <TextLine ID="eSc_line_5561bac3"
                    TAGREFS="LT31"
                    BASELINE="540 1812 2252 1757 2602 1757" 
                    HPOS="537"
                    VPOS="1713"
                    WIDTH="2065"
                    HEIGHT="121">
            <Shape><Polygon POINTS="540 1812 540 1834 2599 1785 2602 1757 2597 1713 537 1771 540 1812"/></Shape>
	    <String CONTENT="&lt;. ... . .. ..... . .&gt;"
                    HPOS="537"
                    VPOS="1713"
                    WIDTH="2065"
                    HEIGHT="121"
                    WC="0.8925835219296542"></String>
          </TextLine>
          <TextLine ID="eSc_line_a2d15d4e"
                    TAGREFS="LT31"
                    BASELINE="551 1887 2641 1823" 
                    HPOS="548"
                    VPOS="1779"
                    WIDTH="2093"
                    HEIGHT="146">
            <Shape><Polygon POINTS="551 1887 551 1925 733 1903 882 1911 884 1911 887 1911 918 1895 1146 1892 1168 1903 1179 1906 1182 1906 1185 1906 1932 1873 2288 1856 2299 1856 2365 1870 2368 1870 2641 1843 2641 1823 2635 1787 2370 1779 2368 1779 2365 1779 2362 1779 2343 1793 2335 1796 2268 1796 2095 1790 2092 1790 2089 1790 2086 1790 2078 1799 2070 1804 2051 1801 2004 1790 2001 1790 1998 1790 1996 1790 1976 1801 1968 1807 1910 1804 1830 1799 1827 1799 1717 1807 1604 1818 1590 1812 1576 1804 1574 1804 1571 1804 1568 1804 1565 1804 1554 1812 1538 1823 1166 1832 1058 1823 1009 1821 1006 1821 978 1826 909 1840 846 1829 824 1826 821 1826 780 1832 642 1848 548 1837 551 1887"/></Shape>
	    <String CONTENT="&lt;.. ....&gt; Leurs principes répondent à toutes les nécessités d&#x27;une"
                    HPOS="548"
                    VPOS="1779"
                    WIDTH="2093"
                    HEIGHT="146"
                    WC="0.9622017659924247"></String>
          </TextLine>
          <TextLine ID="eSc_line_47507ab6"
                    TAGREFS="LT31"
                    BASELINE="543 1958 2627 1900" 
                    HPOS="540"
                    VPOS="1856"
                    WIDTH="2087"
                    HEIGHT="144">
            <Shape><Polygon POINTS="543 1958 543 1986 639 2000 642 2000 843 1978 940 1969 970 1975 1033 1989 1036 1989 1039 1989 1042 1989 1066 1972 1075 1967 1243 1964 1265 1967 1334 1980 1337 1980 1596 1958 1634 1956 1637 1956 1656 1969 1659 1969 1662 1969 1665 1969 1791 1953 1800 1953 1803 1953 1874 1961 1877 1961 1880 1961 1918 1950 1946 1942 1987 1947 2053 1956 2056 1956 2059 1956 2081 1945 2092 1939 2194 1942 2406 1947 2409 1947 2412 1947 2437 1934 2450 1928 2624 1928 2627 1900 2619 1856 540 1909 543 1958"/></Shape>
	    <String CONTENT="époque pour laquelle le progrès se confond avec le progrés ou capitalis¬"
                    HPOS="540"
                    VPOS="1856"
                    WIDTH="2087"
                    HEIGHT="144"
                    WC="0.9863160476088524"></String>
          </TextLine>
          <TextLine ID="eSc_line_c46079a8"
                    TAGREFS="LT31"
                    BASELINE="537 2038 2632 1978" 
                    HPOS="534"
                    VPOS="1928"
                    WIDTH="2098"
                    HEIGHT="146">
            <Shape><Polygon POINTS="537 2038 537 2060 771 2074 774 2074 777 2074 824 2055 827 2055 868 2055 1292 2060 1295 2060 1298 2060 1334 2044 1337 2044 1339 2044 1389 2057 1392 2057 1395 2057 1775 2046 1778 2046 1803 2033 1816 2027 1858 2033 1932 2041 1935 2041 1938 2041 1962 2030 1976 2024 2034 2027 2139 2035 2142 2035 2244 2024 2346 2011 2379 2019 2393 2024 2395 2024 2398 2024 2401 2024 2415 2019 2442 2008 2470 2019 2486 2024 2489 2024 2492 2024 2495 2024 2519 2016 2563 2005 2630 2013 2632 1978 2624 1928 2511 1945 2373 1936 2370 1936 2368 1936 2332 1950 2318 1939 2315 1939 2313 1939 2310 1939 2045 1958 1902 1950 1888 1950 1885 1950 1882 1950 1880 1950 1855 1964 1778 1953 1764 1953 1761 1953 1731 1956 1571 1972 1502 1961 1488 1961 1485 1961 1461 1964 1359 1980 534 1991 537 2038"/></Shape>
	    <String CONTENT="me et de l&#x27;industrie. &lt;.... . comme jadis les Brangisles,"
                    HPOS="534"
                    VPOS="1928"
                    WIDTH="2098"
                    HEIGHT="146"
                    WC="0.9653655918020951"></String>
          </TextLine>
          <TextLine ID="eSc_line_741af968"
                    TAGREFS="LT31"
                    BASELINE="540 2115 2619 2055" 
                    HPOS="537"
                    VPOS="2013"
                    WIDTH="2082"
                    HEIGHT="133">
            <Shape><Polygon POINTS="540 2115 540 2146 1488 2110 1921 2110 1929 2110 1932 2110 1935 2110 1938 2110 1960 2096 2120 2104 2122 2104 2125 2104 2128 2104 2150 2091 2205 2102 2208 2102 2335 2085 2448 2093 2450 2093 2525 2080 2613 2091 2619 2055 2610 2013 537 2069 540 2115"/></Shape>
	    <String CONTENT="les libéraux apparaissent seus l&#x27;aspect d&#x27;un parti industriel&quot;-Tres¬"
                    HPOS="537"
                    VPOS="2013"
                    WIDTH="2082"
                    HEIGHT="133"
                    WC="0.9780018855543697"></String>
          </TextLine>
          <TextLine ID="eSc_line_c3d9c4bc"
                    TAGREFS="LT31"
                    BASELINE="545 2184 1204 2159 2635 2129" 
                    HPOS="543"
                    VPOS="2077"
                    WIDTH="2092"
                    HEIGHT="140">
            <Shape><Polygon POINTS="545 2184 545 2217 708 2198 813 2212 835 2212 838 2212 840 2212 849 2209 904 2192 973 2206 998 2209 1000 2209 1064 2204 1232 2184 1428 2192 1530 2195 1532 2195 1621 2187 1692 2179 1728 2181 1783 2190 1786 2190 1789 2190 1791 2190 1805 2181 1822 2170 1905 2179 1990 2184 1993 2184 2139 2181 2142 2181 2180 2168 2205 2162 2222 2168 2257 2179 2260 2179 2263 2179 2635 2154 2635 2129 2632 2091 2608 2077 2605 2077 2602 2077 2599 2077 2561 2093 2555 2093 2552 2093 2514 2080 2511 2080 2508 2080 2506 2080 2503 2080 2486 2093 2481 2096 2428 2096 2194 2088 2191 2088 2188 2088 2131 2102 2120 2104 2114 2102 2084 2091 2081 2091 2078 2091 2075 2091 2029 2104 2018 2107 1932 2107 1612 2102 1610 2102 1494 2118 1458 2121 1450 2118 1428 2107 1425 2107 1422 2107 1361 2121 1339 2124 1315 2121 1235 2110 1232 2110 1229 2110 1171 2124 1160 2126 1152 2124 1122 2113 1119 2113 1116 2113 1113 2113 1111 2113 1091 2126 1083 2129 1042 2126 898 2118 895 2118 893 2118 890 2118 876 2132 871 2135 832 2132 719 2124 716 2124 543 2137 545 2184"/></Shape>
	    <String CONTENT="que tous leurs reprisentants aux chambres sont recrutés pamidorfi¬"
                    HPOS="543"
                    VPOS="2077"
                    WIDTH="2092"
                    HEIGHT="140"
                    WC="0.9940708676973978"></String>
          </TextLine>
          <TextLine ID="eSc_line_04eee653"
                    TAGREFS="LT31"
                    BASELINE="537 2256 2585 2217" 
                    HPOS="534"
                    VPOS="2165"
                    WIDTH="2051"
                    HEIGHT="127">
            <Shape><Polygon POINTS="537 2256 537 2283 697 2278 716 2283 749 2292 752 2292 755 2292 821 2281 860 2275 890 2281 940 2289 942 2289 945 2289 986 2278 1025 2270 1141 2278 1254 2283 1257 2283 1304 2275 1356 2264 1375 2272 1392 2281 1395 2281 1397 2281 1557 2278 1560 2278 1563 2278 1571 2270 1582 2264 1706 2270 1805 2272 1808 2272 1811 2272 1827 2267 1858 2259 1943 2267 1996 2270 1998 2270 2040 2264 2155 2248 2249 2261 2274 2264 2277 2264 2279 2264 2282 2264 2282 2261 2285 2261 2304 2242 2481 2242 2580 2256 2585 2217 2577 2165 2426 2181 2329 2170 2324 2170 2321 2170 2318 2170 2271 2184 1869 2181 1695 2181 1692 2181 534 2215 537 2256"/></Shape>
	    <String CONTENT="aucnon dans le monde &lt;.&gt; des affaises ou parmi les"
                    HPOS="534"
                    VPOS="2165"
                    WIDTH="2051"
                    HEIGHT="127"
                    WC="0.9825204193592072"></String>
          </TextLine>
          <TextLine ID="eSc_line_0d2782c3"
                    TAGREFS="LT31"
                    BASELINE="534 2322 2561 2294" 
                    HPOS="532"
                    VPOS="2253"
                    WIDTH="2029"
                    HEIGHT="105">
            <Shape><Polygon POINTS="534 2322 534 2341 691 2358 694 2358 763 2341 777 2338 791 2341 835 2355 838 2355 840 2355 929 2341 967 2336 1006 2341 1094 2352 1097 2352 1174 2341 1221 2333 1237 2338 1262 2350 1265 2350 1268 2350 1270 2350 1309 2338 1345 2330 1414 2330 1428 2338 1436 2347 1439 2347 1441 2347 1444 2347 1502 2338 1563 2330 1648 2338 1717 2344 1720 2344 1723 2344 1725 2344 1734 2338 1753 2325 1849 2338 1891 2341 1894 2341 2346 2336 2348 2336 2351 2336 2409 2316 2555 2333 2561 2294 2552 2253 532 2275 534 2322"/></Shape>
	    <String CONTENT="maîtres du barreau. Ce que l&#x27;on attend d&#x27;eux, c&#x27;est la réalisation"
                    HPOS="532"
                    VPOS="2253"
                    WIDTH="2029"
                    HEIGHT="105"
                    WC="0.9848184603633303"></String>
          </TextLine>
          <TextLine ID="eSc_line_b0f4424b"
                    TAGREFS="LT31"
                    BASELINE="534 2413 2583 2380" 
                    HPOS="532"
                    VPOS="2336"
                    WIDTH="2051"
                    HEIGHT="113">
            <Shape><Polygon POINTS="534 2413 534 2438 700 2449 703 2449 705 2449 738 2435 747 2432 763 2435 818 2446 821 2446 923 2432 948 2429 967 2432 1042 2443 1044 2443 1215 2427 1254 2424 1279 2427 1383 2438 1386 2438 1585 2421 1621 2418 1656 2418 1880 2429 1882 2429 1885 2429 1918 2416 2012 2427 2015 2427 2208 2410 2238 2407 2255 2407 2343 2421 2346 2421 2348 2421 2404 2405 2412 2405 2426 2405 2536 2418 2539 2418 2541 2418 2583 2402 2583 2380 2574 2336 532 2372 534 2413"/></Shape>
	    <String CONTENT="d&#x27;un programme qui développera toutes les énergies économiques du"
                    HPOS="532"
                    VPOS="2336"
                    WIDTH="2051"
                    HEIGHT="113"
                    WC="0.9932346123915452"></String>
          </TextLine>
          <TextLine ID="eSc_line_aa8fac94"
                    TAGREFS="LT31"
                    BASELINE="537 2498 1772 2479 2304 2457 2605 2460" 
                    HPOS="534"
                    VPOS="2402"
                    WIDTH="2071"
                    HEIGHT="135">
            <Shape><Polygon POINTS="537 2498 537 2537 647 2537 647 2534 650 2534 653 2534 656 2531 691 2512 934 2523 984 2526 986 2526 989 2526 998 2523 1033 2507 1100 2520 1135 2526 1138 2526 1207 2518 1246 2512 1304 2515 1439 2520 1441 2520 1444 2520 1447 2520 1447 2518 1458 2509 1461 2507 1483 2509 1552 2518 1554 2518 1557 2518 1601 2507 1629 2498 1654 2504 1689 2515 1692 2515 1695 2515 1819 2509 1822 2509 1825 2509 1838 2498 1847 2493 1863 2498 1885 2507 1888 2507 1891 2507 2075 2493 2120 2490 2125 2490 2169 2507 2172 2507 2175 2507 2177 2507 2180 2507 2208 2490 2219 2485 2299 2485 2302 2487 2337 2504 2340 2504 2343 2504 2346 2504 2415 2482 2423 2479 2605 2476 2605 2460 2602 2424 2495 2402 2492 2402 2381 2421 2131 2410 2128 2410 2125 2410 2078 2429 2073 2432 2070 2429 2048 2416 2045 2416 2042 2416 2040 2416 1927 2429 1902 2413 1899 2413 1896 2413 1894 2413 1891 2413 1841 2432 1827 2438 1816 2432 1789 2424 1786 2424 1783 2424 1780 2424 1756 2435 1736 2440 1513 2438 1339 2435 1337 2435 1243 2440 1088 2451 1075 2443 1069 2438 1066 2438 1064 2438 1061 2438 1003 2443 915 2454 890 2446 857 2432 854 2432 851 2432 849 2432 846 2432 846 2435 832 2446 827 2451 816 2446 791 2435 788 2435 785 2435 782 2435 744 2446 711 2457 534 2451 537 2498"/></Shape>
	    <String CONTENT="pays. Et l&#x27;on a vu que ce programme, sous la conduite de Fiere. Orban,"
                    HPOS="534"
                    VPOS="2402"
                    WIDTH="2071"
                    HEIGHT="135"
                    WC="0.9767154174191611"></String>
          </TextLine>
          <TextLine ID="eSc_line_ae2b55ad"
                    TAGREFS="LT31"
                    BASELINE="529 2575 2602 2548" 
                    HPOS="526"
                    VPOS="2498"
                    WIDTH="2076"
                    HEIGHT="113">
            <Shape><Polygon POINTS="529 2575 529 2611 609 2597 838 2608 840 2608 937 2595 1086 2606 1094 2606 1097 2606 1100 2606 1102 2606 1122 2592 1281 2603 1295 2603 1298 2603 1306 2603 1406 2586 1538 2600 1560 2600 1563 2600 1599 2597 1789 2581 1811 2595 1814 2595 1816 2595 1819 2595 1833 2595 1993 2578 2597 2581 2602 2548 2588 2498 2569 2512 2376 2504 2255 2498 2252 2498 2001 2509 1739 2526 1604 2526 1590 2518 1557 2507 1554 2507 1552 2507 1549 2507 1502 2520 1480 2526 1455 2520 1395 2509 1392 2509 1389 2509 1359 2523 1345 2531 1133 2534 1017 2534 1011 2529 975 2515 973 2515 970 2515 827 2534 810 2534 807 2534 777 2518 774 2518 771 2518 769 2518 733 2534 730 2534 570 2520 567 2520 565 2520 526 2534 529 2575"/></Shape>
	    <String CONTENT="de l&#x27;ont réalisé à merveille. Suppression des Octions, introdue¬"
                    HPOS="526"
                    VPOS="2498"
                    WIDTH="2076"
                    HEIGHT="113"
                    WC="0.9955145560778105"></String>
          </TextLine>
          <TextLine ID="eSc_line_57c4499e"
                    TAGREFS="LT31"
                    BASELINE="534 2658 2624 2625" 
                    HPOS="532"
                    VPOS="2573"
                    WIDTH="2092"
                    HEIGHT="110">
            <Shape><Polygon POINTS="534 2658 534 2683 2624 2653 2624 2625 2619 2581 2483 2573 2481 2573 2478 2573 2448 2584 2426 2589 2398 2584 2354 2575 2351 2575 2266 2586 2222 2592 2202 2589 2164 2578 2161 2578 2158 2578 2100 2589 2078 2595 2073 2592 2062 2581 2059 2581 2056 2581 1938 2581 1935 2581 1932 2581 1929 2581 1916 2595 1910 2597 1894 2595 1833 2584 1830 2584 1618 2600 1565 2603 1554 2600 1510 2589 1508 2589 1505 2589 1502 2589 1499 2589 1485 2603 1483 2606 1055 2611 1042 2611 884 2597 882 2597 705 2617 573 2603 570 2603 567 2603 532 2617 534 2658"/></Shape>
	    <String CONTENT="tion du litre echange, rachat du peage de l&#x27;Escaut, création de la"
                    HPOS="532"
                    VPOS="2573"
                    WIDTH="2092"
                    HEIGHT="110"
                    WC="0.9883203524531741"></String>
          </TextLine>
          <TextLine ID="eSc_line_c7d5ed87"
                    TAGREFS="LT31"
                    BASELINE="540 2735 2550 2705" 
                    HPOS="537"
                    VPOS="2653"
                    WIDTH="2013"
                    HEIGHT="121">
            <Shape><Polygon POINTS="540 2735 540 2763 667 2757 680 2763 714 2774 716 2774 719 2774 722 2774 749 2760 763 2755 835 2760 923 2766 926 2766 984 2757 1022 2752 1083 2755 1229 2766 1232 2766 1298 2752 1315 2749 1375 2749 1632 2760 1634 2760 1756 2743 1767 2743 1772 2743 1811 2757 1814 2757 1816 2757 1819 2757 1877 2741 1896 2738 1924 2741 1993 2752 1996 2752 1998 2752 2001 2752 2001 2749 2012 2741 2018 2735 2059 2738 2180 2752 2183 2752 2186 2752 2246 2735 2266 2732 2547 2732 2550 2705 2544 2672 2417 2653 2415 2653 2412 2653 2362 2672 2329 2655 2326 2655 2324 2655 2233 2672 2186 2655 2183 2655 2180 2655 2177 2655 2114 2675 2111 2675 2031 2658 2029 2658 2026 2658 1954 2677 1949 2677 1918 2677 1667 2669 1665 2669 1576 2680 1560 2683 1557 2680 1532 2666 1530 2666 1527 2666 1524 2666 1444 2683 1428 2686 1411 2683 1350 2669 1348 2669 1284 2686 1262 2688 1240 2686 1163 2672 1160 2672 1157 2672 1155 2672 1135 2686 1133 2688 1124 2686 1091 2675 1088 2675 1086 2675 1083 2675 1080 2675 1080 2677 1069 2686 1064 2691 1022 2688 904 2675 901 2675 816 2688 785 2697 661 2697 653 2691 642 2680 639 2680 636 2680 634 2680 537 2691 540 2735"/></Shape>
	    <String CONTENT="Banque Nationale, autant des réformes qui ont été autant de"
                    HPOS="537"
                    VPOS="2653"
                    WIDTH="2013"
                    HEIGHT="121"
                    WC="0.9997063359971774"></String>
          </TextLine>
          <TextLine ID="eSc_line_ffa12582"
                    TAGREFS="LT31"
                    BASELINE="537 2815 2569 2782" 
                    HPOS="534"
                    VPOS="2730"
                    WIDTH="2035"
                    HEIGHT="121">
            <Shape><Polygon POINTS="537 2815 537 2851 2566 2815 2569 2782 2563 2730 2442 2730 2439 2730 2437 2730 2431 2732 2393 2749 2299 2735 2277 2732 2274 2732 2271 2732 2263 2735 2216 2752 1960 2743 1954 2743 1951 2743 1946 2743 1803 2757 1780 2746 1767 2741 1764 2741 1761 2741 1758 2741 1734 2749 1689 2760 1637 2749 1601 2743 1599 2743 1596 2743 1576 2752 1546 2763 1502 2755 1477 2749 1474 2749 1406 2755 1306 2766 1273 2757 1229 2749 1226 2749 1224 2749 1221 2749 1204 2760 1190 2771 953 2771 929 2766 873 2755 871 2755 868 2755 865 2755 846 2768 838 2774 810 2768 738 2757 736 2757 733 2757 730 2757 714 2771 711 2771 576 2760 573 2760 570 2760 534 2771 537 2815"/></Shape>
	    <String CONTENT="tiifaits. Les adressaires eux. mêmes du jouvernement en ont dû"
                    HPOS="534"
                    VPOS="2730"
                    WIDTH="2035"
                    HEIGHT="121"
                    WC="0.999182112755314"></String>
          </TextLine>
          <TextLine ID="eSc_line_c5f3e4b3"
                    TAGREFS="LT31"
                    BASELINE="521 2895 2020 2878 2605 2884" 
                    HPOS="518"
                    VPOS="2818"
                    WIDTH="2087"
                    HEIGHT="110">
            <Shape><Polygon POINTS="521 2895 523 2928 570 2914 964 2923 1069 2925 1072 2925 1108 2923 1224 2909 1400 2920 1483 2923 1485 2923 1538 2917 1632 2906 1676 2914 1701 2920 1703 2923 1844 2923 1844 2920 1847 2920 1849 2920 1858 2914 1877 2903 1910 2912 1927 2917 1929 2917 1932 2917 1935 2917 1951 2912 1982 2903 2602 2903 2605 2884 2602 2834 2533 2818 2530 2818 2528 2818 2525 2818 2461 2837 2459 2837 2395 2818 2393 2818 2390 2818 2387 2818 2384 2818 2354 2837 2310 2818 2307 2818 2175 2818 2172 2818 1976 2840 1882 2821 1880 2821 1877 2821 1822 2840 1761 2823 1758 2823 1756 2823 1607 2843 1571 2823 1568 2823 1565 2823 1563 2823 1508 2845 1502 2845 1485 2845 1306 2826 1304 2826 1301 2826 1268 2843 1166 2829 1163 2829 1160 2829 1157 2829 1133 2848 1130 2848 1116 2848 975 2834 973 2834 970 2834 915 2848 849 2829 846 2829 843 2829 840 2829 793 2851 791 2854 518 2854 521 2895"/></Shape>
	    <String CONTENT="reconnaître le mérite. &lt;.. ... &lt;.. ... ... ......... ... ill.s"
                    HPOS="518"
                    VPOS="2818"
                    WIDTH="2087"
                    HEIGHT="110"
                    WC="0.8773633265687574"></String>
          </TextLine>
          <TextLine ID="eSc_line_5d0fd45b"
                    TAGREFS="LT31"
                    BASELINE="526 2975 2588 2953" 
                    HPOS="523"
                    VPOS="2912"
                    WIDTH="2065"
                    HEIGHT="93">
            <Shape><Polygon POINTS="526 2975 526 3005 2585 2983 2588 2953 2580 2912 523 2931 526 2975"/></Shape>
	    <String CONTENT="dépassent, en effet, le domaine des intérêts de parti pour attii¬"
                    HPOS="523"
                    VPOS="2912"
                    WIDTH="2065"
                    HEIGHT="93"
                    WC="0.9913931479820839"></String>
          </TextLine>
          <TextLine ID="eSc_line_ff5193d3"
                    TAGREFS="LT31"
                    BASELINE="529 3058 2544 3041" 
                    HPOS="526"
                    VPOS="2994"
                    WIDTH="2018"
                    HEIGHT="91">
            <Shape><Polygon POINTS="529 3058 529 3085 2541 3069 2544 3041 2536 2994 1836 3008 1811 3002 1767 2994 1764 2994 1761 2994 1736 3005 1728 3008 1720 3005 1689 2994 1687 2994 1684 2994 1681 2994 1651 3005 1645 3008 1640 3005 1612 2994 1610 2994 1607 2994 1549 3008 1530 3011 1463 3008 1199 2997 1196 2997 1193 2997 1157 3013 1155 3013 1152 3013 1100 3000 1097 3000 1094 3000 915 3013 887 3000 884 3000 882 3000 879 3000 876 3000 854 3016 551 3002 548 3002 545 3002 543 3002 526 3013 529 3058"/></Shape>
	    <String CONTENT="dre celue des inter êts généeaux de la bourgeoisée cnsitaire."
                    HPOS="526"
                    VPOS="2994"
                    WIDTH="2018"
                    HEIGHT="91"
                    WC="0.9943584389373904"></String>
          </TextLine>
          <TextLine ID="eSc_line_d6582793"
                    TAGREFS="LT31"
                    BASELINE="537 3140 2122 3121 2621 3126" 
                    HPOS="534"
                    VPOS="3060"
                    WIDTH="2087"
                    HEIGHT="116">
            <Shape><Polygon POINTS="537 3140 537 3165 766 3171 769 3171 771 3171 793 3165 827 3157 840 3165 851 3173 854 3173 857 3173 860 3176 1025 3176 1025 3173 1080 3165 1144 3154 1262 3162 1353 3171 1356 3171 1359 3171 1378 3162 1403 3154 1521 3162 1601 3168 1604 3168 1648 3162 1739 3148 1844 3162 1882 3165 1885 3165 1888 3165 1896 3162 1927 3143 2177 3143 2246 3159 2249 3159 2252 3159 2255 3159 2260 3159 2348 3143 2616 3157 2621 3126 2616 3060 2175 3082 2015 3066 1993 3066 1990 3066 1976 3069 1896 3085 1695 3071 1645 3069 1643 3069 1640 3069 1632 3071 1599 3091 1488 3091 1472 3074 1469 3074 1466 3074 1463 3074 1452 3074 1337 3093 1235 3093 1207 3077 1199 3074 1196 3074 1193 3074 1166 3077 1080 3093 1039 3080 1031 3077 1028 3077 1025 3077 1022 3077 1009 3080 953 3096 862 3096 846 3082 840 3077 838 3077 835 3077 832 3077 829 3077 813 3082 788 3091 534 3088 537 3140"/></Shape>
	    <String CONTENT="Perelles, le régime bourgeois se fortifie par cela même qu&#x27;elles at¬"
                    HPOS="534"
                    VPOS="3060"
                    WIDTH="2087"
                    HEIGHT="116"
                    WC="0.9869313213755103"></String>
          </TextLine>
          <TextLine ID="eSc_line_09cae2f5"
                    TAGREFS="LT31"
                    BASELINE="526 3215 2617 3210" 
                    HPOS="523"
                    VPOS="3148"
                    WIDTH="2107"
                    HEIGHT="97">
            <Shape><Polygon POINTS="526 3245 2627 3237 2630 3201 2624 3159 2390 3148 2387 3148 2384 3148 2357 3159 2346 3162 2332 3159 2299 3148 2296 3148 2293 3148 2067 3159 1927 3165 1913 3159 1902 3151 1899 3151 1896 3151 1894 3151 1786 3159 1676 3168 1626 3159 1590 3154 1587 3154 1549 3159 1497 3168 1422 3159 1367 3154 1364 3154 1326 3159 1259 3171 1243 3159 1240 3157 1237 3157 1235 3157 1031 3157 1028 3157 989 3159 873 3173 523 3162 526 3215"/></Shape>
	    <String CONTENT="testent sa bienfaisance. Elles justifient ce dogme de la liberté en tout"
                    HPOS="523"
                    VPOS="3148"
                    WIDTH="2107"
                    HEIGHT="97"
                    WC="0.9694146936138471"></String>
          </TextLine>
        </TextBlock>
        <TextBlock HPOS="131"
                   VPOS="48"
                   WIDTH="268"
                   HEIGHT="188"
                   ID="eSc_textblock_7a610f76"
                   TAGREFS="BT44">
          <Shape><Polygon POINTS="131 48 131 236 399 236 399 48"/></Shape>
        </TextBlock>
        <TextBlock ID="eSc_dummyblock_">
          <TextLine ID="eSc_line_84b43ecd"
                    TAGREFS="LT31"
                    BASELINE="194 125 366 125" 
                    HPOS="226"
                    VPOS="88"
                    WIDTH="41"
                    HEIGHT="140">
            <Shape><Polygon POINTS="237 88 234 140 226 228 259 228 267 143 267 88 264 88"/></Shape>
	    <String CONTENT="5"
                    HPOS="226"
                    VPOS="88"
                    WIDTH="41"
                    HEIGHT="140"
                    WC="0.9999986886978149"></String>
          </TextLine>
        </TextBlock>
      </PrintSpace>
    </Page>
  </Layout>
</alto>
