<?xml version="1.0" encoding="UTF-8"?>
<alto xmlns:xsi="http://www.w3.org/2001/XMLSchema-instance"
      xmlns="http://www.loc.gov/standards/alto/ns-v4#"
      xsi:schemaLocation="http://www.loc.gov/standards/alto/ns-v4# http://www.loc.gov/standards/alto/v4/alto-4-2.xsd">
  <Description>
    <MeasurementUnit>pixel</MeasurementUnit>
    <sourceImageInformation>
      <fileName>ARCH-DIV-000496_0164.png</fileName>
    </sourceImageInformation>
  </Description>
  <Tags>
    <OtherTag ID="BT42" LABEL="MainZone" DESCRIPTION="block type MainZone"/><OtherTag ID="BT43" LABEL="MarginTextZone" DESCRIPTION="block type MarginTextZone"/><OtherTag ID="BT44" LABEL="NumberingZone" DESCRIPTION="block type NumberingZone"/><OtherTag ID="BT45" LABEL="TitlePageZone" DESCRIPTION="block type TitlePageZone"/><OtherTag ID="BT46" LABEL="CustomZone:Numbering" DESCRIPTION="block type CustomZone:Numbering"/><OtherTag ID="BT49" LABEL="MarginTextZone:lower" DESCRIPTION="block type MarginTextZone:lower"/>
    <OtherTag ID="LT25" LABEL="default" DESCRIPTION="line type default"/><OtherTag ID="LT31" LABEL="DefaultLine" DESCRIPTION="line type DefaultLine"/><OtherTag ID="LT32" LABEL="HeadingLine" DESCRIPTION="line type HeadingLine"/><OtherTag ID="LT33" LABEL="InterlinearLine:addition" DESCRIPTION="line type InterlinearLine:addition"/><OtherTag ID="LT34" LABEL="InterlinearLine:correction" DESCRIPTION="line type InterlinearLine:correction"/>
  </Tags>
  <Layout>
    <Page WIDTH="2790"
          HEIGHT="3375"
          PHYSICAL_IMG_NR="163"
          ID="eSc_dummypage_">
      <PrintSpace HPOS="0"
                  VPOS="0"
                  WIDTH="2790"
                  HEIGHT="3375">
        <TextBlock HPOS="506"
                   VPOS="5"
                   WIDTH="2233"
                   HEIGHT="3369"
                   ID="3508bf95-97f3-4b76-84ec-d08c08194c55"
                   TAGREFS="BT42">
          <Shape><Polygon POINTS="2739 5 2739 3374 506 3374 506 5"/></Shape>
          <TextLine ID="eSc_line_358a4fba"
                    TAGREFS="LT31"
                    BASELINE="582 112 2705 84" 
                    HPOS="579"
                    VPOS="33"
                    WIDTH="2126"
                    HEIGHT="110">
            <Shape><Polygon POINTS="2691 36 2657 33 2632 33 2604 33 2576 33 2548 33 2539 39 2317 39 2303 33 2295 33 2266 33 2252 33 2230 42 2219 33 2210 33 2182 33 2171 33 2154 39 2126 33 2098 33 2070 33 2041 33 1994 45 1541 33 1538 33 1535 33 1532 33 1510 50 1493 36 1490 36 1487 36 1485 36 1195 56 1170 39 1167 39 1164 39 1006 39 1004 39 888 59 824 42 810 42 762 64 585 64 579 73 582 112 582 129 680 143 683 143 756 129 765 129 810 129 1200 137 1203 137 1479 123 1684 115 1735 123 1774 129 1777 129 1853 120 1954 112 2700 115 2705 84 2700 45 2691 36"/></Shape>
	    <String CONTENT="constitution réclame sa Lubordnation à l&#x27;Etat. Vers 1857, Emile"
                    HPOS="579"
                    VPOS="33"
                    WIDTH="2126"
                    HEIGHT="110"
                    WC="0.988628159439753"></String>
          </TextLine>
          <TextLine ID="eSc_line_fdb49a61"
                    TAGREFS="LT31"
                    BASELINE="585 194 967 177 2702 149" 
                    HPOS="582"
                    VPOS="95"
                    WIDTH="2120"
                    HEIGHT="130">
            <Shape><Polygon POINTS="585 194 585 225 1226 196 1327 208 1369 210 1372 210 1375 210 1378 210 1383 205 1406 194 1569 202 1673 205 1676 205 1679 205 1695 196 1715 188 1729 196 1738 202 1740 202 1743 202 1746 202 1926 191 2092 182 2252 182 2652 188 2655 188 2657 188 2702 171 2702 149 2694 109 2418 112 2368 95 2365 95 2362 95 2359 95 2356 95 2331 115 2325 115 2247 98 2244 98 2241 98 2188 118 2182 120 1949 120 1918 106 1915 106 1912 106 1693 126 1681 126 1676 126 1454 112 1451 112 1448 112 1380 132 1378 132 1372 132 1161 118 1158 118 1060 137 1057 137 905 120 902 120 900 120 843 140 742 123 739 123 582 146 585 194"/></Shape>
	    <String CONTENT="de Lavelge, &lt;..... .. ..... .. . .. .........&gt;"
                    HPOS="582"
                    VPOS="95"
                    WIDTH="2120"
                    HEIGHT="130"
                    WC="0.8542406066604282"></String>
          </TextLine>
          <TextLine ID="eSc_line_81aa8e82"
                    TAGREFS="LT31"
                    BASELINE="573 255 2694 213" 
                    HPOS="570"
                    VPOS="171"
                    WIDTH="2124"
                    HEIGHT="115">
            <Shape><Polygon POINTS="573 255 573 286 2691 247 2694 213 2688 174 2123 171 2120 171 2117 171 2115 171 2098 185 2095 185 2041 185 1710 180 1707 180 1704 180 1701 180 1701 182 1690 194 1687 194 1648 194 1420 185 1417 185 570 213 573 255"/></Shape>
	    <String CONTENT="&lt;.. .... ... .... ....&gt;"
                    HPOS="570"
                    VPOS="171"
                    WIDTH="2124"
                    HEIGHT="115"
                    WC="0.9194560517435488"></String>
          </TextLine>
          <TextLine ID="eSc_line_ec26aa84"
                    TAGREFS="LT34"
                    BASELINE="2471 252 2580 286 2580 286 2671 283" 
                    HPOS="2471"
                    VPOS="252"
                    WIDTH="200"
                    HEIGHT="34">
	    <String CONTENT=""
                    HPOS="2471"
                    VPOS="252"
                    WIDTH="200"
                    HEIGHT="34"></String>
          </TextLine>
          <TextLine ID="eSc_line_9865a283"
                    TAGREFS="LT31"
                    BASELINE="570 326 2542 293" 
                    HPOS="568"
                    VPOS="227"
                    WIDTH="2115"
                    HEIGHT="133">
            <Shape><Polygon POINTS="570 345 916 360 919 360 922 360 953 343 981 357 984 357 987 357 1068 343 1153 354 1155 354 1279 334 1302 331 1392 331 1800 337 1802 337 1805 337 1845 323 1861 317 1968 320 2174 329 2176 329 2680 306 2683 275 2674 227 2075 253 2036 241 2027 239 2025 239 2022 239 2019 239 2008 241 1957 255 1932 244 1929 241 1926 241 1923 241 1890 244 1726 261 1656 250 1639 247 1636 247 1600 250 1468 267 1425 255 1409 250 1406 250 1403 250 1271 253 1268 253 1265 253 1257 258 1231 275 1150 275 1001 264 953 261 950 261 947 261 939 267 911 281 832 267 818 267 815 267 812 267 807 270 773 284 742 270 734 267 731 267 728 267 705 270 646 284 568 275 570 326"/></Shape>
	    <String CONTENT="&lt;..... . ..... ... ... .. .....&gt;"
                    HPOS="568"
                    VPOS="227"
                    WIDTH="2115"
                    HEIGHT="133"
                    WC="0.8441255809739232"></String>
          </TextLine>
          <TextLine ID="eSc_line_6b37d79c"
                    TAGREFS="LT31"
                    BASELINE="573 399 2649 340" 
                    HPOS="570"
                    VPOS="292"
                    WIDTH="2079"
                    HEIGHT="141">
            <Shape><Polygon POINTS="573 399 573 421 765 433 767 433 1057 410 1065 410 1071 410 1164 421 1167 421 1282 405 1285 405 1296 405 1755 405 1757 405 2649 365 2649 340 2646 306 2598 292 2595 292 2593 292 2590 292 2545 309 1982 309 1980 309 1977 309 1946 323 1943 323 1937 323 1859 312 1856 312 1760 329 1746 329 1726 329 1569 320 1566 320 1563 320 1560 320 1560 323 1549 334 1546 334 1538 334 1462 323 1459 323 1366 337 1350 340 1335 340 1274 329 1271 329 1184 343 1158 345 1139 343 1065 334 1063 334 570 357 573 399"/></Shape>
	    <String CONTENT="constatant l&#x27;impossibilité pour les lébéraux de professes encore les"
                    HPOS="570"
                    VPOS="292"
                    WIDTH="2079"
                    HEIGHT="141"
                    WC="0.9863189765635658"></String>
          </TextLine>
          <TextLine ID="eSc_line_bbb12e9d"
                    TAGREFS="LT31"
                    BASELINE="568 478 1842 427 2669 407" 
                    HPOS="565"
                    VPOS="362"
                    WIDTH="2104"
                    HEIGHT="133">
            <Shape><Polygon POINTS="568 478 568 495 2669 430 2669 407 2663 365 2331 362 2328 362 2199 376 2145 382 2126 379 2086 371 2084 371 1777 388 1549 402 1535 396 1530 390 1527 390 1524 390 1521 390 1459 399 1361 410 1310 402 1290 399 1288 399 1260 405 1186 416 1077 407 1049 407 1046 407 1043 407 1040 407 1040 410 1026 421 975 410 964 410 961 410 925 413 714 433 565 424 568 478"/></Shape>
	    <String CONTENT="dogmes catholiques, leus conseille de se convertis au protes hantis¬"
                    HPOS="565"
                    VPOS="362"
                    WIDTH="2104"
                    HEIGHT="133"
                    WC="0.9969486611730912"></String>
          </TextLine>
          <TextLine ID="eSc_line_1a82ef2e"
                    TAGREFS="LT31"
                    BASELINE="573 548 2168 497 2663 497" 
                    HPOS="570"
                    VPOS="444"
                    WIDTH="2093"
                    HEIGHT="141">
            <Shape><Polygon POINTS="573 548 573 570 655 585 658 585 874 565 894 565 956 565 1445 565 1445 562 1510 551 1555 545 1589 551 1636 556 1639 556 1690 548 1740 537 2663 525 2663 497 2657 450 2328 444 2325 444 2323 444 2320 444 2292 461 2227 447 2224 447 2221 447 2179 464 2134 450 2131 450 2129 450 1971 469 1833 458 1830 458 1650 478 1462 469 1459 469 1347 489 1299 475 1296 475 1293 475 1290 475 1245 492 1164 478 1161 478 1040 497 860 489 857 489 855 489 826 503 770 489 767 489 765 489 762 489 759 489 759 492 742 506 593 495 590 495 587 495 585 495 570 506 573 548"/></Shape>
	    <String CONTENT="me. &lt;... .. . .. ...... ... ... .. ...&gt;"
                    HPOS="570"
                    VPOS="444"
                    WIDTH="2093"
                    HEIGHT="141"
                    WC="0.8994986858123388"></String>
          </TextLine>
          <TextLine ID="eSc_line_c7f78ec2"
                    TAGREFS="LT31"
                    BASELINE="576 621 2227 573 2702 573" 
                    HPOS="573"
                    VPOS="520"
                    WIDTH="2129"
                    HEIGHT="124">
            <Shape><Polygon POINTS="576 621 576 644 2702 593 2702 573 2697 528 2438 534 2432 531 2407 520 2404 520 2401 520 2399 520 2345 534 2334 537 2325 534 2303 525 2300 525 2297 525 2131 540 2112 540 2109 540 2089 525 2086 525 2084 525 2081 525 2078 525 2041 540 2027 545 2013 542 1971 528 1968 528 1965 528 1774 545 1693 554 1673 548 1645 540 1642 540 1639 540 1549 551 1487 559 1468 554 1437 542 1434 542 1431 542 1428 542 1406 554 1389 562 1372 554 1355 548 1352 548 1350 548 1282 556 1200 568 1102 562 1001 554 998 554 939 565 891 573 866 565 843 559 840 559 838 559 835 559 815 568 781 579 750 568 731 562 728 562 725 562 573 570 576 621"/></Shape>
	    <String CONTENT="&lt;.. .. . .  . .. ..&gt;"
                    HPOS="573"
                    VPOS="520"
                    WIDTH="2129"
                    HEIGHT="124"
                    WC="0.9025391012430191"></String>
          </TextLine>
          <TextLine ID="eSc_line_7de6899a"
                    TAGREFS="LT31"
                    BASELINE="570 683 2266 644 2618 646" 
                    HPOS="568"
                    VPOS="590"
                    WIDTH="2050"
                    HEIGHT="124">
            <Shape><Polygon POINTS="570 683 570 714 2618 672 2618 646 2615 601 2334 590 2331 590 2219 607 2205 607 2202 607 2168 593 2165 593 2162 593 2160 593 2157 593 2134 607 2109 593 2106 593 2103 593 2100 593 2067 607 2061 610 2050 610 1982 596 1980 596 1977 596 1923 610 1912 613 1875 610 1729 601 1726 601 1724 601 1721 601 1704 613 1695 618 1665 615 1591 604 1589 604 1586 604 1538 615 1513 621 1493 618 1459 610 1456 610 1375 618 1302 627 1265 621 1220 613 1217 613 1215 613 1198 621 1178 632 568 632 570 683"/></Shape>
	    <String CONTENT="&lt;......  ..... ..&gt; Dans la jumerse,"
                    HPOS="568"
                    VPOS="590"
                    WIDTH="2050"
                    HEIGHT="124"
                    WC="0.9341776898929051"></String>
          </TextLine>
          <TextLine ID="eSc_line_9e1df793"
                    TAGREFS="LT31"
                    BASELINE="570 759 2688 711" 
                    HPOS="568"
                    VPOS="660"
                    WIDTH="2120"
                    HEIGHT="124">
            <Shape><Polygon POINTS="570 759 570 784 2685 745 2688 711 2683 675 2441 660 2438 660 2306 680 2067 669 2064 669 1875 689 1816 675 1814 675 1811 675 1808 675 1805 675 1805 677 1791 689 1569 680 1566 680 1310 705 922 711 885 697 883 697 880 697 655 717 624 703 621 703 618 703 615 703 568 720 570 759"/></Shape>
	    <String CONTENT="dans la jeunesse des grandes Ecvles Sustout, &lt;.... .&gt; ces tendances"
                    HPOS="568"
                    VPOS="660"
                    WIDTH="2120"
                    HEIGHT="124"
                    WC="0.9574325751902452"></String>
          </TextLine>
          <TextLine ID="eSc_line_4a020d81"
                    TAGREFS="LT31"
                    BASELINE="570 838 2685 787" 
                    HPOS="568"
                    VPOS="739"
                    WIDTH="2117"
                    HEIGHT="135">
            <Shape><Polygon POINTS="570 838 570 874 1043 849 1403 849 1724 849 1726 849 1814 835 1861 829 1890 832 1949 843 1951 843 1954 843 1957 843 1974 832 1980 826 2010 829 2095 840 2098 840 2100 840 2137 826 2143 821 2331 818 2348 818 2441 832 2444 832 2685 807 2685 787 2680 753 2331 739 2328 739 2244 742 2241 742 2238 742 2210 762 2202 762 2095 745 2092 745 1988 765 1974 767 1963 767 1861 750 1859 750 1749 770 1746 770 1740 770 1665 756 1662 756 1659 756 1625 773 1620 776 1583 773 1456 765 1454 765 1451 765 1403 779 1383 781 1358 779 1288 767 1285 767 1282 767 1254 781 1243 784 1172 781 961 773 959 773 956 773 928 787 916 793 849 790 711 779 708 779 705 779 672 793 652 798 568 795 570 838"/></Shape>
	    <String CONTENT="excitées par l&#x27;amour des nouveantée, le besis d&#x27;activité et la tardieuse"
                    HPOS="568"
                    VPOS="739"
                    WIDTH="2117"
                    HEIGHT="135"
                    WC="0.9799129896693759"></String>
          </TextLine>
          <TextLine ID="eSc_line_331d585c"
                    TAGREFS="LT31"
                    BASELINE="573 919 1963 877 2688 869" 
                    HPOS="570"
                    VPOS="807"
                    WIDTH="2118"
                    HEIGHT="143">
            <Shape><Polygon POINTS="573 919 573 939 781 950 784 950 1037 930 1105 928 1130 930 1206 939 1209 939 1515 922 1749 908 2688 900 2688 869 2680 807 2581 826 2508 812 2505 812 2503 812 2500 812 2497 812 2477 832 2334 832 2306 818 2297 815 2295 815 2292 815 2264 821 2168 838 2131 824 2123 821 2120 821 2117 821 2115 821 2103 824 2061 840 1923 832 1850 826 1847 826 1729 838 1583 852 1549 843 1538 840 1535 840 1532 840 1403 849 1181 863 1153 857 1108 846 1105 846 1102 846 1032 860 992 869 961 863 894 852 891 852 815 869 781 874 753 871 691 860 689 860 686 860 683 860 663 874 658 877 649 874 613 860 610 860 607 860 604 860 570 871 573 919"/></Shape>
	    <String CONTENT="de tempésaments sablisatà vont à l&#x27;estreme radicalisme. Le congrés"
                    HPOS="570"
                    VPOS="807"
                    WIDTH="2118"
                    HEIGHT="143"
                    WC="0.9855468282059058"></String>
          </TextLine>
          <TextLine ID="eSc_line_e1c086f1"
                    TAGREFS="LT31"
                    BASELINE="576 992 1822 959 2677 950" 
                    HPOS="573"
                    VPOS="905"
                    WIDTH="2104"
                    HEIGHT="121">
            <Shape><Polygon POINTS="576 992 576 1026 725 1009 804 1023 821 1023 824 1023 871 1020 1096 1001 1172 1012 1189 1015 1192 1015 1195 1015 1200 1012 1231 998 1324 1009 1355 1012 1358 1012 1392 1006 1487 992 1549 1004 1569 1006 1572 1006 1575 1006 1586 1004 1634 990 1864 995 1949 998 1951 998 1954 998 1971 995 2019 981 2075 992 2086 992 2089 992 2092 992 2098 990 2140 978 2674 978 2677 950 2669 905 1614 914 1611 914 1583 928 1575 928 1288 922 1285 922 1209 936 1206 936 1200 936 973 928 970 928 967 928 919 942 835 930 832 930 829 930 826 930 801 947 573 950 576 992"/></Shape>
	    <String CONTENT="des éteundants teu à Liège au mois d&#x27;ontobre 1865 a été &quot; effrayant.."
                    HPOS="573"
                    VPOS="905"
                    WIDTH="2104"
                    HEIGHT="121"
                    WC="0.9943388819694519"></String>
          </TextLine>
          <TextLine ID="eSc_line_88991d80"
                    TAGREFS="LT31"
                    BASELINE="570 1071 2157 1032 2624 1032" 
                    HPOS="568"
                    VPOS="981"
                    WIDTH="2056"
                    HEIGHT="115">
            <Shape><Polygon POINTS="570 1071 570 1096 1850 1077 1864 1074 1923 1063 1971 1074 1982 1074 1985 1074 1999 1071 2058 1060 2247 1068 2280 1068 2283 1068 2303 1068 2418 1051 2618 1060 2624 1032 2621 990 2176 981 2174 981 2171 981 2168 981 2145 998 2143 998 2120 998 1912 987 1909 987 1805 1004 1783 1006 1738 1006 1541 995 1538 995 1535 995 1504 1009 1499 1012 1440 1012 1248 1004 1245 1004 1181 1015 1150 1020 1082 1018 928 1009 925 1009 810 1012 807 1012 784 1023 773 1029 568 1029 570 1071"/></Shape>
	    <String CONTENT="Des étudrants parisiens y sont venus, un crêpe au chopeau ; on y a"
                    HPOS="568"
                    VPOS="981"
                    WIDTH="2056"
                    HEIGHT="115"
                    WC="0.9967062401049065"></String>
          </TextLine>
          <TextLine ID="eSc_line_a2fa4d55"
                    TAGREFS="LT31"
                    BASELINE="573 1150 2612 1105" 
                    HPOS="570"
                    VPOS="1054"
                    WIDTH="2042"
                    HEIGHT="135">
            <Shape><Polygon POINTS="573 1150 573 1189 720 1170 801 1184 824 1186 826 1186 933 1184 936 1184 939 1184 939 1181 942 1178 959 1164 1043 1175 1080 1181 1082 1181 1085 1181 1108 1175 1150 1161 1184 1172 1203 1178 1206 1178 1209 1178 1274 1170 1375 1155 1485 1164 1589 1170 1591 1170 1670 1158 1735 1147 1746 1155 1757 1164 1760 1164 1763 1164 1766 1167 1847 1167 1847 1164 1971 1147 2030 1139 2252 1136 2272 1139 2331 1153 2334 1153 2337 1153 2340 1153 2359 1136 2610 1127 2612 1105 2607 1063 2247 1054 2244 1054 2241 1054 2238 1054 2221 1068 2219 1071 2207 1068 2131 1057 2129 1057 2126 1057 2123 1057 2100 1071 2095 1074 2050 1074 1847 1063 1845 1063 1769 1077 1690 1068 1687 1068 1684 1068 1681 1068 1667 1080 1665 1082 1634 1082 1462 1071 1459 1071 1361 1088 1333 1091 1324 1088 1296 1077 1293 1077 1290 1077 1223 1091 1200 1096 925 1099 919 1096 897 1085 894 1085 891 1085 888 1085 885 1085 871 1096 869 1099 846 1096 742 1088 739 1088 570 1102 573 1150"/></Shape>
	    <String CONTENT="eyalté la république, insulté Napolion III, pourfendru l&#x27;Eglise et la"
                    HPOS="570"
                    VPOS="1054"
                    WIDTH="2042"
                    HEIGHT="135"
                    WC="0.9919341854427172"></String>
          </TextLine>
          <TextLine ID="eSc_line_2aeb43e7"
                    TAGREFS="LT31"
                    BASELINE="570 1237 843 1217" 
                    HPOS="565"
                    VPOS="1155"
                    WIDTH="278"
                    HEIGHT="113">
            <Shape><Polygon POINTS="570 1237 573 1268 843 1251 843 1217 838 1175 708 1155 705 1155 703 1155 565 1192 570 1237"/></Shape>
	    <String CONTENT="religion."
                    HPOS="565"
                    VPOS="1155"
                    WIDTH="278"
                    HEIGHT="113"
                    WC="0.9370497663815817"></String>
          </TextLine>
          <TextLine ID="eSc_line_52538297"
                    TAGREFS="LT31"
                    BASELINE="593 1307 2680 1237" 
                    HPOS="590"
                    VPOS="1184"
                    WIDTH="2090"
                    HEIGHT="149">
            <Shape><Polygon POINTS="593 1307 593 1333 2165 1293 2193 1288 2275 1274 2674 1274 2680 1237 2671 1184 2348 1192 2345 1192 2342 1192 2337 1198 2314 1209 2134 1206 2041 1203 2039 1203 1960 1212 1842 1226 1670 1223 1515 1223 1513 1223 1510 1223 1507 1223 1507 1226 1499 1231 1493 1240 1344 1243 1319 1240 1262 1229 1260 1229 1127 1248 1094 1251 1085 1248 1060 1237 1057 1237 1054 1237 1051 1237 1015 1251 1009 1254 1006 1251 987 1240 984 1240 981 1240 978 1240 975 1240 922 1257 914 1257 911 1257 863 1243 860 1243 857 1243 855 1243 804 1260 677 1248 675 1248 590 1268 593 1307"/></Shape>
	    <String CONTENT="Sans doute, ces outrances ne sont, dans le parti libéral, que le fait"
                    HPOS="590"
                    VPOS="1184"
                    WIDTH="2090"
                    HEIGHT="149"
                    WC="0.9888674850049226"></String>
          </TextLine>
          <TextLine ID="eSc_line_7e49ffb1"
                    TAGREFS="LT31"
                    BASELINE="565 1380 1867 1350 2629 1310" 
                    HPOS="562"
                    VPOS="1268"
                    WIDTH="2067"
                    HEIGHT="143">
            <Shape><Polygon POINTS="565 1380 565 1409 759 1397 795 1406 829 1411 832 1411 905 1400 967 1392 1074 1395 1245 1400 1248 1400 1251 1400 1290 1386 1310 1380 1321 1386 1344 1397 1347 1397 1350 1397 1352 1397 1386 1383 1397 1380 1431 1383 1560 1392 1563 1392 2067 1375 2143 1358 2154 1355 2168 1355 2283 1369 2286 1369 2289 1369 2328 1350 2331 1347 2629 1338 2629 1310 2621 1268 2460 1271 2458 1271 2455 1271 2421 1288 2320 1276 2309 1276 2306 1276 2303 1276 2300 1276 2261 1293 2137 1282 2120 1282 2117 1282 2115 1282 2112 1282 2084 1299 1881 1290 1842 1290 1839 1290 1836 1290 1833 1290 1830 1293 1811 1305 1684 1296 1645 1296 1642 1296 1605 1299 1462 1319 1411 1307 1403 1305 1400 1305 1397 1305 1395 1305 1392 1305 1389 1307 1369 1321 1338 1307 1333 1307 1330 1307 1327 1307 1324 1307 1319 1310 1274 1324 1189 1313 1178 1313 1175 1313 1153 1316 1004 1335 562 1335 565 1380"/></Shape>
	    <String CONTENT="dine minorité. &lt;....... .. .. ... &gt;"
                    HPOS="562"
                    VPOS="1268"
                    WIDTH="2067"
                    HEIGHT="143"
                    WC="0.91308034658432"></String>
          </TextLine>
          <TextLine ID="eSc_line_6061fbed"
                    TAGREFS="LT31"
                    BASELINE="570 1459 1740 1431 2441 1397 2702 1406" 
                    HPOS="568"
                    VPOS="1341"
                    WIDTH="2134"
                    HEIGHT="155">
            <Shape><Polygon POINTS="570 1459 570 1496 672 1476 753 1493 765 1493 767 1493 770 1493 776 1490 824 1476 964 1485 967 1485 970 1485 973 1485 992 1468 1065 1482 1068 1482 1369 1459 1718 1465 1763 1465 1766 1465 1949 1459 1951 1459 1954 1459 1985 1440 2120 1448 2123 1448 2303 1431 2323 1445 2325 1445 2328 1445 2331 1445 2469 1425 2700 1437 2702 1406 2697 1341 2385 1350 2382 1350 2379 1350 2348 1369 2196 1355 2193 1355 2190 1355 2188 1355 2070 1378 2013 1361 2010 1361 2008 1361 2005 1361 1968 1378 1816 1372 1814 1372 1811 1372 1766 1386 1392 1383 1389 1383 1386 1383 1383 1383 1364 1400 871 1411 739 1400 736 1400 734 1400 669 1417 568 1403 570 1459"/></Shape>
	    <String CONTENT="&lt;..... . . . . .. Mais il n&#x27;importe &lt;..&gt;"
                    HPOS="568"
                    VPOS="1341"
                    WIDTH="2134"
                    HEIGHT="155"
                    WC="0.871541841328144"></String>
          </TextLine>
          <TextLine ID="eSc_line_907b82e3"
                    TAGREFS="LT31"
                    BASELINE="570 1535 2674 1465" 
                    HPOS="568"
                    VPOS="1420"
                    WIDTH="2106"
                    HEIGHT="155">
            <Shape><Polygon POINTS="570 1535 573 1575 655 1555 728 1569 734 1569 736 1569 750 1569 905 1546 970 1560 984 1560 987 1560 1004 1558 1085 1541 1144 1552 1150 1552 1153 1552 1155 1552 1158 1552 1184 1538 1366 1544 1431 1544 1434 1544 1459 1538 1513 1527 1639 1532 1740 1535 1743 1535 2674 1487 2674 1465 2669 1428 2452 1420 2449 1420 1943 1451 1912 1451 1906 1451 1830 1440 1828 1440 1743 1456 1738 1459 1704 1459 1243 1459 1240 1459 1164 1476 1153 1476 1136 1476 1012 1468 1009 1468 568 1493 570 1535"/></Shape>
	    <String CONTENT="&lt;.. . ..... ...&gt; U parti est toujours jugé sur l&#x27;at¬"
                    HPOS="568"
                    VPOS="1420"
                    WIDTH="2106"
                    HEIGHT="155"
                    WC="0.9525002883030818"></String>
          </TextLine>
          <TextLine ID="eSc_line_ba59e88c"
                    TAGREFS="LT31"
                    BASELINE="559 1608 2646 1535" 
                    HPOS="556"
                    VPOS="1487"
                    WIDTH="2090"
                    HEIGHT="152">
            <Shape><Polygon POINTS="559 1608 559 1639 663 1622 776 1634 779 1634 781 1634 829 1617 849 1631 852 1631 855 1631 857 1631 860 1631 863 1631 885 1611 1200 1605 1262 1617 1276 1620 1279 1620 1310 1617 1451 1594 1698 1603 1757 1603 1760 1603 2084 1591 2086 1591 2103 1586 2165 1569 2219 1583 2230 1586 2233 1586 2235 1586 2418 1577 2421 1577 2424 1577 2424 1575 2444 1560 2643 1566 2646 1535 2638 1487 2148 1515 2112 1507 2098 1504 2095 1504 2092 1504 2089 1504 2086 1504 2081 1510 2067 1518 2044 1510 2027 1504 2025 1504 2022 1504 2019 1504 2005 1513 1985 1521 1954 1513 1926 1507 1923 1507 1920 1507 1918 1507 1915 1507 1915 1510 1906 1515 1898 1524 1870 1518 1836 1510 1833 1510 1740 1521 1667 1532 1656 1527 1645 1518 1642 1518 1639 1518 1636 1518 1515 1532 1451 1538 1428 1535 1383 1527 1380 1527 1378 1527 1355 1538 1344 1544 1296 1541 1198 1532 1195 1532 1192 1532 1167 1546 1155 1552 1020 1555 1004 1552 947 1541 945 1541 795 1560 770 1563 765 1563 736 1549 734 1549 731 1549 728 1549 725 1549 703 1563 700 1566 697 1566 660 1552 658 1552 655 1552 556 1569 559 1608"/></Shape>
	    <String CONTENT="titude de son avant. garde et il était fatal e qu&#x27;aux yeus des ca¬"
                    HPOS="556"
                    VPOS="1487"
                    WIDTH="2090"
                    HEIGHT="152"
                    WC="0.9787848934982762"></String>
          </TextLine>
          <TextLine ID="eSc_line_e0233cfe"
                    TAGREFS="LT31"
                    BASELINE="568 1673 2655 1603" 
                    HPOS="565"
                    VPOS="1563"
                    WIDTH="2090"
                    HEIGHT="144">
            <Shape><Polygon POINTS="568 1673 568 1707 1493 1665 1541 1676 1544 1676 1546 1676 1549 1676 1552 1676 1575 1662 1800 1667 1814 1667 1816 1667 1830 1667 2072 1645 2303 1650 2306 1650 2413 1634 2652 1639 2655 1603 2646 1563 565 1628 568 1673"/></Shape>
	    <String CONTENT="tholiques le radicalisme cime prosmit tous les libéraux, comme aux"
                    HPOS="565"
                    VPOS="1563"
                    WIDTH="2090"
                    HEIGHT="144"
                    WC="0.9901876476677981"></String>
          </TextLine>
          <TextLine ID="eSc_line_f2913bae"
                    TAGREFS="LT31"
                    BASELINE="565 1746 1724 1710 2325 1676 2677 1670" 
                    HPOS="562"
                    VPOS="1620"
                    WIDTH="2115"
                    HEIGHT="163">
            <Shape><Polygon POINTS="565 1746 565 1783 961 1752 1037 1766 1040 1766 1043 1766 1206 1743 1226 1757 1229 1757 1231 1757 1234 1757 1237 1757 1293 1740 1355 1755 1358 1755 1361 1755 1375 1755 1895 1721 1982 1732 1985 1732 1988 1732 1991 1732 2025 1715 2092 1726 2095 1726 2098 1726 2171 1710 2297 1721 2303 1721 2306 1721 2309 1721 2396 1701 2674 1707 2677 1670 2669 1620 2581 1636 2272 1636 2154 1636 2151 1636 2070 1645 1912 1665 1639 1670 1628 1665 1611 1656 1608 1656 1605 1656 1552 1667 1513 1676 1431 1673 1293 1667 1290 1667 1091 1687 1035 1693 1009 1693 880 1681 877 1681 725 1704 717 1704 714 1704 624 1693 621 1693 618 1693 562 1710 565 1746"/></Shape>
	    <String CONTENT="qeux des libèr aux l&#x27;ultramontanisme compornettait tous les ca¬"
                    HPOS="562"
                    VPOS="1620"
                    WIDTH="2115"
                    HEIGHT="163"
                    WC="0.9884750076702663"></String>
          </TextLine>
          <TextLine ID="eSc_line_6c0107e6"
                    TAGREFS="LT31"
                    BASELINE="551 1816 855 1811" 
                    HPOS="548"
                    VPOS="1774"
                    WIDTH="307"
                    HEIGHT="85">
            <Shape><Polygon POINTS="551 1816 551 1842 697 1859 700 1859 855 1839 855 1811 846 1774 548 1774 551 1816"/></Shape>
	    <String CONTENT="tholiques."
                    HPOS="548"
                    VPOS="1774"
                    WIDTH="307"
                    HEIGHT="85"
                    WC="0.9996729910373687"></String>
          </TextLine>
          <TextLine ID="eSc_line_0f27603d"
                    TAGREFS="LT34"
                    BASELINE="1361 1835 1480 1841" 
                    HPOS="1361"
                    VPOS="1835"
                    WIDTH="119"
                    HEIGHT="6">
	    <String CONTENT=""
                    HPOS="1361"
                    VPOS="1835"
                    WIDTH="119"
                    HEIGHT="6"></String>
          </TextLine>
          <TextLine ID="eSc_line_7634d4a9"
                    TAGREFS="LT31"
                    BASELINE="570 1895 2652 1842" 
                    HPOS="568"
                    VPOS="1780"
                    WIDTH="2084"
                    HEIGHT="140">
            <Shape><Polygon POINTS="570 1895 570 1920 2323 1890 2652 1864 2652 1842 2643 1780 2494 1802 2449 1785 2438 1783 2435 1783 2432 1783 2430 1783 2410 1788 2317 1814 2233 1814 2199 1797 2188 1791 2185 1791 2182 1791 2123 1800 1968 1822 1726 1825 1707 1814 1704 1811 1701 1811 1698 1811 1695 1811 1693 1811 1684 1816 1659 1828 1569 1819 1445 1808 1442 1808 1260 1830 1192 1842 1023 1842 1020 1842 987 1825 984 1825 981 1825 978 1825 975 1825 950 1845 947 1845 914 1822 911 1822 908 1822 905 1822 902 1822 855 1847 852 1847 793 1825 790 1825 787 1825 784 1825 694 1847 641 1830 638 1830 635 1830 632 1830 568 1856 570 1895"/></Shape>
	    <String CONTENT="&lt;........ .... ... .......&gt; éliqut  i¬"
                    HPOS="568"
                    VPOS="1780"
                    WIDTH="2084"
                    HEIGHT="140"
                    WC="0.8951113757334257"></String>
          </TextLine>
          <TextLine ID="eSc_line_7b4b02d0"
                    TAGREFS="LT31"
                    BASELINE="556 1965 2669 1920" 
                    HPOS="554"
                    VPOS="1873"
                    WIDTH="2115"
                    HEIGHT="121">
            <Shape><Polygon POINTS="556 1965 556 1994 818 1982 877 1988 916 1994 919 1994 922 1994 945 1988 975 1980 1020 1985 1080 1994 1082 1994 1085 1994 1088 1994 1102 1982 1113 1977 1198 1980 1344 1988 1347 1988 1636 1968 1743 1963 1774 1965 1870 1977 1873 1977 2410 1949 2424 1949 2427 1949 2449 1963 2452 1963 2455 1963 2458 1963 2460 1963 2497 1949 2584 1960 2587 1960 2669 1940 2669 1920 2663 1884 2401 1873 2399 1873 2286 1890 2264 1892 2227 1892 2047 1881 2044 1881 2041 1881 2008 1895 1999 1901 1805 1901 1800 1901 1760 1887 1757 1887 1755 1887 1636 1904 1603 1906 1577 1904 1482 1892 1479 1892 1476 1892 1473 1892 1456 1906 1451 1909 1321 1909 883 1906 880 1906 877 1906 829 1920 810 1923 784 1920 714 1909 711 1909 708 1909 705 1909 686 1923 675 1926 554 1926 556 1965"/></Shape>
	    <String CONTENT="&lt;..... . ....  .... .. . .&gt;"
                    HPOS="554"
                    VPOS="1873"
                    WIDTH="2115"
                    HEIGHT="121"
                    WC="0.8819935123125712"></String>
          </TextLine>
          <TextLine ID="eSc_line_82763a96"
                    TAGREFS="LT31"
                    BASELINE="562 2041 2666 1996" 
                    HPOS="559"
                    VPOS="1949"
                    WIDTH="2107"
                    HEIGHT="129">
            <Shape><Polygon POINTS="562 2041 568 2078 599 2061 1442 2061 1479 2061 1479 2058 1485 2058 1611 2039 1693 2053 1695 2053 1698 2053 1746 2036 2666 2036 2666 1996 2660 1960 2275 1949 2272 1949 2148 1965 2117 1968 2075 1965 1946 1957 1943 1957 1940 1957 1895 1968 1873 1974 1864 1968 1853 1960 1850 1960 1847 1960 1845 1960 1842 1960 1814 1971 1800 1974 1755 1971 1662 1963 1659 1963 1656 1963 1628 1971 1605 1980 1549 1974 1479 1965 1476 1965 1372 1968 1369 1968 1366 1968 1358 1977 1341 1988 559 1988 562 2041"/></Shape>
	    <String CONTENT="&lt;...... ... .... .........&gt;"
                    HPOS="559"
                    VPOS="1949"
                    WIDTH="2107"
                    HEIGHT="129"
                    WC="0.8521673370290686"></String>
          </TextLine>
          <TextLine ID="eSc_line_3e534132"
                    TAGREFS="LT31"
                    BASELINE="562 2098 1290 2095 2117 2072" 
                    HPOS="559"
                    VPOS="2036"
                    WIDTH="1558"
                    HEIGHT="101">
            <Shape><Polygon POINTS="562 2098 562 2123 888 2137 891 2137 1740 2106 1746 2106 1830 2120 1833 2120 1836 2120 1892 2103 1895 2103 1898 2103 2033 2117 2036 2117 2117 2098 2117 2072 2109 2036 559 2061 562 2098"/></Shape>
	    <String CONTENT="&lt;. .. .... .. &lt;.....&gt;"
                    HPOS="559"
                    VPOS="2036"
                    WIDTH="1558"
                    HEIGHT="101"
                    WC="0.903782518137069"></String>
          </TextLine>
          <TextLine ID="eSc_line_61896c99"
                    TAGREFS="LT31"
                    BASELINE="596 2176 1044 2183 2657 2134" 
                    HPOS="593"
                    VPOS="2084"
                    WIDTH="2064"
                    HEIGHT="132">
            <Shape><Polygon POINTS="596 2199 680 2216 683 2216 1051 2196 1141 2207 1144 2207 1324 2185 1335 2185 1338 2185 1392 2202 1395 2202 1397 2202 1400 2202 1473 2182 1479 2182 1487 2182 1597 2196 1600 2196 1603 2196 1636 2179 1648 2179 1887 2190 1890 2190 2039 2174 2058 2188 2061 2188 2064 2188 2067 2188 2657 2157 2657 2134 2649 2084 593 2129 596 2176"/></Shape>
	    <String CONTENT="Siinquiet quilpaient été tout d&#x27;obord de l&#x27;avénement du Mmi¬"
                    HPOS="593"
                    VPOS="2084"
                    WIDTH="2064"
                    HEIGHT="132"
                    WC="0.9740204304456711"></String>
          </TextLine>
          <TextLine ID="eSc_line_0ba2b3d2"
                    TAGREFS="LT34"
                    BASELINE="980 2146 1127 2140" 
                    HPOS="980"
                    VPOS="2140"
                    WIDTH="147"
                    HEIGHT="6">
	    <String CONTENT=""
                    HPOS="980"
                    VPOS="2140"
                    WIDTH="147"
                    HEIGHT="6"></String>
          </TextLine>
          <TextLine ID="eSc_line_45ede3e4"
                    TAGREFS="LT31"
                    BASELINE="554 2255 2610 2205" 
                    HPOS="551"
                    VPOS="2154"
                    WIDTH="2059"
                    HEIGHT="135">
            <Shape><Polygon POINTS="554 2255 554 2278 888 2289 891 2289 894 2289 897 2289 928 2269 1049 2269 1122 2283 1125 2283 1569 2272 1572 2272 1636 2255 1805 2266 1808 2266 2055 2244 2539 2244 2542 2244 2610 2227 2610 2205 2601 2154 551 2213 554 2255"/></Shape>
	    <String CONTENT="nistère, le roi n&#x27;avait pas tardé à lui accorder se confiance. Il lui"
                    HPOS="551"
                    VPOS="2154"
                    WIDTH="2059"
                    HEIGHT="135"
                    WC="0.9840804985591344"></String>
          </TextLine>
          <TextLine ID="eSc_line_ab16fb4a"
                    TAGREFS="LT31"
                    BASELINE="556 2328 2646 2286" 
                    HPOS="554"
                    VPOS="2230"
                    WIDTH="2092"
                    HEIGHT="140">
            <Shape><Polygon POINTS="556 2328 556 2354 750 2351 753 2351 807 2370 810 2370 812 2370 815 2370 818 2370 843 2351 849 2348 894 2348 1240 2362 1243 2362 1428 2340 1454 2337 1493 2337 1805 2351 1808 2351 1811 2351 1892 2331 1904 2328 1920 2328 2070 2345 2072 2345 2075 2345 2123 2325 2129 2323 2137 2325 2157 2334 2160 2334 2162 2334 2359 2320 2393 2320 2396 2320 2432 2334 2435 2334 2438 2334 2441 2334 2444 2334 2463 2320 2463 2317 2643 2314 2646 2286 2640 2241 2539 2230 2536 2230 2534 2230 2531 2230 2514 2244 2497 2255 2264 2255 2255 2250 2238 2235 2235 2235 2233 2235 2230 2235 2084 2238 1974 2255 1920 2264 1867 2258 1752 2247 1749 2247 1746 2247 1743 2247 1743 2250 1726 2261 1724 2266 1718 2261 1687 2247 1684 2247 1681 2247 1679 2247 1636 2264 1622 2269 1586 2266 1501 2255 1499 2255 1496 2255 1493 2255 1479 2269 1470 2275 1217 2278 1178 2275 1026 2261 1023 2261 1020 2261 1018 2261 995 2280 992 2280 981 2280 880 2269 877 2269 874 2269 838 2283 829 2286 815 2283 734 2266 731 2266 728 2266 683 2286 683 2289 554 2289 556 2328"/></Shape>
	    <String CONTENT="savait gré de l&#x27;encegie avec laquelle ils avait &lt;.&gt; devant les"
                    HPOS="554"
                    VPOS="2230"
                    WIDTH="2092"
                    HEIGHT="140"
                    WC="0.9681087703474106"></String>
          </TextLine>
          <TextLine ID="eSc_line_d400c4c7"
                    TAGREFS="LT34"
                    BASELINE="2026 2270 2261 2265" 
                    HPOS="2026"
                    VPOS="2265"
                    WIDTH="235"
                    HEIGHT="5">
	    <String CONTENT=""
                    HPOS="2026"
                    VPOS="2265"
                    WIDTH="235"
                    HEIGHT="5"></String>
          </TextLine>
          <TextLine ID="eSc_line_b634bd0d"
                    TAGREFS="LT31"
                    BASELINE="556 2401 1904 2393 2635 2368" 
                    HPOS="554"
                    VPOS="2320"
                    WIDTH="2081"
                    HEIGHT="115">
            <Shape><Polygon POINTS="556 2401 556 2424 973 2435 975 2435 978 2435 1040 2421 1431 2430 1434 2430 2632 2399 2635 2368 2629 2337 2466 2320 2463 2320 2460 2320 2410 2337 2373 2320 2370 2320 2368 2320 2365 2320 2362 2320 2334 2340 2295 2328 2292 2328 2289 2328 2286 2328 2247 2342 2233 2345 2148 2342 1920 2337 1918 2337 1766 2351 1743 2351 1740 2351 1701 2328 1698 2328 1695 2328 1535 2342 1440 2331 1437 2331 1434 2331 1383 2356 1380 2356 1313 2342 1310 2342 1181 2359 1178 2359 1172 2359 1026 2340 1023 2340 1020 2340 945 2365 644 2365 596 2348 593 2348 590 2348 587 2348 554 2365 556 2401"/></Shape>
	    <String CONTENT="Chambres et finalement &lt;. ... . ...&gt; travaux de fortifica¬"
                    HPOS="554"
                    VPOS="2320"
                    WIDTH="2081"
                    HEIGHT="115"
                    WC="0.9612031424867695"></String>
          </TextLine>
          <TextLine ID="eSc_line_dcdb6098"
                    TAGREFS="LT34"
                    BASELINE="1388 2366 1837 2357" 
                    HPOS="1388"
                    VPOS="2357"
                    WIDTH="449"
                    HEIGHT="9">
	    <String CONTENT=""
                    HPOS="1388"
                    VPOS="2357"
                    WIDTH="449"
                    HEIGHT="9"></String>
          </TextLine>
          <TextLine ID="eSc_line_bb6abff7"
                    TAGREFS="LT31"
                    BASELINE="542 2483 2632 2460" 
                    HPOS="540"
                    VPOS="2404"
                    WIDTH="2092"
                    HEIGHT="113">
            <Shape><Polygon POINTS="542 2483 542 2503 1060 2517 1063 2517 1305 2503 1380 2500 1532 2503 1780 2508 1783 2508 1833 2503 1918 2491 2286 2503 2359 2503 2362 2503 2365 2503 2370 2503 2435 2486 2626 2500 2632 2460 2626 2421 2418 2404 2415 2404 2413 2404 2410 2404 2390 2418 2370 2404 2368 2404 2365 2404 2362 2404 2137 2421 2072 2427 2064 2424 2039 2410 2036 2410 1929 2410 1926 2410 1847 2424 1811 2432 1563 2432 1544 2427 1527 2418 1524 2418 1521 2418 1428 2427 1355 2432 1344 2427 1321 2415 1319 2415 1316 2415 1254 2427 1212 2435 1178 2427 1141 2418 1139 2418 1136 2418 1088 2427 1040 2438 540 2432 542 2483"/></Shape>
	    <String CONTENT="tion d&#x27;Auvers (1859). &lt;...... . ... .. ... ......&gt;"
                    HPOS="540"
                    VPOS="2404"
                    WIDTH="2092"
                    HEIGHT="113"
                    WC="0.9277986848354339"></String>
          </TextLine>
          <TextLine ID="eSc_line_6431ea28"
                    TAGREFS="LT31"
                    BASELINE="548 2565 2615 2534" 
                    HPOS="545"
                    VPOS="2483"
                    WIDTH="2070"
                    HEIGHT="121">
            <Shape><Polygon POINTS="548 2565 548 2584 725 2604 728 2604 731 2604 734 2604 756 2590 914 2601 916 2601 1127 2581 1181 2595 1184 2595 1186 2595 1296 2576 1302 2576 1327 2576 1884 2584 1887 2584 2005 2570 2041 2584 2044 2584 2047 2584 2050 2584 2053 2584 2081 2567 2235 2576 2238 2576 2365 2562 2368 2562 2517 2576 2520 2576 2612 2556 2615 2534 2610 2500 2548 2486 2545 2486 2342 2500 2297 2483 2295 2483 2292 2483 2095 2503 2053 2486 2050 2486 2047 2486 1864 2491 1861 2491 1859 2491 1842 2508 1839 2511 1653 2511 1645 2511 1575 2494 1572 2494 1392 2514 1378 2514 1372 2514 1299 2497 1296 2497 1293 2497 1243 2514 1125 2500 1122 2500 1119 2500 1063 2517 1054 2520 1037 2517 942 2503 939 2503 936 2503 933 2503 933 2505 916 2520 911 2522 871 2520 753 2511 750 2511 748 2511 717 2522 703 2525 691 2522 646 2508 644 2508 641 2508 545 2522 548 2565"/></Shape>
	    <String CONTENT="&lt;. ..... ... ...&gt; Il n&#x27;avoit falles rie de moins que"
                    HPOS="545"
                    VPOS="2483"
                    WIDTH="2070"
                    HEIGHT="121"
                    WC="0.9415578234654206"></String>
          </TextLine>
          <TextLine ID="eSc_line_e7772980"
                    TAGREFS="LT31"
                    BASELINE="542 2643 2601 2607" 
                    HPOS="540"
                    VPOS="2565"
                    WIDTH="2061"
                    HEIGHT="101">
            <Shape><Polygon POINTS="542 2643 542 2666 2598 2638 2601 2607 2593 2565 1670 2573 1667 2573 1659 2576 1636 2587 1521 2579 1485 2576 1482 2576 1479 2576 1465 2579 1420 2590 1358 2581 1341 2579 1338 2579 1293 2581 1099 2595 894 2587 880 2587 877 2587 866 2587 683 2604 540 2593 542 2643"/></Shape>
	    <String CONTENT="&lt;......&gt; l&#x27;evidence des dangers courus par l&#x27;indé¬"
                    HPOS="540"
                    VPOS="2565"
                    WIDTH="2061"
                    HEIGHT="101"
                    WC="0.9511146092414856"></String>
          </TextLine>
          <TextLine ID="eSc_line_66a7dd34"
                    TAGREFS="LT31"
                    BASELINE="542 2714 2612 2688" 
                    HPOS="540"
                    VPOS="2643"
                    WIDTH="2072"
                    HEIGHT="107">
            <Shape><Polygon POINTS="542 2714 545 2750 585 2733 750 2747 759 2747 762 2747 773 2747 961 2730 1206 2742 1229 2742 1231 2742 1310 2742 2154 2714 2607 2722 2612 2688 2607 2655 2151 2643 2148 2643 2145 2643 2109 2657 1701 2649 1698 2649 1695 2649 1659 2663 1274 2655 1271 2655 1268 2655 1226 2669 1001 2657 998 2657 995 2657 950 2671 857 2660 855 2660 540 2677 542 2714"/></Shape>
	    <String CONTENT="pendance nationale pour amener le ministère à imposer à sa"
                    HPOS="540"
                    VPOS="2643"
                    WIDTH="2072"
                    HEIGHT="107"
                    WC="0.9922414282957713"></String>
          </TextLine>
          <TextLine ID="eSc_line_9bfca553"
                    TAGREFS="LT31"
                    BASELINE="542 2784 2624 2761" 
                    HPOS="540"
                    VPOS="2714"
                    WIDTH="2084"
                    HEIGHT="104">
            <Shape><Polygon POINTS="542 2784 542 2804 700 2818 703 2818 871 2804 880 2804 891 2804 1029 2815 1032 2815 1035 2815 1071 2801 1077 2801 1116 2801 1307 2812 1310 2812 1499 2801 1583 2795 2624 2795 2624 2761 2615 2714 1319 2739 1271 2736 1170 2728 1167 2728 1074 2739 1046 2742 1004 2742 801 2730 798 2730 795 2730 793 2730 779 2745 776 2747 540 2747 542 2784"/></Shape>
	    <String CONTENT="majorité une résolertion qui devait emposer au pays de lourdes"
                    HPOS="540"
                    VPOS="2714"
                    WIDTH="2084"
                    HEIGHT="104"
                    WC="0.9981020266009916"></String>
          </TextLine>
          <TextLine ID="eSc_line_169291ff"
                    TAGREFS="LT31"
                    BASELINE="551 2863 2607 2837" 
                    HPOS="548"
                    VPOS="2784"
                    WIDTH="2059"
                    HEIGHT="115">
            <Shape><Polygon POINTS="551 2863 551 2885 624 2899 627 2899 630 2899 655 2885 663 2882 745 2885 1004 2896 1006 2896 1009 2896 1049 2882 1071 2877 1116 2882 1198 2894 1200 2894 1347 2882 1462 2871 1501 2880 1535 2888 1538 2888 1541 2888 1628 2880 1732 2868 1873 2877 1957 2882 1960 2882 1963 2882 1985 2877 2019 2868 2050 2877 2075 2882 2078 2882 2081 2882 2120 2877 2165 2868 2604 2871 2607 2837 2601 2798 2376 2784 2373 2784 2370 2784 2340 2801 2337 2801 2334 2801 2297 2787 2295 2787 2292 2787 2120 2804 2106 2804 2095 2804 1971 2790 1968 2790 1965 2790 1918 2806 1915 2806 1906 2806 1780 2792 1777 2792 1560 2809 1462 2795 1459 2795 1456 2795 1406 2812 1330 2798 1327 2798 1324 2798 1321 2798 1305 2812 1234 2801 1231 2801 1147 2815 1125 2801 1122 2801 1119 2801 1116 2801 1113 2801 1082 2818 900 2818 874 2804 871 2804 869 2804 866 2804 753 2820 587 2806 585 2806 582 2806 548 2820 551 2863"/></Shape>
	    <String CONTENT="dépenses et qui se heurtait à l&#x27;hostilité déclarée des Conversois. Les des¬"
                    HPOS="548"
                    VPOS="2784"
                    WIDTH="2059"
                    HEIGHT="115"
                    WC="0.9771922293462252"></String>
          </TextLine>
          <TextLine ID="eSc_line_10fc0c53"
                    TAGREFS="LT31"
                    BASELINE="548 2939 2601 2919" 
                    HPOS="545"
                    VPOS="2863"
                    WIDTH="2056"
                    HEIGHT="109">
            <Shape><Polygon POINTS="548 2939 548 2972 2598 2941 2601 2919 2590 2863 2550 2882 2427 2868 2424 2868 2421 2868 2370 2882 2340 2868 2337 2868 2334 2868 2331 2868 2283 2885 2261 2871 2258 2871 2255 2871 2252 2871 2055 2885 1999 2868 1994 2865 1991 2865 1721 2865 1718 2865 1693 2868 1586 2894 1119 2896 973 2874 959 2874 956 2874 953 2874 950 2874 905 2899 821 2899 545 2880 548 2939"/></Shape>
	    <String CONTENT="vitudes militaires avaient produit luis lIn mécontentement si"
                    HPOS="545"
                    VPOS="2863"
                    WIDTH="2056"
                    HEIGHT="109"
                    WC="0.9500472438139994"></String>
          </TextLine>
          <TextLine ID="eSc_line_c9214e60"
                    TAGREFS="LT34"
                    BASELINE="1649 2899 1982 2896" 
                    HPOS="1649"
                    VPOS="2896"
                    WIDTH="333"
                    HEIGHT="3">
	    <String CONTENT=""
                    HPOS="1649"
                    VPOS="2896"
                    WIDTH="333"
                    HEIGHT="3"></String>
          </TextLine>
          <TextLine ID="eSc_line_8a9ca4ef"
                    TAGREFS="LT31"
                    BASELINE="537 3015 2601 2995" 
                    HPOS="534"
                    VPOS="2955"
                    WIDTH="2067"
                    HEIGHT="85">
            <Shape><Polygon POINTS="537 3015 537 3040 2598 3020 2601 2995 2593 2955 534 2972 537 3015"/></Shape>
	    <String CONTENT="vif que sans distination de partis, les opposents, &lt;. ......&gt;"
                    HPOS="534"
                    VPOS="2955"
                    WIDTH="2067"
                    HEIGHT="85"
                    WC="0.9771006605664238"></String>
          </TextLine>
          <TextLine ID="eSc_line_d4bb1afd"
                    TAGREFS="LT31"
                    BASELINE="556 3093 2607 3076" 
                    HPOS="554"
                    VPOS="3026"
                    WIDTH="2053"
                    HEIGHT="104">
            <Shape><Polygon POINTS="556 3093 562 3130 587 3116 810 3127 826 3127 829 3127 835 3127 900 3113 2604 3113 2607 3076 2601 3040 2517 3026 2514 3026 2286 3040 2258 3040 2221 3040 1923 3029 1920 3029 1726 3040 1684 3043 1662 3040 1580 3031 1577 3031 1575 3031 1544 3043 1530 3045 554 3045 556 3093"/></Shape>
	    <String CONTENT="&lt;. .... .... ... ... .. ... ...&gt;"
                    HPOS="554"
                    VPOS="3026"
                    WIDTH="2053"
                    HEIGHT="104"
                    WC="0.8721592389047146"></String>
          </TextLine>
          <TextLine ID="eSc_line_28195f3f"
                    TAGREFS="LT31"
                    BASELINE="540 3164 2618 3147" 
                    HPOS="537"
                    VPOS="3099"
                    WIDTH="2081"
                    HEIGHT="104">
            <Shape><Polygon POINTS="540 3164 545 3203 568 3183 632 3200 635 3200 638 3203 869 3203 869 3200 871 3200 877 3197 908 3183 1248 3178 1456 3192 1490 3192 1493 3192 1521 3189 1656 3175 1679 3189 1681 3192 1684 3192 1687 3192 1690 3192 2618 3175 2618 3147 2610 3099 537 3121 540 3164"/></Shape>
	    <String CONTENT="moqujiqe avaient amenté les masses populaires en des mertings de"
                    HPOS="537"
                    VPOS="3099"
                    WIDTH="2081"
                    HEIGHT="104"
                    WC="0.9854561472311616"></String>
          </TextLine>
          <TextLine ID="eSc_line_0163598b"
                    TAGREFS="LT31"
                    BASELINE="545 3240 1082 3228 2612 3237" 
                    HPOS="545"
                    VPOS="3175"
                    WIDTH="2067"
                    HEIGHT="87">
            <Shape><Polygon POINTS="545 3240 545 3262 2610 3259 2612 3237 2610 3192 2396 3178 2393 3178 2325 3192 2300 3195 2252 3192 2131 3178 2129 3178 2019 3192 1977 3195 1965 3192 1937 3178 1935 3178 1794 3178 1791 3178 1788 3178 1738 3192 1718 3195 1634 3192 1380 3175 1378 3175 1296 3192 1285 3192 1271 3192 1192 3175 1189 3175 1082 3192 1065 3192 1057 3192 1012 3175 1009 3175 1006 3175 933 3192 925 3192 922 3192 900 3175 897 3175 894 3175 891 3175 888 3175 829 3192 818 3192 545 3192 545 3240"/></Shape>
	    <String CONTENT="quotestation. &lt;.  . . .. ... ....&gt;"
                    HPOS="545"
                    VPOS="3175"
                    WIDTH="2067"
                    HEIGHT="87"
                    WC="0.9312230611548704"></String>
          </TextLine>
          <TextLine ID="eSc_line_13d55439"
                    TAGREFS="LT31"
                    BASELINE="531 3307 1901 3296 2612 3307" 
                    HPOS="528"
                    VPOS="3240"
                    WIDTH="2084"
                    HEIGHT="90">
            <Shape><Polygon POINTS="531 3307 531 3330 2610 3330 2612 3307 2607 3245 1797 3259 1760 3251 1704 3240 1701 3240 1698 3240 1670 3254 1656 3259 1639 3254 1597 3240 1594 3240 1431 3240 1428 3240 1425 3240 1378 3256 1358 3262 1350 3256 1330 3242 1327 3242 1324 3242 1321 3242 1319 3242 1271 3256 1260 3259 1243 3256 1164 3242 1161 3242 1158 3242 1122 3256 1091 3242 1088 3242 857 3242 855 3242 852 3242 784 3262 776 3262 756 3262 587 3248 585 3248 582 3248 528 3262 531 3307"/></Shape>
	    <String CONTENT="&lt;...&gt; L&#x27;intérêt local s&#x27;y opposait X buitalement à"
                    HPOS="528"
                    VPOS="3240"
                    WIDTH="2084"
                    HEIGHT="90"
                    WC="0.9810676095532436"></String>
          </TextLine>
          <TextLine ID="eSc_line_15281efb"
                    TAGREFS="LT33"
                    BASELINE="2055 3347 2189 3349" 
                    HPOS="2055"
                    VPOS="3347"
                    WIDTH="134"
                    HEIGHT="2">
	    <String CONTENT=""
                    HPOS="2055"
                    VPOS="3347"
                    WIDTH="134"
                    HEIGHT="2"></String>
          </TextLine>
        </TextBlock>
        <TextBlock HPOS="157"
                   VPOS="52"
                   WIDTH="278"
                   HEIGHT="193"
                   ID="eSc_textblock_94122726"
                   TAGREFS="BT44">
          <Shape><Polygon POINTS="157 52 157 245 435 242 435 52"/></Shape>
        </TextBlock>
        <TextBlock ID="eSc_dummyblock_">
          <TextLine ID="eSc_line_2b3f645b"
                    TAGREFS="LT31"
                    BASELINE="182 144 404 165" 
                    HPOS="236"
                    VPOS="95"
                    WIDTH="79"
                    HEIGHT="113">
            <Shape><Polygon POINTS="264 95 236 112 250 163 258 208 315 188 309 151 292 95"/></Shape>
	    <String CONTENT="55"
                    HPOS="236"
                    VPOS="95"
                    WIDTH="79"
                    HEIGHT="113"
                    WC="0.9999993443489075"></String>
          </TextLine>
        </TextBlock>
      </PrintSpace>
    </Page>
  </Layout>
</alto>
