<?xml version="1.0" encoding="UTF-8"?>
<alto xmlns:xsi="http://www.w3.org/2001/XMLSchema-instance"
      xmlns="http://www.loc.gov/standards/alto/ns-v4#"
      xsi:schemaLocation="http://www.loc.gov/standards/alto/ns-v4# http://www.loc.gov/standards/alto/v4/alto-4-2.xsd">
  <Description>
    <MeasurementUnit>pixel</MeasurementUnit>
    <sourceImageInformation>
      <fileName>ARCH-DIV-000496_0069.png</fileName>
    </sourceImageInformation>
  </Description>
  <Tags>
    <OtherTag ID="BT42" LABEL="MainZone" DESCRIPTION="block type MainZone"/><OtherTag ID="BT43" LABEL="MarginTextZone" DESCRIPTION="block type MarginTextZone"/><OtherTag ID="BT44" LABEL="NumberingZone" DESCRIPTION="block type NumberingZone"/><OtherTag ID="BT45" LABEL="TitlePageZone" DESCRIPTION="block type TitlePageZone"/><OtherTag ID="BT46" LABEL="CustomZone:Numbering" DESCRIPTION="block type CustomZone:Numbering"/><OtherTag ID="BT49" LABEL="MarginTextZone:lower" DESCRIPTION="block type MarginTextZone:lower"/>
    <OtherTag ID="LT25" LABEL="default" DESCRIPTION="line type default"/><OtherTag ID="LT31" LABEL="DefaultLine" DESCRIPTION="line type DefaultLine"/><OtherTag ID="LT32" LABEL="HeadingLine" DESCRIPTION="line type HeadingLine"/><OtherTag ID="LT33" LABEL="InterlinearLine:addition" DESCRIPTION="line type InterlinearLine:addition"/><OtherTag ID="LT34" LABEL="InterlinearLine:correction" DESCRIPTION="line type InterlinearLine:correction"/>
  </Tags>
  <Layout>
    <Page WIDTH="2790"
          HEIGHT="3343"
          PHYSICAL_IMG_NR="68"
          ID="eSc_dummypage_">
      <PrintSpace HPOS="0"
                  VPOS="0"
                  WIDTH="2790"
                  HEIGHT="3343">
        <TextBlock HPOS="632"
                   VPOS="7"
                   WIDTH="2116"
                   HEIGHT="3298"
                   ID="a31f9108-6d30-4995-84c8-0636189d2611"
                   TAGREFS="BT42">
          <Shape><Polygon POINTS="2748 7 2748 3305 632 3305 632 7"/></Shape>
          <TextLine ID="eSc_line_f0a970fd"
                    TAGREFS="LT31"
                    BASELINE="691 86 2723 94" 
                    HPOS="688"
                    VPOS="25"
                    WIDTH="2035"
                    HEIGHT="105">
            <Shape><Polygon POINTS="2695 52 2667 52 2639 52 2611 52 2583 50 2555 50 2528 50 2500 50 2472 50 2444 47 2416 47 2388 47 2360 47 2332 47 2313 44 2126 47 2098 41 2082 41 2054 39 2026 39 2015 39 2012 41 2009 44 1995 41 1976 39 1970 39 1942 39 1914 36 1886 36 1873 36 1753 41 1666 47 1658 44 1644 30 1636 30 1633 30 1599 44 1588 47 1558 44 1449 27 1440 27 1413 27 1385 27 1379 25 1218 36 1073 25 1050 27 1022 30 1008 30 995 41 922 41 911 44 883 47 855 52 827 55 799 58 772 61 744 64 716 69 710 69 691 86 688 108 866 125 869 125 1934 117 2101 130 2104 130 2720 117 2723 94 2717 52 2695 52"/></Shape>
	    <String CONTENT="mann fistations si nombreuces et souvent si hérviques. Le Ré¬"
                    HPOS="688"
                    VPOS="25"
                    WIDTH="2035"
                    HEIGHT="105"
                    WC="0.9900704123934762"></String>
          </TextLine>
          <TextLine ID="eSc_line_240c1714"
                    TAGREFS="LT31"
                    BASELINE="691 169 2737 178" 
                    HPOS="688"
                    VPOS="119"
                    WIDTH="2049"
                    HEIGHT="98">
            <Shape><Polygon POINTS="691 169 688 192 746 208 749 208 752 208 1206 197 1218 197 1234 211 1237 211 1240 211 1438 214 1440 214 1719 200 1742 200 1769 200 2093 217 2095 217 2199 203 2210 203 2221 203 2302 217 2305 217 2734 206 2737 178 2731 136 2031 136 2023 133 1995 122 1992 122 1990 122 1987 122 1948 133 1937 136 1898 133 1764 122 1761 122 1758 122 1728 133 1719 139 1388 139 1362 133 1284 119 1282 119 1279 119 1248 133 1245 133 1237 133 1153 119 1151 119 1148 119 1123 133 1117 136 911 136 905 133 886 119 883 119 880 119 877 119 691 130 691 169"/></Shape>
	    <String CONTENT="volution en avait encore ravivé la forec et fait appasaître leurs"
                    HPOS="688"
                    VPOS="119"
                    WIDTH="2049"
                    HEIGHT="98"
                    WC="0.9965724752499507"></String>
          </TextLine>
          <TextLine ID="eSc_line_c3120a96"
                    TAGREFS="LT31"
                    BASELINE="685 245 2717 239" 
                    HPOS="682"
                    VPOS="197"
                    WIDTH="2035"
                    HEIGHT="76">
            <Shape><Polygon POINTS="685 245 685 264 2714 273 2717 239 2711 203 682 197 685 245"/></Shape>
	    <String CONTENT="insursections particularistes comme entant de luttes sairies entre"
                    HPOS="682"
                    VPOS="197"
                    WIDTH="2035"
                    HEIGHT="76"
                    WC="0.9985643968437657"></String>
          </TextLine>
          <TextLine ID="eSc_line_437e5d9f"
                    TAGREFS="LT31"
                    BASELINE="691 317 1170 306 2341 306 2709 317" 
                    HPOS="688"
                    VPOS="256"
                    WIDTH="2021"
                    HEIGHT="89">
            <Shape><Polygon POINTS="691 317 691 345 1075 328 1254 328 1279 342 1282 342 1284 342 1287 342 1371 328 1505 342 1507 342 1510 342 1558 328 2703 342 2709 317 2706 270 919 256 916 256 688 270 691 317"/></Shape>
	    <String CONTENT="le despotisme et la liberti. Dueant les amées de l&#x27;ormujon frau¬"
                    HPOS="688"
                    VPOS="256"
                    WIDTH="2021"
                    HEIGHT="89"
                    WC="0.9971464751288295"></String>
          </TextLine>
          <TextLine ID="eSc_line_cc752c41"
                    TAGREFS="LT31"
                    BASELINE="688 381 2689 376" 
                    HPOS="685"
                    VPOS="320"
                    WIDTH="2004"
                    HEIGHT="95">
            <Shape><Polygon POINTS="688 381 688 409 1440 401 1516 412 1544 415 1546 415 1549 415 1552 415 1555 412 1569 398 1845 398 1895 412 1898 412 1900 415 2218 415 2218 412 2221 412 2224 412 2243 398 2260 412 2263 412 2266 412 2268 415 2686 415 2689 376 2681 339 2352 339 2346 339 2324 320 2321 320 2318 320 2316 320 2313 320 2266 339 2263 339 2260 339 2226 320 2224 320 2221 320 2218 320 2215 320 2215 323 2196 339 2193 342 2132 342 2123 339 2070 320 2068 320 1833 320 1831 320 1828 320 1778 339 1772 339 1764 339 1689 320 1686 320 1599 339 1574 342 1535 339 1410 323 1407 323 1404 323 1401 323 1385 339 1376 345 1190 345 1176 339 1131 323 1128 323 1126 323 1123 323 1078 339 1061 342 685 339 688 381"/></Shape>
	    <String CONTENT="caise, ce que l&#x27;on avait supporté avec&lt;. répuquance peut¬"
                    HPOS="685"
                    VPOS="320"
                    WIDTH="2004"
                    HEIGHT="95"
                    WC="0.9759792131290101"></String>
          </TextLine>
          <TextLine ID="eSc_line_3e43cf3a"
                    TAGREFS="LT34"
                    BASELINE="1823 351 2055 342" 
                    HPOS="1823"
                    VPOS="342"
                    WIDTH="232"
                    HEIGHT="9">
	    <String CONTENT=""
                    HPOS="1823"
                    VPOS="342"
                    WIDTH="232"
                    HEIGHT="9"></String>
          </TextLine>
          <TextLine ID="eSc_line_45dd9f43"
                    TAGREFS="LT31"
                    BASELINE="680 451 1178 440 2647 442" 
                    HPOS="677"
                    VPOS="395"
                    WIDTH="1970"
                    HEIGHT="81">
            <Shape><Polygon POINTS="680 451 680 476 1089 462 1190 473 1226 476 1229 476 1251 473 1304 462 1775 468 2369 476 2371 476 2374 476 2399 462 2405 462 2645 462 2647 442 2642 395 677 401 680 451"/></Shape>
	    <String CONTENT="être que la conscription, c&#x27;avait été la centralisation adinistra"
                    HPOS="677"
                    VPOS="395"
                    WIDTH="1970"
                    HEIGHT="81"
                    WC="0.9974898209938636"></String>
          </TextLine>
          <TextLine ID="eSc_line_a6a97766"
                    TAGREFS="LT31"
                    BASELINE="668 529 1139 512 2689 504" 
                    HPOS="666"
                    VPOS="456"
                    WIDTH="2023"
                    HEIGHT="92">
            <Shape><Polygon POINTS="668 529 668 548 2689 532 2689 504 2681 456 666 479 668 529"/></Shape>
	    <String CONTENT="tève imposée aux &lt;...&gt; autorités locales. Le régiime hol¬"
                    HPOS="666"
                    VPOS="456"
                    WIDTH="2023"
                    HEIGHT="92"
                    WC="0.9859464649568525"></String>
          </TextLine>
          <TextLine ID="eSc_line_23d613eb"
                    TAGREFS="LT31"
                    BASELINE="674 601 1298 587 2703 587" 
                    HPOS="671"
                    VPOS="534"
                    WIDTH="2032"
                    HEIGHT="101">
            <Shape><Polygon POINTS="674 601 674 635 1036 615 1114 632 1123 632 1126 632 1128 632 1134 632 1181 615 1259 629 1276 632 1279 632 1307 629 1429 612 1505 626 1521 629 1524 629 1544 626 1616 612 1641 626 1650 629 1652 629 1655 629 1680 626 1744 612 2068 612 2087 621 2104 629 2107 629 2109 629 2179 621 2232 610 2346 610 2360 618 2371 626 2374 626 2377 626 2380 626 2383 626 2419 618 2449 610 2698 612 2703 587 2700 548 2207 534 2204 534 2201 534 2199 534 2179 551 2174 554 1923 554 1920 551 1892 537 1889 537 1886 537 1714 551 1669 537 1666 537 1663 537 1460 551 1432 537 1429 537 1427 537 1268 554 808 540 805 540 802 540 772 554 724 540 721 540 719 540 716 540 671 557 674 601"/></Shape>
	    <String CONTENT="landais, avait marqué, en quelque mesure, un retour à la tradi¬"
                    HPOS="671"
                    VPOS="534"
                    WIDTH="2032"
                    HEIGHT="101"
                    WC="0.9902336467057467"></String>
          </TextLine>
          <TextLine ID="eSc_line_1ed6febf"
                    TAGREFS="LT31"
                    BASELINE="677 674 1156 663 2636 671" 
                    HPOS="674"
                    VPOS="624"
                    WIDTH="1962"
                    HEIGHT="78">
            <Shape><Polygon POINTS="677 674 674 690 2631 702 2636 671 2633 624 677 624 677 674"/></Shape>
	    <String CONTENT="tion nationale dt ncordé, tout au moins aux villes, le droit de"
                    HPOS="674"
                    VPOS="624"
                    WIDTH="1962"
                    HEIGHT="78"
                    WC="0.9875811328963627"></String>
          </TextLine>
          <TextLine ID="eSc_line_06fe0b5f"
                    TAGREFS="LT31"
                    BASELINE="671 746 2692 738" 
                    HPOS="668"
                    VPOS="685"
                    WIDTH="2024"
                    HEIGHT="89">
            <Shape><Polygon POINTS="671 746 671 768 2686 774 2692 738 2686 702 2068 702 2037 685 2034 685 2031 685 2029 685 2026 685 2009 702 2004 702 1956 688 1953 688 1778 688 1775 688 1772 688 1769 688 1753 702 1750 702 1722 702 1563 688 1560 688 1446 702 1424 702 1410 702 1343 688 1340 688 1337 688 1298 702 1282 704 1198 702 1028 690 1025 690 668 699 671 746"/></Shape>
	    <String CONTENT="s&#x27;ad ministres soens la tutelle de l&#x27;Etat. &lt;............&gt; Leurs &quot; ré¬"
                    HPOS="668"
                    VPOS="685"
                    WIDTH="2024"
                    HEIGHT="89"
                    WC="0.9529760255329851"></String>
          </TextLine>
          <TextLine ID="eSc_line_ef8de87f"
                    TAGREFS="LT31"
                    BASELINE="677 821 2681 810" 
                    HPOS="674"
                    VPOS="768"
                    WIDTH="2007"
                    HEIGHT="92">
            <Shape><Polygon POINTS="677 821 680 860 746 844 1095 858 1148 858 1151 858 1153 858 1156 858 1156 855 1181 841 2678 841 2681 810 2672 768 674 774 677 821"/></Shape>
	    <String CONTENT="gences &quot; cependant, élues pas un systémé compliqué de notes à de¬"
                    HPOS="674"
                    VPOS="768"
                    WIDTH="2007"
                    HEIGHT="92"
                    WC="0.9741504201383302"></String>
          </TextLine>
          <TextLine ID="eSc_line_4c83fd59"
                    TAGREFS="LT31"
                    BASELINE="674 905 869 891 2659 874" 
                    HPOS="671"
                    VPOS="835"
                    WIDTH="1988"
                    HEIGHT="98">
            <Shape><Polygon POINTS="674 905 674 933 783 919 1499 919 2051 919 2054 919 2659 897 2659 874 2653 838 1566 835 1563 835 1198 852 1192 852 1187 852 947 841 944 841 671 858 674 905"/></Shape>
	    <String CONTENT="grès multe ples, recrutées exclusivement dans la haute bous¬"
                    HPOS="671"
                    VPOS="835"
                    WIDTH="1988"
                    HEIGHT="98"
                    WC="0.9981021056572597"></String>
          </TextLine>
          <TextLine ID="eSc_line_32b82d50"
                    TAGREFS="LT31"
                    BASELINE="682 988 1008 972 2664 958" 
                    HPOS="680"
                    VPOS="902"
                    WIDTH="1984"
                    HEIGHT="114">
            <Shape><Polygon POINTS="682 988 685 1016 746 1002 883 1014 919 1016 922 1016 925 1016 939 1014 995 1000 1073 1011 1095 1014 1098 1014 1100 1014 1103 1014 1106 1011 1123 994 1284 994 1513 994 1535 1005 1544 1008 1546 1008 1549 1008 1552 1008 1566 1005 1599 994 1616 1002 1627 1008 1630 1008 1633 1008 1694 1002 1817 988 1920 988 1939 997 1948 1005 1951 1005 1953 1005 1956 1008 2070 1008 2070 1005 2073 1005 2101 997 2135 986 2224 994 2268 997 2271 997 2316 991 2399 983 2430 991 2461 1000 2463 1000 2466 1000 2661 986 2664 958 2659 919 2567 902 2564 902 2561 902 2528 919 2525 922 2277 922 2268 922 2151 905 2148 905 2146 905 2143 905 2123 924 2029 924 1962 924 1892 908 1889 908 1886 908 1884 908 1828 924 1803 908 1800 908 1797 908 1794 908 1792 908 1789 908 1789 910 1769 927 1767 927 1624 910 1622 910 1513 930 1507 930 1505 930 1410 913 1407 913 1404 913 1374 930 1354 913 1351 913 1349 913 1240 913 1237 913 1234 913 1231 913 1231 916 1212 933 1212 936 1178 936 1139 936 1103 916 1100 916 958 916 956 916 953 916 877 938 680 938 682 988"/></Shape>
	    <String CONTENT="gevisie ,&#x27;obligées de délitérer à huis clos, appelaient une réfor¬"
                    HPOS="680"
                    VPOS="902"
                    WIDTH="1984"
                    HEIGHT="114"
                    WC="0.9891717131458112"></String>
          </TextLine>
          <TextLine ID="eSc_line_2482a771"
                    TAGREFS="LT34"
                    BASELINE="890 941 961 939" 
                    HPOS="890"
                    VPOS="939"
                    WIDTH="71"
                    HEIGHT="2">
	    <String CONTENT=""
                    HPOS="890"
                    VPOS="939"
                    WIDTH="71"
                    HEIGHT="2"></String>
          </TextLine>
          <TextLine ID="eSc_line_b9434871"
                    TAGREFS="LT31"
                    BASELINE="671 1061 2711 1039" 
                    HPOS="668"
                    VPOS="1000"
                    WIDTH="2043"
                    HEIGHT="100">
            <Shape><Polygon POINTS="671 1061 671 1080 777 1100 780 1100 783 1100 847 1083 1100 1092 1103 1092 1192 1078 1195 1078 1198 1078 1429 1094 1432 1094 1435 1094 1505 1078 1658 1092 1661 1092 1663 1092 1722 1075 1767 1089 1769 1089 1772 1089 1853 1075 2449 1083 2452 1083 2711 1061 2711 1039 2706 1000 1429 1000 1427 1000 1424 1000 1374 1014 1365 1014 1340 1014 1173 1002 1170 1002 1167 1002 1120 1016 1112 1016 1087 1016 919 1005 916 1005 914 1005 911 1005 897 1019 894 1022 668 1022 671 1061"/></Shape>
	    <String CONTENT="me fondamentale. Confonnément à l&#x27;esprit qrirèant de la consti¬"
                    HPOS="668"
                    VPOS="1000"
                    WIDTH="2043"
                    HEIGHT="100"
                    WC="0.9827689854428172"></String>
          </TextLine>
          <TextLine ID="eSc_line_bfe4853c"
                    TAGREFS="LT31"
                    BASELINE="668 1131 2101 1125 2709 1105" 
                    HPOS="666"
                    VPOS="1075"
                    WIDTH="2043"
                    HEIGHT="78">
            <Shape><Polygon POINTS="668 1131 668 1153 2706 1136 2709 1105 2700 1075 666 1092 668 1131"/></Shape>
	    <String CONTENT="tution la loi &lt;..  leur siiles hitua des conseils commeneux nom¬"
                    HPOS="666"
                    VPOS="1075"
                    WIDTH="2043"
                    HEIGHT="78"
                    WC="0.9748614355921745"></String>
          </TextLine>
          <TextLine ID="eSc_line_4e5ac45a"
                    TAGREFS="LT31"
                    BASELINE="660 1206 1454 1211 2700 1186" 
                    HPOS="657"
                    VPOS="1136"
                    WIDTH="2043"
                    HEIGHT="117">
            <Shape><Polygon POINTS="660 1206 660 1236 844 1253 847 1253 850 1253 883 1236 886 1234 889 1236 922 1248 925 1248 928 1248 1095 1234 1131 1231 1159 1234 1318 1248 1321 1248 1496 1228 1510 1228 1513 1228 1558 1245 1560 1245 1563 1245 1566 1245 1605 1228 1611 1225 1627 1228 1728 1242 1730 1242 1806 1228 2015 1239 2017 1239 2698 1214 2700 1186 2692 1136 1781 1161 1736 1153 1705 1147 1702 1147 1602 1156 1499 1164 1382 1161 1204 1153 1201 1153 1137 1164 1106 1170 1098 1164 1084 1156 1081 1156 1078 1156 880 1156 877 1156 875 1156 827 1170 819 1175 657 1175 660 1206"/></Shape>
	    <String CONTENT="més par l&#x27;élection discite des citoyens payant suivant les loculi¬"
                    HPOS="657"
                    VPOS="1136"
                    WIDTH="2043"
                    HEIGHT="117"
                    WC="0.9913481103651451"></String>
          </TextLine>
          <TextLine ID="eSc_line_c77cf41b"
                    TAGREFS="LT31"
                    BASELINE="669 1300 1520 1294 1520 1294 2260 1275 2711 1281" 
                    HPOS="1374"
                    VPOS="1220"
                    WIDTH="1337"
                    HEIGHT="108">
            <Shape><Polygon POINTS="1379 1328 1432 1314 1797 1323 1889 1326 1892 1326 1895 1326 1906 1323 1962 1306 2176 1320 2201 1320 2204 1320 2207 1320 2210 1320 2226 1303 2497 1298 2709 1312 2711 1281 2709 1234 2427 1220 2424 1220 2422 1220 2377 1236 2330 1220 2327 1220 2324 1220 2321 1220 2318 1220 2293 1239 2291 1239 2279 1239 2176 1225 2174 1225 2171 1225 2123 1242 2115 1245 1847 1245 1845 1245 1822 1228 1820 1228 1817 1228 1814 1228 1811 1228 1781 1245 1753 1228 1750 1228 1747 1228 1744 1228 1374 1250 1376 1295"/></Shape>
	    <String CONTENT="a 100: &lt;...... ..... .. ... ...."
                    HPOS="1374"
                    VPOS="1220"
                    WIDTH="1337"
                    HEIGHT="108"
                    WC="0.8349769581109285"></String>
          </TextLine>
          <TextLine ID="eSc_line_250a317e"
                    TAGREFS="LT34"
                    BASELINE="1597 1265 1723 1251" 
                    HPOS="1597"
                    VPOS="1251"
                    WIDTH="126"
                    HEIGHT="14">
	    <String CONTENT=""
                    HPOS="1597"
                    VPOS="1251"
                    WIDTH="126"
                    HEIGHT="14"></String>
          </TextLine>
          <TextLine ID="eSc_line_28e6b5f8"
                    TAGREFS="LT31"
                    BASELINE="671 1370 2681 1339" 
                    HPOS="668"
                    VPOS="1287"
                    WIDTH="2013"
                    HEIGHT="105">
            <Shape><Polygon POINTS="671 1370 671 1392 2678 1365 2681 1339 2670 1287 2639 1300 2586 1289 2572 1287 2569 1287 2567 1287 2558 1289 2522 1306 2310 1309 2266 1295 2260 1295 2257 1295 2254 1295 2252 1295 2249 1295 2229 1309 2148 1298 2135 1298 2132 1298 2112 1300 2020 1312 1998 1303 1990 1298 1987 1298 1984 1298 1981 1298 1970 1303 1942 1314 1794 1306 1669 1300 1666 1300 1663 1300 1661 1300 1647 1309 1641 1314 1627 1312 1591 1300 1588 1300 1585 1300 1527 1312 1496 1320 1488 1314 1477 1303 1474 1303 1471 1303 1401 1303 1399 1303 1396 1303 1371 1317 1357 1323 1332 1317 1276 1306 1273 1306 1270 1306 1220 1320 1198 1326 1170 1320 1098 1309 1095 1309 972 1323 880 1312 877 1312 875 1312 872 1312 847 1328 844 1331 827 1328 730 1314 727 1314 724 1314 668 1331 671 1370"/></Shape>
	    <String CONTENT="&lt;.......&gt; le contrôle &lt;......&gt; du copsélectoat"
                    HPOS="668"
                    VPOS="1287"
                    WIDTH="2013"
                    HEIGHT="105"
                    WC="0.9437557640283004"></String>
          </TextLine>
          <TextLine ID="eSc_line_d97c3018"
                    TAGREFS="LT31"
                    BASELINE="671 1443 2714 1420" 
                    HPOS="668"
                    VPOS="1370"
                    WIDTH="2046"
                    HEIGHT="106">
            <Shape><Polygon POINTS="671 1443 671 1462 908 1476 911 1476 914 1476 916 1476 916 1473 930 1462 933 1459 972 1462 1131 1473 1134 1473 1259 1459 1296 1456 1326 1459 1432 1470 1435 1470 1711 1456 1831 1451 1859 1456 1909 1465 1912 1465 2009 1454 2073 1448 2709 1448 2714 1420 2706 1370 2282 1384 2240 1376 2201 1370 2199 1370 2196 1370 2193 1370 2193 1373 2187 1378 2176 1387 2029 1381 1895 1376 1892 1376 1889 1376 1864 1384 1845 1390 1792 1384 1691 1376 1689 1376 1686 1376 1647 1387 1627 1392 1577 1390 1454 1378 1452 1378 1360 1392 1335 1395 1309 1392 1184 1381 1181 1381 1178 1381 1131 1398 1123 1401 668 1404 671 1443"/></Shape>
	    <String CONTENT="sur ses mandataires fut garanté par la pubelicité imposée aux cè¬"
                    HPOS="668"
                    VPOS="1370"
                    WIDTH="2046"
                    HEIGHT="106"
                    WC="0.9852864027023316"></String>
          </TextLine>
          <TextLine ID="eSc_line_8bec119f"
                    TAGREFS="LT31"
                    BASELINE="666 1518 2213 1490 2692 1493" 
                    HPOS="663"
                    VPOS="1440"
                    WIDTH="2029"
                    HEIGHT="120">
            <Shape><Polygon POINTS="666 1518 671 1560 702 1540 880 1534 1165 1548 1167 1548 1170 1548 1220 1532 1340 1546 1360 1548 1362 1548 1382 1546 1507 1526 1814 1537 1886 1540 1889 1540 1892 1540 1909 1537 1967 1521 1990 1534 1992 1537 1995 1537 1998 1537 2001 1537 2174 1534 2176 1534 2179 1534 2182 1532 2210 1512 2285 1512 2686 1521 2692 1493 2689 1451 2413 1440 2410 1440 2408 1440 2355 1454 2346 1454 2338 1454 2238 1440 2235 1440 2093 1456 2059 1459 2043 1456 1987 1445 1984 1445 1909 1459 1881 1462 1839 1459 1725 1448 1722 1448 1719 1448 1694 1459 1683 1465 1638 1462 1538 1451 1535 1451 1532 1451 1530 1451 1510 1462 1502 1468 1396 1465 1223 1456 1220 1456 1170 1465 1137 1473 1109 1468 1081 1459 1078 1459 1075 1459 1022 1468 972 1476 950 1468 933 1462 930 1462 928 1462 875 1470 808 1479 663 1473 666 1518"/></Shape>
	    <String CONTENT="ames des conseils. Chaque commuune, quelle que fiût son étendre ou"
                    HPOS="663"
                    VPOS="1440"
                    WIDTH="2029"
                    HEIGHT="120"
                    WC="0.9952897212722085"></String>
          </TextLine>
          <TextLine ID="eSc_line_941b2d65"
                    TAGREFS="LT31"
                    BASELINE="654 1596 2700 1560" 
                    HPOS="652"
                    VPOS="1518"
                    WIDTH="2048"
                    HEIGHT="117">
            <Shape><Polygon POINTS="654 1596 654 1618 766 1635 769 1635 772 1635 841 1618 1114 1629 1117 1629 1120 1629 1123 1629 1145 1612 1148 1612 1151 1612 1279 1626 1282 1626 1563 1607 1602 1604 1636 1604 1864 1615 1867 1615 2700 1587 2700 1560 2692 1518 652 1543 654 1596"/></Shape>
	    <String CONTENT="sa population fut organisée suivant les memes principes : il n&#x27;exiita"
                    HPOS="652"
                    VPOS="1518"
                    WIDTH="2048"
                    HEIGHT="117"
                    WC="0.9961138013480366"></String>
          </TextLine>
          <TextLine ID="eSc_line_fdca67fc"
                    TAGREFS="LT31"
                    BASELINE="660 1679 2709 1635" 
                    HPOS="657"
                    VPOS="1585"
                    WIDTH="2052"
                    HEIGHT="131">
            <Shape><Polygon POINTS="660 1679 663 1716 696 1702 883 1710 908 1710 911 1710 914 1710 916 1710 942 1696 1198 1702 1251 1702 1254 1702 1257 1702 1265 1699 1307 1688 1558 1693 1677 1693 1680 1693 1730 1688 1811 1677 1864 1685 1898 1688 1900 1688 2709 1660 2709 1635 2703 1599 2645 1585 2642 1585 2065 1610 1853 1601 1850 1601 1847 1601 1806 1615 1566 1607 1563 1607 1560 1607 1558 1607 1558 1610 1544 1624 1424 1624 1170 1615 1167 1615 908 1635 707 1626 705 1626 702 1626 657 1640 660 1679"/></Shape>
	    <String CONTENT="plus rieu de la diffésence entre villes et campagnes qu&#x27;avait usti¬"
                    HPOS="657"
                    VPOS="1585"
                    WIDTH="2052"
                    HEIGHT="131"
                    WC="0.994256499098308"></String>
          </TextLine>
          <TextLine ID="eSc_line_6d892db8"
                    TAGREFS="LT31"
                    BASELINE="660 1755 2689 1718" 
                    HPOS="657"
                    VPOS="1663"
                    WIDTH="2032"
                    HEIGHT="117">
            <Shape><Polygon POINTS="660 1755 660 1780 2686 1755 2689 1718 2684 1679 2533 1663 2530 1663 2346 1682 2218 1668 2215 1668 2213 1668 2148 1685 2062 1671 2059 1671 1909 1691 1900 1693 1697 1693 1666 1679 1663 1679 1661 1679 1658 1679 1619 1693 1602 1679 1599 1679 1597 1679 1594 1679 1435 1699 1421 1702 1262 1702 1259 1702 1226 1688 1223 1688 1220 1688 1098 1704 1089 1704 1084 1704 1039 1691 1036 1691 1034 1691 894 1707 889 1707 886 1707 833 1693 830 1693 827 1693 657 1710 660 1755"/></Shape>
	    <String CONTENT="tuée de système hollandais. &lt;............&gt; Vis à vis de l&#x27;Etat"
                    HPOS="657"
                    VPOS="1663"
                    WIDTH="2032"
                    HEIGHT="117"
                    WC="0.9693979678615448"></String>
          </TextLine>
          <TextLine ID="eSc_line_d026d8ad"
                    TAGREFS="LT31"
                    BASELINE="657 1830 2606 1811" 
                    HPOS="654"
                    VPOS="1749"
                    WIDTH="1952"
                    HEIGHT="109">
            <Shape><Polygon POINTS="657 1858 2020 1852 2603 1830 2606 1802 2600 1763 2015 1749 2012 1749 1912 1771 1909 1771 1900 1771 1719 1760 1716 1760 1449 1780 1418 1780 1413 1780 1371 1763 1368 1763 1365 1763 1362 1763 1323 1780 1323 1782 1128 1782 1073 1763 1070 1763 1067 1763 1064 1763 1006 1785 1003 1788 914 1788 914 1785 889 1766 886 1766 883 1766 880 1766 877 1766 836 1788 833 1788 825 1788 702 1769 699 1769 696 1769 654 1785 657 1830"/></Shape>
	    <String CONTENT="&lt;................&gt; toutes les autoritrs le trouvèsant placées"
                    HPOS="654"
                    VPOS="1749"
                    WIDTH="1952"
                    HEIGHT="109"
                    WC="0.943540162727481"></String>
          </TextLine>
          <TextLine ID="eSc_line_ad517b64"
                    TAGREFS="LT33"
                    BASELINE="2000 1777 2267 1773" 
                    HPOS="2000"
                    VPOS="1773"
                    WIDTH="267"
                    HEIGHT="4">
	    <String CONTENT=""
                    HPOS="2000"
                    VPOS="1773"
                    WIDTH="267"
                    HEIGHT="4"></String>
          </TextLine>
          <TextLine ID="eSc_line_756083c4"
                    TAGREFS="LT31"
                    BASELINE="649 1908 2670 1877" 
                    HPOS="646"
                    VPOS="1838"
                    WIDTH="2024"
                    HEIGHT="92">
            <Shape><Polygon POINTS="649 1908 649 1930 2667 1908 2670 1877 2661 1838 646 1863 649 1908"/></Shape>
	    <String CONTENT="dans la même situation de pouvoirs &lt;...&gt; considérés toutôt comme"
                    HPOS="646"
                    VPOS="1838"
                    WIDTH="2024"
                    HEIGHT="92"
                    WC="0.9885766180232167"></String>
          </TextLine>
          <TextLine ID="eSc_line_3afed8ec"
                    TAGREFS="LT31"
                    BASELINE="649 1989 2706 1958" 
                    HPOS="646"
                    VPOS="1908"
                    WIDTH="2060"
                    HEIGHT="114">
            <Shape><Polygon POINTS="649 1989 649 2008 1020 2022 1022 2022 1178 2005 1215 2003 1296 2005 1580 2014 1583 2014 1769 2011 1772 2011 1808 2000 1831 1994 1853 2000 1884 2008 1886 2008 1889 2008 2037 1997 2179 1989 2221 1997 2252 2003 2254 2003 2285 1997 2332 1986 2703 1991 2706 1958 2698 1908 646 1938 649 1989"/></Shape>
	    <String CONTENT="autonomes, tautôt comme déléqués de l&#x27;autorité centrale. Le gon¬"
                    HPOS="646"
                    VPOS="1908"
                    WIDTH="2060"
                    HEIGHT="114"
                    WC="0.9872571351006627"></String>
          </TextLine>
          <TextLine ID="eSc_line_074a7da9"
                    TAGREFS="LT31"
                    BASELINE="652 2064 2023 2047 2681 2019" 
                    HPOS="649"
                    VPOS="1980"
                    WIDTH="2032"
                    HEIGHT="114">
            <Shape><Polygon POINTS="652 2064 652 2083 961 2094 964 2094 967 2094 969 2094 992 2081 1259 2089 1262 2089 2681 2050 2681 2019 2672 1980 2349 2000 2274 1986 2263 1986 2260 1986 2257 1986 2252 1986 2207 2003 1878 1994 1831 1994 1828 1994 1797 1997 1585 2014 1491 2003 1468 2000 1466 2000 1418 2003 1237 2019 1151 2008 1123 2005 1120 2005 1078 2011 950 2025 649 2019 652 2064"/></Shape>
	    <String CONTENT="vernementent sonhaité l&#x27;aventuation de ce second caractère. &lt;.&gt;"
                    HPOS="649"
                    VPOS="1980"
                    WIDTH="2032"
                    HEIGHT="114"
                    WC="0.986227448024447"></String>
          </TextLine>
          <TextLine ID="eSc_line_18a65edd"
                    TAGREFS="LT31"
                    BASELINE="649 2139 1725 2131 2664 2100" 
                    HPOS="646"
                    VPOS="2050"
                    WIDTH="2018"
                    HEIGHT="134">
            <Shape><Polygon POINTS="649 2139 649 2167 911 2164 933 2181 933 2184 936 2184 939 2184 942 2184 944 2184 947 2184 975 2167 1056 2181 1059 2181 1061 2181 1106 2161 1293 2161 1318 2175 1321 2175 1323 2175 1326 2175 1438 2156 1847 2167 1850 2167 1853 2167 1889 2147 2252 2159 2254 2159 2257 2159 2260 2159 2279 2145 2332 2156 2335 2156 2338 2156 2341 2156 2371 2136 2664 2128 2664 2100 2656 2050 2530 2069 2316 2055 2293 2055 2291 2055 2288 2055 2285 2055 2252 2075 2179 2064 2176 2064 2174 2064 2137 2078 2009 2067 2006 2067 2004 2067 2001 2067 1984 2083 1786 2083 1705 2069 1691 2067 1689 2067 1686 2067 1675 2069 1605 2086 1463 2075 1460 2075 1457 2075 1388 2092 1362 2075 1360 2075 1357 2075 1354 2075 1343 2075 1234 2094 646 2092 649 2139"/></Shape>
	    <String CONTENT="&lt;......... ........ .... ... .. .......&gt; Il avait"
                    HPOS="646"
                    VPOS="2050"
                    WIDTH="2018"
                    HEIGHT="134"
                    WC="0.8583468052805686"></String>
          </TextLine>
          <TextLine ID="eSc_line_27e561fc"
                    TAGREFS="LT31"
                    BASELINE="638 2217 2689 2175" 
                    HPOS="635"
                    VPOS="2128"
                    WIDTH="2054"
                    HEIGHT="122">
            <Shape><Polygon POINTS="638 2217 638 2239 889 2250 891 2250 894 2250 897 2250 922 2237 1312 2242 1315 2242 1390 2228 1591 2237 1594 2237 1742 2220 1753 2220 1758 2220 1864 2231 1867 2231 2689 2200 2689 2175 2681 2128 635 2170 638 2217"/></Shape>
	    <String CONTENT="voulu posséder le drait de nommes les bourgmestres &lt; ...... .. ...&gt;"
                    HPOS="635"
                    VPOS="2128"
                    WIDTH="2054"
                    HEIGHT="122"
                    WC="0.9661178348669365"></String>
          </TextLine>
          <TextLine ID="eSc_line_cf882289"
                    TAGREFS="LT34"
                    BASELINE="1607 2166 1854 2152" 
                    HPOS="1607"
                    VPOS="2152"
                    WIDTH="247"
                    HEIGHT="14">
	    <String CONTENT=""
                    HPOS="1607"
                    VPOS="2152"
                    WIDTH="247"
                    HEIGHT="14"></String>
          </TextLine>
          <TextLine ID="eSc_line_8d0227b4"
                    TAGREFS="LT31"
                    BASELINE="638 2284 2664 2248" 
                    HPOS="635"
                    VPOS="2200"
                    WIDTH="2029"
                    HEIGHT="109">
            <Shape><Polygon POINTS="638 2284 638 2309 2661 2284 2664 2248 2659 2214 2572 2200 2569 2200 2254 2217 2187 2223 635 2234 638 2284"/></Shape>
	    <String CONTENT="&lt;....&gt; et les éctevins en dehorr des conseils commmaux, de dis¬"
                    HPOS="635"
                    VPOS="2200"
                    WIDTH="2029"
                    HEIGHT="109"
                    WC="0.9690985395794823"></String>
          </TextLine>
          <TextLine ID="eSc_line_a2f5944b"
                    TAGREFS="LT31"
                    BASELINE="638 2359 2692 2328" 
                    HPOS="635"
                    VPOS="2284"
                    WIDTH="2057"
                    HEIGHT="92">
            <Shape><Polygon POINTS="638 2359 638 2376 2689 2356 2692 2328 2686 2284 2143 2284 2140 2284 2137 2284 2121 2292 2109 2298 2073 2292 1998 2284 1995 2284 1828 2298 1753 2303 1725 2301 1663 2289 1661 2289 1574 2303 1541 2306 1471 2303 1254 2295 1251 2295 1248 2295 1204 2309 1192 2312 1162 2309 1036 2298 1034 2298 956 2315 944 2315 914 2315 694 2303 691 2303 688 2303 635 2317 638 2359"/></Shape>
	    <String CONTENT="sondre ces dérniers et d&#x27;ameuler leurs actes. Il fut impessible d&#x27;arra¬"
                    HPOS="635"
                    VPOS="2284"
                    WIDTH="2057"
                    HEIGHT="92"
                    WC="0.9958468759563607"></String>
          </TextLine>
          <TextLine ID="eSc_line_e9bd81d7"
                    TAGREFS="LT31"
                    BASELINE="643 2432 2678 2406" 
                    HPOS="641"
                    VPOS="2354"
                    WIDTH="2037"
                    HEIGHT="108">
            <Shape><Polygon POINTS="643 2432 643 2462 2678 2440 2678 2406 2672 2365 2541 2354 2539 2354 2469 2367 2444 2370 2436 2367 2416 2356 2413 2356 2410 2356 2408 2356 2377 2367 2366 2370 2341 2367 2252 2356 2249 2356 2246 2356 2218 2370 2210 2373 2182 2370 2098 2359 2095 2359 2093 2359 2090 2359 2076 2370 2070 2376 1535 2381 1491 2379 1321 2367 1318 2367 641 2390 643 2432"/></Shape>
	    <String CONTENT="cher aux chambres, &lt;..&gt; de si larges concessions. &lt;agetioa&gt;"
                    HPOS="641"
                    VPOS="2354"
                    WIDTH="2037"
                    HEIGHT="108"
                    WC="0.9763917943178597"></String>
          </TextLine>
          <TextLine ID="eSc_line_13dac97a"
                    TAGREFS="LT31"
                    BASELINE="643 2515 2653 2487" 
                    HPOS="641"
                    VPOS="2434"
                    WIDTH="2012"
                    HEIGHT="120">
            <Shape><Polygon POINTS="643 2515 646 2554 691 2537 900 2549 903 2549 905 2549 908 2549 925 2532 1045 2532 1212 2546 1215 2546 1218 2546 1220 2546 1251 2529 1836 2537 1845 2537 1847 2537 1850 2537 2054 2518 2647 2526 2653 2487 2645 2443 2360 2454 2330 2443 2310 2437 2307 2437 2305 2437 2302 2437 2271 2445 2221 2457 2143 2445 2082 2437 2079 2437 2076 2437 2073 2437 2059 2445 2034 2462 1942 2462 1920 2448 1903 2434 1900 2434 1898 2434 1895 2434 1892 2434 1867 2448 1836 2465 1783 2465 1758 2448 1739 2437 1736 2437 1733 2437 1730 2437 1301 2443 1298 2443 1276 2454 1240 2473 1100 2473 1050 2454 1036 2451 1034 2451 1031 2451 1028 2451 1025 2451 1022 2454 1003 2471 841 2476 641 2459 643 2515"/></Shape>
	    <String CONTENT="&lt;......... ....&gt; la désijuation du hunystre et"
                    HPOS="641"
                    VPOS="2434"
                    WIDTH="2012"
                    HEIGHT="120"
                    WC="0.9080246220464292"></String>
          </TextLine>
          <TextLine ID="eSc_line_5539532d"
                    TAGREFS="LT34"
                    BASELINE="1099 2468 1751 2466" 
                    HPOS="1099"
                    VPOS="2466"
                    WIDTH="652"
                    HEIGHT="2">
	    <String CONTENT=""
                    HPOS="1099"
                    VPOS="2466"
                    WIDTH="652"
                    HEIGHT="2"></String>
          </TextLine>
          <TextLine ID="eSc_line_f8b269b7"
                    TAGREFS="LT31"
                    BASELINE="643 2590 2695 2576" 
                    HPOS="641"
                    VPOS="2526"
                    WIDTH="2054"
                    HEIGHT="95">
            <Shape><Polygon POINTS="643 2590 643 2621 1488 2604 1825 2618 1870 2618 1873 2618 1900 2618 2115 2601 2268 2615 2277 2615 2279 2615 2282 2615 2285 2615 2305 2599 2689 2613 2695 2576 2689 2529 2107 2526 2104 2526 2056 2535 2034 2540 2029 2535 2015 2526 2012 2526 2009 2526 1873 2526 1870 2526 1616 2540 1569 2543 1560 2543 1510 2529 1507 2529 1505 2529 1502 2529 1466 2543 1457 2546 1413 2543 1226 2532 1223 2532 1095 2546 1073 2532 1070 2532 1067 2532 1064 2532 1061 2532 1006 2549 1003 2549 995 2549 830 2535 827 2535 735 2549 691 2535 688 2535 685 2535 682 2535 641 2549 643 2590"/></Shape>
	    <String CONTENT="des échevins dans le sens du concril et 4 la faculté de les suopendre ou"
                    HPOS="641"
                    VPOS="2526"
                    WIDTH="2054"
                    HEIGHT="95"
                    WC="0.9873106156786283"></String>
          </TextLine>
          <TextLine ID="eSc_line_a701ada9"
                    TAGREFS="LT31"
                    BASELINE="632 2671 2182 2657 2698 2666" 
                    HPOS="629"
                    VPOS="2599"
                    WIDTH="2069"
                    HEIGHT="94">
            <Shape><Polygon POINTS="632 2671 632 2691 2692 2693 2698 2666 2695 2615 2369 2599 2366 2599 2252 2613 2201 2621 2065 2621 2048 2613 2020 2601 2017 2601 2015 2601 1959 2613 1914 2621 1884 2613 1859 2604 1856 2604 1853 2604 1736 2613 1627 2618 1611 2613 1594 2604 1591 2604 1588 2604 1552 2610 1502 2621 1376 2610 1323 2607 1321 2607 1318 2607 1309 2610 1282 2627 981 2627 855 2610 850 2610 847 2610 841 2610 707 2627 629 2610 632 2671"/></Shape>
	    <String CONTENT="de les révogner sur avis de la députation permanente de la provinée"
                    HPOS="629"
                    VPOS="2599"
                    WIDTH="2069"
                    HEIGHT="94"
                    WC="0.9846798484005145"></String>
          </TextLine>
          <TextLine ID="eSc_line_04b55bb9"
                    TAGREFS="LT31"
                    BASELINE="627 2752 1406 2754 1406 2754 2661 2735" 
                    HPOS="624"
                    VPOS="2682"
                    WIDTH="2037"
                    HEIGHT="106">
            <Shape><Polygon POINTS="627 2771 1078 2771 1089 2771 1293 2788 1296 2788 1429 2771 1538 2785 1541 2785 1544 2785 1599 2769 1605 2769 1616 2769 1739 2783 1742 2783 1836 2769 1856 2766 1873 2769 1973 2783 1976 2783 2079 2766 2112 2763 2249 2763 2252 2766 2266 2780 2268 2780 2271 2780 2274 2780 2661 2763 2661 2735 2653 2682 2564 2696 2324 2685 2316 2685 2313 2685 2310 2685 2260 2699 2174 2688 2171 2688 1833 2702 1652 2691 1636 2691 1633 2691 1630 2691 1627 2691 1585 2705 624 2702 627 2752"/></Shape>
	    <String CONTENT="L&#x27;autonomie communale, &lt;...&gt; moyennant ces réserves, fut"
                    HPOS="624"
                    VPOS="2682"
                    WIDTH="2037"
                    HEIGHT="106"
                    WC="0.9539348099912915"></String>
          </TextLine>
          <TextLine ID="eSc_line_b7b03e3a"
                    TAGREFS="LT31"
                    BASELINE="649 2833 2706 2824" 
                    HPOS="646"
                    VPOS="2771"
                    WIDTH="2060"
                    HEIGHT="98">
            <Shape><Polygon POINTS="649 2833 649 2852 705 2869 707 2869 710 2869 797 2855 1262 2869 1265 2869 1435 2852 1457 2866 1460 2866 1463 2866 1466 2866 1608 2852 1937 2866 1939 2866 2268 2849 2686 2863 2689 2863 2692 2863 2695 2863 2695 2861 2706 2849 2706 2824 2698 2777 2427 2788 2405 2777 2399 2771 2397 2771 2394 2771 2288 2771 2285 2771 2282 2771 2279 2771 2274 2777 2254 2788 2062 2777 2034 2777 2031 2777 2015 2777 1881 2791 1864 2777 1861 2774 1859 2774 1856 2774 1619 2774 1616 2774 1613 2774 1602 2780 1574 2791 1513 2780 1485 2774 1482 2774 1480 2774 1477 2774 1471 2780 1446 2794 1326 2796 1204 2796 1184 2780 1181 2777 1178 2777 1176 2777 1173 2777 1170 2777 1167 2777 1165 2780 1148 2791 1134 2780 1131 2777 1128 2777 1126 2777 1006 2777 1003 2777 1000 2777 989 2780 953 2794 646 2783 649 2833"/></Shape>
	    <String CONTENT="mesurée &lt;..&gt; largement &lt;... ..... ... .. .... .......&gt;"
                    HPOS="646"
                    VPOS="2771"
                    WIDTH="2060"
                    HEIGHT="98"
                    WC="0.9218784504466586"></String>
          </TextLine>
          <TextLine ID="eSc_line_8f624523"
                    TAGREFS="LT34"
                    BASELINE="1019 2786 1086 2800" 
                    HPOS="1019"
                    VPOS="2786"
                    WIDTH="67"
                    HEIGHT="14">
	    <String CONTENT=""
                    HPOS="1019"
                    VPOS="2786"
                    WIDTH="67"
                    HEIGHT="14"></String>
          </TextLine>
          <TextLine ID="eSc_line_17db32bc"
                    TAGREFS="LT31"
                    BASELINE="632 2925 2659 2888" 
                    HPOS="629"
                    VPOS="2849"
                    WIDTH="2030"
                    HEIGHT="95">
            <Shape><Polygon POINTS="632 2925 632 2944 2656 2908 2659 2888 2650 2849 629 2872 632 2925"/></Shape>
	    <String CONTENT="&lt;....... .. .. .. ....... .. ... &lt;.&gt;"
                    HPOS="629"
                    VPOS="2849"
                    WIDTH="2030"
                    HEIGHT="95"
                    WC="0.9014608909686407"></String>
          </TextLine>
          <TextLine ID="eSc_line_905ce290"
                    TAGREFS="LT31"
                    BASELINE="632 2994 2647 2964" 
                    HPOS="629"
                    VPOS="2905"
                    WIDTH="2018"
                    HEIGHT="128">
            <Shape><Polygon POINTS="632 2994 632 3014 707 3033 710 3033 875 3017 894 3030 897 3030 900 3030 903 3030 1429 3011 1463 3022 1466 3022 1468 3022 1560 3008 1597 3003 1677 3005 1867 3017 1870 3017 1873 3017 1898 3005 1903 3003 1934 3005 2059 3014 2062 3014 2279 3003 2502 2989 2645 2997 2647 2964 2645 2930 2597 2905 2594 2905 2592 2905 2408 2930 2327 2916 2324 2916 2226 2933 2162 2911 2160 2911 2157 2911 2154 2911 2073 2939 1655 2941 1605 2922 1602 2922 1599 2922 1597 2922 1538 2944 1376 2933 1374 2933 1371 2933 1368 2933 1351 2947 1178 2925 1176 2925 816 2930 813 2930 811 2930 780 2958 629 2958 632 2994"/></Shape>
	    <String CONTENT="&lt;.......... ...&gt; qu&#x27;on apu la qualifier suion d&#x27;ille¬"
                    HPOS="629"
                    VPOS="2905"
                    WIDTH="2018"
                    HEIGHT="128"
                    WC="0.901236430653986"></String>
          </TextLine>
          <TextLine ID="eSc_line_a79e1516"
                    TAGREFS="LT34"
                    BASELINE="812 2963 1242 2948" 
                    HPOS="812"
                    VPOS="2948"
                    WIDTH="430"
                    HEIGHT="15">
	    <String CONTENT=""
                    HPOS="812"
                    VPOS="2948"
                    WIDTH="430"
                    HEIGHT="15"></String>
          </TextLine>
          <TextLine ID="eSc_line_223c4b0b"
                    TAGREFS="LT31"
                    BASELINE="627 3069 2625 3047" 
                    HPOS="624"
                    VPOS="3008"
                    WIDTH="2001"
                    HEIGHT="95">
            <Shape><Polygon POINTS="627 3069 627 3103 2622 3072 2625 3047 2619 3008 1427 3008 1424 3008 1421 3008 1365 3022 1351 3025 1321 3022 1176 3011 1173 3011 1170 3011 1123 3025 1112 3030 825 3030 819 3030 788 3017 785 3017 783 3017 624 3030 627 3069"/></Shape>
	    <String CONTENT="mitée, au moins d&#x27;indéfinie. En fait, dsmons dans les grandes"
                    HPOS="624"
                    VPOS="3008"
                    WIDTH="2001"
                    HEIGHT="95"
                    WC="0.9925375864154002"></String>
          </TextLine>
          <TextLine ID="eSc_line_c44f066e"
                    TAGREFS="LT31"
                    BASELINE="627 3150 2686 3117" 
                    HPOS="624"
                    VPOS="3067"
                    WIDTH="2062"
                    HEIGHT="106">
            <Shape><Polygon POINTS="627 3150 627 3173 2686 3150 2686 3117 2678 3075 2335 3086 2324 3081 2296 3067 2293 3067 2213 3067 2210 3067 2098 3086 2070 3089 2056 3086 2001 3069 1998 3069 1995 3069 1906 3089 1886 3092 1861 3089 1728 3075 1725 3075 1722 3075 1655 3095 1638 3097 1622 3095 1552 3081 1549 3081 1546 3081 1488 3097 1474 3103 1309 3103 1270 3100 1042 3086 1039 3086 1036 3086 1034 3086 1008 3106 1006 3106 827 3095 825 3095 822 3095 819 3095 794 3111 791 3111 783 3111 660 3092 657 3092 654 3092 652 3092 624 3106 627 3150"/></Shape>
	    <String CONTENT="villes, les conseils &lt;...&gt; furent des parlements locaux ause losquels"
                    HPOS="624"
                    VPOS="3067"
                    WIDTH="2062"
                    HEIGHT="106"
                    WC="0.9777313453563745"></String>
          </TextLine>
          <TextLine ID="eSc_line_dd7c1664"
                    TAGREFS="LT34"
                    BASELINE="1152 3114 1346 3102" 
                    HPOS="1152"
                    VPOS="3102"
                    WIDTH="194"
                    HEIGHT="12">
	    <String CONTENT=""
                    HPOS="1152"
                    VPOS="3102"
                    WIDTH="194"
                    HEIGHT="12"></String>
          </TextLine>
          <TextLine ID="eSc_line_a16b56ff"
                    TAGREFS="LT31"
                    BASELINE="635 3223 2659 3189" 
                    HPOS="632"
                    VPOS="3147"
                    WIDTH="2027"
                    HEIGHT="123">
            <Shape><Polygon POINTS="635 3223 635 3248 710 3270 713 3270 716 3270 719 3270 721 3270 746 3251 891 3267 894 3267 897 3267 967 3245 972 3245 978 3245 1008 3256 1011 3256 1014 3256 1251 3245 1346 3239 1351 3242 1368 3256 1368 3259 1371 3259 1374 3259 1376 3262 1457 3262 1457 3259 1460 3259 1496 3242 1507 3237 1538 3242 1611 3253 1613 3253 1616 3253 1619 3253 1636 3239 1650 3234 1725 3239 1853 3251 1856 3251 1934 3239 1998 3228 2056 3237 2126 3248 2129 3248 2659 3231 2659 3189 2653 3147 2140 3147 2137 3147 2135 3147 2132 3147 2126 3153 2112 3161 2054 3153 2023 3150 2020 3150 2017 3150 2006 3153 1976 3164 1881 3156 1814 3150 1811 3150 1686 3159 1468 3173 1365 3161 1326 3159 1323 3159 1321 3159 1318 3159 1315 3161 1296 3175 1181 3164 1139 3161 1137 3161 1095 3164 964 3181 632 3173 635 3223"/></Shape>
	    <String CONTENT="le gouvernament ccita touprers avec soin d&#x27;entres en conflit. Le droit"
                    HPOS="632"
                    VPOS="3147"
                    WIDTH="2027"
                    HEIGHT="123"
                    WC="0.9826190352439881"></String>
          </TextLine>
        </TextBlock>
        <TextBlock HPOS="131"
                   VPOS="2897"
                   WIDTH="424"
                   HEIGHT="236"
                   ID="cd80f365-48b7-4561-9f73-a6a59bfff9ec"
                   TAGREFS="BT43">
          <Shape><Polygon POINTS="555 2897 555 3133 131 3133 131 2897"/></Shape>
          <TextLine ID="eSc_line_efb297c8"
                    TAGREFS="LT31"
                    BASELINE="146 3040 471 2999" 
                    HPOS="158"
                    VPOS="2969"
                    WIDTH="168"
                    HEIGHT="117">
            <Shape><Polygon POINTS="186 3025 158 3025 161 3033 164 3086 326 3061 323 3017 314 2969 228 2980 211 2991"/></Shape>
	    <String CONTENT="chere)"
                    HPOS="158"
                    VPOS="2969"
                    WIDTH="168"
                    HEIGHT="117"
                    WC="0.9983654717604319"></String>
          </TextLine>
        </TextBlock>
        <TextBlock HPOS="215"
                   VPOS="4"
                   WIDTH="292"
                   HEIGHT="225"
                   ID="eSc_textblock_09fa3c3d"
                   TAGREFS="BT44">
          <Shape><Polygon POINTS="215 4 215 229 507 229 507 4"/></Shape>
        </TextBlock>
        <TextBlock ID="eSc_dummyblock_">
          <TextLine ID="eSc_line_b3b1c24e"
                    TAGREFS="LT31"
                    BASELINE="286 95 408 97" 
                    HPOS="328"
                    VPOS="44"
                    WIDTH="98"
                    HEIGHT="120">
            <Shape><Polygon POINTS="384 47 356 44 328 52 334 103 337 161 423 164 426 97 423 91 412 52"/></Shape>
	    <String CONTENT="64)"
                    HPOS="328"
                    VPOS="44"
                    WIDTH="98"
                    HEIGHT="120"
                    WC="0.9999855359395345"></String>
          </TextLine>
        </TextBlock>
      </PrintSpace>
    </Page>
  </Layout>
</alto>
