<?xml version="1.0" encoding="UTF-8"?>
<alto xmlns:xsi="http://www.w3.org/2001/XMLSchema-instance"
      xmlns="http://www.loc.gov/standards/alto/ns-v4#"
      xsi:schemaLocation="http://www.loc.gov/standards/alto/ns-v4# http://www.loc.gov/standards/alto/v4/alto-4-2.xsd">
  <Description>
    <MeasurementUnit>pixel</MeasurementUnit>
    <sourceImageInformation>
      <fileName>ARCH-DIV-000496_0054.png</fileName>
    </sourceImageInformation>
  </Description>
  <Tags>
    <OtherTag ID="BT42" LABEL="MainZone" DESCRIPTION="block type MainZone"/><OtherTag ID="BT43" LABEL="MarginTextZone" DESCRIPTION="block type MarginTextZone"/><OtherTag ID="BT44" LABEL="NumberingZone" DESCRIPTION="block type NumberingZone"/><OtherTag ID="BT45" LABEL="TitlePageZone" DESCRIPTION="block type TitlePageZone"/><OtherTag ID="BT46" LABEL="CustomZone:Numbering" DESCRIPTION="block type CustomZone:Numbering"/><OtherTag ID="BT49" LABEL="MarginTextZone:lower" DESCRIPTION="block type MarginTextZone:lower"/>
    <OtherTag ID="LT25" LABEL="default" DESCRIPTION="line type default"/><OtherTag ID="LT31" LABEL="DefaultLine" DESCRIPTION="line type DefaultLine"/><OtherTag ID="LT32" LABEL="HeadingLine" DESCRIPTION="line type HeadingLine"/><OtherTag ID="LT33" LABEL="InterlinearLine:addition" DESCRIPTION="line type InterlinearLine:addition"/><OtherTag ID="LT34" LABEL="InterlinearLine:correction" DESCRIPTION="line type InterlinearLine:correction"/>
  </Tags>
  <Layout>
    <Page WIDTH="2790"
          HEIGHT="3343"
          PHYSICAL_IMG_NR="53"
          ID="eSc_dummypage_">
      <PrintSpace HPOS="0"
                  VPOS="0"
                  WIDTH="2790"
                  HEIGHT="3343">
        <TextBlock HPOS="501"
                   VPOS="20"
                   WIDTH="2230"
                   HEIGHT="3317"
                   ID="6ea0ccb7-f2fe-4523-9b44-a8211a459af8"
                   TAGREFS="BT42">
          <Shape><Polygon POINTS="2731 20 2731 3337 501 3337 501 20"/></Shape>
          <TextLine ID="eSc_line_42ec39a4"
                    TAGREFS="LT31"
                    BASELINE="607 111 1884 108 2678 125" 
                    HPOS="607"
                    VPOS="47"
                    WIDTH="2071"
                    HEIGHT="109">
            <Shape><Polygon POINTS="2667 86 2656 80 2307 80 2293 75 2252 64 2249 64 2246 64 2187 75 2162 78 2137 72 2031 50 2029 50 1800 69 1730 75 1719 69 1708 61 1705 61 1702 61 1700 61 1650 69 1619 72 1611 66 1577 50 1574 50 1571 50 1482 66 1435 75 1385 66 1298 47 1254 47 1251 47 1248 47 1245 47 1223 64 1212 72 1170 64 1145 58 1142 58 1139 58 1123 64 1087 72 1061 61 1036 50 1034 50 1031 50 1028 50 1025 50 1011 61 995 72 967 61 930 47 928 47 925 47 922 47 891 61 875 66 861 58 838 47 836 47 833 47 643 55 632 61 607 75 607 111 607 147 688 130 1078 144 1081 144 1084 144 1117 133 1215 150 1218 150 1220 150 1223 150 1365 136 1382 150 1382 153 1385 153 1388 153 1390 153 1393 153 1399 153 1446 136 1544 153 1555 153 1558 156 1758 156 1758 153 1761 153 1822 136 1886 153 1889 153 1892 153 1895 153 1951 136 1992 150 1995 150 1998 150 2310 142 2357 156 2360 156 2363 156 2366 156 2369 156 2399 142 2672 156 2678 125 2675 86 2667 86"/></Shape>
	    <String CONTENT="glèse estait aussipuissante que jamais. Parmi les ouveur de"
                    HPOS="607"
                    VPOS="47"
                    WIDTH="2071"
                    HEIGHT="109"
                    WC="0.999035811020156"></String>
          </TextLine>
          <TextLine ID="eSc_line_d9755c51"
                    TAGREFS="LT34"
                    BASELINE="2302 80 2567 80" 
                    HPOS="2302"
                    VPOS="44"
                    WIDTH="265"
                    HEIGHT="67">
            <Shape><Polygon POINTS="2525 44 2497 44 2469 44 2441 44 2413 44 2385 44 2357 44 2330 44 2302 44 2302 80 2302 111 2567 111 2567 80 2567 44 2553 44"/></Shape>
	    <String CONTENT="travaille"
                    HPOS="2302"
                    VPOS="44"
                    WIDTH="265"
                    HEIGHT="67"
                    WC="0.9914730853504605"></String>
          </TextLine>
          <TextLine ID="eSc_line_19e80a58"
                    TAGREFS="LT31"
                    BASELINE="593 183 942 178 2698 211" 
                    HPOS="593"
                    VPOS="130"
                    WIDTH="2105"
                    HEIGHT="112">
            <Shape><Polygon POINTS="593 183 593 206 1279 206 1424 222 1443 222 1446 222 1477 222 1683 214 2692 242 2698 211 2692 156 2544 169 2402 153 2383 150 2380 150 2357 150 2224 164 1914 147 1753 139 1750 139 1683 144 1602 153 1519 144 1474 139 1471 139 1413 142 1340 147 1318 142 1282 130 1279 130 1276 130 593 133 593 183"/></Shape>
	    <String CONTENT="la grande industrie on ne surprend encore aucune idée de révol¬"
                    HPOS="593"
                    VPOS="130"
                    WIDTH="2105"
                    HEIGHT="112"
                    WC="0.9966694315274557"></String>
          </TextLine>
          <TextLine ID="eSc_line_06aa2f84"
                    TAGREFS="LT31"
                    BASELINE="599 259 1259 259 2670 286" 
                    HPOS="596"
                    VPOS="200"
                    WIDTH="2074"
                    HEIGHT="114">
            <Shape><Polygon POINTS="599 259 596 273 2664 314 2670 286 2664 231 2519 242 2444 228 2427 225 2424 225 2410 228 2349 239 1990 236 1976 222 1970 217 1967 217 1964 217 1962 217 1900 222 1811 231 1786 222 1769 214 1767 214 1764 214 1705 220 1638 228 1608 220 1583 211 1580 211 1577 211 1460 217 1379 222 1346 217 1284 206 1282 206 1279 206 1245 217 1231 220 1156 214 944 200 942 200 599 208 599 259"/></Shape>
	    <String CONTENT="te. S&#x27;il éclate ca et là des greons, si la mésère pousse parfois à̀ piller"
                    HPOS="596"
                    VPOS="200"
                    WIDTH="2074"
                    HEIGHT="114"
                    WC="0.9951051892461004"></String>
          </TextLine>
          <TextLine ID="eSc_line_fd7a76c5"
                    TAGREFS="LT31"
                    BASELINE="599 337 2700 362" 
                    HPOS="596"
                    VPOS="278"
                    WIDTH="2104"
                    HEIGHT="117">
            <Shape><Polygon POINTS="599 337 596 362 2695 395 2700 362 2700 323 2539 303 2536 303 2533 303 2483 317 2469 320 2196 317 2187 312 2176 300 2174 300 2171 300 2168 300 2165 300 2140 309 2123 314 1939 314 1923 306 1900 295 1898 295 1895 295 1856 303 1839 306 1820 303 1764 292 1761 292 1705 300 1647 309 1482 295 1460 295 1457 295 1443 295 1315 306 1296 292 1290 286 1287 286 1284 286 1282 286 1279 286 1262 292 1212 303 916 303 891 284 889 284 886 284 883 284 880 284 808 298 780 281 777 281 774 281 599 278 599 337"/></Shape>
	    <String CONTENT="des boutiques ou à brises des machines, ce ne sont que sursants mo¬"
                    HPOS="596"
                    VPOS="278"
                    WIDTH="2104"
                    HEIGHT="117"
                    WC="0.9943209570996902"></String>
          </TextLine>
          <TextLine ID="eSc_line_ca0b95e2"
                    TAGREFS="LT31"
                    BASELINE="590 412 1655 417 2692 437" 
                    HPOS="588"
                    VPOS="356"
                    WIDTH="2104"
                    HEIGHT="112">
            <Shape><Polygon POINTS="590 412 588 442 2686 468 2692 437 2692 392 2491 378 2488 378 2486 378 2463 390 2455 392 2438 390 2380 376 2377 376 2374 376 2344 387 2335 390 2299 387 2162 376 2160 376 2095 387 2082 387 2065 384 1981 370 1978 370 1789 384 1753 384 1714 381 1516 364 1513 364 1307 378 1284 378 1276 378 1204 362 1201 362 1056 376 1045 376 1039 376 961 359 958 359 850 373 794 356 791 356 788 356 785 356 755 373 590 373 590 412"/></Shape>
	    <String CONTENT="mentanés &lt;.......&gt;, agitations impulsivres et sans lendemain."
                    HPOS="588"
                    VPOS="356"
                    WIDTH="2104"
                    HEIGHT="112"
                    WC="0.9570735732062918"></String>
          </TextLine>
          <TextLine ID="eSc_line_7206490d"
                    TAGREFS="LT31"
                    BASELINE="590 493 2659 498" 
                    HPOS="588"
                    VPOS="454"
                    WIDTH="2071"
                    HEIGHT="86">
            <Shape><Polygon POINTS="590 493 588 512 680 534 682 534 869 518 905 537 908 537 911 537 1084 534 1087 534 1126 518 1268 537 1270 537 1388 523 1722 540 1725 540 1728 540 1772 520 1833 540 1836 540 1839 540 1842 540 1878 526 2168 540 2171 540 2174 540 2221 523 2519 537 2522 537 2656 520 2659 498 2656 456 590 454 590 493"/></Shape>
	    <String CONTENT="Ces pauvres gens n&#x27;attendent que du ciel &lt;..&gt; les"
                    HPOS="588"
                    VPOS="454"
                    WIDTH="2071"
                    HEIGHT="86"
                    WC="0.9823689180977491"></String>
          </TextLine>
          <TextLine ID="eSc_line_d8ad76e1"
                    TAGREFS="LT31"
                    BASELINE="588 576 2706 576" 
                    HPOS="588"
                    VPOS="523"
                    WIDTH="2118"
                    HEIGHT="95">
            <Shape><Polygon POINTS="588 576 588 598 1039 598 1053 598 1142 615 1145 615 1234 601 1237 601 1326 615 1329 615 1332 615 1371 601 1382 598 1407 601 1505 615 1507 618 1836 618 1836 615 1839 615 1878 604 1900 598 1925 604 1976 615 1978 615 1981 615 2026 604 2054 598 2137 604 2257 615 2260 615 2263 615 2291 607 2316 598 2703 607 2706 576 2706 540 1917 523 1914 523 1772 537 1753 523 1750 523 1747 523 1602 523 1599 523 1597 523 1569 537 1524 523 1521 523 1519 523 1516 523 1485 540 1293 540 1198 523 1195 523 1128 537 1017 523 1014 523 889 537 777 523 774 523 694 537 638 523 635 523 632 523 629 523 588 537 588 576"/></Shape>
	    <String CONTENT="remèdes à leur détresse. A Gand, en 1843, &lt;.......... .&gt;"
                    HPOS="588"
                    VPOS="523"
                    WIDTH="2118"
                    HEIGHT="95"
                    WC="0.9610853069706967"></String>
          </TextLine>
          <TextLine ID="eSc_line_8d224f87"
                    TAGREFS="LT31"
                    BASELINE="576 643 1505 651 2703 632" 
                    HPOS="576"
                    VPOS="585"
                    WIDTH="2127"
                    HEIGHT="97">
            <Shape><Polygon POINTS="576 674 1800 682 1803 682 2475 663 2603 676 2606 676 2700 657 2703 632 2698 593 2213 585 2210 585 2207 585 2182 593 2162 598 1976 593 1839 590 1836 590 1814 593 1761 604 1747 593 1742 590 1739 590 1736 590 1733 590 1697 593 1619 604 1546 596 1507 590 1505 590 1502 590 1493 596 1474 604 1452 596 1446 593 1443 593 1440 593 1404 596 1259 607 1206 596 1190 593 1187 593 1165 596 1092 607 1011 596 981 593 978 593 975 593 964 596 928 610 908 596 905 596 903 596 900 596 891 596 825 610 576 598 576 643 576 674"/></Shape>
	    <String CONTENT="&lt;........... ..&gt; des ouvriers d&#x27;une"
                    HPOS="576"
                    VPOS="585"
                    WIDTH="2127"
                    HEIGHT="97"
                    WC="0.9090556945119586"></String>
          </TextLine>
          <TextLine ID="eSc_line_1e56b79a"
                    TAGREFS="LT31"
                    BASELINE="579 715 2681 704" 
                    HPOS="576"
                    VPOS="660"
                    WIDTH="2105"
                    HEIGHT="97">
            <Shape><Polygon POINTS="579 715 585 757 607 743 975 752 1095 754 1098 754 1120 752 1173 741 1438 746 1624 752 1627 752 2678 732 2681 704 2672 660 576 665 579 715"/></Shape>
	    <String CONTENT="isine dangereuse ne voient d&#x27;autre moyen d&#x27;échapper aux accidents"
                    HPOS="576"
                    VPOS="660"
                    WIDTH="2105"
                    HEIGHT="97"
                    WC="0.9988634100327125"></String>
          </TextLine>
          <TextLine ID="eSc_line_24060ca2"
                    TAGREFS="LT31"
                    BASELINE="574 802 813 791 2639 791" 
                    HPOS="571"
                    VPOS="738"
                    WIDTH="2068"
                    HEIGHT="94">
            <Shape><Polygon POINTS="574 802 574 832 654 816 772 830 774 830 875 816 1234 816 1262 827 1265 830 1268 830 1270 830 1273 830 1279 827 1304 816 1351 827 1362 830 1365 830 1368 830 1371 830 1374 830 1376 827 1396 816 1452 827 1474 830 1477 830 1510 827 1591 816 1658 824 1694 830 1697 830 2636 816 2639 791 2633 741 1259 752 1251 752 1206 738 1204 738 1201 738 1198 738 1165 752 1159 752 1145 752 1011 738 1008 738 911 752 891 738 889 738 886 738 752 738 749 738 746 738 744 738 727 754 571 754 574 802"/></Shape>
	    <String CONTENT="que de faire dire des messes. Parles de suffrage universel à des"
                    HPOS="571"
                    VPOS="738"
                    WIDTH="2068"
                    HEIGHT="94"
                    WC="0.9996732253294724"></String>
          </TextLine>
          <TextLine ID="eSc_line_996e4efc"
                    TAGREFS="LT31"
                    BASELINE="576 874 1178 863 2678 869" 
                    HPOS="576"
                    VPOS="824"
                    WIDTH="2102"
                    HEIGHT="75">
            <Shape><Polygon POINTS="576 874 576 899 2675 894 2678 869 2675 830 576 824 576 874"/></Shape>
	    <String CONTENT="&lt;...&gt; masses si dociles, c est évidemment parler en pure porte. Leur"
                    HPOS="576"
                    VPOS="824"
                    WIDTH="2102"
                    HEIGHT="75"
                    WC="0.988974285476348"></String>
          </TextLine>
          <TextLine ID="eSc_line_0c4db70b"
                    TAGREFS="LT31"
                    BASELINE="585 947 1159 936 2650 941" 
                    HPOS="582"
                    VPOS="885"
                    WIDTH="2068"
                    HEIGHT="84">
            <Shape><Polygon POINTS="585 947 582 963 2645 969 2650 941 2647 902 1254 885 1251 885 1248 885 1245 885 1223 902 1061 902 1036 885 1034 885 1031 885 1028 885 961 899 908 885 905 885 903 885 797 899 752 885 749 885 746 885 585 899 585 947"/></Shape>
	    <String CONTENT="confier cette arme redoutable c&#x27;est plus évidemment encore &lt;&gt;"
                    HPOS="582"
                    VPOS="885"
                    WIDTH="2068"
                    HEIGHT="84"
                    WC="0.9763011101816521"></String>
          </TextLine>
          <TextLine ID="eSc_line_e0380674"
                    TAGREFS="LT31"
                    BASELINE="579 1014 2686 1019" 
                    HPOS="576"
                    VPOS="963"
                    WIDTH="2110"
                    HEIGHT="95">
            <Shape><Polygon POINTS="579 1014 576 1039 674 1055 677 1055 791 1041 799 1041 808 1041 944 1055 947 1055 950 1055 983 1041 986 1041 1000 1041 1120 1055 1123 1055 1218 1044 1237 1041 1243 1044 1270 1055 1273 1055 1276 1058 1588 1058 1588 1055 1591 1055 1594 1055 1605 1044 1611 1041 1627 1044 1677 1058 1680 1058 1683 1058 2684 1050 2686 1019 2684 983 2572 966 2569 966 2288 980 2238 980 2215 977 2115 966 2112 966 2109 966 2082 977 2073 980 2006 977 1820 966 1817 966 1814 966 1811 966 1800 975 1794 983 1633 983 1613 975 1577 963 1574 963 1571 963 1569 963 1532 975 1516 980 1321 980 1309 972 1298 963 1296 963 1293 963 1290 963 1215 972 1162 977 579 969 579 1014"/></Shape>
	    <String CONTENT="les pousser à n&#x27;en faire usage que contre elles mêmes. De Pother le p&gt;"
                    HPOS="576"
                    VPOS="963"
                    WIDTH="2110"
                    HEIGHT="95"
                    WC="0.9942458817656611"></String>
          </TextLine>
          <TextLine ID="eSc_line_de7a2f6a"
                    TAGREFS="LT34"
                    BASELINE="608 1054 918 1056" 
                    HPOS="608"
                    VPOS="1054"
                    WIDTH="310"
                    HEIGHT="2">
	    <String CONTENT=""
                    HPOS="608"
                    VPOS="1054"
                    WIDTH="310"
                    HEIGHT="2"></String>
          </TextLine>
          <TextLine ID="eSc_line_7a9c187d"
                    TAGREFS="LT31"
                    BASELINE="576 1097 2667 1086" 
                    HPOS="574"
                    VPOS="1044"
                    WIDTH="2093"
                    HEIGHT="87">
            <Shape><Polygon POINTS="576 1097 576 1131 2667 1119 2667 1086 2661 1044 1098 1044 1095 1044 880 1058 607 1047 604 1047 602 1047 574 1058 576 1097"/></Shape>
	    <String CONTENT="&lt;..&gt; quelues années plustard&quot;Rialisé dans l&#x27;état actuel des"
                    HPOS="574"
                    VPOS="1044"
                    WIDTH="2093"
                    HEIGHT="87"
                    WC="0.9810157711223021"></String>
          </TextLine>
          <TextLine ID="eSc_line_f8f71c51"
                    TAGREFS="LT31"
                    BASELINE="571 1172 2656 1167" 
                    HPOS="568"
                    VPOS="1111"
                    WIDTH="2088"
                    HEIGHT="109">
            <Shape><Polygon POINTS="571 1172 571 1197 685 1197 694 1200 755 1217 758 1217 760 1217 869 1200 889 1197 1050 1197 1056 1200 1095 1217 1098 1217 1100 1217 1103 1217 1131 1203 1257 1217 1259 1217 1335 1200 1337 1200 1360 1217 1362 1217 1365 1217 1368 1220 1546 1220 1546 1217 1549 1217 1580 1200 1602 1217 1605 1217 1608 1217 1611 1217 1613 1217 1675 1200 1700 1195 1733 1200 1811 1214 1814 1214 1817 1214 1850 1200 1861 1197 1892 1200 1998 1214 2001 1214 2143 1200 2190 1197 2232 1200 2349 1214 2352 1214 2463 1200 2528 1195 2650 1200 2656 1167 2647 1111 2533 1128 2204 1114 2157 1114 2154 1114 2151 1114 2146 1114 2107 1128 1917 1117 1878 1117 1875 1117 1716 1119 1290 1131 1209 1125 1092 1117 1089 1117 1087 1117 1084 1117 1073 1128 1070 1131 1056 1128 1022 1117 1020 1117 1017 1117 855 1128 825 1131 822 1131 805 1117 802 1117 799 1117 674 1117 671 1117 568 1131 571 1172"/></Shape>
	    <String CONTENT="intelligences, écrit-il, le suffrage niversel n&#x27;engendrerait que l&#x27;a¬"
                    HPOS="568"
                    VPOS="1111"
                    WIDTH="2088"
                    HEIGHT="109"
                    WC="0.9902736587800841"></String>
          </TextLine>
          <TextLine ID="eSc_line_ac3eb38e"
                    TAGREFS="LT31"
                    BASELINE="568 1248 2647 1242" 
                    HPOS="565"
                    VPOS="1197"
                    WIDTH="2082"
                    HEIGHT="81">
            <Shape><Polygon POINTS="568 1248 568 1275 2642 1278 2647 1242 2642 1206 565 1197 568 1248"/></Shape>
	    <String CONTENT="narchie. &lt;...... ..... .. .. ..   ..s"
                    HPOS="565"
                    VPOS="1197"
                    WIDTH="2082"
                    HEIGHT="81"
                    WC="0.9050131891224835"></String>
          </TextLine>
          <TextLine ID="eSc_line_64a47ce6"
                    TAGREFS="LT31"
                    BASELINE="563 1335 2661 1314" 
                    HPOS="560"
                    VPOS="1264"
                    WIDTH="2101"
                    HEIGHT="101">
            <Shape><Polygon POINTS="563 1351 1078 1365 1081 1365 1084 1365 1087 1365 1087 1362 1100 1351 1544 1362 1546 1362 1644 1345 1661 1345 1714 1345 2062 1359 2065 1359 2068 1359 2126 1345 2137 1342 2176 1342 2397 1356 2399 1356 2659 1339 2661 1314 2653 1264 560 1275 563 1326"/></Shape>
	    <String CONTENT="&lt;...&gt;... Le peuple n&#x27;avait ni les lumières ni la force de volouté indis¬"
                    HPOS="560"
                    VPOS="1264"
                    WIDTH="2101"
                    HEIGHT="101"
                    WC="0.9930854787429174"></String>
          </TextLine>
          <TextLine ID="eSc_line_68254346"
                    TAGREFS="LT31"
                    BASELINE="568 1412 2664 1398" 
                    HPOS="565"
                    VPOS="1348"
                    WIDTH="2099"
                    HEIGHT="100">
            <Shape><Polygon POINTS="568 1412 571 1448 604 1434 2661 1434 2664 1398 2659 1365 2318 1365 2260 1348 2257 1348 2254 1348 2252 1348 2182 1365 2179 1365 2162 1365 1867 1353 1864 1353 1861 1353 1825 1367 1820 1370 1563 1370 1558 1367 1493 1353 1491 1353 1413 1367 1396 1370 1354 1367 1167 1356 1165 1356 1162 1356 1159 1356 1145 1370 1142 1373 565 1373 568 1412"/></Shape>
	    <String CONTENT="peusables pour réduire ses ad versaires au sileuce et les ranger du"
                    HPOS="565"
                    VPOS="1348"
                    WIDTH="2099"
                    HEIGHT="100"
                    WC="0.990619196820615"></String>
          </TextLine>
          <TextLine ID="eSc_line_d2692999"
                    TAGREFS="LT31"
                    BASELINE="568 1490 1683 1490 2656 1468" 
                    HPOS="565"
                    VPOS="1420"
                    WIDTH="2091"
                    HEIGHT="117">
            <Shape><Polygon POINTS="568 1490 568 1518 780 1529 783 1529 841 1518 858 1515 864 1518 897 1534 900 1534 903 1537 1126 1537 1126 1534 1206 1515 1223 1512 1229 1515 1251 1532 1254 1532 1257 1532 1259 1534 1407 1534 1407 1532 1410 1532 1480 1515 1502 1509 1783 1509 1797 1512 1842 1526 1845 1526 1847 1526 1937 1512 1973 1507 1981 1512 2001 1523 2004 1523 2006 1523 2009 1523 2112 1512 2176 1501 2302 1501 2332 1509 2369 1521 2371 1521 2374 1521 2458 1509 2539 1498 2650 1507 2656 1468 2647 1420 2516 1440 2338 1423 2313 1423 2310 1423 2299 1426 2224 1443 2070 1429 2034 1426 2031 1426 2029 1426 2017 1429 1967 1445 1753 1434 1744 1434 1742 1434 1716 1434 1290 1451 1273 1440 1265 1434 1262 1434 1259 1434 1151 1434 1148 1434 1075 1445 1008 1454 961 1445 908 1437 905 1437 565 1451 568 1490"/></Shape>
	    <String CONTENT="devoir. La république, p le reconnais aujourd&#x27;lui était impessi¬"
                    HPOS="565"
                    VPOS="1420"
                    WIDTH="2091"
                    HEIGHT="117"
                    WC="0.9957135654985905"></String>
          </TextLine>
          <TextLine ID="eSc_line_48e93e4c"
                    TAGREFS="LT31"
                    BASELINE="563 1565 1044 1572 1045 1572 2661 1557" 
                    HPOS="560"
                    VPOS="1507"
                    WIDTH="2101"
                    HEIGHT="103">
            <Shape><Polygon POINTS="563 1593 1159 1610 1162 1610 1290 1596 1365 1607 1368 1607 1371 1607 1374 1607 1390 1593 1468 1607 1471 1607 1474 1607 1477 1607 1502 1593 1505 1590 1527 1593 1663 1607 1666 1607 2659 1587 2661 1557 2653 1507 560 1521 563 1565"/></Shape>
	    <String CONTENT="ble&quot;. vrat feut-être cette apattie du peuple belge &lt;... ....&gt; a-t¬"
                    HPOS="560"
                    VPOS="1507"
                    WIDTH="2101"
                    HEIGHT="103"
                    WC="0.9667723576227824"></String>
          </TextLine>
          <TextLine ID="eSc_line_935cf379"
                    TAGREFS="LT31"
                    BASELINE="551 1640 2675 1640" 
                    HPOS="551"
                    VPOS="1582"
                    WIDTH="2124"
                    HEIGHT="95">
            <Shape><Polygon POINTS="551 1640 551 1663 2672 1677 2675 1640 2675 1599 2606 1582 2603 1582 2600 1582 2519 1599 2475 1582 2472 1582 2469 1582 2015 1599 1992 1582 1990 1582 1987 1582 1903 1582 1900 1582 1898 1582 1895 1582 1873 1601 1778 1601 1644 1582 1641 1582 1516 1601 1349 1601 1323 1585 1321 1585 1318 1585 1315 1585 1312 1585 1309 1585 1290 1601 830 1601 604 1582 602 1582 599 1582 551 1599 551 1640"/></Shape>
	    <String CONTENT="elle été pour beaucoup dans les tendances francaptiles de Gendebien"
                    HPOS="551"
                    VPOS="1582"
                    WIDTH="2124"
                    HEIGHT="95"
                    WC="0.9920460457232461"></String>
          </TextLine>
          <TextLine ID="eSc_line_4ebbbe3f"
                    TAGREFS="LT31"
                    BASELINE="554 1716 1287 1727 2656 1710" 
                    HPOS="551"
                    VPOS="1654"
                    WIDTH="2105"
                    HEIGHT="106">
            <Shape><Polygon POINTS="554 1716 554 1746 950 1760 953 1760 2653 1735 2656 1710 2650 1674 2491 1654 2488 1654 2374 1674 2366 1674 2338 1674 1948 1657 1945 1657 1942 1657 1939 1657 1914 1677 1906 1677 1825 1660 1822 1660 1820 1660 1817 1660 1792 1677 1789 1677 1764 1677 1485 1663 1482 1663 1480 1663 1477 1663 1460 1677 1454 1682 1279 1682 1270 1679 1201 1663 1198 1663 1195 1663 1156 1679 1153 1679 1103 1679 593 1665 590 1665 588 1665 551 1679 554 1716"/></Shape>
	    <String CONTENT="et de ses partisans. Ils attendisent sans doute de la déuocratie fran¬"
                    HPOS="551"
                    VPOS="1654"
                    WIDTH="2105"
                    HEIGHT="106"
                    WC="0.9867771557399205"></String>
          </TextLine>
          <TextLine ID="eSc_line_b3ed50c6"
                    TAGREFS="LT31"
                    BASELINE="549 1799 1243 1805 2608 1780" 
                    HPOS="546"
                    VPOS="1727"
                    WIDTH="2062"
                    HEIGHT="114">
            <Shape><Polygon POINTS="549 1799 549 1835 905 1841 908 1841 975 1830 1014 1824 1070 1827 1190 1838 1192 1838 1268 1824 1293 1821 1301 1824 1326 1835 1329 1835 1332 1835 1597 1833 1881 1816 1931 1813 1967 1813 2210 1824 2213 1824 2215 1824 2260 1808 2268 1808 2293 1808 2480 1821 2483 1821 2606 1802 2608 1780 2606 1743 2547 1727 2544 1727 2541 1727 2302 1743 2263 1746 2249 1743 2176 1732 2174 1732 2073 1746 2043 1749 1998 1746 1853 1735 1850 1735 1847 1735 1814 1749 1800 1752 1747 1749 1619 1738 1616 1738 1555 1749 1524 1755 1482 1749 1410 1741 1407 1741 1404 1741 1401 1741 1388 1752 1371 1757 546 1757 549 1799"/></Shape>
	    <String CONTENT="çaise la réalisation de rréi leur idéal. &lt;...............&gt;"
                    HPOS="546"
                    VPOS="1727"
                    WIDTH="2062"
                    HEIGHT="114"
                    WC="0.9713733216811871"></String>
          </TextLine>
          <TextLine ID="eSc_line_ed106435"
                    TAGREFS="LT31"
                    BASELINE="546 1877 1022 1883 2656 1852" 
                    HPOS="543"
                    VPOS="1796"
                    WIDTH="2113"
                    HEIGHT="129">
            <Shape><Polygon POINTS="546 1877 546 1908 710 1925 713 1925 836 1908 1510 1911 1513 1911 1516 1911 1574 1894 1652 1908 1655 1908 1814 1891 1937 1902 1939 1902 1942 1902 1970 1888 2243 1899 2246 1899 2249 1899 2291 1883 2374 1897 2377 1897 2380 1897 2433 1880 2583 1894 2586 1894 2589 1894 2656 1874 2656 1852 2647 1796 2408 1819 2346 1805 2344 1805 2341 1805 2338 1805 2285 1819 2243 1802 2240 1802 2238 1802 2235 1802 2187 1821 1298 1821 1296 1821 1293 1821 1290 1821 1268 1838 1042 1841 961 1827 958 1827 855 1844 799 1827 797 1827 794 1827 543 1827 546 1877"/></Shape>
	    <String CONTENT="1. .............. ... .. .. . .........&gt;"
                    HPOS="543"
                    VPOS="1796"
                    WIDTH="2113"
                    HEIGHT="129"
                    WC="0.8674528688192368"></String>
          </TextLine>
          <TextLine ID="eSc_line_6844b7ab"
                    TAGREFS="LT31"
                    BASELINE="540 1964 2645 1927" 
                    HPOS="537"
                    VPOS="1880"
                    WIDTH="2108"
                    HEIGHT="117">
            <Shape><Polygon POINTS="540 1964 540 1986 808 1997 811 1997 883 1980 894 1980 900 1980 978 1997 981 1997 983 1997 1022 1980 1042 1994 1045 1994 1047 1994 1050 1994 1053 1994 1095 1980 1301 1991 1304 1991 1390 1975 1488 1989 1491 1989 1493 1989 1558 1972 1669 1986 1672 1986 2642 1950 2645 1927 2639 1891 2488 1880 2486 1880 2394 1894 2388 1894 2383 1894 2316 1880 2313 1880 2232 1894 2015 1886 2012 1886 2009 1886 1956 1902 1951 1902 1945 1902 1861 1888 1859 1888 1730 1905 1700 1891 1697 1891 1694 1891 1691 1891 1689 1891 1663 1908 1661 1911 1440 1911 1413 1897 1410 1897 1407 1897 629 1925 563 1911 560 1911 557 1911 554 1911 537 1919 540 1964"/></Shape>
	    <String CONTENT="&lt;......... .. .. ....&gt;"
                    HPOS="537"
                    VPOS="1880"
                    WIDTH="2108"
                    HEIGHT="117"
                    WC="0.9086106284098192"></String>
          </TextLine>
          <TextLine ID="eSc_line_a953fd98"
                    TAGREFS="LT31"
                    BASELINE="532 2039 1287 2039 2647 2003" 
                    HPOS="529"
                    VPOS="1958"
                    WIDTH="2118"
                    HEIGHT="128">
            <Shape><Polygon POINTS="532 2039 532 2069 730 2069 799 2086 802 2086 805 2086 930 2083 933 2083 964 2067 983 2081 986 2081 989 2081 992 2081 1078 2067 1332 2075 1335 2075 1337 2075 1340 2075 1340 2072 1357 2058 1744 2067 1747 2067 1864 2050 1892 2064 1895 2064 1898 2064 2037 2042 2040 2042 2068 2058 2070 2058 2073 2058 2076 2058 2079 2058 2137 2039 2355 2036 2539 2050 2541 2050 2647 2028 2647 2003 2639 1969 2514 1972 2505 1969 2488 1958 2486 1958 2483 1958 2480 1958 2385 1972 2357 1975 2349 1972 2324 1961 2321 1961 2318 1961 2316 1961 2313 1961 2302 1972 2293 1980 2154 1980 2126 1975 2054 1961 2051 1961 2048 1961 2006 1977 1990 1983 1948 1977 1864 1966 1861 1966 1859 1966 1856 1966 1842 1980 1831 1989 1747 1989 1694 1980 1624 1972 1622 1972 1619 1972 1585 1983 1558 1994 1340 2000 1178 2000 1134 1989 1092 1980 1089 1980 1087 1980 1056 1991 1022 2003 1008 1991 1000 1983 997 1983 995 1983 992 1983 989 1983 972 1991 953 2003 925 1991 911 1989 908 1989 905 1989 903 1989 886 1994 855 2003 844 1994 833 1986 830 1986 827 1986 825 1986 529 1997 532 2039"/></Shape>
	    <String CONTENT="&lt;. ... ....... .. ........&gt;"
                    HPOS="529"
                    VPOS="1958"
                    WIDTH="2118"
                    HEIGHT="128"
                    WC="0.871548937426673"></String>
          </TextLine>
          <TextLine ID="eSc_line_295ba092"
                    TAGREFS="LT31"
                    BASELINE="540 2120 2625 2089" 
                    HPOS="537"
                    VPOS="2039"
                    WIDTH="2088"
                    HEIGHT="103">
            <Shape><Polygon POINTS="540 2120 540 2142 1864 2139 1867 2139 1925 2122 2017 2122 2263 2117 2266 2117 2293 2131 2296 2131 2299 2131 2302 2131 2305 2131 2321 2117 2324 2117 2332 2117 2438 2128 2441 2128 2622 2111 2625 2089 2619 2053 2480 2039 2477 2039 2168 2055 2146 2042 2143 2042 2140 2042 2137 2042 1867 2061 1856 2061 1845 2061 1530 2053 1527 2053 1524 2053 1482 2067 1480 2069 1284 2069 1159 2069 1109 2055 1106 2055 1103 2055 833 2075 830 2075 827 2075 727 2061 724 2061 721 2061 668 2078 666 2078 663 2078 576 2064 574 2064 571 2064 537 2075 540 2120"/></Shape>
	    <String CONTENT="&lt;.... ... .... ...... . . .. . . .&gt;"
                    HPOS="537"
                    VPOS="2039"
                    WIDTH="2088"
                    HEIGHT="103"
                    WC="0.8297542367662702"></String>
          </TextLine>
          <TextLine ID="eSc_line_4610ebf3"
                    TAGREFS="LT31"
                    BASELINE="540 2192 2656 2161" 
                    HPOS="537"
                    VPOS="2111"
                    WIDTH="2119"
                    HEIGHT="123">
            <Shape><Polygon POINTS="540 2192 540 2217 727 2234 730 2234 930 2214 1028 2228 1031 2228 1142 2211 1162 2225 1165 2225 1167 2225 1170 2225 1438 2223 1530 2206 1689 2217 1691 2217 1889 2198 1917 2198 1951 2198 2249 2211 2252 2211 2653 2186 2656 2161 2653 2128 2614 2111 2611 2111 2608 2111 2452 2128 2447 2128 2444 2128 2285 2114 2282 2114 2213 2131 2204 2131 2193 2131 2079 2117 2076 2117 2073 2117 2040 2131 2034 2133 2009 2131 1925 2122 1923 2122 1920 2122 1884 2133 1867 2139 1427 2142 1388 2136 1343 2128 1340 2128 1337 2128 1335 2128 1323 2136 1312 2142 1279 2136 1245 2131 1243 2131 1148 2136 992 2147 969 2139 958 2133 956 2133 953 2133 950 2133 947 2133 942 2139 925 2147 841 2139 808 2136 805 2136 783 2139 696 2153 537 2142 540 2192"/></Shape>
	    <String CONTENT="&lt;.que .. ... ..... ... ... . .. ...&gt; La propegande"
                    HPOS="537"
                    VPOS="2111"
                    WIDTH="2119"
                    HEIGHT="123"
                    WC="0.8678639960289002"></String>
          </TextLine>
          <TextLine ID="eSc_line_f6d9fc06"
                    TAGREFS="LT31"
                    BASELINE="543 2267 2656 2223" 
                    HPOS="540"
                    VPOS="2181"
                    WIDTH="2116"
                    HEIGHT="128">
            <Shape><Polygon POINTS="543 2267 543 2309 677 2292 777 2303 802 2306 805 2306 808 2306 819 2303 864 2289 1089 2295 1190 2298 1192 2298 1257 2292 1376 2278 1429 2287 1463 2292 1466 2292 1532 2284 1602 2276 1652 2281 1702 2287 1705 2287 1708 2287 1711 2287 1719 2278 1736 2270 1797 2278 1859 2284 1861 2284 1934 2273 1998 2264 2054 2270 2123 2278 2126 2278 2653 2253 2656 2223 2647 2181 540 2228 543 2267"/></Shape>
	    <String CONTENT="que des agitateurs &lt;..... .... .... . parisiens teu¬"
                    HPOS="540"
                    VPOS="2181"
                    WIDTH="2116"
                    HEIGHT="128"
                    WC="0.9230489031626627"></String>
          </TextLine>
          <TextLine ID="eSc_line_f9f3a263"
                    TAGREFS="LT31"
                    BASELINE="535 2337 1438 2337 2645 2295" 
                    HPOS="532"
                    VPOS="2250"
                    WIDTH="2113"
                    HEIGHT="129">
            <Shape><Polygon POINTS="535 2337 535 2365 850 2376 852 2376 855 2376 894 2362 897 2362 903 2362 978 2379 981 2379 983 2379 1031 2362 1045 2356 1145 2359 1410 2370 1413 2370 1747 2354 1912 2345 1973 2351 2034 2356 2037 2356 2076 2351 2171 2331 2458 2340 2461 2340 2544 2323 2642 2342 2645 2295 2639 2259 2385 2250 2383 2250 2380 2250 2355 2262 2349 2267 2344 2262 2327 2250 2324 2250 2321 2250 2318 2250 2157 2253 2082 2267 2037 2276 1962 2270 1917 2267 1914 2267 1912 2267 1909 2267 1909 2270 1906 2270 1898 2281 1875 2273 1864 2267 1861 2267 1859 2267 1817 2273 1742 2284 1708 2276 1672 2264 1669 2264 1666 2264 1663 2264 1661 2264 1661 2267 1650 2276 1636 2287 1580 2278 1563 2276 1560 2276 1505 2278 1270 2295 1059 2287 905 2281 903 2281 900 2281 897 2281 883 2289 861 2303 805 2292 777 2287 774 2287 532 2295 535 2337"/></Shape>
	    <String CONTENT="tèrent en 1834 au sein du peuple beuxellais soulevé contre les Oran¬"
                    HPOS="532"
                    VPOS="2250"
                    WIDTH="2113"
                    HEIGHT="129"
                    WC="0.992195024209864"></String>
          </TextLine>
          <TextLine ID="eSc_line_d9d53e98"
                    TAGREFS="LT34"
                    BASELINE="1971 2357 2053 2354" 
                    HPOS="1971"
                    VPOS="2354"
                    WIDTH="82"
                    HEIGHT="3">
	    <String CONTENT=""
                    HPOS="1971"
                    VPOS="2354"
                    WIDTH="82"
                    HEIGHT="3"></String>
          </TextLine>
          <TextLine ID="eSc_line_ce89dc4b"
                    TAGREFS="LT31"
                    BASELINE="537 2420 2597 2387" 
                    HPOS="535"
                    VPOS="2331"
                    WIDTH="2062"
                    HEIGHT="128">
            <Shape><Polygon POINTS="537 2420 537 2459 710 2437 1220 2448 1223 2448 1524 2429 1560 2443 1563 2443 1566 2443 1736 2440 1739 2440 1806 2420 1992 2434 1995 2434 2104 2415 2249 2432 2252 2432 2441 2409 2592 2426 2597 2387 2592 2348 2436 2331 2433 2331 2327 2348 2082 2337 2079 2337 2076 2337 2073 2337 2045 2354 1822 2342 1820 2342 1700 2359 1647 2345 1644 2345 1641 2345 1638 2345 1636 2345 1619 2359 1555 2348 1552 2348 1388 2365 707 2359 705 2359 535 2379 537 2420"/></Shape>
	    <String CONTENT="gistes, l&#x27;immixtion de socialistes &lt;............&gt;, l&#x27;apparition"
                    HPOS="535"
                    VPOS="2331"
                    WIDTH="2062"
                    HEIGHT="128"
                    WC="0.9469027604375567"></String>
          </TextLine>
          <TextLine ID="eSc_line_669fea85"
                    TAGREFS="LT31"
                    BASELINE="526 2501 2653 2468" 
                    HPOS="523"
                    VPOS="2418"
                    WIDTH="2130"
                    HEIGHT="111">
            <Shape><Polygon POINTS="526 2501 526 2521 1176 2529 1178 2529 1329 2515 1438 2507 1597 2512 1761 2521 1764 2521 1903 2512 2123 2496 2249 2496 2268 2510 2271 2512 2274 2512 2277 2512 2279 2512 2282 2512 2296 2507 2349 2493 2399 2507 2402 2507 2405 2507 2650 2504 2653 2468 2645 2418 523 2454 526 2501"/></Shape>
	    <String CONTENT="du drapeau rougé dans les émentes qui troublèrent alors la capi¬"
                    HPOS="523"
                    VPOS="2418"
                    WIDTH="2130"
                    HEIGHT="111"
                    WC="0.9914983389899135"></String>
          </TextLine>
          <TextLine ID="eSc_line_91535778"
                    TAGREFS="LT31"
                    BASELINE="523 2579 2661 2546" 
                    HPOS="521"
                    VPOS="2493"
                    WIDTH="2140"
                    HEIGHT="122">
            <Shape><Polygon POINTS="523 2579 523 2601 668 2615 671 2615 674 2615 719 2601 730 2599 794 2601 1022 2610 1025 2610 1081 2599 1095 2596 1245 2596 1585 2599 1588 2599 1591 2599 1594 2599 1602 2593 1613 2585 1630 2593 1644 2599 1647 2599 1650 2599 1652 2599 1655 2599 1663 2593 1675 2585 1702 2593 1728 2599 1730 2599 1733 2599 1820 2590 1948 2579 2659 2582 2661 2546 2656 2510 2555 2493 2553 2493 2477 2510 2458 2512 2371 2510 2213 2504 2210 2504 2146 2512 2084 2518 2040 2512 1962 2498 1959 2498 1956 2498 1953 2498 1953 2501 1939 2512 1928 2523 1842 2523 1825 2512 1800 2501 1797 2501 1794 2501 1792 2501 1789 2501 1772 2512 1753 2523 1714 2512 1677 2504 1675 2504 1672 2504 1669 2504 1652 2512 1630 2526 1376 2529 1309 2515 1304 2515 1301 2515 1293 2515 1198 2532 1103 2515 1073 2512 1070 2512 1045 2518 961 2535 933 2518 930 2515 928 2515 925 2515 922 2515 875 2518 674 2532 521 2521 523 2579"/></Shape>
	    <String CONTENT="tale, semblent bien indiquer uncentente ou tout au moins une com¬"
                    HPOS="521"
                    VPOS="2493"
                    WIDTH="2140"
                    HEIGHT="122"
                    WC="0.9954875900195195"></String>
          </TextLine>
          <TextLine ID="eSc_line_6c1e19df"
                    TAGREFS="LT31"
                    BASELINE="523 2652 2636 2624" 
                    HPOS="521"
                    VPOS="2568"
                    WIDTH="2115"
                    HEIGHT="117">
            <Shape><Polygon POINTS="523 2652 523 2674 1126 2685 1128 2685 1393 2668 1493 2663 1574 2668 1728 2677 1730 2677 1733 2677 1761 2666 1775 2660 1845 2666 1962 2674 1964 2674 1967 2674 2001 2663 2031 2654 2073 2663 2115 2671 2118 2671 2162 2663 2218 2652 2631 2657 2636 2624 2633 2590 2567 2568 2564 2568 2424 2568 2422 2568 2419 2568 2416 2568 2394 2582 2226 2571 2224 2571 2221 2571 2168 2593 2165 2593 2160 2593 2020 2574 2017 2574 1892 2576 1889 2576 1886 2576 1859 2596 1856 2596 1792 2576 1789 2576 1786 2576 1700 2596 1686 2599 1663 2596 1583 2588 1580 2588 1577 2588 1574 2588 1574 2590 1566 2599 1563 2601 1558 2599 1530 2585 1527 2585 1524 2585 1521 2585 1519 2585 1502 2599 1496 2601 1399 2599 1209 2593 1206 2593 1092 2601 1006 2607 992 2601 972 2593 969 2593 967 2593 964 2593 936 2601 914 2610 894 2601 861 2590 858 2590 855 2590 780 2604 727 2613 521 2607 523 2652"/></Shape>
	    <String CONTENT="munauté de tendances parmi les agitaleurs des deux côtés de la fron¬"
                    HPOS="521"
                    VPOS="2568"
                    WIDTH="2115"
                    HEIGHT="117"
                    WC="0.9991347404087291"></String>
          </TextLine>
          <TextLine ID="eSc_line_a6af8afe"
                    TAGREFS="LT31"
                    BASELINE="526 2735 2675 2707" 
                    HPOS="523"
                    VPOS="2654"
                    WIDTH="2152"
                    HEIGHT="112">
            <Shape><Polygon POINTS="526 2735 526 2766 2672 2744 2675 2707 2670 2668 2511 2654 2508 2654 2505 2654 2463 2671 2458 2671 2444 2671 2330 2657 2327 2657 2324 2657 2321 2657 2302 2671 2254 2657 2252 2657 2249 2657 2135 2674 2132 2677 1886 2679 1700 2679 1652 2666 1650 2666 1647 2666 1560 2682 1558 2682 1549 2682 1095 2674 1092 2674 1089 2674 1087 2674 1064 2688 972 2674 969 2674 967 2674 925 2691 785 2677 783 2677 780 2677 710 2693 568 2679 565 2679 563 2679 523 2693 526 2735"/></Shape>
	    <String CONTENT="tière. A partis de 1835 cependant l&#x27;affermissement du gouvernement"
                    HPOS="523"
                    VPOS="2654"
                    WIDTH="2152"
                    HEIGHT="112"
                    WC="0.9867919123534"></String>
          </TextLine>
          <TextLine ID="eSc_line_b2cac854"
                    TAGREFS="LT31"
                    BASELINE="526 2822 1251 2822 2619 2791" 
                    HPOS="523"
                    VPOS="2741"
                    WIDTH="2096"
                    HEIGHT="120">
            <Shape><Polygon POINTS="526 2822 526 2847 847 2844 852 2844 997 2861 1000 2861 1566 2833 1647 2830 1666 2833 1781 2847 1783 2847 1786 2847 1847 2830 1856 2827 1889 2827 2115 2841 2118 2841 2619 2816 2619 2791 2611 2746 2324 2760 2307 2749 2296 2741 2293 2741 2291 2741 2288 2741 2285 2741 2282 2741 2271 2749 2257 2760 2196 2763 2176 2752 2171 2746 2168 2746 2165 2746 2162 2746 2160 2746 2143 2752 2107 2766 2062 2755 2045 2749 2043 2749 2040 2749 2037 2749 2034 2749 2029 2755 2015 2766 1992 2755 1990 2755 1987 2755 1984 2755 1981 2755 1978 2755 1925 2769 1867 2757 1839 2752 1836 2752 1833 2752 1820 2757 1792 2774 1650 2774 1619 2760 1602 2755 1599 2755 1597 2755 1594 2755 1569 2760 1538 2771 1510 2763 1485 2755 1482 2755 1480 2755 1477 2755 1460 2763 1435 2777 1415 2763 1410 2760 1407 2760 1404 2760 1401 2760 1399 2760 1396 2760 1390 2766 1368 2777 1173 2769 1159 2769 1156 2769 1153 2769 1151 2769 1134 2785 1000 2785 944 2771 922 2766 919 2766 916 2766 523 2777 526 2822"/></Shape>
	    <String CONTENT="de Louis. Phelippe ne permit plus de compter sur l&#x27;appui &lt;... ....&gt;"
                    HPOS="523"
                    VPOS="2741"
                    WIDTH="2096"
                    HEIGHT="120"
                    WC="0.9618665068896849"></String>
          </TextLine>
          <TextLine ID="eSc_line_022baaf2"
                    TAGREFS="LT31"
                    BASELINE="523 2905 2606 2883" 
                    HPOS="521"
                    VPOS="2824"
                    WIDTH="2085"
                    HEIGHT="120">
            <Shape><Polygon POINTS="523 2905 523 2944 632 2930 763 2941 780 2941 783 2941 791 2941 858 2927 1003 2936 1039 2939 1042 2939 1045 2939 1050 2936 1073 2925 1385 2930 1552 2933 1555 2933 1599 2927 1655 2919 1842 2922 2082 2927 2084 2927 2087 2927 2107 2919 2118 2913 2176 2916 2299 2925 2302 2925 2603 2908 2606 2883 2597 2844 2369 2844 2366 2844 2341 2824 2338 2824 2335 2824 2332 2824 2330 2824 2249 2844 2238 2847 2182 2847 1814 2830 1811 2830 1808 2830 1775 2849 1767 2852 1761 2849 1728 2833 1725 2833 1722 2833 1719 2833 1716 2833 1697 2849 1691 2852 1611 2849 1296 2835 1293 2835 1290 2835 1231 2852 1209 2858 1184 2852 1120 2838 1117 2838 1047 2852 1014 2861 989 2855 944 2841 942 2841 939 2841 838 2855 830 2855 825 2855 780 2841 777 2841 774 2841 772 2841 769 2841 749 2855 741 2861 727 2855 694 2844 691 2844 688 2844 685 2844 682 2844 668 2855 657 2866 585 2866 574 2858 560 2844 557 2844 554 2844 551 2844 549 2844 521 2852 523 2905"/></Shape>
	    <String CONTENT="&lt;...... .. .. .. .. ..&gt; des éléments révolutionnaires"
                    HPOS="521"
                    VPOS="2824"
                    WIDTH="2085"
                    HEIGHT="120"
                    WC="0.9234782417990127"></String>
          </TextLine>
          <TextLine ID="eSc_line_dff00d14"
                    TAGREFS="LT31"
                    BASELINE="512 2989 2624 2984" 
                    HPOS="510"
                    VPOS="2913"
                    WIDTH="2112"
                    HEIGHT="104">
            <Shape><Polygon POINTS="512 3017 2619 3005 2622 2975 2614 2936 2522 2936 2519 2936 2483 2919 2480 2919 2477 2919 2475 2919 2472 2919 2452 2933 2369 2922 2366 2922 2238 2936 2204 2913 2201 2913 2199 2913 2196 2913 2193 2913 2109 2939 2104 2939 2098 2939 1992 2916 1990 2916 1987 2916 1942 2939 1906 2922 1903 2922 1900 2922 1898 2922 1895 2922 1873 2939 1794 2925 1792 2925 1789 2925 1755 2941 1753 2941 1705 2919 1702 2919 1700 2919 1449 2936 1382 2919 1379 2919 1376 2919 1374 2919 1371 2919 1346 2941 1215 2944 1173 2944 1170 2944 1134 2922 1131 2922 1128 2922 930 2922 928 2922 925 2922 877 2947 875 2947 855 2947 576 2925 574 2925 571 2925 510 2944 512 2989"/></Shape>
	    <String CONTENT="de France. Laebell qui visita le Belgique à cette date constate qui"
                    HPOS="510"
                    VPOS="2913"
                    WIDTH="2112"
                    HEIGHT="104"
                    WC="0.9915125133360133"></String>
          </TextLine>
          <TextLine ID="eSc_line_3fe7933c"
                    TAGREFS="LT31"
                    BASELINE="498 3069 2575 3056" 
                    HPOS="496"
                    VPOS="3000"
                    WIDTH="2079"
                    HEIGHT="111">
            <Shape><Polygon POINTS="498 3069 498 3095 579 3111 582 3111 713 3095 721 3095 724 3095 777 3111 780 3111 783 3111 785 3111 819 3095 822 3092 1047 3092 1061 3092 1159 3108 1162 3108 1165 3108 1209 3092 1212 3092 1218 3092 1323 3108 1326 3108 1413 3092 1427 3089 1438 3092 1499 3106 1502 3106 1505 3106 1700 3092 1736 3106 1739 3106 1742 3106 1925 3089 1956 3086 1973 3089 2056 3103 2059 3103 2187 3086 2201 3086 2221 3086 2394 3100 2397 3100 2572 3083 2575 3056 2564 3000 2519 3017 2243 3003 2226 3003 2224 3003 2218 3003 2121 3019 2040 3005 2037 3005 1814 3019 1761 3005 1755 3005 1753 3005 1750 3005 1747 3005 1744 3005 1722 3022 1616 3008 1611 3008 1413 3008 1410 3008 1407 3008 1404 3008 1404 3011 1388 3022 1340 3011 1326 3008 1323 3008 1304 3011 1220 3025 496 3019 498 3069"/></Shape>
	    <String CONTENT="le parti pançais n&#x27;y existe plus, &lt;....... ... .....t"
                    HPOS="496"
                    VPOS="3000"
                    WIDTH="2079"
                    HEIGHT="111"
                    WC="0.9193328798941847"></String>
          </TextLine>
          <TextLine ID="eSc_line_06429251"
                    TAGREFS="LT31"
                    BASELINE="507 3159 1106 3145 2631 3142" 
                    HPOS="504"
                    VPOS="3095"
                    WIDTH="2127"
                    HEIGHT="91">
            <Shape><Polygon POINTS="507 3159 507 3186 2628 3175 2631 3142 2625 3097 554 3095 551 3095 549 3095 504 3108 507 3159"/></Shape>
	    <String CONTENT="&lt;. &lt;... .... ...  ..  .... ...&gt; meme "
                    HPOS="504"
                    VPOS="3095"
                    WIDTH="2127"
                    HEIGHT="91"
                    WC="0.8411906152158171"></String>
          </TextLine>
          <TextLine ID="eSc_line_886b1f4b"
                    TAGREFS="LT31"
                    BASELINE="490 3237 2628 3222" 
                    HPOS="487"
                    VPOS="3164"
                    WIDTH="2141"
                    HEIGHT="117">
            <Shape><Polygon POINTS="493 3281 537 3262 643 3276 646 3276 847 3259 944 3259 981 3276 983 3276 986 3276 1223 3256 1376 3273 1379 3273 1613 3270 1616 3270 1658 3253 2029 3267 2031 3267 2034 3267 2037 3267 2062 3251 2218 3267 2221 3267 2369 3248 2622 3264 2628 3220 2622 3181 2316 3164 2313 3164 2310 3164 2266 3181 2260 3186 1608 3186 1594 3186 1480 3173 1477 3173 1474 3173 1418 3186 1410 3189 1404 3186 1374 3173 1371 3173 1368 3173 1365 3173 1301 3189 1293 3189 1284 3189 1206 3173 1204 3173 1123 3189 1103 3192 1056 3189 844 3175 841 3175 746 3192 724 3195 705 3192 621 3178 618 3178 487 3192 490 3237"/></Shape>
	    <String CONTENT="&lt;....... .......... ....   .&gt;"
                    HPOS="487"
                    VPOS="3164"
                    WIDTH="2141"
                    HEIGHT="117"
                    WC="0.8559987380586821"></String>
          </TextLine>
        </TextBlock>
        <TextBlock HPOS="98"
                   VPOS="1112"
                   WIDTH="390"
                   HEIGHT="2131"
                   ID="eSc_textblock_4ae5146b"
                   TAGREFS="BT43">
          <Shape><Polygon POINTS="98 1112 101 3243 471 3166 488 1112"/></Shape>
          <TextLine ID="eSc_line_28cf827f"
                    TAGREFS="LT31"
                    BASELINE="112 1229 444 1222" 
                    HPOS="112"
                    VPOS="1222"
                    WIDTH="332"
                    HEIGHT="7">
	    <String CONTENT=""
                    HPOS="112"
                    VPOS="1222"
                    WIDTH="332"
                    HEIGHT="7"></String>
          </TextLine>
          <TextLine ID="eSc_line_37bf86db"
                    TAGREFS="LT31"
                    BASELINE="132 2111 341 2094" 
                    HPOS="132"
                    VPOS="2094"
                    WIDTH="209"
                    HEIGHT="17">
	    <String CONTENT=""
                    HPOS="132"
                    VPOS="2094"
                    WIDTH="209"
                    HEIGHT="17"></String>
          </TextLine>
          <TextLine ID="eSc_line_acb326d8"
                    TAGREFS="LT31"
                    BASELINE="128 3050 385 3026" 
                    HPOS="128"
                    VPOS="3026"
                    WIDTH="257"
                    HEIGHT="24">
	    <String CONTENT=""
                    HPOS="128"
                    VPOS="3026"
                    WIDTH="257"
                    HEIGHT="24"></String>
          </TextLine>
        </TextBlock>
        <TextBlock HPOS="191"
                   VPOS="20"
                   WIDTH="287"
                   HEIGHT="180"
                   ID="eSc_textblock_53008353"
                   TAGREFS="BT44">
          <Shape><Polygon POINTS="191 20 191 200 478 200 478 20"/></Shape>
        </TextBlock>
        <TextBlock ID="eSc_dummyblock_">
          <TextLine ID="eSc_line_bf4e0714"
                    TAGREFS="LT31"
                    BASELINE="257 102 400 147" 
                    HPOS="281"
                    VPOS="80"
                    WIDTH="109"
                    HEIGHT="126">
            <Shape><Polygon POINTS="340 91 312 111 284 80 281 80 287 122 289 195 390 206 390 117 387 111 367 91"/></Shape>
	    <String CONTENT="9)"
                    HPOS="281"
                    VPOS="80"
                    WIDTH="109"
                    HEIGHT="126"
                    WC="0.9999836683273315"></String>
          </TextLine>
        </TextBlock>
      </PrintSpace>
    </Page>
  </Layout>
</alto>
