<?xml version="1.0" encoding="UTF-8"?>
<alto xmlns:xsi="http://www.w3.org/2001/XMLSchema-instance"
      xmlns="http://www.loc.gov/standards/alto/ns-v4#"
      xsi:schemaLocation="http://www.loc.gov/standards/alto/ns-v4# http://www.loc.gov/standards/alto/v4/alto-4-2.xsd">
  <Description>
    <MeasurementUnit>pixel</MeasurementUnit>
    <sourceImageInformation>
      <fileName>ARCH-DIV-000496_0255.png</fileName>
    </sourceImageInformation>
  </Description>
  <Tags>
    <OtherTag ID="BT42" LABEL="MainZone" DESCRIPTION="block type MainZone"/><OtherTag ID="BT43" LABEL="MarginTextZone" DESCRIPTION="block type MarginTextZone"/><OtherTag ID="BT44" LABEL="NumberingZone" DESCRIPTION="block type NumberingZone"/><OtherTag ID="BT45" LABEL="TitlePageZone" DESCRIPTION="block type TitlePageZone"/><OtherTag ID="BT46" LABEL="CustomZone:Numbering" DESCRIPTION="block type CustomZone:Numbering"/><OtherTag ID="BT49" LABEL="MarginTextZone:lower" DESCRIPTION="block type MarginTextZone:lower"/>
    <OtherTag ID="LT25" LABEL="default" DESCRIPTION="line type default"/><OtherTag ID="LT31" LABEL="DefaultLine" DESCRIPTION="line type DefaultLine"/><OtherTag ID="LT32" LABEL="HeadingLine" DESCRIPTION="line type HeadingLine"/><OtherTag ID="LT33" LABEL="InterlinearLine:addition" DESCRIPTION="line type InterlinearLine:addition"/><OtherTag ID="LT34" LABEL="InterlinearLine:correction" DESCRIPTION="line type InterlinearLine:correction"/>
  </Tags>
  <Layout>
    <Page WIDTH="2790"
          HEIGHT="3331"
          PHYSICAL_IMG_NR="254"
          ID="eSc_dummypage_">
      <PrintSpace HPOS="0"
                  VPOS="0"
                  WIDTH="2790"
                  HEIGHT="3331">
        <TextBlock HPOS="528"
                   VPOS="3"
                   WIDTH="2243"
                   HEIGHT="3321"
                   ID="47b7b8c8-bf81-47f2-a75c-cf3f080e376e"
                   TAGREFS="BT42">
          <Shape><Polygon POINTS="2771 3 2771 3324 528 3324 528 3"/></Shape>
          <TextLine ID="eSc_line_6258f439"
                    TAGREFS="LT31"
                    BASELINE="657 66 1260 61 2728 91" 
                    HPOS="655"
                    VPOS="11"
                    WIDTH="2073"
                    HEIGHT="108">
            <Shape><Polygon POINTS="2523 27 2470 36 2454 38 2434 36 2370 27 2348 27 2334 27 2295 36 2256 41 2179 33 2095 24 2070 24 2043 22 2015 22 1940 30 1890 36 1876 30 1860 22 1848 22 1832 19 1804 30 1790 33 1607 33 1596 27 1574 16 1571 16 1549 16 1507 24 1490 27 1474 24 1426 16 1404 16 1376 13 1349 13 1321 13 1296 13 1179 22 1157 22 1154 22 1138 11 1127 11 1099 11 1093 11 1049 19 1038 11 1016 11 988 11 960 11 932 11 905 13 877 13 849 16 821 19 793 19 766 22 738 24 710 24 682 27 657 30 657 66 655 74 702 94 705 94 707 94 1102 86 1210 83 1698 88 1710 97 1726 108 1729 108 1732 108 1735 108 1807 99 1848 94 1893 99 1968 113 1971 113 1973 113 2015 102 2040 97 2051 105 2065 113 2068 113 2070 113 2223 119 2226 119 2287 108 2315 105 2723 116 2728 91 2723 41 2576 47 2559 38 2542 30 2523 27"/></Shape>
	    <String CONTENT=""
                    HPOS="655"
                    VPOS="11"
                    WIDTH="2073"
                    HEIGHT="108"></String>
          </TextLine>
          <TextLine ID="eSc_line_61eb05ee"
                    TAGREFS="LT31"
                    BASELINE="635 149 2734 144" 
                    HPOS="632"
                    VPOS="91"
                    WIDTH="2102"
                    HEIGHT="86">
            <Shape><Polygon POINTS="635 149 635 177 2731 177 2734 144 2728 108 2040 108 1965 91 1962 91 1785 105 1732 91 1729 91 1726 91 1723 91 1679 108 1676 108 1646 94 1643 94 1640 94 1540 108 1537 108 1535 108 1493 94 1490 94 1038 94 1035 94 905 108 810 94 807 94 716 108 696 94 694 94 691 94 688 94 685 94 632 108 635 149"/></Shape>
	    <String CONTENT=""
                    HPOS="632"
                    VPOS="91"
                    WIDTH="2102"
                    HEIGHT="86"></String>
          </TextLine>
          <TextLine ID="eSc_line_4b9cda3e"
                    TAGREFS="LT31"
                    BASELINE="649 216 2713 210" 
                    HPOS="646"
                    VPOS="158"
                    WIDTH="2066"
                    HEIGHT="97">
            <Shape><Polygon POINTS="649 247 730 233 860 247 863 247 949 233 1215 247 1218 247 1468 233 1499 249 1501 252 1504 252 1507 252 1510 255 1579 255 1579 252 1618 249 1796 230 1829 247 1832 247 1835 247 2034 233 2059 249 2062 249 2065 249 2068 252 2334 252 2334 249 2337 249 2381 235 2706 249 2712 210 2703 169 2354 172 2329 169 2240 158 2237 158 2234 158 2204 172 2198 174 1962 174 1959 172 1943 158 1940 158 1937 158 1746 158 1743 158 1290 174 1285 174 1265 160 1263 160 1260 160 841 160 838 160 735 174 716 160 713 160 710 160 707 160 705 160 646 177 649 216"/></Shape>
	    <String CONTENT=""
                    HPOS="646"
                    VPOS="158"
                    WIDTH="2066"
                    HEIGHT="97"></String>
          </TextLine>
          <TextLine ID="eSc_line_78adfa2d"
                    TAGREFS="LT31"
                    BASELINE="646 283 2726 288" 
                    HPOS="646"
                    VPOS="247"
                    WIDTH="2071"
                    HEIGHT="74">
            <Shape><Polygon POINTS="646 302 771 319 774 319 841 305 857 302 868 305 907 319 910 319 913 319 916 319 943 305 952 302 982 305 1071 319 1074 319 1127 308 1152 302 1177 308 1229 319 1232 319 1349 310 1435 302 1496 310 1557 319 1560 319 1562 319 1593 310 1618 305 1635 310 1654 319 1657 319 1660 319 1712 313 1787 302 2115 302 2173 316 2176 316 2179 316 2182 316 2184 316 2187 316 2212 302 2318 316 2340 319 2343 319 2362 316 2467 302 2501 319 2504 319 2506 319 2509 321 2717 321 2717 283 2717 247 646 247 646 283"/></Shape>
	    <String CONTENT=""
                    HPOS="646"
                    VPOS="247"
                    WIDTH="2071"
                    HEIGHT="74"></String>
          </TextLine>
          <TextLine ID="eSc_line_9f8d77a2"
                    TAGREFS="LT34"
                    BASELINE="2197 241 2309 233" 
                    HPOS="2197"
                    VPOS="233"
                    WIDTH="112"
                    HEIGHT="8">
	    <String CONTENT=""
                    HPOS="2197"
                    VPOS="233"
                    WIDTH="112"
                    HEIGHT="8"></String>
          </TextLine>
          <TextLine ID="eSc_line_d5c3c585"
                    TAGREFS="LT31"
                    BASELINE="652 355 2706 338" 
                    HPOS="649"
                    VPOS="285"
                    WIDTH="2057"
                    HEIGHT="106">
            <Shape><Polygon POINTS="2426 285 2398 285 2390 285 2356 302 2354 302 2334 302 2021 285 2018 285 2015 285 1973 305 1968 305 1946 305 1782 288 1779 288 1693 305 1674 308 1665 305 1632 291 1629 291 1626 291 1540 305 1524 308 1507 305 1429 291 1426 291 1354 305 1329 313 1063 313 1054 308 1027 294 1024 294 1021 294 649 308 652 355 652 391 996 374 1127 374 1146 388 1149 388 1152 388 1154 388 1174 388 1340 371 1568 383 1621 385 1624 385 1712 383 2009 369 2109 380 2134 380 2137 380 2140 380 2145 377 2173 366 2259 377 2287 380 2290 380 2340 377 2492 363 2512 374 2515 377 2517 377 2520 377 2523 377 2703 371 2706 338 2701 302 2442 285 2426 285"/></Shape>
	    <String CONTENT=""
                    HPOS="649"
                    VPOS="285"
                    WIDTH="2057"
                    HEIGHT="106"></String>
          </TextLine>
          <TextLine ID="eSc_line_e5ce4eb5"
                    TAGREFS="LT31"
                    BASELINE="649 424 2706 408" 
                    HPOS="646"
                    VPOS="358"
                    WIDTH="2060"
                    HEIGHT="88">
            <Shape><Polygon POINTS="649 424 649 446 2703 433 2706 408 2698 358 2359 374 2179 366 2084 360 2082 360 2048 366 2001 377 1876 369 1757 363 1754 363 1707 371 1671 380 1551 374 1335 366 1332 366 1232 380 1213 383 1202 380 1143 369 1140 369 1004 385 985 385 957 385 696 371 694 371 691 371 646 385 649 424"/></Shape>
	    <String CONTENT=""
                    HPOS="646"
                    VPOS="358"
                    WIDTH="2060"
                    HEIGHT="88"></String>
          </TextLine>
          <TextLine ID="eSc_line_369fec4e"
                    TAGREFS="LT31"
                    BASELINE="644 494 2737 474" 
                    HPOS="641"
                    VPOS="419"
                    WIDTH="2096"
                    HEIGHT="108">
            <Shape><Polygon POINTS="644 494 644 513 918 527 921 527 924 527 966 513 977 510 1029 513 1196 524 1199 524 1285 513 1304 510 1340 510 1490 521 1493 521 1496 521 1524 510 1540 505 2731 505 2737 474 2731 433 2526 419 2523 419 2520 419 2517 419 2495 433 2492 435 2298 435 2293 435 2229 421 2226 421 2132 438 2115 438 2070 438 1807 427 1804 427 1718 441 1712 441 1693 427 1690 427 1687 427 1685 427 1682 427 1635 441 1632 441 1629 441 1537 427 1535 427 1368 444 1360 444 1351 444 1238 430 1235 430 1232 430 1171 444 716 435 713 435 641 449 644 494"/></Shape>
	    <String CONTENT=""
                    HPOS="641"
                    VPOS="419"
                    WIDTH="2096"
                    HEIGHT="108"></String>
          </TextLine>
          <TextLine ID="eSc_line_84f54f90"
                    TAGREFS="LT31"
                    BASELINE="635 557 2728 538" 
                    HPOS="632"
                    VPOS="502"
                    WIDTH="2096"
                    HEIGHT="83">
            <Shape><Polygon POINTS="635 557 635 585 1524 585 1524 582 1526 582 1540 580 1576 569 1737 577 1785 580 1787 580 1804 577 1865 566 2073 577 2109 577 2112 577 2115 577 2118 577 2118 574 2132 563 2723 571 2728 538 2723 502 1229 502 1227 502 632 519 635 557"/></Shape>
	    <String CONTENT=""
                    HPOS="632"
                    VPOS="502"
                    WIDTH="2096"
                    HEIGHT="83"></String>
          </TextLine>
          <TextLine ID="eSc_line_65b9d171"
                    TAGREFS="LT31"
                    BASELINE="632 624 2757 615" 
                    HPOS="630"
                    VPOS="557"
                    WIDTH="2115"
                    HEIGHT="100">
            <Shape><Polygon POINTS="632 655 1329 643 1351 652 1363 657 1365 657 1368 657 1404 652 1493 641 1721 652 1798 655 1801 655 1826 652 1901 638 2226 649 2312 652 2315 652 2345 649 2467 635 2740 646 2745 610 2740 571 2437 557 2434 557 2162 574 2123 574 2104 574 1990 560 1987 560 1984 560 1929 574 1926 574 1907 560 1904 560 1901 560 1898 560 1896 560 1851 574 1840 577 1776 574 1512 563 1510 563 1507 563 1463 577 1449 580 1374 577 1127 566 1124 566 1066 580 1046 582 630 582 632 624"/></Shape>
	    <String CONTENT=""
                    HPOS="630"
                    VPOS="557"
                    WIDTH="2115"
                    HEIGHT="100"></String>
          </TextLine>
          <TextLine ID="eSc_line_81022d98"
                    TAGREFS="LT31"
                    BASELINE="627 699 2690 680" 
                    HPOS="624"
                    VPOS="632"
                    WIDTH="2066"
                    HEIGHT="100">
            <Shape><Polygon POINTS="627 699 627 721 1113 732 1116 732 1215 718 1246 716 1304 718 1507 730 1510 730 1512 730 1515 730 1529 716 1535 713 1596 716 1768 727 1771 727 1773 727 1798 716 1807 710 1818 716 1846 724 1848 724 1851 724 1898 713 1918 710 1929 713 1954 724 1957 724 1959 724 2687 707 2690 680 2684 643 2190 632 2187 632 2109 646 2090 652 1848 652 1843 649 1801 635 1798 635 1796 635 1723 649 1710 652 1624 652 1240 641 1238 641 1235 641 1190 655 1177 657 1129 655 977 643 974 643 971 643 927 657 913 660 907 657 896 646 893 646 891 646 888 646 624 657 627 699"/></Shape>
	    <String CONTENT=""
                    HPOS="624"
                    VPOS="632"
                    WIDTH="2066"
                    HEIGHT="100"></String>
          </TextLine>
          <TextLine ID="eSc_line_279ea963"
                    TAGREFS="LT31"
                    BASELINE="627 780 2701 749" 
                    HPOS="624"
                    VPOS="707"
                    WIDTH="2077"
                    HEIGHT="109">
            <Shape><Polygon POINTS="627 780 627 816 2698 774 2701 749 2692 707 624 735 627 780"/></Shape>
	    <String CONTENT=""
                    HPOS="624"
                    VPOS="707"
                    WIDTH="2077"
                    HEIGHT="109"></String>
          </TextLine>
          <TextLine ID="eSc_line_0a22c12d"
                    TAGREFS="LT31"
                    BASELINE="627 852 2720 818" 
                    HPOS="624"
                    VPOS="766"
                    WIDTH="2096"
                    HEIGHT="111">
            <Shape><Polygon POINTS="627 852 627 874 1493 877 1496 877 1499 877 1501 877 1515 868 1529 860 1587 868 1637 874 1640 874 1643 874 1646 874 1657 868 1674 857 1790 866 1832 868 1835 868 1837 868 1848 866 1884 854 1976 866 2018 868 2021 868 2023 868 2037 863 2079 852 2284 863 2323 863 2326 863 2329 863 2331 863 2354 846 2545 843 2715 857 2720 818 2715 780 2659 766 2656 766 2368 785 2340 785 2337 785 2295 771 2293 771 2290 771 2187 788 2179 788 2173 788 2120 774 2118 774 2115 774 2112 774 2054 788 2023 774 2021 774 2018 774 2015 774 2012 774 1993 791 1904 777 1901 777 1729 793 1676 780 1674 780 1671 780 1668 780 1665 780 1643 796 1640 796 1635 796 1401 785 1399 785 1396 785 1393 785 1376 799 1326 785 1324 785 1321 785 1240 802 974 791 971 791 968 791 930 807 799 793 796 793 624 813 627 852"/></Shape>
	    <String CONTENT=""
                    HPOS="624"
                    VPOS="766"
                    WIDTH="2096"
                    HEIGHT="111"></String>
          </TextLine>
          <TextLine ID="eSc_line_eb38e0c7"
                    TAGREFS="LT31"
                    BASELINE="624 924 2723 882" 
                    HPOS="621"
                    VPOS="832"
                    WIDTH="2102"
                    HEIGHT="131">
            <Shape><Polygon POINTS="624 924 624 946 724 963 727 963 730 963 796 946 799 946 802 946 968 957 971 957 1454 938 1604 932 1646 935 1737 943 1740 943 1743 943 1762 935 1779 927 1835 932 1879 938 1882 938 1937 932 2026 921 2717 921 2723 882 2717 843 2559 832 2556 832 2476 846 2434 832 2431 832 2429 832 2426 832 2423 832 2406 849 2404 849 2395 849 2295 835 2293 835 2290 835 2259 852 2256 852 2237 852 2054 841 2051 841 2048 841 2001 854 1610 849 1607 849 1449 868 1426 868 1404 868 1218 857 1215 857 1213 857 1177 874 1171 874 1121 874 796 866 793 866 621 882 624 924"/></Shape>
	    <String CONTENT=""
                    HPOS="621"
                    VPOS="832"
                    WIDTH="2102"
                    HEIGHT="131"></String>
          </TextLine>
          <TextLine ID="eSc_line_ce5afbe9"
                    TAGREFS="LT31"
                    BASELINE="613 996 1210 988" 
                    HPOS="610"
                    VPOS="938"
                    WIDTH="600"
                    HEIGHT="97">
            <Shape><Polygon POINTS="613 996 613 1018 749 1018 788 1035 791 1035 793 1035 796 1035 841 1021 1210 1021 1210 988 1202 938 610 954 613 996"/></Shape>
	    <String CONTENT=""
                    HPOS="610"
                    VPOS="938"
                    WIDTH="600"
                    HEIGHT="97"></String>
          </TextLine>
          <TextLine ID="eSc_line_725766e0"
                    TAGREFS="LT31"
                    BASELINE="641 1082 1540 1063 2717 1074" 
                    HPOS="638"
                    VPOS="1010"
                    WIDTH="2079"
                    HEIGHT="97">
            <Shape><Polygon POINTS="641 1082 641 1107 1066 1093 1921 1104 1962 1104 1965 1104 1968 1104 2026 1090 2712 1102 2717 1074 2715 1029 2581 1029 2579 1027 2551 1010 2548 1010 2545 1010 2542 1010 2370 1027 2362 1029 2184 1029 2182 1027 2157 1010 2154 1010 2151 1010 2148 1010 1962 1027 1912 1029 1890 1027 1829 1013 1468 1013 1465 1013 1463 1013 1435 1024 1421 1032 1257 1032 1238 1024 1204 1013 1202 1013 1199 1013 1104 1024 1049 1029 638 1024 641 1082"/></Shape>
	    <String CONTENT=""
                    HPOS="638"
                    VPOS="1010"
                    WIDTH="2079"
                    HEIGHT="97"></String>
          </TextLine>
          <TextLine ID="eSc_line_03edd852"
                    TAGREFS="LT31"
                    BASELINE="616 1163 2717 1129" 
                    HPOS="613"
                    VPOS="1079"
                    WIDTH="2104"
                    HEIGHT="120">
            <Shape><Polygon POINTS="616 1163 621 1199 644 1185 910 1193 960 1193 963 1193 977 1190 1038 1179 1116 1188 1138 1190 1140 1190 1177 1188 1315 1174 1376 1185 1388 1185 1390 1185 1407 1182 1493 1171 1565 1179 1587 1182 1590 1182 1621 1179 1712 1165 2715 1157 2717 1129 2712 1082 2401 1079 2398 1079 2351 1088 2312 1096 2243 1090 2162 1085 2159 1085 2076 1093 2009 1102 1951 1096 1840 1088 1837 1088 1660 1104 1607 1107 1585 1104 1507 1093 1504 1093 1501 1093 1499 1093 1499 1096 1485 1107 1482 1110 1424 1107 1174 1099 1171 1099 1168 1099 1138 1115 1135 1115 1127 1115 1057 1102 1054 1102 952 1118 946 1118 935 1118 660 1107 657 1107 655 1107 613 1121 616 1163"/></Shape>
	    <String CONTENT=""
                    HPOS="613"
                    VPOS="1079"
                    WIDTH="2104"
                    HEIGHT="120"></String>
          </TextLine>
          <TextLine ID="eSc_line_bc892d07"
                    TAGREFS="LT31"
                    BASELINE="613 1226 1612 1214 1612 1214 1912 1199 2726 1193" 
                    HPOS="610"
                    VPOS="1151"
                    WIDTH="2116"
                    HEIGHT="100">
            <Shape><Polygon POINTS="613 1251 2726 1218 2726 1193 2720 1151 1893 1151 1890 1151 1887 1151 1884 1151 1868 1165 1865 1165 1860 1165 1790 1154 1787 1154 610 1185 613 1226"/></Shape>
	    <String CONTENT=""
                    HPOS="610"
                    VPOS="1151"
                    WIDTH="2116"
                    HEIGHT="100"></String>
          </TextLine>
          <TextLine ID="eSc_line_24bc6419"
                    TAGREFS="LT31"
                    BASELINE="610 1290 2706 1249" 
                    HPOS="607"
                    VPOS="1210"
                    WIDTH="2099"
                    HEIGHT="105">
            <Shape><Polygon POINTS="610 1290 610 1315 2703 1279 2706 1249 2698 1210 607 1243 610 1290"/></Shape>
	    <String CONTENT=""
                    HPOS="607"
                    VPOS="1210"
                    WIDTH="2099"
                    HEIGHT="105"></String>
          </TextLine>
          <TextLine ID="eSc_line_d3fad290"
                    TAGREFS="LT31"
                    BASELINE="610 1357 2715 1310" 
                    HPOS="607"
                    VPOS="1260"
                    WIDTH="2108"
                    HEIGHT="130">
            <Shape><Polygon POINTS="610 1357 610 1390 2715 1340 2715 1310 2706 1260 1718 1293 1629 1290 1512 1285 1510 1285 1507 1285 1479 1293 1465 1299 1365 1299 1132 1293 1129 1293 991 1310 971 1310 960 1310 891 1299 888 1299 732 1315 730 1315 727 1315 680 1304 677 1304 674 1304 607 1318 610 1357"/></Shape>
	    <String CONTENT=""
                    HPOS="607"
                    VPOS="1260"
                    WIDTH="2108"
                    HEIGHT="130"></String>
          </TextLine>
          <TextLine ID="eSc_line_d1e07c8d"
                    TAGREFS="LT31"
                    BASELINE="605 1424 2470 1382 2737 1387" 
                    HPOS="602"
                    VPOS="1326"
                    WIDTH="2135"
                    HEIGHT="134">
            <Shape><Polygon POINTS="605 1424 605 1460 2737 1410 2737 1387 2734 1340 2667 1326 2665 1326 2581 1340 2437 1332 2434 1332 2431 1332 2404 1346 2365 1346 1890 1343 1887 1343 1771 1360 1757 1360 1715 1360 1371 1354 1368 1354 1365 1354 1313 1368 1310 1371 602 1382 605 1424"/></Shape>
	    <String CONTENT=""
                    HPOS="602"
                    VPOS="1326"
                    WIDTH="2135"
                    HEIGHT="134"></String>
          </TextLine>
          <TextLine ID="eSc_line_1cebd0c3"
                    TAGREFS="LT31"
                    BASELINE="588 1498 2712 1440" 
                    HPOS="585"
                    VPOS="1401"
                    WIDTH="2127"
                    HEIGHT="128">
            <Shape><Polygon POINTS="588 1498 588 1529 1590 1510 1707 1496 1735 1493 1779 1493 1990 1498 1993 1498 2126 1482 2140 1482 2151 1482 2281 1490 2284 1490 2404 1473 2409 1473 2415 1473 2473 1485 2476 1485 2712 1462 2712 1440 2703 1401 585 1448 588 1498"/></Shape>
	    <String CONTENT=""
                    HPOS="585"
                    VPOS="1401"
                    WIDTH="2127"
                    HEIGHT="128"></String>
          </TextLine>
          <TextLine ID="eSc_line_954a987a"
                    TAGREFS="LT31"
                    BASELINE="580 1562 1285 1551 2731 1501" 
                    HPOS="577"
                    VPOS="1457"
                    WIDTH="2154"
                    HEIGHT="133">
            <Shape><Polygon POINTS="580 1562 580 1590 2731 1529 2731 1501 2723 1457 577 1521 580 1562"/></Shape>
	    <String CONTENT=""
                    HPOS="577"
                    VPOS="1457"
                    WIDTH="2154"
                    HEIGHT="133"></String>
          </TextLine>
          <TextLine ID="eSc_line_3dd634a0"
                    TAGREFS="LT31"
                    BASELINE="596 1623 2728 1571" 
                    HPOS="594"
                    VPOS="1521"
                    WIDTH="2134"
                    HEIGHT="119">
            <Shape><Polygon POINTS="596 1623 596 1637 1152 1640 1154 1640 1371 1626 1493 1618 1535 1623 1582 1629 1585 1629 1587 1629 1607 1621 1626 1615 2065 1615 2276 1615 2276 1612 2301 1609 2404 1596 2581 1604 2587 1604 2590 1604 2592 1604 2642 1590 2726 1601 2728 1571 2720 1521 594 1576 596 1623"/></Shape>
	    <String CONTENT=""
                    HPOS="594"
                    VPOS="1521"
                    WIDTH="2134"
                    HEIGHT="119"></String>
          </TextLine>
          <TextLine ID="eSc_line_b8e99d75"
                    TAGREFS="LT31"
                    BASELINE="588 1684 2712 1634" 
                    HPOS="585"
                    VPOS="1596"
                    WIDTH="2127"
                    HEIGHT="111">
            <Shape><Polygon POINTS="588 1684 588 1707 2712 1654 2712 1634 2703 1596 1879 1601 1718 1612 1524 1623 1449 1615 1410 1612 1407 1612 1335 1618 1168 1632 1077 1623 1054 1621 1052 1621 1029 1623 932 1637 732 1629 727 1629 724 1629 721 1629 719 1629 696 1643 585 1632 588 1684"/></Shape>
	    <String CONTENT=""
                    HPOS="585"
                    VPOS="1596"
                    WIDTH="2127"
                    HEIGHT="111"></String>
          </TextLine>
          <TextLine ID="eSc_line_75a5abd8"
                    TAGREFS="LT31"
                    BASELINE="588 1751 2717 1712" 
                    HPOS="585"
                    VPOS="1662"
                    WIDTH="2132"
                    HEIGHT="120">
            <Shape><Polygon POINTS="588 1751 588 1773 1041 1782 1043 1782 1168 1768 1224 1762 1252 1768 1299 1776 1302 1776 1304 1776 1326 1765 1349 1754 1690 1751 1737 1762 1771 1768 1773 1768 1890 1759 2107 1743 2187 1757 2215 1759 2218 1759 2220 1759 2237 1754 2295 1740 2356 1754 2373 1757 2376 1757 2379 1757 2387 1754 2415 1740 2459 1751 2462 1751 2465 1751 2579 1734 2715 1748 2717 1712 2712 1676 2565 1662 2562 1662 2484 1679 893 1693 585 1712 588 1751"/></Shape>
	    <String CONTENT=""
                    HPOS="585"
                    VPOS="1662"
                    WIDTH="2132"
                    HEIGHT="120"></String>
          </TextLine>
          <TextLine ID="eSc_line_99ce254d"
                    TAGREFS="LT31"
                    BASELINE="588 1832 2667 1779" 
                    HPOS="585"
                    VPOS="1732"
                    WIDTH="2082"
                    HEIGHT="127">
            <Shape><Polygon POINTS="588 1832 588 1859 1846 1820 1848 1820 1887 1832 1890 1832 1893 1832 1896 1832 1898 1832 1898 1829 1909 1818 1912 1818 1918 1818 2007 1829 2009 1829 2115 1812 2120 1812 2123 1812 2226 1823 2229 1823 2343 1807 2648 1812 2651 1812 2653 1812 2656 1812 2656 1809 2667 1798 2667 1779 2662 1732 2470 1732 2467 1732 2465 1732 2454 1737 2431 1745 2340 1740 2240 1734 2237 1734 2234 1734 2193 1745 2165 1751 2109 1748 2015 1740 2012 1740 2009 1740 2007 1740 1996 1751 1987 1759 1896 1759 1826 1757 1698 1748 1696 1748 1693 1748 1690 1748 1676 1759 1671 1765 1590 1762 1385 1757 1382 1757 1379 1757 1351 1770 1343 1776 910 1784 891 1784 696 1773 694 1773 691 1773 688 1773 669 1793 585 1793 588 1832"/></Shape>
	    <String CONTENT=""
                    HPOS="585"
                    VPOS="1732"
                    WIDTH="2082"
                    HEIGHT="127"></String>
          </TextLine>
          <TextLine ID="eSc_line_cbccf3b1"
                    TAGREFS="LT31"
                    BASELINE="591 1898 1267 1889 2345 1857 2720 1862" 
                    HPOS="588"
                    VPOS="1815"
                    WIDTH="2132"
                    HEIGHT="111">
            <Shape><Polygon POINTS="591 1926 1973 1906 2032 1904 2229 1887 2415 1895 2423 1895 2426 1895 2429 1895 2490 1882 2715 1890 2720 1862 2715 1815 1468 1826 1213 1845 646 1845 644 1845 641 1845 588 1859 591 1898"/></Shape>
	    <String CONTENT=""
                    HPOS="588"
                    VPOS="1815"
                    WIDTH="2132"
                    HEIGHT="111"></String>
          </TextLine>
          <TextLine ID="eSc_line_dd77e932"
                    TAGREFS="LT31"
                    BASELINE="588 1976 2684 1923" 
                    HPOS="585"
                    VPOS="1876"
                    WIDTH="2099"
                    HEIGHT="139">
            <Shape><Polygon POINTS="588 1976 588 2015 702 1993 821 1993 843 2006 846 2006 849 2006 852 2006 855 2006 921 1990 1202 1998 1215 1998 1218 1998 1227 1998 1365 1981 1524 1990 1540 1990 1543 1990 1546 1990 1551 1990 1615 1973 1712 1984 1718 1984 1721 1984 1732 1984 1912 1965 2084 1973 2126 1976 2129 1976 2187 1970 2387 1954 2681 1956 2684 1923 2676 1876 585 1926 588 1976"/></Shape>
	    <String CONTENT=""
                    HPOS="585"
                    VPOS="1876"
                    WIDTH="2099"
                    HEIGHT="139"></String>
          </TextLine>
          <TextLine ID="eSc_line_0b12594c"
                    TAGREFS="LT31"
                    BASELINE="588 2045 2717 1990" 
                    HPOS="585"
                    VPOS="1943"
                    WIDTH="2132"
                    HEIGHT="138">
            <Shape><Polygon POINTS="588 2045 588 2081 1227 2051 1410 2062 1426 2062 1429 2062 1432 2062 1435 2062 1457 2048 2026 2048 2079 2048 2079 2045 2093 2045 2290 2023 2387 2037 2393 2037 2395 2037 2398 2037 2442 2018 2665 2015 2712 2029 2717 1990 2712 1948 2504 1943 2501 1943 2498 1943 2467 1954 2451 1959 2437 1954 2406 1945 2404 1945 2401 1945 2398 1945 2395 1945 2384 1956 2376 1962 2340 1959 2279 1951 2276 1951 2273 1951 2270 1951 2256 1959 2248 1965 2218 1962 2148 1954 2145 1954 2143 1954 2095 1965 2070 1970 2015 1968 1879 1959 1876 1959 1873 1959 1835 1973 1823 1979 1510 1984 1496 1984 1438 1973 1435 1973 1332 1987 1315 1990 1304 1990 1227 1976 1224 1976 1027 1998 1007 1998 993 1998 807 1987 805 1987 585 2009 588 2045"/></Shape>
	    <String CONTENT=""
                    HPOS="585"
                    VPOS="1943"
                    WIDTH="2132"
                    HEIGHT="138"></String>
          </TextLine>
          <TextLine ID="eSc_line_9965949d"
                    TAGREFS="LT31"
                    BASELINE="588 2115 1635 2095 2301 2062 2681 2054" 
                    HPOS="585"
                    VPOS="2015"
                    WIDTH="2096"
                    HEIGHT="136">
            <Shape><Polygon POINTS="588 2115 588 2137 688 2151 691 2151 791 2134 796 2131 1004 2129 1010 2129 1054 2142 1057 2142 1060 2142 1063 2142 1102 2129 1104 2129 1590 2129 1593 2129 1596 2129 1599 2129 1612 2117 1621 2112 1646 2115 1707 2126 1710 2126 1790 2112 1835 2106 1904 2109 2015 2117 2018 2117 2176 2104 2326 2092 2678 2092 2681 2054 2676 2020 2323 2015 2320 2015 2009 2034 1840 2043 1812 2037 1782 2031 1779 2031 1776 2031 1746 2040 1704 2048 1662 2040 1624 2034 1621 2034 1618 2034 1615 2034 1604 2043 1587 2051 1221 2051 1165 2051 1163 2051 1146 2051 991 2067 935 2056 921 2054 918 2054 916 2054 913 2054 910 2056 888 2070 857 2056 852 2056 849 2056 846 2056 832 2059 766 2073 585 2065 588 2115"/></Shape>
	    <String CONTENT=""
                    HPOS="585"
                    VPOS="2015"
                    WIDTH="2096"
                    HEIGHT="136"></String>
          </TextLine>
          <TextLine ID="eSc_line_8c5cea85"
                    TAGREFS="LT31"
                    BASELINE="574 2192 2678 2129" 
                    HPOS="571"
                    VPOS="2076"
                    WIDTH="2107"
                    HEIGHT="150">
            <Shape><Polygon POINTS="574 2192 574 2215 757 2212 771 2212 843 2226 846 2226 1018 2206 1046 2204 1057 2204 1113 2217 1116 2217 1227 2201 1243 2198 1252 2198 1299 2212 1302 2212 1304 2212 1579 2201 1582 2201 1585 2201 1596 2190 1601 2187 1640 2187 1807 2195 1810 2195 1812 2195 1848 2181 1860 2179 1876 2181 1940 2192 1943 2192 2018 2176 2040 2170 2165 2170 2170 2173 2193 2184 2195 2184 2198 2184 2201 2184 2204 2184 2220 2170 2226 2167 2265 2170 2393 2179 2395 2179 2398 2179 2401 2179 2420 2165 2423 2165 2426 2165 2459 2176 2462 2176 2465 2176 2678 2156 2678 2129 2670 2076 2573 2079 2570 2079 2567 2079 2567 2081 2551 2095 2301 2087 2298 2087 2295 2087 2054 2109 2026 2095 2023 2095 2021 2095 2018 2095 2015 2095 1990 2112 1765 2106 1762 2106 1654 2123 1518 2112 1515 2112 1512 2112 1463 2131 1249 2134 1204 2120 1202 2120 1199 2120 1196 2120 1088 2140 763 2137 760 2137 757 2137 727 2151 571 2140 574 2192"/></Shape>
	    <String CONTENT=""
                    HPOS="571"
                    VPOS="2076"
                    WIDTH="2107"
                    HEIGHT="150"></String>
          </TextLine>
          <TextLine ID="eSc_line_8591d0ea"
                    TAGREFS="LT31"
                    BASELINE="580 2262 2692 2206" 
                    HPOS="577"
                    VPOS="2159"
                    WIDTH="2115"
                    HEIGHT="131">
            <Shape><Polygon POINTS="580 2262 580 2284 966 2287 968 2287 971 2287 996 2278 1007 2273 1029 2276 1104 2290 1107 2290 1579 2265 1832 2253 1884 2259 1948 2267 1951 2267 2007 2256 2070 2245 2692 2245 2692 2206 2684 2159 1102 2212 1024 2212 627 2212 624 2212 621 2212 577 2226 580 2262"/></Shape>
	    <String CONTENT=""
                    HPOS="577"
                    VPOS="2159"
                    WIDTH="2115"
                    HEIGHT="131"></String>
          </TextLine>
          <TextLine ID="eSc_line_74a33d57"
                    TAGREFS="LT31"
                    BASELINE="580 2345 2018 2306 2447 2293 2448 2293 2658 2276" 
                    HPOS="577"
                    VPOS="2228"
                    WIDTH="2071"
                    HEIGHT="150">
            <Shape><Polygon POINTS="580 2365 813 2378 816 2378 818 2378 893 2359 930 2376 932 2376 935 2376 1210 2348 1640 2353 1643 2353 1951 2331 1987 2342 1990 2342 1993 2342 1996 2342 1998 2342 2021 2326 2176 2337 2179 2337 2182 2337 2184 2337 2215 2315 2306 2315 2445 2328 2448 2328 2451 2328 2454 2328 2484 2309 2648 2301 2648 2273 2640 2228 2245 2256 2118 2245 2115 2245 2112 2245 2109 2245 2082 2265 1857 2267 1837 2253 1835 2253 1832 2253 1829 2253 1826 2253 1823 2253 1804 2270 1746 2256 1740 2256 1737 2256 1732 2256 1640 2278 577 2292 580 2345"/></Shape>
	    <String CONTENT=""
                    HPOS="577"
                    VPOS="2228"
                    WIDTH="2071"
                    HEIGHT="150"></String>
          </TextLine>
          <TextLine ID="eSc_line_1a9c4353"
                    TAGREFS="LT31"
                    BASELINE="577 2417 2659 2365" 
                    HPOS="574"
                    VPOS="2323"
                    WIDTH="2085"
                    HEIGHT="125">
            <Shape><Polygon POINTS="577 2417 577 2437 791 2448 793 2448 907 2431 913 2431 916 2431 1010 2442 1013 2442 1016 2442 1046 2428 1113 2439 1116 2439 1118 2439 1174 2426 1221 2437 1224 2437 1227 2437 1343 2420 1357 2420 1376 2420 1557 2428 1560 2428 1562 2428 1565 2428 1585 2414 1587 2414 1593 2414 1643 2426 1646 2426 1649 2426 1651 2426 1671 2414 1676 2412 1712 2412 1887 2420 1890 2420 1893 2420 1896 2420 1915 2409 1921 2403 2659 2389 2659 2365 2653 2323 2204 2323 2201 2323 2090 2334 1984 2342 1926 2337 1879 2331 1876 2331 1873 2331 1871 2331 1865 2337 1851 2348 1635 2351 1599 2342 1585 2340 1582 2340 1579 2340 1507 2345 1326 2359 1252 2351 1229 2348 1227 2348 1224 2348 1218 2351 1188 2365 766 2373 574 2365 577 2417"/></Shape>
	    <String CONTENT=""
                    HPOS="574"
                    VPOS="2323"
                    WIDTH="2085"
                    HEIGHT="125"></String>
          </TextLine>
          <TextLine ID="eSc_line_456e0a3b"
                    TAGREFS="LT31"
                    BASELINE="574 2492 2370 2451 2734 2456" 
                    HPOS="571"
                    VPOS="2398"
                    WIDTH="2163"
                    HEIGHT="128">
            <Shape><Polygon POINTS="574 2492 574 2526 838 2506 871 2517 874 2517 877 2517 1399 2495 1685 2501 1687 2501 1690 2501 1726 2487 1829 2498 1832 2498 1835 2498 1879 2484 1976 2495 1979 2495 1982 2495 1984 2495 2007 2481 2076 2492 2079 2492 2498 2470 2731 2478 2734 2456 2731 2401 2406 2398 2404 2398 2401 2398 2373 2406 2337 2414 2276 2406 2226 2401 2223 2401 2115 2409 1959 2423 1896 2414 1865 2409 1862 2409 1860 2409 1848 2414 1826 2426 1790 2414 1776 2412 1773 2412 1771 2412 1768 2412 1754 2414 1707 2428 1599 2417 1576 2417 1574 2417 1571 2417 1568 2417 1546 2431 1399 2423 1396 2423 1324 2437 1110 2426 1074 2426 1071 2426 1068 2426 1066 2426 1066 2428 1041 2442 841 2431 824 2431 821 2431 818 2431 816 2431 788 2448 571 2437 574 2492"/></Shape>
	    <String CONTENT=""
                    HPOS="571"
                    VPOS="2398"
                    WIDTH="2163"
                    HEIGHT="128"></String>
          </TextLine>
          <TextLine ID="eSc_line_7a2a6c5d"
                    TAGREFS="LT33"
                    BASELINE="1726 2512 1923 2494" 
                    HPOS="1726"
                    VPOS="2494"
                    WIDTH="197"
                    HEIGHT="18">
	    <String CONTENT=""
                    HPOS="1726"
                    VPOS="2494"
                    WIDTH="197"
                    HEIGHT="18"></String>
          </TextLine>
          <TextLine ID="eSc_line_517d2012"
                    TAGREFS="LT31"
                    BASELINE="574 2575 2734 2539" 
                    HPOS="571"
                    VPOS="2484"
                    WIDTH="2163"
                    HEIGHT="130">
            <Shape><Polygon POINTS="574 2575 577 2614 621 2598 1054 2606 1068 2606 1071 2606 1077 2606 1257 2589 1657 2595 1660 2595 1737 2578 1812 2592 1815 2592 1904 2575 2390 2584 2393 2584 2395 2584 2398 2584 2401 2584 2431 2564 2567 2564 2728 2578 2734 2539 2728 2498 2567 2484 2565 2484 2562 2484 2512 2501 2501 2503 2473 2501 2370 2489 2368 2489 2365 2489 2323 2503 2320 2503 2318 2503 2240 2489 2237 2489 2234 2489 2179 2506 2168 2509 2159 2506 2107 2492 2104 2492 2101 2492 2098 2492 2062 2509 2059 2509 2048 2509 1951 2498 1948 2498 1946 2498 1943 2498 1923 2512 1921 2514 1732 2517 1671 2514 1404 2503 1401 2503 1399 2503 1338 2523 1329 2523 1321 2523 1257 2509 1254 2509 1252 2509 1249 2509 1232 2523 1227 2528 1027 2528 1018 2528 957 2512 954 2512 952 2512 874 2531 863 2534 727 2534 721 2534 696 2517 694 2517 691 2517 688 2517 571 2534 574 2575"/></Shape>
	    <String CONTENT=""
                    HPOS="571"
                    VPOS="2484"
                    WIDTH="2163"
                    HEIGHT="130"></String>
          </TextLine>
          <TextLine ID="eSc_line_2844db8a"
                    TAGREFS="LT31"
                    BASELINE="569 2650 2684 2612" 
                    HPOS="566"
                    VPOS="2559"
                    WIDTH="2118"
                    HEIGHT="128">
            <Shape><Polygon POINTS="569 2650 569 2673 635 2687 638 2687 2681 2642 2684 2612 2670 2559 2645 2573 2448 2564 2437 2564 2434 2564 2431 2564 2359 2578 2281 2567 2276 2567 2273 2567 2254 2567 2046 2584 1940 2573 1918 2573 1915 2573 1887 2575 1760 2592 566 2600 569 2650"/></Shape>
	    <String CONTENT=""
                    HPOS="566"
                    VPOS="2559"
                    WIDTH="2118"
                    HEIGHT="128"></String>
          </TextLine>
          <TextLine ID="eSc_line_4a80d923"
                    TAGREFS="LT31"
                    BASELINE="569 2725 2665 2687" 
                    HPOS="566"
                    VPOS="2631"
                    WIDTH="2099"
                    HEIGHT="117">
            <Shape><Polygon POINTS="569 2725 569 2748 2662 2709 2665 2687 2656 2631 2379 2634 2376 2634 2373 2634 2370 2637 2343 2656 2209 2656 2145 2642 2120 2639 2118 2639 2037 2645 1876 2662 1762 2653 1671 2648 1668 2648 1665 2648 1635 2656 1601 2670 1463 2670 1407 2664 1332 2653 1329 2653 1326 2653 1324 2653 1324 2656 1310 2667 1302 2673 1257 2667 1185 2659 1182 2659 1179 2659 1177 2659 1160 2670 1149 2678 1002 2678 968 2675 868 2662 866 2662 671 2684 655 2684 652 2684 619 2667 616 2667 613 2667 610 2667 566 2684 569 2725"/></Shape>
	    <String CONTENT=""
                    HPOS="566"
                    VPOS="2631"
                    WIDTH="2099"
                    HEIGHT="117"></String>
          </TextLine>
          <TextLine ID="eSc_line_de25e283"
                    TAGREFS="LT31"
                    BASELINE="563 2798 2673 2759" 
                    HPOS="560"
                    VPOS="2703"
                    WIDTH="2113"
                    HEIGHT="125">
            <Shape><Polygon POINTS="563 2798 563 2828 793 2828 793 2825 796 2825 810 2823 868 2809 1088 2817 1160 2820 1163 2820 1188 2817 1254 2803 1299 2814 1310 2817 1313 2817 1315 2817 1318 2817 1321 2817 1326 2814 1349 2800 1388 2811 1393 2814 1396 2814 1399 2814 1438 2811 1596 2798 1707 2806 1735 2809 1737 2809 1740 2809 1751 2806 1807 2792 1846 2806 1851 2806 1854 2806 1857 2806 1860 2806 1868 2803 1932 2789 1996 2803 2007 2803 2009 2803 2073 2800 2440 2781 2465 2795 2467 2795 2470 2795 2473 2795 2670 2789 2673 2759 2662 2703 2592 2720 2284 2711 2218 2711 2215 2711 2184 2714 2082 2728 1679 2728 1368 2728 1365 2728 1265 2739 1207 2745 1190 2742 1157 2731 1154 2731 1152 2731 1149 2731 1146 2731 1132 2742 1121 2748 1088 2745 1007 2734 1004 2734 1002 2734 999 2734 985 2745 979 2750 921 2748 757 2739 755 2739 752 2739 749 2739 735 2753 732 2756 560 2756 563 2798"/></Shape>
	    <String CONTENT=""
                    HPOS="560"
                    VPOS="2703"
                    WIDTH="2113"
                    HEIGHT="125"></String>
          </TextLine>
          <TextLine ID="eSc_line_20fbc950"
                    TAGREFS="LT31"
                    BASELINE="569 2864 2698 2831" 
                    HPOS="566"
                    VPOS="2775"
                    WIDTH="2132"
                    HEIGHT="117">
            <Shape><Polygon POINTS="569 2864 569 2892 2698 2861 2698 2831 2690 2781 2409 2795 2373 2784 2351 2775 2348 2775 2345 2775 2187 2778 2184 2778 2165 2786 2126 2800 1921 2789 1821 2784 1818 2784 1815 2784 1798 2789 1757 2806 1560 2792 1490 2789 1488 2789 1485 2789 1474 2795 1432 2814 1290 2814 1246 2798 1240 2795 1238 2795 1235 2795 1232 2795 1229 2795 1229 2798 1210 2811 1190 2798 1188 2798 1185 2798 1182 2798 1177 2798 1082 2817 835 2800 799 2800 796 2800 793 2800 788 2803 738 2823 566 2806 569 2864"/></Shape>
	    <String CONTENT=""
                    HPOS="566"
                    VPOS="2775"
                    WIDTH="2132"
                    HEIGHT="117"></String>
          </TextLine>
          <TextLine ID="eSc_line_b83b1b56"
                    TAGREFS="LT31"
                    BASELINE="571 2942 1912 2906 2690 2897" 
                    HPOS="569"
                    VPOS="2853"
                    WIDTH="2121"
                    HEIGHT="125">
            <Shape><Polygon POINTS="571 2942 571 2978 824 2956 916 2972 930 2972 932 2972 952 2970 1077 2950 1193 2961 1196 2961 1532 2942 1554 2956 1557 2956 1560 2956 1562 2956 1565 2956 1568 2956 1621 2939 1651 2953 1657 2956 1660 2956 1662 2956 1685 2953 1796 2934 1884 2947 1904 2950 1907 2950 1909 2950 1912 2950 1915 2947 1943 2931 2065 2928 2123 2942 2134 2945 2137 2945 2140 2945 2195 2942 2412 2922 2456 2934 2462 2936 2465 2936 2467 2936 2687 2928 2690 2897 2681 2853 569 2892 571 2942"/></Shape>
	    <String CONTENT=""
                    HPOS="569"
                    VPOS="2853"
                    WIDTH="2121"
                    HEIGHT="125"></String>
          </TextLine>
          <TextLine ID="eSc_line_8e7b714a"
                    TAGREFS="LT31"
                    BASELINE="560 3011 2676 2970" 
                    HPOS="558"
                    VPOS="2925"
                    WIDTH="2118"
                    HEIGHT="108">
            <Shape><Polygon POINTS="560 3011 560 3033 2676 2997 2676 2970 2667 2925 558 2967 560 3011"/></Shape>
	    <String CONTENT=""
                    HPOS="558"
                    VPOS="2925"
                    WIDTH="2118"
                    HEIGHT="108"></String>
          </TextLine>
          <TextLine ID="eSc_line_fe24d9fb"
                    TAGREFS="LT31"
                    BASELINE="558 3092 1707 3058 2684 3050" 
                    HPOS="555"
                    VPOS="2989"
                    WIDTH="2129"
                    HEIGHT="131">
            <Shape><Polygon POINTS="558 3092 558 3106 644 3120 646 3120 649 3120 705 3106 707 3106 735 3106 1232 3108 1235 3108 1479 3095 1643 3086 1693 3092 1737 3097 1740 3097 1862 3089 2054 3078 2681 3078 2684 3050 2678 3006 2465 2989 2462 2989 2459 2989 2456 2989 2456 2992 2434 3009 2431 3009 2340 2997 2337 2997 2248 3011 2229 2997 2226 2997 2223 2997 2220 2997 2137 3014 2132 3014 2129 3014 2043 2997 2040 2997 1871 3017 1773 3003 1771 3003 1615 3022 1501 3009 1499 3009 1396 3011 1393 3011 1363 3028 1357 3031 1310 3031 1113 3020 1110 3020 910 3036 871 3039 866 3036 824 3022 821 3022 818 3022 816 3022 757 3039 746 3045 555 3045 558 3092"/></Shape>
	    <String CONTENT=""
                    HPOS="555"
                    VPOS="2989"
                    WIDTH="2129"
                    HEIGHT="131"></String>
          </TextLine>
          <TextLine ID="eSc_line_573dda39"
                    TAGREFS="LT31"
                    BASELINE="555 3161 2642 3111" 
                    HPOS="552"
                    VPOS="3056"
                    WIDTH="2090"
                    HEIGHT="130">
            <Shape><Polygon POINTS="555 3161 555 3186 1238 3183 1240 3183 1243 3183 1243 3181 1252 3175 1260 3167 1307 3172 1343 3178 1346 3178 1443 3170 1610 3158 1732 3167 1812 3170 1815 3170 1818 3170 1821 3170 1826 3164 1843 3153 2162 3158 2290 3158 2293 3158 2390 3156 2393 3156 2395 3156 2398 3153 2420 3139 2459 3153 2465 3153 2467 3153 2470 3153 2484 3150 2570 3136 2640 3147 2642 3111 2637 3072 2556 3056 2554 3056 2551 3056 2509 3075 2506 3078 2337 3078 2334 3078 2290 3061 2287 3061 2284 3061 2281 3061 2279 3061 2279 3064 2259 3081 2256 3083 2123 3083 2120 3083 2095 3067 2093 3067 2090 3067 2087 3067 2084 3067 2046 3086 2043 3086 2040 3086 1998 3070 1996 3070 1993 3070 1990 3070 1937 3089 1932 3089 1896 3089 1604 3078 1601 3078 1599 3078 1596 3078 1596 3081 1582 3092 1454 3083 1451 3083 1449 3083 1410 3100 1407 3100 1318 3086 1315 3086 1313 3086 1243 3106 1235 3108 1154 3108 1152 3106 1129 3089 1127 3089 1124 3089 1121 3089 1013 3111 999 3111 988 3111 893 3095 891 3095 888 3095 835 3111 721 3100 719 3100 716 3100 680 3117 680 3120 552 3120 555 3161"/></Shape>
	    <String CONTENT=""
                    HPOS="552"
                    VPOS="3056"
                    WIDTH="2090"
                    HEIGHT="130"></String>
          </TextLine>
          <TextLine ID="eSc_line_13973acb"
                    TAGREFS="LT31"
                    BASELINE="552 3231 2701 3197" 
                    HPOS="549"
                    VPOS="3142"
                    WIDTH="2152"
                    HEIGHT="130">
            <Shape><Polygon POINTS="552 3231 552 3264 596 3256 627 3264 652 3272 655 3272 657 3272 721 3264 791 3253 832 3261 863 3269 866 3269 868 3269 871 3269 874 3269 885 3261 899 3250 1018 3250 1043 3261 1060 3267 1063 3267 1066 3267 1068 3267 1091 3258 1127 3247 1168 3258 1188 3264 1190 3264 1193 3264 1196 3264 1218 3258 1268 3244 1363 3256 1385 3258 1388 3258 1429 3256 1624 3239 1660 3253 1665 3256 1668 3256 1671 3256 2143 3250 2145 3250 2148 3250 2148 3247 2173 3231 2306 3247 2320 3247 2323 3247 2326 3247 2329 3247 2354 3225 2523 3225 2565 3242 2567 3242 2570 3242 2634 3228 2692 3242 2701 3197 2692 3142 2615 3158 2537 3145 2534 3145 2531 3145 2529 3145 2473 3161 2204 3150 2157 3150 2154 3150 2151 3150 2145 3153 2118 3167 2004 3156 1976 3153 1973 3153 1971 3153 1968 3153 1965 3156 1946 3170 1862 3158 1840 3156 1837 3156 1835 3156 1826 3158 1790 3172 1687 3161 1651 3158 1649 3158 1438 3161 1435 3161 1418 3167 1382 3178 1271 3170 1215 3167 1213 3167 1210 3167 1199 3172 1179 3181 1152 3172 1140 3170 1138 3170 1135 3170 1104 3172 1038 3186 549 3186 552 3231"/></Shape>
	    <String CONTENT=""
                    HPOS="549"
                    VPOS="3142"
                    WIDTH="2152"
                    HEIGHT="130"></String>
          </TextLine>
        </TextBlock>
        <TextBlock HPOS="56"
                   VPOS="1447"
                   WIDTH="464"
                   HEIGHT="440"
                   ID="c09347cf-1486-488c-b7c3-5a34b3cc8dfb"
                   TAGREFS="BT43">
          <Shape><Polygon POINTS="520 1447 520 1887 56 1884 74 1447"/></Shape>
        </TextBlock>
        <TextBlock HPOS="235"
                   VPOS="49"
                   WIDTH="248"
                   HEIGHT="157"
                   ID="eSc_textblock_d490a754"
                   TAGREFS="BT44">
          <Shape><Polygon POINTS="235 49 235 206 483 206 483 49"/></Shape>
        </TextBlock>
        <TextBlock ID="eSc_dummyblock_">
          <TextLine ID="eSc_line_487c365a"
                    TAGREFS="LT31"
                    BASELINE="283 133 441 133" 
                    HPOS="283"
                    VPOS="77"
                    WIDTH="158"
                    HEIGHT="125">
            <Shape><Polygon POINTS="421 86 388 83 366 83 338 80 310 77 283 77 283 133 283 185 324 202 327 202 330 202 441 185 441 133 438 119 421 86"/></Shape>
	    <String CONTENT=""
                    HPOS="283"
                    VPOS="77"
                    WIDTH="158"
                    HEIGHT="125"></String>
          </TextLine>
          <TextLine ID="eSc_line_b0c67ccc"
                    TAGREFS="LT31"
                    BASELINE="92 1556 455 1526" 
                    HPOS="102"
                    VPOS="1485"
                    WIDTH="353"
                    HEIGHT="111">
            <Shape><Polygon POINTS="105 1551 105 1576 138 1596 141 1596 144 1596 147 1596 199 1576 297 1585 299 1585 302 1585 305 1582 322 1573 341 1560 455 1571 455 1526 449 1485 113 1510 102 1537"/></Shape>
	    <String CONTENT=""
                    HPOS="102"
                    VPOS="1485"
                    WIDTH="353"
                    HEIGHT="111"></String>
          </TextLine>
          <TextLine ID="eSc_line_765ab2b8"
                    TAGREFS="LT31"
                    BASELINE="91 1609 380 1582" 
                    HPOS="88"
                    VPOS="1535"
                    WIDTH="292"
                    HEIGHT="105">
            <Shape><Polygon POINTS="88 1585 91 1609 94 1640 380 1609 380 1582 372 1535 97 1571 88 1585"/></Shape>
	    <String CONTENT=""
                    HPOS="88"
                    VPOS="1535"
                    WIDTH="292"
                    HEIGHT="105"></String>
          </TextLine>
          <TextLine ID="eSc_line_ec09d33a"
                    TAGREFS="LT31"
                    BASELINE="137 1654 349 1640" 
                    HPOS="166"
                    VPOS="1596"
                    WIDTH="183"
                    HEIGHT="80">
            <Shape><Polygon POINTS="172 1651 172 1676 349 1665 349 1640 341 1596 166 1601 166 1604"/></Shape>
	    <String CONTENT=""
                    HPOS="166"
                    VPOS="1596"
                    WIDTH="183"
                    HEIGHT="80"></String>
          </TextLine>
          <TextLine ID="eSc_line_fe339feb"
                    TAGREFS="LT31"
                    BASELINE="85 1709 205 1687 294 1696" 
                    HPOS="113"
                    VPOS="1651"
                    WIDTH="181"
                    HEIGHT="128">
            <Shape><Polygon POINTS="122 1779 294 1732 294 1696 288 1651 113 1659 116 1704"/></Shape>
	    <String CONTENT=""
                    HPOS="113"
                    VPOS="1651"
                    WIDTH="181"
                    HEIGHT="128"></String>
          </TextLine>
        </TextBlock>
      </PrintSpace>
    </Page>
  </Layout>
</alto>
