<?xml version="1.0" encoding="UTF-8"?>
<alto xmlns:xsi="http://www.w3.org/2001/XMLSchema-instance"
      xmlns="http://www.loc.gov/standards/alto/ns-v4#"
      xsi:schemaLocation="http://www.loc.gov/standards/alto/ns-v4# http://www.loc.gov/standards/alto/v4/alto-4-2.xsd">
  <Description>
    <MeasurementUnit>pixel</MeasurementUnit>
    <sourceImageInformation>
      <fileName>ARCH-DIV-000496_0108.png</fileName>
    </sourceImageInformation>
  </Description>
  <Tags>
    <OtherTag ID="BT42" LABEL="MainZone" DESCRIPTION="block type MainZone"/><OtherTag ID="BT43" LABEL="MarginTextZone" DESCRIPTION="block type MarginTextZone"/><OtherTag ID="BT44" LABEL="NumberingZone" DESCRIPTION="block type NumberingZone"/><OtherTag ID="BT45" LABEL="TitlePageZone" DESCRIPTION="block type TitlePageZone"/><OtherTag ID="BT46" LABEL="CustomZone:Numbering" DESCRIPTION="block type CustomZone:Numbering"/><OtherTag ID="BT49" LABEL="MarginTextZone:lower" DESCRIPTION="block type MarginTextZone:lower"/>
    <OtherTag ID="LT25" LABEL="default" DESCRIPTION="line type default"/><OtherTag ID="LT31" LABEL="DefaultLine" DESCRIPTION="line type DefaultLine"/><OtherTag ID="LT32" LABEL="HeadingLine" DESCRIPTION="line type HeadingLine"/><OtherTag ID="LT33" LABEL="InterlinearLine:addition" DESCRIPTION="line type InterlinearLine:addition"/><OtherTag ID="LT34" LABEL="InterlinearLine:correction" DESCRIPTION="line type InterlinearLine:correction"/>
  </Tags>
  <Layout>
    <Page WIDTH="2790"
          HEIGHT="3331"
          PHYSICAL_IMG_NR="107"
          ID="eSc_dummypage_">
      <PrintSpace HPOS="0"
                  VPOS="0"
                  WIDTH="2790"
                  HEIGHT="3331">
        <TextBlock HPOS="421"
                   VPOS="11"
                   WIDTH="2262"
                   HEIGHT="3318"
                   ID="0ed90151-1048-43a5-adb5-faa24cc59116"
                   TAGREFS="BT42">
          <Shape><Polygon POINTS="497 11 2683 11 2683 3310 421 3329 486 346"/></Shape>
          <TextLine ID="eSc_line_06e4794e"
                    TAGREFS="LT31"
                    BASELINE="560 105 2612 113" 
                    HPOS="560"
                    VPOS="49"
                    WIDTH="2052"
                    HEIGHT="103">
            <Shape><Polygon POINTS="2362 61 2334 61 2306 61 2279 61 2251 58 2223 58 2195 58 2187 58 2170 69 2168 72 2165 69 2140 58 2140 58 2112 58 2068 69 2057 72 2054 69 2037 55 2034 55 2032 55 2029 55 2001 55 1973 55 1946 55 1918 55 1912 52 1868 69 1860 69 1851 69 1782 52 1779 52 1776 52 1737 66 1729 72 1349 72 1335 63 1302 52 1299 52 1296 52 1124 63 1066 66 1060 63 1043 49 1041 49 1038 49 1035 49 1032 49 1029 49 1010 63 1002 66 954 61 905 55 891 58 863 61 835 61 807 63 802 63 799 66 788 63 780 63 752 66 724 66 696 69 669 69 641 72 613 72 585 74 560 74 560 105 560 133 1235 130 1488 141 1607 147 1610 147 1679 144 1848 133 1907 144 1929 149 1932 149 1934 149 1946 147 1971 136 2304 136 2337 149 2340 149 2343 149 2345 152 2609 152 2612 113 2609 74 2387 74 2384 72 2373 61 2362 61"/></Shape>
	    <String CONTENT="de neuf aus mais beaucoup y arrivent plus tôt. Pitits garçons"
                    HPOS="560"
                    VPOS="49"
                    WIDTH="2052"
                    HEIGHT="103"
                    WC="0.999140058384567"></String>
          </TextLine>
          <TextLine ID="eSc_line_07e34e7a"
                    TAGREFS="LT31"
                    BASELINE="563 191 2592 174" 
                    HPOS="560"
                    VPOS="122"
                    WIDTH="2032"
                    HEIGHT="108">
            <Shape><Polygon POINTS="563 191 566 230 599 216 868 227 896 227 899 227 902 227 905 227 946 213 1135 224 1157 224 1160 224 1168 224 1249 210 2590 210 2592 174 2587 141 2354 141 2273 122 2270 122 2268 122 2265 122 2240 141 2240 144 2182 144 2107 144 2062 124 2059 124 2057 124 2054 124 1987 144 1624 144 1579 127 1576 127 1574 127 1476 147 1474 147 1374 130 1371 130 1368 130 1335 147 1213 133 1210 133 1207 133 1204 133 1182 149 1179 149 1118 133 1116 133 1113 133 1110 133 1043 149 1024 133 1021 133 1018 133 924 133 921 133 918 133 916 133 888 152 885 152 868 152 710 136 707 136 560 152 563 191"/></Shape>
	    <String CONTENT="on petites filles &lt; ... . .. . ..... . ......&gt;"
                    HPOS="560"
                    VPOS="122"
                    WIDTH="2032"
                    HEIGHT="108"
                    WC="0.9059314546377762"></String>
          </TextLine>
          <TextLine ID="eSc_line_418d9ce9"
                    TAGREFS="LT31"
                    BASELINE="563 269 2598 241" 
                    HPOS="560"
                    VPOS="202"
                    WIDTH="2038"
                    HEIGHT="95">
            <Shape><Polygon POINTS="563 269 563 297 2595 269 2598 241 2590 202 560 219 563 269"/></Shape>
	    <String CONTENT="ont la meme jurvée de travail que, les adultes: de 5 heures du"
                    HPOS="560"
                    VPOS="202"
                    WIDTH="2038"
                    HEIGHT="95"
                    WC="0.9880372295456548"></String>
          </TextLine>
          <TextLine ID="eSc_line_d16f8fce"
                    TAGREFS="LT31"
                    BASELINE="560 338 2612 316" 
                    HPOS="558"
                    VPOS="266"
                    WIDTH="2054"
                    HEIGHT="105">
            <Shape><Polygon POINTS="560 338 560 371 2609 346 2612 316 2606 277 2351 266 2348 266 2345 266 2343 266 2326 280 2320 283 2290 280 2193 269 2190 269 1943 283 1898 285 1890 285 1840 272 1837 272 1835 272 1832 272 1776 285 1762 288 1743 285 1662 274 1660 274 1526 288 1499 291 1479 288 1385 277 1382 277 1379 277 1329 291 1315 297 1107 297 1107 294 1074 280 1071 280 1068 280 1066 280 1021 294 1013 297 991 297 846 283 843 283 841 283 807 297 802 299 791 297 721 285 719 285 558 299 560 338"/></Shape>
	    <String CONTENT="matiu à midé et de cune heure à huit heures des Pois en ête, de la"
                    HPOS="558"
                    VPOS="266"
                    WIDTH="2054"
                    HEIGHT="105"
                    WC="0.9909084307796815"></String>
          </TextLine>
          <TextLine ID="eSc_line_ba6e68f7"
                    TAGREFS="LT31"
                    BASELINE="555 419 846 405 2637 388" 
                    HPOS="552"
                    VPOS="338"
                    WIDTH="2085"
                    HEIGHT="106">
            <Shape><Polygon POINTS="555 419 555 444 2634 416 2637 388 2631 352 2487 338 2484 338 2481 338 2434 352 2431 352 2406 352 1959 344 1957 344 1954 344 1898 358 1893 358 1848 358 1371 349 1368 349 1365 349 1363 349 1343 363 1340 363 1329 363 1210 352 1207 352 552 369 555 419"/></Shape>
	    <String CONTENT="pouite du jour à midé et de l&#x27;heure à neuf on dix heures du soir en"
                    HPOS="552"
                    VPOS="338"
                    WIDTH="2085"
                    HEIGHT="106"
                    WC="0.9770970793737881"></String>
          </TextLine>
          <TextLine ID="eSc_line_337202a8"
                    TAGREFS="LT31"
                    BASELINE="549 494 2620 463" 
                    HPOS="546"
                    VPOS="416"
                    WIDTH="2074"
                    HEIGHT="116">
            <Shape><Polygon POINTS="549 494 549 519 685 516 694 519 730 532 732 532 735 532 738 532 771 519 777 513 924 510 979 516 1102 527 1104 527 1107 527 1143 513 1160 507 1221 513 1338 521 1340 521 1465 510 1537 502 1579 507 1654 519 1657 519 1729 505 1765 499 1796 505 1846 516 1848 516 1851 516 1854 516 1868 505 1871 502 1879 505 1915 513 1918 513 1921 513 2032 502 2093 496 2107 502 2132 510 2134 510 2137 510 2620 494 2620 463 2612 416 546 452 549 494"/></Shape>
	    <String CONTENT="hiver. Quant aux femmes, à part &lt;... les quelques jours où"
                    HPOS="546"
                    VPOS="416"
                    WIDTH="2074"
                    HEIGHT="116"
                    WC="0.9701809852810229"></String>
          </TextLine>
          <TextLine ID="eSc_line_71e8ec74"
                    TAGREFS="LT31"
                    BASELINE="538 571 1690 546 2615 546" 
                    HPOS="535"
                    VPOS="494"
                    WIDTH="2080"
                    HEIGHT="102">
            <Shape><Polygon POINTS="538 571 538 591 846 582 913 591 954 596 957 596 988 591 1041 580 1188 588 1232 591 1235 591 1238 591 1240 591 1243 588 1257 577 1324 588 1349 591 1351 591 1354 591 1363 588 1390 574 1488 585 1512 588 1515 588 1568 585 1798 569 1901 582 1912 582 1915 582 1926 582 2026 566 2104 580 2107 580 2109 580 2115 580 2254 563 2612 574 2615 546 2612 507 2348 496 2345 496 2190 510 2176 510 2165 510 2032 494 2029 494 2026 494 1954 513 1946 513 1937 513 1832 496 1829 496 1826 496 1782 513 1776 516 1754 513 1618 499 1615 499 1612 499 1579 516 1565 516 1376 502 1374 502 1371 502 1343 516 1163 505 1160 505 1157 505 1154 505 1129 521 1127 521 1110 521 1002 507 999 507 996 507 960 521 946 527 924 521 880 513 877 513 874 513 846 524 832 527 805 524 755 516 752 516 677 524 632 530 624 524 607 513 605 513 602 513 599 513 535 524 538 571"/></Shape>
	    <String CONTENT="leurs coucher ammelles les retrennent au logis, elles passent, comme"
                    HPOS="535"
                    VPOS="494"
                    WIDTH="2080"
                    HEIGHT="102"
                    WC="0.9965495887924644"></String>
          </TextLine>
          <TextLine ID="eSc_line_a854349f"
                    TAGREFS="LT31"
                    BASELINE="544 641 1449 621 2620 624" 
                    HPOS="541"
                    VPOS="569"
                    WIDTH="2079"
                    HEIGHT="99">
            <Shape><Polygon POINTS="544 641 544 655 763 668 766 668 927 655 982 652 1068 655 1282 666 1285 666 1357 655 1399 649 1421 655 1449 663 1451 663 1454 663 1493 655 1524 649 2615 652 2620 624 2617 585 2337 569 2334 569 2232 585 1937 571 1934 571 1932 571 1893 585 1815 571 1812 571 1810 571 1771 585 1635 574 1632 574 1629 574 1626 574 1607 588 1590 574 1587 574 1585 574 1432 574 1429 574 1426 574 1365 591 1066 577 1063 577 1060 577 1057 577 1043 591 1010 577 1007 577 1004 577 1002 577 999 577 982 591 893 580 891 580 888 580 885 580 863 596 621 596 580 580 577 580 574 580 571 580 541 594 544 641"/></Shape>
	    <String CONTENT="leurs maris et leurs enfants, leur vie à là fabrique ou à la mine."
                    HPOS="541"
                    VPOS="569"
                    WIDTH="2079"
                    HEIGHT="99"
                    WC="0.9868092839268671"></String>
          </TextLine>
          <TextLine ID="eSc_line_064d1da7"
                    TAGREFS="LT31"
                    BASELINE="546 716 1735 696 2640 699" 
                    HPOS="544"
                    VPOS="652"
                    WIDTH="2096"
                    HEIGHT="91">
            <Shape><Polygon POINTS="546 716 546 743 2637 727 2640 699 2637 652 1607 652 1604 652 1488 666 1479 666 1449 652 1446 652 1443 652 1318 668 1304 668 1296 668 1177 655 1174 655 1171 655 1135 671 1132 671 1121 671 1018 657 1016 657 1013 657 979 671 963 657 960 657 957 657 954 657 838 674 832 674 824 674 560 660 558 660 555 660 552 660 552 663 544 668 546 716"/></Shape>
	    <String CONTENT="&lt;..... . ... . ...&gt; Il n&#x27;est pas d&#x27;occmpation"
                    HPOS="544"
                    VPOS="652"
                    WIDTH="2096"
                    HEIGHT="91"
                    WC="0.9287584940592448"></String>
          </TextLine>
          <TextLine ID="eSc_line_b6e8cdba"
                    TAGREFS="LT31"
                    BASELINE="558 793 2612 763" 
                    HPOS="555"
                    VPOS="710"
                    WIDTH="2057"
                    HEIGHT="122">
            <Shape><Polygon POINTS="558 793 560 832 619 813 655 824 657 824 660 824 966 807 1024 824 1035 827 1038 827 1041 827 1043 827 1057 824 1118 804 1229 818 1271 824 1274 824 1277 824 1299 818 1349 804 1376 816 1388 821 1390 821 1393 821 1421 816 1463 807 1501 813 1532 818 1535 818 1537 818 1540 818 1546 813 1557 804 1593 813 1615 816 1618 816 1621 816 1635 810 1676 796 1787 807 1860 816 1862 816 2029 813 2032 813 2059 802 2079 796 2118 802 2182 810 2184 810 2187 810 2190 810 2204 799 2220 791 2312 799 2370 802 2373 802 2409 796 2467 785 2512 793 2565 804 2567 804 2570 804 2612 791 2612 763 2606 727 2487 710 2484 710 2295 727 2254 713 2251 713 2248 713 2245 713 2243 713 2218 730 1937 718 1934 718 1796 735 1707 721 1704 721 1485 741 1351 727 1349 727 1346 727 1293 743 1174 730 1171 730 1168 730 1135 743 1121 730 1118 730 1116 730 1113 730 921 749 741 735 738 735 555 755 558 793"/></Shape>
	    <String CONTENT="qu&#x27;elles n&#x27;acceptent : on va jusqu&#x27;à les employer, dans les houllières"
                    HPOS="555"
                    VPOS="710"
                    WIDTH="2057"
                    HEIGHT="122"
                    WC="0.9952713956295605"></String>
          </TextLine>
          <TextLine ID="eSc_line_ebbf12f0"
                    TAGREFS="LT31"
                    BASELINE="546 868 1260 857" 
                    HPOS="544"
                    VPOS="802"
                    WIDTH="716"
                    HEIGHT="97">
            <Shape><Polygon POINTS="546 868 546 885 657 899 660 899 719 885 727 885 1260 885 1260 857 1252 810 1165 818 1135 813 1082 802 1079 802 1077 802 1074 802 1060 816 1052 821 1029 816 988 804 985 804 982 804 979 804 977 804 963 818 957 824 813 824 802 824 721 807 719 807 544 829 546 868"/></Shape>
	    <String CONTENT="auxtravaux du fond."
                    HPOS="544"
                    VPOS="802"
                    WIDTH="716"
                    HEIGHT="97"
                    WC="0.9999079610172071"></String>
          </TextLine>
          <TextLine ID="eSc_line_099e4780"
                    TAGREFS="LT31"
                    BASELINE="610 946 2612 916" 
                    HPOS="607"
                    VPOS="857"
                    WIDTH="2005"
                    HEIGHT="117">
            <Shape><Polygon POINTS="610 946 610 974 2609 938 2612 916 2604 857 2473 871 2459 860 2456 860 2454 860 2451 860 2448 860 2406 877 2259 866 2226 863 2223 863 2220 863 2212 866 2179 879 2145 868 2132 863 2129 863 2126 863 2123 863 2109 868 2082 879 1979 871 1893 866 1890 866 1887 866 1857 874 1821 885 1632 879 1368 874 1365 874 1363 874 1310 888 1290 896 968 899 941 899 771 885 768 885 766 885 730 902 666 885 663 885 660 885 657 885 607 904 610 946"/></Shape>
	    <String CONTENT="Dès lors, on comprend l&#x27;abjection intellectuelle &lt;.......&gt;"
                    HPOS="607"
                    VPOS="857"
                    WIDTH="2005"
                    HEIGHT="117"
                    WC="0.9571175739682954"></String>
          </TextLine>
          <TextLine ID="eSc_line_e8b28214"
                    TAGREFS="LT31"
                    BASELINE="546 1013 2637 993" 
                    HPOS="544"
                    VPOS="941"
                    WIDTH="2093"
                    HEIGHT="94">
            <Shape><Polygon POINTS="546 1013 546 1035 2634 1018 2637 993 2631 957 2368 941 2365 941 2362 941 2359 941 2331 957 2070 946 2068 946 1943 960 1871 946 1868 946 1865 946 1862 946 1837 960 1168 952 1165 952 1163 952 1110 968 935 954 932 954 868 968 852 954 849 954 846 954 843 954 841 954 788 974 544 974 546 1013"/></Shape>
	    <String CONTENT="&lt;..&gt; des proletaises. &lt;. ............. ......&gt;"
                    HPOS="544"
                    VPOS="941"
                    WIDTH="2093"
                    HEIGHT="94"
                    WC="0.9200493239838144"></String>
          </TextLine>
          <TextLine ID="eSc_line_88f84a72"
                    TAGREFS="LT31"
                    BASELINE="552 1093 2628 1060" 
                    HPOS="549"
                    VPOS="1015"
                    WIDTH="2079"
                    HEIGHT="120">
            <Shape><Polygon POINTS="552 1093 555 1135 610 1115 707 1129 710 1129 713 1129 716 1129 732 1113 896 1110 1054 1126 1068 1126 1071 1126 1091 1126 1304 1104 1546 1118 1585 1118 1587 1118 1590 1118 1593 1118 1593 1115 1615 1102 1732 1113 1757 1115 1760 1115 1785 1113 1904 1096 2043 1107 2073 1110 2076 1110 2079 1110 2084 1107 2123 1090 2159 1107 2162 1107 2165 1107 2168 1110 2279 1110 2279 1107 2281 1107 2293 1104 2331 1088 2626 1096 2628 1060 2623 1015 1779 1015 1776 1015 1773 1015 1771 1015 1771 1018 1757 1029 1754 1032 1712 1032 1496 1021 1493 1021 1490 1021 1451 1035 1263 1024 1260 1024 1257 1024 1227 1040 1221 1043 1066 1043 1038 1029 1035 1029 1032 1029 899 1046 891 1046 885 1046 724 1032 721 1032 549 1052 552 1093"/></Shape>
	    <String CONTENT="&lt;..... &gt; Obligés de gogner leur vie"
                    HPOS="549"
                    VPOS="1015"
                    WIDTH="2079"
                    HEIGHT="120"
                    WC="0.961304533481598"></String>
          </TextLine>
          <TextLine ID="eSc_line_e5c31d54"
                    TAGREFS="LT31"
                    BASELINE="546 1163 2548 1126" 
                    HPOS="544"
                    VPOS="1079"
                    WIDTH="2004"
                    HEIGHT="122">
            <Shape><Polygon POINTS="546 1163 546 1188 699 1185 713 1188 766 1201 768 1201 771 1201 774 1201 777 1201 793 1188 793 1185 799 1185 835 1196 838 1196 841 1196 843 1196 868 1185 877 1182 938 1185 1135 1196 1138 1196 1140 1196 1165 1182 1177 1176 1188 1182 1210 1190 1213 1190 1215 1190 1290 1182 1346 1174 1424 1179 1532 1188 1535 1188 1537 1188 1562 1176 1576 1171 1593 1176 1615 1188 1618 1188 1621 1188 1710 1176 1790 1165 1826 1174 1854 1182 1857 1182 1860 1182 1862 1182 1893 1174 1937 1163 2012 1174 2029 1174 2032 1174 2054 1171 2157 1160 2173 1171 2182 1176 2184 1176 2187 1176 2190 1176 2193 1176 2212 1171 2251 1157 2293 1171 2306 1174 2309 1174 2312 1174 2545 1165 2548 1126 2542 1090 2365 1079 2362 1079 2359 1079 2356 1079 2343 1093 2340 1096 2176 1096 2165 1096 2095 1082 2093 1082 2090 1082 2087 1082 2070 1096 2068 1099 2048 1096 1957 1088 1954 1088 1882 1099 1871 1102 1865 1102 1826 1088 1823 1088 1821 1088 1654 1104 1610 1107 1551 1104 1329 1096 1326 1096 1324 1096 1321 1096 1302 1110 1293 1115 993 1118 968 1115 902 1104 899 1104 896 1104 852 1118 835 1121 799 1118 691 1107 688 1107 544 1121 546 1163"/></Shape>
	    <String CONTENT="dès l&#x27;age où l&#x27;on apprend à lire, presque toujours ils n&#x27;ait.....&gt;"
                    HPOS="544"
                    VPOS="1079"
                    WIDTH="2004"
                    HEIGHT="122"
                    WC="0.9869760995480552"></String>
          </TextLine>
          <TextLine ID="eSc_line_909a1276"
                    TAGREFS="LT31"
                    BASELINE="546 1235 2590 1204" 
                    HPOS="544"
                    VPOS="1165"
                    WIDTH="2046"
                    HEIGHT="106">
            <Shape><Polygon POINTS="546 1235 546 1257 638 1271 641 1271 727 1257 732 1254 2590 1240 2590 1204 2584 1165 1904 1165 1901 1165 1687 1182 1657 1182 1640 1182 1526 1171 1524 1171 1401 1185 1288 1174 1285 1174 1210 1188 1124 1176 1121 1176 1118 1176 1116 1176 1093 1190 985 1179 982 1179 727 1196 563 1185 560 1185 558 1185 555 1185 544 1193 546 1235"/></Shape>
	    <String CONTENT="reue aucune instruction. On leur permet seulement, quand"
                    HPOS="544"
                    VPOS="1165"
                    WIDTH="2046"
                    HEIGHT="106"
                    WC="0.9844919038670403"></String>
          </TextLine>
          <TextLine ID="eSc_line_9cdedd24"
                    TAGREFS="LT31"
                    BASELINE="552 1312 2615 1279" 
                    HPOS="549"
                    VPOS="1235"
                    WIDTH="2066"
                    HEIGHT="108">
            <Shape><Polygon POINTS="552 1312 552 1332 885 1343 888 1343 891 1343 893 1343 893 1340 905 1329 907 1329 918 1340 921 1340 924 1340 927 1340 1029 1329 1091 1324 1143 1329 1235 1337 1238 1337 1526 1326 1773 1315 1854 1324 1898 1326 1901 1326 1904 1326 1915 1324 1943 1310 2176 1321 2215 1321 2218 1321 2220 1321 2226 1321 2270 1304 2609 1315 2615 1279 2606 1235 549 1271 552 1312"/></Shape>
	    <String CONTENT="arrive l&#x27;époque de la première communion de s&#x27;abeuter d l&#x27;u¬"
                    HPOS="549"
                    VPOS="1235"
                    WIDTH="2066"
                    HEIGHT="108"
                    WC="0.9979685713847478"></String>
          </TextLine>
          <TextLine ID="eSc_line_ae4f37b9"
                    TAGREFS="LT31"
                    BASELINE="546 1390 1107 1374 2645 1360" 
                    HPOS="544"
                    VPOS="1307"
                    WIDTH="2101"
                    HEIGHT="111">
            <Shape><Polygon POINTS="546 1390 546 1404 1013 1418 1016 1418 1163 1399 1196 1396 1238 1399 1390 1410 1393 1410 1665 1393 1737 1390 1779 1393 1954 1407 1957 1407 2645 1382 2645 1360 2640 1312 2340 1307 2337 1307 2334 1307 2331 1307 2318 1315 2312 1321 2298 1318 2262 1307 2259 1307 2256 1307 2254 1307 2212 1318 2182 1326 2173 1318 2162 1310 2159 1310 2157 1310 2087 1310 2084 1310 1959 1324 1893 1329 1876 1324 1840 1312 1837 1312 1835 1312 1832 1312 1782 1326 1754 1332 1685 1326 1518 1315 1515 1315 1310 1335 1263 1337 1252 1335 1204 1321 1202 1321 1199 1321 1196 1321 1193 1321 1171 1337 1165 1337 1127 1337 902 1329 899 1329 544 1346 546 1390"/></Shape>
	    <String CONTENT="sine pour fréquenter le catéchisme&quot; La grande majorité d&#x27;entre"
                    HPOS="544"
                    VPOS="1307"
                    WIDTH="2101"
                    HEIGHT="111"
                    WC="0.9982294469110428"></String>
          </TextLine>
          <TextLine ID="eSc_line_81688cc2"
                    TAGREFS="LT31"
                    BASELINE="538 1462 1093 1448 2640 1443" 
                    HPOS="535"
                    VPOS="1390"
                    WIDTH="2105"
                    HEIGHT="106">
            <Shape><Polygon POINTS="538 1462 538 1496 757 1496 757 1493 771 1490 852 1473 946 1473 977 1487 985 1493 988 1493 991 1496 991 1493 993 1493 1004 1487 1032 1473 1066 1485 1068 1485 1071 1485 1074 1485 1132 1471 1221 1485 1257 1490 1260 1490 1263 1490 1279 1485 1310 1473 1604 1479 1912 1487 1915 1487 1982 1476 2037 1465 2120 1473 2229 1485 2232 1485 2234 1485 2262 1471 2270 1468 2637 1468 2640 1443 2634 1407 2506 1390 2504 1390 2373 1407 2365 1407 2356 1407 2248 1390 2245 1390 2104 1407 2079 1390 2076 1390 2073 1390 1987 1390 1984 1390 1896 1410 1893 1410 1887 1410 1815 1393 1812 1393 1729 1410 1726 1410 1723 1410 1593 1393 1590 1393 1587 1393 1554 1407 1196 1396 1193 1396 1190 1396 1149 1410 918 1399 916 1399 913 1399 860 1415 855 1418 535 1418 538 1462"/></Shape>
	    <String CONTENT="eux ne recoit pas d&#x27;autre éducation&quot;. Iy à bien ça et là̀ des écoles du"
                    HPOS="535"
                    VPOS="1390"
                    WIDTH="2105"
                    HEIGHT="106"
                    WC="0.9831578640474213"></String>
          </TextLine>
          <TextLine ID="eSc_line_3204cf0b"
                    TAGREFS="LT31"
                    BASELINE="544 1546 2615 1512" 
                    HPOS="541"
                    VPOS="1462"
                    WIDTH="2074"
                    HEIGHT="114">
            <Shape><Polygon POINTS="544 1546 544 1568 768 1562 780 1568 793 1576 796 1576 799 1576 802 1576 857 1565 880 1562 893 1565 927 1576 930 1576 932 1576 1107 1562 1199 1557 1229 1562 1299 1576 1302 1576 1304 1576 1307 1576 1326 1560 1335 1554 1351 1560 1388 1573 1390 1573 1393 1573 1468 1560 1499 1554 1518 1560 1571 1573 1574 1573 1576 1573 1710 1557 1760 1551 1768 1557 1787 1568 1790 1568 1793 1568 1796 1571 1923 1571 1923 1568 2107 1551 2162 1548 2170 1551 2184 1562 2187 1562 2190 1562 2193 1562 2259 1551 2290 1546 2301 1551 2323 1560 2326 1560 2329 1560 2395 1548 2459 1540 2609 1546 2615 1512 2609 1476 2504 1462 2501 1462 2426 1479 2418 1482 2079 1485 2076 1485 2040 1471 2037 1471 2034 1471 1668 1490 1579 1476 1576 1476 1374 1496 1371 1496 1254 1482 1252 1482 1018 1501 905 1487 902 1487 899 1487 896 1487 871 1504 588 1493 585 1493 582 1493 541 1507 544 1546"/></Shape>
	    <String CONTENT="sois, mais comment dez enfauts épuisés par quinge heures de tra¬"
                    HPOS="541"
                    VPOS="1462"
                    WIDTH="2074"
                    HEIGHT="114"
                    WC="0.9691594569012523"></String>
          </TextLine>
          <TextLine ID="eSc_line_083b1cb8"
                    TAGREFS="LT31"
                    BASELINE="541 1609 2670 1596" 
                    HPOS="538"
                    VPOS="1546"
                    WIDTH="2132"
                    HEIGHT="102">
            <Shape><Polygon POINTS="541 1609 541 1632 780 1648 782 1648 785 1648 788 1648 805 1632 841 1632 988 1629 1057 1632 1365 1646 1368 1646 1371 1646 1374 1646 1393 1629 1396 1626 1476 1626 1529 1629 1701 1643 1704 1643 1812 1629 1818 1629 1829 1629 2204 1640 2207 1640 2209 1640 2259 1626 2284 1621 2454 1621 2467 1626 2495 1637 2498 1637 2501 1637 2670 1623 2670 1596 2665 1562 2534 1546 2531 1546 2012 1560 1804 1565 1748 1560 1665 1551 1662 1551 1660 1551 1657 1551 1643 1560 1635 1565 1515 1560 1399 1554 1396 1554 1393 1554 1390 1554 1385 1560 1371 1568 1279 1560 1215 1554 1213 1554 1179 1560 1127 1568 1013 1560 977 1557 974 1557 971 1557 966 1560 938 1571 538 1560 541 1609"/></Shape>
	    <String CONTENT="vait pourraient : ils &lt;.friquenter? Les plus studieux se hornent à par¬"
                    HPOS="538"
                    VPOS="1546"
                    WIDTH="2132"
                    HEIGHT="102"
                    WC="0.9784389485915502"></String>
          </TextLine>
          <TextLine ID="eSc_line_360a00a9"
                    TAGREFS="LT34"
                    BASELINE="1230 1556 1326 1569" 
                    HPOS="1230"
                    VPOS="1556"
                    WIDTH="96"
                    HEIGHT="13">
	    <String CONTENT=""
                    HPOS="1230"
                    VPOS="1556"
                    WIDTH="96"
                    HEIGHT="13"></String>
          </TextLine>
          <TextLine ID="eSc_line_76d74cea"
                    TAGREFS="LT31"
                    BASELINE="533 1684 2598 1679" 
                    HPOS="530"
                    VPOS="1618"
                    WIDTH="2068"
                    HEIGHT="89">
            <Shape><Polygon POINTS="533 1684 533 1707 2595 1701 2598 1679 2590 1626 2073 1643 2046 1632 2018 1618 2015 1618 2012 1618 2009 1618 2007 1618 1984 1632 1971 1640 1948 1632 1934 1626 1932 1626 1929 1626 1926 1626 1923 1626 1915 1632 1896 1646 1754 1646 1726 1634 1704 1626 1701 1626 1698 1626 1696 1626 1674 1634 1651 1643 1537 1637 1457 1632 1454 1632 1451 1632 1449 1632 1443 1637 1429 1648 1243 1648 1229 1640 1199 1621 1196 1621 1193 1621 1190 1621 1188 1621 1160 1634 1138 1621 1135 1621 1132 1621 791 1621 788 1621 785 1621 746 1640 530 1646 533 1684"/></Shape>
	    <String CONTENT="ser &lt;.s du dimanche à quelue ciole dominicale du clergé"
                    HPOS="530"
                    VPOS="1618"
                    WIDTH="2068"
                    HEIGHT="89"
                    WC="0.9649651050567627"></String>
          </TextLine>
          <TextLine ID="eSc_line_21bc83a9"
                    TAGREFS="LT34"
                    BASELINE="779 1652 1163 1650" 
                    HPOS="779"
                    VPOS="1650"
                    WIDTH="384"
                    HEIGHT="2">
	    <String CONTENT=""
                    HPOS="779"
                    VPOS="1650"
                    WIDTH="384"
                    HEIGHT="2"></String>
          </TextLine>
          <TextLine ID="eSc_line_7d03ee77"
                    TAGREFS="LT31"
                    BASELINE="527 1765 830 1754 1866 1761 1866 1761 2612 1748" 
                    HPOS="524"
                    VPOS="1696"
                    WIDTH="2088"
                    HEIGHT="105">
            <Shape><Polygon POINTS="527 1782 896 1782 916 1798 918 1798 921 1798 924 1801 1029 1801 1029 1798 1032 1798 1035 1798 1057 1782 1315 1795 1318 1795 1429 1779 1432 1779 1482 1795 1485 1795 1488 1798 1890 1798 1890 1795 1996 1782 2329 1793 2331 1793 2418 1776 2462 1793 2465 1793 2467 1793 2609 1770 2612 1748 2606 1712 2123 1696 2120 1696 1904 1712 1862 1715 1857 1712 1835 1701 1832 1701 1829 1701 1599 1712 1551 1715 1543 1715 1485 1698 1482 1698 1479 1698 1476 1698 1440 1715 1438 1715 1435 1715 1401 1698 1399 1698 1271 1698 1268 1698 1265 1698 1215 1715 1202 1721 1077 1721 1068 1715 1046 1701 1043 1701 1041 1701 1038 1701 1035 1701 982 1715 968 1721 899 1721 893 1715 877 1701 874 1701 871 1701 868 1701 866 1701 810 1715 799 1718 782 1715 691 1701 688 1701 524 1715 527 1765"/></Shape>
	    <String CONTENT="et l&#x27;on estime que c&#x27;est bien suffisant. Leur mésère phyrique va de"
                    HPOS="524"
                    VPOS="1696"
                    WIDTH="2088"
                    HEIGHT="105"
                    WC="0.99132585703437"></String>
          </TextLine>
          <TextLine ID="eSc_line_326140e8"
                    TAGREFS="LT31"
                    BASELINE="527 1843 793 1832 2617 1837" 
                    HPOS="527"
                    VPOS="1793"
                    WIDTH="2090"
                    HEIGHT="72">
            <Shape><Polygon POINTS="527 1843 527 1865 2615 1859 2617 1837 2615 1798 527 1793 527 1843"/></Shape>
	    <String CONTENT="pais avec leur misère morale. Prusuffisamment alimentis pri¬"
                    HPOS="527"
                    VPOS="1793"
                    WIDTH="2090"
                    HEIGHT="72"
                    WC="0.9880370418230693"></String>
          </TextLine>
          <TextLine ID="eSc_line_6e61b6bd"
                    TAGREFS="LT31"
                    BASELINE="521 1915 2628 1915" 
                    HPOS="521"
                    VPOS="1865"
                    WIDTH="2107"
                    HEIGHT="91">
            <Shape><Polygon POINTS="521 1915 521 1937 938 1937 941 1937 1091 1954 1093 1956 1232 1956 1232 1954 1235 1954 1282 1937 1346 1954 1349 1954 1351 1956 1748 1956 1748 1954 1751 1954 1793 1937 1796 1937 1851 1954 1854 1954 1857 1954 2118 1951 2120 1951 2123 1951 2143 1937 2145 1937 2207 1954 2209 1954 2212 1954 2473 1940 2592 1954 2595 1954 2598 1954 2628 1937 2628 1915 2626 1865 521 1868 521 1915"/></Shape>
	    <String CONTENT="vès de toute vie de famille, &lt;........ ....&gt; il faudrait que du moins"
                    HPOS="521"
                    VPOS="1865"
                    WIDTH="2107"
                    HEIGHT="91"
                    WC="0.9644493382910023"></String>
          </TextLine>
          <TextLine ID="eSc_line_37757519"
                    TAGREFS="LT31"
                    BASELINE="521 1998 2595 1998" 
                    HPOS="521"
                    VPOS="1940"
                    WIDTH="2074"
                    HEIGHT="86">
            <Shape><Polygon POINTS="521 1998 521 2026 2595 2018 2595 1998 2590 1940 2526 1959 2451 1940 2448 1940 2445 1940 2442 1940 2437 1940 2343 1962 2182 1962 2134 1943 2129 1940 2126 1940 2021 1940 2018 1940 2015 1940 2012 1940 2009 1943 1982 1959 1909 1943 1893 1940 1693 1940 1690 1940 1687 1940 1685 1940 1679 1943 1657 1959 1543 1945 1499 1940 1496 1940 1493 1940 1476 1945 1432 1962 1249 1962 1227 1945 1224 1943 1221 1943 1218 1943 1215 1943 1213 1943 1204 1945 1174 1962 938 1962 905 1948 882 1940 880 1940 755 1940 752 1940 749 1940 746 1940 735 1948 721 1959 705 1948 688 1940 685 1940 682 1940 680 1940 652 1948 621 1959 594 1951 563 1940 560 1940 558 1940 555 1940 521 1948 521 1998"/></Shape>
	    <String CONTENT="pendant leurs premières années ou puêt les confies à des ccoles grer¬"
                    HPOS="521"
                    VPOS="1940"
                    WIDTH="2074"
                    HEIGHT="86"
                    WC="0.9932555990559714"></String>
          </TextLine>
          <TextLine ID="eSc_line_d0cfaf78"
                    TAGREFS="LT31"
                    BASELINE="521 2079 2590 2073" 
                    HPOS="519"
                    VPOS="2026"
                    WIDTH="2071"
                    HEIGHT="89">
            <Shape><Polygon POINTS="521 2079 521 2115 594 2101 796 2101 827 2115 830 2115 832 2115 835 2115 932 2101 1374 2115 1410 2115 1413 2115 1418 2115 1476 2101 1532 2115 1535 2115 1537 2115 1540 2115 1549 2115 1651 2098 2584 2112 2590 2073 2584 2034 519 2026 521 2079"/></Shape>
	    <String CONTENT="diennes, mais dans le plus grand nombre des villes, il n&#x27;y en a pas¬"
                    HPOS="519"
                    VPOS="2026"
                    WIDTH="2071"
                    HEIGHT="89"
                    WC="0.9971080019193537"></String>
          </TextLine>
          <TextLine ID="eSc_line_2339c227"
                    TAGREFS="LT31"
                    BASELINE="521 2156 2637 2156" 
                    HPOS="521"
                    VPOS="2101"
                    WIDTH="2116"
                    HEIGHT="97">
            <Shape><Polygon POINTS="521 2156 521 2195 627 2181 802 2195 807 2195 810 2195 813 2195 938 2181 1007 2195 1010 2195 1013 2195 1018 2195 1149 2181 1238 2195 1243 2195 1246 2195 1252 2195 1332 2181 1515 2195 1532 2195 1535 2198 1740 2198 1740 2195 1743 2195 1746 2195 1765 2181 2634 2192 2637 2156 2637 2117 2329 2101 2326 2101 2204 2112 2176 2115 2165 2112 2132 2101 2129 2101 2126 2101 2123 2101 2120 2101 2107 2112 2101 2117 1968 2117 1932 2112 1860 2101 1857 2101 1796 2109 1757 2115 1746 2109 1729 2101 1726 2101 1723 2101 1635 2109 1557 2115 1529 2106 1507 2101 1504 2101 1501 2101 1499 2101 1496 2101 1488 2106 1474 2117 1046 2117 838 2101 799 2101 796 2101 768 2101 591 2115 521 2101 521 2156"/></Shape>
	    <String CONTENT="Il faudrait, plus encvre, qu&#x27;on les protègéat contre l&#x27;exploitation pré¬"
                    HPOS="521"
                    VPOS="2101"
                    WIDTH="2116"
                    HEIGHT="97"
                    WC="0.9998103520936437"></String>
          </TextLine>
          <TextLine ID="eSc_line_67a7fe56"
                    TAGREFS="LT31"
                    BASELINE="531 2236 1043 2228 2609 2237" 
                    HPOS="410"
                    VPOS="2179"
                    WIDTH="2199"
                    HEIGHT="99">
            <Shape><Polygon POINTS="433 2198 410 2198 410 2245 410 2278 513 2278 513 2276 516 2276 571 2256 635 2273 638 2273 641 2273 732 2256 1041 2256 1093 2276 1096 2276 1099 2276 1102 2276 1143 2256 1246 2270 1249 2270 1424 2256 1451 2273 1454 2273 1457 2273 1460 2273 1690 2262 1726 2276 1729 2276 1732 2276 2168 2259 2256 2270 2259 2270 2262 2270 2265 2270 2284 2256 2348 2270 2351 2270 2354 2270 2412 2256 2604 2276 2609 2237 2606 2187 1871 2195 1829 2190 1776 2181 1773 2181 1771 2181 1748 2190 1735 2195 1704 2190 1654 2181 1651 2181 1604 2190 1582 2195 1574 2190 1554 2179 1551 2179 1549 2179 1332 2179 1329 2179 1240 2192 1215 2195 1190 2192 1088 2179 1085 2179 1082 2179 1029 2192 1021 2195 1013 2192 966 2179 963 2179 960 2179 957 2179 913 2195 910 2195 891 2179 888 2179 885 2179 882 2179 880 2179 830 2195 824 2198 449 2198 435 2240"/></Shape>
	    <String CONTENT="mesie de un fous on sauvane y sap. e de miease"
                    HPOS="410"
                    VPOS="2179"
                    WIDTH="2199"
                    HEIGHT="99"
                    WC="0.8298308324554692"></String>
          </TextLine>
          <TextLine ID="eSc_line_8d783bc8"
                    TAGREFS="LT31"
                    BASELINE="524 2309 2509 2315" 
                    HPOS="521"
                    VPOS="2253"
                    WIDTH="1988"
                    HEIGHT="106">
            <Shape><Polygon POINTS="524 2309 521 2326 691 2328 741 2353 744 2353 746 2353 749 2353 752 2353 777 2334 899 2334 954 2353 957 2353 960 2353 963 2353 966 2353 988 2334 1227 2331 1268 2331 1274 2331 1376 2353 1379 2353 1382 2353 1385 2353 1418 2331 1424 2331 1537 2356 1540 2356 1657 2342 1723 2356 1726 2356 1729 2356 1765 2340 1962 2356 1965 2356 1968 2356 2015 2334 2018 2334 2059 2356 2062 2356 2065 2356 2068 2356 2118 2334 2123 2334 2129 2334 2182 2351 2184 2351 2187 2351 2293 2340 2318 2356 2320 2356 2323 2356 2326 2359 2459 2359 2459 2356 2462 2356 2506 2337 2509 2315 2506 2273 1996 2259 1993 2259 1957 2267 1921 2276 1518 2276 1307 2259 1235 2256 1232 2256 1229 2256 1221 2259 1199 2270 1182 2259 1179 2256 1177 2256 1174 2256 982 2256 979 2256 966 2256 830 2270 807 2256 805 2256 802 2256 799 2256 796 2256 768 2270 682 2256 680 2256 677 2256 616 2270 524 2253 524 2309"/></Shape>
	    <String CONTENT="chaeton, des enfaut de douxe ans, gascons et filles, sont employés"
                    HPOS="521"
                    VPOS="2253"
                    WIDTH="1988"
                    HEIGHT="106"
                    WC="0.9815596992319281"></String>
          </TextLine>
          <TextLine ID="eSc_line_f008e808"
                    TAGREFS="LT31"
                    BASELINE="519 2389 2579 2401" 
                    HPOS="516"
                    VPOS="2326"
                    WIDTH="2063"
                    HEIGHT="105">
            <Shape><Polygon POINTS="519 2389 516 2409 555 2426 558 2426 560 2426 793 2412 821 2412 824 2412 849 2426 852 2426 855 2426 1043 2414 1066 2414 1068 2414 1093 2428 1096 2428 1099 2428 1102 2428 1104 2428 1124 2414 1127 2414 1149 2414 1282 2428 1285 2428 1357 2417 1382 2414 1396 2417 1426 2428 1429 2428 1432 2431 2576 2431 2579 2401 2579 2345 2559 2334 2556 2334 2554 2334 2551 2334 2548 2334 2545 2334 2526 2348 2512 2359 2415 2359 2398 2348 2384 2340 2381 2340 2379 2340 2376 2340 2373 2340 2351 2348 2329 2356 2304 2348 2268 2334 2265 2334 1987 2331 1984 2331 1982 2331 1918 2348 1896 2353 1879 2348 1840 2331 1837 2331 1835 2331 1757 2348 1729 2353 1701 2348 1643 2334 1640 2334 1637 2334 1612 2348 1599 2353 1574 2348 1515 2334 1512 2334 1510 2334 1476 2348 1465 2351 1426 2348 1324 2337 1321 2337 1129 2348 1046 2351 996 2348 777 2326 774 2326 771 2326 727 2348 724 2348 519 2348 519 2389"/></Shape>
	    <String CONTENT="comme hiercheurs&quot; &lt;...&gt; au fond de la bure, ocpés toute la"
                    HPOS="516"
                    VPOS="2326"
                    WIDTH="2063"
                    HEIGHT="105"
                    WC="0.9633368346197851"></String>
          </TextLine>
          <TextLine ID="eSc_line_bbe65526"
                    TAGREFS="LT34"
                    BASELINE="1980 2364 2218 2355" 
                    HPOS="1980"
                    VPOS="2355"
                    WIDTH="238"
                    HEIGHT="9">
	    <String CONTENT=""
                    HPOS="1980"
                    VPOS="2355"
                    WIDTH="238"
                    HEIGHT="9"></String>
          </TextLine>
          <TextLine ID="eSc_line_0c332412"
                    TAGREFS="LT31"
                    BASELINE="516 2467 2587 2473" 
                    HPOS="516"
                    VPOS="2417"
                    WIDTH="2071"
                    HEIGHT="89">
            <Shape><Polygon POINTS="516 2467 516 2501 1357 2489 1576 2503 1635 2506 1637 2506 1640 2506 1654 2503 1690 2495 1951 2503 2043 2506 2046 2506 2048 2506 2051 2506 2054 2503 2073 2492 2581 2503 2587 2473 2584 2434 516 2417 516 2467"/></Shape>
	    <String CONTENT="journée à l&#x27;ouverture et à la fermeture des portes d&#x27;aésage, au"
                    HPOS="516"
                    VPOS="2417"
                    WIDTH="2071"
                    HEIGHT="89"
                    WC="0.988022060577686"></String>
          </TextLine>
          <TextLine ID="eSc_line_08821e73"
                    TAGREFS="LT31"
                    BASELINE="505 2537 2587 2553" 
                    HPOS="502"
                    VPOS="2478"
                    WIDTH="2085"
                    HEIGHT="111">
            <Shape><Polygon POINTS="505 2537 502 2553 741 2570 744 2570 952 2562 988 2562 993 2562 1041 2578 1043 2578 1046 2578 1143 2564 1171 2562 1185 2564 1224 2581 1227 2581 1229 2581 1382 2570 1446 2564 1479 2570 1546 2584 1549 2584 1723 2575 1812 2570 1887 2575 1984 2587 1987 2589 2179 2589 2179 2587 2182 2587 2193 2581 2209 2573 2237 2584 2259 2589 2262 2589 2265 2589 2584 2587 2587 2553 2587 2506 2542 2492 2540 2492 2537 2492 2534 2492 2498 2509 2492 2512 2245 2512 2234 2506 2204 2489 2201 2489 2070 2489 2068 2489 1929 2503 1896 2506 1884 2503 1843 2487 1840 2487 1837 2487 1835 2487 1787 2503 1785 2503 1782 2503 1746 2487 1743 2487 1740 2487 1737 2487 1690 2503 1682 2503 1662 2501 1568 2489 1565 2489 1424 2501 1404 2501 1401 2501 1371 2484 1368 2484 1365 2484 1252 2498 1232 2501 1215 2498 1124 2481 1121 2481 946 2498 927 2498 924 2498 907 2481 905 2481 902 2481 899 2481 835 2495 810 2478 807 2478 805 2478 802 2478 799 2478 755 2495 752 2495 746 2495 596 2478 594 2478 505 2492 505 2537"/></Shape>
	    <String CONTENT="sein de l&#x27;obscurité des galeries, y contractent des déformations du"
                    HPOS="502"
                    VPOS="2478"
                    WIDTH="2085"
                    HEIGHT="111"
                    WC="0.9832595230928108"></String>
          </TextLine>
          <TextLine ID="eSc_line_2033b24e"
                    TAGREFS="LT31"
                    BASELINE="510 2617 2565 2637" 
                    HPOS="508"
                    VPOS="2562"
                    WIDTH="2057"
                    HEIGHT="102">
            <Shape><Polygon POINTS="510 2617 508 2637 544 2653 546 2653 549 2653 799 2642 816 2656 818 2656 821 2656 824 2656 1629 2650 1682 2664 1685 2664 1687 2664 2562 2656 2565 2637 2562 2598 2365 2581 2362 2581 2290 2592 2276 2595 2268 2592 2229 2575 2226 2575 2018 2575 2015 2575 2012 2575 1984 2589 1979 2592 1962 2589 1909 2578 1907 2578 1782 2587 1735 2589 1723 2587 1685 2570 1682 2570 1543 2570 1540 2570 1537 2570 1535 2570 1518 2584 1515 2587 1507 2584 1474 2570 1471 2570 1468 2570 1354 2581 1326 2584 1321 2581 1293 2567 1290 2567 1288 2567 1190 2578 1149 2584 1099 2578 977 2564 974 2564 971 2564 968 2564 949 2575 941 2581 882 2575 735 2562 732 2562 510 2570 510 2617"/></Shape>
	    <String CONTENT="syeleble ou y deviennent intéciles. Le nombre des &lt;. d miliciens"
                    HPOS="508"
                    VPOS="2562"
                    WIDTH="2057"
                    HEIGHT="102"
                    WC="0.9924046788364649"></String>
          </TextLine>
          <TextLine ID="eSc_line_1453205c"
                    TAGREFS="LT31"
                    BASELINE="510 2698 877 2689 2595 2720" 
                    HPOS="510"
                    VPOS="2637"
                    WIDTH="2085"
                    HEIGHT="116">
            <Shape><Polygon POINTS="510 2698 510 2720 677 2709 763 2725 771 2725 774 2725 780 2725 855 2711 1304 2734 1379 2736 1382 2736 1399 2736 1504 2723 1693 2739 1726 2742 1729 2742 1776 2742 2073 2731 2173 2748 2179 2748 2182 2748 2193 2748 2351 2736 2590 2753 2595 2720 2590 2673 2459 2681 2401 2670 2373 2664 2370 2664 2340 2670 2284 2678 2265 2667 2256 2662 2254 2662 2251 2662 2248 2662 2245 2662 2226 2667 2201 2675 2170 2667 2151 2662 2148 2662 2145 2662 2120 2667 2082 2675 2068 2667 2062 2659 2059 2659 2057 2659 2054 2659 2015 2664 1971 2673 1937 2664 1904 2656 1901 2656 1898 2656 1740 2662 1612 2667 1590 2662 1560 2650 1557 2650 1554 2650 1485 2659 1446 2664 1424 2659 1382 2648 1379 2648 1376 2648 1268 2656 1215 2662 1207 2656 1188 2645 1185 2645 1182 2645 1179 2645 1177 2645 1135 2656 1118 2659 719 2656 705 2650 632 2637 630 2637 510 2648 510 2698"/></Shape>
	    <String CONTENT="refusés pour cause de faiblesse, d&#x27;insuffisance de taille en de mala¬"
                    HPOS="510"
                    VPOS="2637"
                    WIDTH="2085"
                    HEIGHT="116"
                    WC="0.9840768981670988"></String>
          </TextLine>
          <TextLine ID="eSc_line_d212f962"
                    TAGREFS="LT31"
                    BASELINE="510 2767 2021 2786 2540 2806 2584 2817" 
                    HPOS="510"
                    VPOS="2709"
                    WIDTH="2074"
                    HEIGHT="125">
            <Shape><Polygon POINTS="510 2767 510 2798 1218 2798 1463 2814 1532 2820 1535 2820 1626 2820 2001 2809 2051 2825 2054 2825 2057 2825 2062 2825 2170 2811 2579 2834 2584 2817 2584 2759 2551 2742 2548 2742 2545 2742 2542 2742 2495 2759 2290 2759 2290 2756 2234 2734 2232 2734 1965 2731 1962 2731 1959 2731 1893 2750 1887 2750 1873 2750 1698 2725 1696 2725 1601 2745 1599 2745 1596 2745 1560 2731 1557 2731 1554 2731 1318 2739 1293 2720 1290 2720 1288 2720 1285 2720 1282 2720 1221 2739 1218 2739 1215 2739 1168 2717 1165 2717 1163 2717 1160 2717 1104 2736 1102 2739 1018 2739 1013 2736 979 2717 977 2717 974 2717 971 2717 916 2734 888 2714 885 2714 882 2714 880 2714 877 2714 821 2731 813 2734 799 2731 713 2717 710 2717 649 2728 627 2711 627 2709 624 2709 621 2709 619 2709 510 2725 510 2767"/></Shape>
	    <String CONTENT="dies constitutiormelles tiuoigut cruellement de la déchéuvce ply¬"
                    HPOS="510"
                    VPOS="2709"
                    WIDTH="2074"
                    HEIGHT="125"
                    WC="0.9819726485472459"></String>
          </TextLine>
          <TextLine ID="eSc_line_993a819b"
                    TAGREFS="LT31"
                    BASELINE="508 2842 2604 2892" 
                    HPOS="505"
                    VPOS="2789"
                    WIDTH="2099"
                    HEIGHT="133">
            <Shape><Polygon POINTS="508 2842 505 2859 632 2878 635 2878 730 2867 735 2867 746 2867 857 2884 860 2884 952 2872 968 2872 974 2875 1004 2886 1007 2886 1010 2886 1354 2886 1504 2886 2598 2922 2604 2892 2604 2848 2495 2828 2379 2825 2376 2825 2373 2825 2343 2839 2337 2842 2323 2839 2265 2823 2262 2823 2259 2823 2021 2831 1912 2834 1823 2834 1812 2825 1796 2811 1793 2811 1790 2811 1787 2811 1726 2823 1721 2823 1710 2823 1543 2806 1540 2806 1485 2817 1451 2823 1432 2814 1401 2803 1399 2803 1396 2803 1393 2803 1357 2814 1332 2820 1107 2814 1099 2806 1088 2795 1085 2795 1082 2795 1079 2795 1027 2803 985 2811 932 2803 863 2789 860 2789 788 2798 741 2803 508 2792 508 2842"/></Shape>
	    <String CONTENT="sique des travailleurs industruls. A Liège de 1836 a 1841 il est de"
                    HPOS="505"
                    VPOS="2789"
                    WIDTH="2099"
                    HEIGHT="133"
                    WC="0.9929001019961798"></String>
          </TextLine>
          <TextLine ID="eSc_line_8a69855c"
                    TAGREFS="LT31"
                    BASELINE="505 2936 877 2931 1821 2961 2315 2964 2609 2986" 
                    HPOS="505"
                    VPOS="2870"
                    WIDTH="2104"
                    HEIGHT="147">
            <Shape><Polygon POINTS="505 2936 505 2961 752 2947 766 2959 766 2961 768 2961 771 2961 774 2961 907 2953 1132 2978 1154 2981 1157 2981 1168 2981 1299 2961 1354 2978 1357 2978 1360 2978 1363 2978 1365 2978 1388 2964 1440 2986 1446 2989 1449 2989 1451 2989 1454 2989 1460 2989 1501 2972 1790 2997 1846 3000 1848 3000 1851 3000 1860 2997 1926 2981 2087 3000 2090 3000 2093 3000 2154 2984 2170 2997 2173 2997 2176 2997 2179 2997 2348 2989 2440 3014 2442 3014 2445 3014 2604 3017 2609 2986 2609 2922 2198 2909 2195 2909 2193 2909 2182 2914 2162 2922 2132 2914 2107 2906 2104 2906 2101 2906 2051 2911 1968 2922 1488 2911 1474 2903 1457 2895 1454 2895 1451 2895 1449 2895 1435 2900 1421 2909 1313 2906 1304 2900 1285 2884 1282 2884 1279 2884 1277 2884 1274 2884 1232 2897 1213 2903 1185 2897 1121 2884 1118 2884 1027 2895 999 2897 993 2895 974 2878 974 2875 971 2875 968 2875 877 2872 874 2872 871 2872 868 2872 841 2892 838 2892 816 2892 549 2870 546 2870 544 2870 505 2881 505 2936"/></Shape>
	    <String CONTENT="26 pour cent, tandis qu&#x27;il ne depasse pas 15 pour cent dans le distriit"
                    HPOS="505"
                    VPOS="2870"
                    WIDTH="2104"
                    HEIGHT="147"
                    WC="0.9832181393260687"></String>
          </TextLine>
          <TextLine ID="eSc_line_068216e8"
                    TAGREFS="LT31"
                    BASELINE="499 3011 827 3009 1674 3042 2542 3047" 
                    HPOS="496"
                    VPOS="2956"
                    WIDTH="2046"
                    HEIGHT="130">
            <Shape><Polygon POINTS="499 3011 496 3033 1449 3067 1451 3067 1515 3056 1585 3070 1587 3070 1668 3056 1671 3056 1687 3070 1690 3070 1693 3070 1696 3070 1957 3064 2032 3078 2034 3078 2259 3067 2262 3067 2279 3081 2279 3083 2281 3083 2284 3083 2420 3086 2423 3086 2540 3070 2542 3047 2542 3009 2473 2992 2470 2992 2320 3003 2270 3006 2237 3000 2129 2984 2126 2984 1923 2995 1857 2997 1615 2995 1607 2989 1574 2972 1571 2972 1568 2972 1565 2972 1562 2972 1543 2986 1540 2989 1532 2986 1488 2972 1485 2972 1482 2972 1479 2972 1454 2986 1446 2989 1138 2984 1132 2978 1102 2964 1099 2964 1096 2964 1093 2964 1063 2978 1060 2978 1027 2975 760 2956 757 2956 755 2956 705 2970 694 2972 688 2970 660 2956 657 2956 655 2956 499 2964 499 3011"/></Shape>
	    <String CONTENT="Agricole voisin de Waremme. En 1841, sur cent houilleurs, 43, &lt;...&gt;"
                    HPOS="496"
                    VPOS="2956"
                    WIDTH="2046"
                    HEIGHT="130"
                    WC="0.9889401188537256"></String>
          </TextLine>
          <TextLine ID="eSc_line_aee520f0"
                    TAGREFS="LT31"
                    BASELINE="491 3081 1646 3111 2601 3117" 
                    HPOS="488"
                    VPOS="3028"
                    WIDTH="2113"
                    HEIGHT="128">
            <Shape><Polygon POINTS="491 3081 488 3103 605 3120 607 3120 835 3111 838 3111 907 3131 910 3131 913 3131 916 3131 952 3114 1232 3136 1426 3139 1429 3139 1432 3139 1468 3125 1596 3142 1599 3142 1601 3142 1604 3142 1618 3128 1676 3145 1679 3145 1682 3145 1757 3133 1848 3147 1851 3147 1854 3147 1915 3131 1934 3145 1937 3145 1940 3145 2187 3153 2190 3153 2193 3153 2232 3136 2293 3156 2295 3156 2298 3156 2390 3139 2484 3153 2487 3153 2598 3139 2601 3117 2595 3067 2509 3081 2454 3064 2442 3061 2440 3061 2437 3061 2420 3064 2356 3078 2290 3064 2268 3058 2265 3058 2262 3058 2259 3058 2256 3061 2237 3075 2140 3061 2129 3061 2126 3061 2115 3061 2015 3072 1996 3061 1984 3053 1982 3053 1979 3053 1976 3053 1973 3053 1971 3053 1959 3061 1940 3070 1388 3064 1357 3056 1302 3042 1299 3042 1296 3042 1293 3042 1274 3053 1265 3058 1232 3053 1146 3039 1143 3039 1140 3039 1138 3039 1121 3053 1118 3056 1116 3053 1099 3039 1096 3039 1093 3039 1091 3039 971 3050 968 3050 966 3050 907 3033 905 3033 902 3033 899 3033 857 3050 855 3050 852 3050 793 3033 791 3033 788 3033 785 3033 752 3050 749 3050 730 3050 546 3028 544 3028 541 3028 491 3045 491 3081"/></Shape>
	    <String CONTENT="&lt;... ... ...... &gt; sur cent clautiers 36 sont ré¬"
                    HPOS="488"
                    VPOS="3028"
                    WIDTH="2113"
                    HEIGHT="128"
                    WC="0.938942109545072"></String>
          </TextLine>
          <TextLine ID="eSc_line_5b8bcf53"
                    TAGREFS="LT31"
                    BASELINE="494 3167 710 3161 2065 3194 2592 3194" 
                    HPOS="494"
                    VPOS="3103"
                    WIDTH="2098"
                    HEIGHT="133">
            <Shape><Polygon POINTS="494 3167 494 3200 655 3186 721 3203 730 3206 732 3206 735 3206 766 3206 949 3192 974 3208 979 3211 982 3211 985 3211 1093 3214 1096 3214 1124 3208 1174 3197 1207 3211 1224 3217 1227 3217 1229 3217 1335 3211 1493 3203 1568 3214 1637 3225 1640 3225 1685 3217 1718 3208 1943 3214 1948 3219 1962 3231 1965 3231 1968 3231 1971 3231 1973 3231 2018 3219 2046 3214 2107 3219 2240 3236 2243 3236 2590 3225 2592 3194 2587 3145 2523 3158 2445 3142 2442 3142 2337 3156 2318 3139 2315 3139 2312 3139 2309 3139 2306 3139 2184 3153 2112 3136 2109 3136 2107 3136 2104 3136 2043 3150 1957 3133 1954 3133 1804 3145 1771 3128 1768 3128 1765 3128 1740 3128 957 3128 918 3111 916 3111 913 3111 821 3125 782 3108 780 3108 777 3108 685 3122 494 3103 494 3167"/></Shape>
	    <String CONTENT="formés. Irentile d&#x27;ajouter que parmi ces êtres chétifs la mortalité est"
                    HPOS="494"
                    VPOS="3103"
                    WIDTH="2098"
                    HEIGHT="133"
                    WC="0.9904990628571577"></String>
          </TextLine>
          <TextLine ID="eSc_line_f001236b"
                    TAGREFS="LT31"
                    BASELINE="499 3236 874 3242" 
                    HPOS="496"
                    VPOS="3181"
                    WIDTH="378"
                    HEIGHT="94">
            <Shape><Polygon POINTS="499 3236 496 3275 871 3275 874 3242 871 3197 735 3183 732 3183 730 3183 727 3183 710 3194 699 3200 635 3200 624 3194 599 3181 596 3181 594 3181 499 3192 499 3236"/></Shape>
	    <String CONTENT="effrayante."
                    HPOS="496"
                    VPOS="3181"
                    WIDTH="378"
                    HEIGHT="94"
                    WC="0.9999653805385936"></String>
          </TextLine>
        </TextBlock>
        <TextBlock HPOS="124"
                   VPOS="19"
                   WIDTH="226"
                   HEIGHT="226"
                   ID="eSc_textblock_e6856fdf"
                   TAGREFS="BT44">
          <Shape><Polygon POINTS="350 245 350 19 124 19 124 245"/></Shape>
        </TextBlock>
        <TextBlock ID="eSc_dummyblock_">
          <TextLine ID="eSc_line_cbb2b51c"
                    TAGREFS="LT31"
                    BASELINE="147 144 344 134" 
                    HPOS="163"
                    VPOS="88"
                    WIDTH="136"
                    HEIGHT="159">
            <Shape><Polygon POINTS="183 105 163 122 163 155 180 247 299 210 288 136 277 88 213 97 208 99"/></Shape>
	    <String CONTENT="103"
                    HPOS="163"
                    VPOS="88"
                    WIDTH="136"
                    HEIGHT="159"
                    WC="0.9638298153877258"></String>
          </TextLine>
        </TextBlock>
      </PrintSpace>
    </Page>
  </Layout>
</alto>
