<?xml version="1.0" encoding="UTF-8"?>
<alto xmlns:xsi="http://www.w3.org/2001/XMLSchema-instance"
      xmlns="http://www.loc.gov/standards/alto/ns-v4#"
      xsi:schemaLocation="http://www.loc.gov/standards/alto/ns-v4# http://www.loc.gov/standards/alto/v4/alto-4-2.xsd">
  <Description>
    <MeasurementUnit>pixel</MeasurementUnit>
    <sourceImageInformation>
      <fileName>ARCH-DIV-000496_0279.png</fileName>
    </sourceImageInformation>
  </Description>
  <Tags>
    <OtherTag ID="BT42" LABEL="MainZone" DESCRIPTION="block type MainZone"/><OtherTag ID="BT43" LABEL="MarginTextZone" DESCRIPTION="block type MarginTextZone"/><OtherTag ID="BT44" LABEL="NumberingZone" DESCRIPTION="block type NumberingZone"/><OtherTag ID="BT45" LABEL="TitlePageZone" DESCRIPTION="block type TitlePageZone"/><OtherTag ID="BT46" LABEL="CustomZone:Numbering" DESCRIPTION="block type CustomZone:Numbering"/><OtherTag ID="BT49" LABEL="MarginTextZone:lower" DESCRIPTION="block type MarginTextZone:lower"/>
    <OtherTag ID="LT25" LABEL="default" DESCRIPTION="line type default"/><OtherTag ID="LT31" LABEL="DefaultLine" DESCRIPTION="line type DefaultLine"/><OtherTag ID="LT32" LABEL="HeadingLine" DESCRIPTION="line type HeadingLine"/><OtherTag ID="LT33" LABEL="InterlinearLine:addition" DESCRIPTION="line type InterlinearLine:addition"/><OtherTag ID="LT34" LABEL="InterlinearLine:correction" DESCRIPTION="line type InterlinearLine:correction"/>
  </Tags>
  <Layout>
    <Page WIDTH="2790"
          HEIGHT="3311"
          PHYSICAL_IMG_NR="278"
          ID="eSc_dummypage_">
      <PrintSpace HPOS="0"
                  VPOS="0"
                  WIDTH="2790"
                  HEIGHT="3311">
        <TextBlock HPOS="540"
                   VPOS="0"
                   WIDTH="2218"
                   HEIGHT="3310"
                   ID="39b361c1-251e-4a8a-94ee-64fa0f2740a2"
                   TAGREFS="BT42">
          <Shape><Polygon POINTS="2758 0 2758 3310 540 3295 585 6"/></Shape>
          <TextLine ID="eSc_line_3b28f792"
                    TAGREFS="LT31"
                    BASELINE="642 80 2044 74 2732 85" 
                    HPOS="640"
                    VPOS="27"
                    WIDTH="2092"
                    HEIGHT="91">
            <Shape><Polygon POINTS="2709 41 2682 41 2654 41 2627 41 2599 41 2571 41 2544 41 2516 41 2489 38 2461 38 2434 38 2406 38 2378 38 2351 38 2323 38 2296 38 2268 38 2240 38 2213 35 2185 35 2158 35 2130 35 2102 35 2075 35 2047 35 2020 35 1992 35 1964 33 1937 33 1909 33 1882 33 1854 33 1826 33 1799 33 1771 33 1744 33 1716 33 1688 30 1661 30 1633 30 1606 30 1578 30 1550 30 1523 30 1495 30 1468 30 1448 27 651 27 640 30 642 80 642 104 1018 96 1134 107 1205 115 1208 115 1211 115 1214 115 1222 110 1241 96 1269 110 1285 115 1288 115 1291 115 1321 110 1377 96 1393 110 1399 115 1401 115 1404 115 1407 118 1462 118 1462 115 1465 115 1476 110 1504 96 1865 96 1898 113 1904 115 1906 115 1909 115 1931 113 2006 99 2726 115 2732 85 2729 41 2709 41"/></Shape>
	    <String CONTENT=""
                    HPOS="640"
                    VPOS="27"
                    WIDTH="2092"
                    HEIGHT="91"></String>
          </TextLine>
          <TextLine ID="eSc_line_aa786278"
                    TAGREFS="LT31"
                    BASELINE="631 160 2734 143" 
                    HPOS="629"
                    VPOS="104"
                    WIDTH="2105"
                    HEIGHT="86">
            <Shape><Polygon POINTS="631 160 631 190 2734 171 2734 143 2726 104 629 110 631 160"/></Shape>
	    <String CONTENT=""
                    HPOS="629"
                    VPOS="104"
                    WIDTH="2105"
                    HEIGHT="86"></String>
          </TextLine>
          <TextLine ID="eSc_line_bba0bfad"
                    TAGREFS="LT31"
                    BASELINE="640 226 1162 221 1238 252 1235 220 2729 206" 
                    HPOS="637"
                    VPOS="165"
                    WIDTH="2092"
                    HEIGHT="94">
            <Shape><Polygon POINTS="640 259 2729 234 2729 206 2721 165 637 179 640 226"/></Shape>
	    <String CONTENT=""
                    HPOS="637"
                    VPOS="165"
                    WIDTH="2092"
                    HEIGHT="94"></String>
          </TextLine>
          <TextLine ID="eSc_line_8de786f1"
                    TAGREFS="LT31"
                    BASELINE="631 289 1653 275" 
                    HPOS="629"
                    VPOS="226"
                    WIDTH="1024"
                    HEIGHT="99">
            <Shape><Polygon POINTS="631 289 631 306 780 322 783 322 852 306 861 306 866 306 905 325 907 325 910 325 1095 306 1120 306 1134 306 1200 320 1203 320 1205 320 1236 306 1255 300 1299 306 1379 320 1382 320 1653 306 1653 275 1647 240 1470 226 1468 226 1465 226 1410 240 1404 240 880 234 877 234 629 248 631 289"/></Shape>
	    <String CONTENT=""
                    HPOS="629"
                    VPOS="226"
                    WIDTH="1024"
                    HEIGHT="99"></String>
          </TextLine>
          <TextLine ID="eSc_line_bc9cb307"
                    TAGREFS="LT31"
                    BASELINE="640 375 2721 339" 
                    HPOS="637"
                    VPOS="289"
                    WIDTH="2084"
                    HEIGHT="119">
            <Shape><Polygon POINTS="640 375 640 391 866 408 869 408 963 389 976 386 990 386 1117 405 1120 405 1230 386 1388 400 1390 400 1393 400 1435 380 1446 375 1451 380 1476 397 1479 397 1481 397 1484 397 1487 397 1526 383 1564 397 1567 397 1570 397 1572 397 1636 378 1738 394 1741 394 1945 378 2075 389 2078 389 2193 366 2204 366 2207 366 2240 383 2243 383 2246 383 2249 383 2251 383 2273 366 2282 358 2599 355 2616 361 2652 375 2654 375 2657 375 2660 375 2721 358 2721 339 2712 295 2334 306 2326 303 2301 289 2298 289 2296 289 2218 303 2191 309 2169 306 2078 289 2075 289 2072 289 2069 289 2044 309 2039 314 1876 314 1868 311 1821 295 1818 295 1815 295 1813 295 1760 314 1752 317 1733 314 1606 297 1603 297 1600 297 1597 297 1570 317 1490 320 1426 322 1412 322 1280 303 1277 303 1274 303 1219 325 1219 328 1200 328 1159 328 1128 306 1125 306 1123 306 1120 306 952 325 681 314 678 314 676 314 637 333 640 375"/></Shape>
	    <String CONTENT=""
                    HPOS="637"
                    VPOS="289"
                    WIDTH="2084"
                    HEIGHT="119"></String>
          </TextLine>
          <TextLine ID="eSc_line_03ae6771"
                    TAGREFS="LT34"
                    BASELINE="2470 375 2609 382" 
                    HPOS="2470"
                    VPOS="375"
                    WIDTH="139"
                    HEIGHT="7">
	    <String CONTENT=""
                    HPOS="2470"
                    VPOS="375"
                    WIDTH="139"
                    HEIGHT="7"></String>
          </TextLine>
          <TextLine ID="eSc_line_1186562b"
                    TAGREFS="LT31"
                    BASELINE="620 449 2066 422 2712 424" 
                    HPOS="618"
                    VPOS="364"
                    WIDTH="2094"
                    HEIGHT="118">
            <Shape><Polygon POINTS="620 449 626 482 648 466 753 482 767 482 769 482 772 482 775 482 805 463 910 463 927 477 930 477 932 477 935 477 1065 460 1092 477 1095 477 1098 477 1101 477 1114 477 1228 458 1324 471 1341 474 1343 474 1446 471 1448 471 1451 471 1476 455 1501 469 1504 469 1506 469 1509 469 1545 452 1614 469 1622 469 1625 469 1639 469 1755 452 1857 463 1879 466 1882 466 1884 466 1887 466 1887 463 1906 444 2111 444 2133 460 2135 460 2138 460 2141 460 2155 460 2273 441 2340 458 2351 458 2353 458 2709 449 2712 424 2709 380 2431 364 2428 364 2284 383 2078 369 2075 369 1860 391 1848 391 1843 391 1779 375 1777 375 1774 375 1619 391 1523 378 1520 378 1517 378 1451 397 1448 397 1437 397 1203 383 1200 383 1197 383 1156 402 1153 402 1145 402 1092 391 1090 391 954 405 935 405 932 405 894 389 891 389 888 389 885 389 883 389 863 405 861 408 618 408 620 449"/></Shape>
	    <String CONTENT=""
                    HPOS="618"
                    VPOS="364"
                    WIDTH="2094"
                    HEIGHT="118"></String>
          </TextLine>
          <TextLine ID="eSc_line_ebab192c"
                    TAGREFS="LT31"
                    BASELINE="620 513 2715 482" 
                    HPOS="618"
                    VPOS="430"
                    WIDTH="2097"
                    HEIGHT="105">
            <Shape><Polygon POINTS="620 513 620 535 2712 510 2715 482 2707 430 1926 455 1851 446 1796 441 1793 441 1791 441 1774 449 1757 458 1746 449 1741 444 1738 444 1735 444 1733 444 1730 444 1713 449 1688 458 1647 452 1597 444 1595 444 1592 444 1589 444 1575 452 1561 460 1412 455 1189 449 1186 449 1183 449 1159 460 1150 466 1106 463 1015 455 1012 455 1010 455 1007 455 996 466 990 469 960 466 861 455 858 455 725 471 711 471 709 471 676 458 673 458 670 458 667 458 618 471 620 513"/></Shape>
	    <String CONTENT=""
                    HPOS="618"
                    VPOS="430"
                    WIDTH="2097"
                    HEIGHT="105"></String>
          </TextLine>
          <TextLine ID="eSc_line_892c50af"
                    TAGREFS="LT31"
                    BASELINE="620 579 1741 554 2723 546" 
                    HPOS="618"
                    VPOS="491"
                    WIDTH="2105"
                    HEIGHT="110">
            <Shape><Polygon POINTS="620 579 620 601 2721 571 2723 546 2715 499 2607 507 2585 502 2558 491 2555 491 2552 491 2549 491 2516 502 2489 513 2378 513 2365 504 2337 493 2334 493 2331 493 2329 493 2284 507 2260 515 2116 515 2031 513 1818 502 1815 502 1813 502 1755 518 1741 521 1724 518 1641 504 1639 504 1636 504 1633 504 1633 507 1617 521 1614 524 1603 521 1537 507 1534 507 1531 507 1476 524 1465 527 1440 524 1302 510 1299 510 1297 510 1258 529 1255 529 1252 529 1208 513 1205 513 1203 513 1200 513 1197 513 1175 529 1175 532 1062 532 1059 532 960 515 957 515 954 515 916 535 913 538 805 538 761 538 689 521 687 521 684 521 681 521 618 540 620 579"/></Shape>
	    <String CONTENT=""
                    HPOS="618"
                    VPOS="491"
                    WIDTH="2105"
                    HEIGHT="110"></String>
          </TextLine>
          <TextLine ID="eSc_line_b827aaae"
                    TAGREFS="LT31"
                    BASELINE="620 642 1688 618 2709 612" 
                    HPOS="618"
                    VPOS="562"
                    WIDTH="2091"
                    HEIGHT="105">
            <Shape><Polygon POINTS="620 642 620 667 1744 642 2188 648 2279 648 2282 648 2315 645 2500 631 2707 640 2709 612 2701 562 2298 576 2213 571 2127 565 2124 565 2122 565 2094 573 2069 579 2017 573 1942 568 1940 568 1882 576 1851 582 1829 579 1785 571 1782 571 1779 571 1744 579 1722 584 1669 582 1556 573 1553 573 1550 573 1523 584 1515 587 1481 584 1368 576 1366 576 1363 576 1324 587 1316 590 1294 590 1181 579 1178 579 1007 595 985 595 968 595 811 584 808 584 618 601 620 642"/></Shape>
	    <String CONTENT=""
                    HPOS="618"
                    VPOS="562"
                    WIDTH="2091"
                    HEIGHT="105"></String>
          </TextLine>
          <TextLine ID="eSc_line_24cbef49"
                    TAGREFS="LT34"
                    BASELINE="2371 651 2487 636" 
                    HPOS="2371"
                    VPOS="636"
                    WIDTH="116"
                    HEIGHT="15">
	    <String CONTENT=""
                    HPOS="2371"
                    VPOS="636"
                    WIDTH="116"
                    HEIGHT="15"></String>
          </TextLine>
          <TextLine ID="eSc_line_200e5bdb"
                    TAGREFS="LT31"
                    BASELINE="618 714 1779 687 2698 678" 
                    HPOS="615"
                    VPOS="620"
                    WIDTH="2083"
                    HEIGHT="130">
            <Shape><Polygon POINTS="618 714 618 733 764 750 767 750 869 733 872 733 874 733 1070 744 1073 744 1076 744 1117 731 1134 725 1330 728 1504 731 1506 731 1509 731 1517 725 1539 714 1760 714 1779 725 1791 731 1793 731 1796 731 1799 731 1868 722 1989 709 2053 722 2075 725 2078 725 2100 720 2169 706 2188 720 2191 722 2193 722 2196 722 2199 722 2240 720 2422 703 2696 714 2698 678 2693 637 2442 620 2439 620 2287 623 2284 623 2240 642 2238 642 2235 642 2160 629 2158 629 2155 629 2152 629 2130 645 2124 645 2064 631 2061 631 1942 648 1931 648 1926 648 1865 634 1862 634 1860 634 1829 648 1826 651 1818 651 1741 634 1738 634 1595 653 1584 653 1581 653 1531 637 1528 637 1526 637 1374 656 1346 662 1164 662 1159 659 1142 645 1139 645 1136 645 1134 645 1131 645 1076 662 1062 664 1043 662 960 648 957 648 615 667 618 714"/></Shape>
	    <String CONTENT=""
                    HPOS="615"
                    VPOS="620"
                    WIDTH="2083"
                    HEIGHT="130"></String>
          </TextLine>
          <TextLine ID="eSc_line_0fbf1934"
                    TAGREFS="LT31"
                    BASELINE="620 791 1617 758 2690 739" 
                    HPOS="618"
                    VPOS="698"
                    WIDTH="2072"
                    HEIGHT="118">
            <Shape><Polygon POINTS="620 791 620 816 2690 761 2690 739 2685 700 2185 698 2182 698 2061 714 2044 714 2036 714 1956 698 1953 698 1951 698 1948 698 1948 700 1931 714 1865 703 1862 703 1860 703 1802 720 1793 720 1788 720 1719 703 1716 703 1393 711 1390 711 1319 731 1310 731 1299 731 1183 717 1181 717 1178 717 1142 733 1136 736 1087 736 844 725 841 725 838 725 836 725 814 742 808 747 618 747 620 791"/></Shape>
	    <String CONTENT=""
                    HPOS="618"
                    VPOS="698"
                    WIDTH="2072"
                    HEIGHT="118"></String>
          </TextLine>
          <TextLine ID="eSc_line_52570353"
                    TAGREFS="LT31"
                    BASELINE="618 855 2734 800" 
                    HPOS="615"
                    VPOS="756"
                    WIDTH="2119"
                    HEIGHT="132">
            <Shape><Polygon POINTS="618 855 618 888 1076 869 1112 877 1128 882 1131 882 1134 882 1136 882 1148 877 1170 866 1219 874 1247 880 1250 880 1297 874 1399 858 1517 869 1564 871 1567 871 1606 866 1694 852 1744 863 1760 866 1763 866 1766 866 1779 863 1829 847 1953 858 1989 860 1992 860 2050 855 2251 836 2342 849 2353 849 2356 849 2359 849 2362 849 2387 833 2494 841 2497 841 2627 824 2732 838 2734 800 2729 761 2469 756 2467 756 2362 767 2290 775 2221 769 2127 764 2124 764 2122 764 2102 772 2083 780 2039 775 1984 767 1981 767 1873 778 1766 789 1713 780 1669 775 1666 775 1606 783 1526 794 1429 786 1371 783 1368 783 1366 783 1352 789 1327 800 1241 791 1214 789 1211 789 1183 791 1092 805 1001 797 976 794 974 794 924 797 711 816 615 805 618 855"/></Shape>
	    <String CONTENT=""
                    HPOS="615"
                    VPOS="756"
                    WIDTH="2119"
                    HEIGHT="132"></String>
          </TextLine>
          <TextLine ID="eSc_line_27d8f207"
                    TAGREFS="LT31"
                    BASELINE="615 927 1068 916 1100 895 1101 895 1134 918 2718 866" 
                    HPOS="612"
                    VPOS="819"
                    WIDTH="2106"
                    HEIGHT="141">
            <Shape><Polygon POINTS="615 960 902 938 1032 946 1079 949 1081 949 1084 949 1087 949 1092 943 1109 932 1470 932 1688 932 1688 929 1691 929 1708 921 1722 916 1735 921 1755 929 1757 929 1760 929 1763 929 1766 929 1777 921 1785 913 1989 907 2009 913 2039 921 2042 921 2044 921 2113 907 2147 902 2160 907 2188 916 2191 916 2193 916 2337 899 2378 896 2384 899 2400 910 2403 910 2406 910 2409 910 2525 907 2718 885 2718 866 2709 819 612 877 615 927"/></Shape>
	    <String CONTENT=""
                    HPOS="612"
                    VPOS="819"
                    WIDTH="2106"
                    HEIGHT="141"></String>
          </TextLine>
          <TextLine ID="eSc_line_e122042d"
                    TAGREFS="LT31"
                    BASELINE="609 996 1843 960 2718 951" 
                    HPOS="607"
                    VPOS="896"
                    WIDTH="2111"
                    HEIGHT="130">
            <Shape><Polygon POINTS="609 996 609 1026 1835 987 1937 998 1953 998 1956 998 2315 990 2318 990 2320 990 2342 976 2715 979 2718 951 2712 896 2312 896 2309 896 2307 896 2284 905 2249 916 2177 907 2141 902 2138 902 2135 902 2113 907 2061 921 1920 913 1848 907 1846 907 1843 907 1832 913 1804 929 1699 929 1677 916 1675 913 1672 913 1669 913 1666 913 1664 913 1644 918 1606 927 1592 918 1584 913 1581 913 1578 913 1575 913 1542 918 1484 932 1134 929 1131 929 963 946 885 932 872 932 869 932 866 932 863 932 863 935 836 949 607 940 609 996"/></Shape>
	    <String CONTENT=""
                    HPOS="607"
                    VPOS="896"
                    WIDTH="2111"
                    HEIGHT="130"></String>
          </TextLine>
          <TextLine ID="eSc_line_6cc06839"
                    TAGREFS="LT31"
                    BASELINE="609 1062 2729 1012" 
                    HPOS="607"
                    VPOS="965"
                    WIDTH="2122"
                    HEIGHT="138">
            <Shape><Polygon POINTS="609 1062 609 1098 706 1103 709 1103 756 1095 827 1081 858 1092 861 1092 863 1092 866 1092 869 1092 872 1092 891 1078 921 1089 943 1098 946 1098 949 1098 1012 1087 1081 1076 1112 1084 1128 1089 1131 1089 1134 1089 1172 1084 1211 1076 1241 1081 1283 1089 1285 1089 1457 1076 1490 1073 1495 1073 1520 1084 1523 1084 1526 1084 1589 1070 1636 1062 1691 1067 1782 1078 1785 1078 1879 1062 1906 1059 1931 1062 2006 1070 2009 1070 2011 1070 2014 1070 2025 1059 2033 1054 2053 1056 2119 1070 2122 1070 2224 1054 2257 1045 2729 1037 2729 1012 2723 968 2436 965 2434 965 2431 965 2403 973 2367 982 2276 976 2207 971 2204 971 2122 979 2003 990 1945 982 1904 976 1901 976 1898 976 1876 985 1843 993 1768 985 1727 982 1724 982 1722 982 1705 987 1661 1001 1432 1004 1261 996 1197 993 1194 993 1164 998 1076 1012 1004 1001 987 998 985 998 982 998 979 998 976 1001 954 1015 866 1004 844 1001 841 1001 819 1004 723 1020 607 1009 609 1062"/></Shape>
	    <String CONTENT=""
                    HPOS="607"
                    VPOS="965"
                    WIDTH="2122"
                    HEIGHT="138"></String>
          </TextLine>
          <TextLine ID="eSc_line_6025b03b"
                    TAGREFS="LT31"
                    BASELINE="607 1128 2701 1081" 
                    HPOS="604"
                    VPOS="1037"
                    WIDTH="2097"
                    HEIGHT="132">
            <Shape><Polygon POINTS="607 1128 609 1169 648 1156 797 1164 849 1167 852 1167 855 1167 869 1161 910 1147 935 1161 943 1164 946 1164 949 1164 952 1164 965 1158 1015 1142 1302 1150 1465 1153 1468 1153 1531 1142 1611 1128 1655 1139 1688 1147 1691 1147 1694 1147 1697 1147 1719 1136 1727 1134 1752 1136 1829 1145 1832 1145 1835 1145 1862 1134 1884 1122 1915 1131 1953 1142 1956 1142 1959 1142 2119 1125 2224 1111 2698 1106 2701 1081 2693 1037 604 1089 607 1128"/></Shape>
	    <String CONTENT=""
                    HPOS="604"
                    VPOS="1037"
                    WIDTH="2097"
                    HEIGHT="132"></String>
          </TextLine>
          <TextLine ID="eSc_line_0d798754"
                    TAGREFS="LT31"
                    BASELINE="601 1202 1283 1189" 
                    HPOS="598"
                    VPOS="1139"
                    WIDTH="685"
                    HEIGHT="94">
            <Shape><Polygon POINTS="601 1202 601 1233 1283 1216 1283 1189 1272 1139 1219 1153 1175 1142 1172 1142 1170 1142 1167 1142 598 1164 601 1202"/></Shape>
	    <String CONTENT=""
                    HPOS="598"
                    VPOS="1139"
                    WIDTH="685"
                    HEIGHT="94"></String>
          </TextLine>
          <TextLine ID="eSc_line_1af1ee1a"
                    TAGREFS="LT31"
                    BASELINE="642 1269 1244 1263 2257 1222 2715 1214" 
                    HPOS="640"
                    VPOS="1164"
                    WIDTH="2075"
                    HEIGHT="138">
            <Shape><Polygon POINTS="642 1269 642 1294 938 1288 971 1302 974 1302 976 1302 1357 1291 1360 1291 1396 1277 1401 1274 1407 1274 1443 1288 1446 1288 1448 1288 1810 1277 1868 1263 1887 1260 1901 1263 1940 1271 1942 1271 2105 1258 2210 1249 2268 1255 2345 1260 2348 1260 2351 1260 2373 1252 2389 1244 2715 1244 2715 1214 2707 1167 2497 1178 2480 1172 2464 1164 2461 1164 2458 1164 2384 1175 2315 1183 2251 1178 2188 1172 2185 1172 2050 1183 1879 1197 1813 1189 1779 1186 1777 1186 1774 1186 1755 1191 1710 1202 1600 1194 1542 1191 1539 1191 1509 1197 1448 1211 1148 1208 1128 1208 1125 1208 1123 1208 1087 1222 960 1211 932 1211 930 1211 894 1214 728 1233 640 1222 642 1269"/></Shape>
	    <String CONTENT=""
                    HPOS="640"
                    VPOS="1164"
                    WIDTH="2075"
                    HEIGHT="138"></String>
          </TextLine>
          <TextLine ID="eSc_line_9bcbed35"
                    TAGREFS="LT31"
                    BASELINE="601 1338 1321 1329 2718 1283" 
                    HPOS="598"
                    VPOS="1233"
                    WIDTH="2120"
                    HEIGHT="132">
            <Shape><Polygon POINTS="601 1338 601 1365 2718 1307 2718 1283 2709 1233 2527 1252 2414 1241 2398 1241 2395 1241 2392 1241 2389 1241 2370 1258 2353 1244 2351 1244 2348 1244 2345 1244 2342 1244 2340 1244 2296 1260 2028 1255 1989 1255 1986 1255 1962 1258 1818 1277 1603 1280 1586 1269 1584 1266 1581 1266 1578 1266 1575 1266 1526 1271 1418 1285 1233 1283 1117 1280 1114 1280 1112 1280 1090 1285 1056 1296 1029 1288 1010 1283 1007 1283 1004 1283 1001 1283 982 1291 957 1299 918 1294 877 1285 874 1285 598 1302 601 1338"/></Shape>
	    <String CONTENT=""
                    HPOS="598"
                    VPOS="1233"
                    WIDTH="2120"
                    HEIGHT="132"></String>
          </TextLine>
          <TextLine ID="eSc_line_8b11a29e"
                    TAGREFS="LT31"
                    BASELINE="618 1407 2009 1379 2698 1349" 
                    HPOS="615"
                    VPOS="1313"
                    WIDTH="2083"
                    HEIGHT="135">
            <Shape><Polygon POINTS="618 1407 618 1448 703 1448 703 1445 706 1445 709 1445 709 1443 739 1423 1076 1420 1139 1429 1175 1434 1178 1434 1247 1426 1330 1415 1357 1423 1379 1429 1382 1429 1385 1429 1520 1418 1666 1404 1821 1407 2066 1412 2069 1412 2698 1376 2698 1349 2690 1313 1846 1343 1741 1340 1550 1335 1548 1335 1545 1335 1520 1349 1509 1354 1175 1360 1164 1357 1123 1346 1120 1346 1117 1346 987 1363 985 1363 841 1351 838 1351 836 1351 789 1368 736 1354 734 1354 731 1354 615 1374 618 1407"/></Shape>
	    <String CONTENT=""
                    HPOS="615"
                    VPOS="1313"
                    WIDTH="2083"
                    HEIGHT="135"></String>
          </TextLine>
          <TextLine ID="eSc_line_15254315"
                    TAGREFS="LT31"
                    BASELINE="598 1484 2726 1420" 
                    HPOS="596"
                    VPOS="1365"
                    WIDTH="2130"
                    HEIGHT="144">
            <Shape><Polygon POINTS="598 1484 598 1509 2149 1476 2152 1476 2188 1462 2193 1459 2215 1459 2312 1467 2315 1467 2378 1454 2387 1454 2389 1454 2409 1467 2411 1467 2414 1467 2417 1467 2420 1467 2422 1467 2447 1454 2453 1448 2726 1443 2726 1420 2715 1365 2643 1382 2544 1371 2538 1371 2536 1371 2533 1371 2530 1371 2511 1390 2309 1393 2273 1379 2271 1379 2268 1379 2265 1379 2246 1379 2061 1401 2009 1387 2003 1387 2000 1387 1997 1387 1995 1387 1992 1387 1959 1404 1890 1393 1887 1393 1884 1393 1882 1393 1879 1393 1854 1409 596 1434 598 1484"/></Shape>
	    <String CONTENT=""
                    HPOS="596"
                    VPOS="1365"
                    WIDTH="2130"
                    HEIGHT="144"></String>
          </TextLine>
          <TextLine ID="eSc_line_986e27d4"
                    TAGREFS="LT31"
                    BASELINE="598 1556 2726 1503" 
                    HPOS="596"
                    VPOS="1454"
                    WIDTH="2130"
                    HEIGHT="132">
            <Shape><Polygon POINTS="598 1556 598 1586 2726 1536 2726 1503 2721 1467 2657 1454 2654 1454 1153 1503 935 1495 932 1495 930 1495 896 1509 631 1503 629 1503 626 1503 596 1514 598 1556"/></Shape>
	    <String CONTENT=""
                    HPOS="596"
                    VPOS="1454"
                    WIDTH="2130"
                    HEIGHT="132"></String>
          </TextLine>
          <TextLine ID="eSc_line_8a18ccc2"
                    TAGREFS="LT31"
                    BASELINE="598 1625 2704 1572" 
                    HPOS="596"
                    VPOS="1525"
                    WIDTH="2108"
                    HEIGHT="124">
            <Shape><Polygon POINTS="598 1625 598 1649 2701 1603 2704 1572 2698 1539 2486 1525 2483 1525 2480 1525 2447 1542 2376 1528 2373 1528 2370 1528 2367 1528 2367 1531 2351 1545 2348 1545 2147 1534 2144 1534 2042 1553 2033 1553 2017 1553 1815 1542 1813 1542 1810 1542 1807 1542 1791 1558 1788 1561 1470 1567 1465 1567 1437 1553 1435 1553 1432 1553 1429 1553 1426 1553 1412 1567 1410 1567 1396 1567 1239 1558 1236 1558 1233 1558 1197 1572 1194 1572 1192 1572 1161 1558 1159 1558 1156 1558 1153 1558 1123 1572 1117 1575 1109 1572 1065 1564 1062 1564 1059 1564 1056 1564 1040 1575 1034 1578 987 1575 852 1569 849 1569 778 1581 758 1583 756 1581 736 1569 734 1569 731 1569 728 1569 725 1569 723 1569 706 1583 700 1586 687 1583 648 1572 645 1572 642 1572 640 1572 596 1583 598 1625"/></Shape>
	    <String CONTENT=""
                    HPOS="596"
                    VPOS="1525"
                    WIDTH="2108"
                    HEIGHT="124"></String>
          </TextLine>
          <TextLine ID="eSc_line_9ff68c27"
                    TAGREFS="LT31"
                    BASELINE="590 1696 2671 1638" 
                    HPOS="587"
                    VPOS="1589"
                    WIDTH="2084"
                    HEIGHT="140">
            <Shape><Polygon POINTS="590 1696 590 1729 2671 1663 2671 1638 2665 1600 2458 1589 2456 1589 2218 1611 2207 1611 2204 1611 2163 1597 2160 1597 2158 1597 1978 1616 1956 1619 1945 1619 1862 1605 1860 1605 1763 1625 1752 1625 1699 1625 1316 1622 1313 1622 1153 1641 1139 1641 1117 1627 1114 1627 1112 1627 1109 1627 1106 1627 1067 1644 1062 1647 863 1649 841 1649 673 1638 670 1638 587 1655 590 1696"/></Shape>
	    <String CONTENT=""
                    HPOS="587"
                    VPOS="1589"
                    WIDTH="2084"
                    HEIGHT="140"></String>
          </TextLine>
          <TextLine ID="eSc_line_cef0095b"
                    TAGREFS="LT31"
                    BASELINE="604 1765 1378 1752 1379 1752 2685 1713" 
                    HPOS="601"
                    VPOS="1663"
                    WIDTH="2084"
                    HEIGHT="141">
            <Shape><Polygon POINTS="604 1804 736 1785 800 1798 816 1801 819 1801 852 1796 968 1779 1087 1790 1139 1793 1142 1793 1586 1782 1589 1782 1617 1771 1633 1765 1818 1765 2229 1765 2232 1765 2329 1749 2359 1741 2588 1738 2594 1738 2621 1752 2624 1752 2627 1752 2629 1752 2685 1735 2685 1713 2679 1677 2613 1663 2610 1663 2607 1663 2563 1677 2135 1674 2133 1674 2130 1674 2102 1688 2028 1677 2025 1677 1926 1694 1912 1694 1860 1694 1479 1691 1476 1691 1473 1691 1446 1705 1443 1705 1396 1705 1150 1699 1148 1699 1145 1699 1120 1710 1114 1713 1101 1710 1045 1702 1043 1702 1040 1702 1037 1702 1021 1713 1012 1718 601 1721 604 1765"/></Shape>
	    <String CONTENT=""
                    HPOS="601"
                    VPOS="1663"
                    WIDTH="2084"
                    HEIGHT="141"></String>
          </TextLine>
          <TextLine ID="eSc_line_02fb7bf2"
                    TAGREFS="LT31"
                    BASELINE="598 1840 2715 1779" 
                    HPOS="596"
                    VPOS="1729"
                    WIDTH="2119"
                    HEIGHT="149">
            <Shape><Polygon POINTS="598 1840 598 1878 800 1856 907 1870 918 1870 921 1870 935 1870 1043 1851 1120 1865 1134 1865 1136 1865 1139 1865 1145 1862 1192 1845 1236 1856 1239 1856 1241 1856 1316 1843 1352 1856 1360 1859 1363 1859 1366 1859 1404 1854 1495 1843 1708 1845 1804 1845 1807 1845 1832 1840 1887 1829 1904 1840 1906 1843 1909 1843 1912 1843 1915 1843 1917 1843 1928 1837 1948 1829 2116 1832 2232 1834 2235 1834 2238 1834 2240 1834 2240 1832 2246 1829 2260 1812 2331 1812 2709 1812 2715 1779 2709 1743 2632 1729 2629 1729 2627 1729 2624 1729 2605 1743 2522 1732 2519 1732 2425 1749 2420 1752 596 1793 598 1840"/></Shape>
	    <String CONTENT=""
                    HPOS="596"
                    VPOS="1729"
                    WIDTH="2119"
                    HEIGHT="149"></String>
          </TextLine>
          <TextLine ID="eSc_line_aa1a56a4"
                    TAGREFS="LT31"
                    BASELINE="590 1901 2687 1856" 
                    HPOS="587"
                    VPOS="1810"
                    WIDTH="2100"
                    HEIGHT="129">
            <Shape><Polygon POINTS="590 1901 590 1939 852 1914 1051 1925 1109 1928 1112 1928 1148 1923 1247 1906 1393 1914 1446 1917 1448 1917 1451 1917 1470 1912 1515 1901 1561 1909 1606 1917 1608 1917 1611 1917 1633 1906 1653 1898 1699 1906 1760 1914 1763 1914 1766 1914 1793 1903 1804 1898 1860 1901 2022 1909 2025 1909 2122 1892 2124 1892 2185 1903 2188 1903 2315 1887 2359 1901 2362 1901 2365 1901 2367 1901 2395 1887 2511 1895 2514 1895 2613 1881 2632 1895 2635 1895 2638 1895 2640 1895 2643 1895 2687 1873 2687 1856 2682 1818 2552 1810 2549 1810 2547 1810 2544 1810 2530 1818 2522 1823 2502 1818 2464 1810 2461 1810 2458 1810 2359 1821 2315 1826 2307 1821 2296 1812 2293 1812 2290 1812 2287 1812 2284 1812 2246 1823 2221 1829 2202 1823 2177 1815 2174 1815 2171 1815 2169 1815 2130 1823 2100 1832 2072 1826 2042 1818 2039 1818 2036 1818 2033 1818 2009 1826 1984 1834 1962 1826 1940 1821 1937 1821 1934 1821 1931 1821 1909 1829 1879 1837 1840 1829 1813 1823 1810 1823 1807 1823 1785 1829 1746 1840 1677 1832 1636 1826 1633 1826 1630 1826 1628 1826 1622 1832 1608 1843 1357 1848 1335 1837 1335 1834 1332 1834 1330 1834 1327 1834 1324 1834 1321 1834 1321 1837 1305 1851 1084 1854 987 1840 971 1840 968 1840 965 1840 963 1840 963 1843 941 1856 736 1845 725 1845 723 1845 720 1845 717 1845 717 1848 700 1862 587 1848 590 1901"/></Shape>
	    <String CONTENT=""
                    HPOS="587"
                    VPOS="1810"
                    WIDTH="2100"
                    HEIGHT="129"></String>
          </TextLine>
          <TextLine ID="eSc_line_e5b73053"
                    TAGREFS="LT31"
                    BASELINE="593 1970 2257 1934 2723 1936" 
                    HPOS="590"
                    VPOS="1881"
                    WIDTH="2133"
                    HEIGHT="113">
            <Shape><Polygon POINTS="593 1970 593 1994 2721 1961 2723 1936 2721 1890 2298 1881 2296 1881 2202 1898 2149 1884 2147 1884 2144 1884 2064 1901 1904 1892 1901 1892 1898 1892 1851 1906 1824 1892 1821 1892 1818 1892 1815 1892 1813 1892 1788 1909 1757 1909 1581 1912 1567 1912 1299 1901 1297 1901 1294 1901 1247 1917 1164 1903 1161 1903 1159 1903 1156 1903 1136 1920 642 1914 640 1914 637 1914 590 1931 593 1970"/></Shape>
	    <String CONTENT=""
                    HPOS="590"
                    VPOS="1881"
                    WIDTH="2133"
                    HEIGHT="113"></String>
          </TextLine>
          <TextLine ID="eSc_line_2d47fbf3"
                    TAGREFS="LT31"
                    BASELINE="587 2039 2668 1989" 
                    HPOS="585"
                    VPOS="1939"
                    WIDTH="2083"
                    HEIGHT="138">
            <Shape><Polygon POINTS="587 2039 587 2061 609 2072 612 2072 615 2072 618 2072 645 2058 673 2077 676 2077 678 2077 681 2077 907 2069 910 2069 913 2069 938 2050 1043 2066 1045 2066 1277 2063 1396 2047 1468 2058 1470 2058 1473 2058 1515 2036 1738 2052 1741 2052 1928 2033 2025 2044 2028 2044 2031 2044 2094 2027 2166 2041 2169 2041 2171 2041 2221 2022 2276 2036 2279 2036 2282 2036 2284 2036 2345 2014 2583 2011 2635 2025 2638 2025 2640 2025 2643 2025 2646 2025 2668 2008 2668 1989 2660 1939 2337 1942 2276 1950 2185 1961 2160 1953 2144 1947 2141 1947 2138 1947 1882 1953 1799 1964 1727 1972 1686 1967 1644 1961 1641 1961 1639 1961 1622 1970 1608 1975 1550 1970 1468 1964 1465 1964 1410 1975 1377 1981 1250 1981 918 1975 916 1975 814 1992 797 1994 772 1994 615 1983 612 1983 609 1983 585 1994 587 2039"/></Shape>
	    <String CONTENT=""
                    HPOS="585"
                    VPOS="1939"
                    WIDTH="2083"
                    HEIGHT="138"></String>
          </TextLine>
          <TextLine ID="eSc_line_32b1410b"
                    TAGREFS="LT31"
                    BASELINE="576 2105 1575 2094 2362 2061 2709 2063" 
                    HPOS="574"
                    VPOS="2011"
                    WIDTH="2135"
                    HEIGHT="127">
            <Shape><Polygon POINTS="576 2105 576 2138 2709 2091 2709 2063 2707 2011 2489 2011 2486 2011 2483 2011 2461 2016 2414 2027 2309 2022 2238 2016 2235 2016 2232 2016 2202 2025 2144 2039 2086 2027 2042 2019 2039 2019 2036 2019 2033 2019 2022 2030 2017 2033 1953 2030 1802 2025 1799 2025 1796 2025 1755 2036 1719 2047 1686 2039 1666 2033 1664 2033 1661 2033 1658 2033 1636 2041 1606 2052 1194 2058 1175 2052 1148 2044 1145 2044 1142 2044 1139 2044 1109 2055 1092 2061 1076 2055 1037 2041 1034 2041 1032 2041 1029 2041 974 2058 957 2063 930 2061 838 2047 836 2047 833 2047 800 2063 792 2069 574 2069 576 2105"/></Shape>
	    <String CONTENT=""
                    HPOS="574"
                    VPOS="2011"
                    WIDTH="2135"
                    HEIGHT="127"></String>
          </TextLine>
          <TextLine ID="eSc_line_1127b8b4"
                    TAGREFS="LT31"
                    BASELINE="574 2179 2679 2119" 
                    HPOS="571"
                    VPOS="2080"
                    WIDTH="2108"
                    HEIGHT="130">
            <Shape><Polygon POINTS="574 2179 574 2201 858 2210 861 2210 949 2193 968 2190 985 2193 1048 2204 1051 2204 1382 2182 1407 2182 1418 2182 1523 2190 1526 2190 1595 2176 1630 2171 1661 2176 1716 2185 1719 2185 1722 2185 1763 2174 1785 2165 2676 2149 2679 2119 2674 2080 2279 2080 2276 2080 2229 2088 2180 2099 2147 2091 2124 2085 2122 2085 2119 2085 2116 2085 2100 2091 2075 2102 2028 2094 1995 2088 1992 2088 1948 2096 1882 2108 1768 2099 1708 2096 1705 2096 1702 2096 1691 2102 1666 2113 1520 2105 1479 2105 1476 2105 1473 2105 1462 2108 1412 2124 1128 2130 1056 2116 1045 2116 1043 2116 1040 2116 1034 2119 998 2135 745 2141 571 2130 574 2179"/></Shape>
	    <String CONTENT=""
                    HPOS="571"
                    VPOS="2080"
                    WIDTH="2108"
                    HEIGHT="130"></String>
          </TextLine>
          <TextLine ID="eSc_line_4572dc30"
                    TAGREFS="LT31"
                    BASELINE="579 2248 2704 2179" 
                    HPOS="576"
                    VPOS="2141"
                    WIDTH="2128"
                    HEIGHT="140">
            <Shape><Polygon POINTS="579 2248 579 2281 2704 2207 2704 2179 2698 2141 2196 2141 2193 2141 2044 2160 2011 2163 1986 2163 1876 2152 1873 2152 1785 2154 1782 2154 1779 2154 1760 2168 1757 2171 1744 2168 1686 2157 1683 2157 1680 2157 1650 2171 1644 2174 1639 2171 1606 2160 1603 2160 1600 2160 1597 2160 1595 2160 1581 2174 1575 2176 1498 2176 1183 2174 1181 2174 1106 2190 1081 2193 1065 2190 1007 2179 1004 2179 1001 2179 971 2193 963 2199 703 2204 695 2201 665 2190 662 2190 659 2190 576 2204 579 2248"/></Shape>
	    <String CONTENT=""
                    HPOS="576"
                    VPOS="2141"
                    WIDTH="2128"
                    HEIGHT="140"></String>
          </TextLine>
          <TextLine ID="eSc_line_40ac835c"
                    TAGREFS="LT31"
                    BASELINE="574 2314 2065 2276 2066 2276 2693 2245" 
                    HPOS="571"
                    VPOS="2201"
                    WIDTH="2122"
                    HEIGHT="147">
            <Shape><Polygon POINTS="574 2348 2693 2273 2693 2245 2685 2201 571 2273 574 2314"/></Shape>
	    <String CONTENT=""
                    HPOS="571"
                    VPOS="2201"
                    WIDTH="2122"
                    HEIGHT="147"></String>
          </TextLine>
          <TextLine ID="eSc_line_10628a6a"
                    TAGREFS="LT31"
                    BASELINE="562 2375 2080 2345 2544 2317 2693 2320" 
                    HPOS="560"
                    VPOS="2273"
                    WIDTH="2133"
                    HEIGHT="141">
            <Shape><Polygon POINTS="562 2375 562 2414 681 2411 684 2411 687 2411 687 2408 709 2392 979 2403 1037 2403 1040 2403 2693 2345 2693 2320 2687 2273 2113 2303 1962 2295 1879 2290 1876 2290 1873 2290 1860 2298 1835 2312 1755 2312 1708 2303 1669 2295 1666 2295 1664 2295 1644 2303 1622 2317 1515 2317 1468 2309 1412 2301 1410 2301 1327 2314 1272 2323 1241 2317 1194 2306 1192 2306 1189 2306 1164 2320 1153 2325 1117 2320 1037 2309 1034 2309 907 2328 874 2331 866 2328 833 2314 830 2314 827 2314 825 2314 794 2331 789 2334 780 2331 747 2320 745 2320 742 2320 739 2320 736 2320 717 2334 714 2337 560 2337 562 2375"/></Shape>
	    <String CONTENT=""
                    HPOS="560"
                    VPOS="2273"
                    WIDTH="2133"
                    HEIGHT="141"></String>
          </TextLine>
          <TextLine ID="eSc_line_6a55daab"
                    TAGREFS="LT31"
                    BASELINE="560 2450 2704 2394" 
                    HPOS="557"
                    VPOS="2339"
                    WIDTH="2147"
                    HEIGHT="144">
            <Shape><Polygon POINTS="560 2450 560 2480 910 2469 921 2472 979 2483 982 2483 985 2483 1021 2466 1032 2463 1065 2466 1167 2477 1170 2477 1172 2477 1205 2461 1208 2461 1214 2461 1266 2474 1269 2474 1272 2474 1504 2469 1506 2469 1509 2469 1528 2455 1722 2463 1724 2463 2003 2439 2066 2433 2100 2436 2254 2450 2257 2450 2260 2450 2307 2428 2312 2425 2596 2419 2602 2419 2654 2439 2657 2439 2660 2439 2663 2439 2704 2417 2704 2394 2698 2359 2591 2339 2588 2339 2301 2348 2298 2348 2249 2367 2243 2370 2224 2370 2089 2353 2086 2353 1967 2375 1942 2378 1926 2375 1871 2364 1868 2364 1865 2364 1840 2378 1829 2383 1504 2389 1495 2386 1470 2370 1468 2370 1465 2370 1462 2370 1459 2370 1418 2386 1404 2392 1343 2389 1250 2383 1247 2383 1203 2392 1175 2397 1164 2392 1136 2381 1134 2381 1131 2381 1128 2381 1079 2394 1056 2403 830 2405 814 2400 772 2386 769 2386 767 2386 557 2405 560 2450"/></Shape>
	    <String CONTENT=""
                    HPOS="557"
                    VPOS="2339"
                    WIDTH="2147"
                    HEIGHT="144"></String>
          </TextLine>
          <TextLine ID="eSc_line_c67bcbce"
                    TAGREFS="LT31"
                    BASELINE="562 2521 1855 2484 1855 2484 2687 2455" 
                    HPOS="560"
                    VPOS="2408"
                    WIDTH="2127"
                    HEIGHT="149">
            <Shape><Polygon POINTS="562 2543 734 2557 736 2557 739 2557 775 2541 778 2538 918 2535 938 2535 1065 2546 1067 2546 1070 2546 1073 2546 1098 2532 1101 2530 1145 2530 1332 2538 1335 2538 1418 2524 1451 2519 1479 2521 1537 2530 1539 2530 1542 2530 1572 2519 1586 2516 1592 2519 1606 2530 1608 2530 1611 2530 1614 2530 1617 2530 1641 2519 1653 2513 1699 2516 1782 2524 1785 2524 1788 2524 1813 2513 1821 2510 1898 2513 2047 2516 2050 2516 2053 2516 2072 2508 2089 2499 2119 2508 2147 2513 2149 2513 2152 2513 2218 2505 2273 2497 2392 2499 2494 2502 2497 2502 2533 2497 2602 2483 2685 2491 2687 2455 2679 2408 560 2474 562 2521"/></Shape>
	    <String CONTENT=""
                    HPOS="560"
                    VPOS="2408"
                    WIDTH="2127"
                    HEIGHT="149"></String>
          </TextLine>
          <TextLine ID="eSc_line_7524e968"
                    TAGREFS="LT31"
                    BASELINE="551 2588 2709 2541" 
                    HPOS="549"
                    VPOS="2491"
                    WIDTH="2160"
                    HEIGHT="121">
            <Shape><Polygon POINTS="551 2588 551 2612 2709 2568 2709 2541 2704 2497 2453 2491 2450 2491 2447 2491 2428 2499 2406 2510 2381 2499 2362 2494 2359 2494 2356 2494 2353 2494 2331 2502 2296 2513 2207 2505 2185 2502 2182 2502 2138 2505 1937 2521 1912 2508 1909 2505 1906 2505 1904 2505 1901 2505 1768 2508 1766 2508 1763 2508 1760 2510 1741 2524 1661 2513 1636 2510 1633 2510 1630 2510 1628 2510 1625 2513 1606 2527 1476 2516 1435 2513 1432 2513 1429 2513 1421 2516 1390 2532 1211 2524 1208 2524 910 2543 836 2527 833 2527 830 2527 827 2527 792 2546 753 2532 750 2532 747 2532 662 2549 549 2532 551 2588"/></Shape>
	    <String CONTENT=""
                    HPOS="549"
                    VPOS="2491"
                    WIDTH="2160"
                    HEIGHT="121"></String>
          </TextLine>
          <TextLine ID="eSc_line_53fc06ec"
                    TAGREFS="LT31"
                    BASELINE="562 2651 2682 2607" 
                    HPOS="560"
                    VPOS="2557"
                    WIDTH="2122"
                    HEIGHT="135">
            <Shape><Polygon POINTS="562 2651 562 2679 689 2692 692 2692 695 2692 750 2679 780 2668 965 2665 1001 2673 1037 2684 1040 2684 1043 2684 1128 2673 1153 2670 1200 2670 1354 2679 1357 2679 1404 2668 1437 2662 1523 2668 1617 2673 1619 2673 1719 2670 1722 2670 1735 2665 1763 2651 1840 2662 1876 2668 1879 2668 1882 2668 1895 2662 1934 2646 2149 2657 2152 2657 2235 2643 2304 2657 2309 2657 2312 2657 2315 2657 2387 2635 2588 2632 2676 2651 2682 2607 2676 2574 2560 2557 2558 2557 2555 2557 2552 2557 2527 2574 2193 2568 2191 2568 2064 2582 2020 2568 2017 2568 2014 2568 1879 2588 1512 2579 1509 2579 1506 2579 1459 2596 1357 2582 1354 2582 1217 2601 1092 2588 1090 2588 731 2610 695 2596 692 2596 689 2596 560 2615 562 2651"/></Shape>
	    <String CONTENT=""
                    HPOS="560"
                    VPOS="2557"
                    WIDTH="2122"
                    HEIGHT="135"></String>
          </TextLine>
          <TextLine ID="eSc_line_20acc10b"
                    TAGREFS="LT31"
                    BASELINE="560 2723 2654 2687" 
                    HPOS="557"
                    VPOS="2640"
                    WIDTH="2097"
                    HEIGHT="116">
            <Shape><Polygon POINTS="560 2723 560 2739 667 2756 670 2756 673 2756 676 2756 700 2739 1004 2737 1037 2750 1040 2750 1043 2750 1156 2734 1506 2742 1509 2742 1512 2742 1570 2726 1592 2739 1595 2739 1597 2739 1600 2739 1603 2739 1606 2739 1630 2723 1738 2720 1846 2720 1862 2720 2155 2731 2158 2731 2478 2726 2480 2726 2522 2712 2616 2723 2618 2723 2621 2723 2654 2706 2654 2687 2646 2640 557 2676 560 2723"/></Shape>
	    <String CONTENT=""
                    HPOS="557"
                    VPOS="2640"
                    WIDTH="2097"
                    HEIGHT="116"></String>
          </TextLine>
          <TextLine ID="eSc_line_4fae807f"
                    TAGREFS="LT31"
                    BASELINE="551 2797 2638 2753" 
                    HPOS="549"
                    VPOS="2715"
                    WIDTH="2089"
                    HEIGHT="115">
            <Shape><Polygon POINTS="551 2797 551 2817 678 2830 681 2830 684 2830 739 2817 805 2828 808 2828 811 2828 872 2814 938 2825 941 2825 1067 2808 1073 2808 1081 2808 1330 2817 1332 2817 1335 2817 1338 2817 1360 2803 1457 2814 1459 2814 2638 2775 2638 2753 2629 2715 549 2756 551 2797"/></Shape>
	    <String CONTENT=""
                    HPOS="549"
                    VPOS="2715"
                    WIDTH="2089"
                    HEIGHT="115"></String>
          </TextLine>
          <TextLine ID="eSc_line_b834b815"
                    TAGREFS="LT31"
                    BASELINE="549 2864 2629 2828" 
                    HPOS="546"
                    VPOS="2781"
                    WIDTH="2083"
                    HEIGHT="107">
            <Shape><Polygon POINTS="549 2864 549 2888 2627 2858 2629 2828 2621 2781 546 2822 549 2864"/></Shape>
	    <String CONTENT=""
                    HPOS="546"
                    VPOS="2781"
                    WIDTH="2083"
                    HEIGHT="107"></String>
          </TextLine>
          <TextLine ID="eSc_line_6631b341"
                    TAGREFS="LT31"
                    BASELINE="543 2941 2676 2905" 
                    HPOS="540"
                    VPOS="2852"
                    WIDTH="2136"
                    HEIGHT="116">
            <Shape><Polygon POINTS="543 2941 543 2968 2676 2932 2676 2905 2671 2869 2530 2852 2527 2852 2525 2852 2522 2852 2500 2869 2494 2872 2480 2872 2365 2855 2362 2855 2359 2855 2326 2872 2323 2875 2290 2875 2075 2861 2072 2861 2069 2861 2066 2861 2044 2875 2017 2861 2014 2861 2011 2861 1835 2880 1804 2883 1779 2883 1633 2869 1630 2869 1440 2886 1412 2888 1407 2888 1360 2872 1357 2872 1354 2872 1352 2872 1310 2888 1302 2894 1175 2894 1170 2891 1150 2877 1148 2877 1145 2877 1142 2877 1139 2877 1136 2877 1120 2891 1114 2894 1051 2894 711 2883 709 2883 706 2883 703 2883 684 2899 678 2902 667 2899 626 2886 623 2886 620 2886 540 2899 543 2941"/></Shape>
	    <String CONTENT=""
                    HPOS="540"
                    VPOS="2852"
                    WIDTH="2136"
                    HEIGHT="116"></String>
          </TextLine>
          <TextLine ID="eSc_line_0ab5d3bd"
                    TAGREFS="LT34"
                    BASELINE="2232 2937 2529 2949" 
                    HPOS="2232"
                    VPOS="2937"
                    WIDTH="297"
                    HEIGHT="12">
	    <String CONTENT=""
                    HPOS="2232"
                    VPOS="2937"
                    WIDTH="297"
                    HEIGHT="12"></String>
          </TextLine>
          <TextLine ID="eSc_line_5dad2b6c"
                    TAGREFS="LT31"
                    BASELINE="557 3010 2180 2977 2643 2979" 
                    HPOS="554"
                    VPOS="2927"
                    WIDTH="2089"
                    HEIGHT="121">
            <Shape><Polygon POINTS="557 3010 557 3048 728 3029 825 3043 827 3043 830 3043 877 3026 916 3037 918 3037 921 3037 1217 3021 1239 3035 1241 3035 1244 3035 1247 3035 1250 3035 1252 3035 1277 3021 1517 3029 1542 3029 1545 3029 1548 3029 1550 3029 1608 3013 1722 3026 1744 3026 1746 3026 1785 3024 1967 3007 2640 3007 2643 2979 2638 2927 554 2966 557 3010"/></Shape>
	    <String CONTENT=""
                    HPOS="554"
                    VPOS="2927"
                    WIDTH="2089"
                    HEIGHT="121"></String>
          </TextLine>
          <TextLine ID="eSc_line_831cde58"
                    TAGREFS="LT31"
                    BASELINE="551 3079 2665 3043" 
                    HPOS="549"
                    VPOS="3007"
                    WIDTH="2116"
                    HEIGHT="97">
            <Shape><Polygon POINTS="551 3079 551 3104 2494 3081 2665 3062 2665 3043 2660 3007 1688 3007 1686 3007 1683 3007 1680 3007 1658 3021 1531 3010 1528 3010 549 3040 551 3079"/></Shape>
	    <String CONTENT=""
                    HPOS="549"
                    VPOS="3007"
                    WIDTH="2116"
                    HEIGHT="97"></String>
          </TextLine>
          <TextLine ID="eSc_line_c16d784e"
                    TAGREFS="LT31"
                    BASELINE="549 3145 2660 3123" 
                    HPOS="546"
                    VPOS="3073"
                    WIDTH="2114"
                    HEIGHT="108">
            <Shape><Polygon POINTS="549 3145 549 3167 949 3181 952 3181 1054 3167 1087 3162 1103 3164 1148 3178 1150 3178 1153 3178 1156 3178 1159 3178 1178 3164 1186 3162 1277 3164 1534 3175 1537 3175 1589 3164 1619 3156 1633 3162 1655 3173 1658 3173 1661 3173 1664 3173 1702 3162 1719 3159 1730 3162 1757 3173 1760 3173 1763 3173 1942 3162 2033 3156 2066 3162 2127 3170 2130 3170 2133 3170 2152 3159 2166 3153 2180 3159 2196 3167 2199 3167 2202 3167 2204 3167 2207 3167 2218 3159 2238 3150 2654 3156 2660 3123 2654 3087 2489 3073 2486 3073 2411 3087 2389 3093 2078 3093 2061 3090 2028 3079 2025 3079 2022 3079 1923 3090 1862 3095 1777 3090 1641 3081 1639 3081 1636 3081 1614 3090 1597 3098 1526 3093 1443 3084 1440 3084 1388 3093 1335 3101 1302 3093 1280 3087 1277 3087 1274 3087 949 3090 946 3090 943 3090 938 3095 921 3104 861 3095 819 3090 816 3090 814 3090 797 3095 764 3106 546 3098 549 3145"/></Shape>
	    <String CONTENT=""
                    HPOS="546"
                    VPOS="3073"
                    WIDTH="2114"
                    HEIGHT="108"></String>
          </TextLine>
          <TextLine ID="eSc_line_ae6066ee"
                    TAGREFS="LT34"
                    BASELINE="2083 3101 2272 3096" 
                    HPOS="2083"
                    VPOS="3096"
                    WIDTH="189"
                    HEIGHT="5">
	    <String CONTENT=""
                    HPOS="2083"
                    VPOS="3096"
                    WIDTH="189"
                    HEIGHT="5"></String>
          </TextLine>
          <TextLine ID="eSc_line_058e24c9"
                    TAGREFS="LT31"
                    BASELINE="546 3228 2696 3200" 
                    HPOS="543"
                    VPOS="3145"
                    WIDTH="2153"
                    HEIGHT="121">
            <Shape><Polygon POINTS="546 3228 546 3250 756 3266 758 3266 943 3247 974 3244 998 3247 1136 3261 1139 3261 1142 3261 1200 3244 1211 3242 1308 3242 1832 3253 1835 3253 1837 3253 1895 3236 1898 3236 1915 3236 2232 3247 2235 3247 2693 3225 2696 3200 2687 3145 2475 3164 2442 3150 2436 3148 2434 3148 2282 3148 2279 3148 2276 3148 2273 3148 2268 3153 2246 3167 2020 3159 1923 3156 1920 3156 1887 3162 1826 3173 1757 3164 1680 3156 1677 3156 1675 3156 1672 3156 1655 3167 1641 3175 1390 3178 1341 3175 1214 3162 1211 3162 1208 3162 1205 3162 1186 3178 1178 3181 1117 3178 849 3167 847 3167 758 3186 731 3170 728 3170 725 3170 579 3170 576 3170 574 3170 571 3170 543 3184 546 3228"/></Shape>
	    <String CONTENT=""
                    HPOS="543"
                    VPOS="3145"
                    WIDTH="2153"
                    HEIGHT="121"></String>
          </TextLine>
        </TextBlock>
        <TextBlock HPOS="23"
                   VPOS="1871"
                   WIDTH="531"
                   HEIGHT="726"
                   ID="2d9b10bd-aeef-443f-aa44-eea1762627d5"
                   TAGREFS="BT43">
          <Shape><Polygon POINTS="554 1871 554 2597 23 2597 23 1871"/></Shape>
          <TextLine ID="eSc_line_a78ed7ab"
                    TAGREFS="LT31"
                    BASELINE="49 1970 538 1961" 
                    HPOS="46"
                    VPOS="1906"
                    WIDTH="492"
                    HEIGHT="88">
            <Shape><Polygon POINTS="516 1945 488 1956 477 1917 441 1912 438 1912 372 1923 344 1925 336 1920 314 1906 311 1906 309 1906 306 1906 237 1920 193 1928 182 1917 173 1912 173 1909 171 1909 168 1909 165 1909 162 1909 157 1912 129 1923 102 1934 74 1942 71 1914 46 1914 49 1970 49 1994 535 1989 538 1961 524 1939 516 1945"/></Shape>
	    <String CONTENT=""
                    HPOS="46"
                    VPOS="1906"
                    WIDTH="492"
                    HEIGHT="88"></String>
          </TextLine>
          <TextLine ID="eSc_line_b4313837"
                    TAGREFS="LT31"
                    BASELINE="44 2033 485 2025" 
                    HPOS="41"
                    VPOS="1983"
                    WIDTH="444"
                    HEIGHT="80">
            <Shape><Polygon POINTS="466 1983 110 1983 96 2003 68 2011 66 1983 41 1983 44 2033 44 2063 452 2063 452 2061 455 2061 458 2061 485 2044 485 2025 482 2016 466 1983"/></Shape>
	    <String CONTENT=""
                    HPOS="41"
                    VPOS="1983"
                    WIDTH="444"
                    HEIGHT="80"></String>
          </TextLine>
          <TextLine ID="eSc_line_2d7989e0"
                    TAGREFS="LT31"
                    BASELINE="40 2086 532 2083" 
                    HPOS="49"
                    VPOS="2047"
                    WIDTH="483"
                    HEIGHT="69">
            <Shape><Polygon POINTS="491 2080 463 2080 436 2074 419 2047 63 2052 49 2080 52 2088 52 2113 529 2116 532 2083 529 2072 518 2072"/></Shape>
	    <String CONTENT=""
                    HPOS="49"
                    VPOS="2047"
                    WIDTH="483"
                    HEIGHT="69"></String>
          </TextLine>
          <TextLine ID="eSc_line_7edb6331"
                    TAGREFS="LT31"
                    BASELINE="38 2152 482 2146" 
                    HPOS="35"
                    VPOS="2110"
                    WIDTH="447"
                    HEIGHT="64">
            <Shape><Polygon POINTS="477 2141 460 2110 77 2110 63 2135 60 2110 35 2110 38 2152 38 2174 480 2174 482 2146 480 2143 477 2141"/></Shape>
	    <String CONTENT=""
                    HPOS="35"
                    VPOS="2110"
                    WIDTH="447"
                    HEIGHT="64"></String>
          </TextLine>
          <TextLine ID="eSc_line_de0a8e03"
                    TAGREFS="LT31"
                    BASELINE="44 2210 510 2218" 
                    HPOS="41"
                    VPOS="2163"
                    WIDTH="469"
                    HEIGHT="80">
            <Shape><Polygon POINTS="182 2207 154 2204 126 2199 99 2190 71 2182 46 2174 44 2210 41 2243 507 2243 510 2218 505 2174 427 2182 317 2165 284 2163 281 2163 278 2163 273 2165 240 2179 195 2179 182 2207"/></Shape>
	    <String CONTENT=""
                    HPOS="41"
                    VPOS="2163"
                    WIDTH="469"
                    HEIGHT="80"></String>
          </TextLine>
          <TextLine ID="eSc_line_b9a749fe"
                    TAGREFS="LT31"
                    BASELINE="46 2276 485 2279" 
                    HPOS="44"
                    VPOS="2240"
                    WIDTH="441"
                    HEIGHT="72">
            <Shape><Polygon POINTS="184 2270 157 2268 129 2259 102 2248 74 2240 46 2240 46 2276 44 2312 482 2301 485 2279 482 2243 198 2240 184 2270"/></Shape>
	    <String CONTENT=""
                    HPOS="44"
                    VPOS="2240"
                    WIDTH="441"
                    HEIGHT="72"></String>
          </TextLine>
          <TextLine ID="eSc_line_d995f696"
                    TAGREFS="LT31"
                    BASELINE="63 2353 394 2348" 
                    HPOS="60"
                    VPOS="2295"
                    WIDTH="334"
                    HEIGHT="119">
            <Shape><Polygon POINTS="143 2348 115 2339 99 2306 60 2306 63 2353 63 2394 135 2394 140 2394 165 2414 168 2414 171 2414 173 2414 237 2400 259 2394 391 2403 394 2348 391 2312 347 2295 344 2295 248 2295 245 2295 242 2295 240 2295 220 2309 212 2312 165 2309 143 2348"/></Shape>
	    <String CONTENT=""
                    HPOS="60"
                    VPOS="2295"
                    WIDTH="334"
                    HEIGHT="119"></String>
          </TextLine>
        </TextBlock>
        <TextBlock HPOS="206"
                   VPOS="33"
                   WIDTH="278"
                   HEIGHT="220"
                   ID="eSc_textblock_63c5ff8e"
                   TAGREFS="BT44">
          <Shape><Polygon POINTS="206 33 206 253 484 253 484 33"/></Shape>
        </TextBlock>
        <TextBlock ID="eSc_dummyblock_">
          <TextLine ID="eSc_line_74dd6e32"
                    TAGREFS="LT31"
                    BASELINE="240 113 432 134" 
                    HPOS="251"
                    VPOS="60"
                    WIDTH="165"
                    HEIGHT="144">
            <Shape><Polygon POINTS="336 71 309 68 281 66 262 60 251 60 256 124 256 204 416 195 416 118 408 60 367 60 364 74"/></Shape>
	    <String CONTENT=""
                    HPOS="251"
                    VPOS="60"
                    WIDTH="165"
                    HEIGHT="144"></String>
          </TextLine>
        </TextBlock>
      </PrintSpace>
    </Page>
  </Layout>
</alto>
