<?xml version="1.0" encoding="UTF-8"?>
<alto xmlns:xsi="http://www.w3.org/2001/XMLSchema-instance"
      xmlns="http://www.loc.gov/standards/alto/ns-v4#"
      xsi:schemaLocation="http://www.loc.gov/standards/alto/ns-v4# http://www.loc.gov/standards/alto/v4/alto-4-2.xsd">
  <Description>
    <MeasurementUnit>pixel</MeasurementUnit>
    <sourceImageInformation>
      <fileName>ARCH-DIV-000496_0143.png</fileName>
    </sourceImageInformation>
  </Description>
  <Tags>
    <OtherTag ID="BT42" LABEL="MainZone" DESCRIPTION="block type MainZone"/><OtherTag ID="BT43" LABEL="MarginTextZone" DESCRIPTION="block type MarginTextZone"/><OtherTag ID="BT44" LABEL="NumberingZone" DESCRIPTION="block type NumberingZone"/><OtherTag ID="BT45" LABEL="TitlePageZone" DESCRIPTION="block type TitlePageZone"/><OtherTag ID="BT46" LABEL="CustomZone:Numbering" DESCRIPTION="block type CustomZone:Numbering"/><OtherTag ID="BT49" LABEL="MarginTextZone:lower" DESCRIPTION="block type MarginTextZone:lower"/>
    <OtherTag ID="LT25" LABEL="default" DESCRIPTION="line type default"/><OtherTag ID="LT31" LABEL="DefaultLine" DESCRIPTION="line type DefaultLine"/><OtherTag ID="LT32" LABEL="HeadingLine" DESCRIPTION="line type HeadingLine"/><OtherTag ID="LT33" LABEL="InterlinearLine:addition" DESCRIPTION="line type InterlinearLine:addition"/><OtherTag ID="LT34" LABEL="InterlinearLine:correction" DESCRIPTION="line type InterlinearLine:correction"/>
  </Tags>
  <Layout>
    <Page WIDTH="2790"
          HEIGHT="3349"
          PHYSICAL_IMG_NR="142"
          ID="eSc_dummypage_">
      <PrintSpace HPOS="0"
                  VPOS="0"
                  WIDTH="2790"
                  HEIGHT="3349">
        <TextBlock HPOS="484"
                   VPOS="4"
                   WIDTH="2233"
                   HEIGHT="3336"
                   ID="11120e13-af7e-49b7-9818-9c5c06d563d7"
                   TAGREFS="BT42">
          <Shape><Polygon POINTS="2717 4 2717 3340 484 3340 484 4"/></Shape>
          <TextLine ID="eSc_line_ba16ee11"
                    TAGREFS="LT31"
                    BASELINE="580 111 1488 86 2697 80" 
                    HPOS="578"
                    VPOS="44"
                    WIDTH="2119"
                    HEIGHT="84">
            <Shape><Polygon POINTS="2672 53 2644 47 2616 44 2588 44 2560 44 2533 44 2505 44 2477 44 2449 44 2421 44 2393 44 2365 44 2337 44 2309 44 2281 44 2253 44 2225 44 2197 44 2170 44 2142 44 2114 47 2086 47 2058 47 2030 47 2002 47 1974 47 1946 47 1918 47 1890 47 1862 47 1834 47 1806 47 1801 47 1779 47 1751 47 1723 47 1695 47 1667 47 1639 47 1611 47 1583 50 1558 50 1555 50 1527 50 1499 50 1471 50 1443 50 1415 50 1388 50 1360 50 1348 50 1332 53 1198 50 1192 50 1164 50 1136 50 1108 50 1080 53 1052 53 1024 53 997 53 969 53 941 53 913 53 885 53 857 53 829 53 801 53 773 53 745 53 717 53 695 53 578 64 580 111 580 128 2695 114 2697 80 2689 55 2672 53"/></Shape>
	    <String CONTENT="contré le Ménistre par ses adversaires. Ils voyaient très lui que ce lé¬"
                    HPOS="578"
                    VPOS="44"
                    WIDTH="2119"
                    HEIGHT="84"
                    WC="0.984135627746582"></String>
          </TextLine>
          <TextLine ID="eSc_line_dc227cf6"
                    TAGREFS="LT31"
                    BASELINE="580 178 1415 156 2689 150" 
                    HPOS="578"
                    VPOS="94"
                    WIDTH="2111"
                    HEIGHT="109">
            <Shape><Polygon POINTS="580 178 580 200 899 189 980 195 1066 203 1069 203 1072 203 1094 195 1114 186 1181 192 1256 200 1259 200 1262 200 1301 192 1334 184 1566 186 1840 192 1843 192 1846 192 1868 184 1879 178 2027 178 2033 181 2047 192 2049 192 2052 192 2055 192 2329 189 2331 189 2334 189 2348 175 2351 175 2373 175 2586 186 2588 186 2686 170 2689 150 2678 94 2639 108 2493 97 2474 97 2471 97 2449 97 2287 114 2153 103 2086 100 2083 100 2080 100 2063 106 2035 117 1871 108 1765 106 1762 106 1759 106 1734 111 1706 120 1628 114 1536 108 1533 108 1530 108 1527 108 1516 117 1505 122 1474 117 1418 108 1415 108 1351 120 1318 125 1253 122 1083 111 1080 111 1078 111 1075 111 1058 125 1052 128 1030 125 913 114 910 114 907 114 904 114 888 128 759 117 756 117 754 117 709 131 689 117 687 117 684 117 681 117 578 133 580 178"/></Shape>
	    <String CONTENT="béral était au fond un autoritaire. Hosseme de gouvernement avant"
                    HPOS="578"
                    VPOS="94"
                    WIDTH="2111"
                    HEIGHT="109"
                    WC="0.9962053381479703"></String>
          </TextLine>
          <TextLine ID="eSc_line_462c3e4e"
                    TAGREFS="LT31"
                    BASELINE="580 245 1251 228 2697 223" 
                    HPOS="578"
                    VPOS="173"
                    WIDTH="2119"
                    HEIGHT="100">
            <Shape><Polygon POINTS="580 245 580 273 988 256 1150 256 1181 270 1186 273 1189 273 1192 273 1212 270 1315 253 1524 270 1552 270 1555 270 1589 270 1765 256 1818 267 1823 267 1826 267 1829 267 1832 267 1851 253 1963 267 1980 267 1982 267 1985 267 1988 267 2013 251 2340 265 2368 265 2371 265 2373 265 2376 265 2421 248 2544 248 2563 262 2566 262 2569 262 2572 262 2636 248 2689 262 2697 223 2692 186 2161 173 2158 173 2156 173 2153 173 2128 189 1711 189 1686 175 1684 175 1681 175 1678 175 1533 192 1312 178 1309 178 1200 195 983 181 980 181 977 181 941 198 745 184 742 184 578 200 580 245"/></Shape>
	    <String CONTENT="tout, il n&#x27;était si attaché à la liberté, que parce qu&#x27;à ses yeux elle se confon¬"
                    HPOS="578"
                    VPOS="173"
                    WIDTH="2119"
                    HEIGHT="100"
                    WC="0.9878120867602797"></String>
          </TextLine>
          <TextLine ID="eSc_line_68424530"
                    TAGREFS="LT31"
                    BASELINE="578 312 1030 298 2661 287" 
                    HPOS="575"
                    VPOS="251"
                    WIDTH="2086"
                    HEIGHT="83">
            <Shape><Polygon POINTS="578 312 578 334 2424 315 2474 326 2477 326 2480 326 2658 309 2661 287 2655 251 904 251 902 251 899 251 896 251 876 265 723 253 720 253 575 267 578 312"/></Shape>
	    <String CONTENT="dait avec l&#x27;intérêt de la nation et plus encore avec celui de l&#x27;Etat, et"
                    HPOS="575"
                    VPOS="251"
                    WIDTH="2086"
                    HEIGHT="83"
                    WC="0.9886593123277029"></String>
          </TextLine>
          <TextLine ID="eSc_line_617ea495"
                    TAGREFS="LT31"
                    BASELINE="575 382 2705 363" 
                    HPOS="572"
                    VPOS="312"
                    WIDTH="1874"
                    HEIGHT="89">
            <Shape><Polygon POINTS="575 401 2443 390 2446 360 2440 315 1829 312 1826 312 1823 312 1820 312 1820 315 1809 323 1806 329 1457 332 1443 329 1407 318 1404 318 1401 318 1304 332 1267 334 1167 332 804 323 801 323 798 323 795 323 773 340 770 340 754 340 633 326 631 326 628 326 572 340 575 382"/></Shape>
	    <String CONTENT="il l&#x27;ent volontiers imposée à coups, de déuets. Sa proposition en"
                    HPOS="572"
                    VPOS="312"
                    WIDTH="1874"
                    HEIGHT="89"
                    WC="0.9952906641093168"></String>
          </TextLine>
          <TextLine ID="eSc_line_fbe97781"
                    TAGREFS="LT31"
                    BASELINE="572 452 2689 424" 
                    HPOS="569"
                    VPOS="371"
                    WIDTH="2120"
                    HEIGHT="114">
            <Shape><Polygon POINTS="572 452 572 485 784 468 1036 480 1058 480 1061 480 1072 480 1206 463 1340 474 1368 477 1371 477 1374 477 1379 474 1410 463 1575 471 1628 474 1630 474 1734 468 2086 452 2164 463 2183 466 2186 466 2474 463 2477 463 2485 460 2510 446 2683 454 2689 424 2681 371 2466 387 2136 379 2047 379 2044 379 2041 379 2027 382 1985 396 1415 396 779 396 776 396 569 410 572 452"/></Shape>
	    <String CONTENT="poser les soncessions en ligue disecte parut une atteinte insupportable a"
                    HPOS="569"
                    VPOS="371"
                    WIDTH="2120"
                    HEIGHT="114"
                    WC="0.9793481712471949"></String>
          </TextLine>
          <TextLine ID="eSc_line_bbe4436b"
                    TAGREFS="LT31"
                    BASELINE="564 521 812 510 2669 496" 
                    HPOS="561"
                    VPOS="449"
                    WIDTH="2108"
                    HEIGHT="100">
            <Shape><Polygon POINTS="564 521 564 549 1242 549 1242 547 1262 544 1326 530 1527 541 1583 544 1586 544 1603 541 1664 527 1737 541 1748 541 1751 541 1773 541 1940 524 2664 533 2669 496 2661 449 561 463 564 521"/></Shape>
	    <String CONTENT="la propriété et un impôt hideux frappé aur le denil des fami lles &quot;&lt;.&gt;"
                    HPOS="561"
                    VPOS="449"
                    WIDTH="2108"
                    HEIGHT="100"
                    WC="0.9857957405703408"></String>
          </TextLine>
          <TextLine ID="eSc_line_bf941cc4"
                    TAGREFS="LT31"
                    BASELINE="575 583 2664 558" 
                    HPOS="572"
                    VPOS="516"
                    WIDTH="2092"
                    HEIGHT="100">
            <Shape><Polygon POINTS="575 583 575 616 2661 591 2664 558 2655 516 572 533 575 583"/></Shape>
	    <String CONTENT="p....  .. .. ... .......&gt;"
                    HPOS="572"
                    VPOS="516"
                    WIDTH="2092"
                    HEIGHT="100"
                    WC="0.8826727390289306"></String>
          </TextLine>
          <TextLine ID="eSc_line_7ddeb967"
                    TAGREFS="LT31"
                    BASELINE="566 650 2672 625" 
                    HPOS="564"
                    VPOS="586"
                    WIDTH="2108"
                    HEIGHT="83">
            <Shape><Polygon POINTS="566 650 566 669 2669 650 2672 625 2667 588 1510 586 1508 586 1505 586 1502 586 1485 600 1323 588 1320 588 1027 605 798 594 795 594 793 594 790 594 770 608 600 597 597 597 594 597 564 608 566 650"/></Shape>
	    <String CONTENT="&lt;..... . .... ... .... ..&gt;"
                    HPOS="564"
                    VPOS="586"
                    WIDTH="2108"
                    HEIGHT="83"
                    WC="0.8533736742459811"></String>
          </TextLine>
          <TextLine ID="eSc_line_7a9f4267"
                    TAGREFS="LT31"
                    BASELINE="569 717 1910 692 2681 694" 
                    HPOS="566"
                    VPOS="639"
                    WIDTH="2115"
                    HEIGHT="114">
            <Shape><Polygon POINTS="569 717 572 753 620 736 1019 747 1089 747 1091 747 1105 745 1156 733 1186 745 1195 747 1198 747 1200 747 1203 747 1217 745 1265 725 1650 722 1753 736 1790 739 1792 739 1795 739 1806 733 1843 720 1974 720 1994 731 1999 736 2002 736 2005 736 2008 736 2072 731 2178 720 2675 720 2681 694 2678 653 2410 639 2407 639 2298 653 2264 639 2262 639 2259 639 2256 639 2195 655 2052 641 2049 641 1946 655 1857 644 1854 644 1851 644 1792 661 1653 647 1650 647 1647 647 1597 664 1443 650 1441 650 1438 650 1435 650 1407 667 1262 653 1259 653 1256 653 1198 669 1047 655 1044 655 1041 655 988 672 971 658 969 658 966 658 963 658 960 658 910 672 843 658 840 658 745 675 645 661 642 661 566 678 569 717"/></Shape>
	    <String CONTENT="&lt;... .. ..... ..... ..... ..&gt; Ilus gran¬"
                    HPOS="566"
                    VPOS="639"
                    WIDTH="2115"
                    HEIGHT="114"
                    WC="0.9150452077388763"></String>
          </TextLine>
          <TextLine ID="eSc_line_1f21c58a"
                    TAGREFS="LT31"
                    BASELINE="561 787 988 773 2622 759" 
                    HPOS="558"
                    VPOS="708"
                    WIDTH="2064"
                    HEIGHT="112">
            <Shape><Polygon POINTS="561 787 561 820 639 803 815 817 832 817 835 817 837 817 843 817 899 800 994 814 1005 814 1008 814 1019 814 1117 798 1318 809 1385 812 1388 812 1390 812 1410 806 1452 798 1533 806 1577 809 1580 809 1583 809 1597 803 1625 795 1644 803 1658 809 1661 809 1664 809 1667 809 1689 803 1723 795 1832 800 1935 806 1938 806 1940 806 1963 798 1994 789 2041 798 2080 803 2083 803 2164 795 2253 787 2329 792 2424 800 2426 800 2619 787 2622 759 2616 722 2329 708 2326 708 2323 708 2287 725 2139 725 1812 728 1806 728 1664 714 1661 714 1388 733 1354 733 1329 733 1108 720 1105 720 1103 720 1100 720 1078 736 1075 736 1061 736 924 722 921 722 918 722 868 736 846 722 843 722 840 722 837 722 558 739 561 787"/></Shape>
	    <String CONTENT="dissait la prospérité du pays, plus le Parlement, par egoisme bourgeors"
                    HPOS="558"
                    VPOS="708"
                    WIDTH="2064"
                    HEIGHT="112"
                    WC="0.9920091729768565"></String>
          </TextLine>
          <TextLine ID="eSc_line_f6ffeb69"
                    TAGREFS="LT31"
                    BASELINE="552 856 2661 823" 
                    HPOS="550"
                    VPOS="773"
                    WIDTH="2111"
                    HEIGHT="108">
            <Shape><Polygon POINTS="552 856 552 879 1242 881 1245 881 1653 862 1692 862 1700 862 1779 873 1781 873 2100 856 2105 856 2128 867 2130 867 2133 867 2658 845 2661 823 2653 773 550 814 552 856"/></Shape>
	    <String CONTENT="et étroitesse de mes, se rebiffait devant le moindre saisifice. &lt;...&gt;"
                    HPOS="550"
                    VPOS="773"
                    WIDTH="2111"
                    HEIGHT="108"
                    WC="0.9775997676711151"></String>
          </TextLine>
          <TextLine ID="eSc_line_124614c4"
                    TAGREFS="LT31"
                    BASELINE="552 926 2653 895" 
                    HPOS="550"
                    VPOS="845"
                    WIDTH="2103"
                    HEIGHT="115">
            <Shape><Polygon POINTS="552 926 552 946 639 960 642 960 740 946 745 946 748 946 888 957 890 957 966 943 971 943 980 943 1119 954 1122 954 1125 954 1128 954 1142 940 1145 940 1189 940 1502 948 1505 948 2653 923 2653 895 2644 853 2323 859 2318 856 2301 845 2298 845 2295 845 2292 845 2209 859 2181 862 2158 859 2077 848 2075 848 1846 865 1781 867 1762 865 1695 853 1692 853 1689 853 1639 867 1622 870 1533 867 1307 862 1304 862 1301 862 1298 862 1287 873 1281 876 1136 873 740 867 737 867 550 881 552 926"/></Shape>
	    <String CONTENT="&lt;..  .. ..... . .... ... ..&gt;"
                    HPOS="550"
                    VPOS="845"
                    WIDTH="2103"
                    HEIGHT="115"
                    WC="0.8603986757142204"></String>
          </TextLine>
          <TextLine ID="eSc_line_15ddba33"
                    TAGREFS="LT31"
                    BASELINE="561 1007 1091 987 2658 976" 
                    HPOS="558"
                    VPOS="932"
                    WIDTH="2100"
                    HEIGHT="100">
            <Shape><Polygon POINTS="561 1007 561 1032 924 1015 1047 1027 1050 1027 1052 1027 1111 1013 2655 1013 2658 976 2650 932 1231 934 1117 951 1103 951 1086 951 899 937 896 937 558 957 561 1007"/></Shape>
	    <String CONTENT="&lt;...e ...... .. ..&gt; sinte fment obligi. .. .... en"
                    HPOS="558"
                    VPOS="932"
                    WIDTH="2100"
                    HEIGHT="100"
                    WC="0.8983188134431839"></String>
          </TextLine>
          <TextLine ID="eSc_line_dd503053"
                    TAGREFS="LT31"
                    BASELINE="564 1077 2664 1043" 
                    HPOS="561"
                    VPOS="993"
                    WIDTH="2103"
                    HEIGHT="117">
            <Shape><Polygon POINTS="564 1077 564 1110 2661 1068 2664 1043 2658 993 2491 993 2488 993 2485 993 2482 993 2482 996 2466 1010 2209 999 2147 999 2144 999 2142 999 2139 999 2136 1001 2119 1015 1871 1007 1787 1004 1784 1004 1781 1004 1765 1007 1714 1024 561 1029 564 1077"/></Shape>
	    <String CONTENT="&lt;..... ... . . ... ... ......&gt;  ilà les avaient de"
                    HPOS="561"
                    VPOS="993"
                    WIDTH="2103"
                    HEIGHT="117"
                    WC="0.8866426694393158"></String>
          </TextLine>
          <TextLine ID="eSc_line_efe29c11"
                    TAGREFS="LT31"
                    BASELINE="558 1144 2625 1116" 
                    HPOS="555"
                    VPOS="1063"
                    WIDTH="2070"
                    HEIGHT="114">
            <Shape><Polygon POINTS="558 1144 558 1163 742 1177 745 1177 748 1177 779 1163 804 1163 1172 1172 1175 1172 1240 1160 1253 1158 1267 1158 1337 1169 1340 1169 2625 1147 2625 1116 2619 1074 2250 1063 2248 1063 2245 1063 2209 1077 2195 1080 2147 1077 2013 1066 2010 1066 2008 1066 1968 1077 1952 1082 1907 1080 1809 1068 1806 1068 1804 1068 1759 1080 1731 1085 1658 1080 1563 1074 1561 1074 1558 1074 1555 1074 1547 1082 1538 1091 555 1091 558 1144"/></Shape>
	    <String CONTENT="&lt;.d .... ........ ...... ........ . ... ....&gt;"
                    HPOS="555"
                    VPOS="1063"
                    WIDTH="2070"
                    HEIGHT="114"
                    WC="0.8773916363716125"></String>
          </TextLine>
          <TextLine ID="eSc_line_5947dcac"
                    TAGREFS="LT31"
                    BASELINE="572 1219 2655 1188" 
                    HPOS="569"
                    VPOS="1135"
                    WIDTH="2086"
                    HEIGHT="120">
            <Shape><Polygon POINTS="572 1219 575 1255 622 1241 751 1253 756 1253 759 1253 784 1253 1172 1233 1276 1244 1287 1244 1290 1244 1337 1244 1714 1222 2653 1219 2655 1188 2647 1135 2502 1149 2480 1138 2480 1135 2477 1135 2474 1135 2471 1135 2468 1135 2463 1138 2432 1152 2320 1141 2295 1138 2292 1138 2290 1138 2287 1138 2287 1141 2267 1155 2183 1141 2167 1141 2164 1141 2150 1144 2080 1160 1765 1160 1742 1149 1734 1147 1731 1147 1728 1147 1725 1147 1714 1149 1681 1163 1471 1155 1393 1152 1390 1152 1388 1152 1368 1158 1315 1169 1206 1160 1153 1155 1150 1155 946 1158 943 1158 941 1158 932 1163 910 1174 569 1172 572 1219"/></Shape>
	    <String CONTENT="queu .. .. .. . .... . .&gt; di¬"
                    HPOS="569"
                    VPOS="1135"
                    WIDTH="2086"
                    HEIGHT="120"
                    WC="0.885083321867318"></String>
          </TextLine>
          <TextLine ID="eSc_line_9b8a5cfe"
                    TAGREFS="LT31"
                    BASELINE="558 1289 2644 1253" 
                    HPOS="555"
                    VPOS="1216"
                    WIDTH="2089"
                    HEIGHT="106">
            <Shape><Polygon POINTS="558 1289 558 1322 2641 1278 2644 1253 2636 1216 555 1250 558 1289"/></Shape>
	    <String CONTENT="&lt;.. ... . . . . ... ...&gt;"
                    HPOS="555"
                    VPOS="1216"
                    WIDTH="2089"
                    HEIGHT="106"
                    WC="0.8839364349842072"></String>
          </TextLine>
          <TextLine ID="eSc_line_3f46e69d"
                    TAGREFS="LT31"
                    BASELINE="547 1356 2644 1325" 
                    HPOS="544"
                    VPOS="1275"
                    WIDTH="2100"
                    HEIGHT="123">
            <Shape><Polygon POINTS="547 1356 547 1384 620 1375 631 1384 645 1395 647 1395 650 1395 653 1398 737 1398 737 1395 740 1395 798 1381 832 1373 862 1378 924 1392 927 1392 930 1392 971 1375 991 1370 1108 1373 1357 1384 1360 1384 1569 1367 1611 1381 1614 1381 1617 1381 1837 1367 1873 1378 1876 1378 1879 1378 1882 1378 1938 1359 1943 1353 2122 1353 2130 1353 2209 1373 2211 1373 2214 1373 2262 1350 2264 1347 2644 1342 2644 1325 2636 1275 544 1314 547 1356"/></Shape>
	    <String CONTENT="&lt;.. ...equ. Il en réseiltie que, poique vers la fin du XIX siècle"
                    HPOS="544"
                    VPOS="1275"
                    WIDTH="2100"
                    HEIGHT="123"
                    WC="0.9804340775196368"></String>
          </TextLine>
          <TextLine ID="eSc_line_9b8ff966"
                    TAGREFS="LT31"
                    BASELINE="539 1431 2625 1389" 
                    HPOS="536"
                    VPOS="1345"
                    WIDTH="2089"
                    HEIGHT="125">
            <Shape><Polygon POINTS="539 1431 539 1454 673 1470 675 1470 818 1448 832 1448 837 1448 879 1462 882 1462 885 1462 980 1445 991 1445 1010 1445 1223 1459 1226 1459 1228 1459 1259 1445 1876 1445 1879 1445 1882 1445 1924 1428 1929 1426 1940 1426 2021 1440 2024 1440 2027 1440 2030 1440 2052 1426 2181 1434 2183 1434 2186 1434 2237 1420 2242 1420 2245 1420 2278 1434 2281 1434 2284 1434 2625 1412 2625 1389 2616 1345 536 1392 539 1431"/></Shape>
	    <String CONTENT="les gouvernements qui se sncédèrent au pouvoir .........&gt;"
                    HPOS="536"
                    VPOS="1345"
                    WIDTH="2089"
                    HEIGHT="125"
                    WC="0.964908196215044"></String>
          </TextLine>
          <TextLine ID="eSc_line_823c2309"
                    TAGREFS="LT31"
                    BASELINE="536 1507 2669 1467" 
                    HPOS="533"
                    VPOS="1431"
                    WIDTH="2136"
                    HEIGHT="112">
            <Shape><Polygon POINTS="536 1507 536 1526 597 1526 600 1526 620 1543 622 1543 625 1543 628 1543 631 1543 687 1526 700 1523 709 1526 759 1540 762 1540 765 1540 768 1540 770 1540 790 1526 1270 1532 1273 1532 1276 1532 1307 1521 1318 1515 1329 1518 1351 1529 1354 1529 1357 1529 1558 1518 1644 1512 1672 1515 1725 1523 1728 1523 1770 1515 1809 1507 1854 1515 1899 1521 1901 1521 1904 1521 1929 1512 1971 1501 2021 1512 2052 1518 2055 1518 2108 1512 2211 1495 2287 1509 2295 1509 2298 1509 2301 1509 2304 1509 2326 1495 2373 1509 2379 1509 2382 1509 2385 1509 2387 1509 2390 1509 2390 1507 2415 1493 2555 1504 2558 1504 2560 1504 2563 1504 2583 1490 2667 1504 2669 1467 2661 1431 533 1465 536 1507"/></Shape>
	    <String CONTENT="n&#x27;eurent guère recours qu&#x27;à l&#x27;emprunt pous parer aux dépeuses de"
                    HPOS="533"
                    VPOS="1431"
                    WIDTH="2136"
                    HEIGHT="112"
                    WC="0.9968369493117699"></String>
          </TextLine>
          <TextLine ID="eSc_line_a9d9961e"
                    TAGREFS="LT31"
                    BASELINE="541 1585 2153 1546 2619 1546" 
                    HPOS="539"
                    VPOS="1484"
                    WIDTH="2080"
                    HEIGHT="129">
            <Shape><Polygon POINTS="541 1585 541 1613 2619 1574 2619 1546 2616 1498 2412 1484 2410 1484 2287 1504 2284 1504 2264 1490 2262 1490 2259 1490 2256 1490 2041 1509 2035 1509 2030 1509 1913 1495 1910 1495 1664 1518 1658 1518 1656 1518 1432 1507 1429 1507 1287 1526 1284 1526 1281 1526 1038 1515 1036 1515 860 1534 790 1521 787 1521 784 1521 728 1537 664 1523 661 1523 539 1543 541 1585"/></Shape>
	    <String CONTENT="l Etat. &lt;.............. ... ... .....&gt; L&#x27;inteit elee"
                    HPOS="539"
                    VPOS="1484"
                    WIDTH="2080"
                    HEIGHT="129"
                    WC="0.9098405287815974"></String>
          </TextLine>
          <TextLine ID="eSc_line_7ad8d333"
                    TAGREFS="LT31"
                    BASELINE="536 1657 2331 1615 2653 1624" 
                    HPOS="533"
                    VPOS="1565"
                    WIDTH="2120"
                    HEIGHT="115">
            <Shape><Polygon POINTS="536 1657 536 1680 2653 1646 2653 1624 2650 1571 2189 1565 2186 1565 2066 1582 2055 1582 1999 1582 1421 1582 1418 1582 1304 1599 1287 1599 1273 1599 1164 1587 1161 1587 1159 1587 1131 1601 1100 1601 804 1596 801 1596 533 1613 536 1657"/></Shape>
	    <String CONTENT="toral d&#x27;ailleurs les détournait de demander deu impôts que &lt;..&gt; l&#x27;op¬"
                    HPOS="533"
                    VPOS="1565"
                    WIDTH="2120"
                    HEIGHT="115"
                    WC="0.9761999690014384"></String>
          </TextLine>
          <TextLine ID="eSc_line_a2eb28e7"
                    TAGREFS="LT31"
                    BASELINE="547 1730 2628 1691" 
                    HPOS="544"
                    VPOS="1641"
                    WIDTH="2084"
                    HEIGHT="128">
            <Shape><Polygon POINTS="547 1730 550 1769 603 1749 930 1761 985 1761 988 1761 1013 1758 1105 1744 1226 1752 1270 1755 1273 1755 1276 1755 1279 1755 1284 1752 1301 1741 1460 1747 1558 1749 1561 1749 1594 1744 1633 1735 1664 1741 1692 1747 1695 1747 1904 1741 1907 1741 1910 1741 1918 1735 1932 1727 1966 1733 2002 1741 2005 1741 2008 1741 2010 1741 2024 1733 2035 1724 2049 1733 2058 1738 2061 1738 2063 1738 2066 1738 2105 1730 2147 1721 2206 1727 2253 1733 2256 1733 2290 1727 2334 1716 2622 1716 2628 1691 2622 1657 2544 1641 2541 1641 2538 1641 2535 1641 2513 1657 2292 1660 2250 1643 2248 1643 2245 1643 2242 1643 2170 1663 1974 1654 1971 1654 1561 1674 1527 1660 1524 1660 1522 1660 1427 1677 1287 1660 1284 1660 1167 1663 1164 1663 1161 1663 1133 1682 1066 1666 1064 1666 1061 1666 1058 1666 985 1685 941 1668 938 1668 935 1668 837 1682 695 1671 692 1671 544 1694 547 1730"/></Shape>
	    <String CONTENT="position ent exploités contre eux comme une preuve de mauvaise"
                    HPOS="544"
                    VPOS="1641"
                    WIDTH="2084"
                    HEIGHT="128"
                    WC="0.9928642549822407"></String>
          </TextLine>
          <TextLine ID="eSc_line_ebccd021"
                    TAGREFS="LT31"
                    BASELINE="547 1802 1318 1800 2644 1769" 
                    HPOS="544"
                    VPOS="1724"
                    WIDTH="2100"
                    HEIGHT="126">
            <Shape><Polygon POINTS="547 1802 550 1850 594 1825 700 1822 860 1822 941 1841 963 1844 966 1844 969 1844 985 1839 1013 1830 1153 1836 1273 1839 1276 1839 1279 1839 1309 1830 1351 1822 1401 1827 1457 1836 1460 1836 1463 1836 1485 1827 1513 1816 1563 1825 1614 1833 1617 1833 1672 1822 1714 1814 1745 1819 1776 1827 1779 1827 1781 1827 1865 1816 1960 1805 2024 1814 2072 1819 2075 1819 2147 1811 2259 1797 2345 1805 2404 1811 2407 1811 2410 1811 2412 1811 2421 1802 2440 1794 2641 1797 2644 1769 2636 1735 2337 1738 2334 1738 2295 1724 2292 1724 2290 1724 2287 1724 2284 1724 2262 1738 2259 1738 2150 1724 2147 1724 2063 1741 2049 1744 2041 1741 1991 1727 1988 1727 1985 1727 1982 1727 1932 1744 1918 1749 1692 1749 1686 1747 1656 1733 1653 1733 1650 1733 1510 1749 1455 1755 1421 1749 1348 1738 1346 1738 1343 1738 1318 1752 1307 1758 1212 1752 1041 1744 1038 1744 1036 1744 1008 1755 988 1763 955 1758 907 1747 904 1747 902 1747 857 1758 823 1766 793 1758 759 1749 756 1749 754 1749 544 1761 547 1802"/></Shape>
	    <String CONTENT="gestion ou de gaspillage. Le système financier continua donc, sans cux¬"
                    HPOS="544"
                    VPOS="1724"
                    WIDTH="2100"
                    HEIGHT="126"
                    WC="0.9939803136906153"></String>
          </TextLine>
          <TextLine ID="eSc_line_65db4a8c"
                    TAGREFS="LT31"
                    BASELINE="536 1881 1711 1872 2619 1841" 
                    HPOS="533"
                    VPOS="1797"
                    WIDTH="2086"
                    HEIGHT="111">
            <Shape><Polygon POINTS="536 1881 536 1908 2616 1883 2619 1841 2614 1805 2510 1797 2507 1797 2454 1808 2421 1814 2401 1808 2376 1800 2373 1800 2371 1800 2368 1800 2348 1808 2334 1816 2298 1811 2264 1805 2262 1805 2259 1805 2231 1811 2200 1819 2189 1814 2172 1802 2170 1802 2167 1802 2164 1802 2055 1816 1977 1825 1943 1819 1896 1808 1893 1808 1832 1819 1818 1822 1801 1822 1717 1811 1714 1811 1711 1811 1709 1811 1692 1822 1681 1830 1320 1836 1307 1830 1279 1819 1276 1819 1273 1819 1270 1819 1228 1833 1214 1836 1181 1833 1052 1822 1050 1822 888 1839 840 1844 829 1841 793 1827 790 1827 787 1827 558 1830 555 1830 552 1830 533 1839 536 1881"/></Shape>
	    <String CONTENT="difications essentielles, à réposer sur les &lt; vis bases qui lui"
                    HPOS="533"
                    VPOS="1797"
                    WIDTH="2086"
                    HEIGHT="111"
                    WC="0.9823470548726618"></String>
          </TextLine>
          <TextLine ID="eSc_line_c5a1a5b4"
                    TAGREFS="LT31"
                    BASELINE="533 1953 2639 1928" 
                    HPOS="530"
                    VPOS="1878"
                    WIDTH="2109"
                    HEIGHT="111">
            <Shape><Polygon POINTS="533 1953 533 1975 851 1973 865 1973 988 1989 991 1989 1075 1970 1086 1970 1159 1970 1698 1981 1700 1981 2639 1953 2639 1928 2628 1878 2572 1892 2468 1881 2443 1878 2440 1878 2438 1878 2424 1881 2368 1894 2242 1883 2192 1881 2189 1881 2186 1881 2183 1881 2178 1886 2153 1897 1913 1889 1765 1886 1762 1886 1723 1894 1675 1903 1315 1900 759 1897 756 1897 530 1914 533 1953"/></Shape>
	    <String CONTENT="avaient été données au temps du roi Guillaume. On préféra le laisser"
                    HPOS="530"
                    VPOS="1878"
                    WIDTH="2109"
                    HEIGHT="111"
                    WC="0.9827669815105551"></String>
          </TextLine>
          <TextLine ID="eSc_line_166a8965"
                    TAGREFS="LT31"
                    BASELINE="536 2028 1354 2026 2628 1989" 
                    HPOS="533"
                    VPOS="1945"
                    WIDTH="2095"
                    HEIGHT="125">
            <Shape><Polygon POINTS="536 2028 536 2059 879 2054 882 2054 921 2070 924 2070 927 2070 1002 2054 1030 2068 1033 2068 1036 2068 1119 2054 1189 2065 1192 2065 1195 2065 1198 2065 1217 2051 1323 2062 1326 2062 1329 2062 1365 2045 1374 2042 1407 2045 1552 2056 1555 2056 1742 2037 1767 2037 1792 2037 1954 2045 1957 2045 1960 2045 1991 2034 2005 2028 2030 2031 2097 2045 2100 2045 2248 2042 2250 2042 2284 2028 2298 2023 2628 2023 2628 1989 2619 1945 533 1989 536 2028"/></Shape>
	    <String CONTENT="subsister tel quel plutôt que de &lt;.. ..... &gt; tenter"
                    HPOS="533"
                    VPOS="1945"
                    WIDTH="2095"
                    HEIGHT="125"
                    WC="0.9560887649947521"></String>
          </TextLine>
          <TextLine ID="eSc_line_1ccd4916"
                    TAGREFS="LT31"
                    BASELINE="522 2095 2594 2059" 
                    HPOS="519"
                    VPOS="2023"
                    WIDTH="2075"
                    HEIGHT="100">
            <Shape><Polygon POINTS="522 2095 522 2123 2273 2107 2276 2107 2281 2107 2331 2093 2588 2101 2594 2059 2586 2023 519 2045 522 2095"/></Shape>
	    <String CONTENT="une réforme qui, peut-être ent tout compromis. La dette publique"
                    HPOS="519"
                    VPOS="2023"
                    WIDTH="2075"
                    HEIGHT="100"
                    WC="0.9819919671863317"></String>
          </TextLine>
          <TextLine ID="eSc_line_70922f4a"
                    TAGREFS="LT31"
                    BASELINE="522 2168 1672 2157 2633 2129" 
                    HPOS="519"
                    VPOS="2090"
                    WIDTH="2114"
                    HEIGHT="114">
            <Shape><Polygon POINTS="522 2168 522 2193 726 2188 742 2190 784 2204 787 2204 790 2204 868 2190 896 2185 918 2188 988 2204 991 2204 994 2204 997 2204 997 2201 1013 2188 1058 2201 1061 2201 1064 2201 1066 2201 1097 2185 1108 2182 1156 2185 1279 2196 1281 2196 1284 2196 1320 2182 1332 2179 1346 2182 1401 2196 1404 2196 1407 2196 1410 2196 1438 2182 1449 2176 1496 2179 1625 2193 1628 2193 1968 2174 2170 2162 2365 2162 2376 2168 2390 2179 2393 2179 2396 2179 2399 2179 2460 2165 2505 2157 2628 2162 2633 2129 2625 2090 1625 2118 1563 2112 1471 2104 1469 2104 1466 2104 1463 2104 1446 2115 1435 2121 1374 2118 1270 2109 1267 2109 1265 2109 1262 2109 1248 2121 1240 2123 1192 2121 1094 2115 1091 2115 1019 2123 985 2129 980 2126 963 2115 960 2115 957 2115 955 2115 952 2115 907 2126 896 2129 862 2129 678 2118 675 2118 519 2134 522 2168"/></Shape>
	    <String CONTENT="alla donc civissant sans cesse. Les épaules du pays étaient assez robus."
                    HPOS="519"
                    VPOS="2090"
                    WIDTH="2114"
                    HEIGHT="114"
                    WC="0.9968463588092062"></String>
          </TextLine>
          <TextLine ID="eSc_line_e90b0c15"
                    TAGREFS="LT31"
                    BASELINE="519 2238 1589 2232" 
                    HPOS="516"
                    VPOS="2185"
                    WIDTH="1073"
                    HEIGHT="81">
            <Shape><Polygon POINTS="519 2238 519 2266 1586 2249 1589 2232 1583 2193 516 2185 519 2238"/></Shape>
	    <String CONTENT="tes pour la supporter sans faiblir."
                    HPOS="516"
                    VPOS="2185"
                    WIDTH="1073"
                    HEIGHT="81"
                    WC="0.9950600964682442"></String>
          </TextLine>
          <TextLine ID="eSc_line_73525966"
                    TAGREFS="LT34"
                    BASELINE="1781 2241 2072 2232" 
                    HPOS="1779"
                    VPOS="2182"
                    WIDTH="293"
                    HEIGHT="81">
            <Shape><Polygon POINTS="1781 2263 2072 2260 2072 2232 2063 2182 1779 2201 1781 2241"/></Shape>
	    <String CONTENT="&quot;partin de"
                    HPOS="1779"
                    VPOS="2182"
                    WIDTH="293"
                    HEIGHT="81"
                    WC="0.9925804615020752"></String>
          </TextLine>
          <TextLine ID="eSc_line_2b2f88b3"
                    TAGREFS="LT31"
                    BASELINE="541 2313 1622 2308 2622 2277" 
                    HPOS="539"
                    VPOS="2224"
                    WIDTH="2083"
                    HEIGHT="120">
            <Shape><Polygon POINTS="541 2313 541 2341 1360 2344 1362 2344 1513 2327 1522 2327 1530 2327 1686 2338 1689 2338 1854 2321 1890 2319 1915 2321 2013 2330 2016 2330 2019 2330 2055 2319 2075 2313 2102 2316 2181 2330 2183 2330 2315 2327 2318 2327 2345 2313 2357 2308 2616 2308 2622 2277 2616 2229 2488 2227 2485 2227 2482 2227 2480 2227 2477 2229 2449 2246 2415 2229 2399 2224 2396 2224 2393 2224 2331 2232 2248 2243 2156 2235 2100 2229 2097 2229 2094 2229 2069 2235 1991 2257 1524 2263 1424 2246 1421 2246 1418 2246 1357 2266 1248 2254 1245 2254 1164 2268 1103 2249 1094 2246 1091 2246 1089 2246 1086 2246 1078 2249 1016 2271 980 2249 977 2249 974 2249 971 2249 969 2249 963 2249 916 2268 893 2254 890 2254 888 2254 745 2254 681 2254 678 2254 675 2254 673 2254 653 2271 628 2254 625 2254 622 2254 620 2254 539 2254 541 2313"/></Shape>
	    <String CONTENT="La vutoire définitivre du libre échange voor (Ib6, lui fit connaitre"
                    HPOS="539"
                    VPOS="2224"
                    WIDTH="2083"
                    HEIGHT="120"
                    WC="0.9702635315411231"></String>
          </TextLine>
          <TextLine ID="eSc_line_a39dc222"
                    TAGREFS="LT31"
                    BASELINE="516 2388 1804 2374 2644 2344" 
                    HPOS="513"
                    VPOS="2302"
                    WIDTH="2131"
                    HEIGHT="126">
            <Shape><Polygon POINTS="516 2388 516 2411 661 2428 664 2428 667 2428 670 2428 698 2408 700 2405 843 2405 854 2405 963 2422 966 2422 969 2422 1036 2402 1055 2419 1058 2419 1061 2419 1064 2419 1220 2400 1259 2414 1262 2414 1265 2414 1848 2405 1851 2405 1879 2391 1977 2402 1980 2402 1982 2402 2024 2388 2167 2400 2170 2400 2172 2400 2217 2380 2278 2397 2281 2397 2284 2397 2287 2397 2329 2377 2399 2394 2401 2394 2404 2394 2407 2394 2474 2374 2474 2372 2644 2369 2644 2344 2636 2302 2312 2305 2309 2305 2301 2308 2273 2321 2203 2310 2181 2308 2178 2308 2136 2313 2008 2327 1935 2316 1910 2313 1907 2313 1848 2319 1706 2333 1630 2324 1594 2319 1591 2319 1589 2319 1577 2324 1552 2338 1184 2341 1145 2333 1108 2327 1105 2327 1044 2335 994 2344 969 2338 949 2333 946 2333 943 2333 893 2338 840 2347 826 2341 809 2333 807 2333 804 2333 513 2347 516 2388"/></Shape>
	    <String CONTENT="en effet, une période de prospérité jusqu&#x27;alors sans execmple deporist"
                    HPOS="513"
                    VPOS="2302"
                    WIDTH="2131"
                    HEIGHT="126"
                    WC="0.9864112777369363"></String>
          </TextLine>
          <TextLine ID="eSc_line_7874f566"
                    TAGREFS="LT31"
                    BASELINE="516 2464 2653 2422" 
                    HPOS="513"
                    VPOS="2374"
                    WIDTH="2140"
                    HEIGHT="129">
            <Shape><Polygon POINTS="516 2464 516 2503 670 2483 913 2495 966 2495 969 2495 1022 2489 1153 2478 1170 2486 1181 2492 1184 2492 1186 2492 1226 2483 1290 2472 1332 2481 1362 2489 1365 2489 1368 2489 1371 2489 1374 2489 1388 2481 1399 2472 1410 2481 1418 2486 1421 2486 1424 2486 1427 2486 1471 2478 1519 2469 1628 2475 1792 2481 1795 2481 1854 2467 1871 2464 1879 2467 1907 2478 1910 2478 1913 2478 1915 2478 1943 2464 1949 2464 1980 2464 2181 2472 2183 2472 2650 2444 2653 2422 2647 2388 2566 2374 2563 2374 2220 2394 2186 2394 2183 2394 2153 2380 2150 2380 2147 2380 2005 2397 1994 2397 1988 2397 1946 2383 1943 2383 1940 2383 1938 2383 1904 2397 1899 2400 1890 2397 1840 2386 1837 2386 1834 2386 1700 2400 1656 2405 1622 2402 1558 2394 1555 2394 1421 2405 1337 2411 1276 2408 1172 2400 1170 2400 1167 2400 1145 2408 1133 2414 1119 2408 1091 2400 1089 2400 1086 2400 1083 2400 1055 2411 1044 2414 1013 2411 946 2402 943 2402 840 2414 754 2422 709 2414 667 2408 664 2408 513 2416 516 2464"/></Shape>
	    <String CONTENT="&lt;........ .... ... .. ... . ique dans doute à"
                    HPOS="513"
                    VPOS="2374"
                    WIDTH="2140"
                    HEIGHT="129"
                    WC="0.8654212315877279"></String>
          </TextLine>
          <TextLine ID="eSc_line_59f8740d"
                    TAGREFS="LT31"
                    BASELINE="516 2531 2661 2503" 
                    HPOS="513"
                    VPOS="2458"
                    WIDTH="2148"
                    HEIGHT="109">
            <Shape><Polygon POINTS="516 2531 516 2567 687 2567 687 2564 689 2564 695 2564 737 2548 879 2561 904 2561 907 2561 924 2559 997 2548 1100 2556 1125 2559 1128 2559 1131 2559 1136 2556 1164 2542 1329 2553 1368 2556 1371 2556 1374 2556 1385 2553 1429 2539 1672 2550 1728 2550 1731 2550 1751 2548 1823 2536 1932 2545 1971 2548 1974 2548 1991 2545 2052 2531 2116 2542 2133 2545 2136 2545 2161 2542 2256 2528 2655 2534 2661 2503 2655 2469 2234 2458 2231 2458 2228 2458 2225 2458 2203 2472 1184 2472 1181 2472 1178 2472 1175 2472 1153 2486 977 2475 974 2475 513 2495 516 2531"/></Shape>
	    <String CONTENT="partir de cette date le progés éionomique est commuun à toute l&#x27;Europe"
                    HPOS="513"
                    VPOS="2458"
                    WIDTH="2148"
                    HEIGHT="109"
                    WC="0.9871798904848771"></String>
          </TextLine>
          <TextLine ID="eSc_line_e0cb1bd4"
                    TAGREFS="LT31"
                    BASELINE="516 2595 2605 2570" 
                    HPOS="513"
                    VPOS="2522"
                    WIDTH="2092"
                    HEIGHT="109">
            <Shape><Polygon POINTS="516 2595 522 2631 541 2617 656 2628 689 2631 692 2631 695 2631 703 2628 737 2615 1052 2612 1301 2623 1351 2623 1354 2623 1368 2620 1443 2606 1547 2620 1563 2620 1566 2620 1591 2617 1734 2603 1854 2615 1879 2617 1882 2617 1885 2617 1887 2617 1887 2615 1913 2601 2021 2615 2035 2615 2038 2615 2066 2615 2259 2598 2329 2612 2340 2612 2343 2612 2602 2606 2605 2570 2600 2522 1921 2522 1918 2522 1915 2522 1913 2522 1899 2534 1890 2539 1865 2534 1834 2525 1832 2525 1829 2525 1739 2534 1672 2542 1633 2536 1577 2528 1575 2528 1371 2542 1295 2545 1276 2542 1212 2531 1209 2531 1206 2531 1175 2545 1167 2548 1122 2545 983 2534 980 2534 977 2534 974 2534 960 2548 955 2550 924 2548 807 2536 804 2536 801 2536 751 2550 740 2553 717 2550 617 2539 614 2539 513 2553 516 2595"/></Shape>
	    <String CONTENT="Mais nulle part il n&#x27;apparait aussi froppant qu&#x27;il le fut en Belgique La"
                    HPOS="513"
                    VPOS="2522"
                    WIDTH="2092"
                    HEIGHT="109"
                    WC="0.9976613769928614"></String>
          </TextLine>
          <TextLine ID="eSc_line_3f6c71f0"
                    TAGREFS="LT31"
                    BASELINE="513 2662 2625 2637" 
                    HPOS="511"
                    VPOS="2598"
                    WIDTH="2114"
                    HEIGHT="89">
            <Shape><Polygon POINTS="513 2662 513 2687 2622 2662 2625 2637 2616 2598 511 2623 513 2662"/></Shape>
	    <String CONTENT="liberté commerciale lui permit alors de tirer parté, com ue elle n&#x27;avait"
                    HPOS="511"
                    VPOS="2598"
                    WIDTH="2114"
                    HEIGHT="89"
                    WC="0.9906624183058739"></String>
          </TextLine>
          <TextLine ID="eSc_line_daaeaa56"
                    TAGREFS="LT31"
                    BASELINE="508 2729 2616 2712" 
                    HPOS="505"
                    VPOS="2668"
                    WIDTH="2111"
                    HEIGHT="97">
            <Shape><Polygon POINTS="508 2729 511 2765 561 2751 809 2762 812 2762 815 2762 860 2748 2611 2748 2616 2712 2611 2676 1823 2668 1820 2668 1700 2676 1611 2681 1597 2676 1577 2668 1575 2668 1572 2668 1569 2668 1566 2668 1555 2676 1547 2684 1407 2684 1393 2676 1385 2670 1382 2670 1379 2670 1209 2670 1206 2670 1170 2676 1108 2687 823 2676 765 2676 762 2676 759 2676 756 2676 737 2690 505 2679 508 2729"/></Shape>
	    <String CONTENT="plus pu le faire depuis le XVIe siècle de se position centrale, des ressourus"
                    HPOS="505"
                    VPOS="2668"
                    WIDTH="2111"
                    HEIGHT="97"
                    WC="0.9899126283534161"></String>
          </TextLine>
          <TextLine ID="eSc_line_ecdf77e6"
                    TAGREFS="LT31"
                    BASELINE="511 2801 2644 2785" 
                    HPOS="508"
                    VPOS="2732"
                    WIDTH="2136"
                    HEIGHT="92">
            <Shape><Polygon POINTS="511 2801 511 2824 2641 2813 2644 2785 2636 2732 2365 2746 2334 2735 2323 2732 2320 2732 2318 2732 2315 2732 2306 2735 2281 2748 2203 2737 2178 2735 2175 2735 2153 2737 2102 2748 2089 2740 2083 2735 2080 2735 2077 2735 2075 2735 2072 2735 2069 2735 2063 2740 2052 2751 1921 2751 1887 2743 1871 2737 1868 2737 1865 2737 1779 2743 1686 2751 1617 2746 1519 2740 1516 2740 1513 2740 1510 2740 1502 2748 1494 2754 1435 2748 1318 2740 1315 2740 1200 2754 1161 2757 1108 2754 888 2743 885 2743 882 2743 879 2743 860 2760 857 2760 832 2760 552 2746 550 2746 547 2746 508 2760 511 2801"/></Shape>
	    <String CONTENT="de son sol, dles aptitudes travailleuses de son peuple et de la sepérionté"
                    HPOS="508"
                    VPOS="2732"
                    WIDTH="2136"
                    HEIGHT="92"
                    WC="0.987313831980164"></String>
          </TextLine>
          <TextLine ID="eSc_line_d42dc3fb"
                    TAGREFS="LT31"
                    BASELINE="508 2871 2558 2866" 
                    HPOS="505"
                    VPOS="2810"
                    WIDTH="2053"
                    HEIGHT="89">
            <Shape><Polygon POINTS="508 2871 508 2896 2552 2899 2558 2866 2547 2810 2485 2827 2424 2810 2421 2810 2418 2810 2153 2810 2150 2810 2136 2813 2075 2827 2016 2813 2002 2810 1999 2810 1996 2810 1968 2813 1893 2827 1846 2815 1829 2810 1826 2810 1823 2810 1820 2810 1801 2815 1762 2827 1723 2815 1703 2810 1700 2810 1698 2810 1658 2815 1614 2824 1583 2815 1558 2810 1555 2810 1552 2810 1550 2810 1547 2810 1538 2818 1522 2832 999 2832 988 2821 977 2813 974 2813 971 2813 969 2813 966 2813 938 2821 910 2829 505 2827 508 2871"/></Shape>
	    <String CONTENT="de ses moyens de commenication &lt;.... ......  ...... ..&gt;"
                    HPOS="505"
                    VPOS="2810"
                    WIDTH="2053"
                    HEIGHT="89"
                    WC="0.927486019784754"></String>
          </TextLine>
          <TextLine ID="eSc_line_23da7762"
                    TAGREFS="LT31"
                    BASELINE="499 2949 2636 2941" 
                    HPOS="497"
                    VPOS="2894"
                    WIDTH="2139"
                    HEIGHT="92">
            <Shape><Polygon POINTS="499 2949 499 2986 675 2972 1058 2980 1167 2983 1170 2983 1172 2983 1181 2980 1212 2969 1586 2975 1851 2980 1854 2980 1899 2972 1935 2966 2633 2966 2636 2941 2628 2894 497 2899 499 2949"/></Shape>
	    <String CONTENT="&lt;... ... .. . .... .. ... ....."
                    HPOS="497"
                    VPOS="2894"
                    WIDTH="2139"
                    HEIGHT="92"
                    WC="0.9002591179263207"></String>
          </TextLine>
          <TextLine ID="eSc_line_1a78bd14"
                    TAGREFS="LT31"
                    BASELINE="505 3011 2611 3016" 
                    HPOS="502"
                    VPOS="2972"
                    WIDTH="2109"
                    HEIGHT="81">
            <Shape><Polygon POINTS="505 3011 502 3033 740 3050 742 3050 862 3039 885 3036 904 3039 991 3050 994 3050 1245 3042 1376 3036 1390 3042 1401 3050 1404 3050 1407 3050 1410 3050 1446 3042 1488 3033 1611 3044 1664 3047 1667 3047 1695 3044 1756 3036 1773 3044 1790 3053 1792 3053 1795 3053 1798 3053 1818 3044 1843 3036 1899 3044 1943 3053 1946 3053 2002 3047 2089 3036 2605 3050 2611 3016 2608 2977 505 2972 505 3011"/></Shape>
	    <String CONTENT="&lt;....&gt; juqu&#x27;alors. on l&#x27;a vu, sa politiqué avait esssé de tus¬"
                    HPOS="502"
                    VPOS="2972"
                    WIDTH="2109"
                    HEIGHT="81"
                    WC="0.9584775865077972"></String>
          </TextLine>
          <TextLine ID="eSc_line_96be266b"
                    TAGREFS="LT31"
                    BASELINE="505 3086 2602 3086" 
                    HPOS="505"
                    VPOS="3036"
                    WIDTH="2097"
                    HEIGHT="81">
            <Shape><Polygon POINTS="505 3086 505 3117 2602 3108 2602 3086 2602 3050 505 3036 505 3086"/></Shape>
	    <String CONTENT="dre à l&#x27;extension de sa production et d son commerce. Mais les brérières"
                    HPOS="505"
                    VPOS="3036"
                    WIDTH="2097"
                    HEIGHT="81"
                    WC="0.9885590313232109"></String>
          </TextLine>
          <TextLine ID="eSc_line_6ceeaa36"
                    TAGREFS="LT31"
                    BASELINE="516 3175 1418 3159 2549 3173" 
                    HPOS="513"
                    VPOS="3106"
                    WIDTH="2036"
                    HEIGHT="95">
            <Shape><Polygon POINTS="516 3175 513 3181 550 3198 552 3198 555 3201 971 3201 971 3198 974 3198 1016 3187 1027 3184 1069 3187 1206 3198 1209 3198 1320 3189 1385 3184 2544 3198 2549 3173 2547 3125 1924 3106 1921 3106 1834 3122 1832 3122 1829 3122 1714 3106 1711 3106 1608 3122 1605 3122 1603 3122 1536 3106 1533 3106 1530 3106 1449 3122 1446 3122 1441 3122 1290 3106 1287 3106 1198 3122 1192 3122 1189 3122 1089 3106 1086 3106 1083 3106 1038 3120 957 3106 955 3106 882 3122 876 3125 633 3125 625 3122 550 3106 547 3106 544 3106 516 3117 516 3175"/></Shape>
	    <String CONTENT="douanières qui l’enserraient contiuaient nalgee les traités de"
                    HPOS="513"
                    VPOS="3106"
                    WIDTH="2036"
                    HEIGHT="95"
                    WC="0.9928583896929218"></String>
          </TextLine>
          <TextLine ID="eSc_line_6f03b91f"
                    TAGREFS="LT31"
                    BASELINE="516 3242 2530 3251" 
                    HPOS="513"
                    VPOS="3178"
                    WIDTH="2017"
                    HEIGHT="109">
            <Shape><Polygon POINTS="516 3242 513 3270 888 3282 890 3282 893 3282 896 3282 904 3276 916 3268 1181 3268 1198 3276 1206 3284 1209 3284 1212 3284 1214 3287 1516 3287 1516 3284 1569 3282 1681 3270 1767 3282 1792 3284 1795 3284 1798 3284 1806 3282 1851 3270 1868 3282 1873 3287 1876 3287 1879 3287 1882 3287 1885 3287 1901 3284 1935 3273 1952 3284 1954 3287 1957 3287 1960 3287 1963 3287 1991 3284 2061 3273 2097 3284 2105 3287 2108 3287 2111 3287 2161 3284 2365 3273 2401 3287 2404 3287 2407 3287 2410 3287 2412 3287 2415 3287 2468 3273 2521 3287 2530 3251 2527 3212 2195 3184 2192 3184 2189 3184 2186 3184 2153 3209 2150 3212 1963 3212 1960 3209 1929 3184 1927 3184 1924 3184 1921 3184 1837 3203 1753 3181 1751 3181 1748 3181 1552 3206 1544 3206 1536 3206 1404 3187 1401 3187 1142 3203 1055 3178 1052 3178 1050 3178 1047 3178 991 3203 516 3203 516 3242"/></Shape>
	    <String CONTENT="commerce conclus en 1852 avec les Pays. Bas, avec le Zollverius"
                    HPOS="513"
                    VPOS="3178"
                    WIDTH="2017"
                    HEIGHT="109"
                    WC="0.9807616916913835"></String>
          </TextLine>
        </TextBlock>
        <TextBlock HPOS="165"
                   VPOS="82"
                   WIDTH="242"
                   HEIGHT="155"
                   ID="eSc_textblock_b269e458"
                   TAGREFS="BT44">
          <Shape><Polygon POINTS="165 82 165 237 407 237 407 82"/></Shape>
        </TextBlock>
        <TextBlock ID="eSc_dummyblock_">
          <TextLine ID="eSc_line_d3e25b3f"
                    TAGREFS="LT31"
                    BASELINE="190 136 330 163" 
                    HPOS="226"
                    VPOS="89"
                    WIDTH="36"
                    HEIGHT="139">
            <Shape><Polygon POINTS="234 150 240 226 262 228 259 147 245 89 226 94"/></Shape>
	    <String CONTENT=""
                    HPOS="226"
                    VPOS="89"
                    WIDTH="36"
                    HEIGHT="139"></String>
          </TextLine>
        </TextBlock>
      </PrintSpace>
    </Page>
  </Layout>
</alto>
