<?xml version="1.0" encoding="UTF-8"?>
<alto xmlns:xsi="http://www.w3.org/2001/XMLSchema-instance"
      xmlns="http://www.loc.gov/standards/alto/ns-v4#"
      xsi:schemaLocation="http://www.loc.gov/standards/alto/ns-v4# http://www.loc.gov/standards/alto/v4/alto-4-2.xsd">
  <Description>
    <MeasurementUnit>pixel</MeasurementUnit>
    <sourceImageInformation>
      <fileName>ARCH-DIV-000496_0231.png</fileName>
    </sourceImageInformation>
  </Description>
  <Tags>
    <OtherTag ID="BT42" LABEL="MainZone" DESCRIPTION="block type MainZone"/><OtherTag ID="BT43" LABEL="MarginTextZone" DESCRIPTION="block type MarginTextZone"/><OtherTag ID="BT44" LABEL="NumberingZone" DESCRIPTION="block type NumberingZone"/><OtherTag ID="BT45" LABEL="TitlePageZone" DESCRIPTION="block type TitlePageZone"/><OtherTag ID="BT46" LABEL="CustomZone:Numbering" DESCRIPTION="block type CustomZone:Numbering"/><OtherTag ID="BT49" LABEL="MarginTextZone:lower" DESCRIPTION="block type MarginTextZone:lower"/>
    <OtherTag ID="LT25" LABEL="default" DESCRIPTION="line type default"/><OtherTag ID="LT31" LABEL="DefaultLine" DESCRIPTION="line type DefaultLine"/><OtherTag ID="LT32" LABEL="HeadingLine" DESCRIPTION="line type HeadingLine"/><OtherTag ID="LT33" LABEL="InterlinearLine:addition" DESCRIPTION="line type InterlinearLine:addition"/><OtherTag ID="LT34" LABEL="InterlinearLine:correction" DESCRIPTION="line type InterlinearLine:correction"/>
  </Tags>
  <Layout>
    <Page WIDTH="2790"
          HEIGHT="3349"
          PHYSICAL_IMG_NR="230"
          ID="eSc_dummypage_">
      <PrintSpace HPOS="0"
                  VPOS="0"
                  WIDTH="2790"
                  HEIGHT="3349">
        <TextBlock HPOS="194"
                   VPOS="49"
                   WIDTH="316"
                   HEIGHT="179"
                   ID="5f13867a-1919-4f09-a54f-c1e93eb84822"
                   TAGREFS="BT44">
          <Shape><Polygon POINTS="510 49 510 228 194 228 194 49"/></Shape>
          <TextLine ID="eSc_line_4701a937"
                    TAGREFS="LT31"
                    BASELINE="239 154 413 159 441 157" 
                    HPOS="254"
                    VPOS="100"
                    WIDTH="148"
                    HEIGHT="137">
            <Shape><Polygon POINTS="337 103 310 106 282 106 254 108 259 167 262 214 349 237 351 237 354 237 402 220 399 159 390 100 365 103"/></Shape>
	    <String CONTENT="223"
                    HPOS="254"
                    VPOS="100"
                    WIDTH="148"
                    HEIGHT="137"
                    WC="0.9336401224136353"></String>
          </TextLine>
        </TextBlock>
        <TextBlock HPOS="543"
                   VPOS="32"
                   WIDTH="2224"
                   HEIGHT="3317"
                   ID="72b89eec-df8c-4800-bc74-5b4239843201"
                   TAGREFS="BT42">
          <Shape><Polygon POINTS="547 32 2767 36 2767 3343 817 3349 558 3349 543 342"/></Shape>
          <TextLine ID="eSc_line_287c99a3"
                    TAGREFS="LT31"
                    BASELINE="647 103 1147 94" 
                    HPOS="645"
                    VPOS="39"
                    WIDTH="502"
                    HEIGHT="83">
            <Shape><Polygon POINTS="1133 39 1044 55 916 47 862 44 840 44 812 47 795 47 790 53 781 61 762 55 748 50 728 50 700 53 698 53 645 58 647 103 647 122 1145 117 1147 94 1139 39 1133 39"/></Shape>
	    <String CONTENT="à fonder d&#x27;écoles"
                    HPOS="645"
                    VPOS="39"
                    WIDTH="502"
                    HEIGHT="83"
                    WC="0.9999639425012801"></String>
          </TextLine>
          <TextLine ID="eSc_line_33b911b1"
                    TAGREFS="LT31"
                    BASELINE="636 175 1256 156 2722 150" 
                    HPOS="633"
                    VPOS="108"
                    WIDTH="2089"
                    HEIGHT="95">
            <Shape><Polygon POINTS="2644 111 2616 111 2588 114 2560 114 2533 117 2505 117 2477 120 2449 120 2421 122 2393 122 2365 122 2337 125 2309 125 2281 128 2253 128 2225 131 2197 131 2170 131 2142 131 2114 131 2086 131 2058 131 2030 131 2002 128 1974 128 1946 128 1918 128 1890 128 1862 125 1834 125 1806 125 1779 125 1751 125 1723 122 1695 122 1667 122 1642 122 1639 122 1611 122 1583 122 1563 117 1337 108 1334 108 633 131 636 175 636 203 726 186 835 200 837 200 1360 181 2717 184 2722 150 2717 117 2669 111 2644 111"/></Shape>
	    <String CONTENT="au surplus, la prédominance de l&#x27;influence fancaise dans le domai"
                    HPOS="633"
                    VPOS="108"
                    WIDTH="2089"
                    HEIGHT="95"
                    WC="0.9979079063122089"></String>
          </TextLine>
          <TextLine ID="eSc_line_4f46c8d8"
                    TAGREFS="LT31"
                    BASELINE="608 251 1547 223 2736 212" 
                    HPOS="606"
                    VPOS="156"
                    WIDTH="2130"
                    HEIGHT="114">
            <Shape><Polygon POINTS="608 251 608 270 2736 234 2736 212 2725 156 2681 173 2075 173 1742 173 1739 173 1737 173 1711 181 1689 186 1580 184 1424 178 1421 178 1418 178 1415 178 1404 186 1399 192 1326 189 1178 184 1175 184 606 206 608 251"/></Shape>
	    <String CONTENT="ne sci entifique comme dans tous les autres res treiguait facheusement"
                    HPOS="606"
                    VPOS="156"
                    WIDTH="2130"
                    HEIGHT="114"
                    WC="0.9850922320570265"></String>
          </TextLine>
          <TextLine ID="eSc_line_6268fa23"
                    TAGREFS="LT31"
                    BASELINE="611 315 1413 287 2714 270" 
                    HPOS="608"
                    VPOS="217"
                    WIDTH="2106"
                    HEIGHT="123">
            <Shape><Polygon POINTS="611 315 611 340 969 320 1452 323 1457 323 1460 323 1463 323 1499 309 1563 320 1566 320 1650 306 1745 318 1748 318 1751 318 1753 318 1846 301 2711 298 2714 270 2709 231 2555 217 2552 217 2549 217 2547 217 2521 234 2519 237 2429 237 2385 220 2382 220 2379 220 2376 220 2331 237 2312 237 1882 231 1879 231 1787 248 1781 248 1776 248 1644 234 1642 234 1304 256 1198 242 1195 242 1192 242 1159 259 1094 245 1091 245 1089 245 1016 262 804 253 801 253 608 270 611 315"/></Shape>
	    <String CONTENT="La horigon et les méthodes. &lt;...&gt; les scienes morales surtout, en pôti¬"
                    HPOS="608"
                    VPOS="217"
                    WIDTH="2106"
                    HEIGHT="123"
                    WC="0.9829258499011188"></String>
          </TextLine>
          <TextLine ID="eSc_line_eb294419"
                    TAGREFS="LT31"
                    BASELINE="614 376 1365 348 2731 323" 
                    HPOS="611"
                    VPOS="284"
                    WIDTH="2120"
                    HEIGHT="109">
            <Shape><Polygon POINTS="614 376 614 393 2731 351 2731 323 2722 284 611 323 614 376"/></Shape>
	    <String CONTENT="rent durant les cinquante années qui siécvirent la révolution. Du prods"
                    HPOS="611"
                    VPOS="284"
                    WIDTH="2120"
                    HEIGHT="109"
                    WC="0.9874564098640227"></String>
          </TextLine>
          <TextLine ID="eSc_line_8acd501e"
                    TAGREFS="LT31"
                    BASELINE="631 440 1357 413 2720 387" 
                    HPOS="628"
                    VPOS="343"
                    WIDTH="2092"
                    HEIGHT="125">
            <Shape><Polygon POINTS="631 440 631 468 801 466 804 466 809 466 879 446 971 460 991 463 994 463 1024 460 1147 440 1281 452 1315 454 1318 454 1354 452 1485 432 1714 440 1804 443 1806 443 1809 443 1826 438 1871 424 1927 435 1932 435 1935 435 1952 435 2111 418 2172 429 2214 435 2217 435 2267 426 2326 415 2371 424 2407 429 2410 429 2454 421 2496 413 2521 418 2547 426 2549 426 2552 426 2555 426 2574 418 2600 407 2717 413 2720 387 2711 343 1536 373 1530 373 1485 362 1482 362 1480 362 1374 376 1351 379 1337 379 1259 368 1256 368 1253 368 1251 368 1234 382 1231 382 1203 382 994 373 991 373 628 396 631 440"/></Shape>
	    <String CONTENT="greux développement pua qu&#x27;avaient pris en Allemague les disepplines"
                    HPOS="628"
                    VPOS="343"
                    WIDTH="2092"
                    HEIGHT="125"
                    WC="0.9758094181032742"></String>
          </TextLine>
          <TextLine ID="eSc_line_b7693335"
                    TAGREFS="LT31"
                    BASELINE="628 510 1058 488 2709 457" 
                    HPOS="625"
                    VPOS="410"
                    WIDTH="2084"
                    HEIGHT="131">
            <Shape><Polygon POINTS="628 510 628 541 896 535 899 535 902 535 941 516 1083 530 1091 530 1094 530 1097 530 1100 530 1175 507 1301 507 1348 524 1354 524 1357 524 1360 524 1362 524 1371 521 1435 502 1589 502 1625 516 1633 519 1636 519 1639 519 1661 516 1731 499 1826 510 1857 513 1860 513 1913 507 2041 493 2077 505 2100 510 2102 510 2105 510 2167 502 2248 488 2287 499 2315 505 2318 505 2320 505 2709 485 2709 457 2703 415 2387 410 2385 410 2382 410 2357 421 2345 426 2315 424 2242 413 2239 413 2237 413 2195 426 2181 429 2164 426 2105 415 2102 415 2024 429 2002 432 1971 429 1846 421 1843 421 1840 421 1837 421 1820 435 1815 438 1751 435 1597 429 1594 429 1591 429 1566 440 1558 443 1530 440 1432 429 1429 429 1427 429 1424 429 1404 443 1401 446 1390 443 1346 432 1343 432 1340 432 1337 432 1301 446 1293 449 1267 446 1161 435 1159 435 1036 452 1010 457 843 457 837 457 818 443 815 443 812 443 809 443 625 460 628 510"/></Shape>
	    <String CONTENT="phélologiques et historiques, on iquorait tout. Il fallest que la guerre"
                    HPOS="625"
                    VPOS="410"
                    WIDTH="2084"
                    HEIGHT="131"
                    WC="0.9881171277827687"></String>
          </TextLine>
          <TextLine ID="eSc_line_ddf2026d"
                    TAGREFS="LT31"
                    BASELINE="620 586 1214 555 2734 519" 
                    HPOS="617"
                    VPOS="482"
                    WIDTH="2117"
                    HEIGHT="129">
            <Shape><Polygon POINTS="620 586 620 611 2734 549 2734 519 2725 482 1524 499 1522 499 1494 513 1471 513 1122 510 1119 510 617 535 620 586"/></Shape>
	    <String CONTENT="d. 1870 revélat bausquement la force et la puissance allemandes pour"
                    HPOS="617"
                    VPOS="482"
                    WIDTH="2117"
                    HEIGHT="129"
                    WC="0.9935010233346153"></String>
          </TextLine>
          <TextLine ID="eSc_line_6a87c818"
                    TAGREFS="LT31"
                    BASELINE="620 655 2734 586" 
                    HPOS="617"
                    VPOS="535"
                    WIDTH="2117"
                    HEIGHT="157">
            <Shape><Polygon POINTS="620 655 620 692 742 672 829 686 840 686 843 686 846 686 849 686 879 667 1293 669 1376 669 1379 669 1382 669 1396 667 1469 647 1709 655 1739 655 1742 655 1756 653 1840 636 1873 650 1882 653 1885 653 1887 653 2292 639 2295 639 2312 636 2359 622 2449 630 2466 630 2468 630 2471 630 2474 630 2493 613 2521 627 2527 630 2530 630 2533 630 2552 627 2622 611 2728 619 2734 586 2722 535 2695 549 2435 547 2309 547 2306 547 2304 547 2287 552 2256 566 2052 572 1946 566 1868 563 1865 563 1862 563 1832 572 1798 580 1784 574 1770 566 1767 566 1765 566 1672 577 1605 586 1561 583 1471 574 1469 574 1270 594 1206 600 1195 597 1153 586 1150 586 1147 586 1145 586 1142 586 1122 600 1119 602 1111 600 1069 588 1066 588 1064 588 1061 588 1058 588 1038 602 1033 608 868 611 860 611 787 597 784 597 617 619 620 655"/></Shape>
	    <String CONTENT="que l&#x27;on s&#x27;avisât enfin qu&#x27;elles avaient grandi de pair avec lau cul¬"
                    HPOS="617"
                    VPOS="535"
                    WIDTH="2117"
                    HEIGHT="157"
                    WC="0.9835332200147103"></String>
          </TextLine>
          <TextLine ID="eSc_line_c05147e8"
                    TAGREFS="LT31"
                    BASELINE="614 731 1538 689 2720 661" 
                    HPOS="611"
                    VPOS="613"
                    WIDTH="2109"
                    HEIGHT="140">
            <Shape><Polygon POINTS="614 731 614 753 2717 680 2720 661 2711 613 2264 636 2217 630 2175 625 2172 625 2170 625 2167 625 2158 633 2150 639 2105 633 2013 625 2010 625 1943 639 1910 647 1868 641 1781 633 1779 633 1776 633 1725 647 1709 653 1698 650 1664 636 1661 636 1658 636 1569 653 1555 655 1544 655 1480 641 1477 641 1390 661 1371 664 1362 661 1332 647 1329 647 1326 647 1323 647 1320 647 1298 664 1295 664 1284 664 1161 653 1159 653 1156 653 1125 669 1119 672 1111 669 1080 661 1078 661 1075 661 1072 661 1044 672 1036 675 1024 672 952 658 949 658 946 658 879 675 807 667 804 667 801 667 798 667 773 683 770 683 759 683 664 669 661 669 659 669 611 686 614 731"/></Shape>
	    <String CONTENT="turé in tellestuelle. Dès lors, &lt;..... ...........&gt;"
                    HPOS="611"
                    VPOS="613"
                    WIDTH="2109"
                    HEIGHT="140"
                    WC="0.9422325339971804"></String>
          </TextLine>
          <TextLine ID="eSc_line_7349a50e"
                    TAGREFS="LT31"
                    BASELINE="617 792 1555 756 2683 731" 
                    HPOS="614"
                    VPOS="686"
                    WIDTH="2069"
                    HEIGHT="134">
            <Shape><Polygon POINTS="617 792 617 820 1192 789 1267 803 1281 803 1284 803 1332 800 1586 775 2683 759 2683 731 2675 686 2156 706 2130 703 2061 692 2058 692 2055 692 2005 706 1994 708 1957 708 1773 700 1770 700 1678 717 1661 720 1653 717 1614 706 1611 706 1608 706 1357 725 1293 714 1290 714 1108 736 1091 736 1078 736 904 725 902 725 899 725 862 745 614 750 617 792"/></Shape>
	    <String CONTENT="&lt;.&gt; en s&#x27;ocienta vers celle-ci avec une ardeur qui ne"
                    HPOS="614"
                    VPOS="686"
                    WIDTH="2069"
                    HEIGHT="134"
                    WC="0.978742706325819"></String>
          </TextLine>
          <TextLine ID="eSc_line_38584171"
                    TAGREFS="LT31"
                    BASELINE="620 859 2720 789" 
                    HPOS="617"
                    VPOS="745"
                    WIDTH="2103"
                    HEIGHT="145">
            <Shape><Polygon POINTS="620 859 620 890 700 873 759 887 770 887 773 887 795 884 896 867 1002 876 1033 879 1036 879 1103 873 1301 853 1340 865 1354 867 1357 867 1360 867 1388 862 1460 848 1561 856 1608 859 1611 859 1650 853 1725 840 1885 845 1960 845 1963 845 2030 840 2150 826 2167 834 2178 840 2181 840 2183 840 2186 840 2220 831 2256 820 2717 812 2720 789 2711 745 617 814 620 859"/></Shape>
	    <String CONTENT="fut pas toujours exemple d&#x27;l cegoigement. &lt;...... ."
                    HPOS="617"
                    VPOS="745"
                    WIDTH="2103"
                    HEIGHT="145"
                    WC="0.9468635531032786"></String>
          </TextLine>
          <TextLine ID="eSc_line_3c253d97"
                    TAGREFS="LT34"
                    BASELINE="1575 865 1703 864 1703 864 1883 836" 
                    HPOS="1575"
                    VPOS="836"
                    WIDTH="308"
                    HEIGHT="29">
	    <String CONTENT=""
                    HPOS="1575"
                    VPOS="836"
                    WIDTH="308"
                    HEIGHT="29"></String>
          </TextLine>
          <TextLine ID="eSc_line_07ab0151"
                    TAGREFS="LT31"
                    BASELINE="611 932 2664 856" 
                    HPOS="608"
                    VPOS="795"
                    WIDTH="2056"
                    HEIGHT="167">
            <Shape><Polygon POINTS="611 932 611 962 941 937 1024 948 1036 948 1038 948 1041 948 1044 948 1075 932 1346 934 1351 934 1354 934 1357 934 1404 920 1435 932 1441 934 1443 934 1446 934 1502 929 1675 912 1706 923 1711 923 1714 923 1717 923 1720 923 1725 920 1753 907 1806 918 1823 920 1826 920 1829 920 1832 920 1834 918 1857 904 1938 912 1963 915 1966 915 1968 915 1971 915 1971 912 1974 912 1988 898 2033 909 2049 912 2052 912 2114 907 2276 890 2371 895 2404 898 2407 898 2410 898 2412 898 2415 895 2440 881 2460 893 2466 895 2468 895 2471 895 2664 884 2664 856 2653 795 2619 812 2597 800 2594 800 2591 800 2588 800 2586 800 2586 803 2560 823 2404 806 2387 806 2385 806 2382 806 2376 809 2334 831 2301 817 2298 817 2295 817 2211 831 2153 820 2125 814 2122 814 2119 814 2116 814 2105 820 2075 840 2047 826 2044 826 2041 826 2038 826 1974 842 1954 828 1946 823 1943 823 1940 823 1938 823 1809 826 1709 831 1706 831 1684 842 1653 859 1547 859 1519 851 1496 842 1494 842 1491 842 1488 842 1485 842 1471 853 1455 862 1393 856 1312 848 1309 848 1307 848 1304 848 1287 862 1273 870 1167 867 935 859 932 859 930 859 927 859 899 881 890 887 728 890 723 890 673 867 670 867 667 867 664 867 608 890 611 932"/></Shape>
	    <String CONTENT="&lt;.. ........ ...... . ....&gt; Venderkuidère, Eodefroin"
                    HPOS="608"
                    VPOS="795"
                    WIDTH="2056"
                    HEIGHT="167"
                    WC="0.8939250375215824"></String>
          </TextLine>
          <TextLine ID="eSc_line_bc75cc05"
                    TAGREFS="LT31"
                    BASELINE="608 996 2722 932" 
                    HPOS="606"
                    VPOS="879"
                    WIDTH="2116"
                    HEIGHT="148">
            <Shape><Polygon POINTS="608 996 608 1027 2722 957 2722 932 2717 893 2547 879 2544 879 2541 879 2538 879 2513 895 2510 898 2502 895 2474 887 2471 887 2468 887 2376 898 2348 901 2331 898 2250 887 2248 887 2245 887 2217 901 2206 909 2058 912 1985 907 1885 898 1882 898 1879 898 1876 898 1865 909 1854 918 1837 909 1815 901 1812 901 1809 901 1759 912 1739 915 1728 912 1700 904 1698 904 1695 904 1692 904 1653 915 1600 926 1550 915 1513 909 1510 909 1508 909 1505 909 1494 918 1474 929 1323 934 1114 926 1055 923 1052 923 1050 923 1033 926 957 946 893 929 888 929 885 929 882 929 879 929 876 929 837 948 606 937 608 996"/></Shape>
	    <String CONTENT="Kurthe, Pout Frederiey introduisisent dans les Universités, nou"
                    HPOS="606"
                    VPOS="879"
                    WIDTH="2116"
                    HEIGHT="148"
                    WC="0.9873461780093965"></String>
          </TextLine>
          <TextLine ID="eSc_line_57c67b58"
                    TAGREFS="LT31"
                    BASELINE="611 1068 1709 1027 2714 1007" 
                    HPOS="608"
                    VPOS="954"
                    WIDTH="2106"
                    HEIGHT="148">
            <Shape><Polygon POINTS="611 1068 611 1085 684 1102 687 1102 821 1085 983 1094 985 1094 1083 1074 1248 1085 1251 1085 1360 1063 1368 1063 1376 1063 1519 1077 1522 1077 1524 1077 1527 1077 1555 1057 1558 1054 1742 1049 1784 1049 2669 1043 2672 1043 2714 1021 2714 1007 2706 965 2558 968 2555 968 2519 954 2516 954 2513 954 2510 954 2507 954 2488 971 2485 971 2432 971 1996 971 1994 971 1991 971 1932 987 1924 987 1904 987 1742 976 1739 976 1737 976 1698 990 1393 987 1390 987 1388 987 1348 1004 1343 1007 1170 1010 1145 1010 988 999 985 999 899 1015 885 1018 876 1018 798 1004 795 1004 793 1004 762 1021 756 1024 608 1024 611 1068"/></Shape>
	    <String CONTENT="seulement les idéis et les mithodes mais les procédés pedagage"
                    HPOS="608"
                    VPOS="954"
                    WIDTH="2106"
                    HEIGHT="148"
                    WC="0.9860165080716533"></String>
          </TextLine>
          <TextLine ID="eSc_line_4869870c"
                    TAGREFS="LT31"
                    BASELINE="620 1144 1781 1096 2709 1077" 
                    HPOS="617"
                    VPOS="1029"
                    WIDTH="2092"
                    HEIGHT="145">
            <Shape><Polygon POINTS="620 1144 620 1174 751 1172 754 1172 756 1172 787 1155 807 1169 809 1169 812 1169 815 1169 821 1169 899 1152 943 1163 949 1166 952 1166 955 1166 969 1163 1041 1147 1307 1152 1365 1152 1368 1152 1388 1149 1466 1133 1597 1141 1603 1141 1605 1141 1611 1141 1714 1121 2709 1102 2709 1077 2700 1029 617 1099 620 1144"/></Shape>
	    <String CONTENT="ques dont les &quot;Séminaires&quot; d&#x27;butre Bhine attestaient si brillam¬"
                    HPOS="617"
                    VPOS="1029"
                    WIDTH="2092"
                    HEIGHT="145"
                    WC="0.9920145981013775"></String>
          </TextLine>
          <TextLine ID="eSc_line_9b363977"
                    TAGREFS="LT31"
                    BASELINE="606 1222 1977 1163 2734 1147" 
                    HPOS="603"
                    VPOS="1096"
                    WIDTH="2131"
                    HEIGHT="148">
            <Shape><Polygon POINTS="606 1222 606 1244 2731 1172 2734 1147 2728 1099 2443 1096 2440 1096 2438 1096 2435 1096 2418 1110 2415 1113 2404 1110 2359 1099 2357 1099 2354 1099 2278 1116 2259 1119 2195 1119 1999 1116 1996 1116 1918 1130 1896 1133 1876 1133 1787 1121 1784 1121 1781 1121 1779 1121 1762 1135 1756 1138 1734 1138 1619 1127 1617 1127 1614 1127 1577 1144 1575 1144 1566 1144 1491 1133 1488 1133 1485 1133 1482 1133 1466 1147 1463 1149 1455 1147 1413 1135 1410 1135 1407 1135 1287 1155 1276 1155 1270 1155 1192 1144 1189 1144 1186 1144 1153 1160 1150 1160 1147 1160 1108 1147 1105 1147 1103 1147 1100 1147 1033 1163 1022 1166 1005 1166 885 1155 882 1155 603 1180 606 1222"/></Shape>
	    <String CONTENT="ment l&#x27;efficience. Au reste, l’esprit noreau qui vers 1880 com¬"
                    HPOS="603"
                    VPOS="1096"
                    WIDTH="2131"
                    HEIGHT="148"
                    WC="0.9952446979189676"></String>
          </TextLine>
          <TextLine ID="eSc_line_0f2dfabc"
                    TAGREFS="LT31"
                    BASELINE="611 1292 2731 1208" 
                    HPOS="608"
                    VPOS="1158"
                    WIDTH="2123"
                    HEIGHT="167">
            <Shape><Polygon POINTS="611 1292 611 1314 731 1325 734 1325 737 1325 740 1325 762 1311 765 1308 776 1311 821 1320 823 1320 1008 1303 1108 1292 1491 1289 1882 1280 1885 1280 1907 1275 1957 1261 2041 1269 2066 1272 2069 1272 2072 1272 2075 1272 2077 1269 2100 1255 2147 1267 2158 1269 2161 1269 2164 1269 2186 1267 2259 1250 2348 1261 2362 1261 2365 1261 2368 1261 2371 1261 2396 1244 2728 1247 2731 1208 2725 1172 2661 1158 2658 1158 2519 1177 2510 1177 2502 1177 2379 1169 2376 1169 2373 1169 2371 1169 2371 1172 2357 1183 2351 1183 2284 1174 2281 1174 2189 1188 2164 1191 2150 1188 2105 1180 2102 1180 1994 1194 1949 1202 608 1239 611 1292"/></Shape>
	    <String CONTENT="n&#x27;ence à courbathre la torpeur où avoirt setait trop longtemps engons"
                    HPOS="608"
                    VPOS="1158"
                    WIDTH="2123"
                    HEIGHT="167"
                    WC="0.9875722433839526"></String>
          </TextLine>
          <TextLine ID="eSc_line_45a477d7"
                    TAGREFS="LT31"
                    BASELINE="606 1367 2709 1283" 
                    HPOS="603"
                    VPOS="1241"
                    WIDTH="2106"
                    HEIGHT="159">
            <Shape><Polygon POINTS="606 1367 606 1392 689 1384 700 1389 723 1400 726 1400 728 1400 731 1400 734 1400 734 1398 748 1387 756 1381 776 1387 798 1392 801 1392 804 1392 896 1381 971 1373 1027 1375 1161 1384 1164 1384 1167 1384 1223 1367 1234 1364 1242 1367 1279 1378 1281 1378 1284 1378 1365 1361 1393 1356 1415 1359 1485 1370 1488 1370 1491 1370 1552 1353 1555 1353 1575 1367 1577 1367 1580 1367 1583 1367 2005 1350 2008 1350 2066 1331 2080 1328 2089 1331 2142 1345 2144 1345 2147 1345 2329 1320 2359 1317 2371 1320 2424 1334 2426 1334 2429 1334 2432 1334 2435 1334 2463 1317 2622 1325 2625 1325 2628 1325 2709 1303 2709 1283 2703 1247 2415 1241 2412 1241 2410 1241 2345 1258 2334 1261 2304 1261 2144 1255 2142 1255 1960 1275 1918 1278 1899 1278 1820 1267 1818 1267 1815 1267 1781 1280 1776 1286 1611 1289 1605 1289 1575 1275 1572 1275 1569 1275 1455 1294 1429 1297 1415 1294 1362 1283 1360 1283 1228 1303 1198 1306 1136 1306 902 1303 899 1303 896 1303 893 1303 871 1317 865 1320 835 1317 731 1308 728 1308 603 1325 606 1367"/></Shape>
	    <String CONTENT="di le haut enscignement, ne s&#x27;explique pas reniquement par l&#x27;uni"
                    HPOS="603"
                    VPOS="1241"
                    WIDTH="2106"
                    HEIGHT="159"
                    WC="0.9932384993880987"></String>
          </TextLine>
          <TextLine ID="eSc_line_2e5db8a9"
                    TAGREFS="LT31"
                    BASELINE="606 1434 2686 1356" 
                    HPOS="603"
                    VPOS="1306"
                    WIDTH="2083"
                    HEIGHT="159">
            <Shape><Polygon POINTS="606 1434 606 1465 977 1440 1078 1448 1119 1451 1122 1451 1125 1451 1150 1445 1203 1431 1293 1440 1346 1442 1348 1442 1413 1434 1496 1420 1533 1428 1558 1434 1561 1434 1563 1434 1605 1426 1650 1412 1890 1412 2239 1409 2432 1387 2480 1384 2488 1387 2527 1398 2530 1398 2533 1398 2535 1398 2538 1398 2538 1395 2552 1384 2552 1381 2686 1375 2686 1356 2678 1306 2359 1331 2287 1322 2239 1317 2237 1317 2234 1317 2203 1325 2161 1342 1938 1347 1854 1342 1767 1336 1765 1336 1762 1336 1759 1336 1748 1347 1737 1356 1636 1359 1589 1353 1505 1345 1502 1345 1499 1345 1441 1361 1415 1367 1379 1364 1273 1353 1270 1353 1147 1375 1119 1378 1100 1375 1002 1364 999 1364 997 1364 994 1364 966 1384 963 1384 960 1384 918 1367 916 1367 913 1367 910 1367 907 1367 879 1387 876 1389 807 1389 801 1389 689 1375 687 1375 684 1375 603 1398 606 1434"/></Shape>
	    <String CONTENT="tation de l&#x27;étranges. Très probablement, &lt;. .... ...&gt; on doit le"
                    HPOS="603"
                    VPOS="1306"
                    WIDTH="2083"
                    HEIGHT="159"
                    WC="0.9679106874391437"></String>
          </TextLine>
          <TextLine ID="eSc_line_72d20928"
                    TAGREFS="LT31"
                    BASELINE="611 1504 2720 1428" 
                    HPOS="608"
                    VPOS="1378"
                    WIDTH="2112"
                    HEIGHT="148">
            <Shape><Polygon POINTS="611 1504 611 1526 2720 1451 2720 1428 2709 1378 2639 1395 2577 1381 2566 1381 2563 1381 2535 1384 2401 1403 2306 1392 2292 1392 2290 1392 2287 1392 2281 1395 2248 1409 2133 1400 2130 1400 2128 1400 1890 1420 1871 1409 1868 1406 1865 1406 1862 1406 1860 1406 1834 1412 1767 1426 1510 1423 1407 1423 1404 1423 1401 1423 1388 1428 1357 1440 1284 1431 1248 1428 1245 1428 1214 1434 1156 1451 608 1456 611 1504"/></Shape>
	    <String CONTENT="considérer comme une consiquence de moivement ginéral de re¬"
                    HPOS="608"
                    VPOS="1378"
                    WIDTH="2112"
                    HEIGHT="148"
                    WC="0.9815869897603988"></String>
          </TextLine>
          <TextLine ID="eSc_line_77867a7b"
                    TAGREFS="LT31"
                    BASELINE="606 1576 2728 1490" 
                    HPOS="603"
                    VPOS="1440"
                    WIDTH="2125"
                    HEIGHT="156">
            <Shape><Polygon POINTS="606 1576 606 1596 2385 1540 2387 1540 2390 1540 2393 1537 2418 1523 2566 1532 2580 1532 2583 1532 2591 1532 2675 1512 2722 1526 2728 1490 2722 1440 603 1534 606 1576"/></Shape>
	    <String CONTENT="novation que l&#x27;on surprend a à la cmême date dans la littératore"
                    HPOS="603"
                    VPOS="1440"
                    WIDTH="2125"
                    HEIGHT="156"
                    WC="0.9844353199005127"></String>
          </TextLine>
          <TextLine ID="eSc_line_8999beac"
                    TAGREFS="LT31"
                    BASELINE="606 1649 2734 1560" 
                    HPOS="603"
                    VPOS="1512"
                    WIDTH="2131"
                    HEIGHT="165">
            <Shape><Polygon POINTS="606 1649 606 1674 874 1663 890 1666 932 1677 935 1677 938 1677 941 1677 985 1663 1005 1657 1072 1657 1223 1663 1226 1663 1508 1641 1552 1638 1558 1638 1597 1649 1600 1649 1603 1649 1717 1632 1737 1629 1748 1629 1798 1641 1801 1641 1804 1641 1860 1627 1871 1624 1879 1624 1935 1635 1938 1635 2075 1615 2108 1613 2128 1615 2197 1624 2200 1624 2734 1587 2734 1560 2728 1512 603 1607 606 1649"/></Shape>
	    <String CONTENT="et dans l&#x27;art. &lt;...... ... ..... .. .. . ...&gt;"
                    HPOS="603"
                    VPOS="1512"
                    WIDTH="2131"
                    HEIGHT="165"
                    WC="0.9190109769503275"></String>
          </TextLine>
          <TextLine ID="eSc_line_7ef14d6a"
                    TAGREFS="LT31"
                    BASELINE="608 1721 2315 1652 2714 1643" 
                    HPOS="603"
                    VPOS="1587"
                    WIDTH="2111"
                    HEIGHT="171">
            <Shape><Polygon POINTS="608 1721 608 1758 1100 1724 1228 1733 1234 1733 1237 1733 1251 1733 1589 1705 1650 1716 1656 1716 1658 1716 1670 1716 1801 1696 1860 1707 1865 1707 1868 1707 1882 1707 2010 1685 2714 1671 2714 1643 2706 1587 603 1677 608 1721"/></Shape>
	    <String CONTENT="&lt;.. .... .. ......&gt; Ici aussi la période d&#x27;incubation est passée"
                    HPOS="603"
                    VPOS="1587"
                    WIDTH="2111"
                    HEIGHT="171"
                    WC="0.9391655065119267"></String>
          </TextLine>
          <TextLine ID="eSc_line_f6bd5111"
                    TAGREFS="LT34"
                    BASELINE="2302 1696 2516 1682" 
                    HPOS="2302"
                    VPOS="1682"
                    WIDTH="214"
                    HEIGHT="14">
	    <String CONTENT=""
                    HPOS="2302"
                    VPOS="1682"
                    WIDTH="214"
                    HEIGHT="14"></String>
          </TextLine>
          <TextLine ID="eSc_line_62325ac5"
                    TAGREFS="LT31"
                    BASELINE="603 1788 1636 1761 2722 1710" 
                    HPOS="600"
                    VPOS="1663"
                    WIDTH="2122"
                    HEIGHT="170">
            <Shape><Polygon POINTS="603 1788 603 1833 773 1811 890 1822 902 1822 904 1822 921 1819 1064 1800 1122 1811 1125 1811 1128 1811 1131 1811 1231 1794 1262 1805 1270 1808 1273 1808 1276 1808 1279 1808 1290 1805 1326 1794 1438 1797 1499 1800 1502 1800 1505 1800 1516 1794 1538 1783 1561 1794 1572 1797 1575 1797 1577 1797 1617 1791 1689 1777 1756 1783 1804 1788 1806 1788 1851 1780 1910 1769 2008 1774 2097 1777 2100 1777 2102 1777 2119 1769 2136 1761 2156 1766 2178 1774 2181 1774 2183 1774 2231 1763 2270 1755 2320 1761 2382 1766 2385 1766 2387 1766 2390 1766 2401 1755 2412 1747 2722 1741 2722 1710 2714 1663 2628 1680 2577 1666 2560 1663 2558 1663 2555 1663 2312 1671 2309 1671 2290 1677 2237 1694 1938 1694 1935 1694 1932 1694 1893 1710 1868 1699 1865 1699 1862 1699 1714 1719 1597 1702 1583 1702 1580 1702 1577 1702 1575 1702 1575 1705 1550 1727 1413 1730 1379 1710 1371 1707 1368 1707 1365 1707 1329 1713 1181 1738 1047 1724 1044 1724 1041 1724 857 1747 826 1730 823 1730 821 1730 818 1730 815 1730 804 1733 726 1752 600 1741 603 1788"/></Shape>
	    <String CONTENT="et &lt; la fui du premier cinquant enaire de l&#x27;ardependanc &lt;.. .&gt; commen"
                    HPOS="600"
                    VPOS="1663"
                    WIDTH="2122"
                    HEIGHT="170"
                    WC="0.974611652934033"></String>
          </TextLine>
          <TextLine ID="eSc_line_cd209d05"
                    TAGREFS="LT31"
                    BASELINE="603 1858 1569 1827" 
                    HPOS="600"
                    VPOS="1791"
                    WIDTH="969"
                    HEIGHT="92">
            <Shape><Polygon POINTS="603 1858 603 1883 1569 1855 1569 1827 1561 1791 600 1822 603 1858"/></Shape>
	    <String CONTENT="cement d&#x27;un essor nouveau¬"
                    HPOS="600"
                    VPOS="1791"
                    WIDTH="969"
                    HEIGHT="92"
                    WC="0.9999822676181793"></String>
          </TextLine>
          <TextLine ID="eSc_line_b5d97f4c"
                    TAGREFS="LT31"
                    BASELINE="645 1948 1091 1922 2633 1875" 
                    HPOS="639"
                    VPOS="1814"
                    WIDTH="1994"
                    HEIGHT="164">
            <Shape><Polygon POINTS="645 1948 645 1978 2633 1906 2633 1875 2625 1814 2337 1844 2139 1830 2136 1830 2002 1855 1860 1839 1854 1839 1851 1839 1846 1839 1742 1867 1644 1867 1583 1847 1580 1847 1577 1847 1575 1847 1572 1847 1566 1847 1480 1872 1443 1855 1441 1855 1385 1855 1329 1855 1326 1855 1318 1855 1212 1881 1139 1864 1136 1864 1133 1864 977 1889 639 1881 645 1948"/></Shape>
	    <String CONTENT="Faute de pouvoir se développer dans les lniversités, la production"
                    HPOS="639"
                    VPOS="1814"
                    WIDTH="1994"
                    HEIGHT="164"
                    WC="0.9893672655929219"></String>
          </TextLine>
          <TextLine ID="eSc_line_d4ca7698"
                    TAGREFS="LT31"
                    BASELINE="597 2026 2111 1964 2681 1953" 
                    HPOS="594"
                    VPOS="1906"
                    WIDTH="2087"
                    HEIGHT="148">
            <Shape><Polygon POINTS="597 2026 597 2054 2681 1970 2681 1953 2672 1906 594 1984 597 2026"/></Shape>
	    <String CONTENT="dei entefique se mainfesta surtout, comme en France, de 1830 à 1880"
                    HPOS="594"
                    VPOS="1906"
                    WIDTH="2087"
                    HEIGHT="148"
                    WC="0.9908277488806668"></String>
          </TextLine>
          <TextLine ID="eSc_line_d8ad0bd4"
                    TAGREFS="LT31"
                    BASELINE="603 2093 2147 2031 2653 2020" 
                    HPOS="600"
                    VPOS="1970"
                    WIDTH="2053"
                    HEIGHT="145">
            <Shape><Polygon POINTS="603 2093 603 2115 1312 2104 1362 2093 1396 2087 1463 2090 1552 2095 1555 2095 1622 2087 1706 2073 1731 2081 1742 2087 1745 2087 1748 2087 1751 2087 1765 2081 1790 2070 1873 2079 1913 2081 1915 2081 1974 2076 2105 2059 2170 2070 2181 2070 2183 2070 2186 2070 2189 2068 2220 2054 2650 2054 2653 2020 2647 1978 2390 1970 2387 1970 2385 1970 2337 1987 2290 1973 2287 1973 2284 1973 2281 1973 2211 1992 2206 1992 2195 1992 2033 1984 2030 1984 1806 2006 1770 2009 1753 2009 1628 1998 1625 1998 1502 2017 1480 2020 1469 2017 1410 2006 1407 2006 1315 2023 1301 2026 1276 2026 1119 2017 1117 2017 600 2048 603 2093"/></Shape>
	    <String CONTENT="dans l&#x27;activité de l&#x27;Aradémie. Rétablie en 1816 par le roi de Hollande"
                    HPOS="600"
                    VPOS="1970"
                    WIDTH="2053"
                    HEIGHT="145"
                    WC="0.9778914264270238"></String>
          </TextLine>
          <TextLine ID="eSc_line_9e283143"
                    TAGREFS="LT31"
                    BASELINE="600 2162 2722 2079" 
                    HPOS="597"
                    VPOS="2034"
                    WIDTH="2125"
                    HEIGHT="162">
            <Shape><Polygon POINTS="600 2162 600 2185 737 2196 740 2196 742 2196 812 2179 815 2179 823 2179 1016 2185 1019 2185 1449 2157 1614 2146 1667 2148 1767 2154 1770 2154 1876 2140 1932 2134 1982 2137 2077 2143 2080 2143 2083 2143 2122 2132 2158 2121 2722 2109 2722 2079 2714 2034 2440 2037 2438 2037 2399 2045 2368 2054 2312 2051 2234 2045 2231 2045 2228 2045 2225 2045 2225 2048 2217 2054 2211 2059 2170 2056 2089 2051 2086 2051 2083 2051 2038 2062 2013 2068 1968 2065 1882 2059 1879 2059 1823 2070 1801 2076 1762 2073 1664 2068 1661 2068 1435 2087 1379 2093 1365 2093 1309 2081 1307 2081 759 2118 742 2118 740 2118 673 2107 670 2107 667 2107 597 2123 600 2162"/></Shape>
	    <String CONTENT="e lle- ci n&#x27;avait guère fait parler d&#x27;elle avant la Rinitution et le inutre"
                    HPOS="597"
                    VPOS="2034"
                    WIDTH="2125"
                    HEIGHT="162"
                    WC="0.9899998656908671"></String>
          </TextLine>
          <TextLine ID="eSc_line_65638105"
                    TAGREFS="LT31"
                    BASELINE="603 2235 2692 2148" 
                    HPOS="597"
                    VPOS="2098"
                    WIDTH="2095"
                    HEIGHT="176">
            <Shape><Polygon POINTS="603 2235 606 2274 673 2254 918 2260 921 2260 1075 2238 1206 2249 1209 2249 1212 2249 1281 2229 1340 2243 1343 2243 1346 2243 1348 2243 1550 2218 1879 2221 1882 2221 1885 2221 1887 2221 2089 2199 2407 2199 2410 2199 2412 2199 2491 2179 2689 2188 2692 2148 2686 2112 2588 2115 2586 2115 2555 2098 2552 2098 2549 2098 2292 2109 2290 2109 2228 2129 2211 2134 1851 2146 1843 2143 1820 2129 1818 2129 1815 2129 1812 2129 1809 2129 1753 2146 1734 2151 1720 2146 1692 2137 1689 2137 1686 2137 1684 2137 1633 2151 1603 2160 1460 2162 1449 2157 1429 2148 1427 2148 1424 2148 1295 2162 1220 2171 1192 2168 1139 2157 1136 2157 1133 2157 1091 2171 1064 2179 1036 2174 1005 2165 1002 2165 999 2165 997 2165 963 2176 930 2188 798 2190 773 2182 748 2174 745 2174 742 2174 597 2188 603 2235"/></Shape>
	    <String CONTENT="Falek lui reprochait eroniquement sa trop grande modertie. Réorga"
                    HPOS="597"
                    VPOS="2098"
                    WIDTH="2095"
                    HEIGHT="176"
                    WC="0.9808948003328763"></String>
          </TextLine>
          <TextLine ID="eSc_line_18d300ad"
                    TAGREFS="LT31"
                    BASELINE="600 2296 1960 2254 2700 2213" 
                    HPOS="597"
                    VPOS="2174"
                    WIDTH="2103"
                    HEIGHT="150">
            <Shape><Polygon POINTS="600 2296 600 2324 1044 2319 1153 2305 1212 2296 1256 2299 1357 2308 1360 2308 1362 2308 1418 2294 1443 2288 1477 2291 1563 2299 1566 2299 2047 2282 2309 2257 2351 2254 2362 2254 2424 2268 2426 2268 2429 2268 2471 2252 2471 2249 2700 2241 2700 2213 2692 2174 597 2254 600 2296"/></Shape>
	    <String CONTENT="nisée en 1845 &lt;.... &lt;... ....  .......&gt; . &lt;..&gt;"
                    HPOS="597"
                    VPOS="2174"
                    WIDTH="2103"
                    HEIGHT="150"
                    WC="0.932015690466632"></String>
          </TextLine>
          <TextLine ID="eSc_line_e32b08be"
                    TAGREFS="LT31"
                    BASELINE="594 2366 1457 2321 2714 2280" 
                    HPOS="592"
                    VPOS="2227"
                    WIDTH="2122"
                    HEIGHT="170">
            <Shape><Polygon POINTS="1857 2257 1848 2266 1832 2274 1779 2268 1731 2263 1728 2263 1628 2274 1544 2285 1530 2280 1510 2271 1508 2271 1505 2271 1413 2285 1354 2294 1332 2288 1295 2280 1293 2280 1290 2280 1226 2294 1195 2302 1080 2305 1072 2302 1061 2291 1058 2291 1055 2291 1052 2291 1050 2291 1016 2302 1002 2308 960 2305 849 2299 846 2299 592 2321 594 2366 594 2397 879 2388 882 2388 957 2369 1189 2374 1192 2374 1309 2355 1404 2363 1407 2363 1410 2363 1449 2349 1851 2349 1946 2349 1946 2347 1994 2341 2172 2321 2264 2330 2295 2333 2298 2333 2365 2330 2368 2330 2371 2330 2371 2327 2373 2327 2387 2313 2711 2313 2714 2280 2709 2227 2527 2246 2477 2235 2466 2235 2463 2235 2460 2235 2454 2238 2426 2252 2278 2246 2220 2243 2217 2243 2214 2243 2192 2249 2144 2263 2119 2252 2111 2249 2108 2249 2105 2249 2049 2254 1932 2271 1893 2263 1871 2257 1857 2257"/></Shape>
	    <String CONTENT="&lt;..&gt; sur le modèle de l&#x27;Institut de France, elle ent le mérite de s&#x27;on"
                    HPOS="592"
                    VPOS="2227"
                    WIDTH="2122"
                    HEIGHT="170"
                    WC="0.9797117633478982"></String>
          </TextLine>
          <TextLine ID="eSc_line_a62ab170"
                    TAGREFS="LT31"
                    BASELINE="603 2433 1594 2386 2667 2352" 
                    HPOS="600"
                    VPOS="2299"
                    WIDTH="2067"
                    HEIGHT="151">
            <Shape><Polygon POINTS="603 2433 603 2450 1463 2430 1533 2422 1608 2411 1686 2416 1745 2419 1748 2419 1851 2411 2038 2394 2203 2400 2250 2400 2253 2400 2318 2394 2572 2374 2661 2383 2667 2352 2661 2310 2541 2299 2538 2299 2463 2316 2452 2321 2387 2321 1991 2321 1988 2321 1985 2321 1952 2335 1893 2324 1890 2324 1684 2349 1670 2349 1664 2349 1611 2335 1608 2335 1605 2335 1399 2361 1385 2361 1379 2361 1248 2349 1245 2349 742 2386 692 2372 689 2372 687 2372 600 2391 603 2433"/></Shape>
	    <String CONTENT="vrir à tous les travailleurs que leur aite valer recommandait à"
                    HPOS="600"
                    VPOS="2299"
                    WIDTH="2067"
                    HEIGHT="151"
                    WC="0.9958567885252145"></String>
          </TextLine>
          <TextLine ID="eSc_line_aa0105fd"
                    TAGREFS="LT31"
                    BASELINE="609 2504 2692 2425" 
                    HPOS="471"
                    VPOS="2386"
                    WIDTH="2221"
                    HEIGHT="170">
            <Shape><Polygon POINTS="499 2511 497 2467 471 2467 474 2514 477 2556 547 2531 776 2528 815 2542 818 2542 821 2542 823 2542 826 2542 902 2522 938 2536 941 2536 943 2536 1161 2528 1164 2528 1167 2528 1237 2506 1393 2511 1396 2511 1530 2495 1633 2508 1650 2508 1653 2508 1675 2506 1798 2483 2125 2486 2200 2486 2203 2486 2276 2481 2560 2453 2692 2461 2692 2425 2686 2386 2156 2388 2016 2408 2013 2408 2010 2408 1949 2391 1946 2391 1943 2391 1605 2425 1524 2433 1388 2433 1379 2433 1323 2416 1320 2416 1318 2416 1178 2422 1175 2422 1119 2441 1100 2447 1069 2444 974 2430 971 2430 871 2447 740 2441 737 2441 734 2441 731 2441 709 2455 692 2467 541 2467 527 2475"/></Shape>
	    <String CONTENT=" son choix. Le punc Quetelet 118 - 1874) qué &lt;........... f.t srli"
                    HPOS="471"
                    VPOS="2386"
                    WIDTH="2221"
                    HEIGHT="170"
                    WC="0.9397533499833309"></String>
          </TextLine>
          <TextLine ID="eSc_line_93232fb7"
                    TAGREFS="LT31"
                    BASELINE="592 2575 2711 2497" 
                    HPOS="589"
                    VPOS="2447"
                    WIDTH="2122"
                    HEIGHT="165">
            <Shape><Polygon POINTS="592 2575 592 2612 687 2598 731 2612 737 2612 740 2612 742 2612 835 2606 1248 2578 1371 2587 1399 2587 1401 2587 1404 2587 1407 2587 1410 2584 1435 2570 1603 2578 1647 2578 1650 2578 1700 2573 1879 2553 1915 2564 1921 2567 1924 2567 1927 2567 1946 2564 2033 2548 2094 2559 2102 2559 2105 2559 2108 2559 2111 2559 2139 2545 2206 2553 2225 2556 2228 2556 2231 2556 2234 2556 2237 2553 2262 2539 2368 2548 2404 2550 2407 2550 2480 2548 2482 2548 2485 2548 2485 2545 2488 2545 2502 2531 2709 2534 2711 2497 2703 2447 2331 2475 2253 2467 2211 2461 2209 2461 2206 2461 2192 2469 2167 2481 2058 2475 1982 2469 1980 2469 1977 2469 1974 2469 1963 2478 1946 2489 1873 2481 1804 2475 1801 2475 1798 2475 1748 2486 1706 2497 1664 2492 1611 2483 1608 2483 1605 2483 1586 2495 1569 2503 1550 2497 1522 2486 1519 2486 1516 2486 1513 2486 1457 2500 1424 2508 1399 2503 1357 2492 1354 2492 1351 2492 1348 2492 1346 2492 1329 2506 1323 2511 1312 2506 1281 2495 1279 2495 1276 2495 1273 2495 1270 2495 1253 2508 1245 2517 1075 2520 1069 2517 1055 2506 1052 2506 1050 2506 1047 2506 1044 2506 988 2520 969 2525 960 2522 932 2508 930 2508 927 2508 924 2508 882 2525 871 2528 843 2528 709 2517 706 2517 589 2536 592 2575"/></Shape>
	    <String CONTENT="&lt;....... .... .... ....&gt; qu&#x27;ille appela en 1834 aux fonctions"
                    HPOS="589"
                    VPOS="2447"
                    WIDTH="2122"
                    HEIGHT="165"
                    WC="0.9107048570132646"></String>
          </TextLine>
          <TextLine ID="eSc_line_09e020cb"
                    TAGREFS="LT31"
                    BASELINE="600 2648 2393 2575 2720 2575" 
                    HPOS="594"
                    VPOS="2531"
                    WIDTH="2126"
                    HEIGHT="156">
            <Shape><Polygon POINTS="600 2648 600 2668 664 2687 667 2687 670 2687 673 2687 675 2687 700 2668 784 2679 787 2679 790 2679 793 2679 821 2662 823 2662 876 2673 879 2673 952 2659 963 2656 969 2659 1010 2673 1013 2673 1016 2673 1019 2673 1022 2673 1047 2656 1091 2670 1094 2670 1097 2670 1253 2651 1312 2642 1346 2648 1401 2656 1404 2656 1407 2656 1429 2645 1438 2640 1446 2645 1466 2654 1469 2654 1471 2654 1474 2654 1477 2654 1491 2642 1496 2640 1563 2640 1737 2645 1739 2645 1823 2634 1882 2626 1988 2628 2091 2631 2094 2631 2192 2623 2454 2598 2717 2606 2720 2575 2714 2531 2242 2534 1988 2556 1946 2559 1927 2559 1815 2550 1812 2550 1745 2564 1731 2567 1714 2567 1633 2559 1630 2559 1628 2559 1586 2570 1577 2573 1519 2573 1242 2573 1240 2573 594 2606 600 2648"/></Shape>
	    <String CONTENT="des sicrétaire popétel qu&#x27;il devait conserver jusqu&#x27;à sa mort en 1874,"
                    HPOS="594"
                    VPOS="2531"
                    WIDTH="2126"
                    HEIGHT="156"
                    WC="0.9804153501147955"></String>
          </TextLine>
          <TextLine ID="eSc_line_f256176f"
                    TAGREFS="LT31"
                    BASELINE="597 2718 2700 2640" 
                    HPOS="594"
                    VPOS="2587"
                    WIDTH="2106"
                    HEIGHT="156">
            <Shape><Polygon POINTS="597 2718 597 2743 2594 2676 2597 2676 2636 2662 2697 2673 2700 2640 2692 2598 2594 2601 2588 2601 2572 2587 2569 2587 2566 2587 2563 2587 2560 2587 2496 2603 2449 2615 2426 2606 2399 2592 2396 2592 2393 2592 2390 2592 2331 2609 2281 2620 1988 2620 1971 2620 1968 2620 1966 2620 1927 2634 1868 2623 1834 2617 1832 2617 1770 2626 1639 2645 1399 2637 1270 2634 1267 2634 1203 2645 1075 2665 1008 2651 980 2645 977 2645 974 2645 971 2645 966 2651 949 2665 904 2656 902 2656 801 2676 748 2659 740 2656 737 2656 734 2656 594 2662 597 2718"/></Shape>
	    <String CONTENT="la fit participer à l&#x27;éclat de sa renomngée eucopenne. Autour de lui,"
                    HPOS="594"
                    VPOS="2587"
                    WIDTH="2106"
                    HEIGHT="156"
                    WC="0.9864394690309252"></String>
          </TextLine>
          <TextLine ID="eSc_line_5662fdc2"
                    TAGREFS="LT33"
                    BASELINE="1705 2711 2076 2701" 
                    HPOS="1705"
                    VPOS="2701"
                    WIDTH="371"
                    HEIGHT="10">
	    <String CONTENT=""
                    HPOS="1705"
                    VPOS="2701"
                    WIDTH="371"
                    HEIGHT="10"></String>
          </TextLine>
          <TextLine ID="eSc_line_1b0776c8"
                    TAGREFS="LT31"
                    BASELINE="594 2793 2692 2712" 
                    HPOS="592"
                    VPOS="2659"
                    WIDTH="2100"
                    HEIGHT="156">
            <Shape><Polygon POINTS="594 2793 594 2815 2256 2768 2284 2765 2407 2746 2533 2757 2544 2757 2547 2757 2549 2757 2552 2757 2625 2737 2689 2751 2692 2712 2683 2659 2555 2662 2552 2662 2547 2665 2502 2681 2432 2670 2399 2665 2396 2665 2393 2665 2390 2665 2382 2673 2357 2687 2304 2676 2301 2676 2298 2676 2290 2676 2195 2693 2150 2681 2116 2676 2114 2676 1815 2684 1812 2684 1770 2701 1739 2712 1714 2704 1675 2690 1672 2690 1670 2690 1667 2690 1619 2707 1589 2718 1563 2709 1552 2707 1550 2707 1547 2707 1544 2707 1541 2707 1536 2712 1519 2721 1376 2718 1267 2718 1265 2718 1212 2726 1161 2735 1055 2735 907 2732 904 2732 902 2732 879 2743 871 2746 843 2743 731 2732 728 2732 726 2732 723 2732 698 2751 692 2754 592 2754 594 2793"/></Shape>
	    <String CONTENT="des hommes comme les chimistes Stas i . rologistes Camoy, J. B."
                    HPOS="592"
                    VPOS="2659"
                    WIDTH="2100"
                    HEIGHT="156"
                    WC="0.9722752414998554"></String>
          </TextLine>
          <TextLine ID="eSc_line_f5891215"
                    TAGREFS="LT31"
                    BASELINE="589 2871 1172 2835 2628 2793" 
                    HPOS="583"
                    VPOS="2743"
                    WIDTH="2045"
                    HEIGHT="151">
            <Shape><Polygon POINTS="589 2871 589 2894 1253 2860 1276 2868 1290 2874 1293 2874 1295 2874 1298 2874 1315 2868 1343 2857 1435 2863 1502 2866 1505 2866 1547 2857 1594 2846 1857 2846 2412 2838 2415 2838 2454 2821 2471 2835 2474 2835 2477 2835 2480 2835 2594 2832 2597 2832 2600 2832 2628 2815 2628 2793 2622 2754 2463 2743 2460 2743 2457 2743 2424 2757 2415 2762 1580 2788 1541 2776 1538 2776 1536 2776 1533 2776 1530 2776 1527 2776 1488 2790 1446 2779 1427 2774 1424 2774 1421 2774 1418 2774 1415 2774 1410 2779 1388 2793 1334 2782 1323 2779 1320 2779 1318 2779 1307 2782 1245 2799 1223 2782 1217 2779 1214 2779 1212 2779 1209 2779 583 2796 589 2871"/></Shape>
	    <String CONTENT="et Ed. Vain Beeden, dans le classes des siiinces, comme les puistes 99."
                    HPOS="583"
                    VPOS="2743"
                    WIDTH="2045"
                    HEIGHT="151"
                    WC="0.9738015868294407"></String>
          </TextLine>
          <TextLine ID="eSc_line_c9291c1e"
                    TAGREFS="LT31"
                    BASELINE="597 2935 1703 2888 2672 2868" 
                    HPOS="594"
                    VPOS="2815"
                    WIDTH="2078"
                    HEIGHT="148">
            <Shape><Polygon POINTS="597 2935 597 2963 1952 2905 2672 2896 2672 2868 2664 2815 594 2880 597 2935"/></Shape>
	    <String CONTENT="Thomissen( Vo. Laurent, comme l&#x27;éconoulste Ed. de Laveloye, comme ln his¬"
                    HPOS="594"
                    VPOS="2815"
                    WIDTH="2078"
                    HEIGHT="148"
                    WC="0.9846979714419744"></String>
          </TextLine>
          <TextLine ID="eSc_line_7a2476ba"
                    TAGREFS="LT31"
                    BASELINE="600 3000 2144 2944 2633 2935" 
                    HPOS="597"
                    VPOS="2888"
                    WIDTH="2036"
                    HEIGHT="145">
            <Shape><Polygon POINTS="600 3000 600 3033 896 3025 899 3025 932 3008 1281 3011 1284 3011 1583 2988 1865 2991 1893 2991 1896 2991 1904 2991 1982 2972 2055 2983 2058 2983 2142 2966 2633 2966 2633 2935 2625 2891 2276 2902 2273 2902 2256 2888 2253 2888 2250 2888 2248 2888 2142 2908 2133 2908 2128 2908 2077 2894 2075 2894 2072 2894 2069 2894 2021 2910 2019 2910 1929 2899 1927 2899 1924 2899 1896 2913 1734 2908 1731 2908 1728 2908 1725 2908 1709 2922 1709 2924 1566 2927 1563 2927 1494 2913 1491 2913 1251 2938 1245 2938 1242 2938 1167 2924 1164 2924 1161 2924 1159 2924 1159 2927 1142 2941 1100 2927 1097 2927 1094 2927 1091 2927 1089 2927 1089 2930 1072 2944 843 2935 840 2935 837 2935 756 2955 681 2941 678 2941 675 2941 597 2961 600 3000"/></Shape>
	    <String CONTENT="toriens P. Gachard, Kesoyn de Lettentova, Alph. Wanters &lt;........t..&gt;"
                    HPOS="597"
                    VPOS="2888"
                    WIDTH="2036"
                    HEIGHT="145"
                    WC="0.9686280221178911"></String>
          </TextLine>
          <TextLine ID="eSc_line_466678a8"
                    TAGREFS="LT31"
                    BASELINE="606 3075 2692 3000" 
                    HPOS="603"
                    VPOS="2947"
                    WIDTH="2089"
                    HEIGHT="159">
            <Shape><Polygon POINTS="606 3075 606 3106 2692 3025 2692 3000 2683 2947 2421 2952 2418 2952 2407 2958 2382 2969 2348 2958 2334 2955 2331 2955 2329 2955 2158 2961 2156 2961 2153 2961 2144 2969 2125 2980 1994 2983 1954 2975 1921 2969 1918 2969 1915 2969 1879 2977 1840 2988 1806 2983 1770 2975 1767 2975 1765 2975 1723 2986 1689 2994 1667 2988 1642 2980 1639 2980 1636 2980 1633 2980 1614 2988 1600 2997 1513 2994 1435 2991 1432 2991 1429 2991 1404 3000 1376 3005 1323 3002 1226 2994 1223 2994 1047 3014 983 3019 949 3016 840 3008 837 3008 835 3008 801 3025 795 3028 603 3030 606 3075"/></Shape>
	    <String CONTENT="dans la classe des Lettres &lt;. ..... . .. .ation et  Son gi"
                    HPOS="603"
                    VPOS="2947"
                    WIDTH="2089"
                    HEIGHT="159"
                    WC="0.9522259893088505"></String>
          </TextLine>
          <TextLine ID="eSc_line_f42698e5"
                    TAGREFS="LT33"
                    BASELINE="780 3099 954 3085" 
                    HPOS="780"
                    VPOS="3085"
                    WIDTH="174"
                    HEIGHT="14">
	    <String CONTENT=""
                    HPOS="780"
                    VPOS="3085"
                    WIDTH="174"
                    HEIGHT="14"></String>
          </TextLine>
          <TextLine ID="eSc_line_afbf8504"
                    TAGREFS="LT31"
                    BASELINE="594 3145 1184 3111 2714 3061" 
                    HPOS="592"
                    VPOS="3014"
                    WIDTH="2122"
                    HEIGHT="159">
            <Shape><Polygon POINTS="594 3145 594 3173 717 3159 784 3167 787 3167 790 3167 829 3150 957 3162 980 3162 983 3162 1010 3159 1147 3139 1167 3153 1170 3153 1172 3153 1175 3153 1178 3153 1184 3150 1223 3136 1360 3145 1404 3145 1407 3145 1410 3145 1421 3142 1455 3128 1496 3136 1522 3142 1524 3142 1745 3131 1748 3131 1751 3131 1756 3125 1770 3117 1840 3122 1913 3128 1915 3128 1918 3128 1957 3117 1994 3108 2052 3114 2125 3120 2128 3120 2189 3108 2228 3100 2290 3103 2385 3108 2387 3108 2390 3108 2393 3108 2404 3097 2412 3095 2440 3097 2519 3103 2521 3103 2714 3083 2714 3061 2709 3025 2600 3014 2597 3014 2510 3030 2505 3030 2499 3030 2446 3019 2443 3019 2371 3033 2359 3036 2351 3036 2298 3025 2295 3025 2292 3025 2290 3025 2273 3039 2270 3039 2264 3039 2211 3028 2209 3028 2144 3042 2128 3044 2102 3044 1994 3036 1991 3036 1988 3036 1966 3047 1957 3053 592 3092 594 3145"/></Shape>
	    <String CONTENT="nie et bien d&#x27;autres, sans attenide pointant à son illustration et à son"
                    HPOS="592"
                    VPOS="3014"
                    WIDTH="2122"
                    HEIGHT="159"
                    WC="0.9876186976561675"></String>
          </TextLine>
          <TextLine ID="eSc_line_e01c1984"
                    TAGREFS="LT31"
                    BASELINE="611 3215 2262 3148 2262 3148 2667 3122" 
                    HPOS="606"
                    VPOS="3083"
                    WIDTH="2061"
                    HEIGHT="171">
            <Shape><Polygon POINTS="611 3254 737 3228 1036 3231 1103 3231 1105 3231 1108 3231 1125 3226 1189 3209 1265 3220 1295 3223 1298 3223 1552 3203 1742 3189 1773 3192 1840 3198 1843 3198 1918 3184 1963 3175 1982 3181 2008 3187 2010 3187 2013 3187 2077 3175 2122 3167 2133 3173 2161 3184 2164 3184 2167 3184 2170 3184 2172 3184 2195 3170 2195 3167 2197 3167 2214 3181 2217 3181 2220 3181 2223 3181 2306 3164 2412 3173 2415 3173 2418 3173 2452 3156 2614 3159 2616 3159 2619 3159 2667 3142 2667 3122 2661 3083 606 3170 611 3215"/></Shape>
	    <String CONTENT="genie se distinquèrent par &lt;. ...........&gt; la conscience, la solidite"
                    HPOS="606"
                    VPOS="3083"
                    WIDTH="2061"
                    HEIGHT="171"
                    WC="0.9560081690981768"></String>
          </TextLine>
          <TextLine ID="eSc_line_2ccdc342"
                    TAGREFS="LT31"
                    BASELINE="594 3284 1348 3248 2711 3223" 
                    HPOS="592"
                    VPOS="3164"
                    WIDTH="2119"
                    HEIGHT="151">
            <Shape><Polygon POINTS="594 3284 594 3315 726 3295 804 3309 807 3309 809 3309 812 3309 857 3290 1016 3304 1027 3304 1030 3304 1047 3304 1253 3279 1530 3290 1580 3290 1583 3290 1678 3287 1681 3287 1684 3287 1686 3284 1709 3268 1781 3282 1798 3284 1801 3284 1823 3282 1915 3262 2158 3270 2239 3273 2242 3273 2276 3268 2362 3251 2429 3262 2443 3265 2446 3265 2468 3262 2547 3248 2577 3259 2588 3262 2591 3262 2594 3262 2711 3254 2711 3223 2706 3170 2496 3164 2493 3164 2491 3164 2468 3175 2457 3181 2435 3178 2382 3167 2379 3167 2376 3167 2340 3181 2304 3195 2116 3198 2075 3189 2019 3175 2016 3175 1899 3178 1896 3178 1851 3195 1834 3203 1656 3209 1630 3203 1577 3187 1575 3187 1572 3187 1569 3187 1527 3206 1516 3212 1505 3206 1469 3189 1466 3189 1463 3189 1360 3192 1357 3192 1354 3192 1332 3212 1329 3212 1245 3195 1242 3195 1240 3195 1203 3215 1150 3201 1147 3201 1145 3201 1142 3201 1139 3201 1139 3203 1119 3217 1114 3226 1008 3226 997 3223 963 3209 960 3209 957 3209 955 3209 888 3226 874 3231 592 3234 594 3284"/></Shape>
	    <String CONTENT="et souvent l&#x27;originalité de leurstravaux. L&#x27;his toire en particulées, fa¬"
                    HPOS="592"
                    VPOS="3164"
                    WIDTH="2119"
                    HEIGHT="151"
                    WC="0.9911913414524026"></String>
          </TextLine>
        </TextBlock>
        <TextBlock HPOS="51"
                   VPOS="2578"
                   WIDTH="511"
                   HEIGHT="287"
                   ID="aca2fe26-6dc2-4ce6-bac5-80e1e3837195"
                   TAGREFS="BT43">
          <Shape><Polygon POINTS="562 2578 562 2865 51 2865 51 2578"/></Shape>
          <TextLine ID="eSc_line_e819e008"
                    TAGREFS="LT33"
                    BASELINE="75 2712 381 2700" 
                    HPOS="72"
                    VPOS="2637"
                    WIDTH="240"
                    HEIGHT="117">
            <Shape><Polygon POINTS="75 2732 125 2754 128 2754 131 2754 134 2754 189 2740 234 2729 310 2746 312 2704 307 2648 226 2637 223 2637 220 2637 195 2651 178 2659 72 2656 75 2712"/></Shape>
	    <String CONTENT="le geolog"
                    HPOS="72"
                    VPOS="2637"
                    WIDTH="240"
                    HEIGHT="117"
                    WC="0.9595502946111891"></String>
          </TextLine>
          <TextLine ID="eSc_line_4de87155"
                    TAGREFS="LT33"
                    BASELINE="74 2780 437 2756" 
                    HPOS="69"
                    VPOS="2726"
                    WIDTH="241"
                    HEIGHT="78">
            <Shape><Polygon POINTS="125 2765 103 2726 69 2726 72 2774 72 2804 310 2793 310 2762 304 2726 181 2726 153 2743"/></Shape>
	    <String CONTENT="Ardri Du"
                    HPOS="69"
                    VPOS="2726"
                    WIDTH="241"
                    HEIGHT="78"
                    WC="0.9256039634346962"></String>
          </TextLine>
          <TextLine ID="eSc_line_c4d02141"
                    TAGREFS="LT33"
                    BASELINE="64 2827 262 2824" 
                    HPOS="61"
                    VPOS="2779"
                    WIDTH="201"
                    HEIGHT="84">
            <Shape><Polygon POINTS="64 2827 64 2863 262 2863 262 2824 254 2779 61 2788 64 2827"/></Shape>
	    <String CONTENT="comme"
                    HPOS="61"
                    VPOS="2779"
                    WIDTH="201"
                    HEIGHT="84"
                    WC="0.9998938083648682"></String>
          </TextLine>
        </TextBlock>
      </PrintSpace>
    </Page>
  </Layout>
</alto>
