<?xml version="1.0" encoding="UTF-8"?>
<alto xmlns:xsi="http://www.w3.org/2001/XMLSchema-instance"
      xmlns="http://www.loc.gov/standards/alto/ns-v4#"
      xsi:schemaLocation="http://www.loc.gov/standards/alto/ns-v4# http://www.loc.gov/standards/alto/v4/alto-4-2.xsd">
  <Description>
    <MeasurementUnit>pixel</MeasurementUnit>
    <sourceImageInformation>
      <fileName>ARCH-DIV-000496_0329.png</fileName>
    </sourceImageInformation>
  </Description>
  <Tags>
    <OtherTag ID="BT42" LABEL="MainZone" DESCRIPTION="block type MainZone"/><OtherTag ID="BT43" LABEL="MarginTextZone" DESCRIPTION="block type MarginTextZone"/><OtherTag ID="BT44" LABEL="NumberingZone" DESCRIPTION="block type NumberingZone"/><OtherTag ID="BT45" LABEL="TitlePageZone" DESCRIPTION="block type TitlePageZone"/><OtherTag ID="BT46" LABEL="CustomZone:Numbering" DESCRIPTION="block type CustomZone:Numbering"/><OtherTag ID="BT49" LABEL="MarginTextZone:lower" DESCRIPTION="block type MarginTextZone:lower"/>
    <OtherTag ID="LT25" LABEL="default" DESCRIPTION="line type default"/><OtherTag ID="LT31" LABEL="DefaultLine" DESCRIPTION="line type DefaultLine"/><OtherTag ID="LT32" LABEL="HeadingLine" DESCRIPTION="line type HeadingLine"/><OtherTag ID="LT33" LABEL="InterlinearLine:addition" DESCRIPTION="line type InterlinearLine:addition"/><OtherTag ID="LT34" LABEL="InterlinearLine:correction" DESCRIPTION="line type InterlinearLine:correction"/>
  </Tags>
  <Layout>
    <Page WIDTH="2790"
          HEIGHT="3381"
          PHYSICAL_IMG_NR="328"
          ID="eSc_dummypage_">
      <PrintSpace HPOS="0"
                  VPOS="0"
                  WIDTH="2790"
                  HEIGHT="3381">
        <TextBlock HPOS="545"
                   VPOS="4"
                   WIDTH="2229"
                   HEIGHT="3372"
                   ID="0e12004b-90e1-4b89-a6f3-e77576d4c7ee"
                   TAGREFS="BT42">
          <Shape><Polygon POINTS="2774 4 2774 3369 545 3376 586 4"/></Shape>
          <TextLine ID="eSc_line_ba86333d"
                    TAGREFS="LT31"
                    BASELINE="656 87 2310 64 2728 76" 
                    HPOS="653"
                    VPOS="14"
                    WIDTH="2075"
                    HEIGHT="93">
            <Shape><Polygon POINTS="2719 22 2496 14 2485 14 2457 14 2429 16 2401 16 2372 16 2344 16 2316 16 2288 19 2260 19 2232 19 2203 19 2192 19 2164 19 2147 22 2119 22 2110 22 2037 22 2034 25 2029 25 1783 33 1761 30 1752 30 1724 30 1696 30 1668 30 1640 33 1626 33 1617 36 1614 36 1572 33 1555 33 1527 36 1499 36 1471 36 1442 36 1414 36 1386 39 1358 39 1341 39 1330 39 1302 39 1273 42 1245 42 1217 42 1189 42 1161 42 1132 45 1104 45 1076 45 1048 45 1020 47 992 47 963 47 935 47 907 47 879 50 851 50 822 50 794 50 766 50 738 53 710 53 682 53 653 53 656 87 656 107 2725 95 2728 76 2725 28 2719 22"/></Shape>
	    <String CONTENT=""
                    HPOS="653"
                    VPOS="14"
                    WIDTH="2075"
                    HEIGHT="93"></String>
          </TextLine>
          <TextLine ID="eSc_line_f3584b75"
                    TAGREFS="LT31"
                    BASELINE="659 157 1510 132 2697 126" 
                    HPOS="656"
                    VPOS="76"
                    WIDTH="2041"
                    HEIGHT="109">
            <Shape><Polygon POINTS="659 157 659 185 969 166 1011 183 1017 183 1020 183 1023 183 1025 183 1031 180 1090 163 1200 180 1217 180 1220 180 1223 180 1231 177 1299 160 1617 171 1696 174 1699 174 1702 174 1716 171 1778 154 2694 154 2697 126 2688 78 2344 90 2271 84 2158 76 2155 76 2153 76 2150 76 2150 78 2139 87 2139 90 2133 87 2113 78 2110 78 2108 78 2105 78 2102 78 2091 87 2079 95 1916 95 1905 92 1891 81 1888 81 1885 81 1882 81 1676 95 1659 95 1648 95 1510 84 1507 84 1504 84 1502 84 1479 98 1473 101 1457 98 1378 87 1375 87 1240 104 1223 104 1211 104 1082 90 1079 90 656 112 659 157"/></Shape>
	    <String CONTENT=""
                    HPOS="656"
                    VPOS="76"
                    WIDTH="2041"
                    HEIGHT="109"></String>
          </TextLine>
          <TextLine ID="eSc_line_98509955"
                    TAGREFS="LT31"
                    BASELINE="665 225 1609 191 2718 181" 
                    HPOS="662"
                    VPOS="132"
                    WIDTH="2046"
                    HEIGHT="127">
            <Shape><Polygon POINTS="665 259 887 236 969 250 980 250 983 253 983 250 1000 247 1104 231 1172 242 1192 245 1194 245 1225 242 1327 225 1386 236 1414 239 1417 239 1420 239 1423 239 1428 233 1451 222 1668 225 1851 228 1854 228 2136 208 2209 205 2226 205 2313 216 2316 216 2319 216 2350 202 2361 202 2640 208 2643 208 2646 208 2708 188 2708 171 2699 132 1764 140 662 180 665 225"/></Shape>
	    <String CONTENT=""
                    HPOS="662"
                    VPOS="132"
                    WIDTH="2046"
                    HEIGHT="127"></String>
          </TextLine>
          <TextLine ID="eSc_line_d8ab52db"
                    TAGREFS="LT31"
                    BASELINE="653 290 1967 245 2716 239" 
                    HPOS="651"
                    VPOS="185"
                    WIDTH="2065"
                    HEIGHT="133">
            <Shape><Polygon POINTS="653 290 653 318 1465 287 1530 298 1535 298 1538 298 1552 298 1668 281 1707 293 1710 293 1713 293 1716 293 1778 278 1857 290 1868 290 1871 290 1885 290 1969 273 2020 284 2023 284 2026 284 2029 284 2079 270 2144 281 2150 281 2153 281 2713 264 2716 239 2711 191 2372 185 2370 185 2189 205 2167 205 2155 205 2074 194 2071 194 1978 211 1964 211 1941 211 1789 202 1786 202 1783 202 1744 216 1741 216 1738 216 1693 205 1690 205 1688 205 1685 205 1645 219 1640 219 1637 219 1595 208 1592 208 1589 208 1586 208 1561 222 1558 222 1550 222 1485 211 1482 211 1479 211 1476 211 1457 225 1451 225 1414 225 1155 219 1152 219 651 245 653 290"/></Shape>
	    <String CONTENT=""
                    HPOS="651"
                    VPOS="185"
                    WIDTH="2065"
                    HEIGHT="133"></String>
          </TextLine>
          <TextLine ID="eSc_line_317d84e5"
                    TAGREFS="LT31"
                    BASELINE="667 355 1862 301 2713 301" 
                    HPOS="665"
                    VPOS="250"
                    WIDTH="2048"
                    HEIGHT="133">
            <Shape><Polygon POINTS="667 355 667 383 1138 357 1214 369 1231 369 1234 369 1237 369 1242 366 1273 352 1397 363 1423 363 1426 363 1445 360 1544 343 1595 357 1603 357 1606 357 1609 357 1612 357 1617 355 1648 338 1688 349 1690 349 1693 349 1902 329 2031 340 2034 340 2037 340 2088 324 2713 324 2713 301 2708 250 1612 267 1516 284 1513 284 1423 273 1420 273 932 301 856 290 853 290 665 309 667 355"/></Shape>
	    <String CONTENT=""
                    HPOS="665"
                    VPOS="250"
                    WIDTH="2048"
                    HEIGHT="133"></String>
          </TextLine>
          <TextLine ID="eSc_line_6568495d"
                    TAGREFS="LT31"
                    BASELINE="636 425 1944 360 2739 355" 
                    HPOS="634"
                    VPOS="304"
                    WIDTH="2105"
                    HEIGHT="158">
            <Shape><Polygon POINTS="2268 304 2265 304 2263 304 2201 324 2043 312 2040 312 1445 352 1395 338 1392 338 1389 338 1386 338 1383 338 1349 357 1155 346 1152 346 1149 346 1070 366 1011 352 1008 352 1006 352 1003 352 927 374 927 377 634 385 636 425 636 445 707 462 710 462 913 450 915 450 918 450 941 436 946 433 972 433 1147 445 1149 445 1333 422 1400 414 1434 419 1513 431 1516 431 1519 431 1521 431 1547 414 1558 408 1626 411 1721 416 1724 416 1727 416 1750 408 1767 397 1972 391 1989 400 2015 411 2017 411 2020 411 2023 411 2077 397 2116 385 2206 391 2333 400 2336 400 2339 400 2401 385 2412 383 2449 383 2629 388 2632 388 2739 371 2739 355 2730 307 2302 318 2271 304 2268 304"/></Shape>
	    <String CONTENT=""
                    HPOS="634"
                    VPOS="304"
                    WIDTH="2105"
                    HEIGHT="158"></String>
          </TextLine>
          <TextLine ID="eSc_line_3c0623ff"
                    TAGREFS="LT31"
                    BASELINE="651 495 1817 442" 
                    HPOS="645"
                    VPOS="391"
                    WIDTH="1172"
                    HEIGHT="141">
            <Shape><Polygon POINTS="651 495 651 526 831 532 834 532 896 518 958 504 1017 512 1073 521 1076 521 1079 521 1110 509 1144 495 1178 507 1189 509 1192 509 1194 509 1197 509 1200 509 1206 504 1220 493 1240 504 1242 504 1245 504 1248 504 1259 504 1324 487 1352 498 1372 507 1375 507 1378 507 1380 507 1383 507 1395 498 1411 481 1524 478 1581 490 1612 495 1614 495 1617 495 1643 487 1696 470 1814 478 1817 442 1814 408 1755 391 1752 391 1750 391 1575 416 1564 416 1541 416 1262 414 1259 414 1256 414 1254 414 1231 428 1155 419 1152 419 1149 419 1147 419 1147 422 1132 433 1130 436 1087 433 955 428 952 428 949 428 907 442 887 450 645 450 651 495"/></Shape>
	    <String CONTENT=""
                    HPOS="645"
                    VPOS="391"
                    WIDTH="1172"
                    HEIGHT="141"></String>
          </TextLine>
          <TextLine ID="eSc_line_11493822"
                    TAGREFS="LT31"
                    BASELINE="662 569 1141 538 2716 481" 
                    HPOS="659"
                    VPOS="431"
                    WIDTH="2057"
                    HEIGHT="166">
            <Shape><Polygon POINTS="662 569 662 597 1104 563 1355 569 1366 569 1369 569 1383 569 1614 546 1829 549 1831 549 1834 549 1837 549 1840 549 1860 535 1902 546 1905 546 1907 546 1910 546 1913 546 1913 543 1927 532 2031 540 2057 543 2060 543 2122 538 2358 515 2716 515 2716 481 2713 433 2519 431 2516 431 2513 431 2477 439 2429 453 2395 445 2372 436 2370 436 2367 436 2364 436 2361 436 2361 439 2353 445 2347 450 2319 445 2288 442 2285 442 2282 442 2257 447 2203 462 2116 453 2105 453 2102 453 2088 453 1981 470 1896 462 1840 456 1837 456 1834 456 1809 464 1764 478 1671 470 1643 467 1640 467 1617 470 1544 487 1490 476 1473 473 1471 473 1434 478 1335 493 1234 484 1180 481 1178 481 1175 481 1152 487 1099 507 930 509 887 498 879 495 876 495 873 495 870 495 862 498 808 515 777 501 772 498 769 498 766 498 659 504 662 569"/></Shape>
	    <String CONTENT=""
                    HPOS="659"
                    VPOS="431"
                    WIDTH="2057"
                    HEIGHT="166"></String>
          </TextLine>
          <TextLine ID="eSc_line_8b22e351"
                    TAGREFS="LT31"
                    BASELINE="659 636 1327 597 2697 552" 
                    HPOS="656"
                    VPOS="509"
                    WIDTH="2041"
                    HEIGHT="150">
            <Shape><Polygon POINTS="659 636 659 659 1473 619 1507 631 1510 631 1513 631 1516 631 1519 631 1524 628 1552 617 1721 622 1764 622 1767 622 1783 619 1851 605 1967 614 1989 614 1992 614 2029 611 2217 591 2260 602 2263 602 2265 602 2268 602 2277 602 2370 586 2694 586 2697 552 2691 509 2361 526 2341 524 2302 512 2299 512 2296 512 2237 526 2212 532 2192 529 2153 518 2150 518 2147 518 2144 518 2141 518 2127 532 2122 535 2088 532 1992 524 1989 524 1986 524 1933 538 1913 543 1893 540 1848 532 1845 532 1736 546 1688 552 1600 552 1324 549 1321 549 1200 569 1172 571 1158 569 1110 557 1107 557 1104 557 1101 557 1037 574 1023 577 997 577 896 569 893 569 890 569 887 569 870 580 865 586 656 588 659 636"/></Shape>
	    <String CONTENT=""
                    HPOS="656"
                    VPOS="509"
                    WIDTH="2041"
                    HEIGHT="150"></String>
          </TextLine>
          <TextLine ID="eSc_line_f6cc2744"
                    TAGREFS="LT31"
                    BASELINE="645 695 2697 617" 
                    HPOS="642"
                    VPOS="577"
                    WIDTH="2055"
                    HEIGHT="144">
            <Shape><Polygon POINTS="645 695 645 721 2697 642 2697 617 2688 577 642 650 645 695"/></Shape>
	    <String CONTENT=""
                    HPOS="642"
                    VPOS="577"
                    WIDTH="2055"
                    HEIGHT="144"></String>
          </TextLine>
          <TextLine ID="eSc_line_6c77b58c"
                    TAGREFS="LT31"
                    BASELINE="634 760 2722 687" 
                    HPOS="631"
                    VPOS="633"
                    WIDTH="2091"
                    HEIGHT="164">
            <Shape><Polygon POINTS="634 760 634 780 665 797 667 797 670 797 806 777 842 791 845 791 848 791 851 791 853 791 870 777 1113 783 1116 783 1547 757 1840 741 1986 746 2074 749 2077 749 2175 741 2423 721 2533 732 2539 732 2542 732 2544 732 2547 732 2564 715 2584 729 2587 729 2589 729 2592 729 2722 726 2722 687 2713 633 2629 650 2564 639 2558 639 2556 639 2553 639 2550 639 2550 642 2536 653 2353 648 2322 648 2319 648 2316 648 2308 650 2265 662 2026 662 1930 662 1927 662 1888 667 1812 679 1775 670 1752 667 1750 667 1716 673 1665 684 1589 679 1527 676 1524 676 1521 676 1502 684 1482 690 1389 687 1271 684 1268 684 1217 695 1183 701 1104 698 958 695 955 695 631 718 634 760"/></Shape>
	    <String CONTENT=""
                    HPOS="631"
                    VPOS="633"
                    WIDTH="2091"
                    HEIGHT="164"></String>
          </TextLine>
          <TextLine ID="eSc_line_20918d4f"
                    TAGREFS="LT31"
                    BASELINE="631 831 2725 757" 
                    HPOS="628"
                    VPOS="707"
                    WIDTH="2097"
                    HEIGHT="155">
            <Shape><Polygon POINTS="631 831 631 862 2722 788 2725 757 2716 707 2468 729 2217 726 2155 726 2153 726 2133 729 2068 743 2015 735 1995 732 1992 732 1938 738 1820 755 1569 755 1349 755 1347 755 628 791 631 831"/></Shape>
	    <String CONTENT=""
                    HPOS="628"
                    VPOS="707"
                    WIDTH="2097"
                    HEIGHT="155"></String>
          </TextLine>
          <TextLine ID="eSc_line_5540baf6"
                    TAGREFS="LT31"
                    BASELINE="642 904 1572 859 2685 822" 
                    HPOS="636"
                    VPOS="783"
                    WIDTH="2049"
                    HEIGHT="155">
            <Shape><Polygon POINTS="642 904 642 938 876 912 924 926 927 926 930 926 932 926 1031 910 1065 921 1068 921 1070 921 1073 921 1076 921 1104 901 1696 898 1705 895 1707 895 1710 895 1730 879 1783 893 1786 893 1789 893 1792 893 1862 870 2685 856 2685 822 2680 783 636 853 642 904"/></Shape>
	    <String CONTENT=""
                    HPOS="636"
                    VPOS="783"
                    WIDTH="2049"
                    HEIGHT="155"></String>
          </TextLine>
          <TextLine ID="eSc_line_7870f8a6"
                    TAGREFS="LT31"
                    BASELINE="634 969 2046 910 2697 895" 
                    HPOS="631"
                    VPOS="850"
                    WIDTH="2066"
                    HEIGHT="155">
            <Shape><Polygon POINTS="634 969 634 1005 727 988 873 997 884 997 887 997 890 997 893 997 930 980 994 991 997 991 1000 991 1042 977 1062 991 1065 991 1068 991 1070 991 1073 991 1082 988 1152 972 1271 983 1290 983 1293 983 1296 983 1304 980 1369 963 1476 974 1488 974 1490 974 1502 974 1589 955 1676 966 1679 966 1682 966 1685 966 1738 949 1857 960 1876 960 1879 960 1882 960 1885 960 1885 957 1902 943 1981 952 1984 952 1986 952 2031 938 2082 952 2088 952 2091 952 2093 952 2127 949 2339 926 2358 941 2361 941 2364 941 2367 941 2530 935 2533 935 2536 935 2556 918 2691 926 2697 895 2688 850 631 924 634 969"/></Shape>
	    <String CONTENT=""
                    HPOS="631"
                    VPOS="850"
                    WIDTH="2066"
                    HEIGHT="155"></String>
          </TextLine>
          <TextLine ID="eSc_line_27991e35"
                    TAGREFS="LT31"
                    BASELINE="631 1045 2668 969" 
                    HPOS="628"
                    VPOS="929"
                    WIDTH="2040"
                    HEIGHT="138">
            <Shape><Polygon POINTS="631 1045 631 1067 2668 1003 2668 969 2660 929 2150 935 2147 935 2144 935 2127 949 2119 949 2062 938 2060 938 2057 938 2054 938 2054 941 2043 952 2040 952 2006 941 2003 941 2000 941 1916 955 1899 957 1891 957 1829 946 1826 946 1823 946 1761 960 1752 963 1744 963 1702 952 1699 952 1696 952 1614 966 1597 972 1516 972 1107 974 1104 974 1076 988 1070 988 1062 988 1000 977 997 977 628 1003 631 1045"/></Shape>
	    <String CONTENT=""
                    HPOS="628"
                    VPOS="929"
                    WIDTH="2040"
                    HEIGHT="138"></String>
          </TextLine>
          <TextLine ID="eSc_line_82ce3c37"
                    TAGREFS="LT31"
                    BASELINE="628 1112 2705 1045" 
                    HPOS="625"
                    VPOS="991"
                    WIDTH="2080"
                    HEIGHT="144">
            <Shape><Polygon POINTS="628 1112 628 1135 2705 1076 2705 1045 2699 1005 2612 994 2609 994 2606 994 2573 1008 2570 1008 2544 991 2542 991 2539 991 2536 991 2449 1011 2434 1014 2423 1011 2389 1003 2387 1003 2384 1003 2325 1014 2310 1017 2308 1014 2291 1000 2288 1000 2285 1000 2282 1000 2279 1000 2277 1000 2251 1017 2246 1019 2215 1017 2091 1005 2088 1005 1907 1025 1826 1034 1769 1028 1659 1019 1657 1019 1578 1034 1533 1045 625 1059 628 1112"/></Shape>
	    <String CONTENT=""
                    HPOS="625"
                    VPOS="991"
                    WIDTH="2080"
                    HEIGHT="144"></String>
          </TextLine>
          <TextLine ID="eSc_line_fb02a599"
                    TAGREFS="LT31"
                    BASELINE="634 1188 2119 1127 2705 1115" 
                    HPOS="628"
                    VPOS="1070"
                    WIDTH="2077"
                    HEIGHT="152">
            <Shape><Polygon POINTS="634 1188 634 1222 924 1197 1051 1208 1056 1208 1059 1208 1076 1208 1364 1180 1544 1188 1575 1188 1578 1188 1628 1186 1871 1160 1995 1169 2009 1169 2012 1169 2015 1169 2017 1169 2017 1166 2020 1166 2029 1155 2158 1163 2195 1163 2198 1163 2201 1163 2203 1163 2206 1160 2223 1149 2277 1157 2305 1160 2308 1160 2705 1138 2705 1115 2699 1070 2240 1070 2237 1070 2234 1070 2232 1070 2206 1087 2175 1073 2172 1073 2170 1073 2026 1096 2012 1096 2003 1096 1941 1081 1938 1081 1798 1104 1786 1104 1781 1104 1724 1090 1721 1090 1719 1090 1716 1090 1648 1110 1640 1110 1620 1110 1431 1101 1428 1101 1347 1121 1341 1121 1335 1121 1287 1107 1285 1107 1282 1107 1279 1107 1206 1127 1200 1127 1194 1127 1144 1112 1141 1112 1138 1112 1034 1132 1028 1132 1023 1132 924 1121 921 1121 628 1146 634 1188"/></Shape>
	    <String CONTENT=""
                    HPOS="628"
                    VPOS="1070"
                    WIDTH="2077"
                    HEIGHT="152"></String>
          </TextLine>
          <TextLine ID="eSc_line_1b0de161"
                    TAGREFS="LT31"
                    BASELINE="631 1267 1299 1231 2685 1186" 
                    HPOS="628"
                    VPOS="1138"
                    WIDTH="2057"
                    HEIGHT="160">
            <Shape><Polygon POINTS="631 1267 631 1298 1166 1265 1299 1273 1316 1273 1318 1273 1330 1273 1397 1256 1442 1267 1445 1267 1448 1267 1451 1267 1454 1267 1457 1267 1490 1253 1600 1262 1626 1262 1628 1262 1659 1259 1783 1242 1829 1253 1840 1253 1843 1253 1862 1250 1936 1236 1989 1245 2009 1248 2012 1248 2682 1217 2685 1186 2677 1138 2516 1152 2471 1146 2429 1138 2426 1138 2339 1149 2268 1160 2226 1155 2181 1149 2178 1149 2124 1160 2074 1169 2017 1163 1924 1155 1922 1155 1919 1155 1871 1169 1843 1177 1817 1172 1778 1163 1775 1163 1679 1177 1640 1183 1614 1180 1541 1169 1538 1169 1304 1194 1231 1200 1214 1197 1161 1183 1158 1183 1155 1183 1028 1205 997 1208 963 1208 825 1197 822 1197 820 1197 777 1214 769 1219 628 1219 631 1267"/></Shape>
	    <String CONTENT=""
                    HPOS="628"
                    VPOS="1138"
                    WIDTH="2057"
                    HEIGHT="160"></String>
          </TextLine>
          <TextLine ID="eSc_line_49d44be0"
                    TAGREFS="LT31"
                    BASELINE="634 1341 1964 1281 2719 1267" 
                    HPOS="631"
                    VPOS="1208"
                    WIDTH="2088"
                    HEIGHT="161">
            <Shape><Polygon POINTS="634 1341 634 1369 2716 1287 2719 1267 2711 1208 2598 1222 2536 1214 2485 1208 2482 1208 2480 1208 2443 1219 2401 1231 2350 1222 2305 1217 2302 1217 2299 1217 2277 1225 2254 1236 2232 1228 2203 1219 2201 1219 2198 1219 2195 1219 2192 1219 2192 1222 2181 1231 2172 1239 2150 1231 2122 1222 2119 1222 2116 1222 2113 1222 2071 1236 2037 1245 1927 1242 1747 1236 1744 1236 1741 1236 1682 1253 1657 1259 1623 1256 1527 1245 1524 1245 1400 1265 1366 1270 1341 1267 1234 1256 1231 1256 1228 1256 1225 1256 1203 1273 1200 1276 1194 1276 1121 1262 1118 1262 1116 1262 1082 1279 1076 1281 1023 1281 696 1281 693 1281 690 1281 631 1298 634 1341"/></Shape>
	    <String CONTENT=""
                    HPOS="631"
                    VPOS="1208"
                    WIDTH="2088"
                    HEIGHT="161"></String>
          </TextLine>
          <TextLine ID="eSc_line_4add3a52"
                    TAGREFS="LT31"
                    BASELINE="631 1417 2170 1352 2722 1341" 
                    HPOS="628"
                    VPOS="1276"
                    WIDTH="2094"
                    HEIGHT="180">
            <Shape><Polygon POINTS="631 1417 631 1445 769 1456 772 1456 876 1439 921 1431 963 1434 1031 1442 1034 1442 1132 1428 1189 1422 1214 1425 1268 1436 1271 1436 1465 1417 1628 1403 1699 1411 1758 1417 1761 1417 1814 1405 1862 1397 1953 1403 2034 1405 2037 1405 2040 1405 2043 1405 2043 1403 2048 1397 2065 1386 2243 1391 2333 1394 2336 1394 2398 1386 2494 1374 2556 1380 2581 1383 2584 1383 2587 1383 2595 1380 2626 1366 2716 1374 2722 1341 2716 1293 2561 1276 2558 1276 2556 1276 2516 1298 2392 1304 2319 1307 2316 1307 2257 1287 2254 1287 2251 1287 2091 1296 2088 1296 2034 1318 2031 1318 2026 1318 1930 1307 1927 1307 1820 1327 1814 1327 1812 1327 1758 1307 1755 1307 1752 1307 1507 1318 1504 1318 1434 1341 1330 1324 1327 1324 1265 1327 1262 1327 1259 1327 1259 1329 1237 1349 1194 1329 1192 1329 1189 1329 1186 1329 1141 1352 1110 1338 1107 1338 1104 1338 1101 1338 1099 1338 1082 1355 1051 1343 1048 1343 1045 1343 952 1360 946 1360 910 1341 907 1341 904 1341 901 1341 828 1366 628 1372 631 1417"/></Shape>
	    <String CONTENT=""
                    HPOS="628"
                    VPOS="1276"
                    WIDTH="2094"
                    HEIGHT="180"></String>
          </TextLine>
          <TextLine ID="eSc_line_744f7b94"
                    TAGREFS="LT31"
                    BASELINE="634 1496 2212 1434 2722 1428" 
                    HPOS="628"
                    VPOS="1380"
                    WIDTH="2094"
                    HEIGHT="155">
            <Shape><Polygon POINTS="634 1496 634 1521 693 1535 696 1535 698 1535 735 1518 738 1515 941 1510 1000 1512 1166 1518 1169 1518 1237 1504 1268 1498 1372 1501 1552 1504 1555 1504 1558 1504 1597 1493 1634 1484 1662 1493 1690 1498 1693 1498 1696 1498 2009 1487 2012 1487 2015 1487 2020 1482 2037 1470 2116 1479 2158 1482 2161 1482 2189 1476 2251 1462 2722 1462 2722 1428 2716 1380 2322 1380 2319 1380 2251 1397 2240 1397 2220 1397 2093 1389 2091 1389 1944 1405 1922 1408 1885 1408 1631 1405 1628 1405 1626 1405 1597 1420 1595 1420 1586 1420 1496 1411 1493 1411 1411 1425 1395 1431 1324 1431 944 1431 941 1431 938 1431 935 1431 935 1434 924 1445 921 1445 918 1445 862 1434 859 1434 628 1453 634 1496"/></Shape>
	    <String CONTENT=""
                    HPOS="628"
                    VPOS="1380"
                    WIDTH="2094"
                    HEIGHT="155"></String>
          </TextLine>
          <TextLine ID="eSc_line_d3d97f1e"
                    TAGREFS="LT31"
                    BASELINE="636 1574 1843 1524 2722 1501" 
                    HPOS="631"
                    VPOS="1448"
                    WIDTH="2091"
                    HEIGHT="157">
            <Shape><Polygon POINTS="636 1574 636 1605 2719 1524 2722 1501 2713 1459 2451 1465 2449 1465 2423 1448 2420 1448 2418 1448 2415 1448 2282 1453 2279 1453 2277 1453 2257 1470 2248 1473 2206 1470 2085 1462 2082 1462 2079 1462 2026 1476 2000 1482 1986 1476 1961 1465 1958 1465 1955 1465 1953 1465 1927 1479 1913 1484 1893 1479 1862 1470 1860 1470 1857 1470 1659 1476 1657 1476 1626 1484 1592 1498 1327 1507 1231 1496 1200 1493 1197 1493 1194 1493 1192 1493 1189 1496 1169 1512 1116 1498 1101 1496 1099 1496 1096 1496 1093 1496 1090 1496 1087 1498 1065 1515 938 1521 865 1507 862 1507 631 1510 636 1574"/></Shape>
	    <String CONTENT=""
                    HPOS="631"
                    VPOS="1448"
                    WIDTH="2091"
                    HEIGHT="157"></String>
          </TextLine>
          <TextLine ID="eSc_line_d671b995"
                    TAGREFS="LT31"
                    BASELINE="634 1648 2144 1577 2691 1563" 
                    HPOS="631"
                    VPOS="1504"
                    WIDTH="2060"
                    HEIGHT="186">
            <Shape><Polygon POINTS="2609 1504 2581 1521 2578 1524 2330 1532 2325 1532 2203 1521 2201 1521 2085 1543 2079 1543 2077 1543 2020 1529 2017 1529 2015 1529 2012 1529 1944 1549 1941 1549 1938 1549 1826 1535 1823 1535 1820 1535 1758 1558 1755 1558 1750 1558 1634 1543 1631 1543 1628 1543 1626 1543 1595 1563 1380 1555 1378 1555 1375 1555 1372 1555 1347 1574 1254 1560 1251 1560 1248 1560 1180 1583 1178 1583 1166 1583 1000 1572 997 1572 994 1572 932 1594 927 1594 913 1594 746 1583 744 1583 631 1605 634 1648 636 1690 701 1670 814 1682 822 1682 825 1682 848 1679 1085 1653 1183 1665 1206 1665 1209 1665 1228 1662 1296 1645 1411 1651 1457 1653 1459 1653 1462 1653 1465 1653 1465 1651 1468 1648 1482 1634 1620 1631 1640 1639 1645 1645 1648 1645 1651 1645 1654 1645 1702 1636 1769 1625 1809 1631 1840 1636 1843 1636 1927 1625 2037 1611 2068 1620 2093 1625 2096 1625 2099 1625 2102 1625 2136 1614 2172 1605 2305 1605 2477 1608 2480 1608 2691 1586 2691 1563 2688 1518 2620 1504 2609 1504"/></Shape>
	    <String CONTENT=""
                    HPOS="631"
                    VPOS="1504"
                    WIDTH="2060"
                    HEIGHT="186"></String>
          </TextLine>
          <TextLine ID="eSc_line_ae23dff9"
                    TAGREFS="LT31"
                    BASELINE="631 1718 2677 1634" 
                    HPOS="628"
                    VPOS="1589"
                    WIDTH="2049"
                    HEIGHT="163">
            <Shape><Polygon POINTS="631 1718 631 1752 969 1741 972 1741 975 1741 992 1727 1304 1727 1307 1727 1310 1727 1383 1707 1972 1698 1975 1698 1978 1698 1998 1684 2124 1693 2127 1693 2130 1693 2133 1693 2153 1679 2463 1679 2468 1679 2471 1679 2474 1679 2618 1659 2674 1670 2677 1634 2674 1597 2387 1589 2384 1589 2381 1589 2330 1608 2248 1594 2246 1594 2141 1617 2136 1617 2124 1617 1910 1608 1907 1608 1905 1608 1843 1628 1834 1631 1829 1628 1778 1614 1775 1614 1772 1614 1769 1614 1767 1614 1767 1617 1750 1631 1640 1620 1637 1620 1634 1620 1575 1639 1564 1642 1521 1642 1296 1634 1293 1634 1290 1634 1231 1653 1220 1656 1200 1653 1110 1642 1107 1642 1104 1642 1101 1642 1082 1659 1076 1662 1048 1662 904 1651 901 1651 899 1651 896 1651 896 1653 879 1667 876 1670 868 1667 831 1659 828 1659 825 1659 822 1659 797 1670 794 1673 791 1670 769 1656 766 1656 763 1656 760 1656 628 1676 631 1718"/></Shape>
	    <String CONTENT=""
                    HPOS="628"
                    VPOS="1589"
                    WIDTH="2049"
                    HEIGHT="163"></String>
          </TextLine>
          <TextLine ID="eSc_line_3997de77"
                    TAGREFS="LT31"
                    BASELINE="639 1800 1750 1744 2666 1710" 
                    HPOS="634"
                    VPOS="1653"
                    WIDTH="2032"
                    HEIGHT="181">
            <Shape><Polygon POINTS="639 1800 642 1834 704 1817 811 1825 820 1825 822 1825 825 1825 828 1825 893 1808 992 1817 1008 1817 1011 1817 1014 1817 1023 1814 1079 1800 1262 1803 1324 1803 1327 1803 1383 1797 1516 1780 1592 1786 1634 1789 1637 1789 1640 1789 1665 1783 1705 1772 1865 1772 2009 1772 2012 1772 2666 1729 2666 1710 2660 1653 2167 1687 2136 1679 2116 1673 2113 1673 2110 1673 2108 1673 2085 1682 2062 1690 2015 1684 1950 1679 1947 1679 1944 1679 1910 1690 1882 1701 1862 1693 1854 1690 1851 1690 1848 1690 1814 1696 1750 1707 1713 1701 1665 1693 1662 1693 1445 1701 1361 1718 1318 1727 1265 1724 1144 1715 1141 1715 1138 1715 1135 1715 1135 1718 1121 1732 1116 1735 1068 1735 887 1727 884 1727 882 1727 828 1746 817 1752 634 1755 639 1800"/></Shape>
	    <String CONTENT=""
                    HPOS="634"
                    VPOS="1653"
                    WIDTH="2032"
                    HEIGHT="181"></String>
          </TextLine>
          <TextLine ID="eSc_line_8acd4d31"
                    TAGREFS="LT31"
                    BASELINE="634 1876 2663 1783" 
                    HPOS="631"
                    VPOS="1732"
                    WIDTH="2032"
                    HEIGHT="161">
            <Shape><Polygon POINTS="634 1876 634 1893 2663 1811 2663 1783 2657 1738 2556 1746 2527 1744 2465 1732 2463 1732 2460 1732 2432 1746 2423 1752 2403 1749 2361 1741 2358 1741 2299 1755 2271 1760 2251 1758 2212 1746 2209 1746 2206 1746 2203 1746 2161 1760 2144 1766 2113 1763 2043 1755 2040 1755 2037 1755 2009 1769 2000 1772 1995 1769 1967 1758 1964 1758 1961 1758 1958 1758 1896 1775 1888 1775 1879 1775 1789 1763 1786 1763 1783 1763 1781 1763 1758 1780 1755 1783 1595 1791 1586 1789 1550 1775 1547 1775 1544 1775 1279 1800 1234 1789 1231 1789 1228 1789 1107 1811 1090 1814 1079 1814 989 1800 986 1800 983 1800 924 1820 915 1822 913 1822 873 1808 870 1808 868 1808 865 1808 862 1808 862 1811 848 1825 845 1825 839 1825 749 1814 746 1814 631 1834 634 1876"/></Shape>
	    <String CONTENT=""
                    HPOS="631"
                    VPOS="1732"
                    WIDTH="2032"
                    HEIGHT="161"></String>
          </TextLine>
          <TextLine ID="eSc_line_7df18411"
                    TAGREFS="LT31"
                    BASELINE="622 1946 2688 1853" 
                    HPOS="620"
                    VPOS="1800"
                    WIDTH="2068"
                    HEIGHT="180">
            <Shape><Polygon POINTS="622 1946 622 1966 659 1980 662 1980 665 1980 755 1963 1059 1963 1062 1963 1375 1946 1378 1946 1380 1946 1389 1938 1397 1932 1406 1938 1417 1946 1420 1946 1423 1946 1426 1946 1479 1935 1524 1924 1938 1907 2074 1913 2122 1915 2124 1915 2155 1910 2254 1893 2406 1901 2420 1901 2423 1901 2426 1901 2429 1901 2502 1882 2685 1890 2688 1853 2682 1800 2564 1806 2561 1806 2558 1806 2533 1822 2395 1814 2392 1814 2389 1814 2356 1831 2268 1820 2263 1820 2260 1820 2257 1820 2254 1820 2223 1837 2040 1831 2029 1831 2026 1831 2023 1831 2020 1831 1978 1848 1936 1837 1927 1834 1924 1834 1922 1834 1919 1834 1907 1837 1854 1856 1535 1856 1420 1856 1417 1856 1361 1865 1228 1884 620 1898 622 1946"/></Shape>
	    <String CONTENT=""
                    HPOS="620"
                    VPOS="1800"
                    WIDTH="2068"
                    HEIGHT="180"></String>
          </TextLine>
          <TextLine ID="eSc_line_e6c6873e"
                    TAGREFS="LT31"
                    BASELINE="643 2030 2713 1918" 
                    HPOS="1434"
                    VPOS="1870"
                    WIDTH="1279"
                    HEIGHT="133">
            <Shape><Polygon POINTS="1440 2003 2713 1949 2713 1918 2708 1870 2547 1890 2372 1890 2229 1890 2226 1890 2223 1890 2186 1901 2158 1910 2099 1907 2003 1901 2000 1901 1826 1924 1772 1929 1755 1929 1668 1918 1665 1918 1662 1918 1595 1938 1592 1938 1589 1938 1499 1927 1496 1927 1493 1927 1434 1944 1440 1983"/></Shape>
	    <String CONTENT=""
                    HPOS="1434"
                    VPOS="1870"
                    WIDTH="1279"
                    HEIGHT="133"></String>
          </TextLine>
          <TextLine ID="eSc_line_d56dd6e9"
                    TAGREFS="LT31"
                    BASELINE="617 2082 2325 2010 2325 2010 2539 1994 2708 1997" 
                    HPOS="614"
                    VPOS="1941"
                    WIDTH="2094"
                    HEIGHT="177">
            <Shape><Polygon POINTS="620 2118 682 2101 887 2107 915 2107 918 2107 921 2107 924 2107 949 2090 1020 2101 1028 2101 1031 2101 1048 2101 1200 2079 1290 2090 1304 2090 1307 2090 1366 2087 1744 2053 1783 2068 1786 2068 1789 2068 1792 2068 1795 2068 1817 2048 1933 2045 2043 2056 2054 2056 2057 2056 2077 2053 2203 2037 2350 2042 2370 2042 2372 2042 2375 2042 2381 2042 2451 2022 2705 2025 2708 1997 2702 1949 2609 1941 2606 1941 2370 1966 2353 1966 2347 1966 2232 1958 2229 1958 2226 1958 2164 1975 2161 1977 2133 1977 1727 1980 1724 1980 1668 1997 1662 1997 1651 1997 1541 1989 1538 1989 1535 1989 1482 2006 1476 2006 1473 2006 1434 1994 1431 1994 1428 1994 614 2042 617 2082"/></Shape>
	    <String CONTENT=""
                    HPOS="614"
                    VPOS="1941"
                    WIDTH="2094"
                    HEIGHT="177"></String>
          </TextLine>
          <TextLine ID="eSc_line_8b4e471f"
                    TAGREFS="LT31"
                    BASELINE="611 2149 1572 2104 2708 2070" 
                    HPOS="608"
                    VPOS="2022"
                    WIDTH="2100"
                    HEIGHT="150">
            <Shape><Polygon POINTS="611 2149 611 2172 1679 2127 1738 2138 1752 2138 1755 2138 1758 2138 1761 2138 1761 2135 1772 2124 1798 2135 1800 2135 1803 2135 1806 2135 2186 2121 2209 2121 2443 2099 2705 2101 2708 2070 2699 2022 2310 2028 2308 2028 2305 2028 2296 2037 2288 2045 2124 2051 2043 2048 1913 2042 1910 2042 1907 2042 1905 2042 1891 2053 1882 2059 1814 2056 1671 2051 1668 2051 1535 2068 1490 2073 1426 2073 1211 2068 1209 2068 1082 2087 1054 2090 1039 2087 983 2076 980 2076 848 2096 825 2099 814 2099 755 2084 752 2084 608 2104 611 2149"/></Shape>
	    <String CONTENT=""
                    HPOS="608"
                    VPOS="2022"
                    WIDTH="2100"
                    HEIGHT="150"></String>
          </TextLine>
          <TextLine ID="eSc_line_23c40558"
                    TAGREFS="LT31"
                    BASELINE="617 2220 2685 2141" 
                    HPOS="614"
                    VPOS="2099"
                    WIDTH="2071"
                    HEIGHT="157">
            <Shape><Polygon POINTS="617 2220 617 2256 975 2242 986 2242 1065 2223 1335 2225 1423 2225 1426 2225 1428 2225 1451 2220 1510 2206 1552 2217 1569 2220 1572 2220 1575 2220 1628 2211 1727 2197 1812 2203 1871 2208 1874 2208 1944 2197 2020 2186 2054 2194 2071 2197 2074 2197 2077 2197 2079 2197 2082 2197 2088 2192 2099 2180 2263 2177 2277 2183 2299 2192 2302 2192 2305 2192 2308 2192 2339 2180 2356 2175 2412 2177 2533 2183 2536 2183 2682 2163 2685 2141 2677 2099 614 2166 617 2220"/></Shape>
	    <String CONTENT=""
                    HPOS="614"
                    VPOS="2099"
                    WIDTH="2071"
                    HEIGHT="157"></String>
          </TextLine>
          <TextLine ID="eSc_line_85e6b212"
                    TAGREFS="LT34"
                    BASELINE="1813 2283 1878 2298" 
                    HPOS="1813"
                    VPOS="2283"
                    WIDTH="65"
                    HEIGHT="15">
	    <String CONTENT=""
                    HPOS="1813"
                    VPOS="2283"
                    WIDTH="65"
                    HEIGHT="15"></String>
          </TextLine>
          <TextLine ID="eSc_line_85079d58"
                    TAGREFS="LT31"
                    BASELINE="611 2290 2536 2220 2736 2228" 
                    HPOS="608"
                    VPOS="2175"
                    WIDTH="2128"
                    HEIGHT="146">
            <Shape><Polygon POINTS="611 2290 611 2321 1490 2279 1541 2293 1550 2296 1552 2296 1555 2296 1558 2296 1572 2293 1637 2270 1871 2265 2031 2276 2046 2276 2048 2276 2051 2276 2054 2276 2113 2256 2167 2270 2175 2273 2178 2273 2181 2273 2184 2273 2195 2270 2246 2259 2372 2265 2401 2265 2403 2265 2406 2265 2409 2265 2409 2262 2429 2248 2488 2262 2499 2262 2502 2262 2505 2262 2511 2259 2544 2242 2733 2251 2736 2228 2730 2175 2017 2186 1882 2203 1857 2206 1834 2206 1707 2197 1705 2197 1631 2211 1620 2214 1612 2214 1550 2203 1547 2203 1476 2217 1465 2220 1442 2220 1318 2211 1316 2211 608 2248 611 2290"/></Shape>
	    <String CONTENT=""
                    HPOS="608"
                    VPOS="2175"
                    WIDTH="2128"
                    HEIGHT="146"></String>
          </TextLine>
          <TextLine ID="eSc_line_c4917dfa"
                    TAGREFS="LT31"
                    BASELINE="622 2369 1516 2324 2705 2301" 
                    HPOS="620"
                    VPOS="2237"
                    WIDTH="2085"
                    HEIGHT="166">
            <Shape><Polygon POINTS="622 2369 622 2403 873 2397 876 2397 882 2397 969 2375 1127 2380 1130 2380 1132 2380 1135 2380 1149 2366 1163 2377 1166 2377 1169 2377 1172 2377 1175 2377 1178 2377 1197 2363 1271 2375 1273 2375 1276 2375 1279 2375 1296 2361 1352 2383 1355 2383 1358 2383 1361 2383 1364 2383 1366 2383 1406 2355 1459 2355 1781 2363 1783 2363 1874 2349 1913 2366 1916 2366 1919 2366 1922 2366 1936 2366 2108 2338 2153 2355 2155 2355 2158 2355 2161 2355 2217 2341 2308 2349 2310 2349 2313 2349 2398 2327 2702 2341 2705 2301 2699 2256 2573 2237 2570 2237 2567 2237 2530 2256 2403 2242 2401 2242 2398 2242 2395 2242 2361 2265 2358 2268 2305 2268 2220 2268 2116 2251 2113 2251 1984 2276 1944 2256 1941 2256 1938 2256 1826 2259 1699 2284 1623 2270 1620 2270 1617 2270 1614 2270 1586 2287 1538 2276 1535 2276 1533 2276 1451 2293 1417 2279 1414 2279 1411 2279 1273 2299 1271 2299 1268 2299 1180 2279 1178 2279 1175 2279 1172 2279 1147 2296 1025 2284 1023 2284 1020 2284 1017 2284 986 2307 932 2293 930 2293 927 2293 924 2293 921 2293 890 2310 890 2313 620 2318 622 2369"/></Shape>
	    <String CONTENT=""
                    HPOS="620"
                    VPOS="2237"
                    WIDTH="2085"
                    HEIGHT="166"></String>
          </TextLine>
          <TextLine ID="eSc_line_54c3e8d6"
                    TAGREFS="LT31"
                    BASELINE="611 2451 1423 2403 2663 2358" 
                    HPOS="608"
                    VPOS="2304"
                    WIDTH="2055"
                    HEIGHT="172">
            <Shape><Polygon POINTS="2601 2304 2598 2304 2553 2321 2539 2321 2184 2321 2181 2321 2178 2321 2175 2321 2158 2335 2099 2324 2096 2324 1969 2346 1964 2346 1961 2346 1837 2332 1834 2332 1736 2338 1733 2338 1730 2338 1702 2358 1648 2341 1645 2341 1643 2341 1640 2341 1575 2361 1448 2349 1445 2349 1442 2349 1406 2369 1285 2358 1282 2358 1279 2358 1225 2377 1220 2377 989 2369 986 2369 983 2369 910 2392 907 2392 890 2392 659 2389 656 2389 653 2389 608 2403 611 2451 611 2476 2660 2380 2663 2358 2660 2318 2604 2304 2601 2304"/></Shape>
	    <String CONTENT=""
                    HPOS="608"
                    VPOS="2304"
                    WIDTH="2055"
                    HEIGHT="172"></String>
          </TextLine>
          <TextLine ID="eSc_line_72f3ef1e"
                    TAGREFS="LT31"
                    BASELINE="625 2516 1535 2465 2730 2431" 
                    HPOS="622"
                    VPOS="2383"
                    WIDTH="2108"
                    HEIGHT="161">
            <Shape><Polygon POINTS="625 2516 625 2544 1798 2485 1868 2496 1871 2496 1874 2496 1879 2496 2020 2473 2730 2462 2730 2431 2725 2383 2313 2406 2268 2403 2203 2394 2201 2394 2198 2394 2155 2406 2136 2411 2113 2408 2057 2400 2054 2400 2051 2400 2029 2411 2017 2417 2006 2414 1981 2403 1978 2403 1975 2403 1806 2408 1803 2408 1800 2408 1781 2423 1778 2425 1775 2423 1758 2411 1755 2411 1752 2411 1750 2411 1586 2431 1578 2431 1572 2431 1507 2420 1504 2420 1502 2420 1440 2437 1428 2439 1420 2439 1364 2425 1361 2425 1282 2445 1273 2445 1262 2445 1147 2434 1144 2434 1141 2434 1138 2434 1113 2451 653 2456 651 2456 622 2468 625 2516"/></Shape>
	    <String CONTENT=""
                    HPOS="622"
                    VPOS="2383"
                    WIDTH="2108"
                    HEIGHT="161"></String>
          </TextLine>
          <TextLine ID="eSc_line_6fd13e03"
                    TAGREFS="LT34"
                    BASELINE="687 2558 961 2548" 
                    HPOS="687"
                    VPOS="2548"
                    WIDTH="274"
                    HEIGHT="10">
	    <String CONTENT=""
                    HPOS="687"
                    VPOS="2548"
                    WIDTH="274"
                    HEIGHT="10"></String>
          </TextLine>
          <TextLine ID="eSc_line_658c6e7e"
                    TAGREFS="LT31"
                    BASELINE="622 2597 918 2576 2674 2485" 
                    HPOS="617"
                    VPOS="2445"
                    WIDTH="2057"
                    HEIGHT="178">
            <Shape><Polygon POINTS="622 2623 921 2589 1285 2575 1321 2589 1327 2592 1330 2592 1333 2592 1335 2592 1347 2589 1397 2575 1544 2578 1555 2578 1558 2578 1561 2578 1564 2578 1589 2561 1645 2575 1657 2575 1659 2575 1662 2575 1676 2572 1752 2552 1924 2558 1936 2558 1938 2558 1950 2558 2088 2538 2136 2547 2161 2552 2164 2552 2274 2547 2277 2547 2279 2547 2279 2544 2285 2541 2296 2530 2387 2535 2460 2538 2463 2538 2511 2527 2581 2513 2671 2518 2674 2485 2668 2445 2203 2454 2201 2454 2155 2468 2153 2468 2150 2468 2088 2456 2085 2456 1984 2476 1975 2476 1972 2476 1899 2465 1896 2465 1817 2482 1761 2470 1758 2470 1755 2470 1716 2487 1716 2490 1502 2499 1499 2499 1465 2485 1462 2485 1459 2485 1457 2485 1389 2504 1386 2504 1380 2504 1333 2490 1330 2490 1327 2490 1056 2518 1028 2521 1023 2521 986 2507 983 2507 980 2507 687 2521 684 2521 617 2538 622 2597"/></Shape>
	    <String CONTENT=""
                    HPOS="617"
                    VPOS="2445"
                    WIDTH="2057"
                    HEIGHT="178"></String>
          </TextLine>
          <TextLine ID="eSc_line_f13d69d4"
                    TAGREFS="LT31"
                    BASELINE="614 2665 1659 2600 2705 2558" 
                    HPOS="611"
                    VPOS="2516"
                    WIDTH="2094"
                    HEIGHT="166">
            <Shape><Polygon POINTS="614 2665 614 2682 2705 2592 2705 2558 2699 2516 2412 2530 2401 2530 2310 2518 2308 2518 2155 2541 2139 2544 2133 2544 2088 2530 2085 2530 2082 2530 1761 2561 1643 2552 1640 2552 1434 2580 1411 2580 1383 2580 1093 2580 1090 2580 1087 2580 1023 2600 1017 2600 1014 2600 938 2589 935 2589 932 2589 862 2609 856 2611 611 2620 614 2665"/></Shape>
	    <String CONTENT=""
                    HPOS="611"
                    VPOS="2516"
                    WIDTH="2094"
                    HEIGHT="166"></String>
          </TextLine>
          <TextLine ID="eSc_line_aea58ff6"
                    TAGREFS="LT31"
                    BASELINE="605 2744 915 2713 1403 2685 2319 2648 2719 2642" 
                    HPOS="603"
                    VPOS="2583"
                    WIDTH="2116"
                    HEIGHT="180">
            <Shape><Polygon POINTS="605 2744 605 2763 901 2741 983 2749 986 2749 989 2749 1039 2732 1130 2741 1132 2741 1242 2721 1482 2727 1490 2727 1493 2727 1507 2727 1814 2693 2719 2670 2719 2642 2711 2583 2553 2600 2533 2592 2519 2583 2516 2583 2513 2583 2511 2583 2491 2592 2465 2606 2353 2609 2277 2603 2192 2597 2189 2597 2186 2597 2141 2609 2108 2620 2088 2611 2062 2603 2060 2603 2057 2603 2054 2603 2015 2617 1992 2623 1958 2620 1893 2611 1891 2611 1888 2611 1885 2611 1868 2623 1857 2631 1820 2625 1781 2620 1778 2620 1775 2620 1747 2628 1724 2637 1645 2634 1482 2628 1479 2628 1476 2628 1431 2645 1411 2651 1364 2648 1225 2639 1223 2639 1220 2639 1161 2659 1147 2662 1085 2662 884 2659 882 2659 879 2659 845 2673 839 2679 603 2685 605 2744"/></Shape>
	    <String CONTENT=""
                    HPOS="603"
                    VPOS="2583"
                    WIDTH="2116"
                    HEIGHT="180"></String>
          </TextLine>
          <TextLine ID="eSc_line_25bd0e59"
                    TAGREFS="LT31"
                    BASELINE="620 2811 1967 2738 2699 2724" 
                    HPOS="614"
                    VPOS="2662"
                    WIDTH="2085"
                    HEIGHT="178">
            <Shape><Polygon POINTS="620 2811 620 2840 1657 2780 1758 2792 1772 2792 1775 2792 1778 2792 1783 2789 1843 2772 1933 2783 1944 2783 1947 2783 1950 2783 1955 2783 2020 2763 2068 2778 2074 2778 2077 2778 2079 2778 2096 2775 2215 2755 2288 2766 2291 2766 2294 2766 2296 2766 2350 2749 2699 2749 2699 2724 2694 2665 2584 2662 2581 2662 2578 2662 2527 2673 2496 2682 2463 2679 2403 2670 2401 2670 2398 2670 2395 2670 2384 2682 2378 2685 2370 2682 2333 2673 2330 2673 2327 2673 2325 2673 2271 2687 2246 2693 2215 2690 2136 2682 2133 2682 2130 2682 2085 2696 2071 2701 2060 2699 2026 2687 2023 2687 2020 2687 1936 2704 1930 2704 1924 2704 1834 2696 1831 2696 1829 2696 1826 2696 1806 2710 1803 2713 1795 2713 1741 2701 1738 2701 1643 2718 1628 2721 1626 2721 1600 2707 1597 2707 1595 2707 1465 2713 1462 2713 1417 2730 1417 2732 1152 2744 1149 2744 1107 2730 1104 2730 1101 2730 1099 2730 1056 2747 822 2747 820 2747 817 2747 814 2747 794 2761 696 2749 693 2749 690 2749 614 2769 620 2811"/></Shape>
	    <String CONTENT=""
                    HPOS="614"
                    VPOS="2662"
                    WIDTH="2085"
                    HEIGHT="178"></String>
          </TextLine>
          <TextLine ID="eSc_line_c8dce509"
                    TAGREFS="LT31"
                    BASELINE="608 2893 1054 2859 1950 2817 2713 2803" 
                    HPOS="605"
                    VPOS="2738"
                    WIDTH="2108"
                    HEIGHT="180">
            <Shape><Polygon POINTS="608 2893 608 2918 1172 2879 1592 2879 1657 2879 1657 2876 1688 2873 1871 2851 1972 2862 1992 2862 1995 2862 1998 2862 2003 2859 2031 2845 2119 2856 2139 2856 2141 2856 2161 2854 2240 2837 2327 2845 2356 2848 2358 2848 2409 2842 2573 2823 2711 2828 2713 2803 2711 2752 2623 2738 2620 2738 2618 2738 2547 2758 2544 2758 2542 2758 2511 2747 2508 2747 2505 2747 2358 2766 2341 2766 2336 2766 2279 2752 2277 2752 2274 2752 2203 2755 2201 2755 2198 2755 2198 2758 2181 2772 2172 2772 1995 2763 1992 2763 1888 2783 1885 2783 1820 2772 1817 2772 1814 2772 1781 2789 1778 2789 1750 2789 1504 2783 1502 2783 1375 2806 1358 2809 1307 2809 901 2809 899 2809 605 2834 608 2893"/></Shape>
	    <String CONTENT=""
                    HPOS="605"
                    VPOS="2738"
                    WIDTH="2108"
                    HEIGHT="180"></String>
          </TextLine>
          <TextLine ID="eSc_line_dd6d716f"
                    TAGREFS="LT31"
                    BASELINE="603 2972 2124 2890 2465 2879 2668 2888 2712 2893 2727 2895" 
                    HPOS="600"
                    VPOS="2828"
                    WIDTH="2122"
                    HEIGHT="175">
            <Shape><Polygon POINTS="715 2989 724 2992 766 3003 769 3003 772 3003 992 2980 1118 2966 1186 2972 1273 2978 1276 2978 1279 2978 1316 2966 1349 2955 1490 2958 1612 2961 1614 2961 1617 2961 1640 2952 1674 2938 1721 2949 1747 2952 1750 2952 1752 2952 1755 2952 1764 2947 1786 2933 1803 2944 1806 2947 1809 2947 1812 2947 1814 2947 1834 2944 1899 2930 1981 2938 2003 2938 2006 2938 2026 2935 2124 2916 2229 2927 2243 2927 2246 2927 2265 2924 2401 2904 2443 2918 2449 2918 2451 2918 2454 2918 2722 2904 2722 2890 2713 2828 2271 2848 2248 2845 2164 2834 2161 2834 2158 2834 2108 2851 2096 2856 2088 2854 2060 2840 2057 2840 2054 2840 1933 2859 1876 2868 1840 2862 1769 2854 1767 2854 1688 2871 1637 2879 1572 2873 1490 2868 1488 2868 1485 2868 1457 2879 1428 2890 1369 2882 1318 2876 1316 2876 1313 2876 1279 2887 1242 2899 1011 2899 870 2899 868 2899 865 2899 851 2904 808 2924 698 2927 600 2916 603 2972 603 2992"/></Shape>
	    <String CONTENT=""
                    HPOS="600"
                    VPOS="2828"
                    WIDTH="2122"
                    HEIGHT="175"></String>
          </TextLine>
          <TextLine ID="eSc_line_35ec7d6f"
                    TAGREFS="LT31"
                    BASELINE="603 3047 2144 2961 2697 2944" 
                    HPOS="600"
                    VPOS="2899"
                    WIDTH="2097"
                    HEIGHT="183">
            <Shape><Polygon POINTS="605 3082 676 3056 741 3056 769 3073 772 3073 775 3073 777 3073 789 3073 901 3045 1138 3040 1166 3051 1175 3054 1178 3054 1180 3054 1451 3040 1454 3040 1465 3034 1496 3020 1609 3025 1662 3028 1665 3028 1702 3020 1758 3009 1809 3014 1831 3017 1834 3017 1902 3009 2051 2992 2088 3000 2108 3003 2110 3003 2178 2995 2277 2980 2316 2986 2350 2992 2353 2992 2356 2992 2358 2992 2370 2983 2378 2978 2398 2980 2446 2992 2449 2992 2697 2964 2697 2944 2694 2899 2378 2899 2375 2899 2217 2921 2201 2924 2158 2924 1738 2930 1736 2930 1679 2947 1674 2947 1631 2935 1628 2935 1626 2935 1623 2935 1566 2952 1561 2952 1547 2952 1397 2947 1395 2947 1392 2947 1389 2947 1366 2961 1364 2961 1282 2952 1279 2952 1276 2952 1225 2969 1220 2969 1189 2969 972 2969 969 2969 600 2997 603 3040"/></Shape>
	    <String CONTENT=""
                    HPOS="600"
                    VPOS="2899"
                    WIDTH="2097"
                    HEIGHT="183"></String>
          </TextLine>
          <TextLine ID="eSc_line_3e843da6"
                    TAGREFS="LT31"
                    BASELINE="608 3113 2440 3028" 
                    HPOS="603"
                    VPOS="2980"
                    WIDTH="1837"
                    HEIGHT="164">
            <Shape><Polygon POINTS="608 3113 608 3144 791 3138 794 3138 797 3138 797 3135 811 3124 896 3133 899 3133 901 3133 977 3113 1093 3124 1096 3124 1099 3124 1101 3124 1101 3121 1116 3110 1240 3116 1242 3116 1245 3116 1248 3116 1248 3113 1262 3102 1623 3102 1623 3099 1769 3076 1879 3087 1882 3087 2133 3059 2153 3073 2155 3073 2158 3073 2161 3073 2265 3054 2288 3068 2291 3068 2294 3068 2296 3068 2299 3068 2347 3054 2437 3062 2440 3028 2434 2986 2195 2980 2192 2980 2082 3003 2065 3006 2012 3006 1713 3003 1710 3003 1707 3003 1671 3023 1651 3006 1648 3006 1645 3006 1643 3006 1640 3006 1586 3025 1575 3031 1183 3045 1169 3045 1096 3031 1093 3031 975 3037 972 3037 969 3037 969 3040 952 3054 949 3056 941 3054 893 3042 890 3042 887 3042 884 3042 853 3059 842 3065 603 3068 608 3113"/></Shape>
	    <String CONTENT=""
                    HPOS="603"
                    VPOS="2980"
                    WIDTH="1837"
                    HEIGHT="164"></String>
          </TextLine>
          <TextLine ID="eSc_line_9498fae6"
                    TAGREFS="LT31"
                    BASELINE="631 3195 1612 3141 2680 3113" 
                    HPOS="625"
                    VPOS="3054"
                    WIDTH="2055"
                    HEIGHT="172">
            <Shape><Polygon POINTS="631 3195 631 3226 924 3195 1070 3192 1104 3206 1107 3206 1110 3206 1113 3206 1116 3206 1138 3189 1251 3197 1254 3197 1256 3197 1259 3197 1282 3183 1462 3189 1465 3189 1634 3169 2012 3169 2015 3169 2017 3169 2065 3152 2130 3166 2133 3166 2136 3166 2141 3166 2282 3144 2677 3144 2680 3113 2674 3068 2491 3071 2426 3054 2423 3054 2420 3054 2418 3054 2356 3076 2341 3079 2316 3076 2257 3071 2254 3071 2251 3071 2223 3079 2203 3085 2184 3082 2147 3073 2144 3073 2006 3085 1919 3093 1899 3087 1851 3076 1848 3076 1845 3076 1693 3085 1690 3085 1688 3085 1674 3096 1662 3104 1626 3096 1578 3087 1575 3087 1572 3087 1533 3099 1488 3113 1448 3102 1420 3093 1417 3093 1414 3093 1344 3096 1341 3096 1338 3096 1327 3104 1307 3118 1256 3107 1237 3104 1234 3104 1231 3104 1223 3107 1189 3124 1124 3110 1099 3107 1096 3107 1093 3107 1076 3113 1023 3130 986 3116 980 3113 977 3113 975 3113 870 3118 868 3118 865 3118 845 3135 791 3121 789 3121 786 3121 783 3121 780 3121 780 3124 758 3141 625 3127 631 3195"/></Shape>
	    <String CONTENT=""
                    HPOS="625"
                    VPOS="3054"
                    WIDTH="2055"
                    HEIGHT="172"></String>
          </TextLine>
          <TextLine ID="eSc_line_12cd2966"
                    TAGREFS="LT31"
                    BASELINE="614 3259 2150 3197 2657 3192" 
                    HPOS="611"
                    VPOS="3135"
                    WIDTH="2046"
                    HEIGHT="155">
            <Shape><Polygon POINTS="614 3259 614 3285 834 3290 837 3290 839 3290 842 3290 859 3279 870 3271 910 3276 969 3285 972 3285 1028 3273 1076 3262 1138 3268 1211 3276 1214 3276 1217 3276 1248 3265 1273 3257 1386 3259 1454 3262 1457 3262 1459 3262 1479 3257 1527 3245 1566 3254 1586 3259 1589 3259 1592 3259 1651 3251 1719 3242 1764 3248 1806 3254 1809 3254 1812 3254 1814 3254 1814 3251 1820 3245 1834 3231 1972 3228 2065 3237 2113 3242 2116 3242 2212 3234 2418 3211 2446 3226 2451 3228 2454 3228 2457 3228 2657 3217 2657 3192 2649 3138 2457 3149 2443 3144 2418 3135 2415 3135 2412 3135 2409 3135 2358 3149 2327 3155 2282 3152 2195 3144 2192 3144 2124 3158 2093 3164 2068 3161 2015 3152 2012 3152 2009 3152 1975 3164 1955 3169 1910 3166 1829 3161 1826 3161 1823 3161 1820 3161 1809 3169 1803 3175 1724 3175 1516 3169 1513 3169 1445 3186 1426 3189 1400 3186 1321 3178 1318 3178 1316 3178 1285 3192 1276 3195 1240 3195 1118 3186 1116 3186 1045 3200 1031 3203 1014 3203 913 3192 910 3192 907 3192 904 3192 882 3209 876 3211 611 3217 614 3259"/></Shape>
	    <String CONTENT=""
                    HPOS="611"
                    VPOS="3135"
                    WIDTH="2046"
                    HEIGHT="155"></String>
          </TextLine>
          <TextLine ID="eSc_line_ae2313fd"
                    TAGREFS="LT31"
                    BASELINE="617 3321 2657 3265" 
                    HPOS="614"
                    VPOS="3223"
                    WIDTH="2043"
                    HEIGHT="132">
            <Shape><Polygon POINTS="617 3321 617 3355 2246 3299 2257 3302 2282 3313 2285 3313 2288 3313 2406 3299 2547 3307 2550 3307 2657 3288 2657 3265 2651 3228 2246 3223 2243 3223 2102 3240 2057 3228 2054 3228 2051 3228 1930 3245 1916 3248 614 3276 617 3321"/></Shape>
	    <String CONTENT=""
                    HPOS="614"
                    VPOS="3223"
                    WIDTH="2043"
                    HEIGHT="132"></String>
          </TextLine>
        </TextBlock>
        <TextBlock HPOS="240"
                   VPOS="33"
                   WIDTH="264"
                   HEIGHT="187"
                   ID="eSc_textblock_84c9d7b7"
                   TAGREFS="BT44">
          <Shape><Polygon POINTS="240 33 240 220 504 220 504 33"/></Shape>
        </TextBlock>
        <TextBlock HPOS="83"
                   VPOS="1125"
                   WIDTH="454"
                   HEIGHT="110"
                   ID="eSc_textblock_ced1085a"
                   TAGREFS="BT43">
          <Shape><Polygon POINTS="103 1125 83 1235 537 1235 534 1136"/></Shape>
        </TextBlock>
        <TextBlock ID="eSc_dummyblock_">
          <TextLine ID="eSc_line_0fceb842"
                    TAGREFS="LT31"
                    BASELINE="273 109 476 113" 
                    HPOS="290"
                    VPOS="67"
                    WIDTH="177"
                    HEIGHT="133">
            <Shape><Polygon POINTS="400 67 372 67 352 67 304 70 290 78 295 123 301 180 377 200 380 200 383 200 467 174 462 107 453 67 428 67"/></Shape>
	    <String CONTENT=""
                    HPOS="290"
                    VPOS="67"
                    WIDTH="177"
                    HEIGHT="133"></String>
          </TextLine>
          <TextLine ID="eSc_line_74c3f9d0"
                    TAGREFS="LT31"
                    BASELINE="135 1191 527 1186" 
                    HPOS="132"
                    VPOS="1146"
                    WIDTH="395"
                    HEIGHT="82">
            <Shape><Polygon POINTS="498 1163 470 1163 442 1166 414 1166 386 1169 357 1172 329 1172 301 1174 273 1177 245 1177 217 1186 188 1183 186 1146 132 1146 135 1191 135 1228 524 1219 527 1186 521 1160 498 1163"/></Shape>
	    <String CONTENT=""
                    HPOS="132"
                    VPOS="1146"
                    WIDTH="395"
                    HEIGHT="82"></String>
          </TextLine>
        </TextBlock>
      </PrintSpace>
    </Page>
  </Layout>
</alto>
