<?xml version="1.0" encoding="UTF-8"?>
<alto xmlns:xsi="http://www.w3.org/2001/XMLSchema-instance"
      xmlns="http://www.loc.gov/standards/alto/ns-v4#"
      xsi:schemaLocation="http://www.loc.gov/standards/alto/ns-v4# http://www.loc.gov/standards/alto/v4/alto-4-2.xsd">
  <Description>
    <MeasurementUnit>pixel</MeasurementUnit>
    <sourceImageInformation>
      <fileName>ARCH-DIV-000496_0122.png</fileName>
    </sourceImageInformation>
  </Description>
  <Tags>
    <OtherTag ID="BT42" LABEL="MainZone" DESCRIPTION="block type MainZone"/><OtherTag ID="BT43" LABEL="MarginTextZone" DESCRIPTION="block type MarginTextZone"/><OtherTag ID="BT44" LABEL="NumberingZone" DESCRIPTION="block type NumberingZone"/><OtherTag ID="BT45" LABEL="TitlePageZone" DESCRIPTION="block type TitlePageZone"/><OtherTag ID="BT46" LABEL="CustomZone:Numbering" DESCRIPTION="block type CustomZone:Numbering"/><OtherTag ID="BT49" LABEL="MarginTextZone:lower" DESCRIPTION="block type MarginTextZone:lower"/>
    <OtherTag ID="LT25" LABEL="default" DESCRIPTION="line type default"/><OtherTag ID="LT31" LABEL="DefaultLine" DESCRIPTION="line type DefaultLine"/><OtherTag ID="LT32" LABEL="HeadingLine" DESCRIPTION="line type HeadingLine"/><OtherTag ID="LT33" LABEL="InterlinearLine:addition" DESCRIPTION="line type InterlinearLine:addition"/><OtherTag ID="LT34" LABEL="InterlinearLine:correction" DESCRIPTION="line type InterlinearLine:correction"/>
  </Tags>
  <Layout>
    <Page WIDTH="2790"
          HEIGHT="3324"
          PHYSICAL_IMG_NR="121"
          ID="eSc_dummypage_">
      <PrintSpace HPOS="0"
                  VPOS="0"
                  WIDTH="2790"
                  HEIGHT="3324">
        <TextBlock HPOS="505"
                   VPOS="6"
                   WIDTH="2245"
                   HEIGHT="3293"
                   ID="b9533001-ff16-4a0b-be20-603423ac52f6"
                   TAGREFS="BT42">
          <Shape><Polygon POINTS="2750 6 2750 3299 505 3299 505 6"/></Shape>
          <TextLine ID="eSc_line_ed4fbb1e"
                    TAGREFS="LT31"
                    BASELINE="631 91 1493 74 2731 80" 
                    HPOS="628"
                    VPOS="24"
                    WIDTH="2103"
                    HEIGHT="84">
            <Shape><Polygon POINTS="2706 41 2679 41 2651 41 2623 41 2596 41 2568 41 2540 38 2512 38 2485 38 2457 38 2429 38 2402 38 2374 36 2346 36 2330 36 2318 38 2316 38 2313 38 2299 36 2291 36 2263 36 2235 36 2208 36 2180 33 2152 33 2125 33 2097 33 2069 33 2041 33 2014 33 1994 30 1706 38 1576 24 1573 24 833 41 714 30 712 30 684 30 673 30 640 38 628 49 631 91 631 102 2726 108 2731 80 2729 41 2706 41"/></Shape>
	    <String CONTENT="dlénonatié. Ce serait les ravaler et se ravaler soi-meme ques de"
                    HPOS="628"
                    VPOS="24"
                    WIDTH="2103"
                    HEIGHT="84"
                    WC="0.9724955153651536"></String>
          </TextLine>
          <TextLine ID="eSc_line_f8ff79fa"
                    TAGREFS="LT31"
                    BASELINE="626 163 1579 141 2737 146" 
                    HPOS="623"
                    VPOS="88"
                    WIDTH="2114"
                    HEIGHT="100">
            <Shape><Polygon POINTS="626 163 626 188 1069 171 1238 185 1260 185 1263 185 1266 185 1271 185 1313 171 1512 182 1534 182 1537 182 1540 182 1543 182 1568 168 1745 180 1789 182 1792 182 2011 180 2014 180 2017 180 2036 166 2138 177 2169 180 2172 180 2174 180 2180 177 2202 166 2731 171 2737 146 2734 105 2377 105 2343 88 2341 88 2338 88 2335 88 2332 88 2310 102 1936 91 1933 91 1792 108 1562 94 1559 94 1557 94 1554 94 1529 108 1268 96 1266 96 1113 110 1047 96 1044 96 950 116 623 116 626 163"/></Shape>
	    <String CONTENT="n&#x27;attribuer lur conduite qu&#x27;à &lt;.......l. t&#x27;égoisme de classe. L&#x27;auttou¬"
                    HPOS="623"
                    VPOS="88"
                    WIDTH="2114"
                    HEIGHT="100"
                    WC="0.9662475834290186"></String>
          </TextLine>
          <TextLine ID="eSc_line_094b8542"
                    TAGREFS="LT31"
                    BASELINE="623 232 1027 218 2720 204" 
                    HPOS="620"
                    VPOS="152"
                    WIDTH="2100"
                    HEIGHT="105">
            <Shape><Polygon POINTS="623 232 623 257 2720 227 2720 204 2712 152 2632 168 2438 155 2366 152 2363 152 2266 160 2108 171 2053 163 2017 157 2014 157 2011 157 2008 157 2000 163 1986 174 1859 166 1789 163 1787 163 1784 163 1767 168 1742 177 1720 168 1695 160 1692 160 1690 160 1687 160 1684 160 1673 171 1662 177 1626 171 1576 163 1573 163 1570 163 1568 163 1559 171 1551 180 1365 180 1357 177 1343 163 1340 163 1338 163 1199 163 1196 163 620 188 623 232"/></Shape>
	    <String CONTENT="siasme dont ils firent pieuve serait incomprétensible s&#x27;il me n&#x27;avait"
                    HPOS="620"
                    VPOS="152"
                    WIDTH="2100"
                    HEIGHT="105"
                    WC="0.9956062902574954"></String>
          </TextLine>
          <TextLine ID="eSc_line_7ad539ca"
                    TAGREFS="LT31"
                    BASELINE="626 307 1568 282 2717 277" 
                    HPOS="623"
                    VPOS="224"
                    WIDTH="2094"
                    HEIGHT="105">
            <Shape><Polygon POINTS="626 307 626 329 2717 301 2717 277 2712 227 2443 224 2440 224 2438 224 2415 229 2391 238 2366 232 2332 224 2330 224 2327 224 2324 224 2288 232 2258 240 2127 235 1944 229 1942 229 1872 240 1836 246 1784 243 1651 232 1648 232 1645 232 1609 246 1598 249 1568 246 1454 235 1451 235 1268 252 1232 257 1074 257 1055 257 1038 240 1036 240 1033 240 1030 240 950 257 947 257 944 257 748 246 745 246 623 263 626 307"/></Shape>
	    <String CONTENT="jaillé spoutanément de leur attachement commmen a cette consti¬"
                    HPOS="623"
                    VPOS="224"
                    WIDTH="2094"
                    HEIGHT="105"
                    WC="0.9955313650388566"></String>
          </TextLine>
          <TextLine ID="eSc_line_e7bb5159"
                    TAGREFS="LT31"
                    BASELINE="612 376 2673 340" 
                    HPOS="609"
                    VPOS="288"
                    WIDTH="2064"
                    HEIGHT="124">
            <Shape><Polygon POINTS="612 376 612 396 889 412 892 412 975 393 986 390 994 393 1030 407 1033 407 1036 407 1038 407 1074 390 1086 387 1119 390 1244 407 1246 407 1424 387 1457 385 1498 387 1687 398 1690 398 1692 398 1731 385 1751 376 1770 382 1795 393 1798 393 1800 393 1870 382 1922 373 1950 382 1992 393 1994 393 1997 393 2000 393 2025 379 2044 371 2363 371 2374 376 2385 385 2388 385 2391 385 2393 385 2396 385 2415 376 2427 371 2449 373 2504 385 2507 385 2670 371 2673 340 2665 288 2349 307 2238 296 2194 293 2191 293 2188 293 2186 293 2180 299 2163 310 2102 301 2086 299 2083 299 2080 299 2069 301 2019 313 1875 307 1775 301 1773 301 1770 301 1745 310 1712 318 1662 310 1612 304 1609 304 1606 304 1579 313 1551 321 1523 315 1493 307 1490 307 1487 307 1288 321 1183 326 1124 324 955 315 953 315 950 315 922 329 917 332 889 329 764 318 761 318 759 318 700 335 698 335 695 335 651 321 648 321 645 321 642 321 609 332 612 376"/></Shape>
	    <String CONTENT="tution &lt;..... .&gt; dans laquelle ils voyaient, avec une égale"
                    HPOS="609"
                    VPOS="288"
                    WIDTH="2064"
                    HEIGHT="124"
                    WC="0.9844874608314643"></String>
          </TextLine>
          <TextLine ID="eSc_line_b02498f2"
                    TAGREFS="LT31"
                    BASELINE="595 448 2687 398" 
                    HPOS="592"
                    VPOS="349"
                    WIDTH="2095"
                    HEIGHT="124">
            <Shape><Polygon POINTS="595 448 595 473 2684 429 2687 398 2679 349 2213 373 2125 362 2122 362 2119 362 2091 376 1775 371 1773 371 1629 387 1307 382 1304 382 1302 382 1299 382 1280 396 1171 385 1169 385 1036 401 936 390 933 390 930 390 700 409 592 398 595 448"/></Shape>
	    <String CONTENT="sincérité, le seul régime digne d&#x27;un peuple libre et la plus laute"
                    HPOS="592"
                    VPOS="349"
                    WIDTH="2095"
                    HEIGHT="124"
                    WC="0.9994149695743214"></String>
          </TextLine>
          <TextLine ID="eSc_line_f980dd69"
                    TAGREFS="LT31"
                    BASELINE="617 512 2723 481" 
                    HPOS="615"
                    VPOS="432"
                    WIDTH="2108"
                    HEIGHT="113">
            <Shape><Polygon POINTS="617 512 617 545 809 531 939 542 953 542 955 542 1061 540 1903 517 2116 526 2122 526 2125 526 2127 526 2130 526 2152 512 2313 523 2316 523 2318 523 2321 523 2324 523 2349 506 2529 506 2717 517 2723 481 2717 448 2532 432 2529 432 2526 432 2524 432 2501 448 2393 434 2391 434 2388 434 2332 451 2191 437 2188 437 2186 437 2183 437 2166 451 2014 440 2011 440 2008 440 1975 454 1881 443 1878 443 1875 443 1828 459 1501 462 1471 462 1382 448 1379 448 1376 448 1374 448 1354 465 1352 465 1349 465 1244 451 1241 451 1238 451 1183 468 1036 468 1016 454 1014 454 1011 454 1008 454 1005 454 1002 454 986 470 983 470 955 470 700 459 698 459 615 473 617 512"/></Shape>
	    <String CONTENT="raison d&#x27;être de l&#x27;indépendance nationale. Les riputlicains eux¬"
                    HPOS="615"
                    VPOS="432"
                    WIDTH="2108"
                    HEIGHT="113"
                    WC="0.9946777271106839"></String>
          </TextLine>
          <TextLine ID="eSc_line_91ff95bd"
                    TAGREFS="LT31"
                    BASELINE="612 578 2668 545" 
                    HPOS="609"
                    VPOS="501"
                    WIDTH="2059"
                    HEIGHT="108">
            <Shape><Polygon POINTS="612 578 612 598 950 609 953 609 1135 592 1216 603 1219 603 1460 601 1462 601 1496 587 2255 587 2258 587 2352 573 2590 581 2593 581 2668 565 2668 545 2662 509 2327 501 2324 501 1756 523 1739 523 1737 523 1640 512 1637 512 1501 526 1476 515 1473 515 1471 515 1468 515 1465 515 1449 529 1443 529 1302 517 1299 517 1296 517 1268 531 1266 531 1166 520 1163 520 1044 534 953 523 950 523 609 542 612 578"/></Shape>
	    <String CONTENT="mêmes ne songeaient pas à l&#x27;attaquer et le respect qu&#x27;ils avaient"
                    HPOS="609"
                    VPOS="501"
                    WIDTH="2059"
                    HEIGHT="108"
                    WC="0.9900123323455001"></String>
          </TextLine>
          <TextLine ID="eSc_line_3be37272"
                    TAGREFS="LT31"
                    BASELINE="617 648 911 634 2717 612" 
                    HPOS="615"
                    VPOS="578"
                    WIDTH="2102"
                    HEIGHT="95">
            <Shape><Polygon POINTS="617 648 617 673 2717 645 2717 612 2712 578 1457 578 1454 578 1033 598 825 587 822 587 820 587 817 587 800 603 615 603 617 648"/></Shape>
	    <String CONTENT="pour elle &lt;...&gt; est une des causes de leur impuissance. En se"
                    HPOS="615"
                    VPOS="578"
                    WIDTH="2102"
                    HEIGHT="95"
                    WC="0.9799809924891738"></String>
          </TextLine>
          <TextLine ID="eSc_line_b17f9c58"
                    TAGREFS="LT31"
                    BASELINE="606 714 2709 675" 
                    HPOS="603"
                    VPOS="637"
                    WIDTH="2106"
                    HEIGHT="105">
            <Shape><Polygon POINTS="606 714 606 739 919 728 953 736 978 742 980 742 983 742 1025 734 1077 725 1216 731 1324 736 1327 736 1329 736 1352 731 1385 720 1631 725 1762 728 1764 728 1828 722 1975 709 2144 717 2188 720 2191 720 2213 717 2302 703 2349 714 2357 717 2360 717 2363 717 2366 717 2374 714 2424 700 2446 714 2449 714 2451 714 2454 714 2706 709 2709 675 2704 639 2105 637 2102 637 2100 637 2097 637 2086 645 2077 653 1612 659 1545 650 1504 648 1501 648 1443 653 1335 664 1244 656 1216 653 1213 653 1210 653 1205 656 1180 667 942 659 905 659 903 659 900 659 894 659 842 673 603 664 606 714"/></Shape>
	    <String CONTENT="bormant à revandiquer le suffrage inniversel, que le peuple ne de¬"
                    HPOS="603"
                    VPOS="637"
                    WIDTH="2106"
                    HEIGHT="105"
                    WC="0.9933301575148283"></String>
          </TextLine>
          <TextLine ID="eSc_line_589bb7a7"
                    TAGREFS="LT31"
                    BASELINE="595 778 2715 739" 
                    HPOS="592"
                    VPOS="686"
                    WIDTH="2123"
                    HEIGHT="108">
            <Shape><Polygon POINTS="595 778 595 794 2712 764 2715 739 2706 686 2535 706 2263 698 2260 698 2258 698 2255 698 2233 714 2050 714 1989 703 1975 700 1972 700 1969 700 1964 703 1931 720 1698 720 1673 709 1662 706 1659 706 1656 706 1654 706 1651 706 1645 711 1626 722 1540 711 1496 709 1493 709 1490 709 1471 714 1443 722 1390 717 1346 711 1343 711 1304 717 1249 728 1149 722 1069 717 1066 717 1063 717 1061 717 1050 725 1033 734 958 725 889 720 886 720 883 720 856 728 839 736 592 736 595 778"/></Shape>
	    <String CONTENT="mandait pas et la serbstitution de la répsblique a une monarchie"
                    HPOS="592"
                    VPOS="686"
                    WIDTH="2123"
                    HEIGHT="108"
                    WC="0.9962406642735004"></String>
          </TextLine>
          <TextLine ID="eSc_line_1b603262"
                    TAGREFS="LT34"
                    BASELINE="2036 788 2442 777" 
                    HPOS="2036"
                    VPOS="777"
                    WIDTH="406"
                    HEIGHT="11">
	    <String CONTENT=""
                    HPOS="2036"
                    VPOS="777"
                    WIDTH="406"
                    HEIGHT="11"></String>
          </TextLine>
          <TextLine ID="eSc_line_4736b6b8"
                    TAGREFS="LT31"
                    BASELINE="603 850 2704 800" 
                    HPOS="601"
                    VPOS="758"
                    WIDTH="2103"
                    HEIGHT="133">
            <Shape><Polygon POINTS="603 850 603 891 728 869 850 883 853 883 856 883 858 883 883 869 1232 875 1282 875 1285 875 1302 872 1424 855 1509 867 1529 869 1532 869 1620 864 1886 847 1936 855 1956 858 1958 858 1961 858 1972 855 2022 839 2163 850 2183 850 2186 850 2246 847 2593 825 2698 833 2704 800 2698 764 2116 758 2113 758 2000 761 1997 761 1994 761 1972 778 1886 764 1884 764 1881 764 1831 781 1748 770 1745 770 1742 770 1739 770 1717 786 1476 789 1424 775 1421 775 1418 775 1249 794 1188 781 1185 781 1183 781 1180 781 1147 797 958 789 955 789 803 806 767 792 764 792 761 792 601 811 603 850"/></Shape>
	    <String CONTENT="&lt;....... .. qu.&gt; conce¬"
                    HPOS="601"
                    VPOS="758"
                    WIDTH="2103"
                    HEIGHT="133"
                    WC="0.909140363983486"></String>
          </TextLine>
          <TextLine ID="eSc_line_f509fc58"
                    TAGREFS="LT31"
                    BASELINE="601 919 706 915 706 915 794 892 794 915 1933 894 2673 861" 
                    HPOS="598"
                    VPOS="819"
                    WIDTH="2075"
                    HEIGHT="133">
            <Shape><Polygon POINTS="601 952 1047 930 1102 939 1144 944 1147 944 1149 944 1152 944 1160 936 1174 927 1219 936 1263 941 1266 941 2255 916 2258 916 2316 900 2324 900 2343 900 2474 911 2476 911 2479 911 2482 911 2501 894 2504 891 2673 889 2673 861 2665 819 2435 825 2432 825 2429 825 2407 839 2327 828 2313 828 2310 828 2307 828 2305 828 2305 831 2280 844 2028 839 1931 836 1928 836 1925 836 1922 836 1917 842 1895 858 1742 858 1723 847 1715 842 1712 842 1709 842 1706 842 1665 850 1584 864 1521 853 1493 850 1490 850 1487 850 1485 850 1485 853 1482 855 1468 869 1135 875 1119 867 1108 858 1105 858 1102 858 1099 858 1014 869 922 880 875 872 817 864 814 864 598 880 601 919"/></Shape>
	    <String CONTENT="vaisitcomme une &quot; monarchie républicaime&quot; ils en étaient"
                    HPOS="598"
                    VPOS="819"
                    WIDTH="2075"
                    HEIGHT="133"
                    WC="0.9898930777396474"></String>
          </TextLine>
          <TextLine ID="eSc_line_3e49fb1c"
                    TAGREFS="LT31"
                    BASELINE="590 991 2701 936" 
                    HPOS="587"
                    VPOS="886"
                    WIDTH="2114"
                    HEIGHT="127">
            <Shape><Polygon POINTS="590 991 590 1013 2701 969 2701 936 2695 900 2488 886 2485 886 2374 905 2349 908 2332 905 2266 891 2263 891 2260 891 2208 908 2205 908 2174 908 1870 903 1867 903 1778 916 1726 925 1706 919 1681 908 1678 908 1676 908 1673 908 1648 919 1629 927 1587 919 1548 914 1545 914 1543 914 1540 914 1532 922 1518 933 587 939 590 991"/></Shape>
	    <String CONTENT="réduits à un programme vraiement trop étroit pour s&#x27;impo¬"
                    HPOS="587"
                    VPOS="886"
                    WIDTH="2114"
                    HEIGHT="127"
                    WC="0.9884605191904923"></String>
          </TextLine>
          <TextLine ID="eSc_line_3689aab7"
                    TAGREFS="LT31"
                    BASELINE="584 1058 2726 1002" 
                    HPOS="581"
                    VPOS="950"
                    WIDTH="2145"
                    HEIGHT="135">
            <Shape><Polygon POINTS="584 1058 584 1085 2726 1038 2726 1002 2717 950 2573 966 2524 955 2521 955 2518 955 2515 955 2512 955 2493 969 2407 958 2399 958 2396 958 2393 958 2391 958 2371 975 581 1013 584 1058"/></Shape>
	    <String CONTENT="ser. &lt;.......&gt;. Les Français eux-mêmes ne constataints"
                    HPOS="581"
                    VPOS="950"
                    WIDTH="2145"
                    HEIGHT="135"
                    WC="0.9745946449262125"></String>
          </TextLine>
          <TextLine ID="eSc_line_c6d3c4b4"
                    TAGREFS="LT31"
                    BASELINE="584 1130 1230 1126 1275 1152 1269 1119 1587 1116 2698 1080" 
                    HPOS="581"
                    VPOS="1030"
                    WIDTH="2117"
                    HEIGHT="144">
            <Shape><Polygon POINTS="584 1155 670 1174 673 1174 676 1174 717 1155 811 1171 814 1171 817 1171 861 1152 864 1152 867 1152 936 1163 939 1163 1014 1149 1047 1144 1063 1149 1102 1163 1105 1163 1108 1163 1271 1160 1352 1144 1401 1135 1496 1144 1612 1152 1615 1152 1703 1141 1775 1130 1895 1138 1928 1138 1931 1138 1958 1135 2116 1119 2136 1132 2138 1132 2141 1132 2144 1132 2147 1132 2202 1116 2274 1132 2296 1135 2299 1135 2302 1135 2321 1130 2388 1110 2482 1110 2507 1127 2510 1127 2512 1127 2515 1127 2518 1127 2601 1108 2695 1124 2698 1080 2690 1030 2496 1047 2446 1035 2438 1033 2435 1033 2432 1033 2429 1033 2424 1035 2388 1052 2296 1038 2291 1038 2288 1038 2277 1038 2158 1055 2138 1041 2136 1041 2133 1041 2130 1041 1967 1044 1964 1044 1958 1047 1914 1063 1878 1049 1875 1049 1872 1049 1870 1049 1867 1049 1842 1066 1773 1055 1770 1055 1767 1055 1728 1069 1634 1055 1618 1052 1615 1052 1612 1052 1604 1055 1559 1074 1271 1080 1086 1066 1061 1066 1058 1066 1055 1066 1050 1069 1000 1085 975 1069 972 1069 969 1069 966 1069 964 1069 961 1069 922 1091 692 1094 581 1080 584 1130"/></Shape>
	    <String CONTENT="ils pas que la Belgèsds rossédaitst toutes les libertés que leur révo¬"
                    HPOS="581"
                    VPOS="1030"
                    WIDTH="2117"
                    HEIGHT="144"
                    WC="0.9776073370661055"></String>
          </TextLine>
          <TextLine ID="eSc_line_03cc1482"
                    TAGREFS="LT31"
                    BASELINE="579 1207 1562 1193 2670 1155" 
                    HPOS="576"
                    VPOS="1102"
                    WIDTH="2094"
                    HEIGHT="141">
            <Shape><Polygon POINTS="579 1207 579 1229 761 1243 764 1243 767 1243 770 1243 795 1227 797 1224 950 1224 978 1238 980 1238 983 1238 1066 1221 1077 1221 1091 1221 1205 1232 1207 1232 2044 1210 2089 1202 2144 1193 2166 1202 2177 1204 2180 1204 2183 1204 2186 1204 2188 1204 2188 1202 2191 1202 2202 1191 2668 1191 2670 1155 2665 1116 2557 1102 2554 1102 2474 1119 2451 1121 2440 1119 2399 1105 2396 1105 2393 1105 2391 1105 2355 1119 2310 1108 2307 1108 2305 1108 2188 1113 2186 1113 2183 1113 2183 1116 2174 1124 2166 1130 2072 1124 1997 1121 1994 1121 1911 1127 1748 1141 1690 1132 1645 1124 1642 1124 1640 1124 1609 1132 1570 1144 1413 1135 1324 1132 1321 1132 1285 1138 1194 1155 1133 1141 1116 1138 1113 1138 1069 1141 883 1163 576 1152 579 1207"/></Shape>
	    <String CONTENT="lution venait de &lt;..e&gt; ? &lt;....... ..... .......&gt;"
                    HPOS="576"
                    VPOS="1102"
                    WIDTH="2094"
                    HEIGHT="141"
                    WC="0.9347796676059564"></String>
          </TextLine>
          <TextLine ID="eSc_line_1a921c98"
                    TAGREFS="LT34"
                    BASELINE="1297 1165 1534 1162" 
                    HPOS="1297"
                    VPOS="1162"
                    WIDTH="237"
                    HEIGHT="3">
	    <String CONTENT=""
                    HPOS="1297"
                    VPOS="1162"
                    WIDTH="237"
                    HEIGHT="3"></String>
          </TextLine>
          <TextLine ID="eSc_line_a195a418"
                    TAGREFS="LT31"
                    BASELINE="579 1290 2715 1229" 
                    HPOS="576"
                    VPOS="1182"
                    WIDTH="2139"
                    HEIGHT="144">
            <Shape><Polygon POINTS="579 1290 579 1312 670 1326 673 1326 676 1326 678 1326 700 1312 1149 1312 1152 1312 1241 1299 1268 1293 1291 1296 1349 1307 1352 1307 1606 1288 1673 1285 1709 1285 1836 1293 1839 1293 1897 1282 1939 1274 1975 1279 2028 1288 2030 1288 2141 1276 2233 1263 2715 1260 2715 1229 2709 1193 2537 1182 2535 1182 2532 1182 2501 1196 2499 1196 2330 1188 2327 1188 2324 1188 2282 1202 2230 1191 2227 1191 2102 1207 2091 1210 576 1243 579 1290"/></Shape>
	    <String CONTENT="&lt;...... ...&gt; Et dèslves &lt;&gt; à quoi bon parler de son offran¬"
                    HPOS="576"
                    VPOS="1182"
                    WIDTH="2139"
                    HEIGHT="144"
                    WC="0.9736934552590052"></String>
          </TextLine>
          <TextLine ID="eSc_line_bec71027"
                    TAGREFS="LT31"
                    BASELINE="579 1357 1615 1337 2668 1296" 
                    HPOS="576"
                    VPOS="1257"
                    WIDTH="2092"
                    HEIGHT="128">
            <Shape><Polygon POINTS="579 1357 579 1385 2665 1324 2668 1296 2659 1257 576 1318 579 1357"/></Shape>
	    <String CONTENT="chissement si ce n&#x27;était pour dissimuler l&#x27;envie de sa conxucte"
                    HPOS="576"
                    VPOS="1257"
                    WIDTH="2092"
                    HEIGHT="128"
                    WC="0.9994991724453275"></String>
          </TextLine>
          <TextLine ID="eSc_line_590951ec"
                    TAGREFS="LT31"
                    BASELINE="587 1434 1601 1415 2241 1382 2701 1371" 
                    HPOS="584"
                    VPOS="1326"
                    WIDTH="2117"
                    HEIGHT="142">
            <Shape><Polygon POINTS="587 1434 587 1457 845 1468 847 1468 850 1468 900 1451 978 1465 980 1465 1194 1443 1205 1443 1210 1443 1277 1457 1280 1457 1634 1432 1695 1429 1753 1429 2069 1434 2072 1434 2075 1434 2108 1421 2116 1418 2144 1418 2269 1429 2271 1429 2349 1415 2377 1409 2429 1412 2565 1421 2568 1421 2571 1421 2573 1421 2573 1418 2584 1409 2590 1404 2698 1404 2701 1371 2693 1326 2485 1332 2482 1332 2479 1332 2460 1346 2388 1335 2379 1335 2377 1335 2363 1335 2235 1351 1892 1351 1850 1351 1847 1351 1839 1351 1767 1368 1715 1357 1712 1357 1709 1357 1698 1357 1421 1376 1401 1365 1399 1362 1396 1362 1393 1362 1390 1362 1388 1362 1374 1365 1338 1379 1235 1371 1185 1368 1183 1368 1180 1368 1177 1368 1171 1373 1155 1387 584 1390 587 1434"/></Shape>
	    <String CONTENT="Or de cette conquête personne ne roulait ni les bourgeois ni le peu¬"
                    HPOS="584"
                    VPOS="1326"
                    WIDTH="2117"
                    HEIGHT="142"
                    WC="0.9885091343346764"></String>
          </TextLine>
          <TextLine ID="eSc_line_ff17079c"
                    TAGREFS="LT31"
                    BASELINE="581 1504 1703 1481 2673 1443" 
                    HPOS="579"
                    VPOS="1398"
                    WIDTH="2094"
                    HEIGHT="144">
            <Shape><Polygon POINTS="581 1504 581 1542 681 1523 886 1534 919 1534 922 1534 925 1534 930 1531 964 1515 1111 1512 1144 1526 1155 1529 1158 1529 1160 1529 1202 1523 1291 1509 1335 1517 1357 1523 1360 1523 1363 1523 1376 1517 1399 1509 1429 1515 1454 1520 1457 1520 1928 1506 2025 1495 2155 1481 2188 1490 2197 1493 2199 1493 2202 1493 2205 1493 2213 1490 2238 1476 2673 1473 2673 1443 2665 1398 2518 1415 2368 1407 2335 1407 2332 1407 2330 1407 2327 1407 2324 1409 2305 1421 2255 1412 2238 1409 2235 1409 2233 1409 2230 1409 2227 1412 2205 1423 2030 1418 1950 1418 1947 1418 1944 1418 1942 1418 1936 1423 1920 1432 1720 1429 1593 1429 1590 1429 1587 1429 1570 1434 1545 1443 1521 1437 1498 1432 1496 1432 1493 1432 1280 1445 1130 1454 1111 1451 1066 1443 1063 1443 1061 1443 1058 1443 1044 1454 1036 1457 966 1457 772 1451 770 1451 579 1468 581 1504"/></Shape>
	    <String CONTENT="ple, si bien que l&#x27;attitude de la bourgevisie, résieltat tout ensemble"
                    HPOS="579"
                    VPOS="1398"
                    WIDTH="2094"
                    HEIGHT="144"
                    WC="0.9904648116656712"></String>
          </TextLine>
          <TextLine ID="eSc_line_aea88d24"
                    TAGREFS="LT31"
                    BASELINE="576 1576 858 1562 1728 1556 2643 1517" 
                    HPOS="573"
                    VPOS="1470"
                    WIDTH="2070"
                    HEIGHT="133">
            <Shape><Polygon POINTS="576 1576 576 1603 2041 1573 2044 1573 2047 1573 2047 1570 2061 1559 2077 1570 2080 1570 2083 1570 2086 1570 2194 1553 2208 1553 2210 1553 2244 1567 2246 1567 2249 1567 2640 1540 2643 1517 2640 1490 2584 1470 2582 1470 2579 1470 2368 1493 2341 1495 2327 1495 2241 1479 2238 1479 2144 1498 2119 1501 2075 1498 1978 1490 1975 1490 1972 1490 1944 1501 1925 1509 1507 1517 1454 1506 1418 1501 1415 1501 1413 1501 1410 1501 1410 1504 1401 1509 1388 1523 573 1523 576 1576"/></Shape>
	    <String CONTENT="de son intérêt et de sa conviction correspondit parfaitement à la"
                    HPOS="573"
                    VPOS="1470"
                    WIDTH="2070"
                    HEIGHT="133"
                    WC="0.9961271800778129"></String>
          </TextLine>
          <TextLine ID="eSc_line_df49c3b8"
                    TAGREFS="LT31"
                    BASELINE="576 1645 1532 1620" 
                    HPOS="576"
                    VPOS="1570"
                    WIDTH="956"
                    HEIGHT="94">
            <Shape><Polygon POINTS="576 1664 1529 1648 1532 1620 1523 1584 1413 1587 1404 1584 1385 1570 1382 1570 1379 1570 1376 1570 1374 1570 1329 1584 1310 1589 1266 1584 1185 1576 1183 1576 1180 1576 1147 1587 1127 1592 1122 1587 1111 1576 1108 1576 1105 1576 1102 1576 1099 1576 1097 1576 1097 1578 1086 1587 1074 1595 1005 1587 942 1581 939 1581 892 1589 836 1598 806 1589 789 1584 786 1584 784 1584 781 1584 764 1589 725 1603 692 1589 681 1587 678 1587 676 1587 673 1587 662 1589 617 1606 576 1592 576 1645 576 1664"/></Shape>
	    <String CONTENT="volonté même de la nation."
                    HPOS="576"
                    VPOS="1570"
                    WIDTH="956"
                    HEIGHT="94"
                    WC="0.997839134473067"></String>
          </TextLine>
          <TextLine ID="eSc_line_78f2b1dd"
                    TAGREFS="LT31"
                    BASELINE="612 1709 2690 1653" 
                    HPOS="609"
                    VPOS="1601"
                    WIDTH="2081"
                    HEIGHT="133">
            <Shape><Polygon POINTS="612 1709 612 1734 2690 1678 2690 1653 2681 1601 2568 1617 2055 1617 2022 1617 2019 1617 2017 1617 2014 1617 1958 1634 1717 1625 1695 1625 1692 1625 1690 1625 1687 1625 1648 1645 609 1653 612 1709"/></Shape>
	    <String CONTENT="De cette volouté d&#x27;indépendanee le roi et avec lui la royanté recment"
                    HPOS="609"
                    VPOS="1601"
                    WIDTH="2081"
                    HEIGHT="133"
                    WC="0.9908351414445518"></String>
          </TextLine>
          <TextLine ID="eSc_line_8447769d"
                    TAGREFS="LT31"
                    BASELINE="567 1783 1244 1770 2224 1725 2654 1720" 
                    HPOS="565"
                    VPOS="1667"
                    WIDTH="2089"
                    HEIGHT="147">
            <Shape><Polygon POINTS="567 1783 567 1806 806 1814 809 1814 883 1797 892 1797 905 1797 1044 1806 1047 1806 1584 1786 1587 1786 1606 1778 1615 1772 1637 1775 1687 1783 1690 1783 1745 1772 1778 1764 2654 1745 2654 1720 2645 1667 2161 1695 1953 1689 1928 1689 1925 1689 1914 1689 1836 1706 1482 1706 1476 1706 1473 1706 1471 1706 1437 1720 1371 1709 1365 1709 1363 1709 1346 1709 1116 1731 1044 1720 1041 1720 1038 1720 1033 1720 955 1736 725 1731 720 1731 717 1731 714 1731 634 1747 565 1736 567 1783"/></Shape>
	    <String CONTENT="une confirmation nouvelle. Le bault qui avait couree un moment de"
                    HPOS="565"
                    VPOS="1667"
                    WIDTH="2089"
                    HEIGHT="147"
                    WC="0.9855807267702543"></String>
          </TextLine>
          <TextLine ID="eSc_line_7d4a5066"
                    TAGREFS="LT31"
                    BASELINE="570 1847 2659 1786" 
                    HPOS="567"
                    VPOS="1747"
                    WIDTH="2092"
                    HEIGHT="128">
            <Shape><Polygon POINTS="570 1847 570 1875 2659 1811 2659 1786 2651 1747 1329 1789 1318 1789 1244 1778 1241 1778 1138 1794 1130 1794 1124 1794 1050 1783 1047 1783 748 1806 667 1794 664 1794 567 1811 570 1847"/></Shape>
	    <String CONTENT="l&#x27;offre d&#x27;abdications faite par Léopold à ses ministres, l&#x27;avait grandi aux"
                    HPOS="567"
                    VPOS="1747"
                    WIDTH="2092"
                    HEIGHT="128"
                    WC="0.9980903934491309"></String>
          </TextLine>
          <TextLine ID="eSc_line_d50c94c2"
                    TAGREFS="LT31"
                    BASELINE="573 1911 1374 1900 2709 1855" 
                    HPOS="570"
                    VPOS="1811"
                    WIDTH="2139"
                    HEIGHT="144">
            <Shape><Polygon POINTS="573 1911 573 1955 770 1933 839 1947 842 1947 845 1947 847 1947 872 1930 936 1944 939 1944 942 1944 944 1944 975 1927 1437 1930 1457 1930 1460 1930 1471 1930 1684 1908 1798 1919 1800 1919 2083 1897 2138 1911 2141 1911 2144 1911 2147 1911 2155 1911 2260 1891 2490 1900 2496 1900 2499 1900 2504 1900 2670 1880 2704 1894 2709 1855 2701 1811 2438 1830 2385 1819 2379 1819 2377 1819 2366 1819 2246 1836 2102 1828 2086 1828 2083 1828 2080 1828 2077 1828 2050 1842 1989 1830 1980 1830 1978 1830 1961 1830 1856 1847 1778 1836 1762 1836 1759 1836 1739 1839 1659 1855 570 1872 573 1911"/></Shape>
	    <String CONTENT="geux du peuple comme une preuve de son respeit pour la souveraineté"
                    HPOS="570"
                    VPOS="1811"
                    WIDTH="2139"
                    HEIGHT="144"
                    WC="0.9889892046131304"></String>
          </TextLine>
          <TextLine ID="eSc_line_2f0128c2"
                    TAGREFS="LT31"
                    BASELINE="559 1975 2668 1925" 
                    HPOS="556"
                    VPOS="1889"
                    WIDTH="2112"
                    HEIGHT="119">
            <Shape><Polygon POINTS="559 1975 559 1997 786 2008 789 2008 1002 2002 1005 2002 1008 2002 1027 1988 1033 1988 1141 1999 1144 1999 2668 1952 2668 1925 2662 1889 2072 1889 2069 1889 1975 1900 1914 1905 1881 1900 1839 1894 1836 1894 1834 1894 1817 1902 1803 1908 1642 1905 1521 1902 1518 1902 1515 1902 1504 1908 1482 1919 1130 1925 966 1916 947 1916 944 1916 917 1916 664 1936 556 1925 559 1975"/></Shape>
	    <String CONTENT="nationale. Le couronne &lt;....... .&gt; s&#x27;imposait davant age par cela"
                    HPOS="556"
                    VPOS="1889"
                    WIDTH="2112"
                    HEIGHT="119"
                    WC="0.9587297577124375"></String>
          </TextLine>
          <TextLine ID="eSc_line_f47b2664"
                    TAGREFS="LT31"
                    BASELINE="548 2041 2618 1997" 
                    HPOS="545"
                    VPOS="1958"
                    WIDTH="2073"
                    HEIGHT="108">
            <Shape><Polygon POINTS="548 2041 548 2066 2618 2022 2618 1997 2609 1958 545 2002 548 2041"/></Shape>
	    <String CONTENT="même qui l&#x27;on avait eur le souvérain prêt à y renoncer. En la couser¬"
                    HPOS="545"
                    VPOS="1958"
                    WIDTH="2073"
                    HEIGHT="108"
                    WC="0.9861242737088884"></String>
          </TextLine>
          <TextLine ID="eSc_line_3832dc44"
                    TAGREFS="LT31"
                    BASELINE="554 2113 2712 2058" 
                    HPOS="551"
                    VPOS="2011"
                    WIDTH="2161"
                    HEIGHT="124">
            <Shape><Polygon POINTS="554 2113 554 2135 2709 2077 2712 2058 2704 2011 2280 2033 2208 2022 2186 2019 2183 2019 2180 2019 2177 2019 2174 2022 2158 2038 1953 2041 1792 2033 1748 2030 1745 2030 1742 2030 1739 2030 1737 2033 1717 2047 1654 2035 1634 2033 1631 2033 1559 2038 1291 2058 1221 2047 1207 2044 1205 2044 1188 2047 1122 2060 1099 2049 1094 2047 1091 2047 1088 2047 1066 2049 983 2063 897 2052 875 2052 872 2052 869 2052 867 2052 864 2055 842 2069 717 2058 700 2058 698 2058 695 2058 692 2058 645 2074 551 2063 554 2113"/></Shape>
	    <String CONTENT="vant, il obeissait donc au voen gneral et en reevait comme mer &lt;..&gt;¬"
                    HPOS="551"
                    VPOS="2011"
                    WIDTH="2161"
                    HEIGHT="124"
                    WC="0.9665792645776973"></String>
          </TextLine>
          <TextLine ID="eSc_line_e5fb3298"
                    TAGREFS="LT31"
                    BASELINE="540 2177 2687 2124" 
                    HPOS="537"
                    VPOS="2088"
                    WIDTH="2150"
                    HEIGHT="116">
            <Shape><Polygon POINTS="540 2177 540 2204 2687 2149 2687 2124 2681 2088 2022 2088 2019 2088 2017 2088 2014 2088 2000 2099 1992 2105 1972 2099 1950 2094 1947 2094 1944 2094 1861 2102 1775 2110 1726 2105 1670 2096 1667 2096 1606 2107 1548 2116 1426 2110 1327 2105 1324 2105 1124 2116 756 2135 670 2124 651 2121 648 2121 645 2121 637 2124 601 2138 537 2127 540 2177"/></Shape>
	    <String CONTENT="nullestil&gt;s seconde investiture. Il opparainait comme l&#x27;incarnation"
                    HPOS="537"
                    VPOS="2088"
                    WIDTH="2150"
                    HEIGHT="116"
                    WC="0.9819002845394078"></String>
          </TextLine>
          <TextLine ID="eSc_line_32c6a80f"
                    TAGREFS="LT31"
                    BASELINE="545 2246 2681 2196" 
                    HPOS="543"
                    VPOS="2146"
                    WIDTH="2138"
                    HEIGHT="128">
            <Shape><Polygon POINTS="545 2246 545 2274 2681 2216 2681 2196 2673 2146 2424 2163 2360 2155 2324 2149 2321 2149 2269 2157 2191 2168 2014 2163 1861 2160 1859 2160 1856 2160 1853 2160 1845 2168 1831 2179 1726 2179 1676 2174 1612 2166 1609 2166 1606 2166 1579 2177 1562 2182 1443 2179 1285 2177 1282 2177 1191 2188 1133 2193 1074 2191 928 2182 925 2182 922 2182 919 2182 900 2196 892 2199 845 2196 662 2188 659 2188 543 2204 545 2246"/></Shape>
	    <String CONTENT="de la patrie et sa dy nastie comme le garanti de l&#x27;avenir. s artout où il"
                    HPOS="543"
                    VPOS="2146"
                    WIDTH="2138"
                    HEIGHT="128"
                    WC="0.9923302122991379"></String>
          </TextLine>
          <TextLine ID="eSc_line_5374e355"
                    TAGREFS="LT31"
                    BASELINE="545 2310 2673 2257" 
                    HPOS="543"
                    VPOS="2213"
                    WIDTH="2130"
                    HEIGHT="127">
            <Shape><Polygon POINTS="545 2310 545 2340 2670 2285 2673 2257 2668 2224 2449 2213 2446 2213 2443 2213 2382 2229 543 2268 545 2310"/></Shape>
	    <String CONTENT="se montrait, et il ent soin durant toute la crise de se montres le plus sou¬"
                    HPOS="543"
                    VPOS="2213"
                    WIDTH="2130"
                    HEIGHT="127"
                    WC="0.9863604197376653"></String>
          </TextLine>
          <TextLine ID="eSc_line_86930454"
                    TAGREFS="LT31"
                    BASELINE="543 2379 2670 2318" 
                    HPOS="540"
                    VPOS="2268"
                    WIDTH="2130"
                    HEIGHT="147">
            <Shape><Polygon POINTS="543 2379 543 2401 562 2415 565 2415 567 2415 570 2415 720 2412 723 2412 759 2396 1022 2404 1025 2404 1135 2384 1460 2390 1462 2390 1648 2371 1654 2371 1695 2384 1698 2384 1701 2384 1820 2365 1828 2365 1834 2365 1889 2379 1892 2379 1895 2379 2668 2343 2670 2318 2662 2268 2465 2288 2388 2276 2385 2276 2382 2276 2379 2276 2274 2293 2246 2282 2244 2282 2241 2282 2174 2296 1928 2290 1900 2290 1897 2290 1895 2290 1892 2290 1892 2293 1878 2304 1748 2296 1737 2296 1734 2296 1715 2296 1498 2315 1349 2307 1310 2307 1307 2307 1263 2310 1111 2329 540 2332 543 2379"/></Shape>
	    <String CONTENT="veut possible, il reumeillait les pruver les plus significatiues de loyalisme"
                    HPOS="540"
                    VPOS="2268"
                    WIDTH="2130"
                    HEIGHT="147"
                    WC="0.9969682159361901"></String>
          </TextLine>
          <TextLine ID="eSc_line_e4f4ae04"
                    TAGREFS="LT31"
                    BASELINE="543 2445 2648 2384" 
                    HPOS="540"
                    VPOS="2335"
                    WIDTH="2108"
                    HEIGHT="141">
            <Shape><Polygon POINTS="543 2445 543 2476 2648 2409 2648 2384 2640 2335 1207 2387 1185 2384 1116 2376 1113 2376 947 2393 919 2396 908 2396 853 2384 850 2384 847 2384 845 2384 822 2398 806 2398 637 2390 634 2390 540 2407 543 2445"/></Shape>
	    <String CONTENT="et d&#x27;attachement. Pour la prumière fois, ce roi &quot;fait au souutin&quot; devernert"
                    HPOS="540"
                    VPOS="2335"
                    WIDTH="2108"
                    HEIGHT="141"
                    WC="0.9766934021313985"></String>
          </TextLine>
          <TextLine ID="eSc_line_d882afda"
                    TAGREFS="LT31"
                    BASELINE="531 2512 2690 2462" 
                    HPOS="529"
                    VPOS="2415"
                    WIDTH="2161"
                    HEIGHT="130">
            <Shape><Polygon POINTS="531 2512 531 2545 864 2537 867 2537 894 2523 1002 2534 1005 2534 1008 2534 1019 2534 1371 2512 1468 2523 1473 2523 1476 2523 1504 2523 1969 2498 2072 2509 2086 2509 2089 2509 2102 2509 2210 2493 2687 2493 2690 2462 2681 2415 2055 2423 2053 2423 2050 2423 2041 2432 2030 2437 1992 2432 1939 2426 1936 2426 1875 2434 1828 2443 1798 2437 1764 2432 1762 2432 1676 2440 1604 2448 1582 2443 1551 2434 1548 2434 1545 2434 1482 2445 1454 2451 1432 2448 1379 2437 1376 2437 1374 2437 1371 2437 1357 2448 1349 2456 1124 2459 1094 2456 1011 2445 1008 2445 1005 2445 961 2459 953 2465 529 2470 531 2512"/></Shape>
	    <String CONTENT="un ra national, cavre sur leurs tiônes chancélants par les monarques de"
                    HPOS="529"
                    VPOS="2415"
                    WIDTH="2161"
                    HEIGHT="130"
                    WC="0.9899301352635236"></String>
          </TextLine>
          <TextLine ID="eSc_line_3192a752"
                    TAGREFS="LT31"
                    BASELINE="534 2587 933 2581" 
                    HPOS="531"
                    VPOS="2529"
                    WIDTH="402"
                    HEIGHT="83">
            <Shape><Polygon POINTS="534 2587 534 2606 928 2612 933 2581 928 2548 806 2548 770 2529 767 2529 764 2529 626 2548 562 2531 559 2531 556 2531 554 2531 551 2531 531 2545 534 2587"/></Shape>
	    <String CONTENT="droit divrne."
                    HPOS="531"
                    VPOS="2529"
                    WIDTH="402"
                    HEIGHT="83"
                    WC="0.9988547471853403"></String>
          </TextLine>
          <TextLine ID="eSc_line_07db9cd4"
                    TAGREFS="LT31"
                    BASELINE="537 2656 1360 2642 2637 2587" 
                    HPOS="534"
                    VPOS="2542"
                    WIDTH="2103"
                    HEIGHT="144">
            <Shape><Polygon POINTS="537 2656 537 2686 1701 2664 1870 2639 1886 2639 1903 2639 2091 2650 2094 2650 2269 2625 2282 2623 2637 2612 2637 2587 2629 2553 2438 2556 2413 2542 2410 2542 2407 2542 2404 2542 2194 2565 2166 2567 2158 2567 2094 2548 2091 2548 2089 2548 1986 2573 1975 2573 1969 2573 1892 2556 1889 2556 1798 2578 1775 2581 1753 2578 1676 2567 1673 2567 1670 2567 1634 2581 1620 2589 1340 2595 1329 2592 1293 2578 1291 2578 1288 2578 1147 2598 1074 2609 989 2609 969 2603 930 2589 928 2589 925 2589 836 2606 792 2614 759 2609 692 2598 689 2598 534 2614 537 2656"/></Shape>
	    <String CONTENT="Les institutions litérales qui permirent à la Belgique de travesser"
                    HPOS="534"
                    VPOS="2542"
                    WIDTH="2103"
                    HEIGHT="144"
                    WC="0.9930291412507787"></String>
          </TextLine>
          <TextLine ID="eSc_line_3a191435"
                    TAGREFS="LT31"
                    BASELINE="531 2728 1371 2711 2618 2661" 
                    HPOS="529"
                    VPOS="2609"
                    WIDTH="2089"
                    HEIGHT="144">
            <Shape><Polygon POINTS="531 2728 531 2753 1188 2753 1188 2750 2618 2684 2618 2661 2609 2609 2440 2628 2352 2617 2343 2617 2341 2617 2338 2617 2335 2617 2285 2634 2213 2623 2208 2623 2205 2623 2202 2623 2163 2642 2033 2642 2011 2631 2011 2628 2008 2628 2005 2628 2003 2628 1986 2631 1911 2648 1878 2637 1875 2637 1872 2637 1726 2653 1695 2642 1687 2639 1684 2639 1681 2639 1656 2642 1570 2659 1468 2650 1429 2648 1426 2648 1401 2653 1340 2667 1213 2659 1183 2659 1180 2659 1160 2661 1086 2675 1041 2667 1016 2661 1014 2661 1011 2661 1008 2661 1002 2667 991 2678 966 2670 953 2664 950 2664 947 2664 944 2664 930 2670 908 2684 529 2684 531 2728"/></Shape>
	    <String CONTENT="sans encombre la crise de 1048 lui éparguèrent aussi la période de"
                    HPOS="529"
                    VPOS="2609"
                    WIDTH="2089"
                    HEIGHT="144"
                    WC="0.9940664172172546"></String>
          </TextLine>
          <TextLine ID="eSc_line_23913a09"
                    TAGREFS="LT31"
                    BASELINE="526 2803 2620 2725" 
                    HPOS="523"
                    VPOS="2689"
                    WIDTH="2097"
                    HEIGHT="150">
            <Shape><Polygon POINTS="526 2803 526 2839 667 2819 736 2828 739 2828 742 2828 745 2828 759 2814 809 2828 817 2830 820 2830 822 2830 845 2828 917 2811 939 2822 944 2825 947 2825 950 2825 953 2825 969 2822 1011 2811 1080 2817 1122 2819 1124 2819 1263 2808 1576 2783 1662 2792 1720 2797 1723 2797 1726 2797 1764 2789 1814 2775 1831 2786 1839 2792 1842 2792 1845 2792 1847 2792 1850 2792 1867 2783 1886 2772 1953 2781 1989 2783 1992 2783 2077 2775 2199 2758 2352 2756 2368 2761 2391 2772 2393 2772 2396 2772 2620 2750 2620 2725 2612 2689 523 2756 526 2803"/></Shape>
	    <String CONTENT="réaction qui, &lt;... .... . &gt; lui succéda dans presque"
                    HPOS="523"
                    VPOS="2689"
                    WIDTH="2097"
                    HEIGHT="150"
                    WC="0.946958167048601"></String>
          </TextLine>
          <TextLine ID="eSc_line_a1435b4b"
                    TAGREFS="LT31"
                    BASELINE="526 2875 2654 2786" 
                    HPOS="523"
                    VPOS="2739"
                    WIDTH="2131"
                    HEIGHT="161">
            <Shape><Polygon POINTS="526 2875 526 2900 886 2883 897 2889 919 2897 922 2897 925 2897 928 2897 966 2886 994 2878 1016 2883 1050 2891 1052 2891 1055 2891 1147 2878 1194 2872 1238 2875 1316 2880 1318 2880 1321 2880 1354 2869 1382 2864 1407 2869 1440 2875 1443 2875 1540 2864 1659 2850 1734 2855 1787 2861 1789 2861 1792 2861 1817 2853 1853 2842 1867 2853 1872 2855 1875 2855 1878 2855 1881 2855 2008 2847 2219 2830 2282 2836 2318 2839 2321 2839 2385 2833 2548 2814 2576 2825 2582 2828 2584 2828 2587 2828 2590 2828 2593 2828 2596 2825 2615 2811 2645 2822 2654 2786 2648 2739 523 2825 526 2875"/></Shape>
	    <String CONTENT="toute l&#x27;incope. &lt;.... ...  . . .. ..&gt;"
                    HPOS="523"
                    VPOS="2739"
                    WIDTH="2131"
                    HEIGHT="161"
                    WC="0.9200210957913786"></String>
          </TextLine>
          <TextLine ID="eSc_line_09d58452"
                    TAGREFS="LT31"
                    BASELINE="523 2938 2000 2883 2665 2872" 
                    HPOS="520"
                    VPOS="2822"
                    WIDTH="2145"
                    HEIGHT="152">
            <Shape><Polygon POINTS="523 2938 523 2961 543 2974 545 2974 548 2974 551 2974 817 2950 864 2947 889 2950 1008 2961 1011 2961 1014 2961 1072 2944 1094 2938 1152 2941 1271 2950 1274 2950 1277 2950 1313 2938 1338 2930 1413 2936 1498 2941 1501 2941 1504 2941 1540 2933 1582 2922 1612 2930 1642 2938 1645 2938 1648 2938 1695 2927 1748 2916 1809 2925 1845 2930 1847 2930 1895 2922 1989 2908 2033 2919 2053 2925 2055 2925 2058 2925 2091 2919 2155 2905 2266 2914 2310 2916 2313 2916 2316 2916 2332 2911 2402 2894 2460 2908 2471 2911 2474 2911 2476 2911 2665 2902 2665 2872 2657 2822 520 2886 523 2938"/></Shape>
	    <String CONTENT="&lt;..&gt; &#x27;ayant été entrainée ni par la réputlique ni par le suffra¬"
                    HPOS="520"
                    VPOS="2822"
                    WIDTH="2145"
                    HEIGHT="152"
                    WC="0.9867058591917157"></String>
          </TextLine>
          <TextLine ID="eSc_line_ef2b06cd"
                    TAGREFS="LT31"
                    BASELINE="534 3016 1357 2980 2684 2950" 
                    HPOS="531"
                    VPOS="2889"
                    WIDTH="2153"
                    HEIGHT="158">
            <Shape><Polygon POINTS="534 3016 534 3047 822 3038 825 3038 922 3019 1080 3030 1083 3030 1086 3030 1088 3030 1249 3010 1385 3022 1399 3022 1401 3022 1413 3022 1515 3002 1557 3016 1559 3016 1562 3016 1587 3016 1886 2991 1964 3005 1978 3005 1980 3005 1983 3005 1986 3005 1986 3002 2005 2986 2127 2986 2149 2997 2149 2999 2152 2999 2155 2999 2158 2999 2191 2997 2363 2977 2410 2991 2415 2991 2418 2991 2421 2991 2684 2980 2684 2950 2676 2889 2463 2916 2371 2902 2368 2902 2366 2902 2363 2902 2341 2919 2288 2902 2277 2900 2274 2900 2271 2900 2210 2905 2077 2919 2039 2911 2017 2908 2014 2908 2011 2908 1997 2914 1967 2927 1944 2916 1939 2911 1936 2911 1933 2911 1931 2911 1811 2914 1809 2914 1806 2914 1795 2922 1773 2936 1734 2925 1706 2916 1703 2916 1701 2916 1698 2916 1678 2925 1656 2936 1634 2927 1626 2925 1623 2925 1620 2925 1579 2930 1496 2941 1457 2936 1407 2925 1404 2925 1321 2938 1268 2950 1238 2944 1213 2938 1210 2938 1166 2947 1111 2955 1088 2950 1047 2936 1044 2936 1041 2936 1038 2936 1000 2952 986 2958 961 2952 908 2944 905 2944 903 2944 875 2958 867 2963 531 2969 534 3016"/></Shape>
	    <String CONTENT="ge universel, elle ne cont &lt;.&gt; non plus &lt;. ..&gt; nicoup d&#x27;Etat"
                    HPOS="531"
                    VPOS="2889"
                    WIDTH="2153"
                    HEIGHT="158"
                    WC="0.9319456388552984"></String>
          </TextLine>
          <TextLine ID="eSc_line_835f35a3"
                    TAGREFS="LT31"
                    BASELINE="526 3085 1953 3038 2654 3041" 
                    HPOS="523"
                    VPOS="2980"
                    WIDTH="2131"
                    HEIGHT="125">
            <Shape><Polygon POINTS="526 3085 526 3105 1058 3105 1058 3102 1061 3102 1086 3094 1097 3088 1119 3091 1166 3099 1169 3099 1232 3091 1296 3080 1590 3083 1687 3083 1690 3083 1692 3083 1695 3083 1695 3080 1712 3069 1956 3074 1964 3074 1967 3074 1969 3074 2030 3060 2651 3060 2654 3041 2648 2994 2490 2994 2465 2980 2463 2980 2460 2980 2457 2980 2299 2999 2271 2980 2269 2980 2266 2980 2263 2980 2166 2999 2025 2983 2022 2983 2019 2983 2017 2983 1986 3002 1845 2988 1842 2988 1676 3013 1271 3002 1268 3002 1069 3033 1055 3033 1047 3033 953 3010 950 3010 856 3016 853 3016 850 3016 850 3019 828 3038 825 3041 523 3044 526 3085"/></Shape>
	    <String CONTENT="comme eu France, ni &lt;....&gt; restaurations de l&#x27;absalutisme comme"
                    HPOS="523"
                    VPOS="2980"
                    WIDTH="2131"
                    HEIGHT="125"
                    WC="0.9724428578028603"></String>
          </TextLine>
          <TextLine ID="eSc_line_b9710bc3"
                    TAGREFS="LT34"
                    BASELINE="2066 3073 2152 3080 2152 3080 2254 3074" 
                    HPOS="2066"
                    VPOS="3073"
                    WIDTH="188"
                    HEIGHT="7">
	    <String CONTENT=""
                    HPOS="2066"
                    VPOS="3073"
                    WIDTH="188"
                    HEIGHT="7"></String>
          </TextLine>
          <TextLine ID="eSc_line_8c86323a"
                    TAGREFS="LT31"
                    BASELINE="526 3166 1637 3116 2670 3105" 
                    HPOS="523"
                    VPOS="3041"
                    WIDTH="2147"
                    HEIGHT="144">
            <Shape><Polygon POINTS="2515 3041 2488 3041 2476 3041 2427 3058 2147 3047 2144 3047 2028 3071 1975 3052 1972 3052 1969 3052 1859 3077 1856 3077 1781 3058 1778 3058 1775 3058 1773 3058 1770 3058 1770 3060 1745 3080 1573 3063 1570 3063 1476 3080 1435 3069 1432 3069 1429 3069 1426 3069 1424 3069 1401 3088 1360 3071 1357 3071 1354 3071 1352 3071 1304 3088 1224 3074 1221 3074 1219 3074 1177 3096 1113 3080 1111 3080 1108 3080 1105 3080 1102 3080 1072 3099 881 3091 878 3091 687 3110 648 3094 645 3094 642 3094 640 3094 637 3094 606 3116 523 3116 526 3166 526 3185 908 3185 908 3182 1058 3171 1194 3160 1238 3166 1277 3171 1280 3171 1329 3163 1407 3152 1451 3160 1476 3166 1479 3166 1604 3157 1864 3138 2000 3146 2039 3149 2041 3149 2044 3149 2055 3146 2094 3132 2670 3130 2670 3105 2665 3055 2521 3041 2515 3041"/></Shape>
	    <String CONTENT="les Prusse et en Antriche. &lt;... ........ ..s..... .. ..... .......&gt;"
                    HPOS="523"
                    VPOS="3041"
                    WIDTH="2147"
                    HEIGHT="144"
                    WC="0.9273516322249797"></String>
          </TextLine>
          <TextLine ID="eSc_line_de38126b"
                    TAGREFS="LT34"
                    BASELINE="2306 3166 2368 3168" 
                    HPOS="2306"
                    VPOS="3166"
                    WIDTH="62"
                    HEIGHT="2">
	    <String CONTENT=""
                    HPOS="2306"
                    VPOS="3166"
                    WIDTH="62"
                    HEIGHT="2"></String>
          </TextLine>
          <TextLine ID="eSc_line_b67642ef"
                    TAGREFS="LT31"
                    BASELINE="515 3240 1825 3191 2597 3194" 
                    HPOS="512"
                    VPOS="3121"
                    WIDTH="2084"
                    HEIGHT="153">
            <Shape><Polygon POINTS="515 3274 881 3274 881 3271 969 3260 1072 3249 1174 3254 1244 3260 1246 3260 1460 3249 1892 3224 1964 3235 1983 3238 1986 3238 1989 3238 2003 3235 2061 3221 2596 3221 2596 3185 2590 3138 2346 3121 2343 3121 2341 3121 2249 3146 2244 3146 2230 3146 1978 3132 1975 3132 1884 3152 1795 3138 1792 3138 1789 3138 1787 3138 1756 3160 1753 3163 1579 3166 1573 3166 1521 3146 1518 3146 1515 3146 1316 3171 1293 3174 1274 3174 1097 3160 1094 3160 1091 3160 1052 3179 1047 3182 1036 3179 969 3163 966 3163 964 3163 809 3188 795 3188 789 3188 756 3177 753 3177 750 3177 634 3191 615 3193 606 3193 565 3179 562 3179 559 3179 556 3179 512 3191 515 3240"/></Shape>
	    <String CONTENT="&lt;........, ......... ...e me ...... .........&gt;"
                    HPOS="512"
                    VPOS="3121"
                    WIDTH="2084"
                    HEIGHT="153"
                    WC="0.8713556333728458"></String>
          </TextLine>
        </TextBlock>
        <TextBlock HPOS="222"
                   VPOS="60"
                   WIDTH="174"
                   HEIGHT="114"
                   ID="eSc_textblock_e6ff049f"
                   TAGREFS="BT44">
          <Shape><Polygon POINTS="222 60 222 174 396 174 396 60"/></Shape>
        </TextBlock>
        <TextBlock ID="eSc_dummyblock_">
          <TextLine ID="eSc_line_e58400fd"
                    TAGREFS="LT31"
                    BASELINE="244 108 384 117" 
                    HPOS="282"
                    VPOS="77"
                    WIDTH="69"
                    HEIGHT="122">
            <Shape><Polygon POINTS="310 77 282 77 282 113 282 199 351 196 351 113 351 77 338 77"/></Shape>
	    <String CONTENT="19"
                    HPOS="282"
                    VPOS="77"
                    WIDTH="69"
                    HEIGHT="122"
                    WC="0.8311586380004883"></String>
          </TextLine>
        </TextBlock>
      </PrintSpace>
    </Page>
  </Layout>
</alto>
