<?xml version="1.0" encoding="UTF-8"?>
<alto xmlns:xsi="http://www.w3.org/2001/XMLSchema-instance"
      xmlns="http://www.loc.gov/standards/alto/ns-v4#"
      xsi:schemaLocation="http://www.loc.gov/standards/alto/ns-v4# http://www.loc.gov/standards/alto/v4/alto-4-2.xsd">
  <Description>
    <MeasurementUnit>pixel</MeasurementUnit>
    <sourceImageInformation>
      <fileName>ARCH-DIV-000496_0310.png</fileName>
    </sourceImageInformation>
  </Description>
  <Tags>
    <OtherTag ID="BT42" LABEL="MainZone" DESCRIPTION="block type MainZone"/><OtherTag ID="BT43" LABEL="MarginTextZone" DESCRIPTION="block type MarginTextZone"/><OtherTag ID="BT44" LABEL="NumberingZone" DESCRIPTION="block type NumberingZone"/><OtherTag ID="BT45" LABEL="TitlePageZone" DESCRIPTION="block type TitlePageZone"/><OtherTag ID="BT46" LABEL="CustomZone:Numbering" DESCRIPTION="block type CustomZone:Numbering"/><OtherTag ID="BT49" LABEL="MarginTextZone:lower" DESCRIPTION="block type MarginTextZone:lower"/>
    <OtherTag ID="LT25" LABEL="default" DESCRIPTION="line type default"/><OtherTag ID="LT31" LABEL="DefaultLine" DESCRIPTION="line type DefaultLine"/><OtherTag ID="LT32" LABEL="HeadingLine" DESCRIPTION="line type HeadingLine"/><OtherTag ID="LT33" LABEL="InterlinearLine:addition" DESCRIPTION="line type InterlinearLine:addition"/><OtherTag ID="LT34" LABEL="InterlinearLine:correction" DESCRIPTION="line type InterlinearLine:correction"/>
  </Tags>
  <Layout>
    <Page WIDTH="2790"
          HEIGHT="3368"
          PHYSICAL_IMG_NR="309"
          ID="eSc_dummypage_">
      <PrintSpace HPOS="0"
                  VPOS="0"
                  WIDTH="2790"
                  HEIGHT="3368">
        <TextBlock HPOS="165"
                   VPOS="12"
                   WIDTH="319"
                   HEIGHT="238"
                   ID="79915d0c-c0e7-4b62-be3d-144a3a6fc7dd"
                   TAGREFS="BT44">
          <Shape><Polygon POINTS="484 16 417 250 165 250 165 12"/></Shape>
          <TextLine ID="eSc_line_1d3cc03b"
                    TAGREFS="LT31"
                    BASELINE="258 159 415 151" 
                    HPOS="252"
                    VPOS="109"
                    WIDTH="163"
                    HEIGHT="95">
            <Shape><Polygon POINTS="395 145 367 148 342 112 258 109 252 109 258 159 258 188 325 188 353 204 356 204 359 204 362 204 364 204 415 182 415 151 412 140 395 145"/></Shape>
	    <String CONTENT=""
                    HPOS="252"
                    VPOS="109"
                    WIDTH="163"
                    HEIGHT="95"></String>
          </TextLine>
        </TextBlock>
        <TextBlock HPOS="541"
                   VPOS="0"
                   WIDTH="2232"
                   HEIGHT="3358"
                   ID="8cf8de01-9b0a-4428-bc3b-67328faa8fc7"
                   TAGREFS="BT42">
          <Shape><Polygon POINTS="2773 0 2773 3358 541 3347 615 7"/></Shape>
          <TextLine ID="eSc_line_855e4de3"
                    TAGREFS="LT31"
                    BASELINE="670 101 1392 75 2694 64" 
                    HPOS="668"
                    VPOS="22"
                    WIDTH="2026"
                    HEIGHT="93">
            <Shape><Polygon POINTS="2660 28 2632 22 2472 22 2464 25 2436 25 2408 25 2380 25 2352 25 2349 25 2321 25 2295 28 2267 28 2239 28 2211 28 2183 28 2155 28 2127 30 2099 30 2071 30 2043 30 2015 30 1987 30 1959 33 1931 33 1903 33 1874 33 1846 33 1818 33 1790 36 1762 36 1734 36 1706 36 1678 36 1650 36 1622 39 1594 39 1566 39 1538 39 1510 39 1482 39 1453 42 1425 42 1397 42 1369 42 1341 42 1313 42 1285 44 1257 44 1229 44 1201 44 1173 44 1145 47 1117 47 1089 47 1060 47 1032 47 1004 47 976 50 948 50 920 50 892 50 864 50 836 50 808 53 780 53 752 53 724 53 696 53 668 53 670 101 670 115 2691 92 2694 64 2688 36 2660 28"/></Shape>
	    <String CONTENT=""
                    HPOS="668"
                    VPOS="22"
                    WIDTH="2026"
                    HEIGHT="93"></String>
          </TextLine>
          <TextLine ID="eSc_line_5c94a28c"
                    TAGREFS="LT31"
                    BASELINE="651 162 2728 123" 
                    HPOS="648"
                    VPOS="84"
                    WIDTH="2080"
                    HEIGHT="98">
            <Shape><Polygon POINTS="651 162 651 182 2725 154 2728 123 2719 84 648 112 651 162"/></Shape>
	    <String CONTENT=""
                    HPOS="648"
                    VPOS="84"
                    WIDTH="2080"
                    HEIGHT="98"></String>
          </TextLine>
          <TextLine ID="eSc_line_962c6206"
                    TAGREFS="LT31"
                    BASELINE="648 221 2750 190" 
                    HPOS="645"
                    VPOS="137"
                    WIDTH="2091"
                    HEIGHT="107">
            <Shape><Polygon POINTS="648 244 1863 232 1866 232 1872 230 1894 218 2102 227 2116 227 2119 227 2127 227 2239 213 2731 218 2736 188 2728 137 2484 154 2413 143 2405 143 2402 143 2399 143 2397 143 2374 157 2119 148 2037 148 2034 148 1981 154 1855 165 1771 157 1720 154 1717 154 1714 154 1700 159 1681 168 1507 162 1341 159 1338 159 645 182 648 221"/></Shape>
	    <String CONTENT=""
                    HPOS="645"
                    VPOS="137"
                    WIDTH="2091"
                    HEIGHT="107"></String>
          </TextLine>
          <TextLine ID="eSc_line_87e8c245"
                    TAGREFS="LT31"
                    BASELINE="634 300 1347 263 2733 241" 
                    HPOS="631"
                    VPOS="202"
                    WIDTH="2102"
                    HEIGHT="123">
            <Shape><Polygon POINTS="634 325 746 322 749 322 752 322 777 303 858 317 861 317 1117 311 1119 311 1122 311 1142 297 1226 311 1229 311 1232 311 1352 286 1712 283 1762 297 1765 297 1768 297 1771 297 1835 277 1855 294 1858 294 1860 294 1863 297 1914 297 1933 297 1933 294 1936 294 2032 275 2164 286 2166 286 2290 269 2338 283 2340 283 2343 283 2430 266 2557 275 2559 275 2562 275 2565 275 2582 261 2731 275 2733 241 2725 202 631 238 634 300"/></Shape>
	    <String CONTENT=""
                    HPOS="631"
                    VPOS="202"
                    WIDTH="2102"
                    HEIGHT="123"></String>
          </TextLine>
          <TextLine ID="eSc_line_fd2a41ac"
                    TAGREFS="LT31"
                    BASELINE="631 362 1263 333 2739 305" 
                    HPOS="628"
                    VPOS="255"
                    WIDTH="2111"
                    HEIGHT="123">
            <Shape><Polygon POINTS="631 362 631 378 2739 336 2739 305 2731 255 2579 272 2481 261 2467 261 2464 261 2461 261 2458 261 2436 275 2273 266 2231 266 2228 266 2225 266 2223 266 2223 269 2220 269 2208 280 1970 275 1852 275 1849 275 628 314 631 362"/></Shape>
	    <String CONTENT=""
                    HPOS="628"
                    VPOS="255"
                    WIDTH="2111"
                    HEIGHT="123"></String>
          </TextLine>
          <TextLine ID="eSc_line_7cf47135"
                    TAGREFS="LT31"
                    BASELINE="625 423 2085 373 2733 367" 
                    HPOS="623"
                    VPOS="308"
                    WIDTH="2110"
                    HEIGHT="141">
            <Shape><Polygon POINTS="2669 308 2660 308 2576 322 2557 328 2343 331 2340 331 2324 317 2321 317 2318 317 2315 317 2312 317 2248 333 2242 333 2239 333 2211 319 2208 319 2206 319 2203 319 2200 319 2180 333 2178 336 2175 333 2141 322 2138 322 2136 322 2133 322 2130 322 2113 336 2110 336 2102 336 1933 328 1931 328 1743 348 1703 350 1692 348 1636 336 1633 336 1630 336 1627 336 1602 350 1599 353 1574 353 1451 342 1448 342 1445 342 1442 342 1425 356 1423 356 1420 356 1299 348 1296 348 1293 348 1268 362 1257 367 1021 370 1016 367 993 356 990 356 988 356 915 370 889 376 867 373 802 362 799 362 623 378 625 423 625 449 2733 384 2733 367 2731 319 2694 308 2669 308"/></Shape>
	    <String CONTENT=""
                    HPOS="623"
                    VPOS="308"
                    WIDTH="2110"
                    HEIGHT="141"></String>
          </TextLine>
          <TextLine ID="eSc_line_c64ad39b"
                    TAGREFS="LT31"
                    BASELINE="637 491 1574 449 2686 421" 
                    HPOS="634"
                    VPOS="378"
                    WIDTH="2052"
                    HEIGHT="141">
            <Shape><Polygon POINTS="637 491 637 505 693 519 696 519 799 502 822 499 895 499 1136 502 1139 502 1282 488 1395 479 1529 482 1642 485 1644 485 1647 485 1650 485 1658 479 1672 471 1695 479 1717 485 1720 485 1723 485 1765 477 1816 465 1903 474 1953 477 1956 477 2091 468 2338 451 2683 451 2686 421 2677 378 634 440 637 491"/></Shape>
	    <String CONTENT=""
                    HPOS="634"
                    VPOS="378"
                    WIDTH="2052"
                    HEIGHT="141"></String>
          </TextLine>
          <TextLine ID="eSc_line_c313b254"
                    TAGREFS="LT31"
                    BASELINE="631 552 1549 513 2694 485" 
                    HPOS="628"
                    VPOS="435"
                    WIDTH="2066"
                    HEIGHT="140">
            <Shape><Polygon POINTS="631 552 631 575 2694 502 2694 485 2686 443 2579 449 2571 446 2557 435 2554 435 2551 435 2548 435 2545 435 2523 446 2514 451 2220 460 2194 457 2133 449 2130 449 2065 460 2043 465 2029 463 1998 451 1995 451 1992 451 1990 451 1936 465 1919 468 1891 465 1787 457 1785 457 1782 457 1754 471 1745 474 1734 471 1692 460 1689 460 1686 460 1684 460 1681 460 1664 474 1658 477 1546 477 1159 477 1156 477 1153 477 1114 491 1105 493 1083 491 988 482 985 482 982 482 979 482 979 485 968 496 965 496 959 496 895 485 892 485 825 499 799 505 780 502 724 491 721 491 628 505 631 552"/></Shape>
	    <String CONTENT=""
                    HPOS="628"
                    VPOS="435"
                    WIDTH="2066"
                    HEIGHT="140"></String>
          </TextLine>
          <TextLine ID="eSc_line_e91919f4"
                    TAGREFS="LT31"
                    BASELINE="637 617 2273 561 2691 555" 
                    HPOS="634"
                    VPOS="510"
                    WIDTH="2057"
                    HEIGHT="141">
            <Shape><Polygon POINTS="637 617 637 637 718 651 721 651 2691 572 2691 555 2683 510 2077 516 1990 533 1976 536 1914 536 1484 536 1482 536 1400 552 1386 552 1366 552 1232 544 1229 544 634 575 637 617"/></Shape>
	    <String CONTENT=""
                    HPOS="634"
                    VPOS="510"
                    WIDTH="2057"
                    HEIGHT="141"></String>
          </TextLine>
          <TextLine ID="eSc_line_6ebd6cb4"
                    TAGREFS="LT31"
                    BASELINE="637 679 2711 620" 
                    HPOS="634"
                    VPOS="569"
                    WIDTH="2077"
                    HEIGHT="146">
            <Shape><Polygon POINTS="637 679 637 715 1470 676 1498 687 1512 690 1515 690 1518 690 1771 684 1773 684 1790 676 1801 670 1838 673 1914 682 1917 682 1995 667 2048 659 2074 665 2110 676 2113 676 2116 676 2180 662 2220 651 2615 642 2630 645 2672 659 2674 659 2677 659 2680 659 2711 642 2711 620 2705 583 2630 569 2627 569 2200 595 2051 586 2048 586 2046 586 2015 600 1723 595 1720 595 1717 595 1714 595 1695 609 1235 609 1232 609 634 639 637 679"/></Shape>
	    <String CONTENT=""
                    HPOS="634"
                    VPOS="569"
                    WIDTH="2077"
                    HEIGHT="146"></String>
          </TextLine>
          <TextLine ID="eSc_line_cde4456c"
                    TAGREFS="LT31"
                    BASELINE="617 749 2725 682" 
                    HPOS="614"
                    VPOS="634"
                    WIDTH="2111"
                    HEIGHT="146">
            <Shape><Polygon POINTS="617 749 617 771 875 780 878 780 968 763 979 763 1058 763 1493 763 1493 760 1751 743 1945 732 1984 738 2020 743 2023 743 2071 735 2141 724 2248 732 2273 732 2276 732 2279 732 2281 732 2281 729 2301 718 2607 721 2615 721 2618 721 2621 721 2658 707 2722 718 2725 682 2717 634 614 704 617 749"/></Shape>
	    <String CONTENT=""
                    HPOS="614"
                    VPOS="634"
                    WIDTH="2111"
                    HEIGHT="146"></String>
          </TextLine>
          <TextLine ID="eSc_line_858d64f7"
                    TAGREFS="LT31"
                    BASELINE="611 822 2728 749" 
                    HPOS="609"
                    VPOS="707"
                    WIDTH="2119"
                    HEIGHT="146">
            <Shape><Polygon POINTS="611 822 611 853 774 833 1150 825 1170 836 1173 839 1176 839 1178 839 1181 839 1249 833 1425 813 1479 825 1501 827 1504 827 1554 822 1644 808 1751 813 1827 816 1830 816 2728 774 2728 749 2719 707 609 771 611 822"/></Shape>
	    <String CONTENT=""
                    HPOS="609"
                    VPOS="707"
                    WIDTH="2119"
                    HEIGHT="146"></String>
          </TextLine>
          <TextLine ID="eSc_line_0cbf2fb8"
                    TAGREFS="LT31"
                    BASELINE="617 886 2736 822" 
                    HPOS="614"
                    VPOS="771"
                    WIDTH="2122"
                    HEIGHT="152">
            <Shape><Polygon POINTS="617 886 617 923 785 903 1249 903 1257 903 1260 903 1263 903 1366 884 1459 895 1462 895 1540 878 2068 878 2088 878 2091 878 2093 878 2183 858 2256 872 2259 872 2262 872 2295 856 2624 861 2641 861 2644 861 2646 861 2691 844 2728 858 2736 822 2728 771 2646 788 2604 774 2601 774 2599 774 2596 774 2545 777 2273 799 2161 791 2096 788 2093 788 2054 797 1998 808 1860 802 1729 799 1726 799 1723 799 1689 811 1667 816 1625 813 1549 805 1546 805 1543 805 1540 805 1526 816 1518 822 1459 819 1364 813 1361 813 1293 825 1260 830 1162 830 839 827 836 827 833 827 799 844 794 844 718 833 715 833 614 850 617 886"/></Shape>
	    <String CONTENT=""
                    HPOS="614"
                    VPOS="771"
                    WIDTH="2122"
                    HEIGHT="152"></String>
          </TextLine>
          <TextLine ID="eSc_line_10186c92"
                    TAGREFS="LT31"
                    BASELINE="617 959 2694 881" 
                    HPOS="614"
                    VPOS="836"
                    WIDTH="2080"
                    HEIGHT="149">
            <Shape><Polygon POINTS="617 959 617 985 2694 912 2694 881 2686 836 2023 867 1998 864 1950 856 1947 856 1872 870 1846 872 1835 870 1804 861 1801 861 1799 861 1796 861 1743 875 1723 878 1686 875 1580 870 1577 870 1574 870 1571 870 1557 881 1552 884 1524 884 1409 878 1406 878 1403 878 1364 889 1352 892 1347 892 1310 881 1307 881 1305 881 1220 895 1204 898 1195 898 1133 886 1131 886 1128 886 1063 903 1055 903 1041 903 912 895 909 895 906 895 903 895 881 909 850 898 847 898 844 898 614 920 617 959"/></Shape>
	    <String CONTENT=""
                    HPOS="614"
                    VPOS="836"
                    WIDTH="2080"
                    HEIGHT="149"></String>
          </TextLine>
          <TextLine ID="eSc_line_7cc2f23f"
                    TAGREFS="LT31"
                    BASELINE="609 1024 2324 954 2725 945" 
                    HPOS="606"
                    VPOS="889"
                    WIDTH="2119"
                    HEIGHT="169">
            <Shape><Polygon POINTS="609 1024 609 1058 2722 973 2725 945 2714 889 2674 903 2374 903 2357 903 2354 903 2349 903 2273 920 2211 909 2206 909 2203 909 2192 909 2063 929 1945 920 1942 920 1939 920 1936 920 1855 937 1813 926 1810 926 1807 926 1804 926 1215 965 606 971 609 1024"/></Shape>
	    <String CONTENT=""
                    HPOS="606"
                    VPOS="889"
                    WIDTH="2119"
                    HEIGHT="169"></String>
          </TextLine>
          <TextLine ID="eSc_line_f6f10598"
                    TAGREFS="LT31"
                    BASELINE="611 1086 2329 1018 2717 1013" 
                    HPOS="609"
                    VPOS="968"
                    WIDTH="2108"
                    HEIGHT="143">
            <Shape><Polygon POINTS="611 1086 611 1111 2717 1038 2717 1013 2711 971 2324 968 2321 968 2034 996 2009 996 1998 996 1894 985 1891 985 1889 985 1886 985 1860 1001 1849 1001 1717 990 1714 990 1712 990 1647 1010 1639 1010 1613 1010 1406 1004 1403 1004 1131 1030 1105 1030 1097 1030 1030 1018 1027 1018 915 1035 898 1038 875 1038 684 1030 682 1030 679 1030 609 1046 611 1086"/></Shape>
	    <String CONTENT=""
                    HPOS="609"
                    VPOS="968"
                    WIDTH="2108"
                    HEIGHT="143"></String>
          </TextLine>
          <TextLine ID="eSc_line_10b85b7b"
                    TAGREFS="LT31"
                    BASELINE="611 1150 2207 1092 2207 1092 2756 1061" 
                    HPOS="609"
                    VPOS="1027"
                    WIDTH="2116"
                    HEIGHT="154">
            <Shape><Polygon POINTS="611 1181 2722 1088 2725 1063 2719 1027 609 1108 611 1150"/></Shape>
	    <String CONTENT=""
                    HPOS="609"
                    VPOS="1027"
                    WIDTH="2116"
                    HEIGHT="154"></String>
          </TextLine>
          <TextLine ID="eSc_line_a82e54f9"
                    TAGREFS="LT31"
                    BASELINE="617 1209 2652 1122" 
                    HPOS="614"
                    VPOS="1088"
                    WIDTH="2038"
                    HEIGHT="144">
            <Shape><Polygon POINTS="617 1209 617 1232 2256 1175 2259 1175 2262 1175 2287 1161 2433 1167 2444 1167 2447 1167 2450 1167 2453 1167 2467 1153 2509 1164 2512 1164 2514 1164 2517 1164 2520 1164 2587 1147 2646 1159 2652 1122 2646 1088 614 1161 617 1209"/></Shape>
	    <String CONTENT=""
                    HPOS="614"
                    VPOS="1088"
                    WIDTH="2038"
                    HEIGHT="144"></String>
          </TextLine>
          <TextLine ID="eSc_line_f91605cc"
                    TAGREFS="LT31"
                    BASELINE="617 1282 2677 1181" 
                    HPOS="614"
                    VPOS="1133"
                    WIDTH="2063"
                    HEIGHT="180">
            <Shape><Polygon POINTS="617 1282 617 1313 1080 1279 1237 1285 1243 1285 1246 1285 1251 1285 1369 1265 1411 1277 1414 1277 1417 1277 1437 1277 1709 1248 1855 1254 1869 1254 1872 1254 1928 1251 2450 1212 2674 1212 2677 1181 2674 1145 2559 1133 2557 1133 2554 1133 2495 1153 2489 1156 2374 1159 1658 1181 1498 1201 1467 1204 1453 1204 1355 1192 1352 1192 1271 1212 1265 1212 1257 1212 1128 1204 1125 1204 1122 1204 1072 1220 1066 1223 1044 1223 898 1215 895 1215 614 1243 617 1282"/></Shape>
	    <String CONTENT=""
                    HPOS="614"
                    VPOS="1133"
                    WIDTH="2063"
                    HEIGHT="180"></String>
          </TextLine>
          <TextLine ID="eSc_line_3e673e0e"
                    TAGREFS="LT31"
                    BASELINE="614 1350 2691 1254" 
                    HPOS="611"
                    VPOS="1209"
                    WIDTH="2080"
                    HEIGHT="174">
            <Shape><Polygon POINTS="614 1350 614 1383 805 1361 903 1372 906 1372 909 1372 912 1372 1002 1352 1159 1358 1162 1358 1434 1333 1510 1344 1526 1344 1529 1344 1569 1338 1723 1319 1799 1327 1818 1330 1821 1330 1855 1324 1961 1307 2082 1313 2130 1316 2133 1316 2180 1310 2281 1291 2691 1282 2691 1254 2688 1218 2486 1209 2484 1209 2357 1229 2298 1218 2295 1218 2088 1240 2057 1229 2054 1229 2051 1229 2048 1229 1990 1248 1981 1248 1961 1248 1807 1240 1804 1240 1801 1240 1759 1257 1712 1246 1709 1246 1706 1246 1703 1246 1700 1246 1681 1260 1678 1265 1442 1274 1437 1271 1414 1260 1411 1260 1409 1260 1333 1277 1316 1279 1285 1279 1147 1271 1145 1271 1142 1271 1139 1271 1122 1285 1117 1291 929 1296 923 1296 895 1282 892 1282 889 1282 611 1307 614 1350"/></Shape>
	    <String CONTENT=""
                    HPOS="611"
                    VPOS="1209"
                    WIDTH="2080"
                    HEIGHT="174"></String>
          </TextLine>
          <TextLine ID="eSc_line_e9c359e9"
                    TAGREFS="LT31"
                    BASELINE="623 1417 1889 1361" 
                    HPOS="617"
                    VPOS="1316"
                    WIDTH="1272"
                    HEIGHT="137">
            <Shape><Polygon POINTS="623 1417 623 1453 752 1431 912 1442 929 1442 931 1442 934 1442 937 1442 937 1439 940 1439 951 1425 988 1439 993 1439 996 1439 999 1439 1002 1439 1004 1439 1004 1437 1007 1437 1021 1420 1103 1431 1125 1434 1128 1434 1187 1431 1190 1431 1192 1431 1192 1428 1195 1428 1209 1408 1383 1406 1420 1414 1437 1420 1439 1420 1442 1420 1490 1411 1580 1394 1633 1403 1667 1408 1670 1408 1672 1408 1675 1408 1684 1400 1703 1389 1757 1397 1801 1403 1804 1403 1889 1389 1889 1361 1880 1327 1743 1330 1703 1316 1700 1316 1698 1316 1507 1341 1498 1344 1322 1350 1282 1350 1257 1335 1254 1335 1251 1335 1249 1335 1246 1335 1181 1355 1178 1355 1133 1341 1131 1341 1128 1341 1125 1341 1122 1341 1105 1358 1063 1344 1060 1344 1058 1344 1055 1344 979 1364 973 1364 965 1364 808 1355 805 1355 617 1378 623 1417"/></Shape>
	    <String CONTENT=""
                    HPOS="617"
                    VPOS="1316"
                    WIDTH="1272"
                    HEIGHT="137"></String>
          </TextLine>
          <TextLine ID="eSc_line_b0aa85b0"
                    TAGREFS="LT31"
                    BASELINE="631 1490 2405 1422 2719 1422" 
                    HPOS="628"
                    VPOS="1372"
                    WIDTH="2091"
                    HEIGHT="152">
            <Shape><Polygon POINTS="631 1490 631 1524 2719 1439 2719 1422 2717 1372 2312 1372 2310 1372 2197 1389 2164 1378 2161 1378 2158 1378 2085 1394 2079 1394 2065 1394 1894 1389 1891 1389 1633 1411 1619 1411 1613 1411 1476 1403 1473 1403 1147 1428 940 1422 937 1422 783 1442 712 1431 710 1431 628 1448 631 1490"/></Shape>
	    <String CONTENT=""
                    HPOS="628"
                    VPOS="1372"
                    WIDTH="2091"
                    HEIGHT="152"></String>
          </TextLine>
          <TextLine ID="eSc_line_7e7a88cb"
                    TAGREFS="LT31"
                    BASELINE="611 1568 2677 1484" 
                    HPOS="609"
                    VPOS="1442"
                    WIDTH="2068"
                    HEIGHT="160">
            <Shape><Polygon POINTS="611 1568 611 1602 763 1582 937 1591 945 1591 948 1591 1091 1585 1094 1585 1097 1585 1122 1568 1153 1582 1156 1582 1159 1582 1162 1582 1187 1580 1375 1557 1482 1568 1504 1568 1507 1568 1510 1568 1521 1566 1577 1549 1782 1554 1849 1554 1852 1554 2318 1535 2321 1535 2324 1535 2329 1529 2346 1518 2419 1526 2467 1529 2470 1529 2472 1529 2486 1521 2503 1515 2674 1515 2677 1484 2672 1442 2136 1456 2133 1456 2110 1465 2096 1470 2077 1467 2034 1459 2032 1459 2029 1459 2004 1470 1995 1473 1990 1470 1967 1462 1964 1462 1961 1462 1959 1462 1911 1473 1889 1479 1849 1476 1757 1470 1754 1470 1656 1484 1616 1490 1580 1487 1484 1481 1482 1481 1319 1498 1271 1504 1249 1504 1164 1495 1162 1495 1024 1512 993 1515 951 1515 726 1512 724 1512 609 1529 611 1568"/></Shape>
	    <String CONTENT=""
                    HPOS="609"
                    VPOS="1442"
                    WIDTH="2068"
                    HEIGHT="160"></String>
          </TextLine>
          <TextLine ID="eSc_line_099bfe9e"
                    TAGREFS="LT31"
                    BASELINE="614 1641 2674 1552" 
                    HPOS="609"
                    VPOS="1512"
                    WIDTH="2065"
                    HEIGHT="166">
            <Shape><Polygon POINTS="614 1641 614 1678 743 1655 861 1669 870 1669 872 1669 886 1669 1066 1641 1173 1655 1190 1655 1192 1655 1223 1653 1389 1627 1437 1641 1445 1644 1448 1644 1451 1644 1453 1644 1467 1641 1521 1622 1636 1630 1639 1630 1642 1630 1712 1613 1754 1627 1768 1630 1771 1630 1773 1630 1776 1630 1793 1625 1841 1608 1911 1619 1922 1619 1925 1619 1942 1616 2034 1596 2251 1594 2265 1602 2279 1608 2281 1608 2284 1608 2287 1608 2310 1599 2340 1588 2377 1596 2411 1602 2413 1602 2461 1591 2500 1582 2674 1582 2674 1552 2669 1512 2248 1515 2245 1515 2242 1515 2217 1532 2211 1535 2088 1538 2074 1538 1990 1526 1987 1526 1984 1526 1953 1543 1950 1543 1917 1543 1720 1540 1717 1540 1650 1554 1636 1557 1619 1557 1512 1546 1510 1546 1380 1566 1322 1554 1319 1554 1316 1554 1257 1571 1249 1574 1235 1574 1125 1563 1122 1563 951 1585 929 1588 920 1588 870 1574 867 1574 864 1574 609 1599 614 1641"/></Shape>
	    <String CONTENT=""
                    HPOS="609"
                    VPOS="1512"
                    WIDTH="2065"
                    HEIGHT="166"></String>
          </TextLine>
          <TextLine ID="eSc_line_2ecd6355"
                    TAGREFS="LT33"
                    BASELINE="50 1728 566 1726" 
                    HPOS="47"
                    VPOS="1672"
                    WIDTH="519"
                    HEIGHT="101">
            <Shape><Polygon POINTS="378 1771 373 1771 334 1754 325 1751 311 1754 235 1773 227 1773 190 1759 182 1756 50 1759 50 1728 47 1695 280 1695 334 1681 373 1672 376 1672 443 1675 538 1681 552 1672 566 1680 566 1759"/></Shape>
	    <String CONTENT=""
                    HPOS="47"
                    VPOS="1672"
                    WIDTH="519"
                    HEIGHT="101"></String>
          </TextLine>
          <TextLine ID="eSc_line_647463a7"
                    BASELINE="621 1726 642 1726 1751 1661 2669 1627" 
                    HPOS="621"
                    VPOS="1577"
                    WIDTH="2048"
                    HEIGHT="178">
            <Shape><Polygon POINTS="684 1664 867 1667 915 1655 943 1647 948 1647 1038 1650 1195 1653 1282 1639 1327 1630 1330 1630 1372 1633 1448 1641 1498 1627 1521 1622 1524 1622 1801 1611 1804 1611 1832 1613 1911 1622 2155 1599 2242 1591 2248 1591 2256 1594 2281 1605 2419 1585 2444 1585 2503 1596 2660 1577 2669 1627 2669 1669 1947 1678 1903 1698 1880 1706 1872 1706 1849 1700 1813 1689 1684 1689 1515 1712 1462 1717 1459 1717 1420 1714 1366 1712 1352 1717 1330 1728 1327 1728 1190 1734 1181 1734 1167 1723 1159 1720 988 1731 621 1755 621 1664"/></Shape>
	    <String CONTENT=""
                    HPOS="621"
                    VPOS="1577"
                    WIDTH="2048"
                    HEIGHT="178"></String>
          </TextLine>
          <TextLine ID="eSc_line_f2349aab"
                    TAGREFS="LT31"
                    BASELINE="609 1799 2700 1692" 
                    HPOS="603"
                    VPOS="1644"
                    WIDTH="2097"
                    HEIGHT="188">
            <Shape><Polygon POINTS="609 1799 609 1832 741 1815 870 1821 881 1821 884 1821 906 1821 1103 1796 1147 1807 1153 1807 1156 1807 1159 1807 1192 1804 1330 1785 1515 1785 1583 1785 1585 1785 1622 1779 1712 1765 1779 1771 1818 1773 1821 1773 1897 1765 1992 1751 2015 1756 2029 1762 2032 1762 2034 1762 2037 1762 2040 1762 2040 1759 2046 1756 2054 1748 2096 1754 2141 1756 2144 1756 2147 1756 2178 1748 2208 1740 2256 1742 2312 1748 2315 1748 2700 1717 2700 1692 2691 1644 2568 1658 2526 1653 2486 1647 2484 1647 2481 1647 2453 1655 2419 1667 2343 1664 2262 1658 2259 1658 2256 1658 2228 1669 2203 1681 2040 1686 2015 1681 1990 1675 1987 1675 1984 1675 1919 1686 1874 1695 1858 1689 1838 1684 1835 1684 1832 1684 1830 1684 1827 1684 1827 1686 1818 1692 1813 1698 1782 1695 1712 1686 1709 1686 1622 1703 1594 1709 1583 1706 1552 1695 1549 1695 1546 1695 1543 1695 1482 1712 1476 1712 1470 1712 1380 1703 1378 1703 1375 1703 1372 1703 1355 1717 1352 1720 1344 1720 1274 1709 1271 1709 1268 1709 1220 1726 1215 1728 1209 1726 1176 1714 1173 1714 1170 1714 1167 1714 1108 1731 1100 1734 1080 1734 943 1726 940 1726 937 1726 884 1745 881 1745 875 1745 799 1737 797 1737 721 1754 687 1740 684 1740 682 1740 679 1740 603 1759 609 1799"/></Shape>
	    <String CONTENT=""
                    HPOS="603"
                    VPOS="1644"
                    WIDTH="2097"
                    HEIGHT="188"></String>
          </TextLine>
          <TextLine ID="eSc_line_ba34cc1e"
                    TAGREFS="LT31"
                    BASELINE="597 1877 2368 1785 2731 1776" 
                    HPOS="592"
                    VPOS="1731"
                    WIDTH="2139"
                    HEIGHT="188">
            <Shape><Polygon POINTS="597 1877 600 1919 690 1897 816 1908 819 1908 822 1908 973 1883 1251 1886 1254 1886 1257 1886 1260 1886 1324 1863 1352 1877 1355 1877 1358 1877 1700 1841 1824 1838 1852 1855 1855 1855 1858 1855 1860 1855 1863 1855 1973 1829 2130 1841 2133 1841 2136 1841 2138 1841 2194 1821 2332 1824 2335 1824 2413 1807 2728 1810 2731 1776 2725 1731 592 1824 597 1877"/></Shape>
	    <String CONTENT=""
                    HPOS="592"
                    VPOS="1731"
                    WIDTH="2139"
                    HEIGHT="188"></String>
          </TextLine>
          <TextLine ID="eSc_line_712f0634"
                    TAGREFS="LT31"
                    BASELINE="625 1947 2680 1866" 
                    HPOS="623"
                    VPOS="1810"
                    WIDTH="2057"
                    HEIGHT="160">
            <Shape><Polygon POINTS="625 1947 625 1970 1613 1945 1700 1936 1830 1922 1874 1930 1897 1933 1900 1933 1903 1933 1922 1928 1973 1916 2015 1925 2029 1928 2032 1928 2107 1922 2397 1900 2677 1902 2680 1866 2674 1810 2394 1818 2360 1824 2251 1852 1869 1852 1759 1852 1757 1852 1754 1852 1743 1858 1720 1869 1656 1860 1636 1860 1633 1860 1630 1860 1627 1860 1625 1863 1608 1877 1330 1886 1274 1883 1122 1869 1119 1869 1117 1869 1044 1894 1032 1900 830 1905 822 1905 696 1886 693 1886 690 1886 623 1911 625 1947"/></Shape>
	    <String CONTENT=""
                    HPOS="623"
                    VPOS="1810"
                    WIDTH="2057"
                    HEIGHT="160"></String>
          </TextLine>
          <TextLine ID="eSc_line_e1576278"
                    TAGREFS="LT34"
                    BASELINE="1355 1966 1473 1966" 
                    HPOS="1355"
                    VPOS="1966"
                    WIDTH="118"
                    HEIGHT="0">
	    <String CONTENT=""
                    HPOS="1355"
                    VPOS="1966"
                    WIDTH="118"
                    HEIGHT="0"></String>
          </TextLine>
          <TextLine ID="eSc_line_b83ec38c"
                    TAGREFS="LT34"
                    BASELINE="1938 1936 1985 1937" 
                    HPOS="1938"
                    VPOS="1936"
                    WIDTH="47"
                    HEIGHT="1">
	    <String CONTENT=""
                    HPOS="1938"
                    VPOS="1936"
                    WIDTH="47"
                    HEIGHT="1"></String>
          </TextLine>
          <TextLine ID="eSc_line_e940be43"
                    TAGREFS="LT31"
                    BASELINE="598 2025 2688 1936" 
                    HPOS="592"
                    VPOS="1897"
                    WIDTH="2096"
                    HEIGHT="151">
            <Shape><Polygon POINTS="595 2048 2688 1964 2688 1936 2683 1897 2279 1897 2276 1897 2169 1916 2158 1916 2155 1916 2130 1902 2127 1902 2124 1902 2037 1919 2026 1922 2018 1922 1956 1908 1953 1908 1827 1928 1810 1930 1801 1930 1743 1916 1740 1916 1737 1916 1664 1936 1656 1936 1650 1936 1597 1922 1594 1922 1591 1922 1378 1930 1375 1930 1310 1947 1302 1950 1279 1950 1128 1942 1125 1942 1122 1942 1089 1959 1086 1959 1044 1959 825 1956 822 1956 819 1956 794 1970 791 1970 788 1970 746 1956 743 1956 741 1956 592 1975 595 2017"/></Shape>
	    <String CONTENT=""
                    HPOS="592"
                    VPOS="1897"
                    WIDTH="2096"
                    HEIGHT="151"></String>
          </TextLine>
          <TextLine ID="eSc_line_a545f547"
                    TAGREFS="LT31"
                    BASELINE="586 2082 2697 2006" 
                    HPOS="583"
                    VPOS="1961"
                    WIDTH="2114"
                    HEIGHT="152">
            <Shape><Polygon POINTS="586 2082 586 2113 1524 2085 1689 2068 1762 2062 1858 2062 2147 2062 2150 2062 2293 2043 2310 2043 2324 2043 2458 2051 2461 2051 2542 2034 2545 2034 2613 2046 2615 2046 2697 2026 2697 2006 2688 1973 2495 1975 2464 1961 2461 1961 2458 1961 2211 1984 2141 1989 2023 1989 1757 1987 1754 1987 1698 1998 1656 2006 1633 2001 1613 1992 1611 1992 1608 1992 1605 1992 1588 2001 1571 2009 1552 2001 1535 1995 1532 1995 1529 1995 1526 1995 1501 2003 1479 2009 1439 2003 1400 2001 1397 2001 1395 2001 1380 2006 1352 2017 1268 2009 1229 2006 1226 2006 1223 2006 1220 2006 1215 2012 1195 2026 954 2032 931 2017 929 2017 926 2017 923 2017 920 2017 917 2017 889 2034 828 2020 819 2020 816 2020 813 2020 811 2020 785 2037 670 2029 668 2029 665 2029 662 2029 662 2032 648 2043 583 2029 586 2082"/></Shape>
	    <String CONTENT=""
                    HPOS="583"
                    VPOS="1961"
                    WIDTH="2114"
                    HEIGHT="152"></String>
          </TextLine>
          <TextLine ID="eSc_line_174995ae"
                    TAGREFS="LT31"
                    BASELINE="589 2152 2672 2071" 
                    HPOS="586"
                    VPOS="2032"
                    WIDTH="2086"
                    HEIGHT="148">
            <Shape><Polygon POINTS="589 2152 589 2180 1743 2130 1762 2144 1765 2144 1768 2144 1771 2144 1790 2141 1903 2127 1942 2138 1947 2138 1950 2138 1953 2138 1956 2138 1964 2135 2032 2119 2287 2124 2310 2124 2312 2124 2326 2124 2484 2102 2669 2110 2672 2071 2663 2032 586 2113 589 2152"/></Shape>
	    <String CONTENT=""
                    HPOS="586"
                    VPOS="2032"
                    WIDTH="2086"
                    HEIGHT="148"></String>
          </TextLine>
          <TextLine ID="eSc_line_d11cb296"
                    TAGREFS="LT31"
                    BASELINE="603 2214 2680 2141" 
                    HPOS="600"
                    VPOS="2107"
                    WIDTH="2080"
                    HEIGHT="141">
            <Shape><Polygon POINTS="603 2214 603 2248 687 2231 808 2242 830 2242 833 2242 836 2242 839 2242 839 2239 858 2225 1032 2234 1077 2234 1080 2234 1173 2228 1420 2208 1437 2217 1442 2220 1445 2220 1448 2220 1451 2220 1465 2217 1510 2203 1546 2214 1552 2214 1554 2214 1557 2214 1560 2214 1563 2211 1588 2200 1627 2211 1633 2211 1636 2211 1639 2211 1642 2211 1647 2208 1675 2194 1889 2189 1933 2200 1956 2203 1959 2203 1998 2197 2054 2186 2074 2194 2082 2197 2085 2197 2088 2197 2680 2169 2680 2141 2672 2107 600 2177 603 2214"/></Shape>
	    <String CONTENT=""
                    HPOS="600"
                    VPOS="2107"
                    WIDTH="2080"
                    HEIGHT="141"></String>
          </TextLine>
          <TextLine ID="eSc_line_8390074e"
                    TAGREFS="LT31"
                    BASELINE="583 2281 1911 2244 1911 2244 2700 2211" 
                    HPOS="581"
                    VPOS="2158"
                    WIDTH="2119"
                    HEIGHT="143">
            <Shape><Polygon POINTS="583 2301 2099 2267 2124 2264 2211 2250 2326 2259 2346 2259 2349 2259 2385 2256 2638 2236 2697 2248 2700 2211 2691 2158 2545 2163 2542 2163 2540 2163 2517 2180 2484 2166 2481 2166 2478 2166 2472 2166 2180 2192 2119 2180 2099 2177 2096 2177 2065 2183 1984 2200 1670 2200 1431 2200 1428 2200 1378 2211 1333 2222 1153 2225 1142 2220 1128 2211 1125 2211 1122 2211 1119 2211 1117 2211 1091 2222 1077 2228 1021 2225 929 2220 926 2220 749 2236 710 2239 707 2239 682 2225 679 2225 676 2225 581 2242 583 2281"/></Shape>
	    <String CONTENT=""
                    HPOS="581"
                    VPOS="2158"
                    WIDTH="2119"
                    HEIGHT="143"></String>
          </TextLine>
          <TextLine ID="eSc_line_83493805"
                    TAGREFS="LT31"
                    BASELINE="589 2351 2677 2295" 
                    HPOS="586"
                    VPOS="2242"
                    WIDTH="2091"
                    HEIGHT="149">
            <Shape><Polygon POINTS="589 2351 589 2391 673 2374 844 2382 886 2385 889 2385 892 2385 895 2385 898 2382 915 2371 1044 2377 1108 2380 1111 2380 1139 2374 1215 2357 1310 2368 1316 2368 1319 2368 1324 2368 1397 2354 1420 2366 1428 2368 1431 2368 1434 2368 1487 2363 1636 2346 1726 2354 1773 2360 1776 2360 1816 2351 1874 2340 1995 2346 2091 2351 2093 2351 2178 2340 2251 2332 2293 2337 2352 2346 2354 2346 2357 2346 2360 2346 2371 2335 2377 2332 2388 2335 2439 2343 2441 2343 2444 2343 2447 2343 2461 2332 2475 2323 2674 2323 2677 2295 2669 2242 2565 2262 2332 2264 2301 2250 2298 2250 2295 2250 2293 2250 2290 2250 2284 2253 2248 2267 2189 2256 2175 2253 2172 2253 2169 2253 2166 2253 2164 2256 2141 2270 2091 2259 2077 2256 2074 2256 2071 2256 2065 2259 2032 2273 1816 2267 1737 2264 1734 2264 1703 2270 1625 2284 1557 2273 1529 2270 1526 2270 1487 2276 1397 2290 1310 2281 1277 2279 1274 2279 1271 2279 1268 2279 1265 2281 1246 2293 1173 2284 1128 2281 1125 2281 1122 2281 1119 2281 1114 2287 1097 2298 1063 2287 1049 2284 1046 2284 1044 2284 1041 2284 1027 2290 999 2304 586 2304 589 2351"/></Shape>
	    <String CONTENT=""
                    HPOS="586"
                    VPOS="2242"
                    WIDTH="2091"
                    HEIGHT="149"></String>
          </TextLine>
          <TextLine ID="eSc_line_119679c3"
                    TAGREFS="LT31"
                    BASELINE="583 2427 2666 2377" 
                    HPOS="581"
                    VPOS="2335"
                    WIDTH="2085"
                    HEIGHT="123">
            <Shape><Polygon POINTS="583 2427 583 2458 1080 2450 1100 2447 1190 2433 1237 2444 1249 2447 1251 2447 1254 2447 1257 2447 1265 2444 1302 2427 1507 2424 1594 2436 1616 2438 1619 2438 1644 2436 1740 2419 1785 2433 1790 2433 1793 2433 1796 2433 1799 2433 1801 2433 1818 2419 1914 2430 1936 2430 1939 2430 1995 2427 2270 2408 2663 2410 2666 2377 2658 2335 581 2382 583 2427"/></Shape>
	    <String CONTENT=""
                    HPOS="581"
                    VPOS="2335"
                    WIDTH="2085"
                    HEIGHT="123"></String>
          </TextLine>
          <TextLine ID="eSc_line_ac2bf57e"
                    TAGREFS="LT31"
                    BASELINE="572 2497 2669 2438" 
                    HPOS="569"
                    VPOS="2396"
                    WIDTH="2100"
                    HEIGHT="130">
            <Shape><Polygon POINTS="572 2497 572 2526 1069 2526 1069 2523 1479 2506 2071 2478 2214 2489 2231 2489 2234 2489 2248 2489 2368 2469 2447 2483 2453 2483 2455 2483 2458 2483 2461 2483 2481 2464 2568 2464 2666 2478 2669 2438 2663 2399 2391 2396 2388 2396 2385 2396 2363 2405 2343 2410 2315 2405 2265 2396 2262 2396 2259 2396 2217 2408 2192 2413 2141 2408 2068 2402 2065 2402 2063 2402 2060 2402 2048 2410 2037 2419 2004 2413 1967 2405 1964 2405 1900 2413 1830 2424 1796 2416 1771 2410 1768 2410 1765 2410 1762 2410 1748 2416 1726 2430 1364 2438 1310 2427 1293 2424 1291 2424 1288 2424 1285 2424 1282 2427 1260 2441 1192 2430 1176 2427 1173 2427 1170 2427 1167 2427 1167 2430 1164 2430 1153 2441 830 2438 828 2438 825 2438 732 2455 569 2444 572 2497"/></Shape>
	    <String CONTENT=""
                    HPOS="569"
                    VPOS="2396"
                    WIDTH="2100"
                    HEIGHT="130"></String>
          </TextLine>
          <TextLine ID="eSc_line_066cffc4"
                    TAGREFS="LT31"
                    BASELINE="572 2573 2649 2509" 
                    HPOS="569"
                    VPOS="2464"
                    WIDTH="2080"
                    HEIGHT="149">
            <Shape><Polygon POINTS="572 2573 572 2596 631 2613 634 2613 637 2613 639 2613 698 2598 783 2610 785 2610 788 2610 791 2610 813 2593 929 2607 931 2607 1229 2579 1302 2573 1358 2576 1563 2587 1566 2587 1729 2582 1731 2582 1768 2565 1779 2559 1818 2562 1922 2576 1925 2576 2065 2556 2133 2548 2178 2554 2245 2562 2248 2562 2251 2562 2295 2551 2329 2542 2646 2542 2649 2509 2644 2469 2377 2464 2374 2464 2304 2481 2281 2483 2217 2483 2037 2478 2034 2478 2032 2478 2001 2489 1995 2492 1978 2492 1897 2481 1894 2481 1891 2481 1838 2495 1827 2497 1801 2497 1653 2486 1650 2486 1566 2506 1554 2506 1549 2506 1476 2492 1473 2492 1470 2492 1467 2492 1439 2509 1431 2509 1204 2500 1201 2500 1111 2520 1108 2520 1103 2520 951 2509 948 2509 746 2531 609 2520 606 2520 603 2520 569 2534 572 2573"/></Shape>
	    <String CONTENT=""
                    HPOS="569"
                    VPOS="2464"
                    WIDTH="2080"
                    HEIGHT="149"></String>
          </TextLine>
          <TextLine ID="eSc_line_a2826d51"
                    TAGREFS="LT31"
                    BASELINE="592 2655 2669 2576" 
                    HPOS="589"
                    VPOS="2540"
                    WIDTH="2080"
                    HEIGHT="148">
            <Shape><Polygon POINTS="592 2655 592 2688 769 2666 808 2680 811 2680 813 2680 816 2680 889 2660 1021 2671 1032 2671 1035 2671 1038 2671 1041 2671 1060 2655 1167 2666 1181 2666 1184 2666 1204 2663 1336 2643 1625 2646 1700 2646 1703 2646 1745 2641 1874 2624 1928 2635 1942 2635 1945 2635 2669 2601 2669 2576 2663 2540 2223 2540 2220 2540 2217 2540 2214 2540 2214 2542 2200 2556 2197 2556 2189 2556 2102 2545 2099 2545 2009 2562 1992 2565 1953 2565 1726 2559 1723 2559 1720 2559 1717 2559 1698 2576 1695 2576 1658 2576 1442 2570 1439 2570 1437 2570 1406 2584 1397 2590 1142 2596 1114 2582 1111 2582 1108 2582 1105 2582 1041 2598 1030 2601 1021 2601 962 2587 959 2587 819 2607 802 2610 794 2610 741 2596 738 2596 735 2596 589 2615 592 2655"/></Shape>
	    <String CONTENT=""
                    HPOS="589"
                    VPOS="2540"
                    WIDTH="2080"
                    HEIGHT="148"></String>
          </TextLine>
          <TextLine ID="eSc_line_bb9dae00"
                    TAGREFS="LT31"
                    BASELINE="586 2725 1041 2702 1880 2686 1880 2686 2674 2657" 
                    HPOS="583"
                    VPOS="2604"
                    WIDTH="2091"
                    HEIGHT="149">
            <Shape><Polygon POINTS="586 2753 875 2747 889 2744 976 2728 1069 2739 1072 2739 1075 2739 1077 2739 1170 2722 1279 2733 1288 2733 1291 2733 1296 2733 1380 2716 1439 2728 1451 2730 1453 2730 1470 2728 1560 2711 1703 2722 1729 2722 1731 2722 1734 2722 1740 2719 1779 2705 1846 2716 1849 2716 1852 2716 1855 2716 1883 2702 2077 2711 2119 2711 2121 2711 2141 2708 2228 2691 2298 2702 2312 2705 2315 2705 2411 2702 2413 2702 2416 2702 2416 2700 2433 2685 2467 2700 2470 2700 2472 2700 2475 2700 2478 2700 2484 2697 2517 2683 2672 2691 2674 2657 2666 2604 1933 2641 1897 2632 1874 2627 1872 2627 1869 2627 1866 2627 1852 2632 1832 2643 1787 2635 1762 2632 1759 2632 1757 2632 1754 2632 1748 2638 1734 2646 1543 2646 1316 2643 1313 2643 1125 2660 1060 2666 1002 2666 763 2660 760 2660 757 2660 755 2660 738 2674 738 2677 583 2680 586 2725"/></Shape>
	    <String CONTENT=""
                    HPOS="583"
                    VPOS="2604"
                    WIDTH="2091"
                    HEIGHT="149"></String>
          </TextLine>
          <TextLine ID="eSc_line_89101680"
                    TAGREFS="LT31"
                    BASELINE="581 2795 2620 2738 2690 2746" 
                    HPOS="578"
                    VPOS="2685"
                    WIDTH="2105"
                    HEIGHT="146">
            <Shape><Polygon POINTS="581 2831 878 2826 881 2826 886 2826 931 2809 1060 2820 1077 2820 1080 2820 1091 2820 1184 2798 1355 2812 1366 2812 1369 2812 1375 2812 1456 2792 1526 2806 1529 2806 1532 2806 1605 2787 1743 2801 1745 2801 1748 2801 1751 2801 1880 2778 1931 2795 1933 2795 1936 2795 2310 2767 2360 2781 2363 2781 2366 2781 2506 2778 2509 2778 2512 2778 2534 2761 2680 2775 2683 2736 2677 2700 2481 2685 2478 2685 2475 2685 2472 2685 2444 2702 2441 2702 2360 2691 2357 2691 2290 2705 2276 2708 2262 2705 2186 2694 2183 2694 2074 2711 2043 2714 2009 2711 1897 2702 1894 2702 1891 2702 1889 2702 1874 2714 1869 2716 1832 2716 1698 2708 1695 2708 1577 2719 1473 2730 1380 2725 1305 2719 1302 2719 1249 2728 1167 2742 578 2742 581 2795"/></Shape>
	    <String CONTENT=""
                    HPOS="578"
                    VPOS="2685"
                    WIDTH="2105"
                    HEIGHT="146"></String>
          </TextLine>
          <TextLine ID="eSc_line_0e23f223"
                    TAGREFS="LT31"
                    BASELINE="572 2868 1279 2840 2677 2812" 
                    HPOS="569"
                    VPOS="2761"
                    WIDTH="2108"
                    HEIGHT="132">
            <Shape><Polygon POINTS="572 2868 572 2893 766 2890 769 2890 774 2890 819 2874 898 2885 917 2888 920 2888 923 2888 934 2885 990 2871 1091 2882 1114 2882 1117 2882 1145 2879 1271 2862 1355 2874 1383 2876 1386 2876 1389 2876 1392 2876 1395 2874 1414 2859 1476 2871 1498 2874 1501 2874 1540 2868 1644 2854 1706 2865 1731 2868 1734 2868 1737 2868 1748 2862 1776 2851 1978 2857 2082 2859 2085 2859 2141 2854 2237 2840 2279 2848 2304 2854 2307 2854 2310 2854 2329 2848 2354 2840 2677 2840 2677 2812 2672 2772 2427 2761 2425 2761 2273 2781 2262 2781 2259 2781 2231 2767 2228 2767 2225 2767 2223 2767 2186 2784 2183 2784 2166 2784 2048 2772 2046 2772 2043 2772 2040 2772 2023 2787 2020 2787 2018 2787 1917 2775 1914 2775 1796 2792 1787 2792 1785 2792 1743 2778 1740 2778 1737 2778 1734 2778 1731 2778 1714 2795 1712 2795 1689 2795 1501 2784 1498 2784 1364 2803 1347 2803 1327 2803 1147 2792 1145 2792 1142 2792 1103 2809 1100 2809 1089 2809 957 2798 954 2798 951 2798 912 2815 906 2817 569 2820 572 2868"/></Shape>
	    <String CONTENT=""
                    HPOS="569"
                    VPOS="2761"
                    WIDTH="2108"
                    HEIGHT="132"></String>
          </TextLine>
          <TextLine ID="eSc_line_675ea81d"
                    TAGREFS="LT31"
                    BASELINE="572 2944 2688 2879" 
                    HPOS="569"
                    VPOS="2834"
                    WIDTH="2119"
                    HEIGHT="138">
            <Shape><Polygon POINTS="572 2944 572 2972 2688 2907 2688 2879 2683 2843 2439 2834 2436 2834 2433 2834 2405 2848 2397 2848 2287 2840 2284 2840 2281 2840 2231 2854 2225 2854 2220 2854 2189 2843 2186 2843 2183 2843 2180 2843 2138 2857 2130 2859 569 2896 572 2944"/></Shape>
	    <String CONTENT=""
                    HPOS="569"
                    VPOS="2834"
                    WIDTH="2119"
                    HEIGHT="138"></String>
          </TextLine>
          <TextLine ID="eSc_line_39a5ec8f"
                    TAGREFS="LT31"
                    BASELINE="575 3019 2674 2947" 
                    HPOS="572"
                    VPOS="2896"
                    WIDTH="2102"
                    HEIGHT="154">
            <Shape><Polygon POINTS="575 3019 575 3042 794 3050 797 3050 799 3050 853 3034 856 3034 858 3034 892 3048 895 3048 898 3048 968 3031 985 3028 996 3031 1055 3042 1058 3042 1147 3025 1150 3025 1156 3025 1209 3036 1212 3036 1215 3036 1218 3036 1240 3022 1249 3017 1557 3008 1574 3011 1619 3022 1622 3022 1625 3022 1801 3003 1874 2997 1891 3000 1928 3011 1931 3011 1933 3011 1936 3011 1961 3000 1973 2994 1987 2997 2020 3008 2023 3008 2026 3008 2674 2975 2674 2947 2669 2907 2545 2899 2542 2899 2540 2899 2495 2910 2489 2913 2484 2913 2433 2896 2430 2896 2427 2896 2335 2916 2324 2918 2315 2918 2265 2904 2262 2904 2259 2904 2256 2904 2253 2904 2231 2921 2228 2921 2214 2921 2147 2913 2144 2913 2141 2913 2113 2924 2102 2927 2063 2924 1914 2916 1911 2916 1908 2916 1872 2932 1860 2938 1605 2944 1591 2941 1546 2927 1543 2927 1540 2927 1538 2927 1479 2944 1456 2949 1417 2947 1302 2935 1299 2935 1296 2935 1240 2952 1215 2961 1119 2961 1108 2955 1077 2944 1075 2944 1072 2944 1069 2944 1038 2958 1027 2963 1016 2958 993 2952 990 2952 988 2952 985 2952 957 2961 940 2966 929 2961 900 2949 898 2949 895 2949 785 2966 732 2975 704 2969 653 2958 651 2958 572 2972 575 3019"/></Shape>
	    <String CONTENT=""
                    HPOS="572"
                    VPOS="2896"
                    WIDTH="2102"
                    HEIGHT="154"></String>
          </TextLine>
          <TextLine ID="eSc_line_62a9ede0"
                    TAGREFS="LT31"
                    BASELINE="558 3092 2686 3017" 
                    HPOS="555"
                    VPOS="2975"
                    WIDTH="2131"
                    HEIGHT="146">
            <Shape><Polygon POINTS="558 3092 558 3121 2686 3048 2686 3017 2680 2975 2279 2975 2276 2975 2273 2975 2211 2991 2192 2994 2169 2991 2113 2986 2110 2986 2006 2997 1961 3003 1919 3003 1785 2994 1782 2994 1779 2994 1776 2994 1759 3008 1757 3011 1571 3017 1526 3017 1336 3008 1333 3008 1330 3008 1327 3008 1305 3025 1302 3028 783 3045 763 3045 628 3034 625 3034 623 3034 555 3050 558 3092"/></Shape>
	    <String CONTENT=""
                    HPOS="555"
                    VPOS="2975"
                    WIDTH="2131"
                    HEIGHT="146"></String>
          </TextLine>
          <TextLine ID="eSc_line_17603296"
                    TAGREFS="LT31"
                    BASELINE="550 3157 692 3158 2026 3109 2540 3101" 
                    HPOS="547"
                    VPOS="3048"
                    WIDTH="2010"
                    HEIGHT="140">
            <Shape><Polygon POINTS="550 3188 2554 3140 2557 3101 2548 3048 547 3104 550 3157"/></Shape>
	    <String CONTENT=""
                    HPOS="547"
                    VPOS="3048"
                    WIDTH="2010"
                    HEIGHT="140"></String>
          </TextLine>
          <TextLine ID="eSc_line_c4b7865b"
                    TAGREFS="LT31"
                    BASELINE="564 3224 1336 3199 2019 3193 2020 3193 2672 3177" 
                    HPOS="561"
                    VPOS="3140"
                    WIDTH="2111"
                    HEIGHT="110">
            <Shape><Polygon POINTS="564 3250 1378 3224 1588 3233 1639 3233 1642 3233 1698 3230 1931 3213 2026 3224 2043 3224 2046 3224 2102 3222 2464 3202 2669 3210 2672 3177 2663 3140 1235 3154 1060 3171 965 3160 962 3160 561 3182 564 3224"/></Shape>
	    <String CONTENT=""
                    HPOS="561"
                    VPOS="3140"
                    WIDTH="2111"
                    HEIGHT="110"></String>
          </TextLine>
          <TextLine ID="eSc_line_1a52eef2"
                    TAGREFS="LT31"
                    BASELINE="555 3283 1937 3262 1937 3262 2666 3238" 
                    HPOS="552"
                    VPOS="3202"
                    WIDTH="2114"
                    HEIGHT="129">
            <Shape><Polygon POINTS="555 3331 693 3306 886 3323 892 3323 895 3323 900 3323 1083 3295 1274 3295 1327 3311 1330 3311 1333 3311 1336 3311 1338 3311 1338 3309 1352 3295 1493 3289 1681 3303 1740 3306 1743 3306 1846 3303 1849 3303 1860 3297 1891 3283 1964 3295 2004 3300 2006 3300 2009 3300 2034 3292 2071 3283 2116 3292 2130 3292 2133 3292 2136 3292 2138 3292 2138 3289 2161 3275 2251 3286 2253 3286 2256 3286 2259 3286 2329 3272 2368 3283 2391 3292 2394 3292 2397 3292 2500 3289 2503 3289 2506 3289 2520 3280 2537 3269 2559 3278 2579 3286 2582 3286 2585 3286 2666 3275 2666 3238 2658 3202 552 3236 555 3283"/></Shape>
	    <String CONTENT=""
                    HPOS="552"
                    VPOS="3202"
                    WIDTH="2114"
                    HEIGHT="129"></String>
          </TextLine>
        </TextBlock>
        <TextBlock HPOS="10"
                   VPOS="1262"
                   WIDTH="572"
                   HEIGHT="1889"
                   ID="ca59e5f4-6000-4cc5-a9ef-f38ada7c6878"
                   TAGREFS="BT43">
          <Shape><Polygon POINTS="582 1262 564 2375 552 3132 10 3151 25 1262"/></Shape>
          <TextLine ID="eSc_line_a9563546"
                    TAGREFS="LT31"
                    BASELINE="88 1847 541 1832" 
                    HPOS="88"
                    VPOS="1832"
                    WIDTH="453"
                    HEIGHT="15">
	    <String CONTENT=""
                    HPOS="88"
                    VPOS="1832"
                    WIDTH="453"
                    HEIGHT="15"></String>
          </TextLine>
          <TextLine ID="eSc_line_71c43130"
                    TAGREFS="LT33"
                    BASELINE="115 2651 384 2648" 
                    HPOS="95"
                    VPOS="2604"
                    WIDTH="208"
                    HEIGHT="73">
            <Shape><Polygon POINTS="98 2657 98 2677 303 2677 303 2646 297 2607 120 2604 117 2604 115 2604 112 2604 109 2604 95 2624"/></Shape>
	    <String CONTENT=""
                    HPOS="95"
                    VPOS="2604"
                    WIDTH="208"
                    HEIGHT="73"></String>
          </TextLine>
          <TextLine ID="eSc_line_976bdd4e"
                    TAGREFS="LT33"
                    BASELINE="82 2699 414 2694" 
                    HPOS="120"
                    VPOS="2657"
                    WIDTH="211"
                    HEIGHT="71">
            <Shape><Polygon POINTS="123 2728 328 2719 331 2694 325 2660 120 2657 123 2697"/></Shape>
	    <String CONTENT=""
                    HPOS="120"
                    VPOS="2657"
                    WIDTH="211"
                    HEIGHT="71"></String>
          </TextLine>
          <TextLine ID="eSc_line_74cf27a6"
                    TAGREFS="LT33"
                    BASELINE="64 2747 440 2744" 
                    HPOS="61"
                    VPOS="2702"
                    WIDTH="357"
                    HEIGHT="68">
            <Shape><Polygon POINTS="64 2770 415 2761 418 2742 409 2702 61 2705 64 2747"/></Shape>
	    <String CONTENT=""
                    HPOS="61"
                    VPOS="2702"
                    WIDTH="357"
                    HEIGHT="68"></String>
          </TextLine>
          <TextLine ID="eSc_line_62b37120"
                    TAGREFS="LT33"
                    BASELINE="56 2798 439 2799" 
                    HPOS="53"
                    VPOS="2761"
                    WIDTH="379"
                    HEIGHT="65">
            <Shape><Polygon POINTS="56 2820 426 2826 432 2795 423 2761 53 2761 56 2798"/></Shape>
	    <String CONTENT=""
                    HPOS="53"
                    VPOS="2761"
                    WIDTH="379"
                    HEIGHT="65"></String>
          </TextLine>
          <TextLine ID="eSc_line_3f6fe906"
                    TAGREFS="LT33"
                    BASELINE="47 2840 454 2845" 
                    HPOS="44"
                    VPOS="2801"
                    WIDTH="410"
                    HEIGHT="70">
            <Shape><Polygon POINTS="47 2812 47 2840 44 2862 449 2871 454 2845 454 2809 70 2801 47 2812"/></Shape>
	    <String CONTENT=""
                    HPOS="44"
                    VPOS="2801"
                    WIDTH="410"
                    HEIGHT="70"></String>
          </TextLine>
          <TextLine ID="eSc_line_5dadca99"
                    TAGREFS="LT33"
                    BASELINE="50 2888 465 2893" 
                    HPOS="47"
                    VPOS="2843"
                    WIDTH="418"
                    HEIGHT="81">
            <Shape><Polygon POINTS="50 2888 47 2910 460 2924 465 2893 465 2854 50 2843 50 2888"/></Shape>
	    <String CONTENT=""
                    HPOS="47"
                    VPOS="2843"
                    WIDTH="418"
                    HEIGHT="81"></String>
          </TextLine>
          <TextLine ID="eSc_line_d4f7fa98"
                    TAGREFS="LT33"
                    BASELINE="42 2941 457 2949" 
                    HPOS="39"
                    VPOS="2904"
                    WIDTH="418"
                    HEIGHT="68">
            <Shape><Polygon POINTS="70 2932 42 2932 42 2941 39 2963 451 2972 457 2949 454 2913 87 2904 70 2932"/></Shape>
	    <String CONTENT=""
                    HPOS="39"
                    VPOS="2904"
                    WIDTH="418"
                    HEIGHT="68"></String>
          </TextLine>
          <TextLine ID="eSc_line_93fa4bf9"
                    TAGREFS="LT33"
                    BASELINE="36 3000 474 3008" 
                    HPOS="33"
                    VPOS="2958"
                    WIDTH="441"
                    HEIGHT="87">
            <Shape><Polygon POINTS="92 2991 64 2975 56 2961 36 2961 36 3000 33 3031 42 3039 42 3042 44 3042 47 3042 50 3045 471 3045 474 3008 471 2958 109 2961 92 2991"/></Shape>
	    <String CONTENT=""
                    HPOS="33"
                    VPOS="2958"
                    WIDTH="441"
                    HEIGHT="87"></String>
          </TextLine>
          <TextLine ID="eSc_line_2f6c16bc"
                    TAGREFS="LT31"
                    BASELINE="71 3086 273 3084" 
                    HPOS="126"
                    VPOS="3045"
                    WIDTH="33"
                    HEIGHT="140">
            <Shape><Polygon POINTS="126 3185 159 3185 159 3095 154 3045 126 3056 126 3095"/></Shape>
	    <String CONTENT=""
                    HPOS="126"
                    VPOS="3045"
                    WIDTH="33"
                    HEIGHT="140"></String>
          </TextLine>
        </TextBlock>
        <TextBlock ID="eSc_dummyblock_">
          <TextLine ID="eSc_line_8b8bb8b9"
                    TAGREFS="LT33"
                    BASELINE="71 1362 418 1352" 
                    HPOS="98"
                    VPOS="1307"
                    WIDTH="320"
                    HEIGHT="76">
            <Shape><Polygon POINTS="154 1324 126 1333 98 1335 101 1355 101 1383 415 1369 418 1352 409 1307 199 1310 182 1319"/></Shape>
	    <String CONTENT=""
                    HPOS="98"
                    VPOS="1307"
                    WIDTH="320"
                    HEIGHT="76"></String>
          </TextLine>
          <TextLine ID="eSc_line_819267b6"
                    TAGREFS="LT33"
                    BASELINE="61 1403 406 1397" 
                    HPOS="58"
                    VPOS="1355"
                    WIDTH="348"
                    HEIGHT="79">
            <Shape><Polygon POINTS="87 1397 84 1364 58 1364 61 1403 61 1434 406 1425 406 1397 398 1355 106 1364 87 1397"/></Shape>
	    <String CONTENT=""
                    HPOS="58"
                    VPOS="1355"
                    WIDTH="348"
                    HEIGHT="79"></String>
          </TextLine>
          <TextLine ID="eSc_line_b89107ac"
                    TAGREFS="LT33"
                    BASELINE="58 1453 421 1451" 
                    HPOS="64"
                    VPOS="1411"
                    WIDTH="357"
                    HEIGHT="79">
            <Shape><Polygon POINTS="81 1414 64 1414 67 1453 67 1490 418 1481 421 1451 412 1411 106 1414 92 1425"/></Shape>
	    <String CONTENT=""
                    HPOS="64"
                    VPOS="1411"
                    WIDTH="357"
                    HEIGHT="79"></String>
          </TextLine>
          <TextLine ID="eSc_line_5c4153e0"
                    TAGREFS="LT33"
                    BASELINE="64 1509 474 1507" 
                    HPOS="61"
                    VPOS="1462"
                    WIDTH="413"
                    HEIGHT="81">
            <Shape><Polygon POINTS="89 1490 84 1473 61 1473 64 1509 64 1538 468 1543 474 1507 465 1462 101 1473 89 1490"/></Shape>
	    <String CONTENT=""
                    HPOS="61"
                    VPOS="1462"
                    WIDTH="413"
                    HEIGHT="81"></String>
          </TextLine>
          <TextLine ID="eSc_line_d7a2722e"
                    TAGREFS="LT33"
                    BASELINE="67 1563 494 1554" 
                    HPOS="64"
                    VPOS="1518"
                    WIDTH="430"
                    HEIGHT="81">
            <Shape><Polygon POINTS="176 1554 148 1549 120 1543 92 1538 72 1518 64 1518 67 1563 67 1585 202 1599 204 1599 491 1582 494 1554 485 1518 196 1518 176 1554"/></Shape>
	    <String CONTENT=""
                    HPOS="64"
                    VPOS="1518"
                    WIDTH="430"
                    HEIGHT="81"></String>
          </TextLine>
          <TextLine ID="eSc_line_0157df36"
                    TAGREFS="LT33"
                    BASELINE="58 1619 499 1608" 
                    HPOS="56"
                    VPOS="1563"
                    WIDTH="443"
                    HEIGHT="81">
            <Shape><Polygon POINTS="196 1611 168 1611 140 1613 112 1611 84 1605 81 1582 56 1582 58 1619 58 1644 499 1627 499 1608 491 1563 213 1577 196 1611"/></Shape>
	    <String CONTENT=""
                    HPOS="56"
                    VPOS="1563"
                    WIDTH="443"
                    HEIGHT="81"></String>
          </TextLine>
          <TextLine ID="eSc_line_c1730612"
                    TAGREFS="LT33"
                    BASELINE="56 1672 541 1664" 
                    HPOS="53"
                    VPOS="1625"
                    WIDTH="488"
                    HEIGHT="84">
            <Shape><Polygon POINTS="53 1658 56 1672 56 1709 538 1700 541 1664 533 1625 70 1630 53 1658"/></Shape>
	    <String CONTENT=""
                    HPOS="53"
                    VPOS="1625"
                    WIDTH="488"
                    HEIGHT="84"></String>
          </TextLine>
        </TextBlock>
      </PrintSpace>
    </Page>
  </Layout>
</alto>
