<?xml version="1.0" encoding="UTF-8"?>
<alto xmlns:xsi="http://www.w3.org/2001/XMLSchema-instance"
      xmlns="http://www.loc.gov/standards/alto/ns-v4#"
      xsi:schemaLocation="http://www.loc.gov/standards/alto/ns-v4# http://www.loc.gov/standards/alto/v4/alto-4-2.xsd">
  <Description>
    <MeasurementUnit>pixel</MeasurementUnit>
    <sourceImageInformation>
      <fileName>ARCH-DIV-000496_0269.png</fileName>
    </sourceImageInformation>
  </Description>
  <Tags>
    <OtherTag ID="BT42" LABEL="MainZone" DESCRIPTION="block type MainZone"/><OtherTag ID="BT43" LABEL="MarginTextZone" DESCRIPTION="block type MarginTextZone"/><OtherTag ID="BT44" LABEL="NumberingZone" DESCRIPTION="block type NumberingZone"/><OtherTag ID="BT45" LABEL="TitlePageZone" DESCRIPTION="block type TitlePageZone"/><OtherTag ID="BT46" LABEL="CustomZone:Numbering" DESCRIPTION="block type CustomZone:Numbering"/><OtherTag ID="BT49" LABEL="MarginTextZone:lower" DESCRIPTION="block type MarginTextZone:lower"/>
    <OtherTag ID="LT25" LABEL="default" DESCRIPTION="line type default"/><OtherTag ID="LT31" LABEL="DefaultLine" DESCRIPTION="line type DefaultLine"/><OtherTag ID="LT32" LABEL="HeadingLine" DESCRIPTION="line type HeadingLine"/><OtherTag ID="LT33" LABEL="InterlinearLine:addition" DESCRIPTION="line type InterlinearLine:addition"/><OtherTag ID="LT34" LABEL="InterlinearLine:correction" DESCRIPTION="line type InterlinearLine:correction"/>
  </Tags>
  <Layout>
    <Page WIDTH="2790"
          HEIGHT="3292"
          PHYSICAL_IMG_NR="268"
          ID="eSc_dummypage_">
      <PrintSpace HPOS="0"
                  VPOS="0"
                  WIDTH="2790"
                  HEIGHT="3292">
        <TextBlock HPOS="350"
                   VPOS="0"
                   WIDTH="2352"
                   HEIGHT="3292"
                   ID="e21d48cb-b6f8-4c52-a35c-7f8953e7ec38"
                   TAGREFS="BT42">
          <Shape><Polygon POINTS="2702 27 2674 576 2701 3292 350 3290 421 0"/></Shape>
          <TextLine ID="eSc_line_4e4f14bc"
                    TAGREFS="LT32"
                    BASELINE="1229 156 1722 172" 
                    HPOS="1229"
                    VPOS="87"
                    WIDTH="378"
                    HEIGHT="126">
            <Shape><Polygon POINTS="1338 93 1311 96 1283 98 1256 101 1240 101 1229 106 1231 178 1231 197 1366 194 1374 197 1410 213 1412 213 1415 213 1607 189 1607 167 1604 126 1536 101 1533 101 1530 101 1528 101 1525 101 1495 120 1486 128 1418 128 1407 117 1374 90 1374 87 1366 90"/></Shape>
	    <String CONTENT=""
                    HPOS="1229"
                    VPOS="87"
                    WIDTH="378"
                    HEIGHT="126"></String>
          </TextLine>
          <TextLine ID="eSc_line_eb28c4e5"
                    TAGREFS="LT32"
                    BASELINE="1142 314 2392 323" 
                    HPOS="1382"
                    VPOS="266"
                    WIDTH="1010"
                    HEIGHT="115">
            <Shape><Polygon POINTS="1385 359 1443 378 1445 378 1448 381 1514 381 1514 378 1517 378 1519 378 1519 375 1533 362 1539 353 1687 353 1731 364 1766 373 1769 373 1772 373 1774 373 1777 373 1777 370 1785 364 1791 356 1934 351 1999 367 2024 373 2027 373 2030 373 2101 367 2287 353 2389 370 2392 323 2378 274 2356 290 2224 290 2191 277 2164 266 2161 266 2159 266 2156 266 2126 277 2084 293 1956 293 1892 277 1857 271 1854 271 1816 277 1742 293 1673 279 1632 271 1629 271 1626 271 1624 271 1613 279 1582 299 1536 299 1517 279 1511 277 1511 274 1508 274 1506 274 1503 274 1382 279 1385 334"/></Shape>
	    <String CONTENT=""
                    HPOS="1382"
                    VPOS="266"
                    WIDTH="1010"
                    HEIGHT="115"></String>
          </TextLine>
          <TextLine ID="eSc_line_f9478a8e"
                    TAGREFS="LT32"
                    BASELINE="1384 517 1509 531" 
                    HPOS="1432"
                    VPOS="474"
                    WIDTH="68"
                    HEIGHT="110">
            <Shape><Polygon POINTS="1437 584 1500 576 1500 551 1495 485 1432 474 1437 554"/></Shape>
	    <String CONTENT=""
                    HPOS="1432"
                    VPOS="474"
                    WIDTH="68"
                    HEIGHT="110"></String>
          </TextLine>
          <TextLine ID="eSc_line_e7375f51"
                    TAGREFS="LT31"
                    BASELINE="587 609 2628 609" 
                    HPOS="587"
                    VPOS="543"
                    WIDTH="2041"
                    HEIGHT="104">
            <Shape><Polygon POINTS="587 609 587 630 685 647 688 647 691 647 743 633 787 647 790 647 792 647 877 633 924 647 927 647 929 647 995 633 1036 647 1039 647 1042 647 2628 633 2628 609 2625 543 2515 565 2383 545 2381 545 2263 559 2205 543 2202 543 2200 543 2197 543 2139 567 1895 545 1892 545 1890 545 1816 567 1755 548 1753 548 1750 548 1747 548 1744 548 1720 570 1355 570 1281 548 1278 548 1275 548 1272 548 1270 548 1242 567 1135 551 1133 551 759 567 707 543 705 543 587 543 587 609"/></Shape>
	    <String CONTENT=""
                    HPOS="587"
                    VPOS="543"
                    WIDTH="2041"
                    HEIGHT="104"></String>
          </TextLine>
          <TextLine ID="eSc_line_ddb34856"
                    TAGREFS="LT31"
                    BASELINE="502 685 1829 689 1829 689 2614 674" 
                    HPOS="499"
                    VPOS="625"
                    WIDTH="2115"
                    HEIGHT="93">
            <Shape><Polygon POINTS="502 718 2611 702 2614 674 2606 628 1972 639 1898 628 1879 625 1876 625 1854 628 1783 639 1758 628 1753 625 1750 625 1747 625 1714 628 1604 639 1569 628 1558 625 1555 625 1552 625 1550 625 1547 625 1544 628 1522 644 1341 644 1220 628 1207 628 1204 628 1201 628 1198 628 1165 641 1056 628 1042 628 1039 628 1036 628 1034 628 1012 644 499 630 502 685"/></Shape>
	    <String CONTENT=""
                    HPOS="499"
                    VPOS="625"
                    WIDTH="2115"
                    HEIGHT="93"></String>
          </TextLine>
          <TextLine ID="eSc_line_ab24f1c4"
                    TAGREFS="LT31"
                    BASELINE="499 762 2652 737" 
                    HPOS="496"
                    VPOS="699"
                    WIDTH="2156"
                    HEIGHT="99">
            <Shape><Polygon POINTS="499 762 499 798 737 779 2650 768 2652 737 2644 699 496 721 499 762"/></Shape>
	    <String CONTENT=""
                    HPOS="496"
                    VPOS="699"
                    WIDTH="2156"
                    HEIGHT="99"></String>
          </TextLine>
          <TextLine ID="eSc_line_6d2a2cfd"
                    TAGREFS="LT31"
                    BASELINE="502 833 814 820 1878 816 2655 795" 
                    HPOS="499"
                    VPOS="748"
                    WIDTH="2156"
                    HEIGHT="110">
            <Shape><Polygon POINTS="502 858 2652 828 2655 795 2647 748 499 784 502 833"/></Shape>
	    <String CONTENT=""
                    HPOS="499"
                    VPOS="748"
                    WIDTH="2156"
                    HEIGHT="110"></String>
          </TextLine>
          <TextLine ID="eSc_line_055dfa05"
                    TAGREFS="LT31"
                    BASELINE="502 897 2068 864 2628 864" 
                    HPOS="499"
                    VPOS="812"
                    WIDTH="2129"
                    HEIGHT="107">
            <Shape><Polygon POINTS="502 897 502 919 2625 883 2628 864 2625 820 2268 812 2266 812 1986 828 1939 831 1909 831 1728 823 1725 823 499 853 502 897"/></Shape>
	    <String CONTENT=""
                    HPOS="499"
                    VPOS="812"
                    WIDTH="2129"
                    HEIGHT="107"></String>
          </TextLine>
          <TextLine ID="eSc_line_be6e87b8"
                    TAGREFS="LT31"
                    BASELINE="477 968 2647 927" 
                    HPOS="474"
                    VPOS="888"
                    WIDTH="2173"
                    HEIGHT="102">
            <Shape><Polygon POINTS="477 968 477 990 2647 960 2647 927 2639 888 1212 902 1168 905 1042 919 929 908 905 908 902 908 899 908 897 908 897 910 875 921 707 913 705 913 609 927 474 916 477 968"/></Shape>
	    <String CONTENT=""
                    HPOS="474"
                    VPOS="888"
                    WIDTH="2173"
                    HEIGHT="102"></String>
          </TextLine>
          <TextLine ID="eSc_line_5e86b2a6"
                    TAGREFS="LT31"
                    BASELINE="474 1036 2639 987" 
                    HPOS="471"
                    VPOS="943"
                    WIDTH="2168"
                    HEIGHT="121">
            <Shape><Polygon POINTS="474 1036 474 1064 2639 1020 2639 987 2633 949 2279 943 2276 943 2202 954 2145 962 2054 957 1966 951 1964 951 1961 951 1936 960 1903 968 1865 960 1832 954 1829 954 1574 960 1514 965 1396 979 1325 968 1311 968 1308 968 1305 968 1303 968 1303 971 1286 982 1215 971 1190 968 1187 968 1185 968 1176 971 1146 984 1086 973 1069 971 1067 971 1064 971 1056 973 1012 987 877 976 861 976 858 976 839 976 674 995 620 982 617 982 614 982 611 982 609 982 581 998 471 984 474 1036"/></Shape>
	    <String CONTENT=""
                    HPOS="471"
                    VPOS="943"
                    WIDTH="2168"
                    HEIGHT="121"></String>
          </TextLine>
          <TextLine ID="eSc_line_e2ee2910"
                    TAGREFS="LT31"
                    BASELINE="474 1100 2197 1053 2617 1053" 
                    HPOS="471"
                    VPOS="1001"
                    WIDTH="2146"
                    HEIGHT="123">
            <Shape><Polygon POINTS="474 1100 474 1124 2617 1080 2617 1053 2611 1012 2323 1015 2301 1001 2298 1001 2296 1001 2293 1001 2290 1001 2233 1017 2084 1006 2082 1006 1758 1031 1673 1017 1670 1017 1667 1017 1604 1034 1355 1026 1352 1026 1349 1026 1303 1042 1116 1031 1113 1031 471 1064 474 1100"/></Shape>
	    <String CONTENT=""
                    HPOS="471"
                    VPOS="1001"
                    WIDTH="2146"
                    HEIGHT="123"></String>
          </TextLine>
          <TextLine ID="eSc_line_3de7ee31"
                    TAGREFS="LT31"
                    BASELINE="471 1168 1497 1130 2630 1108" 
                    HPOS="469"
                    VPOS="1056"
                    WIDTH="2161"
                    HEIGHT="140">
            <Shape><Polygon POINTS="471 1168 471 1196 779 1176 844 1187 866 1190 869 1190 921 1185 1083 1168 1133 1179 1141 1182 1143 1182 1146 1182 1149 1182 1152 1182 1154 1179 1174 1163 1379 1160 1530 1171 1558 1171 1560 1171 1563 1171 1566 1171 1566 1168 1591 1154 1840 1160 1843 1160 1846 1160 1849 1160 1868 1146 1920 1160 1923 1160 1925 1160 1928 1160 1931 1160 1934 1160 1997 1143 2145 1154 2161 1154 2164 1154 2175 1154 2271 1135 2628 1141 2630 1108 2622 1056 469 1122 471 1168"/></Shape>
	    <String CONTENT=""
                    HPOS="469"
                    VPOS="1056"
                    WIDTH="2161"
                    HEIGHT="140"></String>
          </TextLine>
          <TextLine ID="eSc_line_625fd130"
                    TAGREFS="LT31"
                    BASELINE="471 1231 1999 1179 2578 1174" 
                    HPOS="469"
                    VPOS="1130"
                    WIDTH="2109"
                    HEIGHT="129">
            <Shape><Polygon POINTS="471 1231 471 1259 2578 1196 2578 1174 2570 1130 469 1190 471 1231"/></Shape>
	    <String CONTENT=""
                    HPOS="469"
                    VPOS="1130"
                    WIDTH="2109"
                    HEIGHT="129"></String>
          </TextLine>
          <TextLine ID="eSc_line_6b7d2b8d"
                    TAGREFS="LT31"
                    BASELINE="460 1292 1947 1239 2586 1231" 
                    HPOS="458"
                    VPOS="1174"
                    WIDTH="2128"
                    HEIGHT="142">
            <Shape><Polygon POINTS="2567 1176 2540 1176 2534 1176 2183 1198 2049 1193 1986 1190 1983 1190 1980 1190 1961 1196 1920 1207 1829 1201 1753 1196 1750 1196 1613 1209 1489 1220 1467 1215 1445 1207 1443 1207 1440 1207 1437 1207 1418 1215 1404 1223 1393 1218 1385 1209 1382 1209 1379 1209 1377 1209 1292 1220 1248 1226 1220 1223 1149 1215 1146 1215 1083 1229 1056 1234 1050 1229 1036 1220 1034 1220 1031 1220 1028 1220 1026 1220 982 1231 960 1237 877 1237 633 1231 630 1231 458 1250 460 1292 460 1316 2586 1250 2586 1231 2578 1174 2567 1174 2567 1176"/></Shape>
	    <String CONTENT=""
                    HPOS="458"
                    VPOS="1174"
                    WIDTH="2128"
                    HEIGHT="142"></String>
          </TextLine>
          <TextLine ID="eSc_line_dde9e14f"
                    TAGREFS="LT31"
                    BASELINE="460 1363 2041 1303 2595 1292" 
                    HPOS="458"
                    VPOS="1250"
                    WIDTH="2137"
                    HEIGHT="143">
            <Shape><Polygon POINTS="460 1363 460 1382 598 1393 600 1393 680 1377 688 1377 707 1377 910 1382 913 1382 1034 1366 1069 1363 1105 1366 1215 1371 1218 1371 1281 1360 1308 1352 2595 1319 2595 1292 2586 1250 458 1319 460 1363"/></Shape>
	    <String CONTENT=""
                    HPOS="458"
                    VPOS="1250"
                    WIDTH="2137"
                    HEIGHT="143"></String>
          </TextLine>
          <TextLine ID="eSc_line_b18240ef"
                    TAGREFS="LT31"
                    BASELINE="452 1432 2606 1349" 
                    HPOS="449"
                    VPOS="1311"
                    WIDTH="2157"
                    HEIGHT="156">
            <Shape><Polygon POINTS="452 1432 458 1467 480 1453 606 1462 663 1464 666 1464 669 1464 688 1459 740 1440 962 1434 1220 1440 1308 1440 1311 1440 1379 1434 1602 1410 1698 1421 1720 1423 1722 1423 1725 1423 1728 1423 1728 1421 1731 1421 1747 1404 1774 1418 1780 1421 1783 1421 1785 1421 1788 1421 1799 1418 1862 1401 2227 1401 2298 1401 2301 1401 2304 1401 2307 1401 2307 1399 2329 1382 2534 1374 2600 1388 2606 1349 2597 1311 1728 1346 1689 1341 1662 1336 1659 1336 1656 1336 1632 1341 1585 1352 1443 1346 1374 1346 1371 1346 1289 1352 1080 1371 1028 1360 1015 1360 1012 1360 984 1363 866 1379 809 1368 801 1368 798 1368 781 1368 652 1388 598 1377 595 1377 592 1377 589 1377 587 1377 587 1379 573 1390 449 1382 452 1432"/></Shape>
	    <String CONTENT=""
                    HPOS="449"
                    VPOS="1311"
                    WIDTH="2157"
                    HEIGHT="156"></String>
          </TextLine>
          <TextLine ID="eSc_line_db2fd5ff"
                    TAGREFS="LT31"
                    BASELINE="441 1500 1969 1434 2589 1418" 
                    HPOS="438"
                    VPOS="1374"
                    WIDTH="2151"
                    HEIGHT="151">
            <Shape><Polygon POINTS="441 1500 441 1525 1385 1500 1415 1495 1462 1481 1950 1475 2008 1473 2010 1473 2013 1473 2063 1459 2222 1464 2235 1464 2238 1464 2241 1464 2274 1451 2586 1451 2589 1418 2581 1374 1903 1388 1901 1388 1843 1404 1832 1404 1827 1404 1774 1393 1772 1393 1769 1393 1714 1407 1703 1410 1695 1410 1640 1399 1637 1399 1635 1399 1577 1412 1566 1415 1558 1415 1506 1404 1503 1404 438 1459 441 1500"/></Shape>
	    <String CONTENT=""
                    HPOS="438"
                    VPOS="1374"
                    WIDTH="2151"
                    HEIGHT="151"></String>
          </TextLine>
          <TextLine ID="eSc_line_8ed60541"
                    TAGREFS="LT31"
                    BASELINE="455 1569 2603 1484" 
                    HPOS="452"
                    VPOS="1448"
                    WIDTH="2151"
                    HEIGHT="159">
            <Shape><Polygon POINTS="455 1569 455 1607 545 1588 658 1599 661 1599 663 1599 666 1599 732 1580 795 1593 798 1593 801 1593 809 1593 965 1571 1064 1582 1075 1582 1078 1582 1423 1569 1426 1569 1429 1569 1429 1566 1456 1552 1481 1566 1484 1566 1486 1566 1489 1566 1492 1566 1495 1566 1495 1563 1514 1552 1582 1560 1591 1560 1593 1560 1610 1560 1777 1536 2600 1517 2603 1484 2597 1448 452 1533 455 1569"/></Shape>
	    <String CONTENT=""
                    HPOS="452"
                    VPOS="1448"
                    WIDTH="2151"
                    HEIGHT="159"></String>
          </TextLine>
          <TextLine ID="eSc_line_74d4bb44"
                    TAGREFS="LT31"
                    BASELINE="452 1643 718 1621 1392 1599 1392 1599 2581 1549" 
                    HPOS="447"
                    VPOS="1506"
                    WIDTH="2134"
                    HEIGHT="164">
            <Shape><Polygon POINTS="455 1670 526 1651 570 1662 573 1662 576 1662 578 1662 581 1662 603 1646 839 1654 869 1654 872 1654 891 1651 1015 1629 1119 1640 1143 1643 1146 1643 1149 1643 1157 1640 1185 1629 1377 1629 1462 1629 1464 1629 1467 1629 1475 1626 1506 1610 1643 1618 1711 1621 1714 1621 1783 1613 1851 1602 1881 1607 1914 1613 1917 1613 2027 1602 2139 1588 2191 1593 2255 1599 2257 1599 2307 1588 2353 1577 2403 1582 2463 1591 2466 1591 2578 1574 2581 1549 2578 1514 2408 1506 2405 1506 2403 1506 2340 1522 2331 1522 2318 1522 2197 1514 2194 1514 1956 1536 1912 1539 1879 1539 1714 1533 1711 1533 1709 1533 1706 1533 1689 1547 1684 1549 1624 1549 1294 1549 1292 1549 1289 1549 1286 1549 1267 1560 1264 1563 1261 1560 1237 1552 1234 1552 1231 1552 1229 1552 1226 1552 1209 1563 1204 1566 1127 1566 869 1566 866 1566 864 1566 861 1566 844 1577 839 1582 447 1591 452 1643"/></Shape>
	    <String CONTENT=""
                    HPOS="447"
                    VPOS="1506"
                    WIDTH="2134"
                    HEIGHT="164"></String>
          </TextLine>
          <TextLine ID="eSc_line_c7be90fa"
                    TAGREFS="LT31"
                    BASELINE="444 1706 2573 1624" 
                    HPOS="441"
                    VPOS="1569"
                    WIDTH="2132"
                    HEIGHT="153">
            <Shape><Polygon POINTS="444 1706 444 1722 2570 1654 2573 1624 2565 1569 2411 1591 2230 1582 2200 1582 2197 1582 2167 1585 2021 1604 1945 1596 1917 1593 1914 1593 1890 1599 1821 1615 1533 1615 1377 1615 1374 1615 1333 1624 1272 1637 1047 1637 877 1637 875 1637 872 1637 844 1646 823 1651 809 1646 784 1637 781 1637 779 1637 776 1637 751 1648 743 1654 716 1651 652 1643 650 1643 441 1662 444 1706"/></Shape>
	    <String CONTENT=""
                    HPOS="441"
                    VPOS="1569"
                    WIDTH="2132"
                    HEIGHT="153"></String>
          </TextLine>
          <TextLine ID="eSc_line_b5264271"
                    TAGREFS="LT31"
                    BASELINE="452 1769 2559 1692" 
                    HPOS="449"
                    VPOS="1654"
                    WIDTH="2110"
                    HEIGHT="137">
            <Shape><Polygon POINTS="452 1769 452 1791 1124 1783 1127 1783 1130 1783 1146 1772 1157 1766 1242 1769 1349 1772 1352 1772 1388 1763 1437 1750 1906 1750 1956 1747 1975 1747 2260 1722 2554 1728 2559 1692 2551 1654 1953 1659 1950 1659 1947 1659 1931 1670 1923 1676 1862 1673 1753 1667 1750 1667 1747 1667 1728 1678 1714 1684 1689 1678 1656 1670 1654 1670 1651 1670 1648 1670 1610 1681 1574 1689 1462 1684 1357 1681 1355 1681 1256 1692 1119 1706 1028 1698 984 1695 982 1695 979 1695 976 1695 971 1700 951 1711 872 1703 839 1700 836 1700 833 1700 831 1700 825 1703 803 1717 765 1706 754 1703 751 1703 748 1703 746 1703 729 1706 669 1722 614 1711 600 1709 598 1709 595 1709 592 1709 589 1711 565 1725 449 1717 452 1769"/></Shape>
	    <String CONTENT=""
                    HPOS="449"
                    VPOS="1654"
                    WIDTH="2110"
                    HEIGHT="137"></String>
          </TextLine>
          <TextLine ID="eSc_line_6bdf3637"
                    TAGREFS="LT31"
                    BASELINE="441 1838 1204 1819 1668 1794 1668 1794 2551 1761" 
                    HPOS="438"
                    VPOS="1714"
                    WIDTH="2113"
                    HEIGHT="148">
            <Shape><Polygon POINTS="441 1859 814 1862 817 1862 990 1843 1036 1854 1039 1854 1042 1854 1453 1827 1492 1838 1495 1838 1497 1838 1500 1838 1560 1821 1577 1818 1624 1818 1794 1827 1796 1827 1912 1810 1950 1805 1980 1807 2076 1816 2079 1816 2082 1816 2084 1816 2104 1802 2109 1799 2115 1802 2142 1813 2145 1813 2148 1813 2150 1813 2153 1813 2172 1799 2178 1796 2202 1799 2263 1807 2266 1807 2268 1807 2271 1807 2285 1796 2290 1794 2304 1796 2367 1805 2370 1805 2373 1805 2375 1805 2394 1791 2405 1788 2551 1788 2551 1761 2543 1720 2282 1731 2274 1728 2255 1714 2252 1714 2249 1714 2246 1714 2175 1731 2150 1736 2079 1733 1950 1731 1947 1731 1945 1731 1942 1731 1931 1739 1923 1747 1698 1752 1676 1750 1629 1739 1626 1739 1624 1739 1621 1739 1602 1752 1599 1752 1596 1752 1558 1739 1555 1739 1552 1739 1174 1752 1171 1752 1119 1769 1097 1774 1058 1772 973 1761 971 1761 968 1761 965 1761 965 1763 951 1774 946 1780 902 1777 801 1766 798 1766 726 1783 696 1791 438 1791 441 1838"/></Shape>
	    <String CONTENT=""
                    HPOS="438"
                    VPOS="1714"
                    WIDTH="2113"
                    HEIGHT="148"></String>
          </TextLine>
          <TextLine ID="eSc_line_4dbcf58e"
                    TAGREFS="LT34"
                    BASELINE="1156 1785 1463 1770" 
                    HPOS="1156"
                    VPOS="1770"
                    WIDTH="307"
                    HEIGHT="15">
	    <String CONTENT=""
                    HPOS="1156"
                    VPOS="1770"
                    WIDTH="307"
                    HEIGHT="15"></String>
          </TextLine>
          <TextLine ID="eSc_line_c0058bee"
                    TAGREFS="LT31"
                    BASELINE="436 1912 1849 1854" 
                    HPOS="433"
                    VPOS="1818"
                    WIDTH="1416"
                    HEIGHT="132">
            <Shape><Polygon POINTS="436 1912 438 1950 504 1934 622 1942 633 1942 636 1942 828 1934 831 1934 833 1934 833 1931 853 1920 940 1925 971 1928 973 1928 1849 1881 1849 1854 1840 1818 433 1873 436 1912"/></Shape>
	    <String CONTENT=""
                    HPOS="433"
                    VPOS="1818"
                    WIDTH="1416"
                    HEIGHT="132"></String>
          </TextLine>
          <TextLine ID="eSc_line_1df0bc67"
                    TAGREFS="LT31"
                    BASELINE="469 1988 2597 1914" 
                    HPOS="466"
                    VPOS="1862"
                    WIDTH="2131"
                    HEIGHT="154">
            <Shape><Polygon POINTS="469 1988 469 2016 2597 1950 2597 1914 2592 1873 2367 1862 2364 1862 2287 1881 2279 1881 2268 1881 2145 1870 2142 1870 2139 1870 2137 1870 2117 1887 2115 1887 2076 1887 1818 1881 1816 1881 1750 1898 1731 1901 1703 1898 1629 1890 1626 1890 1624 1890 1588 1901 1571 1906 1486 1903 1333 1901 1330 1901 1327 1901 1286 1912 1256 1917 1165 1914 1028 1909 1026 1909 979 1920 940 1931 466 1934 469 1988"/></Shape>
	    <String CONTENT=""
                    HPOS="466"
                    VPOS="1862"
                    WIDTH="2131"
                    HEIGHT="154"></String>
          </TextLine>
          <TextLine ID="eSc_line_90fd185a"
                    TAGREFS="LT31"
                    BASELINE="419 2057 2576 1991" 
                    HPOS="416"
                    VPOS="1950"
                    WIDTH="2160"
                    HEIGHT="134">
            <Shape><Polygon POINTS="419 2057 419 2084 1857 2054 1939 2038 2030 2049 2032 2049 2035 2049 2104 2030 2576 2013 2576 1991 2567 1950 416 2008 419 2057"/></Shape>
	    <String CONTENT=""
                    HPOS="416"
                    VPOS="1950"
                    WIDTH="2160"
                    HEIGHT="134"></String>
          </TextLine>
          <TextLine ID="eSc_line_5dc6c114"
                    TAGREFS="LT31"
                    BASELINE="427 2126 1346 2104 2076 2071 2573 2071" 
                    HPOS="425"
                    VPOS="2027"
                    WIDTH="2148"
                    HEIGHT="132">
            <Shape><Polygon POINTS="427 2126 427 2159 641 2142 1050 2142 1105 2142 1108 2142 1111 2142 1113 2142 1143 2128 1303 2137 1330 2137 1333 2137 1349 2134 1453 2117 1563 2128 1566 2128 1569 2128 1571 2128 1646 2112 1722 2126 1733 2126 1736 2126 1739 2126 1742 2126 1766 2109 1909 2117 1912 2117 2145 2098 2307 2109 2320 2109 2323 2109 2326 2109 2329 2109 2348 2093 2570 2101 2573 2071 2570 2027 2041 2027 2038 2027 1923 2043 1903 2046 1890 2046 1783 2035 1780 2035 1777 2035 1731 2052 1725 2052 1720 2052 1689 2038 1687 2038 1684 2038 1681 2038 1637 2054 1629 2054 1624 2054 1571 2041 1569 2041 1566 2041 1563 2041 1533 2057 1528 2060 1330 2062 1327 2062 1308 2049 1305 2049 1303 2049 1300 2049 1146 2052 1143 2052 1072 2071 973 2073 724 2079 718 2079 540 2068 537 2068 425 2087 427 2126"/></Shape>
	    <String CONTENT=""
                    HPOS="425"
                    VPOS="2027"
                    WIDTH="2148"
                    HEIGHT="132"></String>
          </TextLine>
          <TextLine ID="eSc_line_0518703a"
                    TAGREFS="LT31"
                    BASELINE="422 2202 2115 2142 2584 2134" 
                    HPOS="419"
                    VPOS="2090"
                    WIDTH="2165"
                    HEIGHT="151">
            <Shape><Polygon POINTS="422 2202 422 2241 515 2222 957 2222 1058 2222 1058 2219 1168 2211 1484 2189 1563 2197 1615 2200 1618 2202 1618 2200 1736 2189 1881 2172 2054 2169 2071 2175 2093 2183 2095 2183 2098 2183 2584 2153 2584 2134 2576 2090 1774 2104 1517 2126 1511 2126 1470 2115 1467 2115 1464 2115 1462 2115 1418 2128 1297 2120 1294 2120 1218 2137 1212 2137 1207 2137 1091 2128 1089 2128 737 2153 735 2153 732 2153 661 2142 658 2142 419 2164 422 2202"/></Shape>
	    <String CONTENT=""
                    HPOS="419"
                    VPOS="2090"
                    WIDTH="2165"
                    HEIGHT="151"></String>
          </TextLine>
          <TextLine ID="eSc_line_a81747f0"
                    TAGREFS="LT34"
                    BASELINE="617 2236 802 2237 802 2237 946 2216" 
                    HPOS="617"
                    VPOS="2216"
                    WIDTH="329"
                    HEIGHT="21">
	    <String CONTENT=""
                    HPOS="617"
                    VPOS="2216"
                    WIDTH="329"
                    HEIGHT="21"></String>
          </TextLine>
          <TextLine ID="eSc_line_7b802583"
                    TAGREFS="LT33"
                    BASELINE="1723 2198 1951 2185" 
                    HPOS="1723"
                    VPOS="2185"
                    WIDTH="228"
                    HEIGHT="13">
	    <String CONTENT=""
                    HPOS="1723"
                    VPOS="2185"
                    WIDTH="228"
                    HEIGHT="13"></String>
          </TextLine>
          <TextLine ID="eSc_line_0e24fb05"
                    TAGREFS="LT31"
                    BASELINE="419 2274 818 2274 818 2274 1746 2233 1747 2233 2581 2197" 
                    HPOS="416"
                    VPOS="2150"
                    WIDTH="2165"
                    HEIGHT="162">
            <Shape><Polygon POINTS="419 2312 573 2293 647 2304 650 2304 1138 2274 1256 2282 1259 2282 1261 2282 1264 2282 1281 2268 1497 2274 1500 2274 1577 2257 1604 2268 1607 2268 1610 2268 2041 2241 2191 2249 2194 2249 2351 2230 2576 2235 2581 2197 2573 2150 2098 2175 2060 2169 1988 2156 1986 2156 1717 2164 1714 2164 1656 2183 1632 2194 1174 2208 1152 2202 1124 2197 1122 2197 1119 2197 1116 2197 1113 2197 1102 2205 1089 2211 1001 2211 1001 2208 973 2191 971 2191 968 2191 965 2191 633 2202 630 2202 587 2224 581 2227 565 2224 499 2216 496 2216 416 2230 419 2274"/></Shape>
	    <String CONTENT=""
                    HPOS="416"
                    VPOS="2150"
                    WIDTH="2165"
                    HEIGHT="162"></String>
          </TextLine>
          <TextLine ID="eSc_line_5cbf5ce3"
                    TAGREFS="LT31"
                    BASELINE="411 2353 1700 2315 2293 2274 2512 2276" 
                    HPOS="408"
                    VPOS="2235"
                    WIDTH="2104"
                    HEIGHT="146">
            <Shape><Polygon POINTS="411 2353 411 2381 584 2364 652 2372 688 2375 691 2375 762 2367 839 2359 850 2364 869 2372 872 2372 875 2372 1113 2353 1182 2348 1196 2351 1253 2359 1256 2359 1717 2342 1720 2342 1722 2342 1742 2326 1744 2323 1753 2326 1791 2340 1794 2340 1796 2340 1799 2340 1862 2320 1879 2318 1912 2320 2008 2326 2010 2326 2013 2326 2016 2326 2035 2315 2038 2312 2046 2315 2101 2329 2104 2329 2106 2329 2194 2307 2202 2307 2224 2307 2408 2312 2411 2312 2512 2293 2512 2276 2507 2235 2038 2244 2035 2244 2008 2255 1983 2265 1838 2268 1816 2260 1788 2252 1785 2252 1783 2252 1780 2252 1731 2265 1689 2276 1459 2276 1259 2276 1256 2276 1253 2276 1250 2276 1242 2285 1234 2290 1072 2290 894 2290 891 2290 888 2290 864 2298 847 2304 817 2301 762 2293 759 2293 757 2293 721 2304 702 2309 685 2307 641 2293 639 2293 636 2293 633 2293 576 2307 480 2298 477 2298 474 2298 408 2315 411 2353"/></Shape>
	    <String CONTENT=""
                    HPOS="408"
                    VPOS="2235"
                    WIDTH="2104"
                    HEIGHT="146"></String>
          </TextLine>
          <TextLine ID="eSc_line_70fd5a94"
                    TAGREFS="LT34"
                    BASELINE="1838 2344 2110 2333" 
                    HPOS="1838"
                    VPOS="2333"
                    WIDTH="272"
                    HEIGHT="11">
	    <String CONTENT=""
                    HPOS="1838"
                    VPOS="2333"
                    WIDTH="272"
                    HEIGHT="11"></String>
          </TextLine>
          <TextLine ID="eSc_line_d5357a58"
                    TAGREFS="LT31"
                    BASELINE="397 2425 1314 2400 1920 2370 2048 2361 2548 2337" 
                    HPOS="395"
                    VPOS="2282"
                    WIDTH="2153"
                    HEIGHT="176">
            <Shape><Polygon POINTS="400 2458 2548 2370 2548 2337 2543 2282 2137 2318 2095 2301 2093 2301 2090 2301 1862 2307 1846 2309 1843 2309 1788 2334 1585 2331 1582 2331 1580 2331 1577 2331 1555 2351 1473 2351 1453 2337 1451 2337 1448 2337 1445 2337 1443 2337 1440 2337 1418 2356 1218 2364 924 2372 875 2351 872 2351 869 2351 866 2351 814 2367 735 2353 732 2353 729 2353 726 2353 685 2383 584 2386 545 2367 543 2367 540 2367 537 2367 534 2367 513 2381 488 2364 485 2364 482 2364 480 2364 395 2364 397 2425"/></Shape>
	    <String CONTENT=""
                    HPOS="395"
                    VPOS="2282"
                    WIDTH="2153"
                    HEIGHT="176"></String>
          </TextLine>
          <TextLine ID="eSc_line_0df0ec0d"
                    TAGREFS="LT31"
                    BASELINE="414 2504 1080 2485 2112 2427 2570 2419" 
                    HPOS="411"
                    VPOS="2370"
                    WIDTH="2159"
                    HEIGHT="175">
            <Shape><Polygon POINTS="414 2504 414 2545 540 2526 721 2534 724 2534 732 2534 1453 2488 1508 2499 1511 2499 1514 2499 1517 2499 1541 2479 1656 2474 2570 2452 2570 2419 2565 2378 2337 2370 2334 2370 2101 2394 1901 2389 1898 2389 1895 2389 1892 2389 1873 2405 1843 2394 1840 2394 1838 2394 1835 2394 1780 2411 1774 2414 1626 2416 1596 2403 1593 2403 1591 2403 1475 2425 1467 2425 1462 2425 1423 2414 1421 2414 1418 2414 1415 2414 1412 2414 1396 2427 1393 2430 1154 2438 1149 2438 1102 2425 1100 2425 1097 2425 1094 2425 1039 2444 1031 2444 1028 2444 984 2430 982 2430 979 2430 976 2430 913 2449 905 2449 888 2449 784 2441 781 2441 630 2460 625 2460 622 2460 606 2447 603 2447 600 2447 598 2447 411 2469 414 2504"/></Shape>
	    <String CONTENT=""
                    HPOS="411"
                    VPOS="2370"
                    WIDTH="2159"
                    HEIGHT="175"></String>
          </TextLine>
          <TextLine ID="eSc_line_0a6378af"
                    TAGREFS="LT31"
                    BASELINE="414 2584 1925 2512 2576 2499" 
                    HPOS="411"
                    VPOS="2447"
                    WIDTH="2165"
                    HEIGHT="170">
            <Shape><Polygon POINTS="414 2584 414 2617 1050 2578 1111 2589 1113 2589 1753 2545 2576 2526 2576 2499 2567 2447 2060 2474 2016 2471 1936 2463 1934 2463 1931 2463 1887 2477 1865 2482 1785 2482 1615 2477 1613 2477 1610 2477 1563 2490 1544 2496 1514 2493 1429 2485 1426 2485 1423 2485 1374 2499 1357 2507 1105 2515 1078 2512 995 2504 993 2504 990 2504 987 2504 973 2518 968 2523 853 2526 839 2523 792 2512 790 2512 787 2512 784 2512 732 2529 724 2532 721 2529 702 2518 699 2518 696 2518 694 2518 411 2543 414 2584"/></Shape>
	    <String CONTENT=""
                    HPOS="411"
                    VPOS="2447"
                    WIDTH="2165"
                    HEIGHT="170"></String>
          </TextLine>
          <TextLine ID="eSc_line_a33f5388"
                    TAGREFS="LT31"
                    BASELINE="397 2658 2540 2570" 
                    HPOS="395"
                    VPOS="2532"
                    WIDTH="2145"
                    HEIGHT="150">
            <Shape><Polygon POINTS="397 2658 397 2682 2540 2597 2540 2570 2534 2532 984 2581 919 2586 716 2606 606 2597 595 2597 592 2597 578 2597 447 2617 395 2606 397 2658"/></Shape>
	    <String CONTENT=""
                    HPOS="395"
                    VPOS="2532"
                    WIDTH="2145"
                    HEIGHT="150"></String>
          </TextLine>
          <TextLine ID="eSc_line_0044ad84"
                    TAGREFS="LT31"
                    BASELINE="389 2729 1514 2699 2507 2650" 
                    HPOS="386"
                    VPOS="2600"
                    WIDTH="2121"
                    HEIGHT="170">
            <Shape><Polygon POINTS="389 2729 389 2751 688 2743 699 2746 757 2770 759 2770 762 2770 765 2770 828 2748 897 2765 899 2765 902 2765 905 2765 908 2765 938 2740 973 2737 1017 2735 1023 2737 1039 2748 1042 2748 1045 2748 1047 2748 1122 2735 1133 2732 1138 2732 1179 2748 1182 2748 1185 2748 1187 2748 1190 2748 1218 2729 1220 2729 1237 2729 1399 2746 1401 2746 1404 2746 1456 2724 1464 2721 1495 2721 1563 2726 1566 2726 1569 2726 1571 2726 1577 2721 1588 2710 1604 2718 1646 2737 1648 2737 1651 2737 1906 2726 1909 2726 1953 2710 1983 2693 2098 2693 2117 2704 2134 2715 2137 2715 2139 2715 2142 2715 2145 2715 2178 2702 2205 2691 2504 2691 2507 2650 2499 2600 2345 2622 2241 2614 2238 2614 2235 2614 2233 2614 2233 2617 2219 2628 2098 2614 2087 2614 2084 2614 2082 2614 2079 2614 2041 2636 1936 2639 1887 2625 1884 2625 1881 2625 1879 2625 1876 2625 1854 2641 1802 2630 1799 2630 1796 2630 1794 2630 1794 2633 1780 2644 1662 2636 1659 2636 1459 2655 1423 2639 1421 2639 1418 2639 1415 2639 1366 2641 968 2674 842 2661 825 2661 823 2661 812 2663 729 2682 713 2669 710 2669 707 2669 705 2669 702 2669 658 2685 592 2672 589 2672 386 2677 389 2729"/></Shape>
	    <String CONTENT=""
                    HPOS="386"
                    VPOS="2600"
                    WIDTH="2121"
                    HEIGHT="170"></String>
          </TextLine>
          <TextLine ID="eSc_line_bfd1cba3"
                    TAGREFS="LT34"
                    BASELINE="1553 2740 2050 2714 2050 2714 2121 2715" 
                    HPOS="1553"
                    VPOS="2714"
                    WIDTH="568"
                    HEIGHT="26">
	    <String CONTENT=""
                    HPOS="1553"
                    VPOS="2714"
                    WIDTH="568"
                    HEIGHT="26"></String>
          </TextLine>
          <TextLine ID="eSc_line_bb260e6a"
                    TAGREFS="LT31"
                    BASELINE="395 2803 2145 2743 2532 2743" 
                    HPOS="392"
                    VPOS="2682"
                    WIDTH="2140"
                    HEIGHT="149">
            <Shape><Polygon POINTS="395 2803 395 2831 1489 2789 1733 2792 1799 2792 1802 2792 1821 2789 1898 2776 2032 2784 2060 2784 2063 2784 2087 2781 2233 2765 2529 2768 2532 2743 2526 2682 2394 2702 2337 2688 2329 2685 2326 2685 2323 2685 2320 2685 2318 2685 2315 2688 2293 2704 2216 2691 2178 2685 2175 2685 2172 2685 2170 2685 2161 2693 2134 2713 1895 2718 1824 2702 1802 2699 1799 2699 1560 2704 1558 2704 1555 2704 1547 2713 1519 2726 1412 2721 1410 2721 1407 2721 1379 2735 1283 2718 1253 2715 1250 2715 1248 2715 1234 2721 1193 2740 1009 2729 1006 2729 894 2751 855 2732 853 2732 850 2732 847 2732 844 2732 842 2732 801 2757 718 2757 650 2740 641 2737 639 2737 636 2737 633 2737 625 2740 559 2762 518 2743 510 2740 507 2740 504 2740 392 2746 395 2803"/></Shape>
	    <String CONTENT=""
                    HPOS="392"
                    VPOS="2682"
                    WIDTH="2140"
                    HEIGHT="149"></String>
          </TextLine>
          <TextLine ID="eSc_line_d2b73e08"
                    TAGREFS="LT31"
                    BASELINE="384 2875 2063 2822 2543 2822" 
                    HPOS="381"
                    VPOS="2765"
                    WIDTH="2162"
                    HEIGHT="131">
            <Shape><Polygon POINTS="384 2875 384 2894 946 2896 949 2896 1017 2883 1056 2872 1264 2869 1292 2877 1319 2885 1322 2885 1325 2885 1327 2885 1355 2875 1382 2866 1508 2872 1618 2877 1621 2877 1624 2877 1626 2877 1626 2875 1635 2869 1646 2858 1662 2869 1670 2875 1673 2875 1676 2875 1678 2875 1681 2875 1706 2869 1755 2855 1785 2866 1799 2872 1802 2872 1805 2872 1807 2872 1810 2872 1818 2866 1843 2850 1925 2850 1969 2864 1980 2866 1983 2866 1986 2866 2041 2861 2200 2844 2271 2855 2285 2858 2287 2858 2540 2850 2543 2822 2537 2776 2373 2778 2370 2778 2331 2765 2329 2765 2326 2765 2323 2765 2266 2781 2263 2781 2189 2768 2186 2768 2093 2787 2087 2787 2084 2787 1999 2773 1997 2773 1901 2792 1895 2792 1884 2792 1720 2781 1717 2781 1714 2781 1711 2781 1692 2798 1689 2798 1684 2798 1519 2787 1517 2787 1412 2806 1407 2806 1377 2792 1374 2792 1371 2792 1368 2792 1325 2809 1322 2809 1316 2809 1234 2795 1231 2795 1229 2795 1226 2795 1198 2811 1157 2798 1154 2798 1152 2798 1036 2817 1026 2817 982 2817 471 2817 469 2817 381 2833 384 2875"/></Shape>
	    <String CONTENT=""
                    HPOS="381"
                    VPOS="2765"
                    WIDTH="2162"
                    HEIGHT="131"></String>
          </TextLine>
          <TextLine ID="eSc_line_fc64d444"
                    TAGREFS="LT31"
                    BASELINE="397 2946 788 2937" 
                    HPOS="395"
                    VPOS="2902"
                    WIDTH="364"
                    HEIGHT="74">
            <Shape><Polygon POINTS="397 2976 759 2951 759 2935 751 2902 395 2910 397 2946"/></Shape>
	    <String CONTENT=""
                    HPOS="395"
                    VPOS="2902"
                    WIDTH="364"
                    HEIGHT="74"></String>
          </TextLine>
          <TextLine ID="eSc_line_c40bb284"
                    TAGREFS="LT34"
                    BASELINE="733 2980 1028 2954" 
                    HPOS="795"
                    VPOS="2910"
                    WIDTH="233"
                    HEIGHT="82">
            <Shape><Polygon POINTS="801 2992 1028 2973 1028 2954 1023 2916 795 2910 801 2965"/></Shape>
	    <String CONTENT=""
                    HPOS="795"
                    VPOS="2910"
                    WIDTH="233"
                    HEIGHT="82"></String>
          </TextLine>
          <TextLine ID="eSc_line_64fd9f87"
                    TAGREFS="LT31"
                    BASELINE="370 3023 2515 3003" 
                    HPOS="367"
                    VPOS="2946"
                    WIDTH="2148"
                    HEIGHT="115">
            <Shape><Polygon POINTS="1026 2957 998 2957 973 2957 913 2973 905 2973 853 2973 427 2957 425 2957 422 2957 367 2973 370 3023 373 3061 425 3047 1250 3047 1895 3047 1898 3047 2515 3025 2515 3003 2507 2965 2296 2965 2293 2965 2263 2946 2260 2946 2257 2946 2255 2946 2252 2946 2249 2946 2222 2965 1983 2965 1939 2949 1936 2949 1934 2949 1931 2949 1862 2968 1849 2971 1843 2968 1807 2949 1805 2949 1667 2946 1665 2946 1569 2968 1547 2976 1179 2976 1171 2971 1143 2957 1141 2957 1026 2951 1026 2957"/></Shape>
	    <String CONTENT=""
                    HPOS="367"
                    VPOS="2946"
                    WIDTH="2148"
                    HEIGHT="115"></String>
          </TextLine>
          <TextLine ID="eSc_line_2fe90755"
                    TAGREFS="LT31"
                    BASELINE="378 3099 611 3086 1190 3080 2523 3080" 
                    HPOS="375"
                    VPOS="3028"
                    WIDTH="2148"
                    HEIGHT="93">
            <Shape><Polygon POINTS="378 3099 378 3121 540 3108 1026 3119 1028 3119 1031 3119 1078 3105 1289 3119 1303 3119 1305 3119 1311 3119 1388 3102 1571 3116 1574 3116 2010 3102 2084 3116 2090 3116 2093 3116 2123 3116 2460 3099 2515 3113 2523 3080 2518 3036 2098 3042 2052 3039 1945 3028 1942 3028 1892 3039 1876 3042 1849 3039 1744 3028 1742 3028 1558 3042 1539 3042 1530 3042 1462 3028 1459 3028 1272 3045 1242 3045 1218 3045 1047 3031 1045 3031 883 3045 825 3031 823 3031 820 3031 817 3031 814 3031 795 3047 493 3047 419 3031 416 3031 414 3031 375 3045 378 3099"/></Shape>
	    <String CONTENT=""
                    HPOS="375"
                    VPOS="3028"
                    WIDTH="2148"
                    HEIGHT="93"></String>
          </TextLine>
          <TextLine ID="eSc_line_4cabc466"
                    TAGREFS="LT31"
                    BASELINE="384 3165 2488 3138" 
                    HPOS="381"
                    VPOS="3091"
                    WIDTH="2107"
                    HEIGHT="96">
            <Shape><Polygon POINTS="384 3165 384 3187 2485 3165 2488 3138 2480 3102 2054 3105 2041 3105 1953 3091 1950 3091 1868 3105 1849 3108 1832 3105 1753 3094 1750 3094 1747 3094 1722 3108 1720 3108 1673 3108 1445 3099 1443 3099 1366 3110 1333 3113 1303 3110 1223 3099 1220 3099 1102 3110 1056 3116 1031 3113 990 3105 987 3105 984 3105 982 3105 973 3113 962 3119 913 3113 842 3105 839 3105 836 3105 814 3113 795 3121 705 3116 606 3108 603 3108 600 3108 570 3116 537 3124 381 3119 384 3165"/></Shape>
	    <String CONTENT=""
                    HPOS="381"
                    VPOS="3091"
                    WIDTH="2107"
                    HEIGHT="96"></String>
          </TextLine>
          <TextLine ID="eSc_line_7d13206c"
                    TAGREFS="LT31"
                    BASELINE="370 3220 2496 3215" 
                    HPOS="367"
                    VPOS="3165"
                    WIDTH="2129"
                    HEIGHT="94">
            <Shape><Polygon POINTS="370 3220 370 3245 965 3259 968 3259 1149 3250 1272 3245 1300 3250 1327 3259 1330 3259 1333 3259 1390 3250 1462 3242 1528 3253 1555 3256 1558 3256 1582 3253 1640 3242 1684 3253 1695 3256 1698 3256 1700 3256 1810 3253 2216 3242 2263 3256 2266 3256 2268 3256 2271 3256 2276 3256 2348 3242 2490 3256 2496 3215 2488 3174 2013 3179 1983 3176 1914 3165 1912 3165 1909 3165 1884 3176 1876 3182 1676 3182 1670 3176 1654 3165 1651 3165 1648 3165 1456 3165 1453 3165 1382 3179 1366 3182 1349 3179 1281 3168 1278 3168 1207 3182 1196 3182 1193 3182 1176 3168 1174 3168 1171 3168 1168 3168 1165 3168 1130 3182 1127 3182 1122 3182 1089 3168 1086 3168 1083 3168 1080 3168 1078 3168 1058 3182 1056 3185 932 3185 927 3182 817 3168 814 3168 812 3168 754 3182 625 3168 622 3168 620 3168 589 3185 367 3185 370 3220"/></Shape>
	    <String CONTENT=""
                    HPOS="367"
                    VPOS="3165"
                    WIDTH="2129"
                    HEIGHT="94"></String>
          </TextLine>
        </TextBlock>
        <TextBlock HPOS="98"
                   VPOS="0"
                   WIDTH="268"
                   HEIGHT="326"
                   ID="eSc_textblock_389f6e89"
                   TAGREFS="BT44">
          <Shape><Polygon POINTS="318 287 335 217 366 87 348 0 98 33 98 326"/></Shape>
        </TextBlock>
        <TextBlock ID="eSc_dummyblock_">
          <TextLine ID="eSc_line_beb7c4a4"
                    TAGREFS="LT31"
                    BASELINE="152 116 320 120" 
                    HPOS="164"
                    VPOS="65"
                    WIDTH="159"
                    HEIGHT="168">
            <Shape><Polygon POINTS="244 82 216 71 211 71 186 71 164 90 167 128 170 222 241 233 244 233 246 233 249 233 249 230 282 194 288 186 323 183 320 120 312 65 279 65 274 93"/></Shape>
	    <String CONTENT=""
                    HPOS="164"
                    VPOS="65"
                    WIDTH="159"
                    HEIGHT="168"></String>
          </TextLine>
        </TextBlock>
      </PrintSpace>
    </Page>
  </Layout>
</alto>
