<?xml version="1.0" encoding="UTF-8"?>
<alto xmlns:xsi="http://www.w3.org/2001/XMLSchema-instance"
      xmlns="http://www.loc.gov/standards/alto/ns-v4#"
      xsi:schemaLocation="http://www.loc.gov/standards/alto/ns-v4# http://www.loc.gov/standards/alto/v4/alto-4-2.xsd">
  <Description>
    <MeasurementUnit>pixel</MeasurementUnit>
    <sourceImageInformation>
      <fileName>ARCH-DIV-000496_0088.png</fileName>
    </sourceImageInformation>
  </Description>
  <Tags>
    <OtherTag ID="BT42" LABEL="MainZone" DESCRIPTION="block type MainZone"/><OtherTag ID="BT43" LABEL="MarginTextZone" DESCRIPTION="block type MarginTextZone"/><OtherTag ID="BT44" LABEL="NumberingZone" DESCRIPTION="block type NumberingZone"/><OtherTag ID="BT45" LABEL="TitlePageZone" DESCRIPTION="block type TitlePageZone"/><OtherTag ID="BT46" LABEL="CustomZone:Numbering" DESCRIPTION="block type CustomZone:Numbering"/><OtherTag ID="BT49" LABEL="MarginTextZone:lower" DESCRIPTION="block type MarginTextZone:lower"/>
    <OtherTag ID="LT25" LABEL="default" DESCRIPTION="line type default"/><OtherTag ID="LT31" LABEL="DefaultLine" DESCRIPTION="line type DefaultLine"/><OtherTag ID="LT32" LABEL="HeadingLine" DESCRIPTION="line type HeadingLine"/><OtherTag ID="LT33" LABEL="InterlinearLine:addition" DESCRIPTION="line type InterlinearLine:addition"/><OtherTag ID="LT34" LABEL="InterlinearLine:correction" DESCRIPTION="line type InterlinearLine:correction"/>
  </Tags>
  <Layout>
    <Page WIDTH="2790"
          HEIGHT="3364"
          PHYSICAL_IMG_NR="87"
          ID="eSc_dummypage_">
      <PrintSpace HPOS="0"
                  VPOS="0"
                  WIDTH="2790"
                  HEIGHT="3364">
        <TextBlock HPOS="623"
                   VPOS="17"
                   WIDTH="2167"
                   HEIGHT="3349"
                   ID="ddb890af-9a5c-4ebd-87b3-a2dd3844c08c"
                   TAGREFS="BT42">
          <Shape><Polygon POINTS="2790 17 2778 3362 623 3366 645 17"/></Shape>
          <TextLine ID="eSc_line_5d1cc37d"
                    TAGREFS="LT31"
                    BASELINE="717 100 1382 92 2736 100" 
                    HPOS="715"
                    VPOS="30"
                    WIDTH="2021"
                    HEIGHT="101">
            <Shape><Polygon POINTS="2565 50 2537 50 2509 50 2481 50 2467 50 2447 53 2439 47 2425 47 2397 47 2369 47 2341 47 2313 47 2285 47 2257 44 2254 44 2243 53 2240 56 2055 56 2055 53 2027 42 2004 42 1976 42 1945 53 1903 39 1892 39 1867 39 1842 50 1831 39 1808 39 1780 39 1763 36 1674 44 1651 36 1640 36 1612 36 1584 33 1556 33 1545 33 1525 53 1430 53 1407 33 1407 30 1404 30 1402 30 1399 30 1295 50 1264 30 1261 30 1259 30 1256 30 1253 30 1197 44 1020 30 1017 30 900 50 765 30 762 30 759 30 717 47 717 100 715 123 2731 131 2736 100 2733 56 2579 56 2579 53 2574 50 2565 50"/></Shape>
	    <String CONTENT="il n&#x27;existait pas entre eux le momdae dévergence. Par un bontent"
                    HPOS="715"
                    VPOS="30"
                    WIDTH="2021"
                    HEIGHT="101"
                    WC="0.9910375401377678"></String>
          </TextLine>
          <TextLine ID="eSc_line_422d9c24"
                    TAGREFS="LT31"
                    BASELINE="709 176 2736 156" 
                    HPOS="706"
                    VPOS="106"
                    WIDTH="2030"
                    HEIGHT="101">
            <Shape><Polygon POINTS="709 176 709 196 1158 207 1160 207 1250 196 1309 190 1491 196 1657 201 1659 201 1662 201 1688 196 1724 187 1769 196 1802 201 1805 201 1808 201 1833 196 1878 185 2074 196 2150 199 2153 199 2220 196 2464 179 2731 193 2736 156 2731 123 2574 123 2543 106 2540 106 2537 106 2439 123 1937 112 1934 112 1931 112 1901 126 1873 112 1870 112 1867 112 1864 112 1861 112 1842 128 1584 114 1581 114 1578 114 1575 114 1550 134 1460 134 1441 117 1438 117 1435 117 1287 117 1284 117 930 137 796 123 793 123 706 140 709 176"/></Shape>
	    <String CONTENT="extraodinaire, l&#x27;histoire avait éparqué à la Belgique ces survivances"
                    HPOS="706"
                    VPOS="106"
                    WIDTH="2030"
                    HEIGHT="101"
                    WC="0.9929622564996992"></String>
          </TextLine>
          <TextLine ID="eSc_line_55ad6d08"
                    TAGREFS="LT31"
                    BASELINE="701 249 2731 221" 
                    HPOS="698"
                    VPOS="173"
                    WIDTH="2033"
                    HEIGHT="112">
            <Shape><Polygon POINTS="701 249 701 285 835 271 897 283 900 283 902 283 905 283 942 266 1228 274 1230 274 1334 260 1452 274 1460 274 1463 274 1469 274 1542 257 1836 269 1887 269 1889 269 1906 266 1999 252 2088 263 2111 266 2114 266 2142 263 2237 249 2293 260 2310 263 2313 263 2506 260 2509 260 2518 257 2543 243 2725 252 2731 221 2722 173 698 201 701 249"/></Shape>
	    <String CONTENT="&lt;....&gt; qui, en France, depuis la grande Récolution"
                    HPOS="698"
                    VPOS="173"
                    WIDTH="2033"
                    HEIGHT="112"
                    WC="0.9709681379795074"></String>
          </TextLine>
          <TextLine ID="eSc_line_bcd18336"
                    TAGREFS="LT34"
                    BASELINE="861 207 1120 207" 
                    HPOS="861"
                    VPOS="207"
                    WIDTH="259"
                    HEIGHT="0">
	    <String CONTENT=""
                    HPOS="861"
                    VPOS="207"
                    WIDTH="259"
                    HEIGHT="0"></String>
          </TextLine>
          <TextLine ID="eSc_line_4aa21302"
                    TAGREFS="LT34"
                    BASELINE="1965 260 2111 271 2111 271 2327 273" 
                    HPOS="1965"
                    VPOS="260"
                    WIDTH="362"
                    HEIGHT="13">
	    <String CONTENT=""
                    HPOS="1965"
                    VPOS="260"
                    WIDTH="362"
                    HEIGHT="13"></String>
          </TextLine>
          <TextLine ID="eSc_line_88a25e65"
                    TAGREFS="LT31"
                    BASELINE="698 319 2747 291" 
                    HPOS="695"
                    VPOS="235"
                    WIDTH="2052"
                    HEIGHT="107">
            <Shape><Polygon POINTS="698 319 698 342 2526 330 2745 311 2747 291 2739 235 2632 252 2602 238 2596 235 2593 235 2590 235 2588 235 2576 238 2515 255 2405 241 2349 235 2346 235 2046 249 1962 252 1960 252 1937 241 1934 241 1931 241 1929 241 1903 252 1878 266 1713 269 1651 269 1637 257 1620 246 1617 246 1615 246 1612 246 1609 246 1606 246 1592 257 1581 266 1550 260 1505 252 1502 252 1500 252 1497 252 1483 260 1469 269 1385 263 1292 257 1289 257 1174 269 1101 274 1090 269 1059 255 1057 255 1054 255 1051 255 1001 269 972 255 970 255 967 255 964 255 961 255 939 274 936 277 695 277 698 319"/></Shape>
	    <String CONTENT="avaient traverrétous les régimes sans &lt;....... ....&gt;"
                    HPOS="695"
                    VPOS="235"
                    WIDTH="2052"
                    HEIGHT="107"
                    WC="0.9391538454936101"></String>
          </TextLine>
          <TextLine ID="eSc_line_ddff519b"
                    TAGREFS="LT31"
                    BASELINE="689 389 1780 367 2747 367" 
                    HPOS="686"
                    VPOS="313"
                    WIDTH="2061"
                    HEIGHT="104">
            <Shape><Polygon POINTS="689 389 689 412 1362 417 1365 417 1587 403 1662 398 1716 400 1878 412 1881 412 1884 412 1917 398 1929 395 1976 398 2145 409 2147 409 2232 395 2248 392 2313 392 2632 403 2635 403 2745 386 2747 367 2742 325 2206 327 2203 327 2150 313 2147 313 2145 313 2142 313 2080 327 2069 330 2055 330 1979 316 1976 316 1974 316 1934 330 1929 330 1917 330 1811 319 1808 319 1805 319 1802 319 1788 330 1783 333 1763 330 1665 319 1662 319 1659 319 1657 319 1640 333 1631 336 1578 333 1421 322 1418 322 1354 336 1329 339 1301 336 1228 325 1225 325 1144 336 1104 342 1079 336 1037 327 1034 327 686 339 689 389"/></Shape>
	    <String CONTENT="&lt;.... ....&gt; Sous doute, quelques répablicains et quelques"
                    HPOS="686"
                    VPOS="313"
                    WIDTH="2061"
                    HEIGHT="104"
                    WC="0.968893147351449"></String>
          </TextLine>
          <TextLine ID="eSc_line_5b1bbc67"
                    TAGREFS="LT31"
                    BASELINE="686 456 2739 431" 
                    HPOS="684"
                    VPOS="389"
                    WIDTH="2055"
                    HEIGHT="101">
            <Shape><Polygon POINTS="686 456 686 490 2739 462 2739 431 2731 389 684 409 686 456"/></Shape>
	    <String CONTENT="brangistes conservaient encore, l&#x27;espoir ceux-ci d&#x27;une restaiisation"
                    HPOS="684"
                    VPOS="389"
                    WIDTH="2055"
                    HEIGHT="101"
                    WC="0.9930330865523395"></String>
          </TextLine>
          <TextLine ID="eSc_line_3ace8b82"
                    TAGREFS="LT31"
                    BASELINE="692 527 2739 498" 
                    HPOS="689"
                    VPOS="448"
                    WIDTH="2050"
                    HEIGHT="98">
            <Shape><Polygon POINTS="692 527 692 546 2736 527 2739 498 2733 462 2506 448 2503 448 2394 462 2349 448 2346 448 2344 448 2341 448 2338 448 2318 465 2316 465 2302 465 2195 451 2192 451 2131 465 2114 470 1954 470 1948 465 1923 454 1920 454 1917 454 1825 468 1797 470 1774 468 1716 456 1713 456 1634 468 1595 476 689 476 692 527"/></Shape>
	    <String CONTENT="des Pays. Bas ceux-la de l&#x27;abolition de le monarchie. Mais des moins"
                    HPOS="689"
                    VPOS="448"
                    WIDTH="2050"
                    HEIGHT="98"
                    WC="0.989325100884718"></String>
          </TextLine>
          <TextLine ID="eSc_line_50a9f9e1"
                    TAGREFS="LT31"
                    BASELINE="684 597 2739 566" 
                    HPOS="681"
                    VPOS="515"
                    WIDTH="2058"
                    HEIGHT="118">
            <Shape><Polygon POINTS="684 597 684 613 768 633 771 633 863 613 869 613 877 613 1015 630 1017 630 1020 630 1062 613 1068 608 1259 605 1287 611 1334 625 1337 625 1340 625 1343 625 1396 611 1432 602 1522 602 1533 611 1547 622 1550 622 1553 622 1556 622 1730 619 1732 619 1769 608 1814 597 2010 608 2128 613 2131 613 2167 608 2243 591 2316 605 2332 608 2335 608 2736 602 2739 566 2731 515 681 555 684 597"/></Shape>
	    <String CONTENT="en moins nombreux &lt;......... ..&gt; depuisl&#x27;avinemant de"
                    HPOS="681"
                    VPOS="515"
                    WIDTH="2058"
                    HEIGHT="118"
                    WC="0.946660835787935"></String>
          </TextLine>
          <TextLine ID="eSc_line_d12d1f42"
                    TAGREFS="LT31"
                    BASELINE="672 672 2226 647 2750 653" 
                    HPOS="670"
                    VPOS="583"
                    WIDTH="2080"
                    HEIGHT="123">
            <Shape><Polygon POINTS="672 672 672 698 998 692 1029 698 1082 706 1085 706 1087 706 1118 695 1149 684 1312 684 1340 695 1357 700 1359 700 1362 700 1480 695 1721 678 1802 692 1828 695 1831 695 1833 695 1842 692 1870 675 2016 675 2063 689 2072 692 2074 692 2077 692 2094 689 2156 675 2304 689 2332 689 2335 689 2484 686 2487 686 2489 686 2506 672 2526 686 2529 686 2532 686 2534 686 2537 686 2576 669 2747 684 2750 653 2747 602 2540 591 2537 591 2534 591 2509 605 2503 608 2307 608 2302 608 2223 583 2220 583 2217 583 2215 583 2161 605 1915 585 1912 585 1738 588 1735 588 1732 588 1699 616 1696 619 1584 619 1584 616 1550 591 1547 591 1545 591 1497 591 1494 591 1351 594 1348 594 1306 613 1278 602 1275 602 1273 602 1270 602 1267 602 1242 622 1239 622 1166 599 1163 599 1160 599 1158 599 1155 599 1124 622 947 613 944 613 773 627 768 627 731 608 729 608 726 608 723 608 670 625 672 672"/></Shape>
	    <String CONTENT="Lopold ils avaient dè............ ...... .&gt; après 185"
                    HPOS="670"
                    VPOS="583"
                    WIDTH="2080"
                    HEIGHT="123"
                    WC="0.900898609521254"></String>
          </TextLine>
          <TextLine ID="eSc_line_297cd33f"
                    TAGREFS="LT34"
                    BASELINE="1406 622 2059 609" 
                    HPOS="1406"
                    VPOS="609"
                    WIDTH="653"
                    HEIGHT="13">
	    <String CONTENT=""
                    HPOS="1406"
                    VPOS="609"
                    WIDTH="653"
                    HEIGHT="13"></String>
          </TextLine>
          <TextLine ID="eSc_line_f583856e"
                    TAGREFS="LT34"
                    BASELINE="2324 680 2413 692" 
                    HPOS="2324"
                    VPOS="680"
                    WIDTH="89"
                    HEIGHT="12">
	    <String CONTENT=""
                    HPOS="2324"
                    VPOS="680"
                    WIDTH="89"
                    HEIGHT="12"></String>
          </TextLine>
          <TextLine ID="eSc_line_90c57ec0"
                    TAGREFS="LT31"
                    BASELINE="678 748 2066 720 2770 726" 
                    HPOS="675"
                    VPOS="664"
                    WIDTH="2095"
                    HEIGHT="118">
            <Shape><Polygon POINTS="678 748 678 782 1029 765 1214 776 1250 776 1253 776 1256 776 1259 776 1259 773 1289 759 1887 765 1965 765 1968 765 1979 765 2060 748 2125 762 2133 762 2136 762 2145 762 2232 745 2767 751 2770 726 2767 678 2705 664 2703 664 2700 664 2613 681 2613 684 2226 686 2063 672 2060 672 1979 689 1864 675 1861 675 1859 675 1817 692 1668 681 1665 681 1553 695 1452 681 1449 681 1295 698 1211 686 1208 686 1205 686 1202 686 1186 700 1079 689 1076 689 1073 689 1034 703 740 692 737 692 734 692 675 709 678 748"/></Shape>
	    <String CONTENT="&lt;....... ... ......., pour se convanure &lt;.&gt;"
                    HPOS="675"
                    VPOS="664"
                    WIDTH="2095"
                    HEIGHT="118"
                    WC="0.9134677884190582"></String>
          </TextLine>
          <TextLine ID="eSc_line_da53d5d2"
                    TAGREFS="LT31"
                    BASELINE="678 821 1256 818 2044 793 2759 793" 
                    HPOS="675"
                    VPOS="740"
                    WIDTH="2084"
                    HEIGHT="106">
            <Shape><Polygon POINTS="678 821 678 846 2759 812 2759 793 2753 748 2492 754 2478 751 2417 740 2414 740 2411 740 2352 754 2338 756 2313 754 2203 742 2201 742 2103 759 2091 759 2083 759 2013 745 2010 745 1744 765 1730 765 1724 765 1634 751 1631 751 1547 768 1545 768 1539 768 1326 756 1323 756 1320 756 1317 756 1298 773 866 779 712 765 709 765 706 765 675 779 678 821"/></Shape>
	    <String CONTENT="&lt;.. ...&gt; il suffit de compas er leur pôle à celui que joué"
                    HPOS="675"
                    VPOS="740"
                    WIDTH="2084"
                    HEIGHT="106"
                    WC="0.9610833545862618"></String>
          </TextLine>
          <TextLine ID="eSc_line_1d69d376"
                    TAGREFS="LT31"
                    BASELINE="675 897 2742 849" 
                    HPOS="672"
                    VPOS="798"
                    WIDTH="2070"
                    HEIGHT="121">
            <Shape><Polygon POINTS="675 897 675 919 2742 883 2742 849 2739 815 2689 798 2686 798 2683 798 2554 815 2532 801 2529 801 2526 801 2523 801 2520 801 2518 801 2489 818 2403 804 2400 804 2397 804 2394 804 2369 821 2366 821 2360 821 2016 812 2013 812 2010 812 2007 812 1979 829 1968 829 1769 818 1766 818 1763 818 1707 835 1704 835 1651 821 1648 821 1645 821 1516 838 1500 826 1497 826 1494 826 1491 826 1488 826 1486 826 1472 841 1469 841 1460 841 1365 829 1362 829 1292 843 1275 846 1264 843 1219 832 1216 832 1214 832 1211 832 1155 846 1141 849 1099 846 936 838 933 838 930 838 928 838 905 852 900 855 880 852 810 841 807 841 804 841 801 841 782 855 773 857 672 857 675 897"/></Shape>
	    <String CONTENT="rent en France, &lt;..&gt; sous la Restansation,  sos &lt;. .....&gt;"
                    HPOS="672"
                    VPOS="798"
                    WIDTH="2070"
                    HEIGHT="121"
                    WC="0.9328198778001886"></String>
          </TextLine>
          <TextLine ID="eSc_line_52d32c35"
                    TAGREFS="LT31"
                    BASELINE="681 964 2742 930" 
                    HPOS="678"
                    VPOS="885"
                    WIDTH="2064"
                    HEIGHT="112">
            <Shape><Polygon POINTS="681 964 681 983 1017 997 1020 997 1463 975 1474 972 1962 967 1968 967 2013 981 2016 981 2018 981 2021 981 2063 967 2072 964 2080 967 2119 978 2122 978 2125 978 2128 978 2153 964 2156 964 2212 964 2565 972 2568 972 2742 955 2742 930 2733 885 2046 902 1996 899 1881 891 1878 891 1744 905 1702 908 1668 905 1539 897 1536 897 1458 911 1449 911 1444 911 1368 899 1365 899 1362 899 1329 913 1326 913 1317 913 1216 902 1214 902 1211 902 1208 902 1186 916 1177 916 1037 905 1034 905 1031 905 975 919 872 908 869 908 866 908 818 922 715 911 712 911 709 911 678 922 681 964"/></Shape>
	    <String CONTENT="Louis Phitippe et bien plustand encore les légitémistes, les bonapartis¬"
                    HPOS="678"
                    VPOS="885"
                    WIDTH="2064"
                    HEIGHT="112"
                    WC="0.9920114229122797"></String>
          </TextLine>
          <TextLine ID="eSc_line_58dccc40"
                    TAGREFS="LT34"
                    BASELINE="1682 982 1798 984" 
                    HPOS="1682"
                    VPOS="982"
                    WIDTH="116"
                    HEIGHT="2">
	    <String CONTENT=""
                    HPOS="1682"
                    VPOS="982"
                    WIDTH="116"
                    HEIGHT="2"></String>
          </TextLine>
          <TextLine ID="eSc_line_df0f08d0"
                    TAGREFS="LT31"
                    BASELINE="684 1040 2725 1000" 
                    HPOS="681"
                    VPOS="947"
                    WIDTH="2044"
                    HEIGHT="132">
            <Shape><Polygon POINTS="684 1040 684 1062 972 1079 975 1079 1101 1056 1124 1054 1188 1056 1505 1068 1508 1068 1511 1068 1567 1048 1573 1045 1676 1045 1682 1048 1721 1062 1724 1062 1727 1062 1730 1062 1732 1062 1749 1045 1752 1042 1831 1042 1842 1045 1898 1059 1901 1059 1903 1059 1906 1059 1948 1042 1954 1040 1960 1042 1990 1059 1993 1059 1996 1059 2108 1040 2117 1040 2128 1040 2282 1054 2285 1054 2377 1037 2405 1031 2436 1034 2546 1048 2548 1048 2725 1028 2725 1000 2719 964 2543 947 2540 947 2363 967 2175 953 2173 953 2170 953 2167 953 2150 969 2119 958 2117 958 2114 958 1993 975 1906 958 1903 958 1699 961 1696 961 1657 981 1483 972 1480 972 1197 989 1177 975 1174 975 1172 975 1169 975 1166 975 1163 975 1141 992 975 992 844 978 841 978 681 1000 684 1040"/></Shape>
	    <String CONTENT="tes et les republicains. A part d petit groupes négligeubles de quis"
                    HPOS="681"
                    VPOS="947"
                    WIDTH="2044"
                    HEIGHT="132"
                    WC="0.9821189387756235"></String>
          </TextLine>
          <TextLine ID="eSc_line_5ef121a5"
                    TAGREFS="LT31"
                    BASELINE="684 1115 1699 1104 2279 1082 2750 1084" 
                    HPOS="681"
                    VPOS="1031"
                    WIDTH="2069"
                    HEIGHT="112">
            <Shape><Polygon POINTS="684 1115 684 1143 2747 1115 2750 1084 2747 1042 2475 1031 2473 1031 2405 1048 2394 1051 2159 1051 2156 1051 2111 1037 2108 1037 2105 1037 2027 1054 2021 1054 2002 1040 1999 1040 1996 1040 1993 1040 1833 1056 1819 1056 1808 1056 1631 1045 1629 1045 1626 1045 1623 1045 1601 1059 1508 1045 1505 1045 1502 1045 1449 1062 1362 1051 1359 1051 1256 1065 1110 1051 1107 1051 947 1068 874 1054 872 1054 869 1054 824 1070 717 1056 715 1056 712 1056 681 1070 684 1115"/></Shape>
	    <String CONTENT="devaient &lt;. ... .  l&#x27;opuion nationale de"
                    HPOS="681"
                    VPOS="1031"
                    WIDTH="2069"
                    HEIGHT="112"
                    WC="0.9656354308128356"></String>
          </TextLine>
          <TextLine ID="eSc_line_b684ca25"
                    TAGREFS="LT31"
                    BASELINE="686 1180 2733 1146" 
                    HPOS="684"
                    VPOS="1101"
                    WIDTH="2049"
                    HEIGHT="121">
            <Shape><Polygon POINTS="686 1180 686 1205 731 1222 734 1222 737 1222 902 1219 905 1219 908 1219 930 1202 992 1219 995 1219 998 1219 1188 1202 1323 1213 1326 1213 1329 1213 1393 1197 1494 1211 1497 1211 1500 1211 1539 1191 1542 1188 1724 1188 1758 1188 2046 1202 2049 1202 2052 1202 2055 1202 2083 1183 2088 1183 2108 1183 2327 1197 2330 1197 2411 1177 2419 1177 2425 1177 2495 1194 2498 1194 2731 1171 2733 1146 2725 1101 684 1140 686 1180"/></Shape>
	    <String CONTENT="&lt;......&gt; s&#x27;exprimait donc que par deux partis, les quelo"
                    HPOS="684"
                    VPOS="1101"
                    WIDTH="2049"
                    HEIGHT="121"
                    WC="0.9650522023439407"></String>
          </TextLine>
          <TextLine ID="eSc_line_867ce57f"
                    TAGREFS="LT31"
                    BASELINE="678 1253 1945 1225 2733 1219" 
                    HPOS="675"
                    VPOS="1171"
                    WIDTH="2058"
                    HEIGHT="104">
            <Shape><Polygon POINTS="678 1253 678 1275 2731 1247 2733 1219 2728 1180 2313 1171 2310 1171 2307 1171 2265 1185 2262 1185 2232 1171 2229 1171 2226 1171 2074 1188 2038 1191 1985 1188 1769 1180 1766 1180 1763 1180 1713 1194 1696 1197 1676 1194 1606 1183 1603 1183 1601 1183 1564 1197 1553 1199 1463 1197 1264 1191 1261 1191 1216 1202 1197 1205 1183 1202 1146 1191 1144 1191 1141 1191 1138 1191 1135 1191 1121 1202 1110 1208 1068 1202 978 1194 975 1194 914 1205 883 1211 675 1211 678 1253"/></Shape>
	    <String CONTENT="non seulement admettaient mais révéraient également la cons¬"
                    HPOS="675"
                    VPOS="1171"
                    WIDTH="2058"
                    HEIGHT="104"
                    WC="0.9990539133548737"></String>
          </TextLine>
          <TextLine ID="eSc_line_6b155419"
                    TAGREFS="LT31"
                    BASELINE="675 1325 2728 1278" 
                    HPOS="672"
                    VPOS="1227"
                    WIDTH="2056"
                    HEIGHT="135">
            <Shape><Polygon POINTS="675 1325 675 1348 886 1348 905 1362 908 1362 911 1362 914 1362 1093 1342 1104 1342 1107 1342 1152 1356 1155 1356 1158 1356 1160 1356 1194 1342 1637 1345 1640 1345 1788 1325 1802 1325 1808 1325 1853 1337 1856 1337 1859 1337 1861 1337 1864 1337 1881 1323 1884 1323 1898 1323 1988 1337 1990 1337 1993 1337 1996 1337 2013 1320 2030 1320 2260 1314 2274 1314 2360 1328 2363 1328 2725 1303 2728 1278 2719 1227 672 1283 675 1325"/></Shape>
	    <String CONTENT="titution qu&#x27;ils avaient faite ensemble et dont chace s&#x27;attribuait"
                    HPOS="672"
                    VPOS="1227"
                    WIDTH="2056"
                    HEIGHT="135"
                    WC="0.9946100510083712"></String>
          </TextLine>
          <TextLine ID="eSc_line_85cf37c8"
                    TAGREFS="LT31"
                    BASELINE="681 1398 1183 1398 2725 1359" 
                    HPOS="681"
                    VPOS="1309"
                    WIDTH="2044"
                    HEIGHT="131">
            <Shape><Polygon POINTS="681 1435 815 1424 844 1432 866 1440 869 1440 872 1440 874 1440 908 1432 944 1421 972 1429 1003 1440 1006 1440 1009 1440 1183 1424 1230 1421 1259 1424 1348 1432 1351 1432 1421 1418 1460 1412 1522 1415 1651 1426 1654 1426 1657 1426 1682 1412 1699 1404 1777 1410 1895 1421 1898 1421 2046 1404 2156 1393 2304 1398 2397 1401 2400 1401 2442 1396 2509 1384 2557 1393 2621 1404 2624 1404 2627 1404 2652 1390 2663 1384 2722 1387 2725 1359 2717 1320 2627 1323 2621 1320 2607 1309 2604 1309 2602 1309 2599 1309 2501 1323 2475 1325 2459 1323 2386 1309 2383 1309 2380 1309 2335 1325 2318 1331 2293 1325 2229 1314 2226 1314 2223 1314 2167 1328 2136 1337 2077 1331 1971 1320 1968 1320 1965 1320 1915 1334 1881 1345 1598 1348 1570 1339 1547 1334 1545 1334 1542 1334 1539 1334 1536 1334 1525 1342 1508 1351 1407 1342 1340 1339 1337 1339 1261 1348 1163 1356 1152 1348 1141 1339 1138 1339 1135 1339 1045 1339 1043 1339 1040 1339 1001 1351 964 1362 681 1359 681 1398 681 1435"/></Shape>
	    <String CONTENT="le honmeur. d&#x27;acord sur le terran politique, ils ne l&#x27;’étaient pas"
                    HPOS="681"
                    VPOS="1309"
                    WIDTH="2044"
                    HEIGHT="131"
                    WC="0.9805736153414755"></String>
          </TextLine>
          <TextLine ID="eSc_line_d9798f3f"
                    TAGREFS="LT31"
                    BASELINE="678 1474 2736 1438" 
                    HPOS="675"
                    VPOS="1396"
                    WIDTH="2061"
                    HEIGHT="114">
            <Shape><Polygon POINTS="678 1474 678 1510 838 1496 1702 1496 1783 1496 1783 1494 1786 1494 1817 1480 2072 1488 2080 1488 2083 1488 2086 1488 2131 1474 2237 1485 2240 1485 2243 1485 2246 1485 2274 1471 2408 1482 2411 1482 2414 1482 2417 1482 2582 1466 2731 1477 2736 1438 2728 1396 2097 1412 2055 1410 1979 1401 1976 1401 1974 1401 1948 1412 1937 1415 1917 1412 1873 1404 1870 1404 1808 1415 1780 1418 1704 1415 1480 1410 1477 1410 1474 1410 1435 1424 1430 1424 1418 1424 1340 1412 1337 1412 1334 1412 1301 1426 1295 1426 1278 1426 1155 1415 1152 1415 1149 1415 1121 1429 1113 1429 1006 1418 1003 1418 1001 1418 998 1418 981 1432 981 1435 675 1438 678 1474"/></Shape>
	    <String CONTENT="moins sur le terrain social. L&#x27;un et l&#x27;autre, en effet, se reventaiant"
                    HPOS="675"
                    VPOS="1396"
                    WIDTH="2061"
                    HEIGHT="114"
                    WC="0.9912627739565713"></String>
          </TextLine>
          <TextLine ID="eSc_line_3d14e49f"
                    TAGREFS="LT31"
                    BASELINE="675 1555 2750 1510" 
                    HPOS="672"
                    VPOS="1468"
                    WIDTH="2078"
                    HEIGHT="115">
            <Shape><Polygon POINTS="675 1555 675 1583 1323 1581 1435 1567 1460 1564 1474 1567 1519 1575 1522 1575 1525 1575 1570 1564 1589 1558 1601 1561 1623 1572 1626 1572 1629 1572 2220 1561 2223 1561 2254 1547 2254 1544 2750 1533 2750 1510 2742 1468 672 1516 675 1555"/></Shape>
	    <String CONTENT="au sein de cette bourgevisée on, pour parler plus exactement, au sien"
                    HPOS="672"
                    VPOS="1468"
                    WIDTH="2078"
                    HEIGHT="115"
                    WC="0.9886991899946461"></String>
          </TextLine>
          <TextLine ID="eSc_line_8c4ed5a4"
                    TAGREFS="LT31"
                    BASELINE="678 1631 2742 1583" 
                    HPOS="675"
                    VPOS="1536"
                    WIDTH="2067"
                    HEIGHT="131">
            <Shape><Polygon POINTS="678 1631 678 1667 855 1651 1076 1656 1158 1659 1160 1659 2742 1609 2742 1583 2736 1550 2618 1536 2616 1536 2391 1555 2369 1555 2358 1555 2276 1544 2274 1544 2271 1544 2268 1544 2251 1558 2248 1558 2243 1558 2201 1547 2198 1547 2195 1547 2139 1558 2125 1561 2111 1558 2049 1550 2046 1550 2044 1550 2013 1561 2002 1564 1976 1561 1889 1553 1887 1553 1713 1567 1634 1572 1598 1569 1539 1561 1536 1561 1390 1572 1275 1583 675 1583 678 1631"/></Shape>
	    <String CONTENT="de ces classes moyennes qui, dans les idées du temps, apparaissaient com¬"
                    HPOS="675"
                    VPOS="1536"
                    WIDTH="2067"
                    HEIGHT="131"
                    WC="0.9888193705310561"></String>
          </TextLine>
          <TextLine ID="eSc_line_6fd0bf3f"
                    TAGREFS="LT31"
                    BASELINE="678 1707 2736 1645" 
                    HPOS="675"
                    VPOS="1606"
                    WIDTH="2061"
                    HEIGHT="134">
            <Shape><Polygon POINTS="678 1707 678 1729 807 1740 810 1740 813 1740 863 1726 866 1726 877 1726 1034 1735 1037 1735 1040 1735 1043 1735 1043 1732 1054 1721 1057 1718 2736 1682 2736 1645 2728 1606 675 1656 678 1707"/></Shape>
	    <String CONTENT="me seules copables de conduire la société dans les voirr nouvelles ouver¬"
                    HPOS="675"
                    VPOS="1606"
                    WIDTH="2061"
                    HEIGHT="134"
                    WC="0.984382396691466"></String>
          </TextLine>
          <TextLine ID="eSc_line_54b61660"
                    TAGREFS="LT31"
                    BASELINE="656 1771 1850 1752 2747 1718" 
                    HPOS="653"
                    VPOS="1667"
                    WIDTH="2094"
                    HEIGHT="143">
            <Shape><Polygon POINTS="656 1771 656 1794 768 1810 771 1810 773 1810 821 1796 984 1805 987 1805 989 1805 992 1805 992 1802 1009 1788 1012 1788 1458 1794 1460 1794 1463 1794 1502 1777 1505 1777 1817 1785 1819 1785 2747 1746 2747 1718 2739 1667 2616 1687 2439 1676 2436 1676 2433 1676 2431 1676 2389 1698 2035 1704 1976 1687 1971 1687 1968 1687 1965 1687 1943 1690 1760 1710 1707 1696 1696 1693 1693 1693 1690 1693 1665 1696 1570 1715 1516 1701 1505 1698 1502 1698 1500 1698 1497 1698 1488 1701 1452 1718 1371 1704 1343 1701 1340 1701 1337 1701 1326 1707 1295 1721 1247 1710 1228 1704 1225 1704 1222 1704 1177 1710 1076 1726 653 1726 656 1771"/></Shape>
	    <String CONTENT="tes par la révolution françrise. En adoptant le ceur comme bâse du dsit"
                    HPOS="653"
                    VPOS="1667"
                    WIDTH="2094"
                    HEIGHT="143"
                    WC="0.9912917907808868"></String>
          </TextLine>
          <TextLine ID="eSc_line_6f0daaab"
                    TAGREFS="LT31"
                    BASELINE="667 1847 2731 1799" 
                    HPOS="664"
                    VPOS="1743"
                    WIDTH="2067"
                    HEIGHT="140">
            <Shape><Polygon POINTS="667 1847 667 1872 930 1883 933 1883 1009 1867 1015 1867 1023 1867 1149 1881 1152 1881 1264 1861 1287 1858 1301 1861 1343 1872 1345 1872 1348 1872 1640 1853 1758 1847 1788 1850 1878 1864 1881 1864 1990 1861 1993 1861 1996 1861 2021 1847 2024 1844 2038 1847 2119 1858 2122 1858 2209 1841 2246 1836 2265 1841 2293 1850 2296 1850 2299 1850 2425 1838 2456 1836 2459 1836 2478 1850 2481 1850 2484 1850 2487 1850 2489 1850 2492 1850 2509 1836 2518 1833 2731 1833 2731 1799 2722 1743 2526 1746 2523 1746 2518 1749 2478 1766 2257 1757 2167 1754 2164 1754 2161 1754 2147 1760 2117 1774 2044 1763 2027 1763 2024 1763 2021 1763 2016 1766 1993 1777 1915 1768 1884 1766 1881 1766 1856 1771 1814 1780 1802 1771 1788 1763 1786 1763 1783 1763 1780 1763 1777 1763 1774 1763 1760 1774 1744 1782 1584 1780 1359 1774 1357 1774 1354 1774 1351 1774 1331 1788 1326 1791 1289 1788 1205 1782 1202 1782 1200 1782 1160 1794 1144 1796 1130 1794 1065 1780 1062 1780 1059 1780 1026 1796 1023 1799 1020 1796 995 1785 992 1785 989 1785 911 1802 900 1802 888 1802 748 1788 745 1788 743 1788 664 1808 667 1847"/></Shape>
	    <String CONTENT="dectoral. &lt;.. .arq..&gt; à l&#x27;imitation de l&#x27;Auxleterse  de la France, le Congrès"
                    HPOS="664"
                    VPOS="1743"
                    WIDTH="2067"
                    HEIGHT="140"
                    WC="0.9539730334893252"></String>
          </TextLine>
          <TextLine ID="eSc_line_4f9d602b"
                    TAGREFS="LT31"
                    BASELINE="672 1923 2731 1881" 
                    HPOS="670"
                    VPOS="1838"
                    WIDTH="2061"
                    HEIGHT="121">
            <Shape><Polygon POINTS="672 1923 672 1959 838 1939 961 1953 981 1953 984 1953 987 1953 989 1953 989 1951 1015 1937 1230 1934 1309 1942 1354 1948 1357 1948 1418 1939 1525 1925 1559 1937 1578 1942 1581 1942 1584 1942 1744 1939 1746 1939 1772 1931 1800 1920 1850 1928 1903 1937 1906 1937 1999 1925 2018 1923 2041 1923 2156 1931 2159 1931 2161 1931 2164 1931 2164 1928 2175 1920 2187 1909 2405 1909 2417 1911 2447 1925 2450 1925 2453 1925 2456 1925 2459 1925 2481 1911 2489 1906 2518 1911 2588 1923 2590 1923 2728 1903 2731 1881 2722 1838 670 1872 672 1923"/></Shape>
	    <String CONTENT="y avait vn beaucaup plus encore qu&#x27;une garantie d&#x27;ordre, une ga¬"
                    HPOS="670"
                    VPOS="1838"
                    WIDTH="2061"
                    HEIGHT="121"
                    WC="0.9948310749605298"></String>
          </TextLine>
          <TextLine ID="eSc_line_1da6d2c8"
                    TAGREFS="LT31"
                    BASELINE="661 1995 2722 1956" 
                    HPOS="658"
                    VPOS="1906"
                    WIDTH="2064"
                    HEIGHT="112">
            <Shape><Polygon POINTS="661 1995 661 2018 1676 2012 1679 2012 1713 1998 1718 1998 1833 2009 1836 2009 1979 1993 1988 1993 2002 1993 2274 2001 2276 2001 2722 1976 2722 1956 2714 1906 2568 1923 2386 1911 2355 1911 2352 1911 2335 1914 2243 1928 1962 1923 1836 1920 1833 1920 1831 1920 1817 1925 1788 1937 1758 1925 1744 1923 1741 1923 1738 1923 1704 1928 1640 1939 1592 1931 1561 1925 1559 1925 1488 1934 1379 1945 1303 1937 1244 1931 1242 1931 1239 1931 1208 1939 1172 1948 1068 1942 953 1937 950 1937 947 1937 930 1945 914 1953 897 1948 880 1939 877 1939 874 1939 658 1951 661 1995"/></Shape>
	    <String CONTENT="rantie d&#x27;indépendance et une protection contre une offensive pos¬"
                    HPOS="658"
                    VPOS="1906"
                    WIDTH="2064"
                    HEIGHT="112"
                    WC="0.9928927192321191"></String>
          </TextLine>
          <TextLine ID="eSc_line_67b89d8a"
                    TAGREFS="LT33"
                    BASELINE="1911 2003 2020 1999" 
                    HPOS="1911"
                    VPOS="1999"
                    WIDTH="109"
                    HEIGHT="4">
	    <String CONTENT=""
                    HPOS="1911"
                    VPOS="1999"
                    WIDTH="109"
                    HEIGHT="4"></String>
          </TextLine>
          <TextLine ID="eSc_line_dd288df4"
                    TAGREFS="LT31"
                    BASELINE="656 2074 2725 2032" 
                    HPOS="653"
                    VPOS="1979"
                    WIDTH="2072"
                    HEIGHT="120">
            <Shape><Polygon POINTS="656 2074 656 2099 2722 2066 2725 2032 2717 1995 2369 2001 2366 2001 2302 1979 2299 1979 2296 1979 2192 1995 2024 1981 2021 1981 1881 1984 1878 1984 1875 1984 1833 2009 1828 2012 1772 2012 1536 2007 1533 2007 1424 2018 1399 2021 1387 2021 1306 2001 1303 2001 1301 2001 1261 2021 1256 2026 1163 2026 1158 2024 1138 2009 1135 2009 1132 2009 1130 2009 1020 2024 958 2004 956 2004 953 2004 950 2004 947 2004 911 2026 872 2012 869 2012 866 2012 863 2012 860 2012 835 2029 832 2032 653 2032 656 2074"/></Shape>
	    <String CONTENT="sible de l&#x27;aristoisatie et doi des potisme ? Paus l&#x27;état d&#x27;égnorance et de"
                    HPOS="653"
                    VPOS="1979"
                    WIDTH="2072"
                    HEIGHT="120"
                    WC="0.9910530182155403"></String>
          </TextLine>
          <TextLine ID="eSc_line_4aa72fcd"
                    TAGREFS="LT31"
                    BASELINE="661 2150 2708 2096" 
                    HPOS="658"
                    VPOS="2060"
                    WIDTH="2050"
                    HEIGHT="120">
            <Shape><Polygon POINTS="661 2150 661 2172 1057 2166 1079 2180 1082 2180 1085 2180 1087 2180 1186 2161 1200 2161 1211 2161 1303 2175 1306 2175 2708 2127 2708 2096 2700 2060 658 2099 661 2150"/></Shape>
	    <String CONTENT="dépendance économique où se trouvait le peuple il était dlais que toute"
                    HPOS="658"
                    VPOS="2060"
                    WIDTH="2050"
                    HEIGHT="120"
                    WC="0.9940480875297332"></String>
          </TextLine>
          <TextLine ID="eSc_line_0afce237"
                    TAGREFS="LT31"
                    BASELINE="650 2220 2717 2172" 
                    HPOS="647"
                    VPOS="2122"
                    WIDTH="2070"
                    HEIGHT="129">
            <Shape><Polygon POINTS="650 2220 650 2251 1152 2228 1208 2237 1230 2239 1233 2239 1236 2239 1239 2239 1244 2237 1261 2225 1295 2234 1329 2242 1331 2242 1334 2242 1892 2217 1937 2217 1940 2217 1979 2228 1982 2228 1985 2228 1988 2228 2013 2214 2024 2209 2041 2214 2072 2223 2074 2223 2077 2223 2173 2211 2229 2203 2248 2209 2288 2220 2290 2220 2293 2223 2293 2220 2296 2220 2344 2206 2355 2203 2366 2206 2422 2217 2425 2217 2644 2197 2649 2197 2652 2197 2672 2211 2675 2211 2677 2211 2680 2211 2683 2211 2717 2195 2717 2172 2711 2136 2582 2122 2579 2122 2576 2122 2529 2138 2526 2138 2523 2138 2470 2124 2467 2124 2464 2124 2461 2124 2419 2141 2417 2141 2403 2141 2232 2130 2229 2130 2226 2130 2181 2147 2178 2147 2139 2133 2136 2133 2133 2133 2038 2150 2032 2152 1906 2152 1903 2152 1887 2138 1884 2138 1881 2138 1878 2138 1875 2138 1873 2138 1847 2155 1845 2155 1822 2155 1676 2144 1674 2144 647 2180 650 2220"/></Shape>
	    <String CONTENT="extension du droit de su ffrage ent toumé au profit de la réaction! Plus"
                    HPOS="647"
                    VPOS="2122"
                    WIDTH="2070"
                    HEIGHT="129"
                    WC="0.9844026764233907"></String>
          </TextLine>
          <TextLine ID="eSc_line_6f073f74"
                    TAGREFS="LT31"
                    BASELINE="650 2284 1357 2281 2742 2248" 
                    HPOS="647"
                    VPOS="2197"
                    WIDTH="2095"
                    HEIGHT="115">
            <Shape><Polygon POINTS="650 2284 650 2312 1626 2309 1749 2301 1917 2287 2002 2298 2041 2301 2044 2301 2108 2295 2240 2284 2495 2290 2498 2290 2501 2290 2503 2290 2518 2276 2574 2290 2576 2290 2579 2290 2582 2290 2585 2290 2652 2273 2736 2287 2742 2248 2736 2211 2635 2197 2632 2197 2498 2214 2461 2217 2445 2214 2394 2203 2391 2203 2389 2203 2386 2203 2372 2214 2369 2217 2335 2214 2187 2206 2184 2206 2094 2220 2044 2225 2007 2220 1971 2214 1968 2214 1906 2220 1845 2228 1836 2223 1825 2214 1822 2214 1819 2214 1817 2214 1814 2214 1811 2214 1800 2223 1788 2228 1721 2223 1629 2217 1626 2217 1502 2225 1343 2239 647 2239 650 2284"/></Shape>
	    <String CONTENT="on abaissera le cens, avait dit Lebeau au congrès, plus ou aura des élec"
                    HPOS="647"
                    VPOS="2197"
                    WIDTH="2095"
                    HEIGHT="115"
                    WC="0.9890690354837312"></String>
          </TextLine>
          <TextLine ID="eSc_line_57d4a949"
                    TAGREFS="LT31"
                    BASELINE="644 2363 2728 2323" 
                    HPOS="642"
                    VPOS="2284"
                    WIDTH="2086"
                    HEIGHT="104">
            <Shape><Polygon POINTS="644 2363 644 2388 2276 2374 2428 2354 2431 2354 2574 2368 2576 2368 2728 2346 2728 2323 2719 2284 642 2321 644 2363"/></Shape>
	    <String CONTENT="tions aristoiratignes&quot;. On avait uu siucirement faire preuve de saine"
                    HPOS="642"
                    VPOS="2284"
                    WIDTH="2086"
                    HEIGHT="104"
                    WC="0.9923496419104977"></String>
          </TextLine>
          <TextLine ID="eSc_line_a3197b57"
                    TAGREFS="LT31"
                    BASELINE="647 2438 2736 2405" 
                    HPOS="644"
                    VPOS="2354"
                    WIDTH="2092"
                    HEIGHT="107">
            <Shape><Polygon POINTS="647 2438 647 2461 2038 2450 2119 2447 2579 2427 2733 2438 2736 2405 2731 2363 2565 2357 2562 2357 2560 2357 2557 2357 2548 2363 2537 2371 2523 2363 2503 2354 2501 2354 2391 2354 2389 2354 2332 2366 2293 2374 2265 2366 2232 2357 2229 2357 2226 2357 2223 2357 2201 2368 2175 2377 2058 2368 2004 2366 2002 2366 1999 2366 1988 2368 1957 2380 1940 2371 1929 2363 1926 2363 1923 2363 1920 2363 1917 2363 1915 2363 1906 2371 1895 2382 1676 2385 1584 2374 1536 2368 1533 2368 1441 2371 1438 2371 1435 2371 1432 2374 1416 2388 1396 2377 1390 2374 1387 2374 1385 2374 1371 2377 1309 2388 1225 2377 1188 2374 1186 2374 1183 2374 1180 2374 1174 2377 1146 2396 989 2396 964 2380 961 2380 958 2380 956 2380 953 2380 950 2380 919 2399 818 2399 644 2385 647 2438"/></Shape>
	    <String CONTENT="démocratie en adaptant rus ceurs moins élevé que celui de la France et en"
                    HPOS="644"
                    VPOS="2354"
                    WIDTH="2092"
                    HEIGHT="107"
                    WC="0.9879619871100335"></String>
          </TextLine>
          <TextLine ID="eSc_line_b15eb6bd"
                    TAGREFS="LT31"
                    BASELINE="658 2517 2733 2475" 
                    HPOS="656"
                    VPOS="2424"
                    WIDTH="2077"
                    HEIGHT="115">
            <Shape><Polygon POINTS="658 2517 658 2539 1486 2539 1486 2537 1488 2537 1550 2520 1873 2528 1875 2528 1971 2511 2175 2523 2178 2523 2318 2500 2489 2500 2529 2514 2532 2514 2534 2514 2641 2497 2691 2511 2694 2511 2697 2511 2700 2511 2733 2492 2733 2475 2728 2433 2456 2424 2453 2424 2114 2447 2038 2450 2018 2447 1929 2436 1926 2436 1923 2436 1920 2436 1898 2450 1895 2452 1892 2452 1864 2438 1861 2438 1859 2438 1772 2455 1758 2455 1749 2455 1668 2441 1665 2441 1662 2441 1623 2458 1620 2461 1483 2461 1466 2461 1259 2450 1256 2450 1253 2450 1205 2466 1202 2466 1073 2452 1071 2452 793 2475 692 2461 689 2461 686 2461 656 2475 658 2517"/></Shape>
	    <String CONTENT="le graduent de 20 à 9o forius, enéeant dans les campagnes et de 50 à 80"
                    HPOS="656"
                    VPOS="2424"
                    WIDTH="2077"
                    HEIGHT="115"
                    WC="0.9853112656209204"></String>
          </TextLine>
          <TextLine ID="eSc_line_ffe9d3d2"
                    TAGREFS="LT33"
                    BASELINE="1402 2531 1538 2519" 
                    HPOS="1402"
                    VPOS="2519"
                    WIDTH="136"
                    HEIGHT="12">
	    <String CONTENT=""
                    HPOS="1402"
                    VPOS="2519"
                    WIDTH="136"
                    HEIGHT="12"></String>
          </TextLine>
          <TextLine ID="eSc_line_d7d68a55"
                    TAGREFS="LT31"
                    BASELINE="653 2593 1012 2576 2736 2551" 
                    HPOS="650"
                    VPOS="2494"
                    WIDTH="2086"
                    HEIGHT="124">
            <Shape><Polygon POINTS="653 2593 653 2618 1001 2601 1043 2612 1051 2615 1054 2615 1057 2615 1093 2612 1219 2601 1295 2609 1323 2612 1326 2612 1329 2612 1331 2612 1334 2609 1357 2595 1528 2607 1553 2607 1556 2607 1575 2607 1710 2590 1982 2598 2052 2601 2055 2601 2103 2598 2285 2581 2375 2593 2394 2595 2397 2595 2400 2595 2405 2593 2442 2579 2551 2590 2576 2593 2579 2593 2582 2593 2588 2590 2624 2576 2733 2587 2736 2551 2731 2514 2574 2494 2571 2494 2568 2494 2520 2517 2344 2517 2274 2497 2271 2497 2268 2497 2265 2497 2262 2497 2223 2520 2223 2523 2215 2523 2142 2523 2055 2500 2052 2500 1934 2503 1931 2503 1875 2525 1780 2506 1777 2506 1662 2528 1533 2508 1530 2508 1343 2534 1116 2517 1113 2517 1110 2517 1062 2534 1006 2517 1003 2517 1001 2517 650 2545 653 2593"/></Shape>
	    <String CONTENT="dans les villes. Taudisque la Charte de Loues Philippe &lt; il n&#x27;y avait qu&#x27;une"
                    HPOS="650"
                    VPOS="2494"
                    WIDTH="2086"
                    HEIGHT="124"
                    WC="0.9702308350487759"></String>
          </TextLine>
          <TextLine ID="eSc_line_ee5f0a61"
                    TAGREFS="LT31"
                    BASELINE="642 2660 1113 2643 2731 2643" 
                    HPOS="639"
                    VPOS="2581"
                    WIDTH="2092"
                    HEIGHT="101">
            <Shape><Polygon POINTS="642 2660 642 2682 919 2679 922 2679 953 2665 972 2679 975 2679 978 2679 981 2679 1323 2665 1348 2679 1348 2682 1351 2682 1354 2682 1357 2682 1359 2682 1362 2679 1387 2668 1486 2679 1511 2682 1514 2682 1516 2682 1522 2679 1553 2665 1612 2679 1629 2682 1631 2682 1634 2682 1640 2679 1676 2663 1884 2663 1920 2679 1923 2679 1926 2679 1929 2679 1940 2679 2024 2663 2237 2663 2288 2677 2296 2679 2299 2679 2302 2679 2304 2679 2313 2677 2352 2665 2403 2677 2419 2679 2422 2679 2425 2679 2428 2679 2431 2677 2456 2663 2495 2677 2506 2679 2509 2679 2512 2679 2515 2679 2529 2677 2576 2663 2607 2677 2616 2679 2618 2679 2621 2679 2728 2674 2731 2643 2728 2584 2646 2581 2644 2581 2641 2581 2635 2584 2596 2601 2349 2587 2285 2584 2282 2584 2257 2587 2178 2601 2100 2590 2058 2584 2055 2584 2052 2584 2049 2584 2041 2590 2024 2601 1948 2590 1909 2587 1906 2587 1873 2593 1819 2601 1780 2593 1738 2584 1735 2584 1688 2593 1637 2607 1469 2607 1452 2595 1432 2587 1430 2587 1427 2587 1326 2598 1267 2604 1239 2598 1180 2587 1177 2587 1174 2587 1172 2587 1152 2601 1149 2601 1124 2587 1121 2587 1118 2587 1116 2587 1068 2601 1054 2604 1045 2601 1015 2587 1012 2587 1009 2587 1006 2587 972 2601 964 2607 639 2607 642 2660"/></Shape>
	    <String CONTENT="élechur sur 160 habitants, il y en avait un sur quatre-migt-quenge d&#x27;après"
                    HPOS="639"
                    VPOS="2581"
                    WIDTH="2092"
                    HEIGHT="101"
                    WC="0.9785030524472933"></String>
          </TextLine>
          <TextLine ID="eSc_line_57b8d5ca"
                    TAGREFS="LT31"
                    BASELINE="644 2736 1079 2722 2739 2708" 
                    HPOS="642"
                    VPOS="2651"
                    WIDTH="2097"
                    HEIGHT="113">
            <Shape><Polygon POINTS="644 2736 644 2764 759 2750 832 2764 846 2764 849 2764 877 2761 1031 2747 1158 2758 1200 2761 1202 2761 1230 2758 1295 2747 1418 2755 1483 2758 1486 2758 1488 2758 1500 2752 1522 2744 1671 2752 1763 2755 1766 2755 1811 2750 1887 2738 1909 2747 1920 2752 1923 2752 1926 2752 1976 2747 2077 2736 2736 2736 2739 2708 2733 2665 2658 2651 2655 2651 2585 2665 2560 2671 2540 2665 2495 2654 2492 2654 2489 2654 2487 2654 2459 2668 2450 2674 2220 2674 2198 2671 2111 2657 2108 2657 2105 2657 2103 2657 2080 2674 2077 2677 1898 2677 1892 2677 1845 2660 1842 2660 1839 2660 1836 2660 1777 2677 1760 2663 1758 2663 1755 2663 1623 2663 1620 2663 1617 2663 1573 2679 1570 2679 1567 2679 1505 2665 1502 2665 1500 2665 1466 2682 1460 2682 1444 2682 1317 2668 1315 2668 1312 2668 1259 2682 1208 2665 1205 2665 1202 2665 1200 2665 1127 2685 1124 2685 1118 2685 922 2668 919 2668 642 2691 644 2736"/></Shape>
	    <String CONTENT="la constitution belge. A partir de 1839, le corps électoral comprit environ"
                    HPOS="642"
                    VPOS="2651"
                    WIDTH="2097"
                    HEIGHT="113"
                    WC="0.9974645519256592"></String>
          </TextLine>
          <TextLine ID="eSc_line_dee7a445"
                    TAGREFS="LT31"
                    BASELINE="647 2817 2708 2772" 
                    HPOS="644"
                    VPOS="2722"
                    WIDTH="2064"
                    HEIGHT="134">
            <Shape><Polygon POINTS="647 2817 647 2842 701 2856 703 2856 706 2856 765 2839 782 2836 796 2839 858 2853 860 2853 863 2853 897 2836 905 2834 928 2836 992 2845 995 2845 1124 2831 1135 2831 1166 2845 1169 2845 1172 2845 1174 2845 1177 2845 1197 2828 1200 2828 1247 2828 1514 2834 1516 2834 1659 2817 1676 2817 1688 2817 1769 2828 1772 2828 1774 2828 1831 2814 1833 2814 1903 2831 1906 2831 1909 2831 2066 2814 2672 2814 2675 2814 2677 2814 2680 2814 2708 2794 2708 2772 2700 2722 2571 2738 2391 2730 2318 2727 2316 2727 2004 2741 1654 2758 1575 2755 1418 2747 1416 2747 1202 2766 1158 2769 1141 2769 1062 2755 1059 2755 947 2772 914 2758 911 2758 908 2758 905 2758 866 2775 672 2766 670 2766 667 2766 664 2766 644 2775 647 2817"/></Shape>
	    <String CONTENT="45000 personnes formant à elles seules le &quot;pays. ligal&quot;. Les constituants"
                    HPOS="644"
                    VPOS="2722"
                    WIDTH="2064"
                    HEIGHT="134"
                    WC="0.9781876818553822"></String>
          </TextLine>
          <TextLine ID="eSc_line_8102b950"
                    TAGREFS="LT31"
                    BASELINE="642 2893 2719 2856" 
                    HPOS="639"
                    VPOS="2803"
                    WIDTH="2080"
                    HEIGHT="123">
            <Shape><Polygon POINTS="642 2893 642 2923 888 2912 905 2918 922 2926 925 2926 928 2926 930 2926 933 2926 944 2918 961 2909 981 2918 989 2921 992 2921 995 2921 1037 2915 1121 2907 1233 2912 1351 2918 1354 2918 1357 2918 1376 2909 1387 2904 1452 2907 1575 2915 1578 2915 1581 2915 1584 2915 1595 2904 1603 2898 1654 2904 1755 2912 1758 2912 2002 2895 2094 2890 2114 2893 2161 2904 2164 2904 2274 2890 2302 2887 2341 2887 2540 2898 2543 2898 2717 2879 2719 2856 2717 2817 2680 2803 2677 2803 2675 2803 2369 2820 2282 2822 2271 2820 2232 2806 2229 2806 2226 2806 2094 2820 2055 2825 2049 2822 2041 2814 2038 2814 2035 2814 2032 2814 2030 2814 2027 2814 2018 2822 2007 2828 1903 2822 1752 2814 1749 2814 1679 2825 1631 2831 1617 2825 1601 2817 1598 2817 1595 2817 1592 2817 1589 2817 1589 2820 1581 2825 1575 2831 1519 2825 1480 2822 1477 2822 1474 2822 1463 2825 1427 2839 1320 2828 1273 2822 1270 2822 1149 2825 1146 2825 1138 2828 1101 2848 936 2848 874 2831 872 2831 869 2831 866 2831 787 2850 748 2834 745 2834 639 2834 642 2893"/></Shape>
	    <String CONTENT="eétaient persnade.......&gt; que la fortune, itant désormais anesaille"
                    HPOS="639"
                    VPOS="2803"
                    WIDTH="2080"
                    HEIGHT="123"
                    WC="0.9558830163372096"></String>
          </TextLine>
          <TextLine ID="eSc_line_e7b689ca"
                    TAGREFS="LT31"
                    BASELINE="639 2965 1163 2951 2728 2940" 
                    HPOS="636"
                    VPOS="2887"
                    WIDTH="2092"
                    HEIGHT="109">
            <Shape><Polygon POINTS="639 2965 639 2996 1051 2979 1186 2991 1197 2991 1200 2991 1205 2991 1270 2977 1511 2988 1553 2988 1556 2988 1559 2988 1564 2988 1595 2974 2725 2974 2728 2940 2722 2904 2571 2887 2568 2887 2501 2901 2478 2887 2475 2887 2473 2887 2470 2887 2344 2904 1859 2893 1856 2893 1758 2909 1735 2895 1732 2895 1730 2895 1727 2895 1564 2912 1547 2912 1522 2912 1247 2898 1244 2898 1242 2898 1205 2915 1202 2915 1200 2915 1152 2901 1149 2901 1146 2901 1144 2901 1141 2901 1124 2915 1124 2918 799 2918 793 2918 740 2904 737 2904 734 2904 636 2918 639 2965"/></Shape>
	    <String CONTENT="à tous ne pouvait passer pour un privilège. &lt;.... ........ ..&gt;"
                    HPOS="636"
                    VPOS="2887"
                    WIDTH="2092"
                    HEIGHT="109"
                    WC="0.952582890079135"></String>
          </TextLine>
          <TextLine ID="eSc_line_659605f3"
                    TAGREFS="LT31"
                    BASELINE="642 3050 844 3038 2731 3019" 
                    HPOS="639"
                    VPOS="2968"
                    WIDTH="2092"
                    HEIGHT="112">
            <Shape><Polygon POINTS="642 3050 642 3080 970 3061 1113 3075 1149 3078 1152 3078 1155 3078 1169 3075 1222 3058 1466 3069 1539 3072 1542 3072 1545 3072 1556 3069 1598 3055 1794 3064 1898 3069 1901 3069 1903 3069 1917 3064 1945 3050 2035 3061 2041 3061 2044 3061 2063 3061 2282 3047 2321 3058 2344 3064 2346 3064 2349 3064 2386 3055 2439 3044 2540 3052 2616 3061 2618 3061 2731 3050 2731 3019 2725 2977 2184 2968 2181 2968 2018 2985 1990 2988 1982 2985 1929 2971 1926 2971 1923 2971 1920 2971 1861 2988 1847 2991 1819 2988 1674 2974 1671 2974 1668 2974 1601 2991 1589 2993 1547 2993 1309 2982 1306 2982 1166 2999 1146 2999 1127 2999 894 2982 891 2982 639 3005 642 3050"/></Shape>
	    <String CONTENT="&lt;. ..... .. ... .......&gt; L&#x27;Ancien Regi¬"
                    HPOS="639"
                    VPOS="2968"
                    WIDTH="2092"
                    HEIGHT="112"
                    WC="0.8634861615987924"></String>
          </TextLine>
          <TextLine ID="eSc_line_38c6f555"
                    TAGREFS="LT31"
                    BASELINE="628 3125 2719 3100" 
                    HPOS="625"
                    VPOS="3044"
                    WIDTH="2094"
                    HEIGHT="120">
            <Shape><Polygon POINTS="628 3125 628 3145 818 3164 821 3164 824 3164 883 3142 891 3142 908 3142 1054 3162 1057 3162 1059 3162 1124 3142 1132 3139 1152 3139 1317 3159 1320 3159 1536 3156 1539 3156 1575 3136 1584 3136 1786 3153 1788 3153 1892 3134 1906 3131 1940 3131 2161 3148 2164 3148 2260 3128 2265 3128 2271 3128 2310 3142 2313 3142 2316 3142 2318 3142 2321 3142 2338 3128 2344 3125 2489 3125 2498 3125 2560 3142 2562 3142 2565 3142 2719 3122 2719 3100 2714 3061 2481 3044 2478 3044 2268 3064 2243 3066 2223 3066 2131 3055 2128 3055 1903 3069 1884 3069 1878 3069 1788 3052 1786 3052 1783 3052 1749 3072 1746 3072 1730 3072 1581 3055 1578 3055 1486 3075 1483 3075 1480 3075 1463 3058 1460 3058 1458 3058 1320 3058 1317 3058 1225 3078 1219 3078 1200 3064 1197 3064 1194 3064 1191 3064 1079 3078 928 3064 925 3064 922 3064 919 3064 900 3080 900 3083 625 3083 628 3125"/></Shape>
	    <String CONTENT="me ayant dispain, ils se fiquraient qu&#x27;il n&#x27;y avait plus de classes parse"
                    HPOS="625"
                    VPOS="3044"
                    WIDTH="2094"
                    HEIGHT="120"
                    WC="0.967737662057354"></String>
          </TextLine>
          <TextLine ID="eSc_line_2318b732"
                    TAGREFS="LT31"
                    BASELINE="630 3207 2604 3173" 
                    HPOS="628"
                    VPOS="3120"
                    WIDTH="1976"
                    HEIGHT="129">
            <Shape><Polygon POINTS="630 3207 633 3249 698 3226 858 3243 874 3243 877 3243 888 3243 984 3223 1071 3237 1085 3237 1087 3237 1090 3237 1093 3237 1093 3235 1127 3218 1368 3226 1371 3226 1463 3212 1486 3223 1500 3232 1502 3232 1505 3232 1550 3223 1581 3215 1589 3221 1606 3232 1609 3232 1612 3232 1615 3232 1617 3232 1620 3232 1634 3221 1648 3209 1693 3218 1755 3229 1758 3229 1825 3215 1859 3207 1884 3212 1937 3226 1940 3226 1943 3226 2046 3207 2055 3207 2060 3207 2097 3221 2100 3221 2103 3221 2105 3221 2108 3221 2108 3218 2125 3207 2128 3201 2142 3204 2192 3221 2195 3221 2198 3221 2201 3221 2274 3201 2279 3201 2285 3201 2433 3218 2436 3218 2604 3190 2604 3173 2599 3136 2464 3136 2442 3120 2439 3120 2436 3120 2433 3120 2431 3120 2428 3120 2408 3136 2405 3139 2318 3139 2318 3136 2299 3120 2296 3120 2293 3120 2290 3120 2131 3139 2122 3139 2117 3139 1945 3122 1943 3122 1811 3142 1774 3150 1612 3150 1606 3145 1595 3134 1592 3134 1589 3134 1587 3134 1533 3145 1508 3150 1483 3145 1418 3134 1416 3134 1323 3148 1281 3153 1233 3148 1121 3136 1118 3136 1057 3150 1051 3150 1043 3150 972 3142 970 3142 967 3142 964 3142 950 3150 936 3162 905 3153 874 3142 872 3142 869 3142 866 3142 863 3142 849 3153 835 3162 815 3153 796 3145 793 3145 790 3145 787 3145 771 3153 745 3164 628 3156 630 3207"/></Shape>
	    <String CONTENT="qu il n&#x27;y avait plus d&#x27;aristoisatie, en plutot qu&#x27;il n&#x27;exiitait plus"
                    HPOS="628"
                    VPOS="3120"
                    WIDTH="1976"
                    HEIGHT="129"
                    WC="0.9854032940724317"></String>
          </TextLine>
          <TextLine ID="eSc_line_003f65e9"
                    TAGREFS="LT31"
                    BASELINE="630 3293 1118 3274 2705 3243" 
                    HPOS="628"
                    VPOS="3190"
                    WIDTH="2077"
                    HEIGHT="140">
            <Shape><Polygon POINTS="630 3293 630 3330 897 3307 964 3321 967 3321 970 3321 978 3321 1160 3299 1368 3299 1404 3310 1416 3313 1418 3313 1421 3313 1460 3307 1556 3296 1640 3305 1685 3307 1688 3307 1926 3302 1929 3302 1931 3302 1937 3296 1954 3285 2069 3293 2139 3296 2142 3296 2187 3288 2246 3279 2290 3285 2341 3293 2344 3293 2346 3293 2366 3285 2383 3277 2705 3277 2705 3243 2697 3190 2459 3209 2338 3198 2316 3198 2313 3198 2310 3198 2304 3201 2271 3212 2248 3201 2240 3198 2237 3198 2234 3198 2232 3198 2229 3198 2223 3204 2206 3215 2145 3204 2100 3198 2097 3198 2094 3198 2091 3198 2083 3207 2069 3218 2032 3209 2016 3204 2013 3204 2010 3204 2007 3204 1985 3209 1943 3221 1828 3215 1693 3207 1690 3207 1688 3207 1685 3207 1665 3218 1651 3229 1418 3232 1396 3226 1357 3218 1354 3218 1351 3218 1289 3229 1278 3232 1270 3232 1211 3218 1208 3218 1205 3218 1172 3235 1169 3235 1160 3235 1062 3221 1059 3221 1057 3221 1026 3237 1020 3240 1006 3237 902 3223 900 3223 897 3223 860 3243 858 3246 628 3249 630 3293"/></Shape>
	    <String CONTENT="qu uné cluse, la classe moyenne grils&quot;reprèsentant tous les intérêts"
                    HPOS="628"
                    VPOS="3190"
                    WIDTH="2077"
                    HEIGHT="140"
                    WC="0.9733629827113712"></String>
          </TextLine>
        </TextBlock>
        <TextBlock HPOS="100"
                   VPOS="2229"
                   WIDTH="524"
                   HEIGHT="1131"
                   ID="09a36830-3807-44e3-ab3c-0ee6a157b284"
                   TAGREFS="BT43">
          <Shape><Polygon POINTS="624 2229 624 3360 100 3360 100 2229"/></Shape>
        </TextBlock>
        <TextBlock HPOS="241"
                   VPOS="77"
                   WIDTH="291"
                   HEIGHT="195"
                   ID="eSc_textblock_d0bd76f7"
                   TAGREFS="BT44">
          <Shape><Polygon POINTS="241 77 241 272 532 272 532 77"/></Shape>
        </TextBlock>
        <TextBlock ID="eSc_dummyblock_">
          <TextLine ID="eSc_line_3f7f5fad"
                    TAGREFS="LT31"
                    BASELINE="301 163 478 190" 
                    HPOS="301"
                    VPOS="163"
                    WIDTH="177"
                    HEIGHT="27">
	    <String CONTENT=""
                    HPOS="301"
                    VPOS="163"
                    WIDTH="177"
                    HEIGHT="27"></String>
          </TextLine>
          <TextLine ID="eSc_line_7d8a67aa"
                    TAGREFS="LT31"
                    BASELINE="176 2332 538 2323" 
                    HPOS="173"
                    VPOS="2245"
                    WIDTH="345"
                    HEIGHT="143">
            <Shape><Polygon POINTS="201 2293 199 2273 173 2273 176 2332 176 2388 269 2388 269 2385 271 2385 291 2377 336 2357 459 2357 468 2363 496 2377 499 2377 501 2377 504 2377 507 2377 507 2374 518 2360 518 2323 510 2267 440 2267 417 2248 417 2245 414 2245 412 2245 372 2245 370 2245 367 2245 311 2270 308 2273 257 2273 229 2281"/></Shape>
	    <String CONTENT="Haylhen II53)"
                    HPOS="173"
                    VPOS="2245"
                    WIDTH="345"
                    HEIGHT="143"
                    WC="0.8763052500211276"></String>
          </TextLine>
          <TextLine ID="eSc_line_ba272b7d"
                    TAGREFS="LT31"
                    BASELINE="187 3235 386 3212" 
                    HPOS="176"
                    VPOS="3131"
                    WIDTH="210"
                    HEIGHT="137">
            <Shape><Polygon POINTS="187 3235 190 3268 263 3265 266 3265 269 3265 271 3263 316 3237 384 3249 386 3212 378 3139 229 3131 227 3131 224 3131 176 3148 187 3235"/></Shape>
	    <String CONTENT="prytlens"
                    HPOS="176"
                    VPOS="3131"
                    WIDTH="210"
                    HEIGHT="137"
                    WC="0.8849112577736378"></String>
          </TextLine>
          <TextLine ID="eSc_line_d378ded8"
                    TAGREFS="LT31"
                    BASELINE="288 3302 386 3296" 
                    HPOS="283"
                    VPOS="3221"
                    WIDTH="103"
                    HEIGHT="126">
            <Shape><Polygon POINTS="288 3302 288 3347 386 3324 386 3296 381 3235 336 3221 333 3221 330 3221 328 3221 283 3237 288 3302"/></Shape>
	    <String CONTENT="177"
                    HPOS="283"
                    VPOS="3221"
                    WIDTH="103"
                    HEIGHT="126"
                    WC="0.9999847412109375"></String>
          </TextLine>
        </TextBlock>
      </PrintSpace>
    </Page>
  </Layout>
</alto>
