<?xml version="1.0" encoding="UTF-8"?>
<alto xmlns:xsi="http://www.w3.org/2001/XMLSchema-instance"
      xmlns="http://www.loc.gov/standards/alto/ns-v4#"
      xsi:schemaLocation="http://www.loc.gov/standards/alto/ns-v4# http://www.loc.gov/standards/alto/v4/alto-4-2.xsd">
  <Description>
    <MeasurementUnit>pixel</MeasurementUnit>
    <sourceImageInformation>
      <fileName>ARCH-DIV-000496_0073.png</fileName>
    </sourceImageInformation>
  </Description>
  <Tags>
    <OtherTag ID="BT42" LABEL="MainZone" DESCRIPTION="block type MainZone"/><OtherTag ID="BT43" LABEL="MarginTextZone" DESCRIPTION="block type MarginTextZone"/><OtherTag ID="BT44" LABEL="NumberingZone" DESCRIPTION="block type NumberingZone"/><OtherTag ID="BT45" LABEL="TitlePageZone" DESCRIPTION="block type TitlePageZone"/><OtherTag ID="BT46" LABEL="CustomZone:Numbering" DESCRIPTION="block type CustomZone:Numbering"/><OtherTag ID="BT49" LABEL="MarginTextZone:lower" DESCRIPTION="block type MarginTextZone:lower"/>
    <OtherTag ID="LT25" LABEL="default" DESCRIPTION="line type default"/><OtherTag ID="LT31" LABEL="DefaultLine" DESCRIPTION="line type DefaultLine"/><OtherTag ID="LT32" LABEL="HeadingLine" DESCRIPTION="line type HeadingLine"/><OtherTag ID="LT33" LABEL="InterlinearLine:addition" DESCRIPTION="line type InterlinearLine:addition"/><OtherTag ID="LT34" LABEL="InterlinearLine:correction" DESCRIPTION="line type InterlinearLine:correction"/>
  </Tags>
  <Layout>
    <Page WIDTH="2790"
          HEIGHT="3336"
          PHYSICAL_IMG_NR="72"
          ID="eSc_dummypage_">
      <PrintSpace HPOS="0"
                  VPOS="0"
                  WIDTH="2790"
                  HEIGHT="3336">
        <TextBlock HPOS="623"
                   VPOS="0"
                   WIDTH="2142"
                   HEIGHT="3336"
                   ID="b96f4934-fb8d-4642-95e5-09cce1472ed3"
                   TAGREFS="BT42">
          <Shape><Polygon POINTS="2765 0 2765 3336 623 3336 623 0"/></Shape>
          <TextLine ID="eSc_line_7047f844"
                    TAGREFS="LT31"
                    BASELINE="664 125 1165 105 2720 86" 
                    HPOS="662"
                    VPOS="44"
                    WIDTH="2058"
                    HEIGHT="106">
            <Shape><Polygon POINTS="2692 52 2664 44 2108 44 2108 47 2080 47 2055 47 2022 47 1997 50 1969 50 1941 50 1913 52 1885 52 1858 52 1830 52 1802 55 1774 55 1746 55 1719 58 1691 58 1663 58 1635 58 1607 61 1579 61 1552 61 1524 63 1496 63 1468 63 1440 63 1413 66 1385 66 1357 66 1329 69 1301 69 1273 69 1246 69 1218 72 1190 72 1162 72 1134 72 1107 75 1079 75 1051 75 1023 77 995 77 968 77 940 77 912 80 884 80 856 80 828 83 801 83 773 83 745 83 717 86 689 86 662 86 664 125 664 150 2717 113 2720 86 2712 55 2692 52"/></Shape>
	    <String CONTENT="d une constitution matérielle comme le congrès l&#x27;a datée s&#x27;ume"
                    HPOS="662"
                    VPOS="44"
                    WIDTH="2058"
                    HEIGHT="106"
                    WC="0.9742689228826954"></String>
          </TextLine>
          <TextLine ID="eSc_line_f500ce0f"
                    TAGREFS="LT31"
                    BASELINE="687 205 1023 191 2678 172" 
                    HPOS="684"
                    VPOS="113"
                    WIDTH="1994"
                    HEIGHT="109">
            <Shape><Polygon POINTS="687 205 687 222 2675 197 2678 172 2670 125 2567 133 2534 125 2486 113 2484 113 2481 113 2478 113 2431 127 2400 136 2319 130 2219 122 2216 122 2214 122 2211 122 2194 133 2183 139 2122 133 2052 127 2050 127 2002 136 1966 141 1902 139 1769 127 1766 127 1763 127 1719 141 1705 144 1694 141 1635 125 1632 125 1630 125 1449 127 1446 127 1443 127 1443 130 1424 147 1421 147 1418 147 1349 127 1346 127 1343 127 1140 130 1015 152 1012 152 901 133 898 133 895 133 840 155 840 158 684 158 687 205"/></Shape>
	    <String CONTENT="constitution politique , et Briavonnne écrira ceble parale pro¬"
                    HPOS="684"
                    VPOS="113"
                    WIDTH="1994"
                    HEIGHT="109"
                    WC="0.9748089010753329"></String>
          </TextLine>
          <TextLine ID="eSc_line_3b090c59"
                    TAGREFS="LT31"
                    BASELINE="687 291 1641 269 2728 264" 
                    HPOS="684"
                    VPOS="211"
                    WIDTH="2044"
                    HEIGHT="114">
            <Shape><Polygon POINTS="687 291 687 325 954 303 1273 316 1321 316 1324 316 1335 314 1407 297 1449 314 1454 314 1457 314 1460 314 1463 314 1468 314 1504 300 1680 308 1696 308 1699 308 1702 308 1705 308 1763 291 1855 305 1880 308 1883 308 1936 305 2066 291 2105 300 2122 305 2125 305 2127 305 2130 305 2133 305 2139 300 2150 291 2183 300 2200 303 2203 303 2264 297 2442 283 2500 294 2534 300 2536 300 2726 289 2728 264 2723 222 2408 211 2406 211 2403 211 2358 225 2358 227 2253 227 2063 227 2041 214 2038 214 2036 214 1855 214 1852 214 1771 230 1607 216 1605 216 1602 216 1563 233 1546 216 1543 216 1541 216 1538 216 1535 216 1479 236 1424 219 1421 219 1418 219 1415 219 1368 236 1146 222 1143 222 1140 222 1104 241 987 225 984 225 981 225 942 241 840 227 837 227 834 227 831 227 809 244 745 227 742 227 739 227 737 227 684 247 687 291"/></Shape>
	    <String CONTENT="fonde : a sans la Révolution le Chem de fer ne pouvait exèr her"
                    HPOS="684"
                    VPOS="211"
                    WIDTH="2044"
                    HEIGHT="114"
                    WC="0.9843130632052346"></String>
          </TextLine>
          <TextLine ID="eSc_line_9e37dc72"
                    TAGREFS="LT31"
                    BASELINE="673 372 1410 353 2731 339" 
                    HPOS="670"
                    VPOS="289"
                    WIDTH="2061"
                    HEIGHT="102">
            <Shape><Polygon POINTS="673 372 673 391 2731 372 2731 339 2726 300 2250 289 2247 289 1977 308 1966 308 1961 308 1835 294 1833 294 1830 294 1827 294 1802 311 1755 297 1752 297 1749 297 1649 314 1641 314 1638 314 1621 300 1618 300 1616 300 1449 300 1446 300 1443 300 1401 316 1399 316 1388 316 1254 303 1251 303 1248 303 1201 319 1198 319 1190 319 1084 305 1082 305 1079 305 1076 305 1054 322 1051 322 1040 322 962 308 959 308 670 325 673 372"/></Shape>
	    <String CONTENT="et sans le chemin de fer. la Révolution pouvait être compromi¬"
                    HPOS="670"
                    VPOS="289"
                    WIDTH="2061"
                    HEIGHT="102"
                    WC="0.993525541597797"></String>
          </TextLine>
          <TextLine ID="eSc_line_dae17e09"
                    TAGREFS="LT31"
                    BASELINE="673 444 834 436" 
                    HPOS="670"
                    VPOS="397"
                    WIDTH="164"
                    HEIGHT="72">
            <Shape><Polygon POINTS="673 444 673 461 831 469 834 436 826 397 670 403 673 444"/></Shape>
	    <String CONTENT="3c&quot;."
                    HPOS="670"
                    VPOS="397"
                    WIDTH="164"
                    HEIGHT="72"
                    WC="0.9999993443489075"></String>
          </TextLine>
          <TextLine ID="eSc_line_add2c0fe"
                    TAGREFS="LT31"
                    BASELINE="689 539 2687 528" 
                    HPOS="687"
                    VPOS="467"
                    WIDTH="2000"
                    HEIGHT="105">
            <Shape><Polygon POINTS="689 539 689 572 912 556 2681 558 2687 528 2681 475 2575 467 2573 467 2506 475 2406 489 2383 475 2369 469 2367 469 2364 469 2328 478 2275 489 2258 478 2247 467 2244 467 2242 467 2186 467 2183 467 2180 467 2144 478 2100 494 1894 494 1877 480 1872 475 1869 475 1866 475 1863 475 1860 475 1847 480 1819 494 1610 494 1582 483 1554 472 1552 472 1390 472 1388 472 1385 472 1354 486 1332 497 1218 497 1190 486 1154 475 1151 475 1148 475 1093 486 1079 489 1057 489 934 475 931 475 929 475 926 475 904 489 887 500 834 500 801 489 745 475 742 475 739 475 737 475 687 489 689 539"/></Shape>
	    <String CONTENT="A peine commencée, la grande entr eprise fit sentir ses récel¬"
                    HPOS="687"
                    VPOS="467"
                    WIDTH="2000"
                    HEIGHT="105"
                    WC="0.982893580390561"></String>
          </TextLine>
          <TextLine ID="eSc_line_3fd76e22"
                    TAGREFS="LT31"
                    BASELINE="673 619 2700 594" 
                    HPOS="670"
                    VPOS="539"
                    WIDTH="2030"
                    HEIGHT="103">
            <Shape><Polygon POINTS="673 619 673 642 2698 625 2700 594 2692 550 2411 556 2397 553 2333 539 2331 539 2328 539 2278 556 2264 558 2242 556 2147 542 2144 542 2141 542 2097 558 2086 561 2072 558 2022 544 2019 544 2016 544 2013 544 2011 544 1991 558 1983 564 1919 561 1744 550 1741 550 1738 550 1735 550 1716 564 1707 569 1630 569 1624 564 1579 547 1577 547 1574 547 1571 547 1568 547 1546 567 1541 572 1465 572 1460 567 1443 553 1440 553 1438 553 1343 550 1340 550 1337 550 1307 564 1235 553 1232 553 1229 553 1226 553 1226 556 1207 572 1204 572 1196 572 1082 556 1079 556 1076 556 1073 556 1073 558 1054 572 1037 558 1034 558 1031 558 801 558 798 558 795 558 792 558 767 578 734 558 731 558 728 558 726 558 670 578 673 619"/></Shape>
	    <String CONTENT="tats bienfaisants, &lt;. .. . ... "
                    HPOS="670"
                    VPOS="539"
                    WIDTH="2030"
                    HEIGHT="103"
                    WC="0.9057384940885729"></String>
          </TextLine>
          <TextLine ID="eSc_line_93307218"
                    TAGREFS="LT31"
                    BASELINE="675 697 1744 681 2739 686" 
                    HPOS="673"
                    VPOS="622"
                    WIDTH="2066"
                    HEIGHT="106">
            <Shape><Polygon POINTS="675 697 675 725 901 714 993 725 1020 728 1023 728 1054 725 1168 711 1538 722 1635 725 1638 725 1655 722 1724 708 2052 720 2119 722 2122 722 2150 720 2294 706 2734 717 2739 686 2734 622 2484 625 2481 625 2428 644 2186 644 2147 631 2130 625 2127 625 2125 625 2122 625 2111 631 2077 644 1905 633 1810 628 1808 628 1805 628 1802 628 1794 636 1780 644 1713 636 1666 631 1663 631 1660 631 1646 636 1627 647 1591 639 1560 631 1557 631 1554 631 1552 631 1535 639 1521 647 1290 647 1273 642 1201 631 1198 631 1196 631 1151 644 1129 653 853 653 845 650 798 633 795 633 792 633 673 650 675 697"/></Shape>
	    <String CONTENT="&lt;.... ......&gt; en tirant le pays de la paralysie industuille &lt;."
                    HPOS="673"
                    VPOS="622"
                    WIDTH="2066"
                    HEIGHT="106"
                    WC="0.9706140871970884"></String>
          </TextLine>
          <TextLine ID="eSc_line_75e7900b"
                    TAGREFS="LT31"
                    BASELINE="670 781 1418 756 2709 747" 
                    HPOS="667"
                    VPOS="692"
                    WIDTH="2042"
                    HEIGHT="114">
            <Shape><Polygon POINTS="670 781 670 800 851 806 853 806 890 800 945 789 995 797 1034 806 1037 806 1040 806 1065 797 1095 789 1168 797 1207 800 1210 800 1290 795 1513 781 1605 792 1646 797 1649 797 1682 792 1758 778 1930 789 1980 792 1983 792 1986 792 1988 792 1991 789 2016 775 2097 789 2127 792 2130 792 2133 792 2144 786 2183 772 2305 786 2342 789 2344 789 2347 789 2350 789 2350 786 2353 786 2367 772 2703 781 2709 747 2700 706 2472 706 2442 692 2439 692 2436 692 2219 708 2189 695 2186 695 2183 695 2180 695 2127 711 2125 711 2119 711 2022 697 2019 697 2016 697 1988 711 1710 703 1707 703 1705 703 1702 703 1685 717 1682 717 1605 703 1602 703 1599 703 1571 717 1504 703 1502 703 1304 722 1287 722 1273 722 1159 708 1157 708 1154 708 1118 722 873 711 870 711 867 711 831 728 828 728 820 728 714 714 712 714 709 714 667 725 670 781"/></Shape>
	    <String CONTENT="&lt;..  qui l&#x27;accablait. &lt;........... .. ..&gt;"
                    HPOS="667"
                    VPOS="692"
                    WIDTH="2042"
                    HEIGHT="114"
                    WC="0.9123445124160953"></String>
          </TextLine>
          <TextLine ID="eSc_line_d703f8ff"
                    TAGREFS="LT31"
                    BASELINE="664 859 1084 836 2698 803" 
                    HPOS="662"
                    VPOS="758"
                    WIDTH="2036"
                    HEIGHT="123">
            <Shape><Polygon POINTS="664 859 664 881 940 864 1012 875 1023 875 1026 875 1029 875 1031 875 1062 859 1432 864 1440 864 1443 864 1446 864 1521 847 2038 850 2041 850 2139 833 2219 847 2222 847 2225 847 2228 847 2278 828 2506 825 2536 839 2539 839 2542 839 2695 836 2698 803 2692 770 2369 758 2367 758 2244 778 2239 778 2233 778 2144 764 2141 764 2139 764 2097 781 2080 781 1752 772 1749 772 1605 792 904 792 901 792 898 792 862 808 859 811 662 811 664 859"/></Shape>
	    <String CONTENT="&lt;.. ..&gt; des commandes min tersompues"
                    HPOS="662"
                    VPOS="758"
                    WIDTH="2036"
                    HEIGHT="123"
                    WC="0.9563776585790846"></String>
          </TextLine>
          <TextLine ID="eSc_line_4ca817a9"
                    TAGREFS="LT31"
                    BASELINE="667 925 1360 897 2689 867" 
                    HPOS="664"
                    VPOS="817"
                    WIDTH="2025"
                    HEIGHT="130">
            <Shape><Polygon POINTS="667 925 667 947 1755 914 1788 914 1913 922 1916 922 2086 906 2125 903 2144 903 2225 914 2228 914 2361 897 2372 897 2383 897 2542 906 2545 906 2689 886 2689 867 2678 817 2642 831 2272 831 2125 831 2122 831 2080 836 2008 850 1724 850 1396 850 1393 850 1390 850 1363 861 1351 864 1251 864 884 864 881 864 879 864 876 864 876 867 862 878 862 881 664 884 667 925"/></Shape>
	    <String CONTENT="assurèrent l&#x27;avenir compromis de la métallurgie et &lt;..."
                    HPOS="664"
                    VPOS="817"
                    WIDTH="2025"
                    HEIGHT="130"
                    WC="0.9826675447550687"></String>
          </TextLine>
          <TextLine ID="eSc_line_5b1b4ac2"
                    TAGREFS="LT31"
                    BASELINE="659 992 2681 925" 
                    HPOS="656"
                    VPOS="886"
                    WIDTH="2025"
                    HEIGHT="137">
            <Shape><Polygon POINTS="659 992 659 1023 2681 953 2681 925 2673 886 656 942 659 992"/></Shape>
	    <String CONTENT="le renouveaue de son activité provioqua celui des mines de fer"
                    HPOS="656"
                    VPOS="886"
                    WIDTH="2025"
                    HEIGHT="137"
                    WC="0.976797140413715"></String>
          </TextLine>
          <TextLine ID="eSc_line_2c4c8783"
                    TAGREFS="LT31"
                    BASELINE="659 1056 2311 1003 2717 1003" 
                    HPOS="656"
                    VPOS="939"
                    WIDTH="2061"
                    HEIGHT="142">
            <Shape><Polygon POINTS="659 1056 659 1081 1949 1056 2016 1050 2158 1034 2203 1045 2216 1048 2219 1048 2222 1048 2269 1042 2428 1025 2714 1031 2717 1003 2712 939 2620 942 2617 942 2614 942 2589 959 2253 956 2139 956 2136 956 2133 956 2119 961 2091 975 1855 981 1808 972 1766 967 1763 967 1482 986 1304 998 1257 995 1154 986 1151 986 1148 986 1121 1000 1115 1003 1087 1000 981 992 979 992 837 1011 828 1011 826 1011 770 998 767 998 764 998 762 998 759 998 759 1000 742 1014 742 1017 656 1017 659 1056"/></Shape>
	    <String CONTENT="et de charbon. &lt;...... .. La confiance prenaissante po sur site,"
                    HPOS="656"
                    VPOS="939"
                    WIDTH="2061"
                    HEIGHT="142"
                    WC="0.9662103615701199"></String>
          </TextLine>
          <TextLine ID="eSc_line_cf74fc0f"
                    TAGREFS="LT31"
                    BASELINE="662 1131 2731 1064" 
                    HPOS="659"
                    VPOS="1014"
                    WIDTH="2072"
                    HEIGHT="145">
            <Shape><Polygon POINTS="662 1131 662 1159 1949 1125 1986 1123 2144 1106 2194 1117 2203 1117 2205 1117 2208 1117 2211 1117 2228 1103 2369 1112 2383 1112 2386 1112 2395 1112 2492 1095 2726 1100 2731 1064 2723 1025 2534 1031 2528 1031 2481 1014 2478 1014 2475 1014 2242 1039 2214 1042 2197 1042 2047 1028 2044 1028 2041 1028 1963 1050 1955 1050 1941 1050 1791 1039 1788 1039 1785 1039 1746 1056 1746 1059 1657 1059 1357 1067 1335 1053 1332 1053 1329 1053 1326 1053 1171 1075 1168 1075 1101 1059 1098 1059 1095 1059 1093 1059 1009 1081 981 1064 979 1064 976 1064 973 1064 837 1067 659 1092 662 1131"/></Shape>
	    <String CONTENT="&lt;...........&gt; les imitiatives du capitalisme. &lt;.. ..&gt;"
                    HPOS="659"
                    VPOS="1014"
                    WIDTH="2072"
                    HEIGHT="145"
                    WC="0.9357660210357522"></String>
          </TextLine>
          <TextLine ID="eSc_line_5e283542"
                    TAGREFS="LT31"
                    BASELINE="656 1195 2317 1148 2700 1148" 
                    HPOS="653"
                    VPOS="1089"
                    WIDTH="2047"
                    HEIGHT="131">
            <Shape><Polygon POINTS="656 1195 656 1220 1680 1206 1813 1189 1824 1189 1827 1189 1860 1200 1863 1200 1866 1200 1977 1187 2013 1181 2033 1184 2091 1195 2094 1195 2275 1178 2331 1173 2347 1175 2403 1187 2406 1187 2481 1173 2509 1167 2700 1167 2700 1148 2695 1095 2584 1103 2547 1098 2497 1089 2495 1089 2492 1089 2489 1089 2478 1100 2470 1109 2289 1112 2255 1106 2197 1098 2194 1098 2191 1098 2189 1098 2175 1109 2166 1114 2141 1109 2091 1100 2089 1100 2086 1100 2083 1100 2083 1103 2072 1112 2066 1117 2016 1114 1910 1106 1908 1106 1905 1106 1877 1117 1863 1123 1847 1120 1816 1112 1813 1112 1810 1112 1749 1123 1721 1125 1671 1125 1518 1117 1516 1117 1513 1117 1457 1131 1440 1134 1404 1131 1268 1123 1265 1123 1173 1139 1151 1142 1134 1139 1057 1128 1054 1128 1051 1128 1048 1128 1048 1131 1034 1142 1031 1145 1023 1145 954 1131 951 1131 653 1153 656 1195"/></Shape>
	    <String CONTENT="&lt;......&gt; La soci été ginérale soctant de la réserve qu&#x27;elle a¬"
                    HPOS="653"
                    VPOS="1089"
                    WIDTH="2047"
                    HEIGHT="131"
                    WC="0.9817166905249318"></String>
          </TextLine>
          <TextLine ID="eSc_line_842ad5ea"
                    TAGREFS="LT31"
                    BASELINE="650 1267 1549 1251 2333 1220 2723 1220" 
                    HPOS="648"
                    VPOS="1178"
                    WIDTH="2075"
                    HEIGHT="123">
            <Shape><Polygon POINTS="650 1267 650 1301 990 1284 1112 1289 1207 1295 1210 1295 1265 1287 1324 1276 1357 1284 1382 1289 1385 1289 1388 1289 1502 1278 1566 1273 1593 1276 1655 1284 1657 1284 1660 1284 1702 1273 1724 1267 1755 1270 1819 1278 1821 1278 2111 1259 2219 1253 2236 1256 2289 1267 2292 1267 2425 1251 2447 1248 2464 1248 2553 1262 2556 1262 2559 1262 2561 1262 2586 1245 2589 1242 2720 1239 2723 1220 2717 1178 648 1225 650 1267"/></Shape>
	    <String CONTENT="vait conservée depuis la révolution commence dès lors à̀ prendre"
                    HPOS="648"
                    VPOS="1178"
                    WIDTH="2075"
                    HEIGHT="123"
                    WC="0.9936501029878855"></String>
          </TextLine>
          <TextLine ID="eSc_line_1fc71097"
                    TAGREFS="LT31"
                    BASELINE="656 1342 2678 1289" 
                    HPOS="653"
                    VPOS="1251"
                    WIDTH="2025"
                    HEIGHT="119">
            <Shape><Polygon POINTS="656 1342 656 1364 1079 1370 1082 1370 1246 1351 1257 1351 1276 1351 1610 1356 1613 1356 1810 1337 1841 1334 1860 1334 1997 1345 2000 1345 2125 1328 2147 1326 2175 1326 2353 1337 2356 1337 2358 1337 2400 1320 2403 1317 2678 1312 2678 1289 2673 1251 2258 1251 2255 1251 2083 1267 2036 1270 2013 1267 1933 1259 1930 1259 1744 1276 1713 1278 1699 1278 1613 1267 1610 1267 1607 1267 1605 1267 1582 1281 1579 1281 1507 1270 1504 1270 1502 1270 1468 1284 1413 1273 1410 1273 1407 1273 1379 1287 1376 1287 1310 1276 1307 1276 1059 1295 976 1284 973 1284 753 1303 684 1292 681 1292 678 1292 653 1303 656 1342"/></Shape>
	    <String CONTENT="le caractère, encore inconnu jusque là d&#x27;une banque indus¬"
                    HPOS="653"
                    VPOS="1251"
                    WIDTH="2025"
                    HEIGHT="119"
                    WC="0.9792630207740655"></String>
          </TextLine>
          <TextLine ID="eSc_line_5dc6811c"
                    TAGREFS="LT31"
                    BASELINE="656 1420 2650 1359" 
                    HPOS="653"
                    VPOS="1309"
                    WIDTH="1997"
                    HEIGHT="133">
            <Shape><Polygon POINTS="656 1420 656 1442 2650 1384 2650 1359 2645 1323 2478 1309 2475 1309 2381 1328 2369 1328 2358 1328 2255 1317 2253 1317 2114 1334 2083 1337 2036 1337 1833 1328 1830 1328 1827 1328 1824 1328 1824 1331 1813 1342 1808 1345 1796 1342 1766 1334 1763 1334 1760 1334 1758 1334 1755 1334 1744 1342 1735 1348 1707 1342 1652 1334 1649 1334 1646 1334 1643 1334 1643 1337 1632 1345 1627 1351 1571 1348 1471 1339 1468 1339 1415 1351 1374 1359 1335 1353 1290 1345 1287 1345 1285 1345 1282 1345 1271 1353 1260 1362 1240 1353 1218 1348 1215 1348 1212 1348 1210 1348 1207 1348 1196 1356 1184 1364 1148 1356 1115 1351 1112 1351 1109 1351 1082 1359 1051 1370 653 1370 656 1420"/></Shape>
	    <String CONTENT="triellé...........t.. ...... .... ......&gt; Elle s&#x27;intéressé"
                    HPOS="653"
                    VPOS="1309"
                    WIDTH="1997"
                    HEIGHT="133"
                    WC="0.9552041066103968"></String>
          </TextLine>
          <TextLine ID="eSc_line_909e1195"
                    TAGREFS="LT31"
                    BASELINE="659 1495 2675 1431" 
                    HPOS="656"
                    VPOS="1384"
                    WIDTH="2019"
                    HEIGHT="136">
            <Shape><Polygon POINTS="659 1495 659 1520 2675 1453 2675 1431 2670 1392 2484 1384 2481 1384 2478 1384 2475 1384 2458 1398 2456 1398 2447 1398 2328 1390 2325 1390 1847 1417 1796 1420 1791 1420 1732 1409 1730 1409 1727 1409 1724 1409 1702 1423 1699 1423 1624 1409 1621 1409 1535 1428 1529 1428 1527 1428 1446 1415 1443 1415 1329 1431 1279 1420 1276 1420 1273 1420 1271 1420 1268 1420 1246 1437 1140 1426 1137 1426 1134 1426 1093 1442 1090 1442 890 1434 887 1434 884 1434 881 1434 865 1448 748 1437 745 1437 656 1456 659 1495"/></Shape>
	    <String CONTENT="a la création d&#x27;usines, favorise le mouvement de concentration"
                    HPOS="656"
                    VPOS="1384"
                    WIDTH="2019"
                    HEIGHT="136"
                    WC="0.9921207322228339"></String>
          </TextLine>
          <TextLine ID="eSc_line_6ad77c26"
                    TAGREFS="LT31"
                    BASELINE="667 1573 2623 1512" 
                    HPOS="664"
                    VPOS="1459"
                    WIDTH="1959"
                    HEIGHT="147">
            <Shape><Polygon POINTS="667 1573 667 1606 1026 1584 1312 1587 1357 1587 1360 1587 1363 1587 1365 1587 1385 1573 1746 1573 1819 1573 1821 1573 1835 1570 1910 1554 2623 1545 2623 1512 2617 1467 2367 1459 2364 1459 2361 1459 2358 1459 2358 1462 2344 1476 2342 1476 2339 1476 2294 1462 2292 1462 2289 1462 2286 1462 2283 1462 2264 1476 2253 1487 2197 1487 2175 1478 2119 1467 2116 1467 2114 1467 2111 1467 2091 1481 2080 1490 1916 1487 1780 1487 1777 1487 1674 1495 1552 1506 1538 1501 1510 1487 1507 1487 1504 1487 1385 1492 1382 1492 1379 1492 1365 1506 1363 1506 1360 1506 1349 1495 1346 1495 1343 1495 1340 1495 1337 1495 1335 1495 1321 1506 1315 1509 1262 1509 1020 1501 1018 1501 1015 1501 976 1517 962 1526 828 1529 815 1523 789 1509 787 1509 784 1509 664 1526 667 1573"/></Shape>
	    <String CONTENT="&lt;. .. .... ...... .. .....&gt;"
                    HPOS="664"
                    VPOS="1459"
                    WIDTH="1959"
                    HEIGHT="147"
                    WC="0.8927790544651173"></String>
          </TextLine>
          <TextLine ID="eSc_line_a0335a03"
                    TAGREFS="LT31"
                    BASELINE="667 1642 2673 1573" 
                    HPOS="664"
                    VPOS="1523"
                    WIDTH="2009"
                    HEIGHT="156">
            <Shape><Polygon POINTS="667 1642 667 1679 1068 1648 1132 1665 1134 1665 1137 1665 1140 1665 1151 1665 1276 1642 1368 1656 1374 1656 1376 1656 1379 1656 1382 1656 1401 1640 1516 1651 1521 1651 1524 1651 1527 1651 1566 1637 1694 1645 1705 1645 1707 1645 1710 1645 1713 1645 1713 1642 1727 1631 2002 1634 2011 1634 2013 1634 2019 1634 2272 1606 2303 1620 2305 1620 2308 1620 2595 1601 2670 1612 2673 1573 2664 1523 984 1592 973 1592 909 1581 906 1581 664 1604 667 1642"/></Shape>
	    <String CONTENT="&lt;.... .. .... .... . &gt; qui dans le Had¬"
                    HPOS="664"
                    VPOS="1523"
                    WIDTH="2009"
                    HEIGHT="156"
                    WC="0.9013378238066648"></String>
          </TextLine>
          <TextLine ID="eSc_line_13a414d4"
                    TAGREFS="LT31"
                    BASELINE="659 1706 2703 1645" 
                    HPOS="656"
                    VPOS="1590"
                    WIDTH="2047"
                    HEIGHT="150">
            <Shape><Polygon POINTS="659 1706 659 1726 840 1740 842 1740 929 1720 937 1720 942 1720 1023 1734 1026 1734 1118 1718 1132 1715 1146 1715 1212 1729 1215 1729 1357 1712 1401 1706 1421 1709 1468 1720 1471 1720 1563 1706 1602 1701 1618 1704 1649 1715 1652 1715 1655 1715 1657 1715 1660 1715 1674 1704 1682 1701 1727 1704 1863 1709 1866 1709 1977 1698 2069 1687 2150 1693 2228 1698 2230 1698 2233 1698 2236 1698 2236 1695 2242 1690 2250 1684 2283 1690 2325 1695 2328 1695 2428 1687 2573 1673 2700 1679 2703 1645 2695 1590 2589 1609 2506 1595 2500 1595 2497 1595 2492 1595 2406 1615 2339 1601 2336 1601 2333 1601 2331 1601 2289 1617 2200 1606 2197 1606 2194 1606 2191 1606 2175 1620 2013 1612 2011 1612 2008 1612 2005 1612 1941 1629 1877 1615 1869 1615 1866 1615 1852 1615 1755 1634 1655 1623 1649 1623 1646 1623 1641 1623 1568 1640 1424 1629 1388 1629 1385 1629 1360 1631 1273 1648 1229 1637 1221 1634 1218 1634 1215 1634 1190 1637 1093 1656 656 1656 659 1706"/></Shape>
	    <String CONTENT="nant, fait passer rapidement les petites houillères de famille sous"
                    HPOS="656"
                    VPOS="1590"
                    WIDTH="2047"
                    HEIGHT="150"
                    WC="0.9975650808704433"></String>
          </TextLine>
          <TextLine ID="eSc_line_3f16ad87"
                    TAGREFS="LT31"
                    BASELINE="659 1784 2714 1726" 
                    HPOS="656"
                    VPOS="1676"
                    WIDTH="2058"
                    HEIGHT="130">
            <Shape><Polygon POINTS="659 1784 659 1806 2714 1759 2714 1726 2706 1676 2225 1701 2083 1698 1936 1693 1933 1693 1930 1693 1927 1693 1913 1704 1902 1712 1738 1715 1730 1709 1721 1701 1719 1701 1716 1701 1713 1701 1627 1712 1591 1718 1579 1715 1546 1704 1543 1704 1541 1704 1538 1704 1535 1704 1518 1718 1516 1720 1504 1718 1471 1706 1468 1706 1465 1706 1254 1712 1251 1712 1248 1712 1232 1726 1229 1729 1221 1729 1168 1718 1165 1718 1162 1718 1159 1718 1143 1731 1137 1731 1087 1718 1084 1718 1082 1718 1079 1718 1076 1718 1051 1734 1048 1734 1023 1734 798 1726 795 1726 792 1726 751 1743 700 1729 698 1729 695 1729 692 1729 656 1743 659 1784"/></Shape>
	    <String CONTENT="la direction de sociétés puissantes, suscite la formation de sociétés"
                    HPOS="656"
                    VPOS="1676"
                    WIDTH="2058"
                    HEIGHT="130"
                    WC="0.9850044380063596"></String>
          </TextLine>
          <TextLine ID="eSc_line_899c8e85"
                    TAGREFS="LT31"
                    BASELINE="659 1854 2712 1801" 
                    HPOS="656"
                    VPOS="1751"
                    WIDTH="2056"
                    HEIGHT="122">
            <Shape><Polygon POINTS="659 1854 659 1873 2712 1829 2712 1801 2706 1765 2603 1751 2600 1751 2333 1770 2264 1776 2200 1773 2005 1768 2002 1768 2000 1768 1958 1779 1938 1787 1791 1787 1783 1784 1758 1773 1755 1773 1752 1773 1749 1773 1705 1784 1685 1790 1635 1787 1524 1779 1521 1779 1432 1790 1379 1798 1363 1793 1340 1784 1337 1784 1335 1784 1332 1784 1312 1793 1299 1801 1268 1795 1232 1787 1229 1787 1168 1798 1123 1804 1090 1798 1054 1793 1051 1793 1048 1793 1034 1801 1018 1809 656 1809 659 1854"/></Shape>
	    <String CONTENT="anonxmes &lt;... .. ...... ...... . &gt; qu&#x27;elle dirige on"
                    HPOS="656"
                    VPOS="1751"
                    WIDTH="2056"
                    HEIGHT="122"
                    WC="0.9381560912499061"></String>
          </TextLine>
          <TextLine ID="eSc_line_ef8408d9"
                    TAGREFS="LT31"
                    BASELINE="664 1926 2678 1890" 
                    HPOS="662"
                    VPOS="1840"
                    WIDTH="2016"
                    HEIGHT="128">
            <Shape><Polygon POINTS="664 1926 667 1968 728 1945 806 1957 809 1957 890 1943 940 1959 942 1959 945 1959 948 1959 951 1959 979 1940 1112 1954 1159 1959 1162 1959 1165 1959 1193 1954 1246 1940 1337 1948 1432 1957 1435 1957 1591 1940 1682 1932 1702 1937 1732 1948 1735 1948 1738 1951 1899 1951 1899 1948 1902 1948 1905 1948 1924 1932 2011 1937 2013 1937 2016 1937 2041 1926 2061 1920 2077 1926 2108 1937 2111 1937 2114 1937 2250 1926 2317 1940 2319 1940 2322 1940 2383 1918 2392 1915 2403 1915 2511 1937 2514 1937 2517 1937 2520 1937 2520 1934 2539 1915 2678 1907 2678 1890 2670 1854 2475 1854 2453 1840 2450 1840 2447 1840 2445 1840 2442 1840 2439 1840 2420 1857 2144 1859 2100 1843 2097 1843 2094 1843 1933 1862 1908 1845 1905 1845 1902 1845 1899 1845 1744 1848 1741 1848 1705 1868 1613 1854 1610 1854 1607 1854 1605 1854 1577 1873 1435 1873 1374 1857 1371 1857 1368 1857 1226 1859 1223 1859 1221 1859 1204 1873 1126 1859 1123 1859 1018 1879 817 1865 815 1865 662 1887 664 1926"/></Shape>
	    <String CONTENT="qu&#x27;elle &quot;contrôle&quot;. La Banque de Belgique et la Banque biégeoise"
                    HPOS="662"
                    VPOS="1840"
                    WIDTH="2016"
                    HEIGHT="128"
                    WC="0.9931828761473298"></String>
          </TextLine>
          <TextLine ID="eSc_line_bf744e9d"
                    TAGREFS="LT34"
                    BASELINE="2517 1939 2585 1937" 
                    HPOS="2517"
                    VPOS="1937"
                    WIDTH="68"
                    HEIGHT="2">
	    <String CONTENT=""
                    HPOS="2517"
                    VPOS="1937"
                    WIDTH="68"
                    HEIGHT="2"></String>
          </TextLine>
          <TextLine ID="eSc_line_689b4d98"
                    TAGREFS="LT31"
                    BASELINE="673 2004 2714 1968" 
                    HPOS="670"
                    VPOS="1909"
                    WIDTH="2044"
                    HEIGHT="137">
            <Shape><Polygon POINTS="673 2004 675 2046 731 2021 931 2021 959 2034 962 2034 965 2034 968 2034 1009 2018 1132 2029 1134 2029 1207 2015 1273 2034 1285 2037 1287 2037 1290 2037 1293 2037 1296 2037 1296 2034 1299 2034 1312 2021 1368 2032 1385 2034 1388 2034 1390 2034 1401 2032 1438 2021 1635 2026 1724 2029 1727 2029 1730 2029 1741 2023 1780 2007 1949 2007 1991 2021 2005 2023 2008 2023 2011 2023 2050 2018 2150 2004 2208 2015 2239 2021 2242 2021 2283 2015 2400 1993 2712 2004 2714 1968 2709 1923 2556 1909 2553 1909 2467 1926 2442 1932 2381 1929 2250 1923 2247 1923 2155 1934 2127 1937 2114 1934 2041 1920 2038 1920 2036 1920 2033 1920 2008 1937 2005 1940 2000 1937 1961 1923 1958 1923 1955 1923 1952 1923 1894 1940 1883 1945 1699 1945 1691 1945 1613 1926 1610 1926 1465 1951 1452 1951 1429 1951 1165 1934 1162 1934 962 1962 865 1962 834 1940 831 1940 828 1940 826 1940 703 1943 700 1943 698 1943 670 1959 673 2004"/></Shape>
	    <String CONTENT="fondées en 1835, ls partie grâce à des capitaux frauçais atlise"
                    HPOS="670"
                    VPOS="1909"
                    WIDTH="2044"
                    HEIGHT="137"
                    WC="0.9908350724726915"></String>
          </TextLine>
          <TextLine ID="eSc_line_21895ab3"
                    TAGREFS="LT34"
                    BASELINE="721 2045 1110 2034" 
                    HPOS="721"
                    VPOS="2034"
                    WIDTH="389"
                    HEIGHT="11">
	    <String CONTENT=""
                    HPOS="721"
                    VPOS="2034"
                    WIDTH="389"
                    HEIGHT="11"></String>
          </TextLine>
          <TextLine ID="eSc_line_a5373d4e"
                    TAGREFS="LT31"
                    BASELINE="636 2082 1732 2076 2684 2051" 
                    HPOS="634"
                    VPOS="1996"
                    WIDTH="2050"
                    HEIGHT="127">
            <Shape><Polygon POINTS="636 2082 636 2107 906 2107 917 2107 1020 2123 1023 2123 1026 2123 1029 2123 1054 2107 1196 2121 1198 2121 1276 2107 1563 2115 1566 2115 1668 2098 1799 2112 1802 2112 1805 2112 1808 2112 1833 2096 1838 2093 1866 2093 2033 2107 2036 2107 2125 2093 2200 2107 2203 2107 2205 2107 2264 2090 2272 2087 2292 2087 2417 2101 2420 2101 2422 2101 2472 2087 2481 2085 2681 2085 2684 2051 2681 2018 2606 1996 2603 1996 2600 1996 2598 1996 2550 2009 2392 1998 2389 1998 2264 2001 2261 2001 2186 2023 2172 2029 2161 2026 2136 2012 2133 2012 2130 2012 2127 2012 2125 2012 2105 2026 2100 2029 2086 2026 2047 2018 2044 2018 1977 2029 1947 2032 1924 2029 1824 2009 1821 2009 1819 2009 1816 2009 1794 2032 1783 2040 1438 2040 1418 2037 1343 2015 1340 2015 1337 2015 1335 2015 1332 2015 1307 2037 1299 2043 1260 2037 1198 2032 1196 2032 1070 2040 1009 2046 1001 2043 970 2026 968 2026 965 2026 962 2026 959 2026 940 2043 937 2046 820 2048 809 2046 767 2032 764 2032 762 2032 759 2032 756 2032 739 2046 673 2029 670 2029 667 2029 664 2029 634 2043 636 2082"/></Shape>
	    <String CONTENT="&lt;..... ... . .. .. ...&gt;"
                    HPOS="634"
                    VPOS="1996"
                    WIDTH="2050"
                    HEIGHT="127"
                    WC="0.8132473826408386"></String>
          </TextLine>
          <TextLine ID="eSc_line_83622c80"
                    TAGREFS="LT34"
                    BASELINE="2264 2032 2496 2019" 
                    HPOS="2264"
                    VPOS="2019"
                    WIDTH="232"
                    HEIGHT="13">
	    <String CONTENT=""
                    HPOS="2264"
                    VPOS="2019"
                    WIDTH="232"
                    HEIGHT="13"></String>
          </TextLine>
          <TextLine ID="eSc_line_d5deff95"
                    TAGREFS="LT31"
                    BASELINE="648 2162 1791 2151 2723 2123" 
                    HPOS="645"
                    VPOS="2079"
                    WIDTH="2078"
                    HEIGHT="108">
            <Shape><Polygon POINTS="648 2162 648 2187 2367 2173 2369 2173 2433 2157 2514 2171 2517 2171 2520 2171 2522 2171 2542 2154 2542 2151 2723 2148 2723 2123 2717 2093 2598 2079 2595 2079 2522 2093 2509 2096 2497 2096 2420 2082 2417 2082 2414 2082 2375 2096 2369 2098 2364 2096 2336 2085 2333 2085 2331 2085 2239 2098 2208 2101 2150 2098 1969 2090 1966 2090 1963 2090 1919 2101 1897 2107 1866 2104 1794 2093 1791 2093 1788 2093 1758 2104 1741 2110 1699 2104 1621 2096 1618 2096 1485 2107 1404 2115 1357 2110 1287 2101 1285 2101 1282 2101 1279 2101 1268 2110 1257 2121 645 2121 648 2162"/></Shape>
	    <String CONTENT="son activité et de ses méthodes. D&#x27;année en année, le nombre"
                    HPOS="645"
                    VPOS="2079"
                    WIDTH="2078"
                    HEIGHT="108"
                    WC="0.9978227446476619"></String>
          </TextLine>
          <TextLine ID="eSc_line_aaa10fe5"
                    TAGREFS="LT31"
                    BASELINE="650 2243 2723 2207" 
                    HPOS="648"
                    VPOS="2154"
                    WIDTH="2075"
                    HEIGHT="128">
            <Shape><Polygon POINTS="650 2243 650 2282 828 2262 1140 2260 1226 2271 1282 2276 1285 2276 1287 2276 1310 2268 1335 2260 1388 2265 1443 2274 1446 2274 1543 2262 1624 2254 1677 2260 1746 2268 1749 2268 1847 2257 1930 2246 1969 2254 1991 2257 1994 2257 2044 2251 2114 2243 2125 2249 2133 2257 2136 2257 2139 2257 2141 2257 2144 2257 2147 2257 2158 2249 2169 2243 2191 2249 2236 2260 2239 2260 2242 2260 2244 2260 2286 2246 2305 2240 2331 2246 2389 2257 2392 2257 2458 2243 2484 2237 2509 2240 2581 2251 2584 2251 2723 2235 2723 2207 2714 2154 2509 2173 2428 2160 2403 2157 2400 2157 2397 2157 2386 2162 2356 2173 2280 2165 2242 2160 2239 2160 2200 2165 2125 2182 2027 2182 2002 2171 1988 2165 1986 2165 1983 2165 1980 2165 1977 2165 1969 2171 1949 2185 1824 2185 1796 2176 1769 2168 1766 2168 1763 2168 1677 2179 1596 2190 1546 2182 1516 2179 1513 2179 1318 2187 1121 2201 1031 2201 1023 2196 995 2182 993 2182 990 2182 987 2182 923 2198 909 2204 734 2204 731 2204 700 2187 698 2187 695 2187 692 2187 648 2204 650 2243"/></Shape>
	    <String CONTENT="des sociélés anonqmes, favorisées par le liberté presque complête"
                    HPOS="648"
                    VPOS="2154"
                    WIDTH="2075"
                    HEIGHT="128"
                    WC="0.9854059962125925"></String>
          </TextLine>
          <TextLine ID="eSc_line_a64ecff4"
                    TAGREFS="LT31"
                    BASELINE="653 2326 2703 2282" 
                    HPOS="650"
                    VPOS="2235"
                    WIDTH="2053"
                    HEIGHT="130">
            <Shape><Polygon POINTS="653 2326 653 2365 1296 2337 1766 2343 1794 2343 1796 2343 1799 2343 1802 2343 1802 2340 1819 2326 1874 2340 1877 2340 1880 2340 2002 2324 2178 2335 2183 2335 2186 2335 2194 2335 2447 2312 2698 2324 2703 2282 2698 2249 2445 2235 2442 2235 2314 2254 2311 2254 2308 2254 2102 2243 2100 2243 2097 2243 2041 2260 2030 2260 1694 2254 1691 2254 1688 2254 1685 2254 1668 2268 1666 2271 1388 2274 1382 2274 1290 2260 1287 2260 1285 2260 1254 2274 778 2271 776 2271 650 2287 653 2326"/></Shape>
	    <String CONTENT="que la loi leur abandonne, grandit avec une rapidité surpre¬"
                    HPOS="650"
                    VPOS="2235"
                    WIDTH="2053"
                    HEIGHT="130"
                    WC="0.9948379456996918"></String>
          </TextLine>
          <TextLine ID="eSc_line_58b5125f"
                    TAGREFS="LT31"
                    BASELINE="653 2410 2662 2376" 
                    HPOS="650"
                    VPOS="2332"
                    WIDTH="2012"
                    HEIGHT="111">
            <Shape><Polygon POINTS="653 2410 653 2429 812 2443 815 2443 892 2429 926 2443 929 2443 931 2443 1079 2424 1098 2424 1112 2424 1248 2440 1251 2440 1254 2440 1257 2440 1273 2426 1307 2440 1310 2440 1312 2440 1315 2440 1376 2421 1379 2421 1432 2438 1435 2438 1438 2438 1593 2418 1616 2415 1632 2418 1727 2432 1730 2432 1821 2415 1838 2413 1880 2413 2147 2426 2150 2426 2153 2426 2155 2426 2178 2410 2186 2404 2197 2410 2236 2424 2239 2424 2242 2424 2244 2424 2247 2424 2267 2407 2272 2407 2331 2421 2333 2421 2336 2421 2386 2407 2397 2401 2528 2399 2536 2404 2553 2418 2556 2418 2559 2418 2561 2418 2659 2401 2662 2376 2653 2332 650 2360 653 2410"/></Shape>
	    <String CONTENT="nante. 22 De 15 en 1830, il augmente de 151 de 1833 à 1839."
                    HPOS="650"
                    VPOS="2332"
                    WIDTH="2012"
                    HEIGHT="111"
                    WC="0.9995450476805369"></String>
          </TextLine>
          <TextLine ID="eSc_line_d1659840"
                    TAGREFS="LT31"
                    BASELINE="648 2496 2689 2457" 
                    HPOS="645"
                    VPOS="2401"
                    WIDTH="2044"
                    HEIGHT="128">
            <Shape><Polygon POINTS="648 2496 648 2518 912 2529 915 2529 917 2529 965 2515 968 2515 973 2515 1079 2527 1082 2527 1207 2513 1235 2510 1293 2510 1518 2518 1521 2518 1643 2507 1696 2502 1702 2504 1713 2513 1716 2513 1719 2513 1721 2513 1783 2504 1827 2496 2689 2490 2689 2457 2681 2401 2531 2421 2311 2410 2275 2410 2272 2410 2269 2410 2267 2410 2267 2413 2242 2426 2161 2415 2141 2413 2139 2413 2136 2413 2127 2415 2094 2429 1860 2424 1760 2421 1758 2421 1755 2421 1744 2426 1727 2435 1699 2426 1677 2421 1674 2421 1671 2421 1668 2421 1643 2429 1613 2440 1198 2446 1171 2443 1112 2432 1109 2432 1107 2432 1079 2443 1068 2449 1034 2446 934 2435 931 2435 929 2435 876 2449 865 2451 856 2451 787 2438 784 2438 781 2438 778 2438 759 2454 751 2454 687 2440 684 2440 681 2440 645 2451 648 2496"/></Shape>
	    <String CONTENT="Le traité de 1833 en dissipant les craintes d&#x27;une reprère l&#x27;hor¬"
                    HPOS="645"
                    VPOS="2401"
                    WIDTH="2044"
                    HEIGHT="128"
                    WC="0.9958249973133206"></String>
          </TextLine>
          <TextLine ID="eSc_line_17588658"
                    TAGREFS="LT31"
                    BASELINE="645 2574 1727 2568 2687 2540" 
                    HPOS="642"
                    VPOS="2493"
                    WIDTH="2045"
                    HEIGHT="117">
            <Shape><Polygon POINTS="645 2574 645 2596 1043 2610 1045 2610 1048 2610 1051 2610 1070 2596 1260 2607 1262 2607 1265 2607 1268 2607 1285 2593 1351 2607 1354 2607 1808 2599 1916 2579 1938 2577 1955 2579 2019 2596 2022 2596 2025 2596 2105 2577 2125 2571 2534 2571 2536 2571 2567 2585 2570 2585 2573 2585 2684 2568 2687 2540 2681 2502 2536 2493 2534 2493 2456 2502 2372 2513 2305 2504 2242 2496 2239 2496 2194 2504 2153 2515 2139 2507 2127 2499 2125 2499 2122 2499 2119 2499 1994 2502 1991 2502 1988 2502 1980 2507 1963 2521 1702 2524 1624 2513 1591 2507 1588 2507 1585 2507 1574 2513 1549 2524 1518 2513 1510 2510 1507 2510 1504 2510 1502 2510 1490 2513 1449 2527 1240 2518 1237 2518 973 2535 642 2524 645 2574"/></Shape>
	    <String CONTENT="tilités immédiate avec la Hollande a été s&#x27;ailleurs certai¬"
                    HPOS="642"
                    VPOS="2493"
                    WIDTH="2045"
                    HEIGHT="117"
                    WC="0.993891837233204"></String>
          </TextLine>
          <TextLine ID="eSc_line_bde0737b"
                    TAGREFS="LT31"
                    BASELINE="645 2663 2726 2632" 
                    HPOS="642"
                    VPOS="2590"
                    WIDTH="2084"
                    HEIGHT="114">
            <Shape><Polygon POINTS="645 2663 645 2679 739 2704 742 2704 867 2685 937 2702 940 2702 942 2702 1065 2679 1140 2691 1143 2691 1318 2674 1432 2702 1435 2702 1438 2702 1440 2702 1479 2682 1507 2691 1510 2691 1513 2691 1605 2671 1696 2685 1699 2685 1788 2668 1852 2696 1855 2696 1858 2699 1930 2699 1930 2696 1933 2696 2002 2668 2089 2693 2091 2693 2094 2693 2344 2691 2347 2691 2445 2660 2450 2657 2453 2660 2486 2677 2489 2677 2492 2677 2495 2677 2553 2657 2567 2654 2720 2654 2726 2632 2717 2590 642 2610 645 2663"/></Shape>
	    <String CONTENT="nement pour mancoup dans cette pulleslatige d affaires nou¬"
                    HPOS="642"
                    VPOS="2590"
                    WIDTH="2084"
                    HEIGHT="114"
                    WC="0.9918191998691882"></String>
          </TextLine>
          <TextLine ID="eSc_line_f89d6cd5"
                    TAGREFS="LT34"
                    BASELINE="2177 2690 2361 2685" 
                    HPOS="2177"
                    VPOS="2685"
                    WIDTH="184"
                    HEIGHT="5">
	    <String CONTENT=""
                    HPOS="2177"
                    VPOS="2685"
                    WIDTH="184"
                    HEIGHT="5"></String>
          </TextLine>
          <TextLine ID="eSc_line_edd2e545"
                    TAGREFS="LT31"
                    BASELINE="642 2752 2706 2721" 
                    HPOS="639"
                    VPOS="2663"
                    WIDTH="2067"
                    HEIGHT="122">
            <Shape><Polygon POINTS="642 2752 642 2785 2706 2749 2706 2721 2703 2679 2642 2663 2639 2663 2637 2663 2634 2663 2561 2682 2542 2688 2205 2691 2197 2688 2180 2677 2178 2677 2175 2677 2172 2677 2169 2677 2141 2688 2133 2691 2114 2688 1988 2671 1986 2671 1897 2693 1877 2699 1635 2699 1624 2696 1571 2682 1568 2682 1566 2682 1410 2702 1374 2707 1262 2707 1257 2704 1223 2682 1221 2682 1218 2682 1215 2682 1212 2682 1154 2704 1004 2685 1001 2685 848 2688 845 2688 842 2688 809 2713 803 2713 714 2691 712 2691 709 2691 639 2713 642 2752"/></Shape>
	    <String CONTENT="velles. Il présente au surplus un caractire &lt;.... ..&gt;¬"
                    HPOS="639"
                    VPOS="2663"
                    WIDTH="2067"
                    HEIGHT="122"
                    WC="0.9554688533147176"></String>
          </TextLine>
          <TextLine ID="eSc_line_5eaef8ff"
                    TAGREFS="LT31"
                    BASELINE="645 2838 2611 2805" 
                    HPOS="642"
                    VPOS="2754"
                    WIDTH="1969"
                    HEIGHT="128">
            <Shape><Polygon POINTS="645 2838 645 2863 687 2880 689 2880 692 2882 767 2882 767 2880 770 2880 806 2860 809 2860 828 2874 831 2874 834 2874 837 2874 840 2874 867 2860 876 2860 1043 2874 1045 2874 1126 2855 1137 2855 1162 2855 1374 2868 1376 2868 1468 2849 1477 2849 1496 2866 1499 2866 1502 2866 1504 2866 1791 2863 1794 2863 1833 2846 1927 2857 1930 2857 1933 2857 1963 2841 1966 2841 1977 2841 2089 2857 2091 2857 2094 2857 2133 2838 2136 2838 2191 2838 2255 2838 2272 2855 2275 2855 2278 2855 2280 2855 2283 2855 2286 2855 2314 2838 2442 2852 2445 2852 2609 2830 2611 2805 2603 2754 642 2793 645 2838"/></Shape>
	    <String CONTENT="tif dontit faut te qui le fait apparaître plus beillant qu&#x27;il"
                    HPOS="642"
                    VPOS="2754"
                    WIDTH="1969"
                    HEIGHT="128"
                    WC="0.9862193562945382"></String>
          </TextLine>
          <TextLine ID="eSc_line_e523c612"
                    TAGREFS="LT31"
                    BASELINE="645 2919 2700 2885" 
                    HPOS="642"
                    VPOS="2830"
                    WIDTH="2058"
                    HEIGHT="111">
            <Shape><Polygon POINTS="645 2919 645 2941 2356 2927 2378 2927 2534 2910 2695 2921 2700 2885 2695 2843 2634 2830 2631 2830 2628 2830 2625 2830 2603 2843 2598 2846 2595 2843 2559 2830 2556 2830 2553 2830 2550 2830 2547 2830 2528 2846 2520 2849 2478 2846 2336 2835 2333 2835 2147 2852 2116 2855 2105 2855 2027 2838 2025 2838 2022 2838 2019 2838 1991 2855 1988 2857 1983 2855 1936 2841 1933 2841 1930 2841 1927 2841 1924 2841 1905 2857 1902 2860 1763 2860 1760 2860 1732 2846 1730 2846 1727 2846 1724 2846 1674 2863 1666 2863 1655 2863 1557 2846 1554 2846 1552 2846 1518 2863 1449 2849 1446 2849 1335 2868 1324 2868 1304 2868 1048 2855 1045 2855 642 2880 645 2919"/></Shape>
	    <String CONTENT="n&#x27;est solide. &lt;..que..... ... ...&gt; Le plupart de tempe, les ti¬"
                    HPOS="642"
                    VPOS="2830"
                    WIDTH="2058"
                    HEIGHT="111"
                    WC="0.9526347868026249"></String>
          </TextLine>
          <TextLine ID="eSc_line_171e78d1"
                    TAGREFS="LT31"
                    BASELINE="634 2996 2634 2969" 
                    HPOS="631"
                    VPOS="2921"
                    WIDTH="2003"
                    HEIGHT="103">
            <Shape><Polygon POINTS="634 2996 634 3024 2631 3005 2634 2969 2625 2921 2267 2935 2244 2927 2225 2921 2222 2921 2219 2921 2216 2921 2200 2930 2178 2938 2102 2930 2038 2924 2036 2924 2033 2924 2013 2932 1994 2944 1816 2944 1707 2938 1593 2932 1591 2932 1488 2944 1415 2949 1354 2946 1223 2935 1221 2935 1218 2935 1215 2935 1201 2949 1196 2955 1012 2955 942 2955 673 2944 670 2944 667 2944 631 2955 634 2996"/></Shape>
	    <String CONTENT="tres mès en circulation ne de placent pas dans le publie et le"
                    HPOS="631"
                    VPOS="2921"
                    WIDTH="2003"
                    HEIGHT="103"
                    WC="0.9921414400300672"></String>
          </TextLine>
          <TextLine ID="eSc_line_de325c8d"
                    TAGREFS="LT31"
                    BASELINE="631 3080 2658 3055" 
                    HPOS="628"
                    VPOS="2996"
                    WIDTH="2036"
                    HEIGHT="123">
            <Shape><Polygon POINTS="631 3105 700 3119 703 3119 706 3119 745 3105 748 3102 923 3102 1084 3102 1179 3116 1182 3116 1385 3096 1415 3094 1435 3094 1552 3110 1554 3110 1746 3091 1785 3088 1827 3091 2030 3102 2033 3102 2036 3102 2038 3102 2058 3085 2061 3085 2083 3085 2267 3099 2269 3099 2272 3099 2275 3099 2292 3085 2472 3096 2475 3096 2662 3077 2664 3049 2653 2996 2617 3013 628 3027 631 3080"/></Shape>
	    <String CONTENT="concentrent aux mains de profersionneli de la spécolation dont"
                    HPOS="628"
                    VPOS="2996"
                    WIDTH="2036"
                    HEIGHT="123"
                    WC="0.984291022823703"></String>
          </TextLine>
          <TextLine ID="eSc_line_700fa0b4"
                    TAGREFS="LT31"
                    BASELINE="628 3158 2134 3148 2703 3130" 
                    HPOS="625"
                    VPOS="3091"
                    WIDTH="2078"
                    HEIGHT="103">
            <Shape><Polygon POINTS="628 3177 968 3194 970 3194 1065 3174 1240 3191 1243 3191 1246 3191 1248 3191 1273 3171 1360 3188 1363 3188 1691 3166 2272 3177 2275 3177 2703 3149 2703 3130 2695 3091 625 3105 628 3158"/></Shape>
	    <String CONTENT="beaucoup ne &lt;......&gt; se soutiennent que par le cré¬"
                    HPOS="625"
                    VPOS="3091"
                    WIDTH="2078"
                    HEIGHT="103"
                    WC="0.9604733738244748"></String>
          </TextLine>
          <TextLine ID="eSc_line_76f64b63"
                    TAGREFS="LT31"
                    BASELINE="628 3247 2695 3210" 
                    HPOS="625"
                    VPOS="3152"
                    WIDTH="2070"
                    HEIGHT="139">
            <Shape><Polygon POINTS="628 3247 628 3272 726 3285 728 3285 798 3272 801 3272 904 3291 906 3291 909 3291 973 3274 1057 3288 1059 3288 1062 3288 1065 3288 1098 3266 1104 3263 1123 3266 1173 3274 1176 3274 1290 3263 1335 3260 1346 3263 1396 3280 1399 3280 1401 3280 1404 3280 1449 3263 1557 3280 1560 3280 1563 3280 1610 3260 1624 3255 1685 3258 1894 3274 1897 3274 1899 3274 1936 3255 1941 3252 1994 3255 2214 3269 2216 3269 2219 3269 2267 3252 2289 3244 2692 3244 2695 3210 2689 3166 2534 3152 2531 3152 2528 3152 2489 3169 2478 3174 2467 3169 2433 3155 2431 3155 2428 3155 2425 3155 2389 3171 2383 3174 2375 3171 2358 3163 2356 3163 2353 3163 2147 3177 2047 3183 2030 3180 1966 3163 1963 3163 1961 3163 1958 3163 1894 3183 1888 3183 1885 3183 1833 3169 1830 3169 1827 3169 1824 3169 1788 3185 1785 3188 1577 3191 1546 3191 1332 3174 1329 3174 1326 3174 1324 3174 1296 3197 1235 3197 1098 3199 1095 3199 1037 3180 1034 3180 1031 3180 1029 3180 1026 3180 1001 3202 934 3202 789 3183 787 3183 784 3183 781 3183 762 3199 667 3185 664 3185 662 3185 659 3185 625 3202 628 3247"/></Shape>
	    <String CONTENT="dit. Il faut reconnaître cependant qu&#x27;un impulsion sabetaire"
                    HPOS="625"
                    VPOS="3152"
                    WIDTH="2070"
                    HEIGHT="139"
                    WC="0.9785108278195064"></String>
          </TextLine>
        </TextBlock>
        <TextBlock HPOS="170"
                   VPOS="57"
                   WIDTH="314"
                   HEIGHT="199"
                   ID="eSc_textblock_6d411934"
                   TAGREFS="BT44">
          <Shape><Polygon POINTS="170 57 170 256 484 256 484 57"/></Shape>
        </TextBlock>
        <TextBlock ID="eSc_dummyblock_">
          <TextLine ID="eSc_line_92d60aec"
                    TAGREFS="LT31"
                    BASELINE="234 145 432 193" 
                    HPOS="234"
                    VPOS="145"
                    WIDTH="198"
                    HEIGHT="48">
	    <String CONTENT=""
                    HPOS="234"
                    VPOS="145"
                    WIDTH="198"
                    HEIGHT="48"></String>
          </TextLine>
        </TextBlock>
      </PrintSpace>
    </Page>
  </Layout>
</alto>
