<?xml version="1.0" encoding="UTF-8"?>
<alto xmlns:xsi="http://www.w3.org/2001/XMLSchema-instance"
      xmlns="http://www.loc.gov/standards/alto/ns-v4#"
      xsi:schemaLocation="http://www.loc.gov/standards/alto/ns-v4# http://www.loc.gov/standards/alto/v4/alto-4-2.xsd">
  <Description>
    <MeasurementUnit>pixel</MeasurementUnit>
    <sourceImageInformation>
      <fileName>ARCH-DIV-000496_0106.png</fileName>
    </sourceImageInformation>
  </Description>
  <Tags>
    <OtherTag ID="BT42" LABEL="MainZone" DESCRIPTION="block type MainZone"/><OtherTag ID="BT43" LABEL="MarginTextZone" DESCRIPTION="block type MarginTextZone"/><OtherTag ID="BT44" LABEL="NumberingZone" DESCRIPTION="block type NumberingZone"/><OtherTag ID="BT45" LABEL="TitlePageZone" DESCRIPTION="block type TitlePageZone"/><OtherTag ID="BT46" LABEL="CustomZone:Numbering" DESCRIPTION="block type CustomZone:Numbering"/><OtherTag ID="BT49" LABEL="MarginTextZone:lower" DESCRIPTION="block type MarginTextZone:lower"/>
    <OtherTag ID="LT25" LABEL="default" DESCRIPTION="line type default"/><OtherTag ID="LT31" LABEL="DefaultLine" DESCRIPTION="line type DefaultLine"/><OtherTag ID="LT32" LABEL="HeadingLine" DESCRIPTION="line type HeadingLine"/><OtherTag ID="LT33" LABEL="InterlinearLine:addition" DESCRIPTION="line type InterlinearLine:addition"/><OtherTag ID="LT34" LABEL="InterlinearLine:correction" DESCRIPTION="line type InterlinearLine:correction"/>
  </Tags>
  <Layout>
    <Page WIDTH="2790"
          HEIGHT="3336"
          PHYSICAL_IMG_NR="105"
          ID="eSc_dummypage_">
      <PrintSpace HPOS="0"
                  VPOS="0"
                  WIDTH="2790"
                  HEIGHT="3336">
        <TextBlock HPOS="498"
                   VPOS="9"
                   WIDTH="2201"
                   HEIGHT="3327"
                   ID="d3e027b6-a19d-4c1d-b89b-a741f63fd350"
                   TAGREFS="BT42">
          <Shape><Polygon POINTS="2699 9 2699 3336 498 3336 498 9"/></Shape>
          <TextLine ID="eSc_line_45e72dfe"
                    TAGREFS="LT31"
                    BASELINE="584 97 1454 91 2706 105" 
                    HPOS="581"
                    VPOS="33"
                    WIDTH="2125"
                    HEIGHT="108">
            <Shape><Polygon POINTS="2695 66 2678 58 2289 58 2253 55 2178 47 2166 47 2139 47 2111 47 2083 47 2069 44 2025 55 2013 55 2002 55 1947 44 1944 44 1916 44 1888 44 1855 52 1847 55 1841 52 1816 41 1805 41 1777 41 1749 41 1721 41 1694 41 1666 41 1652 38 1585 52 1577 55 1165 55 1159 50 1112 33 1109 33 1107 33 881 50 867 50 842 36 831 36 803 38 776 38 695 47 678 41 664 41 636 41 609 50 584 66 584 97 581 119 834 133 837 133 884 125 920 116 965 125 1001 130 1004 130 1006 130 1018 125 1034 116 1051 125 1062 130 1065 130 1068 130 1090 125 1134 116 1215 127 1246 130 1248 130 1337 127 1630 119 1655 133 1657 133 1660 133 1663 133 1666 133 1671 133 1696 122 1746 133 1766 136 1769 136 1771 136 1774 136 1777 133 1794 122 1838 133 1860 139 1863 139 1866 139 1897 133 1969 122 2183 136 2253 141 2255 141 2339 139 2609 127 2700 141 2706 105 2700 69 2695 66"/></Shape>
	    <String CONTENT="et quelques autres. Associes au début avec les cattoliques démocra¬"
                    HPOS="581"
                    VPOS="33"
                    WIDTH="2125"
                    HEIGHT="108"
                    WC="0.9899191313715123"></String>
          </TextLine>
          <TextLine ID="eSc_line_7f72f10c"
                    TAGREFS="LT31"
                    BASELINE="578 180 1212 169 2595 172" 
                    HPOS="575"
                    VPOS="116"
                    WIDTH="2020"
                    HEIGHT="95">
            <Shape><Polygon POINTS="578 180 578 211 656 194 917 208 951 208 954 208 956 208 962 208 1015 191 1552 191 1571 200 1593 208 1596 208 1599 208 1657 197 1696 191 1719 197 1758 208 1760 208 1763 208 1766 208 1791 197 1796 194 1833 197 2013 208 2016 208 2369 191 2403 208 2406 208 2408 211 2550 211 2550 208 2553 208 2595 186 2595 172 2592 133 2347 116 2344 116 2342 116 2278 133 2275 133 2272 133 2233 116 2230 116 2228 116 2225 116 2183 133 2180 133 2144 116 2141 116 2139 116 2136 116 2100 133 2100 136 1732 136 1730 133 1696 116 1694 116 1691 116 1610 133 1502 116 1499 116 1496 116 1493 116 1477 133 1415 116 1413 116 1410 116 1329 133 1279 116 1276 116 1273 116 1271 116 1229 133 1212 116 1210 116 1207 116 1004 116 1001 116 998 116 945 133 926 116 923 116 920 116 826 116 823 116 820 116 817 116 798 136 664 136 634 116 631 116 628 116 625 116 623 116 575 133 578 180"/></Shape>
	    <String CONTENT="tés amir de Bartals et cellaborant avec eux au Rodicat (1837-"
                    HPOS="575"
                    VPOS="116"
                    WIDTH="2020"
                    HEIGHT="95"
                    WC="0.975712646226414"></String>
          </TextLine>
          <TextLine ID="eSc_line_94116444"
                    TAGREFS="LT31"
                    BASELINE="573 261 1335 244 2664 252" 
                    HPOS="570"
                    VPOS="183"
                    WIDTH="2094"
                    HEIGHT="103">
            <Shape><Polygon POINTS="573 261 573 286 801 283 803 283 837 269 2659 283 2664 252 2662 214 2542 197 2539 197 2536 197 2534 197 2514 214 2094 214 2044 189 2041 189 2038 189 2036 189 1997 208 1977 194 1974 194 1972 194 1969 194 1966 194 1930 214 1518 214 1463 183 1460 183 1457 183 1454 183 1396 208 1363 183 1360 183 1357 183 998 183 995 183 993 183 929 211 862 183 859 183 856 183 853 183 851 183 828 197 792 183 789 183 787 183 784 183 720 211 617 191 614 191 611 191 570 211 573 261"/></Shape>
	    <String CONTENT="1838) et au &lt;.....&lt;........... ...&gt; leur odhésion de"
                    HPOS="570"
                    VPOS="183"
                    WIDTH="2094"
                    HEIGHT="103"
                    WC="0.9267141773150518"></String>
          </TextLine>
          <TextLine ID="eSc_line_be5e8ca7"
                    TAGREFS="LT34"
                    BASELINE="992 206 1335 204" 
                    HPOS="992"
                    VPOS="204"
                    WIDTH="343"
                    HEIGHT="2">
	    <String CONTENT=""
                    HPOS="992"
                    VPOS="204"
                    WIDTH="343"
                    HEIGHT="2"></String>
          </TextLine>
          <TextLine ID="eSc_line_dbfcf022"
                    TAGREFS="LT31"
                    BASELINE="570 344 940 322 2650 316" 
                    HPOS="567"
                    VPOS="261"
                    WIDTH="2083"
                    HEIGHT="108">
            <Shape><Polygon POINTS="570 344 570 369 1059 347 1332 347 1376 361 1379 361 1382 361 1385 361 1407 350 1452 364 1454 364 1457 364 1460 364 1468 364 1543 347 1585 361 1588 361 1591 361 1593 361 1596 361 1624 344 1796 344 1821 361 1824 361 1827 361 1830 361 1841 361 1930 347 1972 358 1977 361 1980 361 1983 361 1986 361 1988 361 1988 358 2013 341 2102 358 2108 358 2111 358 2119 358 2250 341 2356 355 2375 358 2378 358 2648 353 2650 316 2642 280 2144 280 1961 261 1958 261 1955 261 1952 261 1919 283 1916 286 1824 286 1588 286 1566 269 1563 269 1560 269 1557 269 1471 283 1371 264 1368 264 1365 264 1315 286 1254 264 1251 264 1048 264 1045 264 940 283 898 266 895 266 892 266 890 266 837 289 653 278 650 278 567 291 570 344"/></Shape>
	    <String CONTENT="plus en plus nette à la libre peusée les a fait rompre en 1846 auac"
                    HPOS="567"
                    VPOS="261"
                    WIDTH="2083"
                    HEIGHT="108"
                    WC="0.983561230932965"></String>
          </TextLine>
          <TextLine ID="eSc_line_4668a6c7"
                    TAGREFS="LT31"
                    BASELINE="575 416 1057 397 2617 389" 
                    HPOS="573"
                    VPOS="336"
                    WIDTH="2044"
                    HEIGHT="100">
            <Shape><Polygon POINTS="575 416 575 436 1235 419 1438 430 1504 433 1507 433 1510 433 1524 430 1571 416 1635 428 1652 430 1655 430 1668 428 1721 416 1758 428 1766 430 1769 430 1771 430 1821 428 1986 414 2044 425 2061 428 2063 428 2086 425 2150 414 2166 425 2169 428 2172 428 2175 428 2178 428 2614 419 2617 389 2609 353 2458 353 2453 353 2392 336 2389 336 2386 336 2383 336 2381 336 2356 353 2194 339 2191 339 2105 353 2089 339 2086 339 2083 339 2080 339 2077 339 2005 355 1897 339 1894 339 1891 339 1852 358 1852 361 1752 361 1752 358 1730 341 1727 341 1724 341 1618 341 1616 341 1510 361 1507 361 1502 361 1268 344 1265 344 1262 344 1204 364 1204 366 1154 366 1070 366 920 347 917 347 915 347 912 347 912 350 890 366 751 350 748 350 745 350 742 350 720 369 573 369 575 416"/></Shape>
	    <String CONTENT="ces alliés de la première heure. Cest en dehors de l&#x27;Eglise, si ce n&#x27;est"
                    HPOS="573"
                    VPOS="336"
                    WIDTH="2044"
                    HEIGHT="100"
                    WC="0.996100558174981"></String>
          </TextLine>
          <TextLine ID="eSc_line_f0b1ac93"
                    TAGREFS="LT31"
                    BASELINE="567 486 1424 467 2650 458" 
                    HPOS="564"
                    VPOS="419"
                    WIDTH="2086"
                    HEIGHT="98">
            <Shape><Polygon POINTS="567 486 567 503 973 517 976 517 1293 500 1499 492 1541 500 1582 508 1585 508 1649 500 1727 489 2645 494 2650 458 2645 419 1271 419 1268 419 1265 419 1246 425 1212 436 1121 425 1076 422 1073 422 1070 422 1057 428 1018 439 890 428 851 425 848 425 845 425 834 428 787 442 564 430 567 486"/></Shape>
	    <String CONTENT="contre elle qu&#x27;ils conçoivent l&#x27;organisation sociale. &lt;...."
                    HPOS="564"
                    VPOS="419"
                    WIDTH="2086"
                    HEIGHT="98"
                    WC="0.9690549605983799"></String>
          </TextLine>
          <TextLine ID="eSc_line_14c043b6"
                    TAGREFS="LT31"
                    BASELINE="559 564 1210 542 2639 528" 
                    HPOS="556"
                    VPOS="486"
                    WIDTH="2083"
                    HEIGHT="108">
            <Shape><Polygon POINTS="559 564 559 586 781 594 784 594 787 594 817 583 837 575 890 581 931 586 934 586 1040 578 1162 569 1179 575 1212 589 1215 589 1218 589 1538 586 1541 586 1543 586 1563 569 1571 564 1677 567 1944 575 1947 575 2066 558 2080 558 2086 558 2150 578 2153 578 2155 578 2158 578 2211 561 2300 575 2303 575 2637 547 2639 528 2631 486 556 508 559 564"/></Shape>
	    <String CONTENT="&lt;.... . ....   . ...&gt;"
                    HPOS="556"
                    VPOS="486"
                    WIDTH="2083"
                    HEIGHT="108"
                    WC="0.8289471211887541"></String>
          </TextLine>
          <TextLine ID="eSc_line_253bf769"
                    TAGREFS="LT34"
                    BASELINE="1205 574 1518 579" 
                    HPOS="1205"
                    VPOS="574"
                    WIDTH="313"
                    HEIGHT="5">
	    <String CONTENT=""
                    HPOS="1205"
                    VPOS="574"
                    WIDTH="313"
                    HEIGHT="5"></String>
          </TextLine>
          <TextLine ID="eSc_line_16ae9b73"
                    TAGREFS="LT31"
                    BASELINE="559 633 2611 594" 
                    HPOS="556"
                    VPOS="558"
                    WIDTH="2055"
                    HEIGHT="95">
            <Shape><Polygon POINTS="559 633 559 653 2611 617 2611 594 2603 558 556 594 559 633"/></Shape>
	    <String CONTENT="&lt;.. .   .... .. ....&gt;"
                    HPOS="556"
                    VPOS="558"
                    WIDTH="2055"
                    HEIGHT="95"
                    WC="0.8675716888336908"></String>
          </TextLine>
          <TextLine ID="eSc_line_0d85b056"
                    TAGREFS="LT31"
                    BASELINE="564 706 1440 681 2642 664" 
                    HPOS="561"
                    VPOS="619"
                    WIDTH="2081"
                    HEIGHT="120">
            <Shape><Polygon POINTS="564 706 564 739 837 720 945 731 965 731 968 731 981 728 1048 714 1084 725 1090 728 1093 728 1095 728 1129 725 1240 711 1273 720 1287 725 1290 725 1293 725 1346 720 1446 703 1699 703 1710 708 1721 717 1724 717 1727 717 1730 717 2492 689 2609 700 2611 700 2614 700 2617 700 2642 683 2642 664 2637 622 2038 619 2036 619 1891 636 1877 636 1869 636 1755 625 1752 625 1591 642 1582 642 1577 642 1443 631 1440 631 1290 647 1287 647 1285 647 1148 636 1146 636 1143 636 1107 650 609 647 606 647 603 647 561 661 564 706"/></Shape>
	    <String CONTENT="&lt;.... .. .... .... ...&gt;"
                    HPOS="561"
                    VPOS="619"
                    WIDTH="2081"
                    HEIGHT="120"
                    WC="0.8675404242847277"></String>
          </TextLine>
          <TextLine ID="eSc_line_ed896348"
                    TAGREFS="LT31"
                    BASELINE="545 767 2233 747 2563 751 2665 764" 
                    HPOS="542"
                    VPOS="692"
                    WIDTH="2142"
                    HEIGHT="100">
            <Shape><Polygon POINTS="545 792 2684 775 2684 753 2681 708 2500 692 2497 692 2495 692 2445 708 2442 708 2250 695 2247 695 2244 695 2208 711 2189 711 1883 700 1880 700 1785 714 1688 700 1685 700 1599 717 1593 717 1568 717 1107 706 1104 706 1101 706 1098 706 1079 722 1076 722 1068 722 956 708 954 708 951 708 948 708 926 722 923 722 598 711 595 711 592 711 542 725 545 767"/></Shape>
	    <String CONTENT="&lt;.... .. .. ....&gt; avec Marx, Jottr"
                    HPOS="542"
                    VPOS="692"
                    WIDTH="2142"
                    HEIGHT="100"
                    WC="0.9232238145435557"></String>
          </TextLine>
          <TextLine ID="eSc_line_563e1ed2"
                    TAGREFS="LT31"
                    BASELINE="567 842 2678 811" 
                    HPOS="564"
                    VPOS="761"
                    WIDTH="2114"
                    HEIGHT="111">
            <Shape><Polygon POINTS="567 842 567 872 2675 842 2678 811 2673 778 2497 761 2495 761 2492 761 2489 761 2461 778 2328 767 2325 767 2322 767 2280 781 2147 770 2144 770 1796 786 1716 772 1713 772 1710 772 1674 789 1354 778 1351 778 1137 797 1006 783 1004 783 1001 783 998 783 976 797 898 786 895 786 798 800 759 786 756 786 753 786 564 806 567 842"/></Shape>
	    <String CONTENT="considère les misères de la classe ouvrière comme une phase nécessaire"
                    HPOS="564"
                    VPOS="761"
                    WIDTH="2114"
                    HEIGHT="111"
                    WC="0.9922084135668618"></String>
          </TextLine>
          <TextLine ID="eSc_line_d9fd62c1"
                    TAGREFS="LT31"
                    BASELINE="564 917 1649 895 2684 895" 
                    HPOS="561"
                    VPOS="842"
                    WIDTH="2123"
                    HEIGHT="94">
            <Shape><Polygon POINTS="564 917 564 936 2681 914 2684 895 2678 842 2308 856 2258 847 2222 842 2219 842 2169 850 2114 859 2080 850 2047 842 2044 842 2041 842 2038 842 2005 853 1988 856 1977 853 1938 842 1936 842 1933 842 1930 842 1905 853 1894 859 1869 856 1813 845 1810 845 1808 845 1760 856 1749 859 1744 856 1721 845 1719 845 1716 845 1713 845 1710 845 1694 859 1677 845 1674 845 1671 845 1668 845 1335 847 1332 847 1265 864 1254 870 1051 870 1043 870 970 853 968 853 965 853 962 853 937 870 934 872 815 872 806 872 623 856 620 856 617 856 561 875 564 917"/></Shape>
	    <String CONTENT="de la concentration capitaliste dont sortira sitalement un avenir mait¬"
                    HPOS="561"
                    VPOS="842"
                    WIDTH="2123"
                    HEIGHT="94"
                    WC="0.9972917840514385"></String>
          </TextLine>
          <TextLine ID="eSc_line_69cf6602"
                    TAGREFS="LT31"
                    BASELINE="550 989 1671 970 2617 970" 
                    HPOS="547"
                    VPOS="909"
                    WIDTH="2070"
                    HEIGHT="94">
            <Shape><Polygon POINTS="550 989 550 1003 2614 986 2617 970 2614 928 2514 909 2511 909 2509 909 2447 928 2445 928 2395 911 2392 911 2389 911 2289 925 2239 911 2236 911 2233 911 2230 911 2189 931 2178 931 1974 914 1972 914 1969 914 1916 934 1913 934 1899 934 1646 917 1643 917 1641 917 1566 936 1563 936 1502 920 1499 920 1496 920 1371 939 1360 939 1343 939 1109 922 1107 922 970 925 968 925 934 942 931 942 709 928 706 928 703 928 653 942 600 928 598 928 595 928 592 928 547 942 550 989"/></Shape>
	    <String CONTENT="leur. De son côté Defré prône dans l&#x27;Organisation sociale les doctines"
                    HPOS="547"
                    VPOS="909"
                    WIDTH="2070"
                    HEIGHT="94"
                    WC="0.9935965555054801"></String>
          </TextLine>
          <TextLine ID="eSc_line_a63d7864"
                    TAGREFS="LT31"
                    BASELINE="559 1064 901 1050 2645 1045" 
                    HPOS="556"
                    VPOS="978"
                    WIDTH="2089"
                    HEIGHT="120">
            <Shape><Polygon POINTS="667 989 645 989 642 989 639 989 556 1014 559 1064 559 1098 687 1078 1360 1086 1769 1092 1771 1092 2002 1078 2019 1078 2027 1078 2264 1089 2267 1089 2269 1089 2272 1089 2294 1073 2297 1073 2300 1073 2353 1089 2356 1089 2358 1089 2361 1089 2364 1089 2364 1086 2381 1073 2383 1070 2481 1070 2484 1070 2506 1086 2509 1086 2511 1086 2514 1086 2517 1086 2520 1086 2539 1070 2542 1070 2642 1070 2645 1045 2639 1006 2525 1006 2506 989 2503 989 2500 989 2497 989 2336 1003 2297 978 2294 978 2292 978 1777 978 1774 978 1549 981 1546 981 1477 1011 942 1011 890 992 887 992 884 992 881 992 834 1014 734 1014 706 989 703 989 700 989 695 989 667 989"/></Shape>
	    <String CONTENT="phalanstériennes de Sourier. A nt e propseur Wuet expere : par¬"
                    HPOS="556"
                    VPOS="978"
                    WIDTH="2089"
                    HEIGHT="120"
                    WC="0.9572418842996869"></String>
          </TextLine>
          <TextLine ID="eSc_line_04283b8e"
                    TAGREFS="LT33"
                    BASELINE="1538 1020 1906 1020" 
                    HPOS="1538"
                    VPOS="1020"
                    WIDTH="368"
                    HEIGHT="0">
	    <String CONTENT=""
                    HPOS="1538"
                    VPOS="1020"
                    WIDTH="368"
                    HEIGHT="0"></String>
          </TextLine>
          <TextLine ID="eSc_line_aed96dd2"
                    TAGREFS="LT31"
                    BASELINE="556 1131 2642 1117" 
                    HPOS="553"
                    VPOS="1067"
                    WIDTH="2089"
                    HEIGHT="100">
            <Shape><Polygon POINTS="556 1131 556 1153 742 1167 745 1167 748 1167 751 1167 767 1156 773 1150 1093 1150 1107 1156 1126 1164 1129 1164 1132 1164 1198 1156 1237 1150 1271 1156 1340 1167 1343 1167 1443 1156 1496 1150 1507 1156 1527 1164 1529 1164 1532 1164 1591 1156 1635 1150 1774 1156 1908 1162 1910 1162 1947 1156 2016 1145 2050 1156 2063 1162 2066 1162 2069 1164 2222 1164 2222 1162 2250 1156 2322 1142 2639 1156 2642 1117 2637 1078 2239 1067 2236 1067 2233 1067 2183 1081 2178 1081 2175 1081 2144 1067 2141 1067 2139 1067 1974 1081 1969 1081 1966 1081 1924 1067 1922 1067 1919 1067 1852 1084 1432 1084 1393 1070 1390 1070 1388 1070 1310 1086 1304 1086 1287 1086 1101 1073 1098 1073 1001 1086 979 1073 976 1073 973 1073 970 1073 692 1075 689 1075 687 1075 667 1089 586 1075 584 1075 581 1075 553 1086 556 1131"/></Shape>
	    <String CONTENT="tès de 1846, devant un petit groupe de disciples chaisis, parni lesquils"
                    HPOS="553"
                    VPOS="1067"
                    WIDTH="2089"
                    HEIGHT="100"
                    WC="0.9807313829660416"></String>
          </TextLine>
          <TextLine ID="eSc_line_a00859d3"
                    TAGREFS="LT31"
                    BASELINE="559 1203 2614 1192" 
                    HPOS="556"
                    VPOS="1139"
                    WIDTH="2058"
                    HEIGHT="103">
            <Shape><Polygon POINTS="559 1203 559 1242 642 1239 645 1239 648 1239 667 1223 692 1234 695 1234 698 1234 1070 1220 1123 1237 1126 1237 1129 1237 1132 1237 1134 1237 1151 1223 1240 1237 1243 1237 1716 1234 1719 1234 1760 1217 2044 1234 2072 1234 2075 1234 2077 1234 2080 1234 2105 1214 2609 1228 2614 1192 2609 1148 2372 1139 2369 1139 2319 1148 2275 1153 2216 1148 2150 1139 2147 1139 2144 1139 2116 1148 2080 1159 1760 1159 1732 1148 1716 1142 1713 1142 1710 1142 1707 1142 1696 1148 1677 1159 1340 1159 1171 1148 1104 1145 1101 1145 1098 1145 1090 1148 1059 1162 1029 1148 1026 1148 1023 1148 1020 1148 1018 1148 1015 1148 993 1162 954 1148 948 1148 945 1148 942 1148 931 1148 856 1162 828 1148 826 1148 823 1148 820 1148 809 1148 734 1162 556 1150 559 1203"/></Shape>
	    <String CONTENT="figure Emile de Lavelexe, une sorte de sovialisme chrétiere s&#x27;inspi¬"
                    HPOS="556"
                    VPOS="1139"
                    WIDTH="2058"
                    HEIGHT="103"
                    WC="0.9927031827323577"></String>
          </TextLine>
          <TextLine ID="eSc_line_15e49c88"
                    TAGREFS="LT31"
                    BASELINE="559 1276 2631 1264" 
                    HPOS="556"
                    VPOS="1212"
                    WIDTH="2075"
                    HEIGHT="86">
            <Shape><Polygon POINTS="559 1276 559 1298 2628 1292 2631 1264 2625 1228 2367 1212 2364 1212 2361 1212 2331 1228 2247 1228 2111 1228 2108 1228 2091 1214 2089 1214 2086 1214 2083 1214 2022 1228 2016 1228 2011 1228 1908 1214 1905 1214 1902 1214 1863 1228 1849 1228 1549 1217 1546 1217 1543 1217 1513 1231 1507 1234 556 1234 559 1276"/></Shape>
	    <String CONTENT="rant de la phélosophie de Bordus Dumauliu. Des aspisations hi¬"
                    HPOS="556"
                    VPOS="1212"
                    WIDTH="2075"
                    HEIGHT="86"
                    WC="0.9962445353308031"></String>
          </TextLine>
          <TextLine ID="eSc_line_30a66fa0"
                    TAGREFS="LT31"
                    BASELINE="550 1342 1707 1348 2639 1331" 
                    HPOS="547"
                    VPOS="1295"
                    WIDTH="2092"
                    HEIGHT="81">
            <Shape><Polygon POINTS="550 1342 550 1370 2525 1376 2528 1376 2637 1359 2639 1331 2631 1295 547 1303 550 1342"/></Shape>
	    <String CONTENT="manitaires, pasifistes et internationales dominent tout ce mouve¬"
                    HPOS="547"
                    VPOS="1295"
                    WIDTH="2092"
                    HEIGHT="81"
                    WC="0.9946005050952618"></String>
          </TextLine>
          <TextLine ID="eSc_line_254a5908"
                    TAGREFS="LT31"
                    BASELINE="550 1420 2637 1412" 
                    HPOS="547"
                    VPOS="1356"
                    WIDTH="2090"
                    HEIGHT="103">
            <Shape><Polygon POINTS="550 1420 550 1442 1235 1459 1237 1459 1240 1459 1273 1448 1299 1440 1329 1448 1363 1456 1365 1456 1368 1456 1460 1448 1535 1442 1649 1451 1760 1456 1763 1456 1824 1451 1949 1437 2016 1451 2030 1453 2033 1456 2203 1456 2203 1453 2205 1453 2208 1453 2230 1437 2503 1453 2517 1453 2520 1453 2522 1453 2525 1453 2550 1437 2631 1453 2637 1412 2628 1364 2342 1373 2333 1367 2322 1356 2319 1356 2317 1356 2314 1356 2311 1356 2272 1367 2247 1373 2230 1367 2203 1356 2200 1356 2197 1356 2194 1356 2191 1356 2180 1367 2172 1376 2089 1376 2077 1367 2058 1356 2055 1356 2052 1356 2050 1356 1974 1370 1936 1376 1913 1370 1874 1359 1872 1359 1869 1359 1799 1370 1766 1378 1340 1378 1335 1376 1304 1359 1301 1359 1299 1359 1296 1359 1248 1376 1237 1378 1201 1376 1026 1362 1023 1362 942 1378 923 1362 920 1362 917 1362 712 1362 709 1362 706 1362 703 1362 678 1381 547 1381 550 1420"/></Shape>
	    <String CONTENT="ment d&#x27;idécs. En 1847, l&#x27;association dieno cratique fondée par Jot¬"
                    HPOS="547"
                    VPOS="1356"
                    WIDTH="2090"
                    HEIGHT="103"
                    WC="0.9874685393340552"></String>
          </TextLine>
          <TextLine ID="eSc_line_cab3105a"
                    TAGREFS="LT31"
                    BASELINE="553 1501 2628 1487" 
                    HPOS="550"
                    VPOS="1434"
                    WIDTH="2078"
                    HEIGHT="106">
            <Shape><Polygon POINTS="553 1501 553 1523 1037 1520 1048 1523 1095 1537 1098 1537 1101 1537 1104 1537 1146 1523 1151 1520 1157 1523 1193 1537 1196 1537 1198 1540 1382 1540 1382 1537 1385 1537 1426 1523 1707 1534 1710 1534 1872 1520 1927 1515 1949 1517 2000 1531 2002 1531 2005 1531 2063 1517 2069 1517 2075 1517 2114 1531 2116 1531 2119 1531 2222 1517 2253 1515 2403 1515 2408 1517 2425 1529 2428 1529 2431 1529 2433 1529 2436 1529 2478 1517 2497 1512 2623 1515 2628 1487 2625 1453 2567 1434 2564 1434 2561 1434 2559 1434 2503 1451 2111 1437 2108 1437 2105 1437 2102 1437 2089 1451 2083 1456 2016 1456 1991 1451 1897 1437 1894 1437 1810 1451 1785 1456 1376 1462 1009 1462 984 1448 970 1442 968 1442 965 1442 937 1448 870 1462 773 1448 753 1445 751 1445 737 1448 678 1462 659 1448 659 1445 656 1445 653 1445 650 1445 550 1445 553 1501"/></Shape>
	    <String CONTENT="trand se donne pour programme de travailler à la fraternité des"
                    HPOS="550"
                    VPOS="1434"
                    WIDTH="2078"
                    HEIGHT="106"
                    WC="0.9896661527454853"></String>
          </TextLine>
          <TextLine ID="eSc_line_2eaef0c6"
                    TAGREFS="LT31"
                    BASELINE="550 1576 2642 1567" 
                    HPOS="547"
                    VPOS="1515"
                    WIDTH="2095"
                    HEIGHT="100">
            <Shape><Polygon POINTS="550 1576 550 1609 1031 1598 1051 1609 1051 1612 1054 1612 1057 1612 1059 1615 1232 1615 1232 1612 1235 1612 1243 1609 1279 1595 1699 1609 1741 1609 1744 1609 1769 1609 2055 1592 2141 1606 2144 1606 2328 1592 2369 1606 2372 1606 2375 1609 2639 1609 2642 1567 2637 1531 2470 1515 2467 1515 2464 1515 2461 1515 2442 1531 2158 1531 2127 1515 2125 1515 2122 1515 2047 1529 1624 1517 1621 1517 1349 1531 1290 1517 1287 1517 1285 1517 1282 1517 1240 1534 706 1520 703 1520 547 1537 550 1576"/></Shape>
	    <String CONTENT="peuples. Mais ses membres sont si élvignés de l&#x27;action révolutionnaire"
                    HPOS="547"
                    VPOS="1515"
                    WIDTH="2095"
                    HEIGHT="100"
                    WC="0.990936540705817"></String>
          </TextLine>
          <TextLine ID="eSc_line_26fe9839"
                    TAGREFS="LT31"
                    BASELINE="559 1654 2631 1640" 
                    HPOS="556"
                    VPOS="1590"
                    WIDTH="2075"
                    HEIGHT="105">
            <Shape><Polygon POINTS="559 1654 561 1695 611 1670 1037 1670 1104 1690 1107 1690 1109 1690 1112 1690 1171 1673 1198 1690 1201 1690 1204 1690 1207 1693 1282 1693 1310 1693 1310 1690 1421 1673 1546 1687 1549 1687 2127 1684 2395 1662 2625 1681 2631 1640 2623 1601 2356 1604 2350 1601 2336 1590 2333 1590 2331 1590 2328 1590 2325 1590 2294 1604 2289 1604 2280 1604 2222 1592 2219 1592 2216 1592 2214 1592 2214 1595 2203 1604 2200 1609 1933 1609 1927 1606 1883 1592 1880 1592 1877 1592 1802 1606 1788 1609 1780 1606 1738 1595 1735 1595 1732 1595 1730 1595 1727 1595 1707 1609 1702 1612 1535 1612 1529 1609 1429 1595 1426 1595 1107 1612 1015 1598 1012 1598 1009 1598 965 1615 962 1615 876 1601 873 1601 870 1601 826 1615 645 1601 642 1601 556 1617 559 1654"/></Shape>
	    <String CONTENT="qu&#x27;il ne semble pas qu&#x27;ils aient comme le mani feste communeste"
                    HPOS="556"
                    VPOS="1590"
                    WIDTH="2075"
                    HEIGHT="105"
                    WC="0.9733520954374283"></String>
          </TextLine>
          <TextLine ID="eSc_line_18e87d78"
                    TAGREFS="LT31"
                    BASELINE="556 1726 2603 1712" 
                    HPOS="553"
                    VPOS="1662"
                    WIDTH="2050"
                    HEIGHT="92">
            <Shape><Polygon POINTS="556 1726 556 1754 2600 1745 2603 1712 2600 1679 2567 1662 2564 1662 2561 1662 2186 1681 1949 1681 1905 1665 1902 1665 1899 1665 1897 1665 1838 1679 1785 1665 1783 1665 1780 1665 1777 1665 1735 1681 1452 1667 1449 1667 1360 1684 1357 1687 1260 1687 1104 1687 1057 1670 1054 1670 1051 1670 1048 1670 998 1684 968 1670 965 1670 962 1670 959 1670 890 1687 887 1687 876 1687 589 1673 586 1673 584 1673 553 1684 556 1726"/></Shape>
	    <String CONTENT="publié par Marx au cours de cette aanée. Il s&#x27;ils l&#x27;avaient comme, la"
                    HPOS="553"
                    VPOS="1662"
                    WIDTH="2050"
                    HEIGHT="92"
                    WC="0.9968437422876772"></String>
          </TextLine>
          <TextLine ID="eSc_line_5725292f"
                    TAGREFS="LT31"
                    BASELINE="550 1801 2642 1793" 
                    HPOS="547"
                    VPOS="1740"
                    WIDTH="2095"
                    HEIGHT="97">
            <Shape><Polygon POINTS="550 1801 550 1837 675 1823 1109 1832 1243 1834 1246 1834 2639 1815 2642 1793 2634 1740 2545 1754 2294 1743 2205 1740 2203 1740 2200 1740 2197 1740 2194 1745 2180 1754 2127 1745 2108 1743 2105 1743 2061 1745 1938 1756 1660 1751 1299 1743 1296 1743 1293 1743 1243 1756 1226 1759 1132 1756 764 1745 762 1745 675 1759 589 1745 586 1745 584 1745 547 1759 550 1801"/></Shape>
	    <String CONTENT="plupart d&#x27;entre eux, bien certainement, en auraient été épouvantés."
                    HPOS="547"
                    VPOS="1740"
                    WIDTH="2095"
                    HEIGHT="97"
                    WC="0.9988781026939848"></String>
          </TextLine>
          <TextLine ID="eSc_line_1214e0ae"
                    TAGREFS="LT31"
                    BASELINE="550 1870 2662 1865" 
                    HPOS="547"
                    VPOS="1815"
                    WIDTH="2115"
                    HEIGHT="97">
            <Shape><Polygon POINTS="550 1870 550 1895 1541 1912 1543 1912 1546 1912 1579 1904 1624 1893 1727 1904 1774 1909 1777 1909 1780 1909 1799 1904 1841 1895 2089 1907 2164 1909 2166 1909 2180 1907 2247 1893 2561 1893 2656 1909 2662 1865 2656 1829 1691 1815 1688 1815 1566 1829 1554 1832 547 1832 550 1870"/></Shape>
	    <String CONTENT="Leur socédisme, si l&#x27;on peut l&#x27;appeler ansi &lt;.. .... . .. ... ..&gt;"
                    HPOS="547"
                    VPOS="1815"
                    WIDTH="2115"
                    HEIGHT="97"
                    WC="0.9438117458270147"></String>
          </TextLine>
          <TextLine ID="eSc_line_a093c4a1"
                    TAGREFS="LT31"
                    BASELINE="542 1945 2642 1932" 
                    HPOS="539"
                    VPOS="1879"
                    WIDTH="2103"
                    HEIGHT="103">
            <Shape><Polygon POINTS="542 1945 542 1982 645 1965 848 1979 851 1979 1240 1962 1290 1976 1293 1976 1296 1976 1752 1973 1758 1973 1835 1957 1933 1971 1936 1971 2247 1954 2637 1965 2642 1932 2637 1893 2369 1879 2367 1879 2364 1879 2361 1879 2342 1893 2339 1893 2314 1893 2178 1882 2175 1882 2172 1882 2169 1882 2158 1893 2150 1895 2127 1893 2061 1882 1880 1882 1877 1882 1874 1882 1872 1882 1858 1893 1852 1895 1819 1893 1746 1884 1744 1884 1741 1884 1724 1893 1713 1898 1696 1893 1674 1884 1671 1884 1668 1884 1666 1884 1643 1893 1627 1898 1593 1893 1560 1887 1557 1887 1479 1893 1371 1901 539 1895 542 1945"/></Shape>
	    <String CONTENT="&lt;.. . encore tout imprégué d&#x27;individualisme libéral, ne"
                    HPOS="539"
                    VPOS="1879"
                    WIDTH="2103"
                    HEIGHT="103"
                    WC="0.9864116484468634"></String>
          </TextLine>
          <TextLine ID="eSc_line_6c8fdf16"
                    TAGREFS="LT31"
                    BASELINE="542 2018 2659 2001" 
                    HPOS="539"
                    VPOS="1948"
                    WIDTH="2120"
                    HEIGHT="106">
            <Shape><Polygon POINTS="542 2018 542 2054 664 2037 856 2051 890 2054 892 2054 895 2054 901 2051 937 2034 1154 2048 1193 2051 1196 2051 1268 2048 1599 2032 1663 2046 1671 2046 1674 2046 1705 2046 1927 2029 2203 2040 2297 2043 2300 2043 2322 2040 2397 2023 2653 2034 2659 2001 2650 1948 2445 1962 2289 1954 2244 1951 2242 1951 2239 1951 2236 1951 2233 1954 2214 1968 2033 1968 2016 1957 2008 1951 2005 1951 2002 1951 2000 1951 1997 1951 1974 1957 1938 1968 1827 1959 1732 1954 1730 1954 1674 1962 1641 1968 1627 1962 1602 1954 1599 1954 1596 1954 1593 1954 1568 1965 1552 1971 1463 1965 1307 1957 1304 1957 1301 1957 1254 1968 1235 1973 1179 1971 1020 1959 1018 1959 904 1973 887 1976 884 1976 859 1962 856 1962 853 1962 728 1976 628 1962 625 1962 539 1979 542 2018"/></Shape>
	    <String CONTENT="prossenait que de leur pitié pour les sonffrances des travailleurs et de t"
                    HPOS="539"
                    VPOS="1948"
                    WIDTH="2120"
                    HEIGHT="106"
                    WC="0.9852608466470564"></String>
          </TextLine>
          <TextLine ID="eSc_line_63407d9c"
                    TAGREFS="LT31"
                    BASELINE="547 2090 2314 2079" 
                    HPOS="545"
                    VPOS="2029"
                    WIDTH="1769"
                    HEIGHT="100">
            <Shape><Polygon POINTS="547 2090 550 2129 617 2107 870 2110 890 2126 890 2129 892 2129 895 2129 898 2129 915 2126 1001 2110 1132 2110 1151 2126 1154 2126 1157 2126 1159 2126 1204 2123 1432 2112 1488 2123 1499 2123 1502 2123 1504 2123 1507 2123 1549 2101 1635 2101 1680 2121 1685 2123 1688 2123 1691 2123 1824 2121 1849 2118 1852 2118 1913 2098 1997 2118 2008 2121 2011 2121 2311 2115 2314 2079 2305 2029 1490 2043 1477 2037 1454 2029 1452 2029 1449 2029 1446 2029 1443 2029 1432 2040 1424 2046 1396 2040 1365 2032 1363 2032 1360 2032 1357 2032 1332 2040 1315 2046 1171 2043 895 2034 892 2034 890 2034 887 2034 876 2046 870 2048 823 2046 600 2034 598 2034 595 2034 545 2048 547 2090"/></Shape>
	    <String CONTENT="&lt;.ta l&#x27;indignation généreuse qu&#x27;elles leur inspiraient."
                    HPOS="545"
                    VPOS="2029"
                    WIDTH="1769"
                    HEIGHT="100"
                    WC="0.971893021735278"></String>
          </TextLine>
          <TextLine ID="eSc_line_f984ae89"
                    TAGREFS="LT31"
                    BASELINE="573 2162 2639 2157" 
                    HPOS="570"
                    VPOS="2104"
                    WIDTH="2069"
                    HEIGHT="100">
            <Shape><Polygon POINTS="573 2162 573 2187 678 2204 681 2204 745 2190 767 2204 770 2204 773 2204 776 2204 915 2190 929 2190 970 2190 1410 2204 1413 2204 1502 2193 1529 2190 1635 2193 1880 2201 1883 2201 1885 2201 1905 2193 1924 2187 1958 2193 1991 2201 1994 2201 1997 2201 2013 2196 2033 2187 2091 2196 2144 2201 2147 2201 2189 2196 2239 2187 2261 2196 2275 2201 2278 2201 2280 2201 2322 2196 2386 2187 2637 2196 2639 2157 2631 2110 2450 2121 2420 2110 2400 2104 2397 2104 2395 2104 2347 2112 2286 2121 2239 2112 2194 2104 2191 2104 2189 2104 2186 2104 2175 2112 2161 2123 2075 2123 2047 2115 2005 2104 2002 2104 2000 2104 1997 2104 1994 2104 1980 2115 1972 2123 1780 2123 1769 2118 1749 2104 1746 2104 1744 2104 1741 2104 1738 2104 1705 2118 1696 2123 1496 2123 1485 2121 1452 2107 1449 2107 1446 2107 1374 2121 1363 2123 1357 2121 1346 2110 1343 2110 1340 2110 1337 2110 1268 2121 1184 2107 1182 2107 1098 2123 1095 2123 1043 2107 1040 2107 1037 2107 923 2123 898 2107 895 2107 892 2107 890 2107 798 2123 778 2107 776 2107 773 2107 770 2107 692 2121 603 2107 600 2107 598 2107 595 2107 570 2121 573 2162"/></Shape>
	    <String CONTENT="Les progrés de l&#x27;industrialisation du pays allaient de pair en effet,"
                    HPOS="570"
                    VPOS="2104"
                    WIDTH="2069"
                    HEIGHT="100"
                    WC="0.9867350191309832"></String>
          </TextLine>
          <TextLine ID="eSc_line_b885936c"
                    TAGREFS="LT31"
                    BASELINE="542 2232 2637 2237" 
                    HPOS="542"
                    VPOS="2187"
                    WIDTH="2095"
                    HEIGHT="81">
            <Shape><Polygon POINTS="542 2232 542 2268 2634 2260 2637 2237 2631 2187 542 2190 542 2232"/></Shape>
	    <String CONTENT="avec ceux de la misère et de la démoralisation. Di, durant la période"
                    HPOS="542"
                    VPOS="2187"
                    WIDTH="2095"
                    HEIGHT="81"
                    WC="0.9961515690969385"></String>
          </TextLine>
          <TextLine ID="eSc_line_5c66943d"
                    TAGREFS="LT31"
                    BASELINE="539 2315 2285 2325 2623 2319" 
                    HPOS="536"
                    VPOS="2265"
                    WIDTH="2084"
                    HEIGHT="92">
            <Shape><Polygon POINTS="539 2340 876 2340 881 2343 906 2357 909 2357 912 2357 915 2357 1023 2343 1040 2340 1045 2343 1062 2357 1065 2357 1068 2357 1070 2357 1165 2343 1168 2343 1171 2343 1223 2357 1226 2357 1229 2357 1299 2343 1326 2337 1440 2343 1655 2354 1657 2354 1830 2343 1972 2335 2022 2343 2063 2351 2066 2351 2150 2343 2247 2335 2297 2343 2336 2351 2339 2351 2617 2343 2620 2307 2611 2265 536 2271 539 2315"/></Shape>
	    <String CONTENT="de 1834 à 1839, la prospérité économique avait en pour conséquence"
                    HPOS="536"
                    VPOS="2265"
                    WIDTH="2084"
                    HEIGHT="92"
                    WC="0.9968891268345847"></String>
          </TextLine>
          <TextLine ID="eSc_line_8e220aee"
                    TAGREFS="LT31"
                    BASELINE="531 2396 2600 2390" 
                    HPOS="528"
                    VPOS="2340"
                    WIDTH="2072"
                    HEIGHT="95">
            <Shape><Polygon POINTS="531 2396 531 2435 659 2418 1223 2429 1482 2432 1485 2432 1488 2432 1490 2432 1499 2424 1510 2418 1813 2421 2422 2429 2425 2429 2428 2429 2456 2415 2567 2429 2570 2429 2573 2429 2575 2429 2600 2413 2600 2390 2595 2340 1566 2340 1563 2340 1560 2340 1543 2349 1532 2354 1273 2351 673 2343 670 2343 528 2357 531 2396"/></Shape>
	    <String CONTENT="une tausse rapide des salaires, &lt;..... . ... . .&gt;"
                    HPOS="528"
                    VPOS="2340"
                    WIDTH="2072"
                    HEIGHT="95"
                    WC="0.9215910994276708"></String>
          </TextLine>
          <TextLine ID="eSc_line_5a3a524f"
                    TAGREFS="LT31"
                    BASELINE="536 2479 2581 2468" 
                    HPOS="534"
                    VPOS="2413"
                    WIDTH="2047"
                    HEIGHT="102">
            <Shape><Polygon POINTS="536 2479 539 2515 575 2499 728 2499 776 2513 781 2515 784 2515 787 2515 826 2513 1006 2499 1059 2513 1065 2513 1068 2513 1070 2515 1557 2515 1557 2513 1560 2513 1577 2507 1624 2493 1821 2507 1899 2510 1902 2510 1952 2504 2080 2490 2278 2490 2300 2502 2305 2507 2308 2507 2311 2507 2314 2507 2578 2499 2581 2468 2575 2432 2489 2415 2486 2415 2406 2429 2383 2413 2381 2413 2378 2413 2091 2413 2089 2413 2011 2429 2000 2432 1986 2429 1922 2415 1919 2415 1916 2415 1913 2415 1897 2429 1894 2432 1863 2429 1741 2418 1738 2418 1685 2429 1671 2432 1657 2429 1607 2415 1605 2415 1602 2415 1518 2429 1482 2438 1360 2438 1349 2429 1332 2418 1329 2418 1326 2418 1324 2418 1321 2418 1290 2429 1273 2435 534 2429 536 2479"/></Shape>
	    <String CONTENT="&lt;........ ..&gt; leur baisse, à partir de la déprussion"
                    HPOS="534"
                    VPOS="2413"
                    WIDTH="2047"
                    HEIGHT="102"
                    WC="0.936205404309126"></String>
          </TextLine>
          <TextLine ID="eSc_line_c2030aa5"
                    TAGREFS="LT31"
                    BASELINE="539 2554 2550 2546" 
                    HPOS="536"
                    VPOS="2493"
                    WIDTH="2014"
                    HEIGHT="103">
            <Shape><Polygon POINTS="539 2554 542 2596 609 2577 1068 2593 1143 2593 1146 2593 1165 2590 1235 2579 1499 2588 1607 2590 1610 2590 1613 2590 1616 2590 1621 2588 1641 2574 1657 2588 1660 2590 1663 2590 1666 2590 1668 2590 1696 2585 1755 2574 1808 2585 1838 2590 1841 2590 1874 2585 1933 2571 1988 2582 2011 2588 2013 2588 2047 2582 2114 2571 2189 2582 2239 2588 2242 2588 2547 2577 2550 2546 2545 2507 2442 2493 2439 2493 2278 2507 2267 2507 2264 2507 2233 2493 2230 2493 2228 2493 2225 2493 2197 2507 2119 2493 2116 2493 2114 2493 2111 2493 2091 2507 1988 2493 1986 2493 1883 2510 1872 2510 1849 2510 1624 2496 1621 2496 1527 2510 1482 2496 1479 2496 1477 2496 1401 2510 1273 2496 1271 2496 1159 2513 1157 2513 1146 2513 801 2499 798 2499 536 2515 539 2554"/></Shape>
	    <String CONTENT="qui avait sucedé à eet élan trop fonqueux, n&#x27;en faisait apparaître"
                    HPOS="536"
                    VPOS="2493"
                    WIDTH="2014"
                    HEIGHT="103"
                    WC="0.977532307603466"></String>
          </TextLine>
          <TextLine ID="eSc_line_32ed2036"
                    TAGREFS="LT31"
                    BASELINE="539 2632 2628 2618" 
                    HPOS="536"
                    VPOS="2563"
                    WIDTH="2092"
                    HEIGHT="105">
            <Shape><Polygon POINTS="539 2632 539 2668 2625 2654 2628 2618 2625 2582 2564 2563 2561 2563 2559 2563 2484 2579 2431 2565 2428 2565 2425 2565 2422 2565 2420 2565 2400 2582 2272 2582 2211 2563 2208 2563 2205 2563 2203 2563 2147 2582 1791 2565 1788 2565 1702 2585 1591 2574 1588 2574 1312 2588 1279 2571 1276 2571 1273 2571 1095 2588 920 2574 917 2574 915 2574 912 2574 884 2590 611 2574 609 2574 606 2574 536 2593 539 2632"/></Shape>
	    <String CONTENT="que plus nettement la detrusse du prolétariat surabondant....&gt;"
                    HPOS="536"
                    VPOS="2563"
                    WIDTH="2092"
                    HEIGHT="105"
                    WC="0.9686622013968806"></String>
          </TextLine>
          <TextLine ID="eSc_line_8563d6da"
                    TAGREFS="LT31"
                    BASELINE="520 2707 2634 2688" 
                    HPOS="517"
                    VPOS="2635"
                    WIDTH="2117"
                    HEIGHT="94">
            <Shape><Polygon POINTS="520 2707 520 2729 2634 2713 2634 2688 2628 2649 2517 2635 2514 2635 2408 2649 2403 2649 2400 2649 2350 2635 2347 2635 2344 2635 2269 2652 2258 2652 2197 2652 1835 2641 1833 2641 1771 2654 1769 2654 1766 2654 1738 2641 1735 2641 1732 2641 1730 2641 1702 2654 1696 2657 1643 2654 1421 2643 1418 2643 1346 2657 1332 2660 1326 2657 1304 2646 1301 2646 1121 2646 1118 2646 1115 2646 1112 2646 1112 2649 1098 2660 1095 2663 1031 2660 820 2649 817 2649 815 2649 776 2663 764 2666 753 2663 720 2652 717 2652 714 2652 517 2663 520 2707"/></Shape>
	    <String CONTENT="&lt;.. ...&gt; dont les villes et les désnt régions minieères se trou¬"
                    HPOS="517"
                    VPOS="2635"
                    WIDTH="2117"
                    HEIGHT="94"
                    WC="0.9665694842115045"></String>
          </TextLine>
          <TextLine ID="eSc_line_0c25b49c"
                    TAGREFS="LT31"
                    BASELINE="520 2780 2592 2763" 
                    HPOS="517"
                    VPOS="2716"
                    WIDTH="2075"
                    HEIGHT="89">
            <Shape><Polygon POINTS="520 2780 520 2805 2589 2791 2592 2763 2586 2729 2280 2716 2278 2716 2275 2716 2230 2729 2228 2729 2225 2729 2197 2718 2194 2718 2191 2718 517 2732 520 2780"/></Shape>
	    <String CONTENT="vaient encombrées. Une inguête &lt;..&gt; sur la condlition des n¬"
                    HPOS="517"
                    VPOS="2716"
                    WIDTH="2075"
                    HEIGHT="89"
                    WC="0.9732251008351643"></String>
          </TextLine>
          <TextLine ID="eSc_line_57bed4f0"
                    TAGREFS="LT34"
                    BASELINE="594 2824 812 2819" 
                    HPOS="594"
                    VPOS="2819"
                    WIDTH="218"
                    HEIGHT="5">
	    <String CONTENT=""
                    HPOS="594"
                    VPOS="2819"
                    WIDTH="218"
                    HEIGHT="5"></String>
          </TextLine>
          <TextLine ID="eSc_line_d5a9575c"
                    TAGREFS="LT31"
                    BASELINE="511 2860 1730 2843 2625 2846" 
                    HPOS="509"
                    VPOS="2780"
                    WIDTH="2116"
                    HEIGHT="100">
            <Shape><Polygon POINTS="511 2860 511 2880 2623 2868 2625 2846 2623 2802 2511 2802 2453 2780 2450 2780 2447 2780 2445 2780 2442 2780 2417 2802 2361 2802 2292 2780 2289 2780 2286 2780 2189 2782 2186 2782 2147 2802 1955 2791 1952 2791 1863 2805 1816 2785 1813 2785 1810 2785 1808 2785 1727 2805 1593 2788 1591 2788 1588 2788 1532 2807 1532 2810 1432 2810 1343 2810 1285 2791 1282 2791 1279 2791 1276 2791 1201 2810 1198 2810 1168 2810 559 2793 556 2793 553 2793 509 2810 511 2860"/></Shape>
	    <String CONTENT="&lt;. industiuls déciolée pas les Chambres en 1043, avait dévailé une"
                    HPOS="509"
                    VPOS="2780"
                    WIDTH="2116"
                    HEIGHT="100"
                    WC="0.9948376688090238"></String>
          </TextLine>
          <TextLine ID="eSc_line_2a5ecf48"
                    TAGREFS="LT31"
                    BASELINE="500 2921 2631 2913" 
                    HPOS="497"
                    VPOS="2874"
                    WIDTH="2134"
                    HEIGHT="92">
            <Shape><Polygon POINTS="500 2921 503 2966 564 2946 650 2946 673 2963 675 2963 678 2963 681 2963 684 2963 756 2946 962 2960 965 2960 1218 2944 1343 2944 1388 2960 1390 2960 1393 2960 1396 2960 1460 2944 1847 2960 1883 2960 1885 2960 1897 2960 2005 2941 2083 2955 2086 2957 2628 2957 2631 2913 2623 2874 497 2880 500 2921"/></Shape>
	    <String CONTENT="Situation lamentable et l&#x27;insuffisame des moyens d&#x27;investigation dont"
                    HPOS="497"
                    VPOS="2874"
                    WIDTH="2134"
                    HEIGHT="92"
                    WC="0.9774914211121158"></String>
          </TextLine>
          <TextLine ID="eSc_line_50f5d182"
                    TAGREFS="LT31"
                    BASELINE="514 2994 2611 3007" 
                    HPOS="511"
                    VPOS="2935"
                    WIDTH="2100"
                    HEIGHT="95">
            <Shape><Polygon POINTS="514 2994 511 3010 934 3030 937 3030 2609 3024 2611 3007 2611 2966 2553 2946 2550 2946 2547 2946 2464 2963 2450 2966 2436 2963 2372 2946 2369 2946 2367 2946 2253 2960 2194 2944 2191 2944 2189 2944 2186 2944 2147 2957 2114 2944 2111 2944 1897 2944 1894 2944 1891 2944 1888 2944 1872 2960 1863 2963 1579 2963 1560 2957 1502 2941 1499 2941 1432 2941 1429 2941 1426 2941 1424 2941 1404 2955 1396 2960 1299 2957 1296 2955 1273 2938 1271 2938 1268 2938 1265 2938 1168 2952 1134 2960 962 2960 937 2952 879 2935 876 2935 817 2935 815 2935 812 2935 809 2935 792 2949 784 2955 742 2949 631 2935 628 2935 514 2946 514 2994"/></Shape>
	    <String CONTENT="elle avait été pourme permet de croire que la réalité était bien pire"
                    HPOS="511"
                    VPOS="2935"
                    WIDTH="2100"
                    HEIGHT="95"
                    WC="0.9982031860213348"></String>
          </TextLine>
          <TextLine ID="eSc_line_3530c14e"
                    TAGREFS="LT31"
                    BASELINE="511 3074 2617 3069" 
                    HPOS="509"
                    VPOS="3013"
                    WIDTH="2108"
                    HEIGHT="100">
            <Shape><Polygon POINTS="511 3074 511 3096 865 3096 895 3099 1018 3113 1020 3113 1404 3099 1616 3094 1696 3102 1794 3110 1796 3110 2614 3102 2617 3069 2611 3032 2216 3032 2180 3013 2178 3013 2175 3013 2172 3013 2169 3013 2144 3032 2058 3032 1958 3013 1955 3013 1952 3013 1949 3013 1922 3030 1885 3013 1883 3013 1880 3013 1877 3013 1824 3030 1777 3013 1774 3013 1563 3013 1560 3013 1557 3013 1513 3032 1474 3019 1471 3019 1468 3019 1465 3019 1424 3032 1324 3019 1321 3019 1318 3019 1279 3035 1026 3035 970 3016 968 3016 965 3016 962 3016 926 3032 904 3016 901 3016 898 3016 728 3016 726 3016 723 3016 681 3035 509 3035 511 3074"/></Shape>
	    <String CONTENT="encore. Partout on pusque partout s&#x27;était révélée la disproportion du"
                    HPOS="509"
                    VPOS="3013"
                    WIDTH="2108"
                    HEIGHT="100"
                    WC="0.9785821895668472"></String>
          </TextLine>
          <TextLine ID="eSc_line_00b3f635"
                    TAGREFS="LT31"
                    BASELINE="525 3149 2598 3135" 
                    HPOS="522"
                    VPOS="3096"
                    WIDTH="2076"
                    HEIGHT="75">
            <Shape><Polygon POINTS="525 3149 525 3171 2595 3171 2598 3135 2589 3096 522 3102 525 3149"/></Shape>
	    <String CONTENT="cout de l&#x27;existenie, qui n&#x27;avait cessé de s&#x27;auroître depuis 1840, et de"
                    HPOS="522"
                    VPOS="3096"
                    WIDTH="2076"
                    HEIGHT="75"
                    WC="0.9845490464022462"></String>
          </TextLine>
          <TextLine ID="eSc_line_64c4840e"
                    TAGREFS="LT31"
                    BASELINE="514 3222 2614 3216" 
                    HPOS="511"
                    VPOS="3155"
                    WIDTH="2103"
                    HEIGHT="111">
            <Shape><Polygon POINTS="514 3222 514 3247 564 3266 567 3266 570 3266 573 3266 620 3247 625 3247 956 3247 970 3249 1048 3263 1051 3263 1246 3249 1251 3249 1257 3249 1376 3266 1379 3266 1554 3249 1563 3249 1566 3249 1621 3263 1624 3263 1627 3263 1738 3249 1744 3249 1746 3249 1763 3263 1766 3263 1769 3263 1771 3263 2611 3249 2614 3216 2609 3155 2317 3155 2314 3155 2311 3155 2303 3158 2258 3180 2119 3180 2089 3160 2075 3155 2072 3155 2069 3155 2036 3163 1969 3180 1802 3180 1771 3166 1758 3160 1755 3160 1752 3160 1749 3160 1732 3166 1721 3171 1716 3166 1702 3155 1699 3155 1696 3155 1566 3155 1563 3155 1560 3155 1527 3169 1502 3183 1043 3183 1026 3177 951 3158 948 3158 945 3158 942 3158 940 3158 912 3180 909 3183 737 3183 664 3183 592 3158 589 3158 586 3158 584 3158 511 3183 514 3222"/></Shape>
	    <String CONTENT="la rémumération &lt;.. .. .. ...... ....... .. ....&gt;"
                    HPOS="511"
                    VPOS="3155"
                    WIDTH="2103"
                    HEIGHT="111"
                    WC="0.9168964587912267"></String>
          </TextLine>
          <TextLine ID="eSc_line_c3d28240"
                    TAGREFS="LT34"
                    BASELINE="2330 3183 2581 3173" 
                    HPOS="2330"
                    VPOS="3173"
                    WIDTH="251"
                    HEIGHT="10">
	    <String CONTENT=""
                    HPOS="2330"
                    VPOS="3173"
                    WIDTH="251"
                    HEIGHT="10"></String>
          </TextLine>
          <TextLine ID="eSc_line_39b19dcd"
                    TAGREFS="LT34"
                    BASELINE="1065 3274 1354 3266" 
                    HPOS="1062"
                    VPOS="3224"
                    WIDTH="292"
                    HEIGHT="75">
            <Shape><Polygon POINTS="1065 3299 1354 3291 1354 3266 1349 3233 1157 3224 1154 3224 1062 3238 1065 3274"/></Shape>
	    <String CONTENT="du travait"
                    HPOS="1062"
                    VPOS="3224"
                    WIDTH="292"
                    HEIGHT="75"
                    WC="0.9999948382377625"></String>
          </TextLine>
          <TextLine ID="eSc_line_9fd1901a"
                    TAGREFS="LT34"
                    BASELINE="2389 3283 2600 3274" 
                    HPOS="2386"
                    VPOS="3235"
                    WIDTH="214"
                    HEIGHT="70">
            <Shape><Polygon POINTS="2389 3305 2600 3294 2600 3274 2592 3235 2386 3244 2389 3283"/></Shape>
	    <String CONTENT="&lt;.....&gt;"
                    HPOS="2386"
                    VPOS="3235"
                    WIDTH="214"
                    HEIGHT="70"
                    WC="0.9270503776414054"></String>
          </TextLine>
        </TextBlock>
        <TextBlock HPOS="77"
                   VPOS="569"
                   WIDTH="423"
                   HEIGHT="2570"
                   ID="70f08667-8d17-4b1b-a24c-9c5f328f3c1c"
                   TAGREFS="BT43">
          <Shape><Polygon POINTS="500 569 500 3139 98 3115 77 596"/></Shape>
          <TextLine ID="eSc_line_f7b97f8c"
                    TAGREFS="LT31"
                    BASELINE="82 1692 250 1704 455 1724" 
                    HPOS="133"
                    VPOS="1651"
                    WIDTH="334"
                    HEIGHT="108">
            <Shape><Polygon POINTS="166 1659 139 1662 136 1706 133 1729 255 1731 269 1737 328 1759 331 1759 333 1759 461 1748 464 1729 467 1665 197 1651 194 1654"/></Shape>
	    <String CONTENT="am I 227-2)"
                    HPOS="133"
                    VPOS="1651"
                    WIDTH="334"
                    HEIGHT="108"
                    WC="0.9804966124621305"></String>
          </TextLine>
          <TextLine ID="eSc_line_59d9e556"
                    TAGREFS="LT31"
                    BASELINE="87 2861 133 2880 161 2906 301 2878" 
                    HPOS="205"
                    VPOS="2832"
                    WIDTH="45"
                    HEIGHT="89">
            <Shape><Polygon POINTS="214 2919 247 2921 250 2885 242 2832 205 2832 214 2888"/></Shape>
	    <String CONTENT="2"
                    HPOS="205"
                    VPOS="2832"
                    WIDTH="45"
                    HEIGHT="89"
                    WC="0.9999966621398926"></String>
          </TextLine>
        </TextBlock>
        <TextBlock HPOS="143"
                   VPOS="39"
                   WIDTH="214"
                   HEIGHT="223"
                   ID="eSc_textblock_d196ca49"
                   TAGREFS="BT44">
          <Shape><Polygon POINTS="357 262 357 39 143 39 143 262"/></Shape>
        </TextBlock>
        <TextBlock ID="eSc_dummyblock_">
          <TextLine ID="eSc_line_482b1ac9"
                    TAGREFS="LT31"
                    BASELINE="162 160 328 155" 
                    HPOS="200"
                    VPOS="125"
                    WIDTH="53"
                    HEIGHT="69">
            <Shape><Polygon POINTS="200 155 203 161 208 194 253 180 250 152 239 125 225 136"/></Shape>
	    <String CONTENT="8"
                    HPOS="200"
                    VPOS="125"
                    WIDTH="53"
                    HEIGHT="69"
                    WC="0.9999984502792358"></String>
          </TextLine>
          <TextLine ID="eSc_line_75c876e9"
                    TAGREFS="LT31"
                    BASELINE="117 728 310 694" 
                    HPOS="133"
                    VPOS="653"
                    WIDTH="134"
                    HEIGHT="100">
            <Shape><Polygon POINTS="189 678 161 683 133 700 136 720 136 753 267 742 267 711 255 653 225 658 216 711"/></Shape>
	    <String CONTENT=".123"
                    HPOS="133"
                    VPOS="653"
                    WIDTH="134"
                    HEIGHT="100"
                    WC="0.8832702189683914"></String>
          </TextLine>
        </TextBlock>
      </PrintSpace>
    </Page>
  </Layout>
</alto>
