<?xml version="1.0" encoding="UTF-8"?>
<alto xmlns:xsi="http://www.w3.org/2001/XMLSchema-instance"
      xmlns="http://www.loc.gov/standards/alto/ns-v4#"
      xsi:schemaLocation="http://www.loc.gov/standards/alto/ns-v4# http://www.loc.gov/standards/alto/v4/alto-4-2.xsd">
  <Description>
    <MeasurementUnit>pixel</MeasurementUnit>
    <sourceImageInformation>
      <fileName>ARCH-DIV-000496_0046.png</fileName>
    </sourceImageInformation>
  </Description>
  <Tags>
    <OtherTag ID="BT42" LABEL="MainZone" DESCRIPTION="block type MainZone"/><OtherTag ID="BT43" LABEL="MarginTextZone" DESCRIPTION="block type MarginTextZone"/><OtherTag ID="BT44" LABEL="NumberingZone" DESCRIPTION="block type NumberingZone"/><OtherTag ID="BT45" LABEL="TitlePageZone" DESCRIPTION="block type TitlePageZone"/><OtherTag ID="BT46" LABEL="CustomZone:Numbering" DESCRIPTION="block type CustomZone:Numbering"/><OtherTag ID="BT49" LABEL="MarginTextZone:lower" DESCRIPTION="block type MarginTextZone:lower"/>
    <OtherTag ID="LT25" LABEL="default" DESCRIPTION="line type default"/><OtherTag ID="LT31" LABEL="DefaultLine" DESCRIPTION="line type DefaultLine"/><OtherTag ID="LT32" LABEL="HeadingLine" DESCRIPTION="line type HeadingLine"/><OtherTag ID="LT33" LABEL="InterlinearLine:addition" DESCRIPTION="line type InterlinearLine:addition"/><OtherTag ID="LT34" LABEL="InterlinearLine:correction" DESCRIPTION="line type InterlinearLine:correction"/>
  </Tags>
  <Layout>
    <Page WIDTH="2790"
          HEIGHT="3336"
          PHYSICAL_IMG_NR="45"
          ID="eSc_dummypage_">
      <PrintSpace HPOS="0"
                  VPOS="0"
                  WIDTH="2790"
                  HEIGHT="3336">
        <TextBlock HPOS="519"
                   VPOS="6"
                   WIDTH="2234"
                   HEIGHT="3306"
                   ID="80f7ec9f-9ff5-4450-a01e-2f72c8e3238c"
                   TAGREFS="BT42">
          <Shape><Polygon POINTS="2753 6 2753 3312 519 3312 519 6"/></Shape>
          <TextLine ID="eSc_line_2580eb74"
                    TAGREFS="LT31"
                    BASELINE="620 88 973 80 2712 97" 
                    HPOS="620"
                    VPOS="22"
                    WIDTH="2092"
                    HEIGHT="111">
            <Shape><Polygon POINTS="2703 52 2675 52 2648 52 2620 52 2592 52 2564 50 2536 50 2509 50 2481 50 2453 50 2425 50 2397 50 2050 50 2016 44 1994 41 1980 41 1952 41 1924 41 1897 41 1885 38 1880 44 1877 47 1710 47 1705 41 1699 36 1674 36 1646 36 1618 36 1591 36 1563 36 1535 36 1518 33 1418 38 1368 41 1354 38 1312 30 1285 30 1257 30 1229 30 1207 30 1095 38 1070 38 1059 38 1012 27 1006 27 979 25 954 25 828 36 817 36 809 36 712 22 700 22 678 22 631 30 620 38 620 88 620 116 1632 113 1663 119 1705 127 2375 133 2378 133 2709 119 2712 97 2709 52 2703 52"/></Shape>
	    <String CONTENT="femme lui avait concilie la syuepothie de l&#x27;arstocratie om¬"
                    HPOS="620"
                    VPOS="22"
                    WIDTH="2092"
                    HEIGHT="111"
                    WC="0.9920638880487216"></String>
          </TextLine>
          <TextLine ID="eSc_line_1481be40"
                    TAGREFS="LT31"
                    BASELINE="617 172 2703 166" 
                    HPOS="614"
                    VPOS="108"
                    WIDTH="2089"
                    HEIGHT="100">
            <Shape><Polygon POINTS="617 172 620 208 662 194 1315 202 1599 205 1602 205 2700 189 2703 166 2700 133 2653 111 2650 111 2648 111 2645 111 2642 111 2617 130 2378 113 2375 113 2255 133 1827 133 1766 116 1763 116 1760 116 1649 133 1641 133 1638 133 1585 113 1582 113 1579 113 1454 133 1446 133 1438 133 1349 111 1346 111 1168 130 1123 108 1121 108 673 108 670 108 667 108 614 127 617 172"/></Shape>
	    <String CONTENT="glaisc. Le Parlement lui avait vote une rente à vie de 50000 li¬"
                    HPOS="614"
                    VPOS="108"
                    WIDTH="2089"
                    HEIGHT="100"
                    WC="0.9794379463562599"></String>
          </TextLine>
          <TextLine ID="eSc_line_b5fea226"
                    TAGREFS="LT31"
                    BASELINE="611 239 2695 255" 
                    HPOS="609"
                    VPOS="197"
                    WIDTH="2086"
                    HEIGHT="89">
            <Shape><Polygon POINTS="611 239 609 258 667 275 670 275 673 275 909 264 956 261 962 264 984 278 987 278 990 278 993 278 1184 266 1190 266 1198 266 1560 280 1563 280 1627 269 1652 266 1668 272 1705 283 1707 283 1710 283 1769 272 1785 269 1947 269 1963 275 2000 286 2002 286 2005 286 2089 275 2119 272 2144 275 2197 286 2200 286 2692 280 2695 255 2692 216 611 197 611 239"/></Shape>
	    <String CONTENT="vres sterling. Sa situation s&#x27;était encore rehaussée du mariage"
                    HPOS="609"
                    VPOS="197"
                    WIDTH="2086"
                    HEIGHT="89"
                    WC="0.9930832140029423"></String>
          </TextLine>
          <TextLine ID="eSc_line_f435fd7b"
                    TAGREFS="LT31"
                    BASELINE="603 322 901 314 2667 341" 
                    HPOS="603"
                    VPOS="261"
                    WIDTH="2064"
                    HEIGHT="111">
            <Shape><Polygon POINTS="603 322 603 350 723 333 1043 336 1095 355 1098 355 1101 355 1104 355 1254 341 1324 358 1335 361 1337 361 1340 361 1357 358 1446 344 1655 364 1713 366 1716 366 1749 364 1827 355 2005 366 2108 372 2111 372 2139 366 2205 355 2228 369 2230 369 2233 369 2236 369 2244 369 2297 358 2662 372 2667 341 2664 294 776 278 776 275 742 261 739 261 737 261 603 272 603 322"/></Shape>
	    <String CONTENT="de sa sacur, la princesse de Leumigen avec le duc de Kent, &lt;..&gt;"
                    HPOS="603"
                    VPOS="261"
                    WIDTH="2064"
                    HEIGHT="111"
                    WC="0.9947603212462531"></String>
          </TextLine>
          <TextLine ID="eSc_line_08d0262c"
                    TAGREFS="LT31"
                    BASELINE="603 400 884 391 2728 430" 
                    HPOS="600"
                    VPOS="336"
                    WIDTH="2128"
                    HEIGHT="131">
            <Shape><Polygon POINTS="603 400 600 425 2723 467 2728 430 2726 391 2570 372 2567 372 2356 383 2328 383 2325 383 2292 364 2289 364 2286 364 2283 364 2228 380 2225 380 2214 380 2089 366 2086 366 2083 366 2050 378 2044 378 2030 378 1894 355 1891 355 1888 355 1833 372 1830 372 1663 372 1660 369 1618 350 1616 350 1613 350 1529 366 1524 366 1343 366 1337 364 1296 347 1293 347 1290 347 1226 358 1204 341 1201 341 1198 341 1196 341 1084 358 1076 358 1073 358 1040 339 1037 339 1034 339 1031 339 981 355 979 355 923 336 920 336 917 336 603 347 603 400"/></Shape>
	    <String CONTENT="&lt;..... . .. ..... .......... ...&gt;"
                    HPOS="600"
                    VPOS="336"
                    WIDTH="2128"
                    HEIGHT="131"
                    WC="0.846644937992096"></String>
          </TextLine>
          <TextLine ID="eSc_line_bec6242d"
                    TAGREFS="LT31"
                    BASELINE="603 467 2726 497" 
                    HPOS="600"
                    VPOS="419"
                    WIDTH="2126"
                    HEIGHT="111">
            <Shape><Polygon POINTS="603 467 600 486 636 503 639 503 642 503 762 492 2720 530 2726 497 2723 455 603 419 603 467"/></Shape>
	    <String CONTENT="&lt;. .... .. .. ... ..&gt; L&#x27;enfaut ne de"
                    HPOS="600"
                    VPOS="419"
                    WIDTH="2126"
                    HEIGHT="111"
                    WC="0.8811252233054903"></String>
          </TextLine>
          <TextLine ID="eSc_line_486db15f"
                    TAGREFS="LT31"
                    BASELINE="592 550 815 542 2712 567" 
                    HPOS="589"
                    VPOS="489"
                    WIDTH="2123"
                    HEIGHT="111">
            <Shape><Polygon POINTS="592 550 589 561 2706 600 2712 567 2712 533 2620 511 2617 511 2297 525 1955 505 1952 505 1838 519 1835 519 1649 500 1646 500 1643 500 1602 517 1579 497 1577 497 1574 497 1571 497 1568 497 1510 511 1374 494 1371 494 1265 511 929 489 926 489 592 503 592 550"/></Shape>
	    <String CONTENT="&lt;....&gt; la princesse Victoria le trouvant, depuis le mort de Char¬"
                    HPOS="589"
                    VPOS="489"
                    WIDTH="2123"
                    HEIGHT="111"
                    WC="0.9840383786421556"></String>
          </TextLine>
          <TextLine ID="eSc_line_72ba17bd"
                    TAGREFS="LT34"
                    BASELINE="657 507 952 514" 
                    HPOS="657"
                    VPOS="507"
                    WIDTH="295"
                    HEIGHT="7">
	    <String CONTENT=""
                    HPOS="657"
                    VPOS="507"
                    WIDTH="295"
                    HEIGHT="7"></String>
          </TextLine>
          <TextLine ID="eSc_line_0be45115"
                    TAGREFS="LT31"
                    BASELINE="575 622 2723 631" 
                    HPOS="573"
                    VPOS="569"
                    WIDTH="2150"
                    HEIGHT="87">
            <Shape><Polygon POINTS="575 622 573 642 2717 656 2723 631 2723 594 2573 575 2570 575 2567 575 2564 575 2542 592 2492 575 2489 575 2389 575 2386 575 2383 575 2381 575 2356 592 2353 589 2331 575 2328 575 2325 575 2322 575 2236 589 2216 592 1616 592 1607 583 1591 572 1588 572 1585 572 1582 572 1457 583 1388 589 1187 589 1171 581 1137 569 1134 569 1132 569 1057 581 1012 586 995 581 973 569 970 569 968 569 904 578 873 583 840 578 784 569 781 569 778 569 776 569 767 578 756 586 726 578 698 569 695 569 692 569 575 575 575 622"/></Shape>
	    <String CONTENT="lotte, héritière de la consone britanique, on s&#x27;attendait à le voir sons"
                    HPOS="573"
                    VPOS="569"
                    WIDTH="2150"
                    HEIGHT="87"
                    WC="0.9699714714533663"></String>
          </TextLine>
          <TextLine ID="eSc_line_6ad0f58d"
                    TAGREFS="LT31"
                    BASELINE="575 708 965 697 2709 697" 
                    HPOS="573"
                    VPOS="644"
                    WIDTH="2136"
                    HEIGHT="98">
            <Shape><Polygon POINTS="575 708 575 728 1090 739 1093 739 1095 739 1098 739 1118 725 1126 722 1435 722 1457 725 1557 739 1560 739 1643 722 1657 722 1682 722 1869 739 1872 739 1874 739 1933 722 1936 722 1944 722 2086 736 2089 736 2219 722 2319 739 2322 742 2525 742 2525 739 2528 739 2531 739 2553 725 2617 739 2620 739 2706 717 2709 697 2706 658 2645 644 2642 644 2639 644 2637 644 2586 661 2581 664 2100 664 2094 661 2013 647 2011 647 2008 647 1974 661 1974 664 1810 664 1682 664 1546 647 1543 647 1541 647 1538 647 1521 664 1329 664 1285 647 1282 647 1279 647 1165 661 1082 647 1079 647 1076 647 1037 661 998 647 995 647 993 647 990 647 951 661 915 647 912 647 909 647 806 661 631 647 628 647 625 647 573 664 575 708"/></Shape>
	    <String CONTENT="le futus regne, jouir d&#x27;une influence de premier odre &lt;.......&gt;"
                    HPOS="573"
                    VPOS="644"
                    WIDTH="2136"
                    HEIGHT="98"
                    WC="0.9698472865044124"></String>
          </TextLine>
          <TextLine ID="eSc_line_67edc4c8"
                    TAGREFS="LT31"
                    BASELINE="592 783 1838 767 2703 775" 
                    HPOS="589"
                    VPOS="728"
                    WIDTH="2114"
                    HEIGHT="86">
            <Shape><Polygon POINTS="592 783 592 814 945 797 2700 797 2703 775 2700 728 589 728 592 783"/></Shape>
	    <String CONTENT="&lt;............ . ... ..¬"
                    HPOS="589"
                    VPOS="728"
                    WIDTH="2114"
                    HEIGHT="86"
                    WC="0.9364587431368621"></String>
          </TextLine>
          <TextLine ID="eSc_line_65d336ba"
                    TAGREFS="LT31"
                    BASELINE="589 859 2698 831" 
                    HPOS="586"
                    VPOS="781"
                    WIDTH="2112"
                    HEIGHT="111">
            <Shape><Polygon POINTS="589 859 589 892 2695 864 2698 831 2689 789 2153 797 2144 797 2080 781 2077 781 2075 781 2072 781 2069 781 2069 783 2052 797 2050 803 1966 803 1955 800 1852 783 1849 783 1847 783 1791 803 1788 803 1785 803 1732 786 1730 786 1727 786 1724 786 1721 786 1699 803 1624 789 1621 789 1618 789 1566 806 1563 806 1460 789 1457 789 1454 789 1452 789 1426 808 1424 808 1407 808 1009 795 1006 795 1004 795 954 814 817 797 815 797 812 797 809 797 778 817 620 800 617 800 614 800 611 800 586 814 589 859"/></Shape>
	    <String CONTENT="&lt;...... ... ............&gt; De nouvelles perspu¬"
                    HPOS="586"
                    VPOS="781"
                    WIDTH="2112"
                    HEIGHT="111"
                    WC="0.8701772625031678"></String>
          </TextLine>
          <TextLine ID="eSc_line_8d888440"
                    TAGREFS="LT31"
                    BASELINE="592 928 1791 897 2692 897" 
                    HPOS="589"
                    VPOS="853"
                    WIDTH="2103"
                    HEIGHT="106">
            <Shape><Polygon POINTS="592 928 592 959 1385 945 1388 945 1410 939 1452 928 1532 936 1596 942 1599 942 1602 942 1605 942 1605 939 1613 934 1621 925 1705 931 1774 936 1777 936 1872 928 1955 920 1986 925 2033 934 2036 934 2111 922 2144 917 2214 920 2464 928 2467 928 2470 928 2472 928 2495 911 2497 911 2503 911 2634 925 2637 925 2639 925 2692 906 2692 897 2689 856 1783 853 1780 853 1379 875 1287 861 1285 861 1282 861 1279 861 1251 878 1068 870 1065 870 929 884 926 884 787 870 784 870 781 870 778 870 753 886 675 872 673 872 589 889 592 928"/></Shape>
	    <String CONTENT="tiveslui furent ouvertes par l&#x27;offre du tiône de Grèce au mois de fé¬"
                    HPOS="589"
                    VPOS="853"
                    WIDTH="2103"
                    HEIGHT="106"
                    WC="0.9876586561617644"></String>
          </TextLine>
          <TextLine ID="eSc_line_2ad19299"
                    TAGREFS="LT31"
                    BASELINE="595 1000 1802 964 2700 964" 
                    HPOS="592"
                    VPOS="906"
                    WIDTH="2108"
                    HEIGHT="122">
            <Shape><Polygon POINTS="595 1000 595 1014 731 1028 734 1028 884 1011 892 1011 898 1011 1023 1023 1026 1023 2700 981 2700 964 2695 920 2417 922 2361 906 2358 906 2356 906 2353 906 2305 925 2305 928 2161 928 2139 911 2136 911 2133 911 2130 911 2055 925 1894 914 1891 914 1888 914 1821 934 1802 917 1799 917 1796 917 1794 917 1791 917 1735 934 1641 920 1638 920 1443 942 1440 945 1432 945 1290 945 1271 928 1268 928 1265 928 1262 928 1020 947 945 934 942 934 940 934 887 950 809 936 806 936 803 936 801 936 778 956 592 959 595 1000"/></Shape>
	    <String CONTENT="vrier 1830. Dmpati... &lt;..... .. ... ..... ..&gt; Impatient de"
                    HPOS="592"
                    VPOS="906"
                    WIDTH="2108"
                    HEIGHT="122"
                    WC="0.8978996924285231"></String>
          </TextLine>
          <TextLine ID="eSc_line_0aad3019"
                    TAGREFS="LT31"
                    BASELINE="600 1073 1758 1031 2712 1025" 
                    HPOS="598"
                    VPOS="972"
                    WIDTH="2114"
                    HEIGHT="142">
            <Shape><Polygon POINTS="600 1073 606 1114 639 1092 717 1106 720 1106 834 1084 876 1103 879 1103 881 1103 884 1103 954 1081 1026 1095 1029 1095 1031 1095 1068 1078 1168 1078 1218 1095 1221 1095 1223 1095 1326 1070 1568 1067 1630 1084 1643 1089 1646 1089 1649 1089 1680 1084 1777 1061 1852 1078 1880 1084 1883 1084 2102 1078 2105 1078 2125 1070 2169 1056 2216 1067 2236 1073 2239 1073 2242 1073 2278 1067 2353 1053 2428 1053 2445 1061 2453 1070 2456 1070 2458 1070 2461 1070 2709 1053 2712 1025 2703 981 2389 986 2353 972 2350 972 2347 972 2344 972 2342 972 2342 975 2325 989 2325 992 2233 992 2230 992 2211 975 2208 975 2205 975 2119 975 2116 975 1944 998 1899 981 1897 981 1894 981 1891 981 1888 981 1860 998 1766 984 1763 984 1621 1003 1418 992 1415 992 1260 1014 1207 1000 1204 1000 1201 1000 1198 1000 1196 1000 1168 1017 1101 1000 1098 1000 1095 1000 1093 1000 1040 1014 951 1003 948 1003 945 1003 904 1025 598 1031 600 1073"/></Shape>
	    <String CONTENT="jouer un rôle, il accepta la chance qui se présent ait. Ilroigtioumpanns"
                    HPOS="598"
                    VPOS="972"
                    WIDTH="2114"
                    HEIGHT="142"
                    WC="0.9835278052422736"></String>
          </TextLine>
          <TextLine ID="eSc_line_36518404"
                    TAGREFS="LT34"
                    BASELINE="1915 1060 2117 1061" 
                    HPOS="1915"
                    VPOS="1060"
                    WIDTH="202"
                    HEIGHT="1">
	    <String CONTENT=""
                    HPOS="1915"
                    VPOS="1060"
                    WIDTH="202"
                    HEIGHT="1"></String>
          </TextLine>
          <TextLine ID="eSc_line_2340c254"
                    TAGREFS="LT31"
                    BASELINE="595 1139 1933 1100 2689 1095" 
                    HPOS="592"
                    VPOS="1036"
                    WIDTH="2097"
                    HEIGHT="126">
            <Shape><Polygon POINTS="595 1139 595 1159 1057 1162 1059 1162 1126 1150 1182 1142 1293 1148 1349 1150 1351 1150 1401 1145 1529 1134 1635 1142 1682 1145 1685 1145 1741 1139 1888 1125 1955 1137 1977 1139 1980 1139 1983 1139 1986 1139 1991 1137 2013 1123 2183 1134 2222 1134 2225 1134 2228 1134 2230 1134 2233 1131 2255 1117 2369 1128 2372 1128 2375 1128 2378 1128 2575 1109 2684 1123 2689 1095 2684 1050 2614 1036 2611 1036 2609 1036 2578 1053 2567 1059 2250 1061 2244 1061 2214 1048 2211 1048 2208 1048 2205 1048 2203 1048 2180 1061 2172 1067 1838 1070 1821 1070 1763 1056 1760 1056 1758 1056 1652 1075 1632 1078 1618 1075 1524 1061 1521 1061 1401 1081 1388 1084 1379 1084 1332 1070 1329 1070 1326 1070 1143 1089 1129 1089 1126 1089 1087 1075 1084 1075 1082 1075 1079 1075 1076 1075 1054 1092 1051 1092 1031 1092 826 1078 823 1078 731 1081 728 1081 726 1081 703 1100 700 1100 628 1084 625 1084 623 1084 592 1098 595 1139"/></Shape>
	    <String CONTENT="Elle le décut ases amèrement. Convaincu, ...........&gt;, le"
                    HPOS="592"
                    VPOS="1036"
                    WIDTH="2097"
                    HEIGHT="126"
                    WC="0.9579897313787226"></String>
          </TextLine>
          <TextLine ID="eSc_line_11a983d6"
                    TAGREFS="LT31"
                    BASELINE="595 1206 2667 1148" 
                    HPOS="592"
                    VPOS="1100"
                    WIDTH="2075"
                    HEIGHT="131">
            <Shape><Polygon POINTS="595 1206 595 1231 2667 1178 2667 1148 2662 1114 2595 1100 2592 1100 2589 1100 2564 1114 2547 1100 2545 1100 2542 1100 2539 1100 2461 1117 2433 1103 2431 1103 2428 1103 2328 1120 2275 1106 2272 1106 2269 1106 2172 1125 2166 1125 2164 1125 2075 1112 2072 1112 1888 1134 1869 1137 1796 1137 1354 1137 1351 1137 1212 1150 1171 1153 1157 1150 1104 1139 1101 1139 1098 1139 1095 1139 1095 1142 1082 1153 1079 1156 1070 1153 1023 1142 1020 1142 1018 1142 904 1145 901 1145 898 1145 898 1148 887 1159 881 1164 592 1164 595 1206"/></Shape>
	    <String CONTENT="l&#x27;impossibilieé d’organises un royannge. &lt;..... . .. ....&gt;"
                    HPOS="592"
                    VPOS="1100"
                    WIDTH="2075"
                    HEIGHT="131"
                    WC="0.9187649478172434"></String>
          </TextLine>
          <TextLine ID="eSc_line_a25e1b9b"
                    TAGREFS="LT34"
                    BASELINE="1683 1216 2614 1185" 
                    HPOS="1683"
                    VPOS="1185"
                    WIDTH="931"
                    HEIGHT="31">
	    <String CONTENT=""
                    HPOS="1683"
                    VPOS="1185"
                    WIDTH="931"
                    HEIGHT="31"></String>
          </TextLine>
          <TextLine ID="eSc_line_c16bdd46"
                    TAGREFS="LT31"
                    BASELINE="581 1273 2656 1214" 
                    HPOS="578"
                    VPOS="1153"
                    WIDTH="2078"
                    HEIGHT="150">
            <Shape><Polygon POINTS="2542 1153 2102 1178 2063 1167 2061 1167 2058 1167 2055 1167 2052 1167 2052 1170 2030 1189 2027 1189 1963 1170 1961 1170 1958 1170 1955 1170 1952 1170 1952 1173 1938 1184 1835 1175 1833 1175 1830 1175 1788 1195 1702 1181 1699 1181 1621 1195 1593 1181 1591 1181 1588 1181 1585 1181 1582 1181 1554 1203 1549 1203 1502 1192 1499 1192 1324 1209 1315 1209 1312 1209 1287 1189 1285 1189 1282 1189 1279 1189 1276 1189 1273 1189 1243 1212 1240 1212 1215 1212 1012 1206 1009 1206 706 1225 700 1225 650 1212 648 1212 645 1212 642 1212 578 1228 581 1273 581 1303 2656 1237 2656 1214 2650 1173 2545 1153 2542 1153"/></Shape>
	    <String CONTENT="&lt;.......&gt; déchiré par les partis el &lt;.... .. ..... .... ."
                    HPOS="578"
                    VPOS="1153"
                    WIDTH="2078"
                    HEIGHT="150"
                    WC="0.8653668771710312"></String>
          </TextLine>
          <TextLine ID="eSc_line_7e09c789"
                    TAGREFS="LT34"
                    BASELINE="2409 1262 2599 1246" 
                    HPOS="2409"
                    VPOS="1246"
                    WIDTH="190"
                    HEIGHT="16">
	    <String CONTENT=""
                    HPOS="2409"
                    VPOS="1246"
                    WIDTH="190"
                    HEIGHT="16"></String>
          </TextLine>
          <TextLine ID="eSc_line_49eb7557"
                    TAGREFS="LT31"
                    BASELINE="589 1348 2700 1284" 
                    HPOS="586"
                    VPOS="1248"
                    WIDTH="2114"
                    HEIGHT="136">
            <Shape><Polygon POINTS="589 1348 589 1384 973 1356 1176 1370 1215 1370 1218 1370 1254 1367 1393 1348 1457 1359 1474 1362 1477 1362 1499 1359 1605 1334 1719 1334 1763 1351 1774 1353 1777 1353 1780 1353 1783 1353 1802 1348 1877 1326 2700 1317 2700 1284 2692 1248 1872 1256 1777 1273 1694 1262 1691 1262 1596 1278 1435 1270 1432 1270 586 1309 589 1348"/></Shape>
	    <String CONTENT="&lt;..&gt; (21 mai) à la tacte qu&#x27;il avait assennée &lt;...&gt; qul¬"
                    HPOS="586"
                    VPOS="1248"
                    WIDTH="2114"
                    HEIGHT="136"
                    WC="0.9569387101290519"></String>
          </TextLine>
          <TextLine ID="eSc_line_17fe01a5"
                    TAGREFS="LT31"
                    BASELINE="620 1417 2687 1353" 
                    HPOS="617"
                    VPOS="1309"
                    WIDTH="2070"
                    HEIGHT="142">
            <Shape><Polygon POINTS="620 1417 620 1451 770 1448 773 1448 776 1448 803 1431 959 1440 962 1440 965 1440 968 1440 970 1440 970 1437 984 1423 1098 1423 1134 1434 1143 1437 1146 1437 1148 1437 1151 1437 1154 1437 1157 1434 1179 1420 1229 1431 1246 1434 1248 1434 1788 1417 1827 1412 1908 1398 1941 1409 1955 1412 1958 1412 1961 1412 1963 1412 1966 1412 1974 1406 1994 1395 2016 1406 2025 1409 2027 1409 2030 1409 2033 1409 2036 1409 2041 1403 2063 1390 2687 1381 2687 1353 2678 1309 2230 1331 2216 1326 2208 1317 2205 1317 2203 1317 2200 1317 2197 1317 2169 1326 2141 1334 2077 1328 1986 1323 1983 1323 1774 1339 1680 1348 1655 1345 1599 1337 1596 1337 1593 1337 1591 1337 1577 1348 1574 1351 1563 1348 1521 1337 1518 1337 1516 1337 1440 1353 1418 1356 1388 1353 1279 1345 1276 1345 1165 1362 1146 1364 1115 1364 890 1356 887 1356 617 1381 620 1417"/></Shape>
	    <String CONTENT="que précipitation. &lt;..... ........ .. ....&gt;"
                    HPOS="617"
                    VPOS="1309"
                    WIDTH="2070"
                    HEIGHT="142"
                    WC="0.9533579626748728"></String>
          </TextLine>
          <TextLine ID="eSc_line_75c71a68"
                    TAGREFS="LT31"
                    BASELINE="589 1484 1583 1462 1583 1462 2698 1423" 
                    HPOS="586"
                    VPOS="1376"
                    WIDTH="2112"
                    HEIGHT="141">
            <Shape><Polygon POINTS="589 1517 2698 1448 2698 1423 2689 1376 2116 1403 2027 1398 1927 1390 1924 1390 1922 1390 1919 1390 1919 1392 1908 1401 1899 1412 1827 1412 1710 1409 1582 1403 1579 1403 1577 1403 1552 1415 1532 1420 1507 1415 1452 1403 1449 1403 1368 1420 1337 1426 1321 1420 1279 1409 1276 1409 1273 1409 1129 1415 1126 1415 1123 1415 1104 1428 1098 1431 1095 1428 1068 1415 1065 1415 1062 1415 867 1420 586 1445 589 1484"/></Shape>
	    <String CONTENT="&lt;..&gt; la rivolution belge vint à point &lt;... . ...&gt;"
                    HPOS="586"
                    VPOS="1376"
                    WIDTH="2112"
                    HEIGHT="141"
                    WC="0.9447725486755371"></String>
          </TextLine>
          <TextLine ID="eSc_line_f5020252"
                    TAGREFS="LT31"
                    BASELINE="589 1551 2678 1495" 
                    HPOS="586"
                    VPOS="1456"
                    WIDTH="2092"
                    HEIGHT="134">
            <Shape><Polygon POINTS="589 1551 589 1570 670 1590 673 1590 675 1590 678 1590 678 1587 695 1573 748 1584 751 1584 895 1565 906 1565 917 1565 1104 1579 1107 1579 1326 1559 1696 1562 1699 1562 1702 1562 1738 1548 1752 1542 1835 1545 2050 1554 2052 1554 2055 1554 2089 1540 2102 1534 2153 1537 2233 1545 2236 1545 2239 1545 2278 1537 2308 1529 2328 1534 2358 1545 2361 1545 2364 1545 2367 1545 2392 1534 2406 1526 2675 1526 2678 1495 2670 1456 1421 1476 1418 1476 1374 1492 1365 1492 1193 1484 1190 1484 1187 1484 1184 1484 1171 1498 1151 1484 1148 1484 1146 1484 1143 1484 1140 1484 1107 1501 1104 1503 984 1503 979 1503 798 1492 795 1492 586 1515 589 1551"/></Shape>
	    <String CONTENT="&lt;.&gt; nommé &lt;..&gt; donner enfin un bet précis à ses"
                    HPOS="586"
                    VPOS="1456"
                    WIDTH="2092"
                    HEIGHT="134"
                    WC="0.9339307724161351"></String>
          </TextLine>
          <TextLine ID="eSc_line_87b0adac"
                    TAGREFS="LT31"
                    BASELINE="584 1626 1260 1620 2688 1572" 
                    HPOS="581"
                    VPOS="1548"
                    WIDTH="1663"
                    HEIGHT="103">
            <Shape><Polygon POINTS="584 1648 1337 1651 1340 1651 2033 1615 2094 1631 2097 1631 2100 1631 2244 1606 2244 1587 2239 1551 1760 1548 1758 1548 1755 1548 1719 1559 1699 1565 1613 1562 1510 1556 1507 1556 1388 1565 1218 1579 1201 1567 1196 1565 1193 1565 1190 1565 1187 1565 1162 1570 1104 1581 984 1573 940 1570 937 1570 934 1570 923 1573 890 1587 812 1576 784 1573 781 1573 751 1576 650 1592 581 1581 584 1626"/></Shape>
	    <String CONTENT="ambitions. Il avait été question de lui dès le mois de"
                    HPOS="581"
                    VPOS="1548"
                    WIDTH="1663"
                    HEIGHT="103"
                    WC="0.9860793043065954"></String>
          </TextLine>
          <TextLine ID="eSc_line_e25a033c"
                    TAGREFS="LT31"
                    BASELINE="573 1706 1324 1698 2675 1642" 
                    HPOS="570"
                    VPOS="1592"
                    WIDTH="2105"
                    HEIGHT="156">
            <Shape><Polygon POINTS="573 1706 573 1734 742 1731 751 1731 798 1748 801 1748 803 1748 929 1726 942 1726 954 1726 1059 1740 1062 1740 1146 1723 1304 1731 1307 1731 1618 1720 1621 1720 1624 1720 1649 1706 1877 1712 1880 1712 1955 1695 1980 1687 2675 1670 2675 1642 2667 1592 2383 1617 2242 1606 2225 1606 2222 1606 2219 1606 2216 1606 2189 1626 2016 1634 1838 1637 1813 1623 1810 1623 1808 1623 1805 1623 1671 1642 1624 1629 1616 1626 1613 1626 1610 1626 1577 1631 1443 1651 1304 1640 1290 1640 1287 1640 1285 1640 1282 1640 1254 1656 1173 1645 1151 1642 1148 1642 1146 1642 1143 1642 1140 1645 1118 1662 1057 1648 1048 1648 1045 1648 1034 1648 956 1667 898 1654 879 1651 876 1651 873 1651 853 1656 789 1673 739 1659 726 1656 723 1656 720 1656 570 1665 573 1706"/></Shape>
	    <String CONTENT="Wellington ne l&#x27;aimait pas; en France l&#x27;apinion avait tout de suite"
                    HPOS="570"
                    VPOS="1592"
                    WIDTH="2105"
                    HEIGHT="156"
                    WC="0.990307839059118"></String>
          </TextLine>
          <TextLine ID="eSc_line_2f88d358"
                    TAGREFS="LT31"
                    BASELINE="581 1784 1504 1770 2420 1731 2709 1731" 
                    HPOS="578"
                    VPOS="1684"
                    WIDTH="2131"
                    HEIGHT="139">
            <Shape><Polygon POINTS="581 1784 581 1823 687 1804 1115 1806 1290 1806 1293 1806 1296 1806 1312 1798 1332 1793 1360 1798 1390 1804 1393 1804 1516 1793 1613 1784 1777 1784 2094 1784 2097 1784 2100 1784 2130 1770 2144 1768 2158 1770 2200 1781 2203 1781 2205 1781 2706 1751 2709 1731 2706 1684 2311 1684 2308 1684 2233 1698 2216 1701 2205 1698 2166 1690 2164 1690 2161 1690 2158 1690 2127 1701 2105 1709 2047 1704 1944 1695 1941 1695 1844 1712 1802 1718 1783 1712 1732 1701 1730 1701 1727 1701 1724 1701 1660 1718 1643 1720 1610 1720 1510 1712 1507 1712 1410 1726 1382 1729 1376 1726 1346 1715 1343 1715 1340 1715 1337 1715 1296 1729 1287 1731 1273 1731 1201 1720 1198 1720 1098 1737 1084 1737 1062 1737 803 1726 801 1726 798 1726 795 1726 773 1745 703 1729 700 1729 698 1729 695 1729 692 1729 667 1748 614 1737 611 1737 609 1737 578 1748 581 1784"/></Shape>
	    <String CONTENT="protesté contre cet Arglais. &lt; . . . ......&gt;"
                    HPOS="578"
                    VPOS="1684"
                    WIDTH="2131"
                    HEIGHT="139"
                    WC="0.9229382628744299"></String>
          </TextLine>
          <TextLine ID="eSc_line_0d3d77e6"
                    TAGREFS="LT31"
                    BASELINE="570 1862 1315 1854 2667 1793" 
                    HPOS="567"
                    VPOS="1743"
                    WIDTH="2100"
                    HEIGHT="152">
            <Shape><Polygon POINTS="570 1862 570 1895 1006 1882 1134 1895 1137 1895 1240 1876 1385 1887 1388 1887 1605 1862 1682 1876 1685 1876 1908 1845 1916 1845 1919 1845 2041 1857 2044 1857 2047 1857 2086 1843 2105 1859 2108 1859 2111 1859 2114 1859 2116 1859 2208 1834 2211 1834 2214 1834 2353 1851 2356 1851 2358 1851 2436 1826 2497 1845 2500 1845 2503 1845 2506 1845 2509 1845 2534 1823 2584 1837 2586 1837 2589 1837 2592 1837 2667 1815 2667 1793 2662 1759 2539 1743 2536 1743 2534 1743 2486 1762 2481 1765 2475 1765 2422 1745 2420 1745 2417 1745 2414 1745 2411 1745 2386 1768 2383 1770 2325 1773 2280 1770 2203 1762 2200 1762 2102 1776 2050 1781 2027 1776 1963 1762 1961 1762 1897 1768 1894 1768 1891 1768 1891 1770 1877 1781 1872 1787 1855 1781 1810 1770 1808 1770 1805 1770 1802 1770 1763 1784 1735 1795 1688 1787 1616 1776 1613 1776 1610 1776 1607 1776 1591 1790 1579 1801 1513 1806 1176 1815 1121 1804 1068 1795 1065 1795 1062 1795 1031 1806 990 1823 923 1812 879 1804 876 1804 567 1820 570 1862"/></Shape>
	    <String CONTENT="&lt;........ ......  .&gt; Pendant assez longteemps"
                    HPOS="567"
                    VPOS="1743"
                    WIDTH="2100"
                    HEIGHT="152"
                    WC="0.9215398536788093"></String>
          </TextLine>
          <TextLine ID="eSc_line_ca6d7237"
                    TAGREFS="LT31"
                    BASELINE="570 1937 1479 1920 2700 1859" 
                    HPOS="567"
                    VPOS="1818"
                    WIDTH="2133"
                    HEIGHT="153">
            <Shape><Polygon POINTS="570 1937 570 1968 876 1971 879 1971 970 1957 1001 1951 1018 1954 1070 1965 1073 1965 1510 1937 1657 1929 1719 1929 1858 1934 1860 1934 1908 1923 1944 1915 1963 1920 1983 1929 1986 1929 1988 1929 2075 1918 2166 1907 2233 1912 2289 1918 2292 1918 2353 1909 2436 1895 2698 1895 2700 1859 2695 1832 2420 1818 2417 1818 2414 1818 2344 1840 2331 1845 2317 1843 2280 1829 2278 1829 2275 1829 2094 1848 2022 1857 2000 1851 1936 1837 1933 1837 1930 1837 1894 1857 1880 1862 1860 1857 1841 1851 1838 1851 1835 1851 1833 1851 1802 1859 1760 1868 1699 1862 1649 1857 1646 1857 1643 1857 1641 1857 1632 1862 1613 1873 1413 1870 1354 1870 1351 1870 1349 1870 1346 1870 1343 1873 1326 1884 1301 1873 1276 1865 1273 1865 1271 1865 1268 1865 1265 1865 1248 1876 1226 1890 1054 1893 1023 1882 995 1873 993 1873 990 1873 987 1873 984 1873 970 1884 951 1901 823 1901 806 1890 798 1882 795 1882 792 1882 789 1882 567 1895 570 1937"/></Shape>
	    <String CONTENT="les Puissances &lt;.......... . ....&gt; lui avaient préfert le prin¬"
                    HPOS="567"
                    VPOS="1818"
                    WIDTH="2133"
                    HEIGHT="153"
                    WC="0.9377071185717507"></String>
          </TextLine>
          <TextLine ID="eSc_line_eaad8557"
                    TAGREFS="LT31"
                    BASELINE="564 2007 1485 1990 2681 1940" 
                    HPOS="561"
                    VPOS="1890"
                    WIDTH="2120"
                    HEIGHT="158">
            <Shape><Polygon POINTS="564 2007 564 2032 806 2029 881 2048 884 2048 887 2048 890 2048 892 2048 929 2023 968 2043 970 2043 973 2043 1045 2029 1148 2040 1151 2040 1324 2018 1376 2032 1379 2032 1382 2032 1607 2009 1741 2021 1744 2021 1746 2021 1799 2001 1860 2012 1863 2012 2013 1987 2072 2001 2075 2001 2077 2001 2164 1982 2228 2004 2230 2004 2233 2004 2336 1982 2414 1996 2417 1996 2420 1996 2475 1973 2645 1982 2648 1982 2650 1982 2653 1982 2681 1965 2681 1940 2675 1901 2564 1890 2561 1890 2431 1907 2372 1915 2339 1909 2280 1901 2278 1901 2275 1901 2242 1912 2222 1920 2169 1915 2083 1907 2080 1907 2077 1907 2055 1920 2041 1926 1994 1920 1916 1912 1913 1912 1910 1912 1908 1912 1894 1923 1885 1932 1877 1926 1860 1915 1858 1915 1855 1915 1852 1915 1849 1915 1821 1926 1802 1934 1771 1929 1721 1918 1719 1918 1568 1934 1465 1945 1273 1943 1121 1943 1118 1943 1084 1951 1043 1959 1012 1951 976 1943 973 1943 970 1943 865 1957 781 1968 764 1959 748 1951 745 1951 742 1951 739 1951 737 1951 720 1962 712 1968 700 1962 689 1954 687 1954 684 1954 681 1954 561 1965 564 2007"/></Shape>
	    <String CONTENT="ce d&#x27;Orange. &lt;..... . . .....&gt; Ce n&#x27;est qu&#x27;après leches"
                    HPOS="561"
                    VPOS="1890"
                    WIDTH="2120"
                    HEIGHT="158"
                    WC="0.9421686454252763"></String>
          </TextLine>
          <TextLine ID="eSc_line_b80c1614"
                    TAGREFS="LT31"
                    BASELINE="567 2082 1448 2064 1448 2064 2692 2015" 
                    HPOS="564"
                    VPOS="1965"
                    WIDTH="2128"
                    HEIGHT="147">
            <Shape><Polygon POINTS="567 2112 2692 2043 2692 2015 2687 1982 2611 1965 2609 1965 2606 1965 2603 1965 2603 1968 2586 1982 2075 1982 2072 1982 1983 2001 1980 2001 1974 2001 1819 1990 1816 1990 1732 2007 1632 1996 1630 1996 1627 1996 1588 2012 1552 1998 1549 1998 1546 1998 1457 2018 1449 2018 1438 2018 1301 2007 1299 2007 1296 2007 1243 2023 1240 2023 1237 2023 1118 2012 1115 2012 1112 2012 1109 2012 1084 2029 1073 2029 945 2018 942 2018 940 2018 937 2018 912 2032 653 2026 650 2026 564 2043 567 2082"/></Shape>
	    <String CONTENT="de Nemours que Léopold apparut à tous comme l&#x27;homme indis pensable."
                    HPOS="564"
                    VPOS="1965"
                    WIDTH="2128"
                    HEIGHT="147"
                    WC="0.9769541402073467"></String>
          </TextLine>
          <TextLine ID="eSc_line_3429488d"
                    TAGREFS="LT31"
                    BASELINE="556 2151 1598 2124 1598 2124 2659 2076" 
                    HPOS="553"
                    VPOS="2037"
                    WIDTH="2106"
                    HEIGHT="139">
            <Shape><Polygon POINTS="556 2176 2659 2107 2659 2076 2650 2037 553 2110 556 2151"/></Shape>
	    <String CONTENT="Sa candidature fut certainement pour braucoup dans le revisement"
                    HPOS="553"
                    VPOS="2037"
                    WIDTH="2106"
                    HEIGHT="139"
                    WC="0.9787539960816503"></String>
          </TextLine>
          <TextLine ID="eSc_line_73f98006"
                    TAGREFS="LT31"
                    BASELINE="556 2226 1997 2179 2698 2140" 
                    HPOS="553"
                    VPOS="2096"
                    WIDTH="2145"
                    HEIGHT="161">
            <Shape><Polygon POINTS="556 2226 556 2257 706 2240 865 2246 917 2246 920 2246 923 2246 926 2246 929 2243 942 2232 993 2240 1037 2246 1040 2246 1043 2246 1062 2237 1082 2226 1115 2235 1148 2243 1151 2243 1154 2243 1237 2229 1304 2218 1335 2224 1374 2235 1376 2235 1379 2235 1382 2235 1432 2221 1463 2212 1485 2218 1521 2229 1524 2229 1527 2229 1624 2212 1632 2210 1663 2210 2127 2207 2130 2207 2161 2190 2698 2165 2698 2140 2689 2096 2478 2101 2475 2101 2470 2104 2433 2118 2292 2110 2258 2110 2255 2110 2253 2110 2250 2110 2247 2112 2233 2126 2197 2115 2189 2112 2186 2112 2183 2112 2180 2112 2172 2115 2136 2129 2058 2121 2033 2118 2030 2118 2027 2118 2025 2118 2022 2121 2002 2135 1758 2132 1668 2132 1666 2132 1643 2137 1579 2151 1532 2140 1513 2137 1510 2137 1507 2137 1485 2143 1426 2157 1193 2154 1068 2154 1065 2154 1062 2154 1059 2154 1054 2160 1040 2173 553 2179 556 2226"/></Shape>
	    <String CONTENT="de la conférence à l&#x27;egarv des Belges. &lt;... ..&gt; Elle était d&#x27;autant"
                    HPOS="553"
                    VPOS="2096"
                    WIDTH="2145"
                    HEIGHT="161"
                    WC="0.9709519840338651"></String>
          </TextLine>
          <TextLine ID="eSc_line_63cac012"
                    TAGREFS="LT31"
                    BASELINE="553 2290 2675 2226" 
                    HPOS="550"
                    VPOS="2182"
                    WIDTH="2125"
                    HEIGHT="144">
            <Shape><Polygon POINTS="553 2290 553 2326 625 2312 756 2321 784 2321 787 2321 789 2321 798 2318 851 2301 1026 2310 1090 2312 1093 2312 1095 2312 1112 2307 1151 2293 1349 2299 1474 2301 1477 2301 1479 2301 1516 2293 1568 2279 1657 2287 1727 2293 1730 2293 1796 2282 1866 2271 1977 2276 2119 2282 2122 2282 2236 2265 2303 2257 2328 2262 2356 2271 2358 2271 2361 2271 2364 2271 2367 2271 2381 2260 2389 2254 2675 2249 2675 2226 2667 2182 550 2240 553 2290"/></Shape>
	    <String CONTENT="plus agécable à Palmerstoe que les sympathies du prince allaient au"
                    HPOS="550"
                    VPOS="2182"
                    WIDTH="2125"
                    HEIGHT="144"
                    WC="0.9933173069182564"></String>
          </TextLine>
          <TextLine ID="eSc_line_ec53dc97"
                    TAGREFS="LT31"
                    BASELINE="556 2357 2148 2309 2603 2296" 
                    HPOS="553"
                    VPOS="2246"
                    WIDTH="2050"
                    HEIGHT="139">
            <Shape><Polygon POINTS="556 2385 1732 2340 1922 2346 1947 2346 1949 2346 1952 2346 1955 2346 1991 2332 2050 2343 2061 2343 2063 2343 2091 2340 2236 2324 2598 2324 2603 2296 2598 2254 2450 2246 2447 2246 2317 2262 2308 2262 2303 2262 2242 2249 2239 2249 1991 2274 1977 2274 1972 2274 1894 2260 1891 2260 1888 2260 1885 2260 1863 2276 1752 2265 1749 2265 1746 2265 1699 2282 1546 2274 1543 2274 1388 2293 1385 2293 1340 2279 1337 2279 1335 2279 1179 2299 1062 2287 1059 2287 1057 2287 1054 2287 1054 2290 1037 2304 973 2290 970 2290 865 2310 809 2296 806 2296 803 2296 553 2321 556 2357"/></Shape>
	    <String CONTENT="parti cohig. Décidé cette fois à aboutir, il prit une part très active aux"
                    HPOS="553"
                    VPOS="2246"
                    WIDTH="2050"
                    HEIGHT="139"
                    WC="0.9870448843638102"></String>
          </TextLine>
          <TextLine ID="eSc_line_a256e0ef"
                    TAGREFS="LT31"
                    BASELINE="561 2426 2667 2360" 
                    HPOS="559"
                    VPOS="2315"
                    WIDTH="2108"
                    HEIGHT="142">
            <Shape><Polygon POINTS="561 2426 561 2457 923 2435 1221 2438 1248 2438 1251 2438 1262 2438 1360 2418 2667 2388 2667 2360 2662 2324 2350 2315 2347 2315 2344 2315 2311 2332 2308 2332 2305 2332 2230 2318 2228 2318 2147 2337 2136 2337 2127 2337 2055 2324 2052 2324 1974 2340 1963 2343 1958 2343 1927 2329 1924 2329 1922 2329 1796 2346 1769 2351 1507 2357 1493 2354 1440 2343 1438 2343 1307 2360 1260 2365 1235 2363 1176 2351 1173 2351 1171 2351 1168 2351 1148 2365 1137 2371 559 2379 561 2426"/></Shape>
	    <String CONTENT="pourpulers dont sortit enfin l&#x27;arrangement des B articles. Lorsque, quel¬"
                    HPOS="559"
                    VPOS="2315"
                    WIDTH="2108"
                    HEIGHT="142"
                    WC="0.9820801215629055"></String>
          </TextLine>
          <TextLine ID="eSc_line_1b6037a6"
                    TAGREFS="LT31"
                    BASELINE="573 2502 1926 2458 1927 2458 2422 2424 2664 2424" 
                    HPOS="567"
                    VPOS="2376"
                    WIDTH="2097"
                    HEIGHT="162">
            <Shape><Polygon POINTS="573 2538 659 2518 917 2521 968 2521 970 2521 973 2521 976 2521 979 2518 1004 2504 1037 2515 1040 2515 1043 2515 1045 2515 1082 2513 1321 2490 1393 2496 1443 2502 1446 2502 1493 2493 1543 2482 1591 2488 1643 2493 1646 2493 2027 2465 2083 2463 2097 2463 2250 2468 2253 2468 2662 2432 2664 2424 2662 2379 2328 2376 2325 2376 2322 2376 2319 2376 2319 2379 2305 2390 2303 2393 2286 2393 2203 2382 2200 2382 2122 2385 2119 2385 2116 2385 2116 2388 2102 2399 2100 2401 2063 2401 1938 2393 1936 2393 1824 2410 1774 2415 1666 2415 1452 2413 1449 2413 1360 2426 1301 2435 1279 2429 1251 2421 1248 2421 1246 2421 1121 2426 1118 2426 1115 2426 1101 2435 1090 2443 1037 2438 973 2432 970 2432 926 2443 884 2454 567 2454 573 2502"/></Shape>
	    <String CONTENT="ques semaines plus tard, les déléqués du Congrés viensent leui offris la couronne"
                    HPOS="567"
                    VPOS="2376"
                    WIDTH="2097"
                    HEIGHT="162"
                    WC="0.9900147245254045"></String>
          </TextLine>
          <TextLine ID="eSc_line_a31d1d5d"
                    TAGREFS="LT31"
                    BASELINE="559 2571 2193 2503 2194 2503 2609 2474" 
                    HPOS="556"
                    VPOS="2438"
                    WIDTH="2053"
                    HEIGHT="164">
            <Shape><Polygon POINTS="559 2596 789 2602 792 2602 795 2602 798 2602 823 2585 826 2585 840 2585 968 2593 970 2593 1057 2574 1068 2574 1093 2574 1257 2579 1260 2579 1262 2579 1318 2563 1335 2560 1371 2560 1493 2568 1496 2568 1652 2549 1699 2543 1721 2546 1780 2554 1783 2554 2061 2540 2063 2540 2066 2540 2080 2529 2089 2524 2119 2527 2175 2535 2178 2535 2609 2504 2609 2474 2603 2438 556 2529 559 2571"/></Shape>
	    <String CONTENT="il leur apparet que ce roi qu&#x27;ils venaient d&#x27;élire était vraiement un"
                    HPOS="556"
                    VPOS="2438"
                    WIDTH="2053"
                    HEIGHT="164"
                    WC="0.9915056997451229"></String>
          </TextLine>
          <TextLine ID="eSc_line_8bd8b3fa"
                    TAGREFS="LT31"
                    BASELINE="545 2652 650 2643" 
                    HPOS="539"
                    VPOS="2593"
                    WIDTH="111"
                    HEIGHT="81">
            <Shape><Polygon POINTS="545 2652 545 2674 650 2671 650 2643 642 2593 539 2593 545 2652"/></Shape>
	    <String CONTENT="roi"
                    HPOS="539"
                    VPOS="2593"
                    WIDTH="111"
                    HEIGHT="81"
                    WC="0.999966541926066"></String>
          </TextLine>
          <TextLine ID="eSc_line_87b2db55"
                    TAGREFS="LT31"
                    BASELINE="550 2721 2425 2632 2664 2632" 
                    HPOS="545"
                    VPOS="2579"
                    WIDTH="2119"
                    HEIGHT="175">
            <Shape><Polygon POINTS="550 2721 550 2754 2662 2649 2664 2632 2659 2579 2141 2607 2100 2602 2055 2593 2052 2593 2050 2593 2047 2593 2030 2604 2013 2615 1885 2618 1869 2610 1860 2604 1858 2604 1855 2604 1852 2604 1810 2613 1760 2624 1727 2615 1705 2610 1702 2610 1699 2610 1696 2610 1694 2610 1694 2613 1685 2618 1671 2632 1618 2632 1566 2624 1538 2618 1535 2618 1532 2618 1521 2624 1493 2638 1251 2638 1248 2638 1246 2638 1201 2652 1115 2641 1084 2638 1082 2638 1048 2643 954 2663 873 2652 853 2649 851 2649 848 2649 845 2649 845 2652 842 2652 826 2668 792 2654 789 2654 787 2654 545 2663 550 2721"/></Shape>
	    <String CONTENT="Il était alors, à l&#x27;âge de &quot;ans, dans la pleine maturité du crrps et de"
                    HPOS="545"
                    VPOS="2579"
                    WIDTH="2119"
                    HEIGHT="175"
                    WC="0.9887545282642046"></String>
          </TextLine>
          <TextLine ID="eSc_line_2b25acb0"
                    TAGREFS="LT31"
                    BASELINE="536 2788 1012 2777 2667 2696" 
                    HPOS="534"
                    VPOS="2657"
                    WIDTH="2133"
                    HEIGHT="156">
            <Shape><Polygon POINTS="536 2788 536 2813 2667 2721 2667 2696 2662 2657 534 2743 536 2788"/></Shape>
	    <String CONTENT="l&#x27;esprit. De la radiense, brauté de sa jenvesse, il conservait une noblesse de"
                    HPOS="534"
                    VPOS="2657"
                    WIDTH="2133"
                    HEIGHT="156"
                    WC="0.9821389363362238"></String>
          </TextLine>
          <TextLine ID="eSc_line_ec21c2fd"
                    TAGREFS="LT31"
                    BASELINE="539 2855 1223 2832 2205 2780 2673 2774" 
                    HPOS="536"
                    VPOS="2729"
                    WIDTH="2137"
                    HEIGHT="156">
            <Shape><Polygon POINTS="539 2855 539 2885 2673 2796 2673 2774 2664 2729 1788 2752 1785 2752 1783 2752 1763 2766 1763 2768 1390 2782 1388 2782 1329 2771 1326 2771 942 2802 934 2802 931 2802 867 2791 865 2791 862 2791 795 2807 670 2799 667 2799 536 2818 539 2855"/></Shape>
	    <String CONTENT="traits qui donnait à son visage un peu amère un profit de médaille. &lt;....&gt;"
                    HPOS="536"
                    VPOS="2729"
                    WIDTH="2137"
                    HEIGHT="156"
                    WC="0.9800103584925334"></String>
          </TextLine>
          <TextLine ID="eSc_line_d85ff46f"
                    TAGREFS="LT31"
                    BASELINE="542 2910 2678 2830" 
                    HPOS="539"
                    VPOS="2782"
                    WIDTH="2139"
                    HEIGHT="153">
            <Shape><Polygon POINTS="542 2910 542 2935 2678 2860 2678 2830 2670 2782 539 2868 542 2910"/></Shape>
	    <String CONTENT="lon tact parfait tempérait de bieuveillance et de lonme grâce &lt;......&gt;"
                    HPOS="539"
                    VPOS="2782"
                    WIDTH="2139"
                    HEIGHT="153"
                    WC="0.9719235616070884"></String>
          </TextLine>
          <TextLine ID="eSc_line_a3474d11"
                    TAGREFS="LT31"
                    BASELINE="545 2977 1502 2935 2634 2902" 
                    HPOS="542"
                    VPOS="2846"
                    WIDTH="2092"
                    HEIGHT="164">
            <Shape><Polygon POINTS="545 2977 545 3010 625 2996 684 3005 700 3007 703 3007 706 3007 709 3007 712 3005 734 2991 751 3005 753 3005 756 3005 759 3005 792 3002 945 2985 1051 2991 1093 2994 1095 2994 1098 2994 1101 2994 1107 2991 1132 2974 1268 2982 1304 2985 1307 2985 1329 2982 1413 2963 1521 2974 1563 2977 1566 2977 1568 2977 1579 2971 1602 2960 1771 2963 1777 2963 1780 2963 1783 2963 1785 2963 1805 2949 1838 2960 1852 2966 1855 2966 1858 2966 1916 2957 2030 2944 2100 2952 2133 2955 2136 2955 2178 2949 2278 2932 2634 2932 2634 2902 2625 2846 2333 2874 1955 2874 1841 2874 1838 2874 1835 2874 1819 2880 1771 2891 1746 2882 1735 2877 1732 2877 1730 2877 1696 2882 1635 2896 1607 2888 1593 2882 1591 2882 1588 2882 1518 2891 1407 2905 1365 2896 1329 2891 1326 2891 1324 2891 1285 2899 1243 2910 1210 2905 1173 2896 1171 2896 1168 2896 1165 2896 1151 2905 1137 2913 1101 2907 1054 2902 1051 2902 1048 2902 1023 2910 1004 2919 940 2916 870 2910 867 2910 865 2910 862 2910 851 2919 840 2924 778 2921 673 2916 670 2916 542 2930 545 2977"/></Shape>
	    <String CONTENT="&lt;.......&gt; la diguité, légirement froide et hautaine de son attitude. I"
                    HPOS="542"
                    VPOS="2846"
                    WIDTH="2092"
                    HEIGHT="164"
                    WC="0.9714890309742519"></String>
          </TextLine>
          <TextLine ID="eSc_line_a01fb87b"
                    TAGREFS="LT31"
                    BASELINE="531 3041 1552 2996 2634 2974" 
                    HPOS="528"
                    VPOS="2916"
                    WIDTH="2106"
                    HEIGHT="155">
            <Shape><Polygon POINTS="531 3041 531 3071 1332 3032 1613 3032 1827 3032 1827 3030 1894 3021 1949 3013 2119 3013 2553 3013 2553 3010 2631 2991 2634 2974 2623 2916 2550 2932 2484 2921 2470 2919 2467 2919 2450 2921 2375 2938 2030 2938 1872 2938 1869 2938 1835 2944 1791 2955 1777 2946 1763 2941 1760 2941 1758 2941 1716 2949 1666 2960 1541 2957 1407 2952 1404 2952 1318 2955 1315 2955 1312 2955 1301 2966 1293 2971 1271 2966 1229 2957 1226 2957 1223 2957 1179 2971 1162 2974 1134 2971 1054 2963 1051 2963 979 2977 951 2982 870 2982 623 2977 620 2977 617 2977 614 2977 598 2994 595 2996 528 2996 531 3041"/></Shape>
	    <String CONTENT="&lt;........ .....&gt; Dès le premier abord il &lt;...... ... ....&gt;"
                    HPOS="528"
                    VPOS="2916"
                    WIDTH="2106"
                    HEIGHT="155"
                    WC="0.937377386052033"></String>
          </TextLine>
          <TextLine ID="eSc_line_35237178"
                    TAGREFS="LT31"
                    BASELINE="531 3096 1980 3052 2614 3044" 
                    HPOS="528"
                    VPOS="2999"
                    WIDTH="2086"
                    HEIGHT="131">
            <Shape><Polygon POINTS="531 3096 531 3130 831 3108 1023 3116 1026 3116 1143 3099 1621 3099 1624 3099 1930 3074 2614 3071 2614 3044 2606 2999 528 3052 531 3096"/></Shape>
	    <String CONTENT="&lt;.. .. . .. ... .. ..&gt; fit la"
                    HPOS="528"
                    VPOS="2999"
                    WIDTH="2086"
                    HEIGHT="131"
                    WC="0.8840973603314367"></String>
          </TextLine>
          <TextLine ID="eSc_line_5bcea0c7"
                    TAGREFS="LT31"
                    BASELINE="528 3158 778 3144 2659 3110" 
                    HPOS="525"
                    VPOS="3071"
                    WIDTH="2134"
                    HEIGHT="100">
            <Shape><Polygon POINTS="528 3158 528 3171 2659 3144 2659 3110 2650 3071 817 3091 525 3108 528 3158"/></Shape>
	    <String CONTENT="conguête des délgués. Le sois même l&#x27;un d&#x27;eux, encore sous le charnme de l&#x27;en¬"
                    HPOS="525"
                    VPOS="3071"
                    WIDTH="2134"
                    HEIGHT="100"
                    WC="0.9860203250860556"></String>
          </TextLine>
          <TextLine ID="eSc_line_0f4bb3a0"
                    TAGREFS="LT31"
                    BASELINE="534 3222 2625 3174" 
                    HPOS="531"
                    VPOS="3138"
                    WIDTH="2094"
                    HEIGHT="122">
            <Shape><Polygon POINTS="534 3222 536 3260 570 3247 717 3255 723 3255 726 3255 742 3255 1087 3235 1123 3244 1143 3249 1146 3249 1148 3249 1151 3249 1154 3249 1162 3244 1182 3233 1343 3238 1426 3241 1429 3241 1488 3235 1577 3224 1607 3233 1632 3238 1635 3238 1638 3238 2625 3202 2625 3174 2617 3138 531 3180 534 3222"/></Shape>
	    <String CONTENT="tiione écrivait à sa famille&quot; Je ne désérerais rien pour mon pays si les"
                    HPOS="531"
                    VPOS="3138"
                    WIDTH="2094"
                    HEIGHT="122"
                    WC="0.9922621846199036"></String>
          </TextLine>
          <TextLine ID="eSc_line_5621b2ae"
                    TAGREFS="LT31"
                    BASELINE="525 3283 1410 3269" 
                    HPOS="522"
                    VPOS="3216"
                    WIDTH="888"
                    HEIGHT="103">
            <Shape><Polygon POINTS="525 3283 525 3319 1407 3297 1410 3269 1404 3230 1285 3216 1282 3216 1279 3216 1276 3216 1260 3230 1165 3219 1162 3219 1159 3219 1132 3233 1093 3219 1090 3219 1087 3219 1084 3219 1048 3235 1043 3235 1026 3235 898 3222 895 3222 892 3222 890 3222 867 3238 862 3238 842 3238 695 3227 692 3227 625 3241 623 3241 620 3241 567 3227 564 3227 561 3227 559 3227 522 3238 525 3283"/></Shape>
	    <String CONTENT="choses répondent à l&#x27;homme&quot;."
                    HPOS="522"
                    VPOS="3216"
                    WIDTH="888"
                    HEIGHT="103"
                    WC="0.9953939976363346"></String>
          </TextLine>
        </TextBlock>
        <TextBlock HPOS="45"
                   VPOS="556"
                   WIDTH="441"
                   HEIGHT="246"
                   ID="eSc_textblock_b7579243"
                   TAGREFS="BT43">
          <Shape><Polygon POINTS="45 556 45 802 486 802 486 556"/></Shape>
          <TextLine ID="eSc_line_2fc02ead"
                    TAGREFS="LT31"
                    BASELINE="71 621 453 612" 
                    HPOS="71"
                    VPOS="612"
                    WIDTH="382"
                    HEIGHT="9">
	    <String CONTENT=""
                    HPOS="71"
                    VPOS="612"
                    WIDTH="382"
                    HEIGHT="9"></String>
          </TextLine>
          <TextLine ID="eSc_line_e69d6415"
                    TAGREFS="LT31"
                    BASELINE="188 687 331 689" 
                    HPOS="188"
                    VPOS="687"
                    WIDTH="143"
                    HEIGHT="2">
	    <String CONTENT=""
                    HPOS="188"
                    VPOS="687"
                    WIDTH="143"
                    HEIGHT="2"></String>
          </TextLine>
        </TextBlock>
        <TextBlock HPOS="193"
                   VPOS="25"
                   WIDTH="209"
                   HEIGHT="162"
                   ID="eSc_textblock_f8da4a83"
                   TAGREFS="BT44">
          <Shape><Polygon POINTS="193 25 193 187 402 187 402 25"/></Shape>
        </TextBlock>
        <TextBlock ID="eSc_dummyblock_">
          <TextLine ID="eSc_line_18145f11"
                    TAGREFS="LT31"
                    BASELINE="242 86 348 113" 
                    HPOS="261"
                    VPOS="44"
                    WIDTH="61"
                    HEIGHT="100">
            <Shape><Polygon POINTS="280 44 261 52 267 102 272 144 322 125 319 97 311 44 294 44"/></Shape>
	    <String CONTENT="4"
                    HPOS="261"
                    VPOS="44"
                    WIDTH="61"
                    HEIGHT="100"
                    WC="0.9999997615814209"></String>
          </TextLine>
        </TextBlock>
      </PrintSpace>
    </Page>
  </Layout>
</alto>
