<?xml version="1.0" encoding="UTF-8"?>
<alto xmlns:xsi="http://www.w3.org/2001/XMLSchema-instance"
      xmlns="http://www.loc.gov/standards/alto/ns-v4#"
      xsi:schemaLocation="http://www.loc.gov/standards/alto/ns-v4# http://www.loc.gov/standards/alto/v4/alto-4-2.xsd">
  <Description>
    <MeasurementUnit>pixel</MeasurementUnit>
    <sourceImageInformation>
      <fileName>ARCH-DIV-000496_0033.png</fileName>
    </sourceImageInformation>
  </Description>
  <Tags>
    <OtherTag ID="BT42" LABEL="MainZone" DESCRIPTION="block type MainZone"/><OtherTag ID="BT43" LABEL="MarginTextZone" DESCRIPTION="block type MarginTextZone"/><OtherTag ID="BT44" LABEL="NumberingZone" DESCRIPTION="block type NumberingZone"/><OtherTag ID="BT45" LABEL="TitlePageZone" DESCRIPTION="block type TitlePageZone"/><OtherTag ID="BT46" LABEL="CustomZone:Numbering" DESCRIPTION="block type CustomZone:Numbering"/><OtherTag ID="BT49" LABEL="MarginTextZone:lower" DESCRIPTION="block type MarginTextZone:lower"/>
    <OtherTag ID="LT25" LABEL="default" DESCRIPTION="line type default"/><OtherTag ID="LT31" LABEL="DefaultLine" DESCRIPTION="line type DefaultLine"/><OtherTag ID="LT32" LABEL="HeadingLine" DESCRIPTION="line type HeadingLine"/><OtherTag ID="LT33" LABEL="InterlinearLine:addition" DESCRIPTION="line type InterlinearLine:addition"/><OtherTag ID="LT34" LABEL="InterlinearLine:correction" DESCRIPTION="line type InterlinearLine:correction"/>
  </Tags>
  <Layout>
    <Page WIDTH="2790"
          HEIGHT="3337"
          PHYSICAL_IMG_NR="32"
          ID="eSc_dummypage_">
      <PrintSpace HPOS="0"
                  VPOS="0"
                  WIDTH="2790"
                  HEIGHT="3337">
        <TextBlock HPOS="107"
                   VPOS="1"
                   WIDTH="369"
                   HEIGHT="410"
                   ID="8486191b-77e2-4fa7-8d41-b913d8afea89"
                   TAGREFS="BT44">
          <Shape><Polygon POINTS="469 1 476 295 107 411 115 31"/></Shape>
          <TextLine ID="eSc_line_fbdb5a20"
                    TAGREFS="LT31"
                    BASELINE="229 96 366 135" 
                    HPOS="261"
                    VPOS="47"
                    WIDTH="64"
                    HEIGHT="153">
            <Shape><Polygon POINTS="261 47 267 108 269 200 325 197 322 105 317 50 289 47"/></Shape>
	    <String CONTENT="I."
                    HPOS="261"
                    VPOS="47"
                    WIDTH="64"
                    HEIGHT="153"
                    WC="0.9999337792396545"></String>
          </TextLine>
        </TextBlock>
        <TextBlock HPOS="549"
                   VPOS="1"
                   WIDTH="2209"
                   HEIGHT="3335"
                   ID="fb3eb9c5-755c-4bb4-87fa-3a27f9eee982"
                   TAGREFS="BT42">
          <Shape><Polygon POINTS="2758 1 2758 3336 549 3336 549 1"/></Shape>
          <TextLine ID="eSc_line_01c7b35d"
                    TAGREFS="LT31"
                    BASELINE="636 77 1468 75 2745 94" 
                    HPOS="634"
                    VPOS="22"
                    WIDTH="2111"
                    HEIGHT="105">
            <Shape><Polygon POINTS="2720 41 2692 41 2664 41 2637 41 2609 41 2581 41 2553 41 2542 41 2506 44 2484 44 2475 44 2456 38 2442 38 2414 38 2386 38 2358 38 2331 38 2303 38 2280 36 2211 41 2178 41 2169 38 2161 36 2136 36 2108 36 2080 36 2052 36 2047 33 2027 38 2016 38 2002 38 1955 33 1941 33 1913 33 1885 33 1858 33 1830 33 1802 33 1774 30 1746 30 1719 30 1691 30 1663 30 1635 30 1607 30 1579 30 1552 27 1524 27 1496 27 1468 27 1440 27 1413 27 1385 27 1357 27 1329 27 1301 25 1273 25 1246 25 1218 25 1190 25 1162 25 1134 25 1107 25 1095 22 803 22 801 25 773 27 745 30 717 33 689 36 662 38 636 41 636 77 634 88 753 111 756 111 945 94 968 94 1020 97 1246 108 1248 108 1251 108 1268 100 1276 97 1285 100 1312 111 1315 111 1318 111 1401 102 1426 100 1432 102 1446 116 1449 116 1452 116 1454 116 1610 105 1663 102 1691 105 1758 119 1760 119 1763 119 1799 108 1821 102 1863 108 1936 122 1938 122 1997 111 2033 105 2089 114 2175 125 2178 125 2267 116 2344 108 2364 116 2378 125 2381 125 2461 127 2464 127 2467 127 2470 127 2478 119 2492 111 2739 122 2745 94 2745 47 2726 41 2720 41"/></Shape>
	    <String CONTENT="respectivement 112 et 457 du côté hollendais, 91 et 453 du côté"
                    HPOS="634"
                    VPOS="22"
                    WIDTH="2111"
                    HEIGHT="105"
                    WC="0.9920067635793535"></String>
          </TextLine>
          <TextLine ID="eSc_line_849dd325"
                    TAGREFS="LT31"
                    BASELINE="634 155 1880 147 2745 169" 
                    HPOS="634"
                    VPOS="97"
                    WIDTH="2111"
                    HEIGHT="94">
            <Shape><Polygon POINTS="634 155 634 177 1104 169 1126 183 1129 183 1132 183 1134 183 1154 183 1299 169 1616 186 1649 186 1652 186 1671 186 1888 172 1919 189 1922 189 1924 189 1927 189 1947 189 2036 177 2739 191 2745 169 2742 119 2514 102 2511 102 2400 116 2397 116 2361 102 2358 102 2356 102 2069 116 2044 116 2041 116 2022 100 2019 100 2016 100 2013 100 1424 114 1415 114 1413 114 1299 97 1296 97 823 111 678 97 675 97 673 97 634 108 634 155"/></Shape>
	    <String CONTENT="belge, reste bien en dessons de celui des journées de septeuubre"
                    HPOS="634"
                    VPOS="97"
                    WIDTH="2111"
                    HEIGHT="94"
                    WC="0.9839184153825045"></String>
          </TextLine>
          <TextLine ID="eSc_line_c6bfcc0c"
                    TAGREFS="LT31"
                    BASELINE="706 236 1643 219 2745 225" 
                    HPOS="703"
                    VPOS="166"
                    WIDTH="2042"
                    HEIGHT="106">
            <Shape><Polygon POINTS="2650 169 2623 166 2600 166 2539 183 2534 186 2314 186 2314 183 2272 166 2269 166 2267 166 2264 166 2228 183 1624 169 1621 169 1532 186 1479 169 1477 169 1474 169 1471 169 1468 169 1446 189 1171 189 1076 172 1073 172 1070 172 1068 172 1045 191 848 191 795 172 792 172 789 172 703 191 706 236 706 253 1129 253 1151 255 1232 272 1235 272 1371 269 1374 269 1376 269 1390 258 1399 250 1418 258 1452 269 1454 269 1457 269 1460 269 1488 258 1504 250 1858 250 1872 258 1883 269 1885 269 1888 269 1891 269 1952 258 2019 247 2044 258 2061 266 2063 266 2066 269 2153 269 2153 266 2155 266 2158 266 2164 261 2180 247 2239 261 2269 266 2272 269 2414 269 2414 266 2417 266 2431 261 2461 250 2742 261 2745 225 2742 183 2650 169 2650 169"/></Shape>
	    <String CONTENT="du moins la compague fomit-elle la preuve que le pays ne voilait"
                    HPOS="703"
                    VPOS="166"
                    WIDTH="2042"
                    HEIGHT="106"
                    WC="0.9883121270686388"></String>
          </TextLine>
          <TextLine ID="eSc_line_efa76ab9"
                    TAGREFS="LT31"
                    BASELINE="625 308 2703 283" 
                    HPOS="623"
                    VPOS="236"
                    WIDTH="2080"
                    HEIGHT="103">
            <Shape><Polygon POINTS="625 308 625 325 951 339 954 339 956 339 1004 325 1187 336 1190 336 1193 336 1196 336 1215 322 1282 333 1285 333 1426 319 1432 319 1435 319 1485 333 1488 333 1490 333 1493 333 1496 333 1518 319 1924 328 1927 328 2086 314 2114 311 2133 311 2233 325 2236 325 2700 305 2703 283 2698 247 2381 236 2378 236 2297 247 2283 250 2278 250 2247 236 2244 236 2242 236 2077 250 2000 255 1933 250 1810 241 1808 241 1805 241 1771 253 1749 258 1696 253 1621 244 1618 244 1577 253 1538 261 623 261 625 308"/></Shape>
	    <String CONTENT="ni d&#x27;une restansationorangiste ni d&#x27;une aayien française. Le"
                    HPOS="623"
                    VPOS="236"
                    WIDTH="2080"
                    HEIGHT="103"
                    WC="0.9877722293138504"></String>
          </TextLine>
          <TextLine ID="eSc_line_cd7076c5"
                    TAGREFS="LT31"
                    BASELINE="623 378 1763 353 2687 347" 
                    HPOS="620"
                    VPOS="297"
                    WIDTH="2067"
                    HEIGHT="111">
            <Shape><Polygon POINTS="623 378 623 408 976 389 1051 403 1054 403 1057 403 1062 403 1201 386 1471 397 1504 397 1507 397 1510 397 1513 397 1546 378 1688 378 1838 392 1849 392 1852 392 1869 392 2047 375 2681 378 2687 347 2681 308 2403 297 2400 297 2397 297 2361 308 2353 311 2344 308 2294 297 2292 297 2289 297 2183 311 2155 314 2130 311 2055 300 2052 300 2050 300 2025 311 2016 317 1919 314 1738 305 1735 305 1641 317 1571 322 1541 317 1504 308 1502 308 1329 317 1107 330 1012 319 970 317 968 317 920 322 789 336 620 325 623 378"/></Shape>
	    <String CONTENT="prince d&#x27;Orange s&#x27;allendait à voir les populations aulainer ses"
                    HPOS="620"
                    VPOS="297"
                    WIDTH="2067"
                    HEIGHT="111"
                    WC="0.9969940334558487"></String>
          </TextLine>
          <TextLine ID="eSc_line_27acf4e3"
                    TAGREFS="LT31"
                    BASELINE="625 442 1154 425 2678 411" 
                    HPOS="623"
                    VPOS="367"
                    WIDTH="2055"
                    HEIGHT="94">
            <Shape><Polygon POINTS="625 442 625 461 2550 450 2675 431 2678 411 2673 367 2102 367 2100 367 2097 367 2075 375 2061 380 2052 375 2038 367 2036 367 2033 367 2030 367 2027 367 1997 375 1980 380 1910 378 1749 369 1746 369 1627 383 1582 386 1532 383 1349 372 1346 372 1343 372 1340 372 1340 375 1326 386 1324 389 1271 389 970 378 968 378 623 397 625 442"/></Shape>
	    <String CONTENT="troupes : elles les visent passer en sélence. &lt;....l...... ...t..&gt;"
                    HPOS="623"
                    VPOS="367"
                    WIDTH="2055"
                    HEIGHT="94"
                    WC="0.9683153150659619"></String>
          </TextLine>
          <TextLine ID="eSc_line_81afb145"
                    TAGREFS="LT31"
                    BASELINE="623 511 2656 486" 
                    HPOS="620"
                    VPOS="428"
                    WIDTH="2036"
                    HEIGHT="117">
            <Shape><Polygon POINTS="623 511 623 545 2653 514 2656 486 2650 428 2595 428 2592 428 2589 428 2586 428 2564 447 2525 431 2520 428 2517 428 2514 428 2511 428 2506 431 2475 447 2361 436 2358 436 2356 436 2353 436 2333 453 2197 453 2091 439 2038 433 2036 433 2033 433 2011 442 1972 456 1858 444 1763 436 1760 436 1758 436 1755 436 1741 447 1727 458 1671 450 1605 439 1602 439 1354 442 1351 442 1312 458 1293 464 1237 458 1090 444 1087 444 867 467 842 469 840 469 806 450 803 450 801 450 798 450 762 469 759 472 620 472 623 511"/></Shape>
	    <String CONTENT="&lt;....... ....&gt; Les complicités actetées sur lesquelles il"
                    HPOS="620"
                    VPOS="428"
                    WIDTH="2036"
                    HEIGHT="117"
                    WC="0.9566247871047572"></String>
          </TextLine>
          <TextLine ID="eSc_line_b31d6155"
                    TAGREFS="LT31"
                    BASELINE="620 581 2731 567" 
                    HPOS="617"
                    VPOS="517"
                    WIDTH="2114"
                    HEIGHT="86">
            <Shape><Polygon POINTS="620 581 620 603 2728 603 2731 567 2726 531 2481 517 2478 517 2280 531 2233 536 1732 536 1713 533 1660 522 1657 522 1591 533 1571 536 1549 533 1463 522 1460 522 1388 533 1357 539 1307 536 1201 525 1198 525 1196 525 1168 536 1154 539 617 539 620 581"/></Shape>
	    <String CONTENT="comptait ne parviusent à provoques aucun mouvement. Il n&#x27;y en"
                    HPOS="617"
                    VPOS="517"
                    WIDTH="2114"
                    HEIGHT="86"
                    WC="0.9812913373593362"></String>
          </TextLine>
          <TextLine ID="eSc_line_e90a10b8"
                    TAGREFS="LT31"
                    BASELINE="620 653 2717 634" 
                    HPOS="617"
                    VPOS="578"
                    WIDTH="2100"
                    HEIGHT="100">
            <Shape><Polygon POINTS="620 653 620 675 1685 678 1688 678 1794 664 1821 661 1869 664 2091 675 2094 675 2169 659 2180 659 2205 659 2386 672 2389 672 2534 656 2542 656 2550 656 2667 670 2670 670 2673 670 2717 653 2717 634 2712 597 2472 578 2470 578 2467 578 2411 597 2408 597 2392 597 2164 581 2161 581 1880 600 1810 603 1780 600 1688 586 1685 586 1682 586 1652 600 1643 606 1516 606 1504 600 1485 589 1482 589 1479 589 1477 589 1413 600 1385 606 1279 603 1112 595 1109 595 1023 603 965 609 954 603 940 592 937 592 934 592 931 592 929 592 895 603 867 614 776 614 762 603 751 595 748 595 745 595 742 595 617 603 620 653"/></Shape>
	    <String CONTENT="ont pas davantage sur le passagé du mérichal Gérard. De"
                    HPOS="617"
                    VPOS="578"
                    WIDTH="2100"
                    HEIGHT="100"
                    WC="0.9829138571565802"></String>
          </TextLine>
          <TextLine ID="eSc_line_0a12aca1"
                    TAGREFS="LT31"
                    BASELINE="614 725 2726 709" 
                    HPOS="611"
                    VPOS="656"
                    WIDTH="2115"
                    HEIGHT="92">
            <Shape><Polygon POINTS="614 725 614 748 2723 742 2726 709 2717 656 2166 670 2044 664 1897 656 1894 656 1891 656 1869 667 1855 672 1805 667 1713 656 1710 656 1707 656 1677 670 1660 675 1649 670 1632 659 1630 659 1627 659 1624 659 1510 670 1463 675 1438 672 1365 659 1363 659 1360 659 1321 672 1307 681 1018 681 1015 678 990 661 987 661 984 661 981 661 979 661 976 661 956 675 853 664 851 664 848 664 801 681 795 681 787 681 656 664 653 664 650 664 611 678 614 725"/></Shape>
	    <String CONTENT="&lt;......... .... ..&gt; Et cette persistance du centi¬"
                    HPOS="611"
                    VPOS="656"
                    WIDTH="2115"
                    HEIGHT="92"
                    WC="0.9227034151554108"></String>
          </TextLine>
          <TextLine ID="eSc_line_6ce1c35e"
                    TAGREFS="LT31"
                    BASELINE="611 789 2712 781" 
                    HPOS="609"
                    VPOS="728"
                    WIDTH="2103"
                    HEIGHT="92">
            <Shape><Polygon POINTS="611 789 611 820 2712 812 2712 781 2706 736 1613 728 1610 728 1607 728 1579 742 1568 745 1543 742 1463 728 1460 728 1457 728 1454 728 1438 742 1432 748 1215 748 1196 742 1148 731 1146 731 1143 731 1073 745 1051 748 1048 745 1031 731 1029 731 1026 731 951 731 948 731 945 731 892 745 876 748 859 745 789 731 787 731 784 731 781 731 759 745 753 748 745 745 700 734 698 734 695 734 609 745 611 789"/></Shape>
	    <String CONTENT="ment national au milieuu de la dléfaite n&#x27;en est que plus ca¬"
                    HPOS="609"
                    VPOS="728"
                    WIDTH="2103"
                    HEIGHT="92"
                    WC="0.9971620342770561"></String>
          </TextLine>
          <TextLine ID="eSc_line_0346f62f"
                    TAGREFS="LT31"
                    BASELINE="614 870 1112 859" 
                    HPOS="611"
                    VPOS="806"
                    WIDTH="501"
                    HEIGHT="97">
            <Shape><Polygon POINTS="614 870 614 889 976 903 979 903 981 903 995 900 1031 887 1109 900 1112 859 1107 820 876 806 873 806 870 806 834 825 831 825 826 825 767 809 764 809 762 809 611 828 614 870"/></Shape>
	    <String CONTENT="rachéristique."
                    HPOS="611"
                    VPOS="806"
                    WIDTH="501"
                    HEIGHT="97"
                    WC="0.9696954148156303"></String>
          </TextLine>
          <TextLine ID="eSc_line_efb25c99"
                    TAGREFS="LT31"
                    BASELINE="639 939 2670 903" 
                    HPOS="636"
                    VPOS="850"
                    WIDTH="2034"
                    HEIGHT="128">
            <Shape><Polygon POINTS="639 939 639 964 784 978 787 978 962 962 987 959 1004 959 1098 973 1101 973 1104 973 1107 973 1107 970 1121 959 1198 970 1201 970 1299 956 1318 953 1354 953 1571 964 1574 964 1577 964 1627 951 1638 948 1677 948 1883 959 1885 959 2667 931 2670 903 2664 862 2539 850 2536 850 2534 850 2486 864 2472 867 2461 864 2425 853 2422 853 2420 853 2358 867 2342 870 2331 867 2300 856 2297 856 2294 856 2292 856 2255 870 2250 870 2244 870 2205 856 2203 856 2200 856 1933 875 1916 875 1913 875 1899 862 1897 862 1894 862 1891 862 1613 881 1571 884 1557 884 1460 870 1457 870 1454 870 1415 887 1413 887 1388 873 1385 873 1382 873 1157 875 951 895 945 895 940 895 820 881 817 881 636 900 639 939"/></Shape>
	    <String CONTENT="En &lt;.&gt; arrêtant les troupes hollandaises, la France n&#x27;avait"
                    HPOS="636"
                    VPOS="850"
                    WIDTH="2034"
                    HEIGHT="128"
                    WC="0.990142505047685"></String>
          </TextLine>
          <TextLine ID="eSc_line_3b24e608"
                    TAGREFS="LT31"
                    BASELINE="617 1017 2689 984" 
                    HPOS="614"
                    VPOS="931"
                    WIDTH="2075"
                    HEIGHT="122">
            <Shape><Polygon POINTS="617 1017 617 1040 784 1053 787 1053 789 1053 837 1037 842 1037 853 1037 956 1051 959 1051 962 1051 998 1034 1004 1034 1068 1034 1446 1042 1449 1042 1613 1026 1657 1023 1691 1026 1821 1037 1824 1037 1827 1037 1860 1023 1863 1023 1941 1034 1944 1034 1947 1034 1949 1034 1969 1020 1974 1020 2008 1020 2211 1028 2214 1028 2216 1028 2219 1028 2233 1017 2239 1012 2425 1012 2445 1015 2509 1026 2511 1026 2514 1026 2545 1012 2556 1009 2687 1009 2689 984 2681 951 2506 951 2484 937 2481 937 2478 937 2475 937 2472 937 2470 937 2453 951 2428 931 2425 931 2422 931 2342 931 2339 931 2075 953 1936 939 1933 939 1824 962 1819 962 1813 962 1680 942 1677 942 1607 945 1605 945 1602 945 1579 964 1524 951 1521 951 1518 951 1393 967 1390 967 1307 948 1304 948 1201 970 1198 973 940 976 931 976 851 956 848 956 845 956 842 956 817 976 759 959 756 959 753 959 751 959 714 978 712 981 614 981 617 1017"/></Shape>
	    <String CONTENT="agé qu&#x27;en mandataira de l&#x27;Europe. Mais si Louis-Philippe ne"
                    HPOS="614"
                    VPOS="931"
                    WIDTH="2075"
                    HEIGHT="122"
                    WC="0.9925382814164889"></String>
          </TextLine>
          <TextLine ID="eSc_line_ee6fe210"
                    TAGREFS="LT31"
                    BASELINE="614 1101 1115 1078 2667 1053" 
                    HPOS="611"
                    VPOS="1003"
                    WIDTH="2056"
                    HEIGHT="128">
            <Shape><Polygon POINTS="614 1101 617 1131 656 1112 995 1109 1043 1120 1051 1123 1054 1123 1057 1123 1059 1123 1065 1120 1095 1103 1304 1103 1324 1115 1332 1117 1335 1117 1337 1117 1340 1117 1343 1117 1349 1112 1365 1103 1446 1112 1496 1115 1499 1115 1571 1106 1668 1098 1727 1103 1788 1109 1791 1109 1794 1109 1796 1109 1805 1101 1819 1092 1874 1101 1927 1106 1930 1106 2667 1078 2667 1053 2659 1003 2522 1020 2414 1009 2383 1006 2381 1006 2333 1012 2191 1026 1958 1020 1816 1017 1813 1017 1810 1017 1788 1026 1760 1034 1719 1026 1680 1020 1677 1020 1674 1020 1671 1020 1663 1028 1655 1037 1435 1040 1421 1034 1401 1026 1399 1026 1396 1026 1343 1037 1307 1042 1268 1037 1196 1028 1193 1028 1190 1028 1165 1040 1154 1045 1084 1042 901 1034 898 1034 895 1034 862 1048 856 1053 611 1053 614 1101"/></Shape>
	    <String CONTENT="pouvait songer et ne songeait pas a conserver la Belgique, il"
                    HPOS="611"
                    VPOS="1003"
                    WIDTH="2056"
                    HEIGHT="128"
                    WC="0.9880133974747579"></String>
          </TextLine>
          <TextLine ID="eSc_line_2ac75427"
                    TAGREFS="LT31"
                    BASELINE="609 1167 1788 1137 2695 1129" 
                    HPOS="606"
                    VPOS="1084"
                    WIDTH="2089"
                    HEIGHT="114">
            <Shape><Polygon POINTS="609 1167 609 1181 776 1198 778 1198 781 1198 784 1198 806 1181 906 1179 1034 1176 1037 1179 1051 1190 1054 1190 1057 1190 1059 1190 1062 1190 1093 1176 1098 1176 1109 1176 1190 1190 1193 1190 1304 1173 1343 1170 1376 1173 1471 1184 1474 1184 1477 1184 1479 1184 1496 1173 1502 1167 1735 1162 1791 1167 1872 1179 1874 1179 1877 1179 1902 1167 1919 1159 2002 1165 2086 1173 2089 1173 2695 1156 2695 1129 2689 1087 2008 1084 2005 1084 606 1123 609 1167"/></Shape>
	    <String CONTENT="otait ravi d&#x27;antre part du facile suncès &lt;...&gt; que ses armes ve¬"
                    HPOS="606"
                    VPOS="1084"
                    WIDTH="2089"
                    HEIGHT="114"
                    WC="0.9596474086865783"></String>
          </TextLine>
          <TextLine ID="eSc_line_a6b7577d"
                    TAGREFS="LT31"
                    BASELINE="614 1229 2692 1195" 
                    HPOS="611"
                    VPOS="1154"
                    WIDTH="2081"
                    HEIGHT="108">
            <Shape><Polygon POINTS="614 1229 614 1251 956 1262 959 1262 962 1262 995 1248 1001 1245 1020 1248 1129 1259 1132 1259 1287 1243 1329 1240 1363 1243 1474 1254 1477 1254 1554 1240 1560 1240 1566 1240 1649 1251 1652 1251 2033 1243 2036 1243 2055 1234 2063 1229 2094 1231 2164 1243 2166 1243 2280 1229 2350 1223 2687 1223 2692 1195 2684 1154 2044 1167 2036 1165 2002 1154 2000 1154 1997 1154 1994 1154 1966 1167 1958 1173 1641 1176 1607 1173 1479 1162 1477 1162 979 1187 945 1187 937 1187 828 1173 826 1173 611 1192 614 1229"/></Shape>
	    <String CONTENT="naient de remporter. &lt;... ......... ... .. .....&gt;"
                    HPOS="611"
                    VPOS="1154"
                    WIDTH="2081"
                    HEIGHT="108"
                    WC="0.9270127245358059"></String>
          </TextLine>
          <TextLine ID="eSc_line_725a1414"
                    TAGREFS="LT31"
                    BASELINE="611 1304 2728 1270" 
                    HPOS="609"
                    VPOS="1229"
                    WIDTH="2119"
                    HEIGHT="105">
            <Shape><Polygon POINTS="611 1304 611 1332 1137 1334 1140 1334 1184 1326 1229 1318 1296 1326 1340 1329 1343 1329 1460 1323 1702 1309 1755 1320 1777 1323 1780 1323 2161 1318 2164 1318 2175 1315 2216 1301 2333 1312 2367 1315 2369 1315 2411 1312 2550 1298 2723 1306 2728 1270 2723 1231 2075 1229 2072 1229 1705 1248 1668 1248 1655 1248 1513 1237 1510 1237 1413 1251 1337 1240 1335 1240 1332 1240 1329 1240 1310 1254 1307 1254 1301 1254 1143 1243 1140 1243 1137 1243 1082 1256 1023 1245 1020 1245 609 1265 611 1304"/></Shape>
	    <String CONTENT="&lt;......&gt; Palmerston eurageait de vois Liopold, à peine"
                    HPOS="609"
                    VPOS="1229"
                    WIDTH="2119"
                    HEIGHT="105"
                    WC="0.9710120050995438"></String>
          </TextLine>
          <TextLine ID="eSc_line_61db5c5f"
                    TAGREFS="LT31"
                    BASELINE="614 1382 2659 1337" 
                    HPOS="611"
                    VPOS="1290"
                    WIDTH="2048"
                    HEIGHT="119">
            <Shape><Polygon POINTS="614 1382 614 1409 1204 1390 1251 1393 1346 1404 1349 1404 1351 1404 1393 1390 1415 1384 1516 1387 1749 1395 1752 1395 1755 1395 1794 1379 1805 1376 1844 1379 1966 1390 1969 1390 2055 1373 2061 1373 2063 1373 2147 1384 2150 1384 2153 1384 2155 1384 2169 1370 2197 1384 2200 1384 2203 1384 2400 1382 2403 1382 2447 1368 2603 1376 2606 1376 2609 1376 2659 1357 2659 1337 2650 1290 611 1340 614 1382"/></Shape>
	    <String CONTENT="débarqué de Londres, faire fiqure, devant l&#x27;Europe, de protégé"
                    HPOS="611"
                    VPOS="1290"
                    WIDTH="2048"
                    HEIGHT="119"
                    WC="0.9866571051459159"></String>
          </TextLine>
          <TextLine ID="eSc_line_d9230595"
                    TAGREFS="LT31"
                    BASELINE="614 1451 2723 1412" 
                    HPOS="611"
                    VPOS="1359"
                    WIDTH="2112"
                    HEIGHT="123">
            <Shape><Polygon POINTS="614 1451 614 1482 1780 1468 1783 1468 1788 1465 1830 1451 2030 1462 2047 1462 2050 1462 2052 1462 2055 1462 2077 1446 2573 1437 2717 1451 2723 1412 2720 1376 2678 1359 2675 1359 2673 1359 2600 1373 2420 1362 2417 1362 2414 1362 2411 1362 2389 1379 2317 1368 2314 1368 2089 1384 2038 1370 2036 1370 2033 1370 1952 1387 1833 1373 1830 1373 1827 1373 1824 1373 1802 1390 1721 1379 1719 1379 1716 1379 1663 1393 1649 1379 1646 1379 1643 1379 1641 1379 1549 1393 1518 1379 1516 1379 1513 1379 1193 1401 979 1390 976 1390 692 1409 662 1395 659 1395 656 1395 653 1395 611 1409 614 1451"/></Shape>
	    <String CONTENT="du roi des Francais. &lt;. ..... ..u. .  .&gt;¬"
                    HPOS="611"
                    VPOS="1359"
                    WIDTH="2112"
                    HEIGHT="123"
                    WC="0.9706188934605297"></String>
          </TextLine>
          <TextLine ID="eSc_line_9f4b6cef"
                    TAGREFS="LT34"
                    BASELINE="2153 1456 2327 1454" 
                    HPOS="2153"
                    VPOS="1454"
                    WIDTH="174"
                    HEIGHT="2">
	    <String CONTENT=""
                    HPOS="2153"
                    VPOS="1454"
                    WIDTH="174"
                    HEIGHT="2"></String>
          </TextLine>
          <TextLine ID="eSc_line_a8782bfb"
                    TAGREFS="LT31"
                    BASELINE="611 1529 2703 1476" 
                    HPOS="609"
                    VPOS="1423"
                    WIDTH="2094"
                    HEIGHT="139">
            <Shape><Polygon POINTS="611 1529 611 1562 1004 1560 1006 1560 1034 1551 1068 1540 1109 1548 1157 1557 1159 1557 1290 1543 1382 1532 1413 1537 1460 1548 1463 1548 1724 1529 1766 1526 1785 1526 1944 1535 1947 1535 1949 1535 1952 1535 1974 1521 2005 1535 2008 1535 2011 1535 2013 1535 2080 1518 2083 1518 2258 1529 2261 1529 2703 1496 2703 1476 2695 1423 2467 1446 2395 1432 2358 1426 2356 1426 2353 1426 2339 1434 2308 1451 2025 1457 1913 1448 1810 1440 1808 1440 1805 1440 1780 1451 1758 1462 1727 1454 1716 1451 1713 1451 1710 1451 1668 1457 1585 1468 1549 1459 1499 1448 1496 1448 1493 1448 1452 1462 1440 1468 1429 1465 1401 1451 1399 1451 1396 1451 1260 1454 1173 1473 1140 1479 1093 1476 951 1462 948 1462 945 1462 942 1462 912 1482 904 1487 778 1487 773 1484 726 1468 723 1468 720 1468 717 1468 714 1468 714 1471 692 1487 692 1490 609 1490 611 1529"/></Shape>
	    <String CONTENT="&lt;. ....  . &gt; e molocil-"
                    HPOS="609"
                    VPOS="1423"
                    WIDTH="2094"
                    HEIGHT="139"
                    WC="0.9175066973852075"></String>
          </TextLine>
          <TextLine ID="eSc_line_c48cc0f8"
                    TAGREFS="LT31"
                    BASELINE="614 1596 2703 1565" 
                    HPOS="611"
                    VPOS="1521"
                    WIDTH="2092"
                    HEIGHT="94">
            <Shape><Polygon POINTS="614 1596 614 1615 2703 1585 2703 1565 2698 1529 1944 1521 1941 1521 1938 1521 1888 1540 1824 1526 1821 1526 1735 1543 1696 1526 1694 1526 1691 1526 1688 1526 1649 1546 1307 1548 1223 1532 1221 1532 1218 1532 1173 1551 1004 1537 1001 1537 998 1537 951 1554 873 1537 870 1537 867 1537 865 1537 848 1554 803 1540 801 1540 798 1540 795 1540 728 1557 650 1540 648 1540 645 1540 611 1557 614 1596"/></Shape>
	    <String CONTENT="lance, allait jussu&#x27;à soupronner le cahinet de Paris, d&#x27;avoir provo¬"
                    HPOS="611"
                    VPOS="1521"
                    WIDTH="2092"
                    HEIGHT="94"
                    WC="0.9930750485779583"></String>
          </TextLine>
          <TextLine ID="eSc_line_04f92fde"
                    TAGREFS="LT33"
                    BASELINE="812 1554 881 1554" 
                    HPOS="812"
                    VPOS="1554"
                    WIDTH="69"
                    HEIGHT="0">
	    <String CONTENT=""
                    HPOS="812"
                    VPOS="1554"
                    WIDTH="69"
                    HEIGHT="0"></String>
          </TextLine>
          <TextLine ID="eSc_line_cd5a0d5d"
                    TAGREFS="LT31"
                    BASELINE="614 1671 2692 1632" 
                    HPOS="611"
                    VPOS="1576"
                    WIDTH="2081"
                    HEIGHT="131">
            <Shape><Polygon POINTS="614 1671 614 1707 681 1693 728 1704 731 1704 734 1704 737 1704 739 1704 767 1687 1009 1699 1015 1699 1018 1699 1020 1699 1062 1682 1276 1693 1285 1693 1287 1693 1293 1693 1404 1676 1477 1690 1485 1690 1488 1690 1507 1690 1666 1671 1897 1682 1947 1682 1949 1682 1991 1679 2153 1662 2687 1662 2692 1632 2684 1582 2495 1593 2461 1585 2417 1576 2414 1576 2411 1576 2408 1576 2395 1587 2383 1598 2319 1598 2294 1590 2264 1582 2261 1582 2258 1582 2255 1582 2230 1590 2208 1598 2191 1593 2161 1582 2158 1582 2155 1582 2153 1582 2105 1596 2077 1601 2038 1596 1961 1585 1958 1585 1955 1585 1927 1598 1916 1604 1894 1598 1838 1587 1835 1587 1833 1587 1783 1601 1763 1607 1741 1604 1668 1590 1666 1590 1663 1590 1660 1590 1643 1607 1635 1612 1499 1612 1449 1610 1260 1598 1257 1598 1254 1598 1251 1598 1232 1615 1232 1618 1051 1621 1043 1621 968 1604 965 1604 859 1618 792 1607 789 1607 611 1629 614 1671"/></Shape>
	    <String CONTENT="qui l&#x27;attaque de Guillamine. Il était prêt à tout pour &#x27;empêcher"
                    HPOS="611"
                    VPOS="1576"
                    WIDTH="2081"
                    HEIGHT="131"
                    WC="0.9920449449465825"></String>
          </TextLine>
          <TextLine ID="eSc_line_7dfab75a"
                    TAGREFS="LT31"
                    BASELINE="611 1743 2700 1704" 
                    HPOS="609"
                    VPOS="1649"
                    WIDTH="2091"
                    HEIGHT="116">
            <Shape><Polygon POINTS="611 1743 611 1765 1702 1757 1788 1751 1961 1738 2055 1749 2100 1751 2102 1751 2147 1746 2250 1732 2292 1743 2297 1746 2300 1746 2303 1746 2698 1738 2700 1704 2695 1660 2536 1649 2534 1649 2417 1665 2383 1668 2358 1665 2278 1654 2275 1654 2205 1668 2180 1674 2130 1671 2019 1662 2016 1662 1961 1674 1933 1682 1860 1682 1855 1676 1835 1662 1833 1662 1830 1662 1827 1662 1824 1662 1794 1679 1783 1685 1641 1685 1618 1682 1541 1668 1538 1668 1535 1668 1496 1685 1488 1687 1452 1685 1312 1674 1310 1674 1307 1674 1273 1690 1268 1690 1262 1690 1198 1674 1196 1674 1193 1674 1112 1693 1107 1693 1101 1693 1048 1676 1045 1676 1043 1676 912 1696 892 1699 879 1699 753 1682 751 1682 748 1682 745 1682 723 1701 720 1701 653 1685 650 1685 648 1685 645 1685 609 1699 611 1743"/></Shape>
	    <String CONTENT="de tirer parti &lt;......... ... .........&gt;"
                    HPOS="609"
                    VPOS="1649"
                    WIDTH="2091"
                    HEIGHT="116"
                    WC="0.8992807283997536"></String>
          </TextLine>
          <TextLine ID="eSc_line_65cf9989"
                    TAGREFS="LT31"
                    BASELINE="600 1824 2214 1782 2662 1785" 
                    HPOS="598"
                    VPOS="1726"
                    WIDTH="2064"
                    HEIGHT="131">
            <Shape><Polygon POINTS="600 1824 600 1857 1454 1824 1635 1835 1657 1835 1660 1835 1663 1835 1666 1835 1696 1818 1969 1827 1991 1827 1994 1827 1997 1827 2000 1827 2019 1810 2253 1804 2275 1818 2278 1818 2280 1818 2283 1818 2406 1804 2659 1810 2662 1785 2656 1735 2289 1743 2275 1740 2242 1726 2239 1726 2236 1726 2161 1740 2116 1749 2038 1743 1969 1738 1966 1738 1880 1746 1749 1757 1710 1749 1682 1740 1680 1740 1677 1740 1616 1749 1527 1763 1452 1751 1413 1746 1410 1746 1332 1754 1159 1771 1034 1757 1020 1757 1018 1757 1004 1757 876 1776 856 1763 853 1763 851 1763 848 1763 845 1763 842 1763 815 1779 598 1765 600 1824"/></Shape>
	    <String CONTENT="&lt;..... .. ....&gt; d&#x27;une intervention que les cir¬"
                    HPOS="598"
                    VPOS="1726"
                    WIDTH="2064"
                    HEIGHT="131"
                    WC="0.9637090132591573"></String>
          </TextLine>
          <TextLine ID="eSc_line_544f3a58"
                    TAGREFS="LT31"
                    BASELINE="603 1899 2653 1846" 
                    HPOS="600"
                    VPOS="1793"
                    WIDTH="2053"
                    HEIGHT="131">
            <Shape><Polygon POINTS="603 1899 603 1924 1788 1904 1791 1904 1810 1899 1847 1888 1874 1899 1885 1902 1888 1902 1891 1902 2097 1896 2150 1890 2331 1874 2650 1879 2653 1846 2648 1804 2556 1793 2553 1793 2550 1793 2547 1793 2547 1796 2536 1807 2531 1813 2420 1813 2406 1810 2364 1799 2361 1799 2358 1799 2356 1799 2311 1813 2300 1815 2292 1813 2250 1801 2247 1801 2244 1801 2242 1801 2239 1801 2219 1815 2211 1821 2108 1821 2066 1821 1897 1810 1894 1810 1719 1829 1713 1829 1685 1815 1682 1815 1680 1815 1529 1835 1524 1835 1521 1835 1468 1821 1465 1821 1463 1821 1360 1840 1354 1840 1349 1840 1304 1827 1301 1827 1299 1827 1296 1827 1265 1840 1009 1835 1006 1835 865 1852 778 1840 776 1840 773 1840 706 1857 653 1843 650 1843 648 1843 645 1843 600 1860 603 1899"/></Shape>
	    <String CONTENT="Constaner l&#x27;avaient obligé à tolérer. &lt; &lt;...&gt; Sontenes par"
                    HPOS="600"
                    VPOS="1793"
                    WIDTH="2053"
                    HEIGHT="131"
                    WC="0.9958885221158044"></String>
          </TextLine>
          <TextLine ID="eSc_line_481222a7"
                    TAGREFS="LT31"
                    BASELINE="606 1974 2714 1918" 
                    HPOS="606"
                    VPOS="1863"
                    WIDTH="2108"
                    HEIGHT="147">
            <Shape><Polygon POINTS="606 2010 820 1991 1140 1993 1337 1996 1340 1996 1421 1985 1468 1979 1527 1982 1643 1988 1646 1988 1649 1988 1652 1988 1663 1977 1674 1971 1771 1974 1933 1979 1936 1979 2216 1960 2230 1960 2236 1960 2350 1968 2353 1968 2356 1968 2358 1968 2375 1954 2378 1954 2386 1954 2497 1966 2500 1966 2503 1966 2536 1949 2545 1946 2573 1949 2673 1960 2675 1960 2678 1960 2714 1943 2714 1918 2706 1863 2606 1882 2431 1868 2400 1868 2397 1868 2381 1871 2292 1890 2239 1874 2233 1874 2230 1874 2228 1874 2225 1874 2222 1874 2222 1877 2200 1890 2175 1877 2172 1877 2169 1877 1974 1879 1972 1879 1961 1882 1905 1899 1738 1888 1702 1888 1699 1888 1696 1888 1688 1890 1638 1907 1577 1893 1557 1890 1554 1890 1529 1896 1446 1913 1137 1907 1034 1904 1031 1904 973 1910 812 1929 698 1918 662 1915 659 1915 656 1915 653 1915 648 1921 628 1932 606 1921 606 1974 606 2010"/></Shape>
	    <String CONTENT="l&#x27;apsion brétainique, il déclarait le 15 cout au Parlement"
                    HPOS="606"
                    VPOS="1863"
                    WIDTH="2108"
                    HEIGHT="147"
                    WC="0.9854041204370302"></String>
          </TextLine>
          <TextLine ID="eSc_line_6a426c79"
                    TAGREFS="LT31"
                    BASELINE="600 2046 2709 2010" 
                    HPOS="598"
                    VPOS="1968"
                    WIDTH="2111"
                    HEIGHT="117">
            <Shape><Polygon POINTS="600 2046 600 2085 712 2068 881 2080 887 2080 890 2080 895 2080 998 2066 1546 2066 1691 2066 1694 2066 1710 2063 1771 2049 1930 2057 1974 2060 1977 2060 2000 2057 2075 2043 2709 2043 2709 2010 2700 1968 598 2002 600 2046"/></Shape>
	    <String CONTENT="que la guerre cclatérait si les Francais n&#x27;évanaient pas preup¬"
                    HPOS="598"
                    VPOS="1968"
                    WIDTH="2111"
                    HEIGHT="117"
                    WC="0.9915825932744949"></String>
          </TextLine>
          <TextLine ID="eSc_line_b9b76411"
                    TAGREFS="LT31"
                    BASELINE="598 2130 2700 2088" 
                    HPOS="595"
                    VPOS="2038"
                    WIDTH="2105"
                    HEIGHT="122">
            <Shape><Polygon POINTS="598 2130 598 2160 2698 2116 2700 2088 2692 2043 2539 2055 2500 2046 2456 2038 2453 2038 2450 2038 2425 2049 2414 2055 2403 2049 2386 2041 2383 2041 2381 2041 2311 2052 2253 2060 2230 2055 2203 2043 2200 2043 2197 2043 2194 2043 2150 2055 2119 2063 2072 2057 1988 2046 1986 2046 1913 2060 1885 2066 1841 2063 1713 2052 1710 2052 1707 2052 1668 2066 1655 2074 1424 2077 1407 2074 1365 2060 1363 2060 1360 2060 1273 2077 1251 2080 1210 2077 1004 2066 1001 2066 751 2088 723 2091 714 2091 639 2074 636 2074 634 2074 595 2088 598 2130"/></Shape>
	    <String CONTENT="tement les Belgique. L&#x27;armistrie conclu pas Gerard le 2y avec"
                    HPOS="595"
                    VPOS="2038"
                    WIDTH="2105"
                    HEIGHT="122"
                    WC="0.9898039796313302"></String>
          </TextLine>
          <TextLine ID="eSc_line_29344846"
                    TAGREFS="LT34"
                    BASELINE="2534 2138 2676 2142" 
                    HPOS="2534"
                    VPOS="2138"
                    WIDTH="142"
                    HEIGHT="4">
	    <String CONTENT=""
                    HPOS="2534"
                    VPOS="2138"
                    WIDTH="142"
                    HEIGHT="4"></String>
          </TextLine>
          <TextLine ID="eSc_line_fc1ab953"
                    TAGREFS="LT31"
                    BASELINE="595 2205 2695 2174" 
                    HPOS="592"
                    VPOS="2127"
                    WIDTH="2103"
                    HEIGHT="114">
            <Shape><Polygon POINTS="595 2205 595 2238 976 2224 1006 2233 1037 2241 1040 2241 1043 2241 1115 2230 1198 2219 1510 2224 1874 2230 1877 2230 1880 2230 1883 2230 1899 2216 1908 2210 2008 2207 2022 2216 2044 2227 2047 2227 2050 2227 2144 2213 2166 2210 2183 2213 2258 2224 2261 2224 2264 2224 2311 2210 2342 2202 2386 2207 2467 2221 2470 2221 2472 2221 2517 2207 2539 2199 2692 2202 2695 2174 2687 2138 2436 2141 2431 2141 2375 2127 2372 2127 2369 2127 2367 2127 2308 2141 2297 2146 2055 2146 2047 2146 1988 2132 1986 2132 1983 2132 1927 2149 1916 2149 1899 2149 1785 2135 1783 2135 1657 2152 1649 2152 1643 2152 1571 2138 1568 2138 1566 2138 1535 2152 1254 2144 1251 2144 1004 2160 965 2163 940 2163 778 2149 776 2149 592 2166 595 2205"/></Shape>
	    <String CONTENT="la Gollande ne lui laissait plus de peetestes pour prolinges o"
                    HPOS="592"
                    VPOS="2127"
                    WIDTH="2103"
                    HEIGHT="114"
                    WC="0.9931878024531949"></String>
          </TextLine>
          <TextLine ID="eSc_line_7c3fb114"
                    TAGREFS="LT31"
                    BASELINE="547 2283 1679 2275 1679 2275 2673 2249" 
                    HPOS="545"
                    VPOS="2199"
                    WIDTH="2128"
                    HEIGHT="120">
            <Shape><Polygon POINTS="547 2305 876 2319 879 2319 881 2319 884 2319 904 2305 968 2316 970 2316 1107 2299 1115 2299 1129 2299 1393 2310 1396 2310 1399 2310 1457 2294 1463 2294 1477 2294 1605 2308 1607 2308 1955 2302 1958 2302 1961 2302 1977 2288 1983 2285 2002 2288 2077 2296 2080 2296 2139 2285 2158 2280 2673 2277 2673 2249 2664 2210 2470 2216 2425 2213 2317 2199 2314 2199 2233 2213 2205 2219 2186 2216 2144 2205 2141 2205 2139 2205 2136 2205 2133 2205 2122 2216 2111 2221 2063 2216 1963 2205 1961 2205 1852 2219 1780 2230 1549 2230 1527 2221 1510 2216 1507 2216 1504 2216 1449 2224 1379 2233 1321 2224 1254 2216 1251 2216 1207 2227 1168 2235 1157 2227 1148 2219 1146 2219 1143 2219 1140 2219 1034 2227 895 2241 545 2235 547 2283"/></Shape>
	    <String CONTENT="l&#x27;Occupation. Lomi Phelippe le rappela en septentre. Il diit renon¬"
                    HPOS="545"
                    VPOS="2199"
                    WIDTH="2128"
                    HEIGHT="120"
                    WC="0.9865259038868235"></String>
          </TextLine>
          <TextLine ID="eSc_line_aed22c7a"
                    TAGREFS="LT31"
                    BASELINE="578 2352 1741 2344 2656 2316" 
                    HPOS="575"
                    VPOS="2274"
                    WIDTH="2081"
                    HEIGHT="114">
            <Shape><Polygon POINTS="578 2352 578 2372 828 2372 879 2388 881 2388 884 2388 1040 2372 1785 2374 1788 2374 1791 2374 1852 2360 2111 2369 2114 2369 2116 2369 2164 2349 2656 2338 2656 2316 2648 2274 2116 2299 1988 2299 1972 2285 1969 2283 1966 2283 1963 2283 1961 2283 1958 2283 1949 2285 1919 2299 1872 2288 1869 2288 1866 2288 1863 2288 1783 2305 575 2310 578 2352"/></Shape>
	    <String CONTENT="cer à l&#x27;espois de faire dénmolir une partie au moins &lt; ."
                    HPOS="575"
                    VPOS="2274"
                    WIDTH="2081"
                    HEIGHT="114"
                    WC="0.986547195074851"></String>
          </TextLine>
          <TextLine ID="eSc_line_76454c7e"
                    TAGREFS="LT34"
                    BASELINE="2106 2373 2645 2352" 
                    HPOS="2561"
                    VPOS="2319"
                    WIDTH="84"
                    HEIGHT="66">
            <Shape><Polygon POINTS="2564 2355 2564 2385 2645 2383 2645 2352 2639 2321 2581 2319 2561 2319"/></Shape>
	    <String CONTENT="Bat"
                    HPOS="2561"
                    VPOS="2319"
                    WIDTH="84"
                    HEIGHT="66"
                    WC="0.9997984965642294"></String>
          </TextLine>
          <TextLine ID="eSc_line_6df89c24"
                    TAGREFS="LT31"
                    BASELINE="592 2427 1299 2427 2600 2399" 
                    HPOS="592"
                    VPOS="2347"
                    WIDTH="2008"
                    HEIGHT="114">
            <Shape><Polygon POINTS="592 2452 1121 2461 1123 2461 1126 2461 1129 2461 1151 2447 1154 2444 1165 2447 1240 2461 1243 2461 1510 2441 1557 2438 1563 2441 1596 2455 1599 2455 1602 2455 1719 2438 1741 2436 1755 2438 1816 2449 1819 2449 1821 2449 1824 2449 1838 2436 1844 2433 1897 2436 2069 2447 2072 2447 2598 2424 2600 2399 2592 2358 2484 2363 2470 2358 2447 2349 2445 2349 2442 2349 2439 2349 2436 2349 2436 2352 2428 2358 2420 2369 2361 2369 2350 2360 2336 2347 2333 2347 2331 2347 2328 2347 2105 2349 2102 2349 2100 2349 2083 2363 2069 2372 2016 2363 1961 2355 1958 2355 1955 2355 1952 2355 1938 2363 1922 2374 1897 2366 1883 2360 1880 2360 1877 2360 1874 2360 1872 2360 1866 2366 1847 2377 1599 2380 1577 2369 1568 2366 1566 2366 1563 2366 1560 2366 1557 2366 1554 2369 1541 2383 1146 2385 1082 2374 1040 2369 1037 2369 995 2377 920 2391 848 2377 806 2372 803 2372 801 2372 778 2380 742 2391 592 2383 592 2427 592 2452"/></Shape>
	    <String CONTENT="&lt;....&gt; constrnités les Vl5 sur l&#x27;ordre de l&#x27;Europe &lt;..."
                    HPOS="592"
                    VPOS="2347"
                    WIDTH="2008"
                    HEIGHT="114"
                    WC="0.9391590085896578"></String>
          </TextLine>
          <TextLine ID="eSc_line_37380e80"
                    TAGREFS="LT31"
                    BASELINE="575 2505 2673 2486" 
                    HPOS="573"
                    VPOS="2427"
                    WIDTH="2100"
                    HEIGHT="111">
            <Shape><Polygon POINTS="575 2505 575 2522 792 2538 795 2538 987 2522 998 2522 1009 2522 1171 2536 1173 2536 1176 2536 1210 2522 1215 2519 1240 2522 1376 2533 1379 2533 1527 2530 1529 2530 1532 2530 1543 2519 1546 2519 1560 2530 1563 2530 1566 2530 1568 2530 1618 2519 1632 2516 1641 2519 1668 2530 1671 2530 1674 2530 1799 2519 1860 2513 2670 2513 2673 2486 2670 2449 2595 2427 2592 2427 2589 2427 2586 2427 2522 2444 2495 2427 2492 2427 2489 2427 2486 2427 2369 2449 2361 2452 1988 2452 1983 2449 1963 2438 1961 2438 1958 2438 1955 2438 1952 2438 1913 2449 1908 2452 1905 2449 1880 2436 1877 2436 1874 2436 1872 2436 1869 2436 1866 2436 1844 2449 1841 2452 1835 2449 1777 2433 1774 2433 1771 2433 1769 2433 1732 2449 1721 2455 1699 2452 1627 2436 1624 2436 1621 2436 1593 2452 1585 2455 1557 2452 1493 2441 1490 2441 1488 2441 1463 2452 1446 2458 1363 2452 1257 2444 1254 2444 1251 2444 1232 2452 1221 2458 1215 2452 1198 2438 1196 2438 1193 2438 1190 2438 1187 2438 1154 2452 1132 2461 1093 2452 1040 2441 1037 2441 834 2444 831 2444 828 2444 817 2452 803 2463 734 2452 662 2444 659 2444 573 2452 575 2505"/></Shape>
	    <String CONTENT="&lt;.&gt;. iIl fallut se contenter à ce sujet, d&#x27;une promose de Lé¬"
                    HPOS="573"
                    VPOS="2427"
                    WIDTH="2100"
                    HEIGHT="111"
                    WC="0.970802636877183"></String>
          </TextLine>
          <TextLine ID="eSc_line_60065f61"
                    TAGREFS="LT31"
                    BASELINE="589 2588 2678 2558" 
                    HPOS="586"
                    VPOS="2499"
                    WIDTH="2092"
                    HEIGHT="126">
            <Shape><Polygon POINTS="589 2588 589 2625 787 2605 1151 2616 1154 2616 1240 2600 1332 2613 1335 2613 1541 2597 1724 2608 1727 2608 1730 2608 1732 2608 1755 2591 1880 2605 1883 2605 1885 2605 1938 2588 2019 2602 2022 2602 2153 2588 2283 2600 2286 2600 2289 2600 2361 2583 2481 2597 2484 2597 2486 2597 2550 2580 2673 2594 2678 2558 2675 2516 2650 2502 2648 2502 2645 2502 2642 2502 2500 2516 2436 2499 2433 2499 2431 2499 2428 2499 2425 2499 2400 2522 2244 2522 2175 2499 2172 2499 2169 2499 2166 2499 2164 2499 2139 2519 2116 2502 2114 2502 2111 2502 2108 2502 2105 2502 2030 2522 1919 2502 1916 2502 1913 2502 1819 2527 1688 2508 1685 2508 1571 2530 1543 2508 1541 2508 1538 2508 1535 2508 1532 2508 1529 2508 1499 2533 1385 2519 1382 2519 1282 2536 1148 2516 1146 2516 1143 2516 1140 2516 1109 2541 887 2541 859 2519 856 2519 853 2519 778 2519 776 2519 631 2522 628 2522 625 2522 586 2541 589 2588"/></Shape>
	    <String CONTENT="jold. &lt;.. . .....&gt; Mais il restait à la France se prestige"
                    HPOS="586"
                    VPOS="2499"
                    WIDTH="2092"
                    HEIGHT="126"
                    WC="0.9701335526118844"></String>
          </TextLine>
          <TextLine ID="eSc_line_ebcf6144"
                    TAGREFS="LT31"
                    BASELINE="584 2661 1349 2668 1350 2668 2681 2630" 
                    HPOS="581"
                    VPOS="2575"
                    WIDTH="2100"
                    HEIGHT="122">
            <Shape><Polygon POINTS="584 2697 789 2683 876 2691 926 2697 929 2697 1655 2686 1874 2672 1949 2666 1974 2669 2055 2680 2058 2680 2300 2661 2328 2661 2350 2661 2600 2672 2603 2672 2681 2652 2681 2630 2675 2594 2495 2575 2492 2575 2353 2577 2350 2577 2347 2577 2328 2594 2275 2580 2272 2580 2269 2580 2267 2580 2264 2580 2239 2597 1947 2583 1944 2583 1941 2583 1908 2600 1885 2586 1883 2586 1880 2586 1877 2586 1680 2605 1566 2588 1563 2588 1560 2588 1557 2588 1532 2608 1479 2594 1477 2594 1474 2594 1471 2594 1438 2611 1148 2613 965 2597 962 2597 873 2619 684 2619 645 2605 642 2605 639 2605 636 2605 581 2622 584 2661"/></Shape>
	    <String CONTENT="d&#x27;avoir victoriensement défendu &lt;.&gt; la mutralité bulge"
                    HPOS="581"
                    VPOS="2575"
                    WIDTH="2100"
                    HEIGHT="122"
                    WC="0.9837547220565654"></String>
          </TextLine>
          <TextLine ID="eSc_line_6d88e757"
                    TAGREFS="LT31"
                    BASELINE="578 2741 1921 2727 1921 2727 2575 2705" 
                    HPOS="575"
                    VPOS="2664"
                    WIDTH="2000"
                    HEIGHT="105">
            <Shape><Polygon POINTS="578 2769 1805 2761 1938 2747 1963 2744 2011 2744 2264 2753 2267 2753 2573 2733 2575 2705 2567 2664 575 2694 578 2741"/></Shape>
	    <String CONTENT="... qui cessait d&#x27;apparaître ainsi comme &lt;....&gt;"
                    HPOS="575"
                    VPOS="2664"
                    WIDTH="2000"
                    HEIGHT="105"
                    WC="0.953212097604224"></String>
          </TextLine>
          <TextLine ID="eSc_line_9e33336d"
                    TAGREFS="LT31"
                    BASELINE="573 2811 2642 2778" 
                    HPOS="570"
                    VPOS="2741"
                    WIDTH="2072"
                    HEIGHT="101">
            <Shape><Polygon POINTS="573 2811 573 2833 1115 2842 1118 2842 1232 2828 1262 2825 1293 2828 1421 2839 1424 2839 1824 2822 2008 2814 2022 2819 2041 2828 2044 2828 2047 2828 2122 2819 2178 2811 2191 2816 2205 2825 2208 2825 2211 2825 2258 2816 2292 2811 2639 2811 2642 2778 2637 2744 1777 2741 1774 2741 1613 2758 1599 2758 1557 2758 1132 2753 1129 2753 570 2772 573 2811"/></Shape>
	    <String CONTENT="tournée contre elle. La réorganisation inilitaire du jeune royan¬"
                    HPOS="570"
                    VPOS="2741"
                    WIDTH="2072"
                    HEIGHT="101"
                    WC="0.9848743961407588"></String>
          </TextLine>
          <TextLine ID="eSc_line_1882cc05"
                    TAGREFS="LT31"
                    BASELINE="575 2880 2631 2850" 
                    HPOS="573"
                    VPOS="2800"
                    WIDTH="2058"
                    HEIGHT="114">
            <Shape><Polygon POINTS="575 2880 575 2900 806 2914 809 2914 812 2914 815 2914 840 2897 1374 2894 1663 2908 1666 2908 1936 2889 2050 2903 2052 2903 2055 2903 2097 2886 2436 2897 2439 2897 2442 2897 2503 2878 2517 2875 2628 2875 2631 2850 2625 2816 2534 2800 2531 2800 2442 2816 2436 2816 2397 2816 1705 2811 1702 2811 1699 2811 1696 2811 1682 2825 1677 2828 1641 2825 1527 2814 1524 2814 1521 2814 1518 2814 1504 2825 1496 2830 1452 2828 1351 2816 1349 2816 1346 2816 1343 2816 1326 2828 1312 2836 573 2836 575 2880"/></Shape>
	    <String CONTENT="me se fit aussi à son avantage. &lt;.&gt; le furent des officiers"
                    HPOS="573"
                    VPOS="2800"
                    WIDTH="2058"
                    HEIGHT="114"
                    WC="0.9979535222053528"></String>
          </TextLine>
          <TextLine ID="eSc_line_f5d1c15a"
                    TAGREFS="LT31"
                    BASELINE="592 2953 2662 2930" 
                    HPOS="589"
                    VPOS="2880"
                    WIDTH="2073"
                    HEIGHT="112">
            <Shape><Polygon POINTS="592 2953 595 2992 631 2975 762 2989 770 2989 773 2989 778 2989 848 2972 870 2986 873 2986 876 2986 879 2989 1043 2989 1043 2986 1045 2986 1054 2983 1109 2969 1260 2981 1307 2983 1310 2983 1312 2983 1326 2981 1368 2967 1485 2978 1538 2981 1541 2981 1585 2975 1666 2964 1710 2972 1735 2978 1738 2978 1796 2972 1888 2961 1974 2969 2052 2975 2055 2975 2108 2967 2153 2958 2169 2964 2183 2972 2186 2972 2189 2972 2659 2956 2662 2930 2656 2897 2517 2880 2514 2880 2511 2880 2509 2880 2489 2894 2375 2883 2372 2883 2369 2883 2367 2883 2350 2897 2347 2900 2136 2903 1936 2903 1927 2897 1910 2886 1908 2886 1905 2886 1902 2886 1899 2886 1897 2886 1883 2897 1874 2903 1835 2897 1760 2889 1758 2889 1596 2892 1593 2892 1591 2892 1582 2900 1574 2905 1552 2900 1529 2892 1527 2892 1524 2892 1474 2900 1429 2905 1401 2900 1371 2892 1368 2892 1365 2892 1363 2892 1343 2900 1321 2911 1157 2911 1140 2900 1134 2894 1132 2894 1129 2894 1126 2894 1084 2900 1006 2911 589 2903 592 2953"/></Shape>
	    <String CONTENT="français qui l&#x27;accomplorent et dont beaucoup. an grand dépit de"
                    HPOS="589"
                    VPOS="2880"
                    WIDTH="2073"
                    HEIGHT="112"
                    WC="0.9947395854526095"></String>
          </TextLine>
          <TextLine ID="eSc_line_59f95e96"
                    TAGREFS="LT31"
                    BASELINE="586 3028 2130 3008" 
                    HPOS="584"
                    VPOS="2956"
                    WIDTH="1546"
                    HEIGHT="108">
            <Shape><Polygon POINTS="586 3028 586 3047 979 3064 981 3064 984 3064 1043 3045 1079 3058 1082 3058 1084 3058 1087 3058 1090 3058 1112 3045 1282 3056 1285 3056 1354 3042 1382 3056 1385 3056 1388 3056 1477 3039 1479 3039 1482 3039 1668 3053 1671 3053 1785 3036 1905 3053 1908 3053 2100 3050 2102 3050 2105 3050 2130 3033 2130 3008 2125 2964 1958 2956 1955 2956 1952 2956 1927 2967 1916 2972 1899 2967 1872 2958 1869 2958 1866 2958 1863 2958 1860 2958 1849 2969 1844 2975 1824 2969 1808 2964 1805 2964 1802 2964 1721 2972 1655 2978 1646 2972 1632 2961 1630 2961 1627 2961 1496 2961 1493 2961 1490 2961 1488 2961 1465 2978 1457 2981 1413 2978 1257 2967 1254 2967 1251 2967 1248 2967 1232 2983 1229 2983 1187 2967 1184 2967 1182 2967 798 2989 606 2972 603 2972 600 2972 598 2972 598 2975 584 2986 586 3028"/></Shape>
	    <String CONTENT="Pelmerston, restèrent au service de la Belgique."
                    HPOS="584"
                    VPOS="2956"
                    WIDTH="1546"
                    HEIGHT="108"
                    WC="0.9804749948283037"></String>
          </TextLine>
          <TextLine ID="eSc_line_150960b9"
                    TAGREFS="LT31"
                    BASELINE="603 3103 2662 3089" 
                    HPOS="600"
                    VPOS="3031"
                    WIDTH="2062"
                    HEIGHT="94">
            <Shape><Polygon POINTS="603 3103 603 3125 2659 3125 2662 3089 2656 3047 2411 3031 2408 3031 2406 3031 2356 3047 2353 3047 2292 3031 2289 3031 2286 3031 2283 3031 2247 3047 2242 3053 2050 3053 2047 3050 2019 3033 2016 3033 2013 3033 2011 3033 1919 3050 1916 3050 1913 3050 1838 3033 1835 3033 1833 3033 1799 3050 1799 3053 1796 3050 1771 3036 1769 3036 1766 3036 1763 3036 1760 3036 1710 3053 1705 3056 1532 3056 1527 3053 1465 3036 1463 3036 1460 3036 1382 3053 1368 3056 1321 3056 1015 3039 1012 3039 931 3056 909 3042 906 3042 904 3042 901 3042 898 3042 862 3058 856 3058 851 3058 803 3045 801 3045 798 3045 703 3058 695 3058 689 3058 628 3042 625 3042 623 3042 620 3042 617 3042 600 3050 603 3103"/></Shape>
	    <String CONTENT="&lt;..&gt; si les événements du mois d&#x27;cent avaient profité à la"
                    HPOS="600"
                    VPOS="3031"
                    WIDTH="2062"
                    HEIGHT="94"
                    WC="0.9704040248515242"></String>
          </TextLine>
          <TextLine ID="eSc_line_23740a5b"
                    TAGREFS="LT31"
                    BASELINE="584 3175 2662 3171" 
                    HPOS="581"
                    VPOS="3111"
                    WIDTH="2081"
                    HEIGHT="103">
            <Shape><Polygon POINTS="586 3214 642 3197 714 3211 717 3211 998 3195 1043 3209 1045 3209 1048 3209 1051 3209 1090 3195 1162 3209 1165 3209 1168 3209 1171 3209 1190 3195 1771 3206 1774 3206 1777 3206 1849 3189 2239 3203 2242 3203 2244 3203 2375 3186 2656 3200 2662 3161 2656 3128 2297 3128 2294 3125 2275 3111 2272 3111 2269 3111 2267 3111 2264 3111 2205 3125 2194 3128 2191 3125 2172 3114 2169 3114 2166 3114 2164 3114 1732 3125 1410 3133 1337 3125 1290 3120 1287 3120 1187 3125 979 3136 926 3125 912 3122 909 3122 892 3125 820 3136 581 3125 584 3175"/></Shape>
	    <String CONTENT="France, ils avaient on remanche disciédité la Belgique aux yeux"
                    HPOS="581"
                    VPOS="3111"
                    WIDTH="2081"
                    HEIGHT="103"
                    WC="0.9777893282118297"></String>
          </TextLine>
          <TextLine ID="eSc_line_9333945f"
                    TAGREFS="LT31"
                    BASELINE="581 3253 2689 3234" 
                    HPOS="578"
                    VPOS="3178"
                    WIDTH="2111"
                    HEIGHT="111">
            <Shape><Polygon POINTS="581 3253 581 3289 2687 3267 2689 3234 2684 3200 2603 3181 2600 3181 2517 3197 2447 3178 2445 3178 2442 3178 2439 3178 2353 3200 2144 3181 2141 3181 2139 3181 2077 3203 2075 3203 1919 3184 1916 3184 1827 3200 1749 3186 1746 3186 1744 3186 1741 3186 1713 3206 1713 3209 1652 3209 1613 3209 1568 3186 1566 3186 1563 3186 1560 3186 1474 3209 1468 3209 1438 3209 929 3192 926 3192 923 3192 873 3214 867 3217 578 3217 581 3253"/></Shape>
	    <String CONTENT="du monde. &lt;..... .. . .....&gt;"
                    HPOS="578"
                    VPOS="3178"
                    WIDTH="2111"
                    HEIGHT="111"
                    WC="0.9111710829394204"></String>
          </TextLine>
        </TextBlock>
        <TextBlock HPOS="45"
                   VPOS="2313"
                   WIDTH="497"
                   HEIGHT="207"
                   ID="3a0416a4-8fb3-4555-9553-9b35f5d2add3"
                   TAGREFS="BT43">
          <Shape><Polygon POINTS="542 2313 542 2520 45 2520 45 2313"/></Shape>
          <TextLine ID="eSc_line_6e06c148"
                    TAGREFS="LT34"
                    BASELINE="66 2413 545 2399" 
                    HPOS="66"
                    VPOS="2341"
                    WIDTH="479"
                    HEIGHT="114">
            <Shape><Polygon POINTS="509 2366 481 2360 453 2352 425 2344 417 2341 414 2341 411 2341 408 2341 378 2355 367 2360 353 2355 322 2344 319 2344 317 2344 314 2344 289 2355 272 2360 253 2355 250 2352 230 2360 203 2369 194 2369 194 2372 191 2372 175 2377 147 2385 119 2394 91 2410 89 2366 66 2352 66 2413 66 2455 158 2455 158 2452 161 2452 166 2449 200 2433 542 2436 545 2399 539 2374 536 2374"/></Shape>
	    <String CONTENT="de la barrière de"
                    HPOS="66"
                    VPOS="2341"
                    WIDTH="479"
                    HEIGHT="114"
                    WC="0.999454470241771"></String>
          </TextLine>
          <TextLine ID="eSc_line_2960d42f"
                    TAGREFS="LT34"
                    BASELINE="236 2469 497 2449" 
                    HPOS="230"
                    VPOS="2410"
                    WIDTH="267"
                    HEIGHT="112">
            <Shape><Polygon POINTS="239 2522 497 2494 497 2449 489 2410 230 2419 236 2469"/></Shape>
	    <String CONTENT="corteresses"
                    HPOS="230"
                    VPOS="2410"
                    WIDTH="267"
                    HEIGHT="112"
                    WC="0.999766393141313"></String>
          </TextLine>
        </TextBlock>
      </PrintSpace>
    </Page>
  </Layout>
</alto>
