<mets xmlns="http://www.loc.gov/METS/" xmlns:xlink="http://www.w3.org/1999/xlink">
  <fileSec>
    
    <fileGrp USE="export">
      
        <file ID="export1">
          <FLocat xlink:href="ARCH-DIV-000496_0001.xml"/>
        </file>
      
        <file ID="export2">
          <FLocat xlink:href="ARCH-DIV-000496_0002.xml"/>
        </file>
      
        <file ID="export3">
          <FLocat xlink:href="ARCH-DIV-000496_0003.xml"/>
        </file>
      
        <file ID="export4">
          <FLocat xlink:href="ARCH-DIV-000496_0004.xml"/>
        </file>
      
        <file ID="export5">
          <FLocat xlink:href="ARCH-DIV-000496_0005.xml"/>
        </file>
      
        <file ID="export6">
          <FLocat xlink:href="ARCH-DIV-000496_0006.xml"/>
        </file>
      
        <file ID="export7">
          <FLocat xlink:href="ARCH-DIV-000496_0007.xml"/>
        </file>
      
        <file ID="export8">
          <FLocat xlink:href="ARCH-DIV-000496_0008.xml"/>
        </file>
      
        <file ID="export9">
          <FLocat xlink:href="ARCH-DIV-000496_0009.xml"/>
        </file>
      
        <file ID="export10">
          <FLocat xlink:href="ARCH-DIV-000496_0010.xml"/>
        </file>
      
        <file ID="export11">
          <FLocat xlink:href="ARCH-DIV-000496_0011.xml"/>
        </file>
      
        <file ID="export12">
          <FLocat xlink:href="ARCH-DIV-000496_0012.xml"/>
        </file>
      
        <file ID="export13">
          <FLocat xlink:href="ARCH-DIV-000496_0013.xml"/>
        </file>
      
        <file ID="export14">
          <FLocat xlink:href="ARCH-DIV-000496_0014.xml"/>
        </file>
      
        <file ID="export15">
          <FLocat xlink:href="ARCH-DIV-000496_0015.xml"/>
        </file>
      
        <file ID="export16">
          <FLocat xlink:href="ARCH-DIV-000496_0016.xml"/>
        </file>
      
        <file ID="export17">
          <FLocat xlink:href="ARCH-DIV-000496_0017.xml"/>
        </file>
      
        <file ID="export18">
          <FLocat xlink:href="ARCH-DIV-000496_0018.xml"/>
        </file>
      
        <file ID="export19">
          <FLocat xlink:href="ARCH-DIV-000496_0019.xml"/>
        </file>
      
        <file ID="export20">
          <FLocat xlink:href="ARCH-DIV-000496_0020.xml"/>
        </file>
      
        <file ID="export21">
          <FLocat xlink:href="ARCH-DIV-000496_0021.xml"/>
        </file>
      
        <file ID="export22">
          <FLocat xlink:href="ARCH-DIV-000496_0022.xml"/>
        </file>
      
        <file ID="export23">
          <FLocat xlink:href="ARCH-DIV-000496_0023.xml"/>
        </file>
      
        <file ID="export24">
          <FLocat xlink:href="ARCH-DIV-000496_0024.xml"/>
        </file>
      
        <file ID="export25">
          <FLocat xlink:href="ARCH-DIV-000496_0025.xml"/>
        </file>
      
        <file ID="export26">
          <FLocat xlink:href="ARCH-DIV-000496_0026.xml"/>
        </file>
      
        <file ID="export27">
          <FLocat xlink:href="ARCH-DIV-000496_0027.xml"/>
        </file>
      
        <file ID="export28">
          <FLocat xlink:href="ARCH-DIV-000496_0028.xml"/>
        </file>
      
        <file ID="export29">
          <FLocat xlink:href="ARCH-DIV-000496_0029.xml"/>
        </file>
      
        <file ID="export30">
          <FLocat xlink:href="ARCH-DIV-000496_0030.xml"/>
        </file>
      
        <file ID="export31">
          <FLocat xlink:href="ARCH-DIV-000496_0031.xml"/>
        </file>
      
        <file ID="export32">
          <FLocat xlink:href="ARCH-DIV-000496_0032.xml"/>
        </file>
      
        <file ID="export33">
          <FLocat xlink:href="ARCH-DIV-000496_0033.xml"/>
        </file>
      
        <file ID="export34">
          <FLocat xlink:href="ARCH-DIV-000496_0034.xml"/>
        </file>
      
        <file ID="export35">
          <FLocat xlink:href="ARCH-DIV-000496_0035.xml"/>
        </file>
      
        <file ID="export36">
          <FLocat xlink:href="ARCH-DIV-000496_0036.xml"/>
        </file>
      
        <file ID="export37">
          <FLocat xlink:href="ARCH-DIV-000496_0037.xml"/>
        </file>
      
        <file ID="export38">
          <FLocat xlink:href="ARCH-DIV-000496_0038.xml"/>
        </file>
      
        <file ID="export39">
          <FLocat xlink:href="ARCH-DIV-000496_0039.xml"/>
        </file>
      
        <file ID="export40">
          <FLocat xlink:href="ARCH-DIV-000496_0040.xml"/>
        </file>
      
        <file ID="export41">
          <FLocat xlink:href="ARCH-DIV-000496_0041.xml"/>
        </file>
      
        <file ID="export42">
          <FLocat xlink:href="ARCH-DIV-000496_0042.xml"/>
        </file>
      
        <file ID="export43">
          <FLocat xlink:href="ARCH-DIV-000496_0043.xml"/>
        </file>
      
        <file ID="export44">
          <FLocat xlink:href="ARCH-DIV-000496_0044.xml"/>
        </file>
      
        <file ID="export45">
          <FLocat xlink:href="ARCH-DIV-000496_0045.xml"/>
        </file>
      
        <file ID="export46">
          <FLocat xlink:href="ARCH-DIV-000496_0046.xml"/>
        </file>
      
        <file ID="export47">
          <FLocat xlink:href="ARCH-DIV-000496_0047.xml"/>
        </file>
      
        <file ID="export48">
          <FLocat xlink:href="ARCH-DIV-000496_0048.xml"/>
        </file>
      
        <file ID="export49">
          <FLocat xlink:href="ARCH-DIV-000496_0049.xml"/>
        </file>
      
        <file ID="export50">
          <FLocat xlink:href="ARCH-DIV-000496_0050.xml"/>
        </file>
      
        <file ID="export51">
          <FLocat xlink:href="ARCH-DIV-000496_0051.xml"/>
        </file>
      
        <file ID="export52">
          <FLocat xlink:href="ARCH-DIV-000496_0052.xml"/>
        </file>
      
        <file ID="export53">
          <FLocat xlink:href="ARCH-DIV-000496_0053.xml"/>
        </file>
      
        <file ID="export54">
          <FLocat xlink:href="ARCH-DIV-000496_0054.xml"/>
        </file>
      
        <file ID="export55">
          <FLocat xlink:href="ARCH-DIV-000496_0055.xml"/>
        </file>
      
        <file ID="export56">
          <FLocat xlink:href="ARCH-DIV-000496_0056.xml"/>
        </file>
      
        <file ID="export57">
          <FLocat xlink:href="ARCH-DIV-000496_0057.xml"/>
        </file>
      
        <file ID="export58">
          <FLocat xlink:href="ARCH-DIV-000496_0058.xml"/>
        </file>
      
        <file ID="export59">
          <FLocat xlink:href="ARCH-DIV-000496_0059.xml"/>
        </file>
      
        <file ID="export60">
          <FLocat xlink:href="ARCH-DIV-000496_0060.xml"/>
        </file>
      
        <file ID="export61">
          <FLocat xlink:href="ARCH-DIV-000496_0061.xml"/>
        </file>
      
        <file ID="export62">
          <FLocat xlink:href="ARCH-DIV-000496_0062.xml"/>
        </file>
      
        <file ID="export63">
          <FLocat xlink:href="ARCH-DIV-000496_0063.xml"/>
        </file>
      
        <file ID="export64">
          <FLocat xlink:href="ARCH-DIV-000496_0064.xml"/>
        </file>
      
        <file ID="export65">
          <FLocat xlink:href="ARCH-DIV-000496_0065.xml"/>
        </file>
      
        <file ID="export66">
          <FLocat xlink:href="ARCH-DIV-000496_0066.xml"/>
        </file>
      
        <file ID="export67">
          <FLocat xlink:href="ARCH-DIV-000496_0067.xml"/>
        </file>
      
        <file ID="export68">
          <FLocat xlink:href="ARCH-DIV-000496_0068.xml"/>
        </file>
      
        <file ID="export69">
          <FLocat xlink:href="ARCH-DIV-000496_0069.xml"/>
        </file>
      
        <file ID="export70">
          <FLocat xlink:href="ARCH-DIV-000496_0070.xml"/>
        </file>
      
        <file ID="export71">
          <FLocat xlink:href="ARCH-DIV-000496_0071.xml"/>
        </file>
      
        <file ID="export72">
          <FLocat xlink:href="ARCH-DIV-000496_0072.xml"/>
        </file>
      
        <file ID="export73">
          <FLocat xlink:href="ARCH-DIV-000496_0073.xml"/>
        </file>
      
        <file ID="export74">
          <FLocat xlink:href="ARCH-DIV-000496_0074.xml"/>
        </file>
      
        <file ID="export75">
          <FLocat xlink:href="ARCH-DIV-000496_0075.xml"/>
        </file>
      
        <file ID="export76">
          <FLocat xlink:href="ARCH-DIV-000496_0076.xml"/>
        </file>
      
        <file ID="export77">
          <FLocat xlink:href="ARCH-DIV-000496_0077.xml"/>
        </file>
      
        <file ID="export78">
          <FLocat xlink:href="ARCH-DIV-000496_0078.xml"/>
        </file>
      
        <file ID="export79">
          <FLocat xlink:href="ARCH-DIV-000496_0079.xml"/>
        </file>
      
        <file ID="export80">
          <FLocat xlink:href="ARCH-DIV-000496_0080.xml"/>
        </file>
      
        <file ID="export81">
          <FLocat xlink:href="ARCH-DIV-000496_0081.xml"/>
        </file>
      
        <file ID="export82">
          <FLocat xlink:href="ARCH-DIV-000496_0082.xml"/>
        </file>
      
        <file ID="export83">
          <FLocat xlink:href="ARCH-DIV-000496_0083.xml"/>
        </file>
      
        <file ID="export84">
          <FLocat xlink:href="ARCH-DIV-000496_0084.xml"/>
        </file>
      
        <file ID="export85">
          <FLocat xlink:href="ARCH-DIV-000496_0085.xml"/>
        </file>
      
        <file ID="export86">
          <FLocat xlink:href="ARCH-DIV-000496_0086.xml"/>
        </file>
      
        <file ID="export87">
          <FLocat xlink:href="ARCH-DIV-000496_0087.xml"/>
        </file>
      
        <file ID="export88">
          <FLocat xlink:href="ARCH-DIV-000496_0088.xml"/>
        </file>
      
        <file ID="export89">
          <FLocat xlink:href="ARCH-DIV-000496_0089.xml"/>
        </file>
      
        <file ID="export90">
          <FLocat xlink:href="ARCH-DIV-000496_0090.xml"/>
        </file>
      
        <file ID="export91">
          <FLocat xlink:href="ARCH-DIV-000496_0091.xml"/>
        </file>
      
        <file ID="export92">
          <FLocat xlink:href="ARCH-DIV-000496_0092.xml"/>
        </file>
      
        <file ID="export93">
          <FLocat xlink:href="ARCH-DIV-000496_0093.xml"/>
        </file>
      
        <file ID="export94">
          <FLocat xlink:href="ARCH-DIV-000496_0094.xml"/>
        </file>
      
        <file ID="export95">
          <FLocat xlink:href="ARCH-DIV-000496_0095.xml"/>
        </file>
      
        <file ID="export96">
          <FLocat xlink:href="ARCH-DIV-000496_0096.xml"/>
        </file>
      
        <file ID="export97">
          <FLocat xlink:href="ARCH-DIV-000496_0097.xml"/>
        </file>
      
        <file ID="export98">
          <FLocat xlink:href="ARCH-DIV-000496_0098.xml"/>
        </file>
      
        <file ID="export99">
          <FLocat xlink:href="ARCH-DIV-000496_0099.xml"/>
        </file>
      
        <file ID="export100">
          <FLocat xlink:href="ARCH-DIV-000496_0100.xml"/>
        </file>
      
        <file ID="export101">
          <FLocat xlink:href="ARCH-DIV-000496_0101.xml"/>
        </file>
      
        <file ID="export102">
          <FLocat xlink:href="ARCH-DIV-000496_0102.xml"/>
        </file>
      
        <file ID="export103">
          <FLocat xlink:href="ARCH-DIV-000496_0103.xml"/>
        </file>
      
        <file ID="export104">
          <FLocat xlink:href="ARCH-DIV-000496_0104.xml"/>
        </file>
      
        <file ID="export105">
          <FLocat xlink:href="ARCH-DIV-000496_0105.xml"/>
        </file>
      
        <file ID="export106">
          <FLocat xlink:href="ARCH-DIV-000496_0106.xml"/>
        </file>
      
        <file ID="export107">
          <FLocat xlink:href="ARCH-DIV-000496_0107.xml"/>
        </file>
      
        <file ID="export108">
          <FLocat xlink:href="ARCH-DIV-000496_0108.xml"/>
        </file>
      
        <file ID="export109">
          <FLocat xlink:href="ARCH-DIV-000496_0109.xml"/>
        </file>
      
        <file ID="export110">
          <FLocat xlink:href="ARCH-DIV-000496_0110.xml"/>
        </file>
      
        <file ID="export111">
          <FLocat xlink:href="ARCH-DIV-000496_0111.xml"/>
        </file>
      
        <file ID="export112">
          <FLocat xlink:href="ARCH-DIV-000496_0112.xml"/>
        </file>
      
        <file ID="export113">
          <FLocat xlink:href="ARCH-DIV-000496_0113.xml"/>
        </file>
      
        <file ID="export114">
          <FLocat xlink:href="ARCH-DIV-000496_0114.xml"/>
        </file>
      
        <file ID="export115">
          <FLocat xlink:href="ARCH-DIV-000496_0115.xml"/>
        </file>
      
        <file ID="export116">
          <FLocat xlink:href="ARCH-DIV-000496_0116.xml"/>
        </file>
      
        <file ID="export117">
          <FLocat xlink:href="ARCH-DIV-000496_0117.xml"/>
        </file>
      
        <file ID="export118">
          <FLocat xlink:href="ARCH-DIV-000496_0118.xml"/>
        </file>
      
        <file ID="export119">
          <FLocat xlink:href="ARCH-DIV-000496_0119.xml"/>
        </file>
      
        <file ID="export120">
          <FLocat xlink:href="ARCH-DIV-000496_0120.xml"/>
        </file>
      
        <file ID="export121">
          <FLocat xlink:href="ARCH-DIV-000496_0121.xml"/>
        </file>
      
        <file ID="export122">
          <FLocat xlink:href="ARCH-DIV-000496_0122.xml"/>
        </file>
      
        <file ID="export123">
          <FLocat xlink:href="ARCH-DIV-000496_0123.xml"/>
        </file>
      
        <file ID="export124">
          <FLocat xlink:href="ARCH-DIV-000496_0124.xml"/>
        </file>
      
        <file ID="export125">
          <FLocat xlink:href="ARCH-DIV-000496_0125.xml"/>
        </file>
      
        <file ID="export126">
          <FLocat xlink:href="ARCH-DIV-000496_0126.xml"/>
        </file>
      
        <file ID="export127">
          <FLocat xlink:href="ARCH-DIV-000496_0127.xml"/>
        </file>
      
        <file ID="export128">
          <FLocat xlink:href="ARCH-DIV-000496_0128.xml"/>
        </file>
      
        <file ID="export129">
          <FLocat xlink:href="ARCH-DIV-000496_0129.xml"/>
        </file>
      
        <file ID="export130">
          <FLocat xlink:href="ARCH-DIV-000496_0130.xml"/>
        </file>
      
        <file ID="export131">
          <FLocat xlink:href="ARCH-DIV-000496_0131.xml"/>
        </file>
      
        <file ID="export132">
          <FLocat xlink:href="ARCH-DIV-000496_0132.xml"/>
        </file>
      
        <file ID="export133">
          <FLocat xlink:href="ARCH-DIV-000496_0133.xml"/>
        </file>
      
        <file ID="export134">
          <FLocat xlink:href="ARCH-DIV-000496_0134.xml"/>
        </file>
      
        <file ID="export135">
          <FLocat xlink:href="ARCH-DIV-000496_0135.xml"/>
        </file>
      
        <file ID="export136">
          <FLocat xlink:href="ARCH-DIV-000496_0136.xml"/>
        </file>
      
        <file ID="export137">
          <FLocat xlink:href="ARCH-DIV-000496_0137.xml"/>
        </file>
      
        <file ID="export138">
          <FLocat xlink:href="ARCH-DIV-000496_0138.xml"/>
        </file>
      
        <file ID="export139">
          <FLocat xlink:href="ARCH-DIV-000496_0139.xml"/>
        </file>
      
        <file ID="export140">
          <FLocat xlink:href="ARCH-DIV-000496_0140.xml"/>
        </file>
      
        <file ID="export141">
          <FLocat xlink:href="ARCH-DIV-000496_0141.xml"/>
        </file>
      
        <file ID="export142">
          <FLocat xlink:href="ARCH-DIV-000496_0142.xml"/>
        </file>
      
        <file ID="export143">
          <FLocat xlink:href="ARCH-DIV-000496_0143.xml"/>
        </file>
      
        <file ID="export144">
          <FLocat xlink:href="ARCH-DIV-000496_0144.xml"/>
        </file>
      
        <file ID="export145">
          <FLocat xlink:href="ARCH-DIV-000496_0145.xml"/>
        </file>
      
        <file ID="export146">
          <FLocat xlink:href="ARCH-DIV-000496_0146.xml"/>
        </file>
      
        <file ID="export147">
          <FLocat xlink:href="ARCH-DIV-000496_0147.xml"/>
        </file>
      
        <file ID="export148">
          <FLocat xlink:href="ARCH-DIV-000496_0148.xml"/>
        </file>
      
        <file ID="export149">
          <FLocat xlink:href="ARCH-DIV-000496_0149.xml"/>
        </file>
      
        <file ID="export150">
          <FLocat xlink:href="ARCH-DIV-000496_0150.xml"/>
        </file>
      
        <file ID="export151">
          <FLocat xlink:href="ARCH-DIV-000496_0151.xml"/>
        </file>
      
        <file ID="export152">
          <FLocat xlink:href="ARCH-DIV-000496_0152.xml"/>
        </file>
      
        <file ID="export153">
          <FLocat xlink:href="ARCH-DIV-000496_0153.xml"/>
        </file>
      
        <file ID="export154">
          <FLocat xlink:href="ARCH-DIV-000496_0154.xml"/>
        </file>
      
        <file ID="export155">
          <FLocat xlink:href="ARCH-DIV-000496_0155.xml"/>
        </file>
      
        <file ID="export156">
          <FLocat xlink:href="ARCH-DIV-000496_0156.xml"/>
        </file>
      
        <file ID="export157">
          <FLocat xlink:href="ARCH-DIV-000496_0157.xml"/>
        </file>
      
        <file ID="export158">
          <FLocat xlink:href="ARCH-DIV-000496_0158.xml"/>
        </file>
      
        <file ID="export159">
          <FLocat xlink:href="ARCH-DIV-000496_0159.xml"/>
        </file>
      
        <file ID="export160">
          <FLocat xlink:href="ARCH-DIV-000496_0160.xml"/>
        </file>
      
        <file ID="export161">
          <FLocat xlink:href="ARCH-DIV-000496_0161.xml"/>
        </file>
      
        <file ID="export162">
          <FLocat xlink:href="ARCH-DIV-000496_0162.xml"/>
        </file>
      
        <file ID="export163">
          <FLocat xlink:href="ARCH-DIV-000496_0163.xml"/>
        </file>
      
        <file ID="export164">
          <FLocat xlink:href="ARCH-DIV-000496_0164.xml"/>
        </file>
      
        <file ID="export165">
          <FLocat xlink:href="ARCH-DIV-000496_0165.xml"/>
        </file>
      
        <file ID="export166">
          <FLocat xlink:href="ARCH-DIV-000496_0166.xml"/>
        </file>
      
        <file ID="export167">
          <FLocat xlink:href="ARCH-DIV-000496_0167.xml"/>
        </file>
      
        <file ID="export168">
          <FLocat xlink:href="ARCH-DIV-000496_0168.xml"/>
        </file>
      
        <file ID="export169">
          <FLocat xlink:href="ARCH-DIV-000496_0169.xml"/>
        </file>
      
        <file ID="export170">
          <FLocat xlink:href="ARCH-DIV-000496_0170.xml"/>
        </file>
      
        <file ID="export171">
          <FLocat xlink:href="ARCH-DIV-000496_0171.xml"/>
        </file>
      
        <file ID="export172">
          <FLocat xlink:href="ARCH-DIV-000496_0172.xml"/>
        </file>
      
        <file ID="export173">
          <FLocat xlink:href="ARCH-DIV-000496_0173.xml"/>
        </file>
      
        <file ID="export174">
          <FLocat xlink:href="ARCH-DIV-000496_0174.xml"/>
        </file>
      
        <file ID="export175">
          <FLocat xlink:href="ARCH-DIV-000496_0175.xml"/>
        </file>
      
        <file ID="export176">
          <FLocat xlink:href="ARCH-DIV-000496_0176.xml"/>
        </file>
      
        <file ID="export177">
          <FLocat xlink:href="ARCH-DIV-000496_0177.xml"/>
        </file>
      
        <file ID="export178">
          <FLocat xlink:href="ARCH-DIV-000496_0178.xml"/>
        </file>
      
        <file ID="export179">
          <FLocat xlink:href="ARCH-DIV-000496_0179.xml"/>
        </file>
      
        <file ID="export180">
          <FLocat xlink:href="ARCH-DIV-000496_0180.xml"/>
        </file>
      
        <file ID="export181">
          <FLocat xlink:href="ARCH-DIV-000496_0181.xml"/>
        </file>
      
        <file ID="export182">
          <FLocat xlink:href="ARCH-DIV-000496_0182.xml"/>
        </file>
      
        <file ID="export183">
          <FLocat xlink:href="ARCH-DIV-000496_0183.xml"/>
        </file>
      
        <file ID="export184">
          <FLocat xlink:href="ARCH-DIV-000496_0184.xml"/>
        </file>
      
        <file ID="export185">
          <FLocat xlink:href="ARCH-DIV-000496_0185.xml"/>
        </file>
      
        <file ID="export186">
          <FLocat xlink:href="ARCH-DIV-000496_0186.xml"/>
        </file>
      
        <file ID="export187">
          <FLocat xlink:href="ARCH-DIV-000496_0187.xml"/>
        </file>
      
        <file ID="export188">
          <FLocat xlink:href="ARCH-DIV-000496_0188.xml"/>
        </file>
      
        <file ID="export189">
          <FLocat xlink:href="ARCH-DIV-000496_0189.xml"/>
        </file>
      
        <file ID="export190">
          <FLocat xlink:href="ARCH-DIV-000496_0190.xml"/>
        </file>
      
        <file ID="export191">
          <FLocat xlink:href="ARCH-DIV-000496_0191.xml"/>
        </file>
      
        <file ID="export192">
          <FLocat xlink:href="ARCH-DIV-000496_0192.xml"/>
        </file>
      
        <file ID="export193">
          <FLocat xlink:href="ARCH-DIV-000496_0193.xml"/>
        </file>
      
        <file ID="export194">
          <FLocat xlink:href="ARCH-DIV-000496_0194.xml"/>
        </file>
      
        <file ID="export195">
          <FLocat xlink:href="ARCH-DIV-000496_0195.xml"/>
        </file>
      
        <file ID="export196">
          <FLocat xlink:href="ARCH-DIV-000496_0196.xml"/>
        </file>
      
        <file ID="export197">
          <FLocat xlink:href="ARCH-DIV-000496_0197.xml"/>
        </file>
      
        <file ID="export198">
          <FLocat xlink:href="ARCH-DIV-000496_0198.xml"/>
        </file>
      
        <file ID="export199">
          <FLocat xlink:href="ARCH-DIV-000496_0199.xml"/>
        </file>
      
        <file ID="export200">
          <FLocat xlink:href="ARCH-DIV-000496_0200.xml"/>
        </file>
      
        <file ID="export201">
          <FLocat xlink:href="ARCH-DIV-000496_0201.xml"/>
        </file>
      
        <file ID="export202">
          <FLocat xlink:href="ARCH-DIV-000496_0202.xml"/>
        </file>
      
        <file ID="export203">
          <FLocat xlink:href="ARCH-DIV-000496_0203.xml"/>
        </file>
      
        <file ID="export204">
          <FLocat xlink:href="ARCH-DIV-000496_0204.xml"/>
        </file>
      
        <file ID="export205">
          <FLocat xlink:href="ARCH-DIV-000496_0205.xml"/>
        </file>
      
        <file ID="export206">
          <FLocat xlink:href="ARCH-DIV-000496_0206.xml"/>
        </file>
      
        <file ID="export207">
          <FLocat xlink:href="ARCH-DIV-000496_0207.xml"/>
        </file>
      
        <file ID="export208">
          <FLocat xlink:href="ARCH-DIV-000496_0208.xml"/>
        </file>
      
        <file ID="export209">
          <FLocat xlink:href="ARCH-DIV-000496_0209.xml"/>
        </file>
      
        <file ID="export210">
          <FLocat xlink:href="ARCH-DIV-000496_0210.xml"/>
        </file>
      
        <file ID="export211">
          <FLocat xlink:href="ARCH-DIV-000496_0211.xml"/>
        </file>
      
        <file ID="export212">
          <FLocat xlink:href="ARCH-DIV-000496_0212.xml"/>
        </file>
      
        <file ID="export213">
          <FLocat xlink:href="ARCH-DIV-000496_0213.xml"/>
        </file>
      
        <file ID="export214">
          <FLocat xlink:href="ARCH-DIV-000496_0214.xml"/>
        </file>
      
        <file ID="export215">
          <FLocat xlink:href="ARCH-DIV-000496_0215.xml"/>
        </file>
      
        <file ID="export216">
          <FLocat xlink:href="ARCH-DIV-000496_0216.xml"/>
        </file>
      
        <file ID="export217">
          <FLocat xlink:href="ARCH-DIV-000496_0217.xml"/>
        </file>
      
        <file ID="export218">
          <FLocat xlink:href="ARCH-DIV-000496_0218.xml"/>
        </file>
      
        <file ID="export219">
          <FLocat xlink:href="ARCH-DIV-000496_0219.xml"/>
        </file>
      
        <file ID="export220">
          <FLocat xlink:href="ARCH-DIV-000496_0220.xml"/>
        </file>
      
        <file ID="export221">
          <FLocat xlink:href="ARCH-DIV-000496_0221.xml"/>
        </file>
      
        <file ID="export222">
          <FLocat xlink:href="ARCH-DIV-000496_0222.xml"/>
        </file>
      
        <file ID="export223">
          <FLocat xlink:href="ARCH-DIV-000496_0223.xml"/>
        </file>
      
        <file ID="export224">
          <FLocat xlink:href="ARCH-DIV-000496_0224.xml"/>
        </file>
      
        <file ID="export225">
          <FLocat xlink:href="ARCH-DIV-000496_0225.xml"/>
        </file>
      
        <file ID="export226">
          <FLocat xlink:href="ARCH-DIV-000496_0226.xml"/>
        </file>
      
        <file ID="export227">
          <FLocat xlink:href="ARCH-DIV-000496_0227.xml"/>
        </file>
      
        <file ID="export228">
          <FLocat xlink:href="ARCH-DIV-000496_0228.xml"/>
        </file>
      
        <file ID="export229">
          <FLocat xlink:href="ARCH-DIV-000496_0229.xml"/>
        </file>
      
        <file ID="export230">
          <FLocat xlink:href="ARCH-DIV-000496_0230.xml"/>
        </file>
      
        <file ID="export231">
          <FLocat xlink:href="ARCH-DIV-000496_0231.xml"/>
        </file>
      
        <file ID="export232">
          <FLocat xlink:href="ARCH-DIV-000496_0232.xml"/>
        </file>
      
        <file ID="export233">
          <FLocat xlink:href="ARCH-DIV-000496_0233.xml"/>
        </file>
      
        <file ID="export234">
          <FLocat xlink:href="ARCH-DIV-000496_0234.xml"/>
        </file>
      
        <file ID="export235">
          <FLocat xlink:href="ARCH-DIV-000496_0235.xml"/>
        </file>
      
        <file ID="export236">
          <FLocat xlink:href="ARCH-DIV-000496_0236.xml"/>
        </file>
      
        <file ID="export237">
          <FLocat xlink:href="ARCH-DIV-000496_0237.xml"/>
        </file>
      
        <file ID="export238">
          <FLocat xlink:href="ARCH-DIV-000496_0238.xml"/>
        </file>
      
        <file ID="export239">
          <FLocat xlink:href="ARCH-DIV-000496_0239.xml"/>
        </file>
      
        <file ID="export240">
          <FLocat xlink:href="ARCH-DIV-000496_0240.xml"/>
        </file>
      
        <file ID="export241">
          <FLocat xlink:href="ARCH-DIV-000496_0241.xml"/>
        </file>
      
        <file ID="export242">
          <FLocat xlink:href="ARCH-DIV-000496_0242.xml"/>
        </file>
      
        <file ID="export243">
          <FLocat xlink:href="ARCH-DIV-000496_0243.xml"/>
        </file>
      
        <file ID="export244">
          <FLocat xlink:href="ARCH-DIV-000496_0244.xml"/>
        </file>
      
        <file ID="export245">
          <FLocat xlink:href="ARCH-DIV-000496_0245.xml"/>
        </file>
      
        <file ID="export246">
          <FLocat xlink:href="ARCH-DIV-000496_0246.xml"/>
        </file>
      
        <file ID="export247">
          <FLocat xlink:href="ARCH-DIV-000496_0247.xml"/>
        </file>
      
        <file ID="export248">
          <FLocat xlink:href="ARCH-DIV-000496_0248.xml"/>
        </file>
      
        <file ID="export249">
          <FLocat xlink:href="ARCH-DIV-000496_0249.xml"/>
        </file>
      
        <file ID="export250">
          <FLocat xlink:href="ARCH-DIV-000496_0250.xml"/>
        </file>
      
        <file ID="export251">
          <FLocat xlink:href="ARCH-DIV-000496_0251.xml"/>
        </file>
      
        <file ID="export252">
          <FLocat xlink:href="ARCH-DIV-000496_0252.xml"/>
        </file>
      
        <file ID="export253">
          <FLocat xlink:href="ARCH-DIV-000496_0253.xml"/>
        </file>
      
        <file ID="export254">
          <FLocat xlink:href="ARCH-DIV-000496_0254.xml"/>
        </file>
      
        <file ID="export255">
          <FLocat xlink:href="ARCH-DIV-000496_0255.xml"/>
        </file>
      
        <file ID="export256">
          <FLocat xlink:href="ARCH-DIV-000496_0256.xml"/>
        </file>
      
        <file ID="export257">
          <FLocat xlink:href="ARCH-DIV-000496_0257.xml"/>
        </file>
      
        <file ID="export258">
          <FLocat xlink:href="ARCH-DIV-000496_0258.xml"/>
        </file>
      
        <file ID="export259">
          <FLocat xlink:href="ARCH-DIV-000496_0259.xml"/>
        </file>
      
        <file ID="export260">
          <FLocat xlink:href="ARCH-DIV-000496_0260.xml"/>
        </file>
      
        <file ID="export261">
          <FLocat xlink:href="ARCH-DIV-000496_0261.xml"/>
        </file>
      
        <file ID="export262">
          <FLocat xlink:href="ARCH-DIV-000496_0262.xml"/>
        </file>
      
        <file ID="export263">
          <FLocat xlink:href="ARCH-DIV-000496_0263.xml"/>
        </file>
      
        <file ID="export264">
          <FLocat xlink:href="ARCH-DIV-000496_0264.xml"/>
        </file>
      
        <file ID="export265">
          <FLocat xlink:href="ARCH-DIV-000496_0265.xml"/>
        </file>
      
        <file ID="export266">
          <FLocat xlink:href="ARCH-DIV-000496_0266.xml"/>
        </file>
      
        <file ID="export267">
          <FLocat xlink:href="ARCH-DIV-000496_0267.xml"/>
        </file>
      
        <file ID="export268">
          <FLocat xlink:href="ARCH-DIV-000496_0268.xml"/>
        </file>
      
        <file ID="export269">
          <FLocat xlink:href="ARCH-DIV-000496_0269.xml"/>
        </file>
      
        <file ID="export270">
          <FLocat xlink:href="ARCH-DIV-000496_0270.xml"/>
        </file>
      
        <file ID="export271">
          <FLocat xlink:href="ARCH-DIV-000496_0271.xml"/>
        </file>
      
        <file ID="export272">
          <FLocat xlink:href="ARCH-DIV-000496_0272.xml"/>
        </file>
      
        <file ID="export273">
          <FLocat xlink:href="ARCH-DIV-000496_0273.xml"/>
        </file>
      
        <file ID="export274">
          <FLocat xlink:href="ARCH-DIV-000496_0274.xml"/>
        </file>
      
        <file ID="export275">
          <FLocat xlink:href="ARCH-DIV-000496_0275.xml"/>
        </file>
      
        <file ID="export276">
          <FLocat xlink:href="ARCH-DIV-000496_0276.xml"/>
        </file>
      
        <file ID="export277">
          <FLocat xlink:href="ARCH-DIV-000496_0277.xml"/>
        </file>
      
        <file ID="export278">
          <FLocat xlink:href="ARCH-DIV-000496_0278.xml"/>
        </file>
      
        <file ID="export279">
          <FLocat xlink:href="ARCH-DIV-000496_0279.xml"/>
        </file>
      
        <file ID="export280">
          <FLocat xlink:href="ARCH-DIV-000496_0280.xml"/>
        </file>
      
        <file ID="export281">
          <FLocat xlink:href="ARCH-DIV-000496_0281.xml"/>
        </file>
      
        <file ID="export282">
          <FLocat xlink:href="ARCH-DIV-000496_0282.xml"/>
        </file>
      
        <file ID="export283">
          <FLocat xlink:href="ARCH-DIV-000496_0283.xml"/>
        </file>
      
        <file ID="export284">
          <FLocat xlink:href="ARCH-DIV-000496_0284.xml"/>
        </file>
      
        <file ID="export285">
          <FLocat xlink:href="ARCH-DIV-000496_0285.xml"/>
        </file>
      
        <file ID="export286">
          <FLocat xlink:href="ARCH-DIV-000496_0286.xml"/>
        </file>
      
        <file ID="export287">
          <FLocat xlink:href="ARCH-DIV-000496_0287.xml"/>
        </file>
      
        <file ID="export288">
          <FLocat xlink:href="ARCH-DIV-000496_0288.xml"/>
        </file>
      
        <file ID="export289">
          <FLocat xlink:href="ARCH-DIV-000496_0289.xml"/>
        </file>
      
        <file ID="export290">
          <FLocat xlink:href="ARCH-DIV-000496_0290.xml"/>
        </file>
      
        <file ID="export291">
          <FLocat xlink:href="ARCH-DIV-000496_0291.xml"/>
        </file>
      
        <file ID="export292">
          <FLocat xlink:href="ARCH-DIV-000496_0292.xml"/>
        </file>
      
        <file ID="export293">
          <FLocat xlink:href="ARCH-DIV-000496_0293.xml"/>
        </file>
      
        <file ID="export294">
          <FLocat xlink:href="ARCH-DIV-000496_0294.xml"/>
        </file>
      
        <file ID="export295">
          <FLocat xlink:href="ARCH-DIV-000496_0295.xml"/>
        </file>
      
        <file ID="export296">
          <FLocat xlink:href="ARCH-DIV-000496_0296.xml"/>
        </file>
      
        <file ID="export297">
          <FLocat xlink:href="ARCH-DIV-000496_0297.xml"/>
        </file>
      
        <file ID="export298">
          <FLocat xlink:href="ARCH-DIV-000496_0298.xml"/>
        </file>
      
        <file ID="export299">
          <FLocat xlink:href="ARCH-DIV-000496_0299.xml"/>
        </file>
      
        <file ID="export300">
          <FLocat xlink:href="ARCH-DIV-000496_0300.xml"/>
        </file>
      
        <file ID="export301">
          <FLocat xlink:href="ARCH-DIV-000496_0301.xml"/>
        </file>
      
        <file ID="export302">
          <FLocat xlink:href="ARCH-DIV-000496_0302.xml"/>
        </file>
      
        <file ID="export303">
          <FLocat xlink:href="ARCH-DIV-000496_0303.xml"/>
        </file>
      
        <file ID="export304">
          <FLocat xlink:href="ARCH-DIV-000496_0304.xml"/>
        </file>
      
        <file ID="export305">
          <FLocat xlink:href="ARCH-DIV-000496_0305.xml"/>
        </file>
      
        <file ID="export306">
          <FLocat xlink:href="ARCH-DIV-000496_0306.xml"/>
        </file>
      
        <file ID="export307">
          <FLocat xlink:href="ARCH-DIV-000496_0307.xml"/>
        </file>
      
        <file ID="export308">
          <FLocat xlink:href="ARCH-DIV-000496_0308.xml"/>
        </file>
      
        <file ID="export309">
          <FLocat xlink:href="ARCH-DIV-000496_0309.xml"/>
        </file>
      
        <file ID="export310">
          <FLocat xlink:href="ARCH-DIV-000496_0310.xml"/>
        </file>
      
        <file ID="export311">
          <FLocat xlink:href="ARCH-DIV-000496_0311.xml"/>
        </file>
      
        <file ID="export312">
          <FLocat xlink:href="ARCH-DIV-000496_0312.xml"/>
        </file>
      
        <file ID="export313">
          <FLocat xlink:href="ARCH-DIV-000496_0313.xml"/>
        </file>
      
        <file ID="export314">
          <FLocat xlink:href="ARCH-DIV-000496_0314.xml"/>
        </file>
      
        <file ID="export315">
          <FLocat xlink:href="ARCH-DIV-000496_0315.xml"/>
        </file>
      
        <file ID="export316">
          <FLocat xlink:href="ARCH-DIV-000496_0316.xml"/>
        </file>
      
        <file ID="export317">
          <FLocat xlink:href="ARCH-DIV-000496_0317.xml"/>
        </file>
      
        <file ID="export318">
          <FLocat xlink:href="ARCH-DIV-000496_0318.xml"/>
        </file>
      
        <file ID="export319">
          <FLocat xlink:href="ARCH-DIV-000496_0319.xml"/>
        </file>
      
        <file ID="export320">
          <FLocat xlink:href="ARCH-DIV-000496_0320.xml"/>
        </file>
      
        <file ID="export321">
          <FLocat xlink:href="ARCH-DIV-000496_0321.xml"/>
        </file>
      
        <file ID="export322">
          <FLocat xlink:href="ARCH-DIV-000496_0322.xml"/>
        </file>
      
        <file ID="export323">
          <FLocat xlink:href="ARCH-DIV-000496_0323.xml"/>
        </file>
      
        <file ID="export324">
          <FLocat xlink:href="ARCH-DIV-000496_0324.xml"/>
        </file>
      
        <file ID="export325">
          <FLocat xlink:href="ARCH-DIV-000496_0325.xml"/>
        </file>
      
        <file ID="export326">
          <FLocat xlink:href="ARCH-DIV-000496_0326.xml"/>
        </file>
      
        <file ID="export327">
          <FLocat xlink:href="ARCH-DIV-000496_0327.xml"/>
        </file>
      
        <file ID="export328">
          <FLocat xlink:href="ARCH-DIV-000496_0328.xml"/>
        </file>
      
        <file ID="export329">
          <FLocat xlink:href="ARCH-DIV-000496_0329.xml"/>
        </file>
      
        <file ID="export330">
          <FLocat xlink:href="ARCH-DIV-000496_0330.xml"/>
        </file>
      
        <file ID="export331">
          <FLocat xlink:href="ARCH-DIV-000496_0331.xml"/>
        </file>
      
        <file ID="export332">
          <FLocat xlink:href="ARCH-DIV-000496_0332.xml"/>
        </file>
      
        <file ID="export333">
          <FLocat xlink:href="ARCH-DIV-000496_0333.xml"/>
        </file>
      
        <file ID="export334">
          <FLocat xlink:href="ARCH-DIV-000496_0334.xml"/>
        </file>
      
        <file ID="export335">
          <FLocat xlink:href="ARCH-DIV-000496_0335.xml"/>
        </file>
      
        <file ID="export336">
          <FLocat xlink:href="ARCH-DIV-000496_0336.xml"/>
        </file>
      
        <file ID="export337">
          <FLocat xlink:href="ARCH-DIV-000496_0337.xml"/>
        </file>
      
        <file ID="export338">
          <FLocat xlink:href="ARCH-DIV-000496_0338.xml"/>
        </file>
      
        <file ID="export339">
          <FLocat xlink:href="ARCH-DIV-000496_0339.xml"/>
        </file>
      
    </fileGrp>
  </fileSec>
  <structMap TYPE="physical">
    <div TYPE="document">
      
      <div TYPE="page">
        
        <fptr FILEID="export1"/>
      </div>
      
      <div TYPE="page">
        
        <fptr FILEID="export2"/>
      </div>
      
      <div TYPE="page">
        
        <fptr FILEID="export3"/>
      </div>
      
      <div TYPE="page">
        
        <fptr FILEID="export4"/>
      </div>
      
      <div TYPE="page">
        
        <fptr FILEID="export5"/>
      </div>
      
      <div TYPE="page">
        
        <fptr FILEID="export6"/>
      </div>
      
      <div TYPE="page">
        
        <fptr FILEID="export7"/>
      </div>
      
      <div TYPE="page">
        
        <fptr FILEID="export8"/>
      </div>
      
      <div TYPE="page">
        
        <fptr FILEID="export9"/>
      </div>
      
      <div TYPE="page">
        
        <fptr FILEID="export10"/>
      </div>
      
      <div TYPE="page">
        
        <fptr FILEID="export11"/>
      </div>
      
      <div TYPE="page">
        
        <fptr FILEID="export12"/>
      </div>
      
      <div TYPE="page">
        
        <fptr FILEID="export13"/>
      </div>
      
      <div TYPE="page">
        
        <fptr FILEID="export14"/>
      </div>
      
      <div TYPE="page">
        
        <fptr FILEID="export15"/>
      </div>
      
      <div TYPE="page">
        
        <fptr FILEID="export16"/>
      </div>
      
      <div TYPE="page">
        
        <fptr FILEID="export17"/>
      </div>
      
      <div TYPE="page">
        
        <fptr FILEID="export18"/>
      </div>
      
      <div TYPE="page">
        
        <fptr FILEID="export19"/>
      </div>
      
      <div TYPE="page">
        
        <fptr FILEID="export20"/>
      </div>
      
      <div TYPE="page">
        
        <fptr FILEID="export21"/>
      </div>
      
      <div TYPE="page">
        
        <fptr FILEID="export22"/>
      </div>
      
      <div TYPE="page">
        
        <fptr FILEID="export23"/>
      </div>
      
      <div TYPE="page">
        
        <fptr FILEID="export24"/>
      </div>
      
      <div TYPE="page">
        
        <fptr FILEID="export25"/>
      </div>
      
      <div TYPE="page">
        
        <fptr FILEID="export26"/>
      </div>
      
      <div TYPE="page">
        
        <fptr FILEID="export27"/>
      </div>
      
      <div TYPE="page">
        
        <fptr FILEID="export28"/>
      </div>
      
      <div TYPE="page">
        
        <fptr FILEID="export29"/>
      </div>
      
      <div TYPE="page">
        
        <fptr FILEID="export30"/>
      </div>
      
      <div TYPE="page">
        
        <fptr FILEID="export31"/>
      </div>
      
      <div TYPE="page">
        
        <fptr FILEID="export32"/>
      </div>
      
      <div TYPE="page">
        
        <fptr FILEID="export33"/>
      </div>
      
      <div TYPE="page">
        
        <fptr FILEID="export34"/>
      </div>
      
      <div TYPE="page">
        
        <fptr FILEID="export35"/>
      </div>
      
      <div TYPE="page">
        
        <fptr FILEID="export36"/>
      </div>
      
      <div TYPE="page">
        
        <fptr FILEID="export37"/>
      </div>
      
      <div TYPE="page">
        
        <fptr FILEID="export38"/>
      </div>
      
      <div TYPE="page">
        
        <fptr FILEID="export39"/>
      </div>
      
      <div TYPE="page">
        
        <fptr FILEID="export40"/>
      </div>
      
      <div TYPE="page">
        
        <fptr FILEID="export41"/>
      </div>
      
      <div TYPE="page">
        
        <fptr FILEID="export42"/>
      </div>
      
      <div TYPE="page">
        
        <fptr FILEID="export43"/>
      </div>
      
      <div TYPE="page">
        
        <fptr FILEID="export44"/>
      </div>
      
      <div TYPE="page">
        
        <fptr FILEID="export45"/>
      </div>
      
      <div TYPE="page">
        
        <fptr FILEID="export46"/>
      </div>
      
      <div TYPE="page">
        
        <fptr FILEID="export47"/>
      </div>
      
      <div TYPE="page">
        
        <fptr FILEID="export48"/>
      </div>
      
      <div TYPE="page">
        
        <fptr FILEID="export49"/>
      </div>
      
      <div TYPE="page">
        
        <fptr FILEID="export50"/>
      </div>
      
      <div TYPE="page">
        
        <fptr FILEID="export51"/>
      </div>
      
      <div TYPE="page">
        
        <fptr FILEID="export52"/>
      </div>
      
      <div TYPE="page">
        
        <fptr FILEID="export53"/>
      </div>
      
      <div TYPE="page">
        
        <fptr FILEID="export54"/>
      </div>
      
      <div TYPE="page">
        
        <fptr FILEID="export55"/>
      </div>
      
      <div TYPE="page">
        
        <fptr FILEID="export56"/>
      </div>
      
      <div TYPE="page">
        
        <fptr FILEID="export57"/>
      </div>
      
      <div TYPE="page">
        
        <fptr FILEID="export58"/>
      </div>
      
      <div TYPE="page">
        
        <fptr FILEID="export59"/>
      </div>
      
      <div TYPE="page">
        
        <fptr FILEID="export60"/>
      </div>
      
      <div TYPE="page">
        
        <fptr FILEID="export61"/>
      </div>
      
      <div TYPE="page">
        
        <fptr FILEID="export62"/>
      </div>
      
      <div TYPE="page">
        
        <fptr FILEID="export63"/>
      </div>
      
      <div TYPE="page">
        
        <fptr FILEID="export64"/>
      </div>
      
      <div TYPE="page">
        
        <fptr FILEID="export65"/>
      </div>
      
      <div TYPE="page">
        
        <fptr FILEID="export66"/>
      </div>
      
      <div TYPE="page">
        
        <fptr FILEID="export67"/>
      </div>
      
      <div TYPE="page">
        
        <fptr FILEID="export68"/>
      </div>
      
      <div TYPE="page">
        
        <fptr FILEID="export69"/>
      </div>
      
      <div TYPE="page">
        
        <fptr FILEID="export70"/>
      </div>
      
      <div TYPE="page">
        
        <fptr FILEID="export71"/>
      </div>
      
      <div TYPE="page">
        
        <fptr FILEID="export72"/>
      </div>
      
      <div TYPE="page">
        
        <fptr FILEID="export73"/>
      </div>
      
      <div TYPE="page">
        
        <fptr FILEID="export74"/>
      </div>
      
      <div TYPE="page">
        
        <fptr FILEID="export75"/>
      </div>
      
      <div TYPE="page">
        
        <fptr FILEID="export76"/>
      </div>
      
      <div TYPE="page">
        
        <fptr FILEID="export77"/>
      </div>
      
      <div TYPE="page">
        
        <fptr FILEID="export78"/>
      </div>
      
      <div TYPE="page">
        
        <fptr FILEID="export79"/>
      </div>
      
      <div TYPE="page">
        
        <fptr FILEID="export80"/>
      </div>
      
      <div TYPE="page">
        
        <fptr FILEID="export81"/>
      </div>
      
      <div TYPE="page">
        
        <fptr FILEID="export82"/>
      </div>
      
      <div TYPE="page">
        
        <fptr FILEID="export83"/>
      </div>
      
      <div TYPE="page">
        
        <fptr FILEID="export84"/>
      </div>
      
      <div TYPE="page">
        
        <fptr FILEID="export85"/>
      </div>
      
      <div TYPE="page">
        
        <fptr FILEID="export86"/>
      </div>
      
      <div TYPE="page">
        
        <fptr FILEID="export87"/>
      </div>
      
      <div TYPE="page">
        
        <fptr FILEID="export88"/>
      </div>
      
      <div TYPE="page">
        
        <fptr FILEID="export89"/>
      </div>
      
      <div TYPE="page">
        
        <fptr FILEID="export90"/>
      </div>
      
      <div TYPE="page">
        
        <fptr FILEID="export91"/>
      </div>
      
      <div TYPE="page">
        
        <fptr FILEID="export92"/>
      </div>
      
      <div TYPE="page">
        
        <fptr FILEID="export93"/>
      </div>
      
      <div TYPE="page">
        
        <fptr FILEID="export94"/>
      </div>
      
      <div TYPE="page">
        
        <fptr FILEID="export95"/>
      </div>
      
      <div TYPE="page">
        
        <fptr FILEID="export96"/>
      </div>
      
      <div TYPE="page">
        
        <fptr FILEID="export97"/>
      </div>
      
      <div TYPE="page">
        
        <fptr FILEID="export98"/>
      </div>
      
      <div TYPE="page">
        
        <fptr FILEID="export99"/>
      </div>
      
      <div TYPE="page">
        
        <fptr FILEID="export100"/>
      </div>
      
      <div TYPE="page">
        
        <fptr FILEID="export101"/>
      </div>
      
      <div TYPE="page">
        
        <fptr FILEID="export102"/>
      </div>
      
      <div TYPE="page">
        
        <fptr FILEID="export103"/>
      </div>
      
      <div TYPE="page">
        
        <fptr FILEID="export104"/>
      </div>
      
      <div TYPE="page">
        
        <fptr FILEID="export105"/>
      </div>
      
      <div TYPE="page">
        
        <fptr FILEID="export106"/>
      </div>
      
      <div TYPE="page">
        
        <fptr FILEID="export107"/>
      </div>
      
      <div TYPE="page">
        
        <fptr FILEID="export108"/>
      </div>
      
      <div TYPE="page">
        
        <fptr FILEID="export109"/>
      </div>
      
      <div TYPE="page">
        
        <fptr FILEID="export110"/>
      </div>
      
      <div TYPE="page">
        
        <fptr FILEID="export111"/>
      </div>
      
      <div TYPE="page">
        
        <fptr FILEID="export112"/>
      </div>
      
      <div TYPE="page">
        
        <fptr FILEID="export113"/>
      </div>
      
      <div TYPE="page">
        
        <fptr FILEID="export114"/>
      </div>
      
      <div TYPE="page">
        
        <fptr FILEID="export115"/>
      </div>
      
      <div TYPE="page">
        
        <fptr FILEID="export116"/>
      </div>
      
      <div TYPE="page">
        
        <fptr FILEID="export117"/>
      </div>
      
      <div TYPE="page">
        
        <fptr FILEID="export118"/>
      </div>
      
      <div TYPE="page">
        
        <fptr FILEID="export119"/>
      </div>
      
      <div TYPE="page">
        
        <fptr FILEID="export120"/>
      </div>
      
      <div TYPE="page">
        
        <fptr FILEID="export121"/>
      </div>
      
      <div TYPE="page">
        
        <fptr FILEID="export122"/>
      </div>
      
      <div TYPE="page">
        
        <fptr FILEID="export123"/>
      </div>
      
      <div TYPE="page">
        
        <fptr FILEID="export124"/>
      </div>
      
      <div TYPE="page">
        
        <fptr FILEID="export125"/>
      </div>
      
      <div TYPE="page">
        
        <fptr FILEID="export126"/>
      </div>
      
      <div TYPE="page">
        
        <fptr FILEID="export127"/>
      </div>
      
      <div TYPE="page">
        
        <fptr FILEID="export128"/>
      </div>
      
      <div TYPE="page">
        
        <fptr FILEID="export129"/>
      </div>
      
      <div TYPE="page">
        
        <fptr FILEID="export130"/>
      </div>
      
      <div TYPE="page">
        
        <fptr FILEID="export131"/>
      </div>
      
      <div TYPE="page">
        
        <fptr FILEID="export132"/>
      </div>
      
      <div TYPE="page">
        
        <fptr FILEID="export133"/>
      </div>
      
      <div TYPE="page">
        
        <fptr FILEID="export134"/>
      </div>
      
      <div TYPE="page">
        
        <fptr FILEID="export135"/>
      </div>
      
      <div TYPE="page">
        
        <fptr FILEID="export136"/>
      </div>
      
      <div TYPE="page">
        
        <fptr FILEID="export137"/>
      </div>
      
      <div TYPE="page">
        
        <fptr FILEID="export138"/>
      </div>
      
      <div TYPE="page">
        
        <fptr FILEID="export139"/>
      </div>
      
      <div TYPE="page">
        
        <fptr FILEID="export140"/>
      </div>
      
      <div TYPE="page">
        
        <fptr FILEID="export141"/>
      </div>
      
      <div TYPE="page">
        
        <fptr FILEID="export142"/>
      </div>
      
      <div TYPE="page">
        
        <fptr FILEID="export143"/>
      </div>
      
      <div TYPE="page">
        
        <fptr FILEID="export144"/>
      </div>
      
      <div TYPE="page">
        
        <fptr FILEID="export145"/>
      </div>
      
      <div TYPE="page">
        
        <fptr FILEID="export146"/>
      </div>
      
      <div TYPE="page">
        
        <fptr FILEID="export147"/>
      </div>
      
      <div TYPE="page">
        
        <fptr FILEID="export148"/>
      </div>
      
      <div TYPE="page">
        
        <fptr FILEID="export149"/>
      </div>
      
      <div TYPE="page">
        
        <fptr FILEID="export150"/>
      </div>
      
      <div TYPE="page">
        
        <fptr FILEID="export151"/>
      </div>
      
      <div TYPE="page">
        
        <fptr FILEID="export152"/>
      </div>
      
      <div TYPE="page">
        
        <fptr FILEID="export153"/>
      </div>
      
      <div TYPE="page">
        
        <fptr FILEID="export154"/>
      </div>
      
      <div TYPE="page">
        
        <fptr FILEID="export155"/>
      </div>
      
      <div TYPE="page">
        
        <fptr FILEID="export156"/>
      </div>
      
      <div TYPE="page">
        
        <fptr FILEID="export157"/>
      </div>
      
      <div TYPE="page">
        
        <fptr FILEID="export158"/>
      </div>
      
      <div TYPE="page">
        
        <fptr FILEID="export159"/>
      </div>
      
      <div TYPE="page">
        
        <fptr FILEID="export160"/>
      </div>
      
      <div TYPE="page">
        
        <fptr FILEID="export161"/>
      </div>
      
      <div TYPE="page">
        
        <fptr FILEID="export162"/>
      </div>
      
      <div TYPE="page">
        
        <fptr FILEID="export163"/>
      </div>
      
      <div TYPE="page">
        
        <fptr FILEID="export164"/>
      </div>
      
      <div TYPE="page">
        
        <fptr FILEID="export165"/>
      </div>
      
      <div TYPE="page">
        
        <fptr FILEID="export166"/>
      </div>
      
      <div TYPE="page">
        
        <fptr FILEID="export167"/>
      </div>
      
      <div TYPE="page">
        
        <fptr FILEID="export168"/>
      </div>
      
      <div TYPE="page">
        
        <fptr FILEID="export169"/>
      </div>
      
      <div TYPE="page">
        
        <fptr FILEID="export170"/>
      </div>
      
      <div TYPE="page">
        
        <fptr FILEID="export171"/>
      </div>
      
      <div TYPE="page">
        
        <fptr FILEID="export172"/>
      </div>
      
      <div TYPE="page">
        
        <fptr FILEID="export173"/>
      </div>
      
      <div TYPE="page">
        
        <fptr FILEID="export174"/>
      </div>
      
      <div TYPE="page">
        
        <fptr FILEID="export175"/>
      </div>
      
      <div TYPE="page">
        
        <fptr FILEID="export176"/>
      </div>
      
      <div TYPE="page">
        
        <fptr FILEID="export177"/>
      </div>
      
      <div TYPE="page">
        
        <fptr FILEID="export178"/>
      </div>
      
      <div TYPE="page">
        
        <fptr FILEID="export179"/>
      </div>
      
      <div TYPE="page">
        
        <fptr FILEID="export180"/>
      </div>
      
      <div TYPE="page">
        
        <fptr FILEID="export181"/>
      </div>
      
      <div TYPE="page">
        
        <fptr FILEID="export182"/>
      </div>
      
      <div TYPE="page">
        
        <fptr FILEID="export183"/>
      </div>
      
      <div TYPE="page">
        
        <fptr FILEID="export184"/>
      </div>
      
      <div TYPE="page">
        
        <fptr FILEID="export185"/>
      </div>
      
      <div TYPE="page">
        
        <fptr FILEID="export186"/>
      </div>
      
      <div TYPE="page">
        
        <fptr FILEID="export187"/>
      </div>
      
      <div TYPE="page">
        
        <fptr FILEID="export188"/>
      </div>
      
      <div TYPE="page">
        
        <fptr FILEID="export189"/>
      </div>
      
      <div TYPE="page">
        
        <fptr FILEID="export190"/>
      </div>
      
      <div TYPE="page">
        
        <fptr FILEID="export191"/>
      </div>
      
      <div TYPE="page">
        
        <fptr FILEID="export192"/>
      </div>
      
      <div TYPE="page">
        
        <fptr FILEID="export193"/>
      </div>
      
      <div TYPE="page">
        
        <fptr FILEID="export194"/>
      </div>
      
      <div TYPE="page">
        
        <fptr FILEID="export195"/>
      </div>
      
      <div TYPE="page">
        
        <fptr FILEID="export196"/>
      </div>
      
      <div TYPE="page">
        
        <fptr FILEID="export197"/>
      </div>
      
      <div TYPE="page">
        
        <fptr FILEID="export198"/>
      </div>
      
      <div TYPE="page">
        
        <fptr FILEID="export199"/>
      </div>
      
      <div TYPE="page">
        
        <fptr FILEID="export200"/>
      </div>
      
      <div TYPE="page">
        
        <fptr FILEID="export201"/>
      </div>
      
      <div TYPE="page">
        
        <fptr FILEID="export202"/>
      </div>
      
      <div TYPE="page">
        
        <fptr FILEID="export203"/>
      </div>
      
      <div TYPE="page">
        
        <fptr FILEID="export204"/>
      </div>
      
      <div TYPE="page">
        
        <fptr FILEID="export205"/>
      </div>
      
      <div TYPE="page">
        
        <fptr FILEID="export206"/>
      </div>
      
      <div TYPE="page">
        
        <fptr FILEID="export207"/>
      </div>
      
      <div TYPE="page">
        
        <fptr FILEID="export208"/>
      </div>
      
      <div TYPE="page">
        
        <fptr FILEID="export209"/>
      </div>
      
      <div TYPE="page">
        
        <fptr FILEID="export210"/>
      </div>
      
      <div TYPE="page">
        
        <fptr FILEID="export211"/>
      </div>
      
      <div TYPE="page">
        
        <fptr FILEID="export212"/>
      </div>
      
      <div TYPE="page">
        
        <fptr FILEID="export213"/>
      </div>
      
      <div TYPE="page">
        
        <fptr FILEID="export214"/>
      </div>
      
      <div TYPE="page">
        
        <fptr FILEID="export215"/>
      </div>
      
      <div TYPE="page">
        
        <fptr FILEID="export216"/>
      </div>
      
      <div TYPE="page">
        
        <fptr FILEID="export217"/>
      </div>
      
      <div TYPE="page">
        
        <fptr FILEID="export218"/>
      </div>
      
      <div TYPE="page">
        
        <fptr FILEID="export219"/>
      </div>
      
      <div TYPE="page">
        
        <fptr FILEID="export220"/>
      </div>
      
      <div TYPE="page">
        
        <fptr FILEID="export221"/>
      </div>
      
      <div TYPE="page">
        
        <fptr FILEID="export222"/>
      </div>
      
      <div TYPE="page">
        
        <fptr FILEID="export223"/>
      </div>
      
      <div TYPE="page">
        
        <fptr FILEID="export224"/>
      </div>
      
      <div TYPE="page">
        
        <fptr FILEID="export225"/>
      </div>
      
      <div TYPE="page">
        
        <fptr FILEID="export226"/>
      </div>
      
      <div TYPE="page">
        
        <fptr FILEID="export227"/>
      </div>
      
      <div TYPE="page">
        
        <fptr FILEID="export228"/>
      </div>
      
      <div TYPE="page">
        
        <fptr FILEID="export229"/>
      </div>
      
      <div TYPE="page">
        
        <fptr FILEID="export230"/>
      </div>
      
      <div TYPE="page">
        
        <fptr FILEID="export231"/>
      </div>
      
      <div TYPE="page">
        
        <fptr FILEID="export232"/>
      </div>
      
      <div TYPE="page">
        
        <fptr FILEID="export233"/>
      </div>
      
      <div TYPE="page">
        
        <fptr FILEID="export234"/>
      </div>
      
      <div TYPE="page">
        
        <fptr FILEID="export235"/>
      </div>
      
      <div TYPE="page">
        
        <fptr FILEID="export236"/>
      </div>
      
      <div TYPE="page">
        
        <fptr FILEID="export237"/>
      </div>
      
      <div TYPE="page">
        
        <fptr FILEID="export238"/>
      </div>
      
      <div TYPE="page">
        
        <fptr FILEID="export239"/>
      </div>
      
      <div TYPE="page">
        
        <fptr FILEID="export240"/>
      </div>
      
      <div TYPE="page">
        
        <fptr FILEID="export241"/>
      </div>
      
      <div TYPE="page">
        
        <fptr FILEID="export242"/>
      </div>
      
      <div TYPE="page">
        
        <fptr FILEID="export243"/>
      </div>
      
      <div TYPE="page">
        
        <fptr FILEID="export244"/>
      </div>
      
      <div TYPE="page">
        
        <fptr FILEID="export245"/>
      </div>
      
      <div TYPE="page">
        
        <fptr FILEID="export246"/>
      </div>
      
      <div TYPE="page">
        
        <fptr FILEID="export247"/>
      </div>
      
      <div TYPE="page">
        
        <fptr FILEID="export248"/>
      </div>
      
      <div TYPE="page">
        
        <fptr FILEID="export249"/>
      </div>
      
      <div TYPE="page">
        
        <fptr FILEID="export250"/>
      </div>
      
      <div TYPE="page">
        
        <fptr FILEID="export251"/>
      </div>
      
      <div TYPE="page">
        
        <fptr FILEID="export252"/>
      </div>
      
      <div TYPE="page">
        
        <fptr FILEID="export253"/>
      </div>
      
      <div TYPE="page">
        
        <fptr FILEID="export254"/>
      </div>
      
      <div TYPE="page">
        
        <fptr FILEID="export255"/>
      </div>
      
      <div TYPE="page">
        
        <fptr FILEID="export256"/>
      </div>
      
      <div TYPE="page">
        
        <fptr FILEID="export257"/>
      </div>
      
      <div TYPE="page">
        
        <fptr FILEID="export258"/>
      </div>
      
      <div TYPE="page">
        
        <fptr FILEID="export259"/>
      </div>
      
      <div TYPE="page">
        
        <fptr FILEID="export260"/>
      </div>
      
      <div TYPE="page">
        
        <fptr FILEID="export261"/>
      </div>
      
      <div TYPE="page">
        
        <fptr FILEID="export262"/>
      </div>
      
      <div TYPE="page">
        
        <fptr FILEID="export263"/>
      </div>
      
      <div TYPE="page">
        
        <fptr FILEID="export264"/>
      </div>
      
      <div TYPE="page">
        
        <fptr FILEID="export265"/>
      </div>
      
      <div TYPE="page">
        
        <fptr FILEID="export266"/>
      </div>
      
      <div TYPE="page">
        
        <fptr FILEID="export267"/>
      </div>
      
      <div TYPE="page">
        
        <fptr FILEID="export268"/>
      </div>
      
      <div TYPE="page">
        
        <fptr FILEID="export269"/>
      </div>
      
      <div TYPE="page">
        
        <fptr FILEID="export270"/>
      </div>
      
      <div TYPE="page">
        
        <fptr FILEID="export271"/>
      </div>
      
      <div TYPE="page">
        
        <fptr FILEID="export272"/>
      </div>
      
      <div TYPE="page">
        
        <fptr FILEID="export273"/>
      </div>
      
      <div TYPE="page">
        
        <fptr FILEID="export274"/>
      </div>
      
      <div TYPE="page">
        
        <fptr FILEID="export275"/>
      </div>
      
      <div TYPE="page">
        
        <fptr FILEID="export276"/>
      </div>
      
      <div TYPE="page">
        
        <fptr FILEID="export277"/>
      </div>
      
      <div TYPE="page">
        
        <fptr FILEID="export278"/>
      </div>
      
      <div TYPE="page">
        
        <fptr FILEID="export279"/>
      </div>
      
      <div TYPE="page">
        
        <fptr FILEID="export280"/>
      </div>
      
      <div TYPE="page">
        
        <fptr FILEID="export281"/>
      </div>
      
      <div TYPE="page">
        
        <fptr FILEID="export282"/>
      </div>
      
      <div TYPE="page">
        
        <fptr FILEID="export283"/>
      </div>
      
      <div TYPE="page">
        
        <fptr FILEID="export284"/>
      </div>
      
      <div TYPE="page">
        
        <fptr FILEID="export285"/>
      </div>
      
      <div TYPE="page">
        
        <fptr FILEID="export286"/>
      </div>
      
      <div TYPE="page">
        
        <fptr FILEID="export287"/>
      </div>
      
      <div TYPE="page">
        
        <fptr FILEID="export288"/>
      </div>
      
      <div TYPE="page">
        
        <fptr FILEID="export289"/>
      </div>
      
      <div TYPE="page">
        
        <fptr FILEID="export290"/>
      </div>
      
      <div TYPE="page">
        
        <fptr FILEID="export291"/>
      </div>
      
      <div TYPE="page">
        
        <fptr FILEID="export292"/>
      </div>
      
      <div TYPE="page">
        
        <fptr FILEID="export293"/>
      </div>
      
      <div TYPE="page">
        
        <fptr FILEID="export294"/>
      </div>
      
      <div TYPE="page">
        
        <fptr FILEID="export295"/>
      </div>
      
      <div TYPE="page">
        
        <fptr FILEID="export296"/>
      </div>
      
      <div TYPE="page">
        
        <fptr FILEID="export297"/>
      </div>
      
      <div TYPE="page">
        
        <fptr FILEID="export298"/>
      </div>
      
      <div TYPE="page">
        
        <fptr FILEID="export299"/>
      </div>
      
      <div TYPE="page">
        
        <fptr FILEID="export300"/>
      </div>
      
      <div TYPE="page">
        
        <fptr FILEID="export301"/>
      </div>
      
      <div TYPE="page">
        
        <fptr FILEID="export302"/>
      </div>
      
      <div TYPE="page">
        
        <fptr FILEID="export303"/>
      </div>
      
      <div TYPE="page">
        
        <fptr FILEID="export304"/>
      </div>
      
      <div TYPE="page">
        
        <fptr FILEID="export305"/>
      </div>
      
      <div TYPE="page">
        
        <fptr FILEID="export306"/>
      </div>
      
      <div TYPE="page">
        
        <fptr FILEID="export307"/>
      </div>
      
      <div TYPE="page">
        
        <fptr FILEID="export308"/>
      </div>
      
      <div TYPE="page">
        
        <fptr FILEID="export309"/>
      </div>
      
      <div TYPE="page">
        
        <fptr FILEID="export310"/>
      </div>
      
      <div TYPE="page">
        
        <fptr FILEID="export311"/>
      </div>
      
      <div TYPE="page">
        
        <fptr FILEID="export312"/>
      </div>
      
      <div TYPE="page">
        
        <fptr FILEID="export313"/>
      </div>
      
      <div TYPE="page">
        
        <fptr FILEID="export314"/>
      </div>
      
      <div TYPE="page">
        
        <fptr FILEID="export315"/>
      </div>
      
      <div TYPE="page">
        
        <fptr FILEID="export316"/>
      </div>
      
      <div TYPE="page">
        
        <fptr FILEID="export317"/>
      </div>
      
      <div TYPE="page">
        
        <fptr FILEID="export318"/>
      </div>
      
      <div TYPE="page">
        
        <fptr FILEID="export319"/>
      </div>
      
      <div TYPE="page">
        
        <fptr FILEID="export320"/>
      </div>
      
      <div TYPE="page">
        
        <fptr FILEID="export321"/>
      </div>
      
      <div TYPE="page">
        
        <fptr FILEID="export322"/>
      </div>
      
      <div TYPE="page">
        
        <fptr FILEID="export323"/>
      </div>
      
      <div TYPE="page">
        
        <fptr FILEID="export324"/>
      </div>
      
      <div TYPE="page">
        
        <fptr FILEID="export325"/>
      </div>
      
      <div TYPE="page">
        
        <fptr FILEID="export326"/>
      </div>
      
      <div TYPE="page">
        
        <fptr FILEID="export327"/>
      </div>
      
      <div TYPE="page">
        
        <fptr FILEID="export328"/>
      </div>
      
      <div TYPE="page">
        
        <fptr FILEID="export329"/>
      </div>
      
      <div TYPE="page">
        
        <fptr FILEID="export330"/>
      </div>
      
      <div TYPE="page">
        
        <fptr FILEID="export331"/>
      </div>
      
      <div TYPE="page">
        
        <fptr FILEID="export332"/>
      </div>
      
      <div TYPE="page">
        
        <fptr FILEID="export333"/>
      </div>
      
      <div TYPE="page">
        
        <fptr FILEID="export334"/>
      </div>
      
      <div TYPE="page">
        
        <fptr FILEID="export335"/>
      </div>
      
      <div TYPE="page">
        
        <fptr FILEID="export336"/>
      </div>
      
      <div TYPE="page">
        
        <fptr FILEID="export337"/>
      </div>
      
      <div TYPE="page">
        
        <fptr FILEID="export338"/>
      </div>
      
      <div TYPE="page">
        
        <fptr FILEID="export339"/>
      </div>
      
    </div>
  </structMap>
</mets>
