<?xml version="1.0" encoding="UTF-8"?>
<alto xmlns:xsi="http://www.w3.org/2001/XMLSchema-instance"
      xmlns="http://www.loc.gov/standards/alto/ns-v4#"
      xsi:schemaLocation="http://www.loc.gov/standards/alto/ns-v4# http://www.loc.gov/standards/alto/v4/alto-4-2.xsd">
  <Description>
    <MeasurementUnit>pixel</MeasurementUnit>
    <sourceImageInformation>
      <fileName>ARCH-DIV-000496_0185.png</fileName>
    </sourceImageInformation>
  </Description>
  <Tags>
    <OtherTag ID="BT42" LABEL="MainZone" DESCRIPTION="block type MainZone"/><OtherTag ID="BT43" LABEL="MarginTextZone" DESCRIPTION="block type MarginTextZone"/><OtherTag ID="BT44" LABEL="NumberingZone" DESCRIPTION="block type NumberingZone"/><OtherTag ID="BT45" LABEL="TitlePageZone" DESCRIPTION="block type TitlePageZone"/><OtherTag ID="BT46" LABEL="CustomZone:Numbering" DESCRIPTION="block type CustomZone:Numbering"/><OtherTag ID="BT49" LABEL="MarginTextZone:lower" DESCRIPTION="block type MarginTextZone:lower"/>
    <OtherTag ID="LT25" LABEL="default" DESCRIPTION="line type default"/><OtherTag ID="LT31" LABEL="DefaultLine" DESCRIPTION="line type DefaultLine"/><OtherTag ID="LT32" LABEL="HeadingLine" DESCRIPTION="line type HeadingLine"/><OtherTag ID="LT33" LABEL="InterlinearLine:addition" DESCRIPTION="line type InterlinearLine:addition"/><OtherTag ID="LT34" LABEL="InterlinearLine:correction" DESCRIPTION="line type InterlinearLine:correction"/>
  </Tags>
  <Layout>
    <Page WIDTH="2790"
          HEIGHT="3337"
          PHYSICAL_IMG_NR="184"
          ID="eSc_dummypage_">
      <PrintSpace HPOS="0"
                  VPOS="0"
                  WIDTH="2790"
                  HEIGHT="3337">
        <TextBlock HPOS="142"
                   VPOS="54"
                   WIDTH="298"
                   HEIGHT="176"
                   ID="eSc_textblock_5c251880"
                   TAGREFS="BT44">
          <Shape><Polygon POINTS="142 54 142 230 440 230 440 74"/></Shape>
          <TextLine ID="eSc_line_254e523a"
                    TAGREFS="LT31"
                    BASELINE="211 126 420 139" 
                    HPOS="244"
                    VPOS="66"
                    WIDTH="92"
                    HEIGHT="128">
            <Shape><Polygon POINTS="250 147 253 194 336 194 333 139 325 72 264 66 244 100"/></Shape>
	    <String CONTENT="77)"
                    HPOS="244"
                    VPOS="66"
                    WIDTH="92"
                    HEIGHT="128"
                    WC="0.9999776283899943"></String>
          </TextLine>
        </TextBlock>
        <TextBlock HPOS="494"
                   VPOS="0"
                   WIDTH="2249"
                   HEIGHT="3278"
                   ID="eSc_textblock_41eecc00"
                   TAGREFS="BT42">
          <Shape><Polygon POINTS="494 0 508 3278 2716 3278 2743 7"/></Shape>
          <TextLine ID="eSc_line_f8f51285"
                    TAGREFS="LT31"
                    BASELINE="600 86 1006 75 2667 69" 
                    HPOS="600"
                    VPOS="13"
                    WIDTH="2067"
                    HEIGHT="106">
            <Shape><Polygon POINTS="2406 19 2378 19 2350 19 2333 19 2280 27 2272 27 2247 27 1961 16 1933 16 1913 13 1888 13 1877 13 1849 13 1821 13 1808 13 1777 30 1774 30 1746 30 1457 13 1454 13 1452 13 1449 13 1429 30 1360 13 1357 13 1354 13 1351 13 1349 13 1321 30 1321 33 1082 33 1076 33 1026 16 1015 19 1006 19 965 33 962 33 956 33 909 25 904 25 876 27 848 27 837 27 831 33 828 36 737 36 709 38 681 38 653 41 625 41 603 52 600 86 600 119 745 102 879 116 881 116 1057 102 1265 114 1276 114 1279 114 1282 114 1312 100 1552 100 1579 111 1585 114 1588 114 1591 114 1593 114 1602 111 1638 100 1660 111 1666 114 1668 114 1671 114 1749 111 1958 97 2063 108 2116 111 2119 111 2664 100 2667 69 2662 27 2456 27 2436 19 2433 19"/></Shape>
	    <String CONTENT="elut l&#x27;obligation imposée à Mar. Mahon de diblogner Mitz en ma¬"
                    HPOS="600"
                    VPOS="13"
                    WIDTH="2067"
                    HEIGHT="106"
                    WC="0.993082856759429"></String>
          </TextLine>
          <TextLine ID="eSc_line_2c7a5202"
                    TAGREFS="LT31"
                    BASELINE="620 155 2692 139" 
                    HPOS="617"
                    VPOS="86"
                    WIDTH="2075"
                    HEIGHT="100">
            <Shape><Polygon POINTS="620 155 620 186 979 169 1157 180 1196 183 1198 183 1226 180 1340 166 1454 177 1482 180 1485 180 1557 177 1755 166 1894 175 1983 177 1986 177 2013 172 2061 161 2086 172 2094 175 2097 175 2100 177 2344 177 2344 175 2347 175 2361 169 2383 158 2687 164 2692 139 2689 102 2650 86 2648 86 2645 86 2484 100 2442 86 2439 86 2436 86 2297 102 2069 88 2066 88 2063 88 2000 105 1994 105 1983 105 1813 91 1810 91 1808 91 1805 91 1785 105 1421 94 1418 94 1318 108 1301 111 1299 108 1285 97 1282 97 1279 97 1134 97 1132 97 1129 97 1095 111 1090 114 617 114 620 155"/></Shape>
	    <String CONTENT="nocurant au Nord de cette place, pour les rapprocher, contre toute at¬"
                    HPOS="617"
                    VPOS="86"
                    WIDTH="2075"
                    HEIGHT="100"
                    WC="0.9821475267410278"></String>
          </TextLine>
          <TextLine ID="eSc_line_188ef31e"
                    TAGREFS="LT31"
                    BASELINE="617 219 2667 194" 
                    HPOS="614"
                    VPOS="150"
                    WIDTH="2053"
                    HEIGHT="94">
            <Shape><Polygon POINTS="617 219 617 244 2664 219 2667 194 2659 150 614 166 617 219"/></Shape>
	    <String CONTENT="teute du territoire belge. &lt;... .. .. . ..... ......&gt;"
                    HPOS="614"
                    VPOS="150"
                    WIDTH="2053"
                    HEIGHT="94"
                    WC="0.9233868661916481"></String>
          </TextLine>
          <TextLine ID="eSc_line_bb9e0eb6"
                    TAGREFS="LT34"
                    BASELINE="2486 232 2587 230" 
                    HPOS="2486"
                    VPOS="230"
                    WIDTH="101"
                    HEIGHT="2">
	    <String CONTENT=""
                    HPOS="2486"
                    VPOS="230"
                    WIDTH="101"
                    HEIGHT="2"></String>
          </TextLine>
          <TextLine ID="eSc_line_5ef8c783"
                    TAGREFS="LT31"
                    BASELINE="614 291 2698 272" 
                    HPOS="611"
                    VPOS="222"
                    WIDTH="2087"
                    HEIGHT="106">
            <Shape><Polygon POINTS="614 291 614 328 2698 300 2698 272 2692 236 2278 225 2275 225 2189 236 2155 239 2144 236 2114 222 2111 222 2108 222 2105 222 2052 236 2025 241 1980 236 1905 225 1902 225 1835 236 1780 244 1710 236 1641 228 1638 228 1635 228 1618 236 1599 244 1521 236 1460 230 1457 230 1454 230 1452 230 1446 236 1432 247 1262 236 1196 233 1193 233 1190 233 1187 233 1184 236 1168 253 1026 253 984 236 970 233 968 233 965 233 962 233 945 236 884 253 611 239 614 291"/></Shape>
	    <String CONTENT="&lt;....... ... ...&gt; Refoulés sur sedan é..&gt;¬"
                    HPOS="611"
                    VPOS="222"
                    WIDTH="2087"
                    HEIGHT="106"
                    WC="0.965455793199085"></String>
          </TextLine>
          <TextLine ID="eSc_line_da053998"
                    TAGREFS="LT31"
                    BASELINE="606 361 2664 336" 
                    HPOS="603"
                    VPOS="291"
                    WIDTH="2061"
                    HEIGHT="98">
            <Shape><Polygon POINTS="606 361 606 389 1735 389 1735 386 1777 380 1849 372 1936 380 1974 383 1977 383 1980 383 1991 380 2022 369 2061 380 2066 380 2069 380 2072 380 2122 380 2386 367 2425 378 2428 378 2431 378 2433 378 2436 378 2439 378 2472 364 2659 375 2664 336 2656 300 2153 305 2122 303 1997 291 1994 291 1991 291 1988 291 1972 305 1963 308 1913 305 1746 294 1744 294 1741 294 1738 294 1719 308 1713 311 1691 308 1627 297 1624 297 1546 308 1510 314 1443 311 1290 300 1287 300 1285 300 1248 311 1232 317 1212 311 1168 303 1165 303 1162 303 1121 314 1107 317 1104 314 1093 303 1090 303 1087 303 1084 303 1082 303 1079 303 1062 314 1054 319 1026 314 984 305 981 305 979 305 956 314 945 319 603 319 606 361"/></Shape>
	    <String CONTENT="&lt;.... ..... ... ...... ... ...&gt; y occeptes la"
                    HPOS="603"
                    VPOS="291"
                    WIDTH="2061"
                    HEIGHT="98"
                    WC="0.9259935835997264"></String>
          </TextLine>
          <TextLine ID="eSc_line_4bf81cf6"
                    TAGREFS="LT34"
                    BASELINE="1682 324 1965 321" 
                    HPOS="1682"
                    VPOS="321"
                    WIDTH="283"
                    HEIGHT="3">
	    <String CONTENT=""
                    HPOS="1682"
                    VPOS="321"
                    WIDTH="283"
                    HEIGHT="3"></String>
          </TextLine>
          <TextLine ID="eSc_line_16c84b42"
                    TAGREFS="LT31"
                    BASELINE="600 431 2667 408" 
                    HPOS="598"
                    VPOS="364"
                    WIDTH="2069"
                    HEIGHT="103">
            <Shape><Polygon POINTS="600 431 600 456 881 467 884 467 887 467 890 467 909 453 917 450 1073 450 1079 453 1109 467 1112 467 1115 467 1304 464 1374 447 1396 444 1510 447 1872 458 1874 458 2664 433 2667 408 2659 364 598 383 600 431"/></Shape>
	    <String CONTENT="bataille sous les y eux des postes balgus qui gamissaient le frontière."
                    HPOS="598"
                    VPOS="364"
                    WIDTH="2069"
                    HEIGHT="103"
                    WC="0.9805731706216302"></String>
          </TextLine>
          <TextLine ID="eSc_line_d582c13e"
                    TAGREFS="LT33"
                    BASELINE="2475 446 2513 444" 
                    HPOS="2475"
                    VPOS="444"
                    WIDTH="38"
                    HEIGHT="2">
	    <String CONTENT=""
                    HPOS="2475"
                    VPOS="444"
                    WIDTH="38"
                    HEIGHT="2"></String>
          </TextLine>
          <TextLine ID="eSc_line_dafa0751"
                    TAGREFS="LT31"
                    BASELINE="606 506 1426 486 2659 481" 
                    HPOS="603"
                    VPOS="425"
                    WIDTH="2056"
                    HEIGHT="103">
            <Shape><Polygon POINTS="606 506 606 528 2656 511 2659 481 2653 444 2472 425 2470 425 2353 444 2267 428 2264 428 2153 447 1618 436 1616 436 1493 450 1460 436 1457 436 1454 436 1452 436 1371 458 1159 458 1129 442 1126 442 1123 442 1121 442 1118 442 1093 458 1018 442 1015 442 1012 442 962 458 809 444 806 444 698 461 642 444 639 444 636 444 634 444 631 444 603 458 606 506"/></Shape>
	    <String CONTENT="Moltke avait donné l&#x27;ordre de les pourseuivre aussitôt d&#x27;ils fran¬"
                    HPOS="603"
                    VPOS="425"
                    WIDTH="2056"
                    HEIGHT="103"
                    WC="0.9957895865946105"></String>
          </TextLine>
          <TextLine ID="eSc_line_2b03491d"
                    TAGREFS="LT31"
                    BASELINE="598 578 2681 547" 
                    HPOS="595"
                    VPOS="508"
                    WIDTH="2086"
                    HEIGHT="89">
            <Shape><Polygon POINTS="598 578 598 597 2678 581 2681 547 2673 508 1610 511 1532 525 1516 525 1490 525 1349 514 1346 514 1343 514 1290 528 1282 528 1271 528 1173 517 1171 517 1168 517 1165 517 1148 531 1143 531 1118 531 968 520 965 520 595 536 598 578"/></Shape>
	    <String CONTENT="chissaient sans être désarmés à l&#x27;instant. En réalité, leur désarroi"
                    HPOS="595"
                    VPOS="508"
                    WIDTH="2086"
                    HEIGHT="89"
                    WC="0.9864438884500144"></String>
          </TextLine>
          <TextLine ID="eSc_line_3a5df171"
                    TAGREFS="LT31"
                    BASELINE="598 647 2684 628" 
                    HPOS="595"
                    VPOS="575"
                    WIDTH="2089"
                    HEIGHT="106">
            <Shape><Polygon POINTS="598 647 598 681 1037 664 1184 675 1187 675 1190 675 1246 661 2678 661 2684 628 2675 575 2592 589 2264 581 2100 578 2097 578 2052 583 1994 597 1727 597 1707 592 1688 583 1685 583 1682 583 1680 583 1677 583 1666 592 1655 597 1421 595 981 592 979 592 901 606 887 606 867 606 667 592 664 592 662 592 595 609 598 647"/></Shape>
	    <String CONTENT="était trop grand pour leur permettre une retraite de ce côté. Souls,"
                    HPOS="595"
                    VPOS="575"
                    WIDTH="2089"
                    HEIGHT="106"
                    WC="0.9964253148611855"></String>
          </TextLine>
          <TextLine ID="eSc_line_e0f289ac"
                    TAGREFS="LT31"
                    BASELINE="592 720 2695 700" 
                    HPOS="589"
                    VPOS="653"
                    WIDTH="2106"
                    HEIGHT="103">
            <Shape><Polygon POINTS="592 720 598 756 620 742 840 753 865 753 867 753 870 753 873 753 906 736 2695 734 2695 700 2687 653 589 672 592 720"/></Shape>
	    <String CONTENT="&lt;.. .... ... . .... . .   ."
                    HPOS="589"
                    VPOS="653"
                    WIDTH="2106"
                    HEIGHT="103"
                    WC="0.9529903266164992"></String>
          </TextLine>
          <TextLine ID="eSc_line_3efc9f91"
                    TAGREFS="LT31"
                    BASELINE="595 789 2689 764" 
                    HPOS="592"
                    VPOS="714"
                    WIDTH="2097"
                    HEIGHT="111">
            <Shape><Polygon POINTS="595 789 595 812 801 825 803 825 1184 809 1299 806 1365 809 1516 817 1518 817 1521 817 1546 809 1560 803 2689 803 2689 764 2684 728 2456 714 2453 714 2450 714 2411 728 2400 731 2361 728 2225 717 2222 717 2219 717 2216 717 2203 728 2200 734 2189 728 2172 723 2169 723 2166 723 1966 731 1749 739 1571 734 1438 728 1435 728 1407 734 1365 742 1326 734 1293 728 1290 728 1254 734 1196 745 1115 734 1076 731 1073 731 1070 731 1068 731 1065 736 1048 748 984 736 968 734 965 734 592 736 595 789"/></Shape>
	    <String CONTENT="&lt;. ... ........ ..... ... ..... ......&gt; trois mille hom¬"
                    HPOS="592"
                    VPOS="714"
                    WIDTH="2097"
                    HEIGHT="111"
                    WC="0.8882833155138152"></String>
          </TextLine>
          <TextLine ID="eSc_line_58d77eb0"
                    TAGREFS="LT31"
                    BASELINE="586 864 2645 839" 
                    HPOS="584"
                    VPOS="803"
                    WIDTH="2061"
                    HEIGHT="86">
            <Shape><Polygon POINTS="586 864 586 889 2642 870 2645 839 2637 803 584 814 586 864"/></Shape>
	    <String CONTENT="mes environ de troupes débaudées se jettèrent dans la provriece de"
                    HPOS="584"
                    VPOS="803"
                    WIDTH="2061"
                    HEIGHT="86"
                    WC="0.9974955690629554"></String>
          </TextLine>
          <TextLine ID="eSc_line_82ec719c"
                    TAGREFS="LT31"
                    BASELINE="581 951 2058 923 2656 926" 
                    HPOS="578"
                    VPOS="864"
                    WIDTH="2078"
                    HEIGHT="123">
            <Shape><Polygon POINTS="581 951 581 970 681 987 684 987 762 970 778 967 806 970 931 984 934 984 1059 967 1118 962 1237 967 1424 976 1426 976 1429 976 1460 964 1482 959 1516 964 1563 973 1566 973 1630 964 1710 953 1897 962 2008 967 2011 967 2013 967 2025 962 2052 948 2303 959 2367 962 2369 962 2372 962 2375 962 2378 959 2400 945 2503 956 2506 956 2509 956 2567 942 2650 956 2656 926 2650 881 2467 881 2425 864 2422 864 2420 864 2186 887 2175 887 2139 870 2136 870 2019 870 2016 870 1838 873 1835 873 1833 873 1802 892 1794 892 1643 878 1641 878 1568 892 1549 878 1546 878 1543 878 1541 878 1143 903 1109 903 1093 903 942 889 940 889 937 889 870 906 867 906 809 889 806 889 803 889 801 889 751 909 748 909 739 909 625 892 623 892 620 892 578 906 581 951"/></Shape>
	    <String CONTENT="Lux embourg et s&#x27;y laissèrent captives sans résistance (1 siphembre)."
                    HPOS="578"
                    VPOS="864"
                    WIDTH="2078"
                    HEIGHT="123"
                    WC="0.9983171820640564"></String>
          </TextLine>
          <TextLine ID="eSc_line_cd2e7bc4"
                    TAGREFS="LT31"
                    BASELINE="581 1028 1858 998 2678 992" 
                    HPOS="578"
                    VPOS="939"
                    WIDTH="2100"
                    HEIGHT="120">
            <Shape><Polygon POINTS="581 1028 581 1059 2675 1012 2678 992 2673 951 2353 939 2350 939 2347 939 2303 956 2297 956 2289 956 2208 942 2205 942 2203 942 2200 942 2200 945 2186 959 2183 959 2169 959 2069 945 2066 945 1986 962 1977 962 1972 962 1924 948 1922 948 1919 948 1916 948 1913 948 1897 962 1891 964 1872 962 1755 951 1752 951 1616 967 1588 970 1568 967 1493 956 1490 956 1407 970 1393 973 1379 973 1312 959 1310 959 1307 959 1268 973 1260 978 578 984 581 1028"/></Shape>
	    <String CONTENT="Depuis lors, la tourmente se portie définitivement vers Paris, &lt;..arla&gt;"
                    HPOS="578"
                    VPOS="939"
                    WIDTH="2100"
                    HEIGHT="120"
                    WC="0.9827177776417262"></String>
          </TextLine>
          <TextLine ID="eSc_line_6c2bd00e"
                    TAGREFS="LT31"
                    BASELINE="581 1098 2675 1053" 
                    HPOS="578"
                    VPOS="1015"
                    WIDTH="2097"
                    HEIGHT="122">
            <Shape><Polygon POINTS="581 1098 581 1137 714 1117 812 1131 837 1134 840 1134 990 1129 993 1129 995 1129 998 1126 1018 1112 1154 1120 1229 1126 1232 1126 1307 1117 1415 1103 1574 1109 1724 1115 1727 1115 1730 1115 1732 1115 1749 1103 1766 1092 2033 1092 2047 1095 2089 1106 2091 1106 2094 1106 2675 1076 2675 1053 2667 1015 578 1053 581 1098"/></Shape>
	    <String CONTENT="&lt;..... ..&gt; la Belgique n&#x27;ent plus qu&#x27;à servir d&#x27;ascle eux meltitudes"
                    HPOS="578"
                    VPOS="1015"
                    WIDTH="2097"
                    HEIGHT="122"
                    WC="0.9796118805373925"></String>
          </TextLine>
          <TextLine ID="eSc_line_0981a875"
                    TAGREFS="LT34"
                    BASELINE="950 1062 1014 1062" 
                    HPOS="950"
                    VPOS="1062"
                    WIDTH="64"
                    HEIGHT="0">
	    <String CONTENT=""
                    HPOS="950"
                    VPOS="1062"
                    WIDTH="64"
                    HEIGHT="0"></String>
          </TextLine>
          <TextLine ID="eSc_line_0e76b528"
                    TAGREFS="LT31"
                    BASELINE="578 1170 2664 1120" 
                    HPOS="575"
                    VPOS="1081"
                    WIDTH="2089"
                    HEIGHT="120">
            <Shape><Polygon POINTS="578 1170 578 1201 2664 1151 2664 1120 2656 1081 575 1129 578 1170"/></Shape>
	    <String CONTENT="de réfiungies qué vnnrent y chenter un abri denant le siège de la grande"
                    HPOS="575"
                    VPOS="1081"
                    WIDTH="2089"
                    HEIGHT="120"
                    WC="0.9887488616837395"></String>
          </TextLine>
          <TextLine ID="eSc_line_6024a98e"
                    TAGREFS="LT31"
                    BASELINE="575 1245 2386 1201 2684 1204" 
                    HPOS="573"
                    VPOS="1148"
                    WIDTH="2111"
                    HEIGHT="114">
            <Shape><Polygon POINTS="575 1245 575 1262 2681 1231 2684 1204 2681 1159 2453 1148 2450 1148 2342 1165 2325 1165 2314 1165 2230 1154 2228 1154 2225 1154 2222 1154 2222 1156 2211 1165 2208 1167 2191 1167 2097 1156 2094 1156 2091 1156 2089 1156 2069 1167 2066 1170 2050 1167 1980 1159 1977 1159 1752 1173 1621 1184 573 1192 575 1245"/></Shape>
	    <String CONTENT="ville et les conmilsions de la comune et à profiter de l&#x27;extradiiaire pros¬"
                    HPOS="573"
                    VPOS="1148"
                    WIDTH="2111"
                    HEIGHT="114"
                    WC="0.991119165953837"></String>
          </TextLine>
          <TextLine ID="eSc_line_a4ea5650"
                    TAGREFS="LT31"
                    BASELINE="581 1312 2536 1259" 
                    HPOS="578"
                    VPOS="1212"
                    WIDTH="1958"
                    HEIGHT="131">
            <Shape><Polygon POINTS="581 1312 581 1343 2536 1284 2536 1259 2528 1212 578 1268 581 1312"/></Shape>
	    <String CONTENT="périté dont la guerre fit bénéficier son commerce et son industrie."
                    HPOS="578"
                    VPOS="1212"
                    WIDTH="1958"
                    HEIGHT="131"
                    WC="0.997981085706113"></String>
          </TextLine>
          <TextLine ID="eSc_line_9a318c1d"
                    TAGREFS="LT31"
                    BASELINE="628 1382 2659 1337" 
                    HPOS="625"
                    VPOS="1290"
                    WIDTH="2034"
                    HEIGHT="131">
            <Shape><Polygon POINTS="628 1382 628 1404 698 1421 700 1421 703 1421 770 1404 1132 1412 1134 1412 2659 1365 2659 1337 2653 1304 2539 1290 2536 1290 2534 1290 2531 1290 2511 1304 2414 1293 2411 1293 2280 1309 2272 1309 2267 1309 2153 1298 2150 1298 2147 1298 2116 1312 2105 1312 1897 1304 1894 1304 1891 1304 1858 1318 1855 1318 1852 1318 1785 1306 1783 1306 1780 1306 1777 1306 1760 1320 1758 1320 1746 1320 1660 1309 1657 1309 1655 1309 1652 1309 1632 1323 1627 1326 625 1340 628 1382"/></Shape>
	    <String CONTENT="Cette sécurité si rapidement et si mopinement retrouuée, permit aux"
                    HPOS="625"
                    VPOS="1290"
                    WIDTH="2034"
                    HEIGHT="131"
                    WC="0.9807244085553867"></String>
          </TextLine>
          <TextLine ID="eSc_line_6620e96a"
                    TAGREFS="LT31"
                    BASELINE="595 1465 2662 1412" 
                    HPOS="592"
                    VPOS="1368"
                    WIDTH="2070"
                    HEIGHT="130">
            <Shape><Polygon POINTS="595 1465 595 1498 717 1479 2662 1437 2662 1412 2653 1368 592 1412 595 1465"/></Shape>
	    <String CONTENT="querelles intestines, n instant comprimées par le péril commun, de"
                    HPOS="592"
                    VPOS="1368"
                    WIDTH="2070"
                    HEIGHT="130"
                    WC="0.9932183451724775"></String>
          </TextLine>
          <TextLine ID="eSc_line_21e876bf"
                    TAGREFS="LT31"
                    BASELINE="584 1532 2667 1493" 
                    HPOS="581"
                    VPOS="1443"
                    WIDTH="2086"
                    HEIGHT="119">
            <Shape><Polygon POINTS="584 1532 584 1562 2667 1523 2667 1493 2662 1457 2606 1443 2603 1443 2497 1459 2486 1459 2481 1459 2439 1446 2436 1446 2433 1446 2325 1462 2314 1462 2308 1462 2258 1448 2255 1448 2253 1448 2150 1465 2141 1465 2133 1465 2069 1451 2066 1451 1941 1468 1916 1471 1899 1468 1824 1457 1821 1457 1819 1457 1777 1471 1766 1473 1744 1471 1646 1459 1643 1459 1641 1459 1638 1459 1618 1473 1616 1476 1596 1473 1518 1462 1516 1462 1363 1479 1318 1482 1287 1479 1184 1468 1182 1468 1054 1484 1012 1490 581 1490 584 1532"/></Shape>
	    <String CONTENT="reprendre avec un surcroit d&#x27;acharnement. La puoclamation re¬"
                    HPOS="581"
                    VPOS="1443"
                    WIDTH="2086"
                    HEIGHT="119"
                    WC="0.9875495316552334"></String>
          </TextLine>
          <TextLine ID="eSc_line_c12f685f"
                    TAGREFS="LT31"
                    BASELINE="584 1607 2650 1568" 
                    HPOS="581"
                    VPOS="1523"
                    WIDTH="2069"
                    HEIGHT="112">
            <Shape><Polygon POINTS="584 1607 584 1635 2650 1607 2650 1568 2642 1523 581 1565 584 1607"/></Shape>
	    <String CONTENT="cente (juillet) par le concile du Vaticau de l&#x27;infaillebiliti du pape &lt;..&gt;"
                    HPOS="581"
                    VPOS="1523"
                    WIDTH="2069"
                    HEIGHT="112"
                    WC="0.9899557538934656"></String>
          </TextLine>
          <TextLine ID="eSc_line_81a77108"
                    TAGREFS="LT31"
                    BASELINE="581 1685 2700 1651" 
                    HPOS="578"
                    VPOS="1604"
                    WIDTH="2122"
                    HEIGHT="108">
            <Shape><Polygon POINTS="581 1685 581 1710 1457 1712 1460 1712 1660 1701 1899 1690 1961 1701 1988 1704 1991 1704 2041 1699 2178 1685 2319 1699 2344 1699 2347 1699 2350 1699 2353 1699 2353 1696 2381 1679 2553 1679 2698 1693 2700 1651 2695 1615 2175 1604 2172 1604 2169 1604 2139 1618 2133 1621 2105 1618 2002 1607 2000 1607 1997 1607 1994 1607 1977 1621 1972 1621 1819 1621 1374 1618 1371 1618 1329 1624 1271 1635 578 1632 581 1685"/></Shape>
	    <String CONTENT="&lt;.....&gt; journissait aux lebéraux ue nouveau"
                    HPOS="578"
                    VPOS="1604"
                    WIDTH="2122"
                    HEIGHT="108"
                    WC="0.948538318622944"></String>
          </TextLine>
          <TextLine ID="eSc_line_b78dfbfa"
                    TAGREFS="LT31"
                    BASELINE="581 1760 2648 1724" 
                    HPOS="578"
                    VPOS="1679"
                    WIDTH="2070"
                    HEIGHT="106">
            <Shape><Polygon POINTS="581 1760 581 1785 2645 1757 2648 1724 2642 1682 2225 1679 2222 1679 2072 1693 2005 1699 1974 1696 1897 1685 1894 1685 1891 1685 1855 1699 1844 1701 1799 1699 1674 1690 1671 1690 1668 1690 1666 1690 1652 1701 1649 1704 1641 1701 1585 1690 1582 1690 1201 1712 1176 1712 1168 1712 1054 1699 1051 1699 942 1715 904 1701 901 1701 898 1701 734 1721 620 1707 617 1707 614 1707 578 1721 581 1760"/></Shape>
	    <String CONTENT="thème à d&#x27;éclamations contre &lt;....&gt; l&#x27;incompatibilété du"
                    HPOS="578"
                    VPOS="1679"
                    WIDTH="2070"
                    HEIGHT="106"
                    WC="0.9631946160082232"></String>
          </TextLine>
          <TextLine ID="eSc_line_6ce7396b"
                    TAGREFS="LT31"
                    BASELINE="578 1840 2406 1804 2653 1810" 
                    HPOS="575"
                    VPOS="1749"
                    WIDTH="2078"
                    HEIGHT="125">
            <Shape><Polygon POINTS="578 1840 578 1874 892 1857 965 1868 987 1871 990 1871 1048 1868 1198 1854 1260 1863 1282 1865 1285 1865 1287 1865 1296 1863 1321 1852 1379 1860 1393 1863 1396 1863 1432 1860 1605 1843 1805 1854 1838 1854 1841 1854 1844 1854 1849 1852 1897 1838 1974 1852 1986 1852 1988 1852 2013 1849 2191 1832 2258 1846 2267 1846 2269 1846 2286 1846 2422 1829 2522 1840 2525 1840 2528 1840 2531 1840 2534 1840 2553 1827 2650 1838 2653 1810 2650 1763 2470 1749 2467 1749 2464 1749 2417 1765 2414 1768 2264 1768 2261 1768 2242 1754 2239 1754 2236 1754 2233 1754 2155 1771 2147 1771 2133 1771 1980 1760 1977 1760 1821 1776 1813 1776 1808 1776 1738 1763 1735 1763 1563 1782 1546 1782 1529 1782 1332 1771 1329 1771 1326 1771 1290 1785 1237 1774 1235 1774 1232 1774 1229 1774 1207 1788 1204 1790 931 1793 929 1793 895 1779 892 1779 890 1779 887 1779 884 1779 859 1796 856 1796 848 1796 778 1782 776 1782 575 1799 578 1840"/></Shape>
	    <String CONTENT="catholicisme avec la suence et le progris. Jamais encore la ques¬"
                    HPOS="575"
                    VPOS="1749"
                    WIDTH="2078"
                    HEIGHT="125"
                    WC="0.9922693234223586"></String>
          </TextLine>
          <TextLine ID="eSc_line_6ee17c62"
                    TAGREFS="LT31"
                    BASELINE="570 1918 2639 1877" 
                    HPOS="567"
                    VPOS="1827"
                    WIDTH="2072"
                    HEIGHT="127">
            <Shape><Polygon POINTS="570 1918 570 1941 734 1954 737 1954 739 1954 742 1954 770 1938 773 1938 837 1954 840 1954 842 1954 845 1954 906 1935 912 1935 917 1935 998 1949 1001 1949 1173 1929 1196 1929 1229 1929 1529 1941 1532 1941 1771 1935 1774 1935 1805 1918 1813 1915 1844 1918 1961 1929 1963 1929 2058 1913 2086 1910 2094 1913 2116 1924 2119 1924 2122 1927 2200 1927 2200 1924 2203 1924 2205 1924 2222 1910 2228 1907 2250 1910 2344 1924 2347 1924 2350 1924 2353 1924 2375 1907 2381 1904 2403 1907 2492 1921 2495 1921 2497 1921 2528 1904 2534 1904 2639 1904 2639 1877 2634 1840 2559 1827 2556 1827 2553 1827 2550 1827 2531 1840 2478 1829 2475 1829 2367 1846 2350 1846 2347 1846 2322 1829 2319 1829 2317 1829 2219 1829 2216 1829 2008 1835 2005 1835 1958 1852 1910 1838 1908 1838 1905 1838 1813 1857 1802 1857 1791 1857 1668 1840 1666 1840 1663 1840 1627 1860 1624 1860 1552 1843 1549 1843 1465 1863 1463 1863 1457 1863 1340 1849 1337 1849 1335 1849 1332 1849 1307 1865 1235 1852 1232 1852 1229 1852 1226 1852 1207 1868 1204 1871 1112 1871 1095 1871 998 1860 995 1860 856 1874 828 1860 826 1860 823 1860 673 1879 664 1879 662 1879 620 1863 617 1863 614 1863 611 1863 567 1877 570 1918"/></Shape>
	    <String CONTENT="tion religieuse ne s&#x27;était mêlie à ce point à la lutte despartis. &lt;.&gt;"
                    HPOS="567"
                    VPOS="1827"
                    WIDTH="2072"
                    HEIGHT="127"
                    WC="0.9774681203801867"></String>
          </TextLine>
          <TextLine ID="eSc_line_80730f87"
                    TAGREFS="LT31"
                    BASELINE="573 1988 1513 1982 2662 1952" 
                    HPOS="570"
                    VPOS="1902"
                    WIDTH="2092"
                    HEIGHT="119">
            <Shape><Polygon POINTS="573 1988 573 2021 2662 1979 2662 1952 2656 1913 2403 1902 2400 1902 2397 1902 2395 1902 2375 1918 2369 1924 2180 1924 2172 1921 2133 1907 2130 1907 2127 1907 2125 1907 2069 1924 2066 1924 2052 1924 1908 1915 1905 1915 1902 1915 1899 1915 1885 1927 1880 1932 1479 1938 1443 1938 1182 1924 1179 1924 968 1946 901 1929 898 1929 895 1929 892 1929 890 1929 890 1932 870 1949 787 1932 784 1932 570 1954 573 1988"/></Shape>
	    <String CONTENT="&lt;...... .l prnait l&#x27;apparence et l&#x27;apreté d&#x27;un conflit confes¬"
                    HPOS="570"
                    VPOS="1902"
                    WIDTH="2092"
                    HEIGHT="119"
                    WC="0.9674877851240097"></String>
          </TextLine>
          <TextLine ID="eSc_line_eeee0757"
                    TAGREFS="LT33"
                    BASELINE="1111 1953 1196 1953" 
                    HPOS="1111"
                    VPOS="1953"
                    WIDTH="85"
                    HEIGHT="0">
	    <String CONTENT=""
                    HPOS="1111"
                    VPOS="1953"
                    WIDTH="85"
                    HEIGHT="0"></String>
          </TextLine>
          <TextLine ID="eSc_line_dab5fb6c"
                    TAGREFS="LT31"
                    BASELINE="573 2060 1649 2052 2623 2018" 
                    HPOS="570"
                    VPOS="1974"
                    WIDTH="2053"
                    HEIGHT="125">
            <Shape><Polygon POINTS="573 2060 573 2085 845 2099 848 2099 965 2082 1134 2093 1137 2093 1301 2074 1360 2088 1363 2088 1365 2088 1568 2071 1972 2077 1974 2077 1977 2077 2011 2063 2264 2071 2267 2071 2620 2046 2623 2018 2614 1979 2495 1988 2456 1982 2406 1974 2403 1974 2400 1974 2369 1985 2342 1993 2311 1985 2278 1977 2275 1977 2272 1977 2208 1988 2164 1996 2089 1991 1994 1985 1991 1985 1988 1985 1986 1985 1972 1993 1961 2002 1919 1996 1852 1985 1849 1985 1847 1985 1799 1999 1774 2007 1552 2010 1499 2007 1390 1996 1388 1996 1385 1996 1382 1996 1368 2010 1365 2013 1354 2010 1312 1996 1310 1996 1307 1996 1304 1996 1301 1996 1279 2013 1268 2018 1132 2018 1126 2016 1104 2004 1101 2004 1098 2004 1095 2004 1068 2016 1062 2018 1057 2018 1004 2002 1001 2002 998 2002 995 2002 951 2018 851 2004 848 2004 662 2027 653 2027 650 2027 611 2010 609 2010 606 2010 603 2010 570 2024 573 2060"/></Shape>
	    <String CONTENT="sionnel. Radicaux et doctrimaires oubliaient leurs dissentiments"
                    HPOS="570"
                    VPOS="1974"
                    WIDTH="2053"
                    HEIGHT="125"
                    WC="0.9986302778124809"></String>
          </TextLine>
          <TextLine ID="eSc_line_b5157f90"
                    TAGREFS="LT31"
                    BASELINE="581 2138 1432 2135 2620 2099" 
                    HPOS="578"
                    VPOS="2057"
                    WIDTH="2042"
                    HEIGHT="114">
            <Shape><Polygon POINTS="581 2138 581 2166 1232 2171 1235 2171 1354 2169 1357 2169 1360 2169 1388 2152 1627 2163 1630 2163 2620 2124 2620 2099 2611 2057 578 2096 581 2138"/></Shape>
	    <String CONTENT="pour se rapprocher contre l&#x27;enmenci commun. Le vote de la loi du"
                    HPOS="578"
                    VPOS="2057"
                    WIDTH="2042"
                    HEIGHT="114"
                    WC="0.986531195230782"></String>
          </TextLine>
          <TextLine ID="eSc_line_54e01583"
                    TAGREFS="LT31"
                    BASELINE="578 2221 1579 2216 2642 2188" 
                    HPOS="575"
                    VPOS="2141"
                    WIDTH="2067"
                    HEIGHT="122">
            <Shape><Polygon POINTS="578 2221 578 2249 675 2263 678 2263 756 2246 767 2246 778 2246 892 2260 895 2260 898 2260 901 2260 920 2244 926 2244 979 2258 981 2258 984 2258 1101 2244 1738 2246 1741 2246 1938 2227 1947 2227 1952 2227 2069 2241 2072 2241 2075 2241 2077 2241 2102 2224 2105 2224 2197 2238 2200 2238 2203 2238 2267 2221 2269 2221 2275 2221 2431 2235 2433 2235 2639 2213 2642 2188 2637 2155 2433 2141 2431 2141 2289 2157 2250 2160 2175 2157 1994 2152 1991 2152 1863 2163 1799 2166 1788 2163 1763 2152 1760 2152 1758 2152 1560 2166 1413 2177 575 2177 578 2221"/></Shape>
	    <String CONTENT="12 juin 1871 abaissant le cens électoral pour la province à 20 francs"
                    HPOS="575"
                    VPOS="2141"
                    WIDTH="2067"
                    HEIGHT="122"
                    WC="0.9920971240316119"></String>
          </TextLine>
          <TextLine ID="eSc_line_54743030"
                    TAGREFS="LT31"
                    BASELINE="578 2299 1223 2309 1223 2309 2648 2274" 
                    HPOS="575"
                    VPOS="2235"
                    WIDTH="2073"
                    HEIGHT="92">
            <Shape><Polygon POINTS="578 2327 2645 2316 2648 2274 2639 2235 575 2258 578 2299"/></Shape>
	    <String CONTENT="et à 10 fraurs pour la commune n&#x27;avait lu pour risultat que de"
                    HPOS="575"
                    VPOS="2235"
                    WIDTH="2073"
                    HEIGHT="92"
                    WC="0.9856179280886574"></String>
          </TextLine>
          <TextLine ID="eSc_line_63a346a2"
                    TAGREFS="LT31"
                    BASELINE="578 2385 2656 2349" 
                    HPOS="575"
                    VPOS="2308"
                    WIDTH="2081"
                    HEIGHT="105">
            <Shape><Polygon POINTS="578 2385 578 2413 2656 2383 2656 2349 2650 2308 2094 2308 2091 2308 2030 2319 2011 2321 1986 2319 1885 2310 1883 2310 1880 2310 1858 2321 1852 2324 1827 2324 1719 2313 1716 2313 1652 2327 1643 2327 1635 2327 1541 2316 1538 2316 1535 2316 1532 2316 1516 2330 1513 2330 1502 2330 1388 2319 1385 2319 901 2341 895 2341 892 2341 781 2330 778 2330 776 2330 734 2344 614 2333 611 2333 609 2333 575 2344 578 2385"/></Shape>
	    <String CONTENT="faire passes aux mains des catholiques l&#x27;administration de le plu¬"
                    HPOS="575"
                    VPOS="2308"
                    WIDTH="2081"
                    HEIGHT="105"
                    WC="0.9928624666098392"></String>
          </TextLine>
          <TextLine ID="eSc_line_d9b9046a"
                    TAGREFS="LT31"
                    BASELINE="578 2469 2598 2427" 
                    HPOS="575"
                    VPOS="2372"
                    WIDTH="2023"
                    HEIGHT="133">
            <Shape><Polygon POINTS="578 2469 578 2505 714 2488 823 2499 826 2499 828 2499 834 2499 1115 2480 1232 2491 1246 2491 1248 2491 1251 2491 1254 2491 1296 2474 2598 2458 2598 2427 2595 2391 2545 2372 2542 2372 2539 2372 2325 2394 2194 2377 2191 2377 1866 2385 1863 2385 1783 2408 1638 2408 1613 2391 1610 2391 1607 2391 1605 2391 1602 2391 1599 2391 1574 2408 1415 2397 1413 2397 1210 2416 1129 2399 1126 2399 1123 2399 1070 2419 981 2402 979 2402 575 2430 578 2469"/></Shape>
	    <String CONTENT="part des petites villes et, surtout dans la partie flamande du"
                    HPOS="575"
                    VPOS="2372"
                    WIDTH="2023"
                    HEIGHT="133"
                    WC="0.9934321017034592"></String>
          </TextLine>
          <TextLine ID="eSc_line_268b3589"
                    TAGREFS="LT31"
                    BASELINE="570 2550 1760 2522 2631 2516" 
                    HPOS="567"
                    VPOS="2458"
                    WIDTH="2064"
                    HEIGHT="119">
            <Shape><Polygon POINTS="570 2550 570 2577 2631 2530 2631 2516 2625 2474 2509 2458 2506 2458 2503 2458 2456 2474 2453 2474 2336 2461 2333 2461 2331 2461 2328 2461 2308 2477 2305 2477 2303 2477 2222 2463 2219 2463 2216 2463 2158 2480 2153 2480 2147 2480 2105 2466 2102 2466 2100 2466 1891 2483 1830 2486 1758 2483 1518 2474 1516 2474 1513 2474 1485 2486 1474 2491 1390 2488 1207 2480 1204 2480 1201 2480 1198 2480 1184 2491 1171 2499 567 2499 570 2550"/></Shape>
	    <String CONTENT="pays, celle de presque toutes les commnas rurales. En même temps"
                    HPOS="567"
                    VPOS="2458"
                    WIDTH="2064"
                    HEIGHT="119"
                    WC="0.9928321614861488"></String>
          </TextLine>
          <TextLine ID="eSc_line_f4ab7f17"
                    TAGREFS="LT31"
                    BASELINE="567 2625 1849 2597 2625 2597" 
                    HPOS="564"
                    VPOS="2536"
                    WIDTH="2061"
                    HEIGHT="111">
            <Shape><Polygon POINTS="567 2625 567 2647 2625 2622 2625 2597 2623 2555 2503 2536 2500 2536 2497 2536 2417 2555 1785 2547 1783 2547 1780 2547 1777 2547 1749 2563 1671 2550 1668 2550 1510 2552 1507 2552 1443 2569 1432 2572 1407 2572 1243 2558 1240 2558 1237 2558 1196 2575 1193 2575 1171 2558 1168 2558 1165 2558 1162 2558 951 2577 906 2580 901 2577 870 2563 867 2563 865 2563 862 2563 826 2580 820 2580 806 2580 723 2566 720 2566 717 2566 714 2566 695 2580 692 2583 678 2580 598 2566 595 2566 592 2566 564 2577 567 2625"/></Shape>
	    <String CONTENT="les troubles de la commune de Paris &lt;.... épouvantaient l&#x27;o¬"
                    HPOS="564"
                    VPOS="2536"
                    WIDTH="2061"
                    HEIGHT="111"
                    WC="0.9795075406630834"></String>
          </TextLine>
          <TextLine ID="eSc_line_d8730219"
                    TAGREFS="LT31"
                    BASELINE="578 2702 2637 2669" 
                    HPOS="575"
                    VPOS="2616"
                    WIDTH="2062"
                    HEIGHT="120">
            <Shape><Polygon POINTS="578 2702 578 2736 662 2722 901 2730 917 2730 920 2730 942 2730 1265 2711 1376 2722 1388 2722 1390 2722 1418 2722 1646 2702 2634 2697 2637 2669 2631 2633 2492 2616 2489 2616 2486 2616 2484 2616 2458 2633 2364 2619 2361 2619 2289 2633 2072 2625 2069 2625 2066 2625 2063 2625 2050 2639 2047 2639 2033 2639 1777 2627 1774 2627 1771 2627 1744 2641 1738 2644 1688 2644 1496 2636 1493 2636 1443 2647 1424 2650 1407 2647 1365 2636 1363 2636 1360 2636 1357 2636 1335 2647 1329 2650 1279 2647 1093 2639 1090 2639 1087 2639 1084 2639 1068 2650 1059 2658 575 2658 578 2702"/></Shape>
	    <String CONTENT="pinion et &lt;........ .. .&gt; compromettaient la démo¬"
                    HPOS="575"
                    VPOS="2616"
                    WIDTH="2062"
                    HEIGHT="120"
                    WC="0.9479408884048461"></String>
          </TextLine>
          <TextLine ID="eSc_line_0fcdd37e"
                    TAGREFS="LT31"
                    BASELINE="567 2766 2642 2741" 
                    HPOS="564"
                    VPOS="2691"
                    WIDTH="2078"
                    HEIGHT="98">
            <Shape><Polygon POINTS="567 2766 567 2786 1713 2789 1716 2789 2180 2769 2406 2780 2408 2780 2642 2761 2642 2741 2634 2691 564 2725 567 2766"/></Shape>
	    <String CONTENT="cratie. Dé́sillusionnés et dé́sorientés, les progressistes ne demandaient"
                    HPOS="564"
                    VPOS="2691"
                    WIDTH="2078"
                    HEIGHT="98"
                    WC="0.9682727986819124"></String>
          </TextLine>
          <TextLine ID="eSc_line_e530066c"
                    TAGREFS="LT31"
                    BASELINE="575 2842 1744 2822 2625 2822" 
                    HPOS="573"
                    VPOS="2766"
                    WIDTH="2052"
                    HEIGHT="106">
            <Shape><Polygon POINTS="575 2842 575 2872 648 2858 815 2869 831 2869 834 2869 2623 2839 2625 2822 2623 2783 2486 2766 2484 2766 2481 2766 2439 2780 2411 2766 2408 2766 2406 2766 2308 2783 2258 2769 2255 2769 2253 2769 2141 2786 2102 2772 2100 2772 2097 2772 2005 2786 1894 2775 1891 2775 1888 2775 1860 2789 1621 2775 1618 2775 1493 2791 1357 2778 1354 2778 1351 2778 1318 2794 1112 2780 1109 2780 1107 2780 1104 2780 1084 2797 1020 2783 1018 2783 870 2797 848 2783 845 2783 842 2783 840 2783 837 2783 834 2783 815 2800 748 2786 745 2786 573 2803 575 2842"/></Shape>
	    <String CONTENT="qu&#x27;à colorer leur découvenue et leur évolutions vers le libéralisme"
                    HPOS="573"
                    VPOS="2766"
                    WIDTH="2052"
                    HEIGHT="106"
                    WC="0.999571219086647"></String>
          </TextLine>
          <TextLine ID="eSc_line_7bf9cd3e"
                    TAGREFS="LT34"
                    BASELINE="1901 2858 2100 2867" 
                    HPOS="1901"
                    VPOS="2858"
                    WIDTH="199"
                    HEIGHT="9">
	    <String CONTENT=""
                    HPOS="1901"
                    VPOS="2858"
                    WIDTH="199"
                    HEIGHT="9"></String>
          </TextLine>
          <TextLine ID="eSc_line_e677f42b"
                    TAGREFS="LT31"
                    BASELINE="567 2917 1799 2892 2650 2892" 
                    HPOS="564"
                    VPOS="2833"
                    WIDTH="2086"
                    HEIGHT="106">
            <Shape><Polygon POINTS="567 2917 567 2939 2648 2911 2650 2892 2648 2850 2481 2833 2478 2833 2389 2853 2381 2853 2367 2853 2211 2842 2208 2842 2127 2855 2089 2836 2086 2836 1986 2836 1983 2836 1980 2836 1910 2858 1880 2839 1877 2839 1874 2839 1872 2839 1738 2855 1577 2842 1574 2842 1418 2864 1351 2847 1349 2847 1346 2847 1343 2847 1340 2847 1315 2867 1248 2853 1246 2853 973 2872 970 2872 968 2872 798 2853 795 2853 564 2878 567 2917"/></Shape>
	    <String CONTENT="modéré, de la nécessité de combattre lele ..... ....&gt; par"
                    HPOS="564"
                    VPOS="2833"
                    WIDTH="2086"
                    HEIGHT="106"
                    WC="0.9187325359436503"></String>
          </TextLine>
          <TextLine ID="eSc_line_0cf907a9"
                    TAGREFS="LT31"
                    BASELINE="564 2989 2664 2964" 
                    HPOS="561"
                    VPOS="2905"
                    WIDTH="2103"
                    HEIGHT="114">
            <Shape><Polygon POINTS="564 2989 564 3019 1029 3003 1068 3017 1070 3017 1073 3017 1076 3017 1087 3017 1176 3003 1282 3014 1290 3014 1293 3014 1296 3014 1299 3014 1321 3000 1404 3014 1418 3014 1421 3014 1424 3014 1429 3014 1496 2997 1696 3011 1724 3011 1727 3011 1730 3011 1735 3011 1794 2994 1855 3008 1858 3008 1860 3008 1866 3008 1966 2992 2166 3006 2178 3006 2180 3006 2183 3006 2186 3006 2216 2989 2659 3000 2664 2964 2659 2925 2456 2905 2453 2905 2450 2905 2447 2905 2420 2925 2414 2928 2408 2925 2364 2908 2361 2908 2358 2908 2267 2925 2255 2928 2247 2925 2194 2908 2191 2908 2189 2908 2022 2911 2019 2911 1969 2928 1952 2933 1813 2933 1810 2930 1791 2914 1788 2914 1785 2914 1783 2914 1780 2914 1724 2930 1719 2930 1705 2930 1585 2917 1582 2917 1579 2917 1554 2930 1543 2936 1529 2930 1493 2919 1490 2919 1488 2919 1429 2930 1415 2933 1399 2933 1310 2919 1307 2919 1304 2919 1273 2933 1251 2942 1159 2933 1062 2925 1059 2925 1057 2925 1023 2933 987 2944 915 2936 831 2925 828 2925 826 2925 798 2936 767 2950 687 2950 673 2936 662 2928 659 2928 656 2928 653 2928 561 2936 564 2989"/></Shape>
	    <String CONTENT="hes ralliement &lt;.....&gt; de toutes les ferces anté-cléricales. Ees face et"
                    HPOS="561"
                    VPOS="2905"
                    WIDTH="2103"
                    HEIGHT="114"
                    WC="0.9620346195167966"></String>
          </TextLine>
          <TextLine ID="eSc_line_3fbd76b4"
                    TAGREFS="LT31"
                    BASELINE="570 3061 2656 3045" 
                    HPOS="567"
                    VPOS="2986"
                    WIDTH="2089"
                    HEIGHT="95">
            <Shape><Polygon POINTS="570 3061 570 3081 2653 3064 2656 3045 2650 3011 2436 3006 2406 2986 2403 2986 2400 2986 2397 2986 2261 3008 2239 3011 2211 3008 2116 2997 2114 2997 1958 3008 1866 3014 1841 3008 1785 2992 1783 2992 1688 2992 1685 2992 1682 2992 1680 2992 1655 3008 1652 3008 1649 3008 1618 2994 1616 2994 1390 2994 1388 2994 1324 3006 1254 3022 1076 3022 1057 3006 1048 2997 1045 2997 1043 2997 1040 2997 1037 2997 1018 3006 987 3019 865 3006 834 3003 831 3003 803 3006 653 3022 567 3006 570 3061"/></Shape>
	    <String CONTENT="leurs adverraires réconcilies, les catholiques asseutuorient 4, en me"
                    HPOS="567"
                    VPOS="2986"
                    WIDTH="2089"
                    HEIGHT="95"
                    WC="0.9872444781704225"></String>
          </TextLine>
          <TextLine ID="eSc_line_3b99ab1f"
                    TAGREFS="LT31"
                    BASELINE="567 3133 2662 3122" 
                    HPOS="564"
                    VPOS="3070"
                    WIDTH="2098"
                    HEIGHT="89">
            <Shape><Polygon POINTS="567 3133 567 3159 2659 3150 2662 3122 2653 3078 2253 3083 2197 3078 2136 3070 2133 3070 2130 3070 2111 3078 2086 3086 1997 3078 1941 3072 1938 3072 1902 3078 1844 3086 1769 3078 1719 3072 1716 3072 1688 3078 1652 3086 1630 3078 1616 3072 1613 3072 1610 3072 1465 3078 1212 3089 1168 3078 1151 3075 1148 3075 1146 3075 1143 3075 1129 3078 1084 3092 1004 3078 993 3078 990 3078 987 3078 981 3078 940 3092 564 3081 567 3133"/></Shape>
	    <String CONTENT="de conserver la faveur du corps électoral, l&#x27;auté. militarisme qui leur"
                    HPOS="564"
                    VPOS="3070"
                    WIDTH="2098"
                    HEIGHT="89"
                    WC="0.981181392367457"></String>
          </TextLine>
          <TextLine ID="eSc_line_02e8e837"
                    TAGREFS="LT31"
                    BASELINE="570 3214 1599 3203 2659 3209" 
                    HPOS="567"
                    VPOS="3150"
                    WIDTH="2092"
                    HEIGHT="100">
            <Shape><Polygon POINTS="570 3214 573 3250 614 3234 1549 3248 1574 3248 1577 3248 1579 3248 1660 3231 1847 3245 1849 3245 1933 3231 2509 3245 2511 3245 2581 3231 2653 3245 2659 3209 2656 3170 2030 3150 2027 3150 2025 3150 1972 3170 1788 3170 1746 3150 1744 3150 1741 3150 1738 3150 1696 3167 1646 3153 1643 3153 1641 3153 1340 3170 1301 3153 1299 3153 1070 3153 1068 3153 1065 3153 1062 3153 1040 3172 834 3172 809 3153 806 3153 803 3153 801 3153 798 3153 753 3167 700 3153 698 3153 695 3153 567 3172 570 3214"/></Shape>
	    <String CONTENT="avait si bien réussé l&#x27;année précédente. Aussibien, la tournure qu&#x27;a¬"
                    HPOS="567"
                    VPOS="3150"
                    WIDTH="2092"
                    HEIGHT="100"
                    WC="0.979285901007445"></String>
          </TextLine>
        </TextBlock>
        <TextBlock HPOS="20"
                   VPOS="1598"
                   WIDTH="461"
                   HEIGHT="366"
                   ID="eSc_textblock_413ccbbb"
                   TAGREFS="BT43">
          <Shape><Polygon POINTS="20 1598 20 1964 481 1964 481 1598"/></Shape>
          <TextLine ID="eSc_line_b3cf5e36"
                    TAGREFS="LT31"
                    BASELINE="35 1663 447 1667" 
                    HPOS="77"
                    VPOS="1610"
                    WIDTH="223"
                    HEIGHT="89">
            <Shape><Polygon POINTS="94 1621 77 1632 80 1674 80 1699 300 1699 300 1671 292 1612 183 1626 169 1624 139 1610 136 1610 133 1610 119 1612"/></Shape>
	    <String CONTENT="reiment"
                    HPOS="77"
                    VPOS="1610"
                    WIDTH="223"
                    HEIGHT="89"
                    WC="0.997364376272474"></String>
          </TextLine>
          <TextLine ID="eSc_line_f4143973"
                    TAGREFS="LT31"
                    BASELINE="35 1736 388 1729" 
                    HPOS="100"
                    VPOS="1690"
                    WIDTH="150"
                    HEIGHT="89">
            <Shape><Polygon POINTS="100 1776 247 1779 250 1738 250 1690 100 1690 100 1738"/></Shape>
	    <String CONTENT="415"
                    HPOS="100"
                    VPOS="1690"
                    WIDTH="150"
                    HEIGHT="89"
                    WC="0.9769628047943115"></String>
          </TextLine>
          <TextLine ID="eSc_line_918a4b50"
                    TAGREFS="LT31"
                    BASELINE="30 1800 478 1797" 
                    HPOS="83"
                    VPOS="1754"
                    WIDTH="178"
                    HEIGHT="81">
            <Shape><Polygon POINTS="86 1796 83 1824 255 1835 261 1799 258 1754 102 1754 86 1785"/></Shape>
	    <String CONTENT="2 1 s."
                    HPOS="83"
                    VPOS="1754"
                    WIDTH="178"
                    HEIGHT="81"
                    WC="0.9385005931059519"></String>
          </TextLine>
          <TextLine ID="eSc_line_efb1f2d2"
                    TAGREFS="LT31"
                    BASELINE="149 1859 290 1859" 
                    HPOS="200"
                    VPOS="1799"
                    WIDTH="14"
                    HEIGHT="122">
            <Shape><Polygon POINTS="200 1863 200 1915 205 1921 214 1863 214 1799 203 1799"/></Shape>
	    <String CONTENT=""
                    HPOS="200"
                    VPOS="1799"
                    WIDTH="14"
                    HEIGHT="122"></String>
          </TextLine>
        </TextBlock>
      </PrintSpace>
    </Page>
  </Layout>
</alto>
