<?xml version="1.0" encoding="UTF-8"?>
<alto xmlns:xsi="http://www.w3.org/2001/XMLSchema-instance"
      xmlns="http://www.loc.gov/standards/alto/ns-v4#"
      xsi:schemaLocation="http://www.loc.gov/standards/alto/ns-v4# http://www.loc.gov/standards/alto/v4/alto-4-2.xsd">
  <Description>
    <MeasurementUnit>pixel</MeasurementUnit>
    <sourceImageInformation>
      <fileName>ARCH-DIV-000496_0257.png</fileName>
    </sourceImageInformation>
  </Description>
  <Tags>
    <OtherTag ID="BT42" LABEL="MainZone" DESCRIPTION="block type MainZone"/><OtherTag ID="BT43" LABEL="MarginTextZone" DESCRIPTION="block type MarginTextZone"/><OtherTag ID="BT44" LABEL="NumberingZone" DESCRIPTION="block type NumberingZone"/><OtherTag ID="BT45" LABEL="TitlePageZone" DESCRIPTION="block type TitlePageZone"/><OtherTag ID="BT46" LABEL="CustomZone:Numbering" DESCRIPTION="block type CustomZone:Numbering"/><OtherTag ID="BT49" LABEL="MarginTextZone:lower" DESCRIPTION="block type MarginTextZone:lower"/>
    <OtherTag ID="LT25" LABEL="default" DESCRIPTION="line type default"/><OtherTag ID="LT31" LABEL="DefaultLine" DESCRIPTION="line type DefaultLine"/><OtherTag ID="LT32" LABEL="HeadingLine" DESCRIPTION="line type HeadingLine"/><OtherTag ID="LT33" LABEL="InterlinearLine:addition" DESCRIPTION="line type InterlinearLine:addition"/><OtherTag ID="LT34" LABEL="InterlinearLine:correction" DESCRIPTION="line type InterlinearLine:correction"/>
  </Tags>
  <Layout>
    <Page WIDTH="2790"
          HEIGHT="3306"
          PHYSICAL_IMG_NR="256"
          ID="eSc_dummypage_">
      <PrintSpace HPOS="0"
                  VPOS="0"
                  WIDTH="2790"
                  HEIGHT="3306">
        <TextBlock HPOS="87"
                   VPOS="40"
                   WIDTH="291"
                   HEIGHT="161"
                   ID="eSc_textblock_189aa9f8"
                   TAGREFS="BT44">
          <Shape><Polygon POINTS="378 201 378 40 92 40 87 201"/></Shape>
          <TextLine ID="eSc_line_b2c558b3"
                    TAGREFS="LT31"
                    BASELINE="144 112 324 125" 
                    HPOS="148"
                    VPOS="77"
                    WIDTH="166"
                    HEIGHT="93">
            <Shape><Polygon POINTS="256 82 228 82 201 79 173 77 148 101 151 129 151 159 278 170 281 170 283 170 286 170 314 151 311 115 303 90 283 85"/></Shape>
	    <String CONTENT=""
                    HPOS="148"
                    VPOS="77"
                    WIDTH="166"
                    HEIGHT="93"></String>
          </TextLine>
        </TextBlock>
        <TextBlock HPOS="413"
                   VPOS="45"
                   WIDTH="2328"
                   HEIGHT="2650"
                   ID="eSc_textblock_734f0289"
                   TAGREFS="BT42">
          <Shape><Polygon POINTS="413 45 413 2695 2741 2695 2741 45"/></Shape>
          <TextLine ID="eSc_line_cd53bddd"
                    TAGREFS="LT31"
                    BASELINE="534 96 1444 82 2663 96" 
                    HPOS="534"
                    VPOS="24"
                    WIDTH="2109"
                    HEIGHT="99">
            <Shape><Polygon POINTS="2572 41 2544 41 2517 41 2489 38 2467 38 2439 46 2359 46 2346 38 2324 38 2296 35 2268 35 2241 35 2213 35 2186 35 2158 35 2131 35 2103 33 2095 33 1797 44 1684 27 1662 27 1656 27 1623 44 1389 27 1386 27 1383 27 1381 27 1353 46 1254 46 1149 24 1146 24 1144 24 1069 44 1047 30 1044 30 1042 30 879 27 862 27 835 27 807 27 780 27 752 30 725 30 697 30 675 30 623 35 614 41 587 52 559 63 545 68 534 96 534 123 2641 123 2643 93 2641 46 2610 41 2599 41"/></Shape>
	    <String CONTENT=""
                    HPOS="534"
                    VPOS="24"
                    WIDTH="2109"
                    HEIGHT="99"></String>
          </TextLine>
          <TextLine ID="eSc_line_2533eb40"
                    TAGREFS="LT34"
                    BASELINE="2140 131 2451 131" 
                    HPOS="2140"
                    VPOS="131"
                    WIDTH="311"
                    HEIGHT="0">
	    <String CONTENT=""
                    HPOS="2140"
                    VPOS="131"
                    WIDTH="311"
                    HEIGHT="0"></String>
          </TextLine>
          <TextLine ID="eSc_line_9ad2db04"
                    TAGREFS="LT31"
                    BASELINE="532 162 1066 151 2145 158 2145 158 2481 156 2647 160" 
                    HPOS="529"
                    VPOS="96"
                    WIDTH="2120"
                    HEIGHT="94">
            <Shape><Polygon POINTS="570 96 529 110 532 162 532 176 2445 190 2448 190 2450 190 2453 190 2483 176 2511 190 2514 190 2517 190 2519 190 2577 176 2643 190 2649 154 2646 107 2073 96 2070 96 2067 96 2064 96 2051 107 2045 112 1576 112 1565 110 1508 96 1505 96 1444 110 1436 110 1422 110 1315 96 1312 96 1022 110 1009 110 1006 110 940 96 937 96 934 96 898 110 898 112 741 112 650 112 576 96 573 96"/></Shape>
	    <String CONTENT=""
                    HPOS="529"
                    VPOS="96"
                    WIDTH="2120"
                    HEIGHT="94"></String>
          </TextLine>
          <TextLine ID="eSc_line_ec469179"
                    TAGREFS="LT31"
                    BASELINE="529 231 1568 214 2599 225" 
                    HPOS="526"
                    VPOS="173"
                    WIDTH="2073"
                    HEIGHT="91">
            <Shape><Polygon POINTS="529 231 529 250 821 261 824 261 827 261 829 261 840 253 854 245 940 245 970 253 998 261 1000 261 1003 264 1163 264 1163 261 1298 253 1450 245 1463 253 1472 261 1474 261 1477 261 1480 261 1519 253 1582 242 1645 256 1670 258 1673 258 1676 258 1684 256 1714 242 2012 242 2042 256 2048 258 2051 258 2053 261 2412 261 2412 258 2415 258 2417 258 2417 256 2439 242 2459 256 2459 258 2461 258 2464 258 2467 258 2597 256 2599 225 2597 181 669 173 667 173 526 187 529 231"/></Shape>
	    <String CONTENT=""
                    HPOS="526"
                    VPOS="173"
                    WIDTH="2073"
                    HEIGHT="91"></String>
          </TextLine>
          <TextLine ID="eSc_line_0c127c28"
                    TAGREFS="LT31"
                    BASELINE="543 300 2646 300" 
                    HPOS="543"
                    VPOS="239"
                    WIDTH="2103"
                    HEIGHT="99">
            <Shape><Polygon POINTS="543 300 543 336 650 319 689 336 691 336 694 338 1039 338 1039 336 1042 336 1113 319 1483 319 1538 336 1541 336 1543 336 1546 336 1549 336 1579 319 2004 333 2007 333 2009 333 2040 319 2219 319 2260 336 2263 336 2266 336 2346 322 2643 336 2646 300 2646 261 2186 239 2183 239 2180 239 2131 258 1938 239 1935 239 1932 239 1888 258 1844 239 1841 239 1838 239 1836 239 1833 239 1803 261 1659 261 1629 239 1626 239 1623 239 1621 239 1618 239 1563 253 1485 239 1483 239 1375 258 1334 239 1331 239 1218 239 1215 239 1111 261 543 261 543 300"/></Shape>
	    <String CONTENT=""
                    HPOS="543"
                    VPOS="239"
                    WIDTH="2103"
                    HEIGHT="99"></String>
          </TextLine>
          <TextLine ID="eSc_line_d74dc444"
                    TAGREFS="LT31"
                    BASELINE="529 374 1852 369 2654 382" 
                    HPOS="529"
                    VPOS="314"
                    WIDTH="2125"
                    HEIGHT="102">
            <Shape><Polygon POINTS="529 374 529 404 1105 396 1133 407 1144 413 1146 413 1149 413 1152 413 1166 407 1202 396 1290 410 1306 410 1309 410 1323 410 1395 396 1458 410 1477 413 1480 413 1483 413 1485 413 1488 410 1513 396 1684 410 1725 413 1728 413 1731 413 1739 410 1780 396 1825 410 1833 413 1836 413 1838 413 1852 410 1902 399 1940 410 1946 413 1949 413 1951 413 1971 413 2075 399 2103 413 2106 413 2109 413 2111 413 2139 413 2348 399 2370 413 2373 413 2376 413 2379 416 2652 416 2654 382 2652 338 2362 338 2362 336 2313 319 2310 319 2307 319 2224 336 2222 336 2067 316 2064 316 1968 336 1910 316 1907 316 1791 316 1789 316 1786 316 1783 316 1764 333 1736 322 1734 322 1731 322 1640 336 1637 336 1601 319 1599 319 1469 316 1466 316 1463 316 1422 336 1419 336 1417 336 1356 319 1353 319 1350 319 1179 336 1168 336 1166 336 1127 316 1124 316 1017 316 1014 316 909 336 904 336 873 314 871 314 868 314 865 314 862 314 813 336 664 336 589 314 587 314 584 314 581 314 529 330 529 374"/></Shape>
	    <String CONTENT=""
                    HPOS="529"
                    VPOS="314"
                    WIDTH="2125"
                    HEIGHT="102"></String>
          </TextLine>
          <TextLine ID="eSc_line_6d132007"
                    TAGREFS="LT31"
                    BASELINE="529 440 2643 449" 
                    HPOS="526"
                    VPOS="388"
                    WIDTH="2117"
                    HEIGHT="96">
            <Shape><Polygon POINTS="529 440 526 460 678 479 680 479 1210 465 1232 482 1235 482 1237 482 1240 482 1337 468 1395 482 1397 482 1400 482 1554 468 1778 482 1780 482 1783 482 1814 468 1982 484 1984 484 2235 471 2533 484 2536 484 2641 468 2643 449 2641 407 2299 393 2296 393 2205 404 2180 407 2172 404 2144 393 2142 393 2139 393 2084 404 2064 407 2020 404 1860 391 1858 391 1731 404 1712 404 1698 404 1626 391 1623 391 1621 391 1618 391 1599 404 1593 407 1235 407 1213 402 1127 388 1124 388 1122 388 1075 402 1072 402 1069 402 1014 388 1011 388 1009 388 1006 388 967 402 964 402 940 388 937 388 934 388 931 388 890 402 887 402 884 402 849 388 846 388 843 388 529 399 529 440"/></Shape>
	    <String CONTENT=""
                    HPOS="526"
                    VPOS="388"
                    WIDTH="2117"
                    HEIGHT="96"></String>
          </TextLine>
          <TextLine ID="eSc_line_6ef3c1a3"
                    TAGREFS="LT31"
                    BASELINE="537 509 1896 525 1896 525 2652 517" 
                    HPOS="534"
                    VPOS="460"
                    WIDTH="2118"
                    HEIGHT="96">
            <Shape><Polygon POINTS="534 531 725 534 771 553 774 553 777 553 780 553 851 537 887 537 1179 537 1185 537 1243 556 1246 556 1248 556 1560 539 1604 539 1607 542 1632 553 1634 553 1637 553 1769 542 1783 542 1805 556 1808 556 1811 556 1814 556 2649 548 2652 517 2649 482 1960 482 1932 473 1902 465 1899 465 1896 465 1615 471 1243 476 1202 465 1190 462 1188 462 1185 462 1061 465 603 473 537 460 537 509"/></Shape>
	    <String CONTENT=""
                    HPOS="534"
                    VPOS="460"
                    WIDTH="2118"
                    HEIGHT="96"></String>
          </TextLine>
          <TextLine ID="eSc_line_7490c818"
                    TAGREFS="LT31"
                    BASELINE="534 584 2632 589" 
                    HPOS="532"
                    VPOS="548"
                    WIDTH="2100"
                    HEIGHT="80">
            <Shape><Polygon POINTS="534 584 532 606 664 622 667 622 1229 614 1428 611 1502 617 1626 625 1629 628 2630 628 2632 589 2630 548 534 548 534 584"/></Shape>
	    <String CONTENT=""
                    HPOS="532"
                    VPOS="548"
                    WIDTH="2100"
                    HEIGHT="80"></String>
          </TextLine>
          <TextLine ID="eSc_line_fbfadcd8"
                    TAGREFS="LT31"
                    BASELINE="529 658 2654 650" 
                    HPOS="526"
                    VPOS="606"
                    WIDTH="2128"
                    HEIGHT="96">
            <Shape><Polygon POINTS="529 658 529 685 744 685 749 685 802 702 805 702 807 702 912 685 920 685 1003 685 1193 685 1224 702 1226 702 1229 702 1326 683 1337 683 1485 683 1488 683 1510 699 1513 699 1516 699 1519 699 1825 683 1827 683 1830 683 1940 699 1943 699 1946 699 1987 680 1993 680 1996 680 2031 697 2034 697 2037 699 2489 699 2489 697 2492 697 2525 683 2583 694 2585 694 2652 677 2654 650 2649 606 1279 606 1276 606 1133 619 1113 619 1066 619 556 608 554 608 551 608 526 619 529 658"/></Shape>
	    <String CONTENT=""
                    HPOS="526"
                    VPOS="606"
                    WIDTH="2128"
                    HEIGHT="96"></String>
          </TextLine>
          <TextLine ID="eSc_line_3cb3f15e"
                    TAGREFS="LT31"
                    BASELINE="526 732 1557 735 1557 735 2635 727" 
                    HPOS="523"
                    VPOS="683"
                    WIDTH="2112"
                    HEIGHT="88">
            <Shape><Polygon POINTS="526 754 953 754 967 757 1014 771 1017 771 1020 771 1113 757 1146 754 1155 757 1174 771 1177 771 1179 771 1182 771 1185 771 1213 757 1224 754 1237 760 1276 771 1279 771 1281 771 1626 760 1747 757 1833 760 1973 768 1976 768 2012 763 2059 752 2086 763 2103 768 2106 768 2109 768 2632 763 2635 727 2627 683 523 683 526 732"/></Shape>
	    <String CONTENT=""
                    HPOS="523"
                    VPOS="683"
                    WIDTH="2112"
                    HEIGHT="88"></String>
          </TextLine>
          <TextLine ID="eSc_line_b3b4039e"
                    TAGREFS="LT31"
                    BASELINE="529 807 1829 817 1830 817 2643 798" 
                    HPOS="526"
                    VPOS="749"
                    WIDTH="2117"
                    HEIGHT="91">
            <Shape><Polygon POINTS="529 832 2638 840 2643 798 2632 749 2572 765 1932 771 1637 771 1623 763 1599 752 1596 752 1593 752 1590 752 1557 763 1538 768 1513 763 1452 752 1450 752 1383 765 1364 768 1342 765 1232 752 1229 752 1226 752 1224 752 1224 754 1207 768 1202 771 1102 768 554 754 551 754 548 754 545 754 526 768 529 807"/></Shape>
	    <String CONTENT=""
                    HPOS="526"
                    VPOS="749"
                    WIDTH="2117"
                    HEIGHT="91"></String>
          </TextLine>
          <TextLine ID="eSc_line_f8692923"
                    TAGREFS="LT31"
                    BASELINE="523 873 2676 878" 
                    HPOS="521"
                    VPOS="834"
                    WIDTH="2155"
                    HEIGHT="80">
            <Shape><Polygon POINTS="523 873 521 892 603 911 606 911 711 898 796 911 799 911 1064 898 1083 898 1088 898 1138 911 1141 911 1144 911 1210 898 1221 898 1276 900 1601 914 1604 914 2674 909 2676 878 2676 837 523 834 523 873"/></Shape>
	    <String CONTENT=""
                    HPOS="521"
                    VPOS="834"
                    WIDTH="2155"
                    HEIGHT="80"></String>
          </TextLine>
          <TextLine ID="eSc_line_402849be"
                    TAGREFS="LT31"
                    BASELINE="523 950 2621 939" 
                    HPOS="521"
                    VPOS="903"
                    WIDTH="2100"
                    HEIGHT="86">
            <Shape><Polygon POINTS="523 950 523 975 884 989 887 989 1022 975 1053 972 1138 975 1516 986 1519 986 2619 967 2621 939 2613 903 521 906 523 950"/></Shape>
	    <String CONTENT=""
                    HPOS="521"
                    VPOS="903"
                    WIDTH="2100"
                    HEIGHT="86"></String>
          </TextLine>
          <TextLine ID="eSc_line_0ec744a3"
                    TAGREFS="LT31"
                    BASELINE="521 1016 2588 1008" 
                    HPOS="518"
                    VPOS="958"
                    WIDTH="2070"
                    HEIGHT="80">
            <Shape><Polygon POINTS="521 1016 521 1038 2585 1035 2588 1008 2580 972 2166 972 2150 969 2111 958 2109 958 2106 958 2103 958 2100 958 2084 969 2078 972 2048 969 1993 961 1990 961 1836 967 1676 975 1643 967 1621 961 1618 961 1615 961 1560 967 1485 975 1439 967 1411 961 1408 961 1378 967 1326 975 1248 967 1207 961 1204 961 1177 964 1108 978 1000 964 986 964 984 964 959 964 760 978 741 964 738 964 736 964 518 964 521 1016"/></Shape>
	    <String CONTENT=""
                    HPOS="518"
                    VPOS="958"
                    WIDTH="2070"
                    HEIGHT="80"></String>
          </TextLine>
          <TextLine ID="eSc_line_7d47dfe4"
                    TAGREFS="LT31"
                    BASELINE="523 1090 1050 1077 2665 1079" 
                    HPOS="521"
                    VPOS="1027"
                    WIDTH="2144"
                    HEIGHT="86">
            <Shape><Polygon POINTS="523 1090 523 1113 2663 1113 2665 1079 2660 1027 2550 1041 2213 1030 2103 1027 2100 1027 2073 1030 2015 1041 1960 1033 1924 1027 1921 1027 1918 1027 1902 1033 1880 1041 1833 1033 1794 1027 1791 1027 1560 1035 1408 1041 1395 1038 1367 1027 1364 1027 1361 1027 1246 1038 1213 1041 1204 1038 1177 1027 1174 1027 923 1027 920 1027 824 1041 716 1027 714 1027 521 1044 523 1090"/></Shape>
	    <String CONTENT=""
                    HPOS="521"
                    VPOS="1027"
                    WIDTH="2144"
                    HEIGHT="86"></String>
          </TextLine>
          <TextLine ID="eSc_line_5ec30178"
                    TAGREFS="LT31"
                    BASELINE="529 1151 2632 1146" 
                    HPOS="526"
                    VPOS="1110"
                    WIDTH="2106"
                    HEIGHT="74">
            <Shape><Polygon POINTS="529 1151 534 1184 551 1170 625 1184 636 1184 639 1184 675 1184 884 1170 1389 1181 1527 1184 1530 1184 1546 1181 1621 1168 2627 1179 2632 1146 2624 1110 526 1110 529 1151"/></Shape>
	    <String CONTENT=""
                    HPOS="526"
                    VPOS="1110"
                    WIDTH="2106"
                    HEIGHT="74"></String>
          </TextLine>
          <TextLine ID="eSc_line_49a38c5a"
                    TAGREFS="LT31"
                    BASELINE="521 1225 1794 1212" 
                    HPOS="518"
                    VPOS="1162"
                    WIDTH="1276"
                    HEIGHT="80">
            <Shape><Polygon POINTS="521 1225 521 1242 1794 1236 1794 1212 1786 1162 518 1181 521 1225"/></Shape>
	    <String CONTENT=""
                    HPOS="518"
                    VPOS="1162"
                    WIDTH="1276"
                    HEIGHT="80"></String>
          </TextLine>
          <TextLine ID="eSc_line_d1175a83"
                    TAGREFS="LT31"
                    BASELINE="529 1305 2671 1275" 
                    HPOS="526"
                    VPOS="1236"
                    WIDTH="2145"
                    HEIGHT="102">
            <Shape><Polygon POINTS="529 1305 529 1338 1111 1325 1196 1327 1328 1336 1331 1336 1334 1336 1372 1325 1389 1322 1406 1325 1469 1338 1472 1338 2279 1327 2282 1327 2315 1311 2321 1308 2340 1308 2464 1325 2467 1325 2671 1303 2671 1275 2663 1236 526 1250 529 1305"/></Shape>
	    <String CONTENT=""
                    HPOS="526"
                    VPOS="1236"
                    WIDTH="2145"
                    HEIGHT="102"></String>
          </TextLine>
          <TextLine ID="eSc_line_297bbb19"
                    TAGREFS="LT31"
                    BASELINE="512 1371 1993 1360 2621 1341" 
                    HPOS="510"
                    VPOS="1308"
                    WIDTH="2111"
                    HEIGHT="86">
            <Shape><Polygon POINTS="512 1371 512 1394 2263 1388 2619 1369 2621 1341 2613 1308 510 1333 512 1371"/></Shape>
	    <String CONTENT=""
                    HPOS="510"
                    VPOS="1308"
                    WIDTH="2111"
                    HEIGHT="86"></String>
          </TextLine>
          <TextLine ID="eSc_line_f2f0c425"
                    TAGREFS="LT31"
                    BASELINE="521 1435 1822 1424 2649 1396" 
                    HPOS="518"
                    VPOS="1355"
                    WIDTH="2131"
                    HEIGHT="118">
            <Shape><Polygon POINTS="521 1435 521 1473 2649 1427 2649 1396 2641 1355 2194 1374 2147 1363 2144 1363 2142 1363 2139 1363 2100 1380 518 1388 521 1435"/></Shape>
	    <String CONTENT=""
                    HPOS="518"
                    VPOS="1355"
                    WIDTH="2131"
                    HEIGHT="118"></String>
          </TextLine>
          <TextLine ID="eSc_line_6fffe036"
                    TAGREFS="LT31"
                    BASELINE="510 1509 948 1490 2613 1465" 
                    HPOS="507"
                    VPOS="1418"
                    WIDTH="2106"
                    HEIGHT="122">
            <Shape><Polygon POINTS="510 1509 510 1540 840 1515 1224 1512 1257 1523 1270 1526 1273 1526 1276 1526 1372 1520 1549 1506 1604 1515 1654 1520 1656 1520 2610 1487 2613 1465 2605 1418 507 1454 510 1509"/></Shape>
	    <String CONTENT=""
                    HPOS="507"
                    VPOS="1418"
                    WIDTH="2106"
                    HEIGHT="122"></String>
          </TextLine>
          <TextLine ID="eSc_line_0e4348a0"
                    TAGREFS="LT31"
                    BASELINE="512 1570 2665 1540" 
                    HPOS="510"
                    VPOS="1501"
                    WIDTH="2155"
                    HEIGHT="91">
            <Shape><Polygon POINTS="512 1570 512 1592 2663 1562 2665 1540 2660 1504 1684 1501 1681 1501 1678 1501 1643 1515 1100 1509 1097 1509 1011 1523 730 1515 727 1515 725 1515 722 1515 700 1529 562 1518 559 1518 556 1518 510 1531 512 1570"/></Shape>
	    <String CONTENT=""
                    HPOS="510"
                    VPOS="1501"
                    WIDTH="2155"
                    HEIGHT="91"></String>
          </TextLine>
          <TextLine ID="eSc_line_d071ece9"
                    TAGREFS="LT31"
                    BASELINE="515 1639 2630 1614" 
                    HPOS="512"
                    VPOS="1575"
                    WIDTH="2118"
                    HEIGHT="100">
            <Shape><Polygon POINTS="515 1639 515 1675 1218 1655 1276 1664 1326 1669 1328 1669 1389 1661 1452 1653 1485 1658 1519 1666 1521 1666 2114 1661 2117 1661 2164 1647 2172 1647 2191 1647 2340 1658 2343 1658 2346 1658 2404 1644 2406 1644 2412 1644 2558 1655 2561 1655 2627 1639 2630 1614 2624 1575 1502 1575 1499 1575 1497 1575 1447 1589 1444 1589 1436 1589 1243 1578 1240 1578 744 1597 554 1586 551 1586 548 1586 512 1600 515 1639"/></Shape>
	    <String CONTENT=""
                    HPOS="512"
                    VPOS="1575"
                    WIDTH="2118"
                    HEIGHT="100"></String>
          </TextLine>
          <TextLine ID="eSc_line_f80b8e67"
                    TAGREFS="LT31"
                    BASELINE="512 1708 2635 1683" 
                    HPOS="510"
                    VPOS="1636"
                    WIDTH="2125"
                    HEIGHT="94">
            <Shape><Polygon POINTS="512 1708 512 1730 2632 1710 2635 1683 2627 1636 510 1669 512 1708"/></Shape>
	    <String CONTENT=""
                    HPOS="510"
                    VPOS="1636"
                    WIDTH="2125"
                    HEIGHT="94"></String>
          </TextLine>
          <TextLine ID="eSc_line_0c7b7078"
                    TAGREFS="LT31"
                    BASELINE="510 1771 1927 1763 2646 1741" 
                    HPOS="507"
                    VPOS="1702"
                    WIDTH="2139"
                    HEIGHT="97">
            <Shape><Polygon POINTS="510 1771 510 1799 2004 1793 2643 1771 2646 1741 2638 1702 1844 1719 1819 1713 1764 1702 1761 1702 1758 1702 1756 1702 1736 1716 1725 1721 1689 1716 1637 1708 1634 1708 1383 1721 1257 1727 1248 1724 1229 1710 1226 1710 1224 1710 1221 1710 1218 1710 1163 1724 1152 1727 1138 1724 1083 1710 1080 1710 1077 1710 1075 1710 1072 1710 1050 1727 1044 1730 937 1730 882 1730 545 1716 543 1716 540 1716 507 1730 510 1771"/></Shape>
	    <String CONTENT=""
                    HPOS="507"
                    VPOS="1702"
                    WIDTH="2139"
                    HEIGHT="97"></String>
          </TextLine>
          <TextLine ID="eSc_line_5b7af096"
                    TAGREFS="LT31"
                    BASELINE="490 1843 700 1832" 
                    HPOS="487"
                    VPOS="1782"
                    WIDTH="213"
                    HEIGHT="91">
            <Shape><Polygon POINTS="490 1843 490 1867 645 1873 647 1873 650 1873 700 1856 700 1832 694 1793 540 1782 537 1782 534 1782 487 1799 490 1843"/></Shape>
	    <String CONTENT=""
                    HPOS="487"
                    VPOS="1782"
                    WIDTH="213"
                    HEIGHT="91"></String>
          </TextLine>
          <TextLine ID="eSc_line_aca997a1"
                    TAGREFS="LT31"
                    BASELINE="532 1898 1731 1865 2668 1854" 
                    HPOS="529"
                    VPOS="1812"
                    WIDTH="2139"
                    HEIGHT="105">
            <Shape><Polygon POINTS="532 1898 532 1917 2668 1878 2668 1854 2663 1812 1808 1812 1805 1812 1678 1832 1651 1818 1648 1818 1645 1818 1571 1832 1461 1821 1458 1821 1455 1821 1414 1837 1408 1837 716 1837 714 1837 711 1837 708 1837 689 1854 529 1856 532 1898"/></Shape>
	    <String CONTENT=""
                    HPOS="529"
                    VPOS="1812"
                    WIDTH="2139"
                    HEIGHT="105"></String>
          </TextLine>
          <TextLine ID="eSc_line_b4193276"
                    TAGREFS="LT31"
                    BASELINE="499 1967 2646 1917" 
                    HPOS="496"
                    VPOS="1878"
                    WIDTH="2150"
                    HEIGHT="113">
            <Shape><Polygon POINTS="499 1967 499 1989 1053 1991 1055 1991 1315 1972 1331 1972 1339 1972 1450 1983 1452 1983 1590 1967 1599 1967 1607 1967 1805 1975 1808 1975 2646 1942 2646 1917 2638 1878 496 1917 499 1967"/></Shape>
	    <String CONTENT=""
                    HPOS="496"
                    VPOS="1878"
                    WIDTH="2150"
                    HEIGHT="113"></String>
          </TextLine>
          <TextLine ID="eSc_line_14ddfc6d"
                    TAGREFS="LT31"
                    BASELINE="493 2030 2627 1991" 
                    HPOS="490"
                    VPOS="1945"
                    WIDTH="2137"
                    HEIGHT="124">
            <Shape><Polygon POINTS="493 2030 493 2052 603 2066 606 2066 675 2052 689 2049 700 2052 749 2069 752 2069 755 2069 923 2049 962 2046 967 2049 986 2063 989 2063 992 2063 995 2063 1406 2057 1596 2044 1775 2033 1852 2044 1888 2046 1891 2046 1894 2046 1902 2041 1932 2024 2015 2024 2117 2041 2142 2044 2144 2044 2147 2044 2150 2044 2153 2041 2172 2027 2246 2038 2249 2038 2252 2038 2324 2019 2448 2035 2450 2035 2453 2035 2456 2035 2483 2016 2624 2035 2627 1991 2619 1945 490 1991 493 2030"/></Shape>
	    <String CONTENT=""
                    HPOS="490"
                    VPOS="1945"
                    WIDTH="2137"
                    HEIGHT="124"></String>
          </TextLine>
          <TextLine ID="eSc_line_db47b4fa"
                    TAGREFS="LT31"
                    BASELINE="504 2099 2668 2057" 
                    HPOS="501"
                    VPOS="2016"
                    WIDTH="2167"
                    HEIGHT="110">
            <Shape><Polygon POINTS="504 2099 504 2126 2665 2091 2668 2057 2663 2022 2235 2016 2233 2016 1968 2035 1943 2035 1935 2035 1852 2024 1849 2024 1847 2024 1794 2038 1791 2038 1786 2038 1687 2027 1684 2027 1516 2044 1508 2044 1505 2044 1370 2033 1367 2033 1202 2049 1080 2038 1077 2038 645 2060 532 2049 529 2049 526 2049 501 2060 504 2099"/></Shape>
	    <String CONTENT=""
                    HPOS="501"
                    VPOS="2016"
                    WIDTH="2167"
                    HEIGHT="110"></String>
          </TextLine>
          <TextLine ID="eSc_line_7630790b"
                    TAGREFS="LT31"
                    BASELINE="504 2173 838 2157 2577 2118" 
                    HPOS="501"
                    VPOS="2082"
                    WIDTH="2076"
                    HEIGHT="122">
            <Shape><Polygon POINTS="504 2173 504 2204 625 2187 821 2195 854 2195 857 2195 879 2192 989 2179 1138 2184 1193 2187 1196 2187 1199 2187 1202 2187 1207 2184 1226 2173 1480 2176 1676 2176 1678 2176 1858 2162 1962 2157 1987 2159 2045 2168 2048 2168 2577 2140 2577 2118 2569 2082 871 2110 669 2126 623 2115 620 2115 617 2115 501 2132 504 2173"/></Shape>
	    <String CONTENT=""
                    HPOS="501"
                    VPOS="2082"
                    WIDTH="2076"
                    HEIGHT="122"></String>
          </TextLine>
          <TextLine ID="eSc_line_aeb4ec66"
                    TAGREFS="LT31"
                    BASELINE="496 2239 2654 2187" 
                    HPOS="493"
                    VPOS="2140"
                    WIDTH="2161"
                    HEIGHT="124">
            <Shape><Polygon POINTS="496 2239 496 2259 945 2264 948 2264 951 2264 984 2250 1116 2259 1119 2259 1122 2259 1168 2245 1177 2242 1202 2242 1306 2250 1309 2250 1406 2237 1425 2237 1444 2237 1590 2248 1593 2248 1596 2248 1626 2234 1632 2231 1659 2231 1833 2242 1836 2242 1838 2242 1841 2242 1860 2226 1863 2226 1871 2226 1916 2237 1918 2237 1921 2237 1965 2226 1973 2223 2004 2223 2197 2234 2200 2234 2652 2206 2654 2187 2649 2154 2426 2140 2423 2140 2321 2157 2304 2159 2268 2159 2095 2148 2092 2148 2089 2148 2059 2162 2048 2165 2031 2162 1976 2151 1973 2151 1971 2151 1968 2151 1951 2162 1946 2168 1918 2165 1858 2154 1855 2154 1794 2165 1780 2168 1775 2165 1756 2157 1753 2157 1750 2157 1747 2157 1745 2157 1734 2168 1723 2176 1576 2176 1563 2170 1546 2162 1543 2162 1541 2162 1538 2162 1516 2170 1488 2179 1370 2173 1320 2170 1317 2170 1315 2170 1304 2173 1268 2184 1207 2176 1174 2170 1171 2170 1124 2176 1022 2190 964 2179 945 2176 942 2176 940 2176 937 2176 937 2179 934 2179 920 2192 887 2179 884 2179 882 2179 879 2179 846 2181 603 2201 493 2187 496 2239"/></Shape>
	    <String CONTENT=""
                    HPOS="493"
                    VPOS="2140"
                    WIDTH="2161"
                    HEIGHT="124"></String>
          </TextLine>
          <TextLine ID="eSc_line_4b0ed0e3"
                    TAGREFS="LT31"
                    BASELINE="507 2310 1414 2278 2558 2253" 
                    HPOS="907"
                    VPOS="2201"
                    WIDTH="1651"
                    HEIGHT="121">
            <Shape><Polygon POINTS="909 2322 2095 2300 2098 2300 2100 2300 2114 2286 2117 2286 2125 2286 2200 2297 2202 2297 2205 2297 2208 2297 2208 2294 2219 2283 2222 2283 2230 2283 2324 2294 2326 2294 2558 2272 2558 2253 2550 2201 2426 2220 907 2242 909 2300"/></Shape>
	    <String CONTENT=""
                    HPOS="907"
                    VPOS="2201"
                    WIDTH="1651"
                    HEIGHT="121"></String>
          </TextLine>
          <TextLine ID="eSc_line_2db3e444"
                    TAGREFS="LT31"
                    BASELINE="493 2374 1833 2344 2646 2338" 
                    HPOS="490"
                    VPOS="2278"
                    WIDTH="2156"
                    HEIGHT="118">
            <Shape><Polygon POINTS="493 2374 493 2396 2643 2358 2646 2338 2635 2278 2574 2292 2464 2281 2437 2278 2434 2278 2299 2281 2296 2281 2293 2281 2290 2283 2274 2297 2235 2283 2233 2283 2230 2283 2227 2283 2216 2283 2131 2300 2037 2289 2018 2286 2015 2286 2012 2286 2004 2289 1946 2303 1896 2289 1891 2289 1888 2289 1885 2289 1882 2289 1880 2292 1855 2303 1596 2297 1593 2297 1491 2311 1312 2300 1284 2300 1281 2300 1257 2303 1083 2319 1033 2305 1031 2305 1028 2305 1025 2305 1017 2305 923 2322 802 2311 799 2311 796 2311 793 2311 774 2327 634 2327 490 2316 493 2374"/></Shape>
	    <String CONTENT=""
                    HPOS="490"
                    VPOS="2278"
                    WIDTH="2156"
                    HEIGHT="118"></String>
          </TextLine>
          <TextLine ID="eSc_line_1aba293f"
                    TAGREFS="LT31"
                    BASELINE="496 2451 1480 2418 2654 2396" 
                    HPOS="493"
                    VPOS="2355"
                    WIDTH="2161"
                    HEIGHT="130">
            <Shape><Polygon POINTS="496 2451 496 2482 669 2485 672 2485 675 2485 689 2479 719 2468 854 2476 931 2479 934 2479 984 2473 1069 2460 1108 2471 1124 2473 1127 2473 1130 2473 1204 2468 1389 2451 1433 2462 1444 2465 1447 2465 1450 2465 1452 2465 1461 2462 1494 2449 1654 2457 1701 2460 1703 2460 1706 2460 1714 2457 1750 2440 2048 2435 2652 2435 2654 2396 2649 2355 2045 2355 2042 2355 1946 2372 1932 2374 1921 2374 1830 2361 1827 2361 1723 2380 1712 2380 1709 2380 1689 2366 1687 2366 1684 2366 1681 2366 1574 2380 1494 2369 1491 2369 1488 2369 1419 2385 1279 2374 1276 2374 1044 2396 1042 2396 1039 2396 763 2388 760 2388 758 2388 755 2388 738 2402 526 2396 523 2396 521 2396 493 2407 496 2451"/></Shape>
	    <String CONTENT=""
                    HPOS="493"
                    VPOS="2355"
                    WIDTH="2161"
                    HEIGHT="130"></String>
          </TextLine>
          <TextLine ID="eSc_line_68bd574a"
                    TAGREFS="LT31"
                    BASELINE="496 2523 2605 2471" 
                    HPOS="493"
                    VPOS="2421"
                    WIDTH="2112"
                    HEIGHT="152">
            <Shape><Polygon POINTS="496 2523 496 2567 589 2573 592 2573 595 2573 598 2573 609 2564 631 2551 714 2562 752 2567 755 2567 1383 2553 1386 2553 1389 2553 1400 2542 1417 2531 1654 2534 1662 2534 1665 2534 1670 2534 1825 2518 1871 2529 1894 2534 1896 2534 1899 2534 1902 2534 1918 2529 1946 2518 1984 2526 2040 2537 2042 2537 2244 2518 2290 2515 2307 2518 2379 2529 2381 2529 2384 2529 2417 2512 2431 2507 2602 2507 2605 2471 2599 2438 2495 2421 2492 2421 2489 2421 2450 2438 2219 2429 2216 2429 2213 2429 2164 2443 2155 2446 2142 2446 2048 2432 2045 2432 1957 2435 1954 2435 1951 2435 1932 2449 1929 2451 1910 2449 1833 2438 1830 2438 1827 2438 1825 2438 1808 2451 1803 2454 1720 2451 1494 2446 1491 2446 1488 2446 1485 2446 1474 2457 1466 2465 1378 2468 1182 2468 1174 2462 1166 2454 1163 2454 1160 2454 1157 2454 1091 2465 1025 2476 493 2476 496 2523"/></Shape>
	    <String CONTENT=""
                    HPOS="493"
                    VPOS="2421"
                    WIDTH="2112"
                    HEIGHT="152"></String>
          </TextLine>
          <TextLine ID="eSc_line_5ef8aa8a"
                    TAGREFS="LT31"
                    BASELINE="493 2595 827 2586" 
                    HPOS="490"
                    VPOS="2542"
                    WIDTH="337"
                    HEIGHT="83">
            <Shape><Polygon POINTS="573 2589 545 2586 518 2589 490 2586 493 2595 493 2625 824 2625 827 2586 821 2553 609 2542 606 2542 589 2542 573 2589"/></Shape>
	    <String CONTENT=""
                    HPOS="490"
                    VPOS="2542"
                    WIDTH="337"
                    HEIGHT="83"></String>
          </TextLine>
        </TextBlock>
      </PrintSpace>
    </Page>
  </Layout>
</alto>
