<?xml version="1.0" encoding="UTF-8"?>
<alto xmlns:xsi="http://www.w3.org/2001/XMLSchema-instance"
      xmlns="http://www.loc.gov/standards/alto/ns-v4#"
      xsi:schemaLocation="http://www.loc.gov/standards/alto/ns-v4# http://www.loc.gov/standards/alto/v4/alto-4-2.xsd">
  <Description>
    <MeasurementUnit>pixel</MeasurementUnit>
    <sourceImageInformation>
      <fileName>ARCH-DIV-000496_0264.png</fileName>
    </sourceImageInformation>
  </Description>
  <Tags>
    <OtherTag ID="BT42" LABEL="MainZone" DESCRIPTION="block type MainZone"/><OtherTag ID="BT43" LABEL="MarginTextZone" DESCRIPTION="block type MarginTextZone"/><OtherTag ID="BT44" LABEL="NumberingZone" DESCRIPTION="block type NumberingZone"/><OtherTag ID="BT45" LABEL="TitlePageZone" DESCRIPTION="block type TitlePageZone"/><OtherTag ID="BT46" LABEL="CustomZone:Numbering" DESCRIPTION="block type CustomZone:Numbering"/><OtherTag ID="BT49" LABEL="MarginTextZone:lower" DESCRIPTION="block type MarginTextZone:lower"/>
    <OtherTag ID="LT25" LABEL="default" DESCRIPTION="line type default"/><OtherTag ID="LT31" LABEL="DefaultLine" DESCRIPTION="line type DefaultLine"/><OtherTag ID="LT32" LABEL="HeadingLine" DESCRIPTION="line type HeadingLine"/><OtherTag ID="LT33" LABEL="InterlinearLine:addition" DESCRIPTION="line type InterlinearLine:addition"/><OtherTag ID="LT34" LABEL="InterlinearLine:correction" DESCRIPTION="line type InterlinearLine:correction"/>
  </Tags>
  <Layout>
    <Page WIDTH="2790"
          HEIGHT="3369"
          PHYSICAL_IMG_NR="263"
          ID="eSc_dummypage_">
      <PrintSpace HPOS="0"
                  VPOS="0"
                  WIDTH="2790"
                  HEIGHT="3369">
        <TextBlock HPOS="142"
                   VPOS="80"
                   WIDTH="336"
                   HEIGHT="261"
                   ID="eSc_textblock_e62b6070"
                   TAGREFS="BT44">
          <Shape><Polygon POINTS="478 341 478 80 142 80 142 341"/></Shape>
          <TextLine ID="eSc_line_e1d234ce"
                    TAGREFS="LT31"
                    BASELINE="244 188 407 174" 
                    HPOS="236"
                    VPOS="123"
                    WIDTH="174"
                    HEIGHT="101">
            <Shape><Polygon POINTS="379 131 351 129 323 129 295 126 266 123 236 123 244 188 247 224 410 224 407 174 401 162 379 131"/></Shape>
	    <String CONTENT=""
                    HPOS="236"
                    VPOS="123"
                    WIDTH="174"
                    HEIGHT="101"></String>
          </TextLine>
        </TextBlock>
        <TextBlock HPOS="0"
                   VPOS="512"
                   WIDTH="574"
                   HEIGHT="1485"
                   ID="eSc_textblock_2aca9600"
                   TAGREFS="BT43">
          <Shape><Polygon POINTS="6 552 0 1997 544 1972 574 512"/></Shape>
          <TextLine ID="eSc_line_dfe46713"
                    TAGREFS="LT31"
                    BASELINE="528 671 559 673" 
                    HPOS="528"
                    VPOS="671"
                    WIDTH="31"
                    HEIGHT="2">
	    <String CONTENT=""
                    HPOS="528"
                    VPOS="671"
                    WIDTH="31"
                    HEIGHT="2"></String>
          </TextLine>
          <TextLine ID="eSc_line_f18e87ec"
                    TAGREFS="LT31"
                    BASELINE="70 1733 470 1694" 
                    HPOS="92"
                    VPOS="1662"
                    WIDTH="191"
                    HEIGHT="89">
            <Shape><Polygon POINTS="118 1690 92 1698 95 1726 95 1751 283 1729 283 1709 275 1662 157 1676 146 1681"/></Shape>
	    <String CONTENT=""
                    HPOS="92"
                    VPOS="1662"
                    WIDTH="191"
                    HEIGHT="89"></String>
          </TextLine>
          <TextLine ID="eSc_line_3c26f845"
                    TAGREFS="LT31"
                    BASELINE="69 1798 463 1765" 
                    HPOS="81"
                    VPOS="1732"
                    WIDTH="382"
                    HEIGHT="87">
            <Shape><Polygon POINTS="84 1810 216 1805 264 1813 297 1819 300 1819 303 1819 306 1819 311 1813 334 1799 460 1810 463 1765 455 1732 81 1749 84 1785"/></Shape>
	    <String CONTENT=""
                    HPOS="81"
                    VPOS="1732"
                    WIDTH="382"
                    HEIGHT="87"></String>
          </TextLine>
          <TextLine ID="eSc_line_17ca1772"
                    TAGREFS="LT31"
                    BASELINE="46 1859 252 1844" 
                    HPOS="103"
                    VPOS="1796"
                    WIDTH="149"
                    HEIGHT="96">
            <Shape><Polygon POINTS="115 1892 252 1869 252 1844 244 1796 103 1816 112 1861"/></Shape>
	    <String CONTENT=""
                    HPOS="103"
                    VPOS="1796"
                    WIDTH="149"
                    HEIGHT="96"></String>
          </TextLine>
        </TextBlock>
        <TextBlock HPOS="538"
                   VPOS="10"
                   WIDTH="2183"
                   HEIGHT="3360"
                   ID="eSc_textblock_e917537c"
                   TAGREFS="BT42">
          <Shape><Polygon POINTS="569 10 578 672 538 3370 2721 3367 2721 25"/></Shape>
          <TextLine ID="eSc_line_30c9af23"
                    TAGREFS="LT33"
                    BASELINE="595 42 831 36" 
                    HPOS="592"
                    VPOS="2"
                    WIDTH="239"
                    HEIGHT="62">
            <Shape><Polygon POINTS="789 5 761 5 736 2 637 5 620 8 592 11 595 42 595 64 831 53 831 36 823 8 817 8"/></Shape>
	    <String CONTENT=""
                    HPOS="592"
                    VPOS="2"
                    WIDTH="239"
                    HEIGHT="62"></String>
          </TextLine>
          <TextLine ID="eSc_line_c3cd1b9f"
                    TAGREFS="LT31"
                    BASELINE="594 105 913 95 2663 87" 
                    HPOS="519"
                    VPOS="36"
                    WIDTH="2144"
                    HEIGHT="104">
            <Shape><Polygon POINTS="2258 44 2230 44 2202 44 2174 44 2146 44 2126 44 2115 47 2101 44 2090 44 2062 44 2034 44 2006 44 1978 44 1949 44 1921 44 1893 44 1890 44 1817 50 1786 53 1775 53 1741 44 1725 44 1697 44 1668 44 1654 53 1652 53 1635 44 1612 44 1584 44 1556 44 1528 44 1514 44 1446 53 1430 44 1416 44 1387 44 1365 42 1317 56 1309 58 1171 58 1166 56 1101 36 1098 36 960 36 958 36 539 58 522 84 519 109 519 126 910 140 913 140 1092 126 1129 123 1149 126 1236 137 1239 137 1241 137 1244 137 1261 123 1267 123 1328 123 1638 134 1640 134 1784 123 1817 120 1823 123 1848 134 1851 134 1854 134 1941 123 1978 117 2020 120 2118 131 2121 131 2660 117 2663 87 2655 47 2334 47 2329 47 2306 44 2287 44"/></Shape>
	    <String CONTENT=""
                    HPOS="519"
                    VPOS="36"
                    WIDTH="2144"
                    HEIGHT="104"></String>
          </TextLine>
          <TextLine ID="eSc_line_959fe120"
                    TAGREFS="LT31"
                    BASELINE="578 188 2677 151" 
                    HPOS="575"
                    VPOS="92"
                    WIDTH="2102"
                    HEIGHT="129">
            <Shape><Polygon POINTS="578 188 578 210 741 221 744 221 747 221 778 207 789 204 811 207 899 221 901 221 1143 202 1222 196 1250 199 1323 213 1326 213 1328 213 1331 213 1348 199 1354 193 1503 193 1508 196 1539 210 1542 210 1545 210 1548 210 1607 193 1623 190 1638 193 1702 207 1705 207 1890 188 1938 185 1958 188 2017 199 2020 199 2022 199 2025 199 2045 185 2053 182 2121 185 2337 196 2340 196 2343 196 2346 196 2368 182 2413 193 2416 193 2419 193 2677 174 2677 151 2671 115 2539 92 2537 92 2438 115 2323 101 2320 101 2317 101 2315 101 2289 117 2230 106 2228 106 2155 120 2087 101 2084 101 2081 101 1809 126 1713 106 1711 106 1708 106 1705 106 1671 129 1241 115 1239 115 1036 140 856 123 854 123 708 145 649 126 646 126 643 126 640 126 575 148 578 188"/></Shape>
	    <String CONTENT=""
                    HPOS="575"
                    VPOS="92"
                    WIDTH="2102"
                    HEIGHT="129"></String>
          </TextLine>
          <TextLine ID="eSc_line_5350c9b9"
                    TAGREFS="LT31"
                    BASELINE="584 263 1930 224 2708 216" 
                    HPOS="581"
                    VPOS="165"
                    WIDTH="2127"
                    HEIGHT="129">
            <Shape><Polygon POINTS="584 263 584 283 918 294 921 294 924 294 927 294 927 291 941 277 983 277 1078 275 1087 275 1146 289 1149 289 1306 272 1312 272 1314 272 1441 280 1444 280 1446 280 1486 269 1503 263 1559 266 1682 275 1685 275 1688 275 1725 263 1747 255 1975 252 2000 258 2028 266 2031 266 2034 266 2110 255 2180 247 2228 255 2273 261 2275 261 2278 261 2303 252 2332 244 2351 252 2368 258 2371 258 2374 258 2708 244 2708 216 2700 174 2374 179 2306 165 2303 165 2301 165 2233 182 2152 171 2149 171 2051 188 1994 174 1992 174 1989 174 1902 190 1666 182 1663 182 1660 182 1598 199 1595 199 1458 190 1455 190 1146 210 1053 196 1050 196 1048 196 1008 213 811 202 809 202 581 224 584 263"/></Shape>
	    <String CONTENT=""
                    HPOS="581"
                    VPOS="165"
                    WIDTH="2127"
                    HEIGHT="129"></String>
          </TextLine>
          <TextLine ID="eSc_line_2d4a283e"
                    TAGREFS="LT31"
                    BASELINE="578 331 1904 297 2686 289" 
                    HPOS="575"
                    VPOS="235"
                    WIDTH="2111"
                    HEIGHT="132">
            <Shape><Polygon POINTS="578 331 578 350 702 367 705 367 1028 345 1098 342 1126 345 1219 356 1222 356 1225 356 1227 356 1227 353 1239 342 1244 339 1269 342 1345 353 1348 353 1438 339 1489 331 2683 322 2686 289 2677 235 2348 252 2301 244 2264 238 2261 238 2163 247 2059 258 1992 252 1919 247 1916 247 1865 255 1823 263 1789 258 1741 249 1739 249 1562 263 1458 272 1427 266 1368 258 1365 258 1362 258 1359 258 1343 269 1331 277 1064 280 1042 277 977 266 974 266 972 266 969 266 949 280 941 283 904 280 758 272 755 272 752 272 727 286 708 272 705 272 702 272 699 272 575 289 578 331"/></Shape>
	    <String CONTENT=""
                    HPOS="575"
                    VPOS="235"
                    WIDTH="2111"
                    HEIGHT="132"></String>
          </TextLine>
          <TextLine ID="eSc_line_761841a3"
                    TAGREFS="LT31"
                    BASELINE="584 395 2641 348" 
                    HPOS="581"
                    VPOS="308"
                    WIDTH="2060"
                    HEIGHT="124">
            <Shape><Polygon POINTS="584 395 584 418 699 432 702 432 705 432 708 432 727 418 941 426 944 426 1076 409 1078 409 1081 409 1306 418 1309 418 1312 418 1314 418 1334 404 1340 404 1668 409 1671 409 1739 395 1781 407 1784 407 1786 407 1789 407 1817 393 1829 393 2003 401 2006 401 2641 373 2641 348 2632 308 581 345 584 395"/></Shape>
	    <String CONTENT=""
                    HPOS="581"
                    VPOS="308"
                    WIDTH="2060"
                    HEIGHT="124"></String>
          </TextLine>
          <TextLine ID="eSc_line_b34fb17e"
                    TAGREFS="LT31"
                    BASELINE="584 477 2671 415" 
                    HPOS="581"
                    VPOS="373"
                    WIDTH="2090"
                    HEIGHT="132">
            <Shape><Polygon POINTS="584 477 584 505 2671 440 2671 415 2663 373 581 432 584 477"/></Shape>
	    <String CONTENT=""
                    HPOS="581"
                    VPOS="373"
                    WIDTH="2090"
                    HEIGHT="132"></String>
          </TextLine>
          <TextLine ID="eSc_line_ea9bf7ed"
                    TAGREFS="LT31"
                    BASELINE="590 544 2683 488" 
                    HPOS="587"
                    VPOS="435"
                    WIDTH="2096"
                    HEIGHT="143">
            <Shape><Polygon POINTS="590 544 590 578 2683 519 2683 488 2674 435 2258 460 2090 449 2056 449 2053 449 2034 452 1947 471 587 491 590 544"/></Shape>
	    <String CONTENT=""
                    HPOS="587"
                    VPOS="435"
                    WIDTH="2096"
                    HEIGHT="143"></String>
          </TextLine>
          <TextLine ID="eSc_line_6f033969"
                    TAGREFS="LT31"
                    BASELINE="592 609 1118 586 2652 558" 
                    HPOS="590"
                    VPOS="525"
                    WIDTH="2062"
                    HEIGHT="112">
            <Shape><Polygon POINTS="592 609 592 637 1264 609 1387 620 1393 620 1396 620 1399 620 1458 606 2008 606 2017 606 2020 606 2022 606 2073 592 2649 592 2652 558 2643 525 1126 541 989 558 986 558 859 547 856 547 590 567 592 609"/></Shape>
	    <String CONTENT=""
                    HPOS="590"
                    VPOS="525"
                    WIDTH="2062"
                    HEIGHT="112"></String>
          </TextLine>
          <TextLine ID="eSc_line_c0139ec7"
                    TAGREFS="LT31"
                    BASELINE="578 676 1303 648 2688 631" 
                    HPOS="575"
                    VPOS="572"
                    WIDTH="2113"
                    HEIGHT="113">
            <Shape><Polygon POINTS="578 676 578 685 2686 651 2688 631 2686 592 2641 572 2638 572 2635 572 2632 572 2582 592 2452 575 2450 575 2447 575 2444 575 2413 595 2183 581 2180 581 2059 600 2008 583 2006 583 2003 583 2000 583 1997 583 1966 603 1961 603 1823 586 1820 586 1525 595 1522 595 1475 612 1472 612 1469 612 1354 595 1351 595 1208 617 1196 617 1188 617 1104 600 1101 600 1098 600 1039 620 1033 620 1019 620 887 606 885 606 882 606 879 606 854 623 848 626 575 626 578 676"/></Shape>
	    <String CONTENT=""
                    HPOS="575"
                    VPOS="572"
                    WIDTH="2113"
                    HEIGHT="113"></String>
          </TextLine>
          <TextLine ID="eSc_line_3c2e6871"
                    TAGREFS="LT34"
                    BASELINE="2310 676 2596 665" 
                    HPOS="2310"
                    VPOS="665"
                    WIDTH="286"
                    HEIGHT="11">
	    <String CONTENT=""
                    HPOS="2310"
                    VPOS="665"
                    WIDTH="286"
                    HEIGHT="11"></String>
          </TextLine>
          <TextLine ID="eSc_line_14584dee"
                    TAGREFS="LT31"
                    BASELINE="584 743 2621 687" 
                    HPOS="581"
                    VPOS="634"
                    WIDTH="2040"
                    HEIGHT="138">
            <Shape><Polygon POINTS="2514 634 2281 656 1854 654 1851 654 1848 654 1798 670 1657 662 1654 662 1550 676 1503 662 1500 662 1497 662 1149 687 1019 676 1017 676 1014 676 1011 676 983 693 887 679 885 679 882 679 845 696 705 687 702 687 581 704 584 743 584 772 1005 752 1053 760 1078 766 1081 766 1154 758 1298 743 1435 752 1494 755 1497 755 1528 749 1601 735 1646 746 1657 749 1660 749 1663 749 1666 749 1677 746 1708 735 1921 741 2003 741 2006 741 2008 741 2011 741 2014 738 2034 727 2244 732 2309 732 2312 732 2315 732 2320 729 2357 715 2618 721 2621 687 2615 651 2517 634 2514 634"/></Shape>
	    <String CONTENT=""
                    HPOS="581"
                    VPOS="634"
                    WIDTH="2040"
                    HEIGHT="138"></String>
          </TextLine>
          <TextLine ID="eSc_line_917e1a99"
                    TAGREFS="LT31"
                    BASELINE="584 814 2714 755" 
                    HPOS="581"
                    VPOS="713"
                    WIDTH="2133"
                    HEIGHT="123">
            <Shape><Polygon POINTS="2702 713 2256 715 2253 715 2250 715 2236 727 2230 729 2202 727 2104 718 2101 718 2003 732 1972 738 1966 735 1952 724 1949 724 1947 724 1944 724 1831 738 1792 743 1781 741 1750 729 1747 729 1744 729 1626 746 1593 749 1564 746 1466 738 1463 738 1461 738 1404 752 1390 755 1368 755 1247 743 1244 743 1241 743 1188 760 1180 760 1171 760 1090 746 1087 746 989 766 980 766 969 766 786 755 783 755 581 777 584 814 584 836 2714 786 2714 755 2711 741 2702 713"/></Shape>
	    <String CONTENT=""
                    HPOS="581"
                    VPOS="713"
                    WIDTH="2133"
                    HEIGHT="123"></String>
          </TextLine>
          <TextLine ID="eSc_line_ff20a108"
                    TAGREFS="LT31"
                    BASELINE="584 887 2660 822" 
                    HPOS="581"
                    VPOS="772"
                    WIDTH="2079"
                    HEIGHT="143">
            <Shape><Polygon POINTS="584 887 584 915 2660 850 2660 822 2652 772 2565 788 2514 777 2506 774 2503 774 2500 774 2497 774 2494 774 2492 777 2469 791 2317 783 2281 783 2278 783 2258 786 2188 800 2160 788 2149 786 2146 786 2143 786 2140 786 2138 786 2132 791 2110 802 1972 797 1876 794 1874 794 1871 794 1868 794 1857 802 1837 814 1730 814 1702 808 1668 800 1666 800 1663 800 1480 816 1379 825 1267 825 944 822 941 822 854 842 845 842 831 842 674 831 671 831 581 850 584 887"/></Shape>
	    <String CONTENT=""
                    HPOS="581"
                    VPOS="772"
                    WIDTH="2079"
                    HEIGHT="143"></String>
          </TextLine>
          <TextLine ID="eSc_line_dd63a34a"
                    TAGREFS="LT31"
                    BASELINE="578 957 1095 929 2674 889" 
                    HPOS="575"
                    VPOS="842"
                    WIDTH="2099"
                    HEIGHT="137">
            <Shape><Polygon POINTS="578 957 578 979 685 965 764 977 767 977 769 977 775 977 885 960 1056 968 1081 968 1084 968 1087 968 1090 968 1112 954 1171 965 1182 965 1185 965 1188 965 1194 962 1230 951 1351 960 1385 960 1387 960 1410 957 1491 940 2671 915 2674 889 2669 853 2489 842 2486 842 2393 859 2385 859 2365 859 2185 850 2183 850 2096 864 2079 870 575 901 578 957"/></Shape>
	    <String CONTENT=""
                    HPOS="575"
                    VPOS="842"
                    WIDTH="2099"
                    HEIGHT="137"></String>
          </TextLine>
          <TextLine ID="eSc_line_0babaf30"
                    TAGREFS="LT31"
                    BASELINE="584 1024 1921 977 2677 965" 
                    HPOS="581"
                    VPOS="906"
                    WIDTH="2096"
                    HEIGHT="155">
            <Shape><Polygon POINTS="584 1024 584 1061 679 1044 764 1055 767 1055 966 1033 991 1050 994 1050 997 1050 1000 1050 1003 1050 1005 1050 1076 1030 1180 1044 1185 1044 1188 1044 1208 1044 1590 1013 1674 1030 1680 1030 1682 1030 1697 1030 1865 1005 1947 1021 1952 1021 1955 1021 1958 1021 1986 1007 2110 1016 2112 1016 2115 1016 2155 999 2225 1013 2228 1013 2230 1013 2233 1013 2236 1013 2258 993 2301 1010 2303 1010 2306 1010 2309 1010 2419 993 2674 999 2677 965 2669 906 1129 965 1090 965 949 957 946 957 581 982 584 1024"/></Shape>
	    <String CONTENT=""
                    HPOS="581"
                    VPOS="906"
                    WIDTH="2096"
                    HEIGHT="155"></String>
          </TextLine>
          <TextLine ID="eSc_line_4e0b1a66"
                    TAGREFS="LT31"
                    BASELINE="578 1103 1865 1052 2688 1052" 
                    HPOS="575"
                    VPOS="999"
                    WIDTH="2113"
                    HEIGHT="140">
            <Shape><Polygon POINTS="578 1103 578 1139 730 1111 876 1131 879 1131 882 1131 938 1114 1078 1125 1081 1125 1084 1125 1087 1125 1118 1103 1174 1123 1177 1123 1180 1123 1312 1094 1472 1106 1475 1106 1767 1083 1803 1103 1806 1103 1809 1103 1812 1103 1860 1078 2087 1072 2146 1083 2149 1083 2152 1083 2202 1069 2264 1092 2267 1092 2270 1092 2509 1072 2686 1080 2688 1052 2686 1002 2287 999 2284 999 2281 999 2278 999 2264 1010 2261 1013 2242 1013 2146 1005 2143 1005 2056 1016 2039 1019 2037 1019 2000 1002 1997 1002 1994 1002 1871 1019 1786 1007 1784 1007 1781 1007 1778 1007 1756 1024 1750 1024 1475 1016 1472 1016 1371 1019 1368 1019 1365 1019 1365 1021 1348 1035 1348 1038 1343 1035 1320 1027 1317 1027 1314 1027 1185 1041 1143 1044 1129 1041 1073 1027 1070 1027 1067 1027 1064 1027 1003 1044 994 1047 977 1047 868 1033 865 1033 862 1033 859 1033 840 1050 837 1050 767 1035 764 1035 761 1035 708 1052 696 1058 575 1058 578 1103"/></Shape>
	    <String CONTENT=""
                    HPOS="575"
                    VPOS="999"
                    WIDTH="2113"
                    HEIGHT="140"></String>
          </TextLine>
          <TextLine ID="eSc_line_33aa722c"
                    TAGREFS="LT31"
                    BASELINE="575 1173 1921 1120 2657 1114" 
                    HPOS="573"
                    VPOS="1066"
                    WIDTH="2084"
                    HEIGHT="135">
            <Shape><Polygon POINTS="575 1173 575 1201 921 1201 955 1195 1031 1179 1140 1190 1157 1190 1160 1190 1174 1187 1272 1167 1387 1167 1427 1181 1438 1184 1441 1184 1444 1184 1469 1179 1545 1165 1576 1176 1581 1179 1584 1179 1587 1179 1590 1179 1593 1179 1595 1176 1623 1159 1899 1162 1902 1162 1969 1148 2042 1165 2051 1165 2053 1165 2073 1162 2230 1139 2309 1153 2312 1153 2657 1145 2657 1114 2649 1066 1865 1072 1477 1103 1430 1106 1424 1106 1385 1089 1382 1089 1379 1089 1376 1089 1337 1108 1334 1108 1328 1108 1258 1092 1255 1092 1163 1114 1157 1114 1151 1114 1104 1100 1101 1100 1098 1100 1095 1100 1092 1100 1067 1117 1064 1117 1045 1117 823 1106 820 1106 817 1106 758 1125 758 1128 573 1131 575 1173"/></Shape>
	    <String CONTENT=""
                    HPOS="573"
                    VPOS="1066"
                    WIDTH="2084"
                    HEIGHT="135"></String>
          </TextLine>
          <TextLine ID="eSc_line_477667c7"
                    TAGREFS="LT31"
                    BASELINE="592 1246 1139 1241 1139 1241 1966 1195 2680 1184" 
                    HPOS="590"
                    VPOS="1137"
                    WIDTH="2090"
                    HEIGHT="146">
            <Shape><Polygon POINTS="592 1283 2680 1204 2680 1184 2671 1137 1632 1156 1477 1176 1455 1179 1427 1179 1216 1170 1213 1170 1115 1190 1109 1190 1104 1190 1039 1176 1036 1176 1033 1176 969 1193 865 1184 862 1184 590 1207 592 1246"/></Shape>
	    <String CONTENT=""
                    HPOS="590"
                    VPOS="1137"
                    WIDTH="2090"
                    HEIGHT="146"></String>
          </TextLine>
          <TextLine ID="eSc_line_da389a21"
                    TAGREFS="LT31"
                    BASELINE="575 1327 1570 1283 2697 1254" 
                    HPOS="573"
                    VPOS="1204"
                    WIDTH="2124"
                    HEIGHT="143">
            <Shape><Polygon POINTS="575 1327 575 1347 2694 1283 2697 1254 2691 1215 2393 1204 2391 1204 2388 1204 2303 1226 2298 1226 2287 1226 2059 1215 2056 1215 1955 1238 1952 1238 1949 1238 1809 1224 1806 1224 1576 1232 1573 1232 1570 1232 1550 1249 1402 1238 1399 1238 1396 1238 1359 1257 1357 1257 1284 1249 1281 1249 1278 1249 1230 1263 1225 1263 1219 1263 1177 1246 1174 1246 1171 1246 1168 1246 1107 1266 1104 1268 573 1283 575 1327"/></Shape>
	    <String CONTENT=""
                    HPOS="573"
                    VPOS="1204"
                    WIDTH="2124"
                    HEIGHT="143"></String>
          </TextLine>
          <TextLine ID="eSc_line_27c17cd5"
                    TAGREFS="LT34"
                    BASELINE="2286 1310 2388 1307" 
                    HPOS="2286"
                    VPOS="1307"
                    WIDTH="102"
                    HEIGHT="3">
	    <String CONTENT=""
                    HPOS="2286"
                    VPOS="1307"
                    WIDTH="102"
                    HEIGHT="3"></String>
          </TextLine>
          <TextLine ID="eSc_line_ddd82183"
                    TAGREFS="LT31"
                    BASELINE="575 1409 2674 1330" 
                    HPOS="573"
                    VPOS="1285"
                    WIDTH="2101"
                    HEIGHT="144">
            <Shape><Polygon POINTS="575 1409 575 1429 1623 1406 1770 1389 1792 1386 1806 1386 1921 1395 1924 1395 2671 1353 2674 1330 2666 1285 1904 1319 1882 1316 1837 1308 1834 1308 1567 1327 1458 1336 1438 1333 1385 1325 1382 1325 1314 1339 1298 1341 1284 1339 1236 1330 1233 1330 1053 1350 1008 1353 994 1350 938 1341 935 1341 811 1358 783 1361 761 1361 637 1353 634 1353 573 1367 575 1409"/></Shape>
	    <String CONTENT=""
                    HPOS="573"
                    VPOS="1285"
                    WIDTH="2101"
                    HEIGHT="144"></String>
          </TextLine>
          <TextLine ID="eSc_line_9e4379c9"
                    TAGREFS="LT31"
                    BASELINE="575 1493 2334 1417 2700 1417" 
                    HPOS="573"
                    VPOS="1367"
                    WIDTH="2127"
                    HEIGHT="154">
            <Shape><Polygon POINTS="575 1493 575 1516 842 1521 845 1521 848 1521 901 1504 921 1502 935 1504 974 1516 977 1516 980 1516 983 1516 986 1516 1003 1502 1011 1496 1328 1485 1413 1487 1522 1493 1525 1493 1668 1479 1820 1465 1972 1468 2065 1471 2067 1471 2132 1462 2278 1445 2379 1454 2407 1457 2410 1457 2413 1457 2424 1454 2480 1437 2697 1443 2700 1417 2694 1367 2323 1381 2317 1381 2273 1367 2270 1367 2267 1367 2264 1367 2261 1367 2242 1384 2239 1386 2112 1389 2096 1389 1986 1372 1983 1372 1865 1398 1845 1400 1837 1398 1806 1386 1803 1386 1800 1386 1798 1386 1795 1386 1775 1400 1770 1403 1691 1403 1494 1403 1491 1403 1489 1403 1455 1412 1438 1417 1435 1414 1416 1398 1413 1398 1410 1398 1407 1398 1320 1400 1317 1400 1278 1414 1053 1414 1050 1414 1048 1414 1045 1414 1028 1429 1022 1434 1003 1431 946 1417 944 1417 941 1417 938 1417 918 1434 915 1434 904 1434 814 1426 811 1426 809 1426 752 1440 738 1443 733 1440 699 1426 696 1426 693 1426 573 1445 575 1493"/></Shape>
	    <String CONTENT=""
                    HPOS="573"
                    VPOS="1367"
                    WIDTH="2127"
                    HEIGHT="154"></String>
          </TextLine>
          <TextLine ID="eSc_line_df1b3381"
                    TAGREFS="LT31"
                    BASELINE="575 1569 2691 1493" 
                    HPOS="573"
                    VPOS="1448"
                    WIDTH="2118"
                    HEIGHT="152">
            <Shape><Polygon POINTS="575 1569 575 1600 2688 1518 2691 1493 2686 1454 2365 1448 2362 1448 2166 1468 2107 1473 2096 1471 2053 1457 2051 1457 2048 1457 2045 1457 1989 1473 1966 1479 1930 1476 1845 1465 1843 1465 1840 1465 1800 1479 1784 1485 1747 1482 1657 1471 1654 1471 1652 1471 1601 1485 1573 1493 1542 1487 1500 1479 1497 1479 1494 1479 1491 1479 1477 1490 1469 1496 1435 1490 1379 1482 1376 1482 1373 1482 1354 1493 1337 1502 1275 1496 1196 1487 1194 1487 1191 1487 1188 1487 1171 1499 1157 1507 1123 1499 1087 1493 1084 1493 1042 1502 997 1513 896 1507 795 1502 792 1502 573 1516 575 1569"/></Shape>
	    <String CONTENT=""
                    HPOS="573"
                    VPOS="1448"
                    WIDTH="2118"
                    HEIGHT="152"></String>
          </TextLine>
          <TextLine ID="eSc_line_66ed914c"
                    TAGREFS="LT31"
                    BASELINE="570 1645 2056 1589 2667 1578 2728 1595" 
                    HPOS="567"
                    VPOS="1516"
                    WIDTH="2152"
                    HEIGHT="165">
            <Shape><Polygon POINTS="570 1681 828 1659 901 1670 904 1670 1014 1653 1477 1653 1550 1653 1550 1650 1553 1650 1556 1650 1587 1631 1876 1622 2022 1633 2039 1633 2042 1633 2062 1631 2205 1611 2309 1622 2312 1622 2315 1622 2452 1603 2716 1608 2719 1577 2714 1530 2604 1516 2601 1516 2598 1516 2531 1535 2514 1538 2503 1535 2444 1521 2441 1521 2438 1521 2435 1521 2368 1541 2354 1544 2332 1541 2225 1530 2222 1530 2112 1549 2107 1549 2098 1549 1949 1541 1947 1541 1944 1541 1896 1558 1890 1558 1888 1558 1834 1544 1831 1544 1829 1544 1455 1555 1452 1555 1373 1575 1362 1577 1354 1577 1298 1566 1295 1566 1062 1586 1025 1589 1022 1589 997 1575 994 1575 991 1575 989 1575 955 1591 949 1594 778 1597 775 1597 736 1583 733 1583 730 1583 727 1583 724 1583 724 1586 710 1600 567 1603 570 1645"/></Shape>
	    <String CONTENT=""
                    HPOS="567"
                    VPOS="1516"
                    WIDTH="2152"
                    HEIGHT="165"></String>
          </TextLine>
          <TextLine ID="eSc_line_2f3136f5"
                    TAGREFS="LT31"
                    BASELINE="573 1720 1376 1704 2126 1667 2728 1667" 
                    HPOS="570"
                    VPOS="1608"
                    WIDTH="2149"
                    HEIGHT="143">
            <Shape><Polygon POINTS="573 1751 1486 1735 1579 1718 1581 1718 1584 1718 1646 1729 1649 1729 1652 1729 1691 1712 1702 1709 1713 1712 1758 1726 1761 1726 1764 1726 1916 1706 1952 1701 1963 1704 2000 1718 2003 1718 2006 1718 2008 1718 2053 1701 2062 1698 2070 1701 2129 1715 2132 1715 2135 1715 2138 1715 2208 1695 2211 1695 2253 1709 2256 1709 2258 1709 2261 1709 2298 1692 2301 1690 2514 1684 2520 1684 2593 1701 2596 1701 2719 1676 2719 1656 2711 1608 570 1678 573 1720"/></Shape>
	    <String CONTENT=""
                    HPOS="570"
                    VPOS="1608"
                    WIDTH="2149"
                    HEIGHT="143"></String>
          </TextLine>
          <TextLine ID="eSc_line_505b8192"
                    TAGREFS="LT31"
                    BASELINE="570 1793 2691 1729" 
                    HPOS="567"
                    VPOS="1676"
                    WIDTH="2124"
                    HEIGHT="137">
            <Shape><Polygon POINTS="570 1793 570 1813 1770 1793 2034 1782 2598 1754 2688 1765 2691 1729 2683 1676 2582 1695 2520 1681 2517 1681 2514 1681 2511 1681 2427 1698 2270 1690 2256 1690 2253 1690 2250 1690 2247 1690 2194 1706 2135 1695 2124 1692 2121 1692 1789 1704 1786 1704 1784 1704 1781 1706 1770 1718 1744 1709 1739 1706 1736 1706 1733 1706 1730 1706 1719 1709 1657 1726 1528 1726 1508 1715 1500 1712 1497 1712 1494 1712 1491 1712 1489 1712 1483 1718 1469 1729 1371 1720 1317 1718 1314 1718 1233 1726 1104 1743 567 1749 570 1793"/></Shape>
	    <String CONTENT=""
                    HPOS="567"
                    VPOS="1676"
                    WIDTH="2124"
                    HEIGHT="137"></String>
          </TextLine>
          <TextLine ID="eSc_line_34f2a682"
                    TAGREFS="LT31"
                    BASELINE="559 1875 1385 1861 2042 1830 2697 1822" 
                    HPOS="556"
                    VPOS="1768"
                    WIDTH="2141"
                    HEIGHT="141">
            <Shape><Polygon POINTS="559 1875 559 1892 691 1906 693 1906 800 1892 882 1909 885 1909 887 1909 890 1909 918 1892 944 1906 946 1906 949 1906 1216 1900 1219 1900 1222 1900 1253 1881 1255 1878 1267 1878 1365 1897 1368 1897 1573 1878 1711 1889 1713 1889 1806 1869 1834 1861 2093 1861 2098 1864 2129 1878 2132 1878 2135 1878 2138 1878 2169 1861 2183 1855 2208 1861 2261 1872 2264 1872 2267 1872 2320 1858 2343 1852 2362 1858 2405 1872 2407 1872 2410 1872 2413 1872 2458 1855 2478 1850 2691 1850 2697 1822 2691 1785 2531 1768 2528 1768 2376 1788 2326 1774 2323 1774 2320 1774 2194 1791 2115 1779 2112 1779 2110 1779 2048 1796 2037 1799 2025 1799 1938 1782 1935 1782 1840 1802 1817 1805 1800 1802 1716 1788 1713 1788 1711 1788 1671 1805 1640 1793 1638 1793 1635 1793 1514 1808 1469 1816 1160 1819 1146 1816 1107 1805 1104 1805 1101 1805 1005 1819 963 1827 556 1827 559 1875"/></Shape>
	    <String CONTENT=""
                    HPOS="556"
                    VPOS="1768"
                    WIDTH="2141"
                    HEIGHT="141"></String>
          </TextLine>
          <TextLine ID="eSc_line_8ee1edc1"
                    TAGREFS="LT31"
                    BASELINE="561 1959 1435 1939 2098 1909 2691 1903" 
                    HPOS="559"
                    VPOS="1855"
                    WIDTH="2132"
                    HEIGHT="135">
            <Shape><Polygon POINTS="561 1959 561 1979 736 1976 738 1976 767 1990 769 1990 772 1990 1028 1970 1121 1965 1146 1968 1196 1979 1199 1979 1694 1965 1733 1956 1778 1948 1809 1956 1831 1962 1834 1962 1837 1962 1921 1954 2051 1939 2691 1939 2691 1903 2686 1864 2371 1855 2368 1855 2214 1872 2081 1864 2079 1864 2076 1864 2037 1878 2034 1878 1997 1878 1623 1875 1621 1875 1618 1875 1581 1889 1579 1889 1562 1889 1441 1881 1438 1881 1382 1895 1371 1897 559 1911 561 1959"/></Shape>
	    <String CONTENT=""
                    HPOS="559"
                    VPOS="1855"
                    WIDTH="2132"
                    HEIGHT="135"></String>
          </TextLine>
          <TextLine ID="eSc_line_81e99bd5"
                    TAGREFS="LT31"
                    BASELINE="564 2038 1420 2015 1421 2015 2214 1984 2674 1984" 
                    HPOS="561"
                    VPOS="1923"
                    WIDTH="2113"
                    HEIGHT="146">
            <Shape><Polygon POINTS="564 2060 932 2069 935 2069 1208 2055 1210 2055 1213 2055 1225 2043 1230 2041 1286 2043 1494 2052 1497 2052 1500 2052 1562 2035 1576 2032 1595 2035 1682 2046 1685 2046 1829 2041 1831 2041 1862 2027 1876 2021 1890 2027 1919 2038 1921 2038 1924 2038 2067 2021 2155 2010 2671 2004 2674 1984 2671 1937 2528 1923 2525 1923 2101 1951 2062 1937 2059 1937 2056 1937 1947 1956 1874 1942 1871 1942 1868 1942 1834 1959 1612 1951 1609 1951 1607 1951 1604 1951 1579 1968 1432 1956 1430 1956 1427 1956 1382 1976 828 1990 752 1976 750 1976 747 1976 744 1976 719 1993 601 1984 598 1984 595 1984 561 1996 564 2038"/></Shape>
	    <String CONTENT=""
                    HPOS="561"
                    VPOS="1923"
                    WIDTH="2113"
                    HEIGHT="146"></String>
          </TextLine>
          <TextLine ID="eSc_line_82cfff7f"
                    TAGREFS="LT31"
                    BASELINE="570 2108 2674 2049" 
                    HPOS="567"
                    VPOS="2007"
                    WIDTH="2107"
                    HEIGHT="129">
            <Shape><Polygon POINTS="570 2108 570 2136 2674 2085 2674 2049 2666 2007 567 2066 570 2108"/></Shape>
	    <String CONTENT=""
                    HPOS="567"
                    VPOS="2007"
                    WIDTH="2107"
                    HEIGHT="129"></String>
          </TextLine>
          <TextLine ID="eSc_line_841f2a94"
                    TAGREFS="LT31"
                    BASELINE="567 2181 2705 2119" 
                    HPOS="564"
                    VPOS="2069"
                    WIDTH="2141"
                    HEIGHT="151">
            <Shape><Polygon POINTS="567 2181 567 2220 668 2203 831 2212 885 2215 887 2215 890 2215 910 2209 969 2195 1019 2206 1050 2212 1053 2212 1104 2203 1154 2195 1194 2201 1241 2206 1244 2206 1247 2206 1275 2198 1309 2187 1466 2192 1621 2195 1623 2195 1626 2195 1660 2184 1682 2178 1733 2181 1826 2189 1829 2189 1831 2189 1876 2178 1904 2170 1930 2175 1972 2184 1975 2184 1978 2184 1980 2184 1994 2173 2000 2167 2025 2173 2070 2181 2073 2181 2076 2181 2101 2170 2121 2161 2160 2167 2214 2175 2216 2175 2278 2164 2317 2153 2523 2150 2537 2153 2576 2167 2579 2167 2582 2167 2702 2147 2705 2119 2700 2077 2511 2069 2509 2069 2402 2083 2354 2088 2343 2085 2317 2074 2315 2074 2312 2074 2258 2085 2236 2091 2216 2088 2188 2080 2185 2080 2183 2080 2180 2080 2163 2088 2149 2097 1826 2105 1725 2100 1646 2094 1643 2094 1640 2094 1638 2094 1629 2102 1612 2111 1404 2105 1309 2105 1306 2105 1303 2105 1300 2105 1298 2108 1281 2119 1135 2114 1123 2114 1121 2114 1115 2114 1045 2128 854 2119 820 2119 817 2119 814 2119 811 2119 795 2133 767 2122 761 2119 758 2119 755 2119 736 2122 657 2139 564 2128 567 2181"/></Shape>
	    <String CONTENT=""
                    HPOS="564"
                    VPOS="2069"
                    WIDTH="2141"
                    HEIGHT="151"></String>
          </TextLine>
          <TextLine ID="eSc_line_3f6e4a50"
                    TAGREFS="LT31"
                    BASELINE="564 2262 2160 2212" 
                    HPOS="561"
                    VPOS="2161"
                    WIDTH="1599"
                    HEIGHT="143">
            <Shape><Polygon POINTS="564 2262 564 2290 629 2304 632 2304 634 2304 665 2290 679 2282 769 2282 786 2288 814 2296 817 2296 820 2296 823 2296 826 2296 837 2285 845 2276 935 2274 969 2282 986 2288 989 2288 991 2288 994 2288 997 2288 1003 2282 1019 2271 1104 2279 1180 2288 1182 2288 1185 2288 1205 2279 1227 2268 1300 2276 1359 2282 1362 2282 1404 2274 1483 2257 1573 2271 1604 2274 1607 2274 1609 2274 1612 2274 1612 2271 1615 2268 1632 2251 1660 2262 1663 2262 1666 2262 1668 2262 1722 2248 1868 2265 1890 2265 1893 2265 1896 2265 1904 2262 1963 2243 2051 2260 2053 2260 2056 2260 2059 2260 2062 2260 2062 2257 2081 2240 2157 2257 2160 2212 2149 2161 2098 2175 1800 2175 1741 2175 1739 2175 1711 2178 1607 2192 1550 2184 1522 2181 1520 2181 1517 2181 1514 2181 1505 2187 1491 2195 1461 2189 1435 2184 1432 2184 1430 2184 1427 2184 1427 2187 1424 2187 1421 2189 1416 2198 1334 2192 1258 2189 1255 2189 1208 2198 1163 2206 1126 2201 1078 2195 1076 2195 561 2223 564 2262"/></Shape>
	    <String CONTENT=""
                    HPOS="561"
                    VPOS="2161"
                    WIDTH="1599"
                    HEIGHT="143"></String>
          </TextLine>
          <TextLine ID="eSc_line_adb906f9"
                    TAGREFS="LT31"
                    BASELINE="606 2349 2697 2282" 
                    HPOS="604"
                    VPOS="2229"
                    WIDTH="2093"
                    HEIGHT="146">
            <Shape><Polygon POINTS="606 2349 606 2375 2694 2307 2697 2282 2691 2240 2458 2229 2455 2229 2452 2229 2450 2229 2450 2231 2433 2246 2421 2257 2371 2257 2332 2248 2261 2234 2258 2234 2256 2234 2208 2251 2169 2265 1997 2268 1904 2257 1826 2248 1823 2248 1820 2248 1784 2260 1733 2279 1564 2282 1531 2265 1517 2260 1514 2260 1511 2260 1399 2262 1396 2262 1365 2271 1292 2290 1244 2274 1236 2271 1233 2271 1230 2271 1227 2271 1225 2271 1222 2274 1191 2296 1042 2299 913 2282 887 2279 885 2279 882 2279 865 2282 769 2307 713 2288 708 2285 705 2285 702 2285 604 2288 606 2349"/></Shape>
	    <String CONTENT=""
                    HPOS="604"
                    VPOS="2229"
                    WIDTH="2093"
                    HEIGHT="146"></String>
          </TextLine>
          <TextLine ID="eSc_line_368d5867"
                    TAGREFS="LT31"
                    BASELINE="556 2428 2657 2355" 
                    HPOS="553"
                    VPOS="2299"
                    WIDTH="2104"
                    HEIGHT="163">
            <Shape><Polygon POINTS="556 2428 556 2462 764 2462 764 2459 767 2459 786 2453 820 2442 848 2450 873 2459 876 2459 879 2459 930 2448 983 2436 1048 2445 1101 2450 1104 2450 1107 2450 1129 2442 1154 2431 1166 2442 1174 2448 1177 2448 1180 2448 1182 2448 1185 2448 1219 2439 1239 2434 1253 2439 1275 2445 1278 2445 1281 2445 1284 2445 1306 2436 1326 2425 1553 2417 1843 2420 2006 2420 2008 2420 2042 2414 2107 2397 2261 2406 2329 2408 2332 2408 2379 2403 2500 2383 2655 2391 2657 2355 2649 2299 2551 2321 2298 2327 2247 2316 2239 2313 2236 2313 2233 2313 2230 2313 2216 2316 2155 2333 2039 2324 1997 2321 1994 2321 1935 2327 1812 2344 1730 2338 1674 2333 1671 2333 1618 2341 1556 2352 1469 2349 1373 2344 1371 2344 1368 2344 1334 2355 1312 2361 1298 2355 1275 2347 1272 2347 1269 2347 1267 2347 1264 2347 1250 2358 1241 2363 1196 2361 1109 2352 1107 2352 1045 2366 1017 2375 769 2380 758 2377 708 2366 705 2366 702 2366 699 2366 696 2366 679 2383 674 2383 626 2369 623 2369 620 2369 618 2369 553 2386 556 2428"/></Shape>
	    <String CONTENT=""
                    HPOS="553"
                    VPOS="2299"
                    WIDTH="2104"
                    HEIGHT="163"></String>
          </TextLine>
          <TextLine ID="eSc_line_f33247e8"
                    TAGREFS="LT31"
                    BASELINE="556 2498 1157 2490 1903 2470 1903 2470 2708 2434" 
                    HPOS="553"
                    VPOS="2386"
                    WIDTH="2155"
                    HEIGHT="154">
            <Shape><Polygon POINTS="556 2526 685 2540 688 2540 803 2521 817 2518 823 2518 865 2535 868 2535 870 2535 873 2535 876 2535 896 2515 969 2515 972 2515 1059 2529 1062 2529 1303 2521 1402 2501 1416 2498 1452 2498 1719 2507 1722 2507 1725 2507 1727 2507 1756 2490 2205 2490 2208 2490 2211 2490 2242 2473 2250 2467 2427 2464 2450 2464 2573 2479 2576 2479 2705 2456 2708 2434 2702 2400 2500 2386 2497 2386 2494 2386 2492 2386 2492 2389 2475 2406 2472 2406 2461 2406 2348 2391 2346 2391 2343 2391 2340 2391 2340 2394 2323 2408 2317 2411 2298 2408 2211 2397 2208 2397 2121 2414 2104 2417 2098 2414 2081 2400 2079 2400 2076 2400 2073 2400 2070 2400 2008 2417 1983 2422 1930 2420 1834 2411 1831 2411 1829 2411 1826 2411 1826 2414 1817 2422 1809 2431 1736 2431 1711 2425 1654 2414 1652 2414 1556 2428 1480 2442 553 2453 556 2498"/></Shape>
	    <String CONTENT=""
                    HPOS="553"
                    VPOS="2386"
                    WIDTH="2155"
                    HEIGHT="154"></String>
          </TextLine>
          <TextLine ID="eSc_line_45c2485c"
                    TAGREFS="LT31"
                    BASELINE="559 2588 1843 2548 1843 2548 2705 2509" 
                    HPOS="556"
                    VPOS="2473"
                    WIDTH="2149"
                    HEIGHT="154">
            <Shape><Polygon POINTS="561 2627 637 2608 708 2622 710 2622 713 2622 870 2599 1219 2602 1222 2602 1225 2602 1227 2602 1497 2577 1548 2591 1550 2591 1553 2591 1556 2591 1559 2591 1562 2591 1590 2577 1893 2577 1935 2577 1938 2577 2062 2571 2065 2571 2067 2571 2093 2554 2219 2566 2233 2566 2236 2566 2239 2566 2242 2566 2264 2549 2382 2557 2385 2557 2627 2535 2705 2546 2705 2509 2697 2473 1402 2507 1328 2521 1314 2523 1306 2523 1244 2512 1241 2512 1239 2512 1236 2512 1236 2515 1225 2526 1222 2526 1199 2526 1033 2521 1031 2521 1028 2521 1025 2521 1011 2535 1008 2535 994 2535 913 2526 910 2526 800 2540 781 2543 769 2543 708 2532 705 2532 556 2549 559 2588"/></Shape>
	    <String CONTENT=""
                    HPOS="556"
                    VPOS="2473"
                    WIDTH="2149"
                    HEIGHT="154"></String>
          </TextLine>
          <TextLine ID="eSc_line_c013dd57"
                    TAGREFS="LT31"
                    BASELINE="556 2661 1780 2626 1780 2626 2671 2585" 
                    HPOS="553"
                    VPOS="2546"
                    WIDTH="2118"
                    HEIGHT="146">
            <Shape><Polygon POINTS="556 2683 820 2675 828 2678 862 2692 865 2692 868 2692 870 2692 873 2692 899 2675 904 2672 927 2675 1008 2686 1011 2686 1087 2669 1112 2667 1149 2669 1255 2678 1258 2678 1570 2658 1904 2636 1992 2647 2025 2650 2028 2650 2056 2644 2121 2630 2143 2641 2149 2644 2152 2644 2155 2644 2357 2639 2360 2639 2362 2639 2362 2636 2382 2616 2593 2610 2663 2627 2671 2585 2663 2546 2107 2549 2104 2549 2101 2549 2076 2566 2067 2566 1980 2557 1978 2557 1817 2574 1792 2577 1784 2577 1716 2563 1713 2563 1711 2563 1666 2580 1654 2580 1379 2577 1376 2577 1373 2577 1320 2594 1314 2594 1312 2594 1278 2580 1275 2580 1272 2580 1087 2585 946 2605 927 2608 910 2608 775 2596 772 2596 553 2619 556 2661"/></Shape>
	    <String CONTENT=""
                    HPOS="553"
                    VPOS="2546"
                    WIDTH="2118"
                    HEIGHT="146"></String>
          </TextLine>
          <TextLine ID="eSc_line_059c1439"
                    TAGREFS="LT31"
                    BASELINE="553 2742 2688 2678" 
                    HPOS="550"
                    VPOS="2633"
                    WIDTH="2138"
                    HEIGHT="143">
            <Shape><Polygon POINTS="553 2742 553 2776 741 2756 927 2765 989 2768 991 2768 994 2768 997 2768 1003 2762 1022 2748 1081 2762 1107 2765 1109 2765 1177 2756 1309 2742 1427 2751 1458 2751 1461 2751 1463 2751 1466 2751 1469 2748 1489 2734 1542 2745 1567 2751 1570 2751 1573 2751 1584 2745 1607 2734 1753 2740 1843 2742 1845 2742 1888 2734 1972 2720 2126 2728 2208 2731 2211 2731 2278 2723 2410 2706 2683 2709 2688 2678 2680 2633 550 2700 553 2742"/></Shape>
	    <String CONTENT=""
                    HPOS="550"
                    VPOS="2633"
                    WIDTH="2138"
                    HEIGHT="143"></String>
          </TextLine>
          <TextLine ID="eSc_line_cc557b4e"
                    TAGREFS="LT31"
                    BASELINE="547 2818 2680 2768" 
                    HPOS="545"
                    VPOS="2717"
                    WIDTH="2135"
                    HEIGHT="141">
            <Shape><Polygon POINTS="547 2818 547 2858 665 2835 747 2852 750 2852 752 2852 755 2852 758 2852 786 2832 837 2849 840 2849 842 2849 845 2849 924 2827 1053 2827 1084 2843 1087 2843 1090 2843 1092 2843 1095 2843 1098 2843 1140 2824 1328 2835 1371 2838 1373 2838 1418 2832 1548 2818 1584 2829 1595 2832 1598 2832 1601 2832 1604 2832 1618 2827 1652 2818 1747 2824 1798 2827 1800 2827 1803 2827 1823 2821 1882 2807 2011 2815 2084 2821 2087 2821 2143 2813 2230 2799 2315 2807 2368 2813 2371 2813 2374 2813 2399 2804 2444 2793 2677 2796 2680 2768 2674 2728 2312 2717 2309 2717 2208 2737 2191 2740 2180 2737 2132 2723 2129 2723 2126 2723 2048 2740 2034 2742 2020 2740 1961 2731 1958 2731 1955 2731 1952 2731 1935 2742 1927 2748 1682 2751 1666 2748 1604 2734 1601 2734 1407 2740 1404 2740 1373 2754 1362 2762 1196 2762 1180 2759 1135 2745 1132 2745 1129 2745 1059 2762 1050 2762 1045 2762 1011 2748 1008 2748 1005 2748 545 2771 547 2818"/></Shape>
	    <String CONTENT=""
                    HPOS="545"
                    VPOS="2717"
                    WIDTH="2135"
                    HEIGHT="141"></String>
          </TextLine>
          <TextLine ID="eSc_line_bfd90cf9"
                    TAGREFS="LT31"
                    BASELINE="539 2894 2677 2855" 
                    HPOS="536"
                    VPOS="2807"
                    WIDTH="2141"
                    HEIGHT="115">
            <Shape><Polygon POINTS="539 2894 539 2922 2677 2888 2677 2855 2669 2807 2239 2821 2208 2815 2160 2807 2157 2807 2155 2807 2152 2807 2138 2818 2124 2824 2053 2818 1904 2810 1902 2810 1899 2810 1857 2824 1845 2827 1829 2824 1761 2813 1758 2813 1756 2813 1753 2813 1736 2827 1727 2832 1711 2827 1668 2815 1666 2815 1663 2815 1598 2829 1581 2832 1559 2829 1446 2818 1444 2818 1163 2841 1101 2843 1076 2841 977 2829 974 2829 972 2829 969 2829 949 2843 944 2849 820 2849 800 2849 699 2835 696 2835 693 2835 657 2852 654 2852 649 2852 590 2835 587 2835 584 2835 581 2835 536 2849 539 2894"/></Shape>
	    <String CONTENT=""
                    HPOS="536"
                    VPOS="2807"
                    WIDTH="2141"
                    HEIGHT="115"></String>
          </TextLine>
          <TextLine ID="eSc_line_767c3065"
                    TAGREFS="LT31"
                    BASELINE="559 2978 2673 2953" 
                    HPOS="556"
                    VPOS="2894"
                    WIDTH="2121"
                    HEIGHT="112">
            <Shape><Polygon POINTS="559 3006 2677 2981 2677 2947 2669 2908 2461 2908 2421 2894 2419 2894 2416 2894 2230 2911 2126 2897 2124 2897 2121 2897 2118 2897 2087 2916 1975 2916 1907 2900 1904 2900 1800 2916 1713 2902 1711 2902 1623 2919 1407 2908 1404 2908 1033 2928 980 2914 977 2914 974 2914 972 2914 935 2931 696 2919 693 2919 556 2936 559 2978"/></Shape>
	    <String CONTENT=""
                    HPOS="556"
                    VPOS="2894"
                    WIDTH="2121"
                    HEIGHT="112"></String>
          </TextLine>
          <TextLine ID="eSc_line_69358a00"
                    TAGREFS="LT31"
                    BASELINE="536 3065 1733 3053 1733 3053 2646 3023" 
                    HPOS="533"
                    VPOS="2967"
                    WIDTH="2113"
                    HEIGHT="135">
            <Shape><Polygon POINTS="536 3102 677 3082 913 3096 924 3096 927 3096 930 3096 980 3077 1070 3093 1092 3096 1095 3096 1098 3096 1115 3091 1168 3079 1300 3088 1359 3091 1362 3091 1365 3091 1368 3091 1373 3085 1404 3065 1562 3065 1587 3079 1593 3085 1595 3085 1598 3085 1601 3085 1798 3082 1800 3082 1820 3074 1848 3065 1874 3074 1890 3079 1893 3079 1896 3079 1952 3071 2003 3065 2073 3068 2157 3074 2160 3074 2163 3074 2183 3065 2211 3057 2295 3062 2351 3068 2354 3068 2357 3068 2360 3068 2360 3065 2365 3062 2382 3048 2444 3060 2464 3062 2466 3062 2469 3062 2483 3060 2539 3046 2643 3054 2646 3023 2641 2984 2528 2967 2525 2967 2523 2967 2520 2967 2494 2984 2236 2975 2233 2975 2230 2975 2171 2992 2169 2992 2166 2992 2126 2975 2124 2975 2121 2975 2118 2975 2076 2995 2070 2995 2051 2995 1904 2981 1902 2981 1803 3001 1789 3001 1778 3001 1705 2989 1702 2989 1194 3012 1160 3012 1149 3012 952 2998 949 2998 946 2998 873 3018 870 3018 811 3001 809 3001 806 3001 587 3006 584 3006 533 3020 536 3065"/></Shape>
	    <String CONTENT=""
                    HPOS="533"
                    VPOS="2967"
                    WIDTH="2113"
                    HEIGHT="135"></String>
          </TextLine>
          <TextLine ID="eSc_line_adb9e5fa"
                    TAGREFS="LT31"
                    BASELINE="550 3144 2700 3119" 
                    HPOS="547"
                    VPOS="3051"
                    WIDTH="2153"
                    HEIGHT="129">
            <Shape><Polygon POINTS="550 3144 550 3164 783 3180 786 3180 789 3180 792 3180 811 3164 814 3164 938 3164 941 3164 983 3180 986 3180 989 3180 991 3180 1042 3164 1050 3161 1059 3164 1092 3172 1095 3172 1098 3172 1289 3161 1382 3158 1413 3161 1500 3175 1503 3175 1758 3161 1817 3158 1989 3158 2348 3164 2351 3164 2407 3158 2528 3144 2697 3155 2700 3119 2691 3065 2551 3082 2494 3068 2438 3051 2435 3051 2433 3051 2430 3051 2388 3068 2348 3088 2236 3088 2199 3071 2174 3062 2171 3062 2169 3062 2166 3062 2138 3074 2096 3091 1741 3091 1716 3079 1680 3060 1677 3060 1674 3060 1382 3062 1379 3062 1376 3062 1345 3085 1334 3093 1174 3099 1149 3088 1121 3077 1118 3077 1115 3077 1112 3077 1064 3091 1019 3102 972 3091 870 3068 868 3068 736 3082 733 3082 730 3082 710 3096 693 3105 674 3096 626 3077 623 3077 620 3077 618 3077 547 3096 550 3144"/></Shape>
	    <String CONTENT=""
                    HPOS="547"
                    VPOS="3051"
                    WIDTH="2153"
                    HEIGHT="129"></String>
          </TextLine>
          <TextLine ID="eSc_line_6c856020"
                    TAGREFS="LT34"
                    BASELINE="1419 3100 1724 3098" 
                    HPOS="1419"
                    VPOS="3098"
                    WIDTH="305"
                    HEIGHT="2">
	    <String CONTENT=""
                    HPOS="1419"
                    VPOS="3098"
                    WIDTH="305"
                    HEIGHT="2"></String>
          </TextLine>
          <TextLine ID="eSc_line_ae63ca70"
                    TAGREFS="LT31"
                    BASELINE="547 3217 752 3211" 
                    HPOS="545"
                    VPOS="3164"
                    WIDTH="207"
                    HEIGHT="78">
            <Shape><Polygon POINTS="547 3217 547 3239 747 3242 752 3211 747 3169 545 3164 547 3217"/></Shape>
	    <String CONTENT=""
                    HPOS="545"
                    VPOS="3164"
                    WIDTH="207"
                    HEIGHT="78"></String>
          </TextLine>
          <TextLine ID="eSc_line_35e0006c"
                    TAGREFS="LT31"
                    BASELINE="564 3293 1458 3276 2663 3276" 
                    HPOS="561"
                    VPOS="3211"
                    WIDTH="2102"
                    HEIGHT="101">
            <Shape><Polygon POINTS="564 3293 564 3312 2660 3312 2663 3276 2660 3220 2517 3211 2514 3211 2511 3211 2509 3211 2497 3220 2480 3234 2379 3234 2360 3223 2348 3217 2346 3217 2343 3217 2340 3217 2337 3217 2332 3223 2320 3234 2191 3234 2126 3225 2062 3217 2059 3217 2056 3217 2053 3217 2042 3228 2034 3237 1885 3237 1871 3228 1848 3220 1845 3220 1843 3220 1840 3220 1837 3220 1823 3231 1812 3239 1682 3239 1674 3231 1657 3217 1654 3217 1652 3217 1407 3217 1404 3217 1306 3237 1286 3242 1036 3242 1033 3239 997 3220 994 3220 991 3220 752 3239 699 3223 696 3223 693 3223 691 3223 688 3223 665 3242 609 3231 606 3231 604 3231 561 3245 564 3293"/></Shape>
	    <String CONTENT=""
                    HPOS="561"
                    VPOS="3211"
                    WIDTH="2102"
                    HEIGHT="101"></String>
          </TextLine>
        </TextBlock>
      </PrintSpace>
    </Page>
  </Layout>
</alto>
