<?xml version="1.0" encoding="UTF-8"?>
<alto xmlns:xsi="http://www.w3.org/2001/XMLSchema-instance"
      xmlns="http://www.loc.gov/standards/alto/ns-v4#"
      xsi:schemaLocation="http://www.loc.gov/standards/alto/ns-v4# http://www.loc.gov/standards/alto/v4/alto-4-2.xsd">
  <Description>
    <MeasurementUnit>pixel</MeasurementUnit>
    <sourceImageInformation>
      <fileName>ARCH-DIV-000496_0258.png</fileName>
    </sourceImageInformation>
  </Description>
  <Tags>
    <OtherTag ID="BT42" LABEL="MainZone" DESCRIPTION="block type MainZone"/><OtherTag ID="BT43" LABEL="MarginTextZone" DESCRIPTION="block type MarginTextZone"/><OtherTag ID="BT44" LABEL="NumberingZone" DESCRIPTION="block type NumberingZone"/><OtherTag ID="BT45" LABEL="TitlePageZone" DESCRIPTION="block type TitlePageZone"/><OtherTag ID="BT46" LABEL="CustomZone:Numbering" DESCRIPTION="block type CustomZone:Numbering"/><OtherTag ID="BT49" LABEL="MarginTextZone:lower" DESCRIPTION="block type MarginTextZone:lower"/>
    <OtherTag ID="LT25" LABEL="default" DESCRIPTION="line type default"/><OtherTag ID="LT31" LABEL="DefaultLine" DESCRIPTION="line type DefaultLine"/><OtherTag ID="LT32" LABEL="HeadingLine" DESCRIPTION="line type HeadingLine"/><OtherTag ID="LT33" LABEL="InterlinearLine:addition" DESCRIPTION="line type InterlinearLine:addition"/><OtherTag ID="LT34" LABEL="InterlinearLine:correction" DESCRIPTION="line type InterlinearLine:correction"/>
  </Tags>
  <Layout>
    <Page WIDTH="2790"
          HEIGHT="3337"
          PHYSICAL_IMG_NR="257"
          ID="eSc_dummypage_">
      <PrintSpace HPOS="0"
                  VPOS="0"
                  WIDTH="2790"
                  HEIGHT="3337">
        <TextBlock HPOS="112"
                   VPOS="115"
                   WIDTH="311"
                   HEIGHT="231"
                   ID="eSc_textblock_90d5912d"
                   TAGREFS="BT44">
          <Shape><Polygon POINTS="423 346 423 115 112 115 112 346"/></Shape>
          <TextLine ID="eSc_line_00d93374"
                    TAGREFS="LT31"
                    BASELINE="185 195 417 218" 
                    HPOS="211"
                    VPOS="155"
                    WIDTH="183"
                    HEIGHT="145">
            <Shape><Polygon POINTS="350 155 322 155 294 155 267 155 255 155 253 161 250 164 211 164 214 208 216 280 267 300 269 300 272 300 394 278 392 200 386 172 378 155"/></Shape>
	    <String CONTENT=""
                    HPOS="211"
                    VPOS="155"
                    WIDTH="183"
                    HEIGHT="145"></String>
          </TextLine>
        </TextBlock>
        <TextBlock HPOS="498"
                   VPOS="35"
                   WIDTH="2243"
                   HEIGHT="3302"
                   ID="eSc_textblock_f815c316"
                   TAGREFS="BT42">
          <Shape><Polygon POINTS="498 35 551 1420 503 3337 2741 3332 2741 35"/></Shape>
          <TextLine ID="eSc_line_5c97c2be"
                    TAGREFS="LT32"
                    BASELINE="1460 159 1597 170" 
                    HPOS="1485"
                    VPOS="66"
                    WIDTH="75"
                    HEIGHT="114">
            <Shape><Polygon POINTS="1485 180 1529 177 1541 177 1557 177 1560 116 1557 80 1488 66 1488 114"/></Shape>
	    <String CONTENT=""
                    HPOS="1485"
                    VPOS="66"
                    WIDTH="75"
                    HEIGHT="114"></String>
          </TextLine>
          <TextLine ID="eSc_line_2267fd34"
                    TAGREFS="LT31"
                    BASELINE="600 272 1941 244 2675 247" 
                    HPOS="598"
                    VPOS="177"
                    WIDTH="2077"
                    HEIGHT="128">
            <Shape><Polygon POINTS="600 272 600 289 781 305 784 305 787 305 831 289 956 303 959 303 1549 280 1705 275 1738 278 1833 289 1835 289 1838 289 1880 278 1899 272 1924 275 1983 286 1986 286 2044 275 2072 269 2097 275 2141 283 2144 283 2194 272 2216 269 2675 269 2675 247 2667 177 2592 200 2091 203 1997 191 1952 189 1949 189 1947 189 1927 194 1885 211 1571 211 1557 203 1546 194 1543 194 1541 194 1538 194 1482 205 1463 208 1435 205 1337 197 1335 197 1332 197 1299 211 1279 216 1265 211 1243 200 1240 200 1237 200 1182 214 1151 219 1134 214 1104 203 1101 203 1098 203 842 219 809 222 806 222 789 205 787 205 784 205 781 205 778 205 726 222 717 225 712 225 664 211 662 211 659 211 656 211 609 222 598 247"/></Shape>
	    <String CONTENT=""
                    HPOS="598"
                    VPOS="177"
                    WIDTH="2077"
                    HEIGHT="128"></String>
          </TextLine>
          <TextLine ID="eSc_line_8222c993"
                    TAGREFS="LT31"
                    BASELINE="581 355 1930 317 2670 311" 
                    HPOS="578"
                    VPOS="258"
                    WIDTH="2092"
                    HEIGHT="125">
            <Shape><Polygon POINTS="581 355 581 383 1396 353 1819 355 1835 355 1838 355 1841 355 1844 355 1866 339 2670 336 2670 311 2664 266 2350 258 2347 258 2147 275 2094 261 2091 261 2089 261 2086 261 2050 278 2027 264 2025 264 2022 264 2019 264 2016 264 1966 278 1858 266 1855 266 1852 266 1849 266 1824 283 1821 283 1808 283 1624 272 1621 272 1618 272 1554 289 1552 289 1521 275 1518 275 1516 275 1513 275 1510 275 1485 291 1482 291 1477 291 1438 278 1435 278 1432 278 1429 278 1374 291 1363 294 1354 294 1296 280 1293 280 1290 280 1287 280 1273 294 1268 300 1143 300 1137 297 1123 286 1121 286 1118 286 1115 286 1112 286 1070 300 1068 300 1048 286 1045 286 1043 286 1040 286 931 289 929 289 926 289 926 291 912 303 909 305 892 303 820 291 817 291 815 291 776 305 764 311 578 311 581 355"/></Shape>
	    <String CONTENT=""
                    HPOS="578"
                    VPOS="258"
                    WIDTH="2092"
                    HEIGHT="125"></String>
          </TextLine>
          <TextLine ID="eSc_line_f530c9c0"
                    TAGREFS="LT31"
                    BASELINE="573 419 2639 383" 
                    HPOS="570"
                    VPOS="330"
                    WIDTH="2069"
                    HEIGHT="117">
            <Shape><Polygon POINTS="573 419 573 447 1040 447 1040 444 1043 444 1057 439 1079 431 1129 439 1162 442 1165 442 1168 442 1184 436 1226 425 1318 436 1363 439 1365 439 1479 433 1730 417 1891 425 1933 428 1936 428 1938 428 1949 425 2005 411 2637 414 2639 383 2634 347 2520 330 2517 330 2514 330 2472 347 2269 336 2267 336 2047 353 2002 339 2000 339 1997 339 1677 364 625 364 623 364 620 364 570 380 573 419"/></Shape>
	    <String CONTENT=""
                    HPOS="570"
                    VPOS="330"
                    WIDTH="2069"
                    HEIGHT="117"></String>
          </TextLine>
          <TextLine ID="eSc_line_f23c223f"
                    TAGREFS="LT31"
                    BASELINE="584 492 2242 456 2706 458" 
                    HPOS="581"
                    VPOS="400"
                    WIDTH="2125"
                    HEIGHT="125">
            <Shape><Polygon POINTS="584 492 584 508 700 525 703 525 706 525 734 511 862 522 865 522 987 503 1001 503 1009 503 1057 517 1059 517 1062 517 1132 503 1146 500 1190 500 1424 511 1426 511 1557 494 1599 492 1707 494 1986 500 1988 500 2222 486 2411 475 2478 483 2539 489 2542 489 2706 478 2706 458 2700 414 2545 417 2534 414 2481 400 2478 400 2475 400 2472 400 2414 417 2403 419 2372 417 2236 406 2233 406 2230 406 2228 406 2211 419 2205 422 2169 422 1997 411 1994 411 1991 411 1963 425 1955 428 1933 425 1872 414 1869 414 1771 428 1738 431 1702 428 1568 417 1566 417 1563 417 1521 431 1504 436 1485 431 1429 419 1426 419 1282 436 1237 439 1223 436 1190 425 1187 425 1184 425 1182 425 1148 436 1126 447 581 447 584 492"/></Shape>
	    <String CONTENT=""
                    HPOS="581"
                    VPOS="400"
                    WIDTH="2125"
                    HEIGHT="125"></String>
          </TextLine>
          <TextLine ID="eSc_line_028c2b56"
                    TAGREFS="LT31"
                    BASELINE="575 564 2203 522 2698 531" 
                    HPOS="573"
                    VPOS="469"
                    WIDTH="2125"
                    HEIGHT="126">
            <Shape><Polygon POINTS="575 564 575 586 948 595 951 595 954 595 1009 578 1015 578 1023 578 1140 589 1143 589 1415 570 1457 567 1474 567 1579 581 1582 581 1696 561 1713 561 1755 561 2044 570 2047 570 2050 570 2097 553 2102 553 2108 553 2169 567 2172 567 2175 567 2214 550 2219 550 2230 550 2331 564 2333 564 2336 564 2339 564 2339 561 2353 547 2356 547 2375 547 2589 558 2592 558 2698 539 2698 531 2695 481 2464 469 2461 469 2083 489 1936 494 1897 492 1833 483 1830 483 1532 497 1182 511 1104 503 1079 500 1076 500 998 503 692 522 573 511 575 564"/></Shape>
	    <String CONTENT=""
                    HPOS="573"
                    VPOS="469"
                    WIDTH="2125"
                    HEIGHT="126"></String>
          </TextLine>
          <TextLine ID="eSc_line_ce32246c"
                    TAGREFS="LT31"
                    BASELINE="570 636 2319 595 2648 600" 
                    HPOS="567"
                    VPOS="539"
                    WIDTH="2081"
                    HEIGHT="128">
            <Shape><Polygon POINTS="570 636 570 656 759 667 762 667 873 650 879 650 909 664 912 664 915 664 917 664 981 647 984 647 987 647 1012 661 1015 661 1018 661 1020 661 1070 645 1076 645 1087 645 1184 659 1187 659 1273 642 1276 642 1354 653 1357 653 1460 636 1468 636 1471 636 1510 650 1513 650 1516 650 1518 650 1554 634 1560 631 1738 631 1766 645 1769 645 1771 645 1774 645 1808 628 1810 628 1824 628 1922 639 1924 639 2294 617 2331 617 2358 631 2361 631 2364 631 2547 628 2648 609 2648 600 2645 553 2495 539 2492 539 2489 539 2420 556 2417 556 2408 556 2133 547 2130 547 1991 564 1924 550 1922 550 1694 572 1674 575 1485 575 1449 561 1446 561 1443 561 1440 561 1401 578 1399 578 1388 578 1204 570 1201 570 1198 570 1151 583 1148 583 1146 583 1070 570 1068 570 1065 570 1034 583 823 575 820 575 734 592 695 578 692 578 689 578 567 595 570 636"/></Shape>
	    <String CONTENT=""
                    HPOS="567"
                    VPOS="539"
                    WIDTH="2081"
                    HEIGHT="128"></String>
          </TextLine>
          <TextLine ID="eSc_line_e6ab7386"
                    TAGREFS="LT31"
                    BASELINE="567 706 1713 675 2703 664" 
                    HPOS="564"
                    VPOS="620"
                    WIDTH="2139"
                    HEIGHT="116">
            <Shape><Polygon POINTS="567 706 567 736 979 714 1112 725 1115 725 1118 725 1396 720 1399 720 1401 720 1421 706 1504 717 1507 717 1510 717 1541 700 2703 692 2703 664 2698 622 2083 620 2080 620 2013 634 2011 634 1944 622 1941 622 1938 622 1910 636 1891 636 1668 628 1666 628 1663 628 1660 628 1638 642 1635 642 1618 642 1432 634 1429 634 564 661 567 706"/></Shape>
	    <String CONTENT=""
                    HPOS="564"
                    VPOS="620"
                    WIDTH="2139"
                    HEIGHT="116"></String>
          </TextLine>
          <TextLine ID="eSc_line_3944028d"
                    TAGREFS="LT31"
                    BASELINE="570 775 2637 734" 
                    HPOS="567"
                    VPOS="681"
                    WIDTH="2070"
                    HEIGHT="128">
            <Shape><Polygon POINTS="570 775 570 809 815 803 817 803 845 789 1095 798 1101 798 1104 798 1107 798 1134 784 1248 795 1254 795 1257 795 1260 795 1262 795 1279 781 1324 792 1326 792 1329 792 1949 767 2637 767 2637 734 2631 697 2497 681 2495 681 1855 709 1810 695 1808 695 1805 695 1671 697 1668 697 1666 697 1635 714 1301 706 1299 706 1296 706 1293 706 1276 720 1207 709 1204 709 1045 725 1009 711 1006 711 1004 711 1001 711 965 728 845 714 842 714 567 736 570 775"/></Shape>
	    <String CONTENT=""
                    HPOS="567"
                    VPOS="681"
                    WIDTH="2070"
                    HEIGHT="128"></String>
          </TextLine>
          <TextLine ID="eSc_line_bfb1dfad"
                    TAGREFS="LT31"
                    BASELINE="564 848 979 831 2662 803" 
                    HPOS="561"
                    VPOS="759"
                    WIDTH="2101"
                    HEIGHT="116">
            <Shape><Polygon POINTS="564 848 564 875 1062 853 1201 864 1218 864 1221 864 1235 864 1343 848 1452 859 1482 862 1485 862 1488 862 1490 862 1493 859 1518 845 1616 856 1649 859 1652 859 1721 853 1863 842 1905 850 1924 853 1927 853 1930 853 1947 850 1994 837 2662 837 2662 803 2656 761 2208 759 2205 759 2116 770 2080 775 2050 773 1974 761 1972 761 1969 761 1966 761 1952 775 1947 781 1769 781 1738 778 1646 767 1643 767 1507 784 1465 786 1413 784 1221 775 1218 775 1215 775 1182 789 1173 792 1157 789 1082 778 1079 778 1076 778 1043 792 1040 792 1037 792 987 781 984 781 981 781 940 795 934 798 561 800 564 848"/></Shape>
	    <String CONTENT=""
                    HPOS="561"
                    VPOS="759"
                    WIDTH="2101"
                    HEIGHT="116"></String>
          </TextLine>
          <TextLine ID="eSc_line_302a5c1e"
                    TAGREFS="LT31"
                    BASELINE="564 914 1830 881" 
                    HPOS="561"
                    VPOS="845"
                    WIDTH="1269"
                    HEIGHT="103">
            <Shape><Polygon POINTS="564 914 564 948 1721 906 1827 914 1830 881 1824 845 1196 845 1193 845 917 867 781 856 778 856 561 878 564 914"/></Shape>
	    <String CONTENT=""
                    HPOS="561"
                    VPOS="845"
                    WIDTH="1269"
                    HEIGHT="103"></String>
          </TextLine>
          <TextLine ID="eSc_line_1e7214b6"
                    TAGREFS="LT31"
                    BASELINE="559 987 2709 934" 
                    HPOS="556"
                    VPOS="884"
                    WIDTH="2153"
                    HEIGHT="139">
            <Shape><Polygon POINTS="559 987 559 1006 737 1023 739 1023 920 1003 1232 1012 1235 1012 1449 989 1493 987 1507 989 1571 1003 1574 1003 1682 987 1716 981 1763 984 1905 995 1908 995 2016 978 2066 973 2125 978 2214 984 2216 984 2219 984 2239 976 2255 964 2420 964 2433 970 2453 981 2456 981 2458 981 2461 981 2503 970 2528 964 2706 964 2709 934 2695 884 2670 898 2489 889 2389 887 2386 887 2208 898 2008 912 1963 906 1913 898 1910 898 1813 900 1810 900 1808 900 1808 903 1796 909 1785 920 1752 912 1713 903 1710 903 1632 914 1563 928 1098 937 1076 931 1037 920 1034 920 1031 920 1029 920 973 934 948 939 904 937 812 928 809 928 806 928 781 939 767 945 739 942 662 928 659 928 556 945 559 987"/></Shape>
	    <String CONTENT=""
                    HPOS="556"
                    VPOS="884"
                    WIDTH="2153"
                    HEIGHT="139"></String>
          </TextLine>
          <TextLine ID="eSc_line_18d83273"
                    TAGREFS="LT31"
                    BASELINE="556 1053 1190 1051 2698 1001" 
                    HPOS="553"
                    VPOS="951"
                    WIDTH="2145"
                    HEIGHT="136">
            <Shape><Polygon POINTS="556 1053 556 1081 1031 1087 1034 1087 1349 1065 1579 1070 1582 1070 1585 1070 1618 1056 1627 1053 1643 1056 1707 1067 1710 1067 2698 1028 2698 1001 2689 951 2467 973 2300 962 2278 962 2275 962 2272 962 2269 962 2269 964 2253 978 1963 973 1908 973 1905 973 1885 976 1791 995 1449 1001 1429 989 1421 987 1418 987 1415 987 1413 987 1401 992 1376 1006 553 1017 556 1053"/></Shape>
	    <String CONTENT=""
                    HPOS="553"
                    VPOS="951"
                    WIDTH="2145"
                    HEIGHT="136"></String>
          </TextLine>
          <TextLine ID="eSc_line_f87d509a"
                    TAGREFS="LT31"
                    BASELINE="559 1129 1613 1109 2317 1081 2703 1081" 
                    HPOS="556"
                    VPOS="1023"
                    WIDTH="2147"
                    HEIGHT="142">
            <Shape><Polygon POINTS="559 1129 559 1148 659 1165 662 1165 664 1165 709 1148 917 1159 920 1159 923 1159 968 1145 1148 1154 1151 1154 1154 1154 1157 1154 1179 1140 1282 1151 1285 1151 2703 1109 2703 1081 2700 1040 2631 1023 2628 1023 2625 1023 2392 1034 2389 1034 2386 1034 2369 1048 2275 1031 2272 1031 2102 1053 2041 1037 2038 1037 2036 1037 1947 1059 1671 1062 1632 1048 1630 1048 1627 1048 1424 1067 1365 1053 1363 1053 1360 1053 1357 1053 1354 1053 1332 1073 1112 1076 1098 1076 1065 1062 1062 1062 1059 1062 1057 1062 1054 1062 1034 1078 1031 1081 798 1084 781 1084 598 1070 595 1070 592 1070 556 1084 559 1129"/></Shape>
	    <String CONTENT=""
                    HPOS="556"
                    VPOS="1023"
                    WIDTH="2147"
                    HEIGHT="142"></String>
          </TextLine>
          <TextLine ID="eSc_line_24745bb9"
                    TAGREFS="LT34"
                    BASELINE="606 1147 674 1151" 
                    HPOS="606"
                    VPOS="1147"
                    WIDTH="68"
                    HEIGHT="4">
	    <String CONTENT=""
                    HPOS="606"
                    VPOS="1147"
                    WIDTH="68"
                    HEIGHT="4"></String>
          </TextLine>
          <TextLine ID="eSc_line_c94af241"
                    TAGREFS="LT31"
                    BASELINE="559 1195 1410 1186 1411 1186 2695 1151" 
                    HPOS="556"
                    VPOS="1103"
                    WIDTH="2139"
                    HEIGHT="128">
            <Shape><Polygon POINTS="559 1218 687 1231 689 1231 798 1215 823 1212 840 1215 895 1226 898 1226 962 1212 970 1212 1087 1212 1724 1212 1724 1209 1727 1209 1760 1201 1791 1192 1841 1198 1883 1204 1885 1204 1991 1195 2158 1184 2216 1192 2253 1198 2255 1198 2317 1192 2425 1179 2467 1190 2481 1192 2484 1192 2486 1192 2509 1190 2564 1176 2692 1184 2695 1151 2689 1117 2431 1103 2428 1103 2244 1123 2166 1112 2164 1112 2161 1112 2158 1112 2133 1126 1897 1115 1894 1115 1816 1131 1760 1117 1758 1117 1755 1117 1638 1134 1527 1123 1524 1123 1521 1123 1474 1140 1246 1131 1243 1131 1062 1148 979 1134 976 1134 973 1134 970 1134 948 1154 687 1156 598 1145 595 1145 592 1145 556 1159 559 1195"/></Shape>
	    <String CONTENT=""
                    HPOS="556"
                    VPOS="1103"
                    WIDTH="2139"
                    HEIGHT="128"></String>
          </TextLine>
          <TextLine ID="eSc_line_e4020e30"
                    TAGREFS="LT31"
                    BASELINE="550 1268 1320 1255 1320 1255 2698 1212" 
                    HPOS="547"
                    VPOS="1159"
                    WIDTH="2151"
                    HEIGHT="139">
            <Shape><Polygon POINTS="550 1298 2695 1237 2698 1212 2687 1159 2650 1176 2531 1165 2528 1165 2358 1184 2164 1176 2161 1176 2083 1190 2050 1176 2047 1176 2044 1176 2041 1176 2019 1179 1908 1192 1844 1181 1830 1181 1827 1181 1824 1181 1821 1181 1821 1184 1805 1198 1652 1187 1621 1187 1618 1187 1599 1190 1499 1206 1335 1198 1293 1195 1290 1195 1265 1198 1179 1215 1029 1206 987 1204 984 1204 981 1204 970 1206 934 1220 898 1209 890 1206 887 1206 884 1206 881 1206 867 1209 823 1223 547 1220 550 1268"/></Shape>
	    <String CONTENT=""
                    HPOS="547"
                    VPOS="1159"
                    WIDTH="2151"
                    HEIGHT="139"></String>
          </TextLine>
          <TextLine ID="eSc_line_c7d0f7e6"
                    TAGREFS="LT31"
                    BASELINE="561 1334 1477 1320 2700 1279" 
                    HPOS="559"
                    VPOS="1234"
                    WIDTH="2141"
                    HEIGHT="148">
            <Shape><Polygon POINTS="561 1334 561 1382 801 1354 1095 1348 1148 1362 1151 1362 1154 1362 1157 1362 1159 1362 1162 1362 1182 1348 1243 1359 1271 1362 1273 1362 2700 1304 2700 1279 2692 1234 559 1290 561 1334"/></Shape>
	    <String CONTENT=""
                    HPOS="559"
                    VPOS="1234"
                    WIDTH="2141"
                    HEIGHT="148"></String>
          </TextLine>
          <TextLine ID="eSc_line_f65c2fcf"
                    TAGREFS="LT31"
                    BASELINE="556 1423 837 1407 2684 1365" 
                    HPOS="553"
                    VPOS="1304"
                    WIDTH="2131"
                    HEIGHT="155">
            <Shape><Polygon POINTS="556 1423 556 1459 675 1440 909 1451 912 1451 1029 1432 1112 1446 1115 1446 1118 1446 1157 1426 1440 1423 1499 1437 1502 1437 1504 1437 1507 1437 1549 1421 1585 1434 1588 1434 1591 1434 1593 1434 1641 1421 1738 1432 1741 1432 1752 1432 2598 1398 2681 1409 2684 1365 2681 1326 2603 1304 2600 1304 2598 1304 2425 1329 2297 1318 2294 1318 2180 1334 2161 1320 2158 1320 2155 1320 2153 1320 2022 1337 1991 1318 1988 1318 1986 1318 1983 1318 1980 1318 1977 1318 1952 1340 1919 1323 1916 1323 1913 1323 1824 1343 1652 1326 1649 1326 1646 1326 1596 1348 1568 1332 1566 1332 1563 1332 1560 1332 1557 1332 1499 1351 1496 1351 1482 1351 1282 1340 1279 1340 1276 1340 1237 1357 1235 1357 1226 1357 1026 1340 1023 1340 553 1370 556 1423"/></Shape>
	    <String CONTENT=""
                    HPOS="553"
                    VPOS="1304"
                    WIDTH="2131"
                    HEIGHT="155"></String>
          </TextLine>
          <TextLine ID="eSc_line_385d2d6d"
                    TAGREFS="LT31"
                    BASELINE="534 1496 2030 1451 2614 1443" 
                    HPOS="531"
                    VPOS="1398"
                    WIDTH="2083"
                    HEIGHT="131">
            <Shape><Polygon POINTS="534 1496 534 1529 731 1515 812 1526 826 1526 828 1526 845 1523 934 1507 981 1521 984 1521 987 1521 990 1521 993 1521 995 1521 1037 1504 1118 1518 1132 1518 1134 1518 1154 1515 1257 1498 1310 1512 1315 1512 1318 1512 1321 1512 1340 1509 1452 1493 1593 1504 1616 1504 1618 1504 1621 1504 1627 1501 1677 1487 1774 1498 1785 1498 1788 1498 1816 1498 2058 1476 2614 1476 2614 1443 2606 1404 2216 1412 2214 1412 2150 1398 2147 1398 1983 1418 1936 1404 1933 1404 1930 1404 1927 1404 1883 1421 1810 1409 1808 1409 1577 1429 1538 1415 1535 1415 1532 1415 1529 1415 1527 1415 1510 1432 1471 1421 1468 1421 1465 1421 1112 1443 1087 1443 1084 1443 1045 1429 1043 1429 1040 1429 531 1457 534 1496"/></Shape>
	    <String CONTENT=""
                    HPOS="531"
                    VPOS="1398"
                    WIDTH="2083"
                    HEIGHT="131"></String>
          </TextLine>
          <TextLine ID="eSc_line_c422e750"
                    TAGREFS="LT31"
                    BASELINE="547 1573 2634 1509" 
                    HPOS="545"
                    VPOS="1462"
                    WIDTH="2089"
                    HEIGHT="145">
            <Shape><Polygon POINTS="547 1573 547 1593 614 1607 617 1607 714 1590 731 1585 1040 1579 1045 1579 1082 1593 1084 1593 1087 1593 1182 1576 1198 1573 1218 1573 1326 1585 1329 1585 1332 1585 1360 1571 1365 1568 1379 1571 1429 1579 1432 1579 1435 1579 1477 1568 1488 1565 1493 1565 1538 1579 1541 1579 1543 1579 1624 1576 1627 1576 1630 1576 1630 1573 1643 1562 1646 1560 1674 1562 1802 1571 1805 1571 1922 1554 1944 1551 1949 1554 1972 1565 1974 1565 1977 1565 2100 1548 2130 1546 2155 1546 2267 1557 2269 1557 2631 1532 2634 1509 2628 1471 2269 1462 2267 1462 2264 1462 2261 1462 2236 1479 2089 1468 2086 1468 2083 1468 2080 1468 2061 1484 1866 1479 1863 1479 1777 1493 1730 1479 1727 1479 1724 1479 1721 1479 1677 1496 1641 1482 1638 1482 1635 1482 1632 1482 1568 1498 1454 1487 1452 1487 1057 1515 1004 1501 1001 1501 998 1501 915 1504 912 1504 909 1504 890 1521 639 1512 636 1512 545 1532 547 1573"/></Shape>
	    <String CONTENT=""
                    HPOS="545"
                    VPOS="1462"
                    WIDTH="2089"
                    HEIGHT="145"></String>
          </TextLine>
          <TextLine ID="eSc_line_a32d7336"
                    TAGREFS="LT31"
                    BASELINE="553 1640 2659 1573" 
                    HPOS="550"
                    VPOS="1523"
                    WIDTH="2109"
                    HEIGHT="142">
            <Shape><Polygon POINTS="553 1640 553 1662 1059 1665 1062 1665 1246 1646 1279 1643 1287 1646 1335 1657 1337 1657 1340 1657 1343 1657 1393 1643 1399 1640 1401 1640 1418 1654 1421 1654 1424 1654 1426 1654 1429 1654 1482 1640 1493 1637 1510 1637 1593 1649 1596 1649 1599 1649 1602 1649 1621 1635 1627 1632 1641 1635 1685 1646 1688 1646 1691 1646 1763 1632 1783 1629 1796 1632 1849 1640 1852 1640 1855 1640 1858 1640 1872 1629 1880 1624 1905 1629 1952 1637 1955 1637 2013 1626 2052 1618 2119 1624 2214 1629 2216 1629 2280 1618 2319 1610 2659 1607 2659 1573 2650 1523 1694 1565 1632 1554 1624 1554 1621 1554 1618 1554 1616 1554 1599 1568 1535 1557 1524 1557 1521 1557 1493 1560 1337 1579 550 1587 553 1640"/></Shape>
	    <String CONTENT=""
                    HPOS="550"
                    VPOS="1523"
                    WIDTH="2109"
                    HEIGHT="142"></String>
          </TextLine>
          <TextLine ID="eSc_line_97e42437"
                    TAGREFS="LT31"
                    BASELINE="545 1710 2662 1649" 
                    HPOS="542"
                    VPOS="1607"
                    WIDTH="2120"
                    HEIGHT="131">
            <Shape><Polygon POINTS="545 1710 545 1738 2659 1676 2662 1649 2656 1612 2303 1607 2300 1607 2189 1624 2169 1626 2150 1626 2019 1615 2016 1615 2013 1615 1963 1632 1958 1632 1952 1632 1902 1618 1899 1618 1897 1618 1549 1643 1493 1646 1471 1646 1310 1635 1307 1635 1221 1651 1207 1657 826 1665 812 1665 731 1651 728 1651 542 1671 545 1710"/></Shape>
	    <String CONTENT=""
                    HPOS="542"
                    VPOS="1607"
                    WIDTH="2120"
                    HEIGHT="131"></String>
          </TextLine>
          <TextLine ID="eSc_line_36e903c7"
                    TAGREFS="LT31"
                    BASELINE="556 1785 2631 1729" 
                    HPOS="553"
                    VPOS="1693"
                    WIDTH="2078"
                    HEIGHT="114">
            <Shape><Polygon POINTS="556 1785 556 1807 2628 1749 2631 1729 2625 1693 2122 1693 2119 1693 1902 1712 1883 1712 1874 1712 1799 1701 1796 1701 1602 1721 1588 1721 1579 1721 1488 1710 1485 1710 1482 1710 1454 1724 1385 1712 1382 1712 856 1740 853 1740 789 1729 787 1729 553 1749 556 1785"/></Shape>
	    <String CONTENT=""
                    HPOS="553"
                    VPOS="1693"
                    WIDTH="2078"
                    HEIGHT="114"></String>
          </TextLine>
          <TextLine ID="eSc_line_5970a296"
                    TAGREFS="LT31"
                    BASELINE="553 1863 1276 1846 1902 1815 2614 1801" 
                    HPOS="550"
                    VPOS="1746"
                    WIDTH="2064"
                    HEIGHT="153">
            <Shape><Polygon POINTS="553 1863 553 1899 951 1871 1018 1888 1029 1888 1031 1888 1034 1888 1037 1888 1040 1885 1065 1871 1193 1882 1221 1882 1223 1882 1262 1879 1471 1857 1493 1871 1493 1874 1496 1874 1499 1874 1502 1874 1585 1871 1588 1871 1591 1871 1591 1868 1610 1852 1641 1863 1643 1863 1646 1863 2000 1840 2069 1854 2083 1857 2086 1857 2089 1857 2091 1857 2091 1854 2094 1854 2111 1835 2305 1832 2344 1846 2347 1846 2350 1846 2353 1846 2420 1829 2456 1843 2464 1846 2467 1846 2470 1846 2472 1846 2481 1843 2517 1827 2611 1838 2614 1801 2609 1760 2470 1746 2467 1746 2464 1746 2461 1746 2439 1760 2322 1751 2319 1751 2317 1751 2314 1751 2294 1765 2289 1771 2283 1765 2264 1754 2261 1754 2258 1754 2255 1754 2125 1771 2089 1774 2069 1771 1997 1760 1994 1760 1991 1760 1988 1760 1969 1774 1955 1782 1877 1776 1766 1768 1763 1768 1760 1768 1732 1779 1716 1788 1702 1779 1688 1771 1685 1771 1682 1771 1680 1771 1591 1782 1571 1785 1552 1785 1460 1776 1457 1776 1454 1776 1429 1788 1399 1801 1310 1801 1287 1790 1279 1785 1276 1785 1273 1785 1271 1785 1237 1790 1182 1804 1134 1793 1101 1788 1098 1788 1095 1788 1068 1796 1018 1810 550 1810 553 1863"/></Shape>
	    <String CONTENT=""
                    HPOS="550"
                    VPOS="1746"
                    WIDTH="2064"
                    HEIGHT="153"></String>
          </TextLine>
          <TextLine ID="eSc_line_840406d2"
                    TAGREFS="LT34"
                    BASELINE="1983 1861 2119 1864" 
                    HPOS="1983"
                    VPOS="1861"
                    WIDTH="136"
                    HEIGHT="3">
	    <String CONTENT=""
                    HPOS="1983"
                    VPOS="1861"
                    WIDTH="136"
                    HEIGHT="3"></String>
          </TextLine>
          <TextLine ID="eSc_line_a771e741"
                    TAGREFS="LT31"
                    BASELINE="534 1946 2648 1879" 
                    HPOS="531"
                    VPOS="1829"
                    WIDTH="2117"
                    HEIGHT="153">
            <Shape><Polygon POINTS="534 1946 534 1974 742 1966 753 1968 789 1982 792 1982 795 1982 798 1982 867 1966 898 1957 912 1963 942 1977 945 1977 948 1977 951 1977 1009 1960 1015 1960 1031 1960 1235 1968 1237 1968 1360 1949 1371 1949 1379 1949 1499 1960 1502 1960 1605 1941 1616 1941 1635 1941 1799 1949 1802 1949 1897 1932 1949 1924 2011 1929 2063 1932 2066 1932 2197 1924 2333 1913 2344 1918 2375 1932 2378 1932 2381 1932 2383 1932 2445 1915 2475 1907 2642 1907 2648 1879 2639 1829 2545 1846 2386 1838 2372 1838 2369 1838 2361 1838 2278 1854 2205 1843 2194 1843 2191 1843 2180 1843 2100 1860 1766 1860 1668 1860 1666 1860 1593 1865 1396 1882 1290 1877 1243 1874 1240 1874 1237 1874 1235 1874 1229 1879 1212 1888 1123 1882 1076 1879 1073 1879 1070 1879 1068 1879 1062 1885 1043 1896 531 1902 534 1946"/></Shape>
	    <String CONTENT=""
                    HPOS="531"
                    VPOS="1829"
                    WIDTH="2117"
                    HEIGHT="153"></String>
          </TextLine>
          <TextLine ID="eSc_line_7b396e65"
                    TAGREFS="LT31"
                    BASELINE="531 2030 1376 2013 2336 1968 2639 1968" 
                    HPOS="528"
                    VPOS="1913"
                    WIDTH="2111"
                    HEIGHT="155">
            <Shape><Polygon POINTS="531 2030 531 2052 631 2068 634 2068 636 2068 639 2068 670 2049 673 2046 837 2043 965 2043 1031 2060 1034 2060 1037 2060 1171 2043 1374 2049 1376 2049 1379 2049 1415 2030 1418 2030 1607 2041 1610 2041 1613 2041 1616 2041 1635 2021 1755 2013 1769 2018 1788 2027 1791 2027 1794 2030 2050 2030 2050 2027 2205 2007 2308 1993 2369 2002 2428 2010 2431 2010 2433 2010 2453 1999 2478 1988 2634 1993 2639 1968 2634 1921 2542 1929 2511 1924 2470 1913 2467 1913 2464 1913 2406 1927 2375 1932 2347 1927 2297 1918 2294 1918 2239 1929 2194 1941 2175 1932 2158 1924 2155 1924 2153 1924 2150 1924 2147 1924 2133 1932 2116 1943 2083 1935 2052 1927 2050 1927 2047 1927 2044 1927 2041 1927 2033 1935 2025 1943 2011 1935 1994 1929 1991 1929 1988 1929 1986 1929 1969 1938 1944 1949 1897 1941 1872 1935 1869 1935 1816 1941 1702 1957 1627 1946 1599 1943 1596 1943 1593 1943 1579 1949 1529 1966 1282 1971 1148 1960 1115 1957 1112 1957 1109 1957 1107 1957 1104 1960 1082 1979 940 1982 901 1966 898 1966 895 1966 892 1966 881 1966 812 1979 714 1971 706 1971 703 1971 698 1971 595 1993 528 1977 531 2030"/></Shape>
	    <String CONTENT=""
                    HPOS="528"
                    VPOS="1913"
                    WIDTH="2111"
                    HEIGHT="155"></String>
          </TextLine>
          <TextLine ID="eSc_line_e752547c"
                    TAGREFS="LT33"
                    BASELINE="701 2062 761 2069" 
                    HPOS="701"
                    VPOS="2062"
                    WIDTH="60"
                    HEIGHT="7">
	    <String CONTENT=""
                    HPOS="701"
                    VPOS="2062"
                    WIDTH="60"
                    HEIGHT="7"></String>
          </TextLine>
          <TextLine ID="eSc_line_8157fe92"
                    TAGREFS="LT31"
                    BASELINE="536 2118 2631 2035" 
                    HPOS="531"
                    VPOS="1977"
                    WIDTH="2100"
                    HEIGHT="167">
            <Shape><Polygon POINTS="536 2118 536 2144 1516 2118 1518 2118 1585 2102 1591 2102 1593 2102 1649 2113 1652 2113 1788 2093 1796 2093 1810 2093 2066 2096 2069 2096 2072 2096 2139 2077 2147 2077 2191 2077 2484 2077 2486 2077 2489 2077 2492 2077 2509 2063 2606 2074 2609 2074 2611 2074 2614 2074 2631 2060 2631 2035 2628 1996 2561 1977 2559 1977 2556 1977 2431 2004 2414 2007 2400 2007 2300 1991 2297 1991 2294 1991 2292 1991 2261 2010 2255 2016 1980 2024 1972 2021 1936 2004 1933 2004 1930 2004 1824 2027 1785 2032 1735 2030 1646 2021 1643 2021 1641 2021 1602 2032 1574 2043 1368 2043 1363 2041 1326 2027 1324 2027 1321 2027 1318 2027 1315 2027 1290 2043 1273 2055 1079 2057 1062 2052 1037 2043 1034 2043 1031 2043 965 2055 906 2066 870 2057 812 2046 809 2046 531 2068 536 2118"/></Shape>
	    <String CONTENT=""
                    HPOS="531"
                    VPOS="1977"
                    WIDTH="2100"
                    HEIGHT="167"></String>
          </TextLine>
          <TextLine ID="eSc_line_2561939c"
                    TAGREFS="LT31"
                    BASELINE="536 2196 1638 2171 2414 2130 2678 2124" 
                    HPOS="534"
                    VPOS="2077"
                    WIDTH="2144"
                    HEIGHT="142">
            <Shape><Polygon POINTS="536 2196 536 2219 1986 2188 2077 2169 2080 2169 2155 2182 2158 2182 2161 2182 2164 2182 2189 2163 2344 2157 2497 2155 2500 2155 2584 2169 2586 2169 2678 2146 2678 2124 2673 2082 2545 2077 2542 2077 2539 2077 2514 2088 2495 2096 2478 2088 2461 2080 2458 2080 2456 2080 2397 2091 2383 2093 2361 2093 2261 2085 2258 2085 2255 2085 2253 2085 2253 2088 2242 2096 2233 2105 2208 2099 2166 2091 2164 2091 2161 2091 2139 2102 2125 2107 2114 2102 2091 2093 2089 2093 2086 2093 2083 2093 2061 2105 2050 2110 2000 2107 1930 2102 1927 2102 1810 2113 1732 2121 1691 2118 1568 2107 1566 2107 1563 2107 1560 2107 1560 2110 1543 2124 1541 2130 1385 2132 1360 2132 1223 2118 1221 2118 1123 2138 1057 2124 1054 2124 1051 2124 970 2146 965 2146 962 2146 884 2130 881 2130 625 2157 578 2141 575 2141 573 2141 570 2141 534 2157 536 2196"/></Shape>
	    <String CONTENT=""
                    HPOS="534"
                    VPOS="2077"
                    WIDTH="2144"
                    HEIGHT="142"></String>
          </TextLine>
          <TextLine ID="eSc_line_cc96fd4c"
                    TAGREFS="LT31"
                    BASELINE="534 2280 1471 2269 2645 2221" 
                    HPOS="531"
                    VPOS="2180"
                    WIDTH="2114"
                    HEIGHT="139">
            <Shape><Polygon POINTS="534 2280 534 2305 751 2319 753 2319 873 2299 965 2313 968 2313 970 2313 1015 2294 1073 2310 1076 2310 1079 2310 1082 2310 1126 2291 1290 2305 1293 2305 1507 2285 1671 2294 1674 2294 1755 2277 1922 2285 1924 2285 1927 2285 1983 2269 2041 2283 2044 2283 2047 2283 2050 2283 2089 2263 2091 2260 2289 2258 2333 2274 2336 2274 2339 2274 2428 2252 2439 2252 2456 2252 2592 2266 2595 2266 2598 2266 2645 2246 2645 2221 2639 2188 2389 2180 2386 2180 2272 2196 2230 2202 2161 2199 1952 2191 1949 2191 1947 2191 1897 2205 1858 2194 1855 2194 1852 2194 1849 2194 1847 2194 1821 2210 1813 2216 1646 2219 1635 2216 1610 2202 1607 2202 1605 2202 1602 2202 1574 2216 1560 2224 1059 2233 1048 2230 1001 2219 998 2219 995 2219 993 2219 965 2233 954 2238 920 2235 840 2224 837 2224 834 2224 809 2238 801 2241 756 2238 620 2230 617 2230 531 2244 534 2280"/></Shape>
	    <String CONTENT=""
                    HPOS="531"
                    VPOS="2180"
                    WIDTH="2114"
                    HEIGHT="139"></String>
          </TextLine>
          <TextLine ID="eSc_line_c6e25d9e"
                    TAGREFS="LT31"
                    BASELINE="536 2360 1382 2355 2681 2316" 
                    HPOS="534"
                    VPOS="2269"
                    WIDTH="2147"
                    HEIGHT="128">
            <Shape><Polygon POINTS="536 2360 536 2397 1961 2374 1963 2374 1966 2374 1983 2363 1991 2358 2013 2360 2055 2369 2058 2369 2155 2358 2236 2349 2303 2355 2411 2363 2414 2363 2417 2363 2453 2349 2475 2344 2509 2349 2570 2360 2573 2360 2575 2360 2600 2347 2611 2341 2678 2344 2681 2316 2673 2269 2531 2283 2514 2271 2511 2269 2509 2269 2506 2269 2503 2269 2500 2269 2489 2271 2458 2283 2445 2274 2439 2269 2436 2269 2433 2269 2431 2269 2005 2277 2002 2277 1983 2285 1958 2296 1877 2288 1805 2283 1802 2283 1799 2283 1796 2283 1785 2291 1771 2299 1713 2294 1680 2291 1677 2291 1618 2296 1499 2308 1426 2302 1365 2296 1363 2296 1310 2305 1254 2313 1201 2308 1151 2302 1148 2302 1098 2310 1065 2316 1059 2310 1048 2302 1045 2302 1043 2302 1040 2302 1037 2302 1034 2302 1020 2313 1009 2319 948 2313 826 2305 823 2305 534 2324 536 2360"/></Shape>
	    <String CONTENT=""
                    HPOS="534"
                    VPOS="2269"
                    WIDTH="2147"
                    HEIGHT="128"></String>
          </TextLine>
          <TextLine ID="eSc_line_96d29825"
                    TAGREFS="LT31"
                    BASELINE="531 2441 1521 2436 2673 2388" 
                    HPOS="528"
                    VPOS="2341"
                    WIDTH="2145"
                    HEIGHT="142">
            <Shape><Polygon POINTS="531 2441 531 2469 778 2466 784 2466 828 2483 831 2483 834 2483 837 2483 876 2463 879 2463 884 2463 954 2480 956 2480 1090 2463 1168 2474 1171 2474 1810 2458 1933 2438 1938 2438 1941 2438 1972 2452 1974 2452 1977 2452 2136 2449 2219 2430 2242 2427 2283 2430 2392 2438 2395 2438 2670 2419 2673 2388 2667 2352 2603 2341 2600 2341 2598 2341 2573 2352 2561 2358 2550 2352 2522 2344 2520 2344 2517 2344 2514 2344 2475 2355 2431 2366 2386 2358 2339 2347 2336 2347 2333 2347 2331 2347 2331 2349 2319 2358 2311 2369 2272 2369 2255 2358 2242 2349 2239 2349 2236 2349 2233 2349 2122 2352 2119 2352 2116 2352 2102 2363 2080 2374 1986 2363 1969 2363 1966 2363 1963 2363 1958 2366 1908 2383 1694 2385 1635 2372 1613 2366 1610 2366 1607 2366 1574 2372 1482 2391 1426 2374 1413 2372 1410 2372 1407 2372 1404 2372 1396 2374 1357 2397 1265 2397 1157 2380 1146 2380 1143 2380 1140 2380 1137 2380 1112 2402 1043 2402 968 2383 956 2383 954 2383 931 2385 806 2402 748 2388 745 2388 742 2388 739 2388 737 2388 734 2388 734 2391 717 2405 528 2394 531 2441"/></Shape>
	    <String CONTENT=""
                    HPOS="528"
                    VPOS="2341"
                    WIDTH="2145"
                    HEIGHT="142"></String>
          </TextLine>
          <TextLine ID="eSc_line_0aba0c42"
                    TAGREFS="LT31"
                    BASELINE="623 2541 1585 2524 2653 2486" 
                    HPOS="617"
                    VPOS="2430"
                    WIDTH="2036"
                    HEIGHT="142">
            <Shape><Polygon POINTS="623 2541 623 2563 1218 2572 1221 2572 1360 2552 1390 2566 1393 2566 1396 2566 1399 2566 1401 2566 1426 2550 1452 2563 1454 2563 1457 2563 1752 2538 1766 2538 1774 2538 1913 2552 1916 2552 2005 2533 2022 2530 2036 2533 2114 2547 2116 2547 2216 2544 2219 2544 2267 2527 2280 2519 2650 2516 2653 2486 2648 2449 2417 2430 2414 2430 2264 2455 2219 2461 2211 2455 2189 2438 2186 2438 2183 2438 2116 2438 2114 2438 1966 2458 1863 2472 1727 2463 1724 2463 1493 2483 1454 2469 1452 2469 1449 2469 1301 2491 1184 2491 1148 2472 1137 2466 1134 2466 1132 2466 1090 2472 915 2499 801 2477 798 2477 617 2477 623 2541"/></Shape>
	    <String CONTENT=""
                    HPOS="617"
                    VPOS="2430"
                    WIDTH="2036"
                    HEIGHT="142"></String>
          </TextLine>
          <TextLine ID="eSc_line_7009c196"
                    TAGREFS="LT31"
                    BASELINE="531 2616 2639 2586" 
                    HPOS="528"
                    VPOS="2536"
                    WIDTH="2111"
                    HEIGHT="105">
            <Shape><Polygon POINTS="531 2616 531 2641 2639 2611 2639 2586 2634 2550 2280 2536 2278 2536 2058 2555 1947 2541 1944 2541 1293 2566 1137 2552 1134 2552 670 2575 600 2561 598 2561 595 2561 528 2577 531 2616"/></Shape>
	    <String CONTENT=""
                    HPOS="528"
                    VPOS="2536"
                    WIDTH="2111"
                    HEIGHT="105"></String>
          </TextLine>
          <TextLine ID="eSc_line_45d73e1c"
                    TAGREFS="LT31"
                    BASELINE="536 2697 1962 2679 1963 2679 2609 2655" 
                    HPOS="534"
                    VPOS="2602"
                    WIDTH="2075"
                    HEIGHT="125">
            <Shape><Polygon POINTS="536 2727 2447 2697 2609 2677 2609 2655 2606 2619 2584 2602 2581 2602 2578 2602 2489 2602 2486 2602 2303 2625 2191 2608 2189 2608 2066 2627 2050 2633 1738 2636 1727 2633 1694 2619 1691 2619 1688 2619 1482 2636 1360 2644 1324 2636 1287 2630 1285 2630 1282 2630 1257 2639 1221 2647 1146 2639 1087 2633 1084 2633 1029 2641 937 2652 534 2647 536 2697"/></Shape>
	    <String CONTENT=""
                    HPOS="534"
                    VPOS="2602"
                    WIDTH="2075"
                    HEIGHT="125"></String>
          </TextLine>
          <TextLine ID="eSc_line_47a1200d"
                    TAGREFS="LT31"
                    BASELINE="536 2769 2659 2741" 
                    HPOS="534"
                    VPOS="2689"
                    WIDTH="2125"
                    HEIGHT="119">
            <Shape><Polygon POINTS="536 2769 536 2794 917 2808 920 2808 1148 2805 1237 2789 1254 2786 1273 2789 1376 2803 1379 2803 1382 2803 1385 2803 1404 2786 1413 2783 1443 2786 1560 2800 1563 2800 1566 2800 1568 2800 1591 2786 1599 2778 1913 2778 1924 2780 1944 2791 1947 2791 1949 2791 2041 2780 2083 2775 2091 2780 2105 2791 2108 2791 2111 2791 2114 2794 2197 2794 2197 2791 2200 2791 2253 2778 2278 2769 2450 2769 2464 2775 2478 2786 2481 2786 2484 2786 2486 2786 2656 2772 2659 2741 2653 2708 2509 2708 2472 2689 2470 2689 2467 2689 2464 2689 2461 2689 2436 2708 2408 2694 2406 2694 2403 2694 2289 2708 2267 2691 2264 2691 2261 2691 2258 2691 2164 2708 2063 2694 2061 2694 2058 2694 2022 2711 2016 2714 1986 2711 1808 2697 1805 2697 1696 2700 1694 2700 1691 2700 1668 2714 1666 2716 1655 2714 1605 2705 1602 2705 1490 2716 1449 2719 1435 2716 1388 2702 1385 2702 1382 2702 1379 2702 1376 2702 1360 2716 1351 2725 534 2725 536 2769"/></Shape>
	    <String CONTENT=""
                    HPOS="534"
                    VPOS="2689"
                    WIDTH="2125"
                    HEIGHT="119"></String>
          </TextLine>
          <TextLine ID="eSc_line_a6d0c901"
                    TAGREFS="LT31"
                    BASELINE="520 2855 2603 2822" 
                    HPOS="517"
                    VPOS="2772"
                    WIDTH="2086"
                    HEIGHT="120">
            <Shape><Polygon POINTS="520 2855 520 2878 795 2892 798 2892 801 2892 851 2875 867 2872 904 2875 1029 2889 1031 2889 1034 2889 1065 2875 1073 2875 1382 2883 1385 2883 1388 2883 1426 2869 1449 2864 1479 2869 1518 2878 1521 2878 1524 2878 1543 2869 1563 2861 1591 2869 1624 2878 1627 2878 1630 2878 1763 2867 1916 2855 2002 2864 2066 2872 2069 2872 2072 2872 2094 2864 2127 2853 2175 2864 2203 2869 2205 2869 2208 2869 2228 2864 2264 2850 2328 2861 2356 2867 2358 2867 2392 2861 2475 2847 2598 2858 2603 2822 2595 2772 517 2805 520 2855"/></Shape>
	    <String CONTENT=""
                    HPOS="517"
                    VPOS="2772"
                    WIDTH="2086"
                    HEIGHT="120"></String>
          </TextLine>
          <TextLine ID="eSc_line_b8ee25a3"
                    TAGREFS="LT31"
                    BASELINE="522 2936 1165 2933 2637 2894" 
                    HPOS="520"
                    VPOS="2842"
                    WIDTH="2117"
                    HEIGHT="127">
            <Shape><Polygon POINTS="522 2936 522 2961 815 2969 817 2969 904 2956 1004 2969 1006 2969 1162 2950 1184 2964 1187 2964 1190 2964 1193 2964 1368 2961 1535 2942 1730 2953 1732 2953 1847 2936 2089 2944 2091 2944 2094 2944 2097 2944 2097 2942 2111 2930 2194 2942 2197 2942 2395 2922 2431 2936 2433 2936 2436 2936 2637 2914 2637 2894 2631 2858 2470 2842 2467 2842 2356 2861 2336 2864 2317 2861 2233 2847 2230 2847 2228 2847 2225 2847 2225 2850 2208 2864 2203 2869 2097 2869 2063 2864 1986 2853 1983 2853 1980 2853 1977 2853 1955 2867 1947 2872 1919 2867 1858 2855 1855 2855 1852 2855 1816 2869 1796 2875 1744 2869 1660 2861 1657 2861 1655 2861 1630 2872 1607 2880 1574 2872 1538 2864 1535 2864 1532 2864 1529 2864 1499 2872 1471 2880 1435 2875 1401 2869 1399 2869 1396 2869 1393 2869 1385 2875 1365 2886 1260 2878 1201 2872 1198 2872 1196 2872 1193 2872 1184 2878 1165 2892 1004 2894 970 2880 962 2878 959 2878 956 2878 909 2880 737 2900 520 2889 522 2936"/></Shape>
	    <String CONTENT=""
                    HPOS="520"
                    VPOS="2842"
                    WIDTH="2117"
                    HEIGHT="127"></String>
          </TextLine>
          <TextLine ID="eSc_line_5de10c3d"
                    TAGREFS="LT31"
                    BASELINE="520 3017 1694 3000 1694 3000 2645 2964" 
                    HPOS="517"
                    VPOS="2914"
                    WIDTH="2128"
                    HEIGHT="139">
            <Shape><Polygon POINTS="520 3039 734 3053 737 3053 739 3053 776 3036 826 3050 828 3050 831 3050 965 3031 970 3031 976 3031 1073 3045 1076 3045 1282 3022 1304 3022 1337 3022 1632 3031 1635 3031 1824 3011 1860 3008 1880 3011 1969 3022 1972 3022 1974 3022 2022 3006 2030 3006 2047 3006 2144 3017 2147 3017 2150 3017 2194 3003 2200 3003 2203 3003 2261 3014 2264 3014 2267 3014 2300 3000 2311 2997 2353 3000 2467 3008 2470 3008 2472 3008 2475 3008 2489 2997 2495 2994 2645 2994 2645 2964 2637 2914 2408 2933 2317 2922 2303 2922 2300 2922 2283 2925 2186 2939 1813 2939 1632 2939 1630 2939 517 2978 520 3017"/></Shape>
	    <String CONTENT=""
                    HPOS="517"
                    VPOS="2914"
                    WIDTH="2128"
                    HEIGHT="139"></String>
          </TextLine>
          <TextLine ID="eSc_line_ce09f188"
                    TAGREFS="LT31"
                    BASELINE="517 3092 2656 3039" 
                    HPOS="514"
                    VPOS="2994"
                    WIDTH="2142"
                    HEIGHT="120">
            <Shape><Polygon POINTS="517 3092 517 3114 2656 3067 2656 3039 2650 3000 2211 2994 2208 2994 1902 3017 1855 3019 1841 3019 1749 3006 1746 3006 1643 3022 1627 3025 1616 3025 1521 3011 1518 3011 1315 3031 1287 3033 1273 3033 1210 3022 1207 3022 1204 3022 1201 3022 1182 3036 1179 3036 1165 3036 1070 3022 1068 3022 970 3039 954 3042 940 3042 845 3028 842 3028 514 3050 517 3092"/></Shape>
	    <String CONTENT=""
                    HPOS="514"
                    VPOS="2994"
                    WIDTH="2142"
                    HEIGHT="120"></String>
          </TextLine>
          <TextLine ID="eSc_line_b8ee0622"
                    TAGREFS="LT31"
                    BASELINE="522 3153 1855 3136 2600 3108" 
                    HPOS="520"
                    VPOS="3067"
                    WIDTH="2080"
                    HEIGHT="125">
            <Shape><Polygon POINTS="522 3153 522 3192 592 3178 662 3189 667 3189 670 3189 673 3189 675 3189 695 3175 787 3186 820 3189 823 3189 887 3184 1034 3170 1087 3178 1121 3184 1123 3184 1184 3175 1279 3164 1343 3172 1393 3178 1396 3178 1443 3170 1490 3161 1502 3167 1510 3175 1513 3175 1516 3175 1518 3175 1579 3167 1618 3161 1652 3164 1721 3172 1724 3172 2600 3139 2600 3108 2592 3067 2470 3081 2375 3070 2364 3070 2361 3070 2358 3070 2356 3070 2319 3086 2211 3072 2194 3072 2191 3072 2150 3075 1872 3097 1549 3100 1524 3086 1521 3086 1518 3086 1516 3086 1499 3086 1390 3103 1226 3092 1190 3092 1187 3092 1184 3092 1173 3095 1115 3108 1059 3097 1045 3095 1043 3095 1029 3097 965 3111 929 3100 923 3097 920 3097 917 3097 901 3100 817 3114 520 3108 522 3153"/></Shape>
	    <String CONTENT=""
                    HPOS="520"
                    VPOS="3067"
                    WIDTH="2080"
                    HEIGHT="125"></String>
          </TextLine>
          <TextLine ID="eSc_line_2779752e"
                    TAGREFS="LT31"
                    BASELINE="522 3225 1888 3214 2634 3192" 
                    HPOS="520"
                    VPOS="3150"
                    WIDTH="2114"
                    HEIGHT="111">
            <Shape><Polygon POINTS="522 3225 522 3250 873 3261 876 3261 951 3248 956 3248 981 3248 1365 3256 1368 3256 1579 3253 1582 3253 1621 3239 1635 3236 1668 3239 1763 3250 1766 3250 1908 3248 1910 3248 1913 3248 1924 3236 1930 3234 1944 3236 2000 3248 2002 3248 2069 3236 2097 3231 2114 3234 2150 3245 2153 3245 2155 3245 2222 3234 2261 3228 2317 3234 2420 3242 2422 3242 2631 3228 2634 3192 2625 3150 1788 3172 1707 3167 1618 3161 1616 3161 1613 3161 1588 3170 1571 3175 1454 3172 1268 3167 1265 3167 1179 3178 1148 3181 1043 3181 564 3175 561 3175 559 3175 520 3189 522 3225"/></Shape>
	    <String CONTENT=""
                    HPOS="520"
                    VPOS="3150"
                    WIDTH="2114"
                    HEIGHT="111"></String>
          </TextLine>
          <TextLine ID="eSc_line_ed8d6664"
                    TAGREFS="LT34"
                    BASELINE="1315 3281 1644 3261" 
                    HPOS="1310"
                    VPOS="3217"
                    WIDTH="322"
                    HEIGHT="100">
            <Shape><Polygon POINTS="1321 3317 1337 3303 1385 3314 1401 3317 1404 3317 1407 3317 1421 3311 1468 3295 1502 3306 1507 3309 1510 3309 1513 3309 1516 3309 1524 3306 1557 3289 1630 3298 1632 3261 1624 3217 1310 3242 1315 3281"/></Shape>
	    <String CONTENT=""
                    HPOS="1310"
                    VPOS="3217"
                    WIDTH="322"
                    HEIGHT="100"></String>
          </TextLine>
        </TextBlock>
        <TextBlock HPOS="2"
                   VPOS="1129"
                   WIDTH="542"
                   HEIGHT="356"
                   ID="eSc_textblock_4b8a12f2"
                   TAGREFS="BT43">
          <Shape><Polygon POINTS="2 1129 2 1485 544 1485 529 1134"/></Shape>
          <TextLine ID="eSc_line_5abb4afb"
                    TAGREFS="LT34"
                    BASELINE="77 1162 453 1162" 
                    HPOS="75"
                    VPOS="1112"
                    WIDTH="278"
                    HEIGHT="80">
            <Shape><Polygon POINTS="75 1134 77 1162 77 1184 347 1192 353 1159 344 1112 102 1117 102 1120"/></Shape>
	    <String CONTENT=""
                    HPOS="75"
                    VPOS="1112"
                    WIDTH="278"
                    HEIGHT="80"></String>
          </TextLine>
          <TextLine ID="eSc_line_ab181950"
                    TAGREFS="LT34"
                    BASELINE="63 1223 453 1209" 
                    HPOS="61"
                    VPOS="1170"
                    WIDTH="392"
                    HEIGHT="81">
            <Shape><Polygon POINTS="63 1223 63 1251 453 1237 453 1209 445 1170 61 1187 63 1223"/></Shape>
	    <String CONTENT=""
                    HPOS="61"
                    VPOS="1170"
                    WIDTH="392"
                    HEIGHT="81"></String>
          </TextLine>
          <TextLine ID="eSc_line_870b7e0b"
                    TAGREFS="LT34"
                    BASELINE="55 1273 484 1262" 
                    HPOS="52"
                    VPOS="1220"
                    WIDTH="432"
                    HEIGHT="78">
            <Shape><Polygon POINTS="89 1223 86 1223 52 1234 55 1273 55 1298 484 1287 484 1262 475 1220 155 1234 150 1234 91 1223 89 1223"/></Shape>
	    <String CONTENT=""
                    HPOS="52"
                    VPOS="1220"
                    WIDTH="432"
                    HEIGHT="78"></String>
          </TextLine>
          <TextLine ID="eSc_line_ed2fe1f7"
                    TAGREFS="LT34"
                    BASELINE="38 1329 511 1318" 
                    HPOS="36"
                    VPOS="1279"
                    WIDTH="475"
                    HEIGHT="91">
            <Shape><Polygon POINTS="492 1279 47 1279 36 1287 38 1329 38 1351 89 1370 91 1370 94 1370 161 1354 178 1351 186 1357 216 1370 219 1370 222 1370 305 1368 308 1368 342 1359 397 1345 509 1362 511 1318 506 1295 492 1279"/></Shape>
	    <String CONTENT=""
                    HPOS="36"
                    VPOS="1279"
                    WIDTH="475"
                    HEIGHT="91"></String>
          </TextLine>
          <TextLine ID="eSc_line_6b2d3595"
                    TAGREFS="LT34"
                    BASELINE="29 1399 511 1382" 
                    HPOS="41"
                    VPOS="1334"
                    WIDTH="470"
                    HEIGHT="103">
            <Shape><Polygon POINTS="44 1437 122 1423 164 1434 186 1437 189 1437 511 1409 511 1382 506 1345 353 1334 350 1334 347 1334 280 1351 269 1354 255 1354 169 1343 166 1343 41 1359 44 1398"/></Shape>
	    <String CONTENT=""
                    HPOS="41"
                    VPOS="1334"
                    WIDTH="470"
                    HEIGHT="103"></String>
          </TextLine>
        </TextBlock>
      </PrintSpace>
    </Page>
  </Layout>
</alto>
