<?xml version="1.0" encoding="UTF-8"?>
<alto xmlns:xsi="http://www.w3.org/2001/XMLSchema-instance"
      xmlns="http://www.loc.gov/standards/alto/ns-v4#"
      xsi:schemaLocation="http://www.loc.gov/standards/alto/ns-v4# http://www.loc.gov/standards/alto/v4/alto-4-2.xsd">
  <Description>
    <MeasurementUnit>pixel</MeasurementUnit>
    <sourceImageInformation>
      <fileName>ARCH-DIV-000496_0015.png</fileName>
    </sourceImageInformation>
  </Description>
  <Tags>
    <OtherTag ID="BT42" LABEL="MainZone" DESCRIPTION="block type MainZone"/><OtherTag ID="BT43" LABEL="MarginTextZone" DESCRIPTION="block type MarginTextZone"/><OtherTag ID="BT44" LABEL="NumberingZone" DESCRIPTION="block type NumberingZone"/><OtherTag ID="BT45" LABEL="TitlePageZone" DESCRIPTION="block type TitlePageZone"/><OtherTag ID="BT46" LABEL="CustomZone:Numbering" DESCRIPTION="block type CustomZone:Numbering"/><OtherTag ID="BT49" LABEL="MarginTextZone:lower" DESCRIPTION="block type MarginTextZone:lower"/>
    <OtherTag ID="LT25" LABEL="default" DESCRIPTION="line type default"/><OtherTag ID="LT31" LABEL="DefaultLine" DESCRIPTION="line type DefaultLine"/><OtherTag ID="LT32" LABEL="HeadingLine" DESCRIPTION="line type HeadingLine"/><OtherTag ID="LT33" LABEL="InterlinearLine:addition" DESCRIPTION="line type InterlinearLine:addition"/><OtherTag ID="LT34" LABEL="InterlinearLine:correction" DESCRIPTION="line type InterlinearLine:correction"/>
  </Tags>
  <Layout>
    <Page WIDTH="2790"
          HEIGHT="3333"
          PHYSICAL_IMG_NR="14"
          ID="eSc_dummypage_">
      <PrintSpace HPOS="0"
                  VPOS="0"
                  WIDTH="2790"
                  HEIGHT="3333">
        <TextBlock HPOS="257"
                   VPOS="30"
                   WIDTH="166"
                   HEIGHT="216"
                   ID="eSc_textblock_cee61bc6"
                   TAGREFS="BT44">
          <Shape><Polygon POINTS="257 30 257 246 423 246 423 30"/></Shape>
          <TextLine ID="eSc_line_e04c4c68"
                    TAGREFS="LT31"
                    BASELINE="309 140 402 134" 
                    HPOS="307"
                    VPOS="99"
                    WIDTH="70"
                    HEIGHT="132">
            <Shape><Polygon POINTS="311 222 377 231 377 138 374 111 320 99 318 99 316 99 314 99 314 101 307 107 309 140"/></Shape>
	    <String CONTENT="11"
                    HPOS="307"
                    VPOS="99"
                    WIDTH="70"
                    HEIGHT="132"
                    WC="0.877098798751831"></String>
          </TextLine>
        </TextBlock>
        <TextBlock HPOS="607"
                   VPOS="44"
                   WIDTH="2157"
                   HEIGHT="3251"
                   ID="eSc_textblock_50e96713"
                   TAGREFS="BT42">
          <Shape><Polygon POINTS="645 44 607 3295 2764 3274 2764 57"/></Shape>
          <TextLine ID="eSc_line_77260475"
                    TAGREFS="LT34"
                    BASELINE="672 133 901 133" 
                    HPOS="672"
                    VPOS="94"
                    WIDTH="191"
                    HEIGHT="63">
            <Shape><Polygon POINTS="674 157 707 148 726 157 728 157 729 157 731 157 733 157 739 155 779 146 861 151 863 133 861 101 761 105 672 94 672 133"/></Shape>
	    <String CONTENT="pressic"
                    HPOS="672"
                    VPOS="94"
                    WIDTH="191"
                    HEIGHT="63"
                    WC="0.9353015678269523"></String>
          </TextLine>
          <TextLine ID="eSc_line_eb144f8a"
                    TAGREFS="LT31"
                    BASELINE="757 94 2756 98" 
                    HPOS="755"
                    VPOS="44"
                    WIDTH="2001"
                    HEIGHT="80">
            <Shape><Polygon POINTS="2738 62 2719 59 2701 57 2682 53 2664 51 2658 49 2473 59 2375 49 2373 49 2319 59 2312 61 2306 59 2274 48 2273 48 2271 48 2202 59 2152 66 2100 57 2065 51 2063 51 2061 51 2050 57 2030 66 1885 66 1865 55 1863 55 1861 55 1860 55 1821 66 1743 57 1741 57 1613 64 1587 55 1585 55 1583 55 1426 64 1369 49 1354 46 1352 46 1350 46 1281 48 1280 48 1278 48 1244 66 1017 66 972 46 970 46 757 44 757 94 755 105 778 118 779 118 781 118 855 109 883 120 885 120 887 120 1343 109 1419 109 1517 109 1526 111 1550 120 1552 120 1554 120 1595 112 1611 109 1654 112 1763 122 1765 124 1915 124 1915 122 1917 122 1935 114 1945 111 2041 111 2052 114 2065 122 2067 122 2069 122 2126 116 2161 112 2208 116 2269 122 2271 122 2273 122 2284 116 2299 111 2593 111 2614 120 2621 122 2623 122 2625 122 2641 120 2702 111 2752 120 2756 98 2756 64 2738 62"/></Shape>
	    <String CONTENT="La divergence des tendances s&#x27;exasperait peu à peu sous la sxvi¬"
                    HPOS="755"
                    VPOS="44"
                    WIDTH="2001"
                    HEIGHT="80"
                    WC="0.9885401661579426"></String>
          </TextLine>
          <TextLine ID="eSc_line_60fcb37a"
                    TAGREFS="LT31"
                    BASELINE="676 162 2714 162" 
                    HPOS="676"
                    VPOS="111"
                    WIDTH="2038"
                    HEIGHT="76">
            <Shape><Polygon POINTS="676 162 676 187 2714 181 2714 162 2714 135 2428 135 2419 131 2399 124 2397 124 2395 124 2339 129 2302 133 2263 129 2128 111 2126 111 2054 125 2021 133 1998 125 1974 116 1973 116 1971 116 1847 124 1834 124 1832 124 1811 114 1809 114 1808 114 1767 122 1715 133 1582 124 1580 124 1493 133 1437 118 1420 114 1419 114 1417 114 1415 114 1407 118 1378 135 1174 135 1137 114 1126 111 1124 111 676 111 676 162"/></Shape>
	    <String CONTENT="...&gt; de l&#x27;étranger. Unaniment, &lt;...&gt; les Pinisances s&#x27;appo¬"
                    HPOS="676"
                    VPOS="111"
                    WIDTH="2038"
                    HEIGHT="76"
                    WC="0.9754896719576949"></String>
          </TextLine>
          <TextLine ID="eSc_line_121d6cc6"
                    TAGREFS="LT31"
                    BASELINE="674 240 2730 227" 
                    HPOS="672"
                    VPOS="185"
                    WIDTH="2058"
                    HEIGHT="81">
            <Shape><Polygon POINTS="674 240 674 257 900 264 902 264 955 257 967 255 983 255 1105 266 1107 266 1109 266 1133 255 1139 251 1328 249 1337 253 1357 264 1359 264 1361 266 1426 266 1426 264 1480 253 1487 251 1493 253 1519 261 1520 261 1522 261 1821 251 1874 249 1887 249 1973 261 1974 261 2028 249 2039 248 2052 249 2128 261 2130 261 2132 261 2176 248 2195 244 2245 248 2310 253 2312 253 2447 246 2512 244 2517 246 2539 257 2541 257 2543 257 2728 244 2730 227 2727 199 2652 188 2651 188 2556 198 2517 185 2515 185 2513 185 2128 201 1919 188 1917 188 1845 203 1632 203 1608 190 1606 190 1604 190 1602 190 1570 201 1278 192 1276 192 1098 207 829 196 828 196 826 196 779 209 726 201 724 201 672 211 674 240"/></Shape>
	    <String CONTENT="sailet à ce que les Belges se donnassent pour roi e des deux prin"
                    HPOS="672"
                    VPOS="185"
                    WIDTH="2058"
                    HEIGHT="81"
                    WC="0.9930048458503954"></String>
          </TextLine>
          <TextLine ID="eSc_line_941807e1"
                    TAGREFS="LT31"
                    BASELINE="676 312 1061 303 2760 292" 
                    HPOS="674"
                    VPOS="249"
                    WIDTH="2086"
                    HEIGHT="97">
            <Shape><Polygon POINTS="676 312 676 346 846 344 848 344 850 344 930 322 1120 322 1170 338 1178 340 1180 340 1181 340 1183 340 1193 338 1244 320 1372 335 1415 338 1417 338 1448 333 1511 322 1604 322 1632 329 1671 338 1672 338 1728 327 1780 318 1804 327 1817 331 1819 331 1821 331 1919 325 2045 316 2152 320 2426 333 2428 333 2430 333 2476 314 2488 311 2588 311 2595 312 2638 329 2639 329 2641 329 2643 329 2697 311 2704 309 2758 309 2760 292 2756 266 2588 262 2558 249 2556 249 2554 249 2456 264 2382 257 2380 257 2186 270 2171 270 2161 270 1961 257 1960 257 1958 257 1913 272 1911 274 1830 274 1822 274 1789 255 1787 255 1785 255 1595 257 1504 274 1395 259 1393 259 1267 274 1191 259 1189 259 1094 261 1093 261 1063 274 926 261 924 261 828 281 674 281 676 312"/></Shape>
	    <String CONTENT="ces &lt;.. ...... ... . ...&gt; qu&#x27;ils se pré¬"
                    HPOS="674"
                    VPOS="249"
                    WIDTH="2086"
                    HEIGHT="97"
                    WC="0.9189905598759651"></String>
          </TextLine>
          <TextLine ID="eSc_line_7b03e9f2"
                    TAGREFS="LT31"
                    BASELINE="672 385 1111 379 2717 366" 
                    HPOS="672"
                    VPOS="327"
                    WIDTH="2045"
                    HEIGHT="85">
            <Shape><Polygon POINTS="770 394 826 405 828 405 976 392 1033 401 1035 401 1320 392 1361 403 1372 405 1374 405 1539 407 1541 407 1576 399 1602 394 1632 398 1654 401 1656 401 1678 398 1728 386 1898 386 2023 386 2035 392 2061 403 2063 403 2065 403 2182 392 2271 401 2273 401 2274 401 2310 388 2321 385 2336 388 2391 399 2393 399 2395 399 2439 388 2647 399 2649 399 2651 399 2717 381 2717 366 2710 331 2671 342 2599 342 2571 331 2560 327 2558 327 2556 327 2554 327 2541 331 2500 342 2439 331 2425 329 2423 329 2421 329 2415 331 2386 344 2110 344 2082 333 2071 327 2069 327 1939 327 1937 327 1863 333 1704 346 1658 333 1648 331 1646 331 1645 331 1630 333 1563 349 1476 349 1426 335 1413 331 1411 331 1409 331 1407 331 1396 335 1354 348 1298 335 1281 331 1280 331 1078 333 1076 333 1067 335 1018 348 983 335 976 333 974 333 972 333 957 335 887 351 702 349 672 337 672 385 672 412"/></Shape>
	    <String CONTENT="paraient à élère. &lt;.. .......&gt; Suggéris pas lesentrigues"
                    HPOS="672"
                    VPOS="327"
                    WIDTH="2045"
                    HEIGHT="85"
                    WC="0.9634596245330677"></String>
          </TextLine>
          <TextLine ID="eSc_line_bc3d27b0"
                    TAGREFS="LT31"
                    BASELINE="672 462 1124 446 2739 446" 
                    HPOS="670"
                    VPOS="398"
                    WIDTH="2069"
                    HEIGHT="81">
            <Shape><Polygon POINTS="672 462 672 479 844 464 900 477 905 479 907 479 909 479 922 477 1015 464 1206 464 1228 475 1235 479 1237 479 1239 479 1382 477 1383 477 1393 474 1422 464 1465 474 1485 477 1487 477 1528 474 1622 462 1802 462 1817 470 1832 477 1834 477 1835 477 2026 470 2186 462 2197 468 2204 472 2206 472 2208 472 2245 468 2300 461 2371 466 2458 474 2460 474 2517 464 2539 462 2563 464 2626 472 2628 472 2738 462 2739 446 2738 416 2614 399 2612 399 2610 399 2578 416 2512 416 2425 398 2289 398 2287 398 2286 398 2230 416 1917 416 1845 399 1843 399 1745 409 1659 399 1658 399 1504 416 1428 399 1426 399 1424 399 1391 416 1252 401 1250 401 1248 401 1198 420 1139 420 1093 401 1091 401 980 401 978 401 976 401 941 420 879 420 846 401 844 401 759 401 757 401 670 420 672 462"/></Shape>
	    <String CONTENT="d. Parès, ils étaient eljetés par tous les gouvernements. &lt;......&gt;"
                    HPOS="670"
                    VPOS="398"
                    WIDTH="2069"
                    HEIGHT="81"
                    WC="0.9702353247187354"></String>
          </TextLine>
          <TextLine ID="eSc_line_69159f25"
                    TAGREFS="LT31"
                    BASELINE="668 533 1207 522 2751 514" 
                    HPOS="666"
                    VPOS="466"
                    WIDTH="2085"
                    HEIGHT="91">
            <Shape><Polygon POINTS="668 533 668 548 776 544 798 548 852 557 854 557 902 546 922 540 1118 540 1137 544 1185 555 1187 555 1189 555 1224 544 1239 538 1487 538 1502 540 1567 551 1569 551 1698 538 1722 536 1726 538 1748 548 1750 548 1752 548 1898 540 2084 549 2086 549 2200 536 2245 548 2247 548 2249 548 2250 548 2300 535 2350 546 2352 546 2628 531 2708 540 2710 540 2712 540 2751 527 2751 514 2747 485 2691 474 2689 474 2580 485 2571 485 2569 485 2523 466 2521 466 2519 466 2517 466 2463 485 2462 486 2369 486 2365 485 2343 474 2341 474 2339 474 2337 474 2312 485 2280 477 2278 477 2276 477 2274 477 2252 486 2249 488 2000 488 1997 486 1969 474 1967 474 1965 474 1963 474 1921 486 1919 486 1917 486 1806 470 1804 470 1721 488 1706 490 1691 488 1635 475 1633 475 1632 475 1595 488 1585 492 1407 492 1374 488 1306 481 1304 481 1250 490 1241 490 1237 490 1196 475 1194 475 952 475 950 475 881 486 716 477 715 477 713 477 666 490 668 533"/></Shape>
	    <String CONTENT="&lt;.. a. La conférence n&#x27;entendait voir régner à Brupelles ni un"
                    HPOS="666"
                    VPOS="466"
                    WIDTH="2085"
                    HEIGHT="91"
                    WC="0.9752631901748596"></String>
          </TextLine>
          <TextLine ID="eSc_line_d6626467"
                    TAGREFS="LT31"
                    BASELINE="663 605 1802 603 2730 588" 
                    HPOS="661"
                    VPOS="544"
                    WIDTH="2069"
                    HEIGHT="89">
            <Shape><Polygon POINTS="663 605 663 622 763 620 768 622 792 633 794 633 796 633 898 620 926 618 1276 618 1287 618 1343 629 1344 629 1411 616 1422 614 1443 616 1552 625 1554 625 1713 614 1735 625 1737 625 1739 625 1954 616 2330 622 2332 622 2378 612 2425 622 2426 622 2519 607 2654 618 2656 618 2728 603 2730 588 2727 562 2649 544 2493 544 2491 544 2421 561 2399 566 2378 561 2325 546 2323 546 2210 546 2208 546 2206 546 2154 561 2132 566 2086 561 2065 559 2063 559 2061 559 2054 561 2028 568 1987 561 1919 548 1917 548 1856 561 1815 570 1289 574 1269 564 1267 564 1265 564 1115 574 1078 559 1068 555 1067 555 922 555 920 555 902 559 818 577 765 559 761 557 759 557 757 557 661 557 663 605"/></Shape>
	    <String CONTENT="bonopartiste ni moins encore un fils du roi de France. &lt;...&gt;"
                    HPOS="661"
                    VPOS="544"
                    WIDTH="2069"
                    HEIGHT="89"
                    WC="0.9643172115087509"></String>
          </TextLine>
          <TextLine ID="eSc_line_6aa63856"
                    TAGREFS="LT31"
                    BASELINE="661 681 2749 655" 
                    HPOS="659"
                    VPOS="611"
                    WIDTH="2090"
                    HEIGHT="101">
            <Shape><Polygon POINTS="661 681 661 712 809 711 811 711 846 698 885 709 887 709 889 709 961 694 1050 707 1052 707 1054 707 1091 696 1387 703 1402 703 1404 703 1417 703 1704 686 1789 698 1791 698 1793 698 1795 698 1860 685 1961 692 1963 692 2030 681 2171 692 2173 692 2174 692 2213 681 2404 681 2425 690 2426 690 2428 690 2430 690 2432 690 2434 690 2465 674 2634 674 2673 686 2675 686 2676 686 2747 685 2749 655 2743 611 2584 622 2454 614 2445 614 2443 614 2438 614 2291 635 2224 618 2223 618 2149 618 2147 618 2134 618 1993 638 1561 635 1559 635 1498 644 1419 629 1402 627 1400 627 1372 631 1246 648 1157 638 1156 638 1154 638 1133 648 1098 640 1096 640 1039 649 1018 640 1017 640 1015 640 829 651 792 642 791 642 789 642 787 642 765 653 722 640 709 636 707 636 705 636 659 640 661 681"/></Shape>
	    <String CONTENT="&lt;. ... . .... .. .....&gt; Elle ne voulait ni d&#x27;un"
                    HPOS="659"
                    VPOS="611"
                    WIDTH="2090"
                    HEIGHT="101"
                    WC="0.9342629858788024"></String>
          </TextLine>
          <TextLine ID="eSc_line_7879c8e3"
                    TAGREFS="LT31"
                    BASELINE="657 753 2734 733" 
                    HPOS="655"
                    VPOS="688"
                    WIDTH="2079"
                    HEIGHT="87">
            <Shape><Polygon POINTS="657 753 659 775 691 766 954 772 987 772 989 772 996 772 1052 762 1235 768 1374 772 1376 772 1411 766 1448 759 1491 764 1537 770 1539 770 1737 768 1739 768 1769 761 1791 755 2034 757 2534 761 2536 761 2734 746 2734 733 2728 688 2647 705 2580 690 2578 690 2576 690 2575 690 2536 705 2500 694 2499 694 2497 694 2495 694 2467 709 2349 709 2215 694 2204 694 2202 694 2193 694 2100 711 1843 699 1787 698 1785 698 1754 701 1632 714 1469 705 1409 701 1407 701 1320 705 1319 705 1315 707 1285 718 1207 709 1180 705 1178 705 1139 709 1018 722 655 716 657 753"/></Shape>
	    <String CONTENT="renouveau des ambitions napolionienier, ni s&#x27;un protectorat"
                    HPOS="655"
                    VPOS="688"
                    WIDTH="2079"
                    HEIGHT="87"
                    WC="0.9890828173039323"></String>
          </TextLine>
          <TextLine ID="eSc_line_b047ea53"
                    TAGREFS="LT31"
                    BASELINE="674 822 2758 803" 
                    HPOS="672"
                    VPOS="755"
                    WIDTH="2086"
                    HEIGHT="96">
            <Shape><Polygon POINTS="674 822 676 851 716 842 841 849 852 849 854 849 855 849 857 849 917 833 1067 846 1087 848 1089 848 1120 846 1320 829 1565 840 1641 842 1643 842 1645 842 1654 838 1678 827 1711 836 1717 838 1719 838 1721 838 1734 836 1798 827 1865 835 1911 840 1913 840 1945 835 1995 823 2052 833 2091 838 2093 838 2145 831 2210 822 2241 829 2247 831 2249 831 2250 831 2262 829 2300 822 2321 829 2334 833 2336 833 2337 833 2339 833 2350 829 2369 820 2551 820 2580 825 2621 833 2623 833 2758 822 2758 803 2751 761 2725 772 2332 772 2313 766 2280 755 2278 755 2276 755 2186 768 2128 777 1904 777 1885 772 1847 759 1845 759 1782 759 1780 759 1778 759 1730 773 1711 781 1613 781 1606 775 1576 761 1574 761 1572 761 1448 772 1387 762 1385 762 1315 777 1250 764 1248 764 1246 764 1202 781 1200 781 1198 781 1159 768 1157 768 1156 768 1111 775 991 766 989 766 909 779 741 768 739 768 737 768 672 786 674 822"/></Shape>
	    <String CONTENT="de Louis. Philippe sur la Belgique. Par necessité celui-ci s&#x27;associait"
                    HPOS="672"
                    VPOS="755"
                    WIDTH="2086"
                    HEIGHT="96"
                    WC="0.9807049197810037"></String>
          </TextLine>
          <TextLine ID="eSc_line_62abbadc"
                    TAGREFS="LT31"
                    BASELINE="676 896 879 886 1745 877 2754 879" 
                    HPOS="674"
                    VPOS="831"
                    WIDTH="2080"
                    HEIGHT="80">
            <Shape><Polygon POINTS="676 896 676 911 1137 907 1185 898 1263 907 1265 907 1537 896 1900 903 1902 903 1904 903 1930 894 2325 903 2326 903 2395 892 2619 892 2752 901 2754 879 2752 849 2604 849 2571 831 2569 831 2567 831 2469 840 2443 833 2441 833 2439 833 2438 833 2404 846 2352 833 2350 833 2349 833 2347 833 2345 833 2315 849 1928 833 1926 833 1772 846 1682 835 1680 835 1678 835 1635 851 1491 838 1489 838 1376 853 1263 838 1261 838 1259 838 1230 851 1191 838 1189 838 1187 838 1185 838 1154 855 1087 857 961 857 904 838 902 838 900 838 898 838 859 855 774 842 772 842 770 842 741 857 674 857 676 896"/></Shape>
	    <String CONTENT="à des dessains. &lt;... . ....&gt; Il invi sageait avec horreur"
                    HPOS="674"
                    VPOS="831"
                    WIDTH="2080"
                    HEIGHT="80"
                    WC="0.9720127436152676"></String>
          </TextLine>
          <TextLine ID="eSc_line_f903499b"
                    TAGREFS="LT31"
                    BASELINE="668 961 2728 940" 
                    HPOS="666"
                    VPOS="892"
                    WIDTH="2062"
                    HEIGHT="96">
            <Shape><Polygon POINTS="668 961 668 981 902 972 926 977 959 988 961 988 963 988 965 988 1004 977 1031 968 1163 968 1194 973 1219 979 1220 979 1222 979 1239 973 1261 966 1367 972 1441 975 1443 975 1498 970 1537 966 1548 970 1591 983 1593 983 1595 983 1721 981 1722 981 1769 966 1776 962 1987 961 2000 962 2069 977 2071 977 2208 975 2210 975 2228 966 2350 975 2352 975 2534 955 2539 955 2545 955 2619 964 2621 964 2727 951 2728 940 2727 903 2699 896 2697 896 2695 896 2656 903 2626 909 2597 903 2539 892 2538 892 2486 894 2484 894 2463 905 2450 912 2345 914 2278 914 2256 907 2223 896 2221 896 2219 896 2217 896 2197 907 2195 907 2171 907 2086 905 2084 905 2082 905 2074 907 2054 914 2013 909 1976 903 1974 903 1973 903 1958 909 1939 918 1852 918 1828 911 1793 899 1791 899 1789 899 1713 911 1674 916 1648 911 1611 903 1609 903 1608 903 1576 912 1546 920 1526 912 1504 903 1502 903 1500 903 1276 905 1274 905 1241 914 1209 923 1189 914 1174 909 1172 909 1170 909 1113 916 1031 925 994 916 992 916 991 916 989 916 978 916 894 925 868 918 857 914 855 914 854 914 852 914 850 914 846 918 837 923 824 918 805 911 804 911 802 911 766 918 742 923 728 918 709 912 707 912 705 912 666 918 668 961"/></Shape>
	    <String CONTENT="l&#x27;électon possible de Leuchtemburg. ne sachant que trop qu&#x27;elle était"
                    HPOS="666"
                    VPOS="892"
                    WIDTH="2062"
                    HEIGHT="96"
                    WC="0.98792247582173"></String>
          </TextLine>
          <TextLine ID="eSc_line_dee10b72"
                    TAGREFS="LT31"
                    BASELINE="666 1027 2752 1018" 
                    HPOS="665"
                    VPOS="975"
                    WIDTH="2087"
                    HEIGHT="76">
            <Shape><Polygon POINTS="666 1027 666 1051 1115 1038 1176 1049 1180 1049 1181 1049 1191 1049 1313 1038 1354 1049 1359 1049 1361 1049 1363 1049 1374 1048 1432 1040 1483 1048 1498 1049 1500 1049 1528 1048 1656 1036 1743 1046 1759 1048 1761 1048 1785 1046 1922 1035 2245 1035 2265 1044 2271 1046 2273 1046 2274 1046 2308 1044 2428 1033 2751 1040 2752 1018 2749 983 2513 975 2512 975 2510 975 2488 983 2475 986 2462 983 2441 975 2439 975 2336 975 2334 975 2284 983 2232 990 2189 983 2156 977 2154 977 2080 983 1991 990 1960 983 1932 977 1930 977 1861 983 1787 990 1748 983 1721 979 1719 979 1626 985 1450 994 1432 985 1424 981 1422 981 1367 981 1365 981 1363 981 1356 985 1333 994 1300 985 1287 981 1285 981 1283 981 1265 985 1222 996 1081 996 665 986 666 1027"/></Shape>
	    <String CONTENT="une manoeuvre des Bonapartistes contre son trône, &lt;. il était réso¬"
                    HPOS="665"
                    VPOS="975"
                    WIDTH="2087"
                    HEIGHT="76"
                    WC="0.982188998763241"></String>
          </TextLine>
          <TextLine ID="eSc_line_8e1f842d"
                    TAGREFS="LT31"
                    BASELINE="666 1101 2732 1081" 
                    HPOS="665"
                    VPOS="1035"
                    WIDTH="2067"
                    HEIGHT="88">
            <Shape><Polygon POINTS="666 1101 666 1118 1026 1123 1028 1123 1059 1116 1093 1109 1152 1116 1202 1122 1204 1122 1206 1122 1224 1116 1248 1107 1356 1114 1385 1116 1387 1116 1398 1114 1439 1105 1515 1114 1558 1118 1559 1118 1746 1116 1748 1116 1765 1112 1800 1103 2150 1109 2154 1109 2156 1109 2254 1098 2317 1107 2319 1107 2371 1096 2421 1105 2423 1105 2610 1094 2732 1105 2732 1081 2730 1053 2662 1035 2660 1035 2658 1035 2656 1035 2623 1053 2610 1053 2539 1053 2528 1053 2447 1042 2445 1042 2387 1053 2382 1053 2376 1053 2313 1036 2312 1036 2310 1036 2308 1036 2260 1053 2256 1053 2249 1053 2174 1044 2173 1044 2171 1044 2150 1053 2139 1057 2119 1053 2047 1038 2045 1038 1900 1048 1813 1040 1811 1040 1809 1040 1780 1053 1763 1062 1645 1062 1611 1053 1576 1046 1574 1046 1572 1046 1552 1053 1546 1055 1539 1053 1506 1044 1504 1044 1502 1044 1448 1053 1406 1061 1354 1053 1296 1046 1294 1046 1293 1046 1278 1053 1261 1062 1196 1055 1194 1055 1039 1068 968 1053 942 1049 941 1049 917 1053 842 1070 787 1053 776 1051 774 1051 772 1051 665 1053 666 1101"/></Shape>
	    <String CONTENT="lu à s&#x27;y opposer par tous les moyens. &lt;.... &lt; ..... .....&gt;"
                    HPOS="665"
                    VPOS="1035"
                    WIDTH="2067"
                    HEIGHT="88"
                    WC="0.9621743994244074"></String>
          </TextLine>
          <TextLine ID="eSc_line_1b5e68b8"
                    TAGREFS="LT33"
                    BASELINE="1766 1125 2027 1115" 
                    HPOS="1802"
                    VPOS="1092"
                    WIDTH="202"
                    HEIGHT="54">
            <Shape><Polygon POINTS="1804 1146 2004 1133 2004 1118 1998 1092 1802 1103 1804 1127"/></Shape>
	    <String CONTENT="autre pars"
                    HPOS="1802"
                    VPOS="1092"
                    WIDTH="202"
                    HEIGHT="54"
                    WC="0.9989056468009949"></String>
          </TextLine>
          <TextLine ID="eSc_line_06406b55"
                    TAGREFS="LT33"
                    BASELINE="2447 1112 2647 1112" 
                    HPOS="2447"
                    VPOS="1088"
                    WIDTH="200"
                    HEIGHT="43">
            <Shape><Polygon POINTS="2447 1131 2647 1123 2647 1112 2647 1088 2447 1088 2447 1112"/></Shape>
	    <String CONTENT="Rernous"
                    HPOS="2447"
                    VPOS="1088"
                    WIDTH="200"
                    HEIGHT="43"
                    WC="0.9784250089100429"></String>
          </TextLine>
          <TextLine ID="eSc_line_371ae645"
                    TAGREFS="LT31"
                    BASELINE="666 1179 1743 1160 2727 1157" 
                    HPOS="665"
                    VPOS="1109"
                    WIDTH="2062"
                    HEIGHT="94">
            <Shape><Polygon POINTS="1998 1120 1995 1120 1963 1123 1906 1129 1895 1123 1887 1123 1869 1125 1861 1125 1854 1131 1772 1131 1758 1125 1719 1111 1717 1111 1672 1111 1671 1111 1669 1111 1639 1127 1637 1127 1596 1112 1595 1112 1500 1112 1498 1112 1448 1116 1446 1116 1419 1129 1409 1136 1330 1136 1322 1131 1293 1116 1291 1116 1289 1116 1109 1129 1063 1118 1061 1118 1059 1118 1057 1118 1005 1135 987 1140 959 1136 868 1120 867 1120 665 1138 666 1179 666 1203 1174 1186 1237 1194 1250 1196 1252 1196 1267 1194 1348 1181 1672 1179 1711 1186 1728 1190 1730 1190 1765 1186 1841 1177 2052 1181 2136 1183 2137 1183 2176 1179 2245 1173 2282 1177 2332 1185 2334 1185 2727 1170 2727 1157 2721 1114 2404 1123 2391 1118 2375 1109 2373 1109 2371 1109 2369 1109 2343 1118 2321 1127 2245 1127 2232 1120 2217 1112 2215 1112 2213 1112 2211 1112 2184 1120 2160 1127 2147 1120 2124 1109 2123 1109 2121 1109 2061 1122 2043 1125 2030 1122 2015 1118 2013 1118 2011 1118 1998 1118 1998 1120"/></Shape>
	    <String CONTENT="&lt;........&gt; téraill.te soi desir de le voir pagner"
                    HPOS="665"
                    VPOS="1109"
                    WIDTH="2062"
                    HEIGHT="94"
                    WC="0.9666640016497398"></String>
          </TextLine>
          <TextLine ID="eSc_line_88808dbd"
                    TAGREFS="LT31"
                    BASELINE="665 1251 1150 1238 2723 1227" 
                    HPOS="663"
                    VPOS="1179"
                    WIDTH="2060"
                    HEIGHT="94">
            <Shape><Polygon POINTS="665 1251 665 1272 889 1257 944 1268 961 1272 963 1273 1076 1273 1076 1272 1078 1272 1080 1272 1087 1266 1107 1255 1211 1266 1263 1270 1265 1270 1335 1264 1428 1255 1463 1262 1480 1264 1482 1264 1498 1260 1546 1251 1774 1257 1837 1259 1839 1259 1858 1257 1904 1249 1958 1255 2026 1262 2028 1262 2095 1253 2150 1246 2224 1246 2239 1251 2263 1260 2265 1260 2267 1260 2721 1244 2723 1227 2719 1188 2682 1179 2680 1179 2636 1188 2621 1192 2608 1188 2575 1179 2573 1179 2571 1179 2521 1190 2480 1201 2300 1201 2276 1194 2247 1183 2245 1183 2243 1183 2241 1183 2200 1194 2174 1201 2113 1196 2071 1192 2069 1192 2067 1192 2052 1196 2030 1203 2013 1198 1980 1185 1978 1185 1976 1185 1902 1196 1884 1186 1882 1186 1730 1186 1728 1186 1726 1186 1676 1201 1656 1207 1611 1203 1500 1190 1498 1190 1496 1190 1456 1205 1443 1209 1411 1205 1294 1190 1293 1190 1202 1209 1193 1210 1074 1212 1063 1210 1013 1194 1011 1194 889 1194 887 1194 885 1194 852 1212 846 1216 663 1216 665 1251"/></Shape>
	    <String CONTENT="sur la Belgique et La conviction ne. .... .&gt; qu&#x27;il n&#x27;y pourrait ré¬"
                    HPOS="663"
                    VPOS="1179"
                    WIDTH="2060"
                    HEIGHT="94"
                    WC="0.9845823182988522"></String>
          </TextLine>
          <TextLine ID="eSc_line_4564448b"
                    TAGREFS="LT31"
                    BASELINE="678 1318 1274 1307 2708 1299" 
                    HPOS="676"
                    VPOS="1259"
                    WIDTH="2032"
                    HEIGHT="85">
            <Shape><Polygon POINTS="678 1318 678 1344 961 1327 991 1340 996 1342 998 1342 1000 1342 1015 1340 1063 1331 1080 1338 1087 1342 1089 1342 1091 1342 1093 1342 1104 1338 1131 1329 1168 1338 1191 1342 1193 1342 1194 1342 1215 1336 1261 1325 1309 1336 1333 1340 1335 1340 1372 1335 1433 1325 1504 1333 1561 1338 1563 1338 1565 1338 1591 1331 1621 1323 1658 1331 1702 1338 1704 1338 1806 1336 1808 1336 1832 1327 1847 1323 1880 1327 1915 1331 1917 1331 1941 1327 1973 1320 2028 1320 2043 1325 2071 1335 2073 1335 2074 1335 2210 1322 2247 1320 2413 1320 2415 1320 2486 1333 2488 1333 2562 1318 2571 1316 2706 1316 2708 1299 2704 1259 2519 1259 2517 1259 2515 1259 2510 1260 2493 1270 2467 1262 2465 1262 2463 1262 2462 1262 2419 1279 2319 1279 2284 1264 2271 1260 2269 1260 2267 1260 2265 1260 2250 1266 2213 1277 2176 1266 2161 1262 2160 1262 2024 1262 2023 1262 1985 1270 1928 1281 1696 1273 1643 1273 1641 1273 1628 1275 1593 1283 1550 1277 1524 1273 1522 1273 1454 1279 1369 1285 1354 1279 1337 1273 1335 1273 1333 1273 1215 1283 1176 1285 1152 1283 1046 1273 1044 1273 980 1286 974 1286 954 1286 800 1281 798 1281 676 1290 678 1318"/></Shape>
	    <String CONTENT="guer sans provoques une guerre générale da pendencé le faisait"
                    HPOS="676"
                    VPOS="1259"
                    WIDTH="2032"
                    HEIGHT="85"
                    WC="0.9901230969736653"></String>
          </TextLine>
          <TextLine ID="eSc_line_698440be"
                    TAGREFS="LT31"
                    BASELINE="666 1381 2667 1370" 
                    HPOS="665"
                    VPOS="1323"
                    WIDTH="2002"
                    HEIGHT="87">
            <Shape><Polygon POINTS="666 1381 666 1410 729 1398 850 1407 852 1407 913 1398 1144 1405 1200 1407 1202 1407 1215 1405 1252 1398 1298 1403 1324 1407 1326 1407 1346 1403 1393 1394 1511 1401 1580 1405 1582 1405 1617 1399 1669 1392 1798 1398 1924 1403 1926 1403 2035 1396 2082 1392 2121 1394 2237 1401 2239 1401 2313 1392 2343 1388 2512 1388 2517 1388 2556 1399 2558 1399 2560 1399 2665 1386 2667 1370 2664 1327 2597 1323 2595 1323 2593 1323 2584 1327 2569 1335 2536 1327 2512 1323 2334 1323 2332 1323 2293 1331 2254 1340 2239 1333 2226 1325 2224 1325 2223 1325 2221 1325 2197 1333 2156 1348 2067 1348 2043 1335 2030 1329 2028 1329 2026 1329 2024 1329 2011 1335 1985 1349 1858 1349 1822 1338 1785 1327 1784 1327 1782 1327 1780 1327 1741 1338 1711 1348 1676 1340 1663 1338 1661 1338 1659 1338 1654 1340 1635 1349 1456 1344 1404 1342 1402 1342 1382 1344 1328 1351 1281 1349 1276 1346 1248 1331 1246 1331 1244 1331 1124 1348 1096 1351 1083 1348 1031 1335 1030 1335 1028 1335 1026 1335 998 1349 992 1353 955 1353 952 1349 918 1333 917 1333 816 1333 815 1333 813 1333 766 1353 765 1353 761 1353 703 1344 702 1344 700 1344 665 1353 666 1381"/></Shape>
	    <String CONTENT="peucher a lui réfuser son appui. &lt;...... d Faute de"
                    HPOS="665"
                    VPOS="1323"
                    WIDTH="2002"
                    HEIGHT="87"
                    WC="0.976000169912974"></String>
          </TextLine>
          <TextLine ID="eSc_line_6e876f94"
                    TAGREFS="LT31"
                    BASELINE="652 1451 2689 1442" 
                    HPOS="650"
                    VPOS="1396"
                    WIDTH="2039"
                    HEIGHT="85">
            <Shape><Polygon POINTS="652 1451 652 1464 739 1464 750 1466 798 1479 800 1479 802 1481 865 1481 865 1479 867 1479 896 1466 898 1466 1050 1473 1052 1473 1054 1473 1074 1464 1080 1462 1204 1464 1315 1464 1350 1477 1352 1477 1354 1477 1526 1460 1545 1460 1641 1460 1643 1460 1671 1473 1672 1473 1674 1473 1752 1464 1856 1475 1858 1475 2073 1464 2117 1473 2119 1473 2174 1460 2210 1472 2211 1472 2213 1472 2334 1460 2389 1472 2391 1473 2534 1473 2534 1472 2536 1472 2584 1457 2639 1468 2641 1468 2643 1468 2689 1453 2689 1442 2684 1396 2562 1401 2560 1401 2521 1414 2439 1398 2432 1398 2299 1398 2297 1398 2280 1401 2208 1418 1750 1418 1726 1409 1711 1401 1709 1401 1543 1401 1541 1401 1498 1410 1459 1422 1326 1422 1311 1414 1287 1403 1285 1403 1228 1403 1226 1403 1224 1403 1191 1416 1178 1420 1105 1416 887 1405 885 1405 883 1405 852 1420 848 1423 791 1423 783 1422 703 1405 702 1405 700 1405 650 1420 652 1451"/></Shape>
	    <String CONTENT="mieux, il s&#x27;missait aux autres Puissances pour sonbaitér que le"
                    HPOS="650"
                    VPOS="1396"
                    WIDTH="2039"
                    HEIGHT="85"
                    WC="0.9969844212607731"></String>
          </TextLine>
          <TextLine ID="eSc_line_e9980550"
                    TAGREFS="LT31"
                    BASELINE="666 1529 2702 1516" 
                    HPOS="665"
                    VPOS="1475"
                    WIDTH="2037"
                    HEIGHT="85">
            <Shape><Polygon POINTS="666 1529 666 1549 1063 1540 1096 1546 1159 1559 1161 1560 1244 1560 1244 1559 1246 1559 1291 1544 1313 1538 1382 1544 1433 1547 1435 1547 1498 1542 1572 1536 1613 1542 1711 1555 1713 1555 1808 1540 1832 1536 1871 1538 1932 1544 1934 1544 1969 1538 1995 1535 2048 1535 2052 1538 2084 1553 2086 1553 2087 1553 2369 1551 2371 1551 2436 1535 2443 1531 2610 1531 2619 1533 2669 1542 2671 1542 2673 1542 2702 1531 2702 1516 2697 1481 2400 1490 2371 1483 2341 1475 2339 1475 2337 1475 2336 1475 2315 1483 2297 1492 2156 1492 2141 1485 2121 1477 2119 1477 2024 1475 2023 1475 1937 1486 1897 1494 1656 1494 1646 1490 1622 1477 1621 1477 1539 1477 1537 1477 1456 1492 1428 1496 1387 1492 1328 1486 1326 1486 1324 1486 1300 1492 1287 1496 1276 1494 1228 1481 1226 1481 1024 1481 1022 1481 1020 1481 963 1496 946 1501 744 1501 739 1497 709 1486 707 1486 705 1486 703 1486 665 1497 666 1529"/></Shape>
	    <String CONTENT="couronne de Belgique échit au prince d&#x27;Orange qui, au mois de"
                    HPOS="665"
                    VPOS="1475"
                    WIDTH="2037"
                    HEIGHT="85"
                    WC="0.9844951297416061"></String>
          </TextLine>
          <TextLine ID="eSc_line_f5cf5ce6"
                    TAGREFS="LT31"
                    BASELINE="672 1605 2728 1594" 
                    HPOS="670"
                    VPOS="1546"
                    WIDTH="2058"
                    HEIGHT="89">
            <Shape><Polygon POINTS="672 1605 672 1635 763 1633 765 1633 811 1618 959 1627 961 1627 1020 1616 1298 1616 1328 1627 1330 1627 1332 1627 1515 1620 1535 1629 1537 1629 1539 1629 1541 1629 1580 1629 1902 1614 1950 1625 1963 1627 1965 1627 1997 1625 2123 1612 2300 1622 2367 1625 2369 1625 2389 1622 2434 1612 2452 1622 2458 1623 2460 1623 2462 1623 2478 1622 2519 1612 2547 1620 2558 1623 2560 1623 2562 1623 2588 1620 2647 1610 2725 1618 2728 1594 2725 1546 2413 1546 2412 1546 2410 1546 2399 1549 2360 1562 2247 1551 2221 1549 2219 1549 2217 1549 2208 1551 2171 1562 2141 1553 2124 1547 2123 1547 2043 1547 2041 1547 2006 1555 1960 1566 1787 1566 1758 1559 1728 1551 1726 1551 1724 1551 1706 1559 1685 1566 1630 1559 1558 1551 1556 1551 1495 1560 1463 1568 1361 1568 1350 1564 1315 1553 1313 1553 1148 1553 1146 1553 1144 1553 1113 1564 1050 1553 1048 1553 1046 1553 1004 1568 996 1570 985 1568 918 1557 917 1557 915 1557 889 1570 887 1572 670 1572 672 1605"/></Shape>
	    <String CONTENT="jouvier s abouchait avec la conférence et le 11 lancait de Londres"
                    HPOS="670"
                    VPOS="1546"
                    WIDTH="2058"
                    HEIGHT="89"
                    WC="0.9898976385593414"></String>
          </TextLine>
          <TextLine ID="eSc_line_15bd6689"
                    TAGREFS="LT31"
                    BASELINE="659 1679 939 1672 1771 1679" 
                    HPOS="657"
                    VPOS="1629"
                    WIDTH="1114"
                    HEIGHT="76">
            <Shape><Polygon POINTS="659 1679 657 1697 868 1701 870 1701 872 1701 874 1701 879 1696 891 1690 963 1696 978 1696 980 1696 981 1696 983 1696 1005 1685 1028 1694 1031 1696 1033 1696 1035 1696 1037 1696 1043 1694 1078 1686 1204 1686 1217 1692 1224 1696 1226 1696 1228 1696 1259 1692 1309 1686 1319 1692 1333 1703 1335 1703 1337 1703 1339 1703 1341 1703 1376 1694 1469 1705 1470 1705 1472 1705 1474 1705 1474 1703 1489 1690 1491 1688 1519 1688 1539 1690 1676 1705 1678 1705 1680 1705 1682 1705 1682 1703 1695 1690 1769 1686 1771 1679 1771 1640 1756 1633 1754 1633 1752 1633 1750 1633 1748 1633 1711 1644 1695 1649 1687 1644 1671 1633 1669 1633 1667 1633 1665 1633 1619 1642 1609 1635 1609 1633 1608 1633 1606 1633 1533 1633 1532 1633 1530 1633 1528 1633 1509 1644 1498 1649 1307 1649 1289 1644 1220 1631 1219 1631 1135 1644 1113 1647 1065 1647 1063 1644 1046 1631 1046 1629 1044 1629 1043 1629 942 1629 941 1629 939 1629 937 1629 915 1644 818 1646 728 1646 724 1646 707 1635 705 1635 703 1635 702 1635 659 1644 659 1679"/></Shape>
	    <String CONTENT="une proclamation aux Belges"
                    HPOS="657"
                    VPOS="1629"
                    WIDTH="1114"
                    HEIGHT="76"
                    WC="0.9945878209891142"></String>
          </TextLine>
          <TextLine ID="eSc_line_78b9d6fa"
                    TAGREFS="LT31"
                    BASELINE="729 1762 2714 1749" 
                    HPOS="728"
                    VPOS="1701"
                    WIDTH="1986"
                    HEIGHT="91">
            <Shape><Polygon POINTS="729 1762 729 1779 885 1792 887 1792 889 1792 930 1779 942 1777 955 1779 1007 1792 1009 1792 1194 1779 1219 1779 1230 1779 1293 1790 1294 1790 1415 1779 1493 1773 1554 1779 1613 1786 1615 1786 1617 1786 1633 1779 1654 1772 1847 1772 1897 1779 1926 1785 1928 1785 1956 1779 1998 1772 2026 1779 2030 1781 2032 1781 2034 1781 2052 1779 2161 1770 2211 1779 2228 1783 2230 1783 2232 1783 2243 1779 2289 1768 2445 1775 2447 1775 2449 1775 2478 1766 2710 1779 2714 1749 2704 1705 2686 1716 2628 1705 2612 1703 2610 1703 2608 1703 2602 1705 2573 1720 2406 1720 2369 1707 2356 1701 2354 1701 2224 1701 2223 1701 2197 1707 2136 1722 2078 1707 2061 1703 2060 1703 2058 1703 2056 1703 2047 1707 2017 1723 1956 1723 1910 1707 1895 1703 1893 1703 1891 1703 1889 1703 1878 1707 1839 1723 1491 1709 1463 1709 1461 1709 1459 1709 1457 1709 1409 1727 1291 1729 1193 1729 1156 1710 1152 1709 1150 1709 1148 1709 1137 1710 1057 1727 1015 1710 1013 1710 1011 1710 1009 1710 1007 1710 1005 1710 972 1722 942 1710 941 1710 939 1710 937 1710 728 1710 729 1762"/></Shape>
	    <String CONTENT="Malgré l&#x27;exclusive que le congrès avait proclamee le 2s nommubre"
                    HPOS="728"
                    VPOS="1701"
                    WIDTH="1986"
                    HEIGHT="91"
                    WC="0.9913270501419902"></String>
          </TextLine>
          <TextLine ID="eSc_line_f7a1f9ea"
                    TAGREFS="LT31"
                    BASELINE="657 1840 974 1833 2741 1838" 
                    HPOS="657"
                    VPOS="1783"
                    WIDTH="2084"
                    HEIGHT="83">
            <Shape><Polygon POINTS="657 1840 657 1862 800 1862 800 1860 859 1847 972 1860 974 1860 976 1860 1004 1847 1098 1847 1128 1857 1130 1857 1131 1857 1567 1851 1654 1862 1656 1862 1658 1862 1787 1849 1863 1849 1889 1862 1891 1862 1893 1862 2017 1851 2228 1860 2230 1860 2232 1860 2269 1851 2300 1864 2302 1864 2304 1864 2306 1864 2360 1864 2425 1862 2426 1862 2456 1851 2486 1864 2488 1864 2489 1866 2588 1866 2588 1864 2589 1864 2680 1851 2738 1864 2741 1838 2741 1805 2689 1788 2688 1788 2686 1788 2615 1803 2614 1803 2569 1786 2567 1786 2565 1786 2362 1801 2334 1803 2313 1801 2199 1786 2197 1786 2008 1799 1963 1803 1895 1803 1887 1797 1860 1785 1858 1785 1856 1785 1709 1788 1708 1788 1689 1797 1678 1803 1533 1803 1522 1796 1500 1785 1498 1785 1496 1785 1435 1796 1396 1801 1057 1801 1041 1792 1031 1788 1030 1788 1028 1788 1026 1788 1013 1792 985 1801 855 1801 831 1790 809 1783 807 1783 805 1783 804 1783 785 1790 761 1801 703 1801 657 1790 657 1840"/></Shape>
	    <String CONTENT="contre sa maison, &lt;...... . ...&gt; il le croyait ds graules"
                    HPOS="657"
                    VPOS="1783"
                    WIDTH="2084"
                    HEIGHT="83"
                    WC="0.9725076284324914"></String>
          </TextLine>
          <TextLine ID="eSc_line_10edb95c"
                    TAGREFS="LT31"
                    BASELINE="661 1914 2410 1905 2739 1916" 
                    HPOS="659"
                    VPOS="1857"
                    WIDTH="2080"
                    HEIGHT="76">
            <Shape><Polygon POINTS="661 1914 661 1931 1637 1933 1639 1933 1654 1931 1696 1923 1735 1931 1748 1933 1750 1933 1752 1933 1758 1931 1774 1923 1887 1931 1902 1931 1904 1931 1926 1931 2126 1922 2215 1931 2226 1931 2228 1931 2237 1931 2304 1922 2736 1929 2739 1916 2738 1873 2450 1857 2449 1857 2447 1857 2413 1873 2413 1875 2332 1875 2330 1875 2300 1859 2299 1859 2180 1857 2178 1857 2176 1857 2119 1873 1937 1859 1935 1859 1934 1859 1900 1877 1795 1877 1706 1859 1704 1859 1595 1877 1593 1877 1469 1860 1413 1860 1411 1860 1409 1860 1378 1877 1293 1868 1291 1868 1289 1868 1263 1877 1078 1877 1048 1862 1046 1862 939 1862 937 1862 935 1862 881 1879 728 1866 726 1866 659 1881 661 1914"/></Shape>
	    <String CONTENT="chances de l&#x27;emportes. Non seulement il avait pour lui le con¬"
                    HPOS="659"
                    VPOS="1857"
                    WIDTH="2080"
                    HEIGHT="76"
                    WC="0.9980159373052658"></String>
          </TextLine>
          <TextLine ID="eSc_line_d13e6d24"
                    TAGREFS="LT31"
                    BASELINE="670 1988 1672 1988 2174 1979 2717 1984" 
                    HPOS="668"
                    VPOS="1936"
                    WIDTH="2049"
                    HEIGHT="80">
            <Shape><Polygon POINTS="670 1988 670 1999 841 2012 842 2012 844 2012 872 2001 874 2001 876 2001 915 2012 917 2012 918 2012 1013 2003 1030 2001 1035 2003 1065 2012 1067 2012 1068 2012 1117 2005 1209 2014 1211 2014 1257 2005 1280 1999 1322 2005 1400 2014 1402 2016 1487 2016 1487 2014 1489 2014 1509 2005 1522 2001 1672 2007 1874 2014 1876 2014 1932 2009 1995 2001 2060 2009 2063 2009 2065 2009 2067 2009 2139 1999 2213 2007 2215 2007 2628 1997 2658 2012 2660 2012 2662 2014 2715 2014 2717 1984 2714 1951 2649 1953 2634 1951 2569 1936 2567 1936 2565 1936 2515 1951 2499 1955 2475 1951 2395 1938 2393 1938 2391 1938 2362 1951 2349 1957 2328 1951 2278 1938 2276 1938 2274 1938 2273 1938 2241 1951 2232 1957 2223 1953 2213 1947 2211 1947 2210 1947 2208 1947 2189 1953 2178 1955 2145 1953 1985 1938 1984 1938 1982 1938 1943 1953 1932 1957 1898 1953 1811 1944 1809 1944 1808 1944 1769 1953 1756 1959 1426 1959 1420 1955 1380 1938 1378 1938 1237 1938 1235 1938 1233 1938 1191 1953 1078 1938 1076 1938 1074 1938 1039 1957 1037 1959 904 1959 902 1957 837 1940 835 1940 833 1940 783 1951 726 1938 724 1938 722 1938 668 1957 670 1988"/></Shape>
	    <String CONTENT="seutement de l&#x27;Europe, mais un parti senou très nombreux"
                    HPOS="668"
                    VPOS="1936"
                    WIDTH="2049"
                    HEIGHT="80"
                    WC="0.9975932336279324"></String>
          </TextLine>
          <TextLine ID="eSc_line_87802a94"
                    TAGREFS="LT31"
                    BASELINE="648 2064 1328 2068 2262 2057 2745 2062" 
                    HPOS="646"
                    VPOS="2012"
                    WIDTH="2099"
                    HEIGHT="85">
            <Shape><Polygon POINTS="648 2064 648 2096 787 2094 789 2094 828 2081 1005 2090 1007 2090 1215 2083 1237 2094 1241 2096 1243 2096 1244 2097 1287 2097 1287 2096 1289 2096 1294 2094 1322 2079 1382 2094 1387 2094 1389 2094 1391 2094 1395 2094 1437 2079 1554 2079 1695 2090 1696 2090 1758 2081 1806 2092 1821 2094 1822 2094 1824 2094 1830 2092 1858 2077 1897 2090 1906 2094 1908 2094 1910 2096 2139 2096 2139 2094 2141 2094 2150 2090 2176 2075 2330 2075 2371 2088 2382 2092 2384 2092 2386 2092 2402 2088 2458 2075 2575 2075 2599 2088 2608 2092 2610 2092 2612 2094 2673 2094 2673 2092 2675 2092 2684 2086 2706 2077 2741 2086 2745 2062 2743 2027 2682 2012 2680 2012 2589 2012 2588 2012 2586 2012 2536 2027 2532 2029 2360 2029 2356 2027 2332 2014 2330 2014 2267 2014 2265 2014 2263 2014 2230 2025 2217 2029 2187 2025 2106 2014 2104 2014 2058 2025 2035 2029 1863 2023 1785 2022 1784 2022 1782 2022 1778 2023 1761 2031 1734 2023 1721 2020 1719 2020 1717 2020 1693 2023 1633 2031 1596 2022 1572 2016 1570 2016 1569 2016 1533 2022 1480 2031 1435 2022 1417 2018 1239 2016 1237 2016 1211 2020 1143 2034 1085 2034 1055 2020 1052 2018 1050 2018 1048 2018 1037 2020 959 2034 815 2034 646 2018 648 2064"/></Shape>
	    <String CONTENT="du moins très actif travaillait depuis quel y ne temps en se fa¬"
                    HPOS="646"
                    VPOS="2012"
                    WIDTH="2099"
                    HEIGHT="85"
                    WC="0.9842435112223029"></String>
          </TextLine>
          <TextLine ID="eSc_line_93bc1189"
                    TAGREFS="LT31"
                    BASELINE="648 2147 1559 2146 2084 2133 2714 2134" 
                    HPOS="646"
                    VPOS="2086"
                    WIDTH="2068"
                    HEIGHT="86">
            <Shape><Polygon POINTS="648 2147 648 2166 816 2157 933 2166 1024 2172 1026 2172 1256 2166 1257 2166 1267 2162 1293 2155 1348 2162 1391 2168 1393 2170 1772 2170 1772 2168 1811 2160 1828 2157 1847 2159 1887 2166 1889 2166 1891 2166 1915 2159 1941 2151 2124 2151 2137 2157 2150 2164 2152 2164 2154 2164 2156 2164 2173 2157 2193 2149 2710 2153 2714 2134 2712 2099 2673 2086 2671 2086 2669 2086 2667 2086 2623 2097 2588 2086 2586 2086 2584 2086 2582 2086 2552 2099 2538 2109 2413 2109 2378 2099 2313 2086 2312 2086 2310 2086 2263 2099 2236 2107 2197 2099 2150 2090 2149 2090 2147 2090 2126 2099 2108 2107 2074 2099 2030 2088 2028 2088 2026 2088 1998 2099 1973 2109 1948 2099 1924 2088 1922 2088 1869 2088 1867 2088 1865 2088 1845 2097 1832 2105 1789 2097 1748 2092 1746 2092 1646 2094 1645 2094 1632 2097 1591 2112 1270 2112 1239 2096 1233 2094 1231 2094 1230 2094 1228 2094 1219 2096 1170 2110 1024 2096 996 2094 824 2094 822 2094 820 2094 816 2096 791 2107 646 2096 648 2147"/></Shape>
	    <String CONTENT="vens. Les brangistes &lt;......&gt; tout d&#x27;abord par le mecer de la"
                    HPOS="646"
                    VPOS="2086"
                    WIDTH="2068"
                    HEIGHT="86"
                    WC="0.9797449063082211"></String>
          </TextLine>
          <TextLine ID="eSc_line_154b1ef2"
                    TAGREFS="LT34"
                    BASELINE="1373 2113 1595 2112" 
                    HPOS="1396"
                    VPOS="2072"
                    WIDTH="160"
                    HEIGHT="59">
            <Shape><Polygon POINTS="1398 2131 1554 2131 1556 2109 1552 2083 1452 2072 1450 2072 1396 2079 1398 2110"/></Shape>
	    <String CONTENT="ttersés"
                    HPOS="1396"
                    VPOS="2072"
                    WIDTH="160"
                    HEIGHT="59"
                    WC="0.9993645463671003"></String>
          </TextLine>
          <TextLine ID="eSc_line_5b9d753d"
                    TAGREFS="LT31"
                    BASELINE="650 2218 2673 2209" 
                    HPOS="648"
                    VPOS="2168"
                    WIDTH="2025"
                    HEIGHT="79">
            <Shape><Polygon POINTS="650 2218 650 2246 739 2247 741 2247 742 2247 752 2246 811 2231 937 2231 978 2244 980 2244 981 2244 983 2244 987 2244 1057 2231 1146 2242 1176 2246 1178 2246 1180 2246 1191 2242 1226 2231 1283 2242 1311 2246 1313 2246 1407 2240 1563 2231 1608 2238 1628 2242 1630 2242 1671 2238 1743 2231 1800 2236 1861 2244 1863 2244 1904 2236 1960 2225 2048 2225 2078 2234 2104 2242 2106 2242 2108 2242 2184 2234 2200 2233 2208 2234 2237 2240 2239 2240 2269 2233 2304 2225 2337 2233 2363 2238 2365 2238 2367 2238 2382 2233 2402 2223 2669 2229 2673 2209 2669 2168 2556 2168 2554 2168 2551 2168 2489 2183 2332 2172 2330 2172 2328 2172 2280 2183 2178 2172 2161 2170 2160 2170 2158 2170 2150 2172 2098 2184 2019 2172 2010 2172 2008 2172 2006 2172 2002 2172 1971 2186 1830 2186 1765 2175 1756 2173 1754 2173 1752 2173 1748 2175 1721 2186 1570 2177 1569 2177 1413 2188 1389 2177 1380 2173 1378 2173 1376 2173 1352 2177 1300 2188 1211 2179 1187 2177 1185 2177 1156 2179 1052 2190 987 2181 946 2175 798 2175 796 2175 794 2175 774 2183 755 2190 741 2183 726 2175 724 2175 722 2175 648 2183 650 2218"/></Shape>
	    <String CONTENT="Rivolution au point qu’aucun d&#x27;eux n&#x27;avait osé se présenter"
                    HPOS="648"
                    VPOS="2168"
                    WIDTH="2025"
                    HEIGHT="79"
                    WC="0.9850067021483082"></String>
          </TextLine>
          <TextLine ID="eSc_line_181cb353"
                    TAGREFS="LT31"
                    BASELINE="650 2296 2743 2296" 
                    HPOS="650"
                    VPOS="2244"
                    WIDTH="2093"
                    HEIGHT="72">
            <Shape><Polygon POINTS="650 2296 650 2312 2739 2316 2743 2296 2743 2264 2699 2251 2697 2251 2695 2251 2693 2251 2667 2264 2365 2264 2263 2244 2262 2244 1591 2262 1517 2244 1515 2244 1398 2244 1396 2244 1395 2244 1363 2260 1248 2262 1198 2246 1196 2246 1085 2244 1083 2244 1011 2260 972 2249 970 2249 968 2249 918 2259 798 2244 796 2244 794 2244 741 2264 650 2264 650 2296"/></Shape>
	    <String CONTENT="au vote des électeurs ds congin avaient lientôt repres courage"
                    HPOS="650"
                    VPOS="2244"
                    WIDTH="2093"
                    HEIGHT="72"
                    WC="0.9814476327550027"></String>
          </TextLine>
          <TextLine ID="eSc_line_60dd8589"
                    TAGREFS="LT31"
                    BASELINE="650 2383 2717 2366" 
                    HPOS="648"
                    VPOS="2318"
                    WIDTH="2069"
                    HEIGHT="94">
            <Shape><Polygon POINTS="650 2383 650 2397 742 2412 744 2412 746 2412 772 2399 891 2397 933 2409 935 2409 937 2409 939 2409 980 2396 989 2394 996 2396 1033 2407 1035 2407 1037 2407 1096 2396 1113 2392 1217 2394 1463 2399 1465 2399 1572 2390 1591 2390 1598 2390 1663 2405 1665 2407 1797 2407 1797 2405 1930 2403 2011 2388 2030 2384 2061 2386 2193 2399 2195 2399 2197 2399 2245 2386 2258 2383 2445 2383 2458 2384 2545 2397 2547 2397 2715 2381 2717 2366 2712 2321 2639 2338 2504 2338 2454 2323 2430 2318 2428 2318 2426 2318 2425 2318 2408 2323 2371 2338 2256 2329 2254 2329 2252 2329 2223 2342 2115 2342 2087 2327 2065 2318 2063 2318 2028 2318 2026 2318 1967 2329 1898 2342 1835 2333 1834 2333 1832 2333 1815 2342 1800 2334 1798 2334 1797 2334 1795 2334 1758 2346 1406 2346 1357 2336 1339 2333 1337 2333 1335 2333 1328 2336 1309 2346 1285 2336 1256 2325 1254 2325 1109 2325 1107 2325 918 2340 917 2340 865 2329 863 2329 800 2340 674 2329 672 2329 670 2329 648 2340 650 2383"/></Shape>
	    <String CONTENT="&lt;...&gt; La crise economique qui les evenements avaient"
                    HPOS="648"
                    VPOS="2318"
                    WIDTH="2069"
                    HEIGHT="94"
                    WC="0.9775704328830426"></String>
          </TextLine>
          <TextLine ID="eSc_line_680a6997"
                    TAGREFS="LT31"
                    BASELINE="657 2462 2673 2447" 
                    HPOS="655"
                    VPOS="2403"
                    WIDTH="2018"
                    HEIGHT="91">
            <Shape><Polygon POINTS="657 2462 657 2494 746 2475 876 2492 883 2492 885 2492 887 2492 889 2492 931 2473 1131 2488 1157 2490 1159 2490 1161 2490 1167 2488 1207 2471 1309 2471 1348 2486 1350 2486 1352 2486 1354 2486 1359 2486 1435 2470 1506 2470 1533 2484 1539 2486 1541 2486 1543 2488 1633 2488 1633 2486 1635 2486 1650 2483 1695 2471 1739 2481 1756 2484 1758 2484 1808 2481 1963 2468 2000 2475 2002 2475 2004 2475 2026 2466 2145 2475 2147 2475 2149 2475 2173 2468 2187 2477 2197 2481 2199 2481 2200 2481 2276 2475 2330 2471 2365 2473 2417 2479 2419 2479 2449 2473 2500 2462 2669 2470 2673 2447 2669 2420 2615 2420 2615 2418 2578 2403 2576 2403 2575 2403 2488 2412 2325 2405 2323 2405 2256 2418 2247 2420 2237 2418 2182 2405 2180 2405 2093 2407 2091 2407 2048 2418 2034 2423 1911 2425 1804 2425 1784 2418 1752 2409 1750 2409 1748 2409 1696 2418 1654 2427 1545 2427 1506 2418 1467 2410 1465 2410 1341 2412 1339 2412 1326 2418 1304 2429 1206 2429 1178 2418 1163 2412 1161 2412 1159 2412 1157 2412 1146 2418 1122 2429 1089 2418 1080 2414 1078 2414 1076 2414 1050 2418 994 2425 941 2418 917 2414 915 2414 913 2414 904 2418 874 2431 805 2431 655 2418 657 2462"/></Shape>
	    <String CONTENT="provoquée leur faisait crocre qu&#x27;ils pourraient l&#x27;exploiter à leur"
                    HPOS="655"
                    VPOS="2403"
                    WIDTH="2018"
                    HEIGHT="91"
                    WC="0.9857577468032268"></String>
          </TextLine>
          <TextLine ID="eSc_line_3396c4c5"
                    TAGREFS="LT31"
                    BASELINE="653 2536 2704 2531" 
                    HPOS="652"
                    VPOS="2481"
                    WIDTH="2052"
                    HEIGHT="85">
            <Shape><Polygon POINTS="653 2536 653 2566 804 2564 805 2564 841 2549 1054 2562 1085 2564 1087 2564 1089 2564 1096 2562 1148 2549 1291 2560 1300 2560 1302 2560 1306 2560 1370 2547 1659 2557 1834 2562 1835 2562 1837 2562 1850 2555 1865 2547 1937 2555 1971 2557 1973 2557 1974 2557 1987 2553 2021 2546 2047 2553 2071 2560 2073 2560 2074 2562 2163 2562 2163 2560 2165 2560 2184 2551 2197 2546 2393 2547 2397 2549 2434 2560 2436 2560 2438 2560 2702 2546 2704 2531 2699 2483 2489 2492 2471 2484 2467 2483 2465 2483 2463 2483 2462 2483 2458 2484 2406 2501 2150 2501 2123 2488 2121 2488 2119 2488 2063 2497 2008 2488 1980 2483 1978 2483 1952 2488 1893 2501 1772 2492 1771 2492 1535 2501 1517 2492 1496 2481 1495 2481 1493 2481 1241 2483 1161 2494 1100 2503 996 2503 981 2496 950 2483 948 2483 946 2483 652 2497 653 2536"/></Shape>
	    <String CONTENT="profit. Les industriels et les grands propriétaires parmi lesquels ils"
                    HPOS="652"
                    VPOS="2481"
                    WIDTH="2052"
                    HEIGHT="85"
                    WC="0.9935047541345868"></String>
          </TextLine>
          <TextLine ID="eSc_line_641b66f1"
                    TAGREFS="LT31"
                    BASELINE="639 2616 2730 2610" 
                    HPOS="637"
                    VPOS="2564"
                    WIDTH="2093"
                    HEIGHT="76">
            <Shape><Polygon POINTS="639 2616 639 2629 1298 2627 1391 2633 1485 2638 1487 2638 1519 2633 1541 2629 1556 2633 1570 2638 1572 2638 1574 2638 1608 2633 1646 2627 1680 2633 1706 2638 1708 2640 2032 2640 2032 2638 2063 2634 2115 2629 2404 2636 2449 2636 2450 2636 2452 2636 2454 2636 2471 2627 2580 2633 2582 2633 2651 2623 2727 2636 2730 2610 2727 2568 2521 2568 2519 2568 2517 2568 2513 2568 2467 2583 2117 2583 2084 2571 2060 2564 2058 2564 2056 2564 1987 2571 1889 2584 1737 2584 1717 2573 1700 2566 1698 2566 1696 2566 1695 2566 1676 2573 1652 2584 1524 2584 1487 2575 1448 2566 1343 2566 1341 2566 1339 2566 1307 2575 1296 2579 1241 2577 1093 2568 1091 2568 1089 2568 1065 2577 1046 2586 963 2586 950 2579 928 2568 926 2568 924 2568 748 2579 716 2581 713 2579 683 2568 681 2568 679 2568 678 2568 637 2579 639 2616"/></Shape>
	    <String CONTENT="se récentaient &lt;..&gt; subventionnaient une propagande auda"
                    HPOS="637"
                    VPOS="2564"
                    WIDTH="2093"
                    HEIGHT="76"
                    WC="0.9779069381100791"></String>
          </TextLine>
          <TextLine ID="eSc_line_b012b99b"
                    TAGREFS="LT31"
                    BASELINE="644 2692 1952 2699 2710 2690" 
                    HPOS="644"
                    VPOS="2642"
                    WIDTH="2066"
                    HEIGHT="83">
            <Shape><Polygon POINTS="644 2692 644 2710 1091 2707 1167 2710 1363 2721 1365 2721 1426 2710 1435 2708 1441 2710 1478 2723 1480 2723 1482 2723 1483 2723 1511 2714 1537 2723 1539 2723 1541 2723 1632 2714 1661 2723 1663 2723 1665 2725 1913 2725 1913 2723 2002 2708 2008 2708 2015 2708 2087 2721 2089 2721 2091 2721 2139 2708 2141 2708 2145 2708 2195 2723 2197 2723 2199 2725 2375 2725 2375 2723 2438 2708 2439 2708 2708 2708 2710 2690 2704 2644 2547 2651 2452 2644 2434 2644 2432 2644 2430 2644 2428 2644 2380 2668 2110 2668 2041 2651 2039 2651 1947 2668 1735 2668 1654 2649 1641 2647 1639 2647 1637 2647 1632 2649 1591 2668 1452 2668 1396 2651 1369 2644 1367 2644 1365 2644 1237 2649 1235 2649 1226 2653 1185 2666 1094 2666 1043 2653 987 2642 867 2642 865 2642 863 2642 837 2655 831 2657 809 2655 709 2644 707 2644 644 2655 644 2692"/></Shape>
	    <String CONTENT="cieuse. Ils ..&gt; se trauvenent en rapports siuvir avec le roi et le"
                    HPOS="644"
                    VPOS="2642"
                    WIDTH="2066"
                    HEIGHT="83"
                    WC="0.9891267545295485"></String>
          </TextLine>
          <TextLine ID="eSc_line_dbf3d3c0"
                    TAGREFS="LT31"
                    BASELINE="646 2775 1235 2766 1513 2777 2708 2781" 
                    HPOS="646"
                    VPOS="2729"
                    WIDTH="2062"
                    HEIGHT="79">
            <Shape><Polygon POINTS="646 2775 646 2807 833 2783 1285 2783 1352 2805 1365 2808 1367 2808 1369 2808 1554 2807 1567 2805 1639 2786 1671 2801 1672 2801 1674 2801 1815 2790 1861 2801 1863 2801 1865 2801 1917 2796 1935 2803 1950 2808 1952 2808 1954 2808 1991 2803 2065 2790 2098 2803 2115 2808 2117 2808 2119 2808 2154 2803 2224 2788 2280 2801 2282 2801 2284 2801 2286 2801 2330 2794 2352 2801 2373 2808 2375 2808 2376 2808 2458 2801 2521 2796 2704 2799 2708 2781 2706 2747 2445 2747 2443 2746 2402 2733 2400 2733 2399 2733 2397 2733 2350 2746 2347 2747 2252 2747 2249 2746 2204 2729 2202 2729 2047 2729 2045 2729 2043 2729 1985 2744 1976 2747 1769 2747 1761 2744 1728 2729 1726 2729 1724 2729 1722 2729 1676 2744 1671 2744 1665 2742 1609 2731 1608 2731 1520 2742 1493 2746 1485 2742 1461 2729 1459 2729 1143 2729 1141 2729 1139 2729 1113 2740 1043 2733 1041 2733 970 2740 933 2744 646 2740 646 2775"/></Shape>
	    <String CONTENT="gouvernement de La Raye. II Beaucoup d&#x27;officiers passer au"
                    HPOS="646"
                    VPOS="2729"
                    WIDTH="2062"
                    HEIGHT="79"
                    WC="0.9906942001704512"></String>
          </TextLine>
          <TextLine ID="eSc_line_db001040"
                    TAGREFS="LT31"
                    BASELINE="639 2858 2739 2858" 
                    HPOS="639"
                    VPOS="2807"
                    WIDTH="2100"
                    HEIGHT="85">
            <Shape><Polygon POINTS="639 2858 639 2892 707 2892 707 2890 709 2890 746 2873 996 2873 1067 2886 1068 2886 1130 2877 1152 2888 1159 2890 1161 2890 1163 2890 1228 2886 1337 2881 1398 2886 1456 2890 1457 2890 1493 2884 1563 2873 1609 2884 1637 2890 1639 2892 1785 2892 1785 2890 1850 2883 1924 2873 1980 2881 2026 2888 2028 2888 2030 2888 2052 2881 2071 2875 2086 2881 2108 2890 2110 2890 2111 2890 2187 2881 2226 2875 2256 2879 2310 2888 2312 2888 2360 2879 2387 2873 2410 2879 2434 2884 2436 2884 2438 2884 2475 2879 2493 2875 2738 2875 2739 2858 2739 2816 2706 2810 2704 2810 2702 2810 2688 2816 2656 2827 2512 2820 2510 2820 2508 2820 2478 2829 2415 2818 2354 2807 2221 2807 2219 2807 2217 2807 2186 2820 2161 2829 2143 2820 2136 2816 2134 2816 2132 2816 2095 2820 2060 2823 2052 2820 2034 2812 2032 2812 2030 2812 2028 2812 2010 2820 1991 2831 1752 2831 1739 2821 1719 2812 1717 2812 1632 2807 1630 2807 1628 2807 1593 2823 1582 2831 1341 2831 1328 2825 1270 2807 1269 2807 939 2807 937 2807 935 2807 892 2829 891 2829 829 2829 765 2829 691 2810 689 2810 687 2810 639 2829 639 2858"/></Shape>
	    <String CONTENT="service ds la Belgique après les journces de septerubore, &lt;....&gt;"
                    HPOS="639"
                    VPOS="2807"
                    WIDTH="2100"
                    HEIGHT="85"
                    WC="0.9801732311025262"></String>
          </TextLine>
          <TextLine ID="eSc_line_19d6d213"
                    TAGREFS="LT31"
                    BASELINE="635 2942 2708 2931" 
                    HPOS="633"
                    VPOS="2894"
                    WIDTH="2075"
                    HEIGHT="76">
            <Shape><Polygon POINTS="635 2942 635 2958 1183 2949 1219 2957 1254 2962 1256 2962 1257 2962 1270 2955 1281 2949 1363 2949 1376 2955 1400 2966 1402 2966 1482 2970 1483 2970 1485 2970 1539 2953 1543 2953 1546 2953 1580 2966 1582 2966 1583 2966 1691 2953 1754 2946 1782 2953 1839 2968 1841 2968 1843 2970 2015 2970 2015 2968 2017 2968 2050 2951 2054 2949 2063 2951 2141 2966 2143 2966 2239 2953 2360 2966 2362 2966 2363 2966 2406 2949 2504 2958 2506 2958 2508 2958 2543 2947 2547 2947 2706 2947 2708 2931 2702 2894 633 2903 635 2942"/></Shape>
	    <String CONTENT="commencaient à se degouter d&#x27;un régune qui favorisait les"
                    HPOS="633"
                    VPOS="2894"
                    WIDTH="2075"
                    HEIGHT="76"
                    WC="0.9868682211843031"></String>
          </TextLine>
          <TextLine ID="eSc_line_de566337"
                    TAGREFS="LT31"
                    BASELINE="640 3023 1057 3014 2682 3005" 
                    HPOS="639"
                    VPOS="2957"
                    WIDTH="2043"
                    HEIGHT="85">
            <Shape><Polygon POINTS="640 3023 640 3042 820 3033 894 3040 904 3040 905 3040 907 3040 909 3040 931 3031 1441 3033 1739 3034 1741 3034 2680 3018 2682 3005 2678 2975 2625 2975 2578 2957 2576 2957 2575 2957 2573 2957 2502 2975 2497 2975 2482 2975 2295 2958 2293 2958 2071 2975 2013 2981 1924 2981 1911 2975 1878 2966 1876 2966 1874 2966 1872 2966 1841 2975 1830 2981 1734 2981 1721 2975 1680 2964 1678 2964 1676 2964 1539 2977 1463 2984 1409 2984 1396 2977 1374 2966 1372 2966 1278 2966 1276 2966 1274 2966 1252 2977 1244 2981 1213 2977 1144 2968 1043 2968 1041 2968 1039 2968 1013 2977 992 2984 950 2977 904 2970 902 2970 639 2977 640 3023"/></Shape>
	    <String CONTENT="volontaires à̀ leur detiment et &lt;..... ...&gt; se lais¬"
                    HPOS="639"
                    VPOS="2957"
                    WIDTH="2043"
                    HEIGHT="85"
                    WC="0.9700043648481369"></String>
          </TextLine>
          <TextLine ID="eSc_line_4465f060"
                    TAGREFS="LT31"
                    BASELINE="635 3094 2710 3079" 
                    HPOS="633"
                    VPOS="3031"
                    WIDTH="2077"
                    HEIGHT="85">
            <Shape><Polygon POINTS="635 3094 635 3110 1346 3116 1348 3116 1402 3105 1413 3103 1593 3103 1596 3103 1661 3114 1663 3114 1767 3101 1772 3101 1774 3101 1808 3112 1809 3112 1811 3114 1930 3114 1930 3112 2019 3110 2021 3110 2047 3099 2048 3099 2184 3110 2186 3110 2304 3099 2323 3108 2325 3108 2326 3108 2530 3107 2532 3107 2565 3095 2615 3105 2617 3105 2710 3092 2710 3079 2706 3049 2602 3031 2554 3031 2552 3031 2551 3031 2515 3049 2254 3049 2154 3034 2152 3034 2150 3034 2104 3051 2023 3044 2021 3044 1928 3053 1856 3036 1693 3036 1691 3036 1602 3055 1500 3038 1498 3038 1404 3055 1344 3042 1343 3042 1341 3042 1311 3057 1263 3040 1261 3040 1259 3040 1157 3049 1135 3042 1133 3042 1131 3042 1130 3042 1096 3053 992 3042 991 3042 930 3053 896 3042 894 3042 892 3042 633 3062 635 3094"/></Shape>
	    <String CONTENT="saient &lt;....&gt; faculement sédeure par les promesses dorces"
                    HPOS="633"
                    VPOS="3031"
                    WIDTH="2077"
                    HEIGHT="85"
                    WC="0.973168309843331"></String>
          </TextLine>
          <TextLine ID="eSc_line_80aa9f66"
                    TAGREFS="LT31"
                    BASELINE="639 3170 952 3158 2708 3166" 
                    HPOS="639"
                    VPOS="3110"
                    WIDTH="2069"
                    HEIGHT="89">
            <Shape><Polygon POINTS="639 3170 639 3190 770 3175 885 3175 905 3184 907 3184 909 3184 1018 3175 1369 3184 1370 3184 1545 3177 1574 3190 1591 3195 1593 3195 1595 3197 1889 3197 1889 3195 1891 3195 1908 3188 1934 3177 2021 3188 2091 3197 2093 3199 2161 3199 2161 3197 2163 3197 2187 3188 2206 3181 2254 3188 2295 3194 2297 3194 2400 3188 2408 3188 2426 3197 2428 3197 2430 3197 2532 3188 2606 3181 2704 3186 2708 3166 2708 3125 2684 3116 2682 3116 2680 3116 2628 3125 2584 3134 2293 3134 2271 3125 2243 3116 2241 3116 2239 3116 2237 3116 2204 3125 2176 3133 2145 3125 2130 3123 2128 3123 1965 3125 1698 3131 1689 3127 1671 3118 1669 3118 1667 3118 1615 3127 1596 3129 1578 3127 1470 3110 1469 3110 1406 3125 1376 3110 1374 3110 1137 3110 1135 3110 1133 3110 1089 3125 1052 3110 1050 3110 854 3110 852 3110 639 3127 639 3170"/></Shape>
	    <String CONTENT="dont on les tentait. Il n&#x27;étaient pas jusqu&#x27;aux republicains, &lt;...&gt;"
                    HPOS="639"
                    VPOS="3110"
                    WIDTH="2069"
                    HEIGHT="89"
                    WC="0.9849311656026698"></String>
          </TextLine>
          <TextLine ID="eSc_line_575695cf"
                    TAGREFS="LT31"
                    BASELINE="639 3242 957 3231 2728 3231" 
                    HPOS="637"
                    VPOS="3188"
                    WIDTH="2091"
                    HEIGHT="83">
            <Shape><Polygon POINTS="639 3242 639 3266 800 3251 939 3264 941 3264 1011 3251 1041 3264 1052 3270 1054 3270 1055 3270 1089 3264 1148 3253 1180 3264 1198 3270 1200 3270 1202 3270 1254 3262 1326 3253 1344 3262 1352 3266 1354 3266 1356 3266 1357 3266 1369 3262 1385 3257 1402 3262 1424 3270 1426 3270 1428 3270 1489 3262 1565 3251 1698 3251 1737 3260 1765 3266 1767 3266 1822 3258 1889 3251 1906 3258 1930 3270 1932 3270 1934 3271 2258 3271 2258 3270 2260 3270 2289 3260 2326 3270 2328 3270 2330 3270 2332 3270 2363 3257 2373 3253 2387 3257 2426 3264 2428 3264 2497 3255 2530 3251 2543 3255 2560 3260 2562 3260 2563 3260 2597 3255 2625 3249 2647 3255 2678 3262 2680 3262 2682 3262 2727 3253 2728 3231 2723 3188 2676 3199 2526 3188 2515 3188 2513 3188 2510 3188 2447 3205 2325 3207 2065 3207 2024 3194 2023 3194 2021 3194 1939 3205 1902 3190 1900 3190 1898 3190 1897 3190 1895 3190 1893 3190 1837 3205 1713 3192 1698 3190 1696 3190 1685 3192 1613 3203 1519 3192 1500 3190 1498 3190 1467 3192 1306 3205 1256 3195 1254 3195 1180 3205 1150 3194 1143 3190 1141 3190 963 3190 961 3190 959 3190 948 3194 930 3199 889 3194 859 3190 857 3190 855 3190 846 3194 822 3205 637 3195 639 3242"/></Shape>
	    <String CONTENT="sieus &lt;..... . .&gt; par leur eetce on cCongrès qui ne se montrarsent"
                    HPOS="637"
                    VPOS="3188"
                    WIDTH="2091"
                    HEIGHT="83"
                    WC="0.9697783544208064"></String>
          </TextLine>
        </TextBlock>
      </PrintSpace>
    </Page>
  </Layout>
</alto>
