<?xml version="1.0" encoding="UTF-8"?>
<alto xmlns:xsi="http://www.w3.org/2001/XMLSchema-instance"
      xmlns="http://www.loc.gov/standards/alto/ns-v4#"
      xsi:schemaLocation="http://www.loc.gov/standards/alto/ns-v4# http://www.loc.gov/standards/alto/v4/alto-4-2.xsd">
  <Description>
    <MeasurementUnit>pixel</MeasurementUnit>
    <sourceImageInformation>
      <fileName>ARCH-DIV-000496_0116.png</fileName>
    </sourceImageInformation>
  </Description>
  <Tags>
    <OtherTag ID="BT42" LABEL="MainZone" DESCRIPTION="block type MainZone"/><OtherTag ID="BT43" LABEL="MarginTextZone" DESCRIPTION="block type MarginTextZone"/><OtherTag ID="BT44" LABEL="NumberingZone" DESCRIPTION="block type NumberingZone"/><OtherTag ID="BT45" LABEL="TitlePageZone" DESCRIPTION="block type TitlePageZone"/><OtherTag ID="BT46" LABEL="CustomZone:Numbering" DESCRIPTION="block type CustomZone:Numbering"/><OtherTag ID="BT49" LABEL="MarginTextZone:lower" DESCRIPTION="block type MarginTextZone:lower"/>
    <OtherTag ID="LT25" LABEL="default" DESCRIPTION="line type default"/><OtherTag ID="LT31" LABEL="DefaultLine" DESCRIPTION="line type DefaultLine"/><OtherTag ID="LT32" LABEL="HeadingLine" DESCRIPTION="line type HeadingLine"/><OtherTag ID="LT33" LABEL="InterlinearLine:addition" DESCRIPTION="line type InterlinearLine:addition"/><OtherTag ID="LT34" LABEL="InterlinearLine:correction" DESCRIPTION="line type InterlinearLine:correction"/>
  </Tags>
  <Layout>
    <Page WIDTH="2790"
          HEIGHT="3394"
          PHYSICAL_IMG_NR="115"
          ID="eSc_dummypage_">
      <PrintSpace HPOS="0"
                  VPOS="0"
                  WIDTH="2790"
                  HEIGHT="3394">
        <TextBlock HPOS="139"
                   VPOS="40"
                   WIDTH="321"
                   HEIGHT="166"
                   ID="eSc_textblock_b1574c25"
                   TAGREFS="BT44">
          <Shape><Polygon POINTS="139 40 139 206 460 206 460 40"/></Shape>
          <TextLine ID="eSc_line_c3de131a"
                    TAGREFS="LT31"
                    BASELINE="174 120 366 150" 
                    HPOS="212"
                    VPOS="76"
                    WIDTH="37"
                    HEIGHT="119">
            <Shape><Polygon POINTS="212 195 249 189 249 161 249 76 212 76 212 161"/></Shape>
	    <String CONTENT="11"
                    HPOS="212"
                    VPOS="76"
                    WIDTH="37"
                    HEIGHT="119"
                    WC="0.9995648562908173"></String>
          </TextLine>
        </TextBlock>
        <TextBlock HPOS="460"
                   VPOS="7"
                   WIDTH="2249"
                   HEIGHT="3359"
                   ID="eSc_textblock_983be0f5"
                   TAGREFS="BT42">
          <Shape><Polygon POINTS="569 7 460 3366 2675 3366 2709 41"/></Shape>
          <TextLine ID="eSc_line_0a7a2d89"
                    TAGREFS="LT31"
                    BASELINE="591 107 1361 96 2668 124" 
                    HPOS="588"
                    VPOS="45"
                    WIDTH="2080"
                    HEIGHT="107">
            <Shape><Polygon POINTS="2654 82 2625 76 2597 70 2569 65 2552 59 2405 53 2399 53 2371 53 2342 53 2340 53 2320 62 2303 70 1754 67 1740 56 1731 50 1720 50 1692 50 1677 50 1660 56 1638 62 1573 56 1491 48 1488 48 1403 53 1335 59 1324 53 1312 48 1295 48 1267 48 1239 48 1211 48 1185 48 1162 50 1143 48 1126 48 1097 45 1069 45 1052 45 1046 50 1044 53 1041 50 1029 45 1013 45 996 45 984 50 976 53 854 50 854 48 848 45 843 45 814 45 786 45 758 45 730 45 701 45 673 45 645 45 616 50 591 65 591 107 588 130 916 135 919 135 930 135 1024 118 1143 135 1145 135 1148 135 1151 135 1171 121 1284 121 1358 135 1361 135 1494 124 2662 152 2668 124 2665 82 2654 82"/></Shape>
	    <String CONTENT="de l&#x27;Etat fut atoptée &lt;........ ........ .. .........&gt;"
                    HPOS="588"
                    VPOS="45"
                    WIDTH="2080"
                    HEIGHT="107"
                    WC="0.9117812801290441"></String>
          </TextLine>
          <TextLine ID="eSc_line_3c6bb098"
                    TAGREFS="LT34"
                    BASELINE="2359 73 2440 93" 
                    HPOS="2359"
                    VPOS="73"
                    WIDTH="81"
                    HEIGHT="20">
	    <String CONTENT=""
                    HPOS="2359"
                    VPOS="73"
                    WIDTH="81"
                    HEIGHT="20"></String>
          </TextLine>
          <TextLine ID="eSc_line_f25319b3"
                    TAGREFS="LT31"
                    BASELINE="582 181 2662 172" 
                    HPOS="580"
                    VPOS="118"
                    WIDTH="2082"
                    HEIGHT="85">
            <Shape><Polygon POINTS="582 203 2662 203 2662 172 2657 135 2144 135 2142 132 2127 118 2125 118 2122 118 2119 118 2048 132 2040 132 2028 132 1969 118 1966 118 1963 118 1924 130 1907 135 1836 130 1709 121 1706 121 1491 130 1315 135 1295 130 1278 121 1276 121 1273 121 1270 121 1267 121 1259 127 1245 138 580 127 582 181"/></Shape>
	    <String CONTENT="&lt;....... dans le désir de compléter la réforne 9&quot; de dé¬"
                    HPOS="580"
                    VPOS="118"
                    WIDTH="2082"
                    HEIGHT="85"
                    WC="0.9848234323518616"></String>
          </TextLine>
          <TextLine ID="eSc_line_17d26a59"
                    TAGREFS="LT31"
                    BASELINE="574 246 2625 234" 
                    HPOS="571"
                    VPOS="181"
                    WIDTH="2054"
                    HEIGHT="87">
            <Shape><Polygon POINTS="574 246 574 268 2623 265 2625 234 2614 181 2583 195 2393 183 2354 181 2351 181 2348 181 2342 183 2317 197 2108 197 2071 183 2065 183 2062 183 1904 183 1901 183 1898 183 1895 183 1893 186 1876 197 1779 186 1740 183 1737 183 1561 186 1559 186 1556 186 1553 189 1533 200 1488 189 1474 186 1471 186 1468 186 1465 186 1451 189 1409 203 1162 203 1137 192 1120 186 1117 186 1114 186 1112 186 1097 192 1072 203 1024 192 1001 189 998 189 996 189 979 192 936 203 908 195 894 189 891 189 888 189 885 189 865 195 826 203 571 197 574 246"/></Shape>
	    <String CONTENT="sarmer toutes les opinions sucères et constitutionuelles et de ne pas"
                    HPOS="571"
                    VPOS="181"
                    WIDTH="2054"
                    HEIGHT="87"
                    WC="0.9880607853765073"></String>
          </TextLine>
          <TextLine ID="eSc_line_951e0a8a"
                    TAGREFS="LT31"
                    BASELINE="577 313 2648 299" 
                    HPOS="574"
                    VPOS="254"
                    WIDTH="2074"
                    HEIGHT="93">
            <Shape><Polygon POINTS="577 313 577 339 775 330 831 339 877 347 880 347 882 347 905 339 933 330 953 339 964 345 967 345 970 345 973 345 984 339 1015 328 1233 328 1293 339 1324 345 1327 345 1366 339 1448 328 1646 339 1714 342 1717 342 1748 339 1878 322 2003 339 2017 339 2020 342 2142 342 2142 339 2144 339 2147 339 2178 322 2642 336 2648 299 2642 260 990 254 987 254 984 254 981 254 956 268 622 257 619 257 616 257 574 271 577 313"/></Shape>
	    <String CONTENT="permettre à d&#x27;autres nations d&#x27;offris à l&#x27;envi à la Belgique des"
                    HPOS="574"
                    VPOS="254"
                    WIDTH="2074"
                    HEIGHT="93"
                    WC="0.9966933291349838"></String>
          </TextLine>
          <TextLine ID="eSc_line_45ba2a5c"
                    TAGREFS="LT31"
                    BASELINE="568 376 2631 362" 
                    HPOS="565"
                    VPOS="322"
                    WIDTH="2066"
                    HEIGHT="79">
            <Shape><Polygon POINTS="568 376 568 398 2625 401 2631 362 2625 322 565 322 568 376"/></Shape>
	    <String CONTENT="baistitutions plus libérales que les siennnes&quot;. ainsé, à mesure que les"
                    HPOS="565"
                    VPOS="322"
                    WIDTH="2066"
                    HEIGHT="79"
                    WC="0.9840414598584175"></String>
          </TextLine>
          <TextLine ID="eSc_line_55522f48"
                    TAGREFS="LT31"
                    BASELINE="571 446 2640 429" 
                    HPOS="568"
                    VPOS="378"
                    WIDTH="2072"
                    HEIGHT="91">
            <Shape><Polygon POINTS="571 446 571 466 2291 469 2294 469 2637 449 2640 429 2634 393 2374 378 2371 378 2062 393 2034 378 2031 378 2028 378 1952 395 1943 395 1915 395 1635 381 1632 381 1629 381 1576 398 1567 398 1525 398 1259 384 1256 384 1253 384 1216 398 1208 401 1154 398 913 387 911 387 846 401 829 404 568 404 571 446"/></Shape>
	    <String CONTENT="evenements de déroulaient, l&#x27;entente patriotique des partis se fai¬"
                    HPOS="568"
                    VPOS="378"
                    WIDTH="2072"
                    HEIGHT="91"
                    WC="0.9921502915780935"></String>
          </TextLine>
          <TextLine ID="eSc_line_71a9ef58"
                    TAGREFS="LT31"
                    BASELINE="554 517 2640 497" 
                    HPOS="551"
                    VPOS="441"
                    WIDTH="2089"
                    HEIGHT="104">
            <Shape><Polygon POINTS="554 517 554 545 2637 523 2640 497 2631 441 2540 458 2447 444 2444 444 2441 444 2436 444 2311 461 1788 455 1525 452 1522 452 1417 461 1318 469 1253 463 1145 455 1143 455 1140 455 1112 466 1095 472 1038 466 925 458 922 458 919 458 916 458 902 469 899 472 860 472 656 461 653 461 551 475 554 517"/></Shape>
	    <String CONTENT="sait plus étroite. Le ser mars, des diclarations ripublisannes et&#x27;Adel¬"
                    HPOS="551"
                    VPOS="441"
                    WIDTH="2089"
                    HEIGHT="104"
                    WC="0.9777751653127267"></String>
          </TextLine>
          <TextLine ID="eSc_line_885517df"
                    TAGREFS="LT31"
                    BASELINE="554 585 2631 565" 
                    HPOS="551"
                    VPOS="523"
                    WIDTH="2080"
                    HEIGHT="85">
            <Shape><Polygon POINTS="554 585 554 608 2628 596 2631 565 2625 523 1785 523 1782 523 1779 523 1745 534 1731 537 1660 534 1443 526 1440 526 1179 543 1140 543 1109 543 848 531 846 531 843 531 789 545 602 534 599 534 597 534 551 548 554 585"/></Shape>
	    <String CONTENT="son Castiae provoquaient &lt;.&gt; sur tous les hanes de la"
                    HPOS="551"
                    VPOS="523"
                    WIDTH="2080"
                    HEIGHT="85"
                    WC="0.9908557714156385"></String>
          </TextLine>
          <TextLine ID="eSc_line_5226aed3"
                    TAGREFS="LT31"
                    BASELINE="571 650 2657 630" 
                    HPOS="568"
                    VPOS="582"
                    WIDTH="1613"
                    HEIGHT="99">
            <Shape><Polygon POINTS="571 681 2178 656 2181 636 2175 593 1884 582 1881 582 1760 596 1740 599 1728 599 1680 585 1677 585 1675 585 1672 585 1641 599 1638 599 1607 585 1604 585 1601 585 1598 585 1595 585 1595 588 1581 599 1581 602 1332 602 1329 602 1256 588 1253 588 1250 588 1247 588 1228 602 1066 591 1063 591 1061 591 1029 608 817 608 783 593 780 593 778 593 775 593 772 593 752 608 611 596 608 596 605 596 568 610 571 650"/></Shape>
	    <String CONTENT="chambre, une &lt;. ....&gt; tempête qui s"
                    HPOS="568"
                    VPOS="582"
                    WIDTH="1613"
                    HEIGHT="99"
                    WC="0.9408217532294137"></String>
          </TextLine>
          <TextLine ID="eSc_line_e56ff272"
                    TAGREFS="LT31"
                    BASELINE="548 721 2640 692" 
                    HPOS="546"
                    VPOS="636"
                    WIDTH="2094"
                    HEIGHT="121">
            <Shape><Polygon POINTS="2158 639 2130 639 2102 639 2074 639 2045 639 2042 639 2040 639 2037 639 2011 656 1994 667 1912 667 1898 659 1881 647 1878 647 1876 647 1873 647 1870 647 1827 659 1796 667 1774 659 1754 653 1751 653 1748 653 1697 661 1660 667 1644 661 1595 644 1593 644 1590 644 1587 644 1533 664 1513 673 1395 673 1386 667 1366 653 1363 653 1361 653 1358 653 1355 653 1352 653 1335 667 1324 675 928 678 916 673 894 664 891 664 888 664 812 675 786 678 763 675 687 664 684 664 681 664 679 664 664 678 662 681 546 681 548 721 548 743 684 757 687 757 690 757 693 757 707 743 730 755 732 755 735 755 817 743 837 741 857 743 930 755 933 755 936 755 970 741 981 738 1038 741 1171 752 1174 752 1177 752 1208 741 1225 732 1400 732 1428 738 1460 746 1462 746 1465 746 1564 738 1638 732 1692 738 1757 743 1760 743 1762 743 1779 738 1805 726 1926 726 1941 735 1946 741 1949 741 1952 741 1955 741 2048 735 2241 721 2314 732 2331 735 2334 735 2637 729 2640 692 2631 647 2501 656 2490 647 2481 639 2478 639 2475 639 2473 639 2470 639 2433 650 2402 659 2385 650 2359 636 2357 636 2354 636 2158 636 2158 639"/></Shape>
	    <String CONTENT="explosion d&#x27;amour pour la constitution et une &lt;..... guérale"
                    HPOS="546"
                    VPOS="636"
                    WIDTH="2094"
                    HEIGHT="121"
                    WC="0.9517676850159963"></String>
          </TextLine>
          <TextLine ID="eSc_line_fee33273"
                    TAGREFS="LT34"
                    BASELINE="2034 670 2385 664" 
                    HPOS="2034"
                    VPOS="664"
                    WIDTH="351"
                    HEIGHT="6">
	    <String CONTENT=""
                    HPOS="2034"
                    VPOS="664"
                    WIDTH="351"
                    HEIGHT="6"></String>
          </TextLine>
          <TextLine ID="eSc_line_13050b03"
                    TAGREFS="LT31"
                    BASELINE="548 794 947 780 2659 766" 
                    HPOS="546"
                    VPOS="715"
                    WIDTH="2113"
                    HEIGHT="110">
            <Shape><Polygon POINTS="548 794 548 825 843 808 1095 820 1129 820 1131 820 1134 820 1137 820 1177 806 1375 817 1417 817 1420 817 2657 797 2659 766 2651 715 2303 729 2147 721 2054 718 2051 718 2014 724 1966 732 1847 726 1720 721 1717 721 1714 721 1697 729 1686 735 1587 732 1426 724 1423 724 1420 724 1386 735 1372 738 1245 738 843 729 840 729 546 746 548 794"/></Shape>
	    <String CONTENT="de la droite et de la ganche .... confianse &lt;&gt; dans le gouves¬"
                    HPOS="546"
                    VPOS="715"
                    WIDTH="2113"
                    HEIGHT="110"
                    WC="0.9817509756934258"></String>
          </TextLine>
          <TextLine ID="eSc_line_fb535564"
                    TAGREFS="LT31"
                    BASELINE="551 862 885 851" 
                    HPOS="548"
                    VPOS="803"
                    WIDTH="337"
                    HEIGHT="87">
            <Shape><Polygon POINTS="551 862 551 876 713 890 715 890 885 865 885 851 877 803 548 811 551 862"/></Shape>
	    <String CONTENT="némeut."
                    HPOS="548"
                    VPOS="803"
                    WIDTH="337"
                    HEIGHT="87"
                    WC="0.9993491343089512"></String>
          </TextLine>
          <TextLine ID="eSc_line_b7555223"
                    TAGREFS="LT31"
                    BASELINE="594 930 2620 913" 
                    HPOS="591"
                    VPOS="856"
                    WIDTH="2029"
                    HEIGHT="97">
            <Shape><Polygon POINTS="594 930 594 953 2617 941 2620 913 2611 862 2504 873 2478 862 2464 856 2461 856 2458 856 2456 856 2430 865 2402 871 2365 865 2311 856 2308 856 2224 868 2170 873 2142 868 2096 859 2093 859 2091 859 2088 859 2074 871 2057 879 1765 879 1720 873 1607 862 1604 862 1601 862 1573 876 1561 882 1502 879 1329 865 1327 865 1324 865 1321 865 1301 882 1295 882 1245 871 1242 871 1151 885 1137 885 1120 885 953 868 950 868 857 888 854 888 795 871 792 871 789 871 707 888 639 873 636 873 633 873 591 890 594 930"/></Shape>
	    <String CONTENT="Cependant, l&#x27;incendie allemée en France parcousait toute l&#x27;Europe"
                    HPOS="591"
                    VPOS="856"
                    WIDTH="2029"
                    HEIGHT="97"
                    WC="0.9783026933670044"></String>
          </TextLine>
          <TextLine ID="eSc_line_808d9dfa"
                    TAGREFS="LT31"
                    BASELINE="546 1001 2600 970" 
                    HPOS="543"
                    VPOS="922"
                    WIDTH="2057"
                    HEIGHT="113">
            <Shape><Polygon POINTS="546 1001 548 1035 605 1021 656 1035 662 1035 664 1035 667 1035 681 1035 766 1018 882 1029 913 1032 916 1032 956 1029 1106 1012 1338 1021 1406 1023 1409 1023 1411 1023 1414 1023 1417 1021 1437 1009 1542 1018 1581 1021 1584 1021 1587 1021 1604 1018 1649 1006 1776 1015 1850 1018 1853 1018 1856 1018 1876 1012 1909 1001 2597 998 2600 970 2591 922 2212 939 2122 930 2059 924 2057 924 2054 924 2037 933 2014 941 1949 933 1893 927 1890 927 1887 927 1864 936 1839 944 1762 939 1675 930 1672 930 1669 930 1638 941 1615 947 1561 941 1471 933 1468 933 1383 944 1349 950 1338 947 1307 936 1304 936 1301 936 1242 950 1219 953 1194 950 1123 939 1120 939 1024 953 1001 955 933 955 582 947 580 947 577 947 543 958 546 1001"/></Shape>
	    <String CONTENT="A Berliu, le roi se hunifiait devant le peuple soulevé, un parlemant"
                    HPOS="543"
                    VPOS="922"
                    WIDTH="2057"
                    HEIGHT="113"
                    WC="0.9872321986100253"></String>
          </TextLine>
          <TextLine ID="eSc_line_03f99afe"
                    TAGREFS="LT31"
                    BASELINE="537 1063 1901 1043 2645 1046" 
                    HPOS="534"
                    VPOS="984"
                    WIDTH="2111"
                    HEIGHT="104">
            <Shape><Polygon POINTS="537 1063 537 1088 1629 1083 1632 1083 1638 1080 1675 1069 1856 1080 1887 1080 1890 1080 1893 1080 1895 1080 1926 1066 2136 1077 2161 1077 2164 1077 2192 1077 2456 1060 2642 1071 2645 1046 2642 998 2603 984 2600 984 2597 984 2175 1004 2164 1004 2156 1004 1918 989 1915 989 1912 989 1876 1006 1870 1006 1694 992 1692 992 1544 1009 1539 1009 1527 1009 1103 998 1100 998 1097 998 1095 998 1075 1015 1072 1015 1049 1015 820 1001 817 1001 534 1018 537 1063"/></Shape>
	    <String CONTENT="national &lt;. ..... .....&gt; remissait à Francfoit, l’Axtre¬"
                    HPOS="534"
                    VPOS="984"
                    WIDTH="2111"
                    HEIGHT="104"
                    WC="0.9059771126822421"></String>
          </TextLine>
          <TextLine ID="eSc_line_d521fefa"
                    TAGREFS="LT34"
                    BASELINE="1016 1025 1323 1023" 
                    HPOS="1016"
                    VPOS="1023"
                    WIDTH="307"
                    HEIGHT="2">
	    <String CONTENT=""
                    HPOS="1016"
                    VPOS="1023"
                    WIDTH="307"
                    HEIGHT="2"></String>
          </TextLine>
          <TextLine ID="eSc_line_b975a499"
                    TAGREFS="LT34"
                    BASELINE="2430 1078 2631 1078" 
                    HPOS="2430"
                    VPOS="1078"
                    WIDTH="201"
                    HEIGHT="0">
	    <String CONTENT=""
                    HPOS="2430"
                    VPOS="1078"
                    WIDTH="201"
                    HEIGHT="0"></String>
          </TextLine>
          <TextLine ID="eSc_line_ab8d854b"
                    TAGREFS="LT31"
                    BASELINE="557 1131 1663 1111 2659 1114" 
                    HPOS="554"
                    VPOS="1060"
                    WIDTH="2105"
                    HEIGHT="102">
            <Shape><Polygon POINTS="557 1131 557 1156 783 1162 786 1162 789 1162 814 1153 843 1148 894 1153 962 1162 964 1162 1165 1151 1312 1142 1346 1148 1400 1159 1403 1159 1406 1159 1445 1148 1465 1142 1494 1145 1556 1156 1559 1156 1561 1156 1564 1156 1578 1145 1587 1136 1918 1136 2000 1136 2009 1139 2026 1153 2028 1153 2031 1153 2034 1153 2099 1139 2105 1139 2119 1139 2402 1151 2405 1151 2657 1131 2659 1114 2657 1060 1799 1060 1796 1060 1793 1060 1791 1060 1776 1071 1768 1074 1723 1071 1581 1060 1578 1060 1576 1060 1544 1074 1536 1077 1471 1074 1293 1066 1290 1066 1222 1077 1205 1080 1177 1080 1013 1066 1010 1066 865 1083 857 1083 854 1083 800 1069 797 1069 795 1069 554 1086 557 1131"/></Shape>
	    <String CONTENT="chezf iusurgeait, Vienne exputsait metternich, la Nomqie, la Ptotia"
                    HPOS="554"
                    VPOS="1060"
                    WIDTH="2105"
                    HEIGHT="102"
                    WC="0.9917622368727157"></String>
          </TextLine>
          <TextLine ID="eSc_line_1b2b98af"
                    TAGREFS="LT34"
                    BASELINE="592 1156 825 1166" 
                    HPOS="592"
                    VPOS="1156"
                    WIDTH="233"
                    HEIGHT="10">
	    <String CONTENT=""
                    HPOS="592"
                    VPOS="1156"
                    WIDTH="233"
                    HEIGHT="10"></String>
          </TextLine>
          <TextLine ID="eSc_line_5765ae2f"
                    TAGREFS="LT31"
                    BASELINE="546 1199 1680 1185 2662 1190" 
                    HPOS="543"
                    VPOS="1131"
                    WIDTH="2119"
                    HEIGHT="99">
            <Shape><Polygon POINTS="546 1199 546 1216 846 1230 848 1230 851 1230 896 1219 911 1216 973 1219 1134 1227 1137 1227 1140 1227 1143 1227 1151 1219 1162 1213 1570 1213 1615 1221 1660 1227 1663 1227 1703 1221 1760 1210 1847 1221 1884 1224 1887 1227 2014 1227 2014 1224 2017 1224 2020 1224 2023 1221 2040 1210 2178 1221 2224 1224 2226 1224 2229 1224 2238 1221 2269 1210 2342 1221 2362 1224 2365 1224 2368 1224 2379 1221 2441 1207 2657 1221 2662 1190 2659 1148 2453 1131 2450 1131 2447 1131 2444 1131 2422 1145 2156 1134 2153 1134 2082 1148 2028 1134 2026 1134 2023 1134 1935 1148 1816 1134 1813 1134 1810 1134 1754 1151 1717 1136 1714 1136 1711 1136 1372 1151 1310 1136 1307 1136 1304 1136 1194 1151 1151 1136 1148 1136 1145 1136 1143 1136 1083 1153 763 1139 761 1139 758 1139 755 1139 738 1156 543 1156 546 1199"/></Shape>
	    <String CONTENT="&lt;.....&gt; étaient en ébullétiore il n&#x27;est pas jusqu&#x27;à la passible et"
                    HPOS="543"
                    VPOS="1131"
                    WIDTH="2119"
                    HEIGHT="99"
                    WC="0.9715953504861291"></String>
          </TextLine>
          <TextLine ID="eSc_line_d71bbbc0"
                    TAGREFS="LT31"
                    BASELINE="543 1272 2614 1250" 
                    HPOS="540"
                    VPOS="1196"
                    WIDTH="2074"
                    HEIGHT="102">
            <Shape><Polygon POINTS="543 1272 543 1298 2611 1281 2614 1250 2608 1213 2458 1196 2456 1196 2351 1213 2291 1199 2289 1199 2286 1199 2076 1216 2074 1216 2068 1216 1895 1202 1893 1202 1890 1202 1819 1219 1816 1219 1774 1204 1771 1204 1768 1204 1587 1221 1570 1221 1556 1221 1329 1207 1327 1207 1324 1207 1321 1207 1321 1210 1304 1224 1290 1224 1092 1210 1089 1210 1013 1227 1004 1227 993 1227 843 1213 840 1213 837 1213 800 1230 795 1233 540 1233 543 1272"/></Shape>
	    <String CONTENT="conservatrice Hollande où le roi n&#x27;était contraint des donner à ses"
                    HPOS="540"
                    VPOS="1196"
                    WIDTH="2074"
                    HEIGHT="102"
                    WC="0.9985902353244669"></String>
          </TextLine>
          <TextLine ID="eSc_line_cd6e1b05"
                    TAGREFS="LT31"
                    BASELINE="537 1343 2685 1323" 
                    HPOS="534"
                    VPOS="1264"
                    WIDTH="2151"
                    HEIGHT="116">
            <Shape><Polygon POINTS="537 1343 537 1380 843 1380 843 1377 846 1377 854 1374 885 1363 998 1371 1106 1380 1109 1380 1112 1380 1131 1368 1151 1360 1287 1368 1451 1377 1454 1377 1570 1363 1629 1357 1751 1360 2048 1371 2051 1371 2054 1371 2093 1357 2105 1351 2167 1354 2374 1368 2376 1368 2682 1346 2685 1323 2676 1264 2484 1284 2396 1267 2371 1264 2368 1264 2365 1264 2354 1269 2328 1284 2300 1269 2294 1267 2291 1267 2289 1267 2286 1267 2277 1269 2241 1286 2065 1275 1992 1269 1989 1269 1986 1269 1969 1275 1932 1289 1898 1278 1876 1269 1873 1269 1765 1269 1762 1269 1760 1269 1757 1269 1745 1281 1728 1295 1601 1295 1578 1284 1559 1272 1556 1272 1553 1272 1550 1272 1508 1284 1479 1292 1471 1284 1457 1272 1454 1272 1451 1272 1448 1272 1389 1286 1349 1295 1278 1289 1145 1275 1143 1275 1140 1275 1095 1292 1078 1298 1063 1292 1049 1286 1046 1286 1044 1286 916 1295 834 1301 814 1298 741 1281 738 1281 656 1301 650 1301 647 1301 605 1281 602 1281 599 1281 597 1281 534 1298 537 1343"/></Shape>
	    <String CONTENT="sojetr une constitution calquée sur la constitution belge. De tout"
                    HPOS="534"
                    VPOS="1264"
                    WIDTH="2151"
                    HEIGHT="116"
                    WC="0.9937371006517699"></String>
          </TextLine>
          <TextLine ID="eSc_line_cda23779"
                    TAGREFS="LT31"
                    BASELINE="543 1416 2625 1397" 
                    HPOS="540"
                    VPOS="1346"
                    WIDTH="2085"
                    HEIGHT="104">
            <Shape><Polygon POINTS="543 1416 543 1439 1131 1450 1134 1450 1230 1433 1239 1433 1245 1433 1341 1448 1344 1448 1426 1431 1434 1431 1440 1431 1482 1445 1485 1445 1488 1445 1692 1431 1726 1445 1728 1445 1731 1445 2006 1425 2037 1425 2048 1425 2139 1439 2142 1439 2144 1439 2147 1439 2164 1425 2232 1439 2235 1439 2586 1436 2589 1436 2625 1419 2625 1397 2617 1346 2498 1360 2224 1349 2161 1349 2158 1349 2156 1349 2153 1349 2150 1351 2133 1363 2116 1351 2113 1349 2110 1349 2108 1349 2105 1349 2085 1351 2020 1366 1825 1354 1740 1351 1737 1351 1734 1351 1717 1357 1677 1368 1576 1360 1525 1354 1522 1354 1491 1360 1428 1371 1259 1363 1134 1357 1131 1357 1129 1357 1126 1357 1114 1366 1097 1377 882 1377 871 1368 860 1360 857 1360 854 1360 851 1360 848 1360 829 1368 809 1377 786 1368 763 1363 761 1363 758 1363 540 1371 543 1416"/></Shape>
	    <String CONTENT="cette fièvre, c&#x27;est à peine si de ligers symptomes se tratissent &lt;..&gt;"
                    HPOS="540"
                    VPOS="1346"
                    WIDTH="2085"
                    HEIGHT="104"
                    WC="0.9838085583278111"></String>
          </TextLine>
          <TextLine ID="eSc_line_ad27424b"
                    TAGREFS="LT31"
                    BASELINE="529 1493 2676 1476" 
                    HPOS="526"
                    VPOS="1422"
                    WIDTH="2150"
                    HEIGHT="110">
            <Shape><Polygon POINTS="529 1493 529 1513 741 1530 744 1530 747 1530 786 1515 837 1532 840 1532 843 1532 1143 1530 1145 1530 1177 1515 1236 1530 1239 1530 1242 1530 1245 1530 1287 1513 1307 1507 1383 1513 1488 1524 1491 1524 1539 1513 1564 1510 1655 1513 1839 1524 1842 1524 1844 1524 1847 1524 1859 1513 1864 1510 1870 1513 1881 1524 1884 1524 1887 1524 1890 1524 1980 1521 1983 1521 2006 1513 2045 1501 2175 1513 2255 1521 2258 1521 2260 1521 2280 1513 2311 1504 2354 1513 2376 1518 2379 1518 2382 1518 2385 1518 2388 1513 2410 1499 2673 1513 2676 1476 2671 1433 2130 1422 2127 1422 1952 1439 1929 1439 1912 1439 1799 1425 1796 1425 1276 1442 1250 1428 1247 1428 1245 1428 1242 1428 1239 1428 1236 1428 1216 1445 1211 1445 1157 1431 1154 1431 1151 1431 970 1445 882 1431 880 1431 741 1448 732 1448 727 1448 565 1433 563 1433 560 1433 526 1445 529 1493"/></Shape>
	    <String CONTENT="&lt; en Belgique. Quelques brochures réclament le suffrage umivu¬"
                    HPOS="526"
                    VPOS="1422"
                    WIDTH="2150"
                    HEIGHT="110"
                    WC="0.9906598079589105"></String>
          </TextLine>
          <TextLine ID="eSc_line_942d924a"
                    TAGREFS="LT31"
                    BASELINE="534 1558 2625 1541" 
                    HPOS="531"
                    VPOS="1496"
                    WIDTH="2094"
                    HEIGHT="96">
            <Shape><Polygon POINTS="534 1558 534 1578 744 1592 747 1592 2625 1566 2625 1541 2620 1499 1578 1496 1576 1496 1256 1513 1219 1513 1194 1513 987 1501 984 1501 874 1515 868 1515 860 1515 625 1504 622 1504 531 1518 534 1558"/></Shape>
	    <String CONTENT="s il ; à Louvain, amemente des étudiants envoyent à lieurs condissi¬"
                    HPOS="531"
                    VPOS="1496"
                    WIDTH="2094"
                    HEIGHT="96"
                    WC="0.9716513650757926"></String>
          </TextLine>
          <TextLine ID="eSc_line_6a39e00e"
                    TAGREFS="LT31"
                    BASELINE="540 1631 2603 1609" 
                    HPOS="537"
                    VPOS="1555"
                    WIDTH="2066"
                    HEIGHT="110">
            <Shape><Polygon POINTS="540 1631 540 1665 2603 1643 2603 1609 2597 1569 2342 1555 2340 1555 2337 1555 2308 1569 2294 1578 2082 1578 2068 1569 2059 1564 2057 1564 2054 1564 2051 1564 2048 1564 2045 1564 2040 1569 2028 1578 1912 1572 1830 1566 1827 1566 1825 1566 1813 1572 1796 1581 1785 1572 1776 1564 1774 1564 1771 1564 1629 1564 1627 1564 1624 1564 1598 1572 1564 1583 1397 1572 1329 1569 1327 1569 1324 1569 1321 1569 1318 1572 1295 1589 1038 1589 851 1575 797 1572 795 1572 772 1575 684 1592 537 1578 540 1631"/></Shape>
	    <String CONTENT="ples d&#x27;Allemagne une adresse de filécitations et poussent des cris"
                    HPOS="537"
                    VPOS="1555"
                    WIDTH="2066"
                    HEIGHT="110"
                    WC="0.9826200225136497"></String>
          </TextLine>
          <TextLine ID="eSc_line_a3975991"
                    TAGREFS="LT31"
                    BASELINE="531 1705 2594 1688" 
                    HPOS="529"
                    VPOS="1631"
                    WIDTH="2065"
                    HEIGHT="97">
            <Shape><Polygon POINTS="531 1705 531 1728 2591 1722 2594 1688 2589 1651 2317 1651 2252 1631 2249 1631 2246 1631 2147 1651 2057 1637 2054 1637 2051 1637 2048 1637 2034 1651 2011 1640 2009 1640 2006 1640 1853 1654 1827 1637 1825 1637 1822 1637 1819 1637 1816 1637 1754 1654 1542 1640 1539 1640 1536 1640 1533 1640 1511 1657 1245 1640 1242 1640 1239 1640 1236 1640 1211 1660 1168 1643 1165 1643 1162 1643 1160 1643 1109 1660 1038 1646 1035 1646 868 1663 588 1646 585 1646 582 1646 529 1663 531 1705"/></Shape>
	    <String CONTENT="séditieux sous les fenêtres du vice-pectenr, à Gad, le googesseur"
                    HPOS="529"
                    VPOS="1631"
                    WIDTH="2065"
                    HEIGHT="97"
                    WC="0.9869725433262911"></String>
          </TextLine>
          <TextLine ID="eSc_line_7ef16fa9"
                    TAGREFS="LT31"
                    BASELINE="509 1773 2563 1762" 
                    HPOS="506"
                    VPOS="1705"
                    WIDTH="2057"
                    HEIGHT="85">
            <Shape><Polygon POINTS="509 1773 509 1790 2560 1790 2563 1762 2560 1725 2484 1705 2481 1705 2478 1705 2178 1722 2158 1722 2153 1722 2085 1705 2082 1705 2079 1705 2076 1705 2045 1722 2040 1725 2028 1722 1983 1708 1980 1708 1977 1708 1870 1722 1827 1725 1638 1719 1324 1711 1321 1711 1318 1711 1315 1711 1307 1719 1293 1728 1239 1719 1208 1713 1205 1713 1171 1719 1106 1728 1086 1716 1072 1711 1069 1711 1066 1711 1027 1716 950 1730 506 1716 509 1773"/></Shape>
	    <String CONTENT="suet fait circuler des listes de sonscription en faven des Visti¬"
                    HPOS="506"
                    VPOS="1705"
                    WIDTH="2057"
                    HEIGHT="85"
                    WC="0.9925625489308284"></String>
          </TextLine>
          <TextLine ID="eSc_line_33ff0d67"
                    TAGREFS="LT31"
                    BASELINE="520 1841 1505 1838 2614 1810" 
                    HPOS="517"
                    VPOS="1770"
                    WIDTH="2097"
                    HEIGHT="113">
            <Shape><Polygon POINTS="520 1841 523 1883 568 1869 741 1880 812 1883 814 1883 865 1878 970 1863 1024 1875 1061 1880 1063 1880 1182 1872 1307 1861 1355 1866 1409 1875 1411 1875 1414 1875 1417 1875 1417 1872 1426 1866 1437 1855 1462 1866 1479 1872 1482 1872 1485 1875 1612 1875 1612 1872 1765 1869 1768 1869 1805 1858 1839 1849 1890 1858 1958 1866 1960 1866 1963 1866 1966 1866 1983 1855 1994 1846 2031 1855 2068 1861 2071 1861 2125 1852 2178 1844 2611 1844 2614 1810 2606 1770 698 1779 517 1801 520 1841"/></Shape>
	    <String CONTENT="mes des jourmées parisiennes des feorier. Une tentative insurrection¬"
                    HPOS="517"
                    VPOS="1770"
                    WIDTH="2097"
                    HEIGHT="113"
                    WC="0.9928568281989166"></String>
          </TextLine>
          <TextLine ID="eSc_line_4894d5f5"
                    TAGREFS="LT31"
                    BASELINE="529 1914 2648 1869" 
                    HPOS="526"
                    VPOS="1821"
                    WIDTH="2122"
                    HEIGHT="119">
            <Shape><Polygon POINTS="1454 1841 1451 1841 1440 1844 1389 1861 1061 1866 1035 1852 1032 1852 1029 1852 1027 1852 834 1855 831 1855 829 1855 789 1872 526 1863 529 1914 529 1940 1578 1928 1581 1928 1598 1923 1632 1914 1689 1923 1714 1926 1717 1926 1720 1926 1723 1926 1728 1923 1745 1911 1898 1920 1932 1920 1935 1920 2003 1917 2391 1897 2645 1906 2648 1869 2640 1821 2201 1841 2144 1829 2125 1827 2122 1827 2088 1829 1977 1846 1887 1835 1859 1832 1856 1832 1853 1832 1850 1832 1850 1835 1847 1835 1833 1852 1717 1852 1508 1844 1457 1841 1454 1841"/></Shape>
	    <String CONTENT="nella où Spilth ori essage &lt;.... ....&gt; d&#x27;entrainer les onoriers gautsis"
                    HPOS="526"
                    VPOS="1821"
                    WIDTH="2122"
                    HEIGHT="119"
                    WC="0.9491019769453667"></String>
          </TextLine>
          <TextLine ID="eSc_line_a6002cfe"
                    TAGREFS="LT34"
                    BASELINE="1420 1869 1638 1871" 
                    HPOS="1420"
                    VPOS="1869"
                    WIDTH="218"
                    HEIGHT="2">
	    <String CONTENT=""
                    HPOS="1420"
                    VPOS="1869"
                    WIDTH="218"
                    HEIGHT="2"></String>
          </TextLine>
          <TextLine ID="eSc_line_eefd84c7"
                    TAGREFS="LT31"
                    BASELINE="529 1982 2634 1920" 
                    HPOS="526"
                    VPOS="1875"
                    WIDTH="2108"
                    HEIGHT="135">
            <Shape><Polygon POINTS="2478 1875 2450 1875 2422 1875 2337 1892 1482 1900 1001 1928 911 1917 908 1917 905 1917 902 1917 880 1931 721 1923 718 1923 526 1943 529 1982 529 2010 1032 1988 1239 1996 1290 1996 1293 1996 1295 1996 1298 1996 1301 1993 1324 1979 1349 1993 1352 1993 1355 1993 1358 1993 1383 1991 1511 1977 1808 1979 1842 1979 1844 1979 1847 1979 1850 1979 1895 1962 2422 1962 2439 1962 2441 1962 2444 1962 2447 1962 2473 1945 2628 1957 2634 1920 2628 1883 2487 1875 2478 1875"/></Shape>
	    <String CONTENT="s&#x27;achève rédicalement par le lais de quelques vêtres ong au collège des"
                    HPOS="526"
                    VPOS="1875"
                    WIDTH="2108"
                    HEIGHT="135"
                    WC="0.9799136863627904"></String>
          </TextLine>
          <TextLine ID="eSc_line_470b985f"
                    TAGREFS="LT31"
                    BASELINE="546 2044 2631 1982" 
                    HPOS="543"
                    VPOS="1931"
                    WIDTH="2088"
                    HEIGHT="153">
            <Shape><Polygon POINTS="546 2044 546 2084 670 2064 758 2078 792 2081 795 2081 902 2073 1018 2061 1058 2067 1109 2073 1112 2073 1114 2073 1117 2073 1131 2064 1154 2050 1233 2059 1301 2067 1304 2067 1434 2053 1516 2042 1527 2047 1542 2059 1544 2059 1547 2059 1550 2059 1553 2059 1556 2059 1570 2047 1573 2044 1584 2047 1652 2056 1655 2056 1658 2056 1683 2042 1697 2033 2088 2022 2099 2027 2113 2036 2116 2036 2119 2036 2122 2036 2125 2036 2147 2025 2158 2019 2218 2022 2320 2027 2323 2027 2410 2013 2441 2010 2456 2013 2518 2030 2521 2030 2524 2030 2526 2030 2529 2030 2529 2027 2552 2010 2552 2008 2631 2005 2631 1982 2625 1945 2552 1931 2549 1931 2439 1948 2368 1937 2365 1937 2362 1937 2359 1937 2334 1954 1677 1957 1675 1957 1644 1971 1494 1962 1491 1962 1112 1988 1015 1977 1013 1977 916 1993 557 1991 554 1991 551 1991 548 1991 548 1993 546 1993 543 1993 546 2044"/></Shape>
	    <String CONTENT="jisuites. J&#x27;aoques punes gens échanffés crient ça et là vive le Répu¬"
                    HPOS="543"
                    VPOS="1931"
                    WIDTH="2088"
                    HEIGHT="153"
                    WC="0.9898078773702894"></String>
          </TextLine>
          <TextLine ID="eSc_line_4e877bcc"
                    TAGREFS="LT34"
                    BASELINE="988 1998 1083 2008" 
                    HPOS="988"
                    VPOS="1998"
                    WIDTH="95"
                    HEIGHT="10">
	    <String CONTENT=""
                    HPOS="988"
                    VPOS="1998"
                    WIDTH="95"
                    HEIGHT="10"></String>
          </TextLine>
          <TextLine ID="eSc_line_d3d95615"
                    TAGREFS="LT31"
                    BASELINE="537 2115 2560 2053" 
                    HPOS="534"
                    VPOS="2002"
                    WIDTH="2026"
                    HEIGHT="150">
            <Shape><Polygon POINTS="537 2115 537 2138 625 2152 628 2152 631 2152 676 2135 681 2135 696 2135 800 2146 803 2146 1069 2126 1202 2118 1219 2124 1239 2132 1242 2132 1245 2132 1641 2121 1887 2109 2467 2078 2557 2092 2560 2053 2552 2002 2436 2019 2388 2005 2382 2005 2379 2005 2376 2005 2348 2008 2147 2027 1938 2019 1912 2019 1909 2019 1907 2019 1901 2019 1839 2036 1672 2027 1663 2027 1660 2027 1658 2027 1655 2027 1627 2044 1570 2033 1567 2033 1564 2033 1561 2033 1536 2050 1264 2056 1182 2042 1179 2042 1177 2042 1174 2042 1171 2042 1148 2061 896 2067 769 2056 766 2056 763 2056 713 2073 534 2061 537 2115"/></Shape>
	    <String CONTENT="blique personne ne leur pépond et Adelson Castian reconnaissant"
                    HPOS="534"
                    VPOS="2002"
                    WIDTH="2026"
                    HEIGHT="150"
                    WC="0.9793516189332993"></String>
          </TextLine>
          <TextLine ID="eSc_line_085e09cc"
                    TAGREFS="LT31"
                    BASELINE="534 2186 2311 2118 2620 2118" 
                    HPOS="531"
                    VPOS="2070"
                    WIDTH="2089"
                    HEIGHT="150">
            <Shape><Polygon POINTS="534 2186 534 2220 2620 2141 2620 2118 2614 2070 531 2138 534 2186"/></Shape>
	    <String CONTENT="qu&#x27;il est seul dans la Chaubre à sontaiter l&#x27;avénement du régime ré¬"
                    HPOS="531"
                    VPOS="2070"
                    WIDTH="2089"
                    HEIGHT="150"
                    WC="0.9897264112596926"></String>
          </TextLine>
          <TextLine ID="eSc_line_cc959161"
                    TAGREFS="LT31"
                    BASELINE="534 2251 2648 2177" 
                    HPOS="531"
                    VPOS="2126"
                    WIDTH="2117"
                    HEIGHT="159">
            <Shape><Polygon POINTS="534 2251 534 2285 2648 2214 2648 2177 2645 2143 2606 2126 2603 2126 2600 2126 2484 2146 2405 2132 2402 2132 2311 2152 2110 2143 2108 2143 2105 2143 2102 2143 2076 2160 1955 2149 1952 2149 1949 2149 1907 2163 1768 2155 1765 2155 1762 2155 1726 2174 1485 2180 1457 2166 1454 2166 1451 2166 1448 2166 1445 2166 1423 2183 1321 2174 1318 2174 1021 2197 622 2194 619 2194 531 2214 534 2251"/></Shape>
	    <String CONTENT="publiçain &lt;.p....&gt; renonce à son mandat de ppiisentant. Franifa¬"
                    HPOS="531"
                    VPOS="2126"
                    WIDTH="2117"
                    HEIGHT="159"
                    WC="0.9811416818545415"></String>
          </TextLine>
          <TextLine ID="eSc_line_f1d98309"
                    TAGREFS="LT31"
                    BASELINE="517 2313 2637 2245" 
                    HPOS="514"
                    VPOS="2194"
                    WIDTH="2123"
                    HEIGHT="159">
            <Shape><Polygon POINTS="517 2313 517 2353 1095 2322 1276 2330 1290 2330 1293 2330 1307 2330 1494 2307 1539 2322 1542 2322 1544 2322 1547 2322 1666 2302 1709 2316 1711 2316 1714 2316 1717 2316 1776 2299 1796 2313 1799 2313 1802 2313 1805 2313 1884 2296 1992 2307 1994 2307 1997 2307 2110 2288 2334 2296 2337 2296 2340 2296 2342 2296 2359 2282 2524 2288 2526 2288 2529 2288 2532 2288 2555 2273 2634 2288 2637 2245 2628 2194 2538 2211 2458 2200 2453 2200 2450 2200 2441 2200 2359 2217 2156 2211 2113 2211 2110 2211 2108 2211 2105 2211 2105 2214 2091 2225 1808 2225 1683 2225 1680 2225 1677 2225 1666 2231 1649 2240 1564 2234 1505 2231 1502 2231 1451 2240 1389 2248 1312 2245 1230 2240 1228 2240 1225 2240 1222 2240 1222 2242 1213 2248 1208 2254 1151 2251 1072 2245 1069 2245 514 2273 517 2313"/></Shape>
	    <String CONTENT="timent il apparaît dès les premiers jours de mars que la crise qui ébraute"
                    HPOS="514"
                    VPOS="2194"
                    WIDTH="2123"
                    HEIGHT="159"
                    WC="0.9868758626886316"></String>
          </TextLine>
          <TextLine ID="eSc_line_d381decd"
                    TAGREFS="LT31"
                    BASELINE="517 2384 2662 2310" 
                    HPOS="514"
                    VPOS="2262"
                    WIDTH="2148"
                    HEIGHT="156">
            <Shape><Polygon POINTS="517 2384 517 2404 659 2418 662 2418 851 2395 1174 2401 1177 2401 1324 2381 1751 2381 1754 2381 1853 2361 1986 2372 1989 2372 1992 2372 1994 2372 2020 2356 2125 2367 2127 2367 2331 2344 2410 2358 2413 2358 2662 2330 2662 2310 2657 2271 2504 2262 2501 2262 2289 2282 2252 2285 2241 2285 2173 2273 2170 2273 1949 2293 1918 2296 1901 2296 1760 2288 1757 2288 1488 2310 1482 2310 1479 2310 1434 2299 1431 2299 1428 2299 1426 2299 1423 2299 1406 2313 1349 2302 1346 2302 1344 2302 1341 2302 1341 2305 1327 2316 1327 2319 1182 2322 1177 2322 1103 2310 1100 2310 1013 2327 1010 2327 933 2316 930 2316 928 2316 925 2316 908 2333 854 2333 684 2339 681 2339 605 2327 602 2327 514 2344 517 2384"/></Shape>
	    <String CONTENT="l&#x27;Europe n&#x27;ébranlera par la Belgique. &lt;... .......... ssie"
                    HPOS="514"
                    VPOS="2262"
                    WIDTH="2148"
                    HEIGHT="156"
                    WC="0.9536489859737199"></String>
          </TextLine>
          <TextLine ID="eSc_line_446a6fa8"
                    TAGREFS="LT31"
                    BASELINE="526 2450 894 2443 2201 2387 2637 2378" 
                    HPOS="466"
                    VPOS="2336"
                    WIDTH="2171"
                    HEIGHT="155">
            <Shape><Polygon POINTS="472 2491 625 2471 1018 2471 1058 2471 1061 2471 1063 2471 1066 2471 1086 2454 1553 2454 1584 2454 1584 2452 1590 2452 1680 2432 1748 2446 1754 2446 1757 2446 1788 2443 2096 2418 2130 2432 2133 2432 2136 2432 2139 2432 2142 2432 2167 2412 2365 2406 2634 2412 2637 2378 2631 2336 2204 2336 2201 2336 2198 2336 2170 2347 2164 2350 2127 2350 2000 2344 1997 2344 1994 2344 1972 2353 1960 2361 1366 2381 1276 2375 1230 2372 1228 2372 1225 2372 1222 2372 1222 2375 1219 2375 1208 2387 1182 2378 1174 2375 1171 2375 1168 2375 1143 2378 1063 2392 947 2384 916 2384 913 2384 868 2387 676 2406 466 2401 469 2443"/></Shape>
	    <String CONTENT="&lt;....... ....... ............. .. ........ ..&gt;"
                    HPOS="466"
                    VPOS="2336"
                    WIDTH="2171"
                    HEIGHT="155"
                    WC="0.8116039543048196"></String>
          </TextLine>
          <TextLine ID="eSc_line_b8add465"
                    TAGREFS="LT31"
                    BASELINE="514 2522 1242 2505 1607 2477 2645 2435" 
                    HPOS="512"
                    VPOS="2392"
                    WIDTH="2133"
                    HEIGHT="167">
            <Shape><Polygon POINTS="514 2522 514 2545 659 2559 662 2559 664 2559 667 2559 690 2542 763 2553 766 2553 1400 2531 1403 2531 1477 2514 1542 2525 1544 2525 1547 2525 1587 2505 1590 2503 1963 2491 1966 2491 2020 2505 2023 2505 2026 2505 2028 2505 2074 2486 2076 2486 2079 2486 2119 2500 2122 2500 2125 2500 2204 2480 2215 2480 2224 2480 2289 2491 2291 2491 2439 2471 2453 2471 2456 2471 2490 2486 2492 2486 2495 2486 2498 2486 2501 2486 2521 2469 2524 2466 2642 2463 2645 2435 2642 2398 2439 2392 2436 2392 2433 2392 2408 2406 2396 2412 2345 2409 2229 2401 2226 2401 2224 2401 2221 2401 2207 2415 2201 2418 2190 2415 2144 2406 2142 2406 2139 2406 2113 2418 2108 2421 2091 2421 1989 2409 1986 2409 1895 2429 1887 2429 1881 2429 1842 2415 1839 2415 1836 2415 1833 2415 1768 2435 1754 2438 1748 2435 1720 2421 1717 2421 1714 2421 1544 2426 1542 2426 1474 2446 1460 2452 1027 2466 1021 2466 967 2449 964 2449 962 2449 846 2471 846 2474 512 2486 514 2522"/></Shape>
	    <String CONTENT="&lt;... ......... ....  .. .. ..&gt;"
                    HPOS="512"
                    VPOS="2392"
                    WIDTH="2133"
                    HEIGHT="167"
                    WC="0.8287745853265126"></String>
          </TextLine>
          <TextLine ID="eSc_line_cab52697"
                    TAGREFS="LT31"
                    BASELINE="498 2596 2614 2494" 
                    HPOS="495"
                    VPOS="2446"
                    WIDTH="2119"
                    HEIGHT="173">
            <Shape><Polygon POINTS="498 2596 498 2619 2614 2522 2614 2494 2608 2446 495 2553 498 2596"/></Shape>
	    <String CONTENT="&lt;.. .... ... ... ... ..&gt;"
                    HPOS="495"
                    VPOS="2446"
                    WIDTH="2119"
                    HEIGHT="173"
                    WC="0.8762963985403379"></String>
          </TextLine>
          <TextLine ID="eSc_line_e58ac0d0"
                    TAGREFS="LT31"
                    BASELINE="489 2667 2303 2576 2623 2570" 
                    HPOS="486"
                    VPOS="2520"
                    WIDTH="2137"
                    HEIGHT="169">
            <Shape><Polygon POINTS="489 2667 489 2689 1989 2633 2059 2627 2289 2604 2439 2610 2453 2610 2456 2610 2458 2610 2461 2610 2521 2593 2620 2602 2623 2570 2620 2528 2393 2520 2391 2520 2158 2548 2048 2537 2045 2537 2042 2537 2040 2537 2020 2553 1958 2545 1955 2545 1952 2545 1949 2545 1924 2559 1737 2556 1734 2556 1462 2582 1411 2570 1409 2570 1406 2570 1403 2570 1349 2587 1301 2573 1298 2573 1295 2573 1293 2573 1225 2593 1185 2579 1182 2579 1179 2579 993 2604 953 2590 950 2590 947 2590 831 2613 778 2599 775 2599 772 2599 769 2599 713 2619 512 2613 509 2613 506 2613 503 2613 486 2624 489 2667"/></Shape>
	    <String CONTENT="&lt;..... .. .... ....."
                    HPOS="486"
                    VPOS="2520"
                    WIDTH="2137"
                    HEIGHT="169"
                    WC="0.940954613685608"></String>
          </TextLine>
          <TextLine ID="eSc_line_f8619fb1"
                    TAGREFS="LT31"
                    BASELINE="523 2740 1137 2720 2071 2658 2640 2633" 
                    HPOS="517"
                    VPOS="2593"
                    WIDTH="2123"
                    HEIGHT="175">
            <Shape><Polygon POINTS="523 2740 523 2768 1782 2715 1785 2715 1833 2698 1842 2698 1859 2698 1977 2703 1980 2703 1983 2703 1986 2703 1986 2701 2000 2689 2037 2701 2040 2701 2042 2701 2045 2701 2093 2684 2099 2681 2139 2681 2439 2678 2637 2652 2640 2633 2634 2593 2255 2596 2252 2596 2249 2596 2229 2610 2226 2613 2212 2610 2153 2602 2150 2602 2006 2621 1938 2630 1921 2624 1893 2616 1890 2616 1887 2616 1740 2633 1649 2644 1615 2638 1573 2633 1570 2633 1567 2633 1533 2644 1502 2652 1406 2650 1329 2647 1327 2647 1324 2647 1321 2647 1321 2650 1315 2652 1304 2667 891 2686 848 2675 846 2675 843 2675 840 2675 829 2675 721 2695 517 2692 523 2740"/></Shape>
	    <String CONTENT="&lt;..........&gt; L&#x27;agitation socialiste et républicaine s&#x27;est mou¬"
                    HPOS="517"
                    VPOS="2593"
                    WIDTH="2123"
                    HEIGHT="175"
                    WC="0.9456127209048117"></String>
          </TextLine>
          <TextLine ID="eSc_line_4be7d04b"
                    TAGREFS="LT31"
                    BASELINE="492 2811 1361 2780 2611 2709" 
                    HPOS="486"
                    VPOS="2652"
                    WIDTH="2125"
                    HEIGHT="198">
            <Shape><Polygon POINTS="492 2811 492 2839 602 2850 605 2850 704 2831 721 2828 747 2828 885 2836 888 2836 891 2836 950 2819 953 2819 1114 2825 1117 2825 1293 2802 1298 2802 1301 2802 1338 2814 1341 2814 1344 2814 1346 2814 1380 2797 1383 2797 1400 2797 1511 2805 1513 2805 1516 2805 1561 2788 1576 2785 1598 2788 1680 2797 1683 2797 1788 2791 1791 2791 1793 2791 1808 2777 1813 2774 1833 2777 1909 2785 1912 2785 1915 2785 1958 2771 1972 2766 2014 2768 2136 2774 2139 2774 2142 2774 2192 2760 2209 2751 2611 2737 2611 2709 2600 2652 2524 2675 2374 2664 2359 2664 2357 2664 2340 2667 2252 2681 2158 2675 2142 2675 2139 2675 2136 2675 2133 2675 2110 2692 1861 2692 1827 2692 1825 2692 1822 2692 1819 2692 1782 2712 1669 2701 1649 2701 1646 2701 1644 2701 1641 2701 1638 2703 1610 2723 486 2763 492 2811"/></Shape>
	    <String CONTENT="Oû plus inoffensive encore qu&#x27;on ne le coyait, et il a suffi de &lt;...&gt;"
                    HPOS="486"
                    VPOS="2652"
                    WIDTH="2125"
                    HEIGHT="198"
                    WC="0.9706023490947225"></String>
          </TextLine>
          <TextLine ID="eSc_line_bd254066"
                    TAGREFS="LT31"
                    BASELINE="483 2882 1097 2867 2221 2794 2640 2777" 
                    HPOS="478"
                    VPOS="2723"
                    WIDTH="2162"
                    HEIGHT="193">
            <Shape><Polygon POINTS="483 2882 486 2916 797 2901 800 2901 843 2916 846 2916 848 2916 1267 2893 1270 2893 1327 2876 1344 2870 1431 2870 1680 2870 1683 2870 1785 2853 1827 2845 1881 2848 1992 2853 1994 2853 2091 2836 2161 2825 2280 2828 2351 2828 2354 2828 2357 2828 2376 2822 2416 2811 2439 2819 2461 2828 2464 2828 2467 2828 2524 2814 2580 2802 2634 2808 2640 2777 2637 2737 2566 2723 2563 2723 2374 2734 2371 2734 2368 2734 2345 2751 2342 2751 2331 2751 2255 2740 2252 2740 2091 2763 2040 2768 2003 2766 1890 2760 1887 2760 1810 2777 1776 2785 1607 2791 1598 2785 1584 2777 1581 2777 1578 2777 1576 2777 1496 2791 1448 2800 1417 2794 1369 2788 1366 2788 1363 2788 1335 2800 1310 2808 1236 2805 1162 2800 1160 2800 1157 2800 1131 2808 1100 2822 478 2839 483 2882"/></Shape>
	    <String CONTENT="&lt;. .........&gt; lacher la corde aux radicaux pour les satis faire."
                    HPOS="478"
                    VPOS="2723"
                    WIDTH="2162"
                    HEIGHT="193"
                    WC="0.9653043439611793"></String>
          </TextLine>
          <TextLine ID="eSc_line_9ec86446"
                    TAGREFS="LT31"
                    BASELINE="486 2944 1267 2927 2192 2862 2634 2845" 
                    HPOS="483"
                    VPOS="2797"
                    WIDTH="2151"
                    HEIGHT="181">
            <Shape><Polygon POINTS="486 2978 2634 2879 2634 2845 2628 2808 2572 2797 2569 2797 2566 2797 2507 2814 2498 2819 2439 2819 2108 2819 2105 2819 1864 2842 1683 2859 1644 2850 1612 2845 1610 2845 1607 2845 1604 2845 1593 2853 1576 2867 1293 2867 1247 2867 1245 2867 1242 2867 1239 2867 1222 2882 964 2882 962 2882 959 2882 885 2899 803 2887 780 2884 778 2884 775 2884 758 2887 696 2904 483 2901 486 2944 486 2978"/></Shape>
	    <String CONTENT="Le roi est complètement passuré. Le 4 mars, avant même la pronaelga¬"
                    HPOS="483"
                    VPOS="2797"
                    WIDTH="2151"
                    HEIGHT="181"
                    WC="0.9844863064148847"></String>
          </TextLine>
          <TextLine ID="eSc_line_98ae75f9"
                    TAGREFS="LT31"
                    BASELINE="495 3012 1380 2983 2175 2938 2591 2930" 
                    HPOS="492"
                    VPOS="2873"
                    WIDTH="2099"
                    HEIGHT="175">
            <Shape><Polygon POINTS="495 3012 495 3048 775 3023 1044 3026 1114 3026 1117 3026 1168 3020 1338 3000 1406 3012 1420 3012 1423 3012 1457 3009 1564 2995 1581 3003 1590 3006 1593 3006 1595 3006 1598 3006 1601 3006 1607 3003 1624 2989 1660 3000 1675 3003 1677 3003 1680 3003 1683 3003 1706 2998 1757 2983 1796 2995 1810 2998 1813 2998 1816 2998 1819 2998 1822 2998 1827 2992 1847 2981 1915 2989 1952 2992 1955 2992 1986 2986 2042 2969 2591 2958 2591 2930 2583 2890 2512 2893 2507 2893 2447 2873 2444 2873 2441 2873 2275 2899 2226 2884 2224 2884 2221 2884 2218 2884 2158 2899 2105 2887 2102 2887 2099 2887 2096 2887 2096 2890 2079 2904 1955 2893 1952 2893 1949 2893 1887 2916 1881 2918 1873 2918 1791 2901 1788 2901 1785 2901 1743 2924 1737 2927 1527 2932 1522 2932 1485 2918 1482 2918 1479 2918 1228 2944 1188 2947 1182 2947 1148 2932 1145 2932 1143 2932 1140 2932 1137 2932 1117 2949 1112 2949 1058 2935 1055 2935 1052 2935 928 2955 908 2958 888 2958 730 2944 727 2944 724 2944 721 2944 690 2966 684 2969 492 2972 495 3012"/></Shape>
	    <String CONTENT="tion de la loi clectorali, il écrit dans sa joie, à Sylvain van d Woyare"
                    HPOS="492"
                    VPOS="2873"
                    WIDTH="2099"
                    HEIGHT="175"
                    WC="0.9849449371638364"></String>
          </TextLine>
          <TextLine ID="eSc_line_fcd45ccc"
                    TAGREFS="LT31"
                    BASELINE="498 3080 2642 3000" 
                    HPOS="495"
                    VPOS="2944"
                    WIDTH="2147"
                    HEIGHT="175">
            <Shape><Polygon POINTS="498 3080 498 3119 625 3097 780 3108 800 3108 803 3108 806 3108 812 3105 860 3088 1106 3094 1182 3094 1185 3094 1247 3088 1417 3065 1462 3077 1485 3082 1488 3082 1491 3082 1564 3071 1677 3057 1878 3057 2082 3060 2085 3060 2088 3060 2116 3048 2127 3043 2150 3046 2195 3054 2198 3054 2201 3054 2238 3043 2263 3034 2283 3040 2303 3046 2306 3046 2308 3046 2402 3034 2458 3029 2464 3031 2478 3043 2481 3043 2484 3043 2487 3043 2490 3043 2492 3043 2512 3029 2515 3026 2521 3029 2538 3043 2540 3043 2543 3043 2546 3043 2640 3023 2642 3000 2637 2961 2569 2944 2566 2944 2464 2966 2458 2966 2453 2966 2337 2952 2334 2952 2331 2952 2260 2975 2258 2975 2235 2958 2232 2958 2229 2958 2226 2958 2065 2978 2034 2964 2031 2964 2028 2964 1884 2989 1876 2989 1873 2989 1842 2975 1839 2975 1836 2975 1833 2975 1796 2992 1793 2992 1776 2992 1496 2983 1494 2983 1491 2983 1400 3006 1397 3009 1185 3015 1179 3015 1044 3000 1041 3000 1038 3000 1035 3000 1035 3003 1013 3020 922 3006 919 3006 797 3029 653 3015 650 3015 495 3040 498 3080"/></Shape>
	    <String CONTENT="que le pays vient de prouver qu&#x27;il était vraiement une nation. Quelle"
                    HPOS="495"
                    VPOS="2944"
                    WIDTH="2147"
                    HEIGHT="175"
                    WC="0.9888951208280481"></String>
          </TextLine>
          <TextLine ID="eSc_line_700d33a2"
                    TAGREFS="LT31"
                    BASELINE="489 3145 2594 3065" 
                    HPOS="486"
                    VPOS="3012"
                    WIDTH="2108"
                    HEIGHT="167">
            <Shape><Polygon POINTS="489 3145 489 3179 2374 3097 2591 3102 2594 3065 2586 3012 2133 3043 1992 3034 1986 3034 1983 3034 1975 3034 1819 3054 1765 3043 1762 3043 1760 3043 1745 3043 1527 3068 486 3091 489 3145"/></Shape>
	    <String CONTENT="revanche pour lui que l&#x27;effarement &lt;.. ......... ..&gt;"
                    HPOS="486"
                    VPOS="3012"
                    WIDTH="2108"
                    HEIGHT="167"
                    WC="0.9287911240871136"></String>
          </TextLine>
          <TextLine ID="eSc_line_52004990"
                    TAGREFS="LT31"
                    BASELINE="486 3207 1428 3187 2136 3142 2600 3125" 
                    HPOS="483"
                    VPOS="3085"
                    WIDTH="2117"
                    HEIGHT="161">
            <Shape><Polygon POINTS="486 3207 486 3246 718 3221 823 3232 857 3235 860 3235 899 3229 950 3221 1106 3221 1485 3221 1485 3218 1488 3218 1516 3204 1641 3212 1644 3212 1646 3212 1677 3198 1796 3207 1799 3207 1898 3187 1918 3201 1921 3201 1924 3201 1926 3201 2034 3198 2037 3198 2099 3176 2113 3170 2178 3170 2365 3176 2368 3176 2600 3150 2600 3125 2591 3085 483 3167 486 3207"/></Shape>
	    <String CONTENT="de ces souverains obsolutistes qui ent si longtemps raitlé sa monarchie"
                    HPOS="483"
                    VPOS="3085"
                    WIDTH="2117"
                    HEIGHT="161"
                    WC="0.9946619490502586"></String>
          </TextLine>
          <TextLine ID="eSc_line_f219e6d9"
                    TAGREFS="LT31"
                    BASELINE="489 3272 1641 3246 2190 3212 2628 3198" 
                    HPOS="486"
                    VPOS="3159"
                    WIDTH="2142"
                    HEIGHT="147">
            <Shape><Polygon POINTS="489 3272 489 3306 696 3289 738 3297 769 3306 772 3306 775 3306 846 3295 916 3283 979 3289 1052 3297 1055 3297 1245 3280 1287 3278 1346 3278 1720 3278 1723 3278 1726 3278 1782 3261 1796 3258 1816 3261 1909 3272 1912 3272 1989 3255 2011 3249 2065 3252 2266 3261 2269 3261 2272 3261 2314 3241 2320 3241 2345 3241 2535 3249 2538 3249 2628 3229 2628 3198 2620 3159 2181 3181 2142 3173 2130 3170 2127 3170 2125 3170 2096 3173 2003 3190 1876 3181 1827 3179 1825 3179 1822 3179 1819 3179 1813 3184 1796 3196 1697 3187 1658 3184 1655 3184 1652 3184 1649 3184 1644 3187 1627 3201 1564 3190 1536 3187 1533 3187 1502 3193 1434 3207 1332 3198 1287 3196 1284 3196 1281 3196 1270 3201 1245 3212 1194 3204 1179 3201 1177 3201 1174 3201 1168 3204 1145 3215 993 3210 922 3207 919 3207 916 3207 896 3212 857 3227 486 3227 489 3272"/></Shape>
	    <String CONTENT="révolulionnaire et qu&#x27;il voit capituler devant la révolution qui l&#x27;épargue."
                    HPOS="486"
                    VPOS="3159"
                    WIDTH="2142"
                    HEIGHT="147"
                    WC="0.9880744663874308"></String>
          </TextLine>
          <TextLine ID="eSc_line_f5a71d38"
                    TAGREFS="LT31"
                    BASELINE="475 3337 1499 3323 2577 3286" 
                    HPOS="472"
                    VPOS="3241"
                    WIDTH="2105"
                    HEIGHT="133">
            <Shape><Polygon POINTS="475 3337 475 3368 800 3374 803 3374 959 3357 970 3357 998 3374 1001 3374 1004 3374 1007 3374 1010 3374 1089 3354 1092 3351 1216 3351 1242 3351 1264 3365 1267 3365 1270 3365 1273 3365 1276 3365 1278 3365 1304 3348 1307 3345 1451 3345 1494 3365 1496 3365 1499 3365 1796 3357 1799 3357 1802 3357 1819 3345 1833 3357 1836 3357 1839 3357 1842 3357 1977 3354 2280 3326 2365 3343 2368 3343 2371 3343 2441 3320 2509 3340 2512 3340 2515 3340 2518 3340 2577 3314 2577 3286 2569 3241 2408 3258 2235 3246 2204 3246 2201 3246 2198 3246 2195 3246 2195 3249 2173 3263 2113 3252 2110 3252 2108 3252 2071 3266 1791 3258 1765 3258 1762 3258 1760 3258 1757 3258 1731 3278 1621 3278 1086 3278 1083 3278 1080 3278 1041 3292 956 3278 953 3278 950 3278 659 3300 472 3289 475 3337"/></Shape>
	    <String CONTENT="Il commence à se solidariser avec ce peuple qu&#x27;il a jusqu&#x27;alors considéré"
                    HPOS="472"
                    VPOS="3241"
                    WIDTH="2105"
                    HEIGHT="133"
                    WC="0.9829811292725641"></String>
          </TextLine>
        </TextBlock>
        <TextBlock HPOS="89"
                   VPOS="234"
                   WIDTH="482"
                   HEIGHT="2757"
                   ID="eSc_textblock_fc8f984f"
                   TAGREFS="BT43">
          <Shape><Polygon POINTS="106 234 89 2991 466 2991 571 262"/></Shape>
          <TextLine ID="eSc_line_c562d55a"
                    TAGREFS="LT31"
                    BASELINE="132 299 331 285" 
                    HPOS="130"
                    VPOS="234"
                    WIDTH="201"
                    HEIGHT="91">
            <Shape><Polygon POINTS="130 285 132 299 132 325 331 302 331 285 325 234 149 254 130 285"/></Shape>
	    <String CONTENT="arole d"
                    HPOS="130"
                    VPOS="234"
                    WIDTH="201"
                    HEIGHT="91"
                    WC="0.9999003410339355"></String>
          </TextLine>
          <TextLine ID="eSc_line_485baf72"
                    TAGREFS="LT31"
                    BASELINE="130 359 413 342" 
                    HPOS="127"
                    VPOS="294"
                    WIDTH="286"
                    HEIGHT="99">
            <Shape><Polygon POINTS="401 294 138 305 127 316 130 359 130 393 413 364 413 342 410 339 401 294"/></Shape>
	    <String CONTENT="roschemps"
                    HPOS="127"
                    VPOS="294"
                    WIDTH="286"
                    HEIGHT="99"
                    WC="0.9866975545883179"></String>
          </TextLine>
          <TextLine ID="eSc_line_cfbe93e9"
                    TAGREFS="LT31"
                    BASELINE="121 427 427 418" 
                    HPOS="118"
                    VPOS="356"
                    WIDTH="309"
                    HEIGHT="119">
            <Shape><Polygon POINTS="401 410 384 373 237 356 234 356 232 356 229 356 198 376 192 378 118 378 121 427 127 475 164 452 234 463 274 469 277 469 424 444 427 418 413 401 401 410"/></Shape>
	    <String CONTENT="esc. III.239"
                    HPOS="118"
                    VPOS="356"
                    WIDTH="309"
                    HEIGHT="119"
                    WC="0.9845445801814398"></String>
          </TextLine>
          <TextLine ID="eSc_line_83ec0c61"
                    TAGREFS="LT33"
                    BASELINE="144 1422 402 1430" 
                    HPOS="141"
                    VPOS="1368"
                    WIDTH="175"
                    HEIGHT="99">
            <Shape><Polygon POINTS="257 1405 229 1416 226 1380 195 1385 147 1368 144 1422 141 1465 311 1467 316 1425 314 1371 285 1388"/></Shape>
	    <String CONTENT="associe"
                    HPOS="141"
                    VPOS="1368"
                    WIDTH="175"
                    HEIGHT="99"
                    WC="0.9983366131782532"></String>
          </TextLine>
          <TextLine ID="eSc_line_931a8524"
                    TAGREFS="LT33"
                    BASELINE="132 1476 376 1496" 
                    HPOS="226"
                    VPOS="1448"
                    WIDTH="150"
                    HEIGHT="84">
            <Shape><Polygon POINTS="226 1527 373 1532 376 1496 376 1448 226 1448 226 1496"/></Shape>
	    <String CONTENT="abiqe"
                    HPOS="226"
                    VPOS="1448"
                    WIDTH="150"
                    HEIGHT="84"
                    WC="0.9793511748313903"></String>
          </TextLine>
          <TextLine ID="eSc_line_9aa4eda8"
                    TAGREFS="LT33"
                    BASELINE="130 1544 452 1552" 
                    HPOS="127"
                    VPOS="1510"
                    WIDTH="325"
                    HEIGHT="68">
            <Shape><Polygon POINTS="130 1544 127 1578 449 1572 452 1552 452 1515 130 1510 130 1544"/></Shape>
	    <String CONTENT="qs au gouverne"
                    HPOS="127"
                    VPOS="1510"
                    WIDTH="325"
                    HEIGHT="68"
                    WC="0.9929824045726231"></String>
          </TextLine>
          <TextLine ID="eSc_line_f01aa785"
                    TAGREFS="LT33"
                    BASELINE="130 1603 455 1617" 
                    HPOS="127"
                    VPOS="1564"
                    WIDTH="328"
                    HEIGHT="79">
            <Shape><Polygon POINTS="130 1603 127 1634 449 1643 455 1617 455 1569 130 1564 130 1603"/></Shape>
	    <String CONTENT="l provisoire de"
                    HPOS="127"
                    VPOS="1564"
                    WIDTH="328"
                    HEIGHT="79"
                    WC="0.9665064255396525"></String>
          </TextLine>
          <TextLine ID="eSc_line_3101970f"
                    TAGREFS="LT33"
                    BASELINE="124 1660 415 1660" 
                    HPOS="124"
                    VPOS="1620"
                    WIDTH="291"
                    HEIGHT="71">
            <Shape><Polygon POINTS="124 1660 124 1691 415 1688 415 1660 415 1626 124 1620 124 1660"/></Shape>
	    <String CONTENT=" un manifeste"
                    HPOS="124"
                    VPOS="1620"
                    WIDTH="291"
                    HEIGHT="71"
                    WC="0.9716396561035743"></String>
          </TextLine>
          <TextLine ID="eSc_line_ad33fb99"
                    TAGREFS="LT33"
                    BASELINE="132 1711 424 1711" 
                    HPOS="132"
                    VPOS="1674"
                    WIDTH="292"
                    HEIGHT="71">
            <Shape><Polygon POINTS="132 1711 132 1745 424 1742 424 1711 421 1674 132 1674 132 1711"/></Shape>
	    <String CONTENT="a de déx de ses"
                    HPOS="132"
                    VPOS="1674"
                    WIDTH="292"
                    HEIGHT="71"
                    WC="0.9821573654810588"></String>
          </TextLine>
          <TextLine ID="eSc_line_3d3f5037"
                    TAGREFS="LT33"
                    BASELINE="130 1770 492 1773" 
                    HPOS="127"
                    VPOS="1730"
                    WIDTH="365"
                    HEIGHT="82">
            <Shape><Polygon POINTS="130 1770 127 1793 220 1812 223 1812 489 1801 492 1773 492 1730 130 1730 130 1770"/></Shape>
	    <String CONTENT="utes, iffirmant"
                    HPOS="127"
                    VPOS="1730"
                    WIDTH="365"
                    HEIGHT="82"
                    WC="0.999638565381368"></String>
          </TextLine>
          <TextLine ID="eSc_line_695b4c88"
                    TAGREFS="LT33"
                    BASELINE="124 1827 483 1835" 
                    HPOS="121"
                    VPOS="1790"
                    WIDTH="362"
                    HEIGHT="79">
            <Shape><Polygon POINTS="124 1827 121 1852 478 1869 483 1835 481 1790 124 1790 124 1827"/></Shape>
	    <String CONTENT="s les natious qui"
                    HPOS="121"
                    VPOS="1790"
                    WIDTH="362"
                    HEIGHT="79"
                    WC="0.9977127979783451"></String>
          </TextLine>
          <TextLine ID="eSc_line_84b1bfa2"
                    TAGREFS="LT33"
                    BASELINE="130 1886 387 1892" 
                    HPOS="127"
                    VPOS="1841"
                    WIDTH="260"
                    HEIGHT="90">
            <Shape><Polygon POINTS="130 1886 127 1920 251 1914 268 1928 271 1931 274 1931 277 1931 280 1931 282 1931 297 1928 333 1917 379 1928 387 1892 384 1846 130 1841 130 1886"/></Shape>
	    <String CONTENT="chent le plus"
                    HPOS="127"
                    VPOS="1841"
                    WIDTH="260"
                    HEIGHT="90"
                    WC="0.9991183968690726"></String>
          </TextLine>
          <TextLine ID="eSc_line_0dfd416d"
                    TAGREFS="LT33"
                    BASELINE="127 1948 469 1960" 
                    HPOS="124"
                    VPOS="1900"
                    WIDTH="345"
                    HEIGHT="91">
            <Shape><Polygon POINTS="127 1948 124 1979 464 1991 469 1960 466 1923 127 1900 127 1948"/></Shape>
	    <String CONTENT="à la France de¬"
                    HPOS="124"
                    VPOS="1900"
                    WIDTH="345"
                    HEIGHT="91"
                    WC="0.973383625348409"></String>
          </TextLine>
          <TextLine ID="eSc_line_d9f152df"
                    TAGREFS="LT33"
                    BASELINE="124 2013 466 2022" 
                    HPOS="121"
                    VPOS="1971"
                    WIDTH="345"
                    HEIGHT="90">
            <Shape><Polygon POINTS="124 2013 121 2050 461 2061 466 2022 464 1979 124 1971 124 2013"/></Shape>
	    <String CONTENT="les prunières à"
                    HPOS="121"
                    VPOS="1971"
                    WIDTH="345"
                    HEIGHT="90"
                    WC="0.9859855882823467"></String>
          </TextLine>
          <TextLine ID="eSc_line_a000ec9d"
                    TAGREFS="LT33"
                    BASELINE="118 2081 447 2090" 
                    HPOS="116"
                    VPOS="2036"
                    WIDTH="331"
                    HEIGHT="88">
            <Shape><Polygon POINTS="118 2081 116 2109 130 2121 132 2121 135 2121 138 2121 212 2107 215 2107 234 2124 237 2124 240 2124 243 2124 246 2124 285 2112 297 2109 441 2121 447 2090 444 2042 118 2036 118 2081"/></Shape>
	    <String CONTENT="inoe dans la"
                    HPOS="116"
                    VPOS="2036"
                    WIDTH="331"
                    HEIGHT="88"
                    WC="0.9886991779009501"></String>
          </TextLine>
          <TextLine ID="eSc_line_18acc2ba"
                    TAGREFS="LT33"
                    BASELINE="121 2141 415 2152" 
                    HPOS="121"
                    VPOS="2104"
                    WIDTH="294"
                    HEIGHT="90">
            <Shape><Polygon POINTS="121 2141 121 2183 169 2172 192 2183 206 2189 209 2189 353 2194 356 2194 359 2194 413 2177 415 2152 415 2115 121 2104 121 2141"/></Shape>
	    <String CONTENT="euse oùelle"
                    HPOS="121"
                    VPOS="2104"
                    WIDTH="294"
                    HEIGHT="90"
                    WC="0.9997290589592673"></String>
          </TextLine>
          <TextLine ID="eSc_line_60bb4e6c"
                    TAGREFS="LT33"
                    BASELINE="121 2206 441 2208" 
                    HPOS="118"
                    VPOS="2163"
                    WIDTH="323"
                    HEIGHT="91">
            <Shape><Polygon POINTS="121 2206 118 2225 435 2254 441 2208 438 2163 121 2163 121 2206"/></Shape>
	    <String CONTENT="(d&#x27; entres&quot;)"
                    HPOS="118"
                    VPOS="2163"
                    WIDTH="323"
                    HEIGHT="91"
                    WC="0.9895822107791901"></String>
          </TextLine>
          <TextLine ID="eSc_line_abcc3de9"
                    TAGREFS="LT31"
                    BASELINE="147 2276 200 2279" 
                    HPOS="141"
                    VPOS="2228"
                    WIDTH="59"
                    HEIGHT="91">
            <Shape><Polygon POINTS="147 2276 141 2305 192 2319 200 2279 200 2237 147 2228 147 2276"/></Shape>
	    <String CONTENT=""
                    HPOS="141"
                    VPOS="2228"
                    WIDTH="59"
                    HEIGHT="91"></String>
          </TextLine>
          <TextLine ID="eSc_line_905219d4"
                    TAGREFS="LT31"
                    BASELINE="118 2337 434 2363" 
                    HPOS="135"
                    VPOS="2282"
                    WIDTH="235"
                    HEIGHT="105">
            <Shape><Polygon POINTS="135 2364 212 2361 249 2375 265 2384 268 2384 271 2387 365 2387 370 2356 370 2313 141 2282 138 2339"/></Shape>
	    <String CONTENT=" I, 182 sis"
                    HPOS="135"
                    VPOS="2282"
                    WIDTH="235"
                    HEIGHT="105"
                    WC="0.9097057364203713"></String>
          </TextLine>
          <TextLine ID="eSc_line_328ad7fb"
                    TAGREFS="LT31"
                    BASELINE="118 2406 489 2431" 
                    HPOS="116"
                    VPOS="2364"
                    WIDTH="316"
                    HEIGHT="88">
            <Shape><Polygon POINTS="116 2449 427 2452 432 2421 432 2372 118 2364 118 2406"/></Shape>
	    <String CONTENT="mars (sie) a"
                    HPOS="116"
                    VPOS="2364"
                    WIDTH="316"
                    HEIGHT="88"
                    WC="0.9414160996675491"></String>
          </TextLine>
          <TextLine ID="eSc_line_d6094b00"
                    TAGREFS="LT31"
                    BASELINE="99 2469 242 2486 242 2486 417 2481" 
                    HPOS="96"
                    VPOS="2421"
                    WIDTH="124"
                    HEIGHT="93">
            <Shape><Polygon POINTS="96 2497 215 2514 220 2477 220 2432 101 2421 99 2469"/></Shape>
	    <String CONTENT="unt"
                    HPOS="96"
                    VPOS="2421"
                    WIDTH="124"
                    HEIGHT="93"
                    WC="0.9999944368998209"></String>
          </TextLine>
          <TextLine ID="eSc_line_bd045dba"
                    TAGREFS="LT31"
                    BASELINE="116 2544 246 2529" 
                    HPOS="110"
                    VPOS="2477"
                    WIDTH="65"
                    HEIGHT="88">
            <Shape><Polygon POINTS="110 2565 169 2559 175 2522 175 2480 116 2477 116 2517"/></Shape>
	    <String CONTENT="8"
                    HPOS="110"
                    VPOS="2477"
                    WIDTH="65"
                    HEIGHT="88"
                    WC="0.9999492168426514"></String>
          </TextLine>
          <TextLine ID="eSc_line_2b7664cd"
                    TAGREFS="LT31"
                    BASELINE="108 2598 266 2549" 
                    HPOS="108"
                    VPOS="2549"
                    WIDTH="158"
                    HEIGHT="49">
	    <String CONTENT=""
                    HPOS="108"
                    VPOS="2549"
                    WIDTH="158"
                    HEIGHT="49"></String>
          </TextLine>
          <TextLine ID="eSc_line_d14bec20"
                    TAGREFS="LT31"
                    BASELINE="116 2640 288 2576" 
                    HPOS="116"
                    VPOS="2576"
                    WIDTH="172"
                    HEIGHT="64">
	    <String CONTENT=""
                    HPOS="116"
                    VPOS="2576"
                    WIDTH="172"
                    HEIGHT="64"></String>
          </TextLine>
          <TextLine ID="eSc_line_45d67adc"
                    TAGREFS="LT31"
                    BASELINE="130 2903 320 2915" 
                    HPOS="130"
                    VPOS="2903"
                    WIDTH="190"
                    HEIGHT="12">
	    <String CONTENT=""
                    HPOS="130"
                    VPOS="2903"
                    WIDTH="190"
                    HEIGHT="12"></String>
          </TextLine>
        </TextBlock>
      </PrintSpace>
    </Page>
  </Layout>
</alto>
