<?xml version="1.0" encoding="UTF-8"?>
<alto xmlns:xsi="http://www.w3.org/2001/XMLSchema-instance"
      xmlns="http://www.loc.gov/standards/alto/ns-v4#"
      xsi:schemaLocation="http://www.loc.gov/standards/alto/ns-v4# http://www.loc.gov/standards/alto/v4/alto-4-2.xsd">
  <Description>
    <MeasurementUnit>pixel</MeasurementUnit>
    <sourceImageInformation>
      <fileName>ARCH-DIV-000496_0113.png</fileName>
    </sourceImageInformation>
  </Description>
  <Tags>
    <OtherTag ID="BT42" LABEL="MainZone" DESCRIPTION="block type MainZone"/><OtherTag ID="BT43" LABEL="MarginTextZone" DESCRIPTION="block type MarginTextZone"/><OtherTag ID="BT44" LABEL="NumberingZone" DESCRIPTION="block type NumberingZone"/><OtherTag ID="BT45" LABEL="TitlePageZone" DESCRIPTION="block type TitlePageZone"/><OtherTag ID="BT46" LABEL="CustomZone:Numbering" DESCRIPTION="block type CustomZone:Numbering"/><OtherTag ID="BT49" LABEL="MarginTextZone:lower" DESCRIPTION="block type MarginTextZone:lower"/>
    <OtherTag ID="LT25" LABEL="default" DESCRIPTION="line type default"/><OtherTag ID="LT31" LABEL="DefaultLine" DESCRIPTION="line type DefaultLine"/><OtherTag ID="LT32" LABEL="HeadingLine" DESCRIPTION="line type HeadingLine"/><OtherTag ID="LT33" LABEL="InterlinearLine:addition" DESCRIPTION="line type InterlinearLine:addition"/><OtherTag ID="LT34" LABEL="InterlinearLine:correction" DESCRIPTION="line type InterlinearLine:correction"/>
  </Tags>
  <Layout>
    <Page WIDTH="2790"
          HEIGHT="3349"
          PHYSICAL_IMG_NR="112"
          ID="eSc_dummypage_">
      <PrintSpace HPOS="0"
                  VPOS="0"
                  WIDTH="2790"
                  HEIGHT="3349">
        <TextBlock HPOS="139"
                   VPOS="56"
                   WIDTH="299"
                   HEIGHT="117"
                   ID="eSc_textblock_6b325d3d"
                   TAGREFS="BT44">
          <Shape><Polygon POINTS="139 56 139 173 438 173 438 56"/></Shape>
          <TextLine ID="eSc_line_f8e3de02"
                    TAGREFS="LT31"
                    BASELINE="203 133 346 125" 
                    HPOS="198"
                    VPOS="75"
                    WIDTH="148"
                    HEIGHT="134">
            <Shape><Polygon POINTS="284 122 256 122 229 131 215 80 198 80 203 133 206 209 346 195 346 125 340 75 307 75 284 122"/></Shape>
	    <String CONTENT="37)"
                    HPOS="198"
                    VPOS="75"
                    WIDTH="148"
                    HEIGHT="134"
                    WC="0.9992218216260275"></String>
          </TextLine>
        </TextBlock>
        <TextBlock HPOS="78"
                   VPOS="178"
                   WIDTH="471"
                   HEIGHT="3084"
                   ID="eSc_textblock_3d462d7b"
                   TAGREFS="BT43">
          <Shape><Polygon POINTS="100 178 78 3207 427 3262 549 178"/></Shape>
          <TextLine ID="eSc_line_700ffddf"
                    TAGREFS="LT34"
                    BASELINE="139 248 443 233" 
                    HPOS="136"
                    VPOS="200"
                    WIDTH="249"
                    HEIGHT="79">
            <Shape><Polygon POINTS="139 279 382 259 385 237 377 200 136 203 139 248"/></Shape>
	    <String CONTENT="(l&#x27;Auvers."
                    HPOS="136"
                    VPOS="200"
                    WIDTH="249"
                    HEIGHT="79"
                    WC="0.9805383324623108"></String>
          </TextLine>
          <TextLine ID="eSc_line_783b5dbe"
                    TAGREFS="LT34"
                    BASELINE="143 299 519 287" 
                    HPOS="156"
                    VPOS="256"
                    WIDTH="363"
                    HEIGHT="81">
            <Shape><Polygon POINTS="463 279 435 290 416 256 156 256 159 301 159 337 516 318 519 287 513 267 491 273"/></Shape>
	    <String CONTENT="Jacques Kars."
                    HPOS="156"
                    VPOS="256"
                    WIDTH="363"
                    HEIGHT="81"
                    WC="0.9999858966240516"></String>
          </TextLine>
          <TextLine ID="eSc_line_618ce69f"
                    TAGREFS="LT31"
                    BASELINE="249 513 258 1194" 
                    HPOS="249"
                    VPOS="513"
                    WIDTH="9"
                    HEIGHT="681">
	    <String CONTENT=""
                    HPOS="249"
                    VPOS="513"
                    WIDTH="9"
                    HEIGHT="681"></String>
          </TextLine>
          <TextLine ID="eSc_line_0e522420"
                    TAGREFS="LT31"
                    BASELINE="309 512 302 1395" 
                    HPOS="302"
                    VPOS="512"
                    WIDTH="7"
                    HEIGHT="883">
	    <String CONTENT=""
                    HPOS="302"
                    VPOS="512"
                    WIDTH="7"
                    HEIGHT="883"></String>
          </TextLine>
          <TextLine ID="eSc_line_58826b31"
                    TAGREFS="LT31"
                    BASELINE="376 536 352 1411" 
                    HPOS="352"
                    VPOS="536"
                    WIDTH="24"
                    HEIGHT="875">
	    <String CONTENT=""
                    HPOS="352"
                    VPOS="536"
                    WIDTH="24"
                    HEIGHT="875"></String>
          </TextLine>
          <TextLine ID="eSc_line_97979436"
                    TAGREFS="LT31"
                    BASELINE="441 583 412 1404" 
                    HPOS="412"
                    VPOS="583"
                    WIDTH="29"
                    HEIGHT="821">
	    <String CONTENT=""
                    HPOS="412"
                    VPOS="583"
                    WIDTH="29"
                    HEIGHT="821"></String>
          </TextLine>
          <TextLine ID="eSc_line_360d462d"
                    TAGREFS="LT31"
                    BASELINE="103 2268 419 2308" 
                    HPOS="92"
                    VPOS="2188"
                    WIDTH="164"
                    HEIGHT="131">
            <Shape><Polygon POINTS="150 2232 142 2201 92 2210 103 2268 114 2319 256 2280 251 2241 240 2188 181 2196 175 2204"/></Shape>
	    <String CONTENT="et I"
                    HPOS="92"
                    VPOS="2188"
                    WIDTH="164"
                    HEIGHT="131"
                    WC="0.997670978307724"></String>
          </TextLine>
          <TextLine ID="eSc_line_928e5293"
                    TAGREFS="LT31"
                    BASELINE="86 3128 314 3166" 
                    HPOS="78"
                    VPOS="3039"
                    WIDTH="162"
                    HEIGHT="131">
            <Shape><Polygon POINTS="89 3170 240 3167 237 3111 223 3039 159 3058 78 3053 86 3128"/></Shape>
	    <String CONTENT="25I"
                    HPOS="78"
                    VPOS="3039"
                    WIDTH="162"
                    HEIGHT="131"
                    WC="0.999983032544454"></String>
          </TextLine>
        </TextBlock>
        <TextBlock HPOS="420"
                   VPOS="0"
                   WIDTH="2302"
                   HEIGHT="3349"
                   ID="eSc_textblock_daef07be"
                   TAGREFS="BT42">
          <Shape><Polygon POINTS="564 6 420 3349 2722 3339 2722 0"/></Shape>
          <TextLine ID="eSc_line_faa76168"
                    TAGREFS="LT31"
                    BASELINE="580 97 1047 89 2429 103 2683 117" 
                    HPOS="578"
                    VPOS="30"
                    WIDTH="2105"
                    HEIGHT="115">
            <Shape><Polygon POINTS="2644 58 2616 53 2588 53 2560 53 2533 53 2505 53 2491 50 2404 55 2379 47 2365 47 2337 47 2334 47 2315 64 1915 47 1913 47 1910 47 1871 64 1815 64 1739 64 1737 61 1720 47 1717 47 1714 47 1711 47 1656 58 1628 41 1625 41 1622 41 1619 41 1410 58 1401 58 1390 58 1066 30 1064 30 994 44 938 33 935 33 932 33 930 33 899 53 809 33 801 36 773 39 751 39 720 53 606 53 580 53 580 97 578 122 2678 145 2683 117 2683 89 2672 80"/></Shape>
	    <String CONTENT="sur l&#x27;appui &lt; &lt;....&gt; sur la sympathie de la boursevine &lt;..&gt;"
                    HPOS="578"
                    VPOS="30"
                    WIDTH="2105"
                    HEIGHT="115"
                    WC="0.9481080245163481"></String>
          </TextLine>
          <TextLine ID="eSc_line_7a110972"
                    TAGREFS="LT34"
                    BASELINE="1058 53 1406 55" 
                    HPOS="1114"
                    VPOS="22"
                    WIDTH="282"
                    HEIGHT="56">
            <Shape><Polygon POINTS="1337 27 1309 27 1281 27 1253 25 1226 25 1198 25 1170 25 1142 25 1114 22 1117 53 1117 75 1390 78 1396 47 1390 27 1365 27"/></Shape>
	    <String CONTENT="du merus"
                    HPOS="1114"
                    VPOS="22"
                    WIDTH="282"
                    HEIGHT="56"
                    WC="0.9938655942678452"></String>
          </TextLine>
          <TextLine ID="eSc_line_be2ec341"
                    TAGREFS="LT34"
                    BASELINE="2378 70 2639 61" 
                    HPOS="2359"
                    VPOS="47"
                    WIDTH="280"
                    HEIGHT="50">
            <Shape><Polygon POINTS="2583 53 2555 53 2527 53 2499 50 2471 50 2443 50 2415 50 2387 50 2359 47 2362 72 2362 97 2390 97 2418 97 2429 97 2639 86 2639 61 2636 53 2611 53"/></Shape>
	    <String CONTENT="erames"
                    HPOS="2359"
                    VPOS="47"
                    WIDTH="280"
                    HEIGHT="50"
                    WC="0.9718218644460043"></String>
          </TextLine>
          <TextLine ID="eSc_line_4f98de51"
                    TAGREFS="LT31"
                    BASELINE="564 178 857 161 2661 170" 
                    HPOS="564"
                    VPOS="108"
                    WIDTH="2097"
                    HEIGHT="95">
            <Shape><Polygon POINTS="564 131 564 178 564 198 1569 186 1614 200 1617 200 1619 200 1622 200 1630 200 1742 186 1851 200 1860 200 1862 203 2658 203 2661 170 2658 131 2309 114 2306 114 2304 114 2276 128 2270 128 2153 114 2150 114 2147 114 2111 128 2108 128 2097 128 1952 114 1949 114 1946 114 1901 128 1896 128 1583 128 1583 125 1566 111 1563 111 1561 111 1558 111 1170 125 1142 125 1119 125 868 111 865 111 862 111 832 125 829 125 826 125 781 108 779 108 776 108 566 122 564 131"/></Shape>
	    <String CONTENT="sicale, dont les représentants les plus convaincus étaient en rapports"
                    HPOS="564"
                    VPOS="108"
                    WIDTH="2097"
                    HEIGHT="95"
                    WC="0.9934517196246556"></String>
          </TextLine>
          <TextLine ID="eSc_line_5ddfe265"
                    TAGREFS="LT31"
                    BASELINE="586 231 1304 220 2658 231" 
                    HPOS="583"
                    VPOS="175"
                    WIDTH="2075"
                    HEIGHT="95">
            <Shape><Polygon POINTS="586 231 583 265 1220 267 1223 267 1226 267 1242 262 1284 251 1365 262 1413 267 1415 267 1547 262 1734 251 1770 259 1790 265 1792 265 1795 265 2214 256 2326 256 2331 256 2379 270 2382 270 2385 270 2655 253 2658 231 2655 195 1804 178 1801 178 1798 178 1795 178 1779 192 1776 192 1759 192 1636 175 1633 175 586 186 586 231"/></Shape>
	    <String CONTENT="avec un energique dimocrate &lt;......&gt;. au mois de novem¬"
                    HPOS="583"
                    VPOS="175"
                    WIDTH="2075"
                    HEIGHT="95"
                    WC="0.9676062800667503"></String>
          </TextLine>
          <TextLine ID="eSc_line_09357120"
                    TAGREFS="LT31"
                    BASELINE="566 298 1488 287 2658 301" 
                    HPOS="564"
                    VPOS="240"
                    WIDTH="2094"
                    HEIGHT="86">
            <Shape><Polygon POINTS="566 298 564 320 2653 326 2658 301 2655 259 2580 242 2577 242 2507 256 2507 259 2094 259 2091 256 2052 242 2049 242 2047 242 2044 242 1994 256 1991 256 1974 242 1971 242 1968 242 1818 242 1815 242 1812 242 1809 242 1792 256 1787 256 1725 242 1723 242 1658 256 1653 256 1650 256 1633 240 1630 240 1628 240 1625 240 566 251 566 298"/></Shape>
	    <String CONTENT="bre 1843, un groupe d&#x27;onvriers saisissait les Chambres d&#x27;une péti¬"
                    HPOS="564"
                    VPOS="240"
                    WIDTH="2094"
                    HEIGHT="86"
                    WC="0.9923093418280283"></String>
          </TextLine>
          <TextLine ID="eSc_line_df9a90f7"
                    TAGREFS="LT31"
                    BASELINE="572 365 1002 354 2639 357" 
                    HPOS="569"
                    VPOS="309"
                    WIDTH="2070"
                    HEIGHT="87">
            <Shape><Polygon POINTS="572 365 572 393 927 393 927 390 930 390 932 390 949 376 1186 376 1242 390 1253 393 1256 393 1259 393 1262 393 1273 390 1329 376 1354 390 1357 393 1360 393 1362 393 1365 396 1432 396 1432 393 1435 393 1438 393 1441 390 1457 376 1636 376 1678 390 1689 393 1692 393 1695 393 1728 390 1846 376 1924 390 1946 393 1949 396 2304 396 2304 393 2329 390 2396 376 2633 387 2639 357 2636 318 569 309 572 365"/></Shape>
	    <String CONTENT="tion réclamant des moyens d&#x27;existence, l&#x27;exemption de tous"
                    HPOS="569"
                    VPOS="309"
                    WIDTH="2070"
                    HEIGHT="87"
                    WC="0.9954233765602112"></String>
          </TextLine>
          <TextLine ID="eSc_line_0935bd5e"
                    TAGREFS="LT31"
                    BASELINE="558 432 2630 410" 
                    HPOS="555"
                    VPOS="368"
                    WIDTH="2075"
                    HEIGHT="92">
            <Shape><Polygon POINTS="558 432 558 460 2630 440 2630 410 2622 368 555 390 558 432"/></Shape>
	    <String CONTENT="les impôt de consommation, l&#x27;oboissement ds censélechoral"
                    HPOS="555"
                    VPOS="368"
                    WIDTH="2075"
                    HEIGHT="92"
                    WC="0.9950623669122395"></String>
          </TextLine>
          <TextLine ID="eSc_line_7bdad227"
                    TAGREFS="LT31"
                    BASELINE="555 499 2622 482" 
                    HPOS="555"
                    VPOS="429"
                    WIDTH="2067"
                    HEIGHT="106">
            <Shape><Polygon POINTS="555 519 854 535 857 535 860 535 902 519 916 516 971 519 1136 533 1139 533 1273 519 1337 513 1385 519 1427 524 1429 524 1561 519 1742 510 1756 519 1767 527 1770 527 1773 527 1776 527 1871 519 1982 507 2016 519 2035 524 2038 524 2041 524 2407 519 2410 519 2412 519 2435 505 2616 516 2622 482 2614 429 2069 446 2038 432 2033 429 2030 429 2027 429 2024 429 2016 432 1977 446 1949 432 1943 429 1940 429 1938 429 1935 429 1932 429 1932 432 1929 432 1913 449 1642 435 1594 432 1591 432 1589 432 1583 435 1536 452 1337 435 1318 435 1315 435 1312 435 1307 435 1231 457 1145 457 1117 438 1114 438 1111 438 1108 438 1103 438 837 457 633 440 631 440 628 440 625 440 622 440 597 457 555 440 555 499 555 519"/></Shape>
	    <String CONTENT="et l&#x27;organisation du travail. En 1845, des typographes bmpl¬"
                    HPOS="555"
                    VPOS="429"
                    WIDTH="2067"
                    HEIGHT="106"
                    WC="0.992627943555514"></String>
          </TextLine>
          <TextLine ID="eSc_line_bc3f6bec"
                    TAGREFS="LT31"
                    BASELINE="558 572 2625 552" 
                    HPOS="555"
                    VPOS="499"
                    WIDTH="2070"
                    HEIGHT="98">
            <Shape><Polygon POINTS="558 572 558 597 2622 580 2625 552 2616 499 2412 516 2343 502 2329 499 2326 499 2323 499 2315 502 2267 519 2077 505 2033 502 2030 502 2027 502 2016 505 1963 524 1818 524 1787 507 1779 505 1776 505 1773 505 1770 505 1762 507 1728 527 1329 527 1307 513 1304 510 1301 510 1298 510 1295 510 1181 516 846 533 793 519 776 516 773 516 770 516 768 516 756 521 723 533 555 524 558 572"/></Shape>
	    <String CONTENT="lois démandaient les mêmes réforines. &lt; &#x27;al¬"
                    HPOS="555"
                    VPOS="499"
                    WIDTH="2070"
                    HEIGHT="98"
                    WC="0.9712387729774822"></String>
          </TextLine>
          <TextLine ID="eSc_line_8aea0610"
                    TAGREFS="LT31"
                    BASELINE="552 639 2619 630" 
                    HPOS="550"
                    VPOS="574"
                    WIDTH="2069"
                    HEIGHT="90">
            <Shape><Polygon POINTS="552 639 552 664 2616 650 2619 630 2614 594 2519 574 2516 574 2513 574 2471 594 2200 594 2181 574 2178 574 2175 574 2172 574 2086 591 1929 574 1927 574 1924 574 1851 594 1787 577 1784 577 1781 577 1779 577 1723 591 1664 577 1661 577 1658 577 1656 577 1653 577 1625 594 1594 577 1591 577 1393 577 1390 577 1240 597 1217 580 1214 580 1212 580 1209 580 969 597 854 580 851 580 849 580 809 600 550 600 552 639"/></Shape>
	    <String CONTENT="manach populaire publié par Kals en 1814, en frauçais et en"
                    HPOS="550"
                    VPOS="574"
                    WIDTH="2069"
                    HEIGHT="90"
                    WC="0.9900446241184816"></String>
          </TextLine>
          <TextLine ID="eSc_line_397069a1"
                    TAGREFS="LT31"
                    BASELINE="566 717 935 703 2630 706" 
                    HPOS="564"
                    VPOS="650"
                    WIDTH="2066"
                    HEIGHT="95">
            <Shape><Polygon POINTS="566 717 566 745 781 731 896 742 899 742 902 742 943 725 1122 725 1156 742 1159 742 1161 742 1164 745 1240 745 1240 742 1242 742 1245 742 1265 725 1340 739 1357 742 1360 742 1379 739 1466 725 1700 725 1745 736 1767 742 1770 742 1773 742 2628 728 2630 706 2628 664 2345 650 2343 650 2153 664 2142 664 2139 664 2122 650 2119 650 2116 650 2114 650 2111 650 2108 650 2091 664 2089 667 1915 667 1910 664 1801 650 1798 650 1795 650 1762 664 1658 650 1656 650 1513 664 1469 650 1466 650 1463 650 1460 650 1410 664 1318 650 1315 650 1156 664 1089 650 1086 650 1083 650 1024 664 988 650 985 650 983 650 910 664 890 650 888 650 885 650 882 650 879 650 876 650 860 667 687 667 614 650 611 650 608 650 564 667 566 717"/></Shape>
	    <String CONTENT="flamand, allait jusqu&#x27;à proier le suffiage universel et l&#x27;admi¬"
                    HPOS="564"
                    VPOS="650"
                    WIDTH="2066"
                    HEIGHT="95"
                    WC="0.993191534653306"></String>
          </TextLine>
          <TextLine ID="eSc_line_5cffeb48"
                    TAGREFS="LT31"
                    BASELINE="550 787 2591 770" 
                    HPOS="547"
                    VPOS="717"
                    WIDTH="2044"
                    HEIGHT="89">
            <Shape><Polygon POINTS="550 787 550 806 2588 806 2591 770 2586 731 2253 717 2250 717 2248 717 2245 717 2220 733 2214 736 1885 736 1879 736 1851 722 1848 722 1846 722 1843 722 1790 736 1787 736 1770 722 1767 722 1765 722 1762 722 1759 722 1709 736 1706 736 1650 722 1647 722 1644 722 1642 722 1639 722 1619 736 1572 722 1569 722 1566 722 1491 739 1482 739 1466 739 1326 725 1323 725 1320 725 1318 725 1301 739 1220 728 1217 728 1041 742 1027 742 1024 742 988 728 985 728 983 728 547 745 550 787"/></Shape>
	    <String CONTENT="nistration de l&#x27;industrie par l&#x27;Etat. L&#x27;année suivante, un"
                    HPOS="547"
                    VPOS="717"
                    WIDTH="2044"
                    HEIGHT="89"
                    WC="0.9997261783172344"></String>
          </TextLine>
          <TextLine ID="eSc_line_822ffd04"
                    TAGREFS="LT31"
                    BASELINE="550 859 938 848 2614 851" 
                    HPOS="550"
                    VPOS="792"
                    WIDTH="2064"
                    HEIGHT="89">
            <Shape><Polygon POINTS="550 859 550 881 2611 876 2614 851 2611 806 2482 792 2480 792 2354 806 2334 806 2326 806 2267 792 2264 792 2262 792 2259 792 2245 806 2242 809 1988 809 1982 806 1932 792 1929 792 1927 792 1868 806 1860 806 1851 806 1762 792 1759 792 1698 806 1692 806 1684 806 1575 792 1572 792 1496 806 1494 806 1491 806 1455 792 1452 792 1449 792 1446 792 1393 806 1365 792 1362 792 1186 792 1184 792 1181 792 1153 806 1105 792 1103 792 1100 792 1097 792 1038 806 1019 792 1016 792 1013 792 1010 792 896 806 893 806 773 792 770 792 768 792 765 792 745 806 745 809 550 809 550 859"/></Shape>
	    <String CONTENT="pamphl et extortait le piuple de Gand à aller remontrer sa Mui¬"
                    HPOS="550"
                    VPOS="792"
                    WIDTH="2064"
                    HEIGHT="89"
                    WC="0.9869954245431083"></String>
          </TextLine>
          <TextLine ID="eSc_line_a1a84581"
                    TAGREFS="LT31"
                    BASELINE="547 934 1178 920 2636 915" 
                    HPOS="544"
                    VPOS="862"
                    WIDTH="2092"
                    HEIGHT="86">
            <Shape><Polygon POINTS="547 934 547 948 2636 948 2636 915 2622 862 2602 876 2426 865 2399 865 2396 865 2365 867 2203 879 2164 867 2136 862 2133 862 2130 862 2061 870 1985 879 1893 873 1784 865 1781 865 1779 865 1776 865 1765 873 1751 881 1619 876 1374 865 1371 865 1368 865 1323 879 1307 884 1281 881 1223 870 1220 870 1064 884 1038 884 1030 884 957 867 955 867 768 887 754 890 653 890 617 890 580 870 578 870 575 870 572 870 569 870 544 881 547 934"/></Shape>
	    <String CONTENT="sère au roi et engageait les troupes à ne pas tirer sur les mani¬"
                    HPOS="544"
                    VPOS="862"
                    WIDTH="2092"
                    HEIGHT="86"
                    WC="0.9994557564075176"></String>
          </TextLine>
          <TextLine ID="eSc_line_fd16d97c"
                    TAGREFS="LT31"
                    BASELINE="558 1004 2600 982" 
                    HPOS="555"
                    VPOS="929"
                    WIDTH="2045"
                    HEIGHT="111">
            <Shape><Polygon POINTS="558 1004 561 1040 608 1027 781 1038 784 1038 787 1038 790 1038 818 1021 980 1035 983 1035 1136 1018 1164 1032 1167 1032 1170 1032 1438 1018 1572 1029 1575 1029 1577 1029 1658 1013 1873 1024 1876 1024 1879 1024 1918 1010 2594 1018 2600 982 2594 948 2385 948 2312 929 2309 929 2306 929 2304 929 2264 948 2108 937 2105 937 2038 951 1952 932 1949 932 1946 932 1943 932 1913 954 1703 954 1664 932 1661 932 1658 932 1577 932 1575 932 1382 934 1379 934 1376 934 1343 957 1279 946 1276 946 1273 946 1240 960 1114 937 1111 937 1108 937 1061 962 952 940 949 940 723 965 687 946 684 946 681 946 555 968 558 1004"/></Shape>
	    <String CONTENT="festants. A Bruyelles, des neclngs auveiers cherchaient &lt;......&gt;"
                    HPOS="555"
                    VPOS="929"
                    WIDTH="2045"
                    HEIGHT="111"
                    WC="0.9552841065451503"></String>
          </TextLine>
          <TextLine ID="eSc_line_e0fa1bf3"
                    TAGREFS="LT33"
                    BASELINE="1311 953 1626 955" 
                    HPOS="1311"
                    VPOS="953"
                    WIDTH="315"
                    HEIGHT="2">
	    <String CONTENT=""
                    HPOS="1311"
                    VPOS="953"
                    WIDTH="315"
                    HEIGHT="2"></String>
          </TextLine>
          <TextLine ID="eSc_line_0d89e475"
                    TAGREFS="LT31"
                    BASELINE="547 1074 2605 1038" 
                    HPOS="544"
                    VPOS="999"
                    WIDTH="2061"
                    HEIGHT="97">
            <Shape><Polygon POINTS="547 1074 547 1096 2605 1071 2605 1038 2600 1004 1974 999 1971 999 1806 1015 1658 1004 1656 1004 1491 1024 569 1024 566 1024 564 1024 561 1024 544 1032 547 1074"/></Shape>
	    <String CONTENT="&lt;...... ....&gt; vainement à &lt;........ . ...&gt;"
                    HPOS="544"
                    VPOS="999"
                    WIDTH="2061"
                    HEIGHT="97"
                    WC="0.922920192396918"></String>
          </TextLine>
          <TextLine ID="eSc_line_2a8ca40b"
                    TAGREFS="LT31"
                    BASELINE="544 1141 2602 1105" 
                    HPOS="541"
                    VPOS="1066"
                    WIDTH="2061"
                    HEIGHT="100">
            <Shape><Polygon POINTS="544 1141 544 1166 2600 1127 2602 1105 2594 1066 541 1096 544 1141"/></Shape>
	    <String CONTENT="&lt;....... intiresser les ouvriers aux doctimes so¬"
                    HPOS="541"
                    VPOS="1066"
                    WIDTH="2061"
                    HEIGHT="100"
                    WC="0.9726051797672194"></String>
          </TextLine>
          <TextLine ID="eSc_line_b4aed856"
                    TAGREFS="LT31"
                    BASELINE="541 1211 2616 1172" 
                    HPOS="539"
                    VPOS="1124"
                    WIDTH="2077"
                    HEIGHT="112">
            <Shape><Polygon POINTS="541 1211 541 1236 2614 1197 2616 1172 2611 1138 2318 1124 2315 1124 2178 1144 2158 1144 2142 1144 2019 1130 2016 1130 1899 1147 1868 1149 1815 1147 1630 1138 1628 1138 1625 1138 1586 1149 1569 1155 1541 1152 1477 1141 1474 1141 1471 1141 1438 1152 1421 1158 1385 1152 1334 1147 1332 1147 1279 1155 1237 1160 1198 1155 1145 1149 1142 1149 1080 1158 1033 1163 1016 1158 988 1149 985 1149 983 1149 539 1163 541 1211"/></Shape>
	    <String CONTENT="cialistes qu&#x27;ils ne pouvaient comprendre. C&#x27;étaient là semences"
                    HPOS="539"
                    VPOS="1124"
                    WIDTH="2077"
                    HEIGHT="112"
                    WC="0.9931049086153507"></String>
          </TextLine>
          <TextLine ID="eSc_line_664e5bfe"
                    TAGREFS="LT31"
                    BASELINE="536 1280 2641 1247" 
                    HPOS="533"
                    VPOS="1194"
                    WIDTH="2108"
                    HEIGHT="117">
            <Shape><Polygon POINTS="536 1280 536 1311 2641 1275 2641 1247 2636 1194 2480 1194 2477 1194 2474 1194 2471 1194 2471 1197 2446 1214 2326 1200 2298 1197 2295 1197 2292 1197 2278 1200 2220 1216 2102 1205 2077 1202 2075 1202 2058 1205 1991 1219 1885 1208 1840 1205 1837 1205 1834 1205 1812 1211 1753 1225 1658 1214 1650 1214 1647 1214 1642 1214 1583 1227 1538 1216 1516 1211 1513 1211 1510 1211 1471 1216 1407 1230 1374 1219 1357 1214 1354 1214 1351 1214 1348 1214 1346 1214 1337 1219 1318 1233 1217 1233 1195 1222 1181 1216 1178 1216 1175 1216 1172 1216 1170 1216 1159 1225 1142 1233 983 1227 868 1225 865 1225 862 1225 835 1230 801 1239 773 1233 726 1222 723 1222 720 1222 717 1222 717 1225 706 1233 695 1244 622 1244 614 1236 600 1225 597 1225 594 1225 592 1225 533 1236 536 1280"/></Shape>
	    <String CONTENT="tombant sur la piesse. &lt;...... ..........&gt;"
                    HPOS="533"
                    VPOS="1194"
                    WIDTH="2108"
                    HEIGHT="117"
                    WC="0.9298622111479441"></String>
          </TextLine>
          <TextLine ID="eSc_line_e5c3b8ab"
                    TAGREFS="LT31"
                    BASELINE="541 1350 2655 1317" 
                    HPOS="539"
                    VPOS="1269"
                    WIDTH="2116"
                    HEIGHT="115">
            <Shape><Polygon POINTS="541 1350 541 1384 2653 1345 2655 1317 2647 1269 539 1308 541 1350"/></Shape>
	    <String CONTENT="peuple, &lt;.&gt; engourdi dans sa misère et son éqnorance ne rè¬"
                    HPOS="539"
                    VPOS="1269"
                    WIDTH="2116"
                    HEIGHT="115"
                    WC="0.980352987677364"></String>
          </TextLine>
          <TextLine ID="eSc_line_c7885f65"
                    TAGREFS="LT31"
                    BASELINE="533 1420 2608 1389" 
                    HPOS="530"
                    VPOS="1345"
                    WIDTH="2078"
                    HEIGHT="106">
            <Shape><Polygon POINTS="533 1420 533 1451 2605 1423 2608 1389 2600 1345 530 1381 533 1420"/></Shape>
	    <String CONTENT="pondait que par l&#x27;inertie aux défenseurs de sa propre cause. Se"
                    HPOS="530"
                    VPOS="1345"
                    WIDTH="2078"
                    HEIGHT="106"
                    WC="0.9717149270905389"></String>
          </TextLine>
          <TextLine ID="eSc_line_4bdaac62"
                    TAGREFS="LT31"
                    BASELINE="530 1490 2616 1456" 
                    HPOS="527"
                    VPOS="1409"
                    WIDTH="2089"
                    HEIGHT="112">
            <Shape><Polygon POINTS="530 1490 530 1518 622 1507 751 1515 868 1521 871 1521 874 1521 876 1521 888 1509 896 1507 938 1509 1005 1515 1008 1515 1010 1515 1044 1507 1083 1498 1122 1507 1172 1515 1175 1515 1242 1504 1256 1501 1301 1501 1569 1509 1572 1509 1575 1509 1625 1493 1633 1490 1921 1484 2019 1484 2563 1493 2566 1493 2569 1493 2616 1470 2616 1456 2608 1412 2153 1423 2133 1420 2091 1409 2089 1409 2086 1409 2083 1409 2080 1409 2066 1420 2058 1426 1974 1423 1798 1414 1795 1414 1792 1414 1790 1414 1779 1426 1773 1428 1737 1426 1625 1420 1622 1420 1619 1420 1583 1431 1563 1434 1538 1431 1466 1420 1463 1420 1460 1420 1410 1434 1390 1437 1374 1434 1320 1423 1318 1423 1047 1440 1036 1440 1030 1440 871 1428 868 1428 865 1428 862 1428 862 1431 849 1445 846 1448 684 1448 670 1448 569 1434 566 1434 564 1434 527 1445 530 1490"/></Shape>
	    <String CONTENT="&lt;.&gt; Seuls quelues bourgrois, d&#x27;enttousiasmaient"
                    HPOS="527"
                    VPOS="1409"
                    WIDTH="2089"
                    HEIGHT="112"
                    WC="0.9885919436495355"></String>
          </TextLine>
          <TextLine ID="eSc_line_87216034"
                    TAGREFS="LT31"
                    BASELINE="527 1560 1664 1548 1664 1548 2125 1529 2608 1532" 
                    HPOS="525"
                    VPOS="1473"
                    WIDTH="2083"
                    HEIGHT="123">
            <Shape><Polygon POINTS="527 1585 723 1576 737 1585 759 1596 762 1596 765 1596 768 1596 770 1596 790 1585 798 1579 809 1585 843 1596 846 1596 849 1596 1013 1593 1016 1593 1050 1582 1080 1571 1119 1579 1147 1587 1150 1587 1153 1587 1228 1579 1357 1565 1401 1579 1424 1585 1427 1585 1429 1585 1432 1585 1457 1576 1491 1568 1508 1576 1519 1582 1522 1582 1524 1582 1575 1576 1642 1568 1720 1574 1773 1579 1776 1579 1815 1574 1913 1560 2061 1571 2097 1574 2100 1574 2102 1574 2108 1571 2158 1551 2602 1565 2608 1532 2605 1487 1991 1473 1988 1473 1770 1479 1661 1501 1653 1504 1332 1507 1329 1507 1312 1493 1309 1493 1307 1493 1304 1493 1301 1493 1262 1507 1240 1493 1237 1493 1234 1493 1231 1493 1228 1493 1175 1509 1170 1512 1044 1512 974 1512 879 1495 876 1495 874 1495 835 1515 832 1518 525 1518 527 1560"/></Shape>
	    <String CONTENT="pour les réformes sociales. Des avocat me Spilthoru à Gaud,"
                    HPOS="525"
                    VPOS="1473"
                    WIDTH="2083"
                    HEIGHT="123"
                    WC="0.9644929056366285"></String>
          </TextLine>
          <TextLine ID="eSc_line_938772dd"
                    TAGREFS="LT33"
                    BASELINE="1759 1508 2056 1494" 
                    HPOS="1759"
                    VPOS="1494"
                    WIDTH="297"
                    HEIGHT="14">
	    <String CONTENT=""
                    HPOS="1759"
                    VPOS="1494"
                    WIDTH="297"
                    HEIGHT="14"></String>
          </TextLine>
          <TextLine ID="eSc_line_a43625bc"
                    TAGREFS="LT31"
                    BASELINE="522 1632 2622 1596" 
                    HPOS="519"
                    VPOS="1543"
                    WIDTH="2103"
                    HEIGHT="117">
            <Shape><Polygon POINTS="522 1632 522 1652 966 1660 969 1660 971 1660 1022 1646 1027 1646 1315 1654 1318 1654 1320 1654 1348 1641 1354 1641 1480 1652 1482 1652 2619 1618 2622 1596 2614 1560 2491 1560 2488 1560 2466 1546 2463 1546 2460 1546 2457 1546 2454 1546 2424 1562 2418 1565 2331 1565 2329 1562 2301 1543 2298 1543 2295 1543 2292 1543 2290 1543 2231 1560 2164 1546 2161 1546 2158 1546 2156 1546 2130 1565 2125 1571 1516 1576 1499 1576 1326 1560 1323 1560 1055 1585 997 1590 879 1590 874 1587 846 1568 843 1568 840 1568 837 1568 756 1585 726 1571 723 1571 720 1571 717 1571 684 1590 675 1593 647 1590 564 1579 561 1579 558 1579 519 1590 522 1632"/></Shape>
	    <String CONTENT="comme &lt;....&gt; à &lt;l nauraient pas &lt;...é ...."
                    HPOS="519"
                    VPOS="1543"
                    WIDTH="2103"
                    HEIGHT="117"
                    WC="0.9328323631059556"></String>
          </TextLine>
          <TextLine ID="eSc_line_863ab314"
                    TAGREFS="LT34"
                    BASELINE="851 1585 1057 1587" 
                    HPOS="851"
                    VPOS="1585"
                    WIDTH="206"
                    HEIGHT="2">
	    <String CONTENT=""
                    HPOS="851"
                    VPOS="1585"
                    WIDTH="206"
                    HEIGHT="2"></String>
          </TextLine>
          <TextLine ID="eSc_line_8795c816"
                    TAGREFS="LT34"
                    BASELINE="1230 1585 1390 1587" 
                    HPOS="1230"
                    VPOS="1585"
                    WIDTH="160"
                    HEIGHT="2">
	    <String CONTENT=""
                    HPOS="1230"
                    VPOS="1585"
                    WIDTH="160"
                    HEIGHT="2"></String>
          </TextLine>
          <TextLine ID="eSc_line_959668eb"
                    TAGREFS="LT31"
                    BASELINE="519 1699 1681 1691 2588 1666" 
                    HPOS="516"
                    VPOS="1629"
                    WIDTH="2072"
                    HEIGHT="98">
            <Shape><Polygon POINTS="519 1699 519 1721 1259 1727 1262 1727 2019 1702 2491 1707 2493 1707 2588 1691 2588 1666 2580 1629 1991 1646 1977 1635 1971 1629 1968 1629 1966 1629 1899 1629 1896 1629 1854 1638 1787 1649 1725 1638 1684 1632 1681 1632 1678 1632 1661 1641 1628 1654 1443 1654 1234 1643 1139 1641 1136 1641 1133 1641 1114 1646 1064 1663 849 1663 807 1649 795 1646 793 1646 790 1646 631 1649 628 1649 625 1649 622 1652 608 1663 516 1654 519 1699"/></Shape>
	    <String CONTENT="hésité à provoquer ds mouvements révolutionnaire, mais leur"
                    HPOS="516"
                    VPOS="1629"
                    WIDTH="2072"
                    HEIGHT="98"
                    WC="0.9846546113491058"></String>
          </TextLine>
          <TextLine ID="eSc_line_4fa9fb39"
                    TAGREFS="LT31"
                    BASELINE="527 1769 2605 1744" 
                    HPOS="525"
                    VPOS="1691"
                    WIDTH="2080"
                    HEIGHT="117">
            <Shape><Polygon POINTS="527 1769 530 1808 597 1791 974 1800 977 1800 1142 1786 1206 1800 1209 1800 1212 1800 1214 1800 1245 1786 1583 1794 1597 1794 1600 1794 1603 1794 1714 1777 1826 1791 1832 1791 1834 1791 1837 1791 1840 1791 1862 1777 1893 1791 1896 1791 1899 1791 1901 1791 1904 1791 1907 1791 1907 1788 1921 1777 2069 1788 2086 1788 2089 1788 2091 1788 2094 1788 2142 1772 2231 1786 2234 1786 2237 1786 2242 1786 2396 1769 2600 1780 2605 1744 2597 1691 2362 1713 2220 1713 2195 1699 2195 1696 2192 1696 2189 1696 2186 1696 2133 1699 1952 1713 1938 1705 1932 1699 1929 1699 1927 1699 1924 1699 1921 1699 1918 1699 1913 1705 1896 1716 1823 1705 1767 1699 1765 1699 1717 1707 1667 1719 1594 1710 1510 1702 1508 1702 1505 1702 1502 1702 1488 1713 1480 1719 1421 1716 1320 1707 1318 1707 1251 1719 1212 1724 1172 1721 1066 1707 1064 1707 980 1724 960 1727 932 1724 787 1710 784 1710 525 1733 527 1769"/></Shape>
	    <String CONTENT="qualité même de bourgeois les faisait prendre en défiance par le"
                    HPOS="525"
                    VPOS="1691"
                    WIDTH="2080"
                    HEIGHT="117"
                    WC="0.9915373874828219"></String>
          </TextLine>
          <TextLine ID="eSc_line_d78388a0"
                    TAGREFS="LT31"
                    BASELINE="519 1839 742 1827 2650 1811" 
                    HPOS="516"
                    VPOS="1766"
                    WIDTH="2134"
                    HEIGHT="103">
            <Shape><Polygon POINTS="519 1839 519 1869 2650 1841 2650 1811 2641 1769 1812 1780 1795 1780 1714 1766 1711 1766 1709 1766 1706 1766 1686 1780 1681 1783 1670 1780 1628 1769 1625 1769 1622 1769 1619 1769 1572 1783 1566 1783 1561 1783 1530 1769 1527 1769 1524 1769 1427 1783 1404 1786 1385 1783 1284 1772 1281 1772 1133 1788 1111 1788 1061 1788 628 1777 625 1777 516 1794 519 1839"/></Shape>
	    <String CONTENT="prolétariat. &lt;. .  ..... . . ...."
                    HPOS="516"
                    VPOS="1766"
                    WIDTH="2134"
                    HEIGHT="103"
                    WC="0.8608749815911958"></String>
          </TextLine>
          <TextLine ID="eSc_line_6336a5c6"
                    TAGREFS="LT31"
                    BASELINE="505 1903 2616 1883" 
                    HPOS="502"
                    VPOS="1833"
                    WIDTH="2114"
                    HEIGHT="89">
            <Shape><Polygon POINTS="505 1903 505 1922 2614 1903 2616 1883 2611 1847 2471 1833 2468 1833 2466 1833 2463 1833 2446 1847 2443 1847 2435 1847 2351 1836 2348 1836 2345 1836 2315 1847 2304 1850 2276 1847 2178 1836 2175 1836 2049 1850 2002 1853 1921 1850 1711 1839 1709 1839 1706 1839 1703 1839 1686 1850 1681 1855 1653 1850 1603 1841 1600 1841 1482 1853 1401 1858 1360 1853 1307 1844 1304 1844 1192 1853 1094 1861 1047 1853 1002 1847 999 1847 930 1855 868 1861 837 1855 801 1847 798 1847 795 1847 793 1847 781 1855 768 1864 740 1855 720 1850 717 1850 714 1850 502 1855 505 1903"/></Shape>
	    <String CONTENT="&lt;&gt; Quant aux radicaux, même les plus avanées eussent re¬"
                    HPOS="502"
                    VPOS="1833"
                    WIDTH="2114"
                    HEIGHT="89"
                    WC="0.9922755754419735"></String>
          </TextLine>
          <TextLine ID="eSc_line_360bd84b"
                    TAGREFS="LT31"
                    BASELINE="505 1959 2628 1964" 
                    HPOS="502"
                    VPOS="1906"
                    WIDTH="2126"
                    HEIGHT="89">
            <Shape><Polygon POINTS="505 1959 502 1975 552 1992 555 1992 558 1992 1293 1981 1605 1995 1608 1995 2625 1981 2628 1964 2625 1925 1848 1908 1846 1908 1698 1922 1675 1922 1650 1922 1488 1906 1485 1906 1482 1906 1432 1920 1337 1906 1334 1906 505 1917 505 1959"/></Shape>
	    <String CONTENT="culé devant la violence. Manifectement l&#x27;agitation que l&#x27;on s&#x27;ef¬"
                    HPOS="502"
                    VPOS="1906"
                    WIDTH="2126"
                    HEIGHT="89"
                    WC="0.9817991348413321"></String>
          </TextLine>
          <TextLine ID="eSc_line_c5dc4c4e"
                    TAGREFS="LT31"
                    BASELINE="505 2040 687 2028 2608 2034" 
                    HPOS="505"
                    VPOS="1975"
                    WIDTH="2103"
                    HEIGHT="93">
            <Shape><Polygon POINTS="505 2040 505 2068 2605 2062 2608 2034 2605 1995 2315 1978 2312 1978 2214 1992 2147 1978 2144 1978 1918 1992 1913 1992 1862 1978 1860 1978 1857 1978 1854 1978 1818 1992 1818 1995 1482 1995 1480 1992 1415 1975 1413 1975 1410 1975 1407 1975 1348 1989 1195 1975 1192 1975 1189 1975 1142 1989 1108 1975 1105 1975 1103 1975 1100 1975 1058 1989 1022 1975 1019 1975 1016 1975 904 1989 837 1975 835 1975 740 1989 661 1975 659 1975 656 1975 597 1989 539 1975 536 1975 533 1975 530 1975 505 1987 505 2040"/></Shape>
	    <String CONTENT="forçait &lt;.&gt; de soulever ne pouvait ingniéter et d&#x27;ailleurs"
                    HPOS="505"
                    VPOS="1975"
                    WIDTH="2103"
                    HEIGHT="93"
                    WC="0.9778831971102747"></String>
          </TextLine>
          <TextLine ID="eSc_line_7977211c"
                    TAGREFS="LT31"
                    BASELINE="499 2101 2636 2112" 
                    HPOS="497"
                    VPOS="2056"
                    WIDTH="2139"
                    HEIGHT="98">
            <Shape><Polygon POINTS="499 2101 497 2129 1572 2151 1575 2151 2010 2134 2035 2134 2038 2134 2100 2154 2102 2154 2105 2154 2108 2154 2164 2137 2359 2154 2362 2154 2365 2154 2426 2137 2633 2137 2636 2112 2633 2068 499 2056 499 2101"/></Shape>
	    <String CONTENT="n&#x27;inquiétait pas le gouvernement. En prenant le pouvoir, le caboi¬"
                    HPOS="497"
                    VPOS="2056"
                    WIDTH="2139"
                    HEIGHT="98"
                    WC="0.9811550938721859"></String>
          </TextLine>
          <TextLine ID="eSc_line_52317266"
                    TAGREFS="LT31"
                    BASELINE="497 2176 1184 2193 2611 2182" 
                    HPOS="497"
                    VPOS="2129"
                    WIDTH="2114"
                    HEIGHT="98">
            <Shape><Polygon POINTS="497 2210 862 2210 871 2210 960 2227 963 2227 966 2227 1002 2213 1050 2227 1052 2227 1055 2227 1703 2213 1834 2227 1837 2227 1954 2210 2331 2224 2334 2224 2608 2204 2611 2182 2605 2146 2466 2129 2463 2129 2153 2140 2021 2148 1798 2148 1784 2140 1776 2132 1773 2132 1770 2132 1767 2132 1725 2137 1678 2146 1625 2137 1580 2132 1577 2132 1452 2137 1251 2146 1212 2134 1198 2132 1195 2132 1192 2132 1189 2132 1175 2134 1128 2146 1050 2134 1027 2132 1024 2132 1005 2134 927 2146 840 2132 826 2132 823 2132 815 2132 762 2146 745 2132 742 2132 740 2132 497 2132 497 2176 497 2210"/></Shape>
	    <String CONTENT="net libéral avait jugé suffisant &lt;...&gt; pour contenter les partisans"
                    HPOS="497"
                    VPOS="2129"
                    WIDTH="2114"
                    HEIGHT="98"
                    WC="0.9959521160196902"></String>
          </TextLine>
          <TextLine ID="eSc_line_7fdbb39e"
                    TAGREFS="LT31"
                    BASELINE="485 2257 2622 2252" 
                    HPOS="483"
                    VPOS="2201"
                    WIDTH="2139"
                    HEIGHT="84">
            <Shape><Polygon POINTS="485 2257 485 2285 2619 2280 2622 2252 2614 2201 2452 2215 2418 2201 2415 2201 2412 2201 2410 2201 2345 2215 2234 2201 2223 2201 2220 2201 2211 2201 2125 2218 1949 2218 1927 2201 1924 2201 1921 2201 1918 2201 1915 2201 1910 2204 1868 2215 1804 2204 1787 2201 1784 2201 1781 2201 1776 2204 1751 2215 1684 2204 1664 2201 1661 2201 1658 2201 1656 2201 1653 2204 1633 2215 1527 2204 1513 2204 1510 2204 1499 2204 1374 2218 483 2210 485 2257"/></Shape>
	    <String CONTENT="de la réforme, d&#x27;un projet de loi introduisant dans le corps électoral"
                    HPOS="483"
                    VPOS="2201"
                    WIDTH="2139"
                    HEIGHT="84"
                    WC="0.9972407741206033"></String>
          </TextLine>
          <TextLine ID="eSc_line_7bb76879"
                    TAGREFS="LT31"
                    BASELINE="469 2327 1530 2341 2228 2333" 
                    HPOS="469"
                    VPOS="2277"
                    WIDTH="1759"
                    HEIGHT="106">
            <Shape><Polygon POINTS="469 2327 469 2349 539 2349 541 2349 569 2369 572 2369 575 2369 578 2369 580 2369 583 2369 608 2349 611 2349 631 2349 804 2363 807 2363 809 2363 849 2352 854 2352 857 2352 893 2372 896 2372 899 2372 902 2372 963 2355 974 2352 1008 2355 1164 2372 1167 2372 1348 2358 1415 2355 1435 2361 1471 2372 1474 2372 1477 2372 1622 2363 1664 2361 1675 2363 1723 2380 1725 2380 1728 2383 1999 2383 1999 2380 2002 2380 2047 2369 2075 2361 2139 2361 2156 2369 2170 2380 2172 2380 2175 2380 2178 2380 2225 2369 2228 2333 2217 2285 2178 2299 1935 2285 1932 2285 1779 2299 1731 2282 1728 2282 1725 2282 1723 2282 1720 2282 1717 2282 1658 2296 1563 2282 1555 2282 1552 2282 1541 2282 1396 2296 1348 2282 1346 2282 1343 2282 1340 2282 1337 2282 1337 2285 1323 2299 1223 2299 1161 2280 1156 2280 1153 2280 1150 2280 1147 2280 1145 2280 1128 2294 1052 2280 1041 2280 1038 2280 1019 2280 876 2294 846 2280 843 2280 840 2280 835 2280 751 2294 689 2280 678 2277 675 2277 673 2277 469 2277 469 2327"/></Shape>
	    <String CONTENT="les personnes insérités sus les listes du jury (14 fivives)."
                    HPOS="469"
                    VPOS="2277"
                    WIDTH="1759"
                    HEIGHT="106"
                    WC="0.9846648554007212"></String>
          </TextLine>
          <TextLine ID="eSc_line_c6639d7a"
                    TAGREFS="LT31"
                    BASELINE="530 2414 1209 2428 2636 2419" 
                    HPOS="527"
                    VPOS="2361"
                    WIDTH="2109"
                    HEIGHT="94">
            <Shape><Polygon POINTS="530 2414 530 2455 2633 2453 2636 2419 2630 2383 2544 2383 2544 2380 2510 2361 2507 2361 2505 2361 2357 2361 2354 2361 2351 2361 2348 2361 2326 2374 2281 2361 2278 2361 2276 2361 2273 2361 2237 2380 2234 2380 2167 2380 1994 2380 1957 2361 1954 2361 1952 2361 1949 2361 1904 2380 1901 2383 1153 2383 1150 2380 1125 2361 1122 2361 1119 2361 1117 2361 1114 2361 1072 2380 1066 2380 1024 2377 723 2361 555 2361 552 2361 550 2361 547 2361 527 2372 530 2414"/></Shape>
	    <String CONTENT="Quelques jours plus tard tombait à Bruxelles la nouvelle de l&#x27;ensur¬"
                    HPOS="527"
                    VPOS="2361"
                    WIDTH="2109"
                    HEIGHT="94"
                    WC="0.9940967741219894"></String>
          </TextLine>
          <TextLine ID="eSc_line_e4e8bfbd"
                    TAGREFS="LT31"
                    BASELINE="466 2486 1999 2497 2611 2481" 
                    HPOS="463"
                    VPOS="2433"
                    WIDTH="2148"
                    HEIGHT="101">
            <Shape><Polygon POINTS="466 2486 463 2511 667 2522 670 2522 673 2522 712 2514 734 2508 759 2514 837 2528 840 2528 843 2528 893 2514 896 2514 1198 2514 1200 2514 1242 2528 1245 2528 1248 2528 1427 2517 1541 2531 1544 2534 1698 2534 1698 2531 1700 2531 1703 2531 1723 2514 1728 2511 1742 2514 1823 2531 1826 2534 2133 2534 2133 2531 2136 2531 2183 2514 2197 2511 2605 2514 2611 2481 2602 2436 1826 2450 1798 2439 1787 2436 1784 2436 1781 2436 1731 2441 1636 2450 1611 2441 1594 2436 1591 2436 1589 2436 1552 2441 1505 2450 1309 2444 1097 2436 1094 2436 955 2444 924 2447 921 2447 907 2433 904 2433 902 2433 899 2433 550 2447 525 2433 522 2433 519 2433 516 2433 513 2433 466 2447 466 2486"/></Shape>
	    <String CONTENT="rection de Paris et de la fuite de Louis. Philippe. Ce fut tout d&#x27;abord"
                    HPOS="463"
                    VPOS="2433"
                    WIDTH="2148"
                    HEIGHT="101"
                    WC="0.9822364709746669"></String>
          </TextLine>
          <TextLine ID="eSc_line_b98eea80"
                    TAGREFS="LT31"
                    BASELINE="469 2556 1777 2563 1777 2563 2600 2548" 
                    HPOS="466"
                    VPOS="2497"
                    WIDTH="2134"
                    HEIGHT="90">
            <Shape><Polygon POINTS="469 2575 1885 2587 1887 2587 2186 2573 2499 2584 2502 2584 2597 2567 2600 2548 2591 2497 466 2511 469 2556"/></Shape>
	    <String CONTENT="n moment de stupeur et de désarroi. La proclamation de la Répu¬"
                    HPOS="466"
                    VPOS="2497"
                    WIDTH="2134"
                    HEIGHT="90"
                    WC="0.9843284251197936"></String>
          </TextLine>
          <TextLine ID="eSc_line_906ea1ae"
                    TAGREFS="LT31"
                    BASELINE="480 2620 1016 2609 2588 2612" 
                    HPOS="477"
                    VPOS="2559"
                    WIDTH="2111"
                    HEIGHT="81">
            <Shape><Polygon POINTS="480 2620 480 2634 2583 2640 2588 2612 2586 2573 541 2559 539 2559 536 2559 477 2573 480 2620"/></Shape>
	    <String CONTENT="blique allait-elle &lt;.... .. .............. ..&gt;"
                    HPOS="477"
                    VPOS="2559"
                    WIDTH="2111"
                    HEIGHT="81"
                    WC="0.9202702382336492"></String>
          </TextLine>
          <TextLine ID="eSc_line_25f65f68"
                    TAGREFS="LT31"
                    BASELINE="477 2687 2170 2668 2622 2673" 
                    HPOS="474"
                    VPOS="2617"
                    WIDTH="2148"
                    HEIGHT="101">
            <Shape><Polygon POINTS="477 2687 477 2704 650 2718 653 2718 1276 2712 1326 2704 1357 2698 2616 2698 2622 2673 2619 2631 2538 2617 2535 2617 2446 2631 2432 2631 2399 2631 2158 2620 2156 2620 1957 2631 1873 2640 474 2640 477 2687"/></Shape>
	    <String CONTENT="&lt;...... &gt; déchainer de nouvean la France sur l&#x27;Eu¬"
                    HPOS="474"
                    VPOS="2617"
                    WIDTH="2148"
                    HEIGHT="101"
                    WC="0.9610362756252289"></String>
          </TextLine>
          <TextLine ID="eSc_line_bef8ec40"
                    TAGREFS="LT31"
                    BASELINE="477 2743 2594 2726" 
                    HPOS="474"
                    VPOS="2676"
                    WIDTH="2120"
                    HEIGHT="95">
            <Shape><Polygon POINTS="477 2743 477 2771 2594 2748 2594 2726 2588 2690 2245 2676 2242 2676 2147 2690 1630 2681 1628 2681 474 2701 477 2743"/></Shape>
	    <String CONTENT="rope ? l&#x27;ordre politique et l&#x27;ordre social que la bourgevisie croyait défi¬"
                    HPOS="474"
                    VPOS="2676"
                    WIDTH="2120"
                    HEIGHT="95"
                    WC="0.9854393180211385"></String>
          </TextLine>
          <TextLine ID="eSc_line_a7bf6578"
                    TAGREFS="LT31"
                    BASELINE="469 2807 2591 2782" 
                    HPOS="466"
                    VPOS="2746"
                    WIDTH="2125"
                    HEIGHT="86">
            <Shape><Polygon POINTS="469 2807 469 2832 2588 2815 2591 2782 2583 2746 466 2768 469 2807"/></Shape>
	    <String CONTENT="nitivement établis sur les immortels prinapes&quot; de 1789 étaient-ili des¬"
                    HPOS="466"
                    VPOS="2746"
                    WIDTH="2125"
                    HEIGHT="86"
                    WC="0.9929054396253236"></String>
          </TextLine>
          <TextLine ID="eSc_line_d36faad5"
                    TAGREFS="LT31"
                    BASELINE="458 2871 2591 2838" 
                    HPOS="455"
                    VPOS="2799"
                    WIDTH="2136"
                    HEIGHT="95">
            <Shape><Polygon POINTS="458 2871 458 2894 2591 2866 2591 2838 2583 2799 455 2821 458 2871"/></Shape>
	    <String CONTENT="tinés à &lt;....... &gt; subis une fois de plus l&#x27;assant du"
                    HPOS="455"
                    VPOS="2799"
                    WIDTH="2136"
                    HEIGHT="95"
                    WC="0.972640715263508"></String>
          </TextLine>
          <TextLine ID="eSc_line_5114fee4"
                    TAGREFS="LT31"
                    BASELINE="469 2935 2583 2891" 
                    HPOS="466"
                    VPOS="2846"
                    WIDTH="2117"
                    HEIGHT="123">
            <Shape><Polygon POINTS="2192 2846 1653 2871 1524 2860 1522 2860 1251 2880 1133 2868 1131 2868 1128 2868 1125 2868 1125 2871 1111 2882 997 2871 994 2871 466 2896 469 2935 469 2969 628 2949 706 2961 709 2961 907 2944 983 2958 991 2958 994 2958 997 2958 999 2958 1030 2941 1105 2955 1117 2955 1119 2955 1156 2952 1399 2933 1577 2944 1619 2944 1622 2944 1625 2944 1628 2944 1630 2941 1647 2930 1700 2938 1714 2941 1717 2941 1720 2941 1728 2938 1770 2927 1837 2935 1862 2938 1865 2938 2580 2916 2583 2891 2577 2855 2195 2846 2192 2846"/></Shape>
	    <String CONTENT="jacobinisme? Et que deviendraient dans la tourmente l&#x27;indépeudance"
                    HPOS="466"
                    VPOS="2846"
                    WIDTH="2117"
                    HEIGHT="123"
                    WC="0.9962340620431033"></String>
          </TextLine>
          <TextLine ID="eSc_line_a10c1a09"
                    TAGREFS="LT31"
                    BASELINE="466 2997 2586 2949" 
                    HPOS="463"
                    VPOS="2902"
                    WIDTH="2123"
                    HEIGHT="117">
            <Shape><Polygon POINTS="466 2997 466 3019 2586 2980 2586 2949 2577 2902 463 2955 466 2997"/></Shape>
	    <String CONTENT="nationale et cette constitution dont on était si fier? l&#x27;absence de nou¬"
                    HPOS="463"
                    VPOS="2902"
                    WIDTH="2123"
                    HEIGHT="117"
                    WC="0.9987494970361391"></String>
          </TextLine>
          <TextLine ID="eSc_line_7541515f"
                    TAGREFS="LT31"
                    BASELINE="460 3058 2600 3014" 
                    HPOS="458"
                    VPOS="2969"
                    WIDTH="2142"
                    HEIGHT="117">
            <Shape><Polygon POINTS="460 3058 460 3086 2597 3047 2600 3014 2591 2969 458 3014 460 3058"/></Shape>
	    <String CONTENT="velles précéses augmentait encore la panique. Le bruit se répandait que le"
                    HPOS="458"
                    VPOS="2969"
                    WIDTH="2142"
                    HEIGHT="117"
                    WC="0.9930987196999628"></String>
          </TextLine>
          <TextLine ID="eSc_line_459409d8"
                    TAGREFS="LT31"
                    BASELINE="463 3122 1267 3111 1267 3111 2588 3078" 
                    HPOS="460"
                    VPOS="3028"
                    WIDTH="2128"
                    HEIGHT="131">
            <Shape><Polygon POINTS="463 3159 614 3142 720 3153 723 3153 726 3153 731 3153 1002 3134 1091 3145 1094 3145 1097 3145 1136 3131 1245 3142 1251 3142 1253 3142 1276 3142 1664 3120 1731 3131 1734 3131 1737 3131 1748 3131 2061 3111 2586 3111 2588 3078 2583 3042 2510 3028 2507 3028 2505 3028 2449 3044 2440 3044 2393 3044 2061 3039 2058 3039 1890 3055 1882 3055 1848 3042 1846 3042 1843 3042 1840 3042 1790 3058 1784 3058 1770 3058 1605 3047 1603 3047 1600 3047 1597 3047 1575 3061 1390 3050 1388 3050 1131 3072 1122 3072 1117 3072 994 3058 991 3058 988 3058 941 3075 893 3061 890 3061 888 3061 714 3081 603 3067 600 3067 460 3086 463 3122"/></Shape>
	    <String CONTENT="roi songeait à abdiquer, que des &lt;.&gt; Français &lt;........ ...... ..¬"
                    HPOS="460"
                    VPOS="3028"
                    WIDTH="2128"
                    HEIGHT="131"
                    WC="0.9563524482855156"></String>
          </TextLine>
          <TextLine ID="eSc_line_c49749fd"
                    TAGREFS="LT31"
                    BASELINE="460 3184 1828 3156 1828 3156 2535 3136" 
                    HPOS="458"
                    VPOS="3089"
                    WIDTH="2077"
                    HEIGHT="134">
            <Shape><Polygon POINTS="460 3223 617 3203 678 3217 681 3217 684 3217 695 3217 851 3198 918 3212 930 3212 932 3212 935 3212 938 3212 938 3209 963 3195 1217 3201 1309 3203 1312 3203 1449 3195 1703 3178 1792 3184 1860 3189 1862 3189 1865 3189 1879 3181 1896 3173 2077 3170 2102 3175 2133 3184 2136 3184 2139 3184 2142 3184 2144 3184 2158 3173 2172 3164 2535 3162 2535 3136 2527 3089 458 3142 460 3184"/></Shape>
	    <String CONTENT="&lt;... .. .&gt; étainit en marches pour instaurer"
                    HPOS="458"
                    VPOS="3089"
                    WIDTH="2077"
                    HEIGHT="134"
                    WC="0.9518368203531612"></String>
          </TextLine>
          <TextLine ID="eSc_line_29f44761"
                    TAGREFS="LT34"
                    BASELINE="1880 3182 1933 3198" 
                    HPOS="1880"
                    VPOS="3182"
                    WIDTH="53"
                    HEIGHT="16">
	    <String CONTENT=""
                    HPOS="1880"
                    VPOS="3182"
                    WIDTH="53"
                    HEIGHT="16"></String>
          </TextLine>
          <TextLine ID="eSc_line_4f26d5cd"
                    TAGREFS="LT31"
                    BASELINE="463 3245 2613 3209" 
                    HPOS="460"
                    VPOS="3150"
                    WIDTH="2151"
                    HEIGHT="123">
            <Shape><Polygon POINTS="463 3273 1552 3259 1714 3242 1759 3240 1790 3240 1924 3251 1927 3251 2027 3234 2041 3234 2049 3234 2147 3248 2150 3248 2153 3248 2186 3231 2245 3245 2248 3245 2250 3245 2253 3245 2304 3231 2572 3240 2574 3240 2577 3240 2611 3220 2611 3203 2608 3164 2583 3150 2580 3150 2577 3150 2574 3150 2334 3173 2323 3173 2287 3156 2284 3156 2281 3156 2136 3173 2041 3159 2038 3159 2035 3159 1985 3175 1896 3162 1893 3162 1890 3162 1826 3181 1756 3164 1753 3164 1751 3164 1748 3164 1745 3164 1720 3184 1561 3170 1558 3170 1443 3189 1192 3181 1189 3181 885 3201 759 3184 756 3184 754 3184 703 3203 578 3189 575 3189 460 3209 463 3245"/></Shape>
	    <String CONTENT="la Régublique à Bruxelles. Dans toutes les villes àt foulde aff e mait"
                    HPOS="460"
                    VPOS="3150"
                    WIDTH="2151"
                    HEIGHT="123"
                    WC="0.9756834666493913"></String>
          </TextLine>
          <TextLine ID="eSc_line_83382815"
                    TAGREFS="LT31"
                    BASELINE="458 3304 1804 3294 1804 3294 2594 3273" 
                    HPOS="455"
                    VPOS="3226"
                    WIDTH="2139"
                    HEIGHT="106">
            <Shape><Polygon POINTS="458 3332 2591 3307 2594 3273 2586 3234 2323 3240 2298 3237 2223 3226 2220 3226 2139 3240 2116 3242 2102 3240 2061 3228 2058 3228 2055 3228 1949 3242 1918 3245 1893 3242 1815 3231 1812 3231 1809 3231 1779 3245 1767 3248 1753 3245 1711 3234 1709 3234 1706 3234 1703 3234 1700 3234 1686 3245 1684 3248 1675 3245 1647 3237 1644 3237 1642 3237 1572 3248 1544 3251 1519 3248 1443 3237 1441 3237 1357 3251 1332 3254 1307 3251 1223 3240 1220 3240 1217 3240 1214 3240 1214 3242 1203 3254 1198 3259 1061 3259 1058 3254 1044 3242 1041 3242 1038 3242 1036 3242 1033 3242 1030 3242 1016 3256 1010 3259 997 3256 949 3245 946 3245 943 3245 941 3245 924 3256 918 3259 871 3256 698 3248 695 3248 692 3248 689 3248 675 3259 670 3265 455 3265 458 3304"/></Shape>
	    <String CONTENT="sur les banges réclamant la restitution de &lt;&gt; dépôts et le rembource¬"
                    HPOS="455"
                    VPOS="3226"
                    WIDTH="2139"
                    HEIGHT="106"
                    WC="0.9923456285310828"></String>
          </TextLine>
          <TextLine ID="eSc_line_068334c0"
                    TAGREFS="LT34"
                    BASELINE="1810 3260 1897 3262" 
                    HPOS="1810"
                    VPOS="3260"
                    WIDTH="87"
                    HEIGHT="2">
	    <String CONTENT=""
                    HPOS="1810"
                    VPOS="3260"
                    WIDTH="87"
                    HEIGHT="2"></String>
          </TextLine>
        </TextBlock>
      </PrintSpace>
    </Page>
  </Layout>
</alto>
