<?xml version="1.0" encoding="UTF-8"?>
<alto xmlns:xsi="http://www.w3.org/2001/XMLSchema-instance"
      xmlns="http://www.loc.gov/standards/alto/ns-v4#"
      xsi:schemaLocation="http://www.loc.gov/standards/alto/ns-v4# http://www.loc.gov/standards/alto/v4/alto-4-2.xsd">
  <Description>
    <MeasurementUnit>pixel</MeasurementUnit>
    <sourceImageInformation>
      <fileName>ARCH-DIV-000496_0035.png</fileName>
    </sourceImageInformation>
  </Description>
  <Tags>
    <OtherTag ID="BT42" LABEL="MainZone" DESCRIPTION="block type MainZone"/><OtherTag ID="BT43" LABEL="MarginTextZone" DESCRIPTION="block type MarginTextZone"/><OtherTag ID="BT44" LABEL="NumberingZone" DESCRIPTION="block type NumberingZone"/><OtherTag ID="BT45" LABEL="TitlePageZone" DESCRIPTION="block type TitlePageZone"/><OtherTag ID="BT46" LABEL="CustomZone:Numbering" DESCRIPTION="block type CustomZone:Numbering"/><OtherTag ID="BT49" LABEL="MarginTextZone:lower" DESCRIPTION="block type MarginTextZone:lower"/>
    <OtherTag ID="LT25" LABEL="default" DESCRIPTION="line type default"/><OtherTag ID="LT31" LABEL="DefaultLine" DESCRIPTION="line type DefaultLine"/><OtherTag ID="LT32" LABEL="HeadingLine" DESCRIPTION="line type HeadingLine"/><OtherTag ID="LT33" LABEL="InterlinearLine:addition" DESCRIPTION="line type InterlinearLine:addition"/><OtherTag ID="LT34" LABEL="InterlinearLine:correction" DESCRIPTION="line type InterlinearLine:correction"/>
  </Tags>
  <Layout>
    <Page WIDTH="2790"
          HEIGHT="3330"
          PHYSICAL_IMG_NR="34"
          ID="eSc_dummypage_">
      <PrintSpace HPOS="0"
                  VPOS="0"
                  WIDTH="2790"
                  HEIGHT="3330">
        <TextBlock HPOS="134"
                   VPOS="27"
                   WIDTH="283"
                   HEIGHT="175"
                   ID="eSc_textblock_850f539e"
                   TAGREFS="BT44">
          <Shape><Polygon POINTS="134 27 134 202 417 202 417 27"/></Shape>
          <TextLine ID="eSc_line_946022aa"
                    TAGREFS="LT31"
                    BASELINE="238 141 358 130" 
                    HPOS="230"
                    VPOS="77"
                    WIDTH="133"
                    HEIGHT="142">
            <Shape><Polygon POINTS="313 77 285 77 258 77 230 77 238 141 244 210 363 219 358 130 349 77 341 77"/></Shape>
	    <String CONTENT="31"
                    HPOS="230"
                    VPOS="77"
                    WIDTH="133"
                    HEIGHT="142"
                    WC="0.9043336808681488"></String>
          </TextLine>
        </TextBlock>
        <TextBlock HPOS="484"
                   VPOS="18"
                   WIDTH="2260"
                   HEIGHT="3289"
                   ID="eSc_textblock_7d7423d4"
                   TAGREFS="BT42">
          <Shape><Polygon POINTS="502 36 484 3307 2726 3307 2744 18"/></Shape>
          <TextLine ID="eSc_line_d7eb00d7"
                    TAGREFS="LT31"
                    BASELINE="610 105 2665 97" 
                    HPOS="607"
                    VPOS="38"
                    WIDTH="2058"
                    HEIGHT="89">
            <Shape><Polygon POINTS="2329 49 2326 47 2315 58 2248 47 2245 47 2218 47 2201 58 2198 58 2068 47 2065 47 1951 58 1921 61 1915 58 1887 41 1884 41 1857 41 1840 41 1635 58 1621 58 1615 58 1529 41 1526 41 1524 41 1521 41 1521 44 1504 58 1501 61 1493 58 1438 38 1435 38 1432 38 1185 41 1182 41 1132 58 1110 63 1071 58 993 44 991 44 988 44 963 58 949 63 910 58 882 52 857 55 830 55 802 58 774 61 746 63 719 66 691 66 663 69 635 72 607 72 610 105 610 127 2662 119 2665 97 2659 61 2401 61 2401 58 2379 49 2356 49"/></Shape>
	    <String CONTENT="On se voyait occulé à l&#x27;inevitable. Les Chamtres &lt;pe.&gt;"
                    HPOS="607"
                    VPOS="38"
                    WIDTH="2058"
                    HEIGHT="89"
                    WC="0.9872267181223089"></String>
          </TextLine>
          <TextLine ID="eSc_line_d9f00163"
                    TAGREFS="LT31"
                    BASELINE="605 177 2659 160" 
                    HPOS="602"
                    VPOS="108"
                    WIDTH="2057"
                    HEIGHT="100">
            <Shape><Polygon POINTS="605 177 605 208 2656 183 2659 160 2651 108 2406 122 2384 108 2381 108 2379 108 2376 108 2373 108 2368 108 2309 124 2281 111 2279 111 2276 111 2273 111 2240 124 2201 111 2198 111 2195 111 2184 111 2021 124 1962 113 1959 113 1957 113 1926 127 1721 113 1693 113 1690 113 1687 113 1682 113 1626 130 1610 116 1607 116 1604 116 1601 116 1599 116 1557 130 1293 119 1290 119 1288 119 1249 133 1016 119 979 119 977 119 974 119 968 119 916 135 602 124 605 177"/></Shape>
	    <String CONTENT="&lt;...&gt; à peine rémies &lt;..&gt; allaient débuter dans la ine"
                    HPOS="602"
                    VPOS="108"
                    WIDTH="2057"
                    HEIGHT="100"
                    WC="0.9537170865318992"></String>
          </TextLine>
          <TextLine ID="eSc_line_98c3d113"
                    TAGREFS="LT31"
                    BASELINE="610 252 802 241 2645 230" 
                    HPOS="607"
                    VPOS="174"
                    WIDTH="2038"
                    HEIGHT="109">
            <Shape><Polygon POINTS="610 252 613 283 680 266 766 280 768 280 857 266 885 280 888 280 891 283 891 280 893 280 921 266 1091 277 1093 277 1096 277 1140 263 1429 277 1432 277 1435 277 1438 277 1582 260 1840 274 1843 274 1846 274 1848 274 1851 274 1876 258 2023 271 2026 271 2112 258 2182 271 2184 271 2642 269 2645 230 2637 185 2459 191 2451 185 2440 174 2437 174 2434 174 2431 174 2429 174 2398 185 2387 191 2359 188 2309 180 2306 180 2304 180 2287 188 2273 197 2101 197 2093 191 2073 177 2070 177 2068 177 1896 177 1893 177 1890 177 1887 177 1871 194 1862 197 1832 194 1746 183 1743 183 1629 197 1610 197 1604 197 1554 180 1551 180 1549 180 1546 180 1490 197 1454 180 1451 180 1449 180 866 202 846 185 843 185 841 185 702 185 699 185 607 205 610 252"/></Shape>
	    <String CONTENT="politique en expiant les fautes du Congrés. Elles le résignèrent à̀"
                    HPOS="607"
                    VPOS="174"
                    WIDTH="2038"
                    HEIGHT="109"
                    WC="0.9932955023068101"></String>
          </TextLine>
          <TextLine ID="eSc_line_33772f65"
                    TAGREFS="LT31"
                    BASELINE="610 316 2665 302" 
                    HPOS="607"
                    VPOS="249"
                    WIDTH="2058"
                    HEIGHT="103">
            <Shape><Polygon POINTS="610 316 610 338 1016 352 1018 352 1410 346 1413 346 1415 346 1421 341 1435 333 1526 341 1599 346 1601 346 1635 341 1682 333 1735 341 1773 346 1776 346 1779 346 1798 341 1843 330 1907 341 1926 344 1929 344 1932 344 1940 341 1971 327 2437 327 2659 341 2665 302 2659 266 2401 249 2398 249 2248 266 2201 252 2198 252 2195 252 2029 266 2012 252 2009 252 2007 252 1871 252 1868 252 1865 252 1821 269 1798 255 1796 255 1793 255 1624 255 1621 255 1618 255 1565 269 1543 255 1540 255 1537 255 1535 255 1532 255 1482 269 1443 255 1440 255 1438 255 1435 255 1432 255 1432 258 1415 271 1213 258 1210 258 1207 258 1171 271 807 260 805 260 713 274 652 260 649 260 646 260 644 260 607 274 610 316"/></Shape>
	    <String CONTENT="sanctionner les résultats de la défaite dont elles n&#x27;étaient pas"
                    HPOS="607"
                    VPOS="249"
                    WIDTH="2058"
                    HEIGHT="103"
                    WC="0.9895762372761965"></String>
          </TextLine>
          <TextLine ID="eSc_line_d054bc7d"
                    TAGREFS="LT31"
                    BASELINE="616 394 2684 377" 
                    HPOS="613"
                    VPOS="333"
                    WIDTH="2071"
                    HEIGHT="94">
            <Shape><Polygon POINTS="616 394 616 427 2681 410 2684 377 2676 333 613 346 616 394"/></Shape>
	    <String CONTENT="plus responsables que le roi. Le 1er nomntre, la Chambre des"
                    HPOS="613"
                    VPOS="333"
                    WIDTH="2071"
                    HEIGHT="94"
                    WC="0.9969983587662379"></String>
          </TextLine>
          <TextLine ID="eSc_line_71871cdd"
                    TAGREFS="LT31"
                    BASELINE="613 466 2678 455" 
                    HPOS="610"
                    VPOS="405"
                    WIDTH="2068"
                    HEIGHT="105">
            <Shape><Polygon POINTS="613 466 613 510 744 491 1049 491 1107 505 1121 507 1124 507 1127 507 1154 505 1254 488 1277 502 1279 505 1282 505 1285 505 1288 507 1571 507 1571 505 1674 496 1787 488 2073 491 2634 499 2637 499 2640 499 2678 482 2678 455 2673 419 2176 405 2173 405 2170 405 2168 405 2151 419 2145 419 1918 407 1915 407 610 424 613 466"/></Shape>
	    <String CONTENT="Riprésentants ratifiait le traité des 21 articles, le sénat fai"
                    HPOS="610"
                    VPOS="405"
                    WIDTH="2068"
                    HEIGHT="105"
                    WC="0.9947679705089993"></String>
          </TextLine>
          <TextLine ID="eSc_line_110c59ab"
                    TAGREFS="LT31"
                    BASELINE="613 532 2626 546" 
                    HPOS="610"
                    VPOS="480"
                    WIDTH="2016"
                    HEIGHT="105">
            <Shape><Polygon POINTS="610 552 1104 557 1107 560 1171 577 1174 577 1177 577 1382 563 1399 563 1407 563 1496 579 1499 579 1599 566 1624 563 1651 566 1729 577 1732 577 1832 568 1873 566 1882 568 1912 582 1915 582 1918 585 2007 585 2007 582 2009 582 2012 582 2023 571 2029 566 2046 571 2082 582 2084 582 2087 582 2623 577 2626 546 2626 507 2584 493 2581 493 2579 493 2467 505 2445 507 2440 505 2409 491 2406 491 2404 491 2401 491 2365 505 2356 510 2226 510 2209 505 2140 488 2137 488 1971 502 1968 502 1962 502 1818 485 1815 485 1701 502 1690 502 1679 502 1601 488 1599 488 1596 488 1571 502 1565 502 1521 499 1310 488 1307 488 1229 499 1218 499 1215 499 1190 482 1188 482 1185 482 1182 482 1179 482 1121 499 1113 499 1102 499 1007 480 1004 480 1002 480 943 496 941 496 938 496 827 480 824 480 613 493 613 532"/></Shape>
	    <String CONTENT="sait ds même deux jours plus tard. Le 15 Sylvain van de"
                    HPOS="610"
                    VPOS="480"
                    WIDTH="2016"
                    HEIGHT="105"
                    WC="0.9881304773417386"></String>
          </TextLine>
          <TextLine ID="eSc_line_9e0674dc"
                    TAGREFS="LT31"
                    BASELINE="613 616 2667 627" 
                    HPOS="610"
                    VPOS="557"
                    WIDTH="2057"
                    HEIGHT="106">
            <Shape><Polygon POINTS="613 616 610 635 682 654 685 654 688 654 780 641 896 654 899 654 902 654 957 641 1252 641 1310 657 1313 657 1315 657 1501 643 1504 643 1646 660 1649 660 1651 660 1696 646 2157 663 2159 663 2665 649 2667 627 2662 579 2262 585 2201 577 2132 566 2129 566 2126 566 2123 566 2112 577 2101 582 2057 577 2001 568 1998 568 1996 568 1993 568 1984 577 1971 585 1682 585 1621 574 1526 560 1524 560 1460 574 1429 579 1401 574 1354 560 1351 560 1349 560 1346 560 1299 574 1290 574 1263 574 1118 560 1116 560 1113 560 1110 560 1093 571 1085 579 993 579 982 571 963 557 960 557 957 557 799 557 796 557 793 557 763 571 749 577 730 571 688 557 685 557 682 557 613 568 613 616"/></Shape>
	    <String CONTENT="Weyer Signait le texte à Londres, avec les pleimi potentiavies"
                    HPOS="610"
                    VPOS="557"
                    WIDTH="2057"
                    HEIGHT="106"
                    WC="0.9711993506976536"></String>
          </TextLine>
          <TextLine ID="eSc_line_8546f8ab"
                    TAGREFS="LT33"
                    BASELINE="796 571 883 585" 
                    HPOS="796"
                    VPOS="571"
                    WIDTH="87"
                    HEIGHT="14">
	    <String CONTENT=""
                    HPOS="796"
                    VPOS="571"
                    WIDTH="87"
                    HEIGHT="14"></String>
          </TextLine>
          <TextLine ID="eSc_line_0caeeb25"
                    TAGREFS="LT31"
                    BASELINE="602 696 2070 702" 
                    HPOS="599"
                    VPOS="652"
                    WIDTH="1471"
                    HEIGHT="86">
            <Shape><Polygon POINTS="602 696 599 727 738 718 763 729 774 735 777 735 780 738 924 738 924 735 991 727 1068 718 1082 727 1091 735 1093 735 1096 735 1099 735 1102 735 1127 727 1143 721 1163 727 1193 735 1196 735 1199 735 1202 735 1204 735 1215 727 1229 718 1332 718 1374 724 1418 732 1421 732 1512 724 1518 724 1521 724 1537 738 1540 738 1543 738 1546 738 1549 738 1587 724 1596 721 1654 724 1990 738 1993 738 1996 738 2068 718 2070 702 2070 654 602 652 602 696"/></Shape>
	    <String CONTENT="du ceuix cours représentées à la confésence"
                    HPOS="599"
                    VPOS="652"
                    WIDTH="1471"
                    HEIGHT="86"
                    WC="0.9785204638134349"></String>
          </TextLine>
          <TextLine ID="eSc_line_25def669"
                    TAGREFS="LT31"
                    BASELINE="649 777 2695 782" 
                    HPOS="646"
                    VPOS="715"
                    WIDTH="2049"
                    HEIGHT="98">
            <Shape><Polygon POINTS="649 777 646 796 696 813 699 813 702 813 2692 807 2695 782 2687 724 2662 740 2554 724 2548 724 2545 724 2542 724 2506 740 2473 724 2467 721 2465 721 2462 721 2459 721 2454 724 2404 743 2218 743 2148 721 2145 721 2143 721 2140 721 2129 721 1990 740 1890 724 1887 724 1884 724 1882 724 1862 740 1726 724 1723 724 1640 738 1607 718 1604 718 1601 718 1599 718 1596 718 1593 718 1560 738 1335 718 1329 718 1326 718 1324 718 1288 738 1157 724 1154 724 1152 724 1113 738 1079 721 1077 721 1074 721 1071 721 1024 740 791 740 768 721 766 721 763 721 649 715 649 777"/></Shape>
	    <String CONTENT="Elles avaient compté sur l&#x27;adhésion de Guillamme. Mais con¬"
                    HPOS="646"
                    VPOS="715"
                    WIDTH="2049"
                    HEIGHT="98"
                    WC="0.9985401913271112"></String>
          </TextLine>
          <TextLine ID="eSc_line_80d7ccfc"
                    TAGREFS="LT31"
                    BASELINE="599 849 2653 863" 
                    HPOS="596"
                    VPOS="790"
                    WIDTH="2057"
                    HEIGHT="103">
            <Shape><Polygon POINTS="596 865 652 885 655 885 657 885 896 871 907 871 913 871 1010 888 1013 888 1016 888 1060 874 1399 874 1457 879 1587 890 1590 890 1593 890 1615 879 1621 876 1626 879 1640 890 1643 890 1646 890 2648 893 2653 863 2648 818 2548 821 2531 815 2495 801 2492 801 2490 801 2487 801 2437 813 2406 821 2345 813 2265 801 2262 801 2259 801 2234 813 2215 821 2034 821 2021 810 2009 799 2007 799 2004 799 1712 796 1710 796 1671 804 1621 815 1574 801 1551 796 1549 796 1546 796 1543 796 1529 801 1501 818 1421 818 1385 799 1368 793 1365 793 1363 793 1307 799 1193 813 1146 796 1143 796 1140 796 1138 796 1135 796 1132 796 1104 813 868 799 866 799 663 810 602 790 599 849 596 865"/></Shape>
	    <String CONTENT="siquent avec lui même, il &lt;... &gt; un"
                    HPOS="596"
                    VPOS="790"
                    WIDTH="2057"
                    HEIGHT="103"
                    WC="0.9612840959003993"></String>
          </TextLine>
          <TextLine ID="eSc_line_3423763b"
                    TAGREFS="LT34"
                    BASELINE="1754 815 2032 817" 
                    HPOS="1754"
                    VPOS="815"
                    WIDTH="278"
                    HEIGHT="2">
	    <String CONTENT=""
                    HPOS="1754"
                    VPOS="815"
                    WIDTH="278"
                    HEIGHT="2"></String>
          </TextLine>
          <TextLine ID="eSc_line_c566ded5"
                    TAGREFS="LT31"
                    BASELINE="602 929 2667 929" 
                    HPOS="602"
                    VPOS="876"
                    WIDTH="2065"
                    HEIGHT="92">
            <Shape><Polygon POINTS="602 929 602 951 788 968 791 968 793 968 843 954 849 954 1002 954 1010 957 1032 968 1035 968 1038 968 1107 957 1129 954 1318 954 1324 960 1335 968 1338 968 1340 968 1343 968 1346 968 1374 960 1393 954 1529 960 1698 968 1701 968 1993 962 2573 954 2665 968 2667 929 2667 890 2628 876 2626 876 2623 876 2620 876 2617 876 2595 890 2473 876 2470 876 2395 890 2343 876 2340 876 2337 876 2334 876 2301 890 2262 876 2259 876 2256 876 2098 890 2026 876 2023 876 1807 890 1768 876 1765 876 1762 876 1760 876 1757 876 1735 893 1601 893 1351 876 1349 876 1346 876 1310 890 1140 876 1138 876 1135 876 1093 890 1024 876 1021 876 1018 876 988 893 602 893 602 929"/></Shape>
	    <String CONTENT="arrangement qai, malgré &lt;..a. si diffèrent des bases de"
                    HPOS="602"
                    VPOS="876"
                    WIDTH="2065"
                    HEIGHT="92"
                    WC="0.969665451483293"></String>
          </TextLine>
          <TextLine ID="eSc_line_6cb5f554"
                    TAGREFS="LT31"
                    BASELINE="602 993 2656 1001" 
                    HPOS="599"
                    VPOS="943"
                    WIDTH="2057"
                    HEIGHT="94">
            <Shape><Polygon POINTS="602 993 599 1012 638 1032 641 1032 644 1032 752 1018 1007 1032 1010 1032 1013 1032 1063 1015 1260 1029 1263 1029 1265 1029 1268 1029 1288 1015 1407 1029 1410 1029 1751 1018 1779 1035 1782 1035 1785 1035 1787 1035 1934 1018 1943 1018 1982 1037 1984 1037 1987 1037 2653 1021 2656 1001 2651 949 2548 962 2490 949 2487 949 2484 949 2481 949 2451 962 1660 962 1640 951 1626 946 1624 946 1621 946 1529 951 1418 960 1368 951 1324 946 1321 946 1318 946 1302 951 1285 960 1232 954 1157 943 1154 943 1099 954 1077 960 930 960 921 954 905 943 902 943 899 943 896 943 602 954 602 993"/></Shape>
	    <String CONTENT="séparation qu&#x27;il avait acceptres que mois de fivrier et auqquelles"
                    HPOS="599"
                    VPOS="943"
                    WIDTH="2057"
                    HEIGHT="94"
                    WC="0.9970264714775663"></String>
          </TextLine>
          <TextLine ID="eSc_line_780b92f0"
                    TAGREFS="LT31"
                    BASELINE="605 1062 2681 1071" 
                    HPOS="602"
                    VPOS="1004"
                    WIDTH="2079"
                    HEIGHT="103">
            <Shape><Polygon POINTS="605 1062 602 1087 2676 1107 2681 1071 2678 1032 2337 1012 2334 1012 2331 1012 2281 1029 2279 1032 2007 1032 2004 1029 1982 1010 1979 1010 1976 1010 1973 1010 1873 1026 1843 1007 1840 1007 1837 1007 1835 1007 1438 1026 1396 1026 1385 1026 1274 1004 1271 1004 1143 1023 1140 1023 1049 1004 1046 1004 1043 1004 993 1023 991 1023 988 1023 921 1010 918 1010 605 1021 605 1062"/></Shape>
	    <String CONTENT="il s&#x27;olestinait à &lt; tenir. Récomaitre ...pi... .....&gt;"
                    HPOS="602"
                    VPOS="1004"
                    WIDTH="2079"
                    HEIGHT="103"
                    WC="0.9568024393584993"></String>
          </TextLine>
          <TextLine ID="eSc_line_95f77fe0"
                    TAGREFS="LT33"
                    BASELINE="1454 1030 1722 1036" 
                    HPOS="1454"
                    VPOS="1030"
                    WIDTH="268"
                    HEIGHT="6">
	    <String CONTENT=""
                    HPOS="1454"
                    VPOS="1030"
                    WIDTH="268"
                    HEIGHT="6"></String>
          </TextLine>
          <TextLine ID="eSc_line_6f3ba382"
                    TAGREFS="LT31"
                    BASELINE="613 1140 2673 1146" 
                    HPOS="610"
                    VPOS="1085"
                    WIDTH="2063"
                    HEIGHT="99">
            <Shape><Polygon POINTS="613 1140 610 1157 657 1176 660 1176 663 1176 866 1162 885 1179 888 1179 891 1179 893 1179 1016 1159 1029 1159 1349 1159 1357 1162 1385 1176 1388 1176 1390 1176 1393 1176 1396 1176 1410 1162 1415 1159 1599 1159 1701 1165 1959 1182 1962 1184 2165 1184 2165 1182 2168 1182 2195 1168 2204 1165 2218 1168 2245 1176 2248 1176 2251 1176 2254 1176 2270 1168 2284 1162 2293 1171 2306 1182 2309 1182 2312 1182 2315 1182 2670 1171 2673 1146 2673 1107 2615 1090 2612 1090 2609 1090 2606 1090 2565 1104 2562 1104 2542 1104 2204 1090 2201 1090 2123 1098 2087 1104 2076 1098 2059 1090 2057 1090 2054 1090 2051 1090 2048 1090 2040 1098 2032 1107 1848 1107 1804 1096 1768 1090 1765 1090 1726 1096 1674 1104 1640 1096 1618 1087 1615 1087 1612 1087 1379 1093 927 1101 613 1085 613 1140"/></Shape>
	    <String CONTENT="&lt;......&gt; l indépendance d en Belges qu&#x27;il venait de¬"
                    HPOS="610"
                    VPOS="1085"
                    WIDTH="2063"
                    HEIGHT="99"
                    WC="0.9699221001221583"></String>
          </TextLine>
          <TextLine ID="eSc_line_8671a667"
                    TAGREFS="LT31"
                    BASELINE="599 1209 2212 1227 2212 1227 2662 1218" 
                    HPOS="596"
                    VPOS="1151"
                    WIDTH="2066"
                    HEIGHT="92">
            <Shape><Polygon POINTS="596 1240 2656 1243 2662 1218 2656 1173 2406 1176 2393 1171 2359 1157 2356 1157 2354 1157 2351 1157 2323 1171 2312 1176 2251 1171 2107 1157 2104 1157 2043 1171 2015 1176 1965 1171 1837 1154 1835 1154 1743 1171 1718 1173 1701 1171 1649 1154 1646 1154 1643 1154 1549 1168 1535 1171 1526 1168 1474 1154 1471 1154 1468 1154 1465 1154 1424 1168 1415 1171 1410 1168 1365 1154 1363 1154 1360 1154 1357 1154 1310 1168 1299 1173 1082 1173 1068 1168 1010 1151 1007 1151 1004 1151 916 1168 893 1173 763 1173 752 1168 713 1151 710 1151 707 1151 599 1165 599 1209"/></Shape>
	    <String CONTENT="battre, était insupportable à l&#x27;orgueil de cef entêtéx. Il ne parlait"
                    HPOS="596"
                    VPOS="1151"
                    WIDTH="2066"
                    HEIGHT="92"
                    WC="0.9872927810464587"></String>
          </TextLine>
          <TextLine ID="eSc_line_ed00c520"
                    TAGREFS="LT31"
                    BASELINE="599 1282 2662 1301" 
                    HPOS="599"
                    VPOS="1229"
                    WIDTH="2063"
                    HEIGHT="111">
            <Shape><Polygon POINTS="599 1282 599 1315 710 1307 788 1318 835 1323 838 1323 841 1323 843 1323 852 1318 868 1307 882 1318 893 1326 896 1326 899 1326 902 1329 1002 1329 1002 1326 1004 1326 1007 1326 1018 1318 1035 1309 1182 1309 1199 1318 1213 1329 1215 1329 1218 1329 1221 1332 1302 1332 1302 1329 1399 1320 1482 1312 1593 1320 1743 1332 1746 1332 1748 1332 1751 1332 1768 1320 1779 1315 1837 1320 1904 1329 1907 1329 2107 1323 2184 1320 2187 1323 2204 1337 2207 1337 2209 1337 2212 1337 2420 1326 2454 1340 2456 1340 2459 1340 2659 1323 2662 1301 2659 1257 2209 1243 2207 1243 2204 1243 2201 1243 2193 1251 2184 1259 2076 1259 2043 1251 1982 1240 1979 1240 1976 1240 1934 1251 1918 1254 1904 1251 1876 1240 1873 1240 1871 1240 1810 1248 1779 1254 1760 1248 1718 1237 1715 1237 1712 1237 1593 1248 1554 1251 1537 1248 1485 1234 1482 1234 1479 1234 1293 1245 1246 1248 1240 1245 1229 1234 1227 1234 1224 1234 1221 1234 1143 1245 1135 1245 1129 1245 1082 1232 1079 1232 1077 1232 1004 1245 991 1245 974 1243 877 1229 874 1229 871 1229 868 1229 849 1243 846 1243 755 1229 752 1229 599 1240 599 1282"/></Shape>
	    <String CONTENT="de leur roi qu en l&#x27;appelant a le Léopoldt&quot; et avunait que son gosier"
                    HPOS="599"
                    VPOS="1229"
                    WIDTH="2063"
                    HEIGHT="111"
                    WC="0.9841186361036439"></String>
          </TextLine>
          <TextLine ID="eSc_line_893a987b"
                    TAGREFS="LT31"
                    BASELINE="599 1362 2670 1370" 
                    HPOS="596"
                    VPOS="1320"
                    WIDTH="2074"
                    HEIGHT="92">
            <Shape><Polygon POINTS="599 1362 596 1384 727 1406 730 1406 838 1393 891 1406 893 1406 896 1406 899 1406 952 1390 988 1406 991 1406 993 1406 1071 1390 1179 1406 1182 1406 1549 1393 1629 1409 1632 1412 1918 1412 1918 1409 1921 1409 1923 1409 1954 1393 2118 1395 2137 1412 2140 1412 2143 1412 2145 1412 2237 1395 2279 1412 2281 1412 2284 1412 2287 1412 2326 1398 2615 1409 2617 1409 2620 1409 2667 1393 2670 1370 2665 1320 599 1320 599 1362"/></Shape>
	    <String CONTENT="sa refusait à pron on cor le mot de Belgique. Au reste, il se sentait"
                    HPOS="596"
                    VPOS="1320"
                    WIDTH="2074"
                    HEIGHT="92"
                    WC="0.9903960406780243"></String>
          </TextLine>
          <TextLine ID="eSc_line_6d9f4149"
                    TAGREFS="LT31"
                    BASELINE="610 1445 2692 1451" 
                    HPOS="607"
                    VPOS="1390"
                    WIDTH="2085"
                    HEIGHT="97">
            <Shape><Polygon POINTS="610 1445 607 1467 841 1484 843 1484 1632 1473 1660 1487 1662 1487 1665 1487 2690 1473 2692 1451 2690 1404 2140 1395 2137 1395 2134 1395 2126 1398 2104 1409 2065 1398 2054 1395 2051 1395 2048 1395 1993 1398 1807 1409 1785 1395 1782 1395 1779 1395 1776 1395 1765 1395 1704 1409 1665 1395 1654 1393 1651 1393 1649 1393 1646 1393 1637 1395 1610 1409 1238 1409 1213 1393 1210 1393 1207 1393 1204 1393 1202 1393 1165 1406 1121 1393 1118 1393 1116 1393 1113 1393 1079 1409 696 1409 610 1390 610 1445"/></Shape>
	    <String CONTENT="eucouragé par la sympathie des trois cours du Nord. &lt;.&gt; Devant"
                    HPOS="607"
                    VPOS="1390"
                    WIDTH="2085"
                    HEIGHT="97"
                    WC="0.9906532572161767"></String>
          </TextLine>
          <TextLine ID="eSc_line_b786362e"
                    TAGREFS="LT31"
                    BASELINE="602 1537 2712 1526" 
                    HPOS="599"
                    VPOS="1465"
                    WIDTH="2113"
                    HEIGHT="102">
            <Shape><Polygon POINTS="602 1537 602 1559 2179 1567 2182 1567 2243 1565 2476 1551 2706 1565 2712 1526 2703 1479 2368 1487 2348 1479 2312 1465 2309 1465 2306 1465 2304 1465 2276 1479 2259 1490 1973 1490 1951 1481 1912 1467 1909 1467 1815 1467 1812 1467 1715 1484 1657 1492 1629 1484 1587 1470 1585 1470 1582 1470 1579 1470 1546 1484 1526 1495 1285 1495 1274 1487 1260 1473 1257 1473 1254 1473 1252 1473 1140 1487 1129 1487 1107 1473 1104 1473 1102 1473 882 1473 880 1473 877 1473 852 1487 830 1473 827 1473 824 1473 821 1473 818 1473 780 1490 766 1495 752 1490 716 1473 713 1473 627 1473 624 1473 621 1473 619 1473 599 1481 602 1537"/></Shape>
	    <String CONTENT="le résultat final et irrévocable&quot; de la conférence, elles éprouvaient"
                    HPOS="599"
                    VPOS="1465"
                    WIDTH="2113"
                    HEIGHT="102"
                    WC="0.9964940211047297"></String>
          </TextLine>
          <TextLine ID="eSc_line_4dbc5c80"
                    TAGREFS="LT31"
                    BASELINE="602 1612 1932 1621 1932 1621 2690 1606" 
                    HPOS="599"
                    VPOS="1554"
                    WIDTH="2091"
                    HEIGHT="94">
            <Shape><Polygon POINTS="602 1642 2198 1648 2201 1648 2298 1634 2312 1634 2326 1634 2454 1648 2456 1648 2687 1631 2690 1606 2684 1570 2284 1554 2281 1554 2279 1554 2276 1554 2254 1567 2057 1556 2054 1556 1604 1570 1565 1556 1562 1556 1560 1556 1479 1570 1446 1556 1443 1556 1440 1556 1438 1556 1435 1556 1418 1573 1224 1573 1068 1556 1066 1556 882 1570 816 1556 813 1556 810 1556 757 1570 660 1556 657 1556 655 1556 599 1573 602 1612"/></Shape>
	    <String CONTENT="maintenant le remords d&#x27;avoir pactisé avec le libéralisme"
                    HPOS="599"
                    VPOS="1554"
                    WIDTH="2091"
                    HEIGHT="94"
                    WC="0.998432573519255"></String>
          </TextLine>
          <TextLine ID="eSc_line_3dd8e9b7"
                    TAGREFS="LT31"
                    BASELINE="602 1689 1918 1705 1919 1705 2656 1689" 
                    HPOS="602"
                    VPOS="1637"
                    WIDTH="2054"
                    HEIGHT="97">
            <Shape><Polygon POINTS="602 1714 860 1717 891 1734 893 1734 896 1734 1071 1720 1227 1734 1229 1734 1424 1720 1485 1734 1488 1734 1490 1734 1674 1720 1701 1734 1704 1734 1707 1734 1812 1720 1835 1734 1837 1734 1840 1734 1843 1734 2157 1720 2184 1731 2187 1731 2190 1731 2193 1731 2195 1731 2212 1717 2393 1734 2395 1734 2398 1734 2456 1717 2653 1717 2656 1689 2651 1645 1518 1651 1415 1640 1390 1637 1388 1637 1385 1637 1379 1640 1354 1653 1193 1653 1074 1637 1060 1637 1057 1637 1043 1637 927 1651 816 1637 810 1637 807 1637 805 1637 780 1651 760 1637 757 1637 755 1637 602 1637 602 1689"/></Shape>
	    <String CONTENT="et de la &quot;protection qu&#x27;elles avaient accordées à une révolu¬"
                    HPOS="602"
                    VPOS="1637"
                    WIDTH="2054"
                    HEIGHT="97"
                    WC="0.9901842013482125"></String>
          </TextLine>
          <TextLine ID="eSc_line_f601fae2"
                    TAGREFS="LT31"
                    BASELINE="591 1778 1872 1785 2615 1764" 
                    HPOS="588"
                    VPOS="1712"
                    WIDTH="2027"
                    HEIGHT="97">
            <Shape><Polygon POINTS="591 1809 2612 1792 2615 1764 2606 1728 2398 1728 2370 1714 2368 1714 2365 1714 2290 1728 2248 1714 2245 1714 2243 1714 2043 1731 2029 1731 2026 1731 1984 1712 1982 1712 1979 1712 1976 1712 1929 1731 1926 1731 1729 1714 1726 1714 1723 1714 1721 1714 1693 1734 1690 1737 1607 1737 1599 1734 1446 1714 1443 1714 1335 1737 1326 1739 1099 1739 1082 1739 988 1717 985 1717 807 1739 802 1739 799 1739 632 1720 630 1720 627 1720 588 1737 591 1778"/></Shape>
	    <String CONTENT="tion&quot;. Le Isar reprochait à des plenipatentraines d&#x27;avair"
                    HPOS="588"
                    VPOS="1712"
                    WIDTH="2027"
                    HEIGHT="97"
                    WC="0.9841593894465216"></String>
          </TextLine>
          <TextLine ID="eSc_line_44987b59"
                    TAGREFS="LT31"
                    BASELINE="596 1859 1862 1864 2656 1848" 
                    HPOS="594"
                    VPOS="1812"
                    WIDTH="2062"
                    HEIGHT="94">
            <Shape><Polygon POINTS="596 1859 596 1887 730 1887 732 1887 752 1903 755 1903 757 1903 760 1906 960 1906 960 1903 963 1903 1016 1887 1021 1887 1082 1887 1585 1903 1587 1903 1715 1889 1807 1900 1810 1900 1812 1900 1843 1887 1848 1884 1857 1887 1907 1900 1909 1900 1912 1900 2087 1887 2126 1884 2134 1887 2168 1900 2170 1900 2173 1900 2176 1900 2226 1887 2270 1900 2273 1900 2276 1900 2279 1900 2309 1887 2315 1884 2651 1884 2656 1848 2648 1812 594 1812 596 1859"/></Shape>
	    <String CONTENT="ontr epassé leurs instructions en sacrifiant en souverains"
                    HPOS="594"
                    VPOS="1812"
                    WIDTH="2062"
                    HEIGHT="94"
                    WC="0.9837323077793779"></String>
          </TextLine>
          <TextLine ID="eSc_line_08df3019"
                    TAGREFS="LT31"
                    BASELINE="594 1942 2690 1936" 
                    HPOS="591"
                    VPOS="1884"
                    WIDTH="2099"
                    HEIGHT="100">
            <Shape><Polygon POINTS="594 1942 596 1984 646 1967 1096 1967 1116 1981 1118 1981 1121 1981 1124 1981 1718 1967 1746 1978 1748 1978 1751 1978 1754 1978 1796 1964 1843 1978 1846 1978 1848 1981 1921 1981 2187 1981 2187 1978 2190 1978 2223 1964 2270 1978 2273 1978 2276 1978 2279 1978 2290 1978 2409 1964 2448 1978 2451 1978 2454 1978 2456 1978 2459 1978 2462 1978 2484 1964 2684 1975 2690 1936 2684 1884 2548 1884 2545 1884 2542 1884 2540 1884 2520 1903 2209 1903 2190 1887 2187 1884 2184 1884 2182 1884 2087 1884 2084 1884 2082 1884 2079 1884 2070 1889 2048 1903 1585 1903 1426 1895 1285 1889 1282 1889 1240 1898 1213 1903 1185 1898 1121 1887 1118 1887 971 1900 941 1903 938 1900 921 1887 918 1887 916 1887 705 1887 702 1887 699 1887 696 1887 677 1903 660 1889 657 1889 655 1889 652 1889 649 1889 591 1903 594 1942"/></Shape>
	    <String CONTENT="étroitement reni à sa maison par des lieus de parenti et"
                    HPOS="591"
                    VPOS="1884"
                    WIDTH="2099"
                    HEIGHT="100"
                    WC="0.9995178998562327"></String>
          </TextLine>
          <TextLine ID="eSc_line_d67487e9"
                    TAGREFS="LT31"
                    BASELINE="596 2025 2670 2017" 
                    HPOS="594"
                    VPOS="1961"
                    WIDTH="2076"
                    HEIGHT="100">
            <Shape><Polygon POINTS="596 2025 596 2056 1510 2042 1532 2056 1535 2059 1537 2059 1540 2059 1543 2061 1976 2061 1976 2059 2012 2053 2095 2039 2665 2050 2670 2017 2665 1981 2479 1964 2476 1964 2473 1964 2437 1978 2415 1964 2412 1964 2409 1964 2406 1964 2404 1964 2376 1978 2340 1961 2337 1961 2334 1961 2331 1961 2301 1978 2298 1978 2287 1978 2162 1961 2159 1961 2157 1961 2154 1961 2134 1975 2132 1981 2023 1981 2018 1975 1982 1961 1979 1961 1976 1961 1973 1961 1971 1961 1954 1975 1946 1984 1790 1984 1782 1975 1771 1964 1768 1964 1765 1964 1762 1964 1635 1975 1540 1981 1510 1973 1476 1964 1474 1964 1471 1964 1468 1964 1465 1964 1454 1973 1440 1981 1368 1973 1296 1964 1293 1964 1290 1964 1288 1964 1288 1967 1279 1973 1265 1984 1177 1973 1135 1967 1132 1967 1104 1970 1032 1984 594 1970 596 2025"/></Shape>
	    <String CONTENT="d&#x27;affction&quot;. On aubliait &lt;.&gt; qu&#x27;elles étaient pas¬"
                    HPOS="594"
                    VPOS="1961"
                    WIDTH="2076"
                    HEIGHT="100"
                    WC="0.984420872926712"></String>
          </TextLine>
          <TextLine ID="eSc_line_006a38a2"
                    TAGREFS="LT34"
                    BASELINE="1692 1990 1867 1988" 
                    HPOS="1692"
                    VPOS="1988"
                    WIDTH="175"
                    HEIGHT="2">
	    <String CONTENT=""
                    HPOS="1692"
                    VPOS="1988"
                    WIDTH="175"
                    HEIGHT="2"></String>
          </TextLine>
          <TextLine ID="eSc_line_afed55a0"
                    TAGREFS="LT31"
                    BASELINE="582 2095 2698 2103" 
                    HPOS="580"
                    VPOS="2042"
                    WIDTH="2118"
                    HEIGHT="86">
            <Shape><Polygon POINTS="582 2095 580 2120 2692 2128 2698 2103 2698 2061 2681 2047 2678 2047 2676 2047 2673 2047 2498 2064 2473 2064 2442 2061 2287 2047 2284 2047 2281 2047 2279 2047 2259 2061 2251 2064 2243 2061 2220 2050 2218 2050 2215 2050 2212 2050 2179 2059 2157 2067 1993 2067 1984 2056 1979 2053 1979 2050 1976 2050 1973 2050 1971 2050 1879 2056 1793 2061 1782 2056 1768 2045 1765 2045 1762 2045 1637 2045 1635 2045 1582 2053 1521 2061 1490 2050 1471 2045 1468 2045 1465 2045 1401 2050 1282 2061 1132 2047 1068 2042 1066 2042 1043 2047 988 2059 799 2045 768 2042 766 2042 755 2042 666 2059 582 2042 582 2095"/></Shape>
	    <String CONTENT="sées, les terreurs provoquées pas l&#x27;immminame de la guerre géné¬"
                    HPOS="580"
                    VPOS="2042"
                    WIDTH="2118"
                    HEIGHT="86"
                    WC="0.9934977767989039"></String>
          </TextLine>
          <TextLine ID="eSc_line_87714278"
                    TAGREFS="LT31"
                    BASELINE="582 2170 1581 2181 2637 2178" 
                    HPOS="580"
                    VPOS="2117"
                    WIDTH="2057"
                    HEIGHT="105">
            <Shape><Polygon POINTS="580 2192 807 2208 810 2208 813 2208 855 2197 899 2214 902 2214 905 2214 907 2214 960 2197 974 2211 977 2211 979 2211 982 2211 1168 2197 1268 2217 1271 2217 1926 2203 1984 2220 1987 2220 1990 2222 2254 2222 2254 2220 2634 2200 2637 2178 2637 2142 2592 2122 2590 2122 2587 2122 2584 2122 2534 2139 2440 2125 2437 2125 2268 2139 2256 2139 2251 2139 2179 2122 2176 2122 2173 2122 2170 2122 2151 2139 2118 2125 2115 2125 2112 2125 2040 2139 2029 2139 2021 2139 1951 2120 1948 2120 1946 2120 1868 2136 1865 2136 1857 2136 1643 2120 1640 2120 1637 2120 1587 2136 1579 2139 1343 2139 1329 2133 1268 2117 1265 2117 1263 2117 1260 2117 1215 2133 1213 2133 1202 2133 1068 2117 1066 2117 1063 2117 1029 2131 1027 2133 1021 2131 988 2117 985 2117 982 2117 582 2128 582 2170"/></Shape>
	    <String CONTENT="rale. &lt;.. .... ..&gt; Metternich reyetait tout le &gt; sur la"
                    HPOS="580"
                    VPOS="2117"
                    WIDTH="2057"
                    HEIGHT="105"
                    WC="0.9694719325412403"></String>
          </TextLine>
          <TextLine ID="eSc_line_fb3eb1f7"
                    TAGREFS="LT34"
                    BASELINE="2253 2145 2426 2152" 
                    HPOS="2253"
                    VPOS="2145"
                    WIDTH="173"
                    HEIGHT="7">
	    <String CONTENT=""
                    HPOS="2253"
                    VPOS="2145"
                    WIDTH="173"
                    HEIGHT="7"></String>
          </TextLine>
          <TextLine ID="eSc_line_8ecc08a8"
                    TAGREFS="LT31"
                    BASELINE="596 2258 1646 2269 1646 2269 2676 2258" 
                    HPOS="596"
                    VPOS="2217"
                    WIDTH="2080"
                    HEIGHT="89">
            <Shape><Polygon POINTS="596 2286 768 2286 771 2286 793 2303 796 2303 799 2303 802 2306 905 2306 905 2303 907 2303 938 2286 941 2286 952 2286 1054 2300 1057 2300 1060 2300 1063 2300 1079 2286 1082 2286 1324 2286 1351 2289 1451 2303 1454 2303 1882 2292 2018 2289 2034 2292 2065 2300 2068 2300 2070 2300 2115 2292 2151 2286 2162 2294 2173 2303 2176 2303 2179 2303 2182 2303 2262 2294 2329 2286 2673 2294 2676 2258 2676 2220 596 2217 596 2258"/></Shape>
	    <String CONTENT="srusse qui n&#x27;avait pas osé prendre dès le dibut une attitude"
                    HPOS="596"
                    VPOS="2217"
                    WIDTH="2080"
                    HEIGHT="89"
                    WC="0.9959977716207504"></String>
          </TextLine>
          <TextLine ID="eSc_line_1b8a1213"
                    TAGREFS="LT31"
                    BASELINE="588 2333 1693 2344 2690 2328" 
                    HPOS="588"
                    VPOS="2281"
                    WIDTH="2102"
                    HEIGHT="102">
            <Shape><Polygon POINTS="588 2364 685 2364 713 2383 716 2383 719 2383 721 2383 724 2383 796 2364 924 2383 927 2383 1079 2364 1210 2383 1213 2383 1324 2369 1773 2383 1776 2383 1779 2383 1837 2364 1940 2383 1943 2383 2084 2361 2090 2361 2690 2361 2690 2328 2681 2281 2587 2294 2537 2281 2534 2281 2531 2281 2526 2281 2434 2294 2368 2281 2356 2281 2354 2281 2304 2281 1971 2297 1823 2286 1793 2283 1790 2283 1771 2286 1696 2297 1576 2286 1529 2283 1399 2283 1396 2283 1393 2283 1390 2283 1388 2289 1374 2297 588 2294 588 2333 588 2364"/></Shape>
	    <String CONTENT="assez énergique. &quot;sielle l&#x27;eût fait cette révolution se lerait"
                    HPOS="588"
                    VPOS="2281"
                    WIDTH="2102"
                    HEIGHT="102"
                    WC="0.9909401709033597"></String>
          </TextLine>
          <TextLine ID="eSc_line_636d96c6"
                    TAGREFS="LT31"
                    BASELINE="588 2414 2684 2414" 
                    HPOS="588"
                    VPOS="2372"
                    WIDTH="2096"
                    HEIGHT="86">
            <Shape><Polygon POINTS="588 2414 588 2444 999 2439 1029 2444 1082 2455 1085 2455 1140 2444 1157 2442 1168 2444 1202 2455 1204 2455 1207 2455 1277 2444 1296 2442 1329 2444 1454 2455 1457 2455 1554 2444 1593 2439 1607 2444 1643 2455 1646 2455 1649 2458 2240 2458 2240 2455 2337 2442 2340 2442 2376 2455 2379 2455 2381 2455 2684 2439 2684 2414 2684 2380 588 2372 588 2414"/></Shape>
	    <String CONTENT="terminée d&#x27;une manière aussi hout ense que les moma¬"
                    HPOS="588"
                    VPOS="2372"
                    WIDTH="2096"
                    HEIGHT="86"
                    WC="0.9873591764615133"></String>
          </TextLine>
          <TextLine ID="eSc_line_2949f74a"
                    TAGREFS="LT31"
                    BASELINE="571 2486 2678 2500" 
                    HPOS="569"
                    VPOS="2433"
                    WIDTH="2109"
                    HEIGHT="106">
            <Shape><Polygon POINTS="569 2505 719 2522 721 2522 993 2514 1021 2514 1027 2514 1082 2530 1085 2530 1088 2530 1238 2516 1288 2514 1324 2519 1415 2533 1418 2533 1812 2528 2226 2519 2245 2533 2248 2533 2251 2533 2254 2533 2265 2533 2420 2522 2673 2539 2678 2500 2678 2464 2604 2444 2601 2444 2598 2444 2520 2461 2501 2447 2498 2447 2495 2447 2492 2447 2420 2461 2418 2461 2412 2461 2248 2442 2245 2442 2168 2458 2157 2458 2140 2458 2018 2442 2015 2442 2012 2442 2009 2442 1993 2455 1987 2461 1835 2461 1690 2450 1546 2442 1543 2442 1540 2442 1518 2447 1488 2455 1474 2447 1463 2439 1460 2439 1457 2439 1454 2439 1365 2444 1293 2450 1279 2444 1265 2436 1263 2436 1185 2436 1182 2436 1179 2436 1177 2436 1171 2442 1154 2453 1079 2442 1046 2436 1043 2436 1041 2436 1038 2436 1032 2439 1007 2453 855 2453 818 2436 810 2433 807 2433 805 2433 771 2436 630 2450 574 2433 571 2486 569 2505"/></Shape>
	    <String CONTENT="ments insurrechionnels qui avaient éclaté à la même épo¬"
                    HPOS="569"
                    VPOS="2433"
                    WIDTH="2109"
                    HEIGHT="106"
                    WC="0.9948075068624396"></String>
          </TextLine>
          <TextLine ID="eSc_line_6d5cb2ed"
                    TAGREFS="LT31"
                    BASELINE="599 2569 1132 2568" 
                    HPOS="596"
                    VPOS="2511"
                    WIDTH="506"
                    HEIGHT="125">
            <Shape><Polygon POINTS="605 2636 660 2591 821 2591 843 2616 860 2630 860 2633 863 2633 866 2633 868 2636 1029 2636 1029 2633 1032 2633 1035 2633 1035 2630 1068 2597 1071 2597 1099 2597 1102 2566 1099 2530 1063 2511 1060 2511 1057 2511 974 2528 880 2511 877 2511 874 2511 871 2511 846 2528 632 2516 630 2516 627 2516 596 2528 599 2569"/></Shape>
	    <String CONTENT="que en Ptalie"
                    HPOS="596"
                    VPOS="2511"
                    WIDTH="506"
                    HEIGHT="125"
                    WC="0.9886889457702637"></String>
          </TextLine>
          <TextLine ID="eSc_line_7d60ccb9"
                    TAGREFS="LT31"
                    BASELINE="607 2647 2651 2627" 
                    HPOS="605"
                    VPOS="2566"
                    WIDTH="2046"
                    HEIGHT="117">
            <Shape><Polygon POINTS="607 2647 607 2666 1188 2683 1190 2683 1554 2677 1557 2677 1560 2677 1579 2664 1768 2677 1771 2677 1773 2677 1832 2661 1846 2658 2651 2658 2651 2627 2642 2589 2540 2589 2537 2589 2481 2566 2479 2566 2476 2566 2473 2566 2426 2589 2384 2566 2381 2566 2379 2566 2270 2591 2265 2594 2009 2594 2007 2594 1940 2569 1937 2569 1835 2569 1832 2569 1679 2600 1329 2600 1290 2577 1288 2577 1285 2577 1188 2575 1185 2575 702 2605 660 2580 657 2580 655 2580 652 2580 649 2580 646 2580 605 2602 607 2647"/></Shape>
	    <String CONTENT="Mais le lat.&lt;..&gt; On s&#x27;était lie les mains. A tout preu¬"
                    HPOS="605"
                    VPOS="2566"
                    WIDTH="2046"
                    HEIGHT="117"
                    WC="0.9377622921358455"></String>
          </TextLine>
          <TextLine ID="eSc_line_40a1a5b5"
                    TAGREFS="LT34"
                    BASELINE="869 2613 1257 2611" 
                    HPOS="869"
                    VPOS="2611"
                    WIDTH="388"
                    HEIGHT="2">
	    <String CONTENT=""
                    HPOS="869"
                    VPOS="2611"
                    WIDTH="388"
                    HEIGHT="2"></String>
          </TextLine>
          <TextLine ID="eSc_line_266ff592"
                    TAGREFS="LT31"
                    BASELINE="588 2725 2612 2697" 
                    HPOS="585"
                    VPOS="2652"
                    WIDTH="2027"
                    HEIGHT="111">
            <Shape><Polygon POINTS="588 2725 594 2763 616 2747 2609 2730 2612 2697 2604 2652 585 2677 588 2725"/></Shape>
	    <String CONTENT="dre, on avait obtenu l&#x27;essentiel en empechant la France de"
                    HPOS="585"
                    VPOS="2652"
                    WIDTH="2027"
                    HEIGHT="111"
                    WC="0.9978425667203706"></String>
          </TextLine>
          <TextLine ID="eSc_line_00f409db"
                    TAGREFS="LT31"
                    BASELINE="588 2794 1424 2802 2631 2777" 
                    HPOS="585"
                    VPOS="2725"
                    WIDTH="2046"
                    HEIGHT="116">
            <Shape><Polygon POINTS="588 2794 588 2824 705 2824 707 2824 744 2841 746 2841 749 2841 752 2841 755 2841 777 2824 782 2824 877 2838 880 2838 882 2838 938 2822 946 2822 999 2822 1357 2836 1360 2836 2628 2808 2631 2777 2626 2744 2534 2725 2531 2725 2529 2725 2467 2741 2409 2725 2406 2725 2404 2725 2401 2725 2362 2741 2273 2727 2270 2727 2268 2727 2226 2744 2223 2744 2187 2744 1909 2730 1907 2730 1904 2730 1854 2744 1843 2747 1835 2744 1812 2733 1810 2733 1807 2733 1804 2733 1801 2733 1787 2744 1782 2750 1751 2744 1693 2733 1690 2733 1687 2733 1646 2744 1612 2752 1576 2744 1537 2736 1535 2736 1454 2744 1354 2755 1240 2744 1168 2738 1102 2738 1099 2738 1096 2738 1093 2738 1093 2741 1088 2744 1071 2758 1027 2744 1013 2741 1010 2741 1007 2741 1004 2741 996 2744 968 2761 838 2761 785 2744 780 2744 777 2744 774 2744 585 2744 588 2794"/></Shape>
	    <String CONTENT="s&#x27;emparer de la Belgique. Sans doute, il était regrethable d&#x27;a¬"
                    HPOS="585"
                    VPOS="2725"
                    WIDTH="2046"
                    HEIGHT="116"
                    WC="0.9955603906086513"></String>
          </TextLine>
          <TextLine ID="eSc_line_6b3fac28"
                    TAGREFS="LT31"
                    BASELINE="580 2869 1605 2873 1606 2873 2573 2847" 
                    HPOS="577"
                    VPOS="2811"
                    WIDTH="1996"
                    HEIGHT="83">
            <Shape><Polygon POINTS="580 2894 2570 2874 2573 2847 2565 2811 577 2827 580 2869"/></Shape>
	    <String CONTENT="voir dèe consentir à son udépendance rivolutionnaire sur les"
                    HPOS="577"
                    VPOS="2811"
                    WIDTH="1996"
                    HEIGHT="83"
                    WC="0.9962728111470331"></String>
          </TextLine>
          <TextLine ID="eSc_line_09766cd9"
                    TAGREFS="LT31"
                    BASELINE="582 2941 2207 2933 2207 2933 2665 2922" 
                    HPOS="580"
                    VPOS="2874"
                    WIDTH="2085"
                    HEIGHT="103">
            <Shape><Polygon POINTS="582 2960 866 2977 868 2977 871 2977 905 2960 977 2960 1760 2972 1762 2972 2665 2952 2665 2922 2656 2880 2115 2888 2104 2886 2073 2874 2070 2874 2068 2874 1882 2888 1832 2891 1821 2888 1782 2877 1779 2877 1776 2877 1671 2891 1643 2894 1618 2891 1532 2880 1529 2880 1526 2880 1482 2894 1468 2897 1449 2894 1382 2883 1379 2883 1376 2883 1374 2883 1360 2894 1354 2899 1204 2899 1202 2897 1185 2883 1182 2883 1179 2883 1177 2883 1029 2899 1016 2899 1010 2899 949 2886 946 2886 874 2902 863 2902 832 2902 613 2888 610 2888 607 2888 580 2899 582 2941"/></Shape>
	    <String CONTENT="nistances de la France et de l&#x27;Angleterre. Guillame ne pouvait"
                    HPOS="580"
                    VPOS="2874"
                    WIDTH="2085"
                    HEIGHT="103"
                    WC="0.9977323893577822"></String>
          </TextLine>
          <TextLine ID="eSc_line_a2e5f5ba"
                    TAGREFS="LT31"
                    BASELINE="574 3021 2645 2997" 
                    HPOS="571"
                    VPOS="2944"
                    WIDTH="2074"
                    HEIGHT="102">
            <Shape><Polygon POINTS="574 3021 574 3046 2642 3021 2645 2997 2640 2958 2526 2944 2523 2944 2520 2944 2484 2958 2479 2958 2459 2958 2340 2947 2337 2947 2234 2958 2207 2960 2201 2958 2179 2947 2176 2947 2173 2947 2170 2947 2145 2958 2134 2963 2087 2958 2001 2949 1998 2949 1996 2949 1965 2960 1940 2966 1857 2960 1762 2952 1760 2952 1757 2952 1737 2960 1712 2969 1615 2960 1543 2955 1540 2955 1537 2955 1535 2955 1529 2960 1518 2969 1482 2960 1460 2958 1457 2958 1429 2960 1363 2972 1324 2960 1310 2958 1307 2958 1304 2958 1302 2958 1285 2960 1240 2974 1146 2963 1124 2960 1121 2960 1096 2963 982 2977 818 2966 816 2966 813 2966 785 2980 571 2966 574 3021"/></Shape>
	    <String CONTENT="exiger cependant &lt;.......... ... ....t. I de ses"
                    HPOS="571"
                    VPOS="2944"
                    WIDTH="2074"
                    HEIGHT="102"
                    WC="0.9557765200734138"></String>
          </TextLine>
          <TextLine ID="eSc_line_399f72d4"
                    TAGREFS="LT31"
                    BASELINE="574 3096 788 3085 2659 3069" 
                    HPOS="571"
                    VPOS="3021"
                    WIDTH="2088"
                    HEIGHT="109">
            <Shape><Polygon POINTS="574 3096 574 3130 868 3113 1671 3113 2615 3113 2615 3110 2617 3110 2659 3094 2659 3069 2651 3030 2212 3035 2184 3035 2054 3021 2051 3021 2048 3021 2046 3021 2029 3035 2026 3041 1912 3041 1901 3038 1832 3024 1829 3024 1826 3024 1823 3024 1801 3038 1798 3041 1610 3041 1599 3041 1476 3027 1474 3027 1471 3027 1468 3027 1446 3044 1443 3044 1429 3044 1310 3030 1307 3030 1240 3044 1199 3030 1196 3030 1193 3030 1190 3030 1157 3046 1138 3033 1135 3033 1132 3033 1129 3033 1018 3046 991 3033 988 3033 985 3033 866 3049 860 3049 857 3049 702 3035 699 3035 571 3052 574 3096"/></Shape>
	    <String CONTENT="prot ecteurs qu&#x27;ils &lt;.......... .. ......&gt;"
                    HPOS="571"
                    VPOS="3021"
                    WIDTH="2088"
                    HEIGHT="109"
                    WC="0.915098637342453"></String>
          </TextLine>
          <TextLine ID="eSc_line_601b1f5b"
                    TAGREFS="LT31"
                    BASELINE="569 3171 1204 3152 2407 3156 2408 3156 2681 3138" 
                    HPOS="566"
                    VPOS="3094"
                    WIDTH="2115"
                    HEIGHT="100">
            <Shape><Polygon POINTS="569 3194 2681 3163 2681 3138 2676 3102 2090 3094 2087 3094 1884 3110 1862 3110 1846 3110 1654 3099 1651 3099 1557 3113 1551 3113 1549 3113 1438 3102 1435 3102 566 3124 569 3171"/></Shape>
	    <String CONTENT="&lt;...missent leur épée à son service. Ils l&#x27;entouraient"
                    HPOS="566"
                    VPOS="3094"
                    WIDTH="2115"
                    HEIGHT="100"
                    WC="0.9815003687685186"></String>
          </TextLine>
          <TextLine ID="eSc_line_9508a2c6"
                    TAGREFS="LT31"
                    BASELINE="569 3241 2648 3213" 
                    HPOS="566"
                    VPOS="3157"
                    WIDTH="2082"
                    HEIGHT="109">
            <Shape><Polygon POINTS="569 3241 569 3266 2645 3249 2648 3213 2642 3174 2545 3157 2542 3157 2381 3177 2373 3177 2368 3177 2304 3160 2301 3160 2298 3160 2104 3180 2076 3163 2073 3163 2070 3163 2068 3163 1921 3182 1840 3166 1837 3166 1835 3166 1832 3166 1807 3185 1804 3188 1748 3188 1748 3185 1651 3169 1649 3169 1646 3169 1587 3188 1585 3188 1424 3174 1421 3174 1418 3174 1363 3191 1271 3174 1268 3174 1265 3174 1185 3194 982 3177 979 3177 771 3199 680 3182 677 3182 674 3182 641 3199 607 3182 605 3182 602 3182 599 3182 566 3199 569 3241"/></Shape>
	    <String CONTENT="de bons procédés, impêchaient qu&#x27;il ne lui feit fait violence, cher¬"
                    HPOS="566"
                    VPOS="3157"
                    WIDTH="2082"
                    HEIGHT="109"
                    WC="0.9918385717798682"></String>
          </TextLine>
        </TextBlock>
      </PrintSpace>
    </Page>
  </Layout>
</alto>
