<?xml version="1.0" encoding="UTF-8"?>
<alto xmlns:xsi="http://www.w3.org/2001/XMLSchema-instance"
      xmlns="http://www.loc.gov/standards/alto/ns-v4#"
      xsi:schemaLocation="http://www.loc.gov/standards/alto/ns-v4# http://www.loc.gov/standards/alto/v4/alto-4-2.xsd">
  <Description>
    <MeasurementUnit>pixel</MeasurementUnit>
    <sourceImageInformation>
      <fileName>ARCH-DIV-000496_0226.png</fileName>
    </sourceImageInformation>
  </Description>
  <Tags>
    <OtherTag ID="BT42" LABEL="MainZone" DESCRIPTION="block type MainZone"/><OtherTag ID="BT43" LABEL="MarginTextZone" DESCRIPTION="block type MarginTextZone"/><OtherTag ID="BT44" LABEL="NumberingZone" DESCRIPTION="block type NumberingZone"/><OtherTag ID="BT45" LABEL="TitlePageZone" DESCRIPTION="block type TitlePageZone"/><OtherTag ID="BT46" LABEL="CustomZone:Numbering" DESCRIPTION="block type CustomZone:Numbering"/><OtherTag ID="BT49" LABEL="MarginTextZone:lower" DESCRIPTION="block type MarginTextZone:lower"/>
    <OtherTag ID="LT25" LABEL="default" DESCRIPTION="line type default"/><OtherTag ID="LT31" LABEL="DefaultLine" DESCRIPTION="line type DefaultLine"/><OtherTag ID="LT32" LABEL="HeadingLine" DESCRIPTION="line type HeadingLine"/><OtherTag ID="LT33" LABEL="InterlinearLine:addition" DESCRIPTION="line type InterlinearLine:addition"/><OtherTag ID="LT34" LABEL="InterlinearLine:correction" DESCRIPTION="line type InterlinearLine:correction"/>
  </Tags>
  <Layout>
    <Page WIDTH="2790"
          HEIGHT="3337"
          PHYSICAL_IMG_NR="225"
          ID="eSc_dummypage_">
      <PrintSpace HPOS="0"
                  VPOS="0"
                  WIDTH="2790"
                  HEIGHT="3337">
        <TextBlock HPOS="230"
                   VPOS="27"
                   WIDTH="278"
                   HEIGHT="169"
                   ID="eSc_textblock_ae7aee06"
                   TAGREFS="BT44">
          <Shape><Polygon POINTS="454 196 508 27 230 27 230 196"/></Shape>
          <TextLine ID="eSc_line_f38a545b"
                    TAGREFS="LT31"
                    BASELINE="331 105 467 100" 
                    HPOS="331"
                    VPOS="47"
                    WIDTH="136"
                    HEIGHT="142">
            <Shape><Polygon POINTS="439 75 411 72 383 69 356 66 339 75 331 105 333 189 467 169 467 100 458 47 445 47 439 75"/></Shape>
	    <String CONTENT="227"
                    HPOS="331"
                    VPOS="47"
                    WIDTH="136"
                    HEIGHT="142"
                    WC="0.9999597072601318"></String>
          </TextLine>
        </TextBlock>
        <TextBlock HPOS="549"
                   VPOS="14"
                   WIDTH="2241"
                   HEIGHT="3323"
                   ID="eSc_textblock_6eadee98"
                   TAGREFS="BT42">
          <Shape><Polygon POINTS="569 14 549 3337 995 3337 2790 3296 2790 14"/></Shape>
          <TextLine ID="eSc_line_1abf9bb2"
                    TAGREFS="LT31"
                    BASELINE="686 74 2726 86" 
                    HPOS="1257"
                    VPOS="47"
                    WIDTH="1469"
                    HEIGHT="61">
            <Shape><Polygon POINTS="2675 63 2648 63 2620 63 2592 63 2564 63 2536 63 2509 63 2481 61 2453 61 2425 61 2397 61 2369 61 2342 61 2314 61 2286 61 2258 61 2230 58 2203 58 2175 58 2147 58 2119 58 2091 58 2063 58 2036 58 2008 58 1980 55 1952 55 1924 55 1897 55 1869 55 1841 55 1813 55 1785 55 1758 55 1730 52 1702 52 1674 52 1646 52 1618 52 1591 52 1563 52 1535 52 1507 50 1479 50 1452 50 1424 50 1396 50 1368 50 1340 50 1312 50 1285 50 1260 47 1260 72 1257 91 1282 105 1285 105 1287 108 2723 108 2726 86 2720 63 2703 63"/></Shape>
	    <String CONTENT="mettre jui à comps d&#x27;arachis. Quann il d&#x27;epfere"
                    HPOS="1257"
                    VPOS="47"
                    WIDTH="1469"
                    HEIGHT="61"
                    WC="0.9789028142889341"></String>
          </TextLine>
          <TextLine ID="eSc_line_3d8e5ef2"
                    TAGREFS="LT34"
                    BASELINE="1072 104 1236 119" 
                    HPOS="1072"
                    VPOS="104"
                    WIDTH="164"
                    HEIGHT="15">
	    <String CONTENT=""
                    HPOS="1072"
                    VPOS="104"
                    WIDTH="164"
                    HEIGHT="15"></String>
          </TextLine>
          <TextLine ID="eSc_line_cf2c2df5"
                    TAGREFS="LT31"
                    BASELINE="664 150 1121 136 2311 147 2311 147 2745 141" 
                    HPOS="664"
                    VPOS="80"
                    WIDTH="2081"
                    HEIGHT="97">
            <Shape><Polygon POINTS="2141 80 2036 100 2005 102 1972 100 1880 86 1877 86 1774 100 1746 102 1732 100 1663 80 1660 80 1657 80 1577 94 1521 80 1518 80 1516 80 1513 80 1482 97 1465 80 1463 80 1460 80 1457 80 1454 80 1418 94 1396 80 1393 80 1390 80 1062 80 1059 80 954 102 948 105 664 105 664 150 664 177 929 177 929 175 931 175 934 175 954 161 1179 175 1187 175 1190 175 1193 175 1296 158 1404 158 1426 175 1429 175 1432 175 1435 175 1446 175 1646 158 1688 172 1691 172 1694 172 1783 158 1810 175 1813 175 1816 175 1819 175 1841 175 2108 158 2164 175 2166 175 2169 175 2172 177 2308 177 2308 175 2311 175 2314 175 2336 158 2739 172 2745 141 2739 97 2328 102 2280 97 2169 83 2164 83"/></Shape>
	    <String CONTENT="dre sous la pore de la Révolution, il semble bien que ses initia¬"
                    HPOS="664"
                    VPOS="80"
                    WIDTH="2081"
                    HEIGHT="97"
                    WC="0.9800275270755474"></String>
          </TextLine>
          <TextLine ID="eSc_line_8c5f972a"
                    TAGREFS="LT31"
                    BASELINE="670 219 1488 200 2163 208 2163 208 2720 208" 
                    HPOS="667"
                    VPOS="152"
                    WIDTH="2053"
                    HEIGHT="89">
            <Shape><Polygon POINTS="670 241 845 228 1031 239 1073 241 1076 241 1098 239 1187 228 1507 236 1732 241 1735 241 1785 233 1844 225 1902 233 1947 239 1949 239 2008 233 2066 225 2086 230 2108 239 2111 239 2114 239 2717 225 2720 208 2717 169 2002 169 2000 166 1983 152 1980 152 1977 152 1974 152 1972 152 1922 166 1919 166 1902 166 1699 155 1696 155 1694 155 1691 155 1674 166 1668 169 1649 166 1585 155 1385 155 1382 155 1379 155 1376 155 1363 166 1360 169 1349 166 1315 155 1312 155 1310 155 1307 155 1276 166 1265 169 1229 166 1137 155 1134 155 1132 155 1098 166 1084 169 1070 166 1037 155 1034 155 1031 155 1029 155 1006 166 995 169 667 166 670 219"/></Shape>
	    <String CONTENT="tivres tant en matière d&#x27;enseigent qu&#x27;es matière linquis"
                    HPOS="667"
                    VPOS="152"
                    WIDTH="2053"
                    HEIGHT="89"
                    WC="0.9754559344479016"></String>
          </TextLine>
          <TextLine ID="eSc_line_582ab80a"
                    TAGREFS="LT31"
                    BASELINE="659 289 1493 269 2742 269" 
                    HPOS="656"
                    VPOS="216"
                    WIDTH="2086"
                    HEIGHT="98">
            <Shape><Polygon POINTS="659 289 659 314 2739 289 2742 269 2739 230 2484 216 2481 216 2397 230 2353 216 2350 216 2347 216 2264 230 2205 216 2203 216 2200 216 1972 233 1835 219 1833 219 1830 219 1785 236 1763 236 1146 225 1143 225 1140 225 1137 225 1115 241 656 244 659 289"/></Shape>
	    <String CONTENT="tique....&gt; étaient restées complètement stériles. Et pour¬"
                    HPOS="656"
                    VPOS="216"
                    WIDTH="2086"
                    HEIGHT="98"
                    WC="0.9915716678931795"></String>
          </TextLine>
          <TextLine ID="eSc_line_cbea7358"
                    TAGREFS="LT31"
                    BASELINE="664 355 2748 325" 
                    HPOS="662"
                    VPOS="272"
                    WIDTH="2086"
                    HEIGHT="108">
            <Shape><Polygon POINTS="664 355 664 380 2745 353 2748 325 2739 272 2456 289 2228 278 2191 278 2189 278 2186 278 2183 278 2164 294 1707 286 1649 286 1646 286 1643 286 1641 286 1605 303 1510 291 1507 291 1415 308 1273 308 1248 291 1246 291 1243 291 1240 291 1221 294 1109 308 662 303 664 355"/></Shape>
	    <String CONTENT="tant, du chor provoqué par cette R&#x27;éoddution auti-hollandense et"
                    HPOS="662"
                    VPOS="272"
                    WIDTH="2086"
                    HEIGHT="108"
                    WC="0.9934550421312451"></String>
          </TextLine>
          <TextLine ID="eSc_line_be1ce2e6"
                    TAGREFS="LT31"
                    BASELINE="656 425 2748 392" 
                    HPOS="653"
                    VPOS="333"
                    WIDTH="2095"
                    HEIGHT="128">
            <Shape><Polygon POINTS="656 425 656 442 687 458 689 458 692 461 828 461 828 458 1004 436 1023 436 1073 436 1346 447 1349 447 1351 447 1385 436 1401 431 1432 436 1504 447 1507 447 1510 447 1513 447 1513 444 1524 436 1532 425 1699 425 1780 433 1855 442 1858 442 1938 433 2058 419 2091 433 2102 436 2105 436 2108 436 2139 433 2211 419 2230 431 2230 433 2233 433 2236 433 2239 433 2278 431 2464 417 2745 428 2748 392 2737 333 2681 353 2598 342 2595 342 2592 342 2556 355 2347 342 2344 342 2205 361 2027 347 2025 347 2022 347 2019 347 2000 364 1947 353 1944 353 1855 367 1758 350 1755 350 1752 350 1749 350 1727 367 1538 355 1535 355 1454 372 1393 355 1390 355 1388 355 1385 355 1343 375 1215 358 1212 358 1210 358 1146 378 1048 361 1045 361 1043 361 993 380 873 364 870 364 867 364 817 383 653 367 656 425"/></Shape>
	    <String CONTENT="dirigée pas &lt;......s des bourgeoir&quot; fransquellons&quot; devait"
                    HPOS="653"
                    VPOS="333"
                    WIDTH="2095"
                    HEIGHT="128"
                    WC="0.9734291089208502"></String>
          </TextLine>
          <TextLine ID="eSc_line_6c3a5b1f"
                    TAGREFS="LT31"
                    BASELINE="656 494 1599 467 2742 464" 
                    HPOS="653"
                    VPOS="406"
                    WIDTH="2089"
                    HEIGHT="114">
            <Shape><Polygon POINTS="656 494 656 520 2739 489 2742 464 2734 406 2648 425 2467 425 2420 411 2406 408 2403 408 2400 408 2372 414 2294 428 2205 417 2158 411 2155 411 2153 411 2130 419 2091 431 1816 425 1527 419 1524 419 1521 419 1485 433 1474 436 1460 433 1418 422 1415 422 1413 422 1410 422 1357 436 1340 439 1299 436 1159 428 1157 428 1082 442 1062 444 1037 442 895 428 892 428 890 428 840 447 837 447 831 447 739 433 737 433 653 450 656 494"/></Shape>
	    <String CONTENT="dater la renaissance des lettres flamandes. &lt;... ....&gt;"
                    HPOS="653"
                    VPOS="406"
                    WIDTH="2089"
                    HEIGHT="114"
                    WC="0.9633682292920572"></String>
          </TextLine>
          <TextLine ID="eSc_line_abc962b6"
                    TAGREFS="LT31"
                    BASELINE="653 570 1671 539 2731 525" 
                    HPOS="650"
                    VPOS="481"
                    WIDTH="2081"
                    HEIGHT="114">
            <Shape><Polygon POINTS="653 570 653 592 1040 595 1043 595 1182 583 1315 575 1368 581 1407 586 1410 586 1413 586 1415 586 1424 581 1440 570 1524 578 1566 583 1568 583 1618 578 1719 564 1771 575 1788 578 1791 578 1821 575 1913 561 2286 567 2347 567 2350 567 2367 567 2500 547 2728 558 2731 525 2723 481 650 522 653 570"/></Shape>
	    <String CONTENT="&lt;.... ..... ...&gt; L&#x27;opathie dans laquelle elles crou¬"
                    HPOS="650"
                    VPOS="481"
                    WIDTH="2081"
                    HEIGHT="114"
                    WC="0.9511299935670999"></String>
          </TextLine>
          <TextLine ID="eSc_line_aa7feb3a"
                    TAGREFS="LT31"
                    BASELINE="656 634 1749 617 2745 583" 
                    HPOS="653"
                    VPOS="539"
                    WIDTH="2092"
                    HEIGHT="133">
            <Shape><Polygon POINTS="656 634 659 672 703 656 965 653 990 664 1001 667 1004 667 1006 667 1043 661 1129 647 1271 656 1360 659 1363 659 1365 659 1396 650 1432 642 1563 645 1713 650 1716 650 1719 650 1760 639 1780 636 1874 636 2186 639 2189 639 2742 609 2745 583 2737 539 2650 553 2445 547 2339 545 2336 545 2275 553 2183 564 2114 558 2061 553 2058 553 2000 561 1936 570 1833 567 1699 561 1696 561 1632 572 1596 578 1543 575 1421 567 1418 567 1415 567 1374 581 1360 586 1126 589 1104 589 912 578 909 578 906 578 873 595 684 583 681 583 678 583 675 583 653 595 656 634"/></Shape>
	    <String CONTENT="poisaient depuis si longtemps céda sous la surexcitation du senti"
                    HPOS="653"
                    VPOS="539"
                    WIDTH="2092"
                    HEIGHT="133"
                    WC="0.9933856689012968"></String>
          </TextLine>
          <TextLine ID="eSc_line_062b8755"
                    TAGREFS="LT31"
                    BASELINE="650 706 2734 650" 
                    HPOS="648"
                    VPOS="600"
                    WIDTH="2086"
                    HEIGHT="131">
            <Shape><Polygon POINTS="650 706 650 731 2734 675 2734 650 2723 600 2695 614 2542 606 2514 606 2511 606 2492 609 2392 622 2253 617 2208 614 2205 614 2203 614 2194 617 2172 631 1738 634 1365 636 648 667 650 706"/></Shape>
	    <String CONTENT="ment national. &lt;.. ..... . .. ..... . ... ...&gt;"
                    HPOS="648"
                    VPOS="600"
                    WIDTH="2086"
                    HEIGHT="131"
                    WC="0.9214354779409326"></String>
          </TextLine>
          <TextLine ID="eSc_line_d38ab098"
                    TAGREFS="LT31"
                    BASELINE="645 781 2320 734 2320 734 2726 711" 
                    HPOS="642"
                    VPOS="675"
                    WIDTH="2084"
                    HEIGHT="137">
            <Shape><Polygon POINTS="645 812 2726 736 2726 711 2717 675 642 734 645 781"/></Shape>
	    <String CONTENT="&lt;...... ... ...&gt; comme toujours après, une grande commo"
                    HPOS="642"
                    VPOS="675"
                    WIDTH="2084"
                    HEIGHT="137"
                    WC="0.974911769953641"></String>
          </TextLine>
          <TextLine ID="eSc_line_793d7942"
                    TAGREFS="LT31"
                    BASELINE="645 842 2756 773" 
                    HPOS="642"
                    VPOS="725"
                    WIDTH="2114"
                    HEIGHT="153">
            <Shape><Polygon POINTS="645 842 645 878 728 862 789 873 792 873 795 873 831 859 968 867 979 867 981 867 993 867 1101 848 2756 800 2756 773 2748 725 642 803 645 842"/></Shape>
	    <String CONTENT="tion politique, l activité sparitu elle le ranima &lt;.. &gt;"
                    HPOS="642"
                    VPOS="725"
                    WIDTH="2114"
                    HEIGHT="153"
                    WC="0.9729675477201288"></String>
          </TextLine>
          <TextLine ID="eSc_line_9be40573"
                    TAGREFS="LT31"
                    BASELINE="642 909 2753 837" 
                    HPOS="639"
                    VPOS="786"
                    WIDTH="2114"
                    HEIGHT="156">
            <Shape><Polygon POINTS="642 909 642 942 734 928 870 937 881 937 884 937 890 937 970 917 1290 920 1343 920 1346 920 1371 917 1488 900 1579 909 1613 912 1616 912 1646 906 1719 892 1958 895 2100 895 2102 895 2753 862 2753 837 2748 798 2659 786 2656 786 2456 806 2408 809 2328 809 2019 809 2016 809 1883 823 1833 831 639 862 642 909"/></Shape>
	    <String CONTENT="&lt;..... .. &lt; . ... ... ......&gt; la langue"
                    HPOS="639"
                    VPOS="786"
                    WIDTH="2114"
                    HEIGHT="156"
                    WC="0.8624371672287966"></String>
          </TextLine>
          <TextLine ID="eSc_line_34356474"
                    TAGREFS="LT31"
                    BASELINE="664 981 2500 909 2753 909" 
                    HPOS="659"
                    VPOS="850"
                    WIDTH="2094"
                    HEIGHT="165">
            <Shape><Polygon POINTS="664 981 664 1015 1026 989 1260 992 1299 992 1301 992 1304 992 1307 992 1307 989 1321 978 1490 984 1524 984 1527 984 1552 981 1674 962 2153 959 2230 956 2233 956 2236 956 2258 942 2300 953 2305 953 2308 953 2311 953 2325 951 2395 937 2556 942 2575 942 2578 942 2589 942 2681 926 2751 934 2753 909 2751 864 2687 850 2684 850 2681 850 2678 850 2678 853 2664 867 2662 867 2653 867 2586 859 2584 859 2525 870 2514 873 2509 870 2481 859 2478 859 2475 859 2472 859 2470 859 2470 862 2456 873 2453 875 2397 875 2194 870 2191 870 2125 884 2094 892 659 931 664 981"/></Shape>
	    <String CONTENT="populaire &lt;.... .. .. .........&gt; devint enfiis l&#x27;ex"
                    HPOS="659"
                    VPOS="850"
                    WIDTH="2094"
                    HEIGHT="165"
                    WC="0.8761304558492174"></String>
          </TextLine>
          <TextLine ID="eSc_line_4dbb2405"
                    TAGREFS="LT31"
                    BASELINE="648 1051 2547 976 2767 981" 
                    HPOS="645"
                    VPOS="923"
                    WIDTH="2122"
                    HEIGHT="164">
            <Shape><Polygon POINTS="648 1051 648 1087 795 1062 937 1059 993 1076 998 1076 1001 1076 1004 1076 1018 1073 1087 1056 1137 1070 1146 1070 1148 1070 1151 1070 1154 1070 1162 1067 1232 1048 1407 1059 1438 1059 1440 1059 1463 1056 1591 1031 2116 1031 2230 1028 2297 1023 2598 995 2628 1009 2631 1012 2634 1012 2637 1012 2767 1003 2767 981 2764 931 2603 923 2600 923 2261 951 2233 951 2228 951 2166 939 2164 939 2161 939 2158 939 2141 953 2094 942 2091 942 2089 942 1749 970 1730 970 1724 970 1663 959 1660 959 1449 981 1438 981 1432 981 1301 973 1299 973 1020 998 1012 998 1009 998 940 987 937 987 934 987 931 987 915 1003 645 1012 648 1051"/></Shape>
	    <String CONTENT="pression du peuple.. Et ce reveil est d&#x27;autant plus remargnable qu&#x27;il"
                    HPOS="645"
                    VPOS="923"
                    WIDTH="2122"
                    HEIGHT="164"
                    WC="0.9817009300425432"></String>
          </TextLine>
          <TextLine ID="eSc_line_68b462b2"
                    TAGREFS="LT31"
                    BASELINE="631 1117 2753 1037" 
                    HPOS="628"
                    VPOS="987"
                    WIDTH="2125"
                    HEIGHT="155">
            <Shape><Polygon POINTS="631 1117 631 1142 2751 1067 2753 1037 2745 987 628 1065 631 1117"/></Shape>
	    <String CONTENT="ls t tout spontand. Taudis que les &lt;.&gt; premiers litbérateurs fran¬"
                    HPOS="628"
                    VPOS="987"
                    WIDTH="2125"
                    HEIGHT="155"
                    WC="0.9907444435538668"></String>
          </TextLine>
          <TextLine ID="eSc_line_f992c5c1"
                    TAGREFS="LT31"
                    BASELINE="642 1192 1363 1154 2723 1109" 
                    HPOS="636"
                    VPOS="1053"
                    WIDTH="2087"
                    HEIGHT="162">
            <Shape><Polygon POINTS="642 1192 642 1215 1235 1198 1254 1195 1315 1181 1368 1190 1382 1192 1385 1192 1418 1190 1541 1173 1713 1179 1738 1179 1741 1179 1744 1179 1749 1179 1791 1165 1821 1176 1824 1176 1827 1176 1830 1176 1847 1173 1938 1159 2027 1167 2036 1167 2038 1167 2041 1167 2044 1167 2080 1154 2406 1154 2425 1154 2428 1154 2436 1154 2589 1134 2720 1142 2723 1109 2717 1065 2625 1070 2620 1067 2603 1053 2600 1053 2598 1053 2595 1053 2592 1053 2556 1070 2545 1073 2536 1070 2500 1059 2497 1059 2495 1059 2361 1076 2344 1078 2336 1078 2275 1065 2272 1065 2269 1065 2200 1084 2186 1087 2172 1084 2133 1073 2130 1073 2127 1073 2125 1073 2122 1073 2105 1087 2100 1092 1952 1095 1930 1092 1827 1081 1824 1081 1674 1103 1666 1103 1660 1103 1532 1092 1529 1092 1527 1092 1465 1112 1452 1115 1443 1112 1388 1098 1385 1098 1382 1098 1379 1098 1312 1117 1301 1120 1293 1117 1237 1103 1235 1103 1232 1103 1229 1103 1196 1123 1193 1123 1179 1123 1076 1115 1073 1115 1070 1115 1068 1115 1051 1129 1015 1112 1012 1112 1009 1112 1006 1112 973 1129 931 1117 929 1117 926 1117 923 1117 873 1134 845 1120 842 1120 840 1120 837 1120 834 1120 809 1137 806 1140 636 1142 642 1192"/></Shape>
	    <String CONTENT="cais de la Belgique sindépendante parla&gt; sont des lettrés risolus a"
                    HPOS="636"
                    VPOS="1053"
                    WIDTH="2087"
                    HEIGHT="162"
                    WC="0.9905596384361609"></String>
          </TextLine>
          <TextLine ID="eSc_line_3626b176"
                    TAGREFS="LT31"
                    BASELINE="639 1262 2762 1184" 
                    HPOS="636"
                    VPOS="1134"
                    WIDTH="2117"
                    HEIGHT="153">
            <Shape><Polygon POINTS="639 1284 987 1287 990 1287 1132 1268 1159 1262 1254 1262 1691 1259 1785 1243 1796 1243 1808 1243 1905 1251 1908 1251 2751 1206 2753 1179 2745 1134 636 1215 639 1262"/></Shape>
	    <String CONTENT="doter le pays d&#x27;une littérature nationale, icirien de voulu ni d&#x27;a"
                    HPOS="636"
                    VPOS="1134"
                    WIDTH="2117"
                    HEIGHT="153"
                    WC="0.978679027521249"></String>
          </TextLine>
          <TextLine ID="eSc_line_d06818ed"
                    TAGREFS="LT31"
                    BASELINE="642 1332 2737 1265" 
                    HPOS="639"
                    VPOS="1215"
                    WIDTH="2098"
                    HEIGHT="150">
            <Shape><Polygon POINTS="642 1332 642 1348 709 1365 712 1365 714 1365 748 1348 859 1359 862 1359 865 1359 901 1343 904 1343 917 1343 1043 1354 1045 1354 1048 1354 1051 1354 1076 1340 1082 1337 1143 1337 1418 1343 1421 1343 1424 1343 1426 1343 1440 1332 1443 1329 1449 1329 1488 1340 1490 1340 1493 1340 1591 1326 1643 1320 1724 1323 1847 1329 1849 1329 2122 1320 2125 1320 2141 1315 2164 1304 2247 1312 2297 1315 2300 1315 2417 1306 2650 1290 2734 1298 2737 1265 2726 1215 2698 1229 2662 1218 2650 1215 2648 1215 2645 1215 2642 1215 2634 1218 2609 1231 2520 1223 2486 1220 2484 1220 2397 1229 2208 1245 2125 1237 2072 1234 2069 1234 2066 1234 2050 1243 2030 1251 2011 1243 1994 1237 1991 1237 1988 1237 1986 1237 1966 1245 1941 1254 1794 1251 1599 1248 1596 1248 1538 1262 1507 1268 1435 1265 1268 1259 1265 1259 1182 1276 1159 1279 1132 1279 1009 1268 1006 1268 1004 1268 1001 1268 984 1284 981 1284 968 1284 837 1273 834 1273 831 1273 781 1290 731 1276 728 1276 726 1276 639 1295 642 1332"/></Shape>
	    <String CONTENT="tificiel, ni de savant. &lt;.&gt; Ce sont des hommes du peuple qui se"
                    HPOS="639"
                    VPOS="1215"
                    WIDTH="2098"
                    HEIGHT="150"
                    WC="0.9810523617835272"></String>
          </TextLine>
          <TextLine ID="eSc_line_c47d2f96"
                    TAGREFS="LT31"
                    BASELINE="628 1398 2756 1334" 
                    HPOS="625"
                    VPOS="1287"
                    WIDTH="2131"
                    HEIGHT="145">
            <Shape><Polygon POINTS="628 1398 628 1421 906 1415 920 1415 995 1432 998 1432 1159 1409 1184 1407 1193 1409 1232 1423 1235 1423 1237 1423 1418 1418 1421 1418 1454 1401 1460 1398 1490 1401 1643 1412 1646 1412 1799 1404 1802 1404 1805 1404 1827 1390 1833 1387 1847 1390 1919 1404 1922 1404 2086 1384 2197 1393 2200 1393 2203 1393 2230 1379 2236 1376 2244 1379 2286 1393 2289 1393 2292 1393 2294 1393 2297 1393 2297 1390 2311 1379 2431 1387 2433 1387 2436 1387 2475 1370 2481 1368 2756 1362 2756 1334 2748 1287 625 1354 628 1398"/></Shape>
	    <String CONTENT="mettent à parler au peuple &lt;. .... .. .. . ......&gt;"
                    HPOS="625"
                    VPOS="1287"
                    WIDTH="2131"
                    HEIGHT="145"
                    WC="0.9317109444562126"></String>
          </TextLine>
          <TextLine ID="eSc_line_31465767"
                    TAGREFS="LT31"
                    BASELINE="634 1473 2756 1412" 
                    HPOS="631"
                    VPOS="1373"
                    WIDTH="2125"
                    HEIGHT="128">
            <Shape><Polygon POINTS="634 1473 634 1496 1210 1501 1212 1501 1301 1484 1855 1484 1855 1482 1858 1482 1897 1465 1930 1479 1933 1479 1936 1479 2072 1457 2080 1457 2089 1457 2175 1473 2178 1473 2180 1473 2219 1454 2225 1454 2400 1465 2403 1465 2486 1446 2492 1443 2656 1440 2662 1440 2678 1454 2681 1454 2684 1454 2687 1454 2753 1437 2756 1412 2751 1376 2375 1373 2372 1373 2369 1373 2367 1373 2353 1387 2350 1390 2150 1393 2144 1393 2083 1382 2080 1382 1988 1398 1977 1398 1969 1398 1888 1387 1885 1387 1426 1415 1401 1415 1396 1415 1318 1404 1315 1404 1093 1423 1018 1412 1015 1412 1012 1412 984 1426 923 1415 920 1415 792 1432 728 1421 726 1421 631 1437 634 1473"/></Shape>
	    <String CONTENT="&lt;........ . .... ...&gt; q&gt;"
                    HPOS="631"
                    VPOS="1373"
                    WIDTH="2125"
                    HEIGHT="128"
                    WC="0.8961202800273895"></String>
          </TextLine>
          <TextLine ID="eSc_line_04406488"
                    TAGREFS="LT31"
                    BASELINE="642 1548 1671 1521 2720 1471" 
                    HPOS="639"
                    VPOS="1437"
                    WIDTH="2081"
                    HEIGHT="153">
            <Shape><Polygon POINTS="642 1548 645 1590 717 1571 859 1582 879 1582 881 1582 884 1582 887 1582 887 1579 909 1565 1015 1573 1048 1576 1051 1576 1054 1576 1062 1571 1090 1560 1129 1568 1137 1571 1140 1571 1143 1571 1146 1571 1148 1571 1151 1568 1173 1554 1257 1562 1285 1565 1287 1565 1290 1565 1293 1565 1296 1562 1312 1551 1349 1560 1379 1565 1382 1565 1599 1548 1668 1543 1685 1543 1749 1551 1752 1551 1755 1551 1758 1551 1771 1540 1785 1532 1858 1537 1972 1543 1974 1543 2717 1496 2720 1471 2712 1437 639 1512 642 1548"/></Shape>
	    <String CONTENT="&lt;...&gt; vec cette sympathie vraie qui fait le charme des"
                    HPOS="639"
                    VPOS="1437"
                    WIDTH="2081"
                    HEIGHT="153"
                    WC="0.9674620804963289"></String>
          </TextLine>
          <TextLine ID="eSc_line_c474d5dc"
                    TAGREFS="LT31"
                    BASELINE="634 1618 1149 1608 1149 1608 2728 1551" 
                    HPOS="631"
                    VPOS="1509"
                    WIDTH="2097"
                    HEIGHT="142">
            <Shape><Polygon POINTS="634 1649 892 1632 915 1640 940 1651 942 1651 945 1651 1082 1635 1112 1632 1168 1632 1413 1635 1415 1635 1418 1635 1421 1635 1440 1621 1446 1618 1460 1621 1499 1632 1502 1632 1504 1632 1660 1615 1663 1615 1666 1615 1763 1626 1766 1626 1863 1607 1885 1604 1966 1604 2255 1607 2258 1607 2358 1590 2381 1587 2395 1590 2464 1604 2467 1604 2470 1604 2539 1585 2561 1579 2728 1579 2728 1551 2720 1509 631 1568 634 1618"/></Shape>
	    <String CONTENT="récits de Henri Conscience et qui a fait son succès, encete pration"
                    HPOS="631"
                    VPOS="1509"
                    WIDTH="2097"
                    HEIGHT="142"
                    WC="0.9656148650752965"></String>
          </TextLine>
          <TextLine ID="eSc_line_bca2dd0e"
                    TAGREFS="LT31"
                    BASELINE="631 1690 1546 1674 2728 1629" 
                    HPOS="628"
                    VPOS="1579"
                    WIDTH="2100"
                    HEIGHT="139">
            <Shape><Polygon POINTS="631 1690 631 1718 2728 1657 2728 1629 2720 1579 2481 1601 2222 1596 2203 1596 2200 1596 2197 1596 2164 1612 2019 1604 2016 1604 2013 1604 1980 1618 1577 1618 1465 1618 1463 1618 1460 1618 1457 1618 1454 1621 1432 1635 1390 1624 1376 1621 1374 1621 1371 1621 1368 1621 1351 1624 1307 1640 628 1649 631 1690"/></Shape>
	    <String CONTENT="&lt;.... ...... ..........  .&gt;."
                    HPOS="628"
                    VPOS="1579"
                    WIDTH="2100"
                    HEIGHT="139"
                    WC="0.952747717499733"></String>
          </TextLine>
          <TextLine ID="eSc_line_2bcce734"
                    TAGREFS="LT31"
                    BASELINE="634 1763 2723 1710" 
                    HPOS="631"
                    VPOS="1668"
                    WIDTH="2092"
                    HEIGHT="128">
            <Shape><Polygon POINTS="634 1763 634 1796 965 1771 2019 1765 2033 1763 2036 1763 2105 1746 2147 1760 2150 1760 2153 1760 2155 1760 2205 1743 2255 1757 2258 1757 2261 1757 2264 1757 2267 1757 2283 1743 2339 1754 2342 1754 2509 1735 2720 1746 2723 1710 2714 1668 631 1718 634 1763"/></Shape>
	    <String CONTENT="&lt;...  . . ....&gt; la smérité,"
                    HPOS="631"
                    VPOS="1668"
                    WIDTH="2092"
                    HEIGHT="128"
                    WC="0.9001113706164889"></String>
          </TextLine>
          <TextLine ID="eSc_line_04ca5767"
                    TAGREFS="LT31"
                    BASELINE="634 1838 2720 1776" 
                    HPOS="631"
                    VPOS="1729"
                    WIDTH="2089"
                    HEIGHT="150">
            <Shape><Polygon POINTS="634 1838 634 1879 728 1857 792 1874 803 1877 806 1877 809 1877 812 1877 815 1877 815 1874 817 1874 834 1854 920 1852 1207 1857 1354 1860 1357 1860 1360 1860 1382 1852 1393 1846 1471 1846 1671 1852 1674 1852 1780 1835 1785 1835 1791 1835 1863 1846 1866 1846 1947 1829 1958 1827 1974 1827 2116 1838 2119 1838 2122 1838 2125 1838 2150 1821 2155 1815 2175 1818 2225 1829 2228 1829 2230 1829 2264 1815 2267 1815 2272 1815 2395 1829 2397 1829 2517 1807 2614 1821 2617 1821 2720 1796 2720 1776 2714 1732 2433 1729 2431 1729 2361 1743 2325 1749 2317 1743 2305 1735 2303 1735 2300 1735 2297 1735 2150 1738 2147 1738 2144 1738 2127 1751 2119 1754 2086 1751 2022 1746 2019 1746 1916 1757 1863 1763 1841 1760 1783 1749 1780 1749 1777 1749 1774 1749 1760 1763 1755 1768 1582 1771 1577 1768 1560 1757 1557 1757 1554 1757 1552 1757 1332 1776 1293 1779 1279 1779 1207 1768 1204 1768 1201 1768 1198 1768 1198 1771 1187 1782 1184 1782 1146 1768 1143 1768 1140 1768 1137 1768 1095 1785 1093 1788 901 1790 898 1790 823 1776 820 1776 631 1799 634 1838"/></Shape>
	    <String CONTENT="qui .. .. .... .. ....&gt; a Flamand"
                    HPOS="631"
                    VPOS="1729"
                    WIDTH="2089"
                    HEIGHT="150"
                    WC="0.9010688210978652"></String>
          </TextLine>
          <TextLine ID="eSc_line_bec2dc32"
                    TAGREFS="LT31"
                    BASELINE="625 1904 1586 1891 1586 1891 2739 1852" 
                    HPOS="623"
                    VPOS="1813"
                    WIDTH="2116"
                    HEIGHT="130">
            <Shape><Polygon POINTS="625 1929 731 1943 734 1943 1031 1921 1068 1918 1073 1918 1107 1932 1109 1932 1112 1932 1513 1924 1668 1904 1671 1904 1821 1915 1824 1915 2431 1885 2614 1896 2617 1896 2620 1896 2623 1896 2645 1877 2739 1874 2739 1852 2731 1813 623 1865 625 1904"/></Shape>
	    <String CONTENT="nais, sans art, mais sincère, maisaimant son sol, ses habitants, leur"
                    HPOS="623"
                    VPOS="1813"
                    WIDTH="2116"
                    HEIGHT="130"
                    WC="0.9840991894404093"></String>
          </TextLine>
          <TextLine ID="eSc_line_3ca6faf5"
                    TAGREFS="LT31"
                    BASELINE="623 1985 2695 1927" 
                    HPOS="620"
                    VPOS="1877"
                    WIDTH="2075"
                    HEIGHT="144">
            <Shape><Polygon POINTS="623 1985 623 2021 920 1999 962 2010 984 2016 987 2016 990 2016 993 2016 995 2016 1004 2007 1026 1996 1115 2004 1184 2010 1187 2010 1329 1996 1424 1988 1479 1991 1605 1999 1607 1999 1963 1988 1966 1988 2002 1971 2025 1985 2027 1985 2030 1985 2033 1985 2036 1985 2080 1971 2147 1982 2150 1982 2153 1982 2222 1963 2225 1963 2228 1963 2269 1979 2272 1979 2275 1979 2392 1977 2395 1977 2436 1957 2667 1963 2670 1963 2673 1963 2675 1963 2695 1949 2695 1927 2689 1888 2486 1877 2484 1877 2264 1899 2247 1899 2242 1899 2189 1885 2186 1885 2183 1885 2072 1904 2063 1904 2058 1904 1994 1890 1991 1890 1988 1890 1986 1890 1966 1907 1963 1907 1949 1907 1802 1896 1799 1896 1796 1896 1794 1896 1774 1913 1771 1913 1758 1913 1596 1902 1593 1902 1502 1921 1490 1921 1482 1921 1424 1907 1421 1907 1310 1924 1293 1929 970 1935 965 1935 904 1921 901 1921 620 1943 623 1985"/></Shape>
	    <String CONTENT="passé et leur langue qu&#x27;il est heureux d&#x27;écrire et de venges des long"
                    HPOS="620"
                    VPOS="1877"
                    WIDTH="2075"
                    HEIGHT="144"
                    WC="0.9954031749048095"></String>
          </TextLine>
          <TextLine ID="eSc_line_f13bced7"
                    TAGREFS="LT31"
                    BASELINE="620 2055 1963 2030 2720 1993" 
                    HPOS="617"
                    VPOS="1949"
                    WIDTH="2103"
                    HEIGHT="139">
            <Shape><Polygon POINTS="620 2055 620 2074 717 2088 720 2088 723 2088 726 2088 745 2074 1020 2080 1023 2080 1154 2066 1248 2080 1251 2080 1401 2060 1482 2074 1485 2074 1488 2074 1527 2060 1591 2071 1593 2071 1716 2055 2242 2055 2244 2055 2350 2035 2367 2030 2720 2024 2720 1993 2712 1949 2589 1966 2484 1954 2464 1954 2461 1954 2458 1954 2453 1957 2414 1971 2183 1966 2155 1966 2153 1966 2150 1966 2147 1966 2119 1979 2052 1968 2019 1966 2016 1966 2013 1966 2011 1966 2005 1971 1988 1985 1902 1988 1541 1988 1248 1988 1246 1988 1184 1999 1146 2004 1126 1999 1087 1991 1084 1991 1082 1991 976 2004 956 2007 954 2007 937 1993 934 1993 931 1993 929 1993 926 1993 898 2007 892 2010 881 2007 823 1996 820 1996 817 1996 764 2013 762 2013 756 2013 720 1999 717 1999 714 1999 617 2016 620 2055"/></Shape>
	    <String CONTENT="dedain dont elle a souffert fait peuser &lt;.. ......&gt; involentri¬"
                    HPOS="617"
                    VPOS="1949"
                    WIDTH="2103"
                    HEIGHT="139"
                    WC="0.9357494305050562"></String>
          </TextLine>
          <TextLine ID="eSc_line_a14b8a08"
                    TAGREFS="LT31"
                    BASELINE="617 2130 1608 2111 1608 2111 2742 2074" 
                    HPOS="614"
                    VPOS="2016"
                    WIDTH="2128"
                    HEIGHT="144">
            <Shape><Polygon POINTS="617 2152 940 2146 959 2146 1059 2160 1062 2160 1146 2144 1162 2141 1179 2141 1285 2155 1287 2155 1616 2132 1666 2146 1668 2146 1671 2146 1674 2146 1707 2132 1991 2138 1994 2138 2180 2116 2225 2113 2242 2116 2311 2130 2314 2130 2739 2102 2742 2074 2731 2016 2659 2035 2458 2024 2450 2024 2447 2024 2445 2024 2406 2043 2236 2030 2211 2030 2208 2030 2089 2032 2086 2032 2083 2032 2080 2035 2052 2052 1927 2041 1897 2038 1894 2038 1891 2038 1888 2038 1885 2041 1855 2060 1716 2060 1694 2046 1688 2043 1685 2043 1682 2043 1680 2043 1677 2043 1674 2043 1668 2049 1643 2063 1457 2055 1432 2055 1429 2055 1410 2057 1287 2071 1271 2060 1262 2055 1260 2055 1257 2055 1254 2055 1251 2055 1237 2060 1218 2071 1176 2063 1140 2057 1137 2057 1134 2057 1132 2057 1123 2066 1107 2077 1004 2068 923 2063 920 2063 917 2063 895 2071 881 2080 867 2074 851 2066 848 2066 845 2066 842 2066 815 2074 778 2085 614 2082 617 2130"/></Shape>
	    <String CONTENT="rement à Maerlant, mais à un Maerlant petit bourgeois. Il se rat¬"
                    HPOS="614"
                    VPOS="2016"
                    WIDTH="2128"
                    HEIGHT="144"
                    WC="0.9947505112904221"></String>
          </TextLine>
          <TextLine ID="eSc_line_81d63bec"
                    TAGREFS="LT31"
                    BASELINE="623 2205 2717 2155" 
                    HPOS="620"
                    VPOS="2116"
                    WIDTH="2097"
                    HEIGHT="122">
            <Shape><Polygon POINTS="623 2205 623 2233 834 2235 837 2235 840 2235 862 2227 881 2221 895 2227 929 2238 931 2238 934 2238 1084 2235 1171 2219 1207 2213 1329 2216 1652 2221 1655 2221 1783 2202 1791 2202 1813 2216 1816 2216 1819 2216 1821 2216 1986 2199 2114 2210 2116 2210 2119 2210 2178 2191 2183 2191 2222 2191 2492 2196 2495 2196 2598 2180 2606 2180 2614 2180 2684 2194 2687 2194 2689 2194 2717 2177 2717 2155 2712 2116 2222 2116 2219 2116 2141 2130 2122 2132 2105 2130 2027 2118 2025 2118 1919 2135 1899 2138 1885 2138 1810 2124 1808 2124 1805 2124 1802 2124 1780 2141 1774 2144 1432 2149 1429 2149 1399 2135 1396 2135 1393 2135 1318 2152 1312 2152 1304 2152 1118 2141 1115 2141 1112 2141 1057 2157 970 2144 968 2144 965 2144 962 2144 942 2160 915 2146 912 2146 909 2146 745 2149 742 2149 739 2149 720 2166 659 2152 656 2152 653 2152 620 2166 623 2205"/></Shape>
	    <String CONTENT="tache à lui par ses tendances moralisantes, par son aversion des"
                    HPOS="620"
                    VPOS="2116"
                    WIDTH="2097"
                    HEIGHT="122"
                    WC="0.9971264839172364"></String>
          </TextLine>
          <TextLine ID="eSc_line_f4d3d08b"
                    TAGREFS="LT31"
                    BASELINE="611 2280 2723 2224" 
                    HPOS="609"
                    VPOS="2169"
                    WIDTH="2114"
                    HEIGHT="141">
            <Shape><Polygon POINTS="611 2280 611 2310 948 2294 984 2302 995 2305 998 2305 1001 2305 1004 2305 1012 2302 1034 2291 1093 2299 1134 2305 1137 2305 1184 2296 1246 2285 1349 2291 1407 2294 1410 2294 1413 2294 1432 2288 1465 2280 1507 2285 1557 2294 1560 2294 1621 2283 1666 2274 1682 2280 1699 2288 1702 2288 1705 2288 2300 2274 2397 2258 2422 2255 2456 2255 2611 2266 2614 2266 2720 2246 2723 2224 2714 2169 2600 2171 2598 2171 2595 2171 2575 2188 2503 2174 2497 2174 2495 2174 2492 2174 2489 2174 2442 2191 2172 2185 2158 2185 2155 2185 2150 2185 2061 2202 1991 2191 1972 2188 1969 2188 1941 2191 1844 2207 1668 2199 1616 2199 1613 2199 1582 2202 1496 2216 1463 2207 1443 2202 1440 2202 1438 2202 1335 2205 1332 2205 1329 2205 1321 2210 1304 2221 1204 2216 1126 2210 1123 2210 1073 2219 1015 2230 979 2221 954 2216 951 2216 948 2216 945 2216 909 2224 873 2235 609 2235 611 2280"/></Shape>
	    <String CONTENT="modes et des couteumes étrangères, pas sa défiance et tout à l fois"
                    HPOS="609"
                    VPOS="2169"
                    WIDTH="2114"
                    HEIGHT="141"
                    WC="0.9834409619078917"></String>
          </TextLine>
          <TextLine ID="eSc_line_feb9454a"
                    TAGREFS="LT31"
                    BASELINE="617 2355 2737 2294" 
                    HPOS="614"
                    VPOS="2246"
                    WIDTH="2123"
                    HEIGHT="145">
            <Shape><Polygon POINTS="617 2355 617 2377 706 2391 709 2391 809 2374 817 2374 823 2374 904 2385 906 2385 1084 2369 1123 2366 1237 2366 1577 2366 1579 2366 1630 2358 1677 2349 1721 2355 1763 2360 1766 2360 1769 2360 1771 2360 1780 2355 1791 2347 1955 2349 2058 2352 2061 2352 2166 2347 2453 2327 2731 2333 2737 2294 2728 2246 1949 2277 1855 2274 1685 2271 1682 2271 1605 2285 1577 2288 1563 2285 1529 2277 1527 2277 1524 2277 1521 2277 1490 2288 1479 2291 1440 2291 1304 2283 1301 2283 1207 2299 1193 2299 1184 2299 1129 2288 1126 2288 909 2308 901 2308 895 2308 645 2302 642 2302 639 2302 614 2313 617 2355"/></Shape>
	    <String CONTENT="cependant par son admiration de la France. Car la seule influine"
                    HPOS="614"
                    VPOS="2246"
                    WIDTH="2123"
                    HEIGHT="145"
                    WC="0.9907823102548718"></String>
          </TextLine>
          <TextLine ID="eSc_line_44d1e317"
                    TAGREFS="LT31"
                    BASELINE="598 2441 1902 2391 2734 2372" 
                    HPOS="595"
                    VPOS="2313"
                    WIDTH="2139"
                    HEIGHT="156">
            <Shape><Polygon POINTS="598 2441 598 2461 848 2455 859 2455 920 2469 923 2469 1018 2452 1045 2444 1176 2444 1182 2447 1198 2458 1201 2458 1204 2458 1207 2458 1210 2458 1246 2444 1262 2438 1299 2441 1385 2452 1388 2452 1390 2452 1426 2438 1438 2433 1449 2438 1479 2449 1482 2449 1485 2449 1643 2430 1702 2424 1710 2427 1730 2441 1732 2441 1735 2441 1738 2441 1741 2441 1744 2441 1766 2427 1774 2422 1805 2424 1877 2436 1880 2436 2036 2419 2108 2410 2197 2413 2389 2419 2392 2419 2734 2394 2734 2372 2728 2327 2553 2313 2550 2313 2383 2338 2372 2338 2364 2338 2286 2324 2283 2324 2150 2347 2133 2347 2114 2347 1941 2338 1938 2338 1936 2338 1891 2355 1885 2355 1874 2355 1744 2341 1741 2341 1738 2341 1735 2341 1713 2360 1710 2360 1652 2344 1649 2344 1646 2344 1546 2366 1541 2366 1535 2366 1404 2352 1401 2352 1399 2352 1324 2374 1315 2374 1310 2374 1240 2358 1237 2358 1090 2363 1087 2363 1084 2363 1057 2383 1054 2383 1026 2383 656 2380 653 2380 650 2380 595 2397 598 2441"/></Shape>
	    <String CONTENT="litteraire qu&#x27;il ait sutie est l&#x27;influence francaise. De la littéra"
                    HPOS="595"
                    VPOS="2313"
                    WIDTH="2139"
                    HEIGHT="156"
                    WC="0.9756611274249518"></String>
          </TextLine>
          <TextLine ID="eSc_line_808b2fd7"
                    TAGREFS="LT31"
                    BASELINE="606 2513 922 2512 923 2512 2709 2447" 
                    HPOS="603"
                    VPOS="2391"
                    WIDTH="2106"
                    HEIGHT="147">
            <Shape><Polygon POINTS="606 2538 2706 2474 2709 2447 2703 2391 2628 2391 2625 2391 2623 2391 2620 2391 2617 2394 2592 2410 2481 2399 2475 2399 2472 2399 2470 2399 2467 2399 2436 2419 2178 2424 2100 2416 2061 2410 2058 2410 2055 2410 2036 2416 2000 2430 1972 2419 1952 2413 1949 2413 1947 2413 1830 2427 1785 2430 1758 2430 1655 2422 1652 2422 1649 2422 1646 2422 1630 2436 1618 2441 1513 2438 1340 2436 1337 2436 1335 2436 1304 2447 1301 2449 1299 2449 1282 2436 1279 2436 1276 2436 1273 2436 1271 2436 1268 2436 1251 2449 1251 2452 1243 2449 1210 2441 1207 2441 1204 2441 1070 2458 1040 2461 1034 2461 990 2444 987 2444 984 2444 981 2444 979 2444 951 2463 948 2463 937 2463 778 2449 776 2449 681 2469 642 2455 639 2455 636 2455 634 2455 631 2455 603 2469 606 2513"/></Shape>
	    <String CONTENT="ture hoblandaire et plus encore de la littérature allemande il"
                    HPOS="603"
                    VPOS="2391"
                    WIDTH="2106"
                    HEIGHT="147"
                    WC="0.9932730361338584"></String>
          </TextLine>
          <TextLine ID="eSc_line_cd05c108"
                    TAGREFS="LT31"
                    BASELINE="617 2602 2002 2544 2734 2530" 
                    HPOS="614"
                    VPOS="2474"
                    WIDTH="2120"
                    HEIGHT="162">
            <Shape><Polygon POINTS="617 2602 617 2636 1009 2608 1082 2619 1093 2619 1095 2619 1098 2619 1101 2619 1143 2602 1235 2613 1251 2613 1254 2613 1276 2611 1385 2594 1418 2605 1435 2611 1438 2611 1440 2611 1482 2602 1552 2588 1621 2597 1663 2602 1666 2602 1724 2594 1821 2577 1891 2586 1927 2591 1930 2591 1933 2591 1947 2586 1969 2572 2091 2580 2172 2583 2175 2583 2247 2572 2350 2558 2433 2566 2478 2569 2481 2569 2484 2569 2486 2569 2492 2563 2509 2552 2728 2552 2734 2530 2726 2477 2547 2491 2522 2486 2489 2474 2486 2474 2484 2474 2414 2488 2369 2497 2333 2491 2272 2483 2269 2483 2267 2483 2214 2497 2180 2505 2127 2499 2038 2491 2036 2491 2033 2491 1983 2505 1955 2513 1910 2508 1824 2499 1821 2499 1819 2499 1791 2513 1780 2519 1758 2516 1710 2508 1707 2508 1577 2522 1510 2530 1499 2524 1474 2513 1471 2513 1468 2513 1363 2516 1360 2516 1290 2536 1271 2538 1229 2536 1065 2527 1062 2527 968 2547 954 2550 942 2550 870 2536 867 2536 865 2536 831 2552 823 2558 614 2561 617 2602"/></Shape>
	    <String CONTENT="ignore tout. Il ne connait que son peuple de n&#x27;écrit que pour lui et, com¬"
                    HPOS="614"
                    VPOS="2474"
                    WIDTH="2120"
                    HEIGHT="162"
                    WC="0.992171981850186"></String>
          </TextLine>
          <TextLine ID="eSc_line_ce4e28f7"
                    TAGREFS="LT31"
                    BASELINE="617 2669 2709 2600" 
                    HPOS="614"
                    VPOS="2550"
                    WIDTH="2095"
                    HEIGHT="141">
            <Shape><Polygon POINTS="617 2669 617 2691 2709 2625 2709 2600 2700 2550 2606 2566 2442 2558 2406 2558 2403 2558 2400 2558 2389 2561 2342 2575 2308 2563 2292 2558 2289 2558 2286 2558 2283 2558 2269 2566 2247 2577 2178 2569 2122 2563 2119 2563 1952 2569 1949 2569 1908 2580 1866 2591 1841 2583 1827 2577 1824 2577 1821 2577 1749 2586 1663 2597 1613 2591 1535 2583 1532 2583 1529 2583 1474 2597 1452 2602 1440 2600 1413 2588 1410 2588 1407 2588 1404 2588 1376 2602 1360 2608 1326 2602 1268 2594 1265 2594 1262 2594 1218 2608 1196 2613 1143 2611 1065 2605 1062 2605 931 2619 895 2622 892 2619 873 2608 870 2608 867 2608 865 2608 862 2608 820 2625 815 2627 614 2630 617 2669"/></Shape>
	    <String CONTENT="me on l&#x27;a dit très pestement, il lui a appeis à lire. X&gt; sa veine &lt;.&gt;"
                    HPOS="614"
                    VPOS="2550"
                    WIDTH="2095"
                    HEIGHT="141"
                    WC="0.9754455847399576"></String>
          </TextLine>
          <TextLine ID="eSc_line_7a649a05"
                    TAGREFS="LT31"
                    BASELINE="611 2747 2745 2675" 
                    HPOS="609"
                    VPOS="2622"
                    WIDTH="2136"
                    HEIGHT="156">
            <Shape><Polygon POINTS="611 2747 611 2778 2742 2702 2745 2675 2737 2622 2573 2641 2222 2641 2086 2641 2083 2641 2080 2641 2063 2647 2030 2658 1872 2655 1760 2652 1758 2652 1694 2661 1641 2669 1624 2664 1605 2658 1602 2658 1599 2658 1596 2658 1593 2658 1582 2666 1566 2675 1465 2669 1371 2666 1368 2666 1365 2666 1340 2675 1318 2683 1260 2677 1184 2672 1182 2672 1082 2686 1012 2694 934 2691 812 2686 809 2686 806 2686 781 2697 767 2705 609 2705 611 2747"/></Shape>
	    <String CONTENT="&lt;. ...... ... . .... . .. . ..&gt; populaère"
                    HPOS="609"
                    VPOS="2622"
                    WIDTH="2136"
                    HEIGHT="156"
                    WC="0.8749774985197114"></String>
          </TextLine>
          <TextLine ID="eSc_line_3034ffd4"
                    TAGREFS="LT31"
                    BASELINE="611 2819 2734 2753" 
                    HPOS="609"
                    VPOS="2705"
                    WIDTH="2125"
                    HEIGHT="134">
            <Shape><Polygon POINTS="611 2819 611 2839 2289 2800 2333 2797 2570 2778 2731 2786 2734 2753 2728 2716 2561 2705 2559 2705 2470 2722 2461 2722 2450 2722 2325 2714 2322 2714 2319 2714 2289 2727 2283 2727 2247 2727 2025 2722 2022 2722 1888 2736 1844 2741 1819 2739 1760 2730 1758 2730 1696 2741 1666 2750 609 2769 611 2819"/></Shape>
	    <String CONTENT="est d&#x27;ailleurs si naturelle et si humaine qu&#x27;elle a répandu ds livres"
                    HPOS="609"
                    VPOS="2705"
                    WIDTH="2125"
                    HEIGHT="134"
                    WC="0.9948763380879941"></String>
          </TextLine>
          <TextLine ID="eSc_line_237d340a"
                    TAGREFS="LT31"
                    BASELINE="614 2883 1701 2858 1701 2858 2728 2822" 
                    HPOS="611"
                    VPOS="2772"
                    WIDTH="2117"
                    HEIGHT="147">
            <Shape><Polygon POINTS="614 2914 784 2919 787 2919 859 2908 917 2897 937 2905 962 2914 965 2914 968 2914 1168 2908 1171 2908 1210 2894 1232 2889 1374 2889 1666 2894 1668 2894 1810 2875 1866 2869 1910 2872 2036 2883 2038 2883 2041 2883 2044 2883 2063 2867 2066 2864 2364 2855 2375 2858 2420 2869 2422 2869 2425 2869 2517 2853 2534 2850 2547 2853 2628 2867 2631 2867 2726 2844 2728 2822 2720 2772 1860 2808 1816 2803 1766 2797 1763 2797 1702 2808 1660 2814 1630 2811 1574 2803 1571 2803 1493 2814 1457 2819 1413 2816 1285 2811 1282 2811 1204 2825 1184 2828 1154 2828 1012 2819 1009 2819 1006 2819 1004 2819 987 2833 984 2833 981 2833 901 2822 898 2822 706 2842 650 2830 648 2830 645 2830 611 2842 614 2883"/></Shape>
	    <String CONTENT="lien au delà des limites de se petit patrée. &lt;....&gt; ucum autenr fla¬"
                    HPOS="611"
                    VPOS="2772"
                    WIDTH="2117"
                    HEIGHT="147"
                    WC="0.9610938894398072"></String>
          </TextLine>
          <TextLine ID="eSc_line_770be6cc"
                    TAGREFS="LT31"
                    BASELINE="609 2956 2717 2886" 
                    HPOS="606"
                    VPOS="2847"
                    WIDTH="2111"
                    HEIGHT="131">
            <Shape><Polygon POINTS="609 2956 609 2978 2717 2919 2717 2886 2709 2847 1852 2861 1849 2861 1847 2861 1824 2875 1821 2875 1771 2864 1769 2864 1688 2880 1677 2883 1616 2883 1182 2883 1179 2883 1101 2900 1090 2900 1048 2900 789 2897 787 2897 606 2914 609 2956"/></Shape>
	    <String CONTENT="mand n&#x27;a comme e sncis aussi général et aussi durable. &lt;&gt;"
                    HPOS="606"
                    VPOS="2847"
                    WIDTH="2111"
                    HEIGHT="131"
                    WC="0.9875957756711725"></String>
          </TextLine>
          <TextLine ID="eSc_line_d90fcb9e"
                    TAGREFS="LT31"
                    BASELINE="603 3025 2030 2985 2030 2985 2314 2969 2731 2969" 
                    HPOS="600"
                    VPOS="2911"
                    WIDTH="2131"
                    HEIGHT="136">
            <Shape><Polygon POINTS="603 3047 2731 2989 2731 2969 2726 2911 600 2978 603 3025"/></Shape>
	    <String CONTENT="&lt;... . ........ ..... s..t .&gt; Preique ju¬"
                    HPOS="600"
                    VPOS="2911"
                    WIDTH="2131"
                    HEIGHT="136"
                    WC="0.906472046200822"></String>
          </TextLine>
          <TextLine ID="eSc_line_046dfad7"
                    TAGREFS="LT31"
                    BASELINE="623 3095 1262 3067 2698 3045" 
                    HPOS="620"
                    VPOS="3006"
                    WIDTH="2078"
                    HEIGHT="116">
            <Shape><Polygon POINTS="623 3095 623 3122 895 3117 898 3117 956 3097 1157 3111 1171 3111 1173 3111 1184 3111 1351 3089 1488 3103 1490 3103 1493 3103 1496 3103 1549 3089 1735 3095 1738 3095 1741 3095 1744 3095 1760 3081 1821 3097 1827 3097 1830 3097 1833 3097 1835 3097 1841 3095 1885 3083 1952 3095 1969 3095 1972 3095 1974 3095 1980 3092 2033 3075 2692 3075 2698 3045 2689 3006 1171 3022 1168 3022 1118 3036 681 3033 678 3033 675 3033 620 3047 623 3095"/></Shape>
	    <String CONTENT="qu&#x27;a no jours les troductions françaises de ses romans ont en presque"
                    HPOS="620"
                    VPOS="3006"
                    WIDTH="2078"
                    HEIGHT="116"
                    WC="0.9796638143235359"></String>
          </TextLine>
          <TextLine ID="eSc_line_9856846b"
                    TAGREFS="LT31"
                    BASELINE="600 3167 1307 3136 2695 3117" 
                    HPOS="598"
                    VPOS="3067"
                    WIDTH="2097"
                    HEIGHT="119">
            <Shape><Polygon POINTS="600 3167 600 3186 2695 3145 2695 3117 2687 3078 2472 3081 2470 3081 2428 3067 2425 3067 2422 3067 2420 3067 2417 3067 2397 3081 2333 3070 2331 3070 2222 3086 2214 3086 2205 3086 2133 3072 2130 3072 2127 3072 2097 3089 2094 3089 2091 3089 2055 3078 2052 3078 2050 3078 1963 3092 1952 3092 1941 3092 1863 3078 1860 3078 1858 3078 1819 3095 1816 3095 1810 3095 1758 3081 1755 3081 1752 3081 1579 3097 1554 3100 1552 3100 1532 3086 1529 3086 1527 3086 1524 3086 1454 3100 1452 3100 1449 3100 1279 3089 1276 3089 1143 3108 1123 3108 1112 3108 1006 3095 1004 3095 598 3117 600 3167"/></Shape>
	    <String CONTENT="autant de luteurs que les oiginaux. A côté de Conscience, mais avec"
                    HPOS="598"
                    VPOS="3067"
                    WIDTH="2097"
                    HEIGHT="119"
                    WC="0.9871547319995824"></String>
          </TextLine>
          <TextLine ID="eSc_line_95fec1e9"
                    TAGREFS="LT31"
                    BASELINE="606 3228 2645 3184" 
                    HPOS="603"
                    VPOS="3147"
                    WIDTH="2042"
                    HEIGHT="114">
            <Shape><Polygon POINTS="606 3228 606 3261 734 3242 809 3256 812 3256 815 3256 862 3236 2645 3214 2645 3184 2637 3147 603 3189 606 3228"/></Shape>
	    <String CONTENT="plus de passion et moins de bonhornée, d&#x27;autres écrivarus gropulaires"
                    HPOS="603"
                    VPOS="3147"
                    WIDTH="2042"
                    HEIGHT="114"
                    WC="0.9932922012564065"></String>
          </TextLine>
          <TextLine ID="eSc_line_b63fc9b1"
                    TAGREFS="LT31"
                    BASELINE="598 3292 2745 3256" 
                    HPOS="595"
                    VPOS="3211"
                    WIDTH="2150"
                    HEIGHT="114">
            <Shape><Polygon POINTS="598 3292 598 3311 703 3325 706 3325 884 3309 898 3309 901 3309 917 3323 920 3323 923 3323 926 3323 929 3323 973 3309 981 3306 993 3309 1054 3320 1057 3320 1059 3320 1101 3306 1115 3303 1201 3306 1421 3311 1424 3311 1482 3300 1504 3298 1524 3300 1579 3311 1582 3311 1585 3311 1607 3300 1618 3295 1660 3300 1749 3309 1752 3309 1755 3309 1780 3298 1788 3295 1860 3298 2063 3303 2066 3303 2069 3303 2097 3292 2116 3286 2158 3292 2211 3300 2214 3300 2742 3284 2745 3256 2737 3211 1794 3231 1760 3228 1646 3220 1643 3220 1574 3234 1549 3236 1479 3234 1246 3225 1243 3225 1240 3225 1193 3239 1184 3242 1171 3239 1093 3228 1090 3228 1087 3228 1051 3242 1045 3245 1026 3242 917 3231 915 3231 912 3231 856 3248 848 3248 828 3248 689 3236 687 3236 595 3250 598 3292"/></Shape>
	    <String CONTENT="en J. Van Rysoyk, un Zetternaam, trachent en prose ou ne vers dequestions"
                    HPOS="595"
                    VPOS="3211"
                    WIDTH="2150"
                    HEIGHT="114"
                    WC="0.991219309911336"></String>
          </TextLine>
        </TextBlock>
      </PrintSpace>
    </Page>
  </Layout>
</alto>
