<?xml version="1.0" encoding="UTF-8"?>
<alto xmlns:xsi="http://www.w3.org/2001/XMLSchema-instance"
      xmlns="http://www.loc.gov/standards/alto/ns-v4#"
      xsi:schemaLocation="http://www.loc.gov/standards/alto/ns-v4# http://www.loc.gov/standards/alto/v4/alto-4-2.xsd">
  <Description>
    <MeasurementUnit>pixel</MeasurementUnit>
    <sourceImageInformation>
      <fileName>ARCH-DIV-000496_0055.png</fileName>
    </sourceImageInformation>
  </Description>
  <Tags>
    <OtherTag ID="BT42" LABEL="MainZone" DESCRIPTION="block type MainZone"/><OtherTag ID="BT43" LABEL="MarginTextZone" DESCRIPTION="block type MarginTextZone"/><OtherTag ID="BT44" LABEL="NumberingZone" DESCRIPTION="block type NumberingZone"/><OtherTag ID="BT45" LABEL="TitlePageZone" DESCRIPTION="block type TitlePageZone"/><OtherTag ID="BT46" LABEL="CustomZone:Numbering" DESCRIPTION="block type CustomZone:Numbering"/><OtherTag ID="BT49" LABEL="MarginTextZone:lower" DESCRIPTION="block type MarginTextZone:lower"/>
    <OtherTag ID="LT25" LABEL="default" DESCRIPTION="line type default"/><OtherTag ID="LT31" LABEL="DefaultLine" DESCRIPTION="line type DefaultLine"/><OtherTag ID="LT32" LABEL="HeadingLine" DESCRIPTION="line type HeadingLine"/><OtherTag ID="LT33" LABEL="InterlinearLine:addition" DESCRIPTION="line type InterlinearLine:addition"/><OtherTag ID="LT34" LABEL="InterlinearLine:correction" DESCRIPTION="line type InterlinearLine:correction"/>
  </Tags>
  <Layout>
    <Page WIDTH="2790"
          HEIGHT="3324"
          PHYSICAL_IMG_NR="54"
          ID="eSc_dummypage_">
      <PrintSpace HPOS="0"
                  VPOS="0"
                  WIDTH="2790"
                  HEIGHT="3324">
        <TextBlock HPOS="122"
                   VPOS="41"
                   WIDTH="311"
                   HEIGHT="237"
                   ID="eSc_textblock_40c1af0f"
                   TAGREFS="BT44">
          <Shape><Polygon POINTS="122 41 122 278 433 278 433 41"/></Shape>
          <TextLine ID="eSc_line_f51405fe"
                    TAGREFS="LT31"
                    BASELINE="219 116 354 165" 
                    HPOS="241"
                    VPOS="77"
                    WIDTH="94"
                    HEIGHT="136">
            <Shape><Polygon POINTS="241 108 246 157 252 213 335 207 329 149 321 88 274 77 265 77"/></Shape>
	    <String CONTENT="70)"
                    HPOS="241"
                    VPOS="77"
                    WIDTH="94"
                    HEIGHT="136"
                    WC="0.9999260306358337"></String>
          </TextLine>
        </TextBlock>
        <TextBlock HPOS="528"
                   VPOS="14"
                   WIDTH="2221"
                   HEIGHT="3284"
                   ID="eSc_textblock_5ac325f3"
                   TAGREFS="BT42">
          <Shape><Polygon POINTS="528 14 528 3298 2749 3298 2749 14"/></Shape>
          <TextLine ID="eSc_line_60fddcdf"
                    TAGREFS="LT31"
                    BASELINE="620 99 1473 80 2695 83" 
                    HPOS="617"
                    VPOS="22"
                    WIDTH="2078"
                    HEIGHT="99">
            <Shape><Polygon POINTS="2640 22 2618 22 2485 38 2482 38 2479 38 2379 22 2377 22 1986 41 1980 44 1944 44 1604 44 1543 27 1540 27 1537 27 1534 27 1532 27 1509 44 1485 27 1482 27 1479 27 1476 27 1357 44 1293 27 1291 27 1288 27 1285 27 1244 44 1163 27 1160 27 1158 27 1083 47 1027 30 1025 30 739 30 736 30 617 49 620 99 620 121 2693 110 2695 83 2693 36 2651 22 2640 22"/></Shape>
	    <String CONTENT="et Gendebien, à la iit dèle, remarque avec am ertume quoon"
                    HPOS="617"
                    VPOS="22"
                    WIDTH="2078"
                    HEIGHT="99"
                    WC="0.9885418455479509"></String>
          </TextLine>
          <TextLine ID="eSc_line_b38220d2"
                    TAGREFS="LT31"
                    BASELINE="617 174 1859 152 2376 151 2695 152" 
                    HPOS="615"
                    VPOS="94"
                    WIDTH="2080"
                    HEIGHT="113">
            <Shape><Polygon POINTS="617 204 681 191 734 204 736 204 739 204 742 204 761 204 942 191 964 202 969 207 972 207 975 207 978 207 980 207 1000 202 1038 191 1149 199 1152 199 1487 180 1609 193 1612 193 1615 193 1681 177 1762 193 1764 193 1881 174 2044 193 2064 193 2066 193 2069 193 2075 193 2108 180 2468 188 2496 188 2499 188 2501 188 2504 188 2504 185 2526 168 2690 185 2695 152 2687 110 2440 110 2379 94 2377 94 2374 94 2371 94 2368 94 2343 113 2191 113 2091 96 2089 96 1451 124 1388 108 1385 108 1382 108 1255 124 1102 110 1099 110 1005 130 953 113 950 113 947 113 944 113 875 130 831 113 828 113 825 113 822 113 784 135 615 135 617 174"/></Shape>
	    <String CONTENT="......... ....  ..   .&gt; qua daris la hi¬"
                    HPOS="615"
                    VPOS="94"
                    WIDTH="2080"
                    HEIGHT="113"
                    WC="0.8793932847678662"></String>
          </TextLine>
          <TextLine ID="eSc_line_7532f82e"
                    TAGREFS="LT33"
                    BASELINE="2260 186 2500 178" 
                    HPOS="2260"
                    VPOS="178"
                    WIDTH="240"
                    HEIGHT="8">
	    <String CONTENT=""
                    HPOS="2260"
                    VPOS="178"
                    WIDTH="240"
                    HEIGHT="8"></String>
          </TextLine>
          <TextLine ID="eSc_line_72c4a68c"
                    TAGREFS="LT31"
                    BASELINE="620 240 1293 224 2684 216" 
                    HPOS="617"
                    VPOS="168"
                    WIDTH="2067"
                    HEIGHT="100">
            <Shape><Polygon POINTS="620 240 620 268 966 252 1141 263 1149 263 1152 263 1160 263 1282 249 1457 260 1482 260 1485 260 1487 260 1490 260 1490 257 1504 246 2681 246 2684 216 2676 171 2158 182 2144 177 2119 168 2116 168 2113 168 2111 168 2075 180 2050 188 1859 188 1847 182 1820 171 1817 171 1814 171 1811 171 1778 182 1764 188 1618 185 1219 177 1216 177 1213 177 1210 177 1188 191 1183 193 1152 193 939 180 936 180 617 199 620 240"/></Shape>
	    <String CONTENT="biene de la Chambre dus députés ne déverse plus sur les Belges que"
                    HPOS="617"
                    VPOS="168"
                    WIDTH="2067"
                    HEIGHT="100"
                    WC="0.9869036159732125"></String>
          </TextLine>
          <TextLine ID="eSc_line_c9a4b798"
                    TAGREFS="LT31"
                    BASELINE="615 318 2731 282" 
                    HPOS="612"
                    VPOS="235"
                    WIDTH="2119"
                    HEIGHT="108">
            <Shape><Polygon POINTS="615 318 615 343 2729 310 2731 282 2723 243 2216 252 2210 249 2183 235 2180 235 2177 235 2174 235 2147 249 2138 254 1994 254 1978 252 1917 238 1914 238 1911 238 1908 238 1886 252 1881 257 1847 254 1751 240 1748 240 1745 240 1742 240 1720 254 1717 257 1695 254 1590 243 1587 243 1584 243 1554 257 1548 260 1532 257 1462 246 1460 246 1457 246 1410 260 1382 265 1343 260 1263 249 1260 249 1257 249 1255 249 1238 263 1230 268 1194 263 1130 252 1127 252 1124 252 1077 263 1044 274 908 274 886 265 861 257 858 257 772 257 770 257 767 257 748 268 731 277 706 268 678 260 676 260 673 260 612 268 615 318"/></Shape>
	    <String CONTENT="la dérision et l&#x27;ontrage. &lt;...... .... ... ..... .. .. .....&gt;"
                    HPOS="612"
                    VPOS="235"
                    WIDTH="2119"
                    HEIGHT="108"
                    WC="0.8881403510687781"></String>
          </TextLine>
          <TextLine ID="eSc_line_b8a25089"
                    TAGREFS="LT31"
                    BASELINE="628 385 1992 351 2709 351" 
                    HPOS="626"
                    VPOS="304"
                    WIDTH="2083"
                    HEIGHT="114">
            <Shape><Polygon POINTS="628 385 628 418 2709 371 2709 351 2704 304 626 343 628 385"/></Shape>
	    <String CONTENT="&lt;.. . . . ...&gt; Mani festement, désormais, leur"
                    HPOS="626"
                    VPOS="304"
                    WIDTH="2083"
                    HEIGHT="114"
                    WC="0.9469035591768182"></String>
          </TextLine>
          <TextLine ID="eSc_line_c1ecff51"
                    TAGREFS="LT31"
                    BASELINE="623 451 2352 412 2704 415" 
                    HPOS="620"
                    VPOS="371"
                    WIDTH="2084"
                    HEIGHT="105">
            <Shape><Polygon POINTS="623 451 623 476 2704 443 2704 415 2701 371 2083 371 2080 371 2077 371 2055 379 2039 385 1992 379 1931 373 1928 373 1925 373 1922 373 1914 382 1903 387 1853 382 1800 376 1798 376 1728 385 1642 393 1584 385 1548 382 1545 382 1543 382 1540 382 1534 387 1521 396 1454 387 1421 385 1418 385 1415 385 1413 385 1410 387 1393 401 1185 401 1160 393 1155 390 1152 390 1149 390 1077 393 745 412 620 401 623 451"/></Shape>
	    <String CONTENT="cause est pordue. Ses chefs pourtant s&#x27;obstuient à compter sur un revi¬"
                    HPOS="620"
                    VPOS="371"
                    WIDTH="2084"
                    HEIGHT="105"
                    WC="0.9933531201548047"></String>
          </TextLine>
          <TextLine ID="eSc_line_6cfa47ca"
                    TAGREFS="LT31"
                    BASELINE="606 523 2654 470" 
                    HPOS="603"
                    VPOS="429"
                    WIDTH="2051"
                    HEIGHT="119">
            <Shape><Polygon POINTS="606 523 606 548 2654 501 2654 470 2648 434 2324 429 2321 429 2318 429 2280 443 2277 443 2260 443 2116 434 2113 434 2111 434 2108 434 2091 448 2086 448 2033 437 2030 437 2028 437 2000 451 1994 451 1986 451 1928 440 1925 440 1922 440 1892 454 1886 454 1859 454 1717 445 1715 445 603 484 606 523"/></Shape>
	    <String CONTENT="rement de l&#x27;opnion. &lt;. ... .. . ... Le violume"
                    HPOS="603"
                    VPOS="429"
                    WIDTH="2051"
                    HEIGHT="119"
                    WC="0.9318612982397494"></String>
          </TextLine>
          <TextLine ID="eSc_line_749bfe7f"
                    TAGREFS="LT31"
                    BASELINE="631 587 2684 537" 
                    HPOS="628"
                    VPOS="487"
                    WIDTH="2056"
                    HEIGHT="139">
            <Shape><Polygon POINTS="631 587 634 626 673 609 950 617 969 617 972 617 980 617 1088 598 1277 609 1285 609 1288 609 1302 609 1601 587 1795 595 1798 595 1892 578 2069 590 2086 590 2089 590 2091 590 2094 590 2116 576 2210 587 2224 587 2227 587 2258 584 2482 565 2681 573 2684 537 2676 487 628 545 631 587"/></Shape>
	    <String CONTENT="qu&#x27;ils depleyèsent &lt;&gt; lors des événements de 1839 ne peut toute¬"
                    HPOS="628"
                    VPOS="487"
                    WIDTH="2056"
                    HEIGHT="139"
                    WC="0.995149040594697"></String>
          </TextLine>
          <TextLine ID="eSc_line_0e0a31b1"
                    TAGREFS="LT31"
                    BASELINE="617 653 886 639 2698 612" 
                    HPOS="615"
                    VPOS="556"
                    WIDTH="2083"
                    HEIGHT="128">
            <Shape><Polygon POINTS="831 584 828 584 784 603 784 606 615 606 617 653 620 684 687 667 753 681 759 681 761 681 781 681 1016 662 1213 670 1302 673 1304 673 1559 667 1562 667 1565 667 1570 662 1579 653 1587 662 1598 667 1601 667 1604 667 1606 667 1670 659 1709 653 1723 656 1745 664 1748 664 1751 664 1753 664 1775 656 1789 650 1798 656 1811 664 1814 664 1817 664 1820 664 1939 650 2005 645 2053 648 2163 659 2166 659 2169 659 2219 645 2230 642 2260 642 2413 653 2415 653 2571 637 2601 650 2604 650 2607 650 2698 631 2698 612 2693 573 2593 556 2590 556 2587 556 2584 556 2565 573 2529 559 2526 559 2524 559 2521 559 2518 559 2493 576 2490 578 2379 578 2357 578 2324 562 2321 562 2318 562 2172 581 2161 581 2158 581 2119 565 2116 565 1997 565 1994 565 1992 565 1933 584 1875 567 1872 567 1870 567 1867 567 1864 567 1839 584 1590 573 1587 573 1584 573 1543 590 1507 573 1504 573 1501 573 1498 573 1449 592 1443 592 1133 578 1130 578 1019 598 833 584 831 584"/></Shape>
	    <String CONTENT="fois dissimuler leur faiblesse. Bus Elle était telle qu&#x27;ils en furent ré¬"
                    HPOS="615"
                    VPOS="556"
                    WIDTH="2083"
                    HEIGHT="128"
                    WC="0.9868427147604015"></String>
          </TextLine>
          <TextLine ID="eSc_line_72bf77f6"
                    TAGREFS="LT31"
                    BASELINE="617 725 2291 686" 
                    HPOS="615"
                    VPOS="639"
                    WIDTH="1676"
                    HEIGHT="103">
            <Shape><Polygon POINTS="617 725 617 742 2050 731 2161 728 2163 728 2166 728 2169 725 2194 709 2285 722 2291 686 2285 653 2213 639 2210 639 2041 656 2036 656 2033 656 1983 642 1980 642 1978 642 1975 642 1925 659 1922 659 1917 659 1834 648 1831 648 1753 662 1751 662 1748 662 1715 648 1712 648 1709 648 1706 648 1667 664 1662 664 1637 664 1465 653 1462 653 1460 653 1457 653 1437 667 1435 670 1415 667 1332 656 1329 656 1327 656 1324 656 1307 670 1302 673 1285 670 1213 659 1210 659 1116 673 1080 678 1050 675 983 664 980 664 978 664 975 664 964 675 955 681 939 675 900 667 897 667 894 667 892 667 867 678 850 684 831 678 797 670 795 670 792 670 789 670 756 681 734 686 714 681 692 673 689 673 687 673 615 681 617 725"/></Shape>
	    <String CONTENT="duits à combiner leurs efforts avec ceux des Orangistes."
                    HPOS="615"
                    VPOS="639"
                    WIDTH="1676"
                    HEIGHT="103"
                    WC="0.9957572409981176"></String>
          </TextLine>
          <TextLine ID="eSc_line_b17bbaae"
                    TAGREFS="LT31"
                    BASELINE="634 800 1861 772 2695 736" 
                    HPOS="631"
                    VPOS="689"
                    WIDTH="2064"
                    HEIGHT="150">
            <Shape><Polygon POINTS="634 800 634 839 731 819 969 828 1011 828 1014 828 1033 825 1113 808 1246 817 1296 819 1299 819 1302 819 1316 814 1343 806 1551 806 1773 806 1775 806 1842 794 1881 786 2050 786 2476 783 2695 761 2695 736 2687 689 2535 711 2490 698 2488 698 2485 698 2482 698 2432 714 2399 698 2391 695 2388 695 2385 695 2382 695 2374 700 2341 717 2222 706 2219 706 2216 706 2188 720 2174 706 2172 706 2169 706 2166 706 2152 706 2019 725 1939 714 1911 711 1908 711 1872 717 1770 734 1651 725 1618 722 1615 722 1612 722 1601 725 1557 739 1379 734 1340 734 1338 734 1299 736 1163 750 1147 742 1127 731 1124 731 1122 731 1058 745 1011 756 975 747 944 742 942 742 939 742 919 750 897 758 878 750 847 739 845 739 842 739 631 758 634 800"/></Shape>
	    <String CONTENT="Oi les Orangistes &lt;.....&gt; sontoritaient aussi ardemment"
                    HPOS="631"
                    VPOS="689"
                    WIDTH="2064"
                    HEIGHT="150"
                    WC="0.9439185467633334"></String>
          </TextLine>
          <TextLine ID="eSc_line_0eef6a92"
                    TAGREFS="LT33"
                    BASELINE="712 755 762 755" 
                    HPOS="712"
                    VPOS="755"
                    WIDTH="50"
                    HEIGHT="0">
	    <String CONTENT=""
                    HPOS="712"
                    VPOS="755"
                    WIDTH="50"
                    HEIGHT="0"></String>
          </TextLine>
          <TextLine ID="eSc_line_77c4db35"
                    TAGREFS="LT31"
                    BASELINE="623 872 2687 819" 
                    HPOS="620"
                    VPOS="783"
                    WIDTH="2067"
                    HEIGHT="128">
            <Shape><Polygon POINTS="623 872 623 911 731 889 811 905 814 905 817 905 820 905 858 886 1102 897 1152 897 1155 897 1202 891 1385 872 1590 880 1703 883 1706 883 2033 875 2086 864 2122 855 2155 861 2194 867 2197 867 2199 867 2227 858 2255 850 2291 855 2349 867 2352 867 2479 850 2526 844 2535 847 2560 861 2562 861 2565 861 2687 842 2687 819 2679 783 620 825 623 872"/></Shape>
	    <String CONTENT="qu&#x27;eux memer le reuversement des régimes ils leur étaient oppo¬"
                    HPOS="620"
                    VPOS="783"
                    WIDTH="2067"
                    HEIGHT="128"
                    WC="0.9795981446901957"></String>
          </TextLine>
          <TextLine ID="eSc_line_e3a72965"
                    TAGREFS="LT31"
                    BASELINE="620 939 1501 911 2695 891" 
                    HPOS="617"
                    VPOS="844"
                    WIDTH="2078"
                    HEIGHT="111">
            <Shape><Polygon POINTS="620 939 620 955 2695 922 2695 891 2690 853 2413 844 2410 844 2291 858 2269 861 2230 861 2041 853 2039 853 2036 853 2000 864 1992 867 1983 867 1939 855 1936 855 1933 855 1903 867 1895 869 1845 869 1662 861 1659 861 617 891 620 939"/></Shape>
	    <String CONTENT="sés pour tout le reste. &lt;...&gt; Ce n&#x27;étaiant pas même un parti de classe,"
                    HPOS="617"
                    VPOS="844"
                    WIDTH="2078"
                    HEIGHT="111"
                    WC="0.9832542043336681"></String>
          </TextLine>
          <TextLine ID="eSc_line_ef8906e0"
                    TAGREFS="LT31"
                    BASELINE="612 1002 1975 972 2715 966" 
                    HPOS="609"
                    VPOS="914"
                    WIDTH="2106"
                    HEIGHT="116">
            <Shape><Polygon POINTS="612 1002 612 1030 2715 991 2715 966 2706 925 2421 927 2352 914 2349 914 2166 933 2155 933 2138 933 1770 925 1767 925 1764 925 1762 925 1737 941 1734 941 1665 927 1662 927 1521 944 1501 930 1498 930 1496 930 1493 930 1490 930 1487 930 1465 947 1457 947 1374 933 1371 933 1368 933 1318 950 1313 950 1291 950 1088 939 1086 939 1083 939 1080 939 1058 952 795 944 792 944 609 961 612 1002"/></Shape>
	    <String CONTENT="nais tout au plus une faction s&#x27;identifiant aux intérêts d&#x27;un groupe"
                    HPOS="609"
                    VPOS="914"
                    WIDTH="2106"
                    HEIGHT="116"
                    WC="0.9977501604486915"></String>
          </TextLine>
          <TextLine ID="eSc_line_a6a2e7ea"
                    TAGREFS="LT31"
                    BASELINE="609 1080 2679 1027" 
                    HPOS="606"
                    VPOS="983"
                    WIDTH="2073"
                    HEIGHT="122">
            <Shape><Polygon POINTS="609 1080 609 1105 1695 1088 1698 1088 1701 1088 1720 1074 1723 1074 1739 1074 1895 1083 1897 1083 2014 1066 2028 1066 2055 1066 2324 1071 2327 1071 2330 1071 2332 1071 2355 1058 2357 1058 2363 1058 2562 1066 2565 1066 2679 1047 2679 1027 2670 983 606 1038 609 1080"/></Shape>
	    <String CONTENT="restreint de grands propriétaisres et surt, ent d&#x27;industriels. Ce serait"
                    HPOS="606"
                    VPOS="983"
                    WIDTH="2073"
                    HEIGHT="122"
                    WC="0.9973537623882294"></String>
          </TextLine>
          <TextLine ID="eSc_line_da0ed156"
                    TAGREFS="LT34"
                    BASELINE="1701 1094 1973 1084" 
                    HPOS="1701"
                    VPOS="1084"
                    WIDTH="272"
                    HEIGHT="10">
	    <String CONTENT=""
                    HPOS="1701"
                    VPOS="1084"
                    WIDTH="272"
                    HEIGHT="10"></String>
          </TextLine>
          <TextLine ID="eSc_line_79936bab"
                    TAGREFS="LT31"
                    BASELINE="603 1149 2147 1110 2681 1113" 
                    HPOS="601"
                    VPOS="1055"
                    WIDTH="2080"
                    HEIGHT="119">
            <Shape><Polygon POINTS="603 1149 603 1168 1232 1174 1235 1174 1396 1160 1512 1149 1958 1152 2116 1152 2119 1152 2122 1152 2127 1149 2161 1135 2205 1149 2219 1152 2222 1152 2224 1152 2260 1149 2382 1130 2440 1146 2446 1146 2449 1146 2451 1146 2681 1141 2681 1113 2679 1069 2543 1055 2540 1055 2427 1071 2377 1055 2374 1055 2371 1055 2368 1055 2366 1055 2366 1058 2349 1071 2280 1060 2277 1060 2274 1060 2222 1077 2219 1077 2199 1077 1856 1066 1853 1066 1667 1085 1618 1071 1615 1071 1612 1071 1609 1071 1573 1091 1559 1091 1385 1080 1382 1080 1210 1099 1196 1099 1194 1099 1158 1083 1155 1083 1152 1083 983 1105 961 1108 601 1110 603 1149"/></Shape>
	    <String CONTENT="une esseur absolue que de l les efotre, comme on l&#x27;a fait par¬"
                    HPOS="601"
                    VPOS="1055"
                    WIDTH="2080"
                    HEIGHT="119"
                    WC="0.9940827171648702"></String>
          </TextLine>
          <TextLine ID="eSc_line_61db16f6"
                    TAGREFS="LT31"
                    BASELINE="615 1221 2300 1181 2300 1181 2637 1163" 
                    HPOS="612"
                    VPOS="1127"
                    WIDTH="2025"
                    HEIGHT="133">
            <Shape><Polygon POINTS="615 1260 709 1243 775 1257 786 1257 789 1257 792 1257 795 1257 797 1254 817 1240 872 1252 875 1252 878 1252 1038 1235 1077 1246 1088 1249 1091 1249 1094 1249 1174 1243 1329 1229 1360 1238 1374 1240 1376 1240 1379 1240 1382 1240 1385 1240 1385 1238 1388 1235 1399 1227 1446 1235 1476 1238 1479 1238 1515 1232 1557 1224 1662 1227 1762 1229 1764 1229 1767 1229 1781 1224 1798 1216 1831 1221 1864 1227 1867 1227 1914 1218 1975 1207 2019 1216 2055 1221 2058 1221 2634 1193 2637 1163 2629 1127 612 1185 615 1221"/></Shape>
	    <String CONTENT="fois, som me les précurseurs du mouvement flansand. &lt;.....&gt;"
                    HPOS="612"
                    VPOS="1127"
                    WIDTH="2025"
                    HEIGHT="133"
                    WC="0.9757724798331826"></String>
          </TextLine>
          <TextLine ID="eSc_line_7fd11f0f"
                    TAGREFS="LT31"
                    BASELINE="617 1290 2634 1243" 
                    HPOS="615"
                    VPOS="1196"
                    WIDTH="2019"
                    HEIGHT="119">
            <Shape><Polygon POINTS="617 1290 617 1315 2396 1288 2399 1288 2443 1274 2507 1285 2510 1285 2634 1265 2634 1243 2626 1196 1800 1227 1753 1221 1698 1216 1695 1216 1692 1216 1690 1216 1681 1224 1673 1229 1490 1229 1113 1229 1111 1229 978 1246 966 1246 958 1246 869 1235 867 1235 731 1252 645 1240 642 1240 640 1240 615 1252 617 1290"/></Shape>
	    <String CONTENT="&lt;..........&gt; Bien au contraire ee pas me contraste aussi"
                    HPOS="615"
                    VPOS="1196"
                    WIDTH="2019"
                    HEIGHT="119"
                    WC="0.9596607046467918"></String>
          </TextLine>
          <TextLine ID="eSc_line_2946b8ae"
                    TAGREFS="LT31"
                    BASELINE="609 1373 2676 1329" 
                    HPOS="606"
                    VPOS="1288"
                    WIDTH="2070"
                    HEIGHT="119">
            <Shape><Polygon POINTS="609 1373 609 1393 861 1407 864 1407 1002 1387 1005 1387 1008 1387 1252 1398 1255 1398 1346 1382 1637 1390 1640 1390 1767 1373 1836 1385 1839 1385 2075 1365 2083 1365 2086 1365 2155 1379 2158 1379 2161 1379 2202 1362 2205 1362 2216 1362 2382 1373 2385 1373 2388 1373 2418 1360 2449 1371 2451 1371 2454 1371 2676 1351 2676 1329 2668 1288 606 1329 609 1373"/></Shape>
	    <String CONTENT="curieux qu&#x27;il est comprétens ible, c&#x27;est parmi eux que ce rencontrent"
                    HPOS="606"
                    VPOS="1288"
                    WIDTH="2070"
                    HEIGHT="119"
                    WC="0.9916300419448079"></String>
          </TextLine>
          <TextLine ID="eSc_line_3a6a65a7"
                    TAGREFS="LT31"
                    BASELINE="609 1443 2654 1409" 
                    HPOS="606"
                    VPOS="1368"
                    WIDTH="2048"
                    HEIGHT="113">
            <Shape><Polygon POINTS="609 1443 609 1481 778 1462 872 1476 875 1476 1005 1459 1038 1473 1041 1473 1044 1473 1280 1473 1288 1470 1473 1451 1590 1465 1593 1465 2005 1443 2102 1454 2105 1454 2108 1454 2152 1440 2271 1454 2274 1454 2379 1437 2399 1451 2402 1451 2404 1451 2407 1451 2485 1434 2648 1448 2654 1409 2645 1368 606 1393 609 1443"/></Shape>
	    <String CONTENT="les éléments les plus franciris du pays. &lt;..&gt; La lanque populaire,"
                    HPOS="606"
                    VPOS="1368"
                    WIDTH="2048"
                    HEIGHT="113"
                    WC="0.976816612662691"></String>
          </TextLine>
          <TextLine ID="eSc_line_68dd1d32"
                    TAGREFS="LT31"
                    BASELINE="598 1529 2693 1493" 
                    HPOS="595"
                    VPOS="1443"
                    WIDTH="2098"
                    HEIGHT="116">
            <Shape><Polygon POINTS="598 1529 598 1559 2693 1517 2693 1493 2687 1457 2593 1443 2590 1443 2465 1459 2457 1459 2454 1459 2435 1443 2432 1443 2429 1443 2360 1443 2357 1443 2269 1462 2263 1462 2246 1462 2036 1448 2033 1448 2030 1448 1980 1465 1892 1451 1889 1451 1886 1451 1884 1451 1856 1468 1850 1473 1435 1476 1432 1476 1393 1459 1390 1459 1388 1459 1385 1459 1332 1476 1321 1479 1260 1479 930 1468 928 1468 925 1468 881 1484 869 1487 845 1484 745 1470 742 1470 739 1470 700 1487 692 1490 595 1490 598 1529"/></Shape>
	    <String CONTENT="on, pour parler comme le convernement hallandais, la langiue na¬"
                    HPOS="595"
                    VPOS="1443"
                    WIDTH="2098"
                    HEIGHT="116"
                    WC="0.989166452549398"></String>
          </TextLine>
          <TextLine ID="eSc_line_5c1e24cd"
                    TAGREFS="LT31"
                    BASELINE="595 1606 2679 1567" 
                    HPOS="592"
                    VPOS="1517"
                    WIDTH="2087"
                    HEIGHT="117">
            <Shape><Polygon POINTS="595 1606 595 1631 1105 1634 1108 1634 1180 1620 1205 1617 1244 1620 1363 1628 1365 1628 1429 1614 1440 1614 1465 1614 1631 1625 1634 1625 1712 1609 1717 1609 1720 1609 1734 1623 1737 1623 1739 1623 1742 1623 1845 1609 1928 1620 1931 1620 2213 1601 2260 1598 2274 1598 2363 1612 2366 1612 2368 1612 2371 1612 2371 1609 2385 1598 2388 1595 2415 1595 2571 1606 2573 1606 2679 1589 2679 1567 2673 1529 2579 1517 2576 1517 2573 1517 2571 1517 2557 1529 2554 1534 2341 1537 2313 1534 2222 1523 2219 1523 2102 1540 2066 1542 2011 1540 1834 1531 1831 1531 1828 1531 1795 1545 1792 1545 1784 1545 1715 1534 1712 1534 1629 1548 1606 1551 1590 1548 1518 1537 1515 1537 1360 1553 1321 1556 1296 1553 1177 1542 1174 1542 1171 1542 1122 1559 1116 1559 1094 1559 911 1548 908 1548 905 1548 872 1562 867 1565 858 1565 803 1551 800 1551 592 1567 595 1606"/></Shape>
	    <String CONTENT="tionale, est complètement étrangère à ces riches. Ils l&#x27;ignorent ou"
                    HPOS="592"
                    VPOS="1517"
                    WIDTH="2087"
                    HEIGHT="117"
                    WC="0.994998194715556"></String>
          </TextLine>
          <TextLine ID="eSc_line_bae97f1f"
                    TAGREFS="LT31"
                    BASELINE="601 1684 2668 1634" 
                    HPOS="598"
                    VPOS="1587"
                    WIDTH="2070"
                    HEIGHT="124">
            <Shape><Polygon POINTS="601 1684 601 1703 928 1711 930 1711 1088 1695 1163 1706 1166 1706 1169 1706 1171 1706 1188 1692 1199 1692 1629 1695 1631 1695 2665 1656 2668 1634 2662 1595 2479 1587 2476 1587 2474 1587 2471 1587 2457 1598 2454 1603 2174 1609 2130 1606 1983 1598 1980 1598 1978 1598 1944 1612 1936 1614 1895 1614 1751 1606 1748 1606 1656 1620 1629 1623 1615 1620 1568 1609 1565 1609 1562 1609 1559 1609 1515 1623 1504 1625 1487 1623 1404 1612 1401 1612 1399 1612 1396 1612 1379 1625 1376 1628 1346 1628 1177 1617 1174 1617 1072 1634 1050 1637 1033 1637 947 1623 944 1623 792 1642 778 1642 772 1642 717 1628 714 1628 712 1628 598 1645 601 1684"/></Shape>
	    <String CONTENT="ils la dédaiguent. Ils n&#x27;en connaissent d&#x27;autre et n&#x27;en employent"
                    HPOS="598"
                    VPOS="1587"
                    WIDTH="2070"
                    HEIGHT="124"
                    WC="0.9998565838887141"></String>
          </TextLine>
          <TextLine ID="eSc_line_71af59ad"
                    TAGREFS="LT31"
                    BASELINE="598 1761 1246 1739 2329 1734 2329 1734 2640 1720" 
                    HPOS="595"
                    VPOS="1670"
                    WIDTH="2045"
                    HEIGHT="119">
            <Shape><Polygon POINTS="598 1789 797 1772 847 1786 850 1786 853 1786 856 1786 858 1786 864 1786 917 1767 1271 1764 1327 1775 1349 1781 1352 1781 1354 1781 1357 1781 1363 1775 1390 1761 1584 1772 1667 1775 1670 1775 1753 1770 1897 1756 1931 1764 1939 1767 1942 1767 1944 1767 1983 1764 2127 1750 2155 1761 2163 1764 2166 1764 2169 1764 2637 1750 2640 1720 2634 1684 2496 1670 2493 1670 2490 1670 2488 1670 2471 1684 2183 1675 2180 1675 2014 1692 2005 1692 1992 1692 1731 1684 1728 1684 1726 1684 1687 1698 1684 1698 1665 1698 1399 1689 1396 1689 1324 1703 1321 1703 1318 1703 1238 1692 1235 1692 1232 1692 1230 1692 1230 1695 1219 1706 1216 1706 1185 1706 925 1698 922 1698 919 1698 917 1698 917 1700 905 1711 903 1711 889 1711 775 1700 772 1700 770 1700 767 1700 748 1714 742 1717 595 1717 598 1761"/></Shape>
	    <String CONTENT="d&#x27;autres, même dans leur correspondance avec La Waye, que la"
                    HPOS="595"
                    VPOS="1670"
                    WIDTH="2045"
                    HEIGHT="119"
                    WC="0.992597050468127"></String>
          </TextLine>
          <TextLine ID="eSc_line_a3382518"
                    TAGREFS="LT31"
                    BASELINE="601 1825 2090 1817 2090 1817 2676 1800" 
                    HPOS="598"
                    VPOS="1761"
                    WIDTH="2078"
                    HEIGHT="100">
            <Shape><Polygon POINTS="601 1844 756 1861 759 1861 761 1861 764 1861 789 1847 1038 1855 1041 1855 1044 1855 1072 1844 1077 1842 1177 1844 1518 1853 1521 1853 1609 1842 1656 1836 1673 1842 1695 1850 1698 1850 1701 1850 2393 1842 2396 1842 2410 1839 2468 1825 2673 1836 2676 1800 2670 1764 1562 1761 1559 1761 1523 1770 1482 1778 1385 1770 1316 1764 1313 1764 1310 1764 1291 1770 1257 1781 1008 1772 928 1770 925 1770 900 1772 806 1786 598 1775 601 1825"/></Shape>
	    <String CONTENT="langue du beau monde auquel is appartienent. &lt;......&gt;"
                    HPOS="598"
                    VPOS="1761"
                    WIDTH="2078"
                    HEIGHT="100"
                    WC="0.9592067059480919"></String>
          </TextLine>
          <TextLine ID="eSc_line_1c6dfb02"
                    TAGREFS="LT31"
                    BASELINE="603 1897 2662 1875" 
                    HPOS="601"
                    VPOS="1825"
                    WIDTH="2061"
                    HEIGHT="100">
            <Shape><Polygon POINTS="603 1897 603 1922 1629 1925 1631 1925 1845 1919 2238 1905 2379 1916 2399 1916 2402 1916 2404 1916 2407 1916 2454 1902 2657 1914 2662 1875 2654 1825 601 1855 603 1897"/></Shape>
	    <String CONTENT="&lt;....... ..... .. . . . ..&gt;"
                    HPOS="601"
                    VPOS="1825"
                    WIDTH="2061"
                    HEIGHT="100"
                    WC="0.8486560097447148"></String>
          </TextLine>
          <TextLine ID="eSc_line_e0885564"
                    TAGREFS="LT31"
                    BASELINE="598 1969 1773 1963 2657 1941" 
                    HPOS="595"
                    VPOS="1891"
                    WIDTH="2062"
                    HEIGHT="111">
            <Shape><Polygon POINTS="598 1969 598 2002 2657 1972 2657 1941 2651 1911 2457 1891 2454 1891 2451 1891 2449 1891 2427 1911 2421 1916 2299 1916 2291 1911 2230 1894 2227 1894 2224 1894 2222 1894 2186 1914 2180 1916 2177 1914 2158 1897 2155 1897 2152 1897 2149 1897 2147 1897 2113 1914 2105 1919 2014 1919 2005 1914 1975 1897 1972 1897 1969 1897 1728 1916 1640 1922 1612 1916 1554 1902 1551 1902 1548 1902 1521 1916 1504 1927 1263 1927 1244 1919 1224 1911 1221 1911 1219 1911 1216 1911 1196 1919 1174 1927 1152 1919 1127 1911 1124 1911 1122 1911 1119 1911 1086 1919 1047 1933 881 1933 867 1922 856 1911 853 1911 850 1911 847 1911 845 1911 825 1922 803 1933 784 1922 767 1914 764 1914 761 1914 595 1922 598 1969"/></Shape>
	    <String CONTENT="&lt;... ...... .. ...... ...."
                    HPOS="595"
                    VPOS="1891"
                    WIDTH="2062"
                    HEIGHT="111"
                    WC="0.8748944126642667"></String>
          </TextLine>
          <TextLine ID="eSc_line_5c39d9eb"
                    TAGREFS="LT34"
                    BASELINE="1800 1926 1967 1918" 
                    HPOS="1800"
                    VPOS="1918"
                    WIDTH="167"
                    HEIGHT="8">
	    <String CONTENT=""
                    HPOS="1800"
                    VPOS="1918"
                    WIDTH="167"
                    HEIGHT="8"></String>
          </TextLine>
          <TextLine ID="eSc_line_c4b3fe0c"
                    TAGREFS="LT31"
                    BASELINE="603 2047 1842 2035 2676 2011" 
                    HPOS="601"
                    VPOS="1961"
                    WIDTH="2075"
                    HEIGHT="122">
            <Shape><Polygon POINTS="603 2047 603 2083 781 2066 881 2080 892 2080 894 2080 911 2080 1019 2066 1113 2077 1135 2077 1138 2077 1141 2077 1149 2074 1210 2060 1443 2071 1493 2071 1496 2071 1645 2066 2155 2049 2194 2058 2205 2060 2208 2060 2210 2060 2213 2060 2216 2060 2219 2058 2244 2044 2670 2049 2676 2011 2673 1980 2626 1961 2623 1961 2620 1961 2618 1961 2615 1961 2587 1980 2488 1980 2391 1961 2388 1961 2385 1961 2310 1983 2238 1963 2235 1963 2233 1963 2230 1963 2177 1986 2177 1988 2152 1988 2036 1988 1986 1969 1983 1969 1980 1969 1978 1969 1925 1991 1817 1991 1631 1994 1629 1994 1604 1975 1601 1975 1598 1975 1595 1975 1521 1988 1501 1975 1498 1975 1496 1975 1493 1975 1327 1999 1313 1999 1291 1999 989 1983 986 1983 983 1983 980 1983 953 2005 950 2005 886 2005 809 2005 786 1986 784 1986 781 1986 778 1986 601 2008 603 2047"/></Shape>
	    <String CONTENT="&lt;.... . .... ..&gt; Francopt obes de senti¬"
                    HPOS="601"
                    VPOS="1961"
                    WIDTH="2075"
                    HEIGHT="122"
                    WC="0.9392129600048065"></String>
          </TextLine>
          <TextLine ID="eSc_line_65b9a69e"
                    TAGREFS="LT31"
                    BASELINE="598 2105 1435 2113 2684 2080" 
                    HPOS="595"
                    VPOS="2035"
                    WIDTH="2089"
                    HEIGHT="117">
            <Shape><Polygon POINTS="598 2105 598 2138 1055 2152 1058 2152 1199 2132 1205 2132 1210 2132 1318 2149 1321 2149 1629 2130 1859 2141 1861 2141 2681 2113 2684 2080 2676 2035 2094 2044 2091 2044 2041 2060 595 2066 598 2105"/></Shape>
	    <String CONTENT="ment par ce que la France est la sourie de la déuoeratie qu&#x27;ils abo¬"
                    HPOS="595"
                    VPOS="2035"
                    WIDTH="2089"
                    HEIGHT="117"
                    WC="0.9899775438448962"></String>
          </TextLine>
          <TextLine ID="eSc_line_ab05a0aa"
                    TAGREFS="LT31"
                    BASELINE="590 2185 2651 2166" 
                    HPOS="587"
                    VPOS="2127"
                    WIDTH="2064"
                    HEIGHT="86">
            <Shape><Polygon POINTS="590 2185 590 2213 2058 2213 2058 2210 2122 2207 2357 2193 2645 2204 2651 2166 2645 2127 1260 2127 1257 2127 1232 2130 1152 2141 925 2130 889 2130 886 2130 883 2130 878 2130 822 2143 587 2132 590 2185"/></Shape>
	    <String CONTENT="minent, ils n&#x27;en seit pas mons, &lt;.... ... .&gt;"
                    HPOS="587"
                    VPOS="2127"
                    WIDTH="2064"
                    HEIGHT="86"
                    WC="0.9521821208975532"></String>
          </TextLine>
          <TextLine ID="eSc_line_1256f0ca"
                    TAGREFS="LT34"
                    BASELINE="653 2223 728 2229" 
                    HPOS="653"
                    VPOS="2223"
                    WIDTH="75"
                    HEIGHT="6">
	    <String CONTENT=""
                    HPOS="653"
                    VPOS="2223"
                    WIDTH="75"
                    HEIGHT="6"></String>
          </TextLine>
          <TextLine ID="eSc_line_378f687e"
                    TAGREFS="LT31"
                    BASELINE="584 2260 2634 2246" 
                    HPOS="581"
                    VPOS="2204"
                    WIDTH="2053"
                    HEIGHT="89">
            <Shape><Polygon POINTS="584 2260 584 2285 1798 2293 1800 2293 2224 2274 2230 2274 2274 2288 2277 2288 2280 2288 2454 2274 2554 2285 2557 2285 2634 2268 2634 2246 2626 2204 581 2210 584 2260"/></Shape>
	    <String CONTENT="&lt;........ .........&gt;, des Fransquillons. "
                    HPOS="581"
                    VPOS="2204"
                    WIDTH="2053"
                    HEIGHT="89"
                    WC="0.8776720544187034"></String>
          </TextLine>
          <TextLine ID="eSc_line_0f368b56"
                    TAGREFS="LT34"
                    BASELINE="1180 2229 1279 2233" 
                    HPOS="1180"
                    VPOS="2229"
                    WIDTH="99"
                    HEIGHT="4">
	    <String CONTENT=""
                    HPOS="1180"
                    VPOS="2229"
                    WIDTH="99"
                    HEIGHT="4"></String>
          </TextLine>
          <TextLine ID="eSc_line_94b371cb"
                    TAGREFS="LT31"
                    BASELINE="590 2326 2715 2321" 
                    HPOS="587"
                    VPOS="2268"
                    WIDTH="2128"
                    HEIGHT="86">
            <Shape><Polygon POINTS="590 2326 590 2354 2715 2351 2715 2321 2709 2288 2632 2268 2338 2268 2335 2268 2332 2268 2330 2268 2307 2285 2305 2285 2155 2271 2152 2271 1961 2285 1944 2285 1942 2285 1925 2271 1922 2271 1920 2271 1917 2271 1814 2285 1800 2285 1795 2285 1745 2268 1742 2268 1739 2268 1667 2285 1645 2290 1318 2290 1310 2282 1296 2271 1293 2271 1291 2271 1288 2271 1285 2271 1282 2271 1263 2282 1255 2288 1219 2282 1144 2271 1141 2271 1080 2282 1047 2288 953 2282 797 2271 795 2271 587 2279 590 2326"/></Shape>
	    <String CONTENT="&lt;.... .. ....&gt; laus toute la force"
                    HPOS="587"
                    VPOS="2268"
                    WIDTH="2128"
                    HEIGHT="86"
                    WC="0.9281634986400604"></String>
          </TextLine>
          <TextLine ID="eSc_line_090a55d8"
                    TAGREFS="LT31"
                    BASELINE="590 2398 1656 2398 2687 2379" 
                    HPOS="587"
                    VPOS="2340"
                    WIDTH="2100"
                    HEIGHT="94">
            <Shape><Polygon POINTS="590 2398 590 2423 969 2434 972 2434 1061 2420 1077 2420 1091 2420 1194 2434 1196 2434 1496 2432 1562 2418 1584 2415 1637 2418 1803 2429 1806 2429 1867 2415 1878 2415 1911 2415 2089 2426 2091 2426 2094 2426 2116 2415 2125 2412 2684 2412 2687 2379 2679 2340 1687 2357 1662 2351 1620 2340 1618 2340 1615 2340 1612 2340 1587 2351 1576 2357 1562 2351 1521 2340 1518 2340 1515 2340 1512 2340 1509 2340 1496 2354 1487 2360 1473 2354 1451 2346 1449 2346 1446 2346 1443 2346 1440 2346 1429 2354 1418 2362 1194 2362 1174 2357 1138 2346 1135 2346 1133 2346 983 2360 942 2362 886 2360 634 2348 631 2348 628 2348 587 2362 590 2398"/></Shape>
	    <String CONTENT="du terme, par leur genre de vie leurs moriers et leur langage. &lt;."
                    HPOS="587"
                    VPOS="2340"
                    WIDTH="2100"
                    HEIGHT="94"
                    WC="0.9948245699589069"></String>
          </TextLine>
          <TextLine ID="eSc_line_cf242490"
                    TAGREFS="LT31"
                    BASELINE="595 2470 2695 2448" 
                    HPOS="592"
                    VPOS="2401"
                    WIDTH="2103"
                    HEIGHT="100">
            <Shape><Polygon POINTS="595 2470 595 2501 2693 2484 2695 2448 2687 2401 592 2426 595 2470"/></Shape>
	    <String CONTENT="&lt;..  .... . . ...&gt;"
                    HPOS="592"
                    VPOS="2401"
                    WIDTH="2103"
                    HEIGHT="100"
                    WC="0.9096383816666074"></String>
          </TextLine>
          <TextLine ID="eSc_line_06dc3a5d"
                    TAGREFS="LT31"
                    BASELINE="584 2537 2643 2523" 
                    HPOS="581"
                    VPOS="2479"
                    WIDTH="2062"
                    HEIGHT="97">
            <Shape><Polygon POINTS="584 2537 584 2559 878 2576 881 2576 1194 2559 1296 2556 1335 2559 1413 2570 1415 2570 1496 2559 1537 2556 1731 2559 2025 2567 2028 2567 2102 2559 2233 2548 2637 2559 2643 2523 2634 2479 1310 2495 1252 2495 994 2484 991 2484 989 2484 964 2498 961 2498 936 2498 714 2487 712 2487 581 2501 584 2537"/></Shape>
	    <String CONTENT="&lt;.....&gt; s&#x27;il se remontre parmi eux queques famille de la haute"
                    HPOS="581"
                    VPOS="2479"
                    WIDTH="2062"
                    HEIGHT="97"
                    WC="0.9706466755559368"></String>
          </TextLine>
          <TextLine ID="eSc_line_5c341f80"
                    TAGREFS="LT31"
                    BASELINE="581 2612 2668 2603" 
                    HPOS="579"
                    VPOS="2553"
                    WIDTH="2089"
                    HEIGHT="81">
            <Shape><Polygon POINTS="581 2612 581 2631 2662 2634 2668 2603 2662 2562 1975 2553 1972 2553 1903 2565 1881 2567 1864 2565 1814 2553 1811 2553 1745 2565 1731 2567 1726 2565 1698 2553 1695 2553 1476 2553 1473 2553 1338 2567 1329 2567 1327 2567 1280 2553 1277 2553 1274 2553 1180 2567 1160 2570 1105 2570 817 2556 814 2556 811 2556 764 2570 761 2570 703 2556 700 2556 698 2556 579 2570 581 2612"/></Shape>
	    <String CONTENT="noblesse, qui pas seutiment légitimisté ou pas amans propre res."
                    HPOS="579"
                    VPOS="2553"
                    WIDTH="2089"
                    HEIGHT="81"
                    WC="0.9990932559594512"></String>
          </TextLine>
          <TextLine ID="eSc_line_f0e40f49"
                    TAGREFS="LT31"
                    BASELINE="579 2689 2670 2675" 
                    HPOS="576"
                    VPOS="2620"
                    WIDTH="2094"
                    HEIGHT="105">
            <Shape><Polygon POINTS="579 2689 579 2725 681 2711 814 2725 839 2725 842 2725 867 2722 994 2709 1036 2722 1041 2722 1044 2722 1047 2722 1050 2722 1052 2722 1077 2709 1282 2720 1365 2722 1368 2722 1401 2717 1473 2706 1507 2717 1515 2720 1518 2720 1521 2720 1595 2717 1756 2706 1828 2714 1867 2717 1870 2717 1872 2717 1881 2711 1900 2703 1936 2711 1956 2717 1958 2717 1961 2717 2000 2711 2058 2703 2665 2703 2670 2675 2665 2637 2568 2620 2565 2620 2562 2620 2524 2637 2521 2637 2482 2637 2102 2623 2100 2623 2017 2639 2008 2639 1994 2639 1839 2623 1836 2623 1834 2623 1775 2639 1764 2645 1487 2645 1485 2642 1449 2625 1446 2625 1443 2625 1440 2625 1437 2625 1418 2642 1415 2645 1316 2645 1260 2642 1014 2628 1011 2628 1008 2628 953 2645 942 2648 933 2645 900 2631 897 2631 894 2631 576 2645 579 2689"/></Shape>
	    <String CONTENT="tent fédèles à la maison d&#x27;Orange, pour le pluspart ils descendent de"
                    HPOS="576"
                    VPOS="2620"
                    WIDTH="2094"
                    HEIGHT="105"
                    WC="0.9889915994235448"></String>
          </TextLine>
          <TextLine ID="eSc_line_8d32ff82"
                    TAGREFS="LT31"
                    BASELINE="584 2761 1333 2764 1333 2764 2662 2742" 
                    HPOS="581"
                    VPOS="2706"
                    WIDTH="2081"
                    HEIGHT="88">
            <Shape><Polygon POINTS="584 2786 1446 2794 1449 2794 1967 2775 1975 2775 1978 2775 2044 2789 2047 2789 2050 2789 2097 2775 2324 2786 2327 2786 2330 2786 2366 2772 2615 2783 2618 2783 2620 2783 2662 2767 2662 2742 2654 2706 581 2711 584 2761"/></Shape>
	    <String CONTENT="ces commer nouveaux que &lt;.. d&#x27;achat des biens nationaux ou les"
                    HPOS="581"
                    VPOS="2706"
                    WIDTH="2081"
                    HEIGHT="88"
                    WC="0.9792736148641955"></String>
          </TextLine>
          <TextLine ID="eSc_line_e8227fd1"
                    TAGREFS="LT31"
                    BASELINE="579 2828 2695 2833" 
                    HPOS="576"
                    VPOS="2775"
                    WIDTH="2119"
                    HEIGHT="89">
            <Shape><Polygon POINTS="579 2828 576 2842 703 2861 706 2864 1274 2864 1274 2861 1349 2850 1371 2847 1390 2850 1440 2861 1443 2864 2693 2864 2695 2833 2695 2794 2643 2778 2640 2778 2637 2778 2524 2792 2518 2792 2496 2792 2161 2778 2158 2778 2041 2789 1997 2792 1983 2789 1953 2778 1950 2778 1947 2778 1834 2786 1762 2792 1723 2786 1676 2778 1673 2778 1670 2778 1651 2786 1634 2792 1570 2783 1490 2775 1487 2775 1485 2775 1457 2783 1437 2789 579 2778 579 2828"/></Shape>
	    <String CONTENT="entseprises industrielles ont eurichi sous la république et san l&#x27;Em¬"
                    HPOS="576"
                    VPOS="2775"
                    WIDTH="2119"
                    HEIGHT="89"
                    WC="0.9930012519808783"></String>
          </TextLine>
          <TextLine ID="eSc_line_93308673"
                    TAGREFS="LT31"
                    BASELINE="581 2911 2695 2897" 
                    HPOS="579"
                    VPOS="2844"
                    WIDTH="2116"
                    HEIGHT="103">
            <Shape><Polygon POINTS="581 2911 581 2947 659 2930 748 2947 753 2947 756 2947 764 2947 861 2933 1213 2944 1232 2944 1235 2944 1238 2944 1241 2944 1260 2930 1368 2944 1379 2944 1382 2944 1396 2944 1532 2927 1551 2941 1554 2941 1557 2941 1559 2941 1717 2927 1803 2941 1809 2941 1811 2941 1814 2941 1850 2922 2108 2938 2111 2938 2305 2919 2690 2936 2695 2897 2690 2861 2402 2844 2399 2844 2269 2861 2266 2861 2260 2861 1897 2847 1895 2847 1892 2847 1825 2864 1798 2850 1795 2850 1792 2850 1606 2864 1568 2850 1565 2850 1562 2850 1338 2866 1329 2866 1318 2866 947 2855 944 2855 942 2855 939 2855 917 2869 914 2869 903 2869 615 2855 612 2855 609 2855 579 2866 581 2911"/></Shape>
	    <String CONTENT="pire &lt;...... ...... .. du royaume des Payr-Bas"
                    HPOS="579"
                    VPOS="2844"
                    WIDTH="2116"
                    HEIGHT="103"
                    WC="0.9381221545779187"></String>
          </TextLine>
          <TextLine ID="eSc_line_ee2a9728"
                    TAGREFS="LT31"
                    BASELINE="579 2980 2645 2966" 
                    HPOS="576"
                    VPOS="2927"
                    WIDTH="2069"
                    HEIGHT="92">
            <Shape><Polygon POINTS="579 2980 579 3002 626 3019 628 3019 631 3019 725 3002 731 3002 742 3002 955 3019 958 3019 961 3019 1019 3002 1091 3016 1094 3016 1097 3016 1099 3016 1119 2999 1122 2999 1130 2999 1310 3016 1313 3016 1316 3016 1318 3016 1346 2999 1504 3013 1507 3013 1509 3013 1559 2997 1562 2997 1582 2997 1811 3008 1814 3008 1900 2994 1908 2994 1911 2994 1953 3010 1956 3010 1958 3010 1961 3010 2014 2997 2108 3010 2111 3010 2382 2997 2524 3008 2526 3008 2643 2988 2645 2966 2637 2927 576 2938 579 2980"/></Shape>
	    <String CONTENT="ce qu&#x27;ils regrutteit c&#x27;est l&#x27;intelligenté politique écamanique qui a"
                    HPOS="576"
                    VPOS="2927"
                    WIDTH="2069"
                    HEIGHT="92"
                    WC="0.9671968423268374"></String>
          </TextLine>
          <TextLine ID="eSc_line_1cf8693a"
                    TAGREFS="LT31"
                    BASELINE="570 3052 2690 3044" 
                    HPOS="567"
                    VPOS="2994"
                    WIDTH="2123"
                    HEIGHT="91">
            <Shape><Polygon POINTS="570 3052 570 3085 1274 3085 1274 3083 1288 3083 1399 3069 1800 3080 1814 3080 1817 3080 1823 3080 1986 3066 2684 3077 2690 3044 2684 3008 2083 2994 2080 2994 1942 3008 1908 3010 1836 3008 1545 2997 1543 2997 1540 2997 1537 2997 1518 3010 1512 3013 1321 3013 1316 3010 1274 2997 1271 2997 1268 2997 1166 3010 1138 3013 1127 3010 1091 2999 1088 2999 1086 2999 567 3010 570 3052"/></Shape>
	    <String CONTENT="soutenn et développé les manufontuses, ouvect des débosechés nouveaux"
                    HPOS="567"
                    VPOS="2994"
                    WIDTH="2123"
                    HEIGHT="91"
                    WC="0.987608758435733"></String>
          </TextLine>
          <TextLine ID="eSc_line_2415c6e3"
                    TAGREFS="LT31"
                    BASELINE="570 3130 2706 3121" 
                    HPOS="567"
                    VPOS="3066"
                    WIDTH="2139"
                    HEIGHT="97">
            <Shape><Polygon POINTS="570 3130 573 3163 603 3149 2701 3152 2706 3121 2701 3085 2504 3069 2501 3069 2255 3083 2100 3066 2097 3066 2094 3066 2039 3083 1997 3066 1994 3066 1992 3066 1989 3066 1944 3085 1881 3071 1878 3071 1875 3071 1831 3085 1811 3069 1809 3069 1806 3069 1803 3069 1800 3069 1759 3085 1684 3069 1681 3069 1678 3069 1618 3085 1562 3069 1559 3069 1285 3069 1282 3069 1280 3069 1277 3069 1249 3085 1221 3071 1219 3071 1019 3071 1016 3071 1014 3071 1011 3071 983 3091 567 3091 570 3130"/></Shape>
	    <String CONTENT="au commerce, fondé la sociélé ginérale, restauré la prospérité d&#x27;Au¬"
                    HPOS="567"
                    VPOS="3066"
                    WIDTH="2139"
                    HEIGHT="97"
                    WC="0.993371101863244"></String>
          </TextLine>
          <TextLine ID="eSc_line_3ced7a1a"
                    TAGREFS="LT31"
                    BASELINE="579 3202 2701 3207" 
                    HPOS="576"
                    VPOS="3141"
                    WIDTH="2125"
                    HEIGHT="108">
            <Shape><Polygon POINTS="576 3221 703 3243 706 3243 833 3227 894 3243 897 3243 900 3246 1105 3246 1105 3243 1108 3243 1111 3243 1133 3227 1388 3227 1404 3227 1490 3243 1493 3243 1770 3229 1820 3246 1823 3246 1825 3249 2108 3249 2108 3246 2111 3246 2113 3246 2136 3229 2152 3229 2355 3229 2357 3229 2382 3246 2385 3246 2388 3246 2391 3246 2393 3246 2435 3229 2438 3229 2579 3229 2584 3229 2651 3246 2654 3246 2657 3246 2659 3246 2698 3229 2701 3207 2701 3166 2643 3146 2640 3146 2637 3146 2546 3160 2451 3146 2449 3146 2446 3146 2415 3160 2410 3166 2288 3166 2269 3160 2210 3146 2208 3146 2205 3146 2202 3146 2186 3160 2177 3166 1853 3166 1798 3155 1748 3146 1745 3146 1706 3152 1651 3163 1573 3152 1515 3143 1512 3143 1440 3149 1335 3160 1268 3149 1241 3143 1238 3143 1216 3146 1160 3160 1122 3146 1113 3143 1111 3143 1108 3143 1105 3143 1097 3146 1055 3160 1025 3146 1019 3143 1016 3143 1014 3143 994 3143 883 3157 700 3143 698 3143 695 3143 653 3160 581 3141 579 3202 576 3221"/></Shape>
	    <String CONTENT="vus. &lt;...&gt; Ils ont en horseur la révelution quepus qui a mèsfin à l&#x27;es¬"
                    HPOS="576"
                    VPOS="3141"
                    WIDTH="2125"
                    HEIGHT="108"
                    WC="0.9779058876964781"></String>
          </TextLine>
          <TextLine ID="eSc_line_28ca98b3"
                    TAGREFS="LT34"
                    BASELINE="982 3175 1038 3182" 
                    HPOS="982"
                    VPOS="3175"
                    WIDTH="56"
                    HEIGHT="7">
	    <String CONTENT=""
                    HPOS="982"
                    VPOS="3175"
                    WIDTH="56"
                    HEIGHT="7"></String>
          </TextLine>
        </TextBlock>
      </PrintSpace>
    </Page>
  </Layout>
</alto>
