<?xml version="1.0" encoding="UTF-8"?>
<alto xmlns:xsi="http://www.w3.org/2001/XMLSchema-instance"
      xmlns="http://www.loc.gov/standards/alto/ns-v4#"
      xsi:schemaLocation="http://www.loc.gov/standards/alto/ns-v4# http://www.loc.gov/standards/alto/v4/alto-4-2.xsd">
  <Description>
    <MeasurementUnit>pixel</MeasurementUnit>
    <sourceImageInformation>
      <fileName>ARCH-DIV-000496_0311.png</fileName>
    </sourceImageInformation>
  </Description>
  <Tags>
    <OtherTag ID="BT42" LABEL="MainZone" DESCRIPTION="block type MainZone"/><OtherTag ID="BT43" LABEL="MarginTextZone" DESCRIPTION="block type MarginTextZone"/><OtherTag ID="BT44" LABEL="NumberingZone" DESCRIPTION="block type NumberingZone"/><OtherTag ID="BT45" LABEL="TitlePageZone" DESCRIPTION="block type TitlePageZone"/><OtherTag ID="BT46" LABEL="CustomZone:Numbering" DESCRIPTION="block type CustomZone:Numbering"/><OtherTag ID="BT49" LABEL="MarginTextZone:lower" DESCRIPTION="block type MarginTextZone:lower"/>
    <OtherTag ID="LT25" LABEL="default" DESCRIPTION="line type default"/><OtherTag ID="LT31" LABEL="DefaultLine" DESCRIPTION="line type DefaultLine"/><OtherTag ID="LT32" LABEL="HeadingLine" DESCRIPTION="line type HeadingLine"/><OtherTag ID="LT33" LABEL="InterlinearLine:addition" DESCRIPTION="line type InterlinearLine:addition"/><OtherTag ID="LT34" LABEL="InterlinearLine:correction" DESCRIPTION="line type InterlinearLine:correction"/>
  </Tags>
  <Layout>
    <Page WIDTH="2790"
          HEIGHT="3324"
          PHYSICAL_IMG_NR="310"
          ID="eSc_dummypage_">
      <PrintSpace HPOS="0"
                  VPOS="0"
                  WIDTH="2790"
                  HEIGHT="3324">
        <TextBlock HPOS="172"
                   VPOS="7"
                   WIDTH="274"
                   HEIGHT="162"
                   ID="8cdba897-88d7-47dd-a22a-df1455d88c5e"
                   TAGREFS="BT44">
          <Shape><Polygon POINTS="446 7 446 169 172 169 172 7"/></Shape>
          <TextLine ID="eSc_line_c31ba6e5"
                    TAGREFS="LT31"
                    BASELINE="221 96 396 80" 
                    HPOS="218"
                    VPOS="27"
                    WIDTH="183"
                    HEIGHT="139">
            <Shape><Polygon POINTS="329 72 299 60 274 49 227 60 218 80 221 96 224 149 307 166 310 166 313 166 401 141 396 80 387 27 338 36 329 72"/></Shape>
	    <String CONTENT=""
                    HPOS="218"
                    VPOS="27"
                    WIDTH="183"
                    HEIGHT="139"></String>
          </TextLine>
        </TextBlock>
        <TextBlock HPOS="384"
                   VPOS="1"
                   WIDTH="2309"
                   HEIGHT="3324"
                   ID="8d39d020-0972-4a4b-9a1c-24a6e79f9794"
                   TAGREFS="BT42">
          <Shape><Polygon POINTS="2693 1 2693 3321 384 3325 446 1"/></Shape>
          <TextLine ID="eSc_line_2d7112d6"
                    TAGREFS="LT31"
                    BASELINE="592 66 1856 63 2673 85" 
                    HPOS="590"
                    VPOS="11"
                    WIDTH="2083"
                    HEIGHT="102">
            <Shape><Polygon POINTS="2668 47 2640 41 2612 41 2584 41 2557 41 2529 41 2501 41 2474 38 2446 38 2418 38 2391 38 2363 38 2335 38 2307 36 2280 36 2252 36 2224 36 2197 36 2169 36 2141 33 2113 33 2086 33 2058 33 2050 33 2030 33 2003 33 1975 30 1947 30 1931 30 1920 30 1892 30 1864 30 1836 30 1820 27 1814 30 1784 27 1781 27 1753 27 1726 27 1698 27 1670 27 1642 24 1615 24 1587 24 1559 24 1532 24 1504 24 1490 24 1454 27 1432 27 1429 27 1415 22 1393 22 1365 22 1338 22 1310 22 1282 19 1255 19 1227 19 1199 19 1171 19 1169 19 1025 24 1011 24 1008 24 983 16 978 16 950 13 936 13 919 22 703 11 700 11 673 11 645 11 628 11 592 22 592 66 590 80 767 99 770 99 886 85 919 83 1055 88 1255 96 1257 96 1293 91 1332 85 1352 94 1385 105 1388 105 1390 105 1393 105 1437 94 1460 88 1487 94 1526 105 1529 105 1532 105 1612 96 1687 88 1715 96 1737 105 1739 105 1742 105 1745 105 1759 99 1784 88 1931 88 1958 102 1975 108 1978 108 1980 108 2089 102 2238 96 2258 105 2263 110 2266 110 2269 110 2271 113 2670 113 2673 85 2670 47 2668 47"/></Shape>
	    <String CONTENT=""
                    HPOS="590"
                    VPOS="11"
                    WIDTH="2083"
                    HEIGHT="102"></String>
          </TextLine>
          <TextLine ID="eSc_line_73d06476"
                    TAGREFS="LT31"
                    BASELINE="581 127 1230 121 2690 138" 
                    HPOS="579"
                    VPOS="72"
                    WIDTH="2111"
                    HEIGHT="85">
            <Shape><Polygon POINTS="581 127 579 149 2684 157 2690 138 2687 102 2094 85 2091 85 2019 96 2011 96 2008 96 1994 83 1992 83 1989 83 1986 83 1795 94 1775 94 1764 94 1651 80 1648 80 1404 91 1376 91 1371 91 1318 77 1316 77 1313 77 1019 88 980 88 975 88 939 74 936 74 933 74 689 85 662 85 659 85 631 72 628 72 626 72 623 72 581 83 581 127"/></Shape>
	    <String CONTENT=""
                    HPOS="579"
                    VPOS="72"
                    WIDTH="2111"
                    HEIGHT="85"></String>
          </TextLine>
          <TextLine ID="eSc_line_fe7611cc"
                    TAGREFS="LT31"
                    BASELINE="579 188 2673 193" 
                    HPOS="576"
                    VPOS="144"
                    WIDTH="2097"
                    HEIGHT="77">
            <Shape><Polygon POINTS="579 188 576 218 2668 221 2673 193 2670 149 579 144 579 188"/></Shape>
	    <String CONTENT=""
                    HPOS="576"
                    VPOS="144"
                    WIDTH="2097"
                    HEIGHT="77"></String>
          </TextLine>
          <TextLine ID="eSc_line_18384247"
                    TAGREFS="LT31"
                    BASELINE="567 254 2141 243 2712 252" 
                    HPOS="565"
                    VPOS="196"
                    WIDTH="2147"
                    HEIGHT="92">
            <Shape><Polygon POINTS="567 254 567 288 2158 288 2158 285 2194 285 2457 271 2709 282 2712 252 2709 210 2488 196 2485 196 2357 210 2346 210 2313 210 1956 199 1953 199 1803 213 1781 213 1712 213 1191 202 1188 202 1185 202 1135 216 1127 218 565 218 567 254"/></Shape>
	    <String CONTENT=""
                    HPOS="565"
                    VPOS="196"
                    WIDTH="2147"
                    HEIGHT="92"></String>
          </TextLine>
          <TextLine ID="eSc_line_d30d1094"
                    TAGREFS="LT31"
                    BASELINE="556 324 986 310 2668 301" 
                    HPOS="554"
                    VPOS="263"
                    WIDTH="2114"
                    HEIGHT="77">
            <Shape><Polygon POINTS="556 324 556 340 2668 329 2668 301 2662 265 975 263 972 263 554 279 556 324"/></Shape>
	    <String CONTENT=""
                    HPOS="554"
                    VPOS="263"
                    WIDTH="2114"
                    HEIGHT="77"></String>
          </TextLine>
          <TextLine ID="eSc_line_f22a10bb"
                    TAGREFS="LT31"
                    BASELINE="562 387 2634 360" 
                    HPOS="559"
                    VPOS="324"
                    WIDTH="2075"
                    HEIGHT="85">
            <Shape><Polygon POINTS="562 387 562 409 2632 387 2634 360 2629 324 1598 324 1595 324 1509 337 1390 326 1388 326 1141 343 1138 343 1135 343 975 332 972 332 559 351 562 387"/></Shape>
	    <String CONTENT=""
                    HPOS="559"
                    VPOS="324"
                    WIDTH="2075"
                    HEIGHT="85"></String>
          </TextLine>
          <TextLine ID="eSc_line_1fae18d5"
                    TAGREFS="LT31"
                    BASELINE="559 454 2662 434" 
                    HPOS="556"
                    VPOS="387"
                    WIDTH="2106"
                    HEIGHT="103">
            <Shape><Polygon POINTS="559 454 559 490 653 473 1069 484 1091 484 1094 484 1099 484 1191 470 1831 476 1950 476 1953 476 1972 473 2077 459 2657 465 2662 434 2657 401 2454 387 2451 387 2305 401 2296 401 2285 401 2094 390 2091 390 2089 390 2055 404 2050 404 2022 404 1872 393 1870 393 1756 404 1726 407 1678 404 1515 396 1512 396 1509 396 1468 407 1449 412 556 412 559 454"/></Shape>
	    <String CONTENT=""
                    HPOS="556"
                    VPOS="387"
                    WIDTH="2106"
                    HEIGHT="103"></String>
          </TextLine>
          <TextLine ID="eSc_line_429a1fc4"
                    TAGREFS="LT31"
                    BASELINE="556 523 2654 498" 
                    HPOS="554"
                    VPOS="462"
                    WIDTH="2100"
                    HEIGHT="86">
            <Shape><Polygon POINTS="556 523 556 548 1648 548 1648 545 1676 540 1723 531 1881 540 1950 542 1953 542 1975 540 2030 529 2152 537 2183 540 2186 540 2188 540 2191 540 2191 537 2213 526 2327 537 2335 537 2338 537 2343 537 2421 523 2648 534 2654 498 2645 462 554 476 556 523"/></Shape>
	    <String CONTENT=""
                    HPOS="554"
                    VPOS="462"
                    WIDTH="2100"
                    HEIGHT="86"></String>
          </TextLine>
          <TextLine ID="eSc_line_20fbe47d"
                    TAGREFS="LT31"
                    BASELINE="554 592 2648 556" 
                    HPOS="551"
                    VPOS="512"
                    WIDTH="2097"
                    HEIGHT="105">
            <Shape><Polygon POINTS="554 592 554 617 2645 581 2648 556 2640 512 551 554 554 592"/></Shape>
	    <String CONTENT=""
                    HPOS="551"
                    VPOS="512"
                    WIDTH="2097"
                    HEIGHT="105"></String>
          </TextLine>
          <TextLine ID="eSc_line_5bed986f"
                    TAGREFS="LT31"
                    BASELINE="551 659 2662 614" 
                    HPOS="548"
                    VPOS="565"
                    WIDTH="2114"
                    HEIGHT="127">
            <Shape><Polygon POINTS="551 659 551 692 825 675 983 684 1038 686 1041 686 1044 686 1052 684 1077 670 1185 681 1205 681 1207 681 1227 678 1307 667 1321 678 1327 681 1329 681 1332 681 1335 681 1374 675 1471 662 1529 673 1545 675 1548 675 1551 675 1562 673 1609 659 1784 667 1847 670 1850 670 1853 670 1856 670 1861 667 1878 653 1933 664 1953 667 1956 667 2014 662 2174 648 2233 659 2258 662 2260 662 2662 648 2662 614 2654 565 2518 581 1997 578 1994 578 1728 598 1601 587 1598 587 1329 606 681 606 678 606 676 606 673 606 656 620 548 609 551 659"/></Shape>
	    <String CONTENT=""
                    HPOS="548"
                    VPOS="565"
                    WIDTH="2114"
                    HEIGHT="127"></String>
          </TextLine>
          <TextLine ID="eSc_line_8ffe86e2"
                    TAGREFS="LT31"
                    BASELINE="540 728 2440 686 2648 692" 
                    HPOS="537"
                    VPOS="642"
                    WIDTH="2111"
                    HEIGHT="119">
            <Shape><Polygon POINTS="540 728 540 761 2648 714 2648 692 2645 645 2119 642 2116 642 1867 659 1828 662 1814 662 1726 650 1723 650 1590 664 1568 667 1551 667 1443 656 1440 656 537 686 540 728"/></Shape>
	    <String CONTENT=""
                    HPOS="537"
                    VPOS="642"
                    WIDTH="2111"
                    HEIGHT="119"></String>
          </TextLine>
          <TextLine ID="eSc_line_d895db0b"
                    TAGREFS="LT31"
                    BASELINE="543 800 2166 761 2657 761" 
                    HPOS="540"
                    VPOS="703"
                    WIDTH="2117"
                    HEIGHT="130">
            <Shape><Polygon POINTS="543 800 543 833 1321 806 1640 811 1676 811 1678 811 1681 811 1684 811 1731 797 1781 808 1784 808 1787 808 1798 808 1939 792 2047 803 2055 803 2058 803 2061 803 2064 803 2083 786 2313 783 2654 789 2657 761 2651 703 2560 717 2258 711 2186 711 2183 711 2152 714 2041 728 1967 720 1944 717 1942 717 1939 717 1933 720 1908 734 540 753 543 800"/></Shape>
	    <String CONTENT=""
                    HPOS="540"
                    VPOS="703"
                    WIDTH="2117"
                    HEIGHT="130"></String>
          </TextLine>
          <TextLine ID="eSc_line_2f5e5dca"
                    TAGREFS="LT31"
                    BASELINE="543 869 2659 822" 
                    HPOS="540"
                    VPOS="778"
                    WIDTH="2119"
                    HEIGHT="111">
            <Shape><Polygon POINTS="543 869 543 889 2659 853 2659 822 2654 786 2291 778 2288 778 2161 794 2155 794 2147 794 1911 786 1908 786 1906 786 1903 786 1884 800 1787 789 1784 789 1781 789 1778 789 1778 792 1764 803 1695 792 1692 792 1690 792 1659 806 1656 806 1629 806 1321 800 1318 800 540 828 543 869"/></Shape>
	    <String CONTENT=""
                    HPOS="540"
                    VPOS="778"
                    WIDTH="2119"
                    HEIGHT="111"></String>
          </TextLine>
          <TextLine ID="eSc_line_8b9226dd"
                    TAGREFS="LT31"
                    BASELINE="540 936 2662 891" 
                    HPOS="537"
                    VPOS="842"
                    WIDTH="2125"
                    HEIGHT="124">
            <Shape><Polygon POINTS="540 936 540 966 2662 922 2662 891 2654 842 1983 869 1953 853 1950 853 1947 853 1944 853 1936 853 1867 869 1784 858 1781 858 1778 858 1775 858 1756 875 1584 878 1363 864 1340 864 1338 864 1321 864 1171 886 953 872 939 872 936 872 933 872 894 891 811 875 809 875 806 875 797 875 609 894 537 880 540 936"/></Shape>
	    <String CONTENT=""
                    HPOS="537"
                    VPOS="842"
                    WIDTH="2125"
                    HEIGHT="124"></String>
          </TextLine>
          <TextLine ID="eSc_line_4a007e1f"
                    TAGREFS="LT31"
                    BASELINE="534 999 2632 955" 
                    HPOS="531"
                    VPOS="903"
                    WIDTH="2101"
                    HEIGHT="113">
            <Shape><Polygon POINTS="534 999 534 1016 2632 972 2632 955 2620 903 2571 916 2496 905 2490 905 2488 905 2485 905 2482 905 2463 919 2385 908 2374 908 2371 908 2355 908 2219 925 2050 916 2003 916 2000 916 1997 916 1989 919 1958 930 1654 927 1443 927 1440 927 1437 927 1421 936 1404 941 1213 941 919 939 917 939 531 958 534 999"/></Shape>
	    <String CONTENT=""
                    HPOS="531"
                    VPOS="903"
                    WIDTH="2101"
                    HEIGHT="113"></String>
          </TextLine>
          <TextLine ID="eSc_line_9f40eb4b"
                    TAGREFS="LT34"
                    BASELINE="795 1023 1124 1031" 
                    HPOS="795"
                    VPOS="1023"
                    WIDTH="329"
                    HEIGHT="8">
	    <String CONTENT=""
                    HPOS="795"
                    VPOS="1023"
                    WIDTH="329"
                    HEIGHT="8"></String>
          </TextLine>
          <TextLine ID="eSc_line_8dd97ec6"
                    TAGREFS="LT31"
                    BASELINE="548 1077 1872 1030 2648 1024" 
                    HPOS="545"
                    VPOS="972"
                    WIDTH="2103"
                    HEIGHT="130">
            <Shape><Polygon POINTS="548 1077 548 1102 1401 1088 1404 1088 1407 1088 1424 1074 1429 1071 1451 1074 1507 1083 1509 1083 1512 1083 1515 1083 1529 1071 1534 1069 1554 1071 1620 1083 1623 1083 1953 1058 2014 1055 2028 1055 2094 1069 2097 1069 2197 1049 2210 1049 2252 1049 2598 1055 2601 1055 2604 1055 2648 1035 2648 1024 2643 980 2230 977 2227 977 2144 991 2119 972 2116 972 2113 972 2111 972 2108 972 2039 988 1975 975 1972 975 1969 975 1903 997 1667 983 1665 983 1662 983 1659 983 1637 1002 1471 1011 1343 991 1340 991 1338 991 1227 1019 1122 999 1119 999 936 1002 933 1002 836 1033 778 1033 748 1011 745 1011 742 1011 739 1011 736 1011 698 1027 576 1019 573 1019 570 1019 567 1019 545 1033 548 1077"/></Shape>
	    <String CONTENT=""
                    HPOS="545"
                    VPOS="972"
                    WIDTH="2103"
                    HEIGHT="130"></String>
          </TextLine>
          <TextLine ID="eSc_line_ba7efe5e"
                    TAGREFS="LT31"
                    BASELINE="543 1146 2598 1088" 
                    HPOS="540"
                    VPOS="1041"
                    WIDTH="2058"
                    HEIGHT="139">
            <Shape><Polygon POINTS="543 1146 548 1180 570 1166 664 1177 684 1177 687 1177 720 1174 858 1157 908 1168 928 1171 930 1171 933 1171 936 1171 936 1168 939 1166 953 1155 1257 1157 1418 1157 1421 1157 1534 1149 1717 1132 1820 1138 1895 1144 1897 1144 1992 1141 1994 1141 1997 1141 2005 1132 2019 1124 2061 1132 2102 1138 2105 1138 2213 1127 2316 1116 2341 1121 2363 1130 2366 1130 2368 1130 2598 1113 2598 1088 2593 1052 2465 1041 2463 1041 2460 1041 2435 1055 2415 1041 2413 1041 2410 1041 2407 1041 2404 1041 2371 1058 2368 1058 2357 1058 2246 1047 2244 1047 2241 1047 2199 1063 2194 1063 2177 1063 2075 1052 2072 1052 2005 1069 1994 1069 1989 1069 1928 1055 1925 1055 1922 1055 1920 1055 1900 1071 1895 1071 1875 1071 1723 1060 1720 1060 1717 1060 1715 1060 1692 1077 1690 1077 1687 1077 1654 1063 1651 1063 1648 1063 1343 1085 1302 1088 1293 1088 1232 1074 1230 1074 1227 1074 1224 1074 1205 1091 1202 1094 1122 1094 1094 1094 930 1083 928 1083 540 1108 543 1146"/></Shape>
	    <String CONTENT=""
                    HPOS="540"
                    VPOS="1041"
                    WIDTH="2058"
                    HEIGHT="139"></String>
          </TextLine>
          <TextLine ID="eSc_line_8b9f4ef1"
                    TAGREFS="LT31"
                    BASELINE="543 1210 2368 1166 2637 1171" 
                    HPOS="540"
                    VPOS="1121"
                    WIDTH="2097"
                    HEIGHT="119">
            <Shape><Polygon POINTS="543 1210 543 1229 775 1240 778 1240 883 1227 903 1221 2637 1196 2637 1171 2634 1127 2086 1121 2083 1121 1964 1138 1942 1141 1895 1141 1659 1132 1656 1132 1593 1146 1573 1149 1559 1146 1501 1135 1498 1135 1404 1149 1368 1155 1318 1152 1213 1144 1210 1144 1083 1157 1014 1163 972 1157 897 1149 894 1149 892 1149 889 1149 875 1160 864 1168 540 1168 543 1210"/></Shape>
	    <String CONTENT=""
                    HPOS="540"
                    VPOS="1121"
                    WIDTH="2097"
                    HEIGHT="119"></String>
          </TextLine>
          <TextLine ID="eSc_line_04f73c63"
                    TAGREFS="LT31"
                    BASELINE="543 1282 2623 1232" 
                    HPOS="540"
                    VPOS="1180"
                    WIDTH="2083"
                    HEIGHT="138">
            <Shape><Polygon POINTS="543 1282 543 1318 664 1301 748 1312 753 1312 756 1312 989 1304 1931 1271 2053 1271 2388 1274 2391 1274 2623 1252 2623 1232 2612 1180 2582 1193 2327 1185 2274 1185 2271 1185 2269 1185 2260 1188 2208 1202 1931 1196 1928 1196 1764 1213 1748 1199 1745 1199 1742 1199 1739 1199 1737 1199 1690 1216 1609 1204 1606 1204 1451 1221 1274 1210 1235 1207 1232 1207 1210 1210 1113 1232 1036 1232 1011 1216 1008 1213 1005 1213 1002 1213 1000 1213 775 1218 772 1218 770 1218 767 1221 736 1238 540 1227 543 1282"/></Shape>
	    <String CONTENT=""
                    HPOS="540"
                    VPOS="1180"
                    WIDTH="2083"
                    HEIGHT="138"></String>
          </TextLine>
          <TextLine ID="eSc_line_3f1f5760"
                    TAGREFS="LT34"
                    BASELINE="824 1237 985 1235" 
                    HPOS="824"
                    VPOS="1235"
                    WIDTH="161"
                    HEIGHT="2">
	    <String CONTENT=""
                    HPOS="824"
                    VPOS="1235"
                    WIDTH="161"
                    HEIGHT="2"></String>
          </TextLine>
          <TextLine ID="eSc_line_25087f96"
                    TAGREFS="LT31"
                    BASELINE="531 1351 1678 1318 2648 1307" 
                    HPOS="529"
                    VPOS="1257"
                    WIDTH="2119"
                    HEIGHT="122">
            <Shape><Polygon POINTS="531 1351 531 1379 2645 1337 2648 1307 2643 1268 2432 1257 2429 1257 2427 1257 2424 1257 2407 1271 2385 1271 1795 1271 1792 1271 1648 1288 1637 1288 1623 1288 1413 1279 1410 1279 1407 1279 1404 1279 1388 1293 1385 1293 1368 1293 1166 1285 1163 1285 529 1310 531 1351"/></Shape>
	    <String CONTENT=""
                    HPOS="529"
                    VPOS="1257"
                    WIDTH="2119"
                    HEIGHT="122"></String>
          </TextLine>
          <TextLine ID="eSc_line_e50a584f"
                    TAGREFS="LT31"
                    BASELINE="520 1412 2003 1382 2601 1382" 
                    HPOS="518"
                    VPOS="1326"
                    WIDTH="2083"
                    HEIGHT="106">
            <Shape><Polygon POINTS="520 1412 520 1432 2598 1409 2601 1382 2596 1326 518 1371 520 1412"/></Shape>
	    <String CONTENT=""
                    HPOS="518"
                    VPOS="1326"
                    WIDTH="2083"
                    HEIGHT="106"></String>
          </TextLine>
          <TextLine ID="eSc_line_7b997035"
                    TAGREFS="LT31"
                    BASELINE="631 1498 2391 1458" 
                    HPOS="628"
                    VPOS="1415"
                    WIDTH="1635"
                    HEIGHT="119">
            <Shape><Polygon POINTS="631 1520 736 1534 739 1534 889 1517 1424 1517 1426 1517 1429 1517 1460 1504 1559 1515 1562 1515 1565 1515 1568 1515 1590 1501 2025 1504 2028 1504 2030 1504 2033 1504 2055 1487 2263 1481 2263 1459 2258 1421 1920 1415 1917 1415 1914 1415 1911 1415 1895 1426 1884 1432 1859 1426 1825 1418 1823 1418 1820 1418 1726 1429 1642 1437 1540 1432 1446 1426 1443 1426 1440 1426 1415 1434 1382 1443 1185 1437 1141 1437 1138 1437 1099 1440 850 1457 628 1448 631 1498"/></Shape>
	    <String CONTENT=""
                    HPOS="628"
                    VPOS="1415"
                    WIDTH="1635"
                    HEIGHT="119"></String>
          </TextLine>
          <TextLine ID="eSc_line_3480b807"
                    TAGREFS="LT34"
                    BASELINE="2243 1489 2367 1489" 
                    HPOS="2243"
                    VPOS="1489"
                    WIDTH="124"
                    HEIGHT="0">
	    <String CONTENT=""
                    HPOS="2243"
                    VPOS="1489"
                    WIDTH="124"
                    HEIGHT="0"></String>
          </TextLine>
          <TextLine ID="eSc_line_dafed17c"
                    TAGREFS="LT31"
                    BASELINE="584 1562 1343 1551 2593 1506" 
                    HPOS="581"
                    VPOS="1443"
                    WIDTH="2015"
                    HEIGHT="158">
            <Shape><Polygon POINTS="584 1589 700 1601 703 1601 856 1584 905 1598 908 1598 911 1598 914 1598 955 1581 1058 1595 1061 1595 1063 1595 1127 1576 1219 1589 1221 1589 1224 1589 1227 1589 1252 1573 1343 1584 1346 1584 1349 1584 1352 1584 1368 1567 1529 1562 1654 1556 1659 1556 1712 1570 1715 1570 1717 1570 1853 1553 1939 1565 1942 1565 1944 1565 1978 1551 2100 1559 2102 1559 2596 1526 2596 1498 2587 1462 2546 1465 2540 1462 2515 1443 2512 1443 2510 1443 2507 1443 2504 1443 2501 1443 2479 1457 2338 1448 2335 1448 2224 1470 2158 1481 2061 1473 2047 1473 2044 1473 2022 1473 1847 1490 1831 1479 1828 1476 1825 1476 1823 1476 1820 1476 1798 1479 1720 1495 1629 1484 1606 1481 1604 1481 1601 1481 1598 1481 1595 1484 1570 1501 1385 1493 1382 1493 1379 1493 1376 1493 1357 1509 1155 1504 1152 1504 1149 1504 1147 1504 1147 1506 1133 1517 1016 1501 1014 1501 1011 1501 966 1523 911 1509 908 1509 905 1509 806 1523 784 1509 781 1509 778 1509 581 1509 584 1562"/></Shape>
	    <String CONTENT=""
                    HPOS="581"
                    VPOS="1443"
                    WIDTH="2015"
                    HEIGHT="158"></String>
          </TextLine>
          <TextLine ID="eSc_line_5db56921"
                    TAGREFS="LT31"
                    BASELINE="520 1628 1246 1619 1246 1619 2615 1581" 
                    HPOS="518"
                    VPOS="1542"
                    WIDTH="2097"
                    HEIGHT="125">
            <Shape><Polygon POINTS="520 1667 645 1648 753 1662 761 1662 764 1662 767 1662 770 1662 820 1648 1058 1653 1127 1653 1130 1653 2612 1606 2615 1581 2607 1542 518 1581 520 1628"/></Shape>
	    <String CONTENT=""
                    HPOS="518"
                    VPOS="1542"
                    WIDTH="2097"
                    HEIGHT="125"></String>
          </TextLine>
          <TextLine ID="eSc_line_5a83deb5"
                    TAGREFS="LT34"
                    BASELINE="1415 1585 1718 1575" 
                    HPOS="1415"
                    VPOS="1575"
                    WIDTH="303"
                    HEIGHT="10">
	    <String CONTENT=""
                    HPOS="1415"
                    VPOS="1575"
                    WIDTH="303"
                    HEIGHT="10"></String>
          </TextLine>
          <TextLine ID="eSc_line_daea86d8"
                    TAGREFS="LT31"
                    BASELINE="512 1692 2590 1650" 
                    HPOS="509"
                    VPOS="1614"
                    WIDTH="2081"
                    HEIGHT="106">
            <Shape><Polygon POINTS="512 1692 512 1720 2587 1684 2590 1650 2582 1614 509 1650 512 1692"/></Shape>
	    <String CONTENT=""
                    HPOS="509"
                    VPOS="1614"
                    WIDTH="2081"
                    HEIGHT="106"></String>
          </TextLine>
          <TextLine ID="eSc_line_a57f70aa"
                    TAGREFS="LT31"
                    BASELINE="504 1758 2612 1720" 
                    HPOS="501"
                    VPOS="1681"
                    WIDTH="2111"
                    HEIGHT="113">
            <Shape><Polygon POINTS="504 1758 504 1778 651 1794 653 1794 861 1775 908 1789 911 1789 914 1789 917 1789 958 1772 961 1772 986 1772 1246 1783 1249 1783 1390 1767 1437 1761 1471 1764 1554 1778 1557 1778 1559 1778 1562 1778 1582 1764 1587 1758 1612 1764 1673 1775 1676 1775 1678 1775 1681 1775 1701 1761 1709 1756 1731 1761 1775 1772 1778 1772 1781 1772 1920 1758 2008 1750 2072 1756 2147 1764 2149 1767 2291 1767 2291 1764 2294 1764 2338 1753 2368 1745 2388 1753 2410 1761 2413 1761 2415 1761 2418 1761 2457 1750 2493 1742 2607 1747 2612 1720 2607 1684 2003 1681 2000 1681 1836 1692 1695 1700 1620 1695 1562 1689 1559 1689 1557 1689 1554 1689 1545 1695 1532 1703 1451 1695 1399 1692 1396 1692 1346 1698 1246 1709 1144 1700 1111 1698 1108 1698 1105 1698 1102 1698 1099 1700 1086 1711 900 1703 886 1703 883 1703 869 1703 634 1720 501 1709 504 1758"/></Shape>
	    <String CONTENT=""
                    HPOS="501"
                    VPOS="1681"
                    WIDTH="2111"
                    HEIGHT="113"></String>
          </TextLine>
          <TextLine ID="eSc_line_0defb7b2"
                    TAGREFS="LT31"
                    BASELINE="501 1822 2634 1789" 
                    HPOS="498"
                    VPOS="1747"
                    WIDTH="2136"
                    HEIGHT="108">
            <Shape><Polygon POINTS="501 1822 501 1844 1030 1855 1033 1855 1244 1836 1266 1836 1271 1836 1316 1850 1318 1850 1321 1850 1413 1836 1415 1836 1421 1836 1676 1844 1678 1844 1737 1830 1756 1828 1845 1830 2097 1839 2100 1839 2158 1825 2180 1822 2632 1822 2634 1789 2626 1747 498 1783 501 1822"/></Shape>
	    <String CONTENT=""
                    HPOS="498"
                    VPOS="1747"
                    WIDTH="2136"
                    HEIGHT="108"></String>
          </TextLine>
          <TextLine ID="eSc_line_88e622fe"
                    TAGREFS="LT31"
                    BASELINE="509 1894 1392 1884 1393 1884 2618 1847" 
                    HPOS="507"
                    VPOS="1814"
                    WIDTH="2111"
                    HEIGHT="119">
            <Shape><Polygon POINTS="509 1933 637 1916 1008 1919 1122 1919 1124 1919 1127 1919 1144 1916 1185 1902 1559 1902 1983 1900 2618 1869 2618 1847 2609 1814 507 1844 509 1894"/></Shape>
	    <String CONTENT=""
                    HPOS="507"
                    VPOS="1814"
                    WIDTH="2111"
                    HEIGHT="119"></String>
          </TextLine>
          <TextLine ID="eSc_line_fdbb4101"
                    TAGREFS="LT31"
                    BASELINE="498 1972 2626 1925" 
                    HPOS="495"
                    VPOS="1878"
                    WIDTH="2131"
                    HEIGHT="124">
            <Shape><Polygon POINTS="498 1972 498 2002 2626 1955 2626 1925 2618 1889 2302 1891 2280 1878 2277 1878 2274 1878 2271 1878 2269 1878 2266 1878 2244 1894 2241 1897 2108 1900 2050 1900 1875 1891 1872 1891 1870 1891 1825 1902 1814 1905 1809 1902 1787 1889 1784 1889 1781 1889 1778 1889 1701 1905 1684 1908 1670 1905 1615 1891 1612 1891 1609 1891 1606 1891 1565 1908 1557 1911 1523 1908 1396 1897 1393 1897 1116 1916 1105 1916 1099 1916 1019 1905 1016 1905 1014 1905 1011 1905 991 1919 983 1925 958 1919 900 1908 897 1908 759 1911 756 1911 753 1911 736 1925 728 1930 678 1925 587 1916 584 1916 495 1927 498 1972"/></Shape>
	    <String CONTENT=""
                    HPOS="495"
                    VPOS="1878"
                    WIDTH="2131"
                    HEIGHT="124"></String>
          </TextLine>
          <TextLine ID="eSc_line_f7a68d28"
                    TAGREFS="LT31"
                    BASELINE="501 2047 2629 1988" 
                    HPOS="498"
                    VPOS="1939"
                    WIDTH="2131"
                    HEIGHT="138">
            <Shape><Polygon POINTS="501 2047 501 2077 1005 2049 1077 2060 1094 2063 1097 2063 1099 2063 1102 2063 1105 2060 1127 2044 1432 2038 1487 2049 1509 2052 1512 2052 1543 2047 1618 2033 1684 2044 1712 2047 1715 2047 1748 2041 1817 2027 1861 2038 1875 2041 1878 2041 1881 2041 2003 2038 2005 2038 2008 2038 2008 2035 2014 2033 2022 2024 2077 2030 2119 2035 2122 2035 2169 2027 2227 2019 2269 2024 2296 2030 2299 2030 2629 2013 2629 1988 2623 1952 2468 1939 2465 1939 2355 1955 2324 1941 2321 1941 2318 1941 2316 1941 2313 1941 2288 1958 2222 1944 2219 1944 2113 1963 2019 1950 2017 1950 2014 1950 2011 1950 1983 1966 1928 1952 1925 1952 1922 1952 1507 1980 1313 1969 1310 1969 1099 1991 903 1980 900 1980 498 2008 501 2047"/></Shape>
	    <String CONTENT=""
                    HPOS="498"
                    VPOS="1939"
                    WIDTH="2131"
                    HEIGHT="138"></String>
          </TextLine>
          <TextLine ID="eSc_line_9ae975fd"
                    TAGREFS="LT31"
                    BASELINE="487 2116 2615 2055" 
                    HPOS="484"
                    VPOS="2013"
                    WIDTH="2131"
                    HEIGHT="139">
            <Shape><Polygon POINTS="487 2116 487 2135 565 2152 567 2152 570 2152 573 2152 592 2135 648 2149 651 2149 653 2149 1047 2138 1111 2124 1124 2121 1152 2121 1255 2130 1257 2130 1260 2130 1263 2130 1274 2121 1280 2116 1302 2119 1354 2130 1357 2130 1429 2116 1457 2113 1512 2116 1645 2121 1648 2121 1701 2110 1748 2102 1792 2110 1836 2116 1839 2116 1994 2105 2230 2088 2612 2091 2615 2055 2607 2013 484 2066 487 2116"/></Shape>
	    <String CONTENT=""
                    HPOS="484"
                    VPOS="2013"
                    WIDTH="2131"
                    HEIGHT="139"></String>
          </TextLine>
          <TextLine ID="eSc_line_b711ae26"
                    TAGREFS="LT31"
                    BASELINE="487 2188 983 2183 983 2183 2590 2127" 
                    HPOS="484"
                    VPOS="2083"
                    WIDTH="2106"
                    HEIGHT="130">
            <Shape><Polygon POINTS="487 2213 1244 2207 1246 2207 1249 2207 1249 2204 1266 2191 1271 2188 1302 2191 1413 2202 1415 2202 1418 2202 1476 2185 1490 2182 1537 2182 1695 2191 1698 2191 1795 2177 1814 2174 1828 2174 1906 2188 1908 2188 1911 2188 1950 2171 1961 2166 2111 2163 2158 2166 2299 2177 2302 2177 2396 2157 2424 2155 2443 2157 2515 2168 2518 2168 2590 2152 2590 2127 2584 2091 2205 2083 2202 2083 1928 2107 1917 2107 1911 2107 1825 2094 1823 2094 1728 2113 1726 2113 1720 2113 1659 2099 1656 2099 1568 2116 1540 2102 1537 2102 1534 2102 1532 2102 1493 2119 1493 2121 1288 2124 1252 2110 1249 2110 1246 2110 1244 2110 1241 2110 1216 2127 1213 2130 911 2135 869 2121 867 2121 864 2121 484 2146 487 2188"/></Shape>
	    <String CONTENT=""
                    HPOS="484"
                    VPOS="2083"
                    WIDTH="2106"
                    HEIGHT="130"></String>
          </TextLine>
          <TextLine ID="eSc_line_f96b64f1"
                    TAGREFS="LT31"
                    BASELINE="487 2265 2582 2204" 
                    HPOS="484"
                    VPOS="2155"
                    WIDTH="2098"
                    HEIGHT="144">
            <Shape><Polygon POINTS="487 2265 487 2299 590 2282 736 2293 767 2293 770 2293 795 2290 883 2276 997 2285 1030 2285 1033 2285 1036 2285 1038 2285 1041 2282 1063 2268 1399 2271 1509 2271 1512 2271 1598 2265 1820 2246 1872 2257 1897 2260 1900 2260 1903 2260 1906 2260 1911 2254 1928 2243 1969 2252 1992 2257 1994 2257 1997 2257 2000 2257 2000 2254 2005 2252 2014 2243 2061 2249 2100 2254 2102 2254 2105 2254 2108 2254 2116 2249 2136 2238 2158 2246 2169 2252 2172 2252 2174 2252 2222 2246 2302 2232 2576 2232 2582 2204 2576 2166 2443 2155 2440 2155 2438 2155 2402 2168 2385 2174 2366 2168 2327 2160 2324 2160 2321 2160 2318 2160 2316 2160 2299 2171 2285 2179 2166 2179 2149 2174 2108 2163 2105 2163 2102 2163 2100 2163 2066 2177 2053 2185 1823 2188 1806 2185 1773 2174 1770 2174 1767 2174 1764 2174 1739 2185 1720 2193 1642 2188 1537 2179 1534 2179 1532 2179 1482 2191 1451 2199 1410 2193 1343 2185 1340 2185 1244 2188 1241 2188 1221 2199 1202 2210 991 2213 975 2204 966 2199 964 2199 961 2199 958 2199 955 2199 953 2199 947 2204 930 2216 845 2207 772 2202 770 2202 700 2204 698 2204 695 2204 687 2213 670 2224 484 2218 487 2265"/></Shape>
	    <String CONTENT=""
                    HPOS="484"
                    VPOS="2155"
                    WIDTH="2098"
                    HEIGHT="144"></String>
          </TextLine>
          <TextLine ID="eSc_line_b88df498"
                    TAGREFS="LT31"
                    BASELINE="482 2329 2565 2285" 
                    HPOS="479"
                    VPOS="2232"
                    WIDTH="2086"
                    HEIGHT="125">
            <Shape><Polygon POINTS="482 2329 482 2357 1000 2357 1000 2354 1063 2346 1138 2335 1371 2340 1518 2343 1521 2343 1573 2337 1673 2324 1859 2332 1892 2332 1895 2332 1897 2332 1900 2332 1931 2318 1986 2329 2005 2332 2008 2332 2011 2332 2014 2332 2017 2329 2033 2315 2332 2310 2562 2318 2565 2285 2560 2246 2435 2235 2432 2235 2429 2235 2427 2235 2410 2249 2404 2249 2349 2232 2346 2232 2343 2232 2341 2232 2277 2252 2271 2252 2255 2252 2122 2240 2119 2240 2116 2240 2058 2254 1931 2240 1928 2240 1925 2240 1892 2260 1889 2260 1886 2260 1845 2243 1842 2243 1839 2243 1745 2246 1742 2246 1739 2246 1717 2263 1681 2252 1678 2252 1676 2252 1343 2271 1324 2271 1321 2271 1255 2254 1252 2254 1249 2254 1158 2271 1094 2260 1091 2260 1088 2260 1086 2260 1066 2276 1063 2279 930 2279 928 2279 867 2263 864 2263 861 2263 858 2263 820 2282 817 2282 745 2265 742 2265 739 2265 736 2265 714 2285 689 2268 687 2268 684 2268 681 2268 678 2268 612 2285 526 2271 523 2271 520 2271 479 2285 482 2329"/></Shape>
	    <String CONTENT=""
                    HPOS="479"
                    VPOS="2232"
                    WIDTH="2086"
                    HEIGHT="125"></String>
          </TextLine>
          <TextLine ID="eSc_line_1ba052a6"
                    TAGREFS="LT31"
                    BASELINE="476 2401 2598 2351" 
                    HPOS="473"
                    VPOS="2299"
                    WIDTH="2125"
                    HEIGHT="127">
            <Shape><Polygon POINTS="476 2401 476 2426 2598 2379 2598 2351 2593 2312 2507 2299 2504 2299 2501 2299 2468 2312 2463 2318 2294 2318 2282 2315 2235 2304 2233 2304 2230 2304 2166 2318 2152 2321 2144 2318 2119 2307 2116 2307 2113 2307 1994 2321 1939 2326 1920 2321 1884 2312 1881 2312 1878 2312 1781 2324 1715 2332 1687 2326 1659 2318 1656 2318 1654 2318 1651 2318 1629 2326 1604 2335 1568 2326 1534 2321 1532 2321 1529 2321 1526 2321 1515 2329 1498 2337 1376 2329 1296 2326 1293 2326 1252 2332 1166 2346 1038 2335 1014 2335 1011 2335 994 2337 897 2351 864 2337 861 2337 858 2337 856 2337 822 2340 579 2360 473 2346 476 2401"/></Shape>
	    <String CONTENT=""
                    HPOS="473"
                    VPOS="2299"
                    WIDTH="2125"
                    HEIGHT="127"></String>
          </TextLine>
          <TextLine ID="eSc_line_73594bd0"
                    TAGREFS="LT31"
                    BASELINE="468 2473 1865 2449 1865 2449 2607 2420" 
                    HPOS="465"
                    VPOS="2371"
                    WIDTH="2142"
                    HEIGHT="133">
            <Shape><Polygon POINTS="468 2493 748 2490 778 2504 781 2504 784 2504 936 2484 944 2484 950 2484 1027 2498 1030 2498 1133 2495 1135 2495 1138 2495 1155 2479 1158 2479 1166 2479 1249 2493 1252 2493 1396 2476 1415 2473 1424 2473 1473 2487 1476 2487 1479 2487 1482 2487 1523 2473 1532 2470 1537 2470 1584 2484 1587 2484 1590 2484 2607 2448 2607 2420 2598 2371 465 2420 468 2473"/></Shape>
	    <String CONTENT=""
                    HPOS="465"
                    VPOS="2371"
                    WIDTH="2142"
                    HEIGHT="133"></String>
          </TextLine>
          <TextLine ID="eSc_line_0781cf40"
                    TAGREFS="LT31"
                    BASELINE="462 2545 2571 2493" 
                    HPOS="459"
                    VPOS="2451"
                    WIDTH="2112"
                    HEIGHT="133">
            <Shape><Polygon POINTS="462 2545 465 2584 495 2570 598 2581 648 2584 651 2584 653 2584 656 2584 664 2578 687 2565 795 2573 864 2578 867 2578 869 2578 900 2570 930 2562 958 2567 989 2576 991 2576 994 2576 997 2576 1025 2565 1047 2559 1171 2562 1343 2565 1346 2565 1424 2553 1476 2545 1507 2551 1565 2562 1568 2562 1570 2562 1573 2562 1590 2548 1598 2542 1648 2545 1789 2556 1792 2556 1889 2537 1914 2534 1950 2537 2122 2548 2125 2548 2291 2529 2341 2542 2343 2542 2346 2542 2349 2542 2391 2523 2504 2537 2507 2537 2510 2537 2571 2515 2571 2493 2562 2451 459 2504 462 2545"/></Shape>
	    <String CONTENT=""
                    HPOS="459"
                    VPOS="2451"
                    WIDTH="2112"
                    HEIGHT="133"></String>
          </TextLine>
          <TextLine ID="eSc_line_9cf77fb7"
                    TAGREFS="LT31"
                    BASELINE="459 2620 2582 2570" 
                    HPOS="457"
                    VPOS="2523"
                    WIDTH="2125"
                    HEIGHT="116">
            <Shape><Polygon POINTS="459 2620 459 2639 2579 2601 2582 2570 2573 2523 457 2578 459 2620"/></Shape>
	    <String CONTENT=""
                    HPOS="457"
                    VPOS="2523"
                    WIDTH="2125"
                    HEIGHT="116"></String>
          </TextLine>
          <TextLine ID="eSc_line_ec14ed9e"
                    TAGREFS="LT31"
                    BASELINE="465 2697 2551 2642" 
                    HPOS="462"
                    VPOS="2592"
                    WIDTH="2089"
                    HEIGHT="133">
            <Shape><Polygon POINTS="465 2697 465 2725 2041 2673 2548 2673 2551 2642 2543 2592 2421 2606 2294 2601 2249 2598 2246 2598 2244 2598 2241 2598 2241 2601 2238 2601 2227 2612 2191 2603 2166 2598 2163 2598 2105 2606 2025 2617 1975 2609 1931 2603 1928 2603 1925 2603 1922 2603 1922 2606 1914 2612 1906 2620 1781 2617 1629 2612 1626 2612 1623 2612 1620 2612 1609 2623 1601 2628 1562 2623 1509 2617 1507 2617 1421 2628 1371 2634 1324 2631 1196 2623 1194 2623 1005 2642 969 2645 955 2645 881 2631 878 2631 781 2650 770 2650 756 2650 603 2639 601 2639 462 2659 465 2697"/></Shape>
	    <String CONTENT=""
                    HPOS="462"
                    VPOS="2592"
                    WIDTH="2089"
                    HEIGHT="133"></String>
          </TextLine>
          <TextLine ID="eSc_line_997a7c9b"
                    TAGREFS="LT34"
                    BASELINE="1281 2713 1457 2708" 
                    HPOS="1281"
                    VPOS="2708"
                    WIDTH="176"
                    HEIGHT="5">
	    <String CONTENT=""
                    HPOS="1281"
                    VPOS="2708"
                    WIDTH="176"
                    HEIGHT="5"></String>
          </TextLine>
          <TextLine ID="eSc_line_6cd24178"
                    TAGREFS="LT31"
                    BASELINE="459 2772 1812 2741 1812 2741 2532 2714" 
                    HPOS="457"
                    VPOS="2667"
                    WIDTH="2075"
                    HEIGHT="139">
            <Shape><Polygon POINTS="459 2806 753 2781 845 2794 847 2794 850 2794 853 2794 881 2775 1050 2772 1111 2783 1113 2783 1268 2767 1316 2781 1318 2781 1321 2781 1573 2758 1720 2772 1739 2772 1742 2772 1811 2770 2197 2745 2529 2747 2532 2714 2524 2667 2263 2681 2246 2675 2230 2667 2227 2667 2224 2667 2222 2667 2205 2675 2188 2684 2083 2681 1964 2675 1961 2675 1958 2675 1939 2684 1922 2692 1886 2686 1834 2678 1831 2678 1828 2678 1825 2678 1814 2689 1806 2695 1778 2689 1728 2681 1726 2681 1665 2692 1629 2700 1604 2695 1568 2686 1565 2686 1562 2686 1559 2686 1537 2697 1523 2703 1501 2697 1471 2692 1468 2692 1385 2703 1329 2709 1246 2706 1038 2700 1036 2700 1033 2700 1030 2700 1011 2714 1005 2720 839 2722 800 2722 648 2711 645 2711 457 2731 459 2772"/></Shape>
	    <String CONTENT=""
                    HPOS="457"
                    VPOS="2667"
                    WIDTH="2075"
                    HEIGHT="139"></String>
          </TextLine>
          <TextLine ID="eSc_line_9e4ffcea"
                    TAGREFS="LT31"
                    BASELINE="448 2844 2584 2786" 
                    HPOS="446"
                    VPOS="2725"
                    WIDTH="2138"
                    HEIGHT="150">
            <Shape><Polygon POINTS="448 2844 448 2861 518 2875 520 2875 617 2861 640 2875 642 2875 645 2875 648 2875 651 2875 687 2858 717 2872 720 2872 723 2872 725 2872 761 2853 936 2853 1041 2869 1044 2869 1047 2869 1050 2869 1050 2866 1063 2855 1196 2858 1199 2858 1202 2858 1268 2842 1460 2858 1462 2858 1587 2839 1939 2844 1942 2844 1944 2844 1989 2819 2177 2814 2399 2814 2476 2830 2479 2830 2482 2830 2485 2830 2485 2828 2504 2811 2543 2822 2546 2822 2548 2822 2551 2822 2584 2803 2584 2786 2573 2725 2501 2742 2318 2733 2285 2733 2282 2733 2280 2733 2271 2736 2199 2756 2149 2739 2144 2739 2141 2739 2138 2739 2113 2742 1956 2767 1534 2772 1521 2764 1509 2756 1507 2756 1504 2756 1501 2756 1498 2756 1473 2767 1443 2778 1399 2770 1352 2758 1349 2758 1346 2758 1291 2772 1249 2783 1216 2775 1171 2764 1169 2764 1166 2764 1163 2764 1160 2764 1138 2778 1130 2783 1122 2778 1097 2767 1094 2767 1091 2767 1088 2767 1058 2781 1041 2789 1008 2783 950 2772 947 2772 831 2786 573 2781 570 2781 446 2803 448 2844"/></Shape>
	    <String CONTENT=""
                    HPOS="446"
                    VPOS="2725"
                    WIDTH="2138"
                    HEIGHT="150"></String>
          </TextLine>
          <TextLine ID="eSc_line_c288cb22"
                    TAGREFS="LT31"
                    BASELINE="443 2925 1809 2880 2601 2866" 
                    HPOS="440"
                    VPOS="2817"
                    WIDTH="2161"
                    HEIGHT="146">
            <Shape><Polygon POINTS="443 2925 443 2963 545 2938 681 2938 725 2955 728 2955 731 2955 734 2955 872 2933 964 2947 966 2947 969 2947 1022 2927 1111 2944 1113 2944 1116 2944 1122 2944 1266 2922 1327 2936 1329 2936 1332 2936 1615 2914 1684 2925 1687 2925 1690 2925 1692 2925 1715 2911 1853 2922 1856 2922 1859 2922 1861 2922 1895 2902 2601 2902 2601 2866 2596 2825 2280 2817 2277 2817 2191 2833 2166 2836 2064 2836 1784 2830 1781 2830 1778 2830 1753 2842 1742 2847 1731 2842 1706 2833 1703 2833 1701 2833 1637 2844 1587 2853 1451 2850 1316 2844 1313 2844 1263 2853 1199 2864 1147 2855 1111 2850 1108 2850 1055 2858 994 2866 944 2861 914 2855 911 2855 908 2855 905 2855 900 2861 886 2872 856 2861 845 2858 842 2858 839 2858 809 2864 717 2878 440 2872 443 2925"/></Shape>
	    <String CONTENT=""
                    HPOS="440"
                    VPOS="2817"
                    WIDTH="2161"
                    HEIGHT="146"></String>
          </TextLine>
          <TextLine ID="eSc_line_55b641a7"
                    TAGREFS="LT31"
                    BASELINE="432 2997 1870 2955 2584 2955" 
                    HPOS="429"
                    VPOS="2902"
                    WIDTH="2155"
                    HEIGHT="120">
            <Shape><Polygon POINTS="432 2997 432 3022 1274 2997 1321 3005 1335 3008 1338 3008 1340 3008 1349 3005 1390 2991 1562 3002 1601 3002 1604 3002 1606 3002 1612 2999 1645 2986 1803 2997 1836 2997 1839 2997 1842 2997 1845 2997 1847 2994 1872 2977 1992 2977 2205 2986 2208 2986 2210 2986 2246 2972 2313 2986 2324 2986 2327 2986 2584 2977 2584 2955 2579 2902 429 2952 432 2997"/></Shape>
	    <String CONTENT=""
                    HPOS="429"
                    VPOS="2902"
                    WIDTH="2155"
                    HEIGHT="120"></String>
          </TextLine>
          <TextLine ID="eSc_line_dd05d0ee"
                    TAGREFS="LT31"
                    BASELINE="451 3058 2524 3027" 
                    HPOS="448"
                    VPOS="2974"
                    WIDTH="2076"
                    HEIGHT="120">
            <Shape><Polygon POINTS="451 3058 451 3077 634 3094 637 3094 814 3077 867 3071 886 3074 933 3088 936 3088 939 3088 1205 3074 1393 3063 1496 3071 1568 3077 1570 3077 1573 3077 1590 3071 1618 3060 1712 3060 1728 3069 1737 3077 1739 3077 1742 3077 1745 3077 1792 3069 1859 3058 1942 3069 1972 3071 1975 3071 1978 3071 1989 3069 2028 3055 2518 3063 2524 3027 2518 2988 2357 2974 2355 2974 2352 2974 2321 2988 2316 2991 2282 2988 2147 2977 2144 2977 1975 2991 1914 2997 1870 2994 1773 2983 1770 2983 1640 2994 1562 3002 1496 2997 1407 2988 1404 2988 1401 2988 1379 2997 1360 3005 1316 2999 1268 2991 1266 2991 1227 2999 1185 3008 448 3008 451 3058"/></Shape>
	    <String CONTENT=""
                    HPOS="448"
                    VPOS="2974"
                    WIDTH="2076"
                    HEIGHT="120"></String>
          </TextLine>
          <TextLine ID="eSc_line_4418935d"
                    TAGREFS="LT31"
                    BASELINE="443 3121 913 3125 913 3125 2573 3094" 
                    HPOS="440"
                    VPOS="3058"
                    WIDTH="2133"
                    HEIGHT="99">
            <Shape><Polygon POINTS="443 3141 595 3157 598 3157 601 3157 656 3141 734 3155 736 3155 1063 3152 1066 3152 1138 3135 1288 3149 1291 3149 1476 3132 1889 3141 1892 3141 2573 3116 2573 3094 2568 3058 1518 3058 1515 3058 1296 3074 1288 3074 1282 3074 1116 3063 1113 3063 1111 3063 1074 3077 892 3066 889 3066 822 3080 698 3069 695 3069 692 3069 648 3083 479 3071 476 3071 473 3071 440 3083 443 3121"/></Shape>
	    <String CONTENT=""
                    HPOS="440"
                    VPOS="3058"
                    WIDTH="2133"
                    HEIGHT="99"></String>
          </TextLine>
          <TextLine ID="eSc_line_bab58465"
                    TAGREFS="LT31"
                    BASELINE="446 3182 2543 3166" 
                    HPOS="443"
                    VPOS="3130"
                    WIDTH="2100"
                    HEIGHT="85">
            <Shape><Polygon POINTS="446 3182 446 3207 1008 3199 1063 3207 1113 3215 1116 3215 1163 3207 1232 3196 1382 3207 1462 3213 1465 3213 1468 3213 1471 3213 1479 3207 1498 3196 1582 3196 1703 3207 1748 3210 1751 3210 1778 3207 1872 3193 2089 3207 2122 3207 2125 3207 2136 3207 2213 3193 2296 3204 2299 3204 2302 3204 2305 3204 2327 3188 2537 3204 2543 3166 2535 3130 443 3141 446 3182"/></Shape>
	    <String CONTENT=""
                    HPOS="443"
                    VPOS="3130"
                    WIDTH="2100"
                    HEIGHT="85"></String>
          </TextLine>
          <TextLine ID="eSc_line_5a437355"
                    TAGREFS="LT31"
                    BASELINE="437 3249 2562 3243" 
                    HPOS="434"
                    VPOS="3191"
                    WIDTH="2128"
                    HEIGHT="99">
            <Shape><Polygon POINTS="437 3249 437 3279 501 3271 520 3282 540 3290 543 3290 545 3290 548 3290 565 3282 587 3271 678 3271 742 3282 792 3290 795 3290 797 3290 814 3282 831 3271 847 3282 850 3285 853 3285 856 3285 858 3287 858 3285 861 3285 864 3285 867 3282 886 3271 1074 3271 1166 3282 1219 3290 1221 3290 1332 3285 1460 3276 1479 3285 1493 3290 1496 3290 1498 3290 1543 3285 1626 3274 1695 3285 1698 3285 1701 3285 1703 3285 1739 3268 1795 3285 1803 3287 1806 3287 1809 3287 1828 3285 1956 3268 2025 3287 2030 3287 2033 3287 2036 3290 2313 3290 2313 3287 2316 3287 2355 3274 2557 3287 2562 3243 2557 3207 2149 3191 2147 3191 2033 3204 1944 3191 1942 3191 1939 3191 1936 3191 1920 3207 1670 3207 1618 3191 1615 3191 1612 3191 1609 3191 1606 3191 1590 3204 1498 3191 1496 3191 1235 3207 1191 3210 966 3210 961 3207 942 3193 939 3193 936 3193 933 3193 856 3207 842 3207 839 3207 814 3193 811 3193 809 3193 806 3193 764 3207 756 3210 648 3210 645 3207 631 3193 628 3193 626 3193 623 3193 434 3204 437 3249"/></Shape>
	    <String CONTENT=""
                    HPOS="434"
                    VPOS="3191"
                    WIDTH="2128"
                    HEIGHT="99"></String>
          </TextLine>
        </TextBlock>
      </PrintSpace>
    </Page>
  </Layout>
</alto>
