<?xml version="1.0" encoding="UTF-8"?>
<alto xmlns:xsi="http://www.w3.org/2001/XMLSchema-instance"
      xmlns="http://www.loc.gov/standards/alto/ns-v4#"
      xsi:schemaLocation="http://www.loc.gov/standards/alto/ns-v4# http://www.loc.gov/standards/alto/v4/alto-4-2.xsd">
  <Description>
    <MeasurementUnit>pixel</MeasurementUnit>
    <sourceImageInformation>
      <fileName>ARCH-DIV-000496_0173.png</fileName>
    </sourceImageInformation>
  </Description>
  <Tags>
    <OtherTag ID="BT42" LABEL="MainZone" DESCRIPTION="block type MainZone"/><OtherTag ID="BT43" LABEL="MarginTextZone" DESCRIPTION="block type MarginTextZone"/><OtherTag ID="BT44" LABEL="NumberingZone" DESCRIPTION="block type NumberingZone"/><OtherTag ID="BT45" LABEL="TitlePageZone" DESCRIPTION="block type TitlePageZone"/><OtherTag ID="BT46" LABEL="CustomZone:Numbering" DESCRIPTION="block type CustomZone:Numbering"/><OtherTag ID="BT49" LABEL="MarginTextZone:lower" DESCRIPTION="block type MarginTextZone:lower"/>
    <OtherTag ID="LT25" LABEL="default" DESCRIPTION="line type default"/><OtherTag ID="LT31" LABEL="DefaultLine" DESCRIPTION="line type DefaultLine"/><OtherTag ID="LT32" LABEL="HeadingLine" DESCRIPTION="line type HeadingLine"/><OtherTag ID="LT33" LABEL="InterlinearLine:addition" DESCRIPTION="line type InterlinearLine:addition"/><OtherTag ID="LT34" LABEL="InterlinearLine:correction" DESCRIPTION="line type InterlinearLine:correction"/>
  </Tags>
  <Layout>
    <Page WIDTH="2790"
          HEIGHT="3343"
          PHYSICAL_IMG_NR="172"
          ID="eSc_dummypage_">
      <PrintSpace HPOS="0"
                  VPOS="0"
                  WIDTH="2790"
                  HEIGHT="3343">
        <TextBlock HPOS="135"
                   VPOS="74"
                   WIDTH="271"
                   HEIGHT="136"
                   ID="eSc_textblock_8dfed338"
                   TAGREFS="BT44">
          <Shape><Polygon POINTS="135 74 135 210 406 210 406 74"/></Shape>
          <TextLine ID="eSc_line_cd6870f9"
                    TAGREFS="LT31"
                    BASELINE="159 123 356 127" 
                    HPOS="192"
                    VPOS="78"
                    WIDTH="67"
                    HEIGHT="119">
            <Shape><Polygon POINTS="217 78 200 89 192 133 192 197 259 186 259 130 253 80 245 80"/></Shape>
	    <String CONTENT="6."
                    HPOS="192"
                    VPOS="78"
                    WIDTH="67"
                    HEIGHT="119"
                    WC="0.9999724626541138"></String>
          </TextLine>
        </TextBlock>
        <TextBlock HPOS="427"
                   VPOS="20"
                   WIDTH="2255"
                   HEIGHT="3258"
                   ID="eSc_textblock_899b0f53"
                   TAGREFS="BT42">
          <Shape><Polygon POINTS="427 20 427 3278 2661 3278 2682 20"/></Shape>
          <TextLine ID="eSc_line_c73b885b"
                    TAGREFS="LT31"
                    BASELINE="579 89 2639 66" 
                    HPOS="576"
                    VPOS="22"
                    WIDTH="2063"
                    HEIGHT="95">
            <Shape><Polygon POINTS="2583 41 2555 41 2528 41 2500 41 2472 41 2444 39 2416 39 2388 39 2360 39 2332 39 2305 39 2277 39 2249 39 2221 36 2193 36 2165 36 2137 36 2115 36 2109 36 2082 36 2054 36 1995 36 1995 33 1970 33 1942 33 1914 33 1886 33 1859 33 1831 33 1803 30 1775 30 1747 30 1719 30 1708 30 1702 36 1702 39 1502 39 1493 39 1432 27 1413 27 1385 27 1368 25 1349 39 1346 41 1340 39 1284 25 1273 25 1245 25 1218 25 1190 25 1162 22 1134 22 1120 22 1117 22 1114 22 1073 41 1067 44 1059 41 989 25 986 25 983 25 981 25 978 25 950 44 947 44 919 44 668 30 660 30 632 36 604 50 576 64 579 89 579 117 1583 117 1583 114 2093 91 2148 91 2157 91 2226 105 2229 105 2371 89 2377 89 2383 89 2472 103 2475 103 2639 83 2639 66 2633 41 2611 41"/></Shape>
	    <String CONTENT="lui et malgre elle, possédere dans le bassin du congoune colone"
                    HPOS="576"
                    VPOS="22"
                    WIDTH="2063"
                    HEIGHT="95"
                    WC="0.9816226117194645"></String>
          </TextLine>
          <TextLine ID="eSc_line_1eba282d"
                    TAGREFS="LT31"
                    BASELINE="593 175 2157 139" 
                    HPOS="590"
                    VPOS="86"
                    WIDTH="1567"
                    HEIGHT="128">
            <Shape><Polygon POINTS="593 175 593 214 727 197 880 206 947 208 950 208 953 208 956 208 956 206 961 203 969 195 975 203 978 203 978 206 981 206 983 206 986 206 1014 200 1075 189 1123 197 1156 203 1159 203 1162 203 1176 195 1195 186 1251 192 1309 200 1312 200 1396 189 1432 183 1449 186 1482 195 1485 195 1488 195 1491 195 1493 195 1505 183 1507 181 1516 183 1546 195 1549 195 1552 195 2157 161 2157 139 2151 103 1925 86 1923 86 1831 89 1828 89 1789 108 1683 91 1680 91 1677 91 1616 114 1588 114 1538 114 1535 114 1513 97 1510 97 1507 97 1505 97 1502 97 1463 117 1374 119 1284 119 1282 119 1223 103 1220 103 1218 103 1215 103 1159 119 1114 105 1112 105 1109 105 1106 105 1031 125 1011 108 1008 108 1006 108 1003 108 886 128 869 114 869 111 866 111 864 111 861 111 774 130 772 130 769 130 713 114 710 114 707 114 590 133 593 175"/></Shape>
	    <String CONTENT="quatre vngts fois plus grande que son territoire."
                    HPOS="590"
                    VPOS="86"
                    WIDTH="1567"
                    HEIGHT="128"
                    WC="0.9998647765237458"></String>
          </TextLine>
          <TextLine ID="eSc_line_66e0f929"
                    TAGREFS="LT31"
                    BASELINE="596 253 2004 220 2650 220" 
                    HPOS="593"
                    VPOS="167"
                    WIDTH="2057"
                    HEIGHT="117">
            <Shape><Polygon POINTS="596 253 596 284 1022 267 1103 275 1128 278 1131 278 1134 278 1148 275 1192 264 1368 273 1418 273 1421 273 1424 273 1427 273 1429 270 1449 259 1527 270 1544 270 1546 270 1549 270 1558 267 1608 256 1689 267 1708 267 1711 267 1714 267 1719 264 1744 253 1839 264 1859 264 1861 264 1864 264 1867 264 1867 261 1884 250 1939 261 1948 261 1951 261 1970 261 2157 245 2371 253 2385 253 2388 253 2391 253 2447 239 2645 247 2650 220 2647 175 2157 167 2154 167 1728 192 1722 192 1719 192 1588 178 1585 178 1583 178 1580 178 1552 197 1499 197 1446 197 1443 197 1304 183 1301 183 1139 203 1020 189 1017 189 875 208 643 197 641 197 638 197 593 214 596 253"/></Shape>
	    <String CONTENT="Des visées royales pessonne, aù débit, n&#x27;a pu se douter. Elles sont pour"
                    HPOS="593"
                    VPOS="167"
                    WIDTH="2057"
                    HEIGHT="117"
                    WC="0.9916788273387485"></String>
          </TextLine>
          <TextLine ID="eSc_line_3ee98465"
                    TAGREFS="LT31"
                    BASELINE="576 314 2659 275" 
                    HPOS="574"
                    VPOS="236"
                    WIDTH="2085"
                    HEIGHT="112">
            <Shape><Polygon POINTS="576 314 576 337 869 348 872 348 1045 328 1061 328 1070 328 1131 342 1134 342 1137 342 1198 328 1282 339 1284 339 1499 320 1516 320 1521 320 1566 334 1569 334 1571 334 1574 334 1622 317 1627 314 1917 312 1978 312 2408 317 2410 317 2539 300 2547 300 2553 300 2606 314 2608 314 2611 314 2614 314 2659 298 2659 275 2650 236 1374 250 1371 250 1360 253 1309 264 1195 256 1165 253 1162 253 1159 253 1148 256 1100 267 1045 256 1034 256 1031 256 992 259 716 275 574 264 576 314"/></Shape>
	    <String CONTENT="Léopotal le jardin secret où il s&#x27;enfermc et où les ménistes ne printrent"
                    HPOS="574"
                    VPOS="236"
                    WIDTH="2085"
                    HEIGHT="112"
                    WC="0.9894426407879346"></String>
          </TextLine>
          <TextLine ID="eSc_line_0f9a3d03"
                    TAGREFS="LT34"
                    BASELINE="1649 323 1983 323" 
                    HPOS="1649"
                    VPOS="323"
                    WIDTH="334"
                    HEIGHT="0">
	    <String CONTENT=""
                    HPOS="1649"
                    VPOS="323"
                    WIDTH="334"
                    HEIGHT="0"></String>
          </TextLine>
          <TextLine ID="eSc_line_93d52943"
                    TAGREFS="LT31"
                    BASELINE="579 395 1218 364 2619 339" 
                    HPOS="576"
                    VPOS="289"
                    WIDTH="2043"
                    HEIGHT="134">
            <Shape><Polygon POINTS="579 395 579 423 696 420 699 420 702 420 721 403 1056 412 1059 412 1304 390 1496 401 1499 401 1502 401 1552 384 2020 390 2023 390 2026 390 2160 370 2617 376 2619 339 2611 298 2316 306 2310 303 2293 289 2291 289 2288 289 2285 289 2282 289 2279 289 2263 306 2260 306 2252 306 2148 295 2146 295 2048 312 2023 314 2012 312 1962 295 1959 295 1956 295 1452 306 1449 306 1446 306 1415 325 1159 317 1156 317 1064 337 1056 339 1003 339 986 339 944 317 942 317 939 317 936 317 891 339 744 328 741 328 738 328 735 328 719 345 576 348 579 395"/></Shape>
	    <String CONTENT="pas. Devant eux, dodétent, il il  ptit que sous l&#x27;aspect d u"
                    HPOS="576"
                    VPOS="289"
                    WIDTH="2043"
                    HEIGHT="134"
                    WC="0.9120928898453713"></String>
          </TextLine>
          <TextLine ID="eSc_line_2f93cc44"
                    TAGREFS="LT31"
                    BASELINE="579 456 1059 437 2645 406" 
                    HPOS="576"
                    VPOS="356"
                    WIDTH="2069"
                    HEIGHT="128">
            <Shape><Polygon POINTS="579 456 579 484 1374 456 1468 468 1477 468 1480 468 1482 468 1485 468 1521 454 1619 465 1630 465 1633 465 1650 465 1783 448 2101 454 2115 454 2118 454 2121 454 2179 440 2369 448 2371 448 2374 448 2441 434 2497 445 2500 445 2567 431 2642 442 2645 406 2639 370 2567 356 2564 356 2561 356 2558 356 2558 359 2544 370 2533 370 2162 364 2160 364 2157 364 2121 378 1920 370 1917 370 1914 370 1912 370 1889 384 1886 384 1878 384 1424 381 1421 381 1418 381 1362 395 1360 395 1109 387 1106 387 1103 387 1075 401 877 392 875 392 576 412 579 456"/></Shape>
	    <String CONTENT="souverain constitutionnel par excellince. &lt;. ...... .....&gt;"
                    HPOS="576"
                    VPOS="356"
                    WIDTH="2069"
                    HEIGHT="128"
                    WC="0.9535006531353655"></String>
          </TextLine>
          <TextLine ID="eSc_line_46ae5218"
                    TAGREFS="LT31"
                    BASELINE="574 515 2636 470" 
                    HPOS="571"
                    VPOS="431"
                    WIDTH="2065"
                    HEIGHT="120">
            <Shape><Polygon POINTS="574 515 574 537 777 551 780 551 783 551 833 534 841 532 916 532 1323 540 1326 540 1329 540 1332 540 1351 523 1357 520 1376 523 1463 537 1466 537 1571 520 1608 515 1636 518 1730 532 1733 532 1828 515 1864 509 1906 512 1998 523 2001 523 2004 523 2006 523 2026 512 2034 507 2054 509 2115 523 2118 523 2633 498 2636 470 2628 431 1833 448 1817 448 1728 437 1725 437 1505 454 1466 456 1446 456 1351 445 1349 445 1346 445 1321 459 1318 459 1307 459 1226 448 1223 448 1220 448 1218 448 1218 451 1206 462 1204 465 1047 465 1036 465 953 454 950 454 947 454 944 454 925 468 916 468 861 456 858 456 571 473 574 515"/></Shape>
	    <String CONTENT="Dis le premier conseil qu&#x27;il priside, il fait leurf conquêtéf. &lt;antiata"
                    HPOS="571"
                    VPOS="431"
                    WIDTH="2065"
                    HEIGHT="120"
                    WC="0.9862533312448314"></String>
          </TextLine>
          <TextLine ID="eSc_line_fa8b2339"
                    TAGREFS="LT31"
                    BASELINE="588 585 2633 532" 
                    HPOS="585"
                    VPOS="487"
                    WIDTH="2048"
                    HEIGHT="134">
            <Shape><Polygon POINTS="588 585 588 621 2633 562 2633 532 2628 498 2416 487 2413 487 2232 504 2196 509 585 534 588 585"/></Shape>
	    <String CONTENT="&lt;.. .... .. ....&gt; vandenpeere."
                    HPOS="585"
                    VPOS="487"
                    WIDTH="2048"
                    HEIGHT="134"
                    WC="0.8715009172757466"></String>
          </TextLine>
          <TextLine ID="eSc_line_2baf67b1"
                    TAGREFS="LT31"
                    BASELINE="571 654 2617 593" 
                    HPOS="568"
                    VPOS="543"
                    WIDTH="2049"
                    HEIGHT="131">
            <Shape><Polygon POINTS="571 654 571 674 2617 624 2617 593 2608 543 2511 559 2447 548 2444 548 2441 548 2410 565 568 607 571 654"/></Shape>
	    <String CONTENT="boom, si plein e début de priventions contre lui, vante mainlenant"
                    HPOS="568"
                    VPOS="543"
                    WIDTH="2049"
                    HEIGHT="131"
                    WC="0.9835422562830376"></String>
          </TextLine>
          <TextLine ID="eSc_line_774e21e9"
                    TAGREFS="LT31"
                    BASELINE="563 721 1505 688 2653 663" 
                    HPOS="560"
                    VPOS="612"
                    WIDTH="2093"
                    HEIGHT="134">
            <Shape><Polygon POINTS="563 721 563 746 889 746 889 743 891 743 911 738 933 729 978 735 1020 741 1022 741 1059 732 1092 727 1128 732 1167 738 1170 738 1173 738 1192 729 1215 721 1231 729 1237 732 1240 732 1243 732 1304 727 1482 713 1616 721 1677 724 1680 724 1716 718 1800 704 1861 715 1884 718 1886 718 1959 713 2196 693 2650 696 2653 663 2647 624 2488 612 2486 612 2483 612 2436 626 2433 629 2369 629 1898 629 1895 629 1507 646 956 668 883 657 872 657 869 657 866 657 864 657 844 671 769 660 760 660 758 660 755 660 752 660 730 674 560 665 563 721"/></Shape>
	    <String CONTENT="son intelliquece son savoir, son jugement et son tact. &lt;...&gt;"
                    HPOS="560"
                    VPOS="612"
                    WIDTH="2093"
                    HEIGHT="134"
                    WC="0.9660848130782446"></String>
          </TextLine>
          <TextLine ID="eSc_line_d01ec297"
                    TAGREFS="LT31"
                    BASELINE="563 799 1530 754 2650 732" 
                    HPOS="560"
                    VPOS="676"
                    WIDTH="2090"
                    HEIGHT="156">
            <Shape><Polygon POINTS="563 799 565 832 613 816 627 827 629 827 632 827 635 827 1326 807 1329 807 1374 785 1742 777 1889 791 1900 791 1903 791 1906 791 1909 791 1942 774 1987 788 1990 788 1992 788 1995 788 2006 788 2123 766 2226 780 2229 780 2232 780 2235 780 2274 760 2547 752 2647 766 2650 732 2642 679 2547 690 2511 682 2480 676 2477 676 2475 676 2455 685 2430 696 2349 690 2266 682 2263 682 2260 682 2257 682 2246 693 2232 702 2185 696 2126 688 2123 688 2121 688 2095 699 2076 710 1903 713 1881 707 1847 696 1845 696 1842 696 1775 710 1761 713 1722 713 1513 707 1510 707 1507 707 1505 707 1488 721 1485 721 1482 721 1368 710 1365 710 1268 729 1251 735 983 741 978 741 922 727 919 727 916 727 914 727 911 727 911 729 894 743 894 746 733 749 730 749 610 735 607 735 604 735 560 752 563 799"/></Shape>
	    <String CONTENT="&lt;....... .....&gt; Cont de suite &quot;il a magnétisé́ Frère-Orban¬"
                    HPOS="560"
                    VPOS="676"
                    WIDTH="2090"
                    HEIGHT="156"
                    WC="0.9352186200982433"></String>
          </TextLine>
          <TextLine ID="eSc_line_a3eca6c1"
                    TAGREFS="LT31"
                    BASELINE="565 871 1008 863 1513 832 2597 791" 
                    HPOS="560"
                    VPOS="741"
                    WIDTH="2037"
                    HEIGHT="158">
            <Shape><Polygon POINTS="565 871 565 899 1491 860 1521 863 1585 869 1588 869 1669 858 1700 852 1708 855 1728 863 1730 863 1733 863 1806 849 1831 846 1839 849 1859 858 1861 858 1864 858 1867 858 1895 846 1906 844 1953 844 2109 849 2112 849 2193 835 2207 832 2221 832 2318 841 2321 841 2444 824 2463 821 2475 821 2528 832 2530 832 2533 832 2597 816 2597 791 2594 746 2555 741 2553 741 2550 741 2547 741 2541 746 2522 760 2332 754 2252 754 2249 754 2246 754 2224 760 2171 777 1886 785 1853 774 1831 768 1828 768 1825 768 1822 768 1789 777 1744 791 1672 782 1616 777 1613 777 1611 777 1580 785 1541 799 1466 791 1404 785 1401 785 1276 791 1273 791 1270 791 1270 793 1262 799 1248 813 958 821 905 813 852 807 850 807 847 807 844 807 844 810 833 816 822 827 763 821 702 813 699 813 560 827 565 871"/></Shape>
	    <String CONTENT="En 1867, il l&#x27;a &quot;séduit&quot; le voit tous les jours &lt;. .. .. ..&gt; et"
                    HPOS="560"
                    VPOS="741"
                    WIDTH="2037"
                    HEIGHT="158"
                    WC="0.9404261968438588"></String>
          </TextLine>
          <TextLine ID="eSc_line_6747d58c"
                    TAGREFS="LT31"
                    BASELINE="563 949 2597 860" 
                    HPOS="560"
                    VPOS="824"
                    WIDTH="2037"
                    HEIGHT="145">
            <Shape><Polygon POINTS="563 949 563 969 1326 955 1538 936 1719 922 1817 927 1889 930 1892 930 1987 919 2151 902 2232 910 2260 913 2263 913 2266 913 2274 910 2302 894 2536 885 2594 897 2597 860 2592 824 2029 835 1903 852 1884 855 1875 855 1825 844 1822 844 1820 844 1764 860 1755 860 1711 860 1449 860 1446 860 560 910 563 949"/></Shape>
	    <String CONTENT="l&#x27;influence personnelle qu&#x27;il exerce sur lui se transmet ainsi au"
                    HPOS="560"
                    VPOS="824"
                    WIDTH="2037"
                    HEIGHT="145"
                    WC="0.9938671790636503"></String>
          </TextLine>
          <TextLine ID="eSc_line_8afbcf39"
                    TAGREFS="LT31"
                    BASELINE="574 1022 2645 927" 
                    HPOS="568"
                    VPOS="888"
                    WIDTH="2077"
                    HEIGHT="176">
            <Shape><Polygon POINTS="574 1022 574 1064 699 1044 769 1055 772 1055 774 1055 822 1039 1159 1039 1159 1036 1162 1036 1220 1022 1287 1033 1301 1033 1304 1033 1730 1014 1733 1014 1747 1008 1794 994 1964 1000 2031 1000 2034 1000 2645 963 2645 927 2639 888 568 975 574 1022"/></Shape>
	    <String CONTENT="gouvers ement. &lt;.. . .s... ... ..... ...... ....&gt;"
                    HPOS="568"
                    VPOS="888"
                    WIDTH="2077"
                    HEIGHT="176"
                    WC="0.9056710004806519"></String>
          </TextLine>
          <TextLine ID="eSc_line_f2367d48"
                    TAGREFS="LT31"
                    BASELINE="563 1100 2600 1005" 
                    HPOS="560"
                    VPOS="966"
                    WIDTH="2040"
                    HEIGHT="167">
            <Shape><Polygon POINTS="563 1100 563 1125 680 1133 682 1133 855 1114 889 1111 903 1111 978 1122 981 1122 1114 1103 1139 1100 1153 1100 1218 1111 1220 1111 1223 1111 1226 1111 1248 1097 1254 1094 1270 1097 1332 1105 1335 1105 1337 1105 1382 1092 1393 1089 1418 1089 1496 1097 1499 1097 1502 1097 1505 1097 1519 1086 1530 1080 1608 1083 1758 1086 1761 1086 1839 1072 1875 1066 1962 1066 2118 1069 2121 1069 2600 1039 2600 1005 2594 966 560 1053 563 1100"/></Shape>
	    <String CONTENT="La modestie qu&#x27;il affecte augmente encore la confiance qu&#x27;il nis¬"
                    HPOS="560"
                    VPOS="966"
                    WIDTH="2040"
                    HEIGHT="167"
                    WC="0.9919270020264845"></String>
          </TextLine>
          <TextLine ID="eSc_line_32cf0eb9"
                    TAGREFS="LT31"
                    BASELINE="557 1178 2625 1080" 
                    HPOS="554"
                    VPOS="1033"
                    WIDTH="2071"
                    HEIGHT="178">
            <Shape><Polygon POINTS="557 1178 557 1211 911 1183 944 1195 947 1195 950 1195 1153 1172 1499 1172 1499 1170 1502 1170 1569 1153 1613 1164 1616 1164 1619 1164 1622 1164 1683 1147 1856 1153 1859 1153 1978 1133 2029 1144 2031 1144 2034 1144 2157 1125 2330 1131 2332 1131 2335 1131 2391 1114 2622 1117 2625 1080 2622 1033 2438 1033 2436 1033 2344 1047 2254 1058 2204 1053 2143 1047 2140 1047 2073 1061 2023 1069 2004 1064 1981 1055 1978 1055 1976 1055 1973 1055 1928 1066 1895 1078 1750 1078 1493 1078 1491 1078 1488 1078 1446 1092 1427 1097 1376 1094 1257 1089 1254 1089 1251 1089 1248 1089 1229 1103 1223 1105 1204 1103 1145 1097 1142 1097 1047 1111 1014 1117 1003 1114 964 1103 961 1103 958 1103 956 1103 886 1119 875 1122 864 1122 783 1111 780 1111 554 1136 557 1178"/></Shape>
	    <String CONTENT="pire&quot; Genai pas, dit-il, l&#x27;autorité du feu roi &quot; et son respect des for¬"
                    HPOS="554"
                    VPOS="1033"
                    WIDTH="2071"
                    HEIGHT="178"
                    WC="0.9868459784322314"></String>
          </TextLine>
          <TextLine ID="eSc_line_b1ed1ec9"
                    TAGREFS="LT31"
                    BASELINE="549 1242 1728 1197 2580 1142" 
                    HPOS="546"
                    VPOS="1097"
                    WIDTH="2034"
                    HEIGHT="170">
            <Shape><Polygon POINTS="549 1242 549 1267 1546 1236 1700 1217 1702 1217 1783 1225 1786 1225 1789 1225 1853 1209 1856 1209 1859 1209 1892 1220 1895 1220 1898 1220 2580 1172 2580 1142 2575 1097 2344 1108 2341 1108 2299 1125 2162 1117 2132 1117 2129 1117 2126 1117 2115 1119 2068 1136 1978 1128 1953 1125 1951 1125 1948 1125 1931 1131 1878 1147 1541 1161 1507 1150 1502 1150 1499 1150 1496 1150 1493 1150 1491 1150 1491 1153 1474 1164 1407 1156 1365 1153 1362 1153 1360 1153 1337 1161 1298 1172 1201 1167 1128 1164 1126 1164 1070 1175 1006 1186 919 1181 836 1178 833 1178 830 1178 799 1189 769 1200 546 1200 549 1242"/></Shape>
	    <String CONTENT="mes parlementaires raoit les Chambres, si chatouilleuses à l&#x27;égard"
                    HPOS="546"
                    VPOS="1097"
                    WIDTH="2034"
                    HEIGHT="170"
                    WC="0.9791149372485146"></String>
          </TextLine>
          <TextLine ID="eSc_line_d51300da"
                    TAGREFS="LT31"
                    BASELINE="554 1323 1797 1267 2608 1214" 
                    HPOS="551"
                    VPOS="1178"
                    WIDTH="2057"
                    HEIGHT="175">
            <Shape><Polygon POINTS="554 1323 554 1353 738 1339 774 1345 825 1353 827 1353 894 1339 942 1328 1003 1334 1095 1339 1098 1339 1100 1339 1156 1323 1181 1317 1195 1323 1223 1331 1226 1331 1229 1331 1312 1314 1323 1314 1343 1314 1538 1317 1541 1317 1814 1289 1845 1300 1847 1300 1850 1300 2076 1273 2084 1273 2123 1287 2126 1287 2129 1287 2132 1287 2168 1267 2174 1264 2357 1256 2369 1256 2463 1270 2466 1270 2469 1270 2472 1270 2472 1267 2491 1250 2555 1259 2558 1259 2561 1259 2608 1242 2608 1214 2603 1178 551 1281 554 1323"/></Shape>
	    <String CONTENT="des prérogatives de la couronne. &lt;.. ... .  ....&gt;"
                    HPOS="551"
                    VPOS="1178"
                    WIDTH="2057"
                    HEIGHT="175"
                    WC="0.9344713128342921"></String>
          </TextLine>
          <TextLine ID="eSc_line_0d17cbd5"
                    TAGREFS="LT31"
                    BASELINE="557 1392 2631 1298" 
                    HPOS="551"
                    VPOS="1248"
                    WIDTH="2080"
                    HEIGHT="167">
            <Shape><Polygon POINTS="557 1392 557 1415 1290 1404 1407 1398 1410 1398 1413 1398 1435 1381 1466 1395 1468 1395 1471 1395 1630 1370 1647 1370 1663 1370 1836 1378 1839 1378 1984 1356 2020 1351 2029 1353 2051 1365 2054 1365 2056 1365 2132 1348 2157 1345 2176 1348 2263 1359 2266 1359 2268 1359 2271 1359 2291 1342 2296 1339 2307 1342 2383 1353 2385 1353 2388 1353 2436 1337 2449 1328 2631 1326 2631 1298 2625 1248 551 1351 557 1392"/></Shape>
	    <String CONTENT="&quot;Si l&#x27;on devait trouver quelque jour un Poliguac dans les rangs cetto¬"
                    HPOS="551"
                    VPOS="1248"
                    WIDTH="2080"
                    HEIGHT="167"
                    WC="0.9900961969579969"></String>
          </TextLine>
          <TextLine ID="eSc_line_385705c4"
                    TAGREFS="LT31"
                    BASELINE="543 1468 2619 1373" 
                    HPOS="540"
                    VPOS="1323"
                    WIDTH="2079"
                    HEIGHT="178">
            <Shape><Polygon POINTS="543 1468 543 1501 696 1498 699 1498 702 1498 733 1482 975 1484 1053 1484 1056 1484 1081 1479 1153 1462 1192 1473 1209 1479 1212 1479 1215 1479 1360 1465 1552 1448 1753 1448 1925 1448 1925 1445 1928 1445 1931 1445 1931 1443 1939 1437 1953 1423 2232 1415 2274 1420 2313 1429 2316 1429 2318 1429 2349 1417 2383 1406 2619 1406 2619 1373 2614 1323 2363 1348 2143 1345 2140 1345 1995 1367 540 1417 543 1468"/></Shape>
	    <String CONTENT="liquis, s&#x27;cériera le député Orts en 1876, ce qu&#x27;on ne trouvera jenais au"
                    HPOS="540"
                    VPOS="1323"
                    WIDTH="2079"
                    HEIGHT="178"
                    WC="0.9836764699882932"></String>
          </TextLine>
          <TextLine ID="eSc_line_eb87b192"
                    TAGREFS="LT31"
                    BASELINE="554 1546 1552 1498" 
                    HPOS="549"
                    VPOS="1456"
                    WIDTH="1003"
                    HEIGHT="115">
            <Shape><Polygon POINTS="554 1546 554 1571 1552 1529 1552 1498 1546 1459 1257 1456 1254 1456 1148 1476 1131 1479 1117 1479 1022 1468 1020 1468 1017 1468 1014 1468 1014 1470 997 1484 997 1487 783 1495 769 1495 674 1484 671 1484 668 1484 666 1484 666 1487 663 1487 652 1501 613 1487 610 1487 607 1487 604 1487 549 1504 554 1546"/></Shape>
	    <String CONTENT="Belgique, c&#x27;est un Charles Xo."
                    HPOS="549"
                    VPOS="1456"
                    WIDTH="1003"
                    HEIGHT="115"
                    WC="0.9983212232589722"></String>
          </TextLine>
          <TextLine ID="eSc_line_d8f49e1e"
                    TAGREFS="LT31"
                    BASELINE="596 1618 2397 1515 2642 1509" 
                    HPOS="590"
                    VPOS="1454"
                    WIDTH="2052"
                    HEIGHT="186">
            <Shape><Polygon POINTS="596 1618 596 1640 1190 1629 1298 1610 1360 1599 1783 1576 1839 1585 1875 1590 1878 1590 1917 1582 1987 1565 2045 1576 2070 1579 2073 1579 2140 1571 2327 1546 2639 1546 2642 1509 2633 1462 2558 1468 2550 1465 2525 1454 2522 1454 2519 1454 2516 1454 2514 1454 2494 1468 2488 1473 2369 1479 2355 1476 2327 1465 2324 1465 2321 1465 2318 1465 2282 1479 2266 1487 2115 1493 2079 1490 2026 1482 2023 1482 1937 1495 1873 1507 1853 1501 1831 1493 1828 1493 1825 1493 1775 1504 1725 1515 1675 1509 1630 1504 1627 1504 1624 1504 1597 1512 1563 1523 1466 1521 1401 1518 1399 1518 1396 1518 1393 1518 1388 1523 1374 1537 1145 1537 1070 1537 1067 1537 1064 1537 1050 1540 986 1557 967 1546 964 1543 961 1543 958 1543 956 1543 905 1548 688 1573 590 1565 596 1618"/></Shape>
	    <String CONTENT="Pourtant, si grande que soit la sé duction qu&#x27;il exerce, elle a ses limi¬"
                    HPOS="590"
                    VPOS="1454"
                    WIDTH="2052"
                    HEIGHT="186"
                    WC="0.9895465031062087"></String>
          </TextLine>
          <TextLine ID="eSc_line_85d80884"
                    TAGREFS="LT31"
                    BASELINE="546 1693 1390 1657 2586 1582" 
                    HPOS="540"
                    VPOS="1529"
                    WIDTH="2046"
                    HEIGHT="189">
            <Shape><Polygon POINTS="546 1693 546 1718 2586 1612 2586 1582 2575 1529 2511 1551 2441 1537 2438 1537 2299 1562 2140 1554 2132 1554 2129 1554 2123 1554 2015 1579 1794 1573 1772 1573 1769 1573 1767 1573 1764 1573 1711 1596 1597 1585 1591 1585 1588 1585 1585 1585 1583 1585 1519 1607 1413 1596 1410 1596 1407 1596 1404 1596 1371 1612 1332 1599 1329 1599 1326 1599 1323 1599 1321 1599 1315 1601 1273 1621 1243 1610 1240 1610 1237 1610 1234 1610 1231 1610 1231 1612 1218 1624 1031 1621 1028 1621 925 1640 855 1626 850 1626 847 1626 844 1626 838 1626 758 1649 713 1635 710 1635 707 1635 705 1635 702 1635 699 1635 666 1651 540 1646 546 1693"/></Shape>
	    <String CONTENT="tes dans l&#x27;esprit de parlé. &lt;.  ...&gt; Durant tout"
                    HPOS="540"
                    VPOS="1529"
                    WIDTH="2046"
                    HEIGHT="189"
                    WC="0.9660349984963735"></String>
          </TextLine>
          <TextLine ID="eSc_line_9048a976"
                    TAGREFS="LT31"
                    BASELINE="549 1769 2043 1682 2625 1660" 
                    HPOS="543"
                    VPOS="1615"
                    WIDTH="2082"
                    HEIGHT="187">
            <Shape><Polygon POINTS="549 1769 549 1791 646 1802 649 1802 811 1780 852 1771 1031 1769 1507 1755 1622 1738 1711 1727 1783 1730 1859 1735 1861 1735 1917 1724 1976 1713 2012 1718 2040 1724 2043 1724 2045 1724 2048 1724 2056 1718 2073 1704 2625 1688 2625 1660 2622 1615 2316 1615 2313 1615 2310 1615 2277 1632 2274 1632 2171 1624 2168 1624 2165 1624 2162 1624 2143 1638 2115 1626 2112 1626 2109 1626 1976 1649 1956 1654 1909 1654 1555 1657 1463 1677 1452 1682 1410 1682 1103 1682 1100 1682 1011 1702 1000 1704 989 1704 903 1693 900 1693 677 1721 649 1724 643 1724 602 1710 599 1710 596 1710 593 1710 543 1727 549 1769"/></Shape>
	    <String CONTENT="son règne, l&#x27;intérêt national qu&#x27;il incarne s&#x27;est trouvé aux prères"
                    HPOS="543"
                    VPOS="1615"
                    WIDTH="2082"
                    HEIGHT="187"
                    WC="0.9845138040941153"></String>
          </TextLine>
          <TextLine ID="eSc_line_4accb08e"
                    TAGREFS="LT31"
                    BASELINE="551 1841 1499 1794 2034 1752 2586 1735" 
                    HPOS="546"
                    VPOS="1679"
                    WIDTH="2040"
                    HEIGHT="195">
            <Shape><Polygon POINTS="551 1841 554 1874 627 1858 694 1869 707 1869 710 1869 713 1869 719 1866 772 1847 947 1855 972 1855 975 1855 978 1855 981 1855 981 1852 995 1841 1151 1844 1176 1844 1178 1844 1181 1844 1184 1844 1212 1827 1335 1835 1362 1835 1365 1835 1368 1835 1376 1833 1421 1813 1457 1827 1463 1830 1466 1830 1468 1830 1471 1830 1474 1830 1477 1827 1496 1813 1594 1821 1611 1821 1613 1821 1630 1819 1739 1799 1825 1810 1845 1810 1847 1810 1850 1810 1859 1808 1912 1788 1995 1799 2015 1802 2017 1802 2037 1799 2126 1777 2268 1782 2271 1782 2352 1766 2385 1780 2391 1782 2394 1782 2397 1782 2419 1780 2508 1757 2583 1769 2586 1735 2580 1679 2502 1679 2500 1679 2497 1679 2494 1679 2494 1682 2491 1682 2472 1699 2305 1693 2232 1693 2229 1693 2165 1702 2065 1718 1984 1713 1909 1710 1906 1710 1903 1710 1900 1710 1892 1718 1881 1727 1847 1721 1797 1716 1794 1716 1792 1716 1764 1727 1736 1738 1588 1738 1482 1738 1480 1738 1354 1752 1254 1763 1231 1760 1181 1749 1178 1749 1176 1749 1142 1766 1131 1769 1126 1766 1095 1752 1092 1752 1089 1752 1087 1752 1045 1771 1034 1774 1028 1771 995 1757 992 1757 989 1757 880 1763 877 1763 875 1763 875 1766 861 1780 546 1799 551 1841"/></Shape>
	    <String CONTENT="avec l&#x27;intéret électorel qui domine au purlement. Il lui a fallu"
                    HPOS="546"
                    VPOS="1679"
                    WIDTH="2040"
                    HEIGHT="195"
                    WC="0.9953473173081875"></String>
          </TextLine>
          <TextLine ID="eSc_line_a8f4a3e6"
                    TAGREFS="LT31"
                    BASELINE="549 1908 2592 1810" 
                    HPOS="546"
                    VPOS="1771"
                    WIDTH="2046"
                    HEIGHT="156">
            <Shape><Polygon POINTS="549 1908 549 1927 1368 1905 2592 1833 2592 1810 2586 1771 546 1863 549 1908"/></Shape>
	    <String CONTENT="autant s&#x27;apusiâtreté pour amener les Chambres à votes le meruses"
                    HPOS="546"
                    VPOS="1771"
                    WIDTH="2046"
                    HEIGHT="156"
                    WC="0.9972721008154062"></String>
          </TextLine>
          <TextLine ID="eSc_line_127f0d38"
                    TAGREFS="LT31"
                    BASELINE="532 1986 1622 1944 2561 1883" 
                    HPOS="529"
                    VPOS="1838"
                    WIDTH="2032"
                    HEIGHT="184">
            <Shape><Polygon POINTS="532 1986 532 2011 646 2008 652 2008 696 2022 699 2022 702 2022 930 1994 986 1989 1011 1989 1103 1997 1106 1997 1109 1997 1148 1983 1151 1983 1198 1997 1201 1997 1204 1997 1652 1975 1655 1975 1722 1955 1742 1969 1744 1969 1747 1969 1750 1969 1833 1952 1923 1961 1925 1961 1928 1961 1995 1938 1998 1938 2009 1938 2143 1944 2146 1944 2369 1919 2377 1919 2383 1919 2480 1933 2483 1933 2486 1933 2561 1908 2561 1883 2553 1838 2505 1852 2447 1844 2427 1841 2424 1841 2422 1841 2408 1844 2366 1858 2165 1858 2098 1858 2095 1858 2093 1858 2090 1858 2087 1860 2062 1877 2015 1866 2006 1863 2004 1863 2001 1863 1998 1863 1995 1863 1995 1866 1992 1866 1973 1883 1831 1877 1828 1877 1825 1877 1822 1877 1797 1894 1471 1908 1432 1894 1424 1891 1421 1891 1418 1891 1415 1891 1404 1897 1357 1913 1240 1905 1209 1902 1206 1902 1170 1908 1059 1927 1039 1913 1036 1911 1034 1911 1031 1911 1028 1911 983 1916 850 1941 529 1941 532 1986"/></Shape>
	    <String CONTENT="mdispensables à la défense du pays, que pour crier l&#x27;Etat du Congo¬"
                    HPOS="529"
                    VPOS="1838"
                    WIDTH="2032"
                    HEIGHT="184"
                    WC="0.9832606254255071"></String>
          </TextLine>
          <TextLine ID="eSc_line_ca20e27c"
                    TAGREFS="LT31"
                    BASELINE="546 2055 1482 2028 2132 1983 2625 1966" 
                    HPOS="540"
                    VPOS="1930"
                    WIDTH="2085"
                    HEIGHT="148">
            <Shape><Polygon POINTS="546 2055 546 2078 2625 1997 2625 1966 2619 1930 1900 1944 1898 1944 1842 1964 1825 1966 1758 1966 1624 1964 1622 1964 1535 1975 1496 1980 1493 1977 1474 1964 1471 1964 1468 1964 1466 1964 1360 1966 1357 1966 1318 1986 1312 1989 1087 1997 1067 1994 978 1983 975 1983 838 2005 813 2008 802 2008 716 1994 713 1994 710 1994 657 2014 654 2014 652 2014 618 1997 615 1997 613 1997 610 1997 540 2016 546 2055"/></Shape>
	    <String CONTENT="&lt;........ ....... . ....&gt;"
                    HPOS="540"
                    VPOS="1930"
                    WIDTH="2085"
                    HEIGHT="148"
                    WC="0.8896953821182251"></String>
          </TextLine>
          <TextLine ID="eSc_line_031bd864"
                    TAGREFS="LT31"
                    BASELINE="535 2133 2566 2032 2649 2052" 
                    HPOS="532"
                    VPOS="1986"
                    WIDTH="2115"
                    HEIGHT="173">
            <Shape><Polygon POINTS="535 2159 1755 2114 1758 2114 1778 2108 1828 2094 1987 2100 2043 2100 2045 2100 2048 2100 2062 2097 2115 2081 2199 2089 2221 2092 2224 2092 2226 2092 2238 2089 2293 2072 2355 2081 2357 2081 2514 2061 2642 2069 2647 2047 2645 1994 2497 2000 2494 2000 2463 1986 2461 1986 2458 1986 2455 1986 2416 2003 2416 2005 2157 2016 2151 2016 2107 2003 2104 2003 2101 2003 2098 2003 2048 2016 1870 2014 1867 2014 1864 2014 1814 2033 1811 2033 1794 2019 1792 2019 1789 2019 1786 2019 1702 2039 1694 2039 1689 2039 1641 2025 1638 2025 1636 2025 1633 2025 1569 2044 1563 2044 1552 2044 1415 2036 1413 2036 1410 2036 1407 2036 1407 2039 1393 2053 1390 2055 1346 2055 942 2058 939 2058 936 2058 916 2075 914 2075 897 2075 707 2069 705 2069 532 2092 535 2133"/></Shape>
	    <String CONTENT="&lt;...... . ... .. ..&gt; Il a fini par luises dans"
                    HPOS="532"
                    VPOS="1986"
                    WIDTH="2115"
                    HEIGHT="173"
                    WC="0.9149574028409045"></String>
          </TextLine>
          <TextLine ID="eSc_line_9696f04b"
                    TAGREFS="LT34"
                    BASELINE="1801 2104 1876 2115" 
                    HPOS="1801"
                    VPOS="2104"
                    WIDTH="75"
                    HEIGHT="11">
	    <String CONTENT=""
                    HPOS="1801"
                    VPOS="2104"
                    WIDTH="75"
                    HEIGHT="11"></String>
          </TextLine>
          <TextLine ID="eSc_line_77a30120"
                    TAGREFS="LT31"
                    BASELINE="546 2198 2632 2107" 
                    HPOS="540"
                    VPOS="2061"
                    WIDTH="2079"
                    HEIGHT="173">
            <Shape><Polygon POINTS="546 2220 593 2234 596 2234 599 2234 707 2214 727 2211 752 2211 900 2220 903 2220 905 2220 953 2203 964 2200 995 2200 1103 2209 1106 2209 1187 2192 1215 2189 1259 2189 1371 2195 1374 2195 1438 2184 1463 2178 1468 2181 1485 2192 1488 2192 1491 2192 1493 2192 1611 2175 1638 2172 1705 2172 1970 2172 1970 2170 2037 2156 2090 2145 2619 2131 2619 2100 2614 2061 2377 2075 2346 2072 2266 2064 2263 2064 2260 2064 2257 2064 2257 2067 2243 2078 2240 2081 2232 2078 2190 2069 2187 2069 2185 2069 2157 2081 2151 2083 2146 2083 2098 2072 2095 2072 2015 2089 1998 2092 1992 2089 1967 2078 1964 2078 1962 2078 1959 2078 1956 2078 1939 2092 1934 2094 1923 2094 1847 2083 1845 2083 1702 2103 1666 2108 1658 2106 1627 2094 1624 2094 1622 2094 1619 2094 1558 2111 1544 2114 1532 2111 1493 2100 1491 2100 1488 2100 1485 2100 1418 2117 1407 2120 1393 2120 1312 2108 1309 2108 1307 2108 1259 2125 1248 2128 1240 2125 1198 2114 1195 2114 1192 2114 1039 2136 1011 2139 1003 2136 969 2125 967 2125 964 2125 961 2125 900 2142 889 2145 875 2145 797 2133 794 2133 791 2133 788 2133 788 2136 774 2147 772 2150 769 2150 724 2136 721 2136 719 2136 540 2159 546 2198"/></Shape>
	    <String CONTENT="cette lutte miersante &lt;... ...&gt; qui subsistrit d&#x27;une popu¬"
                    HPOS="540"
                    VPOS="2061"
                    WIDTH="2079"
                    HEIGHT="173"
                    WC="0.9571126067432864"></String>
          </TextLine>
          <TextLine ID="eSc_line_065e6ddb"
                    TAGREFS="LT31"
                    BASELINE="537 2267 1931 2214 2619 2172" 
                    HPOS="535"
                    VPOS="2131"
                    WIDTH="2084"
                    HEIGHT="167">
            <Shape><Polygon POINTS="537 2267 537 2289 733 2298 735 2298 850 2278 866 2273 1025 2270 2179 2237 2422 2209 2441 2209 2449 2209 2569 2220 2572 2220 2575 2220 2619 2200 2619 2172 2614 2131 2316 2139 2313 2139 2310 2139 2307 2142 2288 2156 2249 2145 2235 2139 2232 2139 2229 2139 2190 2145 2095 2164 2004 2153 1970 2150 1967 2150 1964 2150 1948 2156 1898 2172 1714 2167 1711 2167 1510 2189 1460 2175 1454 2172 1452 2172 1449 2172 1446 2172 1435 2175 1362 2195 1265 2181 1248 2181 1245 2181 1243 2181 1234 2184 1178 2203 1073 2189 1064 2189 1061 2189 1059 2189 1056 2189 1031 2209 1014 2195 1011 2195 1008 2195 1006 2195 1003 2195 1000 2195 978 2209 947 2195 944 2195 942 2195 785 2200 783 2200 780 2200 755 2217 663 2206 660 2206 657 2206 654 2206 652 2206 627 2225 535 2211 537 2267"/></Shape>
	    <String CONTENT="larité déjà lun ébraulée par l&#x27; aventure africaine &quot;. Mais il ne roy¬"
                    HPOS="535"
                    VPOS="2131"
                    WIDTH="2084"
                    HEIGHT="167"
                    WC="0.983572012272434"></String>
          </TextLine>
          <TextLine ID="eSc_line_1206ad0e"
                    TAGREFS="LT31"
                    BASELINE="535 2334 2606 2245" 
                    HPOS="532"
                    VPOS="2209"
                    WIDTH="2074"
                    HEIGHT="150">
            <Shape><Polygon POINTS="535 2334 535 2359 1959 2312 2123 2292 2154 2289 2201 2289 2475 2289 2477 2289 2603 2270 2606 2245 2600 2209 532 2292 535 2334"/></Shape>
	    <String CONTENT="ait dans la popularité qu&#x27;une &quot;émme&quot; méprisable. &lt;....&gt;"
                    HPOS="532"
                    VPOS="2209"
                    WIDTH="2074"
                    HEIGHT="150"
                    WC="0.9641623605381359"></String>
          </TextLine>
          <TextLine ID="eSc_line_012e9a67"
                    TAGREFS="LT31"
                    BASELINE="529 2404 1867 2356 2606 2312" 
                    HPOS="526"
                    VPOS="2276"
                    WIDTH="2080"
                    HEIGHT="164">
            <Shape><Polygon POINTS="529 2404 529 2432 635 2440 638 2440 641 2440 668 2426 682 2420 705 2426 749 2434 752 2434 755 2434 758 2434 772 2423 777 2415 1000 2406 1042 2409 1134 2420 1137 2420 1139 2420 1190 2404 1209 2398 1312 2398 1608 2401 1611 2401 1739 2379 1747 2379 1769 2393 1772 2393 1775 2393 1778 2393 1847 2379 1945 2387 1948 2387 2313 2354 2330 2354 2335 2354 2416 2367 2419 2367 2606 2340 2606 2312 2600 2276 526 2367 529 2404"/></Shape>
	    <String CONTENT="&lt;...&gt; Il a comme l&#x27;amertume; il n&#x27;a pas coe le découragement"
                    HPOS="526"
                    VPOS="2276"
                    WIDTH="2080"
                    HEIGHT="164"
                    WC="0.9842137038707733"></String>
          </TextLine>
          <TextLine ID="eSc_line_f731caea"
                    TAGREFS="LT34"
                    BASELINE="639 2441 893 2432" 
                    HPOS="639"
                    VPOS="2432"
                    WIDTH="254"
                    HEIGHT="9">
	    <String CONTENT=""
                    HPOS="639"
                    VPOS="2432"
                    WIDTH="254"
                    HEIGHT="9"></String>
          </TextLine>
          <TextLine ID="eSc_line_814aeea7"
                    TAGREFS="LT31"
                    BASELINE="532 2476 1650 2437 2589 2384" 
                    HPOS="526"
                    VPOS="2334"
                    WIDTH="2063"
                    HEIGHT="167">
            <Shape><Polygon POINTS="532 2476 532 2501 2589 2412 2589 2384 2580 2334 2544 2354 2511 2337 2505 2334 2502 2334 2500 2334 2497 2334 2483 2340 2408 2362 2318 2354 2316 2354 2313 2354 2310 2354 2293 2367 2179 2354 2160 2351 2157 2351 2135 2354 2020 2379 1942 2362 1931 2362 1928 2362 1925 2362 1920 2365 1859 2390 526 2426 532 2476"/></Shape>
	    <String CONTENT="et &lt;...&gt; le plus beaugous de sur pègue est-l celeci où, sur son tit de"
                    HPOS="526"
                    VPOS="2334"
                    WIDTH="2063"
                    HEIGHT="167"
                    WC="0.9753100463322231"></String>
          </TextLine>
          <TextLine ID="eSc_line_9a47249e"
                    TAGREFS="LT31"
                    BASELINE="529 2546 1767 2507 2633 2454" 
                    HPOS="526"
                    VPOS="2409"
                    WIDTH="2107"
                    HEIGHT="167">
            <Shape><Polygon POINTS="529 2546 529 2576 2633 2496 2633 2454 2628 2409 2332 2437 2126 2432 2073 2432 2070 2432 2040 2437 1934 2454 1842 2445 1806 2443 1803 2443 1800 2443 1775 2448 1719 2465 1519 2471 1488 2462 1468 2457 1466 2457 1463 2457 1460 2457 1432 2465 1393 2476 1332 2471 1282 2465 1279 2465 1276 2465 1257 2473 1237 2484 819 2498 811 2496 791 2484 788 2484 785 2484 526 2507 529 2546"/></Shape>
	    <String CONTENT="mort, il a pu apposer sa demière signature à la loi qui réorganirait"
                    HPOS="526"
                    VPOS="2409"
                    WIDTH="2107"
                    HEIGHT="167"
                    WC="0.9978082344151925"></String>
          </TextLine>
          <TextLine ID="eSc_line_e1a9a77c"
                    TAGREFS="LT31"
                    BASELINE="523 2613 1669 2576" 
                    HPOS="521"
                    VPOS="2535"
                    WIDTH="1148"
                    HEIGHT="103">
            <Shape><Polygon POINTS="523 2613 523 2638 1669 2607 1669 2576 1661 2535 521 2568 523 2613"/></Shape>
	    <String CONTENT="enfin les forus militaires de da Belgique."
                    HPOS="521"
                    VPOS="2535"
                    WIDTH="1148"
                    HEIGHT="103"
                    WC="0.964828108038221"></String>
          </TextLine>
          <TextLine ID="eSc_line_b13a8384"
                    TAGREFS="LT31"
                    BASELINE="537 2710 2553 2632" 
                    HPOS="535"
                    VPOS="2576"
                    WIDTH="2018"
                    HEIGHT="170">
            <Shape><Polygon POINTS="537 2710 537 2735 707 2746 710 2746 791 2730 816 2746 819 2746 822 2746 825 2746 969 2724 975 2724 978 2724 1109 2735 1112 2735 1114 2735 1117 2735 1142 2718 1148 2716 1173 2718 1226 2721 1229 2721 1231 2721 1245 2716 1259 2707 1276 2713 1312 2727 1315 2727 1318 2727 1449 2710 1521 2699 1558 2705 1599 2713 1602 2713 1605 2713 1608 2713 1608 2710 1616 2705 1627 2693 1689 2702 1758 2710 1761 2710 1764 2710 1811 2699 1853 2688 1912 2693 1973 2702 1976 2702 2037 2691 2132 2674 2550 2674 2553 2632 2550 2599 2480 2576 2477 2576 2475 2576 2472 2576 2402 2601 2157 2590 2154 2590 1990 2615 1970 2618 1945 2618 1811 2610 1808 2610 1806 2610 1753 2624 1739 2627 1722 2624 1616 2610 1613 2610 1499 2632 1466 2640 1360 2640 1351 2638 1335 2624 1332 2624 1329 2624 1326 2624 1323 2624 1321 2624 1298 2638 1290 2643 1234 2640 1056 2632 1053 2632 933 2638 930 2638 903 2652 883 2663 716 2663 705 2657 685 2646 682 2646 680 2646 677 2646 535 2663 537 2710"/></Shape>
	    <String CONTENT="Se auvre &lt;u. .......&gt; parait plus grande quand l&#x27;on songe aux"
                    HPOS="535"
                    VPOS="2576"
                    WIDTH="2018"
                    HEIGHT="170"
                    WC="0.9605858286873239"></String>
          </TextLine>
          <TextLine ID="eSc_line_2b694b1a"
                    TAGREFS="LT31"
                    BASELINE="529 2780 1075 2771 1655 2738 2580 2710" 
                    HPOS="526"
                    VPOS="2666"
                    WIDTH="2054"
                    HEIGHT="142">
            <Shape><Polygon POINTS="529 2780 529 2808 1198 2796 1262 2783 1287 2777 1329 2780 1438 2788 1440 2788 1602 2769 1644 2766 1666 2766 1772 2777 1775 2777 1778 2777 1781 2777 1781 2774 1794 2763 1797 2757 2210 2746 2235 2746 2388 2755 2391 2755 2578 2732 2580 2710 2572 2666 526 2741 529 2780"/></Shape>
	    <String CONTENT="circonstanes au milieu desquelles il l&#x27;a réalisée. A l&#x27;intérieus, son"
                    HPOS="526"
                    VPOS="2666"
                    WIDTH="2054"
                    HEIGHT="142"
                    WC="0.9944333684617195"></String>
          </TextLine>
          <TextLine ID="eSc_line_acfea04f"
                    TAGREFS="LT31"
                    BASELINE="518 2855 2502 2788" 
                    HPOS="515"
                    VPOS="2735"
                    WIDTH="1987"
                    HEIGHT="145">
            <Shape><Polygon POINTS="518 2855 518 2880 1011 2858 1120 2866 1173 2869 1176 2869 1206 2863 1265 2849 1296 2861 1307 2863 1309 2863 1312 2863 1488 2858 1521 2852 1613 2838 1655 2849 1666 2852 1669 2852 1672 2852 1694 2847 1758 2833 1892 2841 1900 2841 1903 2841 1920 2841 2185 2819 2238 2830 2246 2833 2249 2833 2252 2833 2268 2830 2341 2813 2500 2822 2502 2788 2497 2752 2410 2735 2408 2735 2405 2735 2332 2755 2321 2757 2307 2757 2224 2746 2221 2746 2129 2763 2118 2763 2115 2763 2084 2746 2082 2746 2079 2746 2076 2746 2009 2766 2004 2766 1992 2766 1831 2755 1828 2755 1825 2755 1761 2774 1747 2777 1736 2774 1702 2763 1700 2763 1697 2763 1594 2780 1563 2783 1549 2780 1505 2766 1502 2766 1499 2766 1496 2766 1466 2780 1427 2769 1424 2769 1421 2769 1418 2769 1415 2769 1415 2771 1399 2785 1393 2788 1354 2785 1229 2777 1226 2777 1223 2777 1181 2791 1165 2799 1056 2799 1045 2796 1025 2783 1022 2783 1020 2783 1017 2783 1014 2783 1011 2783 1011 2785 997 2796 995 2802 922 2805 911 2799 897 2794 894 2794 891 2794 515 2810 518 2855"/></Shape>
	    <String CONTENT="règue a come l&#x27;apogée des tuttes de partis, la crise de le revsion"
                    HPOS="515"
                    VPOS="2735"
                    WIDTH="1987"
                    HEIGHT="145"
                    WC="0.9913138982021448"></String>
          </TextLine>
          <TextLine ID="eSc_line_1a8b6a68"
                    TAGREFS="LT31"
                    BASELINE="529 2925 2592 2861" 
                    HPOS="526"
                    VPOS="2813"
                    WIDTH="2066"
                    HEIGHT="145">
            <Shape><Polygon POINTS="529 2925 529 2947 702 2958 705 2958 2592 2886 2592 2861 2583 2813 526 2883 529 2925"/></Shape>
	    <String CONTENT="cnstitutionuelle, les débuts de la démocratisation du pays; A l&#x27;exté¬"
                    HPOS="526"
                    VPOS="2813"
                    WIDTH="2066"
                    HEIGHT="145"
                    WC="0.9891825214676235"></String>
          </TextLine>
          <TextLine ID="eSc_line_3457ee35"
                    TAGREFS="LT31"
                    BASELINE="523 3000 2572 2941" 
                    HPOS="521"
                    VPOS="2900"
                    WIDTH="2051"
                    HEIGHT="125">
            <Shape><Polygon POINTS="523 3000 523 3025 2572 2975 2572 2941 2564 2900 521 2952 523 3000"/></Shape>
	    <String CONTENT="récus,  les bouleverséments europens qui de la bataille de Sadoeva"
                    HPOS="521"
                    VPOS="2900"
                    WIDTH="2051"
                    HEIGHT="125"
                    WC="0.9827397113496606"></String>
          </TextLine>
          <TextLine ID="eSc_line_d3217eb5"
                    TAGREFS="LT31"
                    BASELINE="518 3075 2586 3025" 
                    HPOS="515"
                    VPOS="2969"
                    WIDTH="2071"
                    HEIGHT="126">
            <Shape><Polygon POINTS="518 3075 518 3095 2583 3050 2586 3025 2578 2969 2031 2997 1992 2986 1987 2986 1984 2986 1981 2986 1978 2986 1973 2989 1948 3000 1931 2989 1928 2986 1925 2986 1923 2986 1920 2986 1806 2989 1803 2989 1792 2994 1767 3005 1527 3003 1365 3000 1362 3000 1360 3000 1335 3008 1307 3017 1067 3017 763 3017 760 3017 758 3017 755 3017 741 3028 735 3030 716 3028 641 3017 638 3017 515 3033 518 3075"/></Shape>
	    <String CONTENT="et de la guerre de 1870 devaient a boutir à la catastrophe mondiale"
                    HPOS="515"
                    VPOS="2969"
                    WIDTH="2071"
                    HEIGHT="126"
                    WC="0.9921326584675733"></String>
          </TextLine>
          <TextLine ID="eSc_line_37ecad0e"
                    TAGREFS="LT31"
                    BASELINE="523 3159 2555 3103" 
                    HPOS="521"
                    VPOS="3050"
                    WIDTH="2034"
                    HEIGHT="145">
            <Shape><Polygon POINTS="523 3159 523 3178 621 3195 624 3195 627 3195 680 3178 822 3189 825 3189 942 3170 950 3170 964 3170 1226 3178 1229 3178 1231 3178 1276 3161 1282 3161 1293 3161 1415 3173 1418 3173 1421 3173 1480 3156 1488 3156 1507 3156 1636 3167 1638 3167 1859 3147 1945 3142 2001 3145 2121 3153 2123 3153 2126 3153 2129 3153 2143 3142 2154 3134 2555 3131 2555 3103 2547 3050 521 3108 523 3159"/></Shape>
	    <String CONTENT="de 1914. &lt;.... .. ......&gt; Que l&#x27;on ajoute à cela les"
                    HPOS="521"
                    VPOS="3050"
                    WIDTH="2034"
                    HEIGHT="145"
                    WC="0.9433824824837019"></String>
          </TextLine>
          <TextLine ID="eSc_line_5cab11e2"
                    TAGREFS="LT31"
                    BASELINE="518 3234 2555 3192" 
                    HPOS="515"
                    VPOS="3136"
                    WIDTH="2040"
                    HEIGHT="137">
            <Shape><Polygon POINTS="518 3234 521 3273 574 3259 615 3270 624 3273 627 3273 629 3273 632 3273 635 3273 638 3270 663 3256 758 3267 766 3267 769 3267 783 3267 930 3251 969 3262 978 3264 981 3264 983 3264 1042 3259 1220 3245 1287 3253 1326 3259 1329 3259 1602 3253 1605 3253 1624 3245 1644 3237 1686 3245 1728 3251 1730 3251 1733 3251 1764 3242 1794 3234 1828 3239 1870 3248 1873 3248 1875 3248 1900 3239 1923 3231 1973 3237 2029 3242 2031 3242 2079 3234 2107 3228 2112 3234 2126 3242 2129 3242 2132 3242 2135 3242 2137 3242 2140 3242 2140 3239 2148 3231 2154 3228 2182 3231 2263 3239 2266 3239 2555 3220 2555 3192 2547 3136 2419 3150 2338 3139 2321 3139 2318 3139 2316 3139 2310 3142 2271 3156 2017 3147 1964 3147 1962 3147 1959 3147 1953 3150 1923 3161 1898 3150 1886 3147 1884 3147 1881 3147 1878 3147 1861 3153 1817 3164 1599 3159 1480 3156 1477 3156 1446 3161 1401 3173 1379 3164 1368 3159 1365 3159 1362 3159 1293 3167 1181 3178 1109 3170 1070 3167 1067 3167 1064 3167 1061 3167 1061 3170 1059 3173 1047 3181 928 3175 819 3170 816 3170 813 3170 791 3178 766 3186 741 3181 713 3173 710 3173 707 3173 666 3181 632 3189 604 3184 576 3175 574 3175 571 3175 515 3184 518 3234"/></Shape>
	    <String CONTENT="bistesses de l&#x27;existence du roi, la mort primaturée de son fils, la"
                    HPOS="515"
                    VPOS="3136"
                    WIDTH="2040"
                    HEIGHT="137"
                    WC="0.9942147473790752"></String>
          </TextLine>
        </TextBlock>
      </PrintSpace>
    </Page>
  </Layout>
</alto>
