<?xml version="1.0" encoding="UTF-8"?>
<alto xmlns:xsi="http://www.w3.org/2001/XMLSchema-instance"
      xmlns="http://www.loc.gov/standards/alto/ns-v4#"
      xsi:schemaLocation="http://www.loc.gov/standards/alto/ns-v4# http://www.loc.gov/standards/alto/v4/alto-4-2.xsd">
  <Description>
    <MeasurementUnit>pixel</MeasurementUnit>
    <sourceImageInformation>
      <fileName>ARCH-DIV-000496_0074.png</fileName>
    </sourceImageInformation>
  </Description>
  <Tags>
    <OtherTag ID="BT42" LABEL="MainZone" DESCRIPTION="block type MainZone"/><OtherTag ID="BT43" LABEL="MarginTextZone" DESCRIPTION="block type MarginTextZone"/><OtherTag ID="BT44" LABEL="NumberingZone" DESCRIPTION="block type NumberingZone"/><OtherTag ID="BT45" LABEL="TitlePageZone" DESCRIPTION="block type TitlePageZone"/><OtherTag ID="BT46" LABEL="CustomZone:Numbering" DESCRIPTION="block type CustomZone:Numbering"/><OtherTag ID="BT49" LABEL="MarginTextZone:lower" DESCRIPTION="block type MarginTextZone:lower"/>
    <OtherTag ID="LT25" LABEL="default" DESCRIPTION="line type default"/><OtherTag ID="LT31" LABEL="DefaultLine" DESCRIPTION="line type DefaultLine"/><OtherTag ID="LT32" LABEL="HeadingLine" DESCRIPTION="line type HeadingLine"/><OtherTag ID="LT33" LABEL="InterlinearLine:addition" DESCRIPTION="line type InterlinearLine:addition"/><OtherTag ID="LT34" LABEL="InterlinearLine:correction" DESCRIPTION="line type InterlinearLine:correction"/>
  </Tags>
  <Layout>
    <Page WIDTH="2790"
          HEIGHT="3306"
          PHYSICAL_IMG_NR="73"
          ID="eSc_dummypage_">
      <PrintSpace HPOS="0"
                  VPOS="0"
                  WIDTH="2790"
                  HEIGHT="3306">
        <TextBlock HPOS="173"
                   VPOS="67"
                   WIDTH="300"
                   HEIGHT="187"
                   ID="eSc_textblock_519331b1"
                   TAGREFS="BT44">
          <Shape><Polygon POINTS="173 67 173 254 420 254 473 254 473 67"/></Shape>
          <TextLine ID="eSc_line_fd6ae843"
                    TAGREFS="LT31"
                    BASELINE="274 138 411 182" 
                    HPOS="314"
                    VPOS="99"
                    WIDTH="94"
                    HEIGHT="126">
            <Shape><Polygon POINTS="325 225 408 214 402 146 394 99 314 115 319 154"/></Shape>
	    <String CONTENT="9)"
                    HPOS="314"
                    VPOS="99"
                    WIDTH="94"
                    HEIGHT="126"
                    WC="0.9999951720237732"></String>
          </TextLine>
        </TextBlock>
        <TextBlock HPOS="570"
                   VPOS="74"
                   WIDTH="2205"
                   HEIGHT="2160"
                   ID="eSc_textblock_768d5ebd"
                   TAGREFS="BT42">
          <Shape><Polygon POINTS="570 74 570 2234 2775 2234 2775 74"/></Shape>
          <TextLine ID="eSc_line_ba970b3a"
                    TAGREFS="LT31"
                    BASELINE="683 121 1474 115 2649 129" 
                    HPOS="683"
                    VPOS="52"
                    WIDTH="1966"
                    HEIGHT="113">
            <Shape><Polygon POINTS="683 121 683 140 766 140 769 140 788 157 791 157 793 157 796 157 799 157 849 143 1182 157 1185 157 1188 157 1190 157 1204 146 1207 143 1213 146 1243 159 1246 159 1248 159 1251 159 1284 148 1290 146 1698 146 1734 154 1775 162 1778 162 1921 157 2095 148 2153 159 2183 165 2186 165 2252 159 2384 151 2643 165 2649 129 2646 71 2437 60 2434 60 2431 60 2395 71 2348 82 2257 71 2158 57 2155 57 2153 57 2100 71 2062 79 2023 71 1998 66 1996 66 1951 71 1888 79 1869 71 1849 63 1847 63 1844 63 1786 71 1723 79 1623 71 1433 55 1430 55 1292 71 1248 77 1224 71 1146 52 1144 52 1028 52 1025 52 1022 52 984 71 978 74 683 74 683 121"/></Shape>
	    <String CONTENT="&lt;........ ..........&gt; S&#x27;es emparée du poys. En 1815,"
                    HPOS="683"
                    VPOS="52"
                    WIDTH="1966"
                    HEIGHT="113"
                    WC="0.9195169446603307"></String>
          </TextLine>
          <TextLine ID="eSc_line_7c4de19b"
                    TAGREFS="LT31"
                    BASELINE="680 209 1105 198 2663 198" 
                    HPOS="678"
                    VPOS="148"
                    WIDTH="1985"
                    HEIGHT="91">
            <Shape><Polygon POINTS="680 209 680 228 697 239 700 239 703 239 705 239 708 239 736 225 934 239 937 239 1031 223 1033 223 1050 223 1516 239 1519 239 1521 239 1524 239 1543 223 1656 223 1662 223 1871 239 1874 239 2100 223 2103 223 2208 239 2211 239 2660 220 2663 198 2660 159 730 148 727 148 725 148 678 162 680 209"/></Shape>
	    <String CONTENT="c&#x27;est grâce à l&#x27;appui du gouvernement qu&#x27;il s&#x27;était releve de"
                    HPOS="678"
                    VPOS="148"
                    WIDTH="1985"
                    HEIGHT="91"
                    WC="0.9877000018473594"></String>
          </TextLine>
          <TextLine ID="eSc_line_06e67814"
                    TAGREFS="LT31"
                    BASELINE="672 283 2679 289" 
                    HPOS="672"
                    VPOS="231"
                    WIDTH="2007"
                    HEIGHT="94">
            <Shape><Polygon POINTS="672 316 1466 305 1483 319 1485 319 1488 319 1491 319 1499 319 1764 308 1789 322 1791 322 1794 322 1797 325 2676 325 2679 289 2674 231 672 236 672 283"/></Shape>
	    <String CONTENT="la crise consécutive à l&#x27;effondrement de l&#x27;Empire. Cette foir,"
                    HPOS="672"
                    VPOS="231"
                    WIDTH="2007"
                    HEIGHT="94"
                    WC="0.9969451039556473"></String>
          </TextLine>
          <TextLine ID="eSc_line_c76af1be"
                    TAGREFS="LT31"
                    BASELINE="667 366 2734 360" 
                    HPOS="664"
                    VPOS="319"
                    WIDTH="2070"
                    HEIGHT="85">
            <Shape><Polygon POINTS="667 366 667 385 807 404 810 404 813 404 876 388 890 385 1157 385 1168 391 1193 402 1196 402 1199 402 1202 402 1204 402 1221 391 1232 385 1645 385 1662 393 1687 404 1689 404 1692 404 1695 404 1723 393 1745 385 1758 393 1769 402 1772 402 1775 402 1778 404 2139 404 2139 402 2166 396 2208 388 2255 396 2282 402 2285 402 2732 399 2734 360 2726 319 664 319 667 366"/></Shape>
	    <String CONTENT="son réveil n&#x27;ent d&#x27;autres causes que sa propre énergie se déve¬"
                    HPOS="664"
                    VPOS="319"
                    WIDTH="2070"
                    HEIGHT="85"
                    WC="0.9943881886346"></String>
          </TextLine>
          <TextLine ID="eSc_line_2b66ed5d"
                    TAGREFS="LT31"
                    BASELINE="667 451 873 440 2665 429" 
                    HPOS="664"
                    VPOS="380"
                    WIDTH="2001"
                    HEIGHT="88">
            <Shape><Polygon POINTS="667 451 667 468 2663 460 2665 429 2660 391 1894 380 1891 380 1888 380 1830 393 1587 382 1585 382 1452 396 725 388 722 388 719 388 664 402 667 451"/></Shape>
	    <String CONTENT="loppant dans la liberté. Si l&#x27;Etat consteuit les chemins de"
                    HPOS="664"
                    VPOS="380"
                    WIDTH="2001"
                    HEIGHT="88"
                    WC="0.9952505402645823"></String>
          </TextLine>
          <TextLine ID="eSc_line_39b02cea"
                    TAGREFS="LT31"
                    BASELINE="669 528 2699 498" 
                    HPOS="667"
                    VPOS="465"
                    WIDTH="2032"
                    HEIGHT="102">
            <Shape><Polygon POINTS="669 528 669 567 854 551 1022 562 1033 562 1036 562 1039 562 1072 548 1204 559 1215 559 1218 559 1235 559 1414 539 2696 531 2699 498 2690 465 667 482 669 528"/></Shape>
	    <String CONTENT="fer, il n&#x27;apporte auum concours aux &lt;..&gt; d&#x27;affaires et .q"
                    HPOS="667"
                    VPOS="465"
                    WIDTH="2032"
                    HEIGHT="102"
                    WC="0.9786071212668168"></String>
          </TextLine>
          <TextLine ID="eSc_line_51c62255"
                    TAGREFS="LT31"
                    BASELINE="645 608 2665 575" 
                    HPOS="642"
                    VPOS="520"
                    WIDTH="2023"
                    HEIGHT="119">
            <Shape><Polygon POINTS="645 608 645 639 1155 639 1155 636 1248 628 1326 619 1430 622 1651 633 1654 633 1772 617 1822 611 1858 617 1932 628 1935 628 2150 611 2224 606 2285 608 2489 619 2492 619 2663 600 2665 575 2660 537 2492 520 2489 520 2404 539 2398 539 2387 539 2194 526 2191 526 2188 526 2186 526 2164 545 2051 545 2048 545 1996 528 1993 528 1990 528 1987 528 1984 528 1960 548 1957 551 1709 551 1706 551 1654 534 1651 534 1648 534 1645 534 1587 553 1585 553 1557 553 1190 542 1188 542 1185 542 1182 542 1160 556 1025 545 1022 545 882 564 879 564 873 564 780 551 777 551 774 551 771 551 749 567 705 551 703 551 700 551 697 551 642 567 645 608"/></Shape>
	    <String CONTENT="&lt;.trets. La même liberté qui imprique &lt;. ... &lt;...&gt;"
                    HPOS="642"
                    VPOS="520"
                    WIDTH="2023"
                    HEIGHT="119"
                    WC="0.9428260707855225"></String>
          </TextLine>
          <TextLine ID="eSc_line_1bd5e9c7"
                    TAGREFS="LT31"
                    BASELINE="645 694 904 677 2687 658" 
                    HPOS="642"
                    VPOS="611"
                    WIDTH="2045"
                    HEIGHT="113">
            <Shape><Polygon POINTS="645 694 645 724 1025 702 1221 713 1334 719 1337 719 1579 705 1745 697 1775 702 1830 710 1833 710 1836 710 1838 710 1852 699 1866 691 1921 697 2026 710 2029 710 2031 710 2034 710 2056 694 2070 685 2288 685 2495 685 2497 685 2536 702 2539 702 2541 702 2687 680 2687 658 2682 625 2459 611 2456 611 2453 611 2398 625 2343 611 2340 611 2337 611 2257 628 2255 628 2252 628 1949 617 1946 617 1943 617 1896 630 1852 617 1849 617 1847 617 1403 636 1348 622 1345 622 1342 622 1100 641 876 628 873 628 871 628 821 644 771 630 769 630 766 630 642 647 645 694"/></Shape>
	    <String CONTENT="&lt;..&gt; la vie cionomique et la vie publique et son succis affer¬"
                    HPOS="642"
                    VPOS="611"
                    WIDTH="2045"
                    HEIGHT="113"
                    WC="0.9787345538216252"></String>
          </TextLine>
          <TextLine ID="eSc_line_34c68727"
                    TAGREFS="LT31"
                    BASELINE="645 763 2663 730" 
                    HPOS="642"
                    VPOS="691"
                    WIDTH="2021"
                    HEIGHT="105">
            <Shape><Polygon POINTS="645 763 645 785 862 782 871 785 912 796 915 796 918 796 920 796 964 782 981 779 998 782 1050 793 1053 793 1127 782 1160 776 1259 779 1477 787 1480 787 1483 787 1485 787 1497 776 1505 771 1546 776 1618 785 1621 785 1623 785 1626 785 1640 776 1648 771 1706 774 1816 782 1819 782 2095 771 2398 757 2657 763 2663 730 2657 691 1689 691 1687 691 1684 691 1634 710 1629 710 1590 710 1364 702 1361 702 1359 702 1309 716 1304 716 1301 716 1229 699 1226 699 1105 719 1102 719 1022 702 1020 702 832 705 642 727 645 763"/></Shape>
	    <String CONTENT="mût la foi en sa lienfairanie. En 1837. Le Ministre de France"
                    HPOS="642"
                    VPOS="691"
                    WIDTH="2021"
                    HEIGHT="105"
                    WC="0.9842517669083642"></String>
          </TextLine>
          <TextLine ID="eSc_line_8d74af97"
                    TAGREFS="LT31"
                    BASELINE="647 837 1111 823 2665 812" 
                    HPOS="645"
                    VPOS="768"
                    WIDTH="2020"
                    HEIGHT="105">
            <Shape><Polygon POINTS="647 837 647 873 736 854 879 870 884 870 887 870 890 870 959 851 1185 851 1237 865 1246 867 1248 867 1251 867 1270 865 1372 848 1439 862 1450 865 1452 865 1480 862 1637 845 1703 859 1720 862 1723 862 1761 859 1913 843 2020 856 2059 859 2062 859 2095 854 2147 845 2166 854 2180 859 2183 859 2186 859 2188 859 2191 859 2200 854 2222 840 2302 851 2340 856 2343 856 2384 851 2445 840 2461 848 2472 856 2475 856 2478 856 2481 856 2536 848 2605 837 2660 845 2665 812 2657 768 1519 785 1463 782 1262 774 1259 774 1196 787 1188 787 1171 787 1036 776 1033 776 945 790 937 790 926 790 744 779 741 779 645 793 647 837"/></Shape>
	    <String CONTENT="prédit que &quot; la Belgique se ploura bientôt au premicr rang des"
                    HPOS="645"
                    VPOS="768"
                    WIDTH="2020"
                    HEIGHT="105"
                    WC="0.9912725706254283"></String>
          </TextLine>
          <TextLine ID="eSc_line_06743d07"
                    TAGREFS="LT31"
                    BASELINE="642 909 2668 884" 
                    HPOS="639"
                    VPOS="832"
                    WIDTH="2029"
                    HEIGHT="99">
            <Shape><Polygon POINTS="642 909 642 931 2668 920 2668 884 2657 832 2616 845 2120 840 1984 840 1982 840 1979 840 1968 843 1927 854 1863 845 1841 843 1838 843 1816 845 1750 856 1510 851 1370 848 1367 848 1364 848 1339 854 1304 862 1221 856 1149 851 1146 851 639 865 642 909"/></Shape>
	    <String CONTENT="nations industuelles&quot;. Partout on constate la hausse des prix et"
                    HPOS="639"
                    VPOS="832"
                    WIDTH="2029"
                    HEIGHT="99"
                    WC="0.9943822147324681"></String>
          </TextLine>
          <TextLine ID="eSc_line_b8ad496f"
                    TAGREFS="LT31"
                    BASELINE="647 986 1579 964 2569 967 2643 978" 
                    HPOS="645"
                    VPOS="911"
                    WIDTH="1998"
                    HEIGHT="108">
            <Shape><Polygon POINTS="647 986 647 1019 1039 997 1171 1013 1174 1013 1177 1013 1248 994 1348 994 1378 1011 1381 1011 1383 1011 1386 1011 1389 1011 1452 994 1684 1008 1687 1008 1689 1008 1725 991 1822 1008 1825 1008 1827 1008 1830 1008 1833 1008 1863 989 2084 1005 2086 1005 2089 1005 2095 1005 2508 986 2638 1000 2643 978 2641 922 2533 911 2530 911 2224 925 2147 911 2144 911 2031 928 1973 914 1971 914 1968 914 1838 931 1816 917 1814 917 1811 917 1808 917 1703 931 1560 917 1557 917 1554 917 1521 933 1348 920 1345 920 1237 936 1017 922 1014 922 1011 922 1009 922 992 936 865 925 862 925 730 939 691 925 689 925 686 925 683 925 645 939 647 986"/></Shape>
	    <String CONTENT="des salaires. Le port d&#x27;auvers reçoit plus de bât eaux qu&#x27;en 1829."
                    HPOS="645"
                    VPOS="911"
                    WIDTH="1998"
                    HEIGHT="108"
                    WC="0.9904677913044438"></String>
          </TextLine>
          <TextLine ID="eSc_line_ecf46657"
                    TAGREFS="LT31"
                    BASELINE="642 1060 1524 1041 2685 1044" 
                    HPOS="639"
                    VPOS="986"
                    WIDTH="2046"
                    HEIGHT="104">
            <Shape><Polygon POINTS="642 1060 642 1090 953 1090 953 1088 967 1088 1066 1071 1265 1085 1295 1085 1298 1085 1312 1085 1389 1071 1519 1082 1535 1082 1538 1082 1541 1082 1543 1082 1571 1068 1822 1068 1844 1079 1852 1082 1855 1082 1858 1082 1896 1079 2015 1066 2051 1077 2056 1079 2059 1079 2062 1079 2064 1079 2070 1077 2103 1066 2235 1077 2288 1079 2290 1079 2293 1079 2307 1077 2346 1063 2682 1071 2685 1044 2682 1000 2464 986 2461 986 2459 986 2456 986 2437 1000 2431 1000 2379 1000 2106 989 2103 989 1982 1000 1910 1005 1899 1000 1888 991 1885 991 1882 991 1880 991 1877 991 1860 1000 1849 1005 1805 1000 1742 991 1739 991 1736 991 1720 1000 1706 1008 1541 1008 1530 1000 1516 991 1513 991 1510 991 1508 991 1458 1000 1411 1008 1386 1000 1367 994 1364 994 1361 994 1359 994 1337 1000 1312 1008 1304 1000 1298 994 1295 994 1292 994 1290 994 1202 1000 1058 1011 639 1002 642 1060"/></Shape>
	    <String CONTENT="l&#x27;année pour lui la plus favorable des régime hollandais. En"
                    HPOS="639"
                    VPOS="986"
                    WIDTH="2046"
                    HEIGHT="104"
                    WC="0.9950374513864517"></String>
          </TextLine>
          <TextLine ID="eSc_line_9d9acd8f"
                    TAGREFS="LT31"
                    BASELINE="639 1154 907 1132 1499 1115 2643 1107" 
                    HPOS="636"
                    VPOS="1055"
                    WIDTH="2007"
                    HEIGHT="113">
            <Shape><Polygon POINTS="639 1154 639 1168 1232 1148 1359 1159 1378 1159 1381 1159 1383 1159 1389 1159 1425 1143 2643 1135 2643 1107 2635 1063 2415 1068 2401 1066 2365 1055 2362 1055 2359 1055 2357 1055 2329 1066 2318 1074 2092 1074 2056 1071 1957 1060 1954 1060 1827 1074 1805 1077 1800 1077 1775 1063 1772 1063 1769 1063 1607 1079 1587 1079 1579 1079 1530 1068 1527 1068 1524 1068 1521 1068 1505 1079 1502 1082 1488 1079 1422 1068 1419 1068 1312 1082 1295 1085 1287 1085 1240 1071 1237 1071 1235 1071 1232 1071 1229 1071 1215 1085 1213 1085 1202 1085 1069 1077 1066 1077 1011 1088 998 1090 973 1088 838 1077 835 1077 832 1077 829 1077 829 1079 816 1090 813 1096 636 1096 639 1154"/></Shape>
	    <String CONTENT="1835, une exposchion indistrialle &lt;e dévoilé au publis surpris"
                    HPOS="636"
                    VPOS="1055"
                    WIDTH="2007"
                    HEIGHT="113"
                    WC="0.9781066304252993"></String>
          </TextLine>
          <TextLine ID="eSc_line_c1163d01"
                    TAGREFS="LT34"
                    BASELINE="1869 1152 2072 1159 2072 1159 2247 1152" 
                    HPOS="1869"
                    VPOS="1152"
                    WIDTH="378"
                    HEIGHT="7">
	    <String CONTENT=""
                    HPOS="1869"
                    VPOS="1152"
                    WIDTH="378"
                    HEIGHT="7"></String>
          </TextLine>
          <TextLine ID="eSc_line_3133bb84"
                    TAGREFS="LT31"
                    BASELINE="645 1217 2682 1182" 
                    HPOS="642"
                    VPOS="1118"
                    WIDTH="2040"
                    HEIGHT="130">
            <Shape><Polygon POINTS="645 1248 1122 1225 1292 1236 1320 1236 1323 1236 1364 1234 1601 1214 1725 1225 1742 1225 1745 1225 1756 1225 1844 1209 1929 1220 1957 1223 1960 1223 2679 1201 2682 1170 2676 1135 2547 1118 2544 1118 2541 1118 2539 1118 2511 1137 2293 1140 2202 1124 2200 1124 1866 1132 1863 1132 1836 1146 1739 1135 1736 1135 1599 1157 1552 1143 1549 1143 1546 1143 1543 1143 1477 1159 1364 1143 1361 1143 1359 1143 1320 1162 1251 1151 1248 1151 1246 1151 1215 1165 1122 1148 1119 1148 1116 1148 1113 1148 1091 1168 1031 1151 1028 1151 1025 1151 1022 1151 1020 1151 998 1170 945 1154 942 1154 940 1154 937 1154 934 1154 912 1173 727 1176 703 1159 700 1159 697 1159 694 1159 691 1159 642 1179 645 1217"/></Shape>
	    <String CONTENT="les progris de l&#x27;activité nationale. Et rimpent de 30 millions"
                    HPOS="642"
                    VPOS="1118"
                    WIDTH="2040"
                    HEIGHT="130"
                    WC="0.9666826801915323"></String>
          </TextLine>
          <TextLine ID="eSc_line_8ee351f8"
                    TAGREFS="LT31"
                    BASELINE="650 1294 2682 1256" 
                    HPOS="647"
                    VPOS="1201"
                    WIDTH="2035"
                    HEIGHT="124">
            <Shape><Polygon POINTS="650 1294 650 1325 2682 1286 2682 1256 2679 1220 2613 1201 2610 1201 2608 1201 2511 1220 2390 1203 2387 1203 2384 1203 2381 1203 2359 1220 2335 1206 2332 1206 2329 1206 1957 1231 1949 1231 1946 1231 1877 1217 1874 1217 1706 1234 1667 1220 1665 1220 1662 1220 1659 1220 1604 1236 1543 1220 1541 1220 1538 1220 1535 1220 1532 1220 1510 1239 1508 1239 1497 1239 1262 1225 1259 1225 1094 1248 1077 1248 1064 1248 920 1234 918 1234 915 1234 912 1234 884 1250 882 1250 793 1234 791 1234 788 1234 747 1253 744 1256 647 1256 650 1294"/></Shape>
	    <String CONTENT="contracté en 1836. Daffernit encore la confiann. En 1837, le Mi¬"
                    HPOS="647"
                    VPOS="1201"
                    WIDTH="2035"
                    HEIGHT="124"
                    WC="0.9962564054876566"></String>
          </TextLine>
          <TextLine ID="eSc_line_617f4dc5"
                    TAGREFS="LT31"
                    BASELINE="639 1374 2696 1338" 
                    HPOS="636"
                    VPOS="1300"
                    WIDTH="2060"
                    HEIGHT="107">
            <Shape><Polygon POINTS="639 1374 639 1407 2696 1366 2696 1338 2690 1300 1739 1300 1736 1300 1654 1311 1574 1319 1491 1311 1422 1305 1419 1305 1417 1305 1414 1305 1408 1311 1395 1325 1251 1325 1152 1314 1105 1311 1102 1311 1077 1316 1022 1327 860 1319 813 1316 810 1316 807 1316 805 1316 802 1319 782 1333 636 1322 639 1374"/></Shape>
	    <String CONTENT="nistère des travaux publies est institué. Et à côté des vones fer¬"
                    HPOS="636"
                    VPOS="1300"
                    WIDTH="2060"
                    HEIGHT="107"
                    WC="0.9870129921543065"></String>
          </TextLine>
          <TextLine ID="eSc_line_8ef95cfe"
                    TAGREFS="LT31"
                    BASELINE="642 1465 1968 1427 2699 1421" 
                    HPOS="639"
                    VPOS="1369"
                    WIDTH="2060"
                    HEIGHT="132">
            <Shape><Polygon POINTS="642 1465 642 1484 661 1498 664 1498 667 1498 669 1501 749 1501 749 1498 752 1498 755 1498 785 1476 788 1473 873 1473 879 1476 907 1490 909 1490 912 1490 1061 1473 1119 1468 1160 1473 1210 1479 1213 1479 1215 1479 1218 1479 1226 1471 1232 1465 1246 1471 1287 1490 1290 1490 1292 1490 1497 1484 1499 1484 1502 1484 1527 1468 1543 1460 1574 1468 1596 1473 1599 1473 1601 1473 1604 1473 1629 1468 1681 1454 1720 1465 1758 1479 1761 1479 1764 1479 1767 1479 1769 1479 1783 1465 1803 1451 1910 1462 1913 1462 1916 1462 1918 1462 1938 1449 1957 1462 1965 1471 1968 1471 1971 1471 1973 1471 1976 1471 1993 1462 2026 1446 2164 1443 2222 1460 2224 1460 2227 1460 2230 1460 2233 1460 2252 1446 2324 1460 2329 1460 2332 1460 2699 1454 2699 1421 2690 1380 2395 1383 2376 1369 2373 1369 2370 1369 2368 1369 2365 1369 2362 1369 2337 1385 2244 1371 2241 1371 2012 1394 1905 1380 1902 1380 1899 1380 1896 1380 1871 1396 1554 1388 1552 1388 1549 1388 1546 1388 1516 1405 1257 1396 1254 1396 1251 1396 1196 1413 1111 1399 1108 1399 912 1416 755 1407 752 1407 639 1427 642 1465"/></Shape>
	    <String CONTENT="riès, l&#x27;onverture de quautité de routes nouvelles annonce que"
                    HPOS="639"
                    VPOS="1369"
                    WIDTH="2060"
                    HEIGHT="132"
                    WC="0.9790692573688069"></String>
          </TextLine>
          <TextLine ID="eSc_line_0867c01c"
                    TAGREFS="LT31"
                    BASELINE="631 1548 2712 1493" 
                    HPOS="628"
                    VPOS="1454"
                    WIDTH="2084"
                    HEIGHT="127">
            <Shape><Polygon POINTS="631 1548 631 1578 937 1581 940 1581 1088 1564 1182 1556 1207 1562 1248 1573 1251 1573 1254 1573 1345 1559 1389 1551 1397 1556 1414 1567 1417 1567 1419 1567 1422 1567 1425 1567 1452 1553 1466 1545 1607 1545 1654 1548 1769 1559 1772 1559 1841 1542 1858 1540 1880 1542 1979 1553 1982 1553 1984 1553 1987 1553 1987 1551 2004 1537 2009 1534 2031 1537 2109 1548 2111 1548 2255 1529 2293 1526 2302 1529 2337 1542 2340 1542 2343 1542 2346 1542 2348 1542 2373 1526 2376 1523 2514 1520 2522 1523 2577 1537 2580 1537 2583 1537 2710 1515 2712 1493 2707 1454 2233 1454 2230 1454 2153 1462 2078 1473 2048 1465 2026 1460 2023 1460 2020 1460 2018 1460 1993 1468 1962 1476 1916 1468 1877 1462 1874 1462 1750 1471 1560 1487 1488 1476 1458 1473 1455 1473 1452 1473 1441 1479 1417 1490 1383 1479 1372 1476 1370 1476 1367 1476 1364 1476 1353 1479 1320 1495 1144 1498 1069 1484 1058 1484 1055 1484 1053 1484 1050 1484 1022 1504 918 1504 840 1490 835 1490 832 1490 824 1490 725 1509 628 1495 631 1548"/></Shape>
	    <String CONTENT="la Belgique &lt;.......t l&#x27;un des pays les plus riches du monde au"
                    HPOS="628"
                    VPOS="1454"
                    WIDTH="2084"
                    HEIGHT="127"
                    WC="0.9859965585526966"></String>
          </TextLine>
          <TextLine ID="eSc_line_2ef5a461"
                    TAGREFS="LT34"
                    BASELINE="988 1494 1507 1468" 
                    HPOS="988"
                    VPOS="1468"
                    WIDTH="519"
                    HEIGHT="26">
	    <String CONTENT=""
                    HPOS="988"
                    VPOS="1468"
                    WIDTH="519"
                    HEIGHT="26"></String>
          </TextLine>
          <TextLine ID="eSc_line_0db2b621"
                    TAGREFS="LT31"
                    BASELINE="634 1630 2687 1578" 
                    HPOS="631"
                    VPOS="1529"
                    WIDTH="2056"
                    HEIGHT="124">
            <Shape><Polygon POINTS="634 1630 634 1653 2685 1608 2687 1578 2682 1545 2591 1529 2588 1529 2585 1529 2539 1545 2144 1540 2142 1540 2139 1540 2092 1556 1929 1545 1927 1545 1814 1564 1714 1551 1712 1551 1599 1570 1406 1559 1403 1559 1400 1559 1334 1578 1020 1584 959 1570 956 1570 953 1570 951 1570 915 1586 849 1573 846 1573 843 1573 840 1573 816 1589 650 1578 647 1578 645 1578 642 1578 631 1586 634 1630"/></Shape>
	    <String CONTENT="voies de commmnication. Au milieu de celle efflorescence de tra¬"
                    HPOS="631"
                    VPOS="1529"
                    WIDTH="2056"
                    HEIGHT="124"
                    WC="0.9913489483296871"></String>
          </TextLine>
          <TextLine ID="eSc_line_9de18252"
                    TAGREFS="LT31"
                    BASELINE="639 1713 2721 1653" 
                    HPOS="636"
                    VPOS="1603"
                    WIDTH="2085"
                    HEIGHT="143">
            <Shape><Polygon POINTS="639 1713 639 1746 2721 1680 2721 1653 2715 1617 2624 1603 2621 1603 2530 1619 2528 1619 2514 1608 2511 1608 2508 1608 2506 1608 2166 1628 2053 1633 2001 1630 1871 1625 1869 1625 1805 1636 1769 1644 636 1661 639 1713"/></Shape>
	    <String CONTENT="vail &lt;.p.&gt; s&#x27;évanonissent les déniers restes de la dépus¬"
                    HPOS="636"
                    VPOS="1603"
                    WIDTH="2085"
                    HEIGHT="143"
                    WC="0.9766422625173602"></String>
          </TextLine>
          <TextLine ID="eSc_line_90a607d0"
                    TAGREFS="LT31"
                    BASELINE="634 1793 2685 1738" 
                    HPOS="631"
                    VPOS="1688"
                    WIDTH="2054"
                    HEIGHT="133">
            <Shape><Polygon POINTS="634 1793 634 1821 2685 1765 2685 1738 2676 1697 2442 1702 2439 1702 2420 1688 2417 1688 2415 1688 2412 1688 2324 1705 2318 1705 2315 1705 2266 1688 2263 1688 2260 1688 1877 1702 1874 1702 1871 1702 1849 1719 1847 1719 1838 1719 1747 1702 1745 1702 1654 1721 1643 1724 1634 1724 1552 1708 1549 1708 1546 1708 1543 1708 1521 1727 1519 1727 1502 1727 1361 1719 1359 1719 1138 1738 1111 1738 1102 1738 1031 1721 1028 1721 1025 1721 986 1741 978 1741 854 1727 851 1727 849 1727 813 1746 810 1746 805 1746 747 1730 744 1730 741 1730 738 1730 736 1730 714 1749 631 1749 634 1793"/></Shape>
	    <String CONTENT="sion morale produite pas l&#x27;humiliation de 1831. Le régiine nou¬"
                    HPOS="631"
                    VPOS="1688"
                    WIDTH="2054"
                    HEIGHT="133"
                    WC="0.9846486997982812"></String>
          </TextLine>
          <TextLine ID="eSc_line_3cee9d20"
                    TAGREFS="LT31"
                    BASELINE="647 1876 1769 1834 2668 1821" 
                    HPOS="645"
                    VPOS="1763"
                    WIDTH="2023"
                    HEIGHT="148">
            <Shape><Polygon POINTS="647 1876 647 1889 738 1911 741 1911 862 1889 931 1906 934 1906 937 1906 1257 1881 1331 1876 1375 1878 1497 1889 1499 1889 1502 1889 1530 1876 1546 1867 1576 1876 1587 1878 1590 1878 1593 1878 1626 1876 1717 1862 1885 1870 1998 1876 2001 1876 2073 1873 2075 1873 2078 1873 2086 1867 2109 1851 2456 1843 2665 1856 2668 1821 2665 1779 2616 1763 2613 1763 2610 1763 2608 1763 2605 1763 2580 1779 2495 1765 2492 1765 2263 1787 2211 1771 2208 1771 2205 1771 2095 1793 2007 1782 2004 1782 2001 1782 1998 1782 1998 1785 1984 1796 1894 1774 1891 1774 1888 1774 1885 1774 1855 1796 1714 1790 1712 1790 1709 1790 1706 1790 1687 1807 1582 1807 1524 1785 1521 1785 1519 1785 1320 1807 934 1799 931 1799 929 1799 835 1832 645 1834 647 1876"/></Shape>
	    <String CONTENT="veau &lt;.....&gt; de la découvenne des républicanis et des O¬"
                    HPOS="645"
                    VPOS="1763"
                    WIDTH="2023"
                    HEIGHT="148"
                    WC="0.9689051572765622"></String>
          </TextLine>
          <TextLine ID="eSc_line_70ca10ec"
                    TAGREFS="LT34"
                    BASELINE="826 1815 1183 1828" 
                    HPOS="826"
                    VPOS="1815"
                    WIDTH="357"
                    HEIGHT="13">
	    <String CONTENT=""
                    HPOS="826"
                    VPOS="1815"
                    WIDTH="357"
                    HEIGHT="13"></String>
          </TextLine>
          <TextLine ID="eSc_line_c6d5f18d"
                    TAGREFS="LT31"
                    BASELINE="650 1964 2106 1911 2685 1914" 
                    HPOS="647"
                    VPOS="1856"
                    WIDTH="2038"
                    HEIGHT="135">
            <Shape><Polygon POINTS="650 1964 650 1991 1378 1956 1436 1969 1439 1969 1441 1969 1450 1969 1747 1947 1789 1961 1791 1961 1794 1961 1797 1961 1800 1961 1803 1961 1833 1942 1982 1956 2004 1956 2007 1956 2023 1953 2133 1934 2238 1947 2244 1947 2246 1947 2255 1947 2351 1928 2682 1934 2685 1914 2679 1865 2445 1870 2439 1870 2404 1856 2401 1856 2398 1856 2271 1873 2249 1876 2233 1876 2100 1859 2098 1859 1882 1884 1825 1889 1678 1889 1375 1887 1372 1887 1370 1887 1367 1887 1353 1898 1348 1900 1337 1898 1287 1884 1284 1884 1281 1884 1146 1903 1135 1903 1133 1903 1105 1889 1102 1889 1100 1889 1097 1889 1039 1906 1006 1914 978 1906 953 1900 951 1900 948 1900 945 1900 942 1900 931 1909 915 1917 647 1917 650 1964"/></Shape>
	    <String CONTENT="rangistes. De Potter avone avec un dépit un peu comique."
                    HPOS="647"
                    VPOS="1856"
                    WIDTH="2038"
                    HEIGHT="135"
                    WC="0.9957115607602256"></String>
          </TextLine>
          <TextLine ID="eSc_line_c189f0cd"
                    TAGREFS="LT31"
                    BASELINE="639 2049 1505 2016 2690 2002" 
                    HPOS="636"
                    VPOS="1947"
                    WIDTH="2054"
                    HEIGHT="144">
            <Shape><Polygon POINTS="639 2049 639 2069 766 2091 769 2091 1003 2085 1006 2085 1044 2066 1058 2057 1088 2063 1124 2071 1127 2071 1182 2063 1237 2055 1262 2063 1298 2074 1301 2074 1304 2074 1306 2074 1309 2074 1326 2060 1339 2052 1430 2052 1461 2060 1513 2074 1516 2074 1519 2074 1521 2074 1552 2057 1576 2046 1723 2057 1750 2057 1753 2057 1791 2055 1960 2044 1982 2055 1993 2057 1996 2057 1998 2057 2023 2052 2092 2038 2111 2052 2120 2060 2122 2060 2125 2060 2128 2060 2169 2052 2249 2033 2315 2049 2348 2057 2351 2057 2354 2057 2401 2049 2497 2027 2541 2046 2552 2052 2555 2052 2558 2052 2687 2044 2690 2002 2685 1964 2497 1947 2495 1947 2492 1947 2453 1967 2450 1969 2357 1969 2216 1969 2172 1956 2169 1956 2166 1956 2164 1956 2089 1975 2084 1978 1907 1978 1863 1961 1860 1961 1858 1961 1775 1978 1717 1964 1714 1964 1712 1964 1709 1964 1706 1964 1684 1983 1678 1983 1615 1969 1612 1969 1292 1972 1174 1991 1080 1978 1077 1978 1075 1978 1031 1997 1025 1997 1006 1997 857 1983 854 1983 851 1983 849 1983 824 2000 782 1986 780 1986 777 1986 774 1986 771 1986 749 2002 747 2005 636 2005 639 2049"/></Shape>
	    <String CONTENT="en 1836, que la nation est heureuse et prospère,s mais qu&#x27;il n&#x27;y a"
                    HPOS="636"
                    VPOS="1947"
                    WIDTH="2054"
                    HEIGHT="144"
                    WC="0.9820024407271183"></String>
          </TextLine>
          <TextLine ID="eSc_line_ce97c137"
                    TAGREFS="LT31"
                    BASELINE="639 2140 1703 2107" 
                    HPOS="636"
                    VPOS="2049"
                    WIDTH="1067"
                    HEIGHT="135">
            <Shape><Polygon POINTS="639 2140 642 2184 733 2162 893 2170 895 2170 898 2170 901 2170 901 2168 915 2157 964 2176 973 2179 975 2179 978 2179 981 2179 989 2176 1025 2162 1122 2170 1124 2170 1127 2170 1193 2148 1265 2168 1268 2168 1270 2168 1273 2168 1306 2151 1339 2168 1342 2168 1345 2168 1348 2168 1436 2165 1439 2165 1441 2165 1488 2146 1519 2157 1521 2157 1524 2157 1527 2157 1530 2157 1530 2154 1532 2154 1546 2137 1612 2151 1615 2151 1618 2151 1621 2151 1637 2135 1698 2157 1703 2107 1698 2069 1599 2049 1596 2049 1419 2074 1386 2077 1370 2074 1326 2063 1323 2063 1320 2063 1213 2077 1149 2088 636 2088 639 2140"/></Shape>
	    <String CONTENT="là aucunement de sa faute&quot;."
                    HPOS="636"
                    VPOS="2049"
                    WIDTH="1067"
                    HEIGHT="135"
                    WC="0.9997416734695435"></String>
          </TextLine>
        </TextBlock>
      </PrintSpace>
    </Page>
  </Layout>
</alto>
