<?xml version="1.0" encoding="UTF-8"?>
<alto xmlns:xsi="http://www.w3.org/2001/XMLSchema-instance"
      xmlns="http://www.loc.gov/standards/alto/ns-v4#"
      xsi:schemaLocation="http://www.loc.gov/standards/alto/ns-v4# http://www.loc.gov/standards/alto/v4/alto-4-2.xsd">
  <Description>
    <MeasurementUnit>pixel</MeasurementUnit>
    <sourceImageInformation>
      <fileName>ARCH-DIV-000496_0318.png</fileName>
    </sourceImageInformation>
  </Description>
  <Tags>
    <OtherTag ID="BT42" LABEL="MainZone" DESCRIPTION="block type MainZone"/><OtherTag ID="BT43" LABEL="MarginTextZone" DESCRIPTION="block type MarginTextZone"/><OtherTag ID="BT44" LABEL="NumberingZone" DESCRIPTION="block type NumberingZone"/><OtherTag ID="BT45" LABEL="TitlePageZone" DESCRIPTION="block type TitlePageZone"/><OtherTag ID="BT46" LABEL="CustomZone:Numbering" DESCRIPTION="block type CustomZone:Numbering"/><OtherTag ID="BT49" LABEL="MarginTextZone:lower" DESCRIPTION="block type MarginTextZone:lower"/>
    <OtherTag ID="LT25" LABEL="default" DESCRIPTION="line type default"/><OtherTag ID="LT31" LABEL="DefaultLine" DESCRIPTION="line type DefaultLine"/><OtherTag ID="LT32" LABEL="HeadingLine" DESCRIPTION="line type HeadingLine"/><OtherTag ID="LT33" LABEL="InterlinearLine:addition" DESCRIPTION="line type InterlinearLine:addition"/><OtherTag ID="LT34" LABEL="InterlinearLine:correction" DESCRIPTION="line type InterlinearLine:correction"/>
  </Tags>
  <Layout>
    <Page WIDTH="2790"
          HEIGHT="3356"
          PHYSICAL_IMG_NR="317"
          ID="eSc_dummypage_">
      <PrintSpace HPOS="0"
                  VPOS="0"
                  WIDTH="2790"
                  HEIGHT="3356">
        <TextBlock HPOS="168"
                   VPOS="24"
                   WIDTH="291"
                   HEIGHT="162"
                   ID="6d258358-488d-45d4-964f-693ffc479eea"
                   TAGREFS="BT44">
          <Shape><Polygon POINTS="459 24 459 186 168 186 168 24"/></Shape>
          <TextLine ID="eSc_line_cf2147b4"
                    TAGREFS="LT31"
                    BASELINE="218 117 380 106" 
                    HPOS="215"
                    VPOS="67"
                    WIDTH="168"
                    HEIGHT="117">
            <Shape><Polygon POINTS="352 67 324 67 296 67 268 67 240 67 215 81 218 117 221 165 296 184 299 184 302 184 383 159 380 106 372 83 352 67"/></Shape>
	    <String CONTENT=""
                    HPOS="215"
                    VPOS="67"
                    WIDTH="168"
                    HEIGHT="117"></String>
          </TextLine>
        </TextBlock>
        <TextBlock HPOS="502"
                   VPOS="5"
                   WIDTH="2229"
                   HEIGHT="3296"
                   ID="ca770460-49d2-41a9-8291-f8a7e52742dd"
                   TAGREFS="BT42">
          <Shape><Polygon POINTS="2731 5 2731 3301 502 3301 502 5"/></Shape>
          <TextLine ID="eSc_line_8a63af32"
                    TAGREFS="LT31"
                    BASELINE="615 109 808 97 2641 83" 
                    HPOS="612"
                    VPOS="33"
                    WIDTH="2029"
                    HEIGHT="109">
            <Shape><Polygon POINTS="2627 33 2619 33 2602 44 2454 33 2431 33 2403 33 2375 33 2347 33 2319 33 2305 33 2196 47 2062 36 2020 33 2012 33 1984 33 1967 33 1950 39 1908 50 1869 39 1849 33 1846 33 1844 33 1810 39 1765 50 1723 41 1684 33 1681 33 1679 33 1656 41 1631 53 1469 44 1295 36 1292 36 1290 36 1253 47 1225 55 1150 50 1057 41 1032 44 1004 44 976 53 951 58 943 53 934 47 920 47 909 47 887 53 861 58 626 58 612 61 615 109 615 142 702 125 861 139 873 139 875 139 878 139 881 139 906 125 1133 137 1180 137 1183 137 1245 134 1471 120 1533 128 1564 134 1567 134 1569 134 1581 128 1600 120 1617 128 1628 134 1631 134 1634 134 1735 125 1860 117 1916 123 1978 131 1981 131 2045 123 2098 114 2132 120 2174 128 2177 128 2638 111 2641 83 2627 33 2627 33"/></Shape>
	    <String CONTENT=""
                    HPOS="612"
                    VPOS="33"
                    WIDTH="2029"
                    HEIGHT="109"></String>
          </TextLine>
          <TextLine ID="eSc_line_543ce7ab"
                    TAGREFS="LT31"
                    BASELINE="618 181 999 167 2683 156" 
                    HPOS="615"
                    VPOS="103"
                    WIDTH="2068"
                    HEIGHT="109">
            <Shape><Polygon POINTS="618 181 618 212 730 198 1013 206 1015 206 1018 206 1021 206 1043 192 1276 206 1278 206 1360 190 1393 204 1396 204 1399 204 1793 187 1919 201 1922 201 2000 184 2322 198 2325 198 2328 198 2331 198 2602 181 2678 195 2683 156 2678 114 2420 103 2417 103 2255 117 2199 123 2193 120 2179 106 2177 106 2174 106 2062 106 2059 106 2056 106 2054 106 2031 120 2026 125 1888 125 1869 123 1799 109 1796 109 1704 125 1695 125 1693 125 1653 109 1651 109 1648 109 1550 125 1539 128 1536 125 1511 111 1508 111 1505 111 1374 111 1371 111 1368 111 1365 111 1348 128 1236 131 1175 131 1169 131 1096 114 1094 114 1091 114 1088 114 1063 131 923 117 920 117 917 117 878 134 769 123 766 123 615 137 618 181"/></Shape>
	    <String CONTENT=""
                    HPOS="615"
                    VPOS="103"
                    WIDTH="2068"
                    HEIGHT="109"></String>
          </TextLine>
          <TextLine ID="eSc_line_d7a46851"
                    TAGREFS="LT31"
                    BASELINE="607 257 1080 240 2706 220" 
                    HPOS="604"
                    VPOS="173"
                    WIDTH="2102"
                    HEIGHT="106">
            <Shape><Polygon POINTS="607 257 607 279 1013 265 1281 274 1407 276 1410 276 1438 271 1499 260 1561 271 1586 274 1589 274 1592 274 1603 271 1639 257 1757 268 1796 271 1799 271 1802 271 1804 271 1807 268 1824 254 1919 265 1939 268 1942 268 1958 265 2042 251 2107 265 2118 265 2121 265 2137 265 2255 248 2392 262 2417 262 2420 262 2448 260 2622 243 2700 257 2706 220 2697 176 2249 187 2238 181 2216 173 2213 173 2210 173 2126 184 2084 190 2062 184 2014 176 2012 176 2009 176 2006 176 1989 187 1978 195 1802 195 1690 192 1483 184 1480 184 1270 198 1197 204 1155 201 1027 190 1024 190 943 204 929 209 735 209 733 209 707 195 705 195 702 195 604 209 607 257"/></Shape>
	    <String CONTENT=""
                    HPOS="604"
                    VPOS="173"
                    WIDTH="2102"
                    HEIGHT="106"></String>
          </TextLine>
          <TextLine ID="eSc_line_de58dd22"
                    TAGREFS="LT31"
                    BASELINE="604 324 2686 290" 
                    HPOS="601"
                    VPOS="240"
                    WIDTH="2085"
                    HEIGHT="106">
            <Shape><Polygon POINTS="604 324 604 346 2686 324 2686 290 2678 240 2286 257 2216 248 2163 243 2160 243 2157 243 2154 243 2143 251 2126 260 2095 251 2073 246 2070 246 2068 246 2017 254 1972 260 1911 257 1816 248 1813 248 1684 260 1600 268 1553 262 1469 254 1466 254 1463 254 1438 265 1427 274 1284 274 1256 271 1197 260 1194 260 1066 274 1035 276 1024 274 979 262 976 262 973 262 971 262 929 276 917 279 906 276 850 265 847 265 783 279 769 282 752 282 643 268 640 268 638 268 601 279 604 324"/></Shape>
	    <String CONTENT=""
                    HPOS="601"
                    VPOS="240"
                    WIDTH="2085"
                    HEIGHT="106"></String>
          </TextLine>
          <TextLine ID="eSc_line_1232bac7"
                    TAGREFS="LT31"
                    BASELINE="593 391 2669 372" 
                    HPOS="590"
                    VPOS="313"
                    WIDTH="2079"
                    HEIGHT="114">
            <Shape><Polygon POINTS="593 427 2669 397 2669 366 2664 327 2459 313 2456 313 2454 313 2451 313 2429 327 2266 316 2263 316 2261 316 2258 316 2241 330 2104 318 2101 318 2098 318 2048 332 2045 332 1975 318 1972 318 1970 318 1919 335 1914 335 1905 335 1832 324 1830 324 1438 341 1399 341 1393 341 1318 327 1315 327 1312 327 1309 327 1290 341 1172 330 1169 330 1166 330 1164 330 1147 343 1144 343 1141 343 1049 330 1046 330 1043 330 999 346 993 346 976 346 822 332 819 332 590 349 593 391"/></Shape>
	    <String CONTENT=""
                    HPOS="590"
                    VPOS="313"
                    WIDTH="2079"
                    HEIGHT="114"></String>
          </TextLine>
          <TextLine ID="eSc_line_e4b9df90"
                    TAGREFS="LT34"
                    BASELINE="1970 340 2025 362" 
                    HPOS="1970"
                    VPOS="340"
                    WIDTH="55"
                    HEIGHT="22">
	    <String CONTENT=""
                    HPOS="1970"
                    VPOS="340"
                    WIDTH="55"
                    HEIGHT="22"></String>
          </TextLine>
          <TextLine ID="eSc_line_eaf275c5"
                    TAGREFS="LT31"
                    BASELINE="596 467 1231 450" 
                    HPOS="593"
                    VPOS="399"
                    WIDTH="638"
                    HEIGHT="93">
            <Shape><Polygon POINTS="596 467 596 492 1231 486 1231 450 1225 413 943 399 940 399 769 422 716 405 713 405 710 405 618 408 615 408 612 408 593 422 596 467"/></Shape>
	    <String CONTENT=""
                    HPOS="593"
                    VPOS="399"
                    WIDTH="638"
                    HEIGHT="93"></String>
          </TextLine>
          <TextLine ID="eSc_line_7f35b62e"
                    TAGREFS="LT31"
                    BASELINE="632 545 1603 517 2692 506" 
                    HPOS="629"
                    VPOS="447"
                    WIDTH="2063"
                    HEIGHT="126">
            <Shape><Polygon POINTS="632 545 632 573 1242 550 1340 562 1348 562 1351 562 1354 562 1357 562 1390 548 2213 548 2269 548 2269 545 2280 545 2448 528 2686 536 2692 506 2686 461 2504 447 2501 447 2498 447 2440 464 2437 464 2429 464 2238 453 2235 453 2082 469 2000 455 1998 455 1995 455 1992 455 1992 458 1978 469 1914 458 1911 458 1908 458 1838 475 1835 475 1818 475 1278 469 1276 469 1273 469 1228 486 1043 475 1041 475 926 492 791 478 789 478 629 497 632 545"/></Shape>
	    <String CONTENT=""
                    HPOS="629"
                    VPOS="447"
                    WIDTH="2063"
                    HEIGHT="126"></String>
          </TextLine>
          <TextLine ID="eSc_line_86a2a664"
                    TAGREFS="LT31"
                    BASELINE="596 623 2678 576" 
                    HPOS="593"
                    VPOS="525"
                    WIDTH="2085"
                    HEIGHT="137">
            <Shape><Polygon POINTS="596 623 596 662 828 643 940 654 957 654 959 654 1015 651 1346 629 1407 640 1429 643 1432 643 1435 643 1438 643 1441 640 1457 629 1592 634 1681 637 1684 637 1687 637 1690 637 1698 632 1712 620 1762 629 1782 632 1785 632 1821 629 1897 618 1916 626 1936 632 1939 632 1942 632 1944 632 1947 632 1956 623 1970 615 2012 620 2059 629 2062 629 2675 601 2678 576 2669 536 2415 542 2389 539 2308 525 2305 525 2303 525 2300 525 2277 539 2269 545 2191 542 2079 536 2076 536 2000 545 1939 550 1916 545 1886 536 1883 536 1880 536 1877 536 1874 536 1860 545 1846 553 1816 548 1782 539 1779 539 1776 539 1774 539 1765 548 1757 553 1732 548 1698 542 1695 542 1645 548 1561 562 1491 550 1449 545 1446 545 1295 553 948 576 842 559 828 559 825 559 822 559 817 559 752 578 593 564 596 623"/></Shape>
	    <String CONTENT=""
                    HPOS="593"
                    VPOS="525"
                    WIDTH="2085"
                    HEIGHT="137"></String>
          </TextLine>
          <TextLine ID="eSc_line_a22d2aac"
                    TAGREFS="LT31"
                    BASELINE="590 693 2675 646" 
                    HPOS="587"
                    VPOS="598"
                    WIDTH="2088"
                    HEIGHT="131">
            <Shape><Polygon POINTS="590 693 590 729 766 710 822 727 828 727 831 727 833 727 867 724 1074 704 1611 707 1690 707 1693 707 1695 707 1698 707 1715 693 1902 701 1933 701 1936 701 1956 699 2101 682 2227 693 2233 693 2235 693 2238 693 2241 693 2258 676 2434 671 2507 685 2510 685 2641 668 2664 685 2675 646 2669 606 2300 598 2297 598 2154 618 2140 618 2132 618 2073 604 2070 604 1942 620 1925 623 1914 623 1835 609 1832 609 1701 626 1681 629 1667 629 1575 615 1572 615 1491 632 1488 632 1485 632 1443 618 1441 618 1438 618 1435 618 1432 618 1407 634 1404 634 1390 634 1248 623 1245 623 1242 623 1197 640 1189 640 1172 640 1071 629 1068 629 962 643 943 646 929 646 825 632 822 632 819 632 817 632 794 648 791 648 783 648 668 637 666 637 587 651 590 693"/></Shape>
	    <String CONTENT=""
                    HPOS="587"
                    VPOS="598"
                    WIDTH="2088"
                    HEIGHT="131"></String>
          </TextLine>
          <TextLine ID="eSc_line_2173d97f"
                    TAGREFS="LT31"
                    BASELINE="584 755 2619 707" 
                    HPOS="582"
                    VPOS="668"
                    WIDTH="2037"
                    HEIGHT="112">
            <Shape><Polygon POINTS="584 755 584 780 2255 749 2269 749 2512 729 2616 741 2619 707 2613 671 2132 668 2129 668 2126 668 2123 668 2104 682 2098 685 1740 690 1729 690 1653 679 1651 679 1547 693 1527 696 1511 696 1413 685 1410 685 1348 699 1343 699 1332 699 1186 690 1183 690 1180 690 1178 690 1164 704 1161 704 1152 704 1080 693 1077 693 1074 693 1049 707 1043 710 582 715 584 755"/></Shape>
	    <String CONTENT=""
                    HPOS="582"
                    VPOS="668"
                    WIDTH="2037"
                    HEIGHT="112"></String>
          </TextLine>
          <TextLine ID="eSc_line_697af93c"
                    TAGREFS="LT31"
                    BASELINE="590 825 2630 766" 
                    HPOS="587"
                    VPOS="729"
                    WIDTH="2043"
                    HEIGHT="129">
            <Shape><Polygon POINTS="590 825 590 847 772 858 775 858 878 841 884 841 895 841 1166 847 1169 847 1259 830 1270 830 1301 830 1539 836 1541 836 1544 836 1547 836 1564 822 1567 822 1592 822 1751 830 1754 830 1849 816 1869 813 1877 813 1916 825 1919 825 1922 825 2630 794 2630 766 2622 729 1656 741 1555 757 1463 746 1460 746 1068 771 881 763 878 763 587 785 590 825"/></Shape>
	    <String CONTENT=""
                    HPOS="587"
                    VPOS="729"
                    WIDTH="2043"
                    HEIGHT="129"></String>
          </TextLine>
          <TextLine ID="eSc_line_9319bbc1"
                    TAGREFS="LT31"
                    BASELINE="587 889 2678 825" 
                    HPOS="584"
                    VPOS="780"
                    WIDTH="2094"
                    HEIGHT="137">
            <Shape><Polygon POINTS="587 889 587 917 2678 850 2678 825 2669 780 584 850 587 889"/></Shape>
	    <String CONTENT=""
                    HPOS="584"
                    VPOS="780"
                    WIDTH="2094"
                    HEIGHT="137"></String>
          </TextLine>
          <TextLine ID="eSc_line_25800985"
                    TAGREFS="LT31"
                    BASELINE="584 953 2672 892" 
                    HPOS="582"
                    VPOS="841"
                    WIDTH="2090"
                    HEIGHT="149">
            <Shape><Polygon POINTS="584 953 584 990 926 967 999 978 1013 978 1015 978 1018 978 1024 976 1063 962 1113 973 1122 976 1124 976 1127 976 1150 973 1248 956 1379 964 1421 967 1424 967 1721 956 1723 956 1726 956 1726 953 1743 942 1846 950 1891 953 1894 953 1897 953 1911 948 1944 936 1978 945 1984 948 1986 948 1989 948 2669 922 2672 892 2661 841 2610 855 2476 847 2470 847 2468 847 2465 847 2437 861 2213 855 2210 855 2087 872 2000 861 1998 861 1995 861 1992 861 1989 861 1989 864 1975 878 1709 883 1620 872 1617 872 1614 872 1611 872 1609 872 1592 886 1522 875 1519 875 1516 875 1508 875 1231 900 582 900 584 953"/></Shape>
	    <String CONTENT=""
                    HPOS="582"
                    VPOS="841"
                    WIDTH="2090"
                    HEIGHT="149"></String>
          </TextLine>
          <TextLine ID="eSc_line_78308208"
                    TAGREFS="LT31"
                    BASELINE="584 1020 2104 970 2661 962" 
                    HPOS="582"
                    VPOS="908"
                    WIDTH="2079"
                    HEIGHT="137">
            <Shape><Polygon POINTS="584 1020 584 1045 2661 990 2661 962 2655 920 2479 908 2476 908 2395 925 2384 925 2364 925 2207 917 2205 917 2003 934 1933 939 1905 936 1846 928 1844 928 1782 939 1748 948 582 967 584 1020"/></Shape>
	    <String CONTENT=""
                    HPOS="582"
                    VPOS="908"
                    WIDTH="2079"
                    HEIGHT="137"></String>
          </TextLine>
          <TextLine ID="eSc_line_1d7084f6"
                    TAGREFS="LT31"
                    BASELINE="573 1087 2608 1020" 
                    HPOS="570"
                    VPOS="967"
                    WIDTH="2038"
                    HEIGHT="140">
            <Shape><Polygon POINTS="573 1087 573 1107 2608 1048 2608 1020 2602 981 2543 967 2540 967 2420 987 2395 990 2378 987 2303 976 2300 976 2297 976 2263 992 2255 998 2160 998 2149 995 2107 984 2104 984 2101 984 2098 984 2095 984 2076 998 2073 1001 2056 998 1981 987 1978 987 1975 987 1916 1004 1902 1006 1849 1006 1659 1001 1656 1001 1653 1001 1651 1001 1637 1012 1634 1015 1628 1015 1589 1001 1586 1001 1583 1001 1508 1017 1491 1020 1455 1020 1245 1009 1242 1009 1144 1031 1133 1031 1119 1031 987 1017 985 1017 982 1017 931 1037 929 1040 730 1045 721 1045 649 1029 646 1029 643 1029 570 1048 573 1087"/></Shape>
	    <String CONTENT=""
                    HPOS="570"
                    VPOS="967"
                    WIDTH="2038"
                    HEIGHT="140"></String>
          </TextLine>
          <TextLine ID="eSc_line_253a1826"
                    TAGREFS="LT31"
                    BASELINE="582 1155 2630 1087" 
                    HPOS="579"
                    VPOS="1048"
                    WIDTH="2051"
                    HEIGHT="132">
            <Shape><Polygon POINTS="582 1155 582 1180 2630 1118 2630 1087 2624 1051 2154 1048 2151 1048 2149 1048 2095 1062 2084 1065 2076 1062 2037 1051 2034 1051 2031 1051 1964 1065 1939 1071 1832 1068 1634 1065 1631 1065 1628 1065 1625 1065 1611 1073 1597 1082 1329 1082 1152 1082 1150 1082 1147 1082 1130 1087 1082 1099 971 1090 920 1087 917 1087 870 1093 744 1110 579 1101 582 1155"/></Shape>
	    <String CONTENT=""
                    HPOS="579"
                    VPOS="1048"
                    WIDTH="2051"
                    HEIGHT="132"></String>
          </TextLine>
          <TextLine ID="eSc_line_86df1704"
                    TAGREFS="LT31"
                    BASELINE="582 1230 875 1205 2632 1151" 
                    HPOS="576"
                    VPOS="1141"
                    WIDTH="851"
                    HEIGHT="114">
            <Shape><Polygon POINTS="582 1255 741 1233 906 1241 909 1241 912 1241 959 1227 1001 1244 1004 1244 1007 1244 1010 1244 1013 1244 1015 1244 1046 1224 1133 1233 1136 1233 1217 1216 1276 1230 1278 1230 1281 1230 1284 1230 1287 1230 1312 1210 1424 1227 1427 1191 1418 1141 1077 1160 1029 1152 1015 1149 1013 1149 1010 1149 1007 1149 1007 1152 1004 1152 996 1163 962 1152 957 1152 954 1152 951 1152 948 1152 945 1152 945 1155 931 1166 898 1155 895 1155 892 1155 889 1155 887 1155 884 1155 845 1169 800 1157 791 1157 789 1157 786 1157 777 1157 713 1174 660 1163 657 1163 654 1163 652 1163 649 1163 649 1166 646 1166 638 1177 576 1166 582 1230"/></Shape>
	    <String CONTENT=""
                    HPOS="576"
                    VPOS="1141"
                    WIDTH="851"
                    HEIGHT="114"></String>
          </TextLine>
          <TextLine ID="eSc_line_3ef9fe47"
                    TAGREFS="LT34"
                    BASELINE="1395 1219 2166 1188" 
                    HPOS="1395"
                    VPOS="1188"
                    WIDTH="771"
                    HEIGHT="31">
	    <String CONTENT=""
                    HPOS="1395"
                    VPOS="1188"
                    WIDTH="771"
                    HEIGHT="31"></String>
          </TextLine>
          <TextLine ID="eSc_line_53e3ad0c"
                    TAGREFS="LT34"
                    BASELINE="2214 1199 2622 1183" 
                    HPOS="2214"
                    VPOS="1183"
                    WIDTH="408"
                    HEIGHT="16">
	    <String CONTENT=""
                    HPOS="2214"
                    VPOS="1183"
                    WIDTH="408"
                    HEIGHT="16"></String>
          </TextLine>
          <TextLine ID="eSc_line_8106f936"
                    TAGREFS="LT31"
                    BASELINE="604 1292 2604 1213" 
                    HPOS="601"
                    VPOS="1194"
                    WIDTH="968"
                    HEIGHT="142">
            <Shape><Polygon POINTS="604 1314 735 1336 738 1336 1004 1325 1007 1325 1010 1325 1010 1322 1027 1306 1038 1292 1088 1289 1234 1286 1250 1303 1262 1311 1262 1314 1264 1314 1267 1314 1270 1314 1346 1311 1348 1311 1351 1311 1351 1308 1360 1300 1379 1280 1567 1294 1569 1252 1564 1194 1499 1194 1497 1194 1494 1194 1485 1196 1427 1222 1292 1210 1225 1205 1222 1205 1124 1213 1122 1213 1119 1213 1119 1216 1110 1222 1096 1236 887 1241 878 1236 850 1222 847 1222 845 1222 842 1222 839 1222 839 1224 822 1241 755 1244 666 1250 643 1236 640 1236 638 1236 635 1236 632 1236 601 1250 604 1292"/></Shape>
	    <String CONTENT=""
                    HPOS="601"
                    VPOS="1194"
                    WIDTH="968"
                    HEIGHT="142"></String>
          </TextLine>
          <TextLine ID="eSc_line_993b1c80"
                    TAGREFS="LT31"
                    BASELINE="584 1350 1116 1342 1452 1320 2658 1280" 
                    HPOS="582"
                    VPOS="1238"
                    WIDTH="2076"
                    HEIGHT="151">
            <Shape><Polygon POINTS="584 1350 584 1375 842 1389 845 1389 1082 1381 1085 1381 1088 1381 1110 1367 1250 1375 1253 1375 1413 1350 1460 1342 1656 1339 1667 1342 1687 1353 1690 1353 1693 1353 1695 1353 1723 1342 1737 1336 1852 1336 1858 1336 1902 1353 1905 1353 1908 1353 1911 1353 1972 1334 1995 1328 2020 1334 2073 1342 2076 1342 2079 1342 2129 1328 2157 1320 2392 1320 2403 1320 2487 1336 2490 1336 2493 1336 2543 1317 2557 1311 2655 1311 2658 1280 2652 1250 2510 1238 2507 1238 2504 1238 2501 1238 2484 1252 2484 1255 2207 1261 2205 1261 2160 1247 2157 1247 2154 1247 2068 1266 2045 1269 1961 1269 1656 1264 1653 1264 1651 1264 1648 1264 1628 1278 1623 1280 1586 1280 1382 1272 1379 1272 1376 1272 1374 1272 1351 1286 1337 1297 582 1308 584 1350"/></Shape>
	    <String CONTENT=""
                    HPOS="582"
                    VPOS="1238"
                    WIDTH="2076"
                    HEIGHT="151"></String>
          </TextLine>
          <TextLine ID="eSc_line_c25bb22e"
                    TAGREFS="LT34"
                    BASELINE="685 1318 2600 1246" 
                    HPOS="685"
                    VPOS="1246"
                    WIDTH="1915"
                    HEIGHT="72">
	    <String CONTENT=""
                    HPOS="685"
                    VPOS="1246"
                    WIDTH="1915"
                    HEIGHT="72"></String>
          </TextLine>
          <TextLine ID="eSc_line_423c3ac9"
                    TAGREFS="LT34"
                    BASELINE="526 1409 1049 1373" 
                    HPOS="526"
                    VPOS="1373"
                    WIDTH="523"
                    HEIGHT="36">
	    <String CONTENT=""
                    HPOS="526"
                    VPOS="1373"
                    WIDTH="523"
                    HEIGHT="36"></String>
          </TextLine>
          <TextLine ID="eSc_line_8a0c9e43"
                    TAGREFS="LT31"
                    BASELINE="587 1429 1681 1384 2638 1359" 
                    HPOS="584"
                    VPOS="1311"
                    WIDTH="2054"
                    HEIGHT="140">
            <Shape><Polygon POINTS="587 1429 587 1451 2638 1384 2638 1359 2630 1311 2317 1328 2300 1320 2289 1311 2286 1311 2283 1311 2280 1311 2207 1322 2137 1334 2093 1325 2054 1320 2051 1320 2048 1320 2012 1328 1956 1342 1911 1331 1880 1325 1877 1325 1816 1334 1718 1350 1667 1339 1645 1334 1642 1334 1639 1334 1606 1342 1539 1356 1499 1345 1483 1339 1480 1339 1477 1339 1474 1339 1460 1345 1429 1359 1351 1347 1318 1345 1315 1345 1312 1345 1309 1345 1304 1350 1284 1364 828 1381 803 1364 800 1364 797 1364 794 1364 584 1370 587 1429"/></Shape>
	    <String CONTENT=""
                    HPOS="584"
                    VPOS="1311"
                    WIDTH="2054"
                    HEIGHT="140"></String>
          </TextLine>
          <TextLine ID="eSc_line_5688e1d1"
                    TAGREFS="LT31"
                    BASELINE="570 1501 2062 1443 2644 1434" 
                    HPOS="568"
                    VPOS="1384"
                    WIDTH="2076"
                    HEIGHT="142">
            <Shape><Polygon POINTS="570 1501 570 1526 1035 1526 1035 1524 1401 1501 1687 1485 1760 1490 1807 1496 1810 1496 1888 1487 2045 1471 2364 1473 2401 1473 2403 1473 2406 1473 2409 1473 2448 1457 2641 1465 2644 1434 2636 1384 568 1454 570 1501"/></Shape>
	    <String CONTENT=""
                    HPOS="568"
                    VPOS="1384"
                    WIDTH="2076"
                    HEIGHT="142"></String>
          </TextLine>
          <TextLine ID="eSc_line_4455f803"
                    TAGREFS="LT31"
                    BASELINE="570 1582 2112 1510 2655 1501" 
                    HPOS="568"
                    VPOS="1454"
                    WIDTH="2087"
                    HEIGHT="148">
            <Shape><Polygon POINTS="570 1582 570 1602 2652 1526 2655 1501 2647 1454 2101 1462 2098 1462 2070 1476 2037 1465 2034 1465 2031 1465 1944 1482 1942 1482 1939 1482 1779 1476 1776 1476 1659 1496 1645 1496 1634 1496 1527 1487 1525 1487 1522 1487 1519 1487 1497 1501 1491 1501 1401 1493 1399 1493 1396 1493 1393 1493 1393 1496 1379 1507 1379 1510 1346 1510 1013 1510 1010 1510 568 1540 570 1582"/></Shape>
	    <String CONTENT=""
                    HPOS="568"
                    VPOS="1454"
                    WIDTH="2087"
                    HEIGHT="148"></String>
          </TextLine>
          <TextLine ID="eSc_line_06c3cee1"
                    TAGREFS="LT31"
                    BASELINE="573 1652 1818 1599 2672 1577" 
                    HPOS="570"
                    VPOS="1524"
                    WIDTH="2102"
                    HEIGHT="151">
            <Shape><Polygon POINTS="573 1652 573 1675 2672 1605 2672 1577 2664 1529 2479 1540 2470 1535 2454 1524 2451 1524 2448 1524 2445 1524 2442 1524 2440 1524 2423 1538 2415 1546 2289 1549 2258 1546 2182 1532 2179 1532 2177 1532 2174 1532 2151 1549 2143 1554 2135 1549 2121 1543 2118 1543 2115 1543 2037 1554 1989 1560 1970 1557 1908 1543 1905 1543 1810 1563 1796 1566 1788 1563 1746 1549 1743 1549 1740 1549 1639 1552 1637 1552 1634 1552 1617 1568 1575 1554 1572 1554 1569 1554 1374 1574 1329 1563 1326 1563 1323 1563 1320 1563 1253 1585 1245 1588 1231 1588 1099 1571 1096 1571 1094 1571 1091 1571 1063 1594 973 1577 971 1577 968 1577 965 1577 934 1599 912 1582 909 1582 906 1582 903 1582 901 1582 898 1582 870 1602 867 1605 570 1613 573 1652"/></Shape>
	    <String CONTENT=""
                    HPOS="570"
                    VPOS="1524"
                    WIDTH="2102"
                    HEIGHT="151"></String>
          </TextLine>
          <TextLine ID="eSc_line_fbf762d8"
                    TAGREFS="LT31"
                    BASELINE="562 1728 2068 1666 2661 1655" 
                    HPOS="559"
                    VPOS="1605"
                    WIDTH="2102"
                    HEIGHT="156">
            <Shape><Polygon POINTS="562 1728 565 1761 635 1745 758 1756 780 1756 783 1756 786 1756 789 1756 789 1753 817 1739 959 1745 962 1745 965 1745 1007 1731 1323 1733 1368 1733 1371 1733 1374 1733 1382 1731 1446 1714 1474 1728 1477 1728 1480 1728 1485 1728 1595 1708 1790 1717 1813 1717 1816 1717 1832 1714 1972 1694 2090 1705 2101 1705 2104 1705 2112 1705 2210 1686 2661 1686 2661 1655 2652 1613 2442 1619 2440 1619 2417 1605 2415 1605 2412 1605 2409 1605 2406 1605 2403 1605 2381 1622 2378 1624 2210 1627 2082 1630 2034 1616 2031 1616 2028 1616 2026 1616 1984 1636 1981 1638 1877 1641 1866 1641 1816 1630 1813 1630 1810 1630 1771 1644 1768 1644 1765 1644 1735 1627 1732 1627 1729 1627 1427 1652 1290 1644 1287 1644 1284 1644 1222 1664 1208 1666 1186 1664 1085 1652 1082 1652 1080 1652 1007 1672 987 1675 954 1672 836 1664 833 1664 831 1664 780 1680 766 1683 752 1680 710 1666 707 1666 705 1666 702 1666 699 1666 674 1683 666 1689 559 1689 562 1728"/></Shape>
	    <String CONTENT=""
                    HPOS="559"
                    VPOS="1605"
                    WIDTH="2102"
                    HEIGHT="156"></String>
          </TextLine>
          <TextLine ID="eSc_line_04ef9b04"
                    TAGREFS="LT31"
                    BASELINE="576 1798 1914 1745 2680 1736" 
                    HPOS="573"
                    VPOS="1672"
                    WIDTH="2107"
                    HEIGHT="159">
            <Shape><Polygon POINTS="576 1798 576 1831 663 1812 741 1826 744 1826 747 1826 783 1809 828 1823 831 1823 833 1823 836 1823 839 1823 867 1806 1152 1812 1155 1812 1158 1812 1197 1795 1399 1801 1401 1801 1404 1801 1446 1787 1513 1801 1516 1801 1519 1801 1530 1801 1869 1773 2023 1784 2028 1784 2031 1784 2048 1784 2409 1756 2678 1761 2680 1736 2675 1683 2577 1672 2574 1672 2571 1672 2540 1686 2535 1689 2526 1686 2473 1672 2470 1672 2468 1672 2319 1694 2311 1694 2303 1694 2210 1680 2207 1680 2205 1680 2132 1700 2121 1703 2098 1703 1956 1689 1953 1689 1950 1689 1947 1689 1922 1708 1919 1711 1782 1714 1762 1714 1637 1700 1634 1700 1533 1722 1525 1722 1516 1722 1441 1705 1438 1705 1194 1733 1178 1733 1169 1733 1013 1719 1010 1719 811 1745 682 1731 680 1731 677 1731 674 1731 674 1733 654 1750 654 1753 573 1753 576 1798"/></Shape>
	    <String CONTENT=""
                    HPOS="573"
                    VPOS="1672"
                    WIDTH="2107"
                    HEIGHT="159"></String>
          </TextLine>
          <TextLine ID="eSc_line_43431b93"
                    TAGREFS="LT31"
                    BASELINE="565 1876 1701 1823 2608 1806" 
                    HPOS="562"
                    VPOS="1745"
                    WIDTH="2046"
                    HEIGHT="153">
            <Shape><Polygon POINTS="565 1876 565 1898 1091 1893 1094 1893 1096 1893 1105 1884 1127 1873 1242 1882 1301 1884 1304 1884 1427 1876 1735 1851 1782 1865 1785 1865 1788 1865 1790 1865 1802 1865 1894 1845 1978 1859 1995 1859 1998 1859 2000 1859 2009 1856 2054 1843 2140 1854 2154 1854 2157 1854 2179 1851 2286 1837 2602 1837 2608 1806 2602 1759 2423 1750 2420 1750 2417 1750 2381 1764 2333 1745 2331 1745 2328 1745 2325 1745 2261 1770 2258 1770 2249 1770 2171 1759 2168 1759 1888 1784 1863 1784 1855 1784 1732 1764 1729 1764 1547 1795 1541 1795 1539 1795 1488 1775 1485 1775 1483 1775 1480 1775 1421 1801 1415 1801 1410 1801 1357 1787 1354 1787 1351 1787 1348 1787 1346 1787 1346 1789 1332 1803 1329 1803 1326 1803 1270 1792 1267 1792 1264 1792 1211 1806 1186 1789 1183 1789 1180 1789 1178 1789 1175 1789 1172 1789 1144 1809 1113 1787 1110 1787 1108 1787 1105 1787 730 1801 727 1801 724 1801 685 1826 652 1815 649 1815 646 1815 562 1829 565 1876"/></Shape>
	    <String CONTENT=""
                    HPOS="562"
                    VPOS="1745"
                    WIDTH="2046"
                    HEIGHT="153"></String>
          </TextLine>
          <TextLine ID="eSc_line_7c8ab25c"
                    TAGREFS="LT34"
                    BASELINE="710 1843 1113 1816" 
                    HPOS="710"
                    VPOS="1816"
                    WIDTH="403"
                    HEIGHT="27">
	    <String CONTENT=""
                    HPOS="710"
                    VPOS="1816"
                    WIDTH="403"
                    HEIGHT="27"></String>
          </TextLine>
          <TextLine ID="eSc_line_752ce1c2"
                    TAGREFS="LT31"
                    BASELINE="576 1949 2624 1862" 
                    HPOS="570"
                    VPOS="1820"
                    WIDTH="2054"
                    HEIGHT="174">
            <Shape><Polygon POINTS="576 1949 576 1994 856 1963 999 1971 1035 1974 1038 1974 1175 1963 1505 1935 1600 1940 1698 1946 1701 1946 1782 1932 1835 1921 1894 1924 1989 1932 1992 1932 1995 1932 2020 1918 2031 1912 2045 1915 2090 1929 2093 1929 2095 1929 2098 1929 2101 1929 2129 1912 2132 1912 2213 1924 2216 1924 2624 1884 2624 1862 2619 1820 570 1910 576 1949"/></Shape>
	    <String CONTENT=""
                    HPOS="570"
                    VPOS="1820"
                    WIDTH="2054"
                    HEIGHT="174"></String>
          </TextLine>
          <TextLine ID="eSc_line_6f9e5856"
                    TAGREFS="LT31"
                    BASELINE="573 2019 1178 2002 1883 1960 2669 1940" 
                    HPOS="570"
                    VPOS="1884"
                    WIDTH="2099"
                    HEIGHT="168">
            <Shape><Polygon POINTS="573 2019 573 2052 929 2041 931 2041 934 2041 954 2027 1309 2027 1312 2027 1315 2027 1351 2010 1469 2021 1471 2021 1474 2021 1561 1996 1925 1985 2140 1996 2146 1996 2149 1996 2151 1996 2191 1980 2289 1991 2291 1991 2294 1991 2375 1968 2434 1985 2437 1985 2440 1985 2442 1985 2445 1985 2473 1963 2599 1960 2664 1977 2669 1940 2666 1904 2602 1884 2599 1884 2596 1884 2219 1915 2174 1901 2171 1901 2168 1901 2040 1924 1849 1912 1846 1912 1779 1915 1776 1915 1774 1915 1774 1918 1751 1938 1600 1940 1564 1926 1561 1926 1558 1926 1555 1926 1519 1946 1172 1957 1105 1943 1102 1943 1099 1943 1018 1963 733 1960 730 1960 570 1980 573 2019"/></Shape>
	    <String CONTENT=""
                    HPOS="570"
                    VPOS="1884"
                    WIDTH="2099"
                    HEIGHT="168"></String>
          </TextLine>
          <TextLine ID="eSc_line_b82855fe"
                    TAGREFS="LT31"
                    BASELINE="582 2086 1942 2033 2689 2016" 
                    HPOS="579"
                    VPOS="1954"
                    WIDTH="2110"
                    HEIGHT="168">
            <Shape><Polygon POINTS="582 2086 582 2122 789 2100 870 2111 873 2111 875 2111 878 2111 898 2097 1046 2105 1052 2105 1054 2105 1068 2105 1346 2080 1513 2089 1530 2089 1533 2089 1541 2089 1620 2069 1698 2080 1701 2080 1860 2061 2054 2069 2087 2069 2090 2069 2093 2069 2098 2066 2140 2049 2689 2044 2689 2016 2680 1954 2406 1982 1967 1985 1693 1988 1690 1988 1687 1988 1673 1996 1659 2008 1471 2008 1180 2008 1178 2008 1015 2027 976 2030 971 2027 948 2016 945 2016 943 2016 940 2016 903 2030 898 2033 878 2033 744 2021 741 2021 738 2021 696 2038 677 2024 674 2024 671 2024 668 2024 579 2044 582 2086"/></Shape>
	    <String CONTENT=""
                    HPOS="579"
                    VPOS="1954"
                    WIDTH="2110"
                    HEIGHT="168"></String>
          </TextLine>
          <TextLine ID="eSc_line_5fd1ebe5"
                    TAGREFS="LT31"
                    BASELINE="568 2161 2672 2077" 
                    HPOS="565"
                    VPOS="2024"
                    WIDTH="2107"
                    HEIGHT="160">
            <Shape><Polygon POINTS="568 2161 568 2184 2669 2105 2672 2077 2664 2024 2577 2041 2353 2038 2319 2038 2317 2038 2314 2038 2311 2038 2291 2052 2191 2044 2121 2041 2118 2041 2115 2041 2112 2041 2101 2049 2084 2061 2020 2052 1964 2047 1961 2047 1883 2061 1810 2072 1779 2063 1746 2055 1743 2055 1740 2055 1737 2055 1698 2069 1667 2080 1457 2086 1438 2080 1401 2069 1399 2069 1396 2069 1306 2086 1276 2091 1211 2091 979 2086 976 2086 973 2086 971 2086 951 2103 945 2105 920 2105 758 2094 755 2094 752 2094 749 2094 724 2114 691 2097 688 2097 685 2097 682 2097 680 2097 657 2117 632 2100 629 2100 626 2100 624 2100 621 2100 565 2119 568 2161"/></Shape>
	    <String CONTENT=""
                    HPOS="565"
                    VPOS="2024"
                    WIDTH="2107"
                    HEIGHT="160"></String>
          </TextLine>
          <TextLine ID="eSc_line_caa2ac9c"
                    TAGREFS="LT31"
                    BASELINE="565 2234 2037 2173 2672 2156" 
                    HPOS="562"
                    VPOS="2105"
                    WIDTH="2110"
                    HEIGHT="154">
            <Shape><Polygon POINTS="565 2234 565 2259 800 2248 845 2254 889 2259 892 2259 895 2259 915 2251 929 2245 943 2251 962 2256 965 2256 968 2256 1141 2242 1354 2226 1471 2231 1550 2234 1553 2234 1555 2234 1558 2234 1564 2228 1575 2217 1606 2226 1614 2228 1617 2228 1620 2228 1642 2226 1701 2212 1723 2223 1732 2226 1735 2226 1737 2226 1981 2217 1984 2217 2006 2212 2059 2198 2319 2200 2409 2200 2412 2200 2415 2200 2417 2200 2417 2198 2420 2198 2434 2184 2669 2186 2672 2156 2664 2105 1737 2147 1676 2147 1539 2142 1536 2142 1298 2161 1234 2167 1222 2164 1186 2156 1183 2156 1180 2156 1178 2156 1175 2156 1161 2167 1158 2170 1127 2170 982 2164 979 2164 909 2178 895 2181 875 2181 783 2173 780 2173 694 2189 682 2189 674 2189 615 2178 612 2178 610 2178 562 2189 565 2234"/></Shape>
	    <String CONTENT=""
                    HPOS="562"
                    VPOS="2105"
                    WIDTH="2110"
                    HEIGHT="154"></String>
          </TextLine>
          <TextLine ID="eSc_line_4c1367ce"
                    TAGREFS="LT31"
                    BASELINE="556 2315 1754 2256 2666 2234" 
                    HPOS="554"
                    VPOS="2178"
                    WIDTH="2112"
                    HEIGHT="165">
            <Shape><Polygon POINTS="556 2315 556 2329 615 2343 618 2343 621 2343 624 2343 640 2329 763 2338 766 2338 769 2338 811 2321 817 2321 847 2321 1041 2326 1043 2326 1046 2326 1049 2326 1068 2312 1074 2310 1080 2312 1096 2321 1099 2321 1102 2321 1192 2310 1259 2301 1337 2304 1449 2310 1452 2310 1539 2298 1614 2287 1642 2296 1665 2301 1667 2301 1670 2301 1673 2301 1676 2301 1687 2293 1701 2282 1900 2276 2023 2282 2090 2284 2093 2284 2126 2279 2196 2265 2272 2273 2300 2276 2303 2276 2498 2265 2501 2265 2504 2265 2504 2262 2515 2251 2540 2265 2543 2265 2546 2265 2549 2265 2664 2259 2666 2234 2658 2178 2210 2206 2140 2200 2076 2195 2073 2195 2023 2206 1981 2214 1914 2212 1841 2206 1838 2206 1835 2206 1810 2214 1788 2223 1684 2220 1527 2217 1525 2217 1522 2217 1469 2231 1441 2240 1166 2248 1158 2245 1141 2234 1138 2234 1136 2234 1133 2234 1130 2234 1099 2248 1091 2251 1035 2251 833 2245 831 2245 752 2262 741 2265 724 2265 610 2254 607 2254 604 2254 554 2270 556 2315"/></Shape>
	    <String CONTENT=""
                    HPOS="554"
                    VPOS="2178"
                    WIDTH="2112"
                    HEIGHT="165"></String>
          </TextLine>
          <TextLine ID="eSc_line_5cba88b3"
                    TAGREFS="LT31"
                    BASELINE="568 2388 2647 2304" 
                    HPOS="562"
                    VPOS="2256"
                    WIDTH="2085"
                    HEIGHT="149">
            <Shape><Polygon POINTS="568 2388 568 2405 1250 2391 1329 2379 1401 2371 1471 2377 1536 2379 1539 2379 1541 2379 1544 2379 1553 2374 1567 2365 1709 2368 1799 2368 1802 2368 1804 2368 1807 2368 1807 2365 1810 2365 1821 2354 2076 2354 2115 2354 2118 2354 2121 2354 2123 2354 2163 2340 2277 2349 2294 2349 2297 2349 2300 2349 2308 2349 2373 2332 2644 2335 2647 2304 2641 2256 562 2335 568 2388"/></Shape>
	    <String CONTENT=""
                    HPOS="562"
                    VPOS="2256"
                    WIDTH="2085"
                    HEIGHT="149"></String>
          </TextLine>
          <TextLine ID="eSc_line_f4539e7b"
                    TAGREFS="LT34"
                    BASELINE="1505 2396 1965 2362" 
                    HPOS="1505"
                    VPOS="2362"
                    WIDTH="460"
                    HEIGHT="34">
	    <String CONTENT=""
                    HPOS="1505"
                    VPOS="2362"
                    WIDTH="460"
                    HEIGHT="34"></String>
          </TextLine>
          <TextLine ID="eSc_line_fc38d3e4"
                    TAGREFS="LT31"
                    BASELINE="562 2455 2658 2371" 
                    HPOS="559"
                    VPOS="2315"
                    WIDTH="2099"
                    HEIGHT="162">
            <Shape><Polygon POINTS="1390 2357 1388 2357 1348 2377 1334 2382 1320 2377 1281 2365 1278 2365 1276 2365 1273 2365 1211 2382 1180 2391 1155 2385 1091 2374 1088 2374 1085 2374 1052 2391 1041 2396 1021 2393 982 2385 979 2385 976 2385 973 2385 962 2396 957 2402 783 2405 777 2405 721 2385 719 2385 716 2385 559 2413 562 2455 562 2477 1679 2444 1751 2438 1916 2421 1995 2430 2014 2430 2017 2430 2020 2430 2026 2427 2056 2416 2146 2424 2165 2424 2168 2424 2191 2421 2317 2405 2655 2405 2658 2371 2652 2315 2512 2338 2434 2324 2395 2318 2392 2318 2389 2318 2387 2318 2375 2326 2353 2343 2266 2332 2252 2332 2249 2332 2247 2332 2244 2332 2244 2335 2221 2349 2168 2338 2165 2338 2163 2338 2151 2338 2023 2357 1992 2346 1964 2335 1961 2335 1958 2335 1673 2346 1670 2346 1628 2363 1600 2374 1525 2368 1393 2357 1390 2357"/></Shape>
	    <String CONTENT=""
                    HPOS="559"
                    VPOS="2315"
                    WIDTH="2099"
                    HEIGHT="162"></String>
          </TextLine>
          <TextLine ID="eSc_line_613e15b2"
                    TAGREFS="LT31"
                    BASELINE="554 2528 2672 2441" 
                    HPOS="551"
                    VPOS="2396"
                    WIDTH="2121"
                    HEIGHT="154">
            <Shape><Polygon POINTS="554 2528 554 2550 2672 2469 2672 2441 2666 2396 551 2477 554 2528"/></Shape>
	    <String CONTENT=""
                    HPOS="551"
                    VPOS="2396"
                    WIDTH="2121"
                    HEIGHT="154"></String>
          </TextLine>
          <TextLine ID="eSc_line_a4572d86"
                    TAGREFS="LT31"
                    BASELINE="551 2603 2641 2511" 
                    HPOS="548"
                    VPOS="2458"
                    WIDTH="2093"
                    HEIGHT="168">
            <Shape><Polygon POINTS="551 2603 551 2626 1306 2612 1418 2592 1438 2589 1455 2589 1564 2600 1567 2600 1569 2600 1637 2581 1645 2581 1653 2581 1751 2592 1754 2592 1757 2592 1827 2572 1835 2572 1852 2572 2006 2581 2009 2581 2012 2581 2045 2564 2048 2564 2107 2575 2109 2575 2112 2575 2154 2558 2157 2558 2160 2558 2205 2570 2207 2570 2210 2570 2213 2570 2258 2553 2266 2553 2303 2553 2524 2556 2526 2556 2641 2536 2641 2511 2636 2458 2540 2477 2347 2472 2311 2472 2308 2472 2305 2472 2297 2475 2241 2491 2107 2483 2068 2483 2065 2483 2062 2483 2045 2489 1989 2503 1830 2500 1743 2497 1740 2497 1737 2497 1712 2505 1670 2517 1572 2511 1488 2508 1485 2508 1483 2508 1463 2517 1452 2525 1443 2519 1432 2511 1429 2511 1427 2511 1424 2511 1421 2511 1379 2522 1343 2530 1239 2530 1119 2528 1116 2528 1015 2542 965 2547 954 2544 923 2533 920 2533 917 2533 548 2564 551 2603"/></Shape>
	    <String CONTENT=""
                    HPOS="548"
                    VPOS="2458"
                    WIDTH="2093"
                    HEIGHT="168"></String>
          </TextLine>
          <TextLine ID="eSc_line_c32491d0"
                    TAGREFS="LT31"
                    BASELINE="545 2682 2655 2589" 
                    HPOS="542"
                    VPOS="2536"
                    WIDTH="2113"
                    HEIGHT="185">
            <Shape><Polygon POINTS="545 2682 545 2707 671 2721 674 2721 906 2693 917 2693 923 2693 1054 2704 1057 2704 1374 2673 1413 2670 1435 2670 1564 2676 1567 2676 1762 2656 1827 2651 1852 2654 1947 2665 1950 2665 1953 2665 2006 2645 2020 2640 2143 2637 2157 2640 2202 2654 2205 2654 2207 2654 2210 2654 2213 2654 2235 2637 2238 2634 2247 2637 2297 2648 2300 2648 2303 2648 2305 2648 2353 2631 2364 2628 2378 2631 2440 2642 2442 2642 2445 2642 2448 2642 2468 2626 2476 2620 2655 2617 2655 2589 2652 2550 2585 2536 2582 2536 2580 2536 2524 2553 2515 2556 2484 2556 2289 2550 2286 2550 2283 2550 2247 2567 2241 2567 2230 2567 2149 2556 2146 2556 1942 2564 1939 2564 1905 2581 1900 2581 1888 2581 1818 2570 1816 2570 1813 2570 1785 2584 1779 2586 1768 2586 1712 2575 1709 2575 1707 2575 1704 2575 1687 2589 1679 2592 1611 2592 1469 2589 1466 2589 1404 2600 1368 2606 1357 2603 1334 2592 1332 2592 1329 2592 1259 2606 1225 2612 1172 2609 1054 2603 1052 2603 1049 2603 1004 2617 979 2623 940 2620 873 2612 870 2612 867 2612 864 2612 850 2623 839 2628 777 2626 666 2620 663 2620 542 2634 545 2682"/></Shape>
	    <String CONTENT=""
                    HPOS="542"
                    VPOS="2536"
                    WIDTH="2113"
                    HEIGHT="185"></String>
          </TextLine>
          <TextLine ID="eSc_line_c60f546c"
                    TAGREFS="LT31"
                    BASELINE="554 2763 954 2737 2608 2679" 
                    HPOS="548"
                    VPOS="2628"
                    WIDTH="2060"
                    HEIGHT="160">
            <Shape><Polygon POINTS="554 2763 554 2777 702 2788 705 2788 853 2768 906 2763 937 2765 1004 2777 1007 2777 1099 2763 1161 2751 1192 2760 1225 2768 1228 2768 1231 2768 1390 2751 1494 2743 1547 2749 1609 2754 1611 2754 1659 2746 1707 2735 1732 2743 1748 2749 1751 2749 1754 2749 1757 2749 1785 2740 1841 2726 2230 2726 2252 2726 2255 2726 2266 2726 2518 2701 2605 2715 2608 2679 2605 2637 2373 2628 2370 2628 2286 2648 2269 2651 2266 2648 2247 2634 2244 2634 2241 2634 2238 2634 2146 2654 2126 2656 2118 2654 2076 2640 2073 2640 2070 2640 2068 2640 2065 2640 2045 2656 2040 2662 1981 2662 1967 2659 1911 2645 1908 2645 1905 2645 1751 2668 1732 2670 1729 2670 1698 2654 1695 2654 1693 2654 1606 2656 1603 2656 1530 2676 1519 2682 1365 2684 1360 2684 1309 2668 1306 2668 1304 2668 1301 2668 1298 2668 1298 2670 1281 2687 1278 2690 1152 2693 1124 2693 929 2682 926 2682 710 2709 694 2709 685 2709 593 2695 590 2695 587 2695 548 2712 554 2763"/></Shape>
	    <String CONTENT=""
                    HPOS="548"
                    VPOS="2628"
                    WIDTH="2060"
                    HEIGHT="160"></String>
          </TextLine>
          <TextLine ID="eSc_line_d5562ccf"
                    TAGREFS="LT31"
                    BASELINE="554 2830 2638 2746" 
                    HPOS="551"
                    VPOS="2709"
                    WIDTH="2087"
                    HEIGHT="151">
            <Shape><Polygon POINTS="554 2830 554 2860 2638 2774 2638 2746 2633 2709 551 2791 554 2830"/></Shape>
	    <String CONTENT=""
                    HPOS="551"
                    VPOS="2709"
                    WIDTH="2087"
                    HEIGHT="151"></String>
          </TextLine>
          <TextLine ID="eSc_line_c074d76b"
                    TAGREFS="LT31"
                    BASELINE="559 2905 1625 2852 2616 2824" 
                    HPOS="554"
                    VPOS="2771"
                    WIDTH="2062"
                    HEIGHT="154">
            <Shape><Polygon POINTS="559 2905 559 2925 2613 2847 2616 2824 2610 2785 2496 2771 2493 2771 2490 2771 2448 2791 2445 2793 2143 2802 2140 2802 2082 2788 2079 2788 2076 2788 2073 2788 2000 2807 1998 2807 1995 2807 1891 2793 1888 2793 1886 2793 1813 2816 1807 2816 1799 2816 1679 2802 1676 2802 1457 2827 1429 2813 1427 2813 1424 2813 1292 2833 1116 2824 1113 2824 985 2830 982 2830 979 2830 948 2849 940 2849 811 2841 808 2841 805 2841 763 2858 758 2858 741 2858 607 2849 604 2849 601 2849 554 2863 559 2905"/></Shape>
	    <String CONTENT=""
                    HPOS="554"
                    VPOS="2771"
                    WIDTH="2062"
                    HEIGHT="154"></String>
          </TextLine>
          <TextLine ID="eSc_line_ff91e6d3"
                    TAGREFS="LT31"
                    BASELINE="565 2970 1572 2928 2409 2908" 
                    HPOS="562"
                    VPOS="2852"
                    WIDTH="1847"
                    HEIGHT="140">
            <Shape><Polygon POINTS="565 2970 565 2992 2409 2936 2409 2908 2401 2852 2196 2872 2121 2863 2095 2860 2093 2860 2090 2860 2073 2866 2028 2877 2006 2869 1995 2863 1992 2863 1989 2863 1939 2872 1866 2883 1830 2874 1799 2869 1796 2869 1793 2869 1790 2869 1779 2877 1768 2886 1718 2880 1656 2874 1653 2874 1651 2874 1648 2874 1634 2883 1620 2891 1600 2886 1572 2877 1569 2877 1567 2877 1499 2888 1457 2897 1407 2894 1301 2886 1298 2886 1231 2902 1211 2908 962 2914 945 2914 808 2902 805 2902 803 2902 763 2919 590 2914 587 2914 584 2914 582 2914 562 2925 565 2970"/></Shape>
	    <String CONTENT=""
                    HPOS="562"
                    VPOS="2852"
                    WIDTH="1847"
                    HEIGHT="140"></String>
          </TextLine>
          <TextLine ID="eSc_line_dbd5fb29"
                    TAGREFS="LT31"
                    BASELINE="559 3048 1497 3006 2652 2984" 
                    HPOS="556"
                    VPOS="2922"
                    WIDTH="2096"
                    HEIGHT="148">
            <Shape><Polygon POINTS="559 3048 559 3070 2650 3009 2652 2984 2647 2939 2554 2922 2552 2922 2549 2922 2546 2922 2518 2939 2515 2942 2493 2942 2367 2930 2364 2930 2361 2930 2359 2930 2342 2944 2333 2950 1975 2958 1900 2953 1796 2944 1793 2944 1790 2944 1788 2944 1771 2956 1757 2964 1726 2956 1701 2950 1698 2950 1695 2950 1693 2950 1690 2950 1690 2953 1684 2956 1673 2967 1586 2958 1511 2953 1508 2953 1505 2953 1485 2961 1457 2972 1371 2964 1320 2958 1318 2958 1281 2964 1206 2981 1150 2967 1133 2964 1130 2964 1127 2964 1102 2970 1027 2986 867 2972 842 2972 839 2972 814 2975 640 2998 556 2981 559 3048"/></Shape>
	    <String CONTENT=""
                    HPOS="556"
                    VPOS="2922"
                    WIDTH="2096"
                    HEIGHT="148"></String>
          </TextLine>
          <TextLine ID="eSc_line_eccbbf26"
                    TAGREFS="LT31"
                    BASELINE="551 3109 2255 3053 2650 3053" 
                    HPOS="548"
                    VPOS="3003"
                    WIDTH="2102"
                    HEIGHT="143">
            <Shape><Polygon POINTS="551 3109 551 3146 915 3118 1074 3129 1080 3129 1082 3129 1096 3129 1360 3104 1561 3112 1564 3112 1567 3112 1569 3112 1642 3095 1760 3107 1768 3107 1771 3107 1779 3107 1849 3090 1942 3101 1953 3101 1956 3101 1958 3101 1961 3101 1989 3087 2112 3095 2132 3095 2135 3095 2163 3093 2345 3073 2378 3087 2381 3087 2384 3087 2387 3087 2650 3076 2650 3053 2647 3006 2163 3003 2160 3003 1992 3023 1970 3025 1958 3025 1888 3012 1886 3012 1768 3031 1757 3031 1751 3031 1709 3017 1707 3017 1704 3017 1625 3034 1614 3037 1603 3034 1558 3023 1555 3023 1553 3023 1550 3023 1547 3023 1525 3037 1519 3039 1491 3039 1348 3028 1346 3028 1192 3048 1155 3051 1116 3051 987 3042 985 3042 909 3056 887 3059 870 3056 808 3045 805 3045 735 3062 713 3065 696 3062 635 3051 632 3051 548 3065 551 3109"/></Shape>
	    <String CONTENT=""
                    HPOS="548"
                    VPOS="3003"
                    WIDTH="2102"
                    HEIGHT="143"></String>
          </TextLine>
          <TextLine ID="eSc_line_5c838b86"
                    TAGREFS="LT31"
                    BASELINE="554 3179 2594 3112" 
                    HPOS="551"
                    VPOS="3062"
                    WIDTH="2043"
                    HEIGHT="145">
            <Shape><Polygon POINTS="554 3179 554 3207 2594 3146 2594 3112 2585 3062 2487 3079 2373 3070 2339 3067 2336 3067 2333 3067 2322 3070 2289 3084 2132 3079 2098 3079 2095 3079 2093 3079 2082 3081 2034 3093 2012 3084 2000 3079 1998 3079 1995 3079 1961 3084 1905 3098 1810 3093 1743 3087 1740 3087 1698 3095 1648 3107 1530 3104 1401 3098 1399 3098 1337 3109 1295 3118 1136 3118 808 3118 805 3118 551 3140 554 3179"/></Shape>
	    <String CONTENT=""
                    HPOS="551"
                    VPOS="3062"
                    WIDTH="2043"
                    HEIGHT="145"></String>
          </TextLine>
          <TextLine ID="eSc_line_58ac4104"
                    TAGREFS="LT31"
                    BASELINE="554 3249 2588 3190" 
                    HPOS="551"
                    VPOS="3135"
                    WIDTH="2037"
                    HEIGHT="153">
            <Shape><Polygon POINTS="551 3241 554 3249 554 3286 668 3288 671 3288 674 3288 691 3283 749 3266 833 3280 856 3283 859 3283 895 3277 1035 3258 1077 3274 1088 3277 1091 3277 1094 3277 1096 3277 1105 3274 1130 3260 1208 3272 1225 3272 1228 3272 1253 3269 1424 3246 1474 3263 1477 3263 1480 3263 1483 3263 1519 3246 1550 3263 1553 3263 1555 3263 1558 3263 1908 3255 1911 3255 1919 3252 2006 3230 2098 3241 2101 3241 2210 3224 2384 3241 2392 3241 2395 3241 2398 3241 2401 3241 2498 3216 2585 3235 2588 3190 2580 3135 1617 3179 1578 3171 1544 3163 1541 3163 1539 3163 1536 3163 1533 3163 1533 3165 1525 3174 1513 3182 1474 3174 1427 3165 1424 3165 1304 3179 1225 3190 1192 3185 1136 3174 1133 3174 1063 3190 1029 3196 954 3193 752 3185 749 3185 565 3207 551 3241"/></Shape>
	    <String CONTENT=""
                    HPOS="551"
                    VPOS="3135"
                    WIDTH="2037"
                    HEIGHT="153"></String>
          </TextLine>
        </TextBlock>
        <TextBlock HPOS="2"
                   VPOS="1143"
                   WIDTH="500"
                   HEIGHT="2193"
                   ID="09bb192e-8d90-4aa2-a97e-64e212b1d651"
                   TAGREFS="BT43">
          <Shape><Polygon POINTS="495 1143 498 1845 502 2887 492 3305 2 3336 19 1143"/></Shape>
          <TextLine ID="eSc_line_8300efa6"
                    TAGREFS="LT31"
                    BASELINE="34 1292 430 1264" 
                    HPOS="53"
                    VPOS="1196"
                    WIDTH="355"
                    HEIGHT="138">
            <Shape><Polygon POINTS="78 1258 64 1266 53 1292 55 1334 156 1317 408 1317 408 1272 402 1213 207 1196 204 1196 201 1196 198 1196 142 1233 137 1238 111 1238 106 1244"/></Shape>
	    <String CONTENT=""
                    HPOS="53"
                    VPOS="1196"
                    WIDTH="355"
                    HEIGHT="138"></String>
          </TextLine>
          <TextLine ID="eSc_line_b3b4356f"
                    TAGREFS="LT31"
                    BASELINE="209 1616 434 1577" 
                    HPOS="204"
                    VPOS="1493"
                    WIDTH="291"
                    HEIGHT="238">
            <Shape><Polygon POINTS="218 1731 277 1731 279 1731 282 1731 335 1691 374 1664 394 1672 397 1672 400 1672 402 1672 405 1672 408 1672 419 1661 447 1638 495 1633 492 1591 481 1496 394 1493 391 1493 388 1493 386 1493 338 1526 307 1549 204 1557 209 1616"/></Shape>
	    <String CONTENT=""
                    HPOS="204"
                    VPOS="1493"
                    WIDTH="291"
                    HEIGHT="238"></String>
          </TextLine>
          <TextLine ID="eSc_line_0a295870"
                    TAGREFS="LT31"
                    BASELINE="129 2123 410 2120" 
                    HPOS="282"
                    VPOS="2044"
                    WIDTH="37"
                    HEIGHT="103">
            <Shape><Polygon POINTS="291 2147 319 2147 319 2128 305 2044 282 2052 291 2131"/></Shape>
	    <String CONTENT=""
                    HPOS="282"
                    VPOS="2044"
                    WIDTH="37"
                    HEIGHT="103"></String>
          </TextLine>
          <TextLine ID="eSc_line_74560cb1"
                    TAGREFS="LT31"
                    BASELINE="134 2600 383 2589" 
                    HPOS="176"
                    VPOS="2503"
                    WIDTH="207"
                    HEIGHT="162">
            <Shape><Polygon POINTS="181 2600 190 2665 218 2645 257 2651 305 2659 307 2659 310 2659 383 2626 383 2589 372 2503 198 2528 176 2550"/></Shape>
	    <String CONTENT=""
                    HPOS="176"
                    VPOS="2503"
                    WIDTH="207"
                    HEIGHT="162"></String>
          </TextLine>
          <TextLine ID="eSc_line_e1350808"
                    TAGREFS="LT31"
                    BASELINE="165 3244 288 3238" 
                    HPOS="159"
                    VPOS="3174"
                    WIDTH="129"
                    HEIGHT="131">
            <Shape><Polygon POINTS="165 3244 165 3291 288 3305 288 3238 282 3174 159 3174 165 3244"/></Shape>
	    <String CONTENT=""
                    HPOS="159"
                    VPOS="3174"
                    WIDTH="129"
                    HEIGHT="131"></String>
          </TextLine>
        </TextBlock>
      </PrintSpace>
    </Page>
  </Layout>
</alto>
