<?xml version="1.0" encoding="UTF-8"?>
<alto xmlns:xsi="http://www.w3.org/2001/XMLSchema-instance"
      xmlns="http://www.loc.gov/standards/alto/ns-v4#"
      xsi:schemaLocation="http://www.loc.gov/standards/alto/ns-v4# http://www.loc.gov/standards/alto/v4/alto-4-2.xsd">
  <Description>
    <MeasurementUnit>pixel</MeasurementUnit>
    <sourceImageInformation>
      <fileName>ARCH-DIV-000496_0144.png</fileName>
    </sourceImageInformation>
  </Description>
  <Tags>
    <OtherTag ID="BT42" LABEL="MainZone" DESCRIPTION="block type MainZone"/><OtherTag ID="BT43" LABEL="MarginTextZone" DESCRIPTION="block type MarginTextZone"/><OtherTag ID="BT44" LABEL="NumberingZone" DESCRIPTION="block type NumberingZone"/><OtherTag ID="BT45" LABEL="TitlePageZone" DESCRIPTION="block type TitlePageZone"/><OtherTag ID="BT46" LABEL="CustomZone:Numbering" DESCRIPTION="block type CustomZone:Numbering"/><OtherTag ID="BT49" LABEL="MarginTextZone:lower" DESCRIPTION="block type MarginTextZone:lower"/>
    <OtherTag ID="LT25" LABEL="default" DESCRIPTION="line type default"/><OtherTag ID="LT31" LABEL="DefaultLine" DESCRIPTION="line type DefaultLine"/><OtherTag ID="LT32" LABEL="HeadingLine" DESCRIPTION="line type HeadingLine"/><OtherTag ID="LT33" LABEL="InterlinearLine:addition" DESCRIPTION="line type InterlinearLine:addition"/><OtherTag ID="LT34" LABEL="InterlinearLine:correction" DESCRIPTION="line type InterlinearLine:correction"/>
  </Tags>
  <Layout>
    <Page WIDTH="2790"
          HEIGHT="3306"
          PHYSICAL_IMG_NR="143"
          ID="eSc_dummypage_">
      <PrintSpace HPOS="0"
                  VPOS="0"
                  WIDTH="2790"
                  HEIGHT="3306">
        <TextBlock HPOS="147"
                   VPOS="37"
                   WIDTH="217"
                   HEIGHT="171"
                   ID="7902f638-6cbd-4821-88fc-d5eab5eb82c5"
                   TAGREFS="BT44">
          <Shape><Polygon POINTS="364 37 364 208 147 208 147 37"/></Shape>
          <TextLine ID="eSc_line_d9de3377"
                    TAGREFS="LT31"
                    BASELINE="187 134 325 118" 
                    HPOS="179"
                    VPOS="66"
                    WIDTH="149"
                    HEIGHT="110">
            <Shape><Polygon POINTS="289 66 261 68 234 71 206 74 179 74 187 134 190 176 328 159 325 118 314 66 289 66"/></Shape>
	    <String CONTENT="138"
                    HPOS="179"
                    VPOS="66"
                    WIDTH="149"
                    HEIGHT="110"
                    WC="0.9997986555099487"></String>
          </TextLine>
        </TextBlock>
        <TextBlock HPOS="500"
                   VPOS="22"
                   WIDTH="2225"
                   HEIGHT="2763"
                   ID="3680e4ac-647b-4af8-8127-e892887a7a36"
                   TAGREFS="BT42">
          <Shape><Polygon POINTS="2703 22 2725 2785 500 2778 500 22"/></Shape>
          <TextLine ID="eSc_line_cde6d7fd"
                    TAGREFS="LT31"
                    BASELINE="592 112 1127 99 2638 107" 
                    HPOS="592"
                    VPOS="44"
                    WIDTH="2046"
                    HEIGHT="102">
            <Shape><Polygon POINTS="2630 63 2602 63 2574 63 2547 63 2519 63 2492 63 2464 63 2117 63 2103 57 2078 57 2051 57 2023 57 2009 55 2009 57 2004 60 1998 57 1993 55 1968 55 1940 55 1913 55 1885 55 1858 55 1841 55 1816 57 1794 57 1778 55 1775 55 1747 52 1720 52 1709 52 1703 55 1692 60 1676 55 1665 52 1665 52 1637 52 1623 52 1618 55 1604 60 1422 60 1411 55 1400 49 1389 49 1361 49 1334 49 1328 49 1312 52 1281 57 1257 52 1235 46 1224 46 1196 46 1168 46 1141 46 1113 46 1086 46 1058 44 1031 44 1003 44 975 44 948 44 920 44 893 44 890 44 791 44 782 46 755 49 727 52 700 55 672 57 645 57 617 60 592 63 592 112 592 140 846 123 959 140 975 140 978 140 1044 137 1337 126 1364 137 1383 143 1386 143 1389 143 1452 134 1527 126 1582 134 1634 143 1637 146 1844 146 1844 143 1847 143 1888 132 1916 126 2111 132 2528 143 2530 143 2635 126 2638 107 2635 63 2630 63"/></Shape>
	    <String CONTENT="et avec l&#x27;Angleterre à opposer leur obstacle à son expansion. La"
                    HPOS="592"
                    VPOS="44"
                    WIDTH="2046"
                    HEIGHT="102"
                    WC="0.9940555953618252"></String>
          </TextLine>
          <TextLine ID="eSc_line_5c6aa55a"
                    TAGREFS="LT31"
                    BASELINE="584 190 1100 179 2663 179" 
                    HPOS="581"
                    VPOS="129"
                    WIDTH="2082"
                    HEIGHT="83">
            <Shape><Polygon POINTS="584 190 584 206 2657 212 2663 179 2657 129 581 132 584 190"/></Shape>
	    <String CONTENT="France &lt;...&gt; le principal de ses debouchés, restait nalveit¬"
                    HPOS="581"
                    VPOS="129"
                    WIDTH="2082"
                    HEIGHT="83"
                    WC="0.9787576109170913"></String>
          </TextLine>
          <TextLine ID="eSc_line_aa96f963"
                    TAGREFS="LT31"
                    BASELINE="578 264 1315 250 2679 253" 
                    HPOS="576"
                    VPOS="201"
                    WIDTH="2103"
                    HEIGHT="91">
            <Shape><Polygon POINTS="578 264 578 289 1025 278 1097 289 1116 292 1119 292 1122 292 1124 292 1127 289 1146 278 1224 289 1246 292 1248 292 1268 289 1331 278 1466 289 1508 292 1510 292 1563 289 1767 275 2674 286 2679 253 2676 201 1571 201 1568 201 1565 201 1543 209 1532 214 1502 212 1433 201 1430 201 1342 212 1317 214 1309 212 1281 201 1279 201 843 201 840 201 763 214 741 201 738 201 736 201 733 201 661 214 625 201 623 201 620 201 617 201 576 214 578 264"/></Shape>
	    <String CONTENT="laute &lt;.. En 1452, il avait fallu, pour obtenir d&#x27;elle quelques aven¬"
                    HPOS="576"
                    VPOS="201"
                    WIDTH="2103"
                    HEIGHT="91"
                    WC="0.9830981950828994"></String>
          </TextLine>
          <TextLine ID="eSc_line_4f889063"
                    TAGREFS="LT31"
                    BASELINE="570 341 1447 325 2657 333" 
                    HPOS="567"
                    VPOS="275"
                    WIDTH="2090"
                    HEIGHT="91">
            <Shape><Polygon POINTS="570 341 570 366 1938 352 2652 363 2657 333 2654 292 2627 275 2624 275 2621 275 2619 275 2616 275 2580 292 2282 275 2279 275 2186 292 2114 275 2111 275 2109 275 2106 275 2045 292 2029 275 2026 275 2023 275 1938 275 1935 275 1800 294 1654 278 1651 278 1648 278 1645 278 1621 294 1436 294 1400 278 1397 278 1395 278 1069 297 653 297 628 281 625 281 623 281 620 281 617 281 567 297 570 341"/></Shape>
	    <String CONTENT="tages commerciaux sans importance lui sacri gier la flonisante"
                    HPOS="567"
                    VPOS="275"
                    WIDTH="2090"
                    HEIGHT="91"
                    WC="0.9943489951472129"></String>
          </TextLine>
          <TextLine ID="eSc_line_451d9c88"
                    TAGREFS="LT31"
                    BASELINE="573 413 2329 399 2668 416" 
                    HPOS="570"
                    VPOS="347"
                    WIDTH="2098"
                    HEIGHT="96">
            <Shape><Polygon POINTS="573 413 573 429 1185 443 1188 443 1331 432 1419 427 1441 432 1472 443 1474 443 1477 443 1480 443 1505 432 1524 427 1706 435 1880 440 1882 440 1885 440 1902 435 1927 424 1954 435 1957 435 1960 435 1962 435 1993 435 2252 421 2288 435 2293 438 2296 438 2299 438 2329 435 2439 424 2663 435 2668 416 2665 363 2492 349 2489 349 2337 363 2326 363 2324 363 2302 347 2299 347 2296 347 2293 347 2290 347 2288 347 2266 363 2263 366 2197 366 2194 363 2172 347 2169 347 2166 347 2075 347 2073 347 2070 347 2023 363 1943 349 1940 349 1938 349 1935 349 1916 366 1910 366 1891 366 1725 349 1723 349 1720 349 1667 366 1665 366 1623 349 1621 349 1618 349 1615 349 1579 366 1576 366 1527 349 1524 349 1521 349 1519 349 1516 349 1516 352 1497 366 1494 369 1463 366 1301 352 1298 352 1232 369 1221 369 1188 369 970 355 967 355 904 369 890 371 884 369 857 355 854 355 851 355 782 369 769 371 755 369 683 355 680 355 570 369 573 413"/></Shape>
	    <String CONTENT="industrie à &lt;..e qu&#x27;alimentait à Bruxelles et dans lsgrandes villes"
                    HPOS="570"
                    VPOS="347"
                    WIDTH="2098"
                    HEIGHT="96"
                    WC="0.9819473503292471"></String>
          </TextLine>
          <TextLine ID="eSc_line_8ed67716"
                    TAGREFS="LT31"
                    BASELINE="567 487 2635 482" 
                    HPOS="565"
                    VPOS="438"
                    WIDTH="2070"
                    HEIGHT="77">
            <Shape><Polygon POINTS="567 487 567 515 2632 512 2635 482 2630 438 565 438 567 487"/></Shape>
	    <String CONTENT="la contrefacon des livres français. La brusque volte. face qui en"
                    HPOS="565"
                    VPOS="438"
                    WIDTH="2070"
                    HEIGHT="77"
                    WC="0.9841202680881207"></String>
          </TextLine>
          <TextLine ID="eSc_line_987cc16c"
                    TAGREFS="LT31"
                    BASELINE="567 559 2599 553" 
                    HPOS="565"
                    VPOS="498"
                    WIDTH="2034"
                    HEIGHT="99">
            <Shape><Polygon POINTS="567 559 567 578 675 578 680 581 700 597 703 597 705 597 708 597 813 581 838 578 1259 578 1306 584 1411 597 1414 597 1543 584 1643 575 1863 575 1938 586 1990 595 1993 595 2073 586 2150 581 2594 589 2599 553 2591 512 1984 515 1968 512 1880 498 1877 498 1747 515 1734 515 1728 515 1687 498 1684 498 1681 498 1678 498 1676 498 1648 515 1637 515 1524 501 1521 501 1433 515 1417 517 1408 515 1370 501 1367 501 1364 501 1237 517 1221 517 1210 517 1138 501 1135 501 1133 501 1069 517 1061 517 1047 517 907 501 904 501 901 501 868 517 865 520 714 520 714 517 667 501 664 501 661 501 565 517 567 559"/></Shape>
	    <String CONTENT="1860 faisait conclure à Napolion II avec l&#x27;Angleterre le faneux"
                    HPOS="565"
                    VPOS="498"
                    WIDTH="2034"
                    HEIGHT="99"
                    WC="0.9991726530715823"></String>
          </TextLine>
          <TextLine ID="eSc_line_33faa2fd"
                    TAGREFS="LT31"
                    BASELINE="565 630 2679 630" 
                    HPOS="565"
                    VPOS="586"
                    WIDTH="2114"
                    HEIGHT="83">
            <Shape><Polygon POINTS="565 630 565 655 2310 666 2313 666 2326 666 2439 652 2461 666 2464 666 2467 666 2470 669 2679 669 2679 630 2679 586 565 586 565 630"/></Shape>
	    <String CONTENT="tracté qui substituait le litre échange au protechionisme marque"
                    HPOS="565"
                    VPOS="586"
                    WIDTH="2114"
                    HEIGHT="83"
                    WC="0.998807143419981"></String>
          </TextLine>
          <TextLine ID="eSc_line_42d674a0"
                    TAGREFS="LT31"
                    BASELINE="562 697 1450 691 2674 708" 
                    HPOS="559"
                    VPOS="633"
                    WIDTH="2115"
                    HEIGHT="97">
            <Shape><Polygon POINTS="617 633 614 633 562 647 562 697 559 721 2668 730 2674 708 2671 661 1855 661 1838 655 1778 641 1775 641 1772 641 1745 655 1742 655 1720 655 1549 641 1546 641 1477 652 1463 655 1461 652 1441 639 1439 639 1436 639 1433 639 1320 652 1309 652 1295 652 1122 639 1119 639 785 650 755 650 744 650 620 633 617 633"/></Shape>
	    <String CONTENT="le début d&#x27;une ère nouvelle. Dès le 1e mai 1861, pr ofitant du coup"
                    HPOS="559"
                    VPOS="633"
                    WIDTH="2115"
                    HEIGHT="97"
                    WC="0.9888241504555317"></String>
          </TextLine>
          <TextLine ID="eSc_line_09aee886"
                    TAGREFS="LT31"
                    BASELINE="559 768 1430 760 2654 782" 
                    HPOS="559"
                    VPOS="705"
                    WIDTH="2095"
                    HEIGHT="104">
            <Shape><Polygon POINTS="559 768 559 793 1392 787 1436 801 1439 801 1441 801 1444 801 1463 801 1712 790 2649 809 2654 782 2649 721 2541 735 2453 721 2450 721 2448 721 2406 735 2362 721 2359 721 2357 721 2197 732 2169 721 2164 719 2161 719 2158 719 2136 721 2026 732 1984 721 1968 716 1965 716 1962 716 1780 721 1519 727 1466 721 1397 710 1395 710 1320 721 1284 724 1276 721 1257 710 1254 710 1251 710 1155 721 1108 724 1083 721 1017 708 1014 708 807 721 774 721 769 721 747 705 744 705 741 705 658 705 656 705 559 719 559 768"/></Shape>
	    <String CONTENT="d&#x27;Etat économique de l&#x27;Emperenr, le Belgique obtenait le béné¬"
                    HPOS="559"
                    VPOS="705"
                    WIDTH="2095"
                    HEIGHT="104"
                    WC="0.9913012789141747"></String>
          </TextLine>
          <TextLine ID="eSc_line_d9bdd40b"
                    TAGREFS="LT31"
                    BASELINE="559 840 1753 834 2652 851" 
                    HPOS="559"
                    VPOS="785"
                    WIDTH="2093"
                    HEIGHT="96">
            <Shape><Polygon POINTS="559 840 562 873 612 859 763 873 780 873 782 873 832 873 1163 859 1281 870 1361 876 1364 876 1637 867 1814 862 1841 865 1913 878 1916 881 2630 881 2630 878 2632 878 2635 878 2649 865 2652 851 2649 804 1938 804 1924 801 1827 787 1825 787 1295 798 1265 798 1254 798 1094 785 1091 785 559 796 559 840"/></Shape>
	    <String CONTENT="fiee des réductions dé tarifs accoidées à la Grande Bretagne. Puis"
                    HPOS="559"
                    VPOS="785"
                    WIDTH="2093"
                    HEIGHT="96"
                    WC="0.9905151965013191"></String>
          </TextLine>
          <TextLine ID="eSc_line_e094d4cf"
                    TAGREFS="LT31"
                    BASELINE="548 914 788 903 2668 911" 
                    HPOS="548"
                    VPOS="851"
                    WIDTH="2120"
                    HEIGHT="88">
            <Shape><Polygon POINTS="548 914 548 939 2665 939 2668 911 2668 876 2359 859 2357 859 2354 859 2351 859 2332 873 2329 876 2037 876 2034 873 2007 859 2004 859 2001 859 1998 859 1946 873 1943 873 1940 873 1902 854 1899 854 1896 854 1279 870 1254 870 1248 870 1133 851 1130 851 1127 851 1080 867 829 851 827 851 548 867 548 914"/></Shape>
	    <String CONTENT="ce furent durant les armées suivantes des traités amalogues avec"
                    HPOS="548"
                    VPOS="851"
                    WIDTH="2120"
                    HEIGHT="88"
                    WC="0.9868912557139993"></String>
          </TextLine>
          <TextLine ID="eSc_line_74f0c19f"
                    TAGREFS="LT31"
                    BASELINE="548 980 1695 972 2679 986" 
                    HPOS="545"
                    VPOS="917"
                    WIDTH="2134"
                    HEIGHT="102">
            <Shape><Polygon POINTS="548 980 545 997 777 1016 780 1016 851 1002 862 1000 873 1002 920 1016 923 1016 926 1016 1047 1002 1091 1000 1108 1005 1149 1019 1152 1019 1155 1019 1157 1019 1199 1005 1210 1002 1304 1005 1574 1019 1576 1019 1632 1011 1673 1002 1689 1011 1709 1019 1712 1019 1714 1019 1761 1011 1811 1002 1943 1013 2029 1019 2031 1019 2136 1013 2343 1005 2674 1019 2679 986 2676 939 2177 939 2175 936 2153 922 2150 922 2147 922 2144 922 2142 922 2089 936 2051 920 2048 920 1916 920 1913 920 1910 920 1907 920 1882 936 1880 936 1869 936 1585 920 1582 920 1502 936 1497 939 1389 939 1383 936 1353 920 1350 920 1348 920 1075 933 1009 917 1006 917 1003 917 548 933 548 980"/></Shape>
	    <String CONTENT="celle-ci (1862) avec le Zollveren (1463), avec l&#x27;Espagne, avec l&#x27;Italie"
                    HPOS="545"
                    VPOS="917"
                    WIDTH="2134"
                    HEIGHT="102"
                    WC="0.9953916131610602"></String>
          </TextLine>
          <TextLine ID="eSc_line_bd124dfa"
                    TAGREFS="LT31"
                    BASELINE="548 1057 1676 1044 2663 1060" 
                    HPOS="548"
                    VPOS="994"
                    WIDTH="2115"
                    HEIGHT="96">
            <Shape><Polygon POINTS="548 1057 548 1079 1678 1071 1725 1085 1728 1085 1731 1085 1734 1085 1769 1071 1987 1071 2040 1088 2045 1088 2048 1088 2051 1088 2064 1088 2150 1074 2213 1088 2222 1088 2224 1090 2660 1090 2663 1060 2660 1013 2114 1013 2100 1011 1990 994 1987 994 1984 994 1982 994 1965 1008 1877 994 1874 994 1687 1008 1676 1008 1673 1008 1623 994 1621 994 1618 994 1615 994 1612 994 1596 1008 1593 1011 1587 1008 1560 994 1557 994 1554 994 1469 1008 1441 1013 1213 1013 1202 1005 1185 994 1182 994 1179 994 978 994 975 994 973 994 934 1005 912 1011 884 1005 843 997 840 997 548 1002 548 1057"/></Shape>
	    <String CONTENT="En 1865, une loi consacrant &lt;... d&gt; nouveau régiime de¬"
                    HPOS="548"
                    VPOS="994"
                    WIDTH="2115"
                    HEIGHT="96"
                    WC="0.9689625989307057"></String>
          </TextLine>
          <TextLine ID="eSc_line_fa83edb8"
                    TAGREFS="LT31"
                    BASELINE="551 1129 2230 1118" 
                    HPOS="548"
                    VPOS="1068"
                    WIDTH="1682"
                    HEIGHT="91">
            <Shape><Polygon POINTS="551 1129 551 1151 1204 1159 1207 1159 1306 1154 1483 1143 1736 1154 1805 1157 1808 1157 1811 1157 1819 1154 1869 1140 1896 1154 1899 1154 1902 1157 2227 1157 2230 1118 2224 1085 1916 1085 1882 1068 1880 1068 1877 1068 1805 1085 1797 1085 1791 1085 1756 1071 1753 1071 1750 1071 1747 1071 1706 1085 1698 1088 1491 1088 1485 1085 1455 1071 1452 1071 1450 1071 1447 1071 1403 1085 1383 1090 1138 1090 1130 1085 1116 1074 1113 1074 1111 1074 1108 1074 898 1077 895 1077 893 1077 884 1085 876 1090 862 1085 849 1077 846 1077 843 1077 548 1082 551 1129"/></Shape>
	    <String CONTENT="clarait de droit commun les conventions en vigneur."
                    HPOS="548"
                    VPOS="1068"
                    WIDTH="1682"
                    HEIGHT="91"
                    WC="0.9936914011543873"></String>
          </TextLine>
          <TextLine ID="eSc_line_35a84957"
                    TAGREFS="LT31"
                    BASELINE="565 1212 2613 1187" 
                    HPOS="562"
                    VPOS="1140"
                    WIDTH="2051"
                    HEIGHT="94">
            <Shape><Polygon POINTS="565 1212 565 1234 1916 1234 1916 1231 1938 1225 1993 1214 2271 1225 2302 1225 2304 1225 2313 1225 2409 1209 2608 1223 2613 1187 2608 1143 1885 1140 1882 1140 1519 1157 1469 1159 1452 1159 1309 1146 1306 1146 1304 1146 1301 1146 1281 1162 1130 1165 1014 1165 1000 1165 609 1154 606 1154 603 1154 562 1168 565 1212"/></Shape>
	    <String CONTENT="Le rachat du peage de l&#x27;Escaut, accomplé au mois de juillet 1863"
                    HPOS="562"
                    VPOS="1140"
                    WIDTH="2051"
                    HEIGHT="94"
                    WC="0.9854132467880845"></String>
          </TextLine>
          <TextLine ID="eSc_line_3fe1d84a"
                    TAGREFS="LT31"
                    BASELINE="548 1278 2663 1253" 
                    HPOS="545"
                    VPOS="1214"
                    WIDTH="2118"
                    HEIGHT="97">
            <Shape><Polygon POINTS="548 1278 548 1311 1017 1292 1312 1303 1353 1303 1356 1303 1370 1303 1444 1289 1629 1297 1684 1300 1687 1300 1689 1300 1695 1297 1725 1283 1808 1297 1825 1297 1827 1297 1860 1294 2023 1281 2657 1283 2663 1253 2654 1214 545 1234 548 1278"/></Shape>
	    <String CONTENT="fut le corollaire de &lt;... .. .. . .&gt;"
                    HPOS="545"
                    VPOS="1214"
                    WIDTH="2118"
                    HEIGHT="97"
                    WC="0.9530594795942307"></String>
          </TextLine>
          <TextLine ID="eSc_line_4e2278d2"
                    TAGREFS="LT31"
                    BASELINE="540 1341 2641 1314" 
                    HPOS="537"
                    VPOS="1261"
                    WIDTH="2104"
                    HEIGHT="113">
            <Shape><Polygon POINTS="540 1341 540 1374 1381 1349 2638 1349 2641 1314 2632 1261 2415 1278 2252 1267 2238 1267 2235 1267 2233 1267 2230 1267 2194 1283 537 1294 540 1341"/></Shape>
	    <String CONTENT="&lt;...... .. .. ... ...&gt; cette bienfaisante victoire"
                    HPOS="537"
                    VPOS="1261"
                    WIDTH="2104"
                    HEIGHT="113"
                    WC="0.8933726131916047"></String>
          </TextLine>
          <TextLine ID="eSc_line_b72da0bb"
                    TAGREFS="LT31"
                    BASELINE="537 1405 2660 1385" 
                    HPOS="534"
                    VPOS="1333"
                    WIDTH="2126"
                    HEIGHT="102">
            <Shape><Polygon POINTS="537 1405 537 1424 545 1432 548 1432 551 1432 554 1432 884 1418 895 1418 937 1435 940 1435 942 1435 1144 1418 1185 1416 1276 1418 1576 1429 1579 1429 1852 1418 2144 1407 2180 1418 2194 1424 2197 1424 2200 1424 2660 1418 2660 1385 2652 1344 2478 1347 2472 1344 2448 1333 2445 1333 2442 1333 2439 1333 2406 1344 2398 1347 2393 1344 2354 1333 2351 1333 2348 1333 2188 1347 2155 1349 2150 1347 2125 1336 2122 1336 2120 1336 1962 1349 1927 1352 1918 1349 1885 1338 1882 1338 1880 1338 1877 1338 1841 1352 1836 1352 1825 1352 1742 1338 1739 1338 1736 1338 1706 1352 1701 1358 1521 1358 1516 1355 1491 1341 1488 1341 1485 1341 1483 1341 1480 1341 1461 1355 1458 1355 1450 1355 1323 1344 1320 1344 1317 1344 1276 1358 1270 1358 1265 1358 1207 1344 1204 1344 1202 1344 1171 1358 1138 1344 1135 1344 1133 1344 1066 1360 923 1360 895 1347 893 1347 890 1347 887 1347 835 1360 824 1363 796 1363 650 1349 647 1349 534 1363 537 1405"/></Shape>
	    <String CONTENT="du libre échange. Le traité, négocié par Lambermont avec l Hollande et"
                    HPOS="534"
                    VPOS="1333"
                    WIDTH="2126"
                    HEIGHT="102"
                    WC="0.9877588868141174"></String>
          </TextLine>
          <TextLine ID="eSc_line_4d70c2f5"
                    TAGREFS="LT31"
                    BASELINE="532 1482 1122 1462 2630 1451" 
                    HPOS="529"
                    VPOS="1407"
                    WIDTH="2101"
                    HEIGHT="94">
            <Shape><Polygon POINTS="532 1482 532 1501 2630 1479 2630 1451 2624 1407 1698 1407 1695 1407 1692 1407 1662 1418 1654 1421 1621 1418 1505 1410 1502 1410 1499 1410 1497 1410 1480 1421 1474 1424 1466 1421 1428 1410 1425 1410 1422 1410 1361 1424 1350 1424 1331 1424 1199 1413 1196 1413 1193 1413 1157 1427 1152 1427 1141 1427 1042 1413 1039 1413 1036 1413 1009 1427 1003 1429 975 1429 860 1418 857 1418 791 1429 777 1432 749 1432 570 1418 567 1418 565 1418 529 1429 532 1482"/></Shape>
	    <String CONTENT="les Puifs ances affranchissait le fleuve des domières survivances de sa"
                    HPOS="529"
                    VPOS="1407"
                    WIDTH="2101"
                    HEIGHT="94"
                    WC="0.9963901748119945"></String>
          </TextLine>
          <TextLine ID="eSc_line_e7fdcbda"
                    TAGREFS="LT31"
                    BASELINE="543 1551 1022 1534 2643 1523" 
                    HPOS="540"
                    VPOS="1484"
                    WIDTH="2103"
                    HEIGHT="97">
            <Shape><Polygon POINTS="543 1551 543 1581 873 1564 1066 1573 1116 1575 1119 1575 1122 1575 1127 1573 1152 1562 1356 1570 1455 1573 1458 1573 2643 1548 2643 1523 2638 1487 1155 1484 1152 1484 1149 1484 1146 1484 1124 1498 589 1490 587 1490 584 1490 540 1504 543 1551"/></Shape>
	    <String CONTENT="longue servitude. Auvers allait redevenir, ce qu&#x27;il n&#x27;avait plus été"
                    HPOS="540"
                    VPOS="1484"
                    WIDTH="2103"
                    HEIGHT="97"
                    WC="0.9874991476535797"></String>
          </TextLine>
          <TextLine ID="eSc_line_c816b4d7"
                    TAGREFS="LT31"
                    BASELINE="537 1625 2638 1600" 
                    HPOS="534"
                    VPOS="1548"
                    WIDTH="2104"
                    HEIGHT="105">
            <Shape><Polygon POINTS="537 1625 537 1653 2635 1630 2638 1600 2630 1562 2346 1564 2326 1562 2257 1548 2255 1548 2252 1548 2216 1562 2208 1564 2194 1562 2125 1551 2122 1551 2120 1551 2117 1551 2098 1564 2092 1567 2075 1564 2037 1553 2034 1553 2031 1553 1968 1564 1929 1570 1896 1564 1838 1553 1836 1553 1753 1564 1695 1573 1610 1564 1497 1556 1494 1556 1441 1567 1395 1578 1163 1578 1146 1567 1138 1562 1135 1562 1133 1562 1130 1562 1077 1567 989 1581 964 1570 953 1564 951 1564 788 1564 785 1564 782 1564 769 1570 741 1584 534 1573 537 1625"/></Shape>
	    <String CONTENT="depuis le XVIe siucle : un port commem à toutes les Nations, en même"
                    HPOS="534"
                    VPOS="1548"
                    WIDTH="2104"
                    HEIGHT="105"
                    WC="0.9719220546708591"></String>
          </TextLine>
          <TextLine ID="eSc_line_23399bf3"
                    TAGREFS="LT31"
                    BASELINE="537 1702 2597 1664" 
                    HPOS="534"
                    VPOS="1611"
                    WIDTH="2063"
                    HEIGHT="113">
            <Shape><Polygon POINTS="537 1702 537 1724 1847 1713 2001 1697 2009 1697 2020 1697 2285 1705 2288 1705 2290 1705 2351 1691 2445 1702 2448 1702 2597 1683 2597 1664 2591 1630 2450 1611 2448 1611 2296 1633 2177 1617 2175 1617 2084 1636 1902 1622 1899 1622 1896 1622 1847 1641 1629 1644 1571 1628 1568 1628 1565 1628 1563 1628 1516 1647 975 1639 973 1639 887 1661 882 1661 669 1664 661 1664 578 1647 576 1647 573 1647 534 1661 537 1702"/></Shape>
	    <String CONTENT="temps que la Belgique elle même s&#x27;ouvraeit ses &gt; le monde par"
                    HPOS="534"
                    VPOS="1611"
                    WIDTH="2063"
                    HEIGHT="113"
                    WC="0.9864287610913887"></String>
          </TextLine>
          <TextLine ID="eSc_line_9c3f1882"
                    TAGREFS="LT31"
                    BASELINE="529 1779 1044 1760 2646 1732" 
                    HPOS="526"
                    VPOS="1686"
                    WIDTH="2120"
                    HEIGHT="121">
            <Shape><Polygon POINTS="529 1779 529 1807 1833 1771 2346 1774 2359 1774 2362 1774 2365 1774 2417 1760 2641 1768 2646 1732 2641 1697 2426 1686 2423 1686 2420 1686 2387 1699 2348 1699 1676 1699 1673 1699 1670 1699 1667 1699 1654 1713 1651 1713 1632 1713 1383 1705 1381 1705 1378 1705 1334 1719 1331 1719 1309 1719 962 1713 959 1713 956 1713 920 1727 918 1727 915 1727 862 1716 860 1716 526 1732 529 1779"/></Shape>
	    <String CONTENT="toutes ses frontières. &lt;....... .. ... .. .....  ......&gt;"
                    HPOS="526"
                    VPOS="1686"
                    WIDTH="2120"
                    HEIGHT="121"
                    WC="0.8825379610061646"></String>
          </TextLine>
          <TextLine ID="eSc_line_3661684e"
                    TAGREFS="LT31"
                    BASELINE="526 1845 2638 1804" 
                    HPOS="523"
                    VPOS="1768"
                    WIDTH="2115"
                    HEIGHT="108">
            <Shape><Polygon POINTS="526 1845 526 1876 2635 1837 2638 1804 2630 1768 523 1799 526 1845"/></Shape>
	    <String CONTENT="&lt;..&gt; Désormais, son avenir de pays essentiellement industuil et ur¬"
                    HPOS="523"
                    VPOS="1768"
                    WIDTH="2115"
                    HEIGHT="108"
                    WC="0.9930069322016701"></String>
          </TextLine>
          <TextLine ID="eSc_line_231ab039"
                    TAGREFS="LT31"
                    BASELINE="521 1903 2641 1873" 
                    HPOS="518"
                    VPOS="1829"
                    WIDTH="2123"
                    HEIGHT="102">
            <Shape><Polygon POINTS="521 1903 521 1931 2638 1906 2641 1873 2635 1834 2053 1829 2051 1829 2048 1829 1998 1843 1990 1845 1863 1845 909 1845 907 1845 904 1845 879 1859 876 1859 851 1859 705 1848 703 1848 518 1862 521 1903"/></Shape>
	    <String CONTENT="bein était décidé. Elle se retrouvait ce qu&#x27;elle avait été durant le Moyen"
                    HPOS="518"
                    VPOS="1829"
                    WIDTH="2123"
                    HEIGHT="102"
                    WC="0.9878105400381861"></String>
          </TextLine>
          <TextLine ID="eSc_line_b3bcd31d"
                    TAGREFS="LT31"
                    BASELINE="523 1972 2654 1945" 
                    HPOS="521"
                    VPOS="1892"
                    WIDTH="2133"
                    HEIGHT="116">
            <Shape><Polygon POINTS="523 1972 523 2008 2654 1980 2654 1945 2646 1906 2483 1906 2481 1906 2448 1892 2445 1892 2442 1892 2439 1892 2412 1906 2406 1909 2376 1906 2235 1895 2233 1895 2230 1895 2227 1895 2211 1909 2205 1911 2188 1909 2128 1898 2125 1898 1996 1911 1949 1914 1882 1911 1725 1903 1723 1903 1637 1914 1587 1920 1546 1914 1499 1909 1497 1909 1359 1917 1240 1922 1215 1917 1179 1909 1177 1909 1174 1909 1171 1909 1146 1917 1127 1925 1100 1920 1069 1911 1066 1911 1064 1911 1000 1920 937 1928 882 1920 832 1914 829 1914 521 1922 523 1972"/></Shape>
	    <String CONTENT="Age et la Renaissance, mp........... . ...... ...... ... ... ...¬"
                    HPOS="521"
                    VPOS="1892"
                    WIDTH="2133"
                    HEIGHT="116"
                    WC="0.9075189150296725"></String>
          </TextLine>
          <TextLine ID="eSc_line_1ed0b1ca"
                    TAGREFS="LT31"
                    BASELINE="512 2038 1326 2038 2630 2008" 
                    HPOS="512"
                    VPOS="1961"
                    WIDTH="2118"
                    HEIGHT="110">
            <Shape><Polygon POINTS="512 2071 2627 2033 2630 2008 2621 1961 1984 1986 1847 1972 1827 1972 1825 1972 1822 1972 1816 1972 1778 1989 1579 1978 1560 1978 1557 1978 1554 1978 1552 1978 1488 1997 512 1997 512 2038 512 2071"/></Shape>
	    <String CONTENT="&lt;. ...... ... .....&gt; une usine et un entrepôt"
                    HPOS="512"
                    VPOS="1961"
                    WIDTH="2118"
                    HEIGHT="110"
                    WC="0.9502713865704007"></String>
          </TextLine>
          <TextLine ID="eSc_line_8ca21ab3"
                    TAGREFS="LT31"
                    BASELINE="518 2113 2643 2082" 
                    HPOS="515"
                    VPOS="2046"
                    WIDTH="2128"
                    HEIGHT="102">
            <Shape><Polygon POINTS="518 2113 518 2132 832 2132 890 2148 893 2148 895 2148 2643 2110 2643 2082 2635 2046 515 2063 518 2113"/></Shape>
	    <String CONTENT="ouverts au carrefour des nations &lt;.. .. .. ..&gt;"
                    HPOS="515"
                    VPOS="2046"
                    WIDTH="2128"
                    HEIGHT="102"
                    WC="0.930278435997341"></String>
          </TextLine>
          <TextLine ID="eSc_line_0875616f"
                    TAGREFS="LT31"
                    BASELINE="518 2190 2632 2154" 
                    HPOS="515"
                    VPOS="2113"
                    WIDTH="2117"
                    HEIGHT="113">
            <Shape><Polygon POINTS="518 2190 518 2223 882 2209 895 2215 918 2226 920 2226 923 2226 926 2226 959 2215 978 2209 1072 2212 1287 2220 1290 2220 1488 2204 1549 2198 1571 2201 1634 2212 1637 2212 1640 2212 1643 2212 1656 2198 1659 2195 1816 2192 1825 2195 1844 2209 1847 2209 1849 2209 1852 2209 1976 2192 1982 2192 1984 2192 2139 2206 2142 2206 2332 2184 2337 2184 2343 2184 2464 2201 2467 2201 2632 2176 2632 2154 2627 2115 1852 2113 1849 2113 1847 2113 1816 2126 1811 2132 1684 2132 1684 2129 1665 2115 1662 2115 1659 2115 1656 2115 1372 2135 1328 2137 1304 2137 1166 2124 1163 2124 1160 2124 1119 2140 1113 2143 929 2143 926 2143 907 2129 904 2129 901 2129 898 2129 895 2129 843 2143 835 2146 816 2146 678 2132 675 2132 515 2148 518 2190"/></Shape>
	    <String CONTENT="&lt;... .... .... ... .. ... .... .....&gt;"
                    HPOS="515"
                    VPOS="2113"
                    WIDTH="2117"
                    HEIGHT="113"
                    WC="0.8718572403933551"></String>
          </TextLine>
          <TextLine ID="eSc_line_9a59bfd3"
                    TAGREFS="LT31"
                    BASELINE="510 2261 2608 2226" 
                    HPOS="507"
                    VPOS="2187"
                    WIDTH="2101"
                    HEIGHT="102">
            <Shape><Polygon POINTS="510 2261 510 2289 1960 2281 2605 2253 2608 2226 2599 2187 507 2217 510 2261"/></Shape>
	    <String CONTENT="&lt;... &lt;..... .... .... . ..... .. ..&gt;"
                    HPOS="507"
                    VPOS="2187"
                    WIDTH="2101"
                    HEIGHT="102"
                    WC="0.8868568489948908"></String>
          </TextLine>
          <TextLine ID="eSc_line_e7cff142"
                    TAGREFS="LT31"
                    BASELINE="501 2333 1213 2330 2621 2289" 
                    HPOS="499"
                    VPOS="2242"
                    WIDTH="2122"
                    HEIGHT="127">
            <Shape><Polygon POINTS="501 2333 501 2361 967 2355 975 2355 1066 2369 1069 2369 1483 2358 1485 2358 1524 2344 1532 2341 1593 2341 1858 2350 1860 2350 2619 2319 2621 2289 2619 2259 2566 2242 2563 2242 2561 2242 2558 2242 2555 2242 2533 2259 2530 2259 2522 2259 2318 2248 2315 2248 2216 2264 2194 2267 2177 2264 2136 2256 2133 2256 1957 2267 1844 2275 1825 2270 1797 2261 1794 2261 1791 2261 1703 2272 1629 2281 1574 2272 1521 2267 1519 2267 1516 2267 1513 2267 1505 2275 1494 2283 1146 2281 1066 2281 1064 2281 1047 2281 942 2297 499 2292 501 2333"/></Shape>
	    <String CONTENT="&lt;........... .....&gt; et capables enfin &lt;. ...... .. .. ....&gt;"
                    HPOS="499"
                    VPOS="2242"
                    WIDTH="2122"
                    HEIGHT="127"
                    WC="0.8503475360951182"></String>
          </TextLine>
          <TextLine ID="eSc_line_235ec4d9"
                    TAGREFS="LT31"
                    BASELINE="510 2416 2583 2369" 
                    HPOS="507"
                    VPOS="2322"
                    WIDTH="2076"
                    HEIGHT="129">
            <Shape><Polygon POINTS="510 2416 510 2451 2583 2396 2583 2369 2574 2322 747 2374 736 2374 642 2363 639 2363 507 2380 510 2416"/></Shape>
	    <String CONTENT="&lt;. ...... ......&gt; de"
                    HPOS="507"
                    VPOS="2322"
                    WIDTH="2076"
                    HEIGHT="129"
                    WC="0.849807271361351"></String>
          </TextLine>
          <TextLine ID="eSc_line_2916d0ec"
                    TAGREFS="LT31"
                    BASELINE="507 2482 2605 2440" 
                    HPOS="504"
                    VPOS="2394"
                    WIDTH="2101"
                    HEIGHT="124">
            <Shape><Polygon POINTS="507 2482 507 2504 780 2518 782 2518 1039 2512 1042 2512 1086 2496 1091 2496 1102 2496 1179 2509 1182 2509 1323 2493 1339 2493 1386 2493 1712 2498 1714 2498 1717 2498 1753 2487 1775 2482 1797 2487 1841 2496 1844 2496 1960 2485 2045 2476 2605 2476 2605 2440 2597 2394 504 2440 507 2482"/></Shape>
	    <String CONTENT="mettre de nouveau à profit &lt; &gt; la situation exceptiouvelle"
                    HPOS="504"
                    VPOS="2394"
                    WIDTH="2101"
                    HEIGHT="124"
                    WC="0.9782446430901349"></String>
          </TextLine>
          <TextLine ID="eSc_line_24766bc7"
                    TAGREFS="LT31"
                    BASELINE="501 2559 2561 2507" 
                    HPOS="499"
                    VPOS="2471"
                    WIDTH="2062"
                    HEIGHT="115">
            <Shape><Polygon POINTS="501 2559 501 2581 931 2586 934 2586 937 2586 940 2586 940 2584 951 2573 953 2573 992 2573 1248 2578 1251 2578 1538 2562 1643 2556 1681 2559 1753 2564 1756 2564 1758 2564 1783 2556 1803 2551 1847 2556 1907 2562 1910 2562 1987 2553 2051 2545 2086 2551 2122 2556 2125 2556 2194 2548 2268 2540 2558 2540 2561 2507 2552 2471 499 2515 501 2559"/></Shape>
	    <String CONTENT="dont la nature les avait pouriresthais dont, depuis trois siècle, les"
                    HPOS="499"
                    VPOS="2471"
                    WIDTH="2062"
                    HEIGHT="115"
                    WC="0.9905878754629605"></String>
          </TextLine>
          <TextLine ID="eSc_line_b77d44a2"
                    TAGREFS="LT31"
                    BASELINE="504 2636 1505 2620 2029 2592 2608 2581" 
                    HPOS="501"
                    VPOS="2545"
                    WIDTH="2107"
                    HEIGHT="141">
            <Shape><Polygon POINTS="504 2636 510 2683 529 2669 576 2680 598 2686 601 2686 603 2686 606 2686 620 2680 656 2661 738 2661 890 2672 975 2677 978 2677 1166 2672 1168 2672 1193 2664 1232 2650 1348 2658 1450 2666 1452 2666 1634 2661 1637 2661 1662 2650 1684 2642 1778 2647 1924 2655 1927 2655 1929 2655 1932 2655 1949 2642 1962 2633 2007 2642 2037 2644 2040 2644 2122 2636 2224 2628 2257 2633 2315 2644 2318 2644 2321 2644 2373 2631 2404 2622 2428 2628 2475 2642 2478 2642 2481 2642 2608 2622 2608 2581 2599 2545 501 2589 504 2636"/></Shape>
	    <String CONTENT="cojonetures politiques leur avaient presques contimellement refise"
                    HPOS="501"
                    VPOS="2545"
                    WIDTH="2107"
                    HEIGHT="141"
                    WC="0.9818297073696599"></String>
          </TextLine>
          <TextLine ID="eSc_line_1766c60f"
                    TAGREFS="LT31"
                    BASELINE="510 2713 882 2710" 
                    HPOS="507"
                    VPOS="2672"
                    WIDTH="375"
                    HEIGHT="91">
            <Shape><Polygon POINTS="510 2713 510 2743 537 2763 540 2763 543 2763 545 2763 548 2763 609 2746 623 2743 879 2760 882 2710 876 2677 507 2672 510 2713"/></Shape>
	    <String CONTENT="le binifice."
                    HPOS="507"
                    VPOS="2672"
                    WIDTH="375"
                    HEIGHT="91"
                    WC="0.9998059968153635"></String>
          </TextLine>
        </TextBlock>
      </PrintSpace>
    </Page>
  </Layout>
</alto>
