<?xml version="1.0" encoding="UTF-8"?>
<alto xmlns:xsi="http://www.w3.org/2001/XMLSchema-instance"
      xmlns="http://www.loc.gov/standards/alto/ns-v4#"
      xsi:schemaLocation="http://www.loc.gov/standards/alto/ns-v4# http://www.loc.gov/standards/alto/v4/alto-4-2.xsd">
  <Description>
    <MeasurementUnit>pixel</MeasurementUnit>
    <sourceImageInformation>
      <fileName>ARCH-DIV-000496_0330.png</fileName>
    </sourceImageInformation>
  </Description>
  <Tags>
    <OtherTag ID="BT42" LABEL="MainZone" DESCRIPTION="block type MainZone"/><OtherTag ID="BT43" LABEL="MarginTextZone" DESCRIPTION="block type MarginTextZone"/><OtherTag ID="BT44" LABEL="NumberingZone" DESCRIPTION="block type NumberingZone"/><OtherTag ID="BT45" LABEL="TitlePageZone" DESCRIPTION="block type TitlePageZone"/><OtherTag ID="BT46" LABEL="CustomZone:Numbering" DESCRIPTION="block type CustomZone:Numbering"/><OtherTag ID="BT49" LABEL="MarginTextZone:lower" DESCRIPTION="block type MarginTextZone:lower"/>
    <OtherTag ID="LT25" LABEL="default" DESCRIPTION="line type default"/><OtherTag ID="LT31" LABEL="DefaultLine" DESCRIPTION="line type DefaultLine"/><OtherTag ID="LT32" LABEL="HeadingLine" DESCRIPTION="line type HeadingLine"/><OtherTag ID="LT33" LABEL="InterlinearLine:addition" DESCRIPTION="line type InterlinearLine:addition"/><OtherTag ID="LT34" LABEL="InterlinearLine:correction" DESCRIPTION="line type InterlinearLine:correction"/>
  </Tags>
  <Layout>
    <Page WIDTH="2790"
          HEIGHT="3343"
          PHYSICAL_IMG_NR="329"
          ID="eSc_dummypage_">
      <PrintSpace HPOS="0"
                  VPOS="0"
                  WIDTH="2790"
                  HEIGHT="3343">
        <TextBlock HPOS="228"
                   VPOS="16"
                   WIDTH="336"
                   HEIGHT="176"
                   ID="b97347e3-354d-4fe8-af20-6812d0b4dbc3"
                   TAGREFS="BT44">
          <Shape><Polygon POINTS="564 16 549 192 228 192 228 20"/></Shape>
          <TextLine ID="eSc_line_017d65c1"
                    TAGREFS="LT31"
                    BASELINE="264 110 491 119" 
                    HPOS="317"
                    VPOS="58"
                    WIDTH="162"
                    HEIGHT="156">
            <Shape><Polygon POINTS="429 83 401 97 379 69 334 58 317 58 320 117 323 200 420 214 423 214 426 214 479 192 476 108 468 89 457 105"/></Shape>
	    <String CONTENT=""
                    HPOS="317"
                    VPOS="58"
                    WIDTH="162"
                    HEIGHT="156"></String>
          </TextLine>
        </TextBlock>
        <TextBlock HPOS="562"
                   VPOS="0"
                   WIDTH="2210"
                   HEIGHT="3341"
                   ID="17968a57-1c5a-4645-b48f-9e47cc6cd4c4"
                   TAGREFS="BT42">
          <Shape><Polygon POINTS="2772 0 2772 3337 562 3341 614 0"/></Shape>
          <TextLine ID="eSc_line_352cbcb8"
                    TAGREFS="LT31"
                    BASELINE="691 83 2709 61" 
                    HPOS="688"
                    VPOS="16"
                    WIDTH="2021"
                    HEIGHT="103">
            <Shape><Polygon POINTS="2695 30 2667 30 2639 30 2611 30 2583 30 2555 30 2528 30 2500 27 2472 27 2444 27 2416 27 2388 27 2360 27 2332 27 2305 27 2277 27 2249 25 2232 25 2187 27 2154 25 2137 25 2109 25 2082 25 2054 25 2026 25 1998 22 1978 22 1970 25 1945 30 1836 25 1742 19 1719 19 1691 19 1663 19 1636 19 1608 19 1580 19 1552 19 1524 16 1496 16 1468 16 1457 16 1454 16 1424 25 1388 36 1301 25 1223 16 1220 16 1089 19 1087 19 1084 19 1078 25 1067 36 1053 25 1045 19 1042 19 1039 19 1036 19 1034 19 1020 25 989 39 936 25 914 22 911 22 908 22 905 22 903 25 883 41 852 25 850 25 847 25 844 25 841 25 838 25 802 41 696 27 688 27 691 83 691 114 830 103 897 114 936 119 939 119 986 114 1078 100 1112 111 1123 117 1126 117 1128 117 1173 111 1284 97 1362 111 1388 114 1390 114 1410 111 1482 94 1677 105 1680 105 1683 105 1722 91 1909 105 1939 108 1942 108 1945 108 1953 105 2017 89 2090 105 2095 105 2098 105 2101 105 2104 105 2132 86 2232 86 2413 103 2419 103 2422 103 2424 103 2469 83 2703 100 2709 61 2703 30 2695 30"/></Shape>
	    <String CONTENT=""
                    HPOS="688"
                    VPOS="16"
                    WIDTH="2021"
                    HEIGHT="103"></String>
          </TextLine>
          <TextLine ID="eSc_line_1d327f30"
                    TAGREFS="LT31"
                    BASELINE="677 164 1524 142 2731 136" 
                    HPOS="674"
                    VPOS="89"
                    WIDTH="2057"
                    HEIGHT="100">
            <Shape><Polygon POINTS="677 164 677 189 2728 164 2731 136 2723 89 674 105 677 164"/></Shape>
	    <String CONTENT=""
                    HPOS="674"
                    VPOS="89"
                    WIDTH="2057"
                    HEIGHT="100"></String>
          </TextLine>
          <TextLine ID="eSc_line_8917b11a"
                    TAGREFS="LT34"
                    BASELINE="1808 183 2020 174" 
                    HPOS="1808"
                    VPOS="174"
                    WIDTH="212"
                    HEIGHT="9">
	    <String CONTENT=""
                    HPOS="1808"
                    VPOS="174"
                    WIDTH="212"
                    HEIGHT="9"></String>
          </TextLine>
          <TextLine ID="eSc_line_e65daddc"
                    TAGREFS="LT31"
                    BASELINE="677 239 1652 214 2686 206" 
                    HPOS="674"
                    VPOS="147"
                    WIDTH="2012"
                    HEIGHT="117">
            <Shape><Polygon POINTS="677 239 677 264 2684 236 2686 206 2678 153 2514 164 2436 156 2377 147 2374 147 2371 147 2338 156 2293 167 2249 156 2226 153 2224 153 2221 153 2218 153 2213 158 2193 169 1981 161 1864 156 1861 156 1817 161 1739 175 1697 164 1694 164 1691 164 1689 164 1686 164 1663 178 1446 169 1443 169 1181 186 1014 172 1000 172 997 172 995 172 992 172 972 189 894 178 891 178 889 178 841 192 674 178 677 239"/></Shape>
	    <String CONTENT=""
                    HPOS="674"
                    VPOS="147"
                    WIDTH="2012"
                    HEIGHT="117"></String>
          </TextLine>
          <TextLine ID="eSc_line_acc1a870"
                    TAGREFS="LT31"
                    BASELINE="671 309 2728 275" 
                    HPOS="668"
                    VPOS="225"
                    WIDTH="2060"
                    HEIGHT="112">
            <Shape><Polygon POINTS="671 309 671 337 2728 303 2728 275 2720 225 668 256 671 309"/></Shape>
	    <String CONTENT=""
                    HPOS="668"
                    VPOS="225"
                    WIDTH="2060"
                    HEIGHT="112"></String>
          </TextLine>
          <TextLine ID="eSc_line_e6296253"
                    TAGREFS="LT31"
                    BASELINE="674 384 1909 356 2714 351" 
                    HPOS="671"
                    VPOS="295"
                    WIDTH="2043"
                    HEIGHT="125">
            <Shape><Polygon POINTS="674 384 674 409 733 420 735 420 816 409 869 401 880 409 889 415 891 415 894 415 897 415 964 406 1036 398 1081 406 1134 415 1137 415 1139 415 1167 403 1192 395 1226 403 1240 406 1243 406 1245 406 1248 406 1262 403 1309 392 1349 401 1379 409 1382 409 1385 409 1388 409 1410 401 1438 392 1527 401 1605 406 1608 406 1611 406 1630 398 1658 387 1719 398 1758 403 1761 403 1800 395 1864 384 2062 392 2121 395 2123 395 2157 392 2296 376 2709 384 2714 351 2706 309 2505 312 2500 309 2477 295 2475 295 2472 295 2469 295 2466 295 2433 309 2427 312 2410 312 2316 298 2313 298 2252 312 2224 317 2146 312 2037 306 2034 306 1967 314 1906 323 1864 314 1811 306 1808 306 1806 306 1781 317 1764 323 1725 317 1672 309 1669 309 1666 309 1636 317 1602 328 1580 317 1563 312 1560 312 1558 312 1513 320 1443 334 1379 334 1365 320 1360 314 1357 314 1354 314 1351 314 1349 314 1335 320 1312 334 1134 337 671 328 674 384"/></Shape>
	    <String CONTENT=""
                    HPOS="671"
                    VPOS="295"
                    WIDTH="2043"
                    HEIGHT="125"></String>
          </TextLine>
          <TextLine ID="eSc_line_4be81503"
                    TAGREFS="LT31"
                    BASELINE="674 462 2174 423 2731 426" 
                    HPOS="671"
                    VPOS="367"
                    WIDTH="2060"
                    HEIGHT="131">
            <Shape><Polygon POINTS="674 462 674 498 811 479 981 490 983 490 986 490 1053 473 1167 487 1170 487 1173 487 1176 487 1234 470 1257 484 1259 484 1262 484 1265 484 1477 465 1544 479 1546 479 1549 479 1555 479 1686 459 1753 473 1755 473 1964 454 2040 468 2043 468 2045 468 2056 468 2238 448 2388 459 2394 459 2397 459 2399 459 2402 459 2433 442 2728 451 2731 426 2725 378 2500 381 2494 381 2433 367 2430 367 2427 367 2424 367 2408 384 2405 387 2218 387 2213 387 2179 373 2176 373 2174 373 2171 373 2109 387 2104 387 1817 381 1814 381 1811 381 1808 381 1794 392 1789 398 1761 395 1691 384 1689 384 1460 390 1457 390 1435 401 1418 406 1396 401 1362 392 1360 392 1357 392 1248 403 1153 415 671 415 674 462"/></Shape>
	    <String CONTENT=""
                    HPOS="671"
                    VPOS="367"
                    WIDTH="2060"
                    HEIGHT="131"></String>
          </TextLine>
          <TextLine ID="eSc_line_098d28e4"
                    TAGREFS="LT31"
                    BASELINE="674 532 1042 515 2737 490" 
                    HPOS="671"
                    VPOS="440"
                    WIDTH="2066"
                    HEIGHT="119">
            <Shape><Polygon POINTS="674 532 674 559 861 543 1530 546 1532 546 2397 518 2731 526 2737 490 2731 448 2539 440 2536 440 2480 451 2466 454 2455 451 2399 440 2397 440 2316 454 2302 456 2291 456 2229 442 2226 442 2160 456 2148 459 2135 459 2051 445 2048 445 2045 445 2043 445 2026 459 1973 448 1970 448 1886 462 1870 465 1825 465 1594 454 1591 454 1379 473 1360 473 1346 473 1215 459 1212 459 1209 459 1206 459 1187 476 1184 476 1178 476 1020 462 1017 462 1014 462 1011 462 983 479 847 465 844 465 841 465 808 481 741 470 738 470 671 484 674 532"/></Shape>
	    <String CONTENT=""
                    HPOS="671"
                    VPOS="440"
                    WIDTH="2066"
                    HEIGHT="119"></String>
          </TextLine>
          <TextLine ID="eSc_line_b9db66d3"
                    TAGREFS="LT31"
                    BASELINE="663 598 2742 551" 
                    HPOS="660"
                    VPOS="504"
                    WIDTH="2082"
                    HEIGHT="133">
            <Shape><Polygon POINTS="663 598 663 632 777 637 780 637 825 629 905 615 958 626 983 632 986 632 989 632 992 632 997 626 1017 612 1176 610 1251 621 1254 621 1257 621 1259 621 1301 607 1449 618 1505 621 1507 621 1532 615 1574 607 1613 615 1636 618 1638 618 1641 618 1652 612 1677 601 1719 612 1733 615 1736 615 1739 615 1742 615 1744 615 1750 612 1769 598 1842 610 1867 612 1870 612 1873 612 1875 612 1875 610 1878 610 1895 590 2043 590 2087 604 2095 607 2098 607 2101 607 2123 604 2218 587 2307 601 2321 601 2324 601 2486 598 2488 598 2491 598 2491 596 2514 582 2553 596 2555 596 2558 596 2561 596 2742 590 2742 551 2734 504 660 551 663 598"/></Shape>
	    <String CONTENT=""
                    HPOS="660"
                    VPOS="504"
                    WIDTH="2082"
                    HEIGHT="133"></String>
          </TextLine>
          <TextLine ID="eSc_line_79738b18"
                    TAGREFS="LT31"
                    BASELINE="663 671 1914 635 2739 626" 
                    HPOS="660"
                    VPOS="571"
                    WIDTH="2079"
                    HEIGHT="128">
            <Shape><Polygon POINTS="663 671 663 690 925 699 928 699 930 699 953 688 958 685 967 688 1014 699 1017 699 1020 699 1162 685 1190 682 1243 682 1440 688 1443 688 1446 688 1477 679 1505 671 1594 676 1675 682 1677 682 1680 682 1705 674 1742 663 1937 663 1959 671 1973 676 1976 676 1978 676 2062 668 2221 654 2282 665 2299 668 2302 668 2739 657 2739 626 2734 585 2608 571 2606 571 2603 571 2564 587 2561 587 2541 587 2279 579 2277 579 2274 579 2271 579 2252 596 1925 601 1859 587 1856 587 1758 590 1755 590 1753 590 1733 607 1644 593 1641 593 1638 593 1636 593 1611 610 1608 610 1605 610 1382 598 1379 598 1257 618 1254 618 1251 618 1028 607 1025 607 1022 607 1020 607 992 626 903 626 897 626 783 612 780 612 660 632 663 671"/></Shape>
	    <String CONTENT=""
                    HPOS="660"
                    VPOS="571"
                    WIDTH="2079"
                    HEIGHT="128"></String>
          </TextLine>
          <TextLine ID="eSc_line_61d8cb9a"
                    TAGREFS="LT31"
                    BASELINE="666 741 2070 699 2734 690" 
                    HPOS="663"
                    VPOS="646"
                    WIDTH="2071"
                    HEIGHT="131">
            <Shape><Polygon POINTS="666 741 666 763 749 777 752 777 755 777 758 777 774 763 777 760 783 763 822 774 825 774 827 774 916 760 936 757 953 757 1025 768 1028 768 1031 768 1067 757 1084 752 1151 754 1290 763 1293 763 1365 752 1415 743 1555 746 1708 752 1711 752 1758 743 1822 732 1878 741 1914 746 1917 746 1990 741 2135 724 2731 724 2734 690 2728 646 2129 646 2126 646 2123 646 2065 663 2062 663 2056 663 1870 654 1867 654 1697 674 1686 674 1677 674 1535 663 1532 663 1530 663 1468 679 1466 679 1329 668 1326 668 1323 668 1279 685 1270 685 978 676 975 676 866 696 769 682 766 682 663 702 666 741"/></Shape>
	    <String CONTENT=""
                    HPOS="663"
                    VPOS="646"
                    WIDTH="2071"
                    HEIGHT="131"></String>
          </TextLine>
          <TextLine ID="eSc_line_ff168312"
                    TAGREFS="LT31"
                    BASELINE="668 819 1201 791 2728 752" 
                    HPOS="666"
                    VPOS="707"
                    WIDTH="2062"
                    HEIGHT="139">
            <Shape><Polygon POINTS="668 819 668 846 1039 832 1042 832 1045 832 1064 819 1103 832 1106 832 1109 832 1112 832 1162 816 1730 816 1730 813 1733 813 1769 799 1842 810 1845 810 2037 791 2126 805 2135 805 2137 805 2151 805 2257 785 2318 799 2327 799 2330 799 2363 796 2628 774 2725 785 2728 752 2723 710 2335 707 2332 707 2330 707 2327 707 2310 721 2305 727 1937 735 1903 735 1750 724 1747 724 1744 724 1742 724 1725 741 1722 743 1641 743 1616 743 1449 732 1446 732 1337 752 1329 752 1321 752 1156 741 1153 741 666 771 668 819"/></Shape>
	    <String CONTENT=""
                    HPOS="666"
                    VPOS="707"
                    WIDTH="2062"
                    HEIGHT="139"></String>
          </TextLine>
          <TextLine ID="eSc_line_53dfe4a5"
                    TAGREFS="LT31"
                    BASELINE="660 885 2062 824 2723 813" 
                    HPOS="657"
                    VPOS="754"
                    WIDTH="2066"
                    HEIGHT="159">
            <Shape><Polygon POINTS="660 885 660 913 2723 835 2723 813 2714 754 657 838 660 885"/></Shape>
	    <String CONTENT=""
                    HPOS="657"
                    VPOS="754"
                    WIDTH="2066"
                    HEIGHT="159"></String>
          </TextLine>
          <TextLine ID="eSc_line_17a2a695"
                    TAGREFS="LT31"
                    BASELINE="660 952 2363 869 2720 863" 
                    HPOS="657"
                    VPOS="819"
                    WIDTH="2063"
                    HEIGHT="169">
            <Shape><Polygon POINTS="660 952 660 988 903 966 1006 975 1008 975 1011 975 1022 975 1482 938 1636 944 1641 944 1644 944 1650 944 1775 922 2720 891 2720 863 2714 819 657 902 660 952"/></Shape>
	    <String CONTENT=""
                    HPOS="657"
                    VPOS="819"
                    WIDTH="2063"
                    HEIGHT="169"></String>
          </TextLine>
          <TextLine ID="eSc_line_81c88ca7"
                    TAGREFS="LT31"
                    BASELINE="663 1025 2196 936 2689 916" 
                    HPOS="657"
                    VPOS="871"
                    WIDTH="2032"
                    HEIGHT="187">
            <Shape><Polygon POINTS="663 1025 663 1058 763 1041 805 1053 808 1053 811 1053 822 1053 1061 1025 1178 1030 1190 1030 1192 1030 1195 1030 1198 1030 1198 1027 1212 1016 1326 1022 1346 1022 1349 1022 1351 1022 1360 1019 1407 1005 1482 1014 1502 1014 1505 1014 1538 1008 1655 991 1722 997 1747 1000 1750 1000 1778 994 1847 980 1878 988 1889 991 1892 991 1895 991 2689 938 2689 916 2681 871 657 975 663 1025"/></Shape>
	    <String CONTENT=""
                    HPOS="657"
                    VPOS="871"
                    WIDTH="2032"
                    HEIGHT="187"></String>
          </TextLine>
          <TextLine ID="eSc_line_684c19f7"
                    TAGREFS="LT31"
                    BASELINE="660 1089 2129 1011 2731 991" 
                    HPOS="657"
                    VPOS="936"
                    WIDTH="2074"
                    HEIGHT="172">
            <Shape><Polygon POINTS="660 1089 660 1108 2731 1008 2731 991 2725 944 2583 936 2580 936 2578 936 2525 955 2522 955 2514 955 2305 949 2302 949 2299 949 2243 969 2240 969 2235 969 2084 961 2082 961 2079 961 2015 980 2012 983 1998 983 1638 983 1636 983 1530 1005 1524 1005 1521 1005 1474 991 1471 991 1468 991 1362 1014 1354 1014 1335 1014 1081 1011 1078 1011 972 1033 967 1033 964 1033 928 1019 925 1019 922 1019 657 1047 660 1089"/></Shape>
	    <String CONTENT=""
                    HPOS="657"
                    VPOS="936"
                    WIDTH="2074"
                    HEIGHT="172"></String>
          </TextLine>
          <TextLine ID="eSc_line_ed2d618b"
                    TAGREFS="LT31"
                    BASELINE="660 1158 1691 1100 2731 1061" 
                    HPOS="657"
                    VPOS="1014"
                    WIDTH="2074"
                    HEIGHT="169">
            <Shape><Polygon POINTS="660 1183 2728 1089 2731 1061 2725 1016 2477 1014 2475 1014 2374 1033 2349 1036 2338 1033 2299 1022 2296 1022 2293 1022 2291 1022 2246 1036 2229 1044 2056 1050 2015 1047 1942 1039 1939 1039 1867 1053 1817 1061 1705 1058 1585 1055 1583 1055 1530 1066 1466 1078 1432 1069 1410 1064 1407 1064 1404 1064 1401 1064 1374 1072 1332 1083 1282 1075 1257 1072 1254 1072 1251 1072 1248 1072 1243 1078 1220 1089 1190 1078 1176 1075 1173 1075 1170 1075 1167 1075 1148 1080 1098 1094 1022 1086 995 1083 992 1083 964 1089 869 1105 730 1097 713 1097 710 1097 707 1097 705 1097 682 1114 657 1100 660 1158 660 1183"/></Shape>
	    <String CONTENT=""
                    HPOS="657"
                    VPOS="1014"
                    WIDTH="2074"
                    HEIGHT="169"></String>
          </TextLine>
          <TextLine ID="eSc_line_3996e57a"
                    TAGREFS="LT31"
                    BASELINE="652 1225 1931 1158 2186 1153 2187 1153 2684 1133" 
                    HPOS="649"
                    VPOS="1078"
                    WIDTH="2035"
                    HEIGHT="183">
            <Shape><Polygon POINTS="654 1261 721 1245 981 1245 1000 1245 1003 1245 1034 1242 1357 1214 1452 1222 1471 1222 1474 1222 1507 1220 1658 1197 2684 1158 2684 1133 2678 1083 2580 1078 2578 1078 2575 1078 2572 1078 2555 1092 2547 1094 2525 1092 2469 1086 2466 1086 2463 1086 2461 1086 2449 1094 2441 1100 2397 1097 2318 1094 2316 1094 2215 1108 2154 1114 2121 1111 2054 1105 2051 1105 2048 1105 2004 1117 1978 1122 1931 1119 1806 1114 1803 1114 1722 1131 1702 1133 1680 1133 1571 1125 1569 1125 1566 1125 1530 1139 1521 1142 1493 1142 1371 1136 1368 1136 1259 1153 1215 1158 1187 1156 1103 1147 1100 1147 1003 1164 972 1172 649 1181 652 1225"/></Shape>
	    <String CONTENT=""
                    HPOS="649"
                    VPOS="1078"
                    WIDTH="2035"
                    HEIGHT="183"></String>
          </TextLine>
          <TextLine ID="eSc_line_afd05b03"
                    TAGREFS="LT31"
                    BASELINE="657 1298 1867 1234 2711 1209" 
                    HPOS="652"
                    VPOS="1161"
                    WIDTH="2059"
                    HEIGHT="173">
            <Shape><Polygon POINTS="657 1298 663 1334 691 1317 827 1326 838 1326 841 1326 844 1326 847 1326 916 1306 947 1320 950 1320 953 1320 956 1320 958 1320 978 1306 1059 1314 1061 1314 1064 1314 1098 1298 1198 1309 1206 1309 1209 1309 1257 1306 1825 1264 1878 1278 1881 1278 1884 1278 1886 1278 1889 1278 1892 1278 1953 1256 2711 1239 2711 1209 2709 1161 2449 1161 2447 1161 2444 1161 2441 1161 2430 1172 2424 1175 2402 1172 2316 1164 2313 1164 2215 1181 2182 1186 2118 1186 1951 1181 1948 1181 1814 1197 1753 1206 1722 1203 1652 1195 1650 1195 1647 1195 1644 1195 1630 1206 1622 1214 1485 1214 1212 1214 1209 1214 1153 1228 1126 1234 1112 1228 1089 1220 1087 1220 1084 1220 1020 1234 986 1239 964 1236 919 1228 916 1228 914 1228 889 1239 872 1248 652 1248 657 1298"/></Shape>
	    <String CONTENT=""
                    HPOS="652"
                    VPOS="1161"
                    WIDTH="2059"
                    HEIGHT="173"></String>
          </TextLine>
          <TextLine ID="eSc_line_7ad6a1be"
                    TAGREFS="LT31"
                    BASELINE="652 1370 1978 1303 2717 1278" 
                    HPOS="649"
                    VPOS="1225"
                    WIDTH="2068"
                    HEIGHT="176">
            <Shape><Polygon POINTS="652 1370 652 1401 774 1384 1006 1387 1008 1387 1011 1387 1014 1387 1087 1370 1184 1378 1187 1378 1190 1378 1198 1378 1555 1348 1605 1359 1608 1359 1611 1359 1616 1359 1736 1339 1783 1351 1786 1351 1789 1351 1797 1351 1970 1328 2012 1339 2015 1339 2017 1339 2023 1339 2210 1317 2257 1328 2260 1328 2263 1328 2714 1306 2717 1278 2711 1225 1817 1275 1803 1270 1781 1261 1778 1261 1775 1261 1686 1275 1641 1284 1624 1281 1591 1270 1588 1270 1585 1270 1432 1289 1404 1292 1396 1292 1346 1281 1343 1281 1340 1281 1287 1298 1273 1300 1265 1298 1237 1287 1234 1287 1231 1287 1229 1287 1226 1287 1206 1300 1204 1303 1195 1300 1151 1292 1148 1292 1067 1309 1045 1312 1025 1312 930 1300 928 1300 649 1328 652 1370"/></Shape>
	    <String CONTENT=""
                    HPOS="649"
                    VPOS="1225"
                    WIDTH="2068"
                    HEIGHT="176"></String>
          </TextLine>
          <TextLine ID="eSc_line_a73cfd1d"
                    TAGREFS="LT31"
                    BASELINE="649 1437 1747 1390 2689 1367" 
                    HPOS="646"
                    VPOS="1314"
                    WIDTH="2043"
                    HEIGHT="159">
            <Shape><Polygon POINTS="649 1437 649 1454 719 1473 721 1473 724 1473 727 1473 730 1473 730 1470 746 1456 847 1468 850 1468 967 1445 969 1445 975 1445 1192 1456 1195 1456 1198 1456 1201 1456 1231 1437 1273 1454 1276 1454 1279 1454 1282 1454 1362 1431 1371 1429 1708 1420 1714 1420 1758 1437 1761 1437 1764 1437 2054 1426 2056 1426 2123 1409 2137 1406 2168 1406 2324 1417 2327 1417 2689 1390 2689 1367 2684 1320 2318 1314 2316 1314 2221 1334 2213 1334 2204 1334 2065 1323 2062 1323 1970 1342 1962 1342 1953 1342 1856 1334 1853 1334 1753 1348 1736 1351 1728 1351 1680 1337 1677 1337 1675 1337 1558 1356 1544 1356 1532 1356 1424 1345 1421 1345 1223 1367 1181 1370 1167 1367 1106 1356 1103 1356 1034 1373 1017 1378 646 1384 649 1437"/></Shape>
	    <String CONTENT=""
                    HPOS="646"
                    VPOS="1314"
                    WIDTH="2043"
                    HEIGHT="159"></String>
          </TextLine>
          <TextLine ID="eSc_line_31de1aa0"
                    TAGREFS="LT31"
                    BASELINE="666 1509 2720 1434" 
                    HPOS="663"
                    VPOS="1392"
                    WIDTH="2057"
                    HEIGHT="154">
            <Shape><Polygon POINTS="666 1509 666 1546 758 1532 1014 1534 1036 1534 1039 1534 1042 1534 1045 1534 1073 1518 1176 1529 1187 1529 1190 1529 1192 1529 1195 1529 1220 1512 1268 1523 1270 1523 1273 1523 1276 1523 1312 1509 1357 1521 1360 1521 1362 1521 2717 1465 2720 1434 2711 1392 663 1468 666 1509"/></Shape>
	    <String CONTENT=""
                    HPOS="663"
                    VPOS="1392"
                    WIDTH="2057"
                    HEIGHT="154"></String>
          </TextLine>
          <TextLine ID="eSc_line_8bcbef16"
                    TAGREFS="LT31"
                    BASELINE="649 1590 2369 1515 2737 1521" 
                    HPOS="646"
                    VPOS="1459"
                    WIDTH="2091"
                    HEIGHT="167">
            <Shape><Polygon POINTS="649 1590 649 1626 861 1604 1254 1604 1257 1604 1259 1604 1329 1585 1591 1590 1594 1590 1597 1590 1602 1590 1948 1560 2065 1571 2068 1571 2070 1571 2079 1571 2541 1534 2583 1548 2586 1548 2589 1548 2734 1543 2737 1521 2731 1465 2522 1473 2516 1473 2483 1459 2480 1459 2477 1459 2475 1459 2430 1476 2427 1476 2391 1462 2388 1462 2385 1462 2296 1482 2288 1482 2279 1482 2190 1470 2187 1470 2012 1493 1976 1495 1948 1495 1822 1487 1820 1487 1817 1487 1778 1501 1769 1507 1689 1507 1354 1507 1351 1507 1156 1526 1123 1529 1114 1529 1064 1518 1061 1518 1059 1518 1056 1518 1034 1532 1028 1534 1017 1532 969 1521 967 1521 964 1521 889 1537 872 1540 852 1537 774 1529 772 1529 646 1546 649 1590"/></Shape>
	    <String CONTENT=""
                    HPOS="646"
                    VPOS="1459"
                    WIDTH="2091"
                    HEIGHT="167"></String>
          </TextLine>
          <TextLine ID="eSc_line_b55f5542"
                    TAGREFS="LT31"
                    BASELINE="652 1665 2371 1596 2723 1596" 
                    HPOS="649"
                    VPOS="1532"
                    WIDTH="2074"
                    HEIGHT="172">
            <Shape><Polygon POINTS="2717 1543 2594 1532 2592 1532 2502 1551 2500 1551 2441 1534 2438 1534 2436 1534 2302 1560 2291 1560 2271 1560 2121 1554 2118 1554 1861 1573 1822 1576 1814 1576 1744 1562 1742 1562 1599 1585 1569 1587 1558 1585 1519 1571 1516 1571 1513 1571 1510 1571 1507 1571 1507 1573 1491 1587 1485 1590 1449 1587 1301 1579 1298 1579 1296 1579 1265 1593 1156 1585 1153 1585 1151 1585 1123 1601 1114 1604 1106 1601 1084 1593 1081 1593 1078 1593 989 1604 928 1612 914 1607 886 1596 883 1596 880 1596 877 1596 875 1596 858 1610 850 1615 833 1610 794 1599 791 1599 788 1599 785 1599 755 1612 741 1618 649 1618 652 1665 654 1704 724 1688 933 1693 936 1693 939 1693 1084 1674 1220 1682 1223 1682 1304 1665 1362 1677 1365 1677 1371 1677 1945 1640 2346 1640 2346 1638 2349 1638 2352 1638 2374 1624 2717 1624 2723 1596 2717 1543"/></Shape>
	    <String CONTENT=""
                    HPOS="649"
                    VPOS="1532"
                    WIDTH="2074"
                    HEIGHT="172"></String>
          </TextLine>
          <TextLine ID="eSc_line_f2a388e5"
                    TAGREFS="LT31"
                    BASELINE="646 1743 2004 1682 2689 1668" 
                    HPOS="643"
                    VPOS="1604"
                    WIDTH="2046"
                    HEIGHT="170">
            <Shape><Polygon POINTS="646 1743 646 1774 858 1755 986 1763 989 1763 1089 1746 1321 1749 1323 1749 1326 1749 1329 1749 1346 1735 1401 1746 1404 1746 1407 1746 1418 1746 1758 1718 1884 1727 1892 1727 1895 1727 1898 1727 1900 1727 1970 1707 2686 1693 2689 1668 2681 1604 2600 1618 2580 1607 2578 1607 2575 1607 2572 1607 2569 1607 2567 1607 2567 1610 2547 1624 2402 1615 2363 1615 2360 1615 2357 1615 2349 1618 2324 1632 2132 1629 2076 1629 2073 1629 2001 1635 1803 1654 1636 1651 1480 1651 1477 1651 1418 1663 1376 1671 1309 1668 1190 1663 1187 1663 1184 1663 1128 1677 1106 1682 1073 1679 975 1671 972 1671 858 1691 833 1693 822 1691 766 1679 763 1679 643 1699 646 1743"/></Shape>
	    <String CONTENT=""
                    HPOS="643"
                    VPOS="1604"
                    WIDTH="2046"
                    HEIGHT="170"></String>
          </TextLine>
          <TextLine ID="eSc_line_a76a066f"
                    TAGREFS="LT31"
                    BASELINE="646 1819 2720 1730" 
                    HPOS="643"
                    VPOS="1674"
                    WIDTH="2077"
                    HEIGHT="173">
            <Shape><Polygon POINTS="646 1819 646 1847 2720 1763 2720 1730 2714 1674 2617 1693 2263 1693 2246 1693 2243 1693 2240 1693 2238 1693 2210 1710 2084 1704 2082 1704 2079 1704 2048 1718 1867 1710 1861 1710 1859 1710 1856 1710 1789 1730 1482 1727 1471 1727 1468 1727 1466 1727 1401 1746 1354 1732 1351 1732 1349 1732 1346 1732 1343 1732 1321 1752 1209 1755 1148 1741 1145 1741 1142 1741 1131 1741 880 1769 643 1763 646 1819"/></Shape>
	    <String CONTENT=""
                    HPOS="643"
                    VPOS="1674"
                    WIDTH="2077"
                    HEIGHT="173"></String>
          </TextLine>
          <TextLine ID="eSc_line_88e143a1"
                    TAGREFS="LT31"
                    BASELINE="641 1886 1978 1827 2703 1813" 
                    HPOS="638"
                    VPOS="1757"
                    WIDTH="2065"
                    HEIGHT="154">
            <Shape><Polygon POINTS="641 1886 641 1908 1003 1911 1006 1911 1008 1911 1067 1891 1084 1888 1109 1891 1187 1899 1190 1899 1192 1899 1195 1899 1215 1886 1226 1880 1257 1886 1321 1897 1323 1897 1326 1897 1357 1880 1371 1874 1415 1880 1480 1886 1482 1886 1546 1874 1574 1869 1594 1872 1658 1886 1661 1886 1772 1866 1814 1858 1959 1858 2210 1858 2213 1858 2388 1841 2475 1833 2483 1835 2511 1852 2514 1852 2516 1852 2519 1852 2564 1835 2603 1849 2606 1849 2608 1849 2700 1827 2703 1813 2695 1771 2502 1777 2500 1777 2452 1757 2449 1757 2447 1757 2444 1757 2391 1777 2229 1766 2226 1766 2224 1766 2160 1788 2151 1791 2146 1788 2087 1771 2084 1771 2082 1771 1909 1791 1892 1780 1889 1780 1886 1780 1884 1780 1881 1780 1831 1799 1753 1785 1750 1785 1747 1785 1744 1785 1714 1805 1708 1808 1694 1805 1624 1791 1622 1791 1619 1791 1616 1791 1591 1808 1502 1799 1499 1799 1496 1799 1493 1799 1477 1813 1468 1816 1438 1813 1290 1802 1287 1802 1220 1805 1218 1805 1215 1805 1192 1821 1184 1830 1109 1830 1100 1827 1081 1813 1078 1813 1075 1813 1073 1813 1070 1813 1067 1813 1045 1827 1034 1835 780 1841 769 1838 738 1824 735 1824 733 1824 730 1824 727 1824 705 1841 691 1847 638 1844 641 1886"/></Shape>
	    <String CONTENT=""
                    HPOS="638"
                    VPOS="1757"
                    WIDTH="2065"
                    HEIGHT="154"></String>
          </TextLine>
          <TextLine ID="eSc_line_b29f2659"
                    TAGREFS="LT31"
                    BASELINE="638 1980 1647 1913 2305 1888 2731 1891" 
                    HPOS="632"
                    VPOS="1827"
                    WIDTH="2099"
                    HEIGHT="184">
            <Shape><Polygon POINTS="638 1980 638 2011 1148 1969 1343 1977 1349 1977 1351 1977 1357 1977 1463 1952 1647 1958 1650 1958 1789 1936 1861 1950 1864 1950 1956 1933 2054 1941 2062 1941 2065 1941 2073 1941 2176 1916 2232 1930 2235 1930 2238 1930 2344 1908 2413 1922 2416 1922 2419 1922 2731 1905 2731 1891 2725 1833 2508 1841 2505 1841 2424 1827 2422 1827 2419 1827 2416 1827 2394 1847 2391 1847 2388 1847 2305 1838 2302 1838 2299 1838 2296 1838 2279 1852 2232 1833 2229 1833 2226 1833 2224 1833 2162 1855 2068 1841 2065 1841 1878 1869 1775 1852 1772 1852 1769 1852 1663 1880 1611 1860 1608 1860 1605 1860 1460 1872 1457 1872 1454 1872 1454 1874 1440 1888 1407 1872 1404 1872 1401 1872 1399 1872 1304 1897 1273 1905 1248 1899 1170 1883 1167 1883 1039 1891 1036 1891 1034 1891 1008 1911 995 1922 825 1927 797 1922 735 1905 733 1905 730 1905 632 1927 638 1980"/></Shape>
	    <String CONTENT=""
                    HPOS="632"
                    VPOS="1827"
                    WIDTH="2099"
                    HEIGHT="184"></String>
          </TextLine>
          <TextLine ID="eSc_line_364fc422"
                    TAGREFS="LT31"
                    BASELINE="641 2042 2711 1947" 
                    HPOS="638"
                    VPOS="1899"
                    WIDTH="2073"
                    HEIGHT="176">
            <Shape><Polygon POINTS="641 2042 641 2075 827 2055 877 2067 880 2067 883 2067 889 2067 1006 2047 1059 2058 1061 2058 1064 2058 1075 2058 1251 2036 1396 2042 1404 2042 1407 2042 1410 2042 1446 2025 2711 1977 2711 1947 2709 1911 2528 1899 2525 1899 2522 1899 2461 1919 2441 1905 2438 1905 2436 1905 2433 1905 2277 1927 2162 1916 2160 1916 2157 1916 2095 1936 1995 1925 1992 1925 1856 1947 1800 1933 1797 1933 1794 1933 1675 1955 1616 1941 1613 1941 1611 1941 1608 1941 1546 1961 1432 1950 1429 1950 1309 1972 1265 1961 1262 1961 1259 1961 1257 1961 1254 1961 1254 1964 1240 1977 816 1994 702 1983 699 1983 696 1983 638 2003 641 2042"/></Shape>
	    <String CONTENT=""
                    HPOS="638"
                    VPOS="1899"
                    WIDTH="2073"
                    HEIGHT="176"></String>
          </TextLine>
          <TextLine ID="eSc_line_83459fb3"
                    TAGREFS="LT31"
                    BASELINE="643 2111 1421 2072 2135 2050" 
                    HPOS="638"
                    VPOS="1997"
                    WIDTH="1497"
                    HEIGHT="142">
            <Shape><Polygon POINTS="643 2111 643 2139 1585 2089 2135 2081 2135 2050 2129 2008 2056 1997 2054 1997 1976 2014 1967 2014 1962 2014 1917 2000 1914 2000 1912 2000 1794 2019 1778 2022 1772 2022 1733 2008 1730 2008 1728 2008 1725 2008 1722 2008 1722 2011 1708 2022 1705 2028 1555 2030 1549 2030 1516 2016 1513 2016 1510 2016 1390 2036 1368 2039 1357 2036 1315 2025 1312 2025 1309 2025 1307 2025 1251 2042 1237 2044 1167 2044 933 2042 930 2042 928 2042 897 2055 889 2061 638 2064 643 2111"/></Shape>
	    <String CONTENT=""
                    HPOS="638"
                    VPOS="1997"
                    WIDTH="1497"
                    HEIGHT="142"></String>
          </TextLine>
          <TextLine ID="eSc_line_b1d11d68"
                    TAGREFS="LT31"
                    BASELINE="649 2184 1257 2167 2285 2114 2731 2106" 
                    HPOS="643"
                    VPOS="2058"
                    WIDTH="2088"
                    HEIGHT="156">
            <Shape><Polygon POINTS="649 2184 649 2214 1034 2214 1036 2214 1039 2214 1059 2200 1070 2195 1173 2195 1321 2198 1323 2198 1326 2198 1362 2186 1388 2181 1424 2184 1502 2195 1505 2195 1722 2172 1730 2172 1733 2172 1839 2181 1842 2181 1925 2164 1951 2159 1970 2161 2037 2172 2040 2172 2043 2172 2090 2156 2109 2147 2374 2139 2405 2142 2483 2153 2486 2153 2488 2153 2491 2153 2491 2150 2508 2139 2514 2133 2558 2136 2698 2145 2700 2145 2703 2145 2731 2128 2731 2106 2723 2061 2346 2078 2335 2072 2316 2058 2313 2058 2310 2058 2307 2058 2104 2067 2101 2067 2062 2081 2034 2094 1822 2100 1767 2092 1711 2083 1708 2083 1705 2083 1675 2094 1636 2111 1560 2111 1544 2100 1535 2092 1532 2092 1530 2092 1527 2092 1524 2092 1521 2092 1507 2100 1482 2117 1346 2120 1312 2106 1301 2103 1298 2103 1296 2103 1293 2103 1276 2108 1226 2125 1075 2114 1047 2114 1045 2114 1042 2114 1034 2117 978 2136 936 2120 928 2117 925 2117 922 2117 919 2117 916 2117 914 2120 889 2133 643 2131 649 2184"/></Shape>
	    <String CONTENT=""
                    HPOS="643"
                    VPOS="2058"
                    WIDTH="2088"
                    HEIGHT="156"></String>
          </TextLine>
          <TextLine ID="eSc_line_e7568b2f"
                    TAGREFS="LT31"
                    BASELINE="643 2259 2397 2184 2717 2178" 
                    HPOS="641"
                    VPOS="2125"
                    WIDTH="2076"
                    HEIGHT="170">
            <Shape><Polygon POINTS="643 2259 643 2295 1109 2264 1360 2267 1368 2267 1371 2267 1379 2267 1571 2245 1630 2256 1633 2256 1636 2256 1641 2256 1733 2239 1814 2248 1817 2248 1820 2248 1822 2248 1825 2248 1842 2234 1895 2245 1898 2245 1900 2245 1917 2245 2168 2220 2218 2231 2221 2231 2224 2231 2229 2231 2302 2214 2357 2225 2363 2225 2366 2225 2374 2225 2455 2209 2714 2209 2717 2178 2709 2125 2539 2142 2480 2133 2447 2131 2444 2131 2441 2131 2427 2136 2410 2147 2394 2139 2383 2133 2380 2133 2377 2133 2327 2142 2260 2153 2193 2147 2143 2145 2140 2145 2137 2145 2121 2150 2107 2159 2098 2153 2087 2145 2084 2145 2082 2145 2079 2145 2076 2145 2040 2156 2006 2164 1959 2159 1903 2153 1900 2153 1898 2153 1895 2153 1881 2164 1867 2172 1742 2175 1719 2170 1686 2161 1683 2161 1680 2161 1677 2161 1633 2175 1608 2181 1544 2178 1452 2175 1449 2175 1340 2189 1282 2195 1265 2192 1223 2181 1220 2181 1218 2181 1056 2200 1014 2206 989 2206 891 2198 889 2198 797 2214 791 2214 788 2214 758 2200 755 2200 752 2200 641 2220 643 2259"/></Shape>
	    <String CONTENT=""
                    HPOS="641"
                    VPOS="2125"
                    WIDTH="2076"
                    HEIGHT="170"></String>
          </TextLine>
          <TextLine ID="eSc_line_57e10014"
                    TAGREFS="LT31"
                    BASELINE="638 2334 2700 2250" 
                    HPOS="635"
                    VPOS="2203"
                    WIDTH="2065"
                    HEIGHT="159">
            <Shape><Polygon POINTS="638 2334 638 2362 2700 2278 2700 2250 2695 2203 635 2287 638 2334"/></Shape>
	    <String CONTENT=""
                    HPOS="635"
                    VPOS="2203"
                    WIDTH="2065"
                    HEIGHT="159"></String>
          </TextLine>
          <TextLine ID="eSc_line_6fb110e6"
                    TAGREFS="LT31"
                    BASELINE="632 2404 2118 2348 2667 2340" 
                    HPOS="629"
                    VPOS="2276"
                    WIDTH="2038"
                    HEIGHT="156">
            <Shape><Polygon POINTS="632 2404 632 2432 1112 2406 1131 2418 1139 2423 1142 2423 1145 2423 1148 2423 1251 2420 1290 2412 1362 2398 1385 2409 1390 2415 1393 2415 1396 2415 1399 2415 1510 2412 1585 2404 1753 2384 1792 2398 1803 2401 1806 2401 1808 2401 1892 2395 2146 2373 2185 2387 2190 2387 2193 2387 2196 2387 2226 2384 2399 2365 2458 2379 2469 2379 2472 2379 2488 2376 2583 2359 2661 2370 2667 2340 2661 2289 2594 2276 2592 2276 2589 2276 2586 2276 2567 2292 2383 2295 2316 2281 2313 2281 2151 2306 2135 2306 2123 2306 1981 2292 1978 2292 1976 2292 1937 2312 1934 2312 1828 2298 1825 2298 1822 2298 1820 2298 1820 2301 1803 2315 1739 2306 1736 2306 1733 2306 1697 2320 1694 2320 1680 2320 1499 2309 1496 2309 1357 2331 1332 2334 1282 2334 1031 2326 1028 2326 1025 2326 1022 2326 1000 2342 995 2345 972 2342 897 2337 894 2337 816 2348 799 2351 794 2351 760 2337 758 2337 755 2337 629 2354 632 2404"/></Shape>
	    <String CONTENT=""
                    HPOS="629"
                    VPOS="2276"
                    WIDTH="2038"
                    HEIGHT="156"></String>
          </TextLine>
          <TextLine ID="eSc_line_7666faaa"
                    TAGREFS="LT31"
                    BASELINE="632 2476 2324 2412" 
                    HPOS="629"
                    VPOS="2359"
                    WIDTH="1695"
                    HEIGHT="139">
            <Shape><Polygon POINTS="632 2476 632 2498 1379 2468 1401 2476 1407 2479 1410 2479 1413 2479 1415 2479 1421 2476 1443 2465 1535 2473 1585 2476 1588 2476 1619 2471 1675 2457 1714 2468 1730 2471 1733 2471 1736 2471 1767 2465 1831 2451 1976 2459 2023 2459 2026 2459 2073 2454 2252 2434 2321 2445 2324 2412 2318 2376 2252 2359 2249 2359 2246 2359 2171 2379 2048 2367 2045 2367 2043 2367 1984 2387 1803 2393 1764 2379 1761 2379 1758 2379 1755 2379 1694 2395 1663 2381 1661 2381 1658 2381 1510 2404 1218 2398 1215 2398 1212 2398 1142 2418 1126 2404 1123 2404 1120 2404 1117 2404 995 2423 925 2409 922 2409 772 2432 674 2420 671 2420 668 2420 629 2434 632 2476"/></Shape>
	    <String CONTENT=""
                    HPOS="629"
                    VPOS="2359"
                    WIDTH="1695"
                    HEIGHT="139"></String>
          </TextLine>
          <TextLine ID="eSc_line_90b31d0d"
                    TAGREFS="LT31"
                    BASELINE="668 2554 1284 2526 2700 2487" 
                    HPOS="666"
                    VPOS="2437"
                    WIDTH="2034"
                    HEIGHT="148">
            <Shape><Polygon POINTS="668 2554 668 2585 864 2568 1020 2574 1114 2576 1117 2576 1120 2576 1134 2568 1156 2560 1226 2565 1282 2571 1284 2571 1287 2571 1290 2571 1301 2562 1318 2554 1527 2554 1758 2557 1761 2557 2004 2537 2137 2529 2190 2532 2316 2540 2318 2540 2391 2523 2413 2518 2698 2512 2700 2487 2692 2437 1934 2471 1906 2465 1875 2459 1873 2459 1870 2459 1867 2459 1867 2462 1861 2468 1853 2473 1820 2468 1769 2462 1767 2462 1677 2473 1636 2479 1535 2479 1240 2479 1237 2479 1120 2496 1109 2496 1092 2496 852 2490 850 2490 758 2507 691 2496 688 2496 685 2496 682 2496 666 2504 668 2554"/></Shape>
	    <String CONTENT=""
                    HPOS="666"
                    VPOS="2437"
                    WIDTH="2034"
                    HEIGHT="148"></String>
          </TextLine>
          <TextLine ID="eSc_line_5983be6d"
                    TAGREFS="LT31"
                    BASELINE="627 2635 1212 2596 2695 2557" 
                    HPOS="624"
                    VPOS="2504"
                    WIDTH="2071"
                    HEIGHT="150">
            <Shape><Polygon POINTS="627 2635 627 2654 889 2649 978 2629 1318 2635 1323 2635 1326 2635 1329 2635 1371 2618 1650 2624 1652 2624 1655 2624 1694 2607 1761 2621 1764 2621 1767 2621 1769 2621 1856 2599 2695 2590 2695 2557 2689 2518 2547 2504 2544 2504 2293 2529 2277 2529 2260 2529 1976 2523 1973 2523 1970 2523 1928 2540 1925 2540 1923 2540 1845 2526 1842 2526 1750 2546 1744 2546 1742 2546 1666 2532 1663 2532 1502 2554 1485 2554 1466 2554 1229 2546 1226 2546 1223 2546 1170 2562 1165 2562 738 2562 735 2562 624 2579 627 2635"/></Shape>
	    <String CONTENT=""
                    HPOS="624"
                    VPOS="2504"
                    WIDTH="2071"
                    HEIGHT="150"></String>
          </TextLine>
          <TextLine ID="eSc_line_3790eec9"
                    TAGREFS="LT31"
                    BASELINE="632 2699 1047 2674 2675 2621" 
                    HPOS="629"
                    VPOS="2576"
                    WIDTH="2046"
                    HEIGHT="151">
            <Shape><Polygon POINTS="632 2699 632 2727 891 2705 1006 2713 1036 2716 1039 2716 1042 2716 1059 2713 1123 2696 1231 2705 1268 2707 1270 2707 1273 2707 1276 2707 1282 2705 1298 2693 1482 2696 1577 2696 1580 2696 1583 2696 1585 2696 1591 2691 1613 2679 1661 2688 1686 2693 1689 2693 1691 2693 1719 2688 1772 2674 1914 2679 2012 2682 2015 2682 2017 2682 2020 2682 2029 2674 2045 2663 2675 2649 2675 2621 2667 2576 2257 2596 2238 2590 2210 2585 2207 2585 2204 2585 2201 2585 2185 2593 2174 2599 2162 2593 2140 2585 2137 2585 2135 2585 1951 2590 1948 2590 1945 2590 1931 2604 1925 2610 1850 2610 1811 2607 1689 2599 1686 2599 1683 2599 1619 2615 1602 2618 1558 2618 1427 2613 1424 2613 1371 2624 1357 2627 1337 2627 1220 2615 1218 2615 1215 2615 1173 2632 1170 2632 1162 2632 1039 2621 1036 2621 1034 2621 958 2640 953 2640 950 2640 875 2627 872 2627 629 2652 632 2699"/></Shape>
	    <String CONTENT=""
                    HPOS="629"
                    VPOS="2576"
                    WIDTH="2046"
                    HEIGHT="151"></String>
          </TextLine>
          <TextLine ID="eSc_line_84b9986c"
                    TAGREFS="LT31"
                    BASELINE="627 2763 1934 2707 2695 2693" 
                    HPOS="624"
                    VPOS="2629"
                    WIDTH="2071"
                    HEIGHT="167">
            <Shape><Polygon POINTS="627 2763 627 2796 969 2785 986 2783 1092 2763 1257 2771 1307 2774 1309 2774 1349 2769 1438 2755 1549 2760 1613 2763 1616 2763 1647 2757 1714 2738 2692 2713 2695 2693 2686 2629 2594 2652 2477 2652 2458 2638 2455 2638 2452 2638 2449 2638 2436 2638 2279 2660 2226 2646 2221 2646 2218 2646 2215 2646 2020 2654 2017 2654 2015 2654 1984 2671 1870 2660 1845 2660 1842 2660 1825 2663 1755 2679 1566 2674 1541 2674 1538 2674 1516 2677 1374 2693 1304 2685 1284 2682 1282 2682 1262 2685 1204 2699 1167 2691 1151 2685 1148 2685 1145 2685 1142 2685 1117 2691 1067 2705 989 2696 947 2693 944 2693 942 2693 939 2693 930 2699 911 2713 624 2713 627 2763"/></Shape>
	    <String CONTENT=""
                    HPOS="624"
                    VPOS="2629"
                    WIDTH="2071"
                    HEIGHT="167"></String>
          </TextLine>
          <TextLine ID="eSc_line_4104e7db"
                    TAGREFS="LT31"
                    BASELINE="624 2835 2009 2774 2684 2755" 
                    HPOS="621"
                    VPOS="2710"
                    WIDTH="2063"
                    HEIGHT="148">
            <Shape><Polygon POINTS="624 2835 624 2858 2684 2783 2684 2755 2675 2710 621 2794 624 2835"/></Shape>
	    <String CONTENT=""
                    HPOS="621"
                    VPOS="2710"
                    WIDTH="2063"
                    HEIGHT="148"></String>
          </TextLine>
          <TextLine ID="eSc_line_153d58ee"
                    TAGREFS="LT31"
                    BASELINE="629 2911 1059 2883 2714 2833" 
                    HPOS="627"
                    VPOS="2777"
                    WIDTH="2087"
                    HEIGHT="153">
            <Shape><Polygon POINTS="629 2911 629 2930 2714 2855 2714 2833 2706 2777 2514 2799 2151 2799 2006 2799 2004 2799 1767 2816 1488 2833 1396 2830 1231 2824 1229 2824 1148 2841 1128 2844 1114 2841 1067 2830 1064 2830 1061 2830 975 2847 958 2852 627 2861 629 2911"/></Shape>
	    <String CONTENT=""
                    HPOS="627"
                    VPOS="2777"
                    WIDTH="2087"
                    HEIGHT="153"></String>
          </TextLine>
          <TextLine ID="eSc_line_3662d5bb"
                    TAGREFS="LT31"
                    BASELINE="618 2978 2210 2919 2720 2911" 
                    HPOS="615"
                    VPOS="2866"
                    WIDTH="2105"
                    HEIGHT="128">
            <Shape><Polygon POINTS="618 2978 618 2994 2720 2925 2720 2911 2711 2866 2171 2883 2160 2883 2095 2869 2093 2869 2090 2869 2054 2886 2043 2891 1956 2891 1948 2888 1923 2874 1920 2874 1917 2874 1914 2874 1912 2874 1889 2891 1884 2894 1873 2891 1836 2877 1833 2877 1831 2877 1828 2877 1781 2894 1767 2897 1747 2894 1672 2883 1669 2883 1599 2900 1566 2905 1519 2902 1413 2891 1410 2891 1323 2908 1301 2911 1290 2908 1257 2897 1254 2897 1251 2897 1248 2897 1245 2897 1226 2911 1215 2916 1176 2911 1100 2902 1098 2902 805 2913 802 2913 783 2925 766 2933 615 2930 618 2978"/></Shape>
	    <String CONTENT=""
                    HPOS="615"
                    VPOS="2866"
                    WIDTH="2105"
                    HEIGHT="128"></String>
          </TextLine>
          <TextLine ID="eSc_line_7ea06105"
                    TAGREFS="LT31"
                    BASELINE="629 3056 2012 2997 2709 2986" 
                    HPOS="624"
                    VPOS="2930"
                    WIDTH="2085"
                    HEIGHT="162">
            <Shape><Polygon POINTS="629 3056 629 3092 780 3067 922 3081 925 3081 1098 3056 1145 3067 1148 3067 1151 3067 1153 3067 1156 3067 1173 3053 1427 3058 1429 3058 1619 3036 1800 3047 1803 3047 1806 3047 1881 3028 2187 3030 2190 3030 2307 3011 2706 3014 2709 2986 2703 2936 2466 2930 2463 2930 2461 2930 2433 2944 2424 2950 2313 2950 2310 2950 2288 2930 2285 2930 2282 2930 2279 2930 2277 2930 2185 2952 2174 2955 2165 2955 2087 2939 2084 2939 2082 2939 2009 2958 1909 2944 1906 2944 1828 2961 1786 2950 1783 2950 1781 2950 1778 2950 1775 2950 1742 2969 1739 2972 1736 2972 1683 2952 1680 2952 1677 2952 1675 2952 1630 2975 1627 2975 1619 2975 1482 2961 1480 2961 1477 2961 1474 2961 1446 2980 1440 2986 1374 2986 1368 2983 1332 2966 1329 2966 1326 2966 1226 2969 1223 2969 1134 2994 1126 2997 925 3003 908 3003 777 2986 774 2986 624 3011 629 3056"/></Shape>
	    <String CONTENT=""
                    HPOS="624"
                    VPOS="2930"
                    WIDTH="2085"
                    HEIGHT="162"></String>
          </TextLine>
          <TextLine ID="eSc_line_c5b7b463"
                    TAGREFS="LT31"
                    BASELINE="621 3128 1098 3097 2692 3064" 
                    HPOS="618"
                    VPOS="3014"
                    WIDTH="2074"
                    HEIGHT="133">
            <Shape><Polygon POINTS="621 3128 621 3147 1078 3122 1248 3131 1293 3134 1296 3134 1351 3128 1544 3108 1934 3103 1956 3114 1967 3117 1970 3117 1973 3117 2015 3111 2107 3097 2160 3108 2185 3111 2187 3111 2190 3111 2193 3111 2199 3106 2218 3095 2246 3106 2257 3108 2260 3108 2263 3108 2266 3108 2285 3103 2338 3092 2689 3092 2692 3064 2686 3019 2321 3014 2318 3014 2316 3014 2313 3014 2313 3017 2299 3028 2291 3033 2252 3030 2151 3019 2148 3019 2146 3019 2143 3019 2126 3033 2121 3039 1733 3047 1708 3044 1638 3033 1636 3033 1633 3033 1630 3033 1613 3047 1608 3053 1505 3053 1488 3050 1418 3036 1415 3036 1413 3036 1410 3036 1393 3050 1234 3042 1231 3042 1229 3042 1170 3058 1167 3058 1165 3058 1084 3044 1081 3044 1078 3044 1031 3061 1025 3067 877 3067 850 3053 847 3053 844 3053 841 3053 797 3069 791 3072 618 3072 621 3128"/></Shape>
	    <String CONTENT=""
                    HPOS="618"
                    VPOS="3014"
                    WIDTH="2074"
                    HEIGHT="133"></String>
          </TextLine>
          <TextLine ID="eSc_line_f1ccdfcf"
                    TAGREFS="LT31"
                    BASELINE="615 3189 2675 3125" 
                    HPOS="613"
                    VPOS="3069"
                    WIDTH="2062"
                    HEIGHT="156">
            <Shape><Polygon POINTS="615 3189 615 3209 699 3225 702 3225 705 3225 741 3212 956 3214 958 3214 961 3214 964 3214 978 3200 981 3200 1000 3200 1131 3212 1134 3212 1137 3212 1139 3212 1139 3209 1153 3198 1159 3192 1268 3195 1446 3200 1449 3200 1636 3186 1789 3175 1861 3181 1923 3186 1925 3186 1928 3186 1931 3186 1939 3181 1962 3164 2675 3161 2675 3125 2667 3069 2569 3092 2491 3075 2486 3075 2483 3075 2480 3075 2475 3075 2391 3097 2279 3083 2274 3083 2271 3083 2268 3083 2266 3083 2213 3106 2090 3106 2054 3092 2045 3089 2043 3089 2040 3089 2037 3089 2029 3092 1992 3108 1895 3097 1861 3095 1859 3095 1856 3095 1833 3100 1769 3117 1753 3106 1750 3106 1747 3106 1744 3106 1493 3122 1449 3114 1413 3108 1410 3108 1407 3108 1374 3117 1318 3131 1237 3122 1204 3120 1201 3120 1148 3125 1047 3139 1025 3131 1003 3122 1000 3122 997 3122 995 3122 992 3122 978 3134 964 3139 942 3134 908 3125 905 3125 903 3125 900 3125 877 3136 866 3142 838 3136 785 3128 783 3128 780 3128 727 3142 691 3150 613 3147 615 3189"/></Shape>
	    <String CONTENT=""
                    HPOS="613"
                    VPOS="3069"
                    WIDTH="2062"
                    HEIGHT="156"></String>
          </TextLine>
          <TextLine ID="eSc_line_cd715233"
                    TAGREFS="LT31"
                    BASELINE="610 3262 1390 3231 2645 3209" 
                    HPOS="607"
                    VPOS="3150"
                    WIDTH="2038"
                    HEIGHT="148">
            <Shape><Polygon POINTS="610 3262 610 3276 702 3298 705 3298 707 3298 777 3281 833 3295 836 3295 838 3295 1008 3278 1073 3290 1075 3290 1190 3264 1201 3262 1360 3262 1362 3262 1396 3276 1399 3276 1401 3276 1404 3276 1457 3262 1468 3259 1474 3259 1541 3278 1544 3278 1546 3278 1549 3278 1619 3256 1627 3256 1666 3256 1867 3264 1870 3264 1953 3251 1978 3248 1987 3251 2020 3264 2023 3264 2026 3264 2132 3248 2168 3242 2187 3248 2243 3262 2246 3262 2249 3262 2324 3245 2338 3242 2374 3242 2572 3253 2575 3253 2578 3253 2580 3253 2597 3239 2606 3234 2642 3237 2645 3209 2639 3167 2525 3150 2522 3150 2427 3170 2424 3170 2422 3170 2366 3153 2363 3153 2360 3153 2357 3153 2279 3173 2277 3173 2274 3173 2143 3159 2140 3159 2137 3159 2095 3178 2090 3181 1937 3181 1934 3181 1898 3164 1895 3164 1892 3164 1889 3164 1886 3164 1867 3181 1867 3184 1797 3184 1781 3184 1661 3170 1658 3170 1655 3170 1588 3186 1577 3189 1535 3189 1326 3178 1323 3178 1321 3178 1273 3195 1262 3198 1254 3195 1229 3181 1226 3181 1223 3181 1220 3181 1190 3195 1178 3200 1120 3198 981 3186 978 3186 975 3186 972 3186 956 3200 947 3209 607 3209 610 3262"/></Shape>
	    <String CONTENT=""
                    HPOS="607"
                    VPOS="3150"
                    WIDTH="2038"
                    HEIGHT="148"></String>
          </TextLine>
        </TextBlock>
      </PrintSpace>
    </Page>
  </Layout>
</alto>
