<?xml version="1.0" encoding="UTF-8"?>
<alto xmlns:xsi="http://www.w3.org/2001/XMLSchema-instance"
      xmlns="http://www.loc.gov/standards/alto/ns-v4#"
      xsi:schemaLocation="http://www.loc.gov/standards/alto/ns-v4# http://www.loc.gov/standards/alto/v4/alto-4-2.xsd">
  <Description>
    <MeasurementUnit>pixel</MeasurementUnit>
    <sourceImageInformation>
      <fileName>ARCH-DIV-000496_0159.png</fileName>
    </sourceImageInformation>
  </Description>
  <Tags>
    <OtherTag ID="BT42" LABEL="MainZone" DESCRIPTION="block type MainZone"/><OtherTag ID="BT43" LABEL="MarginTextZone" DESCRIPTION="block type MarginTextZone"/><OtherTag ID="BT44" LABEL="NumberingZone" DESCRIPTION="block type NumberingZone"/><OtherTag ID="BT45" LABEL="TitlePageZone" DESCRIPTION="block type TitlePageZone"/><OtherTag ID="BT46" LABEL="CustomZone:Numbering" DESCRIPTION="block type CustomZone:Numbering"/><OtherTag ID="BT49" LABEL="MarginTextZone:lower" DESCRIPTION="block type MarginTextZone:lower"/>
    <OtherTag ID="LT25" LABEL="default" DESCRIPTION="line type default"/><OtherTag ID="LT31" LABEL="DefaultLine" DESCRIPTION="line type DefaultLine"/><OtherTag ID="LT32" LABEL="HeadingLine" DESCRIPTION="line type HeadingLine"/><OtherTag ID="LT33" LABEL="InterlinearLine:addition" DESCRIPTION="line type InterlinearLine:addition"/><OtherTag ID="LT34" LABEL="InterlinearLine:correction" DESCRIPTION="line type InterlinearLine:correction"/>
  </Tags>
  <Layout>
    <Page WIDTH="2790"
          HEIGHT="3306"
          PHYSICAL_IMG_NR="158"
          ID="eSc_dummypage_">
      <PrintSpace HPOS="0"
                  VPOS="0"
                  WIDTH="2790"
                  HEIGHT="3306">
        <TextBlock HPOS="129"
                   VPOS="88"
                   WIDTH="325"
                   HEIGHT="142"
                   ID="eSc_textblock_a650aeba"
                   TAGREFS="BT44">
          <Shape><Polygon POINTS="454 230 454 88 129 88 129 230"/></Shape>
          <TextLine ID="eSc_line_0af64635"
                    TAGREFS="LT31"
                    BASELINE="238 134 421 154" 
                    HPOS="248"
                    VPOS="79"
                    WIDTH="107"
                    HEIGHT="116">
            <Shape><Polygon POINTS="303 88 275 90 248 96 256 143 261 187 270 195 272 195 275 195 278 195 281 195 355 165 352 129 339 79 328 82"/></Shape>
	    <String CONTENT="153"
                    HPOS="248"
                    VPOS="79"
                    WIDTH="107"
                    HEIGHT="116"
                    WC="0.9932422439257304"></String>
          </TextLine>
        </TextBlock>
        <TextBlock HPOS="142"
                   VPOS="325"
                   WIDTH="359"
                   HEIGHT="203"
                   ID="eSc_textblock_1f3fedf8"
                   TAGREFS="BT43">
          <Shape><Polygon POINTS="142 325 142 528 501 528 501 325"/></Shape>
          <TextLine ID="eSc_line_08fe6f71"
                    TAGREFS="LT31"
                    BASELINE="228 443 476 435" 
                    HPOS="226"
                    VPOS="374"
                    WIDTH="250"
                    HEIGHT="105">
            <Shape><Polygon POINTS="228 443 228 479 476 449 476 435 471 380 226 374 228 443"/></Shape>
	    <String CONTENT="es 183"
                    HPOS="226"
                    VPOS="374"
                    WIDTH="250"
                    HEIGHT="105"
                    WC="0.9999851187070211"></String>
          </TextLine>
        </TextBlock>
        <TextBlock HPOS="515"
                   VPOS="54"
                   WIDTH="2241"
                   HEIGHT="1653"
                   ID="eSc_textblock_48d80bbb"
                   TAGREFS="BT42">
          <Shape><Polygon POINTS="515 54 515 1707 2756 1707 2756 54"/></Shape>
          <TextLine ID="eSc_line_9139676b"
                    TAGREFS="LT31"
                    BASELINE="628 93 1607 88 2718 104" 
                    HPOS="625"
                    VPOS="27"
                    WIDTH="2093"
                    HEIGHT="105">
            <Shape><Polygon POINTS="2693 52 2665 52 2638 52 2610 52 2583 52 2555 49 2528 49 2500 49 2483 49 2255 55 2180 44 2169 44 2142 44 2114 41 2086 41 2059 41 2031 41 2004 41 1976 38 1971 38 1907 41 1833 44 1819 41 1797 35 1783 35 1756 35 1750 41 1734 52 1643 52 1629 41 1618 33 1618 33 1590 33 1579 33 1505 41 1447 46 1419 41 1389 33 1386 33 1383 33 1337 41 1317 44 1312 41 1295 27 1292 27 1290 27 1287 27 1259 27 1232 27 1116 27 1113 27 1111 27 1086 41 1072 46 796 41 791 44 763 49 736 52 708 57 680 63 675 63 628 93 625 112 2712 132 2718 104 2712 52 2693 52"/></Shape>
	    <String CONTENT="l&#x27;aventure, c&#x27;était l’Unionisme. Leopold y était nmau moins li atta¬"
                    HPOS="625"
                    VPOS="27"
                    WIDTH="2093"
                    HEIGHT="105"
                    WC="0.9804202848497559"></String>
          </TextLine>
          <TextLine ID="eSc_line_800ade95"
                    TAGREFS="LT31"
                    BASELINE="631 165 907 151 1940 146 2699 157" 
                    HPOS="628"
                    VPOS="99"
                    WIDTH="2071"
                    HEIGHT="88">
            <Shape><Polygon POINTS="631 165 631 187 807 184 810 184 813 184 832 170 923 184 926 184 1315 170 2693 181 2699 157 2696 115 1576 99 1574 99 1403 112 1381 99 1378 99 1375 99 1372 99 1273 112 744 101 741 101 628 115 631 165"/></Shape>
	    <String CONTENT="ché qu&#x27;il songea un moment à rappeler du pouvoir ch. De Bronetère"
                    HPOS="628"
                    VPOS="99"
                    WIDTH="2071"
                    HEIGHT="88"
                    WC="0.9742697197379488"></String>
          </TextLine>
          <TextLine ID="eSc_line_860720e7"
                    TAGREFS="LT31"
                    BASELINE="623 228 2166 203 2712 206" 
                    HPOS="620"
                    VPOS="157"
                    WIDTH="2092"
                    HEIGHT="110">
            <Shape><Polygon POINTS="623 253 730 267 733 267 736 267 738 267 758 253 763 247 912 247 934 250 1000 264 1003 264 1006 264 1036 250 1050 245 1149 247 1359 258 1361 258 1439 245 1483 239 1607 245 1822 253 1825 253 1827 253 1849 242 1866 234 1916 242 1982 250 1984 250 1987 250 2012 239 2034 231 2059 239 2078 245 2081 245 2084 245 2086 245 2111 239 2147 228 2288 228 2307 236 2324 245 2326 245 2329 247 2426 247 2426 245 2428 245 2453 234 2478 225 2528 234 2574 242 2577 242 2710 231 2712 206 2710 162 2064 157 2062 157 2059 157 2031 165 2007 173 1916 165 1830 159 1827 159 1789 168 1745 176 1703 168 1676 162 1673 162 1670 162 1651 168 1615 179 1543 168 1510 165 1508 165 1450 170 1306 181 1273 170 1265 168 1262 168 1259 168 1257 168 1248 170 1210 187 967 187 873 173 868 173 865 173 862 173 813 190 620 176 623 228"/></Shape>
	    <String CONTENT="Il espérait en même temps calmer &lt;..&gt; l&#x27;exaspération des catholiques"
                    HPOS="620"
                    VPOS="157"
                    WIDTH="2092"
                    HEIGHT="110"
                    WC="0.9721169866183225"></String>
          </TextLine>
          <TextLine ID="eSc_line_53070a18"
                    TAGREFS="LT31"
                    BASELINE="625 294 1047 281 2690 269" 
                    HPOS="623"
                    VPOS="228"
                    WIDTH="2067"
                    HEIGHT="97">
            <Shape><Polygon POINTS="625 294 625 325 744 305 1414 303 1430 314 1433 316 1436 316 1439 316 1441 319 1618 319 1618 316 1758 308 1987 297 2687 297 2690 269 2685 231 1618 228 1615 228 1612 228 1571 242 1565 242 1546 242 1392 231 1389 231 1224 245 1213 245 1204 245 1020 234 1017 234 623 250 625 294"/></Shape>
	    <String CONTENT="qui l&#x27;nusaient d’avoir provoqué la démission du cabinet. An mis"
                    HPOS="623"
                    VPOS="228"
                    WIDTH="2067"
                    HEIGHT="97"
                    WC="0.9741825697914003"></String>
          </TextLine>
          <TextLine ID="eSc_line_d225d490"
                    TAGREFS="LT31"
                    BASELINE="620 363 1083 344 2696 333" 
                    HPOS="617"
                    VPOS="289"
                    WIDTH="2079"
                    HEIGHT="96">
            <Shape><Polygon POINTS="620 363 620 382 1372 385 1375 385 1433 374 1441 371 1447 371 1483 385 1485 385 1488 385 1720 369 1780 366 1805 369 1899 380 1902 380 2026 366 2029 366 2062 380 2064 380 2067 380 2230 363 2235 363 2241 363 2459 374 2461 374 2464 374 2467 374 2483 360 2550 374 2552 374 2693 355 2696 333 2690 297 2070 289 2067 289 2064 289 2018 303 2012 303 1984 303 1778 292 1775 292 1684 305 1673 305 1656 305 1510 294 1508 294 1505 294 1463 308 1458 308 1430 308 1270 297 1268 297 617 314 620 363"/></Shape>
	    <String CONTENT="de Novenibre, il chargeait Adot phe Dechamps de porter au pape une"
                    HPOS="617"
                    VPOS="289"
                    WIDTH="2079"
                    HEIGHT="96"
                    WC="0.9801135388287631"></String>
          </TextLine>
          <TextLine ID="eSc_line_6c2be555"
                    TAGREFS="LT31"
                    BASELINE="623 429 2679 399" 
                    HPOS="620"
                    VPOS="360"
                    WIDTH="2059"
                    HEIGHT="105">
            <Shape><Polygon POINTS="623 429 623 465 818 446 984 460 992 460 995 460 1006 460 1193 440 1287 454 1290 454 1292 454 1309 454 1742 432 1803 446 1808 446 1811 446 1844 446 2169 427 2674 429 2679 399 2671 360 620 382 623 429"/></Shape>
	    <String CONTENT="lettre antogrophe &quot; pour faire donnes une leçor de modération aux"
                    HPOS="620"
                    VPOS="360"
                    WIDTH="2059"
                    HEIGHT="105"
                    WC="0.993606751698714"></String>
          </TextLine>
          <TextLine ID="eSc_line_32afa964"
                    TAGREFS="LT31"
                    BASELINE="617 504 2701 471" 
                    HPOS="614"
                    VPOS="418"
                    WIDTH="2087"
                    HEIGHT="124">
            <Shape><Polygon POINTS="617 504 617 523 785 542 788 542 791 542 793 542 824 523 959 539 962 539 1171 517 1177 517 1179 517 1248 534 1251 534 1254 534 1257 534 1312 517 1461 531 1463 531 1709 509 1731 509 1778 509 2222 517 2224 517 2227 517 2277 501 2285 498 2539 495 2550 498 2588 512 2591 512 2594 512 2699 495 2701 471 2690 418 2638 432 2552 421 2530 418 2528 418 2525 418 2511 421 2461 435 2420 424 2409 421 2406 421 2404 421 2379 424 2296 438 2111 429 2001 427 1998 427 1996 427 1976 432 1946 443 1783 438 1678 435 1676 435 1502 443 1359 451 1350 449 1337 438 1334 438 1331 438 1328 438 1326 438 1304 449 1290 454 1224 451 1119 443 1116 443 1113 443 1075 454 1061 457 1053 454 1028 443 1025 443 1022 443 1020 443 973 457 953 460 895 457 711 449 708 449 614 462 617 504"/></Shape>
	    <String CONTENT="évêques des Gaud et de Brigess. A ce moment d&#x27;ailleurs, el s&#x27;était ré¬"
                    HPOS="614"
                    VPOS="418"
                    WIDTH="2087"
                    HEIGHT="124"
                    WC="0.993265175819397"></String>
          </TextLine>
          <TextLine ID="eSc_line_3fc8ec33"
                    TAGREFS="LT31"
                    BASELINE="609 570 2663 537" 
                    HPOS="606"
                    VPOS="495"
                    WIDTH="2057"
                    HEIGHT="108">
            <Shape><Polygon POINTS="609 570 609 595 1290 603 1292 603 1463 584 1516 597 1519 597 1521 597 1827 575 1855 575 1858 575 1874 589 1877 589 1880 589 1882 589 1979 575 2092 589 2095 589 2183 570 2191 570 2202 570 2315 586 2318 586 2660 562 2663 537 2654 495 606 528 609 570"/></Shape>
	    <String CONTENT="solp à l&#x27;égrévitable en appelant de Nouveau Rogies aux affaires et"
                    HPOS="606"
                    VPOS="495"
                    WIDTH="2057"
                    HEIGHT="108"
                    WC="0.9931301180996112"></String>
          </TextLine>
          <TextLine ID="eSc_line_f9959388"
                    TAGREFS="LT34"
                    BASELINE="691 609 1012 603" 
                    HPOS="691"
                    VPOS="603"
                    WIDTH="321"
                    HEIGHT="6">
	    <String CONTENT=""
                    HPOS="691"
                    VPOS="603"
                    WIDTH="321"
                    HEIGHT="6"></String>
          </TextLine>
          <TextLine ID="eSc_line_54b359a7"
                    TAGREFS="LT31"
                    BASELINE="609 641 2699 625" 
                    HPOS="606"
                    VPOS="575"
                    WIDTH="2093"
                    HEIGHT="91">
            <Shape><Polygon POINTS="609 641 609 666 2699 650 2699 625 2690 575 2605 589 2497 575 2478 575 2475 575 2472 575 2470 575 2470 578 2445 589 2202 581 2109 578 2106 578 2075 584 1998 595 1965 584 1954 581 1951 581 1736 581 1734 581 1731 581 1720 586 1703 595 1678 586 1656 581 1654 581 1651 581 1596 589 1532 597 1450 589 1367 584 1364 584 1361 584 1328 592 1295 600 1179 595 1039 586 1036 586 986 597 951 603 606 603 609 641"/></Shape>
	    <String CONTENT="en &lt;.&gt; la dissolution des Chambres &lt;..... .........&gt; sia"
                    HPOS="606"
                    VPOS="575"
                    WIDTH="2093"
                    HEIGHT="91"
                    WC="0.9386309268219131"></String>
          </TextLine>
          <TextLine ID="eSc_line_6ef4021f"
                    TAGREFS="LT31"
                    BASELINE="598 719 2690 699" 
                    HPOS="595"
                    VPOS="661"
                    WIDTH="2095"
                    HEIGHT="93">
            <Shape><Polygon POINTS="598 719 598 738 653 754 656 754 658 754 1257 738 1488 749 1491 749 1797 730 2064 743 2067 743 2070 743 2073 743 2100 727 2381 741 2384 741 2525 724 2616 738 2619 738 2621 738 2690 719 2690 699 2682 661 595 674 598 719"/></Shape>
	    <String CONTENT="&lt;......  .....  .&gt;"
                    HPOS="595"
                    VPOS="661"
                    WIDTH="2095"
                    HEIGHT="93"
                    WC="0.9049108392662473"></String>
          </TextLine>
          <TextLine ID="eSc_line_cf5fccbf"
                    TAGREFS="LT31"
                    BASELINE="601 804 893 790 2679 765" 
                    HPOS="598"
                    VPOS="716"
                    WIDTH="2081"
                    HEIGHT="118">
            <Shape><Polygon POINTS="601 804 601 834 1160 812 1224 820 1259 826 1262 826 1265 826 1281 820 1306 812 1532 815 1825 818 1827 818 1880 807 1910 801 2015 804 2224 809 2227 809 2230 809 2271 798 2279 796 2288 798 2324 809 2326 809 2329 809 2467 793 2478 793 2489 793 2602 807 2605 807 2608 807 2679 787 2679 765 2671 716 2588 730 2023 730 1717 730 1714 730 1615 738 1524 746 1458 741 1356 735 1353 735 1350 735 1348 735 1334 743 1326 749 1262 746 1141 741 1138 741 1006 752 967 754 940 754 785 743 782 743 598 760 601 804"/></Shape>
	    <String CONTENT="&lt;.... . .... .. ....&gt;&gt; il"
                    HPOS="598"
                    VPOS="716"
                    WIDTH="2081"
                    HEIGHT="118"
                    WC="0.860060248374939"></String>
          </TextLine>
          <TextLine ID="eSc_line_fc302556"
                    TAGREFS="LT31"
                    BASELINE="603 873 1259 854 2660 840" 
                    HPOS="601"
                    VPOS="793"
                    WIDTH="2059"
                    HEIGHT="96">
            <Shape><Polygon POINTS="603 873 603 889 2456 878 2657 862 2660 840 2652 793 2161 807 2136 801 2100 793 2098 793 2095 793 2092 793 2059 804 2037 809 2018 804 1990 796 1987 796 1984 796 1894 807 1833 812 1772 809 1634 798 1632 798 1629 798 1576 812 1560 815 1543 812 1477 801 1474 801 1472 801 1430 815 1419 818 1381 815 1218 804 1215 804 1213 804 1171 820 1166 823 1069 823 1050 823 1031 807 1028 807 1025 807 1022 807 807 826 802 829 782 829 675 829 653 812 650 812 647 812 645 812 642 812 601 829 603 873"/></Shape>
	    <String CONTENT="demeurait si irrité contre les libéraux &lt;.. .. .............&gt;"
                    HPOS="601"
                    VPOS="793"
                    WIDTH="2059"
                    HEIGHT="96"
                    WC="0.9337094680207675"></String>
          </TextLine>
          <TextLine ID="eSc_line_0bf1ae11"
                    TAGREFS="LT31"
                    BASELINE="603 942 1568 920 2707 925" 
                    HPOS="601"
                    VPOS="870"
                    WIDTH="2106"
                    HEIGHT="99">
            <Shape><Polygon POINTS="603 942 603 958 882 955 901 958 953 969 956 969 1075 958 1168 950 1182 958 1193 967 1196 967 1199 967 1202 967 1204 967 1235 958 1254 953 1309 958 1400 967 1403 967 1406 967 1408 967 1422 958 1441 947 1552 947 1571 958 1579 964 1582 964 1585 964 1587 964 1621 958 1656 950 1720 955 1786 964 1789 964 1827 955 1882 944 1907 955 1918 961 1921 961 1924 961 1927 961 1940 955 1968 944 2161 955 2180 955 2183 955 2186 955 2188 955 2241 942 2318 955 2343 958 2346 958 2348 958 2359 955 2393 944 2445 955 2467 958 2470 958 2704 953 2707 925 2701 878 2318 884 2302 881 2252 870 2249 870 2246 870 2244 870 2227 881 2219 887 2197 881 2147 873 2144 873 2075 884 2051 887 2020 884 1913 873 1910 873 1811 887 1786 889 1780 887 1767 876 1764 876 1761 876 1419 876 1417 876 1414 876 1378 892 1372 892 1367 892 1315 878 1312 878 1309 878 1221 892 1218 892 1213 892 1133 878 1130 878 986 895 975 895 967 895 829 881 827 881 601 898 603 942"/></Shape>
	    <String CONTENT="&lt;.... . .... .. qil que le 13 novembre, causont avec"
                    HPOS="601"
                    VPOS="870"
                    WIDTH="2106"
                    HEIGHT="99"
                    WC="0.9192336213130218"></String>
          </TextLine>
          <TextLine ID="eSc_line_b088de02"
                    TAGREFS="LT31"
                    BASELINE="598 1013 1248 997 2682 1000" 
                    HPOS="595"
                    VPOS="944"
                    WIDTH="2087"
                    HEIGHT="97">
            <Shape><Polygon POINTS="598 1013 598 1041 1441 1022 1720 1035 1723 1035 1725 1035 1728 1035 1753 1019 1814 1035 1816 1035 1819 1035 1822 1035 1863 1019 2012 1035 2015 1035 2018 1035 2075 1019 2676 1033 2682 1000 2679 961 1927 944 1924 944 1921 944 1918 944 1896 961 1805 944 1803 944 1717 961 1640 944 1637 944 1634 944 1596 961 1530 947 1527 947 1524 947 1521 947 1499 964 1466 947 1463 947 1461 947 1190 964 1064 947 1061 947 1058 947 1055 947 1033 967 595 967 598 1013"/></Shape>
	    <String CONTENT="la ministre de France il se déclarait prêt, s&#x27;il le fallait &quot;? en appeler aux"
                    HPOS="595"
                    VPOS="944"
                    WIDTH="2087"
                    HEIGHT="97"
                    WC="0.9696812513586762"></String>
          </TextLine>
          <TextLine ID="eSc_line_48a95616"
                    TAGREFS="LT31"
                    BASELINE="595 1090 1949 1068 2723 1079" 
                    HPOS="592"
                    VPOS="1016"
                    WIDTH="2131"
                    HEIGHT="110">
            <Shape><Polygon POINTS="595 1090 595 1115 829 1126 832 1126 835 1126 873 1115 920 1104 1020 1115 1050 1118 1053 1118 1105 1115 1265 1104 1381 1115 1455 1121 1458 1121 1461 1121 1474 1115 1497 1102 1527 1115 1530 1115 1532 1115 1535 1115 1538 1115 1541 1115 1571 1096 1869 1096 1940 1096 1968 1113 1971 1115 1973 1115 1976 1115 1979 1115 1982 1115 1987 1113 2023 1099 2299 1110 2302 1110 2412 1093 2721 1110 2723 1079 2721 1033 2489 1016 2486 1016 2483 1016 2450 1033 2448 1033 2434 1033 2335 1019 2332 1019 2200 1033 2155 1038 1990 1038 1984 1033 1973 1022 1971 1022 1968 1022 1965 1022 1962 1022 1924 1033 1907 1035 1849 1033 1725 1024 1723 1024 1720 1024 1701 1033 1687 1038 1640 1033 1568 1024 1565 1024 1563 1024 1546 1033 1530 1041 1494 1033 1463 1027 1461 1027 1367 1033 1213 1046 1094 1046 1077 1033 1075 1030 1072 1030 1069 1030 1066 1030 1036 1033 967 1044 937 1033 926 1030 923 1030 920 1030 918 1030 907 1033 865 1046 592 1035 595 1090"/></Shape>
	    <String CONTENT="cuig grandes Puissances qui ont créé et consacré la nationalité belge&quot;."
                    HPOS="592"
                    VPOS="1016"
                    WIDTH="2131"
                    HEIGHT="110"
                    WC="0.9925744911314736"></String>
          </TextLine>
          <TextLine ID="eSc_line_0f0268f0"
                    TAGREFS="LT31"
                    BASELINE="603 1159 2687 1148" 
                    HPOS="601"
                    VPOS="1096"
                    WIDTH="2086"
                    HEIGHT="94">
            <Shape><Polygon POINTS="603 1159 603 1179 1546 1190 1549 1190 1552 1190 1554 1190 1574 1176 1601 1190 1604 1190 1607 1190 1610 1190 1645 1176 2029 1187 2031 1187 2034 1187 2070 1173 2073 1173 2431 1184 2434 1184 2511 1170 2514 1170 2627 1184 2630 1184 2632 1184 2687 1168 2687 1148 2682 1113 2492 1096 2489 1096 2486 1096 2483 1096 2467 1113 2307 1113 2266 1096 2263 1096 2260 1096 2161 1113 2120 1099 2117 1099 2114 1099 1847 1113 1734 1099 1731 1099 1593 1115 1179 1102 1177 1102 1174 1102 1116 1118 771 1104 769 1104 766 1104 738 1118 636 1104 634 1104 631 1104 601 1118 603 1159"/></Shape>
	    <String CONTENT="Les élections du 10 dieceubre 1857 dissip èrent sa colère et les inquiétudes."
                    HPOS="601"
                    VPOS="1096"
                    WIDTH="2086"
                    HEIGHT="94"
                    WC="0.9800357702490571"></String>
          </TextLine>
          <TextLine ID="eSc_line_06bcb798"
                    TAGREFS="LT31"
                    BASELINE="606 1236 2671 1214" 
                    HPOS="603"
                    VPOS="1162"
                    WIDTH="2068"
                    HEIGHT="110">
            <Shape><Polygon POINTS="606 1236 606 1272 691 1259 1053 1267 1155 1267 1157 1267 1160 1267 1163 1267 1166 1264 1185 1253 1337 1261 1414 1264 1417 1264 1419 1264 1436 1259 1463 1250 1513 1259 1557 1264 1560 1264 1656 1256 1739 1248 1786 1253 1849 1261 1852 1261 1913 1250 1946 1245 1960 1250 1979 1259 1982 1259 1984 1259 2412 1256 2415 1256 2461 1242 2464 1242 2605 1253 2608 1253 2610 1253 2671 1236 2671 1214 2665 1179 2500 1162 2497 1162 2412 1179 2406 1181 2018 1181 2015 1181 1973 1168 1971 1168 1968 1168 1871 1181 1852 1184 1836 1184 1742 1170 1739 1170 1736 1170 1684 1184 1681 1184 1678 1184 1654 1170 1651 1170 1648 1170 1645 1170 1643 1170 1621 1184 1615 1187 1565 1184 1381 1173 1378 1173 1375 1173 1331 1187 1315 1190 1279 1187 1179 1176 1177 1176 1174 1176 1135 1187 1116 1192 1100 1187 1069 1179 1066 1179 1064 1179 603 1190 606 1236"/></Shape>
	    <String CONTENT="Elles envoyaient au Parlement 70 libéraux et 38 cattoliques. &lt;....&gt;"
                    HPOS="603"
                    VPOS="1162"
                    WIDTH="2068"
                    HEIGHT="110"
                    WC="0.9653960670997848"></String>
          </TextLine>
          <TextLine ID="eSc_line_8c483e5a"
                    TAGREFS="LT31"
                    BASELINE="589 1305 2682 1283" 
                    HPOS="587"
                    VPOS="1234"
                    WIDTH="2095"
                    HEIGHT="99">
            <Shape><Polygon POINTS="589 1305 589 1333 2679 1314 2682 1283 2671 1234 2643 1248 2489 1236 2478 1236 2475 1236 2470 1236 2409 1250 2224 1239 2205 1239 2202 1239 2169 1239 1885 1256 1684 1245 1634 1245 1632 1245 1629 1245 1626 1245 1623 1248 1607 1261 587 1261 589 1305"/></Shape>
	    <String CONTENT="&lt;......... ..... .. .... .....&gt; Ainsi le pays"
                    HPOS="587"
                    VPOS="1234"
                    WIDTH="2095"
                    HEIGHT="99"
                    WC="0.88337179157469"></String>
          </TextLine>
          <TextLine ID="eSc_line_97d4f4c6"
                    TAGREFS="LT31"
                    BASELINE="595 1377 1764 1374 2671 1352" 
                    HPOS="592"
                    VPOS="1311"
                    WIDTH="2079"
                    HEIGHT="96">
            <Shape><Polygon POINTS="595 1377 595 1407 2668 1396 2671 1352 2663 1311 2332 1330 2037 1330 1993 1319 1971 1316 1968 1316 1943 1322 1885 1333 1825 1322 1797 1319 1794 1319 1791 1319 1783 1325 1761 1336 1480 1336 1458 1327 1439 1322 1436 1322 1433 1322 1430 1322 1397 1330 1359 1338 1287 1330 1218 1325 1215 1325 1213 1325 1210 1325 1202 1333 1190 1338 1086 1336 907 1327 904 1327 901 1327 862 1338 840 1344 807 1338 752 1330 749 1330 592 1341 595 1377"/></Shape>
	    <String CONTENT="légal &lt;p......... .  ....&gt; avait voté pour ler émentiers"
                    HPOS="592"
                    VPOS="1311"
                    WIDTH="2079"
                    HEIGHT="96"
                    WC="0.9406898426158088"></String>
          </TextLine>
          <TextLine ID="eSc_line_3f0bc9a6"
                    TAGREFS="LT31"
                    BASELINE="587 1457 1519 1454 2037 1446 2037 1446 2687 1427" 
                    HPOS="584"
                    VPOS="1383"
                    WIDTH="2103"
                    HEIGHT="110">
            <Shape><Polygon POINTS="587 1484 926 1493 929 1493 1182 1476 1202 1476 1207 1476 1292 1490 1295 1490 1783 1482 1786 1482 1827 1468 1996 1479 1998 1479 2304 1460 2381 1471 2384 1471 2387 1471 2390 1471 2409 1457 2412 1457 2420 1457 2641 1468 2643 1468 2646 1468 2687 1451 2687 1427 2679 1383 584 1413 587 1457"/></Shape>
	    <String CONTENT="des mai-Son verdiet approuvait la démission du cabinet De Dicker et"
                    HPOS="584"
                    VPOS="1383"
                    WIDTH="2103"
                    HEIGHT="110"
                    WC="0.998912003502917"></String>
          </TextLine>
          <TextLine ID="eSc_line_4d37bd06"
                    TAGREFS="LT31"
                    BASELINE="587 1537 1701 1534 2685 1498" 
                    HPOS="584"
                    VPOS="1462"
                    WIDTH="2101"
                    HEIGHT="119">
            <Shape><Polygon POINTS="587 1537 587 1570 1055 1581 1058 1581 2685 1534 2685 1498 2676 1462 1634 1490 1596 1479 1587 1476 1585 1476 1582 1476 1579 1476 1576 1476 1574 1479 1560 1493 1372 1495 584 1495 587 1537"/></Shape>
	    <String CONTENT="Condamnait dé́finitivement l&#x27;Unionieme On en revenait et ette"
                    HPOS="584"
                    VPOS="1462"
                    WIDTH="2101"
                    HEIGHT="119"
                    WC="0.9907792406003983"></String>
          </TextLine>
          <TextLine ID="eSc_line_865b314e"
                    TAGREFS="LT31"
                    BASELINE="609 1617 1417 1622 2037 1600" 
                    HPOS="606"
                    VPOS="1553"
                    WIDTH="1431"
                    HEIGHT="122">
            <Shape><Polygon POINTS="606 1575 609 1617 614 1666 645 1647 774 1666 785 1666 788 1666 791 1666 793 1666 832 1644 945 1644 978 1666 989 1675 992 1675 995 1675 998 1675 1000 1675 1020 1666 1061 1644 1133 1666 1166 1675 1168 1675 1171 1675 1348 1672 1350 1672 1353 1672 1361 1666 1386 1647 1488 1666 1532 1672 1535 1672 1538 1672 1560 1666 1640 1641 1714 1658 1717 1658 1720 1658 1772 1639 1830 1664 1833 1664 1836 1664 1838 1664 1841 1664 1874 1636 2031 1664 2037 1600 2034 1573 1987 1553 1984 1553 1982 1553 1678 1570 1530 1581 1229 1581 1207 1567 1199 1564 1196 1564 1193 1564 1190 1564 1188 1564 1185 1567 1166 1584 1017 1584 998 1567 992 1562 989 1562 986 1562 915 1562 912 1562 882 1567 799 1584 780 1570 777 1570 774 1570 771 1570 769 1570 766 1570 749 1581 612 1567 606 1575"/></Shape>
	    <String CONTENT="fois pour toujours, au gouvernement des partis."
                    HPOS="606"
                    VPOS="1553"
                    WIDTH="1431"
                    HEIGHT="122"
                    WC="0.9887570586610348"></String>
          </TextLine>
        </TextBlock>
      </PrintSpace>
    </Page>
  </Layout>
</alto>
