<?xml version="1.0" encoding="UTF-8"?>
<alto xmlns:xsi="http://www.w3.org/2001/XMLSchema-instance"
      xmlns="http://www.loc.gov/standards/alto/ns-v4#"
      xsi:schemaLocation="http://www.loc.gov/standards/alto/ns-v4# http://www.loc.gov/standards/alto/v4/alto-4-2.xsd">
  <Description>
    <MeasurementUnit>pixel</MeasurementUnit>
    <sourceImageInformation>
      <fileName>ARCH-DIV-000496_0253.png</fileName>
    </sourceImageInformation>
  </Description>
  <Tags>
    <OtherTag ID="BT42" LABEL="MainZone" DESCRIPTION="block type MainZone"/><OtherTag ID="BT43" LABEL="MarginTextZone" DESCRIPTION="block type MarginTextZone"/><OtherTag ID="BT44" LABEL="NumberingZone" DESCRIPTION="block type NumberingZone"/><OtherTag ID="BT45" LABEL="TitlePageZone" DESCRIPTION="block type TitlePageZone"/><OtherTag ID="BT46" LABEL="CustomZone:Numbering" DESCRIPTION="block type CustomZone:Numbering"/><OtherTag ID="BT49" LABEL="MarginTextZone:lower" DESCRIPTION="block type MarginTextZone:lower"/>
    <OtherTag ID="LT25" LABEL="default" DESCRIPTION="line type default"/><OtherTag ID="LT31" LABEL="DefaultLine" DESCRIPTION="line type DefaultLine"/><OtherTag ID="LT32" LABEL="HeadingLine" DESCRIPTION="line type HeadingLine"/><OtherTag ID="LT33" LABEL="InterlinearLine:addition" DESCRIPTION="line type InterlinearLine:addition"/><OtherTag ID="LT34" LABEL="InterlinearLine:correction" DESCRIPTION="line type InterlinearLine:correction"/>
  </Tags>
  <Layout>
    <Page WIDTH="2790"
          HEIGHT="3324"
          PHYSICAL_IMG_NR="252"
          ID="eSc_dummypage_">
      <PrintSpace HPOS="0"
                  VPOS="0"
                  WIDTH="2790"
                  HEIGHT="3324">
        <TextBlock HPOS="14"
                   VPOS="20"
                   WIDTH="386"
                   HEIGHT="237"
                   ID="eSc_textblock_233569ee"
                   TAGREFS="BT44">
          <Shape><Polygon POINTS="14 20 14 257 400 257 400 20"/></Shape>
          <TextLine ID="eSc_line_3a6ed400"
                    TAGREFS="LT31"
                    BASELINE="147 128 374 164" 
                    HPOS="166"
                    VPOS="88"
                    WIDTH="152"
                    HEIGHT="108">
            <Shape><Polygon POINTS="277 88 249 88 221 88 193 88 166 88 169 141 169 180 241 196 243 196 246 196 318 171 318 135 313 88 304 88"/></Shape>
	    <String CONTENT=""
                    HPOS="166"
                    VPOS="88"
                    WIDTH="152"
                    HEIGHT="108"></String>
          </TextLine>
        </TextBlock>
        <TextBlock HPOS="447"
                   VPOS="47"
                   WIDTH="2221"
                   HEIGHT="3258"
                   ID="eSc_textblock_a0b70144"
                   TAGREFS="BT42">
          <Shape><Polygon POINTS="447 47 447 3305 2668 3305 2668 47"/></Shape>
          <TextLine ID="eSc_line_384e8b49"
                    TAGREFS="LT31"
                    BASELINE="581 96 2670 110" 
                    HPOS="579"
                    VPOS="41"
                    WIDTH="2091"
                    HEIGHT="94">
            <Shape><Polygon POINTS="2407 60 2379 60 2352 60 2324 58 2296 58 2269 58 2241 58 2227 58 2208 66 2208 69 2019 69 2017 66 2003 52 1992 52 1972 52 1886 66 1872 66 1856 66 1753 49 1751 49 1595 60 1573 47 1570 47 1568 47 1565 47 1371 60 1368 60 1280 44 1277 44 1274 44 1210 60 1207 60 1202 60 1144 44 1141 44 1138 44 1041 58 839 58 820 41 817 41 814 41 811 41 581 55 581 96 579 127 2665 135 2670 110 2668 72 2460 60 2435 60"/></Shape>
	    <String CONTENT=""
                    HPOS="579"
                    VPOS="41"
                    WIDTH="2091"
                    HEIGHT="94"></String>
          </TextLine>
          <TextLine ID="eSc_line_84d98276"
                    TAGREFS="LT31"
                    BASELINE="570 168 1884 182 2637 171" 
                    HPOS="567"
                    VPOS="116"
                    WIDTH="2070"
                    HEIGHT="97">
            <Shape><Polygon POINTS="570 168 567 191 886 207 889 207 1246 196 1346 210 1349 210 1856 199 2011 213 2014 213 2634 199 2637 171 2632 135 1828 135 1823 130 1809 119 1806 119 1803 119 1800 119 1798 119 1767 130 1759 132 1748 130 1692 119 1690 119 1615 130 1590 132 1562 130 1473 119 1471 119 1390 130 1360 132 1352 130 1338 116 1335 116 1332 116 1329 116 570 124 570 168"/></Shape>
	    <String CONTENT=""
                    HPOS="567"
                    VPOS="116"
                    WIDTH="2070"
                    HEIGHT="97"></String>
          </TextLine>
          <TextLine ID="eSc_line_a46173fa"
                    TAGREFS="LT31"
                    BASELINE="570 240 2637 235" 
                    HPOS="567"
                    VPOS="185"
                    WIDTH="2070"
                    HEIGHT="83">
            <Shape><Polygon POINTS="570 240 570 268 2634 265 2637 235 2629 185 567 188 570 240"/></Shape>
	    <String CONTENT=""
                    HPOS="567"
                    VPOS="185"
                    WIDTH="2070"
                    HEIGHT="83"></String>
          </TextLine>
          <TextLine ID="eSc_line_6605e824"
                    TAGREFS="LT31"
                    BASELINE="581 304 2651 293" 
                    HPOS="579"
                    VPOS="249"
                    WIDTH="2072"
                    HEIGHT="86">
            <Shape><Polygon POINTS="581 304 581 335 2648 321 2651 293 2643 249 936 263 928 263 753 252 750 252 579 265 581 304"/></Shape>
	    <String CONTENT=""
                    HPOS="579"
                    VPOS="249"
                    WIDTH="2072"
                    HEIGHT="86"></String>
          </TextLine>
          <TextLine ID="eSc_line_7b789e58"
                    TAGREFS="LT31"
                    BASELINE="579 373 2626 354" 
                    HPOS="576"
                    VPOS="304"
                    WIDTH="2050"
                    HEIGHT="108">
            <Shape><Polygon POINTS="579 373 579 396 953 390 961 396 978 409 980 409 983 409 986 412 1160 412 1160 409 1232 407 1235 407 1238 407 1257 393 1266 387 1310 393 1407 407 1410 407 1413 407 1468 393 1501 385 1565 385 1573 393 1584 401 1587 401 1590 401 1593 401 1706 390 1806 382 1834 390 1864 401 1867 401 1870 401 1872 401 1908 390 1920 387 1933 390 1986 401 1989 401 1992 401 2019 390 2044 379 2152 387 2266 398 2269 398 2271 398 2302 387 2330 379 2421 379 2440 387 2457 396 2460 396 2463 396 2465 396 2501 387 2535 379 2620 385 2626 354 2620 318 2368 304 2366 304 2363 304 2330 318 2327 318 2294 318 2072 307 2069 307 1989 318 1964 324 576 324 579 373"/></Shape>
	    <String CONTENT=""
                    HPOS="576"
                    VPOS="304"
                    WIDTH="2050"
                    HEIGHT="108"></String>
          </TextLine>
          <TextLine ID="eSc_line_a06326ad"
                    TAGREFS="LT31"
                    BASELINE="579 437 2612 412" 
                    HPOS="576"
                    VPOS="379"
                    WIDTH="2036"
                    HEIGHT="94">
            <Shape><Polygon POINTS="579 437 579 459 997 473 1000 473 1002 473 1005 473 1027 457 1033 454 1052 457 1177 470 1180 470 1440 454 1490 465 1493 465 1496 465 1498 465 1537 451 1545 448 1568 451 1703 465 1706 465 1709 465 1773 448 1781 445 1787 448 1811 459 1814 459 1817 459 1942 445 1978 443 1989 445 2019 457 2022 457 2025 457 2177 443 2197 443 2210 443 2374 457 2377 457 2379 457 2418 440 2421 440 2429 440 2515 454 2518 454 2609 437 2612 412 2604 379 576 390 579 437"/></Shape>
	    <String CONTENT=""
                    HPOS="576"
                    VPOS="379"
                    WIDTH="2036"
                    HEIGHT="94"></String>
          </TextLine>
          <TextLine ID="eSc_line_16ec1c0e"
                    TAGREFS="LT34"
                    BASELINE="807 396 1218 395" 
                    HPOS="807"
                    VPOS="395"
                    WIDTH="411"
                    HEIGHT="1">
	    <String CONTENT=""
                    HPOS="807"
                    VPOS="395"
                    WIDTH="411"
                    HEIGHT="1"></String>
          </TextLine>
          <TextLine ID="eSc_line_94649da2"
                    TAGREFS="LT31"
                    BASELINE="576 506 2266 487 2657 495" 
                    HPOS="573"
                    VPOS="437"
                    WIDTH="2084"
                    HEIGHT="105">
            <Shape><Polygon POINTS="576 506 581 542 603 529 626 542 628 542 631 542 634 542 637 542 640 542 684 529 803 540 836 542 839 542 842 542 847 540 872 529 897 540 900 540 903 540 905 540 908 540 911 540 928 526 986 537 989 537 1144 520 1376 534 1418 537 1421 537 1424 537 1435 534 1504 515 1773 515 1928 531 1947 531 1950 531 1953 531 1958 531 2014 512 2166 529 2177 529 2180 529 2183 529 2186 529 2235 512 2255 529 2258 529 2260 529 2263 529 2288 529 2438 515 2654 523 2657 495 2651 437 1983 454 1961 440 1958 440 1956 440 1781 440 1778 440 1775 440 1773 440 1770 443 1753 454 1606 445 1570 443 1568 443 1543 445 1415 459 1111 448 1080 448 1077 448 1074 448 1072 448 1055 462 997 451 994 451 850 465 822 451 820 451 817 451 573 451 576 506"/></Shape>
	    <String CONTENT=""
                    HPOS="573"
                    VPOS="437"
                    WIDTH="2084"
                    HEIGHT="105"></String>
          </TextLine>
          <TextLine ID="eSc_line_0862573c"
                    TAGREFS="LT34"
                    BASELINE="626 477 823 474" 
                    HPOS="626"
                    VPOS="474"
                    WIDTH="197"
                    HEIGHT="3">
	    <String CONTENT=""
                    HPOS="626"
                    VPOS="474"
                    WIDTH="197"
                    HEIGHT="3"></String>
          </TextLine>
          <TextLine ID="eSc_line_2ab1550b"
                    TAGREFS="LT34"
                    BASELINE="854 468 973 453" 
                    HPOS="854"
                    VPOS="453"
                    WIDTH="119"
                    HEIGHT="15">
	    <String CONTENT=""
                    HPOS="854"
                    VPOS="453"
                    WIDTH="119"
                    HEIGHT="15"></String>
          </TextLine>
          <TextLine ID="eSc_line_e2b4ad06"
                    TAGREFS="LT31"
                    BASELINE="579 573 2615 550" 
                    HPOS="576"
                    VPOS="495"
                    WIDTH="2039"
                    HEIGHT="111">
            <Shape><Polygon POINTS="579 606 2612 578 2615 545 2609 506 2213 495 2210 495 2208 495 2141 512 2136 512 2127 512 2036 501 2033 501 1914 515 1906 515 1897 515 1806 501 1803 501 1800 501 1798 501 1773 517 1770 517 1756 517 1634 504 1631 504 1629 504 1584 520 1579 520 1540 520 1227 509 1224 509 1221 509 1163 526 1158 526 1155 526 1105 512 1102 512 1099 512 814 531 778 531 759 531 615 517 612 517 609 517 576 529 579 573"/></Shape>
	    <String CONTENT=""
                    HPOS="576"
                    VPOS="495"
                    WIDTH="2039"
                    HEIGHT="111"></String>
          </TextLine>
          <TextLine ID="eSc_line_c217de1d"
                    TAGREFS="LT33"
                    BASELINE="2277 532 2351 527" 
                    HPOS="2277"
                    VPOS="527"
                    WIDTH="74"
                    HEIGHT="5">
	    <String CONTENT=""
                    HPOS="2277"
                    VPOS="527"
                    WIDTH="74"
                    HEIGHT="5"></String>
          </TextLine>
          <TextLine ID="eSc_line_c1af5739"
                    TAGREFS="LT31"
                    BASELINE="573 637 2523 605 2608 616" 
                    HPOS="570"
                    VPOS="567"
                    WIDTH="2053"
                    HEIGHT="97">
            <Shape><Polygon POINTS="573 664 1875 653 1906 650 2050 637 2205 648 2219 648 2222 648 2230 648 2330 631 2435 645 2440 645 2443 645 2446 645 2449 645 2474 628 2618 642 2623 603 2618 567 1784 567 1781 567 1778 567 1775 567 1767 573 1753 584 1418 587 1307 578 1260 576 1257 576 1210 578 1072 592 767 584 739 584 736 584 734 584 731 584 709 598 570 587 573 637"/></Shape>
	    <String CONTENT=""
                    HPOS="570"
                    VPOS="567"
                    WIDTH="2053"
                    HEIGHT="97"></String>
          </TextLine>
          <TextLine ID="eSc_line_cf474887"
                    TAGREFS="LT31"
                    BASELINE="548 706 1897 681 2640 684" 
                    HPOS="545"
                    VPOS="623"
                    WIDTH="2095"
                    HEIGHT="113">
            <Shape><Polygon POINTS="548 706 548 725 953 736 955 736 958 736 961 736 961 734 972 722 975 722 1027 722 1244 731 1246 731 1340 722 1415 714 1487 720 1573 728 1576 728 1579 728 1582 728 1593 720 1606 711 1684 720 1753 725 1756 725 1798 717 1856 709 1944 717 2000 722 2003 722 2033 717 2083 706 2169 717 2208 720 2210 720 2269 714 2432 700 2634 711 2640 684 2637 637 2504 623 2501 623 2402 637 2377 639 2349 637 2222 626 2219 626 2216 626 2188 639 2180 642 2100 639 1897 631 1895 631 1825 642 1784 648 1712 642 1598 634 1595 634 1471 645 1365 653 1346 645 1332 639 1329 639 1327 639 1257 645 1166 656 1138 648 1124 642 1122 642 1119 642 1061 648 955 659 942 648 936 645 933 645 930 645 928 645 925 645 914 648 886 659 850 650 831 645 828 645 825 645 545 650 548 706"/></Shape>
	    <String CONTENT=""
                    HPOS="545"
                    VPOS="623"
                    WIDTH="2095"
                    HEIGHT="113"></String>
          </TextLine>
          <TextLine ID="eSc_line_22af2831"
                    TAGREFS="LT31"
                    BASELINE="565 767 2612 736" 
                    HPOS="562"
                    VPOS="695"
                    WIDTH="2050"
                    HEIGHT="113">
            <Shape><Polygon POINTS="565 767 565 792 684 808 687 808 689 808 756 789 764 789 928 789 1041 789 1074 803 1077 803 1080 803 1324 781 1349 781 1354 781 1410 797 1413 797 1415 797 1582 781 2047 789 2050 789 2609 761 2612 736 2604 695 562 722 565 767"/></Shape>
	    <String CONTENT=""
                    HPOS="562"
                    VPOS="695"
                    WIDTH="2050"
                    HEIGHT="113"></String>
          </TextLine>
          <TextLine ID="eSc_line_d20b4b23"
                    TAGREFS="LT31"
                    BASELINE="567 839 2629 803" 
                    HPOS="565"
                    VPOS="750"
                    WIDTH="2064"
                    HEIGHT="111">
            <Shape><Polygon POINTS="567 839 567 861 2310 844 2313 844 2316 844 2346 831 2623 839 2629 803 2623 764 2524 750 2521 750 2404 767 2396 770 1504 783 1496 783 1360 770 1357 770 1354 770 1307 786 1230 772 1227 772 1224 772 1221 772 1196 789 1160 775 1158 775 1155 775 1152 775 1149 775 1127 789 725 781 723 781 565 800 567 839"/></Shape>
	    <String CONTENT=""
                    HPOS="565"
                    VPOS="750"
                    WIDTH="2064"
                    HEIGHT="111"></String>
          </TextLine>
          <TextLine ID="eSc_line_a73e97e6"
                    TAGREFS="LT31"
                    BASELINE="573 905 1931 894 2620 867" 
                    HPOS="570"
                    VPOS="825"
                    WIDTH="2050"
                    HEIGHT="119">
            <Shape><Polygon POINTS="573 905 576 944 626 930 792 941 828 941 831 941 833 941 845 939 889 927 925 939 939 941 942 941 944 941 947 941 955 936 980 925 1077 933 1130 939 1133 939 1166 933 1219 922 1454 927 1690 930 1692 930 2620 900 2620 867 2612 825 2368 828 2366 828 2363 828 2343 842 2186 831 2174 831 2172 831 2166 831 2072 853 1609 855 1568 839 1565 839 1562 839 1559 839 1537 839 1316 861 958 853 955 853 869 867 772 850 759 850 756 850 753 850 745 853 687 869 570 855 573 905"/></Shape>
	    <String CONTENT=""
                    HPOS="570"
                    VPOS="825"
                    WIDTH="2050"
                    HEIGHT="119"></String>
          </TextLine>
          <TextLine ID="eSc_line_da929624"
                    TAGREFS="LT31"
                    BASELINE="565 980 1814 972" 
                    HPOS="562"
                    VPOS="922"
                    WIDTH="1252"
                    HEIGHT="94">
            <Shape><Polygon POINTS="565 980 565 999 684 1013 687 1013 689 1013 714 999 720 999 919 999 925 999 944 1016 947 1016 950 1016 953 1016 955 1016 1000 999 1014 997 1027 999 1069 1013 1072 1013 1074 1013 1077 1013 1080 1013 1099 999 1105 997 1111 999 1135 1013 1138 1013 1141 1013 1443 1011 1490 999 1523 994 1534 999 1543 1008 1545 1008 1548 1008 1551 1008 1811 999 1814 972 1800 922 1778 936 1601 927 1509 922 1507 922 1504 922 1479 927 1449 936 1424 930 1396 922 1393 922 1390 922 1388 922 1357 930 1327 939 1205 933 1011 925 1008 925 1005 925 980 939 972 941 928 939 784 927 781 927 562 944 565 980"/></Shape>
	    <String CONTENT=""
                    HPOS="562"
                    VPOS="922"
                    WIDTH="1252"
                    HEIGHT="94"></String>
          </TextLine>
          <TextLine ID="eSc_line_5f22e34a"
                    TAGREFS="LT31"
                    BASELINE="581 1055 2654 1022" 
                    HPOS="579"
                    VPOS="966"
                    WIDTH="2075"
                    HEIGHT="119">
            <Shape><Polygon POINTS="581 1055 581 1080 1268 1085 1271 1085 1762 1063 1767 1063 1770 1063 1845 1074 1847 1074 1947 1060 1964 1058 1975 1058 2061 1071 2064 1071 2066 1071 2127 1055 2138 1052 2499 1049 2507 1049 2560 1063 2562 1063 2565 1063 2654 1047 2654 1022 2643 966 2609 983 2512 969 2482 966 2479 966 2432 972 2305 988 2244 977 2216 972 2213 972 2183 977 2133 988 2047 980 1964 975 1961 975 1958 975 1931 983 1903 994 1875 986 1845 977 1842 977 1839 977 1836 977 1803 988 1773 997 1715 988 1634 980 1631 980 1629 980 1626 980 1612 991 1604 997 1582 994 1515 983 1512 983 1509 983 1482 997 1473 1002 1268 1008 1138 1008 1133 1005 1108 988 1105 988 1102 988 1099 988 1097 988 1061 1005 1058 1008 1044 1008 928 991 925 991 922 991 919 991 919 994 900 1011 897 1011 883 1011 623 997 620 997 617 997 579 1013 581 1055"/></Shape>
	    <String CONTENT=""
                    HPOS="579"
                    VPOS="966"
                    WIDTH="2075"
                    HEIGHT="119"></String>
          </TextLine>
          <TextLine ID="eSc_line_ff4c5293"
                    TAGREFS="LT31"
                    BASELINE="562 1130 2643 1096" 
                    HPOS="559"
                    VPOS="1047"
                    WIDTH="2084"
                    HEIGHT="119">
            <Shape><Polygon POINTS="562 1130 562 1149 731 1166 734 1166 928 1146 936 1146 944 1146 1074 1160 1077 1160 1280 1141 1302 1141 1313 1141 1401 1155 1404 1155 1407 1155 1437 1141 1443 1138 1465 1141 1570 1152 1573 1152 1712 1138 1734 1135 1742 1135 1789 1146 1792 1146 1889 1135 1911 1132 1917 1135 1939 1146 1942 1146 1944 1146 1947 1146 1997 1132 2017 1127 2640 1124 2643 1096 2637 1058 2291 1047 2288 1047 2141 1063 2111 1066 2089 1063 1975 1052 1972 1052 1969 1052 1939 1066 1933 1069 1925 1066 1886 1055 1884 1055 1881 1055 1781 1069 1753 1074 1529 1074 1523 1071 1496 1060 1493 1060 1490 1060 1487 1060 1435 1074 1418 1077 1393 1074 1302 1063 1299 1063 1296 1063 1257 1077 1244 1080 1130 1077 806 1071 803 1071 800 1071 775 1083 770 1088 559 1088 562 1130"/></Shape>
	    <String CONTENT=""
                    HPOS="559"
                    VPOS="1047"
                    WIDTH="2084"
                    HEIGHT="119"></String>
          </TextLine>
          <TextLine ID="eSc_line_f22af04a"
                    TAGREFS="LT31"
                    BASELINE="551 1199 2601 1163" 
                    HPOS="548"
                    VPOS="1124"
                    WIDTH="2053"
                    HEIGHT="97">
            <Shape><Polygon POINTS="551 1199 551 1221 1496 1218 1562 1213 1656 1202 1753 1210 1806 1213 1809 1213 1986 1207 2482 1188 2596 1199 2601 1163 2593 1124 1485 1130 1352 1144 1307 1149 1282 1146 1219 1135 1216 1135 1213 1135 1177 1146 1163 1152 1124 1149 1022 1138 1019 1138 1016 1138 983 1152 972 1155 947 1152 869 1141 867 1141 797 1155 778 1160 548 1160 551 1199"/></Shape>
	    <String CONTENT=""
                    HPOS="548"
                    VPOS="1124"
                    WIDTH="2053"
                    HEIGHT="97"></String>
          </TextLine>
          <TextLine ID="eSc_line_a6d7fcd5"
                    TAGREFS="LT31"
                    BASELINE="543 1274 2607 1235" 
                    HPOS="540"
                    VPOS="1180"
                    WIDTH="2067"
                    HEIGHT="113">
            <Shape><Polygon POINTS="543 1274 543 1293 2607 1271 2607 1235 2598 1180 2449 1202 2357 1185 2352 1185 2349 1185 2346 1185 2343 1185 2299 1204 2205 1193 2202 1193 1889 1210 1834 1199 1814 1196 1811 1196 1809 1196 1798 1199 1773 1210 1748 1202 1734 1196 1731 1196 1728 1196 1726 1196 1703 1202 1673 1210 1623 1204 1568 1199 1565 1199 1562 1199 1548 1207 1526 1218 1327 1213 1133 1207 1130 1207 1127 1207 1097 1218 1074 1227 1038 1221 983 1210 980 1210 978 1210 953 1224 939 1229 820 1227 651 1221 648 1221 645 1221 626 1232 620 1235 615 1232 598 1218 595 1218 592 1218 590 1218 587 1218 540 1229 543 1274"/></Shape>
	    <String CONTENT=""
                    HPOS="540"
                    VPOS="1180"
                    WIDTH="2067"
                    HEIGHT="113"></String>
          </TextLine>
          <TextLine ID="eSc_line_a9d51b6b"
                    TAGREFS="LT31"
                    BASELINE="554 1348 2626 1310" 
                    HPOS="551"
                    VPOS="1257"
                    WIDTH="2075"
                    HEIGHT="130">
            <Shape><Polygon POINTS="554 1348 556 1387 606 1368 667 1385 670 1385 673 1385 676 1385 720 1365 803 1382 811 1382 814 1382 817 1382 820 1382 856 1362 961 1373 964 1373 1196 1357 1221 1371 1224 1373 1227 1373 1230 1373 1232 1373 1235 1373 1238 1373 1241 1371 1257 1354 1440 1351 1537 1362 1579 1368 1582 1368 1637 1360 1742 1346 1908 1354 2030 1360 2033 1360 2623 1335 2626 1310 2620 1274 2476 1257 2474 1257 2382 1274 2335 1260 2332 1260 2330 1260 2019 1282 2014 1282 2011 1282 1889 1268 1886 1268 1884 1268 1881 1268 1881 1271 1864 1285 1737 1271 1734 1271 1731 1271 1684 1288 1681 1288 1440 1276 1437 1276 1435 1276 1432 1276 1407 1293 1379 1279 1376 1279 1374 1279 1371 1279 1327 1293 1160 1282 1158 1282 1155 1282 1152 1282 1152 1285 1138 1299 1135 1299 1108 1299 881 1290 878 1290 875 1290 847 1304 845 1307 551 1307 554 1348"/></Shape>
	    <String CONTENT=""
                    HPOS="551"
                    VPOS="1257"
                    WIDTH="2075"
                    HEIGHT="130"></String>
          </TextLine>
          <TextLine ID="eSc_line_537ac77b"
                    TAGREFS="LT31"
                    BASELINE="556 1418 1293 1398 2640 1390" 
                    HPOS="554"
                    VPOS="1340"
                    WIDTH="2086"
                    HEIGHT="103">
            <Shape><Polygon POINTS="556 1418 556 1443 1579 1421 1778 1432 1809 1432 1811 1432 1814 1432 1817 1432 1842 1418 2050 1429 2086 1429 2089 1429 2127 1426 2349 1412 2634 1421 2640 1390 2634 1351 2316 1340 2313 1340 2177 1354 2094 1340 2091 1340 2089 1340 2030 1357 2028 1357 2022 1357 1892 1343 1889 1343 1886 1343 1884 1343 1867 1357 1670 1346 1667 1346 1665 1346 1662 1346 1640 1362 1479 1362 1343 1348 1340 1348 1338 1348 1335 1348 1313 1365 1310 1365 1307 1365 1127 1351 1124 1351 1122 1351 1066 1368 1063 1368 1061 1368 925 1357 922 1357 554 1373 556 1418"/></Shape>
	    <String CONTENT=""
                    HPOS="554"
                    VPOS="1340"
                    WIDTH="2086"
                    HEIGHT="103"></String>
          </TextLine>
          <TextLine ID="eSc_line_6678282e"
                    TAGREFS="LT31"
                    BASELINE="554 1490 2598 1454" 
                    HPOS="551"
                    VPOS="1412"
                    WIDTH="2047"
                    HEIGHT="114">
            <Shape><Polygon POINTS="554 1490 554 1509 617 1526 620 1526 623 1526 681 1509 681 1506 809 1506 811 1506 833 1520 836 1520 839 1520 842 1520 845 1520 847 1520 869 1504 872 1504 892 1504 1005 1515 1008 1515 1011 1515 1014 1515 1033 1501 1036 1501 1063 1501 1296 1515 1299 1515 1302 1515 1304 1515 1324 1498 1462 1506 1465 1506 1468 1506 1496 1495 1501 1493 1518 1493 1648 1509 1651 1509 2083 1484 2097 1484 2100 1484 2116 1498 2119 1498 2122 1498 2125 1498 2332 1484 2571 1493 2573 1493 2576 1493 2579 1493 2598 1476 2598 1454 2593 1418 1967 1412 1964 1412 1648 1434 712 1434 709 1434 551 1451 554 1490"/></Shape>
	    <String CONTENT=""
                    HPOS="551"
                    VPOS="1412"
                    WIDTH="2047"
                    HEIGHT="114"></String>
          </TextLine>
          <TextLine ID="eSc_line_83341448"
                    TAGREFS="LT33"
                    BASELINE="2398 1494 2464 1497" 
                    HPOS="2398"
                    VPOS="1494"
                    WIDTH="66"
                    HEIGHT="3">
	    <String CONTENT=""
                    HPOS="2398"
                    VPOS="1494"
                    WIDTH="66"
                    HEIGHT="3"></String>
          </TextLine>
          <TextLine ID="eSc_line_1f4f95c4"
                    TAGREFS="LT31"
                    BASELINE="554 1565 2640 1534" 
                    HPOS="551"
                    VPOS="1479"
                    WIDTH="2089"
                    HEIGHT="113">
            <Shape><Polygon POINTS="554 1565 554 1592 2640 1562 2640 1534 2634 1495 2468 1479 2465 1479 2463 1479 2460 1479 2438 1495 2435 1495 2424 1495 2138 1484 2136 1484 2008 1501 1992 1501 1983 1501 1933 1487 1931 1487 1928 1487 1856 1501 1836 1504 1767 1501 1509 1493 1507 1493 1504 1493 1501 1493 1485 1504 1479 1509 1443 1506 1371 1495 1368 1495 1365 1495 1327 1506 1304 1512 1293 1506 1282 1498 1280 1498 1277 1498 1274 1498 1271 1498 1252 1506 1238 1515 551 1515 554 1565"/></Shape>
	    <String CONTENT=""
                    HPOS="551"
                    VPOS="1479"
                    WIDTH="2089"
                    HEIGHT="113"></String>
          </TextLine>
          <TextLine ID="eSc_line_29e17bf2"
                    TAGREFS="LT31"
                    BASELINE="540 1642 2604 1601" 
                    HPOS="537"
                    VPOS="1562"
                    WIDTH="2067"
                    HEIGHT="119">
            <Shape><Polygon POINTS="540 1642 540 1664 736 1664 745 1664 797 1681 800 1681 803 1681 806 1681 809 1681 831 1664 836 1662 875 1664 1083 1675 1086 1675 1194 1659 1230 1653 1299 1656 1498 1667 1501 1667 1626 1664 1629 1664 1656 1650 1670 1645 1684 1650 1717 1662 1720 1662 1723 1662 1726 1662 1764 1648 1787 1642 1828 1648 1906 1659 1908 1659 1911 1659 1956 1645 1972 1642 1983 1645 2022 1656 2025 1656 2028 1656 2030 1656 2033 1656 2050 1645 2058 1639 2094 1642 2177 1653 2180 1653 2604 1634 2604 1601 2596 1562 537 1601 540 1642"/></Shape>
	    <String CONTENT=""
                    HPOS="537"
                    VPOS="1562"
                    WIDTH="2067"
                    HEIGHT="119"></String>
          </TextLine>
          <TextLine ID="eSc_line_7fb73daf"
                    TAGREFS="LT31"
                    BASELINE="551 1734 2662 1678" 
                    HPOS="548"
                    VPOS="1642"
                    WIDTH="2114"
                    HEIGHT="128">
            <Shape><Polygon POINTS="551 1734 551 1753 640 1753 670 1770 673 1770 676 1770 678 1770 681 1770 684 1770 706 1753 789 1764 792 1764 900 1750 930 1764 933 1764 936 1764 939 1764 980 1742 1025 1756 1027 1756 1030 1756 1127 1739 1282 1761 1285 1761 1407 1736 1545 1753 1548 1753 1817 1747 2033 1717 2058 1711 2213 1711 2216 1711 2255 1728 2258 1728 2260 1728 2355 1709 2374 1706 2391 1709 2490 1725 2493 1725 2496 1725 2548 1703 2557 1700 2568 1703 2598 1717 2601 1717 2604 1717 2607 1717 2662 1700 2662 1678 2657 1642 1939 1642 1936 1642 1933 1642 1931 1642 1903 1659 1817 1648 1814 1648 1712 1664 1620 1650 1618 1650 1501 1670 1401 1656 1399 1656 1282 1675 1191 1662 1188 1662 1077 1681 883 1673 881 1673 878 1673 875 1673 875 1675 861 1686 767 1673 764 1673 548 1695 551 1734"/></Shape>
	    <String CONTENT=""
                    HPOS="548"
                    VPOS="1642"
                    WIDTH="2114"
                    HEIGHT="128"></String>
          </TextLine>
          <TextLine ID="eSc_line_ad486e3e"
                    TAGREFS="LT34"
                    BASELINE="1624 1745 1809 1738 1810 1738 1939 1727" 
                    HPOS="1624"
                    VPOS="1727"
                    WIDTH="315"
                    HEIGHT="18">
	    <String CONTENT=""
                    HPOS="1624"
                    VPOS="1727"
                    WIDTH="315"
                    HEIGHT="18"></String>
          </TextLine>
          <TextLine ID="eSc_line_621c3b6b"
                    TAGREFS="LT31"
                    BASELINE="543 1806 2623 1756" 
                    HPOS="540"
                    VPOS="1717"
                    WIDTH="2083"
                    HEIGHT="119">
            <Shape><Polygon POINTS="543 1806 543 1825 872 1822 883 1822 1000 1836 1002 1836 1097 1817 1111 1817 1124 1817 1232 1830 1235 1830 1238 1830 1299 1814 1304 1814 1316 1814 1440 1825 1443 1825 1811 1817 1814 1817 1845 1803 1847 1803 1850 1803 1900 1814 1903 1814 1906 1814 1908 1814 1922 1803 1933 1792 2623 1786 2623 1756 2615 1717 540 1758 543 1806"/></Shape>
	    <String CONTENT=""
                    HPOS="540"
                    VPOS="1717"
                    WIDTH="2083"
                    HEIGHT="119"></String>
          </TextLine>
          <TextLine ID="eSc_line_b60956fa"
                    TAGREFS="LT31"
                    BASELINE="548 1878 2609 1828" 
                    HPOS="545"
                    VPOS="1786"
                    WIDTH="2064"
                    HEIGHT="130">
            <Shape><Polygon POINTS="548 1878 554 1916 573 1900 1149 1897 1692 1891 1787 1878 1820 1872 1845 1875 1917 1886 1920 1886 1922 1886 1983 1869 1994 1869 2011 1869 2130 1880 2133 1880 2136 1880 2138 1880 2138 1878 2152 1866 2155 1864 2219 1864 2535 1866 2537 1866 2609 1850 2609 1828 2604 1786 1947 1786 1944 1786 1942 1786 1939 1786 1914 1803 1911 1803 1906 1803 1720 1792 1717 1792 1715 1792 1670 1811 1665 1811 1626 1811 1429 1806 1426 1806 919 1830 886 1830 883 1830 811 1817 809 1817 545 1839 548 1878"/></Shape>
	    <String CONTENT=""
                    HPOS="545"
                    VPOS="1786"
                    WIDTH="2064"
                    HEIGHT="130"></String>
          </TextLine>
          <TextLine ID="eSc_line_5ed33da5"
                    TAGREFS="LT31"
                    BASELINE="543 1955 2623 1911" 
                    HPOS="540"
                    VPOS="1858"
                    WIDTH="2083"
                    HEIGHT="136">
            <Shape><Polygon POINTS="543 1955 545 1994 609 1977 659 1991 662 1991 664 1991 667 1991 670 1991 709 1975 781 1986 784 1986 869 1972 900 1983 905 1986 908 1986 911 1986 942 1983 1063 1966 1144 1977 1183 1980 1185 1980 1230 1975 1296 1963 1604 1963 2100 1963 2100 1961 2360 1939 2377 1939 2385 1939 2584 1950 2587 1950 2590 1950 2623 1930 2623 1911 2618 1872 2402 1858 2399 1858 2252 1875 2202 1880 2188 1875 2161 1864 2158 1864 2155 1864 2152 1864 2108 1878 2091 1880 2072 1878 2011 1866 2008 1866 2005 1866 1972 1878 1947 1886 1872 1880 1809 1875 1806 1875 1803 1875 1800 1875 1792 1880 1778 1891 1540 1894 1426 1886 1363 1880 1360 1880 1357 1880 1354 1880 1346 1886 1327 1897 1232 1889 1183 1883 1180 1883 1113 1889 917 1908 687 1894 667 1894 664 1894 662 1894 659 1894 628 1914 540 1897 543 1955"/></Shape>
	    <String CONTENT=""
                    HPOS="540"
                    VPOS="1858"
                    WIDTH="2083"
                    HEIGHT="136"></String>
          </TextLine>
          <TextLine ID="eSc_line_dee3c4f8"
                    TAGREFS="LT31"
                    BASELINE="543 2027 1512 2016 2626 1980" 
                    HPOS="540"
                    VPOS="1930"
                    WIDTH="2086"
                    HEIGHT="141">
            <Shape><Polygon POINTS="543 2027 543 2071 903 2047 1080 2058 1083 2058 1496 2035 1709 2044 1712 2044 1715 2044 1717 2044 1875 2024 1925 2038 1928 2038 1931 2038 1933 2038 1983 2019 2202 2016 2252 2030 2255 2030 2258 2033 2277 2033 2321 2033 2321 2030 2324 2030 2327 2030 2327 2027 2343 2013 2623 2022 2626 1980 2618 1930 2316 1952 2163 1944 2122 1941 2119 1941 2077 1947 1961 1961 1906 1952 1878 1947 1875 1947 1872 1947 1870 1947 1861 1952 1839 1963 1551 1963 1252 1961 1249 1961 1246 1961 1213 1972 1196 1977 1116 1975 900 1969 897 1969 894 1969 853 1983 845 1986 820 1986 670 1975 667 1975 664 1975 662 1975 640 1991 634 1991 573 1977 570 1977 567 1977 540 1988 543 2027"/></Shape>
	    <String CONTENT=""
                    HPOS="540"
                    VPOS="1930"
                    WIDTH="2086"
                    HEIGHT="141"></String>
          </TextLine>
          <TextLine ID="eSc_line_50be4848"
                    TAGREFS="LT31"
                    BASELINE="534 2105 1030 2085" 
                    HPOS="531"
                    VPOS="2033"
                    WIDTH="499"
                    HEIGHT="91">
            <Shape><Polygon POINTS="534 2105 534 2124 1030 2113 1030 2085 1025 2044 878 2033 875 2033 703 2058 692 2058 689 2058 670 2041 667 2041 664 2041 662 2041 659 2041 656 2041 656 2044 637 2060 634 2063 531 2063 534 2105"/></Shape>
	    <String CONTENT=""
                    HPOS="531"
                    VPOS="2033"
                    WIDTH="499"
                    HEIGHT="91"></String>
          </TextLine>
          <TextLine ID="eSc_line_bd4d4e1b"
                    TAGREFS="LT31"
                    BASELINE="551 2166 2601 2102" 
                    HPOS="548"
                    VPOS="2055"
                    WIDTH="2053"
                    HEIGHT="136">
            <Shape><Polygon POINTS="551 2166 551 2191 2601 2132 2601 2102 2593 2055 2186 2060 2119 2071 2061 2080 1997 2074 1942 2071 1939 2071 1936 2071 1911 2080 1884 2085 1850 2080 1800 2074 1798 2074 1795 2074 1767 2083 1753 2088 1748 2085 1737 2074 1734 2074 1731 2074 1728 2074 1726 2074 1698 2085 1684 2091 1670 2088 1629 2077 1626 2077 1623 2077 1620 2077 1582 2091 1579 2091 1565 2091 1440 2083 1437 2083 1365 2099 1346 2102 1282 2102 1036 2096 1033 2096 917 2116 903 2116 881 2116 640 2107 637 2107 548 2127 551 2166"/></Shape>
	    <String CONTENT=""
                    HPOS="548"
                    VPOS="2055"
                    WIDTH="2053"
                    HEIGHT="136"></String>
          </TextLine>
          <TextLine ID="eSc_line_31b991d3"
                    TAGREFS="LT31"
                    BASELINE="534 2232 2590 2179" 
                    HPOS="531"
                    VPOS="2127"
                    WIDTH="2059"
                    HEIGHT="127">
            <Shape><Polygon POINTS="534 2232 534 2254 2590 2204 2590 2179 2584 2127 2504 2127 2501 2127 2499 2127 2496 2127 2457 2146 2330 2132 2310 2132 2307 2132 2294 2135 2216 2152 2183 2138 2174 2135 2172 2135 2169 2135 2166 2135 2155 2138 2111 2157 1778 2163 1751 2152 1737 2146 1734 2146 1731 2146 1728 2146 1726 2146 1717 2152 1692 2168 1357 2174 1299 2166 1263 2160 1260 2160 1224 2168 1180 2177 1130 2171 1069 2163 1066 2163 955 2166 953 2166 950 2166 936 2177 922 2185 894 2177 856 2168 853 2168 850 2168 770 2182 712 2191 531 2191 534 2232"/></Shape>
	    <String CONTENT=""
                    HPOS="531"
                    VPOS="2127"
                    WIDTH="2059"
                    HEIGHT="127"></String>
          </TextLine>
          <TextLine ID="eSc_line_9fa008d5"
                    TAGREFS="LT31"
                    BASELINE="537 2301 2584 2260" 
                    HPOS="534"
                    VPOS="2207"
                    WIDTH="2050"
                    HEIGHT="130">
            <Shape><Polygon POINTS="537 2301 537 2324 667 2337 670 2337 789 2321 817 2318 845 2321 942 2329 944 2329 1019 2318 1033 2315 1041 2318 1074 2329 1077 2329 1080 2329 1199 2315 1244 2310 1313 2312 1487 2321 1490 2321 1493 2321 1529 2310 1537 2307 1593 2307 1751 2312 1753 2312 1756 2312 1770 2304 1784 2299 1811 2304 1856 2312 1859 2312 1922 2301 1953 2299 2019 2301 2155 2307 2158 2307 2161 2307 2163 2307 2174 2299 2186 2290 2582 2290 2584 2260 2579 2224 2446 2207 2443 2207 2440 2207 2404 2224 2219 2213 2216 2213 2213 2213 2174 2229 2169 2229 2141 2229 1939 2218 1936 2218 1933 2218 1892 2232 1884 2235 1870 2232 1798 2221 1795 2221 1792 2221 1764 2235 1756 2238 1695 2235 1509 2227 1507 2227 1504 2227 1471 2238 1457 2243 1437 2240 1385 2229 1382 2229 1277 2243 1213 2249 1116 2243 983 2238 980 2238 978 2238 958 2246 939 2254 534 2254 537 2301"/></Shape>
	    <String CONTENT=""
                    HPOS="534"
                    VPOS="2207"
                    WIDTH="2050"
                    HEIGHT="130"></String>
          </TextLine>
          <TextLine ID="eSc_line_e49acb11"
                    TAGREFS="LT31"
                    BASELINE="537 2379 2643 2326" 
                    HPOS="534"
                    VPOS="2279"
                    WIDTH="2109"
                    HEIGHT="133">
            <Shape><Polygon POINTS="537 2379 537 2407 853 2396 869 2398 925 2412 928 2412 930 2412 933 2412 980 2396 997 2387 1138 2387 1155 2390 1210 2404 1213 2404 1216 2404 1219 2404 1282 2387 1285 2387 1288 2387 1509 2398 1512 2398 1515 2398 1565 2379 1573 2376 1579 2379 1620 2393 1623 2393 1626 2393 1751 2390 1753 2390 1756 2390 1778 2373 2194 2382 2197 2382 2643 2346 2643 2326 2634 2279 2421 2293 2318 2288 2216 2282 2213 2282 2072 2296 1969 2304 1864 2301 1687 2296 1684 2296 1496 2312 1426 2318 1404 2315 1329 2304 1327 2304 1324 2304 1321 2304 1307 2318 1302 2321 1288 2318 1210 2307 1207 2307 900 2332 872 2332 867 2332 811 2318 809 2318 806 2318 803 2318 759 2335 750 2335 581 2326 579 2326 576 2326 534 2340 537 2379"/></Shape>
	    <String CONTENT=""
                    HPOS="534"
                    VPOS="2279"
                    WIDTH="2109"
                    HEIGHT="133"></String>
          </TextLine>
          <TextLine ID="eSc_line_2be034b2"
                    TAGREFS="LT31"
                    BASELINE="531 2454 2629 2407" 
                    HPOS="529"
                    VPOS="2368"
                    WIDTH="2100"
                    HEIGHT="116">
            <Shape><Polygon POINTS="531 2454 531 2484 2629 2434 2629 2407 2623 2368 2014 2368 2011 2368 2008 2368 2005 2368 1992 2382 1989 2382 1980 2382 1903 2371 1900 2371 1897 2371 1895 2371 1875 2384 1872 2384 1861 2384 1798 2373 1795 2373 1684 2387 1678 2387 1676 2387 1637 2376 1634 2376 1631 2376 1629 2376 1595 2390 1593 2390 1529 2390 1072 2390 1069 2390 919 2404 892 2407 872 2407 770 2396 767 2396 529 2412 531 2454"/></Shape>
	    <String CONTENT=""
                    HPOS="529"
                    VPOS="2368"
                    WIDTH="2100"
                    HEIGHT="116"></String>
          </TextLine>
          <TextLine ID="eSc_line_76e78432"
                    TAGREFS="LT31"
                    BASELINE="531 2515 2620 2473" 
                    HPOS="529"
                    VPOS="2426"
                    WIDTH="2091"
                    HEIGHT="116">
            <Shape><Polygon POINTS="531 2515 531 2534 936 2542 939 2542 942 2542 944 2542 969 2529 972 2529 1360 2534 1363 2534 2620 2495 2620 2473 2615 2440 2479 2426 2476 2426 2249 2443 2222 2432 2219 2432 2216 2432 2213 2432 2210 2432 2188 2445 2186 2445 1931 2437 1928 2437 1925 2437 1922 2437 1922 2440 1908 2451 1892 2451 1504 2445 1501 2445 1498 2445 1457 2459 1379 2448 1376 2448 529 2476 531 2515"/></Shape>
	    <String CONTENT=""
                    HPOS="529"
                    VPOS="2426"
                    WIDTH="2091"
                    HEIGHT="116"></String>
          </TextLine>
          <TextLine ID="eSc_line_3d9a601e"
                    TAGREFS="LT31"
                    BASELINE="537 2584 2607 2548" 
                    HPOS="534"
                    VPOS="2498"
                    WIDTH="2073"
                    HEIGHT="125">
            <Shape><Polygon POINTS="537 2584 537 2609 845 2623 847 2623 850 2623 889 2603 892 2603 905 2603 1011 2620 1014 2620 1216 2603 1271 2614 1274 2614 1354 2598 1368 2595 1390 2598 1476 2606 1479 2606 1618 2592 1634 2592 1637 2592 1665 2606 1667 2606 1670 2606 1845 2589 1884 2587 1911 2589 2050 2601 2053 2601 2136 2584 2158 2581 2177 2584 2260 2598 2263 2598 2266 2598 2313 2581 2327 2578 2338 2581 2391 2595 2393 2595 2396 2595 2399 2595 2435 2578 2446 2576 2604 2576 2607 2548 2598 2512 2338 2512 2302 2498 2299 2498 2296 2498 2186 2512 1983 2504 1980 2504 1978 2504 1975 2504 1956 2520 1953 2520 1939 2520 1809 2506 1806 2506 1731 2523 1723 2523 1715 2523 1651 2512 1648 2512 534 2537 537 2584"/></Shape>
	    <String CONTENT=""
                    HPOS="534"
                    VPOS="2498"
                    WIDTH="2073"
                    HEIGHT="125"></String>
          </TextLine>
          <TextLine ID="eSc_line_9fad01c2"
                    TAGREFS="LT31"
                    BASELINE="529 2664 2568 2631" 
                    HPOS="526"
                    VPOS="2587"
                    WIDTH="2042"
                    HEIGHT="113">
            <Shape><Polygon POINTS="529 2664 529 2684 609 2700 612 2700 615 2700 651 2684 653 2684 656 2684 717 2697 720 2697 833 2684 861 2697 864 2697 867 2697 1005 2681 1052 2673 1277 2673 1307 2678 1374 2689 1376 2689 1379 2689 1404 2675 1418 2670 1465 2675 1543 2686 1545 2686 1640 2675 1720 2664 1795 2664 1809 2673 1820 2681 1823 2681 1825 2681 1828 2681 1875 2673 1914 2664 1947 2673 1980 2678 1983 2678 1986 2678 2003 2670 2025 2661 2089 2670 2130 2675 2133 2675 2183 2670 2282 2656 2562 2664 2568 2631 2560 2587 526 2620 529 2664"/></Shape>
	    <String CONTENT=""
                    HPOS="526"
                    VPOS="2587"
                    WIDTH="2042"
                    HEIGHT="113"></String>
          </TextLine>
          <TextLine ID="eSc_line_96be0ec9"
                    TAGREFS="LT31"
                    BASELINE="531 2731 2582 2697" 
                    HPOS="529"
                    VPOS="2648"
                    WIDTH="2053"
                    HEIGHT="110">
            <Shape><Polygon POINTS="531 2731 531 2758 2579 2728 2582 2697 2576 2664 2499 2648 2496 2648 2266 2664 2235 2667 2222 2667 2138 2653 2136 2653 2133 2653 2077 2667 2061 2670 1986 2667 1753 2659 1751 2659 1748 2659 1745 2659 1728 2670 1720 2675 1670 2670 1590 2661 1587 2661 1584 2661 1565 2673 1548 2681 529 2681 531 2731"/></Shape>
	    <String CONTENT=""
                    HPOS="529"
                    VPOS="2648"
                    WIDTH="2053"
                    HEIGHT="110"></String>
          </TextLine>
          <TextLine ID="eSc_line_3483e92f"
                    TAGREFS="LT31"
                    BASELINE="529 2800 2471 2770 2604 2756" 
                    HPOS="526"
                    VPOS="2714"
                    WIDTH="2078"
                    HEIGHT="108">
            <Shape><Polygon POINTS="529 2800 529 2822 2601 2792 2604 2756 2598 2714 2429 2714 2427 2714 2424 2714 2421 2714 2421 2717 2396 2731 2266 2720 2263 2720 2260 2720 2258 2720 2235 2733 2100 2720 2077 2720 2075 2720 2072 2720 2069 2720 2069 2722 2047 2736 1933 2722 1914 2722 1911 2722 1897 2725 1817 2739 1795 2725 1792 2725 1789 2725 1787 2725 1764 2725 1554 2745 1515 2731 1512 2731 1509 2731 1501 2731 1338 2747 1282 2733 1280 2733 1277 2733 1274 2733 1252 2733 1038 2753 911 2739 894 2739 892 2739 889 2739 886 2739 861 2756 772 2745 770 2745 698 2758 681 2745 678 2745 676 2745 673 2745 526 2745 529 2800"/></Shape>
	    <String CONTENT=""
                    HPOS="526"
                    VPOS="2714"
                    WIDTH="2078"
                    HEIGHT="108"></String>
          </TextLine>
          <TextLine ID="eSc_line_ee980a76"
                    TAGREFS="LT31"
                    BASELINE="526 2886 2074 2845 2074 2845 2576 2844" 
                    HPOS="523"
                    VPOS="2786"
                    WIDTH="2053"
                    HEIGHT="133">
            <Shape><Polygon POINTS="526 2902 562 2919 565 2919 567 2919 570 2919 573 2919 598 2902 601 2902 678 2919 681 2919 684 2919 723 2900 728 2900 748 2900 872 2914 875 2914 878 2914 911 2900 917 2897 950 2900 1041 2905 1044 2905 1047 2905 1072 2897 1094 2891 1224 2897 1476 2905 1479 2905 1534 2891 1565 2886 1579 2891 1604 2902 1606 2902 1609 2902 1684 2891 1770 2878 1878 2889 1886 2889 1889 2889 1897 2889 2033 2872 2199 2886 2216 2886 2219 2886 2235 2886 2352 2872 2388 2883 2396 2886 2399 2886 2402 2886 2404 2886 2413 2883 2457 2864 2490 2883 2493 2883 2496 2883 2499 2883 2576 2880 2576 2844 2571 2789 2463 2786 2460 2786 2457 2786 2454 2786 2451 2789 2429 2806 2391 2792 2385 2789 2382 2789 2379 2789 2224 2792 2222 2792 2219 2792 2219 2794 2199 2811 2094 2811 2036 2797 2025 2794 2022 2794 2019 2794 2017 2794 2008 2797 1972 2814 1892 2800 1886 2800 1884 2800 1881 2800 1878 2800 1853 2817 1742 2803 1737 2803 1734 2803 1731 2803 1695 2819 1523 2806 1504 2806 1501 2806 1498 2806 1496 2806 1468 2825 1396 2808 1390 2808 1388 2808 1385 2808 1382 2808 1335 2828 1016 2817 1014 2817 1011 2817 1008 2817 989 2833 753 2828 750 2828 651 2842 523 2825 526 2886"/></Shape>
	    <String CONTENT=""
                    HPOS="523"
                    VPOS="2786"
                    WIDTH="2053"
                    HEIGHT="133"></String>
          </TextLine>
          <TextLine ID="eSc_line_d4768ffd"
                    TAGREFS="LT31"
                    BASELINE="518 2955 2579 2916" 
                    HPOS="515"
                    VPOS="2866"
                    WIDTH="2064"
                    HEIGHT="120">
            <Shape><Polygon POINTS="518 2955 518 2974 809 2986 811 2986 969 2966 1989 2963 2579 2936 2579 2916 2571 2866 2490 2880 2415 2869 2391 2866 2388 2866 2385 2866 2382 2866 2377 2869 2355 2883 2288 2872 2263 2869 2260 2869 2222 2875 2130 2889 2077 2878 2044 2872 2041 2872 2039 2872 2036 2872 2025 2880 2008 2889 1964 2880 1925 2875 1922 2875 1920 2875 1917 2875 1908 2883 1895 2891 1847 2883 1803 2878 1800 2878 1798 2878 1795 2878 1787 2886 1778 2894 1762 2886 1742 2878 1739 2878 1737 2878 1648 2889 1587 2897 1576 2891 1565 2880 1562 2880 1559 2880 1557 2880 1396 2883 1296 2897 1244 2905 1210 2900 1149 2889 1147 2889 1144 2889 1141 2889 1127 2902 1122 2908 955 2911 919 2908 814 2894 811 2894 809 2894 806 2894 806 2897 789 2911 784 2916 695 2916 692 2914 670 2897 667 2897 664 2897 662 2897 515 2916 518 2955"/></Shape>
	    <String CONTENT=""
                    HPOS="515"
                    VPOS="2866"
                    WIDTH="2064"
                    HEIGHT="120"></String>
          </TextLine>
          <TextLine ID="eSc_line_e48a6216"
                    TAGREFS="LT33"
                    BASELINE="1395 2905 1489 2900" 
                    HPOS="1395"
                    VPOS="2900"
                    WIDTH="94"
                    HEIGHT="5">
	    <String CONTENT=""
                    HPOS="1395"
                    VPOS="2900"
                    WIDTH="94"
                    HEIGHT="5"></String>
          </TextLine>
          <TextLine ID="eSc_line_96beafce"
                    TAGREFS="LT31"
                    BASELINE="523 3019 2604 2983" 
                    HPOS="520"
                    VPOS="2950"
                    WIDTH="2084"
                    HEIGHT="91">
            <Shape><Polygon POINTS="523 3019 523 3041 1956 3033 2086 3027 2515 3008 2598 3022 2604 2983 2598 2950 1667 2950 1665 2950 1662 2950 1659 2950 1637 2963 1482 2952 1479 2952 1476 2952 1429 2966 1166 2958 1163 2958 1160 2958 1158 2958 1141 2972 1005 2961 1002 2961 1000 2961 942 2974 842 2963 839 2963 520 2983 523 3019"/></Shape>
	    <String CONTENT=""
                    HPOS="520"
                    VPOS="2950"
                    WIDTH="2084"
                    HEIGHT="91"></String>
          </TextLine>
          <TextLine ID="eSc_line_b23dad02"
                    TAGREFS="LT31"
                    BASELINE="523 3088 1925 3071 2615 3044" 
                    HPOS="520"
                    VPOS="3008"
                    WIDTH="2095"
                    HEIGHT="113">
            <Shape><Polygon POINTS="523 3088 523 3110 822 3121 825 3121 1316 3110 1318 3110 1340 3102 1357 3096 1393 3102 1457 3110 1460 3110 1908 3096 2435 3077 2609 3085 2615 3044 2607 3008 520 3049 523 3088"/></Shape>
	    <String CONTENT=""
                    HPOS="520"
                    VPOS="3008"
                    WIDTH="2095"
                    HEIGHT="113"></String>
          </TextLine>
          <TextLine ID="eSc_line_a25625a6"
                    TAGREFS="LT31"
                    BASELINE="531 3163 2032 3127 2033 3127 2596 3105" 
                    HPOS="529"
                    VPOS="3055"
                    WIDTH="2067"
                    HEIGHT="149">
            <Shape><Polygon POINTS="1842 3074 1803 3088 1792 3091 1712 3091 1462 3085 1460 3085 1457 3085 1435 3096 1429 3099 1415 3096 1363 3088 1360 3088 1221 3102 1180 3105 1169 3102 1135 3094 1133 3094 1130 3094 1127 3094 1124 3094 1113 3105 1105 3113 964 3113 953 3107 936 3099 933 3099 930 3099 928 3099 905 3107 889 3119 529 3119 531 3163 531 3204 725 3179 806 3193 809 3193 811 3193 856 3177 991 3185 994 3185 1174 3168 1199 3179 1213 3185 1216 3185 1219 3185 1221 3185 1238 3179 1263 3168 1288 3177 1307 3182 1310 3182 1313 3182 1316 3182 1329 3174 1354 3163 1526 3166 1706 3171 1709 3171 1814 3155 1847 3152 1903 3152 2113 3157 2116 3157 2194 3141 2210 3138 2213 3141 2235 3155 2238 3155 2241 3155 2244 3155 2338 3141 2493 3149 2496 3149 2596 3124 2596 3105 2590 3071 2496 3055 2493 3055 2396 3058 2393 3058 2391 3058 2363 3074 2363 3077 2252 3077 2249 3077 2227 3063 2224 3063 2222 3063 2219 3063 2216 3063 2213 3063 2191 3080 2172 3066 2169 3066 2166 3066 2163 3066 2161 3066 2105 3083 2097 3083 2061 3083 1847 3074 1845 3074"/></Shape>
	    <String CONTENT=""
                    HPOS="529"
                    VPOS="3055"
                    WIDTH="2067"
                    HEIGHT="149"></String>
          </TextLine>
          <TextLine ID="eSc_line_0f83693b"
                    TAGREFS="LT31"
                    BASELINE="523 3235 1701 3210 2089 3191 2584 3185" 
                    HPOS="520"
                    VPOS="3141"
                    WIDTH="2064"
                    HEIGHT="133">
            <Shape><Polygon POINTS="523 3235 529 3274 559 3254 692 3268 717 3271 720 3271 739 3268 825 3249 853 3265 861 3268 864 3268 867 3268 928 3263 1149 3240 1393 3251 1496 3254 1498 3254 1501 3254 1504 3254 1512 3249 1543 3232 1825 3240 1992 3243 1994 3243 1997 3243 2000 3243 2011 3235 2025 3224 2141 3218 2163 3229 2177 3238 2180 3238 2183 3238 2266 3227 2393 3213 2582 3218 2584 3185 2576 3141 2075 3146 2039 3155 2008 3160 1980 3155 1939 3149 1936 3149 1933 3149 1931 3149 1922 3157 1914 3163 1875 3157 1814 3152 1811 3152 1809 3152 1806 3152 1792 3160 1784 3166 1759 3163 1717 3155 1715 3155 1670 3163 1637 3171 1615 3166 1587 3157 1584 3157 1582 3157 1579 3157 1576 3157 1562 3166 1554 3174 1249 3179 1227 3177 1180 3166 1177 3166 1174 3166 1144 3179 1133 3182 1108 3179 1036 3168 1033 3168 1030 3168 1027 3168 1005 3182 997 3188 889 3188 822 3188 576 3179 573 3179 570 3179 520 3193 523 3235"/></Shape>
	    <String CONTENT=""
                    HPOS="520"
                    VPOS="3141"
                    WIDTH="2064"
                    HEIGHT="133"></String>
          </TextLine>
        </TextBlock>
      </PrintSpace>
    </Page>
  </Layout>
</alto>
