<?xml version="1.0" encoding="UTF-8"?>
<alto xmlns:xsi="http://www.w3.org/2001/XMLSchema-instance"
      xmlns="http://www.loc.gov/standards/alto/ns-v4#"
      xsi:schemaLocation="http://www.loc.gov/standards/alto/ns-v4# http://www.loc.gov/standards/alto/v4/alto-4-2.xsd">
  <Description>
    <MeasurementUnit>pixel</MeasurementUnit>
    <sourceImageInformation>
      <fileName>ARCH-DIV-000496_0192.png</fileName>
    </sourceImageInformation>
  </Description>
  <Tags>
    <OtherTag ID="BT42" LABEL="MainZone" DESCRIPTION="block type MainZone"/><OtherTag ID="BT43" LABEL="MarginTextZone" DESCRIPTION="block type MarginTextZone"/><OtherTag ID="BT44" LABEL="NumberingZone" DESCRIPTION="block type NumberingZone"/><OtherTag ID="BT45" LABEL="TitlePageZone" DESCRIPTION="block type TitlePageZone"/><OtherTag ID="BT46" LABEL="CustomZone:Numbering" DESCRIPTION="block type CustomZone:Numbering"/><OtherTag ID="BT49" LABEL="MarginTextZone:lower" DESCRIPTION="block type MarginTextZone:lower"/>
    <OtherTag ID="LT25" LABEL="default" DESCRIPTION="line type default"/><OtherTag ID="LT31" LABEL="DefaultLine" DESCRIPTION="line type DefaultLine"/><OtherTag ID="LT32" LABEL="HeadingLine" DESCRIPTION="line type HeadingLine"/><OtherTag ID="LT33" LABEL="InterlinearLine:addition" DESCRIPTION="line type InterlinearLine:addition"/><OtherTag ID="LT34" LABEL="InterlinearLine:correction" DESCRIPTION="line type InterlinearLine:correction"/>
  </Tags>
  <Layout>
    <Page WIDTH="2790"
          HEIGHT="3331"
          PHYSICAL_IMG_NR="191"
          ID="eSc_dummypage_">
      <PrintSpace HPOS="0"
                  VPOS="0"
                  WIDTH="2790"
                  HEIGHT="3331">
        <TextBlock HPOS="211"
                   VPOS="64"
                   WIDTH="294"
                   HEIGHT="150"
                   ID="eSc_textblock_a5a17ed3"
                   TAGREFS="BT44">
          <Shape><Polygon POINTS="211 64 211 214 505 214 505 64"/></Shape>
          <TextLine ID="eSc_line_f5990825"
                    TAGREFS="LT31"
                    BASELINE="260 114 432 111" 
                    HPOS="283"
                    VPOS="61"
                    WIDTH="141"
                    HEIGHT="127">
            <Shape><Polygon POINTS="363 72 360 69 360 72 358 69 335 69 308 66 283 88 285 119 285 155 319 155 333 163 360 188 363 188 366 188 369 188 424 183 421 111 413 61 399 61 394 99"/></Shape>
	    <String CONTENT="180)"
                    HPOS="283"
                    VPOS="61"
                    WIDTH="141"
                    HEIGHT="127"
                    WC="0.999856248497963"></String>
          </TextLine>
        </TextBlock>
        <TextBlock HPOS="528"
                   VPOS="0"
                   WIDTH="2262"
                   HEIGHT="3328"
                   ID="eSc_textblock_016c95e9"
                   TAGREFS="BT42">
          <Shape><Polygon POINTS="616 30 617 1772 528 3328 2661 3308 2790 0"/></Shape>
          <TextLine ID="eSc_line_f9546a18"
                    TAGREFS="LT31"
                    BASELINE="671 94 1529 88 2737 113" 
                    HPOS="671"
                    VPOS="47"
                    WIDTH="2066"
                    HEIGHT="94">
            <Shape><Polygon POINTS="2695 74 2667 74 2640 74 2612 74 2584 74 2556 72 2529 72 2501 72 2473 72 2445 72 2418 72 2390 69 2362 69 2334 69 2306 69 2279 69 2251 69 2223 66 2195 66 2168 66 2140 66 2112 66 2084 66 2057 63 2029 63 2001 63 1973 63 1946 63 1918 63 1890 63 1862 61 1835 61 1807 61 1779 61 1751 61 1723 61 1696 58 1668 58 1640 58 1612 58 1585 58 1557 58 1529 55 1501 55 1474 55 1446 55 1418 55 1390 55 1363 52 1360 52 1357 52 1335 52 1307 52 1279 52 1252 52 1224 52 1196 49 1168 49 1140 49 1113 49 1085 49 1077 49 1066 49 1063 49 1057 49 1029 49 1002 47 982 47 974 47 946 47 918 47 891 47 863 47 682 47 671 49 671 94 671 119 1041 111 1096 124 1099 124 1102 124 1127 124 1537 116 1610 130 1615 130 1618 130 1626 130 1773 119 1810 133 1812 133 1815 133 1818 133 1860 133 2243 124 2731 141 2737 113 2734 74 2723 74"/></Shape>
	    <String CONTENT="mique abandonnant la sociité à tous les abus de la concerren"
                    HPOS="671"
                    VPOS="47"
                    WIDTH="2066"
                    HEIGHT="94"
                    WC="0.9911997044672731"></String>
          </TextLine>
          <TextLine ID="eSc_line_70039b54"
                    TAGREFS="LT31"
                    BASELINE="666 158 2687 174" 
                    HPOS="663"
                    VPOS="105"
                    WIDTH="2024"
                    HEIGHT="105">
            <Shape><Polygon POINTS="666 158 663 180 696 194 699 194 702 194 705 194 707 194 721 180 727 177 744 180 777 191 780 191 782 191 846 183 882 177 913 183 977 197 979 197 982 197 1024 183 1041 180 1196 180 1204 185 1221 199 1224 199 1227 199 1229 199 1232 199 1235 199 1254 185 1265 180 1288 185 1326 197 1329 197 1332 197 1549 188 1637 185 1665 188 1757 205 1760 205 1965 191 2032 188 2057 194 2126 208 2129 208 2265 197 2348 210 2351 210 2684 197 2687 174 2687 136 2648 119 2645 119 2642 119 2381 133 2351 133 2334 133 2207 116 2204 116 2040 130 2023 130 2021 130 2004 113 2001 113 1998 113 1996 113 1993 113 1990 113 1971 127 1865 113 1862 113 1860 113 1857 113 1840 127 1837 130 1701 130 1690 127 1601 111 1599 111 1529 124 1526 124 1521 124 1374 111 1371 111 1218 122 1213 122 1190 108 1188 108 1185 108 1182 108 1179 108 1135 122 1121 108 1118 108 1116 108 963 105 960 105 666 116 666 158"/></Shape>
	    <String CONTENT="ce et de l&#x27;apétit des richerses. &lt;..... ........ ..... ....&gt; ne"
                    HPOS="663"
                    VPOS="105"
                    WIDTH="2024"
                    HEIGHT="105"
                    WC="0.9539596816850087"></String>
          </TextLine>
          <TextLine ID="eSc_line_50ce8b44"
                    TAGREFS="LT31"
                    BASELINE="669 224 2728 233" 
                    HPOS="669"
                    VPOS="188"
                    WIDTH="2059"
                    HEIGHT="86">
            <Shape><Polygon POINTS="669 224 669 260 1351 249 1587 260 1810 269 1812 269 1871 258 1909 252 1954 258 2043 272 2046 274 2590 274 2590 272 2726 255 2728 233 2726 194 669 188 669 224"/></Shape>
	    <String CONTENT="voyait. on pas d&#x27;ailleurs les catholiques &lt;......&gt; partout ..p...&gt;"
                    HPOS="669"
                    VPOS="188"
                    WIDTH="2059"
                    HEIGHT="86"
                    WC="0.9549705485502878"></String>
          </TextLine>
          <TextLine ID="eSc_line_67c57d3f"
                    TAGREFS="LT34"
                    BASELINE="1885 198 2217 203" 
                    HPOS="1885"
                    VPOS="198"
                    WIDTH="332"
                    HEIGHT="5">
	    <String CONTENT=""
                    HPOS="1885"
                    VPOS="198"
                    WIDTH="332"
                    HEIGHT="5"></String>
          </TextLine>
          <TextLine ID="eSc_line_d456a577"
                    TAGREFS="LT31"
                    BASELINE="671 291 2431 299 2723 316" 
                    HPOS="669"
                    VPOS="235"
                    WIDTH="2054"
                    HEIGHT="103">
            <Shape><Polygon POINTS="671 291 669 319 1124 330 1127 330 1129 330 1152 324 1188 316 1227 324 1246 330 1249 330 1252 330 1288 327 1365 316 1488 327 1543 333 1546 333 1596 330 1712 319 1751 330 1760 333 1762 333 1765 333 1768 333 1771 333 1773 330 1793 319 1918 333 1959 335 1962 335 2079 333 2448 324 2473 338 2476 338 2479 338 2481 338 2492 338 2556 324 2717 338 2723 316 2720 263 2562 247 2559 247 2490 260 2484 260 2456 247 2454 247 2451 247 2381 260 2370 260 2065 260 2062 258 2046 244 2043 244 2040 244 2037 244 1934 258 1915 258 1873 255 1626 241 1624 241 1621 241 1590 255 1587 255 1543 255 1204 238 1202 238 1199 238 1157 252 1152 252 1127 252 971 238 968 238 805 249 785 249 782 249 763 235 760 235 757 235 755 235 671 247 671 291"/></Shape>
	    <String CONTENT="&lt;...... ....... .... .... ..&gt; eements? les France"
                    HPOS="669"
                    VPOS="235"
                    WIDTH="2054"
                    HEIGHT="103"
                    WC="0.8961150190051721"></String>
          </TextLine>
          <TextLine ID="eSc_line_a8d49c0e"
                    TAGREFS="LT34"
                    BASELINE="1941 266 2029 258" 
                    HPOS="1941"
                    VPOS="258"
                    WIDTH="88"
                    HEIGHT="8">
	    <String CONTENT=""
                    HPOS="1941"
                    VPOS="258"
                    WIDTH="88"
                    HEIGHT="8"></String>
          </TextLine>
          <TextLine ID="eSc_line_b082bb30"
                    TAGREFS="LT31"
                    BASELINE="682 355 2651 369" 
                    HPOS="680"
                    VPOS="308"
                    WIDTH="1971"
                    HEIGHT="94">
            <Shape><Polygon POINTS="682 355 680 371 724 388 727 388 730 388 1002 377 1041 377 1093 380 1351 394 1354 394 1415 383 1446 380 2645 402 2651 369 2648 330 2256 310 2254 310 2004 321 1912 324 1898 319 1865 308 1862 308 1860 308 1743 319 1701 321 1662 319 1590 308 1587 308 1585 308 1565 316 1557 321 1551 316 1540 308 1537 308 1535 308 682 308 682 355"/></Shape>
	    <String CONTENT="&lt;........... .. ... ..... ......&gt; intréquaient,ils pas"
                    HPOS="680"
                    VPOS="308"
                    WIDTH="1971"
                    HEIGHT="94"
                    WC="0.8673069565384476"></String>
          </TextLine>
          <TextLine ID="eSc_line_16557410"
                    TAGREFS="LT31"
                    BASELINE="666 419 1901 419 2726 435" 
                    HPOS="663"
                    VPOS="369"
                    WIDTH="2063"
                    HEIGHT="94">
            <Shape><Polygon POINTS="666 419 663 435 2720 463 2726 435 2723 391 666 369 666 419"/></Shape>
	    <String CONTENT="&lt;..&gt; lor contre la République ? Ne soutinaient-dle pas en Allemagne"
                    HPOS="663"
                    VPOS="369"
                    WIDTH="2063"
                    HEIGHT="94"
                    WC="0.9655464505081746"></String>
          </TextLine>
          <TextLine ID="eSc_line_e4e43ce1"
                    TAGREFS="LT31"
                    BASELINE="663 480 2703 494" 
                    HPOS="660"
                    VPOS="427"
                    WIDTH="2043"
                    HEIGHT="97">
            <Shape><Polygon POINTS="663 480 660 502 677 513 680 513 682 513 685 513 1027 502 1038 502 1041 502 1113 516 1116 516 1607 510 1821 507 2698 524 2703 494 2701 455 2348 438 2345 438 2343 438 2304 452 2298 452 2295 452 2273 435 2270 435 2268 435 2265 435 2029 449 2001 449 1993 449 1943 435 1940 435 1937 435 1934 435 1907 449 1904 449 1887 433 1884 433 1882 433 1662 433 1660 433 1657 433 1654 433 1637 446 1635 446 1596 433 1593 433 1590 433 1385 444 1379 444 1376 444 1357 430 1354 430 1351 430 1349 430 1268 444 1260 446 1074 446 1066 441 1010 427 1007 427 1004 427 1002 427 999 427 982 441 932 427 930 427 927 427 924 427 921 427 899 441 852 427 849 427 846 427 663 438 663 480"/></Shape>
	    <String CONTENT="la désobéissance du clergé à l&#x27;Etât ? En Italie surtout leur préten"
                    HPOS="660"
                    VPOS="427"
                    WIDTH="2043"
                    HEIGHT="97"
                    WC="0.9893430173397064"></String>
          </TextLine>
          <TextLine ID="eSc_line_5cb736ec"
                    TAGREFS="LT31"
                    BASELINE="669 549 2712 549" 
                    HPOS="669"
                    VPOS="513"
                    WIDTH="2043"
                    HEIGHT="69">
            <Shape><Polygon POINTS="669 549 669 571 2709 582 2712 549 2712 513 669 513 669 549"/></Shape>
	    <String CONTENT="tion de raendi ques pour le pape la souveraineté de Rome n&#x27;etait-elle pas"
                    HPOS="669"
                    VPOS="513"
                    WIDTH="2043"
                    HEIGHT="69"
                    WC="0.9946815567473842"></String>
          </TextLine>
          <TextLine ID="eSc_line_57d5729f"
                    TAGREFS="LT31"
                    BASELINE="655 616 2728 617" 
                    HPOS="652"
                    VPOS="555"
                    WIDTH="2013"
                    HEIGHT="86">
            <Shape><Polygon POINTS="655 641 2662 638 2665 607 2659 574 2515 571 2495 555 2492 555 2490 555 2487 555 2484 555 2440 571 1951 557 1948 557 1946 557 1943 557 1915 577 1823 577 1801 557 1798 557 1796 557 1793 557 1790 557 1787 557 1765 574 1596 574 1568 557 1565 557 1562 557 1560 557 1557 557 1554 557 1529 574 1485 563 1482 563 1479 563 1299 577 832 560 830 560 827 560 824 560 799 577 702 566 699 566 696 566 652 580 655 616"/></Shape>
	    <String CONTENT="une pt inveppoatable pour la maison de Savoye, ne inpare¬"
                    HPOS="652"
                    VPOS="555"
                    WIDTH="2013"
                    HEIGHT="86"
                    WC="0.989064399610486"></String>
          </TextLine>
          <TextLine ID="eSc_line_3e60e672"
                    TAGREFS="LT34"
                    BASELINE="829 582 1077 583" 
                    HPOS="829"
                    VPOS="582"
                    WIDTH="248"
                    HEIGHT="1">
	    <String CONTENT=""
                    HPOS="829"
                    VPOS="582"
                    WIDTH="248"
                    HEIGHT="1"></String>
          </TextLine>
          <TextLine ID="eSc_line_da9192ee"
                    TAGREFS="LT31"
                    BASELINE="666 691 2715 663" 
                    HPOS="663"
                    VPOS="619"
                    WIDTH="2054"
                    HEIGHT="111">
            <Shape><Polygon POINTS="671 730 691 713 780 727 791 727 793 727 796 727 799 727 827 710 1229 718 1293 718 1296 718 1299 718 1302 718 1302 716 1326 702 1418 716 1432 716 1435 716 1438 716 1440 716 1463 699 1715 710 1751 710 1754 710 1757 710 1760 710 1782 693 1837 707 1840 707 1843 707 1862 707 2084 691 2715 691 2717 655 2709 619 663 652 666 691"/></Shape>
	    <String CONTENT="peuple italien et un &lt;difi ..... ... &gt; dangeux dets"
                    HPOS="663"
                    VPOS="619"
                    WIDTH="2054"
                    HEIGHT="111"
                    WC="0.9459855749326593"></String>
          </TextLine>
          <TextLine ID="eSc_line_97a65eaa"
                    TAGREFS="LT31"
                    BASELINE="660 749 2084 721 2695 724" 
                    HPOS="657"
                    VPOS="671"
                    WIDTH="2038"
                    HEIGHT="103">
            <Shape><Polygon POINTS="660 749 660 774 1707 768 1710 768 1754 755 1771 752 1798 755 1871 766 1873 766 2009 752 2068 746 2170 749 2393 755 2395 755 2398 755 2434 743 2448 741 2479 743 2592 755 2595 755 2692 738 2695 724 2692 677 2265 671 2262 671 2259 671 2232 685 2229 685 2220 685 2170 674 2168 674 1918 691 1884 691 1865 691 1715 680 1712 680 1710 680 1707 680 1707 682 1693 693 1687 693 1537 682 1535 682 1532 682 1507 696 1493 685 1490 685 1488 685 1485 685 805 707 685 696 682 696 680 696 677 696 657 705 660 749"/></Shape>
	    <String CONTENT="lancé à une puissance amie ? Une religiose qui autorisait de tels excis"
                    HPOS="657"
                    VPOS="671"
                    WIDTH="2038"
                    HEIGHT="103"
                    WC="0.998399033314652"></String>
          </TextLine>
          <TextLine ID="eSc_line_879210ef"
                    TAGREFS="LT31"
                    BASELINE="649 816 1171 799 2674 783 2746 801" 
                    HPOS="646"
                    VPOS="732"
                    WIDTH="2085"
                    HEIGHT="117">
            <Shape><Polygon POINTS="649 849 796 832 1013 843 1016 843 1018 843 1082 824 1390 838 1393 838 1396 838 1399 838 1424 818 1560 818 1640 835 1643 835 1646 838 1721 838 1721 835 1723 835 1726 835 1748 818 1876 832 1887 832 1890 832 1893 832 1896 832 1948 813 2726 818 2731 782 2726 749 2612 732 2609 732 2606 732 2604 732 2581 749 2565 735 2562 735 2559 735 2556 735 2373 752 2359 752 2351 752 2159 738 2157 738 2057 755 2054 755 1823 743 1821 743 1704 760 1693 760 1660 760 1313 752 1310 752 1307 752 1277 766 1274 766 1257 766 1107 752 1104 752 1102 752 1052 768 1046 768 1041 768 977 755 974 755 971 755 968 755 946 768 943 771 646 771 649 816"/></Shape>
	    <String CONTENT="ne pouvait paraître aux non-Croyants qu&#x27;un obstacle au pragiés, qu&#x27;en"
                    HPOS="646"
                    VPOS="732"
                    WIDTH="2085"
                    HEIGHT="117"
                    WC="0.9969992965891741"></String>
          </TextLine>
          <TextLine ID="eSc_line_bf5883b1"
                    TAGREFS="LT31"
                    BASELINE="652 879 1524 854 2690 838" 
                    HPOS="649"
                    VPOS="785"
                    WIDTH="2041"
                    HEIGHT="128">
            <Shape><Polygon POINTS="2651 785 2648 785 2645 785 2642 785 2612 802 2612 804 2359 807 2356 807 2304 793 2301 793 2298 793 2193 807 1946 799 1943 799 1940 799 1937 799 1915 816 1815 802 1812 802 1810 802 1773 818 1507 807 1504 807 1351 827 1235 813 1232 813 1229 813 1227 813 1202 829 1054 818 1052 818 1049 818 1046 818 1024 832 921 821 918 821 916 821 913 821 899 835 877 824 874 824 871 824 649 841 652 879 652 899 741 913 744 913 746 913 796 899 816 891 1021 891 1038 896 1071 907 1074 907 1077 907 1165 893 1229 882 1463 882 1479 891 1499 899 1501 899 1504 899 1507 899 1510 899 1524 891 1540 879 1646 888 1718 893 1721 893 1723 893 1737 888 1760 877 1932 885 1965 885 1968 885 1971 885 1973 885 1987 871 2009 882 2021 888 2023 888 2026 888 2062 882 2123 874 2170 882 2195 885 2198 885 2201 885 2204 885 2209 882 2232 868 2295 879 2315 882 2318 882 2320 882 2329 879 2368 866 2684 874 2690 838 2687 802 2653 785 2651 785"/></Shape>
	    <String CONTENT="superstition orqueillense et rétrograde. S&#x27;olstiner à la ménager plus"
                    HPOS="649"
                    VPOS="785"
                    WIDTH="2041"
                    HEIGHT="128"
                    WC="0.9945830064160484"></String>
          </TextLine>
          <TextLine ID="eSc_line_9983049c"
                    TAGREFS="LT31"
                    BASELINE="652 946 1871 913 2703 907" 
                    HPOS="649"
                    VPOS="849"
                    WIDTH="2054"
                    HEIGHT="130">
            <Shape><Polygon POINTS="652 946 655 979 699 965 1282 965 1313 965 1315 965 1321 965 1454 946 2703 935 2703 907 2701 866 2640 849 2637 849 2634 849 2631 849 2592 866 2590 868 2384 871 2368 868 2318 857 2315 857 2312 857 2268 871 2248 874 2193 871 2043 860 2040 860 2037 860 2001 874 1982 879 1962 874 1926 863 1923 863 1921 863 1787 877 1685 885 1640 877 1587 868 1585 868 1476 874 1474 874 1471 874 1465 879 1449 891 1382 879 1335 874 1332 874 1329 874 1310 882 1277 893 1154 882 1129 882 1127 882 1124 882 1118 882 1079 896 1060 885 1057 882 1054 882 1052 882 1049 882 1021 885 896 902 843 888 835 885 832 885 830 885 827 885 821 888 777 904 649 891 652 946"/></Shape>
	    <String CONTENT="longdemps était une dupérie. Le inoement était veiu de la combattre"
                    HPOS="649"
                    VPOS="849"
                    WIDTH="2054"
                    HEIGHT="130"
                    WC="0.9853705194459033"></String>
          </TextLine>
          <TextLine ID="eSc_line_92bdb5df"
                    TAGREFS="LT31"
                    BASELINE="646 1013 2665 968" 
                    HPOS="644"
                    VPOS="916"
                    WIDTH="2021"
                    HEIGHT="119">
            <Shape><Polygon POINTS="646 1013 646 1035 2665 996 2665 968 2656 918 2437 932 2418 924 2401 916 2398 916 2395 916 2393 916 2354 924 2323 932 2301 927 2276 918 2273 918 2270 918 2209 929 2143 941 2112 932 2087 924 2084 924 2082 924 1940 927 1937 927 1915 938 1890 949 1757 949 1721 941 1679 932 1676 932 1499 946 1376 957 1338 952 1268 941 1265 941 1263 941 1260 941 1246 954 1240 957 1177 954 1043 952 1041 952 1038 952 1021 960 1007 965 985 960 938 949 935 949 932 949 930 949 896 963 882 968 852 965 766 952 763 952 760 952 730 968 721 971 644 971 646 1013"/></Shape>
	    <String CONTENT="en face et &lt;. ......... ... .. ....&gt; d&#x27;affranchir l&#x27;esprit hu¬"
                    HPOS="644"
                    VPOS="916"
                    WIDTH="2021"
                    HEIGHT="119"
                    WC="0.9420698506216849"></String>
          </TextLine>
          <TextLine ID="eSc_line_244e0db4"
                    TAGREFS="LT31"
                    BASELINE="644 1079 2026 1035 2676 1024" 
                    HPOS="641"
                    VPOS="985"
                    WIDTH="2035"
                    HEIGHT="114">
            <Shape><Polygon POINTS="644 1079 644 1099 2626 1054 2628 1054 2676 1038 2676 1024 2667 985 641 1038 644 1079"/></Shape>
	    <String CONTENT="main du joug de des dogmes &lt;. . ........&gt;"
                    HPOS="641"
                    VPOS="985"
                    WIDTH="2035"
                    HEIGHT="114"
                    WC="0.9540340217148385"></String>
          </TextLine>
          <TextLine ID="eSc_line_9bbb47ee"
                    TAGREFS="LT31"
                    BASELINE="646 1149 1982 1099 2701 1090" 
                    HPOS="644"
                    VPOS="1040"
                    WIDTH="2057"
                    HEIGHT="136">
            <Shape><Polygon POINTS="646 1149 646 1176 807 1174 810 1174 813 1174 835 1160 960 1168 977 1168 979 1168 982 1168 985 1168 1018 1154 1365 1154 1390 1154 1393 1154 1396 1154 1440 1140 1815 1140 1862 1140 1865 1140 1868 1140 1871 1140 1893 1126 2001 1135 2004 1135 2007 1135 2009 1135 2062 1121 2118 1132 2123 1132 2126 1132 2129 1132 2132 1132 2151 1118 2209 1129 2218 1129 2220 1129 2223 1129 2226 1129 2226 1126 2240 1115 2701 1115 2701 1090 2692 1046 2398 1054 2393 1054 2329 1040 2326 1040 2323 1040 2320 1040 2304 1057 2301 1057 2298 1057 2226 1043 2223 1043 2220 1043 2165 1060 1962 1052 1959 1052 1882 1068 1438 1068 1435 1068 1349 1088 1340 1088 1335 1088 1260 1074 1257 1074 1254 1074 1221 1090 1218 1093 1193 1093 685 1093 682 1093 680 1093 644 1107 646 1149"/></Shape>
	    <String CONTENT="que condamnaient d&#x27;ailleurs la sience et la raison I. Beaucoup peu¬"
                    HPOS="644"
                    VPOS="1040"
                    WIDTH="2057"
                    HEIGHT="136"
                    WC="0.9934784049418435"></String>
          </TextLine>
          <TextLine ID="eSc_line_02f5e341"
                    TAGREFS="LT31"
                    BASELINE="635 1224 2251 1157 2701 1157" 
                    HPOS="632"
                    VPOS="1102"
                    WIDTH="2069"
                    HEIGHT="144">
            <Shape><Polygon POINTS="635 1224 635 1246 1066 1246 1066 1243 1265 1224 1379 1215 1465 1218 1576 1224 1579 1224 1582 1224 1585 1224 1593 1215 1601 1210 1801 1210 1968 1210 1968 1207 1971 1207 1984 1201 2026 1190 2070 1201 2082 1201 2084 1201 2134 1199 2379 1176 2698 1179 2701 1157 2695 1107 2398 1115 2370 1102 2368 1102 2365 1102 2168 1124 2140 1126 2129 1126 2073 1113 2070 1113 2068 1113 2004 1129 1990 1132 1968 1132 1860 1121 1857 1121 1779 1124 1776 1124 1773 1124 1773 1126 1760 1138 1757 1140 1696 1140 1443 1138 1440 1138 1438 1138 1413 1151 1404 1154 1390 1151 1346 1140 1343 1140 1340 1140 1235 1157 1190 1163 1149 1160 1052 1151 1049 1151 1046 1151 999 1165 974 1171 930 1168 843 1160 841 1160 838 1160 810 1171 796 1179 632 1179 635 1224"/></Shape>
	    <String CONTENT="saient anc Emile de Lavelege que les libéraux en mettadent en cntra¬"
                    HPOS="632"
                    VPOS="1102"
                    WIDTH="2069"
                    HEIGHT="144"
                    WC="0.9802690376253689"></String>
          </TextLine>
          <TextLine ID="eSc_line_4602d2c4"
                    TAGREFS="LT31"
                    BASELINE="632 1290 1329 1274 2168 1229 2706 1221" 
                    HPOS="630"
                    VPOS="1179"
                    WIDTH="2076"
                    HEIGHT="147">
            <Shape><Polygon POINTS="632 1290 632 1326 2706 1249 2706 1221 2698 1179 2007 1190 1854 1210 1823 1213 1815 1210 1776 1199 1773 1199 1771 1199 1624 1207 1621 1207 1618 1207 1618 1210 1607 1218 1604 1221 1532 1221 1213 1221 1210 1221 1010 1240 979 1243 960 1243 785 1235 782 1235 630 1254 632 1290"/></Shape>
	    <String CONTENT="dichion avec eux. mêmes en prétendant respecter la foi catholique.&quot;De"
                    HPOS="630"
                    VPOS="1179"
                    WIDTH="2076"
                    HEIGHT="147"
                    WC="0.9875795590704766"></String>
          </TextLine>
          <TextLine ID="eSc_line_6d333596"
                    TAGREFS="LT31"
                    BASELINE="632 1360 2703 1287" 
                    HPOS="630"
                    VPOS="1254"
                    WIDTH="2073"
                    HEIGHT="139">
            <Shape><Polygon POINTS="632 1360 632 1393 793 1374 855 1387 866 1387 868 1387 899 1385 1049 1368 1085 1379 1091 1379 1093 1379 1096 1379 1099 1379 1102 1379 1102 1376 1118 1362 1310 1371 1343 1371 1346 1371 1349 1371 1351 1371 1351 1368 1376 1354 1485 1365 1504 1365 1507 1365 1510 1365 1512 1365 1512 1362 1535 1349 1710 1357 1743 1357 1746 1357 1762 1354 1843 1337 1893 1351 1898 1351 1901 1351 1904 1351 1946 1349 2159 1326 2390 1332 2409 1332 2412 1332 2415 1332 2418 1332 2467 1315 2509 1329 2515 1329 2517 1329 2520 1329 2540 1326 2656 1310 2698 1321 2703 1287 2698 1254 2173 1254 2170 1254 2168 1254 2165 1254 2140 1271 2137 1271 2132 1271 1932 1263 1929 1263 1926 1263 1923 1263 1901 1279 1898 1282 1871 1282 1349 1282 1346 1282 1246 1301 1240 1301 1229 1301 1032 1293 1029 1293 1027 1293 993 1310 954 1296 952 1296 949 1296 630 1321 632 1360"/></Shape>
	    <String CONTENT="peiie le Syllabus désait-il, la question politique est devenuerne ques"
                    HPOS="630"
                    VPOS="1254"
                    WIDTH="2073"
                    HEIGHT="139"
                    WC="0.9749299151556833"></String>
          </TextLine>
          <TextLine ID="eSc_line_0f8df485"
                    TAGREFS="LT31"
                    BASELINE="621 1429 2657 1349 2658 1349 2701 1366" 
                    HPOS="619"
                    VPOS="1301"
                    WIDTH="2076"
                    HEIGHT="159">
            <Shape><Polygon POINTS="621 1460 1002 1451 1004 1451 1007 1451 1010 1448 1024 1437 1102 1446 1121 1446 1124 1446 1140 1443 1213 1429 1246 1440 1249 1440 1252 1440 1254 1440 1265 1440 1354 1424 1646 1426 1718 1426 1721 1426 1723 1426 1735 1424 1779 1410 2190 1410 2279 1410 2279 1407 2281 1407 2284 1407 2284 1404 2304 1390 2615 1379 2692 1390 2695 1357 2684 1301 2598 1324 2562 1312 2559 1312 2556 1312 2554 1312 2498 1326 2454 1310 2451 1310 2448 1310 2442 1310 2279 1335 2001 1329 1998 1329 1996 1329 1957 1349 1787 1351 1665 1337 1646 1337 1643 1337 1618 1340 1482 1362 1424 1349 1415 1346 1413 1346 1410 1346 1407 1346 1396 1349 1324 1368 1271 1354 1263 1351 1260 1351 1257 1351 1254 1351 1246 1354 1218 1365 1190 1357 1182 1354 1179 1354 1177 1354 1174 1354 1171 1354 1168 1357 1146 1376 619 1376 621 1429"/></Shape>
	    <String CONTENT="tion religieuse. Rester dans l&#x27;Eglise, c&#x27;était prendre parti contre les"
                    HPOS="619"
                    VPOS="1301"
                    WIDTH="2076"
                    HEIGHT="159"
                    WC="0.9934954534114246"></String>
          </TextLine>
          <TextLine ID="eSc_line_b2a547b3"
                    TAGREFS="LT31"
                    BASELINE="619 1501 1662 1471 2706 1421" 
                    HPOS="616"
                    VPOS="1376"
                    WIDTH="2090"
                    HEIGHT="167">
            <Shape><Polygon POINTS="619 1501 621 1543 702 1529 852 1535 880 1535 882 1535 885 1535 888 1532 924 1515 1024 1526 1046 1529 1049 1529 1052 1529 1063 1526 1124 1507 1165 1521 1171 1523 1174 1523 1177 1523 1227 1518 1421 1498 1568 1504 1624 1507 1626 1507 1629 1507 1649 1501 1710 1485 1740 1498 1743 1498 1746 1498 1748 1498 1912 1496 2009 1487 2154 1473 2251 1476 2323 1479 2326 1479 2329 1479 2331 1479 2337 1473 2356 1460 2706 1460 2706 1421 2698 1387 2587 1390 2584 1390 2562 1376 2559 1376 2556 1376 2554 1376 2551 1376 2484 1393 2473 1396 2415 1396 2123 1393 2120 1393 2001 1412 1971 1415 1959 1412 1921 1401 1918 1401 1915 1401 1846 1418 1823 1421 1790 1418 1690 1410 1687 1410 1685 1410 1632 1424 1610 1429 1507 1429 1254 1426 1252 1426 1249 1426 1246 1426 1227 1440 1218 1443 1188 1440 1110 1432 1107 1432 1043 1446 1027 1448 1016 1446 979 1437 977 1437 974 1437 971 1437 968 1437 954 1448 946 1454 938 1448 916 1440 913 1440 910 1440 907 1440 905 1440 888 1451 874 1460 616 1460 619 1501"/></Shape>
	    <String CONTENT="progrinet droits de l&#x27;homme et par conséquent contre le monde mo¬"
                    HPOS="616"
                    VPOS="1376"
                    WIDTH="2090"
                    HEIGHT="167"
                    WC="0.9813314190277687"></String>
          </TextLine>
          <TextLine ID="eSc_line_5b26b061"
                    TAGREFS="LT31"
                    BASELINE="619 1571 1488 1551 2690 1501" 
                    HPOS="616"
                    VPOS="1462"
                    WIDTH="2074"
                    HEIGHT="134">
            <Shape><Polygon POINTS="619 1571 619 1596 2687 1532 2690 1501 2681 1462 1488 1510 1465 1507 1418 1498 1415 1498 1338 1512 1313 1515 1290 1512 1210 1504 1207 1504 1110 1521 1085 1523 1063 1523 960 1512 957 1512 954 1512 952 1512 932 1526 930 1529 921 1526 863 1515 860 1515 744 1535 735 1535 732 1535 699 1521 696 1521 694 1521 616 1537 619 1571"/></Shape>
	    <String CONTENT="derne. L&#x27;ultramontanisme poussait d&#x27;après lui à la théocratie&quot; Tout"
                    HPOS="616"
                    VPOS="1462"
                    WIDTH="2074"
                    HEIGHT="134"
                    WC="0.9930283602546243"></String>
          </TextLine>
          <TextLine ID="eSc_line_4b8cefaa"
                    TAGREFS="LT31"
                    BASELINE="624 1637 2306 1590 2698 1590" 
                    HPOS="621"
                    VPOS="1537"
                    WIDTH="2077"
                    HEIGHT="131">
            <Shape><Polygon POINTS="624 1637 624 1665 832 1654 935 1662 1016 1668 1018 1668 1021 1668 1024 1668 1024 1665 1032 1659 1043 1648 1068 1659 1074 1659 1077 1659 1079 1659 1093 1657 1154 1646 1196 1657 1224 1662 1227 1662 1229 1662 1274 1654 1304 1648 1363 1651 1454 1657 1457 1657 1535 1648 1615 1637 1690 1643 1754 1648 1757 1648 1760 1648 1762 1648 1762 1646 1768 1643 1779 1629 1893 1629 1996 1637 2059 1640 2062 1640 2065 1640 2076 1634 2107 1618 2190 1618 2281 1629 2290 1629 2293 1629 2295 1629 2298 1629 2348 1615 2362 1626 2368 1632 2370 1632 2373 1632 2376 1632 2379 1632 2398 1626 2437 1615 2695 1618 2698 1590 2695 1546 2534 1537 2531 1537 2434 1548 2393 1554 2365 1551 2293 1540 2290 1540 2209 1554 2176 1560 2151 1554 2107 1546 2104 1546 2101 1546 2098 1546 2082 1557 2070 1562 2048 1557 2012 1548 2009 1548 2007 1548 2004 1548 2001 1548 1984 1560 1973 1565 1887 1560 1771 1554 1768 1554 1712 1565 1660 1573 1493 1568 1374 1565 1371 1565 1368 1565 1365 1565 1360 1571 1343 1585 1104 1587 999 1579 963 1576 960 1576 957 1576 954 1576 952 1579 930 1593 621 1587 624 1637"/></Shape>
	    <String CONTENT="est à craindre du parti purement cléricat qui s&#x27;élève, car il n&#x27;est"
                    HPOS="621"
                    VPOS="1537"
                    WIDTH="2077"
                    HEIGHT="131"
                    WC="0.9874383701997644"></String>
          </TextLine>
          <TextLine ID="eSc_line_73b6a9af"
                    TAGREFS="LT31"
                    BASELINE="632 1726 2665 1659" 
                    HPOS="630"
                    VPOS="1623"
                    WIDTH="2035"
                    HEIGHT="134">
            <Shape><Polygon POINTS="632 1757 2245 1693 2398 1701 2401 1701 2498 1684 2662 1693 2665 1659 2659 1623 2240 1623 2237 1623 2182 1634 2148 1640 2015 1640 1876 1637 1873 1637 1715 1646 1460 1662 1413 1654 1390 1651 1388 1651 1363 1657 1302 1668 1102 1662 1052 1662 1049 1662 1004 1665 774 1684 630 1676 632 1726 632 1757"/></Shape>
	    <String CONTENT="pas un parti conservateur quoi qu&#x27;il en prenne le nom. &lt;.....&gt;"
                    HPOS="630"
                    VPOS="1623"
                    WIDTH="2035"
                    HEIGHT="134"
                    WC="0.9711049276013528"></String>
          </TextLine>
          <TextLine ID="eSc_line_4a88462a"
                    TAGREFS="LT34"
                    BASELINE="1206 1742 1368 1739" 
                    HPOS="1206"
                    VPOS="1739"
                    WIDTH="162"
                    HEIGHT="3">
	    <String CONTENT=""
                    HPOS="1206"
                    VPOS="1739"
                    WIDTH="162"
                    HEIGHT="3"></String>
          </TextLine>
          <TextLine ID="eSc_line_7c3e9a54"
                    TAGREFS="LT34"
                    BASELINE="1923 1719 2647 1688" 
                    HPOS="1923"
                    VPOS="1688"
                    WIDTH="724"
                    HEIGHT="31">
	    <String CONTENT=""
                    HPOS="1923"
                    VPOS="1688"
                    WIDTH="724"
                    HEIGHT="31"></String>
          </TextLine>
          <TextLine ID="eSc_line_f7db8978"
                    TAGREFS="LT31"
                    BASELINE="632 1784 1007 1784 2018 1743 2692 1729" 
                    HPOS="630"
                    VPOS="1673"
                    WIDTH="2062"
                    HEIGHT="142">
            <Shape><Polygon POINTS="1959 1684 1946 1684 1943 1684 1940 1684 1926 1696 1907 1712 1851 1712 1815 1701 1812 1701 1810 1701 1807 1701 1754 1715 1723 1704 1712 1698 1710 1698 1707 1698 1704 1698 1687 1704 1651 1718 1612 1707 1610 1707 1607 1707 1604 1707 1601 1707 1599 1707 1599 1709 1585 1723 1449 1723 1418 1712 1407 1709 1404 1709 1401 1709 1399 1709 1396 1709 1390 1715 1379 1723 1365 1715 1343 1704 1340 1704 1338 1704 1310 1704 1296 1707 1277 1707 1218 1709 1215 1709 1188 1721 1152 1737 630 1737 632 1784 632 1815 2692 1754 2692 1729 2684 1673 1959 1682 1959 1684"/></Shape>
	    <String CONTENT="Hisloire de &lt;. contet Fraçois Lans(&lt;. &lt;... pot .......&gt;"
                    HPOS="630"
                    VPOS="1673"
                    WIDTH="2062"
                    HEIGHT="142"
                    WC="0.9031543200666254"></String>
          </TextLine>
          <TextLine ID="eSc_line_aab87a60"
                    TAGREFS="LT34"
                    BASELINE="655 1827 1954 1783" 
                    HPOS="655"
                    VPOS="1783"
                    WIDTH="1299"
                    HEIGHT="44">
	    <String CONTENT=""
                    HPOS="655"
                    VPOS="1783"
                    WIDTH="1299"
                    HEIGHT="44"></String>
          </TextLine>
          <TextLine ID="eSc_line_9bff25cb"
                    TAGREFS="LT31"
                    BASELINE="613 1865 2220 1798 2695 1793" 
                    HPOS="610"
                    VPOS="1743"
                    WIDTH="2085"
                    HEIGHT="150">
            <Shape><Polygon POINTS="1662 1759 1635 1759 1607 1762 1587 1762 1140 1795 669 1795 666 1795 663 1795 610 1812 613 1865 613 1893 1221 1879 1224 1879 1246 1873 1282 1862 1471 1865 1585 1865 1587 1865 1590 1865 1593 1865 1599 1859 1610 1851 1649 1859 1674 1862 1676 1862 1679 1862 1682 1862 1687 1857 1707 1843 1837 1840 1976 1845 2023 1848 2026 1848 2062 1843 2176 1826 2218 1837 2223 1840 2226 1840 2229 1840 2248 1837 2334 1820 2692 1820 2695 1793 2687 1743 2012 1768 1971 1768 1682 1757 1662 1759"/></Shape>
	    <String CONTENT="&lt;... ........ .... .... ..&gt; de dien. &lt;......&gt;"
                    HPOS="610"
                    VPOS="1743"
                    WIDTH="2085"
                    HEIGHT="150"
                    WC="0.8204261236720615"></String>
          </TextLine>
          <TextLine ID="eSc_line_91c7c96a"
                    TAGREFS="LT31"
                    BASELINE="616 1934 2656 1859" 
                    HPOS="613"
                    VPOS="1815"
                    WIDTH="2043"
                    HEIGHT="153">
            <Shape><Polygon POINTS="616 1934 616 1968 2656 1893 2656 1859 2648 1815 2498 1829 2429 1820 2376 1815 2373 1815 2370 1815 2368 1815 2368 1818 2359 1823 2345 1837 2270 1837 2245 1826 2232 1820 2229 1820 2226 1820 2223 1820 2204 1829 2173 1843 1971 1848 1876 1840 1823 1834 1821 1834 1818 1834 1815 1834 1807 1840 1790 1854 1765 1843 1751 1837 1748 1837 1746 1837 1743 1837 1726 1843 1696 1857 1649 1845 1626 1843 1624 1843 1621 1843 1618 1843 1612 1848 1587 1862 1285 1859 1271 1859 1268 1859 1263 1859 1140 1879 1091 1865 1088 1865 1085 1865 1074 1865 938 1884 796 1873 768 1873 766 1873 763 1873 757 1876 721 1893 613 1882 616 1934"/></Shape>
	    <String CONTENT="&lt;.. .. .... .... .. ..... &gt;"
                    HPOS="613"
                    VPOS="1815"
                    WIDTH="2043"
                    HEIGHT="153"
                    WC="0.8478631796660246"></String>
          </TextLine>
          <TextLine ID="eSc_line_73d9bf09"
                    TAGREFS="LT31"
                    BASELINE="619 1990 1254 1987 1788 1954 1788 1954 2705 1932" 
                    HPOS="616"
                    VPOS="1923"
                    WIDTH="1185"
                    HEIGHT="103">
            <Shape><Polygon POINTS="619 2026 1246 2009 1304 2020 1307 2020 1310 2020 1340 2004 1343 2004 1351 2004 1418 2018 1421 2018 1424 2018 1465 2001 1468 2001 1488 2001 1746 2009 1748 2009 1751 2009 1801 1990 1801 1959 1793 1923 957 1951 949 1951 918 1940 916 1940 913 1940 852 1954 843 1954 827 1954 632 1943 630 1943 627 1943 624 1943 624 1945 616 1951 619 1990"/></Shape>
	    <String CONTENT="&lt;..&lt;...... . . ......&gt;"
                    HPOS="616"
                    VPOS="1923"
                    WIDTH="1185"
                    HEIGHT="103"
                    WC="0.9257984242656014"></String>
          </TextLine>
          <TextLine ID="eSc_line_2b16b431"
                    TAGREFS="LT34"
                    BASELINE="1517 1993 1631 1988" 
                    HPOS="1517"
                    VPOS="1988"
                    WIDTH="114"
                    HEIGHT="5">
	    <String CONTENT=""
                    HPOS="1517"
                    VPOS="1988"
                    WIDTH="114"
                    HEIGHT="5"></String>
          </TextLine>
          <TextLine ID="eSc_line_03edc50a"
                    TAGREFS="LT33"
                    BASELINE="1720 1977 2142 1970" 
                    HPOS="1720"
                    VPOS="1970"
                    WIDTH="422"
                    HEIGHT="7">
	    <String CONTENT=""
                    HPOS="1720"
                    VPOS="1970"
                    WIDTH="422"
                    HEIGHT="7"></String>
          </TextLine>
          <TextLine ID="eSc_line_dfe51cfc"
                    TAGREFS="LT31"
                    BASELINE="613 2067 1143 2054 1438 2029 2076 2001 2678 1993" 
                    HPOS="610"
                    VPOS="1945"
                    WIDTH="2068"
                    HEIGHT="139">
            <Shape><Polygon POINTS="1626 1970 1385 1998 1249 1990 1246 1990 1243 1990 1190 2009 1185 2009 1149 2009 849 2006 846 2006 843 2006 841 2006 821 2020 818 2020 813 2020 691 2012 688 2012 610 2026 613 2067 613 2084 2678 2018 2678 1993 2673 1962 2606 1945 2604 1945 2601 1945 2534 1962 2440 1945 2437 1945 2434 1945 2365 1962 2032 1956 2029 1956 1782 1965 1779 1965 1776 1965 1748 1984 1629 1970 1626 1970"/></Shape>
	    <String CONTENT="&lt;.... . ....&gt; e Paur et ne rstit aux esprit sincère"
                    HPOS="610"
                    VPOS="1945"
                    WIDTH="2068"
                    HEIGHT="139"
                    WC="0.9398117193988725"></String>
          </TextLine>
          <TextLine ID="eSc_line_316e71c0"
                    TAGREFS="LT31"
                    BASELINE="602 2129 2695 2051" 
                    HPOS="599"
                    VPOS="2012"
                    WIDTH="2096"
                    HEIGHT="142">
            <Shape><Polygon POINTS="602 2129 602 2154 2692 2079 2695 2051 2687 2012 599 2087 602 2129"/></Shape>
	    <String CONTENT="ment religi eeux qu&#x27;à rompre avec elle et à̀ &lt;..... ....&gt;"
                    HPOS="599"
                    VPOS="2012"
                    WIDTH="2096"
                    HEIGHT="142"
                    WC="0.967862442649644"></String>
          </TextLine>
          <TextLine ID="eSc_line_e8d8abc4"
                    TAGREFS="LT31"
                    BASELINE="605 2201 2656 2123" 
                    HPOS="602"
                    VPOS="2081"
                    WIDTH="2054"
                    HEIGHT="145">
            <Shape><Polygon POINTS="605 2201 605 2226 2656 2154 2656 2123 2651 2087 2362 2081 2359 2081 2281 2098 2215 2087 2212 2087 1993 2109 1851 2101 1848 2101 1396 2131 1338 2120 1335 2120 1240 2137 1193 2126 1190 2126 1188 2126 1038 2145 680 2145 677 2145 602 2162 605 2201"/></Shape>
	    <String CONTENT="adhérer à ce protestantisme libéral qui &lt;....... ..."
                    HPOS="602"
                    VPOS="2081"
                    WIDTH="2054"
                    HEIGHT="145"
                    WC="0.9833982058291165"></String>
          </TextLine>
          <TextLine ID="eSc_line_de50ab74"
                    TAGREFS="LT31"
                    BASELINE="599 2267 2095 2206 2690 2201" 
                    HPOS="596"
                    VPOS="2151"
                    WIDTH="2094"
                    HEIGHT="147">
            <Shape><Polygon POINTS="599 2267 599 2298 2118 2234 2176 2245 2184 2245 2187 2245 2218 2242 2426 2223 2687 2226 2690 2201 2681 2151 596 2223 599 2267"/></Shape>
	    <String CONTENT="commançait alors à s&#x27;affermer comme la conciliation de la lilere. peu¬"
                    HPOS="596"
                    VPOS="2151"
                    WIDTH="2094"
                    HEIGHT="147"
                    WC="0.9926055745339729"></String>
          </TextLine>
          <TextLine ID="eSc_line_96ecacf6"
                    TAGREFS="LT31"
                    BASELINE="588 2345 1729 2295 2662 2270" 
                    HPOS="585"
                    VPOS="2228"
                    WIDTH="2077"
                    HEIGHT="142">
            <Shape><Polygon POINTS="588 2345 588 2370 2662 2298 2662 2270 2653 2228 2268 2242 2265 2242 2234 2228 2232 2228 2229 2228 2226 2228 2223 2228 2201 2245 2198 2245 2195 2245 2145 2228 2143 2228 2140 2228 2054 2242 1857 2237 1854 2237 1729 2242 1726 2242 1723 2242 1698 2262 1698 2265 1693 2262 1635 2245 1632 2245 1629 2245 1512 2270 1504 2270 1501 2270 1410 2253 1407 2253 1404 2253 1326 2276 1318 2278 1307 2278 1224 2265 1221 2265 1218 2265 1174 2281 1168 2287 946 2292 941 2292 913 2278 910 2278 907 2278 585 2303 588 2345"/></Shape>
	    <String CONTENT="sée avec les préuptes de l&#x27;Evangile. En fait, il y ent chez quelques in¬"
                    HPOS="585"
                    VPOS="2228"
                    WIDTH="2077"
                    HEIGHT="142"
                    WC="0.9872434304820167"></String>
          </TextLine>
          <TextLine ID="eSc_line_057d5170"
                    TAGREFS="LT31"
                    BASELINE="594 2406 2676 2345" 
                    HPOS="591"
                    VPOS="2306"
                    WIDTH="2085"
                    HEIGHT="125">
            <Shape><Polygon POINTS="594 2406 594 2431 2676 2378 2676 2345 2667 2306 591 2370 594 2406"/></Shape>
	    <String CONTENT="tellesteuls, aux environs de 1875, un curieux mouvement de couver¬"
                    HPOS="591"
                    VPOS="2306"
                    WIDTH="2085"
                    HEIGHT="125"
                    WC="0.9950594179558031"></String>
          </TextLine>
          <TextLine ID="eSc_line_1c693da1"
                    TAGREFS="LT31"
                    BASELINE="596 2470 1332 2462 1698 2439 2665 2414" 
                    HPOS="594"
                    VPOS="2381"
                    WIDTH="2071"
                    HEIGHT="114">
            <Shape><Polygon POINTS="596 2470 596 2495 2662 2445 2665 2414 2659 2384 2109 2381 2107 2381 2104 2381 2057 2398 2054 2398 2051 2398 1990 2384 1987 2384 1621 2409 1604 2409 1571 2395 1568 2395 1565 2395 1562 2395 1524 2412 1521 2412 1518 2412 1463 2401 1460 2401 1299 2417 1288 2417 1282 2417 1182 2403 1179 2403 1177 2403 1124 2420 982 2409 979 2409 594 2434 596 2470"/></Shape>
	    <String CONTENT="sion à ce niv- calvinisme. Les habitants d&#x27;un petit village du Ba¬"
                    HPOS="594"
                    VPOS="2381"
                    WIDTH="2071"
                    HEIGHT="114"
                    WC="0.9803761982206088"></String>
          </TextLine>
          <TextLine ID="eSc_line_adfe7694"
                    TAGREFS="LT31"
                    BASELINE="582 2548 1396 2531 1832 2506 2640 2481" 
                    HPOS="580"
                    VPOS="2434"
                    WIDTH="2060"
                    HEIGHT="144">
            <Shape><Polygon POINTS="582 2548 582 2578 2640 2517 2640 2481 2634 2451 2540 2434 2537 2434 2365 2456 2340 2459 2323 2459 2184 2445 2182 2445 2179 2445 2143 2464 2140 2464 2095 2464 1832 2459 1829 2459 1826 2459 1782 2473 1698 2459 1696 2459 1612 2462 1610 2462 1607 2462 1579 2478 1574 2481 1485 2481 1099 2481 1096 2481 1004 2495 985 2498 974 2498 924 2484 921 2484 918 2484 916 2484 866 2501 849 2503 832 2501 763 2487 760 2487 757 2487 721 2503 713 2506 702 2503 641 2492 638 2492 635 2492 580 2506 582 2548"/></Shape>
	    <String CONTENT="baut wallorn, Sart. Dancs Aveline, furieux du déplonement dt un"
                    HPOS="580"
                    VPOS="2434"
                    WIDTH="2060"
                    HEIGHT="144"
                    WC="0.9848092454485595"></String>
          </TextLine>
          <TextLine ID="eSc_line_b4d64ab1"
                    TAGREFS="LT31"
                    BASELINE="585 2614 2662 2550" 
                    HPOS="582"
                    VPOS="2506"
                    WIDTH="2080"
                    HEIGHT="139">
            <Shape><Polygon POINTS="585 2614 585 2645 2662 2575 2662 2550 2656 2517 2479 2506 2476 2506 2298 2526 2209 2514 2207 2514 1757 2542 1671 2531 1668 2531 1571 2548 1488 2537 1485 2537 1385 2553 1307 2542 1304 2542 1177 2559 1146 2548 1143 2548 1140 2548 1138 2548 1135 2548 1118 2564 613 2564 610 2564 607 2564 582 2575 585 2614"/></Shape>
	    <String CONTENT="iicaire très populaire venaient, &lt;...... .. ......&gt; par re¬"
                    HPOS="582"
                    VPOS="2506"
                    WIDTH="2080"
                    HEIGHT="139"
                    WC="0.953950131848707"></String>
          </TextLine>
          <TextLine ID="eSc_line_e1a9c241"
                    TAGREFS="LT31"
                    BASELINE="580 2687 2254 2634 2656 2634" 
                    HPOS="577"
                    VPOS="2587"
                    WIDTH="2079"
                    HEIGHT="130">
            <Shape><Polygon POINTS="580 2687 580 2717 674 2703 971 2709 1041 2709 1043 2709 1063 2706 1138 2689 1410 2695 1479 2695 1482 2695 2656 2653 2656 2634 2651 2587 577 2634 580 2687"/></Shape>
	    <String CONTENT="présailles contre l&#x27;autorité épiscopale, de s&#x27;arrer à la soirété évan¬"
                    HPOS="577"
                    VPOS="2587"
                    WIDTH="2079"
                    HEIGHT="130"
                    WC="0.9901667984438615"></String>
          </TextLine>
          <TextLine ID="eSc_line_79976809"
                    TAGREFS="LT31"
                    BASELINE="591 2756 866 2739 2612 2698" 
                    HPOS="588"
                    VPOS="2650"
                    WIDTH="2024"
                    HEIGHT="139">
            <Shape><Polygon POINTS="591 2756 591 2789 821 2770 918 2781 921 2781 924 2781 935 2781 1376 2756 1476 2767 1485 2767 1488 2767 1504 2767 1712 2745 2612 2736 2612 2698 2604 2650 1365 2695 1204 2695 702 2695 699 2695 588 2711 591 2756"/></Shape>
	    <String CONTENT="gilique belge et d&#x27;en obtenir un pastens. &lt;.p..&gt; L&#x27;incident fut"
                    HPOS="588"
                    VPOS="2650"
                    WIDTH="2024"
                    HEIGHT="139"
                    WC="0.9845407018585811"></String>
          </TextLine>
          <TextLine ID="eSc_line_b49dec8e"
                    TAGREFS="LT31"
                    BASELINE="585 2823 1451 2795 2640 2778" 
                    HPOS="582"
                    VPOS="2725"
                    WIDTH="2058"
                    HEIGHT="128">
            <Shape><Polygon POINTS="585 2823 585 2839 719 2853 721 2853 1171 2834 1404 2823 1471 2828 1526 2834 1529 2834 1532 2834 1535 2834 1535 2831 1540 2828 1549 2817 2640 2811 2640 2778 2634 2742 2501 2725 2498 2725 2495 2725 2492 2725 2465 2745 2362 2745 2240 2731 2237 2731 2234 2731 2232 2731 2204 2748 1404 2748 1401 2748 1399 2748 1354 2764 1326 2750 1324 2750 1321 2750 1318 2750 1260 2767 749 2761 746 2761 744 2761 741 2761 713 2781 582 2781 585 2823"/></Shape>
	    <String CONTENT="aussitôt ex ploité par l&#x27;anti-cléricalisme. Des l&#x27;année suivante, me"
                    HPOS="582"
                    VPOS="2725"
                    WIDTH="2058"
                    HEIGHT="128"
                    WC="0.9945933319189969"></String>
          </TextLine>
          <TextLine ID="eSc_line_a16e7a9d"
                    TAGREFS="LT31"
                    BASELINE="585 2889 1846 2864 2662 2864" 
                    HPOS="582"
                    VPOS="2820"
                    WIDTH="2080"
                    HEIGHT="114">
            <Shape><Polygon POINTS="585 2889 585 2922 885 2906 913 2917 946 2934 949 2934 952 2934 1379 2928 1582 2914 1585 2914 1599 2906 1624 2892 2662 2886 2662 2864 2659 2823 1610 2820 1607 2820 1604 2820 1601 2820 1574 2836 1571 2836 1446 2823 1443 2823 1177 2842 1174 2842 985 2828 982 2828 979 2828 910 2845 827 2831 824 2831 691 2848 649 2834 646 2834 644 2834 641 2834 582 2850 585 2889"/></Shape>
	    <String CONTENT="article de la Revne de Belgique &quot; comment on élève autel contuantelo"
                    HPOS="582"
                    VPOS="2820"
                    WIDTH="2080"
                    HEIGHT="114"
                    WC="0.9833887210663628"></String>
          </TextLine>
          <TextLine ID="eSc_line_5d796e3e"
                    TAGREFS="LT31"
                    BASELINE="577 2967 2623 2934" 
                    HPOS="574"
                    VPOS="2884"
                    WIDTH="2049"
                    HEIGHT="113">
            <Shape><Polygon POINTS="577 2967 577 2997 2620 2964 2623 2934 2609 2884 2587 2900 2393 2900 2354 2889 2340 2886 2337 2886 2334 2886 2331 2886 2315 2892 2270 2903 2195 2895 2137 2886 2134 2886 2132 2886 2112 2895 2090 2906 2026 2897 1948 2886 1946 2886 1876 2900 1835 2909 1810 2903 1771 2889 1768 2889 1765 2889 1679 2906 1651 2909 1632 2906 1568 2895 1565 2895 1465 2909 1410 2920 1057 2922 996 2920 749 2906 746 2906 574 2928 577 2967"/></Shape>
	    <String CONTENT="extort ait les crands propriétaires liberaux à &lt;............. ..&gt;"
                    HPOS="574"
                    VPOS="2884"
                    WIDTH="2049"
                    HEIGHT="113"
                    WC="0.9150653580824534"></String>
          </TextLine>
          <TextLine ID="eSc_line_afb9e24f"
                    TAGREFS="LT31"
                    BASELINE="574 3036 1227 3033 1940 3011 2665 3014" 
                    HPOS="571"
                    VPOS="2975"
                    WIDTH="2094"
                    HEIGHT="97">
            <Shape><Polygon POINTS="574 3036 574 3050 816 3072 818 3072 1057 3058 1343 3067 1346 3067 1349 3067 1410 3047 1415 3047 1429 3047 1574 3064 1576 3064 1818 3047 1929 3039 1962 3045 2007 3056 2009 3056 2012 3056 2032 3045 2046 3039 2057 3045 2084 3058 2087 3058 2090 3058 2093 3058 2095 3058 2112 3045 2129 3036 2223 3036 2237 3045 2248 3056 2251 3056 2254 3056 2256 3056 2323 3045 2387 3033 2501 3033 2520 3045 2531 3053 2534 3053 2537 3053 2540 3053 2665 3042 2665 3014 2659 2975 571 2992 574 3036"/></Shape>
	    <String CONTENT="&lt;.... ..... ... ..&gt; favorire par¬"
                    HPOS="571"
                    VPOS="2975"
                    WIDTH="2094"
                    HEIGHT="97"
                    WC="0.9007777084003795"></String>
          </TextLine>
          <TextLine ID="eSc_line_49e8e5fc"
                    TAGREFS="LT31"
                    BASELINE="566 3117 1896 3089 2653 3089" 
                    HPOS="563"
                    VPOS="3036"
                    WIDTH="2090"
                    HEIGHT="106">
            <Shape><Polygon POINTS="566 3117 566 3136 1435 3142 1438 3142 1440 3142 1443 3142 1457 3131 1471 3122 1557 3131 1612 3136 1615 3136 1618 3136 1621 3136 1626 3131 1646 3120 1790 3131 1823 3131 1826 3131 1848 3128 1973 3114 2070 3128 2101 3131 2104 3131 2148 3128 2326 3108 2448 3125 2459 3125 2462 3125 2465 3125 2467 3125 2504 3106 2648 3122 2653 3089 2648 3036 563 3064 566 3117"/></Shape>
	    <String CONTENT="mi leurs pays ans la propagande protestante et, préctant s&#x27;exemple"
                    HPOS="563"
                    VPOS="3036"
                    WIDTH="2090"
                    HEIGHT="106"
                    WC="0.9930780087456559"></String>
          </TextLine>
          <TextLine ID="eSc_line_2f1d4b1b"
                    TAGREFS="LT31"
                    BASELINE="563 3192 2659 3158" 
                    HPOS="560"
                    VPOS="3114"
                    WIDTH="2099"
                    HEIGHT="108">
            <Shape><Polygon POINTS="563 3192 563 3211 907 3222 910 3222 913 3222 952 3208 954 3208 971 3208 1257 3217 1260 3217 1263 3217 1304 3203 1310 3203 1326 3203 1429 3214 1432 3214 1435 3214 1479 3203 1488 3200 1501 3200 1574 3211 1576 3211 1771 3208 1773 3208 1776 3208 1790 3197 1796 3194 1826 3197 1907 3206 1909 3206 1968 3194 1998 3189 2659 3186 2659 3158 2651 3120 2276 3128 2265 3125 2237 3114 2234 3114 2232 3114 2151 3128 2123 3131 2112 3128 2087 3117 2084 3117 2082 3117 1871 3120 1868 3120 1843 3133 1840 3133 1823 3133 1740 3122 1737 3122 1735 3122 1710 3133 1704 3139 1254 3145 1221 3142 1085 3131 1082 3131 560 3153 563 3192"/></Shape>
	    <String CONTENT="n certain nombre de &lt;....&gt; porsonnalités en vne, s&#x27;offilaient"
                    HPOS="560"
                    VPOS="3114"
                    WIDTH="2099"
                    HEIGHT="108"
                    WC="0.9766505575570904"></String>
          </TextLine>
          <TextLine ID="eSc_line_4b204c60"
                    TAGREFS="LT31"
                    BASELINE="563 3269 1537 3258 2626 3267" 
                    HPOS="560"
                    VPOS="3203"
                    WIDTH="2066"
                    HEIGHT="111">
            <Shape><Polygon POINTS="563 3269 563 3292 682 3289 691 3294 716 3311 719 3311 721 3311 724 3311 727 3311 782 3294 799 3289 818 3294 871 3311 874 3311 877 3311 993 3294 1041 3289 1188 3292 1193 3294 1215 3311 1218 3311 1221 3311 1224 3314 1721 3314 1721 3311 1723 3311 1760 3297 1785 3289 2098 3289 2118 3300 2137 3311 2140 3311 2143 3311 2145 3311 2148 3311 2182 3300 2215 3289 2351 3289 2376 3300 2398 3311 2401 3311 2404 3311 2623 3300 2626 3267 2623 3222 2479 3206 2476 3206 2373 3219 2354 3222 2348 3219 2318 3203 2315 3203 2145 3203 2143 3203 2140 3203 2107 3219 2101 3225 1815 3225 1798 3219 1746 3203 1743 3203 1685 3203 1682 3203 1679 3203 1676 3203 1657 3219 1654 3222 1637 3219 1582 3203 1579 3203 1451 3203 1449 3203 1446 3203 1407 3217 1396 3222 1385 3217 1354 3203 1351 3203 1349 3203 1232 3217 1188 3222 1174 3217 1138 3203 1135 3203 1132 3203 1013 3217 954 3225 793 3225 780 3217 760 3203 757 3203 755 3203 752 3203 560 3214 563 3269"/></Shape>
	    <String CONTENT="à l&#x27;Eglise réformée. De Rlandre &lt;...... anmont fadie (147.)"
                    HPOS="560"
                    VPOS="3203"
                    WIDTH="2066"
                    HEIGHT="111"
                    WC="0.9699571818113327"></String>
          </TextLine>
        </TextBlock>
        <TextBlock HPOS="44"
                   VPOS="1123"
                   WIDTH="577"
                   HEIGHT="815"
                   ID="eSc_textblock_c88bb4c6"
                   TAGREFS="BT43">
          <Shape><Polygon POINTS="44 1145 44 1927 594 1938 621 1683 616 1123"/></Shape>
          <TextLine ID="eSc_line_a2a8ad24"
                    TAGREFS="LT31"
                    BASELINE="230 1232 408 1215" 
                    HPOS="227"
                    VPOS="1168"
                    WIDTH="214"
                    HEIGHT="100">
            <Shape><Polygon POINTS="255 1207 227 1215 230 1232 230 1268 441 1246 441 1221 433 1168 299 1185 283 1193"/></Shape>
	    <String CONTENT="olgique d"
                    HPOS="227"
                    VPOS="1168"
                    WIDTH="214"
                    HEIGHT="100"
                    WC="0.9914470646116469"></String>
          </TextLine>
          <TextLine ID="eSc_line_b2bd7558"
                    TAGREFS="LT31"
                    BASELINE="67 1284 541 1299" 
                    HPOS="91"
                    VPOS="1235"
                    WIDTH="450"
                    HEIGHT="105">
            <Shape><Polygon POINTS="149 1257 122 1282 119 1246 99 1235 94 1290 91 1315 194 1335 197 1335 199 1335 222 1324 235 1337 235 1340 238 1340 241 1340 244 1340 247 1340 288 1326 299 1324 310 1326 341 1340 344 1340 347 1340 538 1337 541 1299 538 1243 305 1251 227 1238 210 1235 208 1235 191 1238 186 1238 177 1243"/></Shape>
	    <String CONTENT="Liv de M. 1477 8."
                    HPOS="91"
                    VPOS="1235"
                    WIDTH="450"
                    HEIGHT="105"
                    WC="0.9846003160757177"></String>
          </TextLine>
          <TextLine ID="eSc_line_d51e0eaa"
                    TAGREFS="LT31"
                    BASELINE="77 1379 316 1374" 
                    HPOS="74"
                    VPOS="1318"
                    WIDTH="242"
                    HEIGHT="106">
            <Shape><Polygon POINTS="186 1324 158 1335 130 1368 116 1329 74 1318 77 1379 80 1424 144 1407 163 1415 177 1421 180 1421 183 1421 186 1421 188 1421 188 1418 191 1418 197 1412 202 1404 227 1407 288 1418 291 1418 294 1418 297 1418 316 1401 316 1374 310 1326 188 1318 186 1324"/></Shape>
	    <String CONTENT="XXV p.51"
                    HPOS="74"
                    VPOS="1318"
                    WIDTH="242"
                    HEIGHT="106"
                    WC="0.9939303174614906"></String>
          </TextLine>
          <TextLine ID="eSc_line_a9ea0106"
                    TAGREFS="LT31"
                    BASELINE="72 1679 601 1676" 
                    HPOS="69"
                    VPOS="1612"
                    WIDTH="511"
                    HEIGHT="114">
            <Shape><Polygon POINTS="563 1626 402 1612 324 1612 322 1612 319 1612 316 1612 316 1615 313 1615 305 1626 299 1632 285 1626 255 1615 252 1615 249 1615 133 1621 124 1632 97 1676 94 1623 69 1623 72 1679 72 1709 577 1726 580 1673 577 1665 569 1662"/></Shape>
	    <String CONTENT="dev2 M. t.97 (1472"
                    HPOS="69"
                    VPOS="1612"
                    WIDTH="511"
                    HEIGHT="114"
                    WC="0.9467534787125058"></String>
          </TextLine>
          <TextLine ID="eSc_line_97d39435"
                    TAGREFS="LT31"
                    BASELINE="69 1769 251 1758" 
                    HPOS="83"
                    VPOS="1709"
                    WIDTH="158"
                    HEIGHT="103">
            <Shape><Polygon POINTS="97 1718 83 1718 88 1768 88 1793 241 1812 241 1754 235 1709 136 1715 113 1754"/></Shape>
	    <String CONTENT="p.269"
                    HPOS="83"
                    VPOS="1709"
                    WIDTH="158"
                    HEIGHT="103"
                    WC="0.9757598996162414"></String>
          </TextLine>
        </TextBlock>
      </PrintSpace>
    </Page>
  </Layout>
</alto>
