<?xml version="1.0" encoding="UTF-8"?>
<alto xmlns:xsi="http://www.w3.org/2001/XMLSchema-instance"
      xmlns="http://www.loc.gov/standards/alto/ns-v4#"
      xsi:schemaLocation="http://www.loc.gov/standards/alto/ns-v4# http://www.loc.gov/standards/alto/v4/alto-4-2.xsd">
  <Description>
    <MeasurementUnit>pixel</MeasurementUnit>
    <sourceImageInformation>
      <fileName>ARCH-DIV-000496_0216.png</fileName>
    </sourceImageInformation>
  </Description>
  <Tags>
    <OtherTag ID="BT42" LABEL="MainZone" DESCRIPTION="block type MainZone"/><OtherTag ID="BT43" LABEL="MarginTextZone" DESCRIPTION="block type MarginTextZone"/><OtherTag ID="BT44" LABEL="NumberingZone" DESCRIPTION="block type NumberingZone"/><OtherTag ID="BT45" LABEL="TitlePageZone" DESCRIPTION="block type TitlePageZone"/><OtherTag ID="BT46" LABEL="CustomZone:Numbering" DESCRIPTION="block type CustomZone:Numbering"/><OtherTag ID="BT49" LABEL="MarginTextZone:lower" DESCRIPTION="block type MarginTextZone:lower"/>
    <OtherTag ID="LT25" LABEL="default" DESCRIPTION="line type default"/><OtherTag ID="LT31" LABEL="DefaultLine" DESCRIPTION="line type DefaultLine"/><OtherTag ID="LT32" LABEL="HeadingLine" DESCRIPTION="line type HeadingLine"/><OtherTag ID="LT33" LABEL="InterlinearLine:addition" DESCRIPTION="line type InterlinearLine:addition"/><OtherTag ID="LT34" LABEL="InterlinearLine:correction" DESCRIPTION="line type InterlinearLine:correction"/>
  </Tags>
  <Layout>
    <Page WIDTH="2790"
          HEIGHT="3382"
          PHYSICAL_IMG_NR="215"
          ID="eSc_dummypage_">
      <PrintSpace HPOS="0"
                  VPOS="0"
                  WIDTH="2790"
                  HEIGHT="3382">
        <TextBlock HPOS="251"
                   VPOS="81"
                   WIDTH="250"
                   HEIGHT="197"
                   ID="eSc_textblock_c57d097b"
                   TAGREFS="BT44">
          <Shape><Polygon POINTS="251 81 251 278 501 278 501 81"/></Shape>
          <TextLine ID="eSc_line_a25f323b"
                    TAGREFS="LT31"
                    BASELINE="314 175 461 184" 
                    HPOS="346"
                    VPOS="135"
                    WIDTH="85"
                    HEIGHT="110">
            <Shape><Polygon POINTS="375 135 346 135 346 177 346 245 431 245 431 177 431 163 403 135"/></Shape>
	    <String CONTENT="119"
                    HPOS="346"
                    VPOS="135"
                    WIDTH="85"
                    HEIGHT="110"
                    WC="0.9956486423810323"></String>
          </TextLine>
        </TextBlock>
        <TextBlock HPOS="535"
                   VPOS="0"
                   WIDTH="2241"
                   HEIGHT="3382"
                   ID="eSc_textblock_3e5ce06d"
                   TAGREFS="BT42">
          <Shape><Polygon POINTS="596 0 535 3382 2763 3379 2776 27"/></Shape>
          <TextLine ID="eSc_line_9ddd3ae2"
                    TAGREFS="LT31"
                    BASELINE="685 146 1624 135 2073 155 2736 159" 
                    HPOS="682"
                    VPOS="78"
                    WIDTH="2009"
                    HEIGHT="113">
            <Shape><Polygon POINTS="2403 101 2380 101 2361 109 2358 112 1943 112 1938 107 1921 93 1918 93 1915 93 1912 93 1850 101 1825 84 1811 84 1782 84 1754 84 1726 84 1698 81 1670 81 1641 81 1613 78 1585 78 1557 78 1528 78 1500 78 1472 78 1444 78 1430 78 1427 78 1424 78 1368 101 1210 81 1190 81 1162 81 1134 81 1105 84 1077 84 1049 84 1021 84 993 84 964 84 936 84 908 87 880 87 851 87 823 87 809 87 787 101 770 109 691 101 685 107 685 146 682 160 846 180 849 180 936 166 956 163 1633 163 1655 174 1664 183 1667 183 1670 183 1672 183 1743 177 1830 169 1875 177 1921 188 1923 191 2316 191 2316 188 2318 188 2335 186 2375 174 2400 186 2406 188 2409 188 2411 191 2688 191 2691 157 2688 112 2459 112 2457 109 2440 104 2431 104"/></Shape>
	    <String CONTENT="succède la maîtrise d&#x27;artistes &lt;.... ....&gt; couscients de leurs fore"
                    HPOS="682"
                    VPOS="78"
                    WIDTH="2009"
                    HEIGHT="113"
                    WC="0.9372612580434599"></String>
          </TextLine>
          <TextLine ID="eSc_line_5dc946fc"
                    TAGREFS="LT31"
                    BASELINE="699 219 2663 228" 
                    HPOS="696"
                    VPOS="171"
                    WIDTH="1967"
                    HEIGHT="88">
            <Shape><Polygon POINTS="699 219 696 242 2657 259 2663 228 2660 188 699 171 699 219"/></Shape>
	    <String CONTENT="L&#x27;originalité se donne libre carrière; &lt;. &lt;.... .&gt; créve à sa"
                    HPOS="696"
                    VPOS="171"
                    WIDTH="1967"
                    HEIGHT="88"
                    WC="0.9637162201717252"></String>
          </TextLine>
          <TextLine ID="eSc_line_47e8cb42"
                    TAGREFS="LT34"
                    BASELINE="2044 187 2240 185" 
                    HPOS="2044"
                    VPOS="185"
                    WIDTH="196"
                    HEIGHT="2">
	    <String CONTENT=""
                    HPOS="2044"
                    VPOS="185"
                    WIDTH="196"
                    HEIGHT="2"></String>
          </TextLine>
          <TextLine ID="eSc_line_3299f02a"
                    TAGREFS="LT31"
                    BASELINE="702 293 1444 281 2716 290" 
                    HPOS="702"
                    VPOS="236"
                    WIDTH="2014"
                    HEIGHT="88">
            <Shape><Polygon POINTS="702 293 702 324 894 324 894 321 897 321 899 321 919 307 1035 321 1049 321 1052 324 1368 324 1368 321 1371 321 1379 318 1421 307 2711 310 2716 290 2711 236 702 245 702 293"/></Shape>
	    <String CONTENT="quise. C&#x27;est Wiertz qui combinant David et Aubens avec les visions de vie¬"
                    HPOS="702"
                    VPOS="236"
                    WIDTH="2014"
                    HEIGHT="88"
                    WC="0.9827886143246213"></String>
          </TextLine>
          <TextLine ID="eSc_line_190819da"
                    TAGREFS="LT31"
                    BASELINE="696 363 2699 357" 
                    HPOS="693"
                    VPOS="295"
                    WIDTH="2006"
                    HEIGHT="108">
            <Shape><Polygon POINTS="696 363 696 383 756 383 761 383 781 400 784 400 787 400 789 403 928 403 928 400 930 400 976 383 978 383 1024 383 1582 400 1585 400 1692 380 1701 380 1796 380 1799 380 1833 397 1836 397 1839 397 2028 380 2031 380 2107 380 2163 380 2194 397 2197 397 2200 397 2203 397 2268 383 2296 397 2299 397 2301 400 2671 400 2671 397 2674 397 2677 397 2699 377 2699 357 2694 321 2471 321 2448 304 2445 304 2443 304 2440 304 2155 318 2118 304 2115 304 2112 304 1980 318 1949 295 1946 295 1943 295 1698 295 1695 295 1540 298 1537 298 1534 298 1500 321 1497 321 1393 298 1390 298 1387 298 1320 321 1280 304 1277 304 1275 304 1272 304 1269 304 1246 321 908 321 888 321 843 298 840 298 837 298 693 321 696 363"/></Shape>
	    <String CONTENT="tor Gugo aboutit à l&#x27;étrange ce rorant le grandrose, c&#x27;est Rops, dont"
                    HPOS="693"
                    VPOS="295"
                    WIDTH="2006"
                    HEIGHT="108"
                    WC="0.9810805942331041"></String>
          </TextLine>
          <TextLine ID="eSc_line_ff7efec2"
                    TAGREFS="LT33"
                    BASELINE="1540 311 1839 309" 
                    HPOS="1540"
                    VPOS="309"
                    WIDTH="299"
                    HEIGHT="2">
	    <String CONTENT=""
                    HPOS="1540"
                    VPOS="309"
                    WIDTH="299"
                    HEIGHT="2"></String>
          </TextLine>
          <TextLine ID="eSc_line_efcd2956"
                    TAGREFS="LT31"
                    BASELINE="693 434 2282 428 2725 442" 
                    HPOS="691"
                    VPOS="377"
                    WIDTH="2034"
                    HEIGHT="93">
            <Shape><Polygon POINTS="693 434 696 470 741 456 2719 467 2725 442 2722 397 2493 397 2490 394 2459 380 2457 380 2454 380 2451 380 2417 394 2414 394 2411 394 2364 377 2361 377 2358 377 2355 377 2316 394 2310 394 2287 394 2121 377 1839 377 1836 377 1777 391 1757 394 1732 391 1658 377 1655 377 1596 388 1568 394 1492 388 1342 377 1339 377 1337 377 1306 388 1286 394 1204 388 1091 377 1001 377 998 377 995 377 993 377 981 386 967 394 691 386 693 434"/></Shape>
	    <String CONTENT="les eaux fortes semblent inspireis de Bandelaire ; c’est verivéc, aves"
                    HPOS="691"
                    VPOS="377"
                    WIDTH="2034"
                    HEIGHT="93"
                    WC="0.9902628328119005"></String>
          </TextLine>
          <TextLine ID="eSc_line_63c11df1"
                    TAGREFS="LT31"
                    BASELINE="682 498 2685 504" 
                    HPOS="679"
                    VPOS="450"
                    WIDTH="2006"
                    HEIGHT="91">
            <Shape><Polygon POINTS="682 498 679 524 750 541 753 541 2682 532 2685 504 2682 456 682 450 682 498"/></Shape>
	    <String CONTENT="ses moutons, &lt;... ..... .. .. .... . Ss"
                    HPOS="679"
                    VPOS="450"
                    WIDTH="2006"
                    HEIGHT="91"
                    WC="0.949284131710346"></String>
          </TextLine>
          <TextLine ID="eSc_line_865cc5e1"
                    TAGREFS="LT31"
                    BASELINE="674 577 2057 577 2057 577 2326 591 2654 572" 
                    HPOS="671"
                    VPOS="524"
                    WIDTH="1983"
                    HEIGHT="93">
            <Shape><Polygon POINTS="679 614 705 600 880 600 899 611 905 617 908 617 911 617 914 617 916 617 930 611 959 600 1125 600 1150 608 1170 617 1173 617 1176 617 1416 605 1571 600 1588 605 1622 617 1624 617 1627 617 1695 603 1729 597 1749 603 1782 614 1785 614 1788 614 1791 614 1833 603 1856 597 2036 597 2039 600 2056 614 2059 614 2062 614 2064 617 2623 617 2623 614 2626 614 2629 614 2654 594 2654 572 2648 538 1749 524 1746 524 1647 538 792 527 789 527 671 541 674 577"/></Shape>
	    <String CONTENT="avec ses pores, Alfred Stevens avec des fimmes di monde, Leys sntrent"
                    HPOS="671"
                    VPOS="524"
                    WIDTH="1983"
                    HEIGHT="93"
                    WC="0.9831928714461948"></String>
          </TextLine>
          <TextLine ID="eSc_line_7bae88a6"
                    TAGREFS="LT31"
                    BASELINE="668 656 2739 651" 
                    HPOS="665"
                    VPOS="605"
                    WIDTH="2074"
                    HEIGHT="88">
            <Shape><Polygon POINTS="668 656 668 693 756 673 837 690 840 690 843 690 897 673 1043 673 1071 690 1074 690 1077 690 1080 690 1083 690 1119 673 1258 690 1261 690 1469 673 1565 690 1568 690 1720 670 1777 687 1780 687 1782 687 1909 670 2733 687 2739 651 2733 608 665 605 668 656"/></Shape>
	    <String CONTENT="Avec ses Ouversois du XVIe siècle et la resurrection du passé par la magie"
                    HPOS="665"
                    VPOS="605"
                    WIDTH="2074"
                    HEIGHT="88"
                    WC="0.9910666725120029"></String>
          </TextLine>
          <TextLine ID="eSc_line_00e83275"
                    TAGREFS="LT31"
                    BASELINE="674 729 1988 724 2725 735" 
                    HPOS="671"
                    VPOS="667"
                    WIDTH="2054"
                    HEIGHT="93">
            <Shape><Polygon POINTS="674 729 671 746 2719 760 2725 735 2722 690 2287 690 2237 670 2234 670 2231 670 2152 684 2098 667 2096 667 2093 667 2019 682 1943 667 1940 667 1938 667 1935 667 1904 687 1805 667 1802 667 1689 687 1622 667 1619 667 1444 667 1441 667 1438 667 1435 667 1407 690 1354 690 1277 667 1275 667 1272 667 1269 667 1266 667 1238 690 1012 690 981 673 978 673 976 673 902 684 725 667 722 667 719 667 674 684 674 729"/></Shape>
	    <String CONTENT="de la cocleur, et de Brackelier d&#x27;une intimété et d&#x27;une poésie si qre"
                    HPOS="671"
                    VPOS="667"
                    WIDTH="2054"
                    HEIGHT="93"
                    WC="0.9822334923605988"></String>
          </TextLine>
          <TextLine ID="eSc_line_b188c37e"
                    TAGREFS="LT31"
                    BASELINE="674 797 1543 808 1543 808 2685 806" 
                    HPOS="674"
                    VPOS="746"
                    WIDTH="2011"
                    HEIGHT="102">
            <Shape><Polygon POINTS="674 834 1049 825 1077 834 1097 839 1100 839 1103 839 1105 839 1119 834 1136 825 1148 834 1153 839 1156 839 1159 839 1162 842 1297 842 1297 839 1300 839 1320 834 1345 825 1385 834 1435 842 1438 842 1613 831 1695 828 1706 831 1729 842 1732 842 1734 842 1943 831 2014 828 2025 831 2067 845 2070 845 2073 845 2076 845 2135 831 2138 831 2152 831 2459 845 2462 845 2595 831 2634 845 2637 845 2640 848 2640 845 2643 845 2682 828 2685 806 2682 769 2564 752 2561 752 2558 752 2513 766 2507 769 2175 769 2166 763 2152 752 2149 752 2146 752 2143 752 2073 760 2039 766 2031 760 2017 749 2014 749 2011 749 2008 749 2005 749 2002 749 1986 760 1980 763 1777 758 1399 749 1396 749 1393 749 1373 755 1345 763 1294 755 1249 746 1246 746 1173 752 1086 760 1057 752 1040 746 1038 746 1035 746 1032 746 1021 752 1004 760 990 752 984 746 981 746 978 746 976 746 953 749 908 760 877 749 866 746 863 746 860 746 843 749 792 760 674 749 674 797"/></Shape>
	    <String CONTENT="nautes Et tout cela particupe &lt;......&gt; a l&#x27;essor de la peinture"
                    HPOS="674"
                    VPOS="746"
                    WIDTH="2011"
                    HEIGHT="102"
                    WC="0.9669309504448421"></String>
          </TextLine>
          <TextLine ID="eSc_line_5ed4fedb"
                    TAGREFS="LT31"
                    BASELINE="682 870 2713 887" 
                    HPOS="682"
                    VPOS="820"
                    WIDTH="2031"
                    HEIGHT="101">
            <Shape><Polygon POINTS="682 870 682 904 1018 896 1074 910 1080 910 1083 910 1086 910 1108 910 1235 899 1339 910 1362 913 1365 913 1407 913 1610 901 1684 913 1698 915 1701 915 1726 915 1844 904 2708 921 2713 887 2711 839 1029 839 1015 825 1015 822 1012 822 1009 822 1007 822 1004 822 815 834 682 820 682 870"/></Shape>
	    <String CONTENT="française et s&#x27;oriente en partie sous ses directivnes. Comme au XVIe sicèle"
                    HPOS="682"
                    VPOS="820"
                    WIDTH="2031"
                    HEIGHT="101"
                    WC="0.9821284627914428"></String>
          </TextLine>
          <TextLine ID="eSc_line_ff3e4fc1"
                    TAGREFS="LT31"
                    BASELINE="671 955 2730 961" 
                    HPOS="668"
                    VPOS="896"
                    WIDTH="2062"
                    HEIGHT="101">
            <Shape><Polygon POINTS="671 955 668 975 761 994 764 994 832 980 914 994 916 994 1325 980 1368 980 1497 980 1500 980 1517 994 1520 994 1523 994 1526 994 1588 983 1605 980 1940 980 1946 986 1960 997 1963 997 1966 997 1969 997 1971 997 1974 997 1994 986 1997 983 2008 986 2062 997 2064 997 2155 986 2189 983 2725 989 2730 961 2725 913 2592 918 2575 910 2550 899 2547 899 2544 899 2541 899 2519 910 2505 918 2454 910 2372 899 2369 899 2316 910 2282 918 2265 910 2251 904 2248 904 2245 904 2160 910 2062 918 2031 910 2000 901 1997 901 1994 901 1991 901 1988 901 1980 910 1969 918 1898 910 1842 904 1839 904 1780 910 1698 918 1520 918 1506 910 1495 901 1492 901 1489 901 1486 901 1483 901 1461 910 1441 915 1402 910 1311 896 1167 896 1165 896 1162 896 1136 910 1122 918 970 918 953 910 919 896 916 896 914 896 911 896 860 910 832 918 772 918 761 910 744 896 741 896 739 896 736 896 671 907 671 955"/></Shape>
	    <String CONTENT="les peintres &lt;... .. .. ..... .. .. ... ...&gt; péquen"
                    HPOS="668"
                    VPOS="896"
                    WIDTH="2062"
                    HEIGHT="101"
                    WC="0.8767382116878734"></String>
          </TextLine>
          <TextLine ID="eSc_line_9684bb24"
                    TAGREFS="LT34"
                    BASELINE="1156 927 1307 921" 
                    HPOS="1156"
                    VPOS="921"
                    WIDTH="151"
                    HEIGHT="6">
	    <String CONTENT=""
                    HPOS="1156"
                    VPOS="921"
                    WIDTH="151"
                    HEIGHT="6"></String>
          </TextLine>
          <TextLine ID="eSc_line_090802c4"
                    TAGREFS="LT31"
                    BASELINE="660 1037 2719 1037" 
                    HPOS="660"
                    VPOS="989"
                    WIDTH="2059"
                    HEIGHT="81">
            <Shape><Polygon POINTS="660 1037 660 1068 2716 1070 2719 1037 2719 989 660 989 660 1037"/></Shape>
	    <String CONTENT="tent assidenment Paris, mais sans s&#x27;y asservir. &lt;. .&gt; après"
                    HPOS="660"
                    VPOS="989"
                    WIDTH="2059"
                    HEIGHT="81"
                    WC="0.9574103173563036"></String>
          </TextLine>
          <TextLine ID="eSc_line_65f3ffdd"
                    TAGREFS="LT31"
                    BASELINE="668 1104 2711 1116" 
                    HPOS="665"
                    VPOS="1062"
                    WIDTH="2046"
                    HEIGHT="87">
            <Shape><Polygon POINTS="668 1104 665 1124 679 1138 679 1141 682 1141 685 1141 688 1141 823 1127 1139 1141 1142 1141 1145 1141 1179 1127 1184 1127 1483 1144 1486 1144 1613 1132 1639 1130 1655 1132 1729 1147 1732 1147 1819 1135 1836 1132 1844 1135 1884 1147 1887 1147 1890 1147 2008 1135 2064 1132 2169 1132 2180 1138 2197 1149 2200 1149 2203 1149 2206 1149 2268 1141 2296 1135 2318 1141 2352 1149 2355 1149 2358 1149 2708 1144 2711 1116 2708 1073 668 1062 668 1104"/></Shape>
	    <String CONTENT="le romantiime de Delacraix, ils ont ressenté le contre coup du réales"
                    HPOS="665"
                    VPOS="1062"
                    WIDTH="2046"
                    HEIGHT="87"
                    WC="0.9990692717441614"></String>
          </TextLine>
          <TextLine ID="eSc_line_ba8639e2"
                    TAGREFS="LT31"
                    BASELINE="662 1178 2691 1183" 
                    HPOS="660"
                    VPOS="1124"
                    WIDTH="2031"
                    HEIGHT="93">
            <Shape><Polygon POINTS="662 1178 660 1200 682 1214 685 1214 688 1214 691 1214 1331 1203 1481 1203 2685 1217 2691 1183 2685 1130 1723 1141 1678 1127 1675 1127 1672 1127 1667 1127 744 1138 662 1124 662 1178"/></Shape>
	    <String CONTENT="nit de Corot, de Rousseau, de Millet et, avec courbet, se sont délatis"
                    HPOS="660"
                    VPOS="1124"
                    WIDTH="2031"
                    HEIGHT="93"
                    WC="0.9939204241548266"></String>
          </TextLine>
          <TextLine ID="eSc_line_7ce34c5b"
                    TAGREFS="LT31"
                    BASELINE="665 1248 2076 1262 2077 1262 2708 1256" 
                    HPOS="662"
                    VPOS="1209"
                    WIDTH="2046"
                    HEIGHT="87">
            <Shape><Polygon POINTS="662 1268 691 1285 693 1285 696 1285 849 1273 894 1290 897 1290 899 1293 1012 1293 1012 1290 1015 1290 1018 1290 1043 1273 1128 1273 1294 1273 1297 1273 1339 1290 1342 1290 1345 1290 1557 1276 1568 1276 1571 1276 1610 1293 1613 1293 1616 1293 1698 1279 2064 1296 2067 1296 2705 1285 2708 1256 2705 1211 665 1209 665 1248"/></Shape>
	    <String CONTENT="dans le plen air. Ils parlent cependant leur langue propre et voient"
                    HPOS="662"
                    VPOS="1209"
                    WIDTH="2046"
                    HEIGHT="87"
                    WC="0.9946401478613124"></String>
          </TextLine>
          <TextLine ID="eSc_line_6cd7cb1e"
                    TAGREFS="LT31"
                    BASELINE="662 1321 1232 1328 1232 1328 2671 1310" 
                    HPOS="660"
                    VPOS="1276"
                    WIDTH="2011"
                    HEIGHT="73">
            <Shape><Polygon POINTS="662 1347 2665 1349 2671 1310 2663 1276 660 1276 662 1321"/></Shape>
	    <String CONTENT="de leurs propres yeux. Leur indivi dualisme brisant avec les trouditions"
                    HPOS="660"
                    VPOS="1276"
                    WIDTH="2011"
                    HEIGHT="73"
                    WC="0.9890014852086703"></String>
          </TextLine>
          <TextLine ID="eSc_line_712698c9"
                    TAGREFS="LT31"
                    BASELINE="668 1400 2727 1380" 
                    HPOS="665"
                    VPOS="1347"
                    WIDTH="2062"
                    HEIGHT="87">
            <Shape><Polygon POINTS="668 1400 668 1434 789 1420 868 1431 871 1431 874 1431 902 1417 1097 1428 1100 1428 1103 1428 1131 1414 1244 1428 1249 1428 1252 1428 1255 1428 1328 1411 1450 1426 1452 1426 1455 1426 1867 1406 2722 1411 2727 1380 2719 1347 665 1361 668 1400"/></Shape>
	    <String CONTENT="qui contiment à rigner dans les Aesidenies&quot; se mani feste sans en"
                    HPOS="665"
                    VPOS="1347"
                    WIDTH="2062"
                    HEIGHT="87"
                    WC="0.9903169771035513"></String>
          </TextLine>
          <TextLine ID="eSc_line_938a0b1b"
                    TAGREFS="LT31"
                    BASELINE="668 1471 2733 1445" 
                    HPOS="665"
                    VPOS="1392"
                    WIDTH="2068"
                    HEIGHT="110">
            <Shape><Polygon POINTS="668 1471 668 1502 1122 1482 1297 1496 1311 1496 1314 1496 1323 1496 1421 1479 1568 1493 1579 1493 1582 1493 1599 1493 1822 1473 2019 1488 2028 1488 2031 1488 2039 1488 2276 1468 2310 1482 2313 1482 2316 1485 2468 1485 2490 1485 2490 1482 2493 1482 2496 1482 2516 1468 2727 1479 2733 1445 2727 1406 2598 1392 2595 1392 2592 1392 2589 1392 2569 1406 2569 1409 2366 1409 2364 1409 2313 1395 2310 1395 2307 1395 2304 1395 2268 1411 2265 1414 2127 1414 2127 1411 2101 1397 2098 1397 2096 1397 2093 1397 1988 1414 1983 1414 1977 1414 1844 1400 1842 1400 1839 1400 1836 1400 1811 1417 1808 1420 1579 1420 1481 1420 1356 1406 1354 1406 1351 1406 1308 1423 1131 1409 1128 1409 1125 1409 1077 1426 897 1411 894 1411 891 1411 857 1426 719 1414 716 1414 713 1414 665 1431 668 1471"/></Shape>
	    <String CONTENT="traves. Parles d&#x27;école à leur propos serait éciexacts: ils ont horrenr de tout"
                    HPOS="665"
                    VPOS="1392"
                    WIDTH="2068"
                    HEIGHT="110"
                    WC="0.991467595854892"></String>
          </TextLine>
          <TextLine ID="eSc_line_040ebe7e"
                    TAGREFS="LT31"
                    BASELINE="657 1538 1895 1522 1895 1522 2657 1493" 
                    HPOS="654"
                    VPOS="1457"
                    WIDTH="2003"
                    HEIGHT="118">
            <Shape><Polygon POINTS="657 1575 815 1555 1055 1564 1097 1564 1100 1564 1117 1561 1184 1547 1427 1552 1537 1552 1540 1552 1588 1547 1661 1535 1715 1541 1777 1550 1780 1550 2005 1544 2008 1544 2011 1544 2031 1533 2036 1530 2115 1530 2637 1530 2640 1530 2643 1530 2646 1530 2646 1527 2657 1516 2657 1493 2648 1457 654 1499 657 1538"/></Shape>
	    <String CONTENT="autosité - eu quoi ils sont bien de leur pays- et leur &lt;... ...&gt;"
                    HPOS="654"
                    VPOS="1457"
                    WIDTH="2003"
                    HEIGHT="118"
                    WC="0.9606336336582899"></String>
          </TextLine>
          <TextLine ID="eSc_line_12559997"
                    TAGREFS="LT31"
                    BASELINE="657 1609 1458 1578 1859 1574 1859 1574 2665 1552" 
                    HPOS="654"
                    VPOS="1516"
                    WIDTH="2011"
                    HEIGHT="121">
            <Shape><Polygon POINTS="657 1637 2663 1575 2665 1552 2657 1516 654 1555 657 1609"/></Shape>
	    <String CONTENT="&lt;.... . ... originalite se d&#x27;èveloppe &lt;.... .....&gt;"
                    HPOS="654"
                    VPOS="1516"
                    WIDTH="2011"
                    HEIGHT="121"
                    WC="0.9365418708324432"></String>
          </TextLine>
          <TextLine ID="eSc_line_8ae52351"
                    TAGREFS="LT31"
                    BASELINE="657 1662 2059 1631" 
                    HPOS="654"
                    VPOS="1595"
                    WIDTH="1405"
                    HEIGHT="101">
            <Shape><Polygon POINTS="657 1662 657 1688 857 1696 860 1696 922 1682 939 1679 950 1682 981 1693 984 1693 987 1693 1139 1676 1187 1674 1235 1676 1418 1685 1421 1685 1497 1668 1503 1668 1506 1668 1543 1682 1545 1682 1548 1682 1551 1682 1554 1682 1571 1668 1576 1665 1588 1665 1672 1679 1675 1679 2056 1654 2059 1631 2050 1595 654 1623 657 1662"/></Shape>
	    <String CONTENT="avec la même variété que leurs timpéransments"
                    HPOS="654"
                    VPOS="1595"
                    WIDTH="1405"
                    HEIGHT="101"
                    WC="0.9866773843765259"></String>
          </TextLine>
          <TextLine ID="eSc_line_b61a3ae5"
                    TAGREFS="LT31"
                    BASELINE="696 1738 2723 1702" 
                    HPOS="693"
                    VPOS="1651"
                    WIDTH="2015"
                    HEIGHT="118">
            <Shape><Polygon POINTS="696 1769 2705 1736 2708 1702 2699 1651 693 1693 696 1738"/></Shape>
	    <String CONTENT="Les phases de l&#x27;histoire de la peinture se répêtent exactement duns celles"
                    HPOS="693"
                    VPOS="1651"
                    WIDTH="2015"
                    HEIGHT="118"
                    WC="0.9904956068541553"></String>
          </TextLine>
          <TextLine ID="eSc_line_fbbfe933"
                    TAGREFS="LT31"
                    BASELINE="646 1812 2725 1775" 
                    HPOS="643"
                    VPOS="1727"
                    WIDTH="2082"
                    HEIGHT="110">
            <Shape><Polygon POINTS="646 1812 646 1837 2722 1800 2725 1775 2716 1727 2389 1738 2335 1730 2304 1727 2301 1727 2299 1727 2279 1733 2228 1744 2121 1733 2073 1730 2070 1730 2067 1730 2053 1736 2022 1747 1892 1736 1861 1736 1859 1736 1839 1738 1749 1753 1655 1741 1633 1738 1630 1738 1627 1738 1624 1738 1622 1741 1607 1753 1548 1741 1540 1741 1537 1741 1509 1741 1269 1761 1162 1747 1153 1747 1150 1747 1148 1747 1145 1747 1108 1764 984 1750 978 1750 976 1750 973 1750 933 1767 643 1755 646 1812"/></Shape>
	    <String CONTENT="de la sculpture. &lt;.......&gt; Pour elle aussi 1830este un teurnant"
                    HPOS="643"
                    VPOS="1727"
                    WIDTH="2082"
                    HEIGHT="110"
                    WC="0.991719420940157"></String>
          </TextLine>
          <TextLine ID="eSc_line_9f4243b0"
                    TAGREFS="LT31"
                    BASELINE="646 1885 2733 1846" 
                    HPOS="643"
                    VPOS="1806"
                    WIDTH="2090"
                    HEIGHT="110">
            <Shape><Polygon POINTS="646 1885 646 1916 2733 1877 2733 1846 2725 1806 643 1840 646 1885"/></Shape>
	    <String CONTENT="brusque. Ce n&#x27;est pas que le classissen é et l&#x27;influ snce de Rome et de Paris"
                    HPOS="643"
                    VPOS="1806"
                    WIDTH="2090"
                    HEIGHT="110"
                    WC="0.9753378142010082"></String>
          </TextLine>
          <TextLine ID="eSc_line_03441130"
                    TAGREFS="LT31"
                    BASELINE="640 1961 1819 1936 2668 1930" 
                    HPOS="637"
                    VPOS="1877"
                    WIDTH="2031"
                    HEIGHT="115">
            <Shape><Polygon POINTS="640 1961 640 1986 1148 1992 1150 1992 1246 1981 1337 1972 1379 1981 1413 1986 1416 1986 1452 1981 1506 1970 1596 1978 1653 1984 1655 1984 1658 1984 1661 1984 1670 1978 1686 1967 1785 1978 1836 1981 1839 1981 1842 1981 1864 1975 1915 1964 2110 1972 2166 1975 2169 1975 2172 1975 2175 1975 2177 1972 2200 1958 2321 1972 2341 1972 2344 1972 2366 1970 2527 1953 2663 1967 2668 1930 2663 1891 2361 1877 2358 1877 2160 1893 2129 1896 2104 1896 1963 1885 1960 1885 1898 1899 1890 1899 1884 1899 1853 1885 1850 1885 1847 1885 1684 1888 1681 1888 1655 1899 1647 1905 1605 1902 1500 1891 1497 1891 1430 1902 1404 1908 1393 1905 1371 1893 1368 1893 1365 1893 1289 1905 1244 1910 1207 1905 1142 1896 1139 1896 1083 1908 1060 1910 1032 1908 970 1899 967 1899 964 1899 936 1908 914 1916 637 1913 640 1961"/></Shape>
	    <String CONTENT="ne se maintiennent longtemps encoré chez les épigous de Godecharle"
                    HPOS="637"
                    VPOS="1877"
                    WIDTH="2031"
                    HEIGHT="115"
                    WC="0.9817923993775339"></String>
          </TextLine>
          <TextLine ID="eSc_line_3b5608f3"
                    TAGREFS="LT31"
                    BASELINE="640 2034 2719 1984" 
                    HPOS="637"
                    VPOS="1939"
                    WIDTH="2082"
                    HEIGHT="140">
            <Shape><Polygon POINTS="640 2034 640 2079 772 2060 1088 2068 1097 2068 1100 2068 1159 2068 1331 2060 1334 2060 1337 2060 1337 2057 1351 2046 1653 2054 1675 2054 1678 2054 1695 2054 1875 2034 1991 2046 2000 2046 2002 2046 2005 2046 2008 2046 2070 2029 2112 2043 2115 2043 2118 2043 2121 2043 2124 2043 2127 2043 2149 2026 2716 2026 2719 1984 2711 1939 637 1984 640 2034"/></Shape>
	    <String CONTENT="Kissels par exemple ou Frachin (+1893). Mais le couront patriotiqué en"
                    HPOS="637"
                    VPOS="1939"
                    WIDTH="2082"
                    HEIGHT="140"
                    WC="0.9925373230661665"></String>
          </TextLine>
          <TextLine ID="eSc_line_1cca8e4f"
                    TAGREFS="LT31"
                    BASELINE="643 2099 2702 2057" 
                    HPOS="640"
                    VPOS="2012"
                    WIDTH="2062"
                    HEIGHT="115">
            <Shape><Polygon POINTS="643 2099 643 2127 2702 2094 2702 2057 2694 2012 640 2057 643 2099"/></Shape>
	    <String CONTENT="trané s&#x27;impose aux artistes et &lt;..&gt; les oriente à leur tour vers la glo¬"
                    HPOS="640"
                    VPOS="2012"
                    WIDTH="2062"
                    HEIGHT="115"
                    WC="0.9674450216228014"></String>
          </TextLine>
          <TextLine ID="eSc_line_dd2ad079"
                    TAGREFS="LT31"
                    BASELINE="637 2164 2699 2125" 
                    HPOS="634"
                    VPOS="2082"
                    WIDTH="2065"
                    HEIGHT="119">
            <Shape><Polygon POINTS="637 2164 637 2201 2696 2150 2699 2125 2691 2082 634 2125 637 2164"/></Shape>
	    <String CONTENT="riéfication du passé national. Des 1833, Nothomb demande que van"
                    HPOS="634"
                    VPOS="2082"
                    WIDTH="2065"
                    HEIGHT="119"
                    WC="0.999804469756782"></String>
          </TextLine>
          <TextLine ID="eSc_line_b4002d6b"
                    TAGREFS="LT31"
                    BASELINE="634 2229 2708 2181" 
                    HPOS="631"
                    VPOS="2141"
                    WIDTH="2077"
                    HEIGHT="108">
            <Shape><Polygon POINTS="634 2229 634 2249 2708 2209 2708 2181 2699 2141 631 2181 634 2229"/></Shape>
	    <String CONTENT="artevelde soit replacé sus son piédestal&quot; et l&#x27;Ctot comme les villes rivale"
                    HPOS="631"
                    VPOS="2141"
                    WIDTH="2077"
                    HEIGHT="108"
                    WC="0.9990006502469381"></String>
          </TextLine>
          <TextLine ID="eSc_line_646d5e93"
                    TAGREFS="LT31"
                    BASELINE="643 2291 2679 2237" 
                    HPOS="640"
                    VPOS="2192"
                    WIDTH="2039"
                    HEIGHT="135">
            <Shape><Polygon POINTS="643 2291 643 2313 736 2327 739 2327 942 2308 967 2305 2679 2274 2679 2237 2671 2192 640 2254 643 2291"/></Shape>
	    <String CONTENT="seut &lt;&gt; dans l&#x27;érection de statues qui seront l&#x27;omement du fenne"
                    HPOS="640"
                    VPOS="2192"
                    WIDTH="2039"
                    HEIGHT="135"
                    WC="0.9890493899583817"></String>
          </TextLine>
          <TextLine ID="eSc_line_0418ec9e"
                    TAGREFS="LT31"
                    BASELINE="640 2358 2719 2308" 
                    HPOS="637"
                    VPOS="2268"
                    WIDTH="2082"
                    HEIGHT="121">
            <Shape><Polygon POINTS="640 2358 640 2389 2719 2339 2719 2308 2711 2268 1337 2288 1334 2288 1297 2302 1215 2291 1213 2291 1210 2291 1207 2291 1184 2305 1004 2296 1001 2296 998 2296 995 2296 978 2311 868 2299 866 2299 637 2319 640 2358"/></Shape>
	    <String CONTENT="Etat. Le Belgique &lt;................&gt; se hate d&#x27;élever sur ses places"
                    HPOS="637"
                    VPOS="2268"
                    WIDTH="2082"
                    HEIGHT="121"
                    WC="0.9337217018884771"></String>
          </TextLine>
          <TextLine ID="eSc_line_fc9f06fe"
                    TAGREFS="LT31"
                    BASELINE="637 2429 2719 2370" 
                    HPOS="634"
                    VPOS="2330"
                    WIDTH="2085"
                    HEIGHT="138">
            <Shape><Polygon POINTS="637 2429 643 2468 662 2454 756 2463 787 2466 789 2466 792 2466 795 2466 798 2463 815 2449 976 2446 1007 2454 1026 2460 1029 2460 1032 2460 1088 2451 1165 2440 1277 2446 1373 2449 1376 2449 1605 2435 1757 2423 1777 2426 1819 2437 1822 2437 1825 2437 1904 2423 1935 2418 1977 2420 2107 2429 2110 2429 2112 2429 2149 2415 2155 2412 2163 2412 2214 2426 2217 2426 2220 2426 2403 2404 2426 2404 2440 2404 2606 2415 2609 2415 2719 2392 2719 2370 2711 2330 1805 2344 1729 2353 1605 2364 1486 2358 1444 2356 1441 2356 1368 2358 1111 2378 1069 2367 1066 2367 1063 2367 1057 2367 987 2381 930 2370 922 2370 919 2370 916 2370 914 2370 914 2373 899 2384 634 2378 637 2429"/></Shape>
	    <String CONTENT="subliques les effigies des &lt;.. .. ...... .. .&gt; grandes hommes qusy t"
                    HPOS="634"
                    VPOS="2330"
                    WIDTH="2085"
                    HEIGHT="138"
                    WC="0.9038372504360536"></String>
          </TextLine>
          <TextLine ID="eSc_line_04919bec"
                    TAGREFS="LT31"
                    BASELINE="631 2494 2696 2440" 
                    HPOS="629"
                    VPOS="2392"
                    WIDTH="2067"
                    HEIGHT="138">
            <Shape><Polygon POINTS="631 2494 631 2530 2696 2463 2696 2440 2688 2392 629 2451 631 2494"/></Shape>
	    <String CONTENT="&lt;.......&gt; les ancètrer de &lt;. &lt;..... ... ....&gt;"
                    HPOS="629"
                    VPOS="2392"
                    WIDTH="2067"
                    HEIGHT="138"
                    WC="0.9316381255785624"></String>
          </TextLine>
          <TextLine ID="eSc_line_a8ff7664"
                    TAGREFS="LT31"
                    BASELINE="634 2550 1376 2544 2696 2505" 
                    HPOS="631"
                    VPOS="2457"
                    WIDTH="2065"
                    HEIGHT="138">
            <Shape><Polygon POINTS="634 2550 634 2578 741 2595 744 2595 860 2592 863 2592 866 2592 866 2590 880 2575 905 2590 908 2590 911 2590 1007 2575 1088 2587 1091 2587 2696 2530 2696 2505 2688 2457 631 2511 634 2550"/></Shape>
	    <String CONTENT="o.. ... .n victimes des.... ... .advédité les"
                    HPOS="631"
                    VPOS="2457"
                    WIDTH="2065"
                    HEIGHT="138"
                    WC="0.9110047360261281"></String>
          </TextLine>
          <TextLine ID="eSc_line_e03a9ecd"
                    TAGREFS="LT31"
                    BASELINE="626 2626 2110 2575 2725 2564" 
                    HPOS="623"
                    VPOS="2513"
                    WIDTH="2102"
                    HEIGHT="136">
            <Shape><Polygon POINTS="626 2626 626 2649 2725 2592 2725 2564 2719 2525 2584 2513 2581 2513 2578 2513 2550 2528 2541 2528 2400 2519 2397 2519 2285 2536 2268 2536 2248 2536 2112 2528 2110 2528 1912 2544 1844 2550 1819 2547 1760 2539 1757 2539 1754 2539 1751 2539 1751 2542 1743 2550 1737 2556 623 2578 626 2626"/></Shape>
	    <String CONTENT="d.c.. B... c...s Quint et meme ..e- Théres...... ... ..&gt;"
                    HPOS="623"
                    VPOS="2513"
                    WIDTH="2102"
                    HEIGHT="136"
                    WC="0.8960565764989171"></String>
          </TextLine>
          <TextLine ID="eSc_line_0fd4087f"
                    TAGREFS="LT31"
                    BASELINE="620 2691 2708 2626" 
                    HPOS="617"
                    VPOS="2573"
                    WIDTH="2091"
                    HEIGHT="146">
            <Shape><Polygon POINTS="620 2691 620 2719 2708 2657 2708 2626 2699 2573 2420 2595 2273 2587 2242 2587 2239 2587 2220 2590 2143 2604 1907 2601 1788 2601 1785 2601 1709 2609 1605 2621 1557 2615 1514 2609 1512 2609 1464 2618 1418 2626 1345 2623 1252 2618 1249 2618 1246 2618 1244 2618 1244 2621 1235 2626 1229 2632 1204 2629 1153 2621 1150 2621 1088 2632 1057 2637 959 2637 696 2635 693 2635 617 2649 620 2691"/></Shape>
	    <String CONTENT="ta.. ... ........  .......s"
                    HPOS="617"
                    VPOS="2573"
                    WIDTH="2091"
                    HEIGHT="146"
                    WC="0.902496479175709"></String>
          </TextLine>
          <TextLine ID="eSc_line_7529a288"
                    TAGREFS="LT31"
                    BASELINE="637 2767 1780 2716 2725 2697" 
                    HPOS="634"
                    VPOS="2654"
                    WIDTH="2091"
                    HEIGHT="147">
            <Shape><Polygon POINTS="637 2767 637 2801 1289 2761 1404 2773 1407 2773 1531 2753 1565 2767 1568 2767 1571 2767 1574 2767 1610 2747 1788 2745 1842 2759 1844 2759 1847 2759 1850 2759 1909 2742 2005 2753 2008 2753 2011 2753 2014 2753 2042 2736 2169 2747 2172 2747 2175 2747 2177 2747 2180 2747 2208 2730 2725 2730 2725 2697 2716 2654 1686 2674 1193 2705 1122 2694 1119 2694 634 2725 637 2767"/></Shape>
	    <String CONTENT="&lt;.... .. .. .come Charlemague, Godefoid de Binilliu ou san"
                    HPOS="634"
                    VPOS="2654"
                    WIDTH="2091"
                    HEIGHT="147"
                    WC="0.9645211871328025"></String>
          </TextLine>
          <TextLine ID="eSc_line_7a0aaf85"
                    TAGREFS="LT31"
                    BASELINE="634 2832 1607 2792 2691 2767" 
                    HPOS="631"
                    VPOS="2716"
                    WIDTH="2060"
                    HEIGHT="144">
            <Shape><Polygon POINTS="634 2832 634 2849 809 2860 812 2860 1193 2835 1266 2846 1269 2846 1272 2846 1275 2846 1292 2829 1294 2829 1311 2829 1506 2838 1509 2838 1940 2809 1991 2807 1994 2807 2019 2821 2022 2821 2025 2821 2028 2821 2090 2807 2172 2818 2175 2818 2259 2798 2268 2798 2287 2798 2476 2807 2479 2807 2482 2807 2533 2790 2538 2790 2541 2790 2606 2804 2609 2804 2691 2784 2691 2767 2682 2716 631 2778 634 2832"/></Shape>
	    <String CONTENT="domie de constantinople ont illustré sabu ses ociguies, on comme vau lyeks"
                    HPOS="631"
                    VPOS="2716"
                    WIDTH="2060"
                    HEIGHT="144"
                    WC="0.9874862609682856"></String>
          </TextLine>
          <TextLine ID="eSc_line_a624dea7"
                    TAGREFS="LT31"
                    BASELINE="629 2894 2711 2829" 
                    HPOS="626"
                    VPOS="2790"
                    WIDTH="2085"
                    HEIGHT="138">
            <Shape><Polygon POINTS="629 2894 629 2916 806 2928 809 2928 1029 2908 1190 2914 1193 2914 1196 2914 1198 2914 1213 2902 1215 2900 1235 2900 1348 2911 1351 2911 1416 2897 1433 2908 1435 2908 1438 2908 1441 2908 1444 2908 1447 2908 1447 2905 1461 2894 1464 2888 1850 2880 1861 2883 1890 2894 1892 2894 1895 2894 1898 2894 1901 2894 1915 2883 1921 2877 1991 2880 2163 2885 2166 2885 2301 2871 2372 2863 2392 2869 2423 2877 2426 2877 2428 2877 2431 2877 2459 2866 2474 2860 2711 2860 2711 2829 2702 2790 2251 2804 2220 2801 2163 2792 2160 2792 2050 2804 1971 2812 1932 2807 1890 2801 1887 2801 1799 2809 1706 2821 1661 2815 1630 2809 1627 2809 1624 2809 1613 2815 1596 2823 1512 2818 1469 2815 1466 2815 1464 2815 1455 2818 1430 2832 1159 2838 1114 2826 1108 2826 1105 2826 1103 2826 1063 2829 798 2849 626 2840 629 2894"/></Shape>
	    <String CONTENT="Aubeus I vou Dytz onaatnat Oclandus Lassus à Grétex inumortaliré son"
                    HPOS="626"
                    VPOS="2790"
                    WIDTH="2085"
                    HEIGHT="138"
                    WC="0.96724974583177"></String>
          </TextLine>
          <TextLine ID="eSc_line_9202ea76"
                    TAGREFS="LT31"
                    BASELINE="631 2959 2079 2922 2699 2891" 
                    HPOS="629"
                    VPOS="2849"
                    WIDTH="2070"
                    HEIGHT="135">
            <Shape><Polygon POINTS="631 2959 631 2984 1596 2967 1901 2945 1932 2945 1946 2945 2079 2953 2081 2953 2699 2919 2699 2891 2691 2849 2268 2874 2138 2869 2081 2866 2079 2866 1918 2877 1689 2894 1410 2894 987 2900 925 2914 914 2914 894 2914 727 2905 725 2905 629 2922 631 2959"/></Shape>
	    <String CONTENT="oit national ou enfin comme vais Artevelde. Es mont et Hornes, la puis."
                    HPOS="629"
                    VPOS="2849"
                    WIDTH="2070"
                    HEIGHT="135"
                    WC="0.9703345189631825"></String>
          </TextLine>
          <TextLine ID="eSc_line_c3032adc"
                    TAGREFS="LT31"
                    BASELINE="620 3024 2682 2978" 
                    HPOS="617"
                    VPOS="2936"
                    WIDTH="2065"
                    HEIGHT="124">
            <Shape><Polygon POINTS="620 3024 620 3046 789 3046 815 3060 818 3060 820 3060 823 3060 826 3060 877 3043 880 3043 885 3043 984 3057 987 3057 1136 3038 1156 3038 1165 3038 1218 3052 1221 3052 1224 3052 1331 3035 1348 3035 1368 3035 1517 3046 1520 3046 1703 3029 1780 3024 1822 3029 1904 3038 1907 3038 1909 3038 1935 3026 1940 3021 2682 3012 2682 2978 2677 2939 2152 2936 2149 2936 2036 2950 2019 2953 2005 2953 1938 2942 1935 2942 1791 2956 1765 2959 1749 2959 1664 2947 1661 2947 1658 2947 1655 2947 1636 2962 1630 2962 1596 2962 1387 2953 1385 2953 1382 2953 1345 2967 1342 2967 1339 2967 1303 2956 1300 2956 1297 2956 617 2981 620 3024"/></Shape>
	    <String CONTENT="cesse d&#x27;Epin oy lutté contre le sespotisme dis princes discrédités par Guillemme"
                    HPOS="617"
                    VPOS="2936"
                    WIDTH="2065"
                    HEIGHT="124"
                    WC="0.9917616814374923"></String>
          </TextLine>
          <TextLine ID="eSc_line_a434c723"
                    TAGREFS="LT31"
                    BASELINE="620 3111 908 3094 2671 3057" 
                    HPOS="617"
                    VPOS="3007"
                    WIDTH="2054"
                    HEIGHT="132">
            <Shape><Polygon POINTS="620 3111 620 3139 885 3117 2668 3091 2671 3057 2668 3021 2617 3007 2615 3007 2612 3007 2338 3024 2293 3029 617 3049 620 3111"/></Shape>
	    <String CONTENT="I4. Et cette statuomaine&quot; &lt;.&gt; fouruit bien la parure odiquete à ce"
                    HPOS="617"
                    VPOS="3007"
                    WIDTH="2054"
                    HEIGHT="132"
                    WC="0.9860058204451604"></String>
          </TextLine>
          <TextLine ID="eSc_line_75c0a6db"
                    TAGREFS="LT31"
                    BASELINE="623 3179 1269 3153 2640 3136" 
                    HPOS="620"
                    VPOS="3097"
                    WIDTH="2020"
                    HEIGHT="110">
            <Shape><Polygon POINTS="623 3179 623 3207 761 3190 1187 3193 1320 3193 1323 3193 1359 3187 1441 3176 1497 3184 1540 3190 1543 3190 1630 3181 1709 3173 1969 3173 2606 3173 2606 3170 2609 3170 2640 3153 2640 3136 2634 3097 1802 3097 1799 3097 1796 3097 1763 3111 1760 3111 1751 3111 1602 3100 1599 3100 1596 3100 1593 3100 1574 3114 1458 3102 1455 3102 1452 3102 1402 3117 1317 3105 1314 3105 947 3125 945 3125 942 3125 784 3114 781 3114 620 3131 623 3179"/></Shape>
	    <String CONTENT="peuple bourgeois, posifique et content de lui-même. &lt;.........&gt;"
                    HPOS="620"
                    VPOS="3097"
                    WIDTH="2020"
                    HEIGHT="110"
                    WC="0.9670407403083074"></String>
          </TextLine>
          <TextLine ID="eSc_line_daf58b8f"
                    TAGREFS="LT31"
                    BASELINE="626 3249 2663 3204" 
                    HPOS="623"
                    VPOS="3162"
                    WIDTH="2040"
                    HEIGHT="126">
            <Shape><Polygon POINTS="626 3249 626 3288 756 3269 860 3283 871 3283 874 3283 891 3283 1018 3263 1122 3274 1131 3274 1134 3274 1150 3274 1308 3257 1359 3269 1385 3272 1387 3272 1441 3266 1543 3252 1667 3257 1768 3263 1771 3263 1816 3255 1842 3249 1887 3252 1977 3257 1980 3257 1983 3257 2008 3249 2028 3241 2118 3243 2276 3252 2279 3252 2663 3226 2663 3204 2654 3162 1131 3201 1117 3201 1026 3190 1024 3190 1021 3190 1018 3190 1001 3204 998 3204 993 3204 880 3193 877 3193 623 3212 626 3249"/></Shape>
	    <String CONTENT="&lt; .... .. . .. ... .....&gt;"
                    HPOS="623"
                    VPOS="3162"
                    WIDTH="2040"
                    HEIGHT="126"
                    WC="0.8644601058959961"></String>
          </TextLine>
          <TextLine ID="eSc_line_f253bf59"
                    TAGREFS="LT31"
                    BASELINE="614 3317 914 3303 2705 3280" 
                    HPOS="612"
                    VPOS="3232"
                    WIDTH="2093"
                    HEIGHT="104">
            <Shape><Polygon POINTS="614 3317 614 3336 2702 3308 2705 3280 2696 3235 2206 3246 2189 3241 2155 3232 2152 3232 2149 3232 2146 3232 2124 3243 2115 3246 2110 3243 2081 3232 2079 3232 2076 3232 2073 3232 2045 3243 2031 3249 1983 3246 1904 3238 1901 3238 1720 3249 1627 3255 1534 3252 1266 3243 1263 3243 1179 3257 1159 3260 1117 3260 911 3249 908 3249 905 3249 874 3263 871 3263 863 3263 758 3252 756 3252 612 3266 614 3317"/></Shape>
	    <String CONTENT="matair Bien peu d&#x27;ailleurs parmi ces ouvres de commande idépus¬"
                    HPOS="612"
                    VPOS="3232"
                    WIDTH="2093"
                    HEIGHT="104"
                    WC="0.9835365632223705"></String>
          </TextLine>
        </TextBlock>
      </PrintSpace>
    </Page>
  </Layout>
</alto>
