<?xml version="1.0" encoding="UTF-8"?>
<alto xmlns:xsi="http://www.w3.org/2001/XMLSchema-instance"
      xmlns="http://www.loc.gov/standards/alto/ns-v4#"
      xsi:schemaLocation="http://www.loc.gov/standards/alto/ns-v4# http://www.loc.gov/standards/alto/v4/alto-4-2.xsd">
  <Description>
    <MeasurementUnit>pixel</MeasurementUnit>
    <sourceImageInformation>
      <fileName>ARCH-DIV-000496_0150.png</fileName>
    </sourceImageInformation>
  </Description>
  <Tags>
    <OtherTag ID="BT42" LABEL="MainZone" DESCRIPTION="block type MainZone"/><OtherTag ID="BT43" LABEL="MarginTextZone" DESCRIPTION="block type MarginTextZone"/><OtherTag ID="BT44" LABEL="NumberingZone" DESCRIPTION="block type NumberingZone"/><OtherTag ID="BT45" LABEL="TitlePageZone" DESCRIPTION="block type TitlePageZone"/><OtherTag ID="BT46" LABEL="CustomZone:Numbering" DESCRIPTION="block type CustomZone:Numbering"/><OtherTag ID="BT49" LABEL="MarginTextZone:lower" DESCRIPTION="block type MarginTextZone:lower"/>
    <OtherTag ID="LT25" LABEL="default" DESCRIPTION="line type default"/><OtherTag ID="LT31" LABEL="DefaultLine" DESCRIPTION="line type DefaultLine"/><OtherTag ID="LT32" LABEL="HeadingLine" DESCRIPTION="line type HeadingLine"/><OtherTag ID="LT33" LABEL="InterlinearLine:addition" DESCRIPTION="line type InterlinearLine:addition"/><OtherTag ID="LT34" LABEL="InterlinearLine:correction" DESCRIPTION="line type InterlinearLine:correction"/>
  </Tags>
  <Layout>
    <Page WIDTH="2790"
          HEIGHT="3343"
          PHYSICAL_IMG_NR="149"
          ID="eSc_dummypage_">
      <PrintSpace HPOS="0"
                  VPOS="0"
                  WIDTH="2790"
                  HEIGHT="3343">
        <TextBlock HPOS="208"
                   VPOS="29"
                   WIDTH="260"
                   HEIGHT="208"
                   ID="1132fce0-c9c0-4e56-8cdc-c8f07c3e6261"
                   TAGREFS="BT44">
          <Shape><Polygon POINTS="468 29 468 237 208 210 208 29"/></Shape>
          <TextLine ID="eSc_line_d15fe698"
                    TAGREFS="LT31"
                    BASELINE="236 127 434 139" 
                    HPOS="259"
                    VPOS="66"
                    WIDTH="159"
                    HEIGHT="190">
            <Shape><Polygon POINTS="373 66 367 66 340 69 312 72 301 72 295 78 281 72 259 72 261 122 267 256 418 250 412 114 409 108 395 69"/></Shape>
	    <String CONTENT="44"
                    HPOS="259"
                    VPOS="66"
                    WIDTH="159"
                    HEIGHT="190"
                    WC="0.9999103844165802"></String>
          </TextLine>
        </TextBlock>
        <TextBlock HPOS="485"
                   VPOS="33"
                   WIDTH="2286"
                   HEIGHT="3306"
                   ID="e86fb32d-6bd2-4b8e-892d-76f032a875d1"
                   TAGREFS="BT42">
          <Shape><Polygon POINTS="2771 44 2745 3339 485 3339 514 33"/></Shape>
          <TextLine ID="eSc_line_95aaff60"
                    TAGREFS="LT31"
                    BASELINE="610 94 1538 94 2709 114" 
                    HPOS="607"
                    VPOS="33"
                    WIDTH="2102"
                    HEIGHT="106">
            <Shape><Polygon POINTS="2698 75 2670 75 2642 75 2614 75 2586 72 2558 72 2530 72 2502 72 2475 69 2447 69 2419 69 2391 69 2363 69 2335 66 2307 66 2279 66 2252 66 2224 66 2215 64 2168 66 2140 64 2112 64 2084 61 2056 61 2029 61 2001 61 1973 61 1945 58 1912 64 1878 58 1861 58 1833 58 1806 55 1781 55 1761 64 1641 64 1611 55 1599 52 1583 52 1555 50 1530 50 1502 50 1493 50 1474 52 1440 58 1421 52 1396 47 1390 47 1362 47 1349 47 1293 52 1265 55 1254 52 1229 44 1223 44 1195 44 1178 41 1120 52 1114 52 1112 52 1073 41 1056 41 1028 39 1014 39 836 52 813 52 802 52 694 33 691 33 649 41 638 50 610 66 610 94 607 119 2703 139 2709 114 2700 75 2698 75"/></Shape>
	    <String CONTENT="L&#x27;nanimité même du vote qui consaira la réforme attute son"
                    HPOS="607"
                    VPOS="33"
                    WIDTH="2102"
                    HEIGHT="106"
                    WC="0.9973098261881683"></String>
          </TextLine>
          <TextLine ID="eSc_line_215a08b7"
                    TAGREFS="LT31"
                    BASELINE="602 169 2684 183 2736 198" 
                    HPOS="599"
                    VPOS="125"
                    WIDTH="2132"
                    HEIGHT="89">
            <Shape><Polygon POINTS="599 200 2725 214 2731 183 2728 136 602 125 602 169"/></Shape>
	    <String CONTENT="&lt;.. ......... .. .. ...&gt;"
                    HPOS="599"
                    VPOS="125"
                    WIDTH="2132"
                    HEIGHT="89"
                    WC="0.9074686268965403"></String>
          </TextLine>
          <TextLine ID="eSc_line_6d9eafc5"
                    TAGREFS="LT31"
                    BASELINE="599 239 2686 245" 
                    HPOS="599"
                    VPOS="183"
                    WIDTH="2087"
                    HEIGHT="90">
            <Shape><Polygon POINTS="599 239 599 273 2684 267 2686 245 2686 206 2625 189 2622 189 2619 189 2349 200 2288 203 2249 200 2143 189 2140 189 1939 197 1772 203 1702 195 1641 186 1638 186 1401 192 992 200 967 186 964 186 961 186 958 186 953 186 886 200 805 186 802 186 677 200 599 183 599 239"/></Shape>
	    <String CONTENT="sysalliant ..&gt; bien qu&#x27;il fut imposé par la pression des cir¬"
                    HPOS="599"
                    VPOS="183"
                    WIDTH="2087"
                    HEIGHT="90"
                    WC="0.980595021951394"></String>
          </TextLine>
          <TextLine ID="eSc_line_cc0fd929"
                    TAGREFS="LT31"
                    BASELINE="602 317 2539 311 2539 311 2698 303" 
                    HPOS="599"
                    VPOS="259"
                    WIDTH="2099"
                    HEIGHT="92">
            <Shape><Polygon POINTS="602 351 1022 334 2695 334 2698 303 2692 261 1820 259 1817 259 1691 270 1644 273 1616 270 1530 259 1527 259 1524 259 1488 273 1482 273 1477 273 1443 259 1440 259 1438 259 1287 273 1254 275 1215 273 1020 261 1017 261 933 275 916 278 886 278 719 264 716 264 599 278 602 317"/></Shape>
	    <String CONTENT="comtances. Pous presque toute la gauche et certainement pous tout"
                    HPOS="599"
                    VPOS="259"
                    WIDTH="2099"
                    HEIGHT="92"
                    WC="0.9932381749153137"></String>
          </TextLine>
          <TextLine ID="eSc_line_33d7b93e"
                    TAGREFS="LT31"
                    BASELINE="602 395 1725 376 2709 378" 
                    HPOS="599"
                    VPOS="314"
                    WIDTH="2110"
                    HEIGHT="98">
            <Shape><Polygon POINTS="602 395 602 412 2709 406 2709 378 2706 328 2578 314 2575 314 2344 328 2296 331 2291 328 2274 314 2271 314 2268 314 2266 314 2190 328 2165 334 2132 331 2040 317 2037 317 2034 317 2031 317 2015 331 2009 337 1892 337 1806 331 1630 320 1627 320 1624 320 1588 334 1566 339 1532 334 1488 325 1485 325 1362 334 1245 342 1187 334 1114 325 958 325 956 325 953 325 922 337 900 345 875 337 852 328 850 328 847 328 599 337 602 395"/></Shape>
	    <String CONTENT="la droite, c’était un sout dous l’incomen, &lt;...."
                    HPOS="599"
                    VPOS="314"
                    WIDTH="2110"
                    HEIGHT="98"
                    WC="0.9752467932800452"></String>
          </TextLine>
          <TextLine ID="eSc_line_a9520b88"
                    TAGREFS="LT31"
                    BASELINE="593 459 2639 440" 
                    HPOS="590"
                    VPOS="398"
                    WIDTH="2049"
                    HEIGHT="97">
            <Shape><Polygon POINTS="593 459 596 495 632 479 783 493 788 493 791 493 797 493 889 476 1326 487 1415 487 1418 487 1421 487 1424 487 1427 484 1446 473 1585 481 1624 484 1627 484 1630 484 1633 484 1633 481 1647 473 1655 481 1658 481 1661 481 1663 481 1672 481 1789 468 1839 479 1850 481 1853 481 1856 484 2020 484 2020 481 2023 481 2037 476 2073 465 2126 476 2146 479 2148 479 2636 468 2639 440 2633 401 1466 398 1463 398 1388 412 1376 412 1360 412 1234 401 1231 401 590 417 593 459"/></Shape>
	    <String CONTENT="que une concission faite à l&#x27;imminence du péril présent au"
                    HPOS="590"
                    VPOS="398"
                    WIDTH="2049"
                    HEIGHT="97"
                    WC="0.9846873606665659"></String>
          </TextLine>
          <TextLine ID="eSc_line_773c97dd"
                    TAGREFS="LT31"
                    BASELINE="596 532 1270 515" 
                    HPOS="593"
                    VPOS="456"
                    WIDTH="677"
                    HEIGHT="112">
            <Shape><Polygon POINTS="596 532 599 565 627 551 677 562 705 568 707 568 710 568 713 568 713 565 716 565 719 562 727 548 844 557 914 562 916 562 919 562 922 562 922 559 928 554 942 543 978 554 1003 559 1006 559 1008 559 1137 557 1139 557 1142 557 1153 548 1167 537 1265 543 1270 515 1265 476 1156 456 1153 456 1151 456 1095 470 1050 459 1047 459 1045 459 1042 459 1039 459 1039 462 1036 462 1022 479 1008 479 916 468 914 468 827 481 797 484 791 481 777 468 774 468 772 468 705 468 702 468 593 481 596 532"/></Shape>
	    <String CONTENT="prix d&#x27;un péril futur."
                    HPOS="593"
                    VPOS="456"
                    WIDTH="677"
                    HEIGHT="112"
                    WC="0.9943434650247748"></String>
          </TextLine>
          <TextLine ID="eSc_line_cf863561"
                    TAGREFS="LT31"
                    BASELINE="604 604 2698 571" 
                    HPOS="602"
                    VPOS="515"
                    WIDTH="2096"
                    HEIGHT="128">
            <Shape><Polygon POINTS="604 604 604 643 958 621 1092 635 1123 637 1126 637 1128 637 1131 637 1134 635 1165 618 1549 626 1583 626 1585 626 1597 626 1705 610 1789 624 1820 626 1822 626 1939 621 2226 601 2695 604 2698 571 2689 515 2344 537 2235 526 2185 520 2182 520 2104 529 1976 543 1920 534 1889 529 1886 529 1884 529 1881 529 1875 534 1864 543 1856 534 1845 526 1842 526 1839 526 1836 526 1742 537 1677 546 1633 540 1560 532 1558 532 1555 532 1552 532 1535 543 1530 546 1499 543 1401 537 1399 537 1332 548 1296 557 1050 557 1039 557 956 540 953 540 950 540 908 559 905 562 847 562 802 562 783 546 780 546 777 546 654 546 652 546 649 546 602 562 604 604"/></Shape>
	    <String CONTENT="Quelques cattoliques avaient très tien preven que l&#x27;arbairsement générat"
                    HPOS="602"
                    VPOS="515"
                    WIDTH="2096"
                    HEIGHT="128"
                    WC="0.9737804440988435"></String>
          </TextLine>
          <TextLine ID="eSc_line_468e7579"
                    TAGREFS="LT31"
                    BASELINE="593 671 2104 663 2672 643" 
                    HPOS="590"
                    VPOS="596"
                    WIDTH="2082"
                    HEIGHT="97">
            <Shape><Polygon POINTS="593 671 593 693 2670 682 2672 643 2664 598 2522 612 2480 598 2469 596 2466 596 2463 596 2461 596 2458 596 2455 598 2422 618 2238 604 2235 604 2232 604 2201 621 1990 621 1931 604 1923 601 1920 601 1917 601 1914 601 1909 604 1873 621 1549 612 1546 612 1198 629 1056 610 1042 610 1039 610 802 612 799 612 797 612 766 632 590 615 593 671"/></Shape>
	    <String CONTENT="du cens. 2o florins du minimum constitutionuel avantagerait"
                    HPOS="590"
                    VPOS="596"
                    WIDTH="2082"
                    HEIGHT="97"
                    WC="0.9815333485603333"></String>
          </TextLine>
          <TextLine ID="eSc_line_8e9d88df"
                    TAGREFS="LT33"
                    BASELINE="825 641 1024 627" 
                    HPOS="825"
                    VPOS="627"
                    WIDTH="199"
                    HEIGHT="14">
	    <String CONTENT=""
                    HPOS="825"
                    VPOS="627"
                    WIDTH="199"
                    HEIGHT="14"></String>
          </TextLine>
          <TextLine ID="eSc_line_a5692ddf"
                    TAGREFS="LT31"
                    BASELINE="588 735 2700 721" 
                    HPOS="585"
                    VPOS="671"
                    WIDTH="2115"
                    HEIGHT="92">
            <Shape><Polygon POINTS="588 735 588 754 2213 763 2215 763 2238 760 2341 743 2410 760 2413 760 2416 763 2698 763 2700 721 2695 682 2277 671 2274 671 2271 671 2268 671 2257 679 2246 685 2185 679 2107 674 2104 674 1990 679 1847 688 1825 679 1811 674 1808 674 1806 674 1803 674 1800 674 1794 679 1781 690 1611 690 1591 679 1580 674 1577 674 1574 674 1571 674 1555 679 1530 690 1201 690 1151 679 1139 676 1137 676 1134 676 1117 679 1061 690 1020 679 1011 676 1008 676 1006 676 983 679 875 693 855 679 852 679 850 679 585 679 588 735"/></Shape>
	    <String CONTENT="les éluteurs des villes sur ceux des campagnes &lt;........&gt; l&#x27;opinion li¬"
                    HPOS="585"
                    VPOS="671"
                    WIDTH="2115"
                    HEIGHT="92"
                    WC="0.9825854931079167"></String>
          </TextLine>
          <TextLine ID="eSc_line_0db06d1c"
                    TAGREFS="LT31"
                    BASELINE="582 807 2700 796" 
                    HPOS="579"
                    VPOS="743"
                    WIDTH="2121"
                    HEIGHT="95">
            <Shape><Polygon POINTS="582 807 582 838 2700 830 2700 796 2695 757 2165 743 2162 743 2160 743 2107 760 2098 763 1686 763 1686 760 1652 746 1650 746 1647 746 1644 746 1641 746 1624 763 1622 763 1608 763 1502 749 1499 749 1496 749 1466 763 1449 749 1446 749 1443 749 1440 749 1371 763 1368 763 1340 749 1337 749 1335 749 1332 749 1329 749 1312 763 1309 763 1290 763 953 752 950 752 889 766 883 766 880 766 816 752 813 752 811 752 808 752 788 766 741 752 738 752 735 752 733 752 730 752 710 766 707 768 579 768 582 807"/></Shape>
	    <String CONTENT="birale devait donc profiter de la réforme, mais n&#x27;était-il pas à csaim¬"
                    HPOS="579"
                    VPOS="743"
                    WIDTH="2121"
                    HEIGHT="95"
                    WC="0.9975899640056822"></String>
          </TextLine>
          <TextLine ID="eSc_line_ff8e37bc"
                    TAGREFS="LT31"
                    BASELINE="576 880 2698 869" 
                    HPOS="574"
                    VPOS="813"
                    WIDTH="2124"
                    HEIGHT="109">
            <Shape><Polygon POINTS="576 880 576 902 660 919 663 922 836 922 836 919 838 919 869 905 875 902 961 905 1276 916 1279 916 1282 916 1307 905 1321 899 1666 905 2015 913 2017 913 2065 908 2143 897 2240 908 2271 910 2274 910 2277 910 2279 910 2282 908 2307 894 2695 908 2698 869 2689 813 2614 827 2430 816 2427 816 2424 816 2422 816 2419 816 2402 832 2190 832 2168 819 2168 816 2165 816 2162 816 2160 816 2148 819 2082 832 1878 821 1831 819 1828 819 1825 819 1822 819 1820 821 1803 835 1630 835 1583 824 1574 821 1571 821 1569 821 1566 821 1563 821 1560 824 1544 835 1493 824 1477 821 1474 821 1452 824 1396 835 1343 827 1312 821 1309 821 1218 827 1061 838 1025 830 1003 824 1000 824 997 824 995 824 975 830 942 838 574 835 576 880"/></Shape>
	    <String CONTENT="dre q qu&#x27;elle tournât surtout au profit des radicaux d.n a o&gt;"
                    HPOS="574"
                    VPOS="813"
                    WIDTH="2124"
                    HEIGHT="109"
                    WC="0.964765658144091"></String>
          </TextLine>
          <TextLine ID="eSc_line_1aae640b"
                    TAGREFS="LT31"
                    BASELINE="576 955 1053 944 2675 944" 
                    HPOS="574"
                    VPOS="899"
                    WIDTH="2101"
                    HEIGHT="84">
            <Shape><Polygon POINTS="576 955 576 983 2672 963 2675 944 2670 899 574 905 576 955"/></Shape>
	    <String CONTENT="&lt;....... .......&gt;et au détriment des doctimaires qui, en"
                    HPOS="574"
                    VPOS="899"
                    WIDTH="2101"
                    HEIGHT="84"
                    WC="0.9594857235039983"></String>
          </TextLine>
          <TextLine ID="eSc_line_50c74b25"
                    TAGREFS="LT31"
                    BASELINE="579 1030 799 1014 2686 1019" 
                    HPOS="579"
                    VPOS="961"
                    WIDTH="2107"
                    HEIGHT="94">
            <Shape><Polygon POINTS="579 1030 579 1053 721 1039 841 1039 861 1053 864 1053 866 1053 869 1053 872 1053 875 1053 894 1039 1025 1053 1036 1053 1039 1053 1047 1053 1170 1039 1215 1053 1226 1055 1229 1055 1231 1055 1279 1053 1404 1041 1611 1041 1633 1050 1641 1055 1644 1055 1647 1055 1683 1050 1750 1041 1917 1050 2020 1055 2023 1055 2107 1050 2221 1041 2235 1050 2243 1055 2246 1055 2249 1055 2252 1055 2684 1047 2686 1019 2681 963 2583 977 2544 963 2541 963 2539 963 2458 963 1689 977 1663 969 1647 963 1644 963 1641 963 1638 963 1616 969 1583 980 1215 980 1181 972 1117 961 1114 961 579 975 579 1030"/></Shape>
	    <String CONTENT="1846 s&#x27;étaient s energiquement prononcés contre elle ? Les élections"
                    HPOS="579"
                    VPOS="961"
                    WIDTH="2107"
                    HEIGHT="94"
                    WC="0.9844207851325765"></String>
          </TextLine>
          <TextLine ID="eSc_line_13ea76ca"
                    TAGREFS="LT31"
                    BASELINE="576 1100 802 1089 2681 1078" 
                    HPOS="574"
                    VPOS="1025"
                    WIDTH="2107"
                    HEIGHT="103">
            <Shape><Polygon POINTS="576 1100 576 1128 2678 1111 2681 1078 2675 1041 2606 1025 2603 1025 2600 1025 2597 1025 2572 1041 2034 1041 1898 1025 1895 1025 1892 1025 1889 1025 1861 1041 1822 1027 1820 1027 1817 1027 1652 1044 1616 1027 1613 1027 1493 1027 1491 1027 1488 1027 1485 1027 1454 1047 1284 1047 1000 1030 997 1030 574 1053 576 1100"/></Shape>
	    <String CONTENT="du 13 pinn 1848 fureut au contraire un éclatant triomphe pour ces"
                    HPOS="574"
                    VPOS="1025"
                    WIDTH="2107"
                    HEIGHT="103"
                    WC="0.9913099793287424"></String>
          </TextLine>
          <TextLine ID="eSc_line_e4df6ecc"
                    TAGREFS="LT31"
                    BASELINE="574 1175 2686 1142" 
                    HPOS="571"
                    VPOS="1089"
                    WIDTH="2115"
                    HEIGHT="117">
            <Shape><Polygon POINTS="574 1175 574 1192 705 1206 707 1206 808 1192 838 1206 841 1206 844 1206 1084 1186 1103 1183 1309 1183 1312 1183 1354 1197 1357 1197 1360 1197 1443 1181 1454 1181 1496 1181 1803 1192 1806 1192 2684 1164 2686 1142 2675 1089 2642 1103 2622 1089 2619 1089 2617 1089 2614 1089 2603 1089 2497 1105 2444 1092 2441 1092 2438 1092 2436 1092 2424 1092 2318 1108 2204 1094 2182 1094 2179 1094 2176 1094 2171 1097 2143 1111 1761 1103 1722 1103 1719 1103 1711 1103 1616 1119 1519 1105 1505 1105 1502 1105 1499 1105 1493 1105 1435 1122 1360 1108 1351 1108 1349 1108 1304 1108 903 1131 571 1122 574 1175"/></Shape>
	    <String CONTENT="derniers, &lt;...... .... . ...... ....&gt;"
                    HPOS="571"
                    VPOS="1089"
                    WIDTH="2115"
                    HEIGHT="117"
                    WC="0.8431520252614408"></String>
          </TextLine>
          <TextLine ID="eSc_line_f74207fa"
                    TAGREFS="LT31"
                    BASELINE="579 1242 1167 1222 2664 1206" 
                    HPOS="576"
                    VPOS="1158"
                    WIDTH="2088"
                    HEIGHT="98">
            <Shape><Polygon POINTS="579 1242 579 1256 2661 1228 2664 1206 2656 1158 2151 1175 2062 1170 1956 1161 1953 1161 1800 1175 1722 1181 1675 1178 1566 1167 1563 1167 1560 1167 1513 1181 1499 1183 1477 1181 1390 1170 1388 1170 1385 1170 1351 1183 1343 1186 1309 1183 1170 1172 1167 1172 969 1192 950 1192 939 1192 780 1178 777 1178 774 1178 772 1178 772 1181 755 1195 635 1181 632 1181 629 1181 576 1197 579 1242"/></Shape>
	    <String CONTENT="&lt;... .....&gt; Ils obtnaient 51 riprisentants au"
                    HPOS="576"
                    VPOS="1158"
                    WIDTH="2088"
                    HEIGHT="98"
                    WC="0.9334713551733229"></String>
          </TextLine>
          <TextLine ID="eSc_line_c0e9ce4a"
                    TAGREFS="LT31"
                    BASELINE="574 1306 2672 1267" 
                    HPOS="571"
                    VPOS="1220"
                    WIDTH="2101"
                    HEIGHT="122">
            <Shape><Polygon POINTS="574 1306 574 1342 916 1320 967 1334 969 1334 972 1334 975 1334 1025 1317 1131 1331 1148 1331 1151 1331 1184 1328 1368 1312 1443 1323 1468 1326 1471 1326 1474 1326 1477 1326 1477 1323 1480 1323 1493 1309 1560 1320 1569 1320 1571 1320 1583 1320 1680 1306 1711 1317 1722 1320 1725 1320 1728 1320 1806 1314 1967 1300 2026 1309 2068 1314 2070 1314 2135 1306 2224 1295 2672 1295 2672 1267 2667 1234 2371 1220 2369 1220 2366 1220 2363 1220 2344 1236 2341 1236 2335 1236 2238 1222 2235 1222 2101 1239 2068 1242 2037 1239 1923 1228 1920 1228 1917 1228 1889 1242 1881 1245 1836 1242 1722 1234 1719 1234 1716 1234 1714 1234 1702 1245 1697 1248 1630 1245 1474 1236 1471 1236 1468 1236 1466 1236 1454 1248 1449 1250 1424 1248 1360 1239 1357 1239 1354 1239 1326 1248 1301 1259 571 1259 574 1306"/></Shape>
	    <String CONTENT="sens des chanche nouvelles; le droite en était réduite à 23 mem¬"
                    HPOS="571"
                    VPOS="1220"
                    WIDTH="2101"
                    HEIGHT="122"
                    WC="0.9824664207605215"></String>
          </TextLine>
          <TextLine ID="eSc_line_b69a4067"
                    TAGREFS="LT31"
                    BASELINE="574 1378 2645 1331" 
                    HPOS="571"
                    VPOS="1295"
                    WIDTH="2074"
                    HEIGHT="106">
            <Shape><Polygon POINTS="574 1378 574 1401 2645 1353 2645 1331 2636 1295 571 1337 574 1378"/></Shape>
	    <String CONTENT="bres. Les republicaius, les démocrates et les radicaux étaiendte ecrasés et"
                    HPOS="571"
                    VPOS="1295"
                    WIDTH="2074"
                    HEIGHT="106"
                    WC="0.9948271012306213"></String>
          </TextLine>
          <TextLine ID="eSc_line_41ab222b"
                    TAGREFS="LT31"
                    BASELINE="576 1451 2664 1409" 
                    HPOS="574"
                    VPOS="1362"
                    WIDTH="2090"
                    HEIGHT="120">
            <Shape><Polygon POINTS="576 1451 576 1482 855 1465 1477 1465 1530 1465 1532 1465 1535 1465 1538 1465 1560 1451 1934 1456 1951 1456 1953 1456 1956 1456 1995 1443 2352 1448 2355 1448 2525 1431 2659 1443 2664 1409 2659 1373 2385 1362 2383 1362 2380 1362 2377 1362 2352 1378 2346 1381 2012 1384 2009 1384 1981 1370 1978 1370 1976 1370 1825 1387 1792 1390 1755 1390 1591 1378 1588 1378 1449 1395 1407 1398 1390 1395 1335 1384 1332 1384 1329 1384 1282 1398 1265 1404 1034 1404 1031 1401 1006 1390 1003 1390 1000 1390 914 1404 897 1406 891 1404 861 1392 858 1392 855 1392 852 1392 850 1392 833 1406 827 1409 816 1406 777 1395 774 1395 772 1395 769 1395 766 1395 749 1406 744 1412 574 1412 576 1451"/></Shape>
	    <String CONTENT="durant longtiemps ne devaiant pas le relever de leur défaite. L¬"
                    HPOS="574"
                    VPOS="1362"
                    WIDTH="2090"
                    HEIGHT="120"
                    WC="0.9847929924726486"></String>
          </TextLine>
          <TextLine ID="eSc_line_fab49dfa"
                    TAGREFS="LT34"
                    BASELINE="637 1495 955 1489" 
                    HPOS="637"
                    VPOS="1489"
                    WIDTH="318"
                    HEIGHT="6">
	    <String CONTENT=""
                    HPOS="637"
                    VPOS="1489"
                    WIDTH="318"
                    HEIGHT="6"></String>
          </TextLine>
          <TextLine ID="eSc_line_7f031b6e"
                    TAGREFS="LT31"
                    BASELINE="563 1532 1867 1490 2647 1476" 
                    HPOS="560"
                    VPOS="1429"
                    WIDTH="2087"
                    HEIGHT="128">
            <Shape><Polygon POINTS="563 1532 563 1557 2647 1504 2647 1476 2642 1431 2213 1429 2210 1429 2137 1443 1962 1429 1959 1429 1956 1429 1953 1429 1920 1451 1914 1451 1889 1451 1702 1445 1700 1445 1376 1465 1329 1468 1321 1468 1237 1448 1234 1448 1231 1448 1229 1448 1192 1470 1190 1473 1089 1473 1042 1454 1039 1454 1036 1454 961 1468 646 1465 643 1465 641 1465 560 1487 563 1532"/></Shape>
	    <String CONTENT="lapt du droit de suffrage renforçait donc la domiination"
                    HPOS="560"
                    VPOS="1429"
                    WIDTH="2087"
                    HEIGHT="128"
                    WC="0.9847144463232586"></String>
          </TextLine>
          <TextLine ID="eSc_line_d7608e19"
                    TAGREFS="LT31"
                    BASELINE="565 1604 2631 1540" 
                    HPOS="563"
                    VPOS="1495"
                    WIDTH="2068"
                    HEIGHT="145">
            <Shape><Polygon POINTS="565 1604 565 1640 1192 1607 1335 1618 1340 1618 1343 1618 1349 1618 1460 1599 1507 1612 1510 1612 1513 1612 1516 1612 1580 1596 1742 1604 1744 1604 1914 1585 2082 1596 2087 1596 2090 1596 2093 1596 2143 1582 2419 1585 2422 1585 2424 1585 2427 1585 2449 1571 2625 1579 2631 1540 2622 1495 563 1557 565 1604"/></Shape>
	    <String CONTENT="de la bourgeoisie eu la fondait sus une base plus large, et elle la"
                    HPOS="563"
                    VPOS="1495"
                    WIDTH="2068"
                    HEIGHT="145"
                    WC="0.9969887048450868"></String>
          </TextLine>
          <TextLine ID="eSc_line_bbed489d"
                    TAGREFS="LT31"
                    BASELINE="563 1665 1599 1638" 
                    HPOS="560"
                    VPOS="1587"
                    WIDTH="1039"
                    HEIGHT="106">
            <Shape><Polygon POINTS="563 1665 563 1691 838 1693 841 1693 891 1688 978 1674 1126 1682 1178 1685 1181 1685 1184 1685 1187 1685 1190 1682 1209 1668 1482 1674 1485 1674 1488 1674 1491 1674 1510 1660 1594 1674 1599 1638 1591 1587 1474 1604 1393 1593 1374 1590 1371 1590 1349 1593 1262 1612 560 1615 563 1665"/></Shape>
	    <String CONTENT="remforçait sous sa forme libirale."
                    HPOS="560"
                    VPOS="1587"
                    WIDTH="1039"
                    HEIGHT="106"
                    WC="0.9777074438684127"></String>
          </TextLine>
          <TextLine ID="eSc_line_0984c6d7"
                    TAGREFS="LT31"
                    BASELINE="574 1732 2664 1691" 
                    HPOS="571"
                    VPOS="1651"
                    WIDTH="2093"
                    HEIGHT="109">
            <Shape><Polygon POINTS="574 1732 574 1760 2664 1724 2664 1691 2656 1651 571 1691 574 1732"/></Shape>
	    <String CONTENT="al doute que ce risultat n&#x27;ait en pour causes essentialles d&#x27;une"
                    HPOS="571"
                    VPOS="1651"
                    WIDTH="2093"
                    HEIGHT="109"
                    WC="0.9868289409205317"></String>
          </TextLine>
          <TextLine ID="eSc_line_571b5464"
                    TAGREFS="LT31"
                    BASELINE="560 1808 1142 1782 1987 1777 2709 1752" 
                    HPOS="557"
                    VPOS="1704"
                    WIDTH="2152"
                    HEIGHT="137">
            <Shape><Polygon POINTS="560 1808 560 1841 735 1819 886 1833 905 1833 908 1833 911 1833 914 1833 914 1830 936 1810 1454 1802 1555 1810 1611 1816 1613 1816 2012 1796 2210 1788 2299 1788 2659 1791 2661 1791 2664 1791 2709 1774 2709 1752 2703 1716 2547 1707 2544 1707 2541 1707 2539 1707 2525 1718 2522 1721 2508 1718 2427 1704 2424 1704 2422 1704 2371 1721 2363 1724 2344 1724 2232 1713 2229 1713 2226 1713 2187 1727 2179 1732 1934 1735 1920 1732 1864 1721 1861 1721 1859 1721 1856 1721 1833 1735 1825 1741 1677 1741 1641 1741 1388 1730 1385 1730 1382 1730 1379 1730 1351 1746 1349 1749 1343 1749 1282 1732 1279 1732 1276 1732 1011 1738 1008 1738 956 1757 953 1757 947 1757 864 1743 861 1743 858 1743 822 1760 780 1743 777 1743 774 1743 772 1743 735 1763 707 1749 705 1749 702 1749 557 1766 560 1808"/></Shape>
	    <String CONTENT="part les apprét ensions suscities par les mouvements docialistes que"
                    HPOS="557"
                    VPOS="1704"
                    WIDTH="2152"
                    HEIGHT="137"
                    WC="0.9902946361724068"></String>
          </TextLine>
          <TextLine ID="eSc_line_0cf9054c"
                    TAGREFS="LT31"
                    BASELINE="560 1866 2700 1821" 
                    HPOS="557"
                    VPOS="1774"
                    WIDTH="2143"
                    HEIGHT="125">
            <Shape><Polygon POINTS="560 1866 560 1899 1630 1866 1923 1874 1970 1874 1973 1874 1976 1874 1981 1874 2031 1858 2098 1872 2109 1872 2112 1872 2115 1872 2121 1872 2171 1855 2238 1869 2246 1869 2249 1869 2277 1866 2463 1849 2698 1858 2700 1821 2692 1774 557 1824 560 1866"/></Shape>
	    <String CONTENT="allaient &lt;.os en Fracé l&#x27;insurrction du juiin, et d&#x27;autre part"
                    HPOS="557"
                    VPOS="1774"
                    WIDTH="2143"
                    HEIGHT="125"
                    WC="0.9784034952040641"></String>
          </TextLine>
          <TextLine ID="eSc_line_a7c2bc3d"
                    TAGREFS="LT34"
                    BASELINE="900 1836 1059 1822" 
                    HPOS="900"
                    VPOS="1822"
                    WIDTH="159"
                    HEIGHT="14">
	    <String CONTENT=""
                    HPOS="900"
                    VPOS="1822"
                    WIDTH="159"
                    HEIGHT="14"></String>
          </TextLine>
          <TextLine ID="eSc_line_4e7c5b69"
                    TAGREFS="LT31"
                    BASELINE="554 1938 2112 1894 2692 1888" 
                    HPOS="551"
                    VPOS="1838"
                    WIDTH="2141"
                    HEIGHT="137">
            <Shape><Polygon POINTS="554 1938 554 1961 627 1975 629 1975 632 1975 635 1975 660 1961 663 1958 674 1961 749 1972 752 1972 997 1952 1087 1947 1142 1950 1276 1958 1279 1958 1399 1944 1457 1938 1510 1941 1608 1950 1611 1950 1669 1938 1719 1930 1803 1936 1881 1941 1884 1941 1951 1933 2034 1922 2087 1930 2123 1936 2126 1936 2176 1927 2254 1916 2689 1916 2692 1888 2686 1847 2377 1838 2374 1838 2371 1838 2305 1855 2299 1855 2296 1855 2232 1841 2229 1841 2129 1844 2126 1844 2123 1844 2104 1860 2101 1860 2082 1860 1917 1849 1914 1849 1702 1869 1666 1872 1644 1872 1493 1860 1491 1860 1488 1860 1485 1860 1468 1874 1466 1877 1415 1877 1170 1869 1167 1869 1165 1869 1112 1886 1103 1886 1067 1886 911 1880 908 1880 841 1891 819 1894 805 1891 749 1880 746 1880 551 1897 554 1938"/></Shape>
	    <String CONTENT="la confiance ginérale qué avait répondu à la conduite du gouverne"
                    HPOS="551"
                    VPOS="1838"
                    WIDTH="2141"
                    HEIGHT="137"
                    WC="0.9950809460697752"></String>
          </TextLine>
          <TextLine ID="eSc_line_15d2307c"
                    TAGREFS="LT31"
                    BASELINE="549 2003 2692 1950" 
                    HPOS="546"
                    VPOS="1897"
                    WIDTH="2146"
                    HEIGHT="131">
            <Shape><Polygon POINTS="549 2003 549 2028 2692 1975 2692 1950 2686 1911 2567 1897 2564 1897 2438 1916 2424 1916 2397 1916 2135 1908 2132 1908 2129 1908 2070 1925 2065 1925 2056 1925 1948 1913 1945 1913 1828 1930 1822 1930 1820 1930 1781 1916 1778 1916 1775 1916 1641 1936 1627 1936 1613 1936 1466 1925 1463 1925 1340 1941 1321 1944 1279 1944 995 1936 992 1936 989 1936 986 1936 967 1952 964 1952 950 1952 813 1941 811 1941 546 1961 549 2003"/></Shape>
	    <String CONTENT="ment. On avait incontestablement noté branc oup mons &lt;....&gt;"
                    HPOS="546"
                    VPOS="1897"
                    WIDTH="2146"
                    HEIGHT="131"
                    WC="0.970770388336505"></String>
          </TextLine>
          <TextLine ID="eSc_line_632ef280"
                    TAGREFS="LT31"
                    BASELINE="557 2075 2653 2014" 
                    HPOS="554"
                    VPOS="1972"
                    WIDTH="2099"
                    HEIGHT="139">
            <Shape><Polygon POINTS="557 2075 560 2111 615 2094 674 2106 677 2106 755 2089 797 2106 799 2106 802 2106 805 2106 819 2106 936 2083 1003 2100 1008 2100 1011 2100 1014 2100 1061 2097 1413 2069 1566 2083 1585 2083 1588 2083 1591 2083 1594 2083 1594 2081 1616 2064 1672 2081 1677 2081 1680 2081 1683 2081 1686 2081 1689 2081 1705 2067 1895 2072 1903 2072 1906 2072 1909 2072 1992 2053 2098 2067 2101 2067 2104 2067 2109 2067 2207 2050 2650 2050 2653 2014 2645 1972 554 2025 557 2075"/></Shape>
	    <String CONTENT="pour le parti qu&#x27;il représentait que pour l&#x27;attilude poletique qu il"
                    HPOS="554"
                    VPOS="1972"
                    WIDTH="2099"
                    HEIGHT="139"
                    WC="0.996237080763368"></String>
          </TextLine>
          <TextLine ID="eSc_line_a7dcee37"
                    TAGREFS="LT31"
                    BASELINE="554 2145 2686 2086" 
                    HPOS="551"
                    VPOS="2044"
                    WIDTH="2135"
                    HEIGHT="134">
            <Shape><Polygon POINTS="554 2145 554 2164 649 2178 652 2178 774 2161 791 2159 799 2159 841 2172 844 2172 847 2172 850 2172 889 2159 894 2153 1204 2147 1218 2150 1259 2161 1262 2161 1265 2161 1337 2147 1368 2142 1429 2145 1563 2153 1566 2153 1569 2153 1594 2142 1599 2139 1605 2142 1638 2150 1641 2150 1644 2150 2686 2114 2686 2086 2678 2044 2174 2061 2137 2058 2051 2050 2048 2050 2045 2050 2043 2050 2031 2061 2029 2064 2020 2061 1976 2050 1973 2050 1970 2050 1967 2050 1964 2050 1945 2064 1937 2067 1873 2067 1624 2061 1622 2061 1401 2081 1346 2083 1298 2083 1081 2075 1078 2075 1075 2075 1073 2075 1056 2089 1050 2092 1003 2092 752 2083 749 2083 551 2103 554 2145"/></Shape>
	    <String CONTENT="avait prise. Les cntholiquer eux mêmes qui s&#x27;étaient d’unnanimement"
                    HPOS="551"
                    VPOS="2044"
                    WIDTH="2135"
                    HEIGHT="134"
                    WC="0.9755345013604235"></String>
          </TextLine>
          <TextLine ID="eSc_line_c3134122"
                    TAGREFS="LT31"
                    BASELINE="551 2214 2681 2159" 
                    HPOS="549"
                    VPOS="2103"
                    WIDTH="2132"
                    HEIGHT="139">
            <Shape><Polygon POINTS="551 2214 551 2242 1301 2211 1346 2223 1349 2223 1351 2223 1354 2223 1407 2206 2118 2206 2126 2203 2260 2186 2678 2189 2681 2159 2672 2103 2550 2122 2087 2122 1951 2122 1948 2122 1945 2122 1942 2122 1937 2128 1912 2142 1792 2142 1747 2133 1716 2128 1714 2128 1711 2128 1686 2136 1650 2147 1440 2150 1415 2145 1388 2136 1385 2136 1382 2136 1084 2145 1081 2145 1078 2145 1067 2156 1059 2161 1017 2159 922 2150 919 2150 763 2167 727 2170 713 2170 652 2156 649 2156 549 2172 551 2214"/></Shape>
	    <String CONTENT="ralliéi autour de lui s&#x27;étaient abstenus de le combattre. &lt;.. En"
                    HPOS="549"
                    VPOS="2103"
                    WIDTH="2132"
                    HEIGHT="139"
                    WC="0.9557650797069073"></String>
          </TextLine>
          <TextLine ID="eSc_line_bc961e8b"
                    TAGREFS="LT31"
                    BASELINE="554 2281 2645 2220" 
                    HPOS="551"
                    VPOS="2167"
                    WIDTH="2094"
                    HEIGHT="153">
            <Shape><Polygon POINTS="554 2281 554 2320 646 2320 646 2317 649 2317 652 2317 654 2315 680 2301 727 2312 738 2315 741 2315 744 2315 763 2312 841 2295 978 2303 1025 2306 1028 2306 1031 2306 1034 2306 1039 2301 1061 2289 1165 2298 1215 2301 1218 2301 1499 2292 1502 2292 1516 2287 1538 2276 1616 2281 1677 2287 1680 2287 2645 2245 2645 2220 2639 2184 2547 2167 2544 2167 2441 2186 2438 2189 2229 2192 2226 2192 2171 2178 2168 2178 2165 2178 2076 2198 2065 2198 2056 2198 1995 2186 1992 2186 1825 2203 1786 2206 1775 2203 1719 2192 1716 2192 1714 2192 1680 2206 1675 2209 1663 2206 1597 2195 1594 2195 1482 2211 1460 2214 1443 2211 1385 2203 1382 2203 1204 2220 1151 2223 1145 2220 1128 2209 1126 2209 1123 2209 1120 2209 1053 2223 1020 2228 958 2225 838 2217 836 2217 774 2228 738 2237 551 2237 554 2281"/></Shape>
	    <String CONTENT="somme, il binéficiait de conjoristuoes encore très délicotes au méliciu"
                    HPOS="551"
                    VPOS="2167"
                    WIDTH="2094"
                    HEIGHT="153"
                    WC="0.9773829856389006"></String>
          </TextLine>
          <TextLine ID="eSc_line_4262abb5"
                    TAGREFS="LT31"
                    BASELINE="551 2354 2254 2301 2689 2295" 
                    HPOS="549"
                    VPOS="2248"
                    WIDTH="2140"
                    HEIGHT="128">
            <Shape><Polygon POINTS="551 2354 551 2376 1482 2362 1599 2354 1758 2340 1811 2348 1836 2351 1839 2351 1842 2351 1845 2351 1850 2348 1864 2337 1909 2345 1928 2348 1931 2348 2006 2342 2238 2326 2385 2334 2405 2334 2408 2334 2410 2334 2413 2334 2438 2320 2686 2326 2689 2295 2684 2250 2207 2248 2204 2248 2118 2267 2107 2270 1831 2276 1825 2276 1775 2262 1772 2262 1769 2262 1767 2262 1716 2278 1714 2278 1711 2278 1650 2264 1647 2264 1524 2284 1519 2284 1510 2284 1301 2276 1298 2276 1296 2276 1293 2276 1273 2292 1270 2292 1226 2292 741 2292 738 2292 735 2292 733 2292 713 2309 710 2309 705 2309 585 2298 582 2298 579 2298 549 2309 551 2354"/></Shape>
	    <String CONTENT="des quelles en le trouvait. &lt;... ... ... ...."
                    HPOS="549"
                    VPOS="2248"
                    WIDTH="2140"
                    HEIGHT="128"
                    WC="0.9347976711061265"></String>
          </TextLine>
          <TextLine ID="eSc_line_65c27308"
                    TAGREFS="LT31"
                    BASELINE="549 2423 2659 2356" 
                    HPOS="546"
                    VPOS="2306"
                    WIDTH="2113"
                    HEIGHT="142">
            <Shape><Polygon POINTS="549 2423 549 2448 2659 2393 2659 2356 2650 2306 2488 2309 2486 2309 2483 2309 2480 2312 2455 2326 2154 2323 2026 2323 2023 2323 2020 2323 2017 2323 2012 2328 1992 2340 1870 2334 1803 2331 1800 2331 1761 2337 1708 2348 1691 2340 1677 2334 1675 2334 1672 2334 1616 2342 1555 2356 1301 2362 1270 2356 1234 2348 1231 2348 1178 2359 1139 2367 1011 2365 825 2362 822 2362 819 2362 794 2373 788 2379 546 2381 549 2423"/></Shape>
	    <String CONTENT="&lt;...............&gt;. Perronne n&#x27;ent osé affronter la responsatilité"
                    HPOS="546"
                    VPOS="2306"
                    WIDTH="2113"
                    HEIGHT="142"
                    WC="0.9512428861397964"></String>
          </TextLine>
          <TextLine ID="eSc_line_0116d102"
                    TAGREFS="LT31"
                    BASELINE="546 2493 1229 2482 2650 2429" 
                    HPOS="543"
                    VPOS="2387"
                    WIDTH="2107"
                    HEIGHT="139">
            <Shape><Polygon POINTS="546 2493 546 2526 2647 2457 2650 2429 2642 2387 543 2457 546 2493"/></Shape>
	    <String CONTENT="de raviver, en un moment aussi critique, une opposition de partis."
                    HPOS="543"
                    VPOS="2387"
                    WIDTH="2107"
                    HEIGHT="139"
                    WC="0.996002761703549"></String>
          </TextLine>
          <TextLine ID="eSc_line_b499d20c"
                    TAGREFS="LT31"
                    BASELINE="543 2560 2633 2504" 
                    HPOS="540"
                    VPOS="2448"
                    WIDTH="2093"
                    HEIGHT="148">
            <Shape><Polygon POINTS="543 2560 543 2596 2633 2540 2633 2504 2625 2448 2405 2468 2366 2457 2363 2457 2360 2457 2090 2479 540 2504 543 2560"/></Shape>
	    <String CONTENT="&lt;.... &lt;.......  .... &gt;"
                    HPOS="540"
                    VPOS="2448"
                    WIDTH="2093"
                    HEIGHT="148"
                    WC="0.8051960034803911"></String>
          </TextLine>
          <TextLine ID="eSc_line_b61448c5"
                    TAGREFS="LT31"
                    BASELINE="537 2632 2661 2576" 
                    HPOS="535"
                    VPOS="2535"
                    WIDTH="2126"
                    HEIGHT="119">
            <Shape><Polygon POINTS="537 2632 537 2654 2661 2604 2661 2576 2653 2535 535 2590 537 2632"/></Shape>
	    <String CONTENT="&lt;... &lt;.. . .. . .&gt; &lt;&gt;"
                    HPOS="535"
                    VPOS="2535"
                    WIDTH="2126"
                    HEIGHT="119"
                    WC="0.9154441498574757"></String>
          </TextLine>
          <TextLine ID="eSc_line_b7886b1a"
                    TAGREFS="LT34"
                    BASELINE="1955 2638 2083 2631" 
                    HPOS="1955"
                    VPOS="2631"
                    WIDTH="128"
                    HEIGHT="7">
	    <String CONTENT=""
                    HPOS="1955"
                    VPOS="2631"
                    WIDTH="128"
                    HEIGHT="7"></String>
          </TextLine>
          <TextLine ID="eSc_line_75aee97b"
                    TAGREFS="LT31"
                    BASELINE="532 2702 2667 2652" 
                    HPOS="529"
                    VPOS="2599"
                    WIDTH="2138"
                    HEIGHT="136">
            <Shape><Polygon POINTS="532 2702 532 2735 624 2735 627 2735 629 2735 654 2718 774 2730 777 2730 1059 2710 1103 2724 1106 2724 1109 2724 1112 2724 1114 2724 1117 2724 1156 2707 1354 2716 1357 2716 1360 2716 1362 2716 1413 2702 1463 2713 1471 2716 1474 2716 1477 2716 1549 2710 1833 2691 1900 2702 1923 2705 1925 2705 1928 2705 1937 2702 1964 2688 2015 2699 2034 2702 2037 2702 2296 2696 2299 2696 2310 2691 2335 2679 2664 2679 2667 2652 2659 2604 2514 2615 2475 2607 2427 2599 2424 2599 2422 2599 2391 2610 2369 2621 2176 2624 2146 2618 2107 2607 2104 2607 2101 2607 1836 2613 1833 2613 1831 2613 1831 2615 1820 2627 1814 2629 1714 2629 1502 2627 1499 2627 1496 2627 1474 2635 1460 2640 1440 2638 1379 2624 1376 2624 1374 2624 1371 2624 1351 2638 1346 2643 1332 2640 1290 2627 1287 2627 1284 2627 1282 2627 1240 2643 1226 2646 1184 2643 1075 2635 1073 2635 1070 2635 1034 2649 1031 2649 1028 2649 997 2635 995 2635 992 2635 989 2635 986 2635 986 2638 972 2649 969 2654 872 2654 861 2652 811 2638 808 2638 805 2638 802 2638 738 2654 654 2640 652 2640 649 2640 646 2640 646 2643 629 2657 590 2646 588 2646 585 2646 582 2646 529 2660 532 2702"/></Shape>
	    <String CONTENT="&lt;..&gt; l&#x27;essentiel pour la bourgeoisie était &lt;...... ....&gt; de ceonser¬"
                    HPOS="529"
                    VPOS="2599"
                    WIDTH="2138"
                    HEIGHT="136"
                    WC="0.9627667358692955"></String>
          </TextLine>
          <TextLine ID="eSc_line_d5821b40"
                    TAGREFS="LT31"
                    BASELINE="540 2774 2656 2716" 
                    HPOS="537"
                    VPOS="2671"
                    WIDTH="2119"
                    HEIGHT="134">
            <Shape><Polygon POINTS="540 2774 540 2794 735 2805 738 2805 813 2791 1036 2796 1039 2796 1042 2796 1045 2796 1061 2785 1073 2777 1103 2783 1142 2791 1145 2791 1204 2780 1262 2771 1349 2777 1440 2785 1443 2785 1446 2785 1449 2785 1463 2777 1482 2763 2656 2749 2656 2716 2650 2679 2352 2671 2349 2671 2249 2688 2246 2688 2235 2688 1850 2685 1847 2685 1728 2702 1722 2702 1716 2702 1558 2693 1555 2693 1552 2693 1516 2707 1502 2707 1243 2702 1240 2702 1237 2702 1234 2702 1218 2716 1215 2718 537 2732 540 2774"/></Shape>
	    <String CONTENT="ver au pouvoir un cabinet qui lui avait donné des Gages certain de"
                    HPOS="537"
                    VPOS="2671"
                    WIDTH="2119"
                    HEIGHT="134"
                    WC="0.9844257985100602"></String>
          </TextLine>
          <TextLine ID="eSc_line_5c5518dd"
                    TAGREFS="LT31"
                    BASELINE="537 2844 2684 2791" 
                    HPOS="535"
                    VPOS="2735"
                    WIDTH="2149"
                    HEIGHT="137">
            <Shape><Polygon POINTS="537 2844 537 2872 2681 2813 2684 2791 2678 2755 2572 2735 2569 2735 2257 2744 2254 2744 2252 2744 2226 2763 2090 2749 2087 2749 2084 2749 2031 2766 1870 2755 1867 2755 1772 2771 1736 2757 1733 2757 1730 2757 1611 2777 1560 2760 1558 2760 1555 2760 1552 2760 1549 2760 1530 2774 1443 2763 1440 2763 1438 2763 1393 2785 1282 2785 1220 2769 1218 2769 1215 2769 1047 2791 855 2780 852 2780 850 2780 847 2780 819 2796 688 2788 685 2788 535 2805 537 2844"/></Shape>
	    <String CONTENT="son attachement à la constitution et à l&#x27;ordre social. Le libéralisme"
                    HPOS="535"
                    VPOS="2735"
                    WIDTH="2149"
                    HEIGHT="137"
                    WC="0.9871109497379249"></String>
          </TextLine>
          <TextLine ID="eSc_line_3c4289d5"
                    TAGREFS="LT34"
                    BASELINE="570 2879 732 2875" 
                    HPOS="570"
                    VPOS="2875"
                    WIDTH="162"
                    HEIGHT="4">
	    <String CONTENT=""
                    HPOS="570"
                    VPOS="2875"
                    WIDTH="162"
                    HEIGHT="4"></String>
          </TextLine>
          <TextLine ID="eSc_line_4313da8d"
                    TAGREFS="LT31"
                    BASELINE="535 2913 2675 2861" 
                    HPOS="532"
                    VPOS="2802"
                    WIDTH="2143"
                    HEIGHT="142">
            <Shape><Polygon POINTS="535 2913 535 2944 2675 2888 2675 2861 2672 2824 2608 2802 2606 2802 2603 2802 2600 2802 2553 2824 2486 2808 2483 2808 2480 2808 2477 2808 2438 2827 2408 2813 2405 2813 2402 2813 2399 2813 2397 2813 2371 2830 1694 2844 1544 2827 1541 2827 1432 2852 1429 2852 1427 2852 1209 2835 1206 2835 1204 2835 1201 2835 1176 2858 1098 2838 1095 2838 1092 2838 1089 2838 1036 2861 983 2841 981 2841 978 2841 838 2866 836 2866 755 2849 752 2849 571 2852 568 2852 532 2869 535 2913"/></Shape>
	    <String CONTENT="&lt;.&gt; qu&#x27;il professait en maticère économique, ne le professait- elle"
                    HPOS="532"
                    VPOS="2802"
                    WIDTH="2143"
                    HEIGHT="142"
                    WC="0.9744040458949644"></String>
          </TextLine>
          <TextLine ID="eSc_line_a318b296"
                    TAGREFS="LT31"
                    BASELINE="535 2991 1198 2964 2664 2944" 
                    HPOS="532"
                    VPOS="2894"
                    WIDTH="2132"
                    HEIGHT="123">
            <Shape><Polygon POINTS="535 2991 535 3017 682 3017 682 3014 685 3014 691 3014 733 2997 813 3008 816 3008 819 3008 850 2994 914 3008 916 3008 919 3008 925 3008 1000 2991 1031 3005 1034 3005 1036 3005 1178 2989 1393 3000 1404 3000 1407 3000 1410 3000 1454 2983 1733 2994 1753 2994 1755 2994 1767 2994 1914 2975 1962 2989 1964 2989 1967 2989 2090 2972 2201 2986 2204 2986 2207 2986 2221 2986 2547 2966 2659 2978 2664 2944 2659 2902 2371 2894 2369 2894 2213 2911 2174 2913 2162 2911 2123 2900 2121 2900 2118 2900 2115 2900 2070 2913 2056 2919 1708 2922 1683 2922 1530 2911 1527 2911 1440 2927 1429 2927 1410 2927 1262 2916 1259 2916 1192 2930 1151 2916 1148 2916 1145 2916 847 2939 836 2939 830 2939 691 2925 688 2925 685 2925 682 2925 660 2944 532 2944 535 2991"/></Shape>
	    <String CONTENT="pas elle-même? Ie réaetion générale qui se manifestait partout contre"
                    HPOS="532"
                    VPOS="2894"
                    WIDTH="2132"
                    HEIGHT="123"
                    WC="0.9949820387190667"></String>
          </TextLine>
          <TextLine ID="eSc_line_fc99dff4"
                    TAGREFS="LT31"
                    BASELINE="537 3064 1873 3019 2642 3008" 
                    HPOS="535"
                    VPOS="2955"
                    WIDTH="2107"
                    HEIGHT="134">
            <Shape><Polygon POINTS="537 3064 537 3081 889 3089 891 3089 1003 3072 1025 3069 1039 3072 1100 3083 1103 3083 1204 3067 1237 3064 1282 3067 1404 3075 1407 3075 1585 3061 1702 3050 1739 3056 1778 3064 1781 3064 1839 3056 1900 3042 2642 3036 2642 3008 2636 2966 2514 2955 2511 2955 2338 2972 2288 2958 2285 2958 2282 2958 2143 2978 2143 2980 1875 2986 1873 2986 1825 2972 1822 2972 1820 2972 1736 2989 1705 2975 1702 2975 1700 2975 1697 2975 1694 2975 1669 2991 1666 2991 1661 2991 1410 2983 1407 2983 1318 3003 1309 3003 1265 3003 827 3000 825 3000 822 3000 819 3000 797 3017 794 3017 788 3017 694 3008 691 3008 627 3022 621 3022 618 3022 588 3008 585 3008 582 3008 579 3008 535 3022 537 3064"/></Shape>
	    <String CONTENT="la socialisme démairatique avait certainement été pour trau¬"
                    HPOS="535"
                    VPOS="2955"
                    WIDTH="2107"
                    HEIGHT="134"
                    WC="0.9927545726299286"></String>
          </TextLine>
          <TextLine ID="eSc_line_9fba91d1"
                    TAGREFS="LT31"
                    BASELINE="532 3139 2564 3078" 
                    HPOS="529"
                    VPOS="3022"
                    WIDTH="2035"
                    HEIGHT="145">
            <Shape><Polygon POINTS="532 3139 532 3167 2564 3108 2564 3078 2558 3036 2480 3022 2477 3022 2324 3039 2257 3047 2246 3042 2224 3030 2221 3030 2218 3030 2084 3033 2029 3047 1987 3058 1786 3061 1767 3053 1761 3047 1758 3047 1755 3047 1753 3047 1750 3047 1747 3047 1742 3053 1730 3064 1622 3067 1597 3056 1588 3053 1585 3053 1583 3053 1544 3058 1438 3072 1379 3061 1349 3056 1346 3056 1343 3056 1340 3056 1335 3061 1321 3072 1296 3064 1282 3058 1279 3058 1276 3058 1273 3058 1259 3064 1226 3078 1181 3064 1167 3061 1165 3061 1162 3061 1137 3067 1064 3083 995 3069 978 3067 975 3067 972 3067 956 3069 880 3089 755 3075 749 3075 746 3075 744 3075 741 3075 719 3095 604 3097 529 3081 532 3139"/></Shape>
	    <String CONTENT="coup dans le suicès du mimistire. &lt;.......... ..........&gt;"
                    HPOS="529"
                    VPOS="3022"
                    WIDTH="2035"
                    HEIGHT="145"
                    WC="0.9534817306618941"></String>
          </TextLine>
          <TextLine ID="eSc_line_76bec92c"
                    TAGREFS="LT31"
                    BASELINE="532 3212 2659 3156" 
                    HPOS="529"
                    VPOS="3108"
                    WIDTH="2130"
                    HEIGHT="134">
            <Shape><Polygon POINTS="532 3212 532 3242 2659 3175 2659 3156 2650 3122 2419 3122 2397 3108 2394 3108 2391 3108 2388 3108 2224 3128 2146 3114 2143 3114 2140 3114 2137 3114 2109 3134 2045 3117 2043 3117 2040 3117 2037 3117 2034 3117 2006 3139 1689 3145 1491 3131 1488 3131 1318 3136 1315 3136 1248 3156 1075 3142 1073 3142 978 3161 916 3147 914 3147 911 3147 908 3147 838 3167 788 3150 785 3150 783 3150 780 3150 738 3164 666 3153 663 3153 529 3175 532 3212"/></Shape>
	    <String CONTENT="&lt;.. ..  ... .. .. ........."
                    HPOS="529"
                    VPOS="3108"
                    WIDTH="2130"
                    HEIGHT="134"
                    WC="0.8514890803231133"></String>
          </TextLine>
          <TextLine ID="eSc_line_20784f3d"
                    TAGREFS="LT31"
                    BASELINE="515 3284 2664 3245" 
                    HPOS="512"
                    VPOS="3195"
                    WIDTH="2152"
                    HEIGHT="120">
            <Shape><Polygon POINTS="515 3284 515 3315 2661 3270 2664 3245 2656 3195 1742 3198 1739 3198 1736 3198 1719 3214 1716 3217 811 3234 802 3231 763 3217 760 3217 758 3217 680 3234 677 3234 590 3220 588 3220 512 3237 515 3284"/></Shape>
	    <String CONTENT="&lt;..... . ..&gt; en faveur des .sse&gt;."
                    HPOS="512"
                    VPOS="3195"
                    WIDTH="2152"
                    HEIGHT="120"
                    WC="0.9626883105798201"></String>
          </TextLine>
        </TextBlock>
      </PrintSpace>
    </Page>
  </Layout>
</alto>
