<?xml version="1.0" encoding="UTF-8"?>
<alto xmlns:xsi="http://www.w3.org/2001/XMLSchema-instance"
      xmlns="http://www.loc.gov/standards/alto/ns-v4#"
      xsi:schemaLocation="http://www.loc.gov/standards/alto/ns-v4# http://www.loc.gov/standards/alto/v4/alto-4-2.xsd">
  <Description>
    <MeasurementUnit>pixel</MeasurementUnit>
    <sourceImageInformation>
      <fileName>ARCH-DIV-000496_0301.png</fileName>
    </sourceImageInformation>
  </Description>
  <Tags>
    <OtherTag ID="BT42" LABEL="MainZone" DESCRIPTION="block type MainZone"/><OtherTag ID="BT43" LABEL="MarginTextZone" DESCRIPTION="block type MarginTextZone"/><OtherTag ID="BT44" LABEL="NumberingZone" DESCRIPTION="block type NumberingZone"/><OtherTag ID="BT45" LABEL="TitlePageZone" DESCRIPTION="block type TitlePageZone"/><OtherTag ID="BT46" LABEL="CustomZone:Numbering" DESCRIPTION="block type CustomZone:Numbering"/><OtherTag ID="BT49" LABEL="MarginTextZone:lower" DESCRIPTION="block type MarginTextZone:lower"/>
    <OtherTag ID="LT25" LABEL="default" DESCRIPTION="line type default"/><OtherTag ID="LT31" LABEL="DefaultLine" DESCRIPTION="line type DefaultLine"/><OtherTag ID="LT32" LABEL="HeadingLine" DESCRIPTION="line type HeadingLine"/><OtherTag ID="LT33" LABEL="InterlinearLine:addition" DESCRIPTION="line type InterlinearLine:addition"/><OtherTag ID="LT34" LABEL="InterlinearLine:correction" DESCRIPTION="line type InterlinearLine:correction"/>
  </Tags>
  <Layout>
    <Page WIDTH="2817"
          HEIGHT="3330"
          PHYSICAL_IMG_NR="300"
          ID="eSc_dummypage_">
      <PrintSpace HPOS="0"
                  VPOS="0"
                  WIDTH="2817"
                  HEIGHT="3330">
        <TextBlock HPOS="192"
                   VPOS="22"
                   WIDTH="275"
                   HEIGHT="146"
                   ID="eSc_textblock_b3729f95"
                   TAGREFS="BT44">
          <Shape><Polygon POINTS="467 168 467 22 192 22 192 168"/></Shape>
          <TextLine ID="eSc_line_c95c1d8d"
                    TAGREFS="LT31"
                    BASELINE="262 101 441 113" 
                    HPOS="277"
                    VPOS="58"
                    WIDTH="164"
                    HEIGHT="139">
            <Shape><Polygon POINTS="360 80 333 74 305 69 277 74 280 119 285 197 441 155 441 113 432 58 394 58 388 86"/></Shape>
	    <String CONTENT=""
                    HPOS="277"
                    VPOS="58"
                    WIDTH="164"
                    HEIGHT="139"></String>
          </TextLine>
        </TextBlock>
        <TextBlock HPOS="438"
                   VPOS="0"
                   WIDTH="2379"
                   HEIGHT="3330"
                   ID="eSc_textblock_34019a7a"
                   TAGREFS="BT42">
          <Shape><Polygon POINTS="612 6 591 951 438 3330 2735 3299 2817 0"/></Shape>
          <TextLine ID="eSc_line_47ba45c0"
                    TAGREFS="LT31"
                    BASELINE="630 97 1909 105 2783 130" 
                    HPOS="630"
                    VPOS="44"
                    WIDTH="2153"
                    HEIGHT="111">
            <Shape><Polygon POINTS="2736 124 2725 83 2522 80 2514 119 2486 116 2458 116 2431 116 2403 116 2375 116 2347 116 2320 116 2292 91 2264 83 2236 74 2209 69 2200 66 2175 74 2170 74 2167 74 2131 55 2128 55 2125 55 1878 69 1792 72 1751 66 1651 49 1648 49 1645 49 1615 63 1604 69 1590 63 1562 49 1543 49 1523 49 1418 61 1348 66 1321 58 1287 47 1284 47 1282 47 1221 55 1176 63 1162 55 1149 47 1126 47 1099 47 1071 47 1043 44 1015 44 988 44 960 44 932 44 904 44 879 44 668 44 654 49 630 58 630 97 630 127 932 119 1124 135 1143 135 1146 135 1160 135 1282 124 2778 155 2783 130 2775 105 2764 94"/></Shape>
	    <String CONTENT=""
                    HPOS="630"
                    VPOS="44"
                    WIDTH="2153"
                    HEIGHT="111"></String>
          </TextLine>
          <TextLine ID="eSc_line_af3ac74c"
                    TAGREFS="LT31"
                    BASELINE="627 160 2786 194" 
                    HPOS="624"
                    VPOS="111"
                    WIDTH="2162"
                    HEIGHT="111">
            <Shape><Polygon POINTS="2705 169 2678 177 2650 180 2622 183 2594 185 2567 185 2539 183 2511 183 2483 180 2456 177 2428 174 2400 172 2372 169 2345 166 2336 152 2264 152 2256 149 2203 133 2200 133 2198 133 2042 144 2039 144 1992 130 1989 130 1987 130 1915 144 1909 144 1906 144 1890 127 1887 127 1884 127 1881 127 1712 138 1570 124 1568 124 1565 124 1537 138 1532 138 1351 138 1346 135 1307 119 1304 119 1301 119 1218 133 1210 133 1198 133 1112 116 1110 116 1026 130 1015 130 1007 130 957 113 954 113 951 113 949 113 901 127 899 130 824 130 821 127 802 111 799 111 796 111 793 111 627 122 627 160 624 180 1168 205 1171 205 1304 194 1326 194 1334 194 1382 208 1384 208 1387 208 1609 199 1665 199 1679 202 1723 213 1726 213 1729 213 1823 205 1859 202 2780 222 2786 194 2783 158 2714 155 2705 169"/></Shape>
	    <String CONTENT=""
                    HPOS="624"
                    VPOS="111"
                    WIDTH="2162"
                    HEIGHT="111"></String>
          </TextLine>
          <TextLine ID="eSc_line_237f00eb"
                    TAGREFS="LT31"
                    BASELINE="627 227 2769 255" 
                    HPOS="624"
                    VPOS="180"
                    WIDTH="2145"
                    HEIGHT="105">
            <Shape><Polygon POINTS="627 227 624 249 718 266 721 266 782 255 827 255 1037 255 1040 258 1060 271 1062 271 1065 271 1068 271 1207 260 1221 260 1232 260 1318 274 1321 274 1443 263 1468 263 1482 266 1534 277 2764 285 2769 255 2764 208 2342 213 2098 202 1892 191 1890 191 1887 191 1884 191 1873 199 1859 208 1701 208 1676 197 1645 188 1643 188 1640 188 1637 188 1615 197 1606 202 1598 197 1584 188 1581 188 1579 188 1576 188 1479 197 1434 199 1426 197 1404 185 1401 185 1398 185 1312 194 1268 199 1201 194 1040 180 1037 180 627 188 627 227"/></Shape>
	    <String CONTENT=""
                    HPOS="624"
                    VPOS="180"
                    WIDTH="2145"
                    HEIGHT="105"></String>
          </TextLine>
          <TextLine ID="eSc_line_be328221"
                    TAGREFS="LT31"
                    BASELINE="624 302 1262 302 2744 333" 
                    HPOS="624"
                    VPOS="249"
                    WIDTH="2120"
                    HEIGHT="120">
            <Shape><Polygon POINTS="624 302 624 330 943 321 1024 335 1062 341 1065 341 1093 335 1146 324 1235 338 1307 346 1309 346 1396 338 1459 333 1520 338 1626 352 1629 352 1828 341 1876 341 1887 344 1945 357 1948 357 1951 357 2167 346 2211 344 2220 346 2256 360 2259 360 2261 360 2395 346 2411 346 2414 346 2431 360 2433 360 2436 360 2439 360 2528 352 2622 369 2625 369 2742 349 2744 333 2742 294 2392 274 2389 274 2167 283 2137 283 2131 283 2112 269 2109 269 2106 269 2103 269 1837 277 1801 277 1795 277 1776 263 1773 263 1770 263 1767 263 1656 274 1645 274 1643 274 1629 260 1626 260 1623 260 1620 260 1554 271 1551 271 1548 271 1468 258 1465 258 1221 266 1198 266 1196 266 1149 252 1146 252 1143 252 1021 263 1010 263 1007 263 990 249 988 249 985 249 982 249 624 255 624 302"/></Shape>
	    <String CONTENT=""
                    HPOS="624"
                    VPOS="249"
                    WIDTH="2120"
                    HEIGHT="120"></String>
          </TextLine>
          <TextLine ID="eSc_line_49831912"
                    TAGREFS="LT31"
                    BASELINE="618 366 2753 405" 
                    HPOS="616"
                    VPOS="313"
                    WIDTH="2137"
                    HEIGHT="114">
            <Shape><Polygon POINTS="618 366 616 385 1989 427 1992 427 2750 424 2753 405 2753 369 2433 346 2431 346 2345 357 2311 360 2298 355 2270 344 2267 344 2264 344 2048 349 1906 352 1876 344 1840 335 1837 335 1834 335 1831 335 1803 344 1781 349 1767 341 1759 335 1756 335 1754 335 1751 335 1670 338 1532 346 1298 344 1279 330 1276 327 1273 327 1271 327 1268 327 1221 327 996 335 963 321 960 321 957 321 954 321 951 321 940 333 924 319 921 319 918 319 915 319 899 319 771 333 618 313 618 366"/></Shape>
	    <String CONTENT=""
                    HPOS="616"
                    VPOS="313"
                    WIDTH="2137"
                    HEIGHT="114"></String>
          </TextLine>
          <TextLine ID="eSc_line_3c9114a1"
                    TAGREFS="LT31"
                    BASELINE="621 449 1532 449 2761 477" 
                    HPOS="621"
                    VPOS="394"
                    WIDTH="2140"
                    HEIGHT="116">
            <Shape><Polygon POINTS="621 449 621 480 852 468 868 482 871 482 874 482 877 482 1046 471 1143 488 1149 488 1151 488 1154 488 1215 474 1235 491 1237 491 1240 491 1243 491 1257 491 1346 477 1365 491 1368 491 1371 491 1373 491 1376 491 1545 480 1590 493 1593 493 1595 493 1704 482 1806 499 1820 499 1823 499 1848 499 2017 488 2039 502 2042 502 2045 502 2048 502 2084 502 2375 493 2755 510 2761 477 2758 424 2581 435 2317 419 2284 419 2281 419 2270 419 2211 430 2186 419 2178 416 2175 416 2173 416 2128 419 2001 427 1881 416 1809 410 1806 410 1149 410 860 410 677 410 677 407 663 396 663 394 660 394 657 394 654 394 652 394 621 405 621 449"/></Shape>
	    <String CONTENT=""
                    HPOS="621"
                    VPOS="394"
                    WIDTH="2140"
                    HEIGHT="116"></String>
          </TextLine>
          <TextLine ID="eSc_line_8d172279"
                    TAGREFS="LT34"
                    BASELINE="675 416 806 409 806 409 1051 418" 
                    HPOS="675"
                    VPOS="409"
                    WIDTH="376"
                    HEIGHT="9">
	    <String CONTENT=""
                    HPOS="675"
                    VPOS="409"
                    WIDTH="376"
                    HEIGHT="9"></String>
          </TextLine>
          <TextLine ID="eSc_line_308ce267"
                    TAGREFS="LT31"
                    BASELINE="613 516 1068 510 2106 534 2107 534 2717 538" 
                    HPOS="613"
                    VPOS="455"
                    WIDTH="2104"
                    HEIGHT="113">
            <Shape><Polygon POINTS="613 538 838 530 2711 568 2717 538 2717 499 2650 482 2647 482 2644 482 2594 496 2589 496 1792 485 1792 482 1779 471 1779 468 1776 468 1773 468 1770 468 1767 468 1740 482 1737 482 1726 482 1570 466 1568 466 1437 477 1404 480 1387 477 1326 463 1323 463 1260 474 1243 477 1223 474 1140 460 1137 460 1135 460 1096 471 1085 474 1071 471 999 457 996 457 926 468 910 471 888 468 785 455 782 455 613 463 613 516"/></Shape>
	    <String CONTENT=""
                    HPOS="613"
                    VPOS="455"
                    WIDTH="2104"
                    HEIGHT="113"></String>
          </TextLine>
          <TextLine ID="eSc_line_5062f20c"
                    TAGREFS="LT31"
                    BASELINE="610 582 1687 588 2717 613" 
                    HPOS="607"
                    VPOS="527"
                    WIDTH="2110"
                    HEIGHT="105">
            <Shape><Polygon POINTS="610 582 607 604 2711 632 2717 613 2714 568 2278 546 2275 546 2273 546 2234 560 2195 546 2192 546 2189 546 2186 546 2150 560 2148 560 1973 560 1970 557 1917 541 1915 541 1912 541 1828 555 1826 555 1745 538 1742 538 1740 538 1706 552 1545 535 1543 535 1429 549 1426 549 1423 549 1223 532 1221 532 1104 543 1085 530 1082 530 1079 530 1076 530 907 541 885 527 882 527 879 527 877 527 610 538 610 582"/></Shape>
	    <String CONTENT=""
                    HPOS="607"
                    VPOS="527"
                    WIDTH="2110"
                    HEIGHT="105"></String>
          </TextLine>
          <TextLine ID="eSc_line_e2073842"
                    TAGREFS="LT31"
                    BASELINE="616 657 1198 652 2728 679" 
                    HPOS="616"
                    VPOS="602"
                    WIDTH="2112"
                    HEIGHT="105">
            <Shape><Polygon POINTS="616 657 616 685 943 677 1001 690 1021 693 1024 693 1068 690 1210 679 1476 693 1618 702 1620 702 1770 696 1964 690 1998 699 2028 707 2031 707 2034 707 2725 704 2728 679 2728 643 2425 624 2422 624 2420 624 2384 635 2375 638 2372 635 2353 621 2350 621 2347 621 2345 621 2245 632 2211 635 1998 635 1989 627 1973 616 1970 616 1967 616 1964 616 1865 624 1812 629 1751 624 1667 613 1665 613 1545 618 1484 621 1418 616 1312 607 1309 607 1307 607 1290 613 1273 621 1243 613 1212 604 1210 604 1207 604 1165 610 1124 618 1099 610 1082 604 1079 604 1076 604 993 607 835 616 616 602 616 657"/></Shape>
	    <String CONTENT=""
                    HPOS="616"
                    VPOS="602"
                    WIDTH="2112"
                    HEIGHT="105"></String>
          </TextLine>
          <TextLine ID="eSc_line_4b96e654"
                    TAGREFS="LT31"
                    BASELINE="616 729 1276 724 2728 754" 
                    HPOS="616"
                    VPOS="679"
                    WIDTH="2112"
                    HEIGHT="114">
            <Shape><Polygon POINTS="616 729 616 760 993 749 1151 749 1201 771 1204 771 1207 771 1210 771 1218 771 1304 754 1351 774 1354 774 1357 774 1359 774 1390 774 1659 760 1684 779 1687 779 1690 779 1692 779 1704 779 1773 765 2106 785 2128 785 2131 785 2134 785 2203 768 2722 793 2728 754 2725 710 616 679 616 729"/></Shape>
	    <String CONTENT=""
                    HPOS="616"
                    VPOS="679"
                    WIDTH="2112"
                    HEIGHT="114"></String>
          </TextLine>
          <TextLine ID="eSc_line_63dbc3d2"
                    TAGREFS="LT31"
                    BASELINE="618 807 1104 799 1825 815 1825 815 2722 821" 
                    HPOS="618"
                    VPOS="760"
                    WIDTH="2104"
                    HEIGHT="91">
            <Shape><Polygon POINTS="618 835 732 821 979 821 1032 838 1037 840 1040 840 1043 840 1071 840 1232 826 1426 826 1462 840 1476 846 1479 846 1482 846 1534 843 1651 832 1701 843 1729 849 1731 851 2719 851 2722 821 2719 782 618 760 618 807"/></Shape>
	    <String CONTENT=""
                    HPOS="618"
                    VPOS="760"
                    WIDTH="2104"
                    HEIGHT="91"></String>
          </TextLine>
          <TextLine ID="eSc_line_2c265a32"
                    TAGREFS="LT31"
                    BASELINE="616 871 1518 876 2725 901" 
                    HPOS="613"
                    VPOS="818"
                    WIDTH="2112"
                    HEIGHT="111">
            <Shape><Polygon POINTS="616 871 613 885 763 904 766 904 899 893 932 890 1010 893 1290 912 1293 912 1373 901 1409 899 1495 904 1670 918 1673 918 1734 910 1762 907 1884 912 2089 924 2092 924 2095 924 2112 918 2137 910 2719 929 2725 901 2722 860 2409 857 2403 854 2367 840 2364 840 2361 840 1890 846 1831 846 1826 846 1787 832 1784 832 1781 832 1684 843 1676 843 1648 829 1645 829 1643 829 1507 840 1498 840 1495 840 1459 826 1457 826 1454 826 1137 835 1115 835 1087 821 1085 821 1082 821 982 832 926 818 924 818 921 818 616 826 616 871"/></Shape>
	    <String CONTENT=""
                    HPOS="613"
                    VPOS="818"
                    WIDTH="2112"
                    HEIGHT="111"></String>
          </TextLine>
          <TextLine ID="eSc_line_30c6a21d"
                    TAGREFS="LT31"
                    BASELINE="610 946 2744 968" 
                    HPOS="607"
                    VPOS="893"
                    WIDTH="2137"
                    HEIGHT="106">
            <Shape><Polygon POINTS="610 946 607 968 649 985 652 985 654 985 793 974 904 974 1137 974 1140 976 1160 990 1162 990 1165 990 1168 990 1334 979 1357 979 1362 979 1409 993 1412 993 1415 993 1576 982 1606 982 1620 985 1679 996 1681 996 1684 996 1687 996 1698 985 1701 985 2739 999 2744 968 2742 915 2592 929 2550 912 2547 912 2545 912 2542 912 2539 912 2536 912 2503 926 2472 912 2470 912 2467 912 2450 912 2253 926 2228 912 2228 910 2225 910 2223 910 2220 910 2178 910 1948 924 1892 910 1870 904 1867 904 1865 904 1817 910 1717 921 1692 910 1676 901 1673 901 1670 901 1434 904 1432 904 1429 904 1426 907 1409 918 1149 918 1129 904 1110 896 1107 896 1104 896 1010 904 932 912 882 904 818 893 815 893 610 901 610 946"/></Shape>
	    <String CONTENT=""
                    HPOS="607"
                    VPOS="893"
                    WIDTH="2137"
                    HEIGHT="106"></String>
          </TextLine>
          <TextLine ID="eSc_line_7ad7e74c"
                    TAGREFS="LT33"
                    BASELINE="1076 915 1274 898" 
                    HPOS="1076"
                    VPOS="898"
                    WIDTH="198"
                    HEIGHT="17">
	    <String CONTENT=""
                    HPOS="1076"
                    VPOS="898"
                    WIDTH="198"
                    HEIGHT="17"></String>
          </TextLine>
          <TextLine ID="eSc_line_45fa5295"
                    TAGREFS="LT31"
                    BASELINE="610 1021 2747 1040" 
                    HPOS="607"
                    VPOS="968"
                    WIDTH="2140"
                    HEIGHT="103">
            <Shape><Polygon POINTS="610 1021 607 1048 2742 1071 2747 1040 2747 1001 2381 985 2378 985 2181 996 2148 996 2145 996 2125 979 2123 979 2120 979 2117 979 1468 987 1445 987 1437 987 1221 971 1218 971 1215 971 1162 985 1154 985 790 971 788 971 721 982 716 982 713 982 688 968 685 968 682 968 610 979 610 1021"/></Shape>
	    <String CONTENT=""
                    HPOS="607"
                    VPOS="968"
                    WIDTH="2140"
                    HEIGHT="103"></String>
          </TextLine>
          <TextLine ID="eSc_line_f7368ad1"
                    TAGREFS="LT31"
                    BASELINE="596 1096 852 1090" 
                    HPOS="593"
                    VPOS="1035"
                    WIDTH="259"
                    HEIGHT="83">
            <Shape><Polygon POINTS="596 1096 596 1118 849 1115 852 1090 843 1037 782 1048 757 1043 732 1035 729 1035 727 1035 724 1035 693 1046 677 1051 666 1048 630 1037 627 1037 624 1037 621 1037 593 1048 596 1096"/></Shape>
	    <String CONTENT=""
                    HPOS="593"
                    VPOS="1035"
                    WIDTH="259"
                    HEIGHT="83"></String>
          </TextLine>
          <TextLine ID="eSc_line_4798a8ba"
                    TAGREFS="LT31"
                    BASELINE="605 1165 2733 1171" 
                    HPOS="602"
                    VPOS="1110"
                    WIDTH="2131"
                    HEIGHT="99">
            <Shape><Polygon POINTS="605 1165 602 1187 921 1207 924 1209 1110 1209 1110 1207 1112 1207 1143 1193 1670 1209 1673 1209 2730 1198 2733 1171 2728 1126 2409 1132 2389 1123 2375 1115 2372 1115 2245 1115 2242 1115 2239 1115 2228 1121 2206 1132 2100 1121 2073 1118 2070 1118 2067 1118 2064 1118 2064 1121 2042 1134 1779 1134 1734 1118 1726 1115 1723 1115 1720 1115 1717 1115 1712 1118 1667 1132 1620 1118 1618 1118 1615 1118 1412 1129 1390 1115 1390 1112 1387 1112 1384 1112 1237 1112 1235 1112 1232 1112 1229 1112 1185 1132 960 1132 605 1110 605 1165"/></Shape>
	    <String CONTENT=""
                    HPOS="602"
                    VPOS="1110"
                    WIDTH="2131"
                    HEIGHT="99"></String>
          </TextLine>
          <TextLine ID="eSc_line_f64e5472"
                    TAGREFS="LT31"
                    BASELINE="585 1248 827 1237 2109 1243 2705 1223" 
                    HPOS="582"
                    VPOS="1182"
                    WIDTH="2123"
                    HEIGHT="97">
            <Shape><Polygon POINTS="585 1248 585 1279 677 1262 804 1262 827 1276 829 1276 832 1276 835 1276 838 1276 890 1262 1110 1262 1137 1276 1140 1276 1143 1276 1146 1276 1160 1276 1229 1262 2703 1262 2705 1223 2697 1182 2173 1201 1434 1201 1426 1196 1409 1184 1407 1184 1404 1184 1401 1184 1398 1184 1371 1196 1357 1201 1223 1198 821 1187 818 1187 713 1201 627 1187 624 1187 621 1187 582 1201 585 1248"/></Shape>
	    <String CONTENT=""
                    HPOS="582"
                    VPOS="1182"
                    WIDTH="2123"
                    HEIGHT="97"></String>
          </TextLine>
          <TextLine ID="eSc_line_9cf0834c"
                    TAGREFS="LT31"
                    BASELINE="585 1309 2753 1308" 
                    HPOS="582"
                    VPOS="1251"
                    WIDTH="2171"
                    HEIGHT="86">
            <Shape><Polygon POINTS="585 1332 2747 1337 2753 1298 2744 1254 2059 1265 2048 1259 2031 1251 2028 1251 1756 1251 1754 1251 1670 1262 1637 1268 1601 1265 1509 1254 1507 1254 1387 1268 1365 1268 1354 1268 1284 1254 1282 1254 1279 1254 1276 1254 1262 1268 1260 1270 1110 1270 1082 1270 910 1257 907 1257 840 1270 790 1257 788 1257 785 1257 582 1273 585 1309"/></Shape>
	    <String CONTENT=""
                    HPOS="582"
                    VPOS="1251"
                    WIDTH="2171"
                    HEIGHT="86"></String>
          </TextLine>
          <TextLine ID="eSc_line_7ef6e63f"
                    TAGREFS="LT34"
                    BASELINE="1788 1285 1961 1285" 
                    HPOS="1788"
                    VPOS="1285"
                    WIDTH="173"
                    HEIGHT="0">
	    <String CONTENT=""
                    HPOS="1788"
                    VPOS="1285"
                    WIDTH="173"
                    HEIGHT="0"></String>
          </TextLine>
          <TextLine ID="eSc_line_ef62ba2b"
                    TAGREFS="LT31"
                    BASELINE="582 1381 2719 1368" 
                    HPOS="580"
                    VPOS="1318"
                    WIDTH="2139"
                    HEIGHT="86">
            <Shape><Polygon POINTS="582 1381 582 1404 2717 1401 2719 1368 2714 1332 2625 1318 2622 1318 2522 1332 2511 1332 2506 1332 2464 1318 2461 1318 2458 1318 2345 1332 2336 1332 2317 1318 2314 1318 2311 1318 2309 1318 2306 1318 2303 1318 2284 1332 2281 1334 2278 1332 2261 1320 2259 1320 2256 1320 2253 1320 2250 1320 2248 1320 2234 1332 2228 1337 1976 1337 1959 1334 1870 1320 1867 1320 1865 1320 1840 1334 1834 1337 1828 1334 1812 1323 1809 1323 1806 1323 1803 1323 1618 1334 1559 1337 1548 1334 1512 1323 1509 1323 1507 1323 1443 1334 1415 1340 1371 1334 1287 1326 1284 1326 1282 1326 1279 1326 1265 1337 1257 1340 1243 1337 1207 1326 1204 1326 1201 1326 1065 1337 982 1343 968 1337 951 1329 949 1329 946 1329 904 1337 877 1343 580 1340 582 1381"/></Shape>
	    <String CONTENT=""
                    HPOS="580"
                    VPOS="1318"
                    WIDTH="2139"
                    HEIGHT="86"></String>
          </TextLine>
          <TextLine ID="eSc_line_1f26fc97"
                    TAGREFS="LT31"
                    BASELINE="574 1456 2714 1429" 
                    HPOS="571"
                    VPOS="1387"
                    WIDTH="2143"
                    HEIGHT="92">
            <Shape><Polygon POINTS="574 1456 574 1479 2711 1451 2714 1429 2705 1387 1751 1401 1740 1401 1654 1390 1651 1390 1648 1390 1645 1390 1629 1404 1626 1406 1407 1406 1387 1406 1215 1395 1212 1395 1137 1409 1013 1398 1010 1398 1007 1398 965 1412 790 1401 788 1401 785 1401 782 1401 760 1415 618 1404 616 1404 613 1404 571 1418 574 1456"/></Shape>
	    <String CONTENT=""
                    HPOS="571"
                    VPOS="1387"
                    WIDTH="2143"
                    HEIGHT="92"></String>
          </TextLine>
          <TextLine ID="eSc_line_a45fb889"
                    TAGREFS="LT31"
                    BASELINE="568 1531 1631 1512 2739 1517" 
                    HPOS="566"
                    VPOS="1465"
                    WIDTH="2173"
                    HEIGHT="97">
            <Shape><Polygon POINTS="568 1531 571 1562 613 1548 899 1559 901 1559 904 1559 907 1559 926 1545 1051 1556 1054 1556 1057 1556 1115 1542 1168 1556 1171 1556 1173 1556 1282 1542 1407 1556 1409 1556 1498 1540 1895 1551 1898 1551 1901 1551 1928 1537 2733 1548 2739 1517 2736 1473 1470 1465 1468 1465 1465 1465 1426 1479 1157 1467 1154 1467 566 1484 568 1531"/></Shape>
	    <String CONTENT=""
                    HPOS="566"
                    VPOS="1465"
                    WIDTH="2173"
                    HEIGHT="97"></String>
          </TextLine>
          <TextLine ID="eSc_line_d3b2a473"
                    TAGREFS="LT34"
                    BASELINE="2552 1493 2607 1483" 
                    HPOS="2552"
                    VPOS="1483"
                    WIDTH="55"
                    HEIGHT="10">
	    <String CONTENT=""
                    HPOS="2552"
                    VPOS="1483"
                    WIDTH="55"
                    HEIGHT="10"></String>
          </TextLine>
          <TextLine ID="eSc_line_5d50ecef"
                    TAGREFS="LT31"
                    BASELINE="571 1601 1790 1581 2694 1584" 
                    HPOS="568"
                    VPOS="1523"
                    WIDTH="2126"
                    HEIGHT="111">
            <Shape><Polygon POINTS="571 1601 571 1617 860 1634 863 1634 865 1634 868 1634 888 1620 1248 1628 1251 1628 1254 1628 1257 1628 1279 1615 1284 1612 1293 1615 1329 1626 1332 1626 1334 1626 1457 1612 1504 1606 1945 1606 1964 1609 2028 1623 2031 1623 2106 1609 2123 1606 2128 1609 2153 1620 2156 1620 2159 1620 2692 1603 2694 1584 2689 1540 2522 1540 2520 1540 2445 1523 2442 1523 2439 1523 2381 1542 2375 1545 2214 1545 2211 1542 2087 1526 2084 1526 2081 1526 2078 1526 2056 1545 2053 1548 2001 1548 1998 1545 1978 1529 1976 1529 1973 1529 1820 1529 1817 1529 1815 1529 1754 1548 1751 1548 1695 1531 1692 1531 1690 1531 1556 1545 1482 1531 1479 1531 1476 1531 1426 1548 1334 1537 1332 1537 1232 1551 1196 1534 1193 1534 1190 1534 1187 1534 1135 1554 1135 1556 1099 1556 1013 1556 879 1537 877 1537 874 1537 835 1556 835 1559 568 1559 571 1601"/></Shape>
	    <String CONTENT=""
                    HPOS="568"
                    VPOS="1523"
                    WIDTH="2126"
                    HEIGHT="111"></String>
          </TextLine>
          <TextLine ID="eSc_line_87a1ee12"
                    TAGREFS="LT31"
                    BASELINE="571 1670 2683 1648" 
                    HPOS="568"
                    VPOS="1601"
                    WIDTH="2115"
                    HEIGHT="100">
            <Shape><Polygon POINTS="571 1670 571 1698 763 1687 810 1698 829 1701 832 1701 835 1701 843 1698 871 1684 974 1695 999 1698 1001 1698 1004 1698 1015 1695 1060 1684 1085 1695 1093 1698 1096 1698 1099 1698 1160 1695 1390 1678 1562 1692 1587 1692 1590 1692 1593 1692 1598 1692 1656 1676 1859 1689 1884 1689 1887 1689 1890 1689 1892 1689 1939 1670 2234 1670 2406 1684 2411 1684 2414 1684 2417 1684 2453 1667 2678 1681 2683 1648 2678 1603 2189 1601 2186 1601 2184 1601 2164 1609 2148 1620 2028 1620 2012 1612 1981 1603 1978 1603 1976 1603 1973 1603 1970 1603 1959 1615 1953 1617 1937 1615 1890 1603 1887 1603 1884 1603 1842 1615 1820 1623 1620 1623 1523 1620 1287 1612 1284 1612 1282 1612 1279 1612 1260 1626 1254 1628 1082 1628 1065 1628 954 1615 951 1615 840 1631 832 1631 827 1631 763 1617 760 1617 568 1634 571 1670"/></Shape>
	    <String CONTENT=""
                    HPOS="568"
                    VPOS="1601"
                    WIDTH="2115"
                    HEIGHT="100"></String>
          </TextLine>
          <TextLine ID="eSc_line_5d2df3f2"
                    TAGREFS="LT31"
                    BASELINE="574 1739 2697 1723" 
                    HPOS="571"
                    VPOS="1667"
                    WIDTH="2126"
                    HEIGHT="92">
            <Shape><Polygon POINTS="574 1739 574 1759 2694 1753 2697 1723 2692 1684 2420 1684 2381 1667 2378 1667 2375 1667 2372 1667 2328 1684 2322 1684 2284 1684 2034 1670 2031 1670 2028 1670 1992 1684 1981 1687 1939 1684 1828 1673 1826 1673 1823 1673 1792 1684 1784 1687 1781 1684 1767 1673 1765 1673 1762 1673 1645 1673 1643 1673 1640 1673 1606 1684 1587 1689 1490 1684 1348 1676 1346 1676 1165 1678 1162 1678 1160 1678 1151 1684 1135 1695 1004 1695 990 1684 982 1678 979 1678 976 1678 974 1678 929 1684 865 1695 571 1687 574 1739"/></Shape>
	    <String CONTENT=""
                    HPOS="571"
                    VPOS="1667"
                    WIDTH="2126"
                    HEIGHT="92"></String>
          </TextLine>
          <TextLine ID="eSc_line_067c9a90"
                    TAGREFS="LT31"
                    BASELINE="563 1814 2739 1789" 
                    HPOS="560"
                    VPOS="1739"
                    WIDTH="2179"
                    HEIGHT="111">
            <Shape><Polygon POINTS="563 1814 563 1837 696 1850 699 1850 846 1837 877 1834 901 1837 1026 1848 1029 1848 1107 1834 1129 1831 1179 1834 1329 1842 1332 1842 1334 1842 1337 1842 1348 1831 1357 1825 2739 1820 2739 1789 2733 1751 2270 1742 2267 1742 2175 1756 2164 1756 2153 1756 2012 1739 2009 1739 2006 1739 1956 1759 1951 1759 1920 1759 1576 1745 1573 1745 1570 1745 1568 1745 1545 1762 1473 1751 1470 1751 1398 1764 1373 1748 1371 1748 1368 1748 1284 1748 1282 1748 1087 1767 838 1753 835 1753 832 1753 793 1773 790 1773 777 1773 607 1756 605 1756 602 1756 560 1770 563 1814"/></Shape>
	    <String CONTENT=""
                    HPOS="560"
                    VPOS="1739"
                    WIDTH="2179"
                    HEIGHT="111"></String>
          </TextLine>
          <TextLine ID="eSc_line_94f1da81"
                    TAGREFS="LT31"
                    BASELINE="566 1884 2722 1859" 
                    HPOS="563"
                    VPOS="1809"
                    WIDTH="2159"
                    HEIGHT="105">
            <Shape><Polygon POINTS="566 1884 566 1914 2722 1889 2722 1859 2717 1823 2470 1809 2467 1809 2361 1823 2306 1809 2303 1809 2300 1809 2298 1809 2239 1825 2234 1825 2220 1825 2095 1812 2092 1812 2089 1812 2042 1825 2039 1825 1831 1814 1828 1814 1826 1814 1795 1828 1765 1814 1762 1814 1759 1814 1756 1814 1754 1814 1734 1828 1729 1831 1706 1828 1593 1817 1590 1817 1518 1831 1495 1834 1468 1831 1382 1820 1379 1820 1307 1831 1276 1839 1082 1839 1076 1834 1062 1823 1060 1823 1057 1823 1054 1823 1051 1823 1049 1823 1035 1834 1026 1839 1018 1834 999 1825 996 1825 993 1825 563 1837 566 1884"/></Shape>
	    <String CONTENT=""
                    HPOS="563"
                    VPOS="1809"
                    WIDTH="2159"
                    HEIGHT="105"></String>
          </TextLine>
          <TextLine ID="eSc_line_62621d68"
                    TAGREFS="LT34"
                    BASELINE="2191 1832 2278 1830" 
                    HPOS="2191"
                    VPOS="1830"
                    WIDTH="87"
                    HEIGHT="2">
	    <String CONTENT=""
                    HPOS="2191"
                    VPOS="1830"
                    WIDTH="87"
                    HEIGHT="2"></String>
          </TextLine>
          <TextLine ID="eSc_line_22a10852"
                    TAGREFS="LT31"
                    BASELINE="560 1961 2719 1928" 
                    HPOS="557"
                    VPOS="1875"
                    WIDTH="2162"
                    HEIGHT="123">
            <Shape><Polygon POINTS="560 1961 563 1998 602 1981 813 1995 852 1995 854 1995 857 1995 865 1992 918 1978 1121 1989 1165 1989 1168 1989 1212 1986 1371 1973 1415 1984 1451 1992 1454 1992 1457 1992 1731 1986 1734 1986 1737 1986 1751 1978 1765 1967 1834 1975 1901 1984 1903 1984 1956 1973 2026 1959 2089 1970 2142 1981 2145 1981 2148 1981 2189 1970 2228 1959 2517 1959 2525 1964 2539 1973 2542 1973 2545 1973 2547 1973 2597 1961 2653 1950 2714 1959 2719 1928 2711 1875 1989 1900 1939 1892 1901 1884 1898 1884 1856 1892 1806 1903 1748 1895 1687 1887 1684 1887 1479 1900 1434 1903 1429 1903 1401 1892 1398 1892 1396 1892 1393 1892 1362 1903 1348 1909 1309 1906 1221 1895 1218 1895 1215 1895 1171 1909 1154 1911 1112 1909 963 1898 960 1898 957 1898 918 1914 907 1917 868 1914 738 1903 735 1903 732 1903 729 1903 713 1917 710 1923 557 1923 560 1961"/></Shape>
	    <String CONTENT=""
                    HPOS="557"
                    VPOS="1875"
                    WIDTH="2162"
                    HEIGHT="123"></String>
          </TextLine>
          <TextLine ID="eSc_line_8eb5d289"
                    TAGREFS="LT31"
                    BASELINE="549 2031 1713 2014 1775 1991 1775 1991 1771 2013 2681 2000" 
                    HPOS="546"
                    VPOS="1950"
                    WIDTH="2135"
                    HEIGHT="117">
            <Shape><Polygon POINTS="549 2067 757 2050 896 2061 910 2061 913 2061 921 2061 1001 2047 1085 2059 1099 2059 1101 2059 1104 2059 1110 2059 1151 2045 1279 2053 1318 2056 1321 2056 2678 2025 2681 2000 2675 1964 2506 1950 2503 1950 2500 1950 2439 1967 2428 1967 2420 1967 2359 1953 2356 1953 2273 1967 2253 1970 2192 1970 1987 1961 1984 1961 1867 1973 1828 1975 1806 1973 1734 1961 1731 1961 1729 1961 1726 1961 1709 1975 1701 1981 1368 1981 1357 1978 1323 1967 1321 1967 1318 1967 1315 1967 1290 1978 1282 1984 1168 1981 932 1973 929 1973 546 1986 549 2031"/></Shape>
	    <String CONTENT=""
                    HPOS="546"
                    VPOS="1950"
                    WIDTH="2135"
                    HEIGHT="117"></String>
          </TextLine>
          <TextLine ID="eSc_line_8890e20d"
                    TAGREFS="LT34"
                    BASELINE="1444 1984 1716 1980" 
                    HPOS="1444"
                    VPOS="1980"
                    WIDTH="272"
                    HEIGHT="4">
	    <String CONTENT=""
                    HPOS="1444"
                    VPOS="1980"
                    WIDTH="272"
                    HEIGHT="4"></String>
          </TextLine>
          <TextLine ID="eSc_line_551634ba"
                    TAGREFS="LT31"
                    BASELINE="552 2103 2705 2067" 
                    HPOS="549"
                    VPOS="2017"
                    WIDTH="2156"
                    HEIGHT="122">
            <Shape><Polygon POINTS="552 2103 552 2139 679 2122 999 2131 1001 2131 1004 2131 1049 2114 1185 2128 1187 2128 1190 2128 1235 2109 1379 2109 1701 2120 1706 2120 1709 2120 1720 2120 2220 2095 2339 2109 2342 2109 2345 2109 2347 2109 2375 2092 2531 2106 2536 2106 2539 2106 2545 2106 2653 2089 2697 2103 2705 2067 2700 2031 2619 2017 2617 2017 2614 2017 2611 2017 2594 2031 2592 2031 2589 2031 2500 2020 2497 2020 2292 2036 2273 2036 2270 2036 2236 2022 2234 2022 2231 2022 2070 2039 2037 2042 2009 2039 1892 2028 1890 2028 1615 2047 1543 2050 1512 2047 1409 2036 1407 2036 1334 2050 1318 2053 1268 2053 1054 2042 1051 2042 1049 2042 1046 2042 1032 2056 1026 2059 990 2056 896 2047 893 2047 890 2047 888 2047 877 2059 871 2064 549 2064 552 2103"/></Shape>
	    <String CONTENT=""
                    HPOS="549"
                    VPOS="2017"
                    WIDTH="2156"
                    HEIGHT="122"></String>
          </TextLine>
          <TextLine ID="eSc_line_fc3b3d8a"
                    TAGREFS="LT31"
                    BASELINE="541 2170 2705 2139" 
                    HPOS="538"
                    VPOS="2097"
                    WIDTH="2167"
                    HEIGHT="98">
            <Shape><Polygon POINTS="541 2170 541 2195 2703 2172 2705 2139 2697 2097 538 2128 541 2170"/></Shape>
	    <String CONTENT=""
                    HPOS="538"
                    VPOS="2097"
                    WIDTH="2167"
                    HEIGHT="98"></String>
          </TextLine>
          <TextLine ID="eSc_line_8536df4a"
                    TAGREFS="LT31"
                    BASELINE="541 2247 2722 2208" 
                    HPOS="538"
                    VPOS="2153"
                    WIDTH="2184"
                    HEIGHT="119">
            <Shape><Polygon POINTS="541 2247 541 2272 2722 2244 2722 2208 2708 2153 2683 2170 2470 2158 2420 2158 2417 2158 2414 2158 2409 2161 2381 2175 2286 2164 2273 2164 2270 2164 2267 2164 2264 2164 2248 2181 2034 2181 2014 2172 1998 2164 1995 2164 1992 2164 1989 2164 1959 2172 1923 2183 1848 2175 1801 2172 1798 2172 1795 2172 1792 2172 1787 2178 1773 2189 1629 2189 1620 2183 1609 2172 1606 2172 1604 2172 1473 2172 1470 2172 918 2200 849 2203 835 2203 696 2186 693 2186 691 2186 643 2206 580 2195 577 2195 574 2195 538 2208 541 2247"/></Shape>
	    <String CONTENT=""
                    HPOS="538"
                    VPOS="2153"
                    WIDTH="2184"
                    HEIGHT="119"></String>
          </TextLine>
          <TextLine ID="eSc_line_455008f1"
                    TAGREFS="LT34"
                    BASELINE="1372 2194 1631 2201" 
                    HPOS="1372"
                    VPOS="2194"
                    WIDTH="259"
                    HEIGHT="7">
	    <String CONTENT=""
                    HPOS="1372"
                    VPOS="2194"
                    WIDTH="259"
                    HEIGHT="7"></String>
          </TextLine>
          <TextLine ID="eSc_line_538d330e"
                    TAGREFS="LT31"
                    BASELINE="543 2317 2686 2281" 
                    HPOS="541"
                    VPOS="2244"
                    WIDTH="2145"
                    HEIGHT="109">
            <Shape><Polygon POINTS="543 2317 543 2353 2683 2306 2686 2281 2681 2244 1695 2244 1692 2244 1690 2244 1687 2244 1665 2258 1229 2253 1226 2253 868 2272 707 2261 704 2261 541 2278 543 2317"/></Shape>
	    <String CONTENT=""
                    HPOS="541"
                    VPOS="2244"
                    WIDTH="2145"
                    HEIGHT="109"></String>
          </TextLine>
          <TextLine ID="eSc_line_e15ff465"
                    TAGREFS="LT31"
                    BASELINE="521 2386 2697 2353" 
                    HPOS="518"
                    VPOS="2303"
                    WIDTH="2179"
                    HEIGHT="116">
            <Shape><Polygon POINTS="521 2386 521 2419 2694 2383 2697 2353 2692 2314 2334 2303 2331 2303 2328 2303 2298 2317 2295 2317 2234 2317 1942 2311 1939 2311 1856 2319 1781 2328 1729 2322 1673 2314 1670 2314 1667 2314 1637 2322 1601 2331 1509 2322 1426 2317 1423 2317 1420 2317 1390 2325 1348 2333 1304 2325 1273 2319 1271 2319 1268 2319 1265 2319 1257 2325 1237 2336 1115 2328 1082 2325 1079 2325 1076 2325 1074 2325 1074 2328 1054 2342 879 2342 782 2331 760 2328 757 2328 754 2328 746 2331 696 2344 518 2333 521 2386"/></Shape>
	    <String CONTENT=""
                    HPOS="518"
                    VPOS="2303"
                    WIDTH="2179"
                    HEIGHT="116"></String>
          </TextLine>
          <TextLine ID="eSc_line_b77078f8"
                    TAGREFS="LT31"
                    BASELINE="518 2466 2700 2417" 
                    HPOS="516"
                    VPOS="2369"
                    WIDTH="2184"
                    HEIGHT="128">
            <Shape><Polygon POINTS="518 2466 518 2497 2697 2442 2700 2417 2692 2375 2375 2383 2353 2380 2242 2369 2239 2369 2236 2369 2234 2369 2211 2386 2203 2392 1964 2394 1942 2392 1862 2378 1859 2378 1856 2378 1826 2394 1820 2397 1806 2394 1726 2380 1723 2380 1623 2400 1601 2403 1581 2400 1498 2389 1495 2389 1493 2389 1490 2389 1476 2403 1470 2405 1457 2403 1362 2389 1359 2389 1357 2389 1354 2389 1334 2405 1334 2408 1068 2414 1060 2414 1010 2400 1007 2400 1004 2400 896 2417 877 2419 860 2417 766 2403 763 2403 516 2425 518 2466"/></Shape>
	    <String CONTENT=""
                    HPOS="516"
                    VPOS="2369"
                    WIDTH="2184"
                    HEIGHT="128"></String>
          </TextLine>
          <TextLine ID="eSc_line_f88de82b"
                    TAGREFS="LT31"
                    BASELINE="521 2536 2675 2486" 
                    HPOS="518"
                    VPOS="2436"
                    WIDTH="2157"
                    HEIGHT="128">
            <Shape><Polygon POINTS="521 2536 521 2564 2675 2519 2675 2486 2667 2436 2550 2453 2456 2442 2433 2439 2431 2439 2406 2442 2309 2458 2192 2447 2167 2447 2164 2447 2117 2450 1934 2466 1870 2458 1837 2453 1834 2453 1770 2461 1673 2472 1451 2469 1237 2466 1235 2466 1168 2478 1112 2486 1071 2480 1015 2472 1013 2472 518 2494 521 2536"/></Shape>
	    <String CONTENT=""
                    HPOS="518"
                    VPOS="2436"
                    WIDTH="2157"
                    HEIGHT="128"></String>
          </TextLine>
          <TextLine ID="eSc_line_61e599f9"
                    TAGREFS="LT31"
                    BASELINE="510 2611 1784 2572 2686 2558" 
                    HPOS="507"
                    VPOS="2508"
                    WIDTH="2179"
                    HEIGHT="136">
            <Shape><Polygon POINTS="510 2611 510 2644 1490 2605 1593 2616 1595 2616 2037 2591 2686 2591 2686 2558 2681 2516 2384 2508 2381 2508 2259 2525 2250 2525 2242 2525 2142 2511 2139 2511 2137 2511 2098 2528 2087 2528 1726 2522 1723 2522 1645 2539 1640 2539 1618 2539 1287 2533 1284 2533 1282 2533 1235 2547 1226 2553 877 2558 871 2555 835 2544 832 2544 829 2544 827 2544 796 2558 790 2561 779 2558 727 2547 724 2547 721 2547 718 2547 718 2550 704 2561 702 2566 507 2566 510 2611"/></Shape>
	    <String CONTENT=""
                    HPOS="507"
                    VPOS="2508"
                    WIDTH="2179"
                    HEIGHT="136"></String>
          </TextLine>
          <TextLine ID="eSc_line_05beeefe"
                    TAGREFS="LT31"
                    BASELINE="510 2680 2689 2636" 
                    HPOS="507"
                    VPOS="2586"
                    WIDTH="2182"
                    HEIGHT="116">
            <Shape><Polygon POINTS="510 2680 510 2702 1179 2702 1179 2700 1182 2700 1185 2700 1201 2686 1204 2686 1210 2686 1321 2697 1323 2697 1457 2680 1465 2680 1470 2680 1595 2691 1598 2691 2167 2666 2411 2675 2414 2675 2661 2669 2664 2669 2667 2669 2689 2655 2689 2636 2683 2600 2414 2586 2411 2586 2409 2586 2350 2605 2001 2611 1806 2602 1803 2602 1676 2616 1645 2602 1643 2602 1640 2602 1637 2602 1593 2619 1459 2605 1457 2605 1454 2605 1412 2622 1390 2608 1387 2608 1384 2608 1382 2608 1185 2627 1054 2614 1051 2614 507 2641 510 2680"/></Shape>
	    <String CONTENT=""
                    HPOS="507"
                    VPOS="2586"
                    WIDTH="2182"
                    HEIGHT="116"></String>
          </TextLine>
          <TextLine ID="eSc_line_c3c1c40d"
                    TAGREFS="LT31"
                    BASELINE="507 2752 2725 2705" 
                    HPOS="505"
                    VPOS="2652"
                    WIDTH="2220"
                    HEIGHT="136">
            <Shape><Polygon POINTS="507 2752 507 2775 632 2788 635 2788 813 2769 832 2769 838 2769 871 2783 874 2783 877 2786 877 2783 879 2783 918 2769 924 2769 1124 2777 1126 2777 1129 2777 1160 2763 1168 2761 1251 2761 1526 2769 1529 2769 1532 2769 1556 2755 1565 2752 1590 2755 1665 2766 1667 2766 1670 2766 1673 2766 1687 2752 1692 2750 1756 2752 1915 2761 1917 2761 1920 2761 1948 2750 1962 2744 2037 2747 2198 2755 2200 2755 2203 2755 2236 2744 2253 2738 2275 2741 2328 2752 2331 2752 2411 2741 2461 2733 2503 2738 2558 2747 2561 2747 2564 2747 2597 2736 2622 2730 2719 2733 2725 2705 2722 2669 2658 2652 2656 2652 2653 2652 2650 2652 2647 2652 2631 2666 2220 2664 2217 2664 2067 2680 2062 2680 2056 2680 1815 2669 1812 2669 1681 2688 1673 2688 1662 2688 1448 2677 1445 2677 1443 2677 1404 2694 1401 2694 1398 2694 1318 2680 1315 2680 1312 2680 1243 2697 1240 2697 1232 2697 1029 2686 1026 2686 505 2711 507 2752"/></Shape>
	    <String CONTENT=""
                    HPOS="505"
                    VPOS="2652"
                    WIDTH="2220"
                    HEIGHT="136"></String>
          </TextLine>
          <TextLine ID="eSc_line_8485a909"
                    TAGREFS="LT31"
                    BASELINE="499 2827 1409 2805 2681 2791" 
                    HPOS="496"
                    VPOS="2736"
                    WIDTH="2185"
                    HEIGHT="125">
            <Shape><Polygon POINTS="499 2827 499 2861 1090 2836 1168 2847 1212 2852 1215 2852 1293 2844 1415 2830 1495 2838 1568 2847 1570 2847 1573 2847 1576 2847 1587 2838 1593 2833 1681 2836 1812 2838 1815 2838 1876 2830 1942 2822 2050 2827 2242 2836 2245 2836 2248 2836 2306 2822 2328 2816 2359 2819 2464 2833 2467 2833 2678 2811 2681 2791 2672 2736 2464 2755 2395 2741 2392 2741 2284 2758 2192 2747 2189 2747 1970 2761 1934 2747 1931 2747 1928 2747 1906 2747 1570 2769 1457 2755 1451 2755 1448 2755 1445 2755 1376 2772 1312 2758 1309 2758 1307 2758 1304 2758 1282 2772 1129 2761 1124 2761 1121 2761 1118 2761 1115 2761 1096 2775 899 2763 874 2763 871 2763 868 2763 865 2763 835 2780 496 2772 499 2827"/></Shape>
	    <String CONTENT=""
                    HPOS="496"
                    VPOS="2736"
                    WIDTH="2185"
                    HEIGHT="125"></String>
          </TextLine>
          <TextLine ID="eSc_line_d460a851"
                    TAGREFS="LT31"
                    BASELINE="507 2905 1390 2880 2653 2869" 
                    HPOS="505"
                    VPOS="2813"
                    WIDTH="2148"
                    HEIGHT="122">
            <Shape><Polygon POINTS="507 2905 507 2930 685 2935 688 2935 721 2927 768 2919 827 2927 868 2933 871 2933 904 2927 954 2916 1082 2924 1149 2927 1151 2927 1154 2927 1157 2927 1162 2922 1185 2910 1334 2919 1337 2919 1418 2905 1473 2919 1487 2922 1490 2922 1493 2922 1518 2919 1604 2902 1734 2916 1779 2919 1781 2919 1784 2919 1795 2913 1828 2899 1884 2913 1898 2916 1901 2916 1903 2916 1926 2913 2003 2897 2042 2910 2048 2913 2050 2913 2053 2913 2092 2910 2242 2897 2409 2908 2445 2908 2447 2908 2461 2905 2542 2888 2647 2902 2653 2869 2650 2830 2589 2813 2586 2813 2583 2813 2506 2830 2503 2830 2500 2830 2381 2816 2378 2816 2375 2816 2331 2833 2328 2833 2311 2833 2034 2822 2031 2822 2028 2822 2026 2822 2006 2836 1637 2827 1634 2827 1423 2844 1387 2847 1365 2847 1246 2833 1243 2833 1240 2833 1237 2833 1237 2836 1223 2847 1223 2849 1221 2847 1198 2836 1196 2836 1193 2836 1085 2849 1049 2852 993 2849 818 2841 815 2841 813 2841 810 2841 793 2852 788 2858 505 2858 507 2905"/></Shape>
	    <String CONTENT=""
                    HPOS="505"
                    VPOS="2813"
                    WIDTH="2148"
                    HEIGHT="122"></String>
          </TextLine>
          <TextLine ID="eSc_line_cf1a0517"
                    TAGREFS="LT31"
                    BASELINE="488 2983 1554 2960 2661 2952" 
                    HPOS="485"
                    VPOS="2902"
                    WIDTH="2176"
                    HEIGHT="106">
            <Shape><Polygon POINTS="488 2983 488 3008 2661 2980 2661 2952 2656 2913 2295 2902 2292 2902 2056 2919 2003 2905 2001 2905 1998 2905 1848 2922 1828 2908 1826 2908 1823 2908 1681 2908 1679 2908 1676 2908 1620 2924 1484 2910 1482 2910 1343 2927 1287 2913 1284 2913 1282 2913 1074 2933 724 2924 721 2924 627 2938 524 2924 521 2924 518 2924 485 2938 488 2983"/></Shape>
	    <String CONTENT=""
                    HPOS="485"
                    VPOS="2902"
                    WIDTH="2176"
                    HEIGHT="106"></String>
          </TextLine>
          <TextLine ID="eSc_line_668abb01"
                    TAGREFS="LT31"
                    BASELINE="491 3060 1112 3044" 
                    HPOS="488"
                    VPOS="2985"
                    WIDTH="624"
                    HEIGHT="111">
            <Shape><Polygon POINTS="491 3060 491 3096 593 3074 666 3091 674 3091 677 3091 691 3091 813 3069 865 3083 877 3085 879 3085 882 3085 1110 3071 1112 3044 1104 2985 796 3013 738 3008 635 2997 632 2997 630 2997 591 3016 585 3019 582 3019 546 2999 543 2999 541 2999 538 2999 488 3019 491 3060"/></Shape>
	    <String CONTENT=""
                    HPOS="488"
                    VPOS="2985"
                    WIDTH="624"
                    HEIGHT="111"></String>
          </TextLine>
          <TextLine ID="eSc_line_33af93fd"
                    TAGREFS="LT31"
                    BASELINE="505 3130 2232 3133 2232 3133 2608 3124" 
                    HPOS="502"
                    VPOS="3060"
                    WIDTH="2106"
                    HEIGHT="92">
            <Shape><Polygon POINTS="505 3152 2606 3146 2608 3124 2597 3060 2539 3083 2461 3060 2458 3060 2456 3060 2453 3060 2442 3060 2314 3083 2234 3066 2231 3066 2092 3083 2067 3063 2064 3063 2062 3063 2059 3063 2056 3063 2050 3063 1987 3083 1715 3071 1712 3071 1551 3085 1479 3069 1454 3063 1451 3063 1368 3069 1232 3080 1215 3071 1204 3063 1201 3063 1198 3063 1018 3063 1015 3063 1013 3063 988 3071 949 3088 815 3088 796 3074 782 3063 779 3063 777 3063 774 3063 771 3063 746 3074 716 3085 668 3074 616 3063 613 3063 502 3074 505 3130"/></Shape>
	    <String CONTENT=""
                    HPOS="502"
                    VPOS="3060"
                    WIDTH="2106"
                    HEIGHT="92"></String>
          </TextLine>
          <TextLine ID="eSc_line_9349055e"
                    TAGREFS="LT31"
                    BASELINE="480 3182 2700 3202" 
                    HPOS="477"
                    VPOS="3144"
                    WIDTH="2223"
                    HEIGHT="88">
            <Shape><Polygon POINTS="480 3182 477 3205 535 3221 538 3221 541 3221 746 3207 782 3207 785 3210 802 3224 804 3224 807 3224 810 3224 1118 3213 1151 3213 1157 3213 1193 3227 1196 3227 1198 3227 1201 3227 1204 3227 1221 3213 1223 3213 1235 3213 1307 3227 1309 3227 1382 3216 1409 3213 1443 3216 1543 3230 1545 3232 2697 3232 2700 3202 2694 3152 2558 3163 2356 3149 2328 3149 2325 3149 2292 3149 2067 3160 1806 3149 1687 3144 1684 3144 480 3144 480 3182"/></Shape>
	    <String CONTENT=""
                    HPOS="477"
                    VPOS="3144"
                    WIDTH="2223"
                    HEIGHT="88"></String>
          </TextLine>
          <TextLine ID="eSc_line_20fc3896"
                    TAGREFS="LT31"
                    BASELINE="488 3255 2647 3266" 
                    HPOS="485"
                    VPOS="3205"
                    WIDTH="2162"
                    HEIGHT="88">
            <Shape><Polygon POINTS="488 3255 485 3277 2642 3293 2647 3266 2642 3219 1745 3224 1726 3210 1723 3210 1720 3210 1717 3210 1698 3210 1576 3224 1493 3210 1473 3207 1470 3207 1429 3210 1262 3221 1223 3207 1221 3207 1218 3207 896 3205 893 3205 890 3205 885 3205 854 3221 641 3221 593 3205 591 3205 588 3205 585 3205 582 3205 560 3219 488 3205 488 3255"/></Shape>
	    <String CONTENT=""
                    HPOS="485"
                    VPOS="3205"
                    WIDTH="2162"
                    HEIGHT="88"></String>
          </TextLine>
        </TextBlock>
        <TextBlock HPOS="0"
                   VPOS="717"
                   WIDTH="607"
                   HEIGHT="2436"
                   ID="eSc_textblock_aa25c6e5"
                   TAGREFS="BT43">
          <Shape><Polygon POINTS="74 717 0 3153 444 3142 607 751"/></Shape>
          <TextLine ID="eSc_line_27a3f66d"
                    TAGREFS="LT31"
                    BASELINE="94 896 541 901" 
                    HPOS="91"
                    VPOS="846"
                    WIDTH="450"
                    HEIGHT="94">
            <Shape><Polygon POINTS="538 865 535 860 263 846 260 846 138 854 122 865 94 879 94 896 91 921 535 940 541 901 541 863 538 860 538 865"/></Shape>
	    <String CONTENT=""
                    HPOS="91"
                    VPOS="846"
                    WIDTH="450"
                    HEIGHT="94"></String>
          </TextLine>
          <TextLine ID="eSc_line_daca3f39"
                    TAGREFS="LT31"
                    BASELINE="97 960 449 965" 
                    HPOS="94"
                    VPOS="924"
                    WIDTH="355"
                    HEIGHT="75">
            <Shape><Polygon POINTS="97 960 94 985 197 996 199 996 249 985 263 982 277 985 330 999 333 999 335 999 446 982 449 965 446 929 97 924 97 960"/></Shape>
	    <String CONTENT=""
                    HPOS="94"
                    VPOS="924"
                    WIDTH="355"
                    HEIGHT="75"></String>
          </TextLine>
          <TextLine ID="eSc_line_b18ea9ab"
                    TAGREFS="LT31"
                    BASELINE="77 1751 430 1745" 
                    HPOS="74"
                    VPOS="1667"
                    WIDTH="356"
                    HEIGHT="128">
            <Shape><Polygon POINTS="74 1695 77 1751 77 1778 133 1795 135 1795 138 1795 241 1792 244 1792 247 1792 247 1789 249 1789 252 1784 258 1778 427 1787 430 1745 424 1692 260 1676 258 1676 255 1676 252 1676 241 1684 224 1670 224 1667 222 1667 219 1667 94 1667 91 1667 88 1667 86 1667 74 1695"/></Shape>
	    <String CONTENT=""
                    HPOS="74"
                    VPOS="1667"
                    WIDTH="356"
                    HEIGHT="128"></String>
          </TextLine>
          <TextLine ID="eSc_line_1c7234d5"
                    TAGREFS="LT31"
                    BASELINE="36 2791 208 2780" 
                    HPOS="33"
                    VPOS="2719"
                    WIDTH="175"
                    HEIGHT="94">
            <Shape><Polygon POINTS="61 2750 33 2772 36 2791 36 2813 208 2813 208 2780 199 2719 63 2744 61 2750"/></Shape>
	    <String CONTENT=""
                    HPOS="33"
                    VPOS="2719"
                    WIDTH="175"
                    HEIGHT="94"></String>
          </TextLine>
          <TextLine ID="eSc_line_ed883c79"
                    TAGREFS="LT31"
                    BASELINE="27 2847 224 2838" 
                    HPOS="24"
                    VPOS="2791"
                    WIDTH="200"
                    HEIGHT="83">
            <Shape><Polygon POINTS="24 2805 27 2847 27 2874 222 2861 224 2838 216 2791 36 2797 24 2805"/></Shape>
	    <String CONTENT=""
                    HPOS="24"
                    VPOS="2791"
                    WIDTH="200"
                    HEIGHT="83"></String>
          </TextLine>
          <TextLine ID="eSc_line_df1e530a"
                    TAGREFS="LT31"
                    BASELINE="26 2895 224 2891" 
                    HPOS="38"
                    VPOS="2847"
                    WIDTH="186"
                    HEIGHT="80">
            <Shape><Polygon POINTS="41 2927 224 2913 224 2891 216 2847 38 2849 41 2897"/></Shape>
	    <String CONTENT=""
                    HPOS="38"
                    VPOS="2847"
                    WIDTH="186"
                    HEIGHT="80"></String>
          </TextLine>
          <TextLine ID="eSc_line_a5e3a872"
                    TAGREFS="LT31"
                    BASELINE="21 2947 313 2947" 
                    HPOS="33"
                    VPOS="2902"
                    WIDTH="280"
                    HEIGHT="83">
            <Shape><Polygon POINTS="41 2985 66 2972 308 2980 313 2947 308 2910 33 2902 36 2949"/></Shape>
	    <String CONTENT=""
                    HPOS="33"
                    VPOS="2902"
                    WIDTH="280"
                    HEIGHT="83"></String>
          </TextLine>
          <TextLine ID="eSc_line_8a35a407"
                    TAGREFS="LT31"
                    BASELINE="22 3000 299 2997" 
                    HPOS="58"
                    VPOS="2958"
                    WIDTH="241"
                    HEIGHT="88">
            <Shape><Polygon POINTS="61 3027 216 3046 219 3046 222 3046 299 3021 299 2997 294 2960 58 2958 61 3005"/></Shape>
	    <String CONTENT=""
                    HPOS="58"
                    VPOS="2958"
                    WIDTH="241"
                    HEIGHT="88"></String>
          </TextLine>
        </TextBlock>
      </PrintSpace>
    </Page>
  </Layout>
</alto>
