<?xml version="1.0" encoding="UTF-8"?>
<alto xmlns:xsi="http://www.w3.org/2001/XMLSchema-instance"
      xmlns="http://www.loc.gov/standards/alto/ns-v4#"
      xsi:schemaLocation="http://www.loc.gov/standards/alto/ns-v4# http://www.loc.gov/standards/alto/v4/alto-4-2.xsd">
  <Description>
    <MeasurementUnit>pixel</MeasurementUnit>
    <sourceImageInformation>
      <fileName>ARCH-DIV-000496_0149.png</fileName>
    </sourceImageInformation>
  </Description>
  <Tags>
    <OtherTag ID="BT42" LABEL="MainZone" DESCRIPTION="block type MainZone"/><OtherTag ID="BT43" LABEL="MarginTextZone" DESCRIPTION="block type MarginTextZone"/><OtherTag ID="BT44" LABEL="NumberingZone" DESCRIPTION="block type NumberingZone"/><OtherTag ID="BT45" LABEL="TitlePageZone" DESCRIPTION="block type TitlePageZone"/><OtherTag ID="BT46" LABEL="CustomZone:Numbering" DESCRIPTION="block type CustomZone:Numbering"/><OtherTag ID="BT49" LABEL="MarginTextZone:lower" DESCRIPTION="block type MarginTextZone:lower"/>
    <OtherTag ID="LT25" LABEL="default" DESCRIPTION="line type default"/><OtherTag ID="LT31" LABEL="DefaultLine" DESCRIPTION="line type DefaultLine"/><OtherTag ID="LT32" LABEL="HeadingLine" DESCRIPTION="line type HeadingLine"/><OtherTag ID="LT33" LABEL="InterlinearLine:addition" DESCRIPTION="line type InterlinearLine:addition"/><OtherTag ID="LT34" LABEL="InterlinearLine:correction" DESCRIPTION="line type InterlinearLine:correction"/>
  </Tags>
  <Layout>
    <Page WIDTH="2790"
          HEIGHT="3343"
          PHYSICAL_IMG_NR="148"
          ID="eSc_dummypage_">
      <PrintSpace HPOS="0"
                  VPOS="0"
                  WIDTH="2790"
                  HEIGHT="3343">
        <TextBlock HPOS="74"
                   VPOS="34"
                   WIDTH="400"
                   HEIGHT="149"
                   ID="eSc_textblock_897d4934"
                   TAGREFS="BT44">
          <Shape><Polygon POINTS="474 183 474 34 74 34 81 183"/></Shape>
          <TextLine ID="eSc_line_7f76d62c"
                    TAGREFS="LT31"
                    BASELINE="218 112 397 118" 
                    HPOS="248"
                    VPOS="66"
                    WIDTH="139"
                    HEIGHT="112">
            <Shape><Polygon POINTS="331 72 303 69 284 66 248 66 248 114 248 153 384 178 387 114 381 105 359 75"/></Shape>
	    <String CONTENT="143)"
                    HPOS="248"
                    VPOS="66"
                    WIDTH="139"
                    HEIGHT="112"
                    WC="0.9999920129776001"></String>
          </TextLine>
        </TextBlock>
        <TextBlock HPOS="501"
                   VPOS="14"
                   WIDTH="2289"
                   HEIGHT="3327"
                   ID="eSc_textblock_5823e657"
                   TAGREFS="BT42">
          <Shape><Polygon POINTS="555 27 501 3341 2715 3332 2790 14"/></Shape>
          <TextLine ID="eSc_line_529b395c"
                    TAGREFS="LT31"
                    BASELINE="613 83 1156 78 2689 108" 
                    HPOS="610"
                    VPOS="33"
                    WIDTH="2079"
                    HEIGHT="106">
            <Shape><Polygon POINTS="2422 61 2394 61 2366 58 2338 58 2310 58 2288 58 2282 58 2279 58 2274 58 2254 58 2226 58 2199 55 2171 55 2143 55 2115 55 2087 55 2059 55 2031 52 2004 52 1976 52 1948 52 1920 52 1892 52 1889 52 1864 52 1853 52 1831 52 1808 50 1781 50 1753 50 1725 50 1697 50 1669 47 1641 47 1613 47 1585 47 1558 47 1530 47 1502 44 1474 44 1446 44 1418 44 1390 44 1362 44 1335 41 1307 41 1279 41 1251 41 1243 41 1223 41 1206 41 1204 41 1195 41 1167 39 1139 39 1112 39 1084 39 1056 39 1031 39 1028 39 1017 39 1003 39 1000 39 972 36 944 36 916 36 889 36 861 36 858 36 855 36 833 36 827 33 657 33 638 36 613 47 613 83 610 91 682 111 685 111 688 111 1006 103 1017 103 1020 103 1098 117 1100 117 1103 117 1145 105 1156 103 1257 108 1566 125 1569 125 1636 117 1680 111 1750 119 1850 130 1853 130 1937 122 2012 117 2684 139 2689 108 2686 66 2472 64 2472 61 2449 61"/></Shape>
	    <String CONTENT="comme inivitable une intoire qui leur permettrait enfin de prendre"
                    HPOS="610"
                    VPOS="33"
                    WIDTH="2079"
                    HEIGHT="106"
                    WC="0.9981266585263339"></String>
          </TextLine>
          <TextLine ID="eSc_line_c4319922"
                    TAGREFS="LT31"
                    BASELINE="602 158 1432 153 2625 181" 
                    HPOS="602"
                    VPOS="94"
                    WIDTH="2023"
                    HEIGHT="101">
            <Shape><Polygon POINTS="602 158 602 181 760 169 1178 172 1206 186 1218 189 1220 189 1223 189 1273 186 1371 178 1390 186 1404 192 1407 192 1410 192 1466 186 1532 181 1563 186 1594 195 1597 195 1599 195 2622 192 2625 181 2622 136 2009 111 2006 111 1875 125 1870 125 1867 125 1806 108 1803 108 1800 108 1797 108 1742 122 1658 108 1655 108 1652 108 1602 122 1599 122 1597 122 1530 108 1527 108 1243 117 1212 103 1209 103 1206 103 1117 114 1075 100 1073 100 1070 100 981 114 928 97 925 97 922 97 919 97 864 111 752 97 749 97 691 108 668 94 666 94 663 94 660 94 657 94 602 108 602 158"/></Shape>
	    <String CONTENT="le pouvoir sans &lt;...... .. ..  ..&gt; partage"
                    HPOS="602"
                    VPOS="94"
                    WIDTH="2023"
                    HEIGHT="101"
                    WC="0.9381846771353767"></String>
          </TextLine>
          <TextLine ID="eSc_line_f75b5fc8"
                    TAGREFS="LT31"
                    BASELINE="602 220 1519 217 2653 236" 
                    HPOS="599"
                    VPOS="167"
                    WIDTH="2054"
                    HEIGHT="97">
            <Shape><Polygon POINTS="602 220 599 236 2647 264 2653 236 2650 197 2497 181 2494 181 2377 195 2360 195 2355 195 2316 178 2313 178 2310 178 2151 192 2140 192 2135 192 2045 175 2043 175 1772 189 1750 189 1736 178 1736 175 1733 175 1730 175 1608 172 1605 172 1538 186 1535 186 1438 169 1435 169 1432 169 1382 186 1276 186 1156 186 1153 183 1126 169 1123 169 1120 169 850 181 838 181 836 181 780 167 777 167 774 167 602 178 602 220"/></Shape>
	    <String CONTENT="sans compromission, dans la pleicie affirmation de leurs principes"
                    HPOS="599"
                    VPOS="167"
                    WIDTH="2054"
                    HEIGHT="97"
                    WC="0.9985523332249034"></String>
          </TextLine>
          <TextLine ID="eSc_line_941e113c"
                    TAGREFS="LT31"
                    BASELINE="602 292 2653 284" 
                    HPOS="599"
                    VPOS="234"
                    WIDTH="2054"
                    HEIGHT="86">
            <Shape><Polygon POINTS="602 292 602 320 2650 317 2653 284 2647 247 1981 234 1978 234 1850 247 1836 250 599 250 602 292"/></Shape>
	    <String CONTENT="&lt;...... .... ......."
                    HPOS="599"
                    VPOS="234"
                    WIDTH="2054"
                    HEIGHT="86"
                    WC="0.8369668841361999"></String>
          </TextLine>
          <TextLine ID="eSc_line_ee879527"
                    TAGREFS="LT31"
                    BASELINE="596 353 2717 353" 
                    HPOS="596"
                    VPOS="317"
                    WIDTH="2121"
                    HEIGHT="70">
            <Shape><Polygon POINTS="596 353 596 373 2714 387 2717 353 2717 317 596 317 596 353"/></Shape>
	    <String CONTENT="&lt;..  ....... . ..&gt;"
                    HPOS="596"
                    VPOS="317"
                    WIDTH="2121"
                    HEIGHT="70"
                    WC="0.9136993587017059"></String>
          </TextLine>
          <TextLine ID="eSc_line_e0d40ee9"
                    TAGREFS="LT31"
                    BASELINE="590 420 2001 415 2720 426" 
                    HPOS="588"
                    VPOS="364"
                    WIDTH="2132"
                    HEIGHT="87">
            <Shape><Polygon POINTS="590 420 588 437 2714 451 2720 426 2717 381 2536 364 2533 364 2530 364 2502 378 1616 364 1613 364 1611 364 1569 378 1407 364 1404 364 1401 364 1351 378 1296 364 1293 364 1290 364 1022 378 981 364 978 364 749 364 746 364 744 364 696 378 649 364 646 364 643 364 641 364 590 378 590 420"/></Shape>
	    <String CONTENT="&lt;........... .. ... ...... ..... .&gt;¬"
                    HPOS="588"
                    VPOS="364"
                    WIDTH="2132"
                    HEIGHT="87"
                    WC="0.8716882814963659"></String>
          </TextLine>
          <TextLine ID="eSc_line_9790d2e4"
                    TAGREFS="LT31"
                    BASELINE="588 493 2633 476" 
                    HPOS="585"
                    VPOS="431"
                    WIDTH="2048"
                    HEIGHT="84">
            <Shape><Polygon POINTS="588 493 588 515 2288 515 2288 512 2313 512 2475 498 2628 509 2633 476 2625 431 585 445 588 493"/></Shape>
	    <String CONTENT="..... . ..... ......&gt; En votaut pour eux, au mois de"
                    HPOS="585"
                    VPOS="431"
                    WIDTH="2048"
                    HEIGHT="84"
                    WC="0.9201798588037491"></String>
          </TextLine>
          <TextLine ID="eSc_line_2df10ec6"
                    TAGREFS="LT31"
                    BASELINE="590 562 1134 543 2700 532" 
                    HPOS="588"
                    VPOS="493"
                    WIDTH="2112"
                    HEIGHT="97">
            <Shape><Polygon POINTS="590 562 593 590 649 576 827 587 858 587 861 587 903 585 1142 568 1845 568 2650 568 2653 568 2656 568 2700 551 2700 532 2695 493 1410 493 1407 493 1273 507 1134 495 1131 495 1061 509 861 498 858 498 588 515 590 562"/></Shape>
	    <String CONTENT="piin 1847. les éleateurs voterent surtant contre l&#x27;unéonisme. Cogele re"
                    HPOS="588"
                    VPOS="493"
                    WIDTH="2112"
                    HEIGHT="97"
                    WC="0.963211820998662"></String>
          </TextLine>
          <TextLine ID="eSc_line_7311fdf1"
                    TAGREFS="LT31"
                    BASELINE="585 618 2670 587" 
                    HPOS="582"
                    VPOS="551"
                    WIDTH="2088"
                    HEIGHT="100">
            <Shape><Polygon POINTS="585 618 585 637 713 651 716 651 919 635 942 635 958 635 1100 646 1103 646 1165 632 1187 629 1273 632 1446 637 1449 637 1563 629 1630 624 1644 626 1675 637 1677 637 1680 637 1683 637 1725 626 1750 621 1797 626 1875 635 1878 635 1881 635 1914 624 1934 618 1951 624 1970 632 1973 632 1976 632 2667 615 2670 587 2661 551 582 576 585 618"/></Shape>
	    <String CONTENT="concissait très exactement à la Chamtre que la formation du niceveau"
                    HPOS="582"
                    VPOS="551"
                    WIDTH="2088"
                    HEIGHT="100"
                    WC="0.9907363342202228"></String>
          </TextLine>
          <TextLine ID="eSc_line_65cc1b76"
                    TAGREFS="LT31"
                    BASELINE="585 693 1237 665 1990 665 2684 646" 
                    HPOS="582"
                    VPOS="593"
                    WIDTH="2102"
                    HEIGHT="136">
            <Shape><Polygon POINTS="585 693 588 729 629 713 707 727 710 727 713 727 721 727 972 699 1006 710 1008 710 1011 710 1421 690 1474 707 1477 707 1480 707 1482 707 1519 690 1555 707 1558 707 1560 707 1563 707 1641 688 1736 704 1744 704 1747 704 1750 704 1753 704 1775 688 1864 702 1873 702 1875 702 1886 702 1981 688 2224 693 2257 693 2260 693 2263 693 2266 693 2296 679 2475 688 2491 688 2494 688 2500 688 2575 671 2681 682 2684 646 2678 607 2611 593 2608 593 2491 610 2469 612 2461 610 2416 596 2413 596 2410 596 2408 596 2405 596 2385 612 2380 618 1744 629 1736 626 1689 612 1686 612 1683 612 1680 612 1616 629 1605 632 1597 632 1524 615 1521 615 1440 629 1234 621 1231 621 1229 621 1226 621 1209 635 972 626 969 626 967 626 891 646 850 629 847 629 844 629 841 629 838 629 838 632 819 646 811 637 808 637 805 637 802 637 649 651 646 651 618 637 615 637 613 637 610 637 582 649 585 693"/></Shape>
	    <String CONTENT="ministère était &quot;une messité politique aménée par les cir constan¬"
                    HPOS="582"
                    VPOS="593"
                    WIDTH="2102"
                    HEIGHT="136"
                    WC="0.9805553239403348"></String>
          </TextLine>
          <TextLine ID="eSc_line_2e0b4e76"
                    TAGREFS="LT31"
                    BASELINE="602 763 763 752" 
                    HPOS="596"
                    VPOS="690"
                    WIDTH="167"
                    HEIGHT="101">
            <Shape><Polygon POINTS="677 690 674 690 596 710 602 763 604 791 763 780 763 752 758 704 680 690 677 690"/></Shape>
	    <String CONTENT="ces&quot;."
                    HPOS="596"
                    VPOS="690"
                    WIDTH="167"
                    HEIGHT="101"
                    WC="0.9992536544799805"></String>
          </TextLine>
          <TextLine ID="eSc_line_5b0d8769"
                    TAGREFS="LT31"
                    BASELINE="599 827 2672 793" 
                    HPOS="596"
                    VPOS="741"
                    WIDTH="2076"
                    HEIGHT="119">
            <Shape><Polygon POINTS="599 827 599 846 724 860 727 860 730 860 772 846 780 844 802 844 930 858 933 858 936 858 975 844 983 841 1025 841 1215 852 1218 852 1220 852 1251 838 1254 838 1279 838 1443 849 1446 849 1574 835 1605 830 2670 819 2672 793 2667 746 2391 741 2388 741 2316 749 2246 757 2199 752 2154 743 2151 743 2070 752 1970 763 1909 754 1870 749 1867 749 1728 757 1457 771 1354 760 1315 757 1312 757 1284 763 1218 774 1156 763 1137 760 1134 760 1131 760 1128 760 1126 763 1100 777 978 766 944 763 942 763 939 763 928 766 880 780 850 766 847 766 844 766 841 766 596 768 599 827"/></Shape>
	    <String CONTENT="&lt;..... Ce premier ministère de parti devait être le"
                    HPOS="596"
                    VPOS="741"
                    WIDTH="2076"
                    HEIGHT="119"
                    WC="0.9259342878472572"></String>
          </TextLine>
          <TextLine ID="eSc_line_0e50462f"
                    TAGREFS="LT31"
                    BASELINE="576 894 2700 866" 
                    HPOS="574"
                    VPOS="810"
                    WIDTH="2126"
                    HEIGHT="103">
            <Shape><Polygon POINTS="576 894 576 913 2698 897 2700 866 2695 827 2486 810 2483 810 2480 810 2477 810 2455 830 2452 830 2416 830 2098 816 2095 816 2093 816 2037 835 2031 835 2020 835 1937 821 1934 821 1931 821 1928 821 1912 835 1909 835 1767 824 1764 824 1524 841 1510 841 1474 824 1471 824 1468 824 1346 844 1340 844 1337 844 1318 827 1315 827 1312 827 1204 827 1201 827 989 830 986 830 916 849 914 849 908 849 855 832 852 832 850 832 760 846 674 835 671 835 574 852 576 894"/></Shape>
	    <String CONTENT="ministère de l&#x27;indépendance du pouvoir civit, le Pasardele évenements"
                    HPOS="574"
                    VPOS="810"
                    WIDTH="2126"
                    HEIGHT="103"
                    WC="0.9867558677991232"></String>
          </TextLine>
          <TextLine ID="eSc_line_1df06c9f"
                    TAGREFS="LT31"
                    BASELINE="571 961 2731 927" 
                    HPOS="568"
                    VPOS="869"
                    WIDTH="2163"
                    HEIGHT="117">
            <Shape><Polygon POINTS="571 961 571 986 2728 955 2731 927 2720 869 2681 888 2561 871 2547 871 2544 871 2525 871 2363 894 2282 877 2271 877 2268 877 2257 880 2182 897 1923 885 1828 883 1825 883 1822 883 1800 888 1755 899 1691 891 1647 885 1644 885 1641 885 1627 891 1605 905 1571 894 1555 888 1552 888 1549 888 1519 894 1460 908 1399 897 1362 891 1360 891 1321 899 1265 910 1181 902 1106 894 1103 894 989 905 889 916 847 908 797 899 794 899 791 899 760 910 738 919 719 910 691 902 688 902 685 902 568 913 571 961"/></Shape>
	    <String CONTENT="voulut qu&#x27;il fit le menistire de l&#x27;indépendance nationale-Six mois"
                    HPOS="568"
                    VPOS="869"
                    WIDTH="2163"
                    HEIGHT="117"
                    WC="0.9829302023757588"></String>
          </TextLine>
          <TextLine ID="eSc_line_14a4d429"
                    TAGREFS="LT31"
                    BASELINE="571 1030 2174 994 2731 1000" 
                    HPOS="568"
                    VPOS="944"
                    WIDTH="2163"
                    HEIGHT="117">
            <Shape><Polygon POINTS="571 1030 571 1058 836 1061 838 1061 841 1061 844 1061 850 1055 866 1044 1156 1050 1293 1053 1296 1053 1337 1047 1443 1033 1480 1044 1485 1047 1488 1047 1491 1047 1505 1044 1560 1033 1675 1041 1708 1044 1711 1044 1714 1044 1719 1041 1750 1027 1867 1039 1873 1039 1875 1039 1878 1039 1881 1039 1903 1022 2176 1019 2728 1025 2731 1000 2728 944 2201 944 2199 944 2196 944 2193 944 2176 955 2168 961 2157 955 2137 947 2135 947 2132 947 1914 949 1728 966 1680 969 1655 966 1569 958 1566 958 1563 958 1560 958 1541 969 1538 972 1516 972 1410 961 1407 961 1404 961 1368 975 1365 975 1326 961 1323 961 1321 961 1318 961 1268 977 1262 980 1003 983 989 983 861 969 858 969 855 969 852 969 830 986 710 975 707 975 568 991 571 1030"/></Shape>
	    <String CONTENT="après son arrivée aux affaises, l&#x27;explosion de la rivolution fraucaise de"
                    HPOS="568"
                    VPOS="944"
                    WIDTH="2163"
                    HEIGHT="117"
                    WC="0.988959792542131"></String>
          </TextLine>
          <TextLine ID="eSc_line_f04cfeb6"
                    TAGREFS="LT31"
                    BASELINE="582 1100 2279 1058 2717 1058" 
                    HPOS="579"
                    VPOS="1000"
                    WIDTH="2138"
                    HEIGHT="133">
            <Shape><Polygon POINTS="2516 1000 2514 1000 2461 1016 2391 1002 2388 1002 2385 1002 2383 1002 2363 1019 2310 1005 2307 1005 2305 1005 2146 1025 2143 1025 2140 1025 1803 1016 1800 1016 1797 1016 1794 1016 1775 1033 1357 1027 1354 1027 1351 1027 1290 1044 1190 1030 1187 1030 1056 1050 958 1036 956 1036 953 1036 950 1036 928 1053 833 1039 830 1039 827 1039 825 1039 805 1055 624 1044 621 1044 618 1044 579 1058 582 1100 582 1133 716 1119 1218 1119 1268 1119 1270 1119 1273 1119 1276 1119 1312 1105 1608 1111 1630 1111 1633 1111 1644 1111 1789 1094 1884 1105 1892 1105 1895 1105 1898 1105 1900 1105 1917 1092 2098 1100 2101 1100 2104 1100 2107 1100 2268 1083 2344 1094 2346 1094 2349 1094 2394 1080 2711 1086 2717 1058 2714 1014 2519 1000 2516 1000"/></Shape>
	    <String CONTENT="fèveier lui imposait &lt;..&gt; inopénement la tâche redoutable de piloter"
                    HPOS="579"
                    VPOS="1000"
                    WIDTH="2138"
                    HEIGHT="133"
                    WC="0.9833948717397802"></String>
          </TextLine>
          <TextLine ID="eSc_line_93fa5884"
                    TAGREFS="LT31"
                    BASELINE="576 1170 2213 1122 2714 1125" 
                    HPOS="574"
                    VPOS="1066"
                    WIDTH="2140"
                    HEIGHT="131">
            <Shape><Polygon POINTS="576 1170 576 1197 1906 1156 2054 1164 2070 1164 2073 1164 2095 1164 2302 1144 2711 1147 2714 1125 2711 1078 2511 1066 2508 1066 2394 1083 2388 1083 2380 1083 2199 1075 2196 1075 2193 1075 2190 1075 2174 1089 2171 1089 2160 1089 1998 1080 1995 1080 1992 1080 1951 1094 1945 1094 1928 1094 1775 1086 1772 1086 1769 1086 1767 1086 1747 1100 1742 1100 1714 1100 1538 1092 1535 1092 1532 1092 1502 1105 1496 1105 1491 1105 1443 1094 1440 1094 1438 1094 1413 1105 1407 1111 574 1125 576 1170"/></Shape>
	    <String CONTENT="l&#x27;Etat à travers la tempête &lt;..&gt; fomidable qui allait seconer l&#x27;Europe¬"
                    HPOS="574"
                    VPOS="1066"
                    WIDTH="2140"
                    HEIGHT="131"
                    WC="0.982031874358654"></String>
          </TextLine>
          <TextLine ID="eSc_line_52610914"
                    TAGREFS="LT31"
                    BASELINE="568 1234 2703 1183" 
                    HPOS="565"
                    VPOS="1139"
                    WIDTH="2138"
                    HEIGHT="122">
            <Shape><Polygon POINTS="568 1234 568 1261 2700 1203 2703 1183 2698 1139 2229 1139 2226 1139 2224 1139 2221 1139 2210 1147 2193 1156 2109 1150 2045 1144 2043 1144 2040 1144 2015 1150 1976 1161 1920 1153 1878 1147 1875 1147 1873 1147 1870 1147 1861 1153 1847 1167 1742 1167 1694 1158 1669 1153 1666 1153 1663 1153 1647 1158 1613 1170 1530 1161 1502 1158 1499 1158 1496 1158 1493 1158 1491 1161 1474 1175 1126 1181 1061 1170 1039 1167 1036 1167 1034 1167 1031 1167 1031 1170 1028 1170 1017 1181 964 1172 944 1170 942 1170 939 1170 930 1172 897 1186 827 1175 825 1175 822 1175 816 1175 646 1192 565 1181 568 1234"/></Shape>
	    <String CONTENT="on a vu plus hant comment sa décision, son encrgie et son habileté répondé"
                    HPOS="565"
                    VPOS="1139"
                    WIDTH="2138"
                    HEIGHT="122"
                    WC="0.9843844537799423"></String>
          </TextLine>
          <TextLine ID="eSc_line_218985de"
                    TAGREFS="LT31"
                    BASELINE="571 1306 2661 1239" 
                    HPOS="568"
                    VPOS="1200"
                    WIDTH="2093"
                    HEIGHT="134">
            <Shape><Polygon POINTS="571 1306 571 1334 1781 1306 1783 1306 1845 1292 1856 1289 1884 1289 2029 1298 2031 1298 2146 1281 2171 1278 2190 1278 2299 1289 2302 1289 2661 1261 2661 1239 2653 1200 568 1259 571 1306"/></Shape>
	    <String CONTENT="rent à l&#x27;élan patriatique qui fit de grouper autour de lui, au moment"
                    HPOS="568"
                    VPOS="1200"
                    WIDTH="2093"
                    HEIGHT="134"
                    WC="0.9875164939009625"></String>
          </TextLine>
          <TextLine ID="eSc_line_1eaf2c03"
                    TAGREFS="LT31"
                    BASELINE="568 1373 1337 1356 2664 1300" 
                    HPOS="565"
                    VPOS="1256"
                    WIDTH="2099"
                    HEIGHT="150">
            <Shape><Polygon POINTS="568 1373 568 1406 2664 1328 2664 1300 2656 1256 2054 1289 1945 1278 1923 1278 1920 1278 1917 1278 1914 1278 1912 1281 1889 1295 1847 1284 1842 1281 1839 1281 1836 1281 1786 1284 1532 1309 1407 1298 1393 1298 1390 1298 1388 1298 1385 1298 1385 1300 1368 1317 1229 1320 1173 1306 1170 1306 1167 1306 1165 1306 1159 1306 1078 1326 794 1320 780 1320 777 1320 772 1320 685 1339 565 1328 568 1373"/></Shape>
	    <String CONTENT="suprene, les chambres et le pays. Aussi loux temps que dura la crise, il"
                    HPOS="565"
                    VPOS="1256"
                    WIDTH="2099"
                    HEIGHT="150"
                    WC="0.9872621066040463"></String>
          </TextLine>
          <TextLine ID="eSc_line_cf0939bd"
                    TAGREFS="LT31"
                    BASELINE="563 1445 1616 1420 2444 1378 2725 1378" 
                    HPOS="560"
                    VPOS="1320"
                    WIDTH="2165"
                    HEIGHT="148">
            <Shape><Polygon POINTS="563 1445 563 1468 2725 1409 2725 1378 2723 1339 2603 1320 2600 1320 2422 1342 2174 1334 2171 1334 2168 1334 2104 1356 2056 1339 2054 1339 2051 1339 1923 1362 1906 1365 1870 1365 1672 1359 1669 1359 1588 1373 1585 1373 1583 1373 1524 1356 1521 1356 1519 1356 1516 1356 1443 1378 1438 1381 1343 1381 1340 1381 1323 1367 1321 1367 1318 1367 1315 1367 1151 1387 1117 1390 1112 1387 1073 1370 1070 1370 1067 1370 1064 1370 1025 1390 1020 1392 1006 1392 897 1376 894 1376 891 1376 889 1376 866 1390 744 1384 741 1384 738 1384 735 1384 716 1401 710 1406 560 1406 563 1445"/></Shape>
	    <String CONTENT="ne noubrut être et ne fut en effet qu&#x27;un gouvernement de salut jusblie d&#x27;i¬"
                    HPOS="560"
                    VPOS="1320"
                    WIDTH="2165"
                    HEIGHT="148"
                    WC="0.9866631285349527"></String>
          </TextLine>
          <TextLine ID="eSc_line_851b1793"
                    TAGREFS="LT31"
                    BASELINE="574 1512 2694 1438" 
                    HPOS="571"
                    VPOS="1417"
                    WIDTH="1536"
                    HEIGHT="123">
            <Shape><Polygon POINTS="574 1540 1647 1512 1650 1512 1677 1498 1686 1495 1694 1498 1728 1509 1730 1509 1733 1509 1736 1509 1739 1509 1761 1495 1767 1493 1772 1495 1803 1507 1806 1507 1808 1507 1995 1487 2023 1484 2029 1484 2062 1498 2065 1498 2068 1498 2070 1498 2107 1482 2107 1462 2098 1417 571 1462 574 1512"/></Shape>
	    <String CONTENT="larginement du droit de suffrage jusqu&#x27;à la limite ex¬"
                    HPOS="571"
                    VPOS="1417"
                    WIDTH="1536"
                    HEIGHT="123"
                    WC="0.9922157406806946"></String>
          </TextLine>
          <TextLine ID="eSc_line_82fce976"
                    TAGREFS="LT34"
                    BASELINE="1997 1504 2475 1485" 
                    HPOS="1997"
                    VPOS="1485"
                    WIDTH="478"
                    HEIGHT="19">
	    <String CONTENT=""
                    HPOS="1997"
                    VPOS="1485"
                    WIDTH="478"
                    HEIGHT="19"></String>
          </TextLine>
          <TextLine ID="eSc_line_b1f4ae47"
                    TAGREFS="LT31"
                    BASELINE="549 1579 1381 1554 1381 1554 2619 1507" 
                    HPOS="546"
                    VPOS="1451"
                    WIDTH="2073"
                    HEIGHT="161">
            <Shape><Polygon POINTS="549 1612 707 1596 777 1607 783 1607 785 1607 2617 1532 2619 1507 2606 1451 2578 1470 2463 1456 2441 1456 2438 1456 2408 1459 2274 1482 2165 1470 2123 1468 2121 1468 1719 1490 1245 1518 1192 1512 1139 1509 1137 1509 1050 1521 995 1526 981 1523 939 1509 936 1509 933 1509 930 1509 891 1526 886 1529 864 1529 752 1518 749 1518 663 1537 657 1537 654 1537 613 1521 610 1521 607 1521 604 1521 546 1540 549 1579"/></Shape>
	    <String CONTENT="titution ne répondait &lt; ni à seidies ni à celles &lt;. ........&gt;"
                    HPOS="546"
                    VPOS="1451"
                    WIDTH="2073"
                    HEIGHT="161"
                    WC="0.9379113884199233"></String>
          </TextLine>
          <TextLine ID="eSc_line_66686c1a"
                    TAGREFS="LT31"
                    BASELINE="557 1651 1644 1621 2318 1582 2723 1576" 
                    HPOS="554"
                    VPOS="1526"
                    WIDTH="2169"
                    HEIGHT="156">
            <Shape><Polygon POINTS="557 1651 557 1674 780 1682 783 1682 785 1682 788 1682 811 1668 813 1665 813 1668 838 1682 841 1682 844 1682 847 1682 1017 1660 1073 1654 1240 1654 1243 1654 1270 1668 1273 1668 1276 1668 1457 1646 1471 1646 1482 1646 1624 1654 1627 1654 1722 1638 1775 1629 1825 1635 1931 1646 1934 1646 2204 1635 2207 1635 2238 1621 2260 1610 2723 1604 2723 1576 2717 1537 2519 1526 2516 1526 2413 1546 2352 1532 2349 1532 2346 1532 2257 1551 2246 1554 2221 1554 2017 1543 2015 1543 1889 1565 1884 1565 1881 1565 1772 1551 1769 1551 1767 1551 1691 1573 1686 1573 1675 1573 1552 1560 1549 1560 1546 1560 1544 1560 1544 1562 1524 1579 1521 1582 1365 1585 1349 1585 1128 1573 1126 1573 1123 1573 1034 1596 1031 1596 1022 1596 755 1593 752 1593 554 1612 557 1651"/></Shape>
	    <String CONTENT="&lt;............. ... En 1846, Frosi-Orbez s. y était n&#x27;élmment"
                    HPOS="554"
                    VPOS="1526"
                    WIDTH="2169"
                    HEIGHT="156"
                    WC="0.9407041738430659"></String>
          </TextLine>
          <TextLine ID="eSc_line_ad164f39"
                    TAGREFS="LT34"
                    BASELINE="1577 1652 2150 1630" 
                    HPOS="1577"
                    VPOS="1630"
                    WIDTH="573"
                    HEIGHT="22">
	    <String CONTENT=""
                    HPOS="1577"
                    VPOS="1630"
                    WIDTH="573"
                    HEIGHT="22"></String>
          </TextLine>
          <TextLine ID="eSc_line_4697ee42"
                    TAGREFS="LT31"
                    BASELINE="557 1721 2327 1658 2712 1663" 
                    HPOS="554"
                    VPOS="1607"
                    WIDTH="2149"
                    HEIGHT="153">
            <Shape><Polygon POINTS="1633 1624 1404 1632 1282 1654 1245 1660 1220 1657 1170 1649 1167 1649 1070 1660 1014 1668 997 1663 956 1649 953 1649 950 1649 947 1649 883 1668 858 1674 819 1668 760 1663 758 1663 554 1677 557 1721 557 1760 872 1735 1245 1735 1248 1735 1251 1735 1329 1716 2703 1682 2703 1654 2700 1610 2252 1607 2249 1607 1990 1632 1942 1635 1931 1632 1867 1615 1864 1615 1861 1615 1641 1621 1638 1624"/></Shape>
	    <String CONTENT="apposé au sein du congrès libéral &lt;....... . .&gt;"
                    HPOS="554"
                    VPOS="1607"
                    WIDTH="2149"
                    HEIGHT="153"
                    WC="0.9234788011997304"></String>
          </TextLine>
          <TextLine ID="eSc_line_240bab73"
                    TAGREFS="LT31"
                    BASELINE="554 1791 2645 1713" 
                    HPOS="551"
                    VPOS="1674"
                    WIDTH="2094"
                    HEIGHT="153">
            <Shape><Polygon POINTS="554 1791 554 1816 691 1827 694 1827 696 1827 730 1810 733 1810 735 1810 772 1821 774 1821 777 1821 780 1821 783 1821 802 1808 808 1805 872 1805 1254 1802 1257 1802 1298 1791 1312 1788 1323 1791 1374 1799 1376 1799 1560 1780 1613 1777 1638 1777 1747 1788 1750 1788 2645 1741 2645 1713 2636 1674 2040 1682 1845 1702 1811 1704 1803 1704 1755 1693 1753 1693 1750 1693 1747 1693 1728 1707 1722 1710 1368 1721 1357 1721 1296 1710 1293 1710 1039 1732 995 1735 983 1735 930 1724 928 1724 855 1738 841 1741 822 1741 696 1732 694 1732 551 1749 554 1791"/></Shape>
	    <String CONTENT="&lt;....... .... ....&gt;"
                    HPOS="551"
                    VPOS="1674"
                    WIDTH="2094"
                    HEIGHT="153"
                    WC="0.8525978201314023"></String>
          </TextLine>
          <TextLine ID="eSc_line_8c29e3e4"
                    TAGREFS="LT31"
                    BASELINE="549 1860 1797 1824 2422 1791 2703 1791" 
                    HPOS="546"
                    VPOS="1749"
                    WIDTH="2157"
                    HEIGHT="150">
            <Shape><Polygon POINTS="549 1860 549 1899 635 1880 780 1891 791 1891 794 1891 797 1891 799 1891 836 1874 880 1888 883 1888 886 1888 889 1888 900 1888 975 1869 1112 1880 1142 1880 1145 1880 1192 1874 1354 1858 1385 1869 1396 1872 1399 1872 1401 1872 2703 1816 2703 1791 2700 1752 2235 1749 2232 1749 2126 1769 2121 1769 2115 1769 1981 1757 1978 1757 1820 1780 1803 1782 1424 1791 1385 1777 1382 1777 1379 1777 1298 1796 1290 1796 1284 1796 1212 1782 1209 1782 546 1819 549 1860"/></Shape>
	    <String CONTENT="pressante de satisfaire l&#x27;apinion déniscratique &lt;.......&gt;"
                    HPOS="546"
                    VPOS="1749"
                    WIDTH="2157"
                    HEIGHT="150"
                    WC="0.9596003461302373"></String>
          </TextLine>
          <TextLine ID="eSc_line_90bd8b2d"
                    TAGREFS="LT31"
                    BASELINE="546 1936 1881 1891 2263 1860 2631 1849" 
                    HPOS="543"
                    VPOS="1805"
                    WIDTH="2088"
                    HEIGHT="156">
            <Shape><Polygon POINTS="546 1936 546 1961 2631 1877 2631 1849 2625 1805 2502 1821 2271 1819 2204 1819 2201 1819 2154 1824 1970 1847 1836 1838 1833 1838 1831 1838 1828 1838 1825 1838 1806 1855 1440 1866 1365 1858 1337 1855 1335 1855 1332 1855 1312 1860 1268 1872 1245 1863 1234 1858 1231 1858 1229 1858 1226 1858 1223 1858 1218 1863 1201 1874 1134 1866 1061 1860 1059 1860 1000 1872 978 1877 964 1874 919 1866 916 1866 914 1866 911 1866 894 1877 880 1886 799 1883 707 1877 705 1877 702 1877 680 1886 660 1894 641 1888 604 1877 602 1877 599 1877 596 1877 543 1891 546 1936"/></Shape>
	    <String CONTENT="tiueussa le cabinet à faire voter une mesiere dont l&#x27;adoption"
                    HPOS="543"
                    VPOS="1805"
                    WIDTH="2088"
                    HEIGHT="156"
                    WC="0.9748646107412153"></String>
          </TextLine>
          <TextLine ID="eSc_line_e9d17b1d"
                    TAGREFS="LT31"
                    BASELINE="574 2000 2410 1925 2700 1925" 
                    HPOS="571"
                    VPOS="1869"
                    WIDTH="2129"
                    HEIGHT="167">
            <Shape><Polygon POINTS="574 2000 574 2036 861 2011 1042 2016 1047 2016 1050 2016 1056 2016 1220 1997 1259 2008 1262 2008 1265 2008 1276 2008 1427 1986 2700 1947 2700 1925 2698 1880 2597 1869 2594 1869 2511 1886 2508 1886 2505 1886 2458 1874 2455 1874 2452 1874 2380 1891 2371 1891 2360 1891 2249 1883 2246 1883 1948 1908 1889 1911 1870 1911 1761 1902 1758 1902 1755 1902 1719 1916 1716 1916 1705 1916 1622 1908 1619 1908 1485 1925 1454 1927 1393 1927 1134 1927 1131 1927 571 1958 574 2000"/></Shape>
	    <String CONTENT="quelques semaines auparavant ent été impossible et incore avable. &lt;...&gt;"
                    HPOS="571"
                    VPOS="1869"
                    WIDTH="2129"
                    HEIGHT="167"
                    WC="0.9833015455326564"></String>
          </TextLine>
          <TextLine ID="eSc_line_5a572675"
                    TAGREFS="LT31"
                    BASELINE="554 2067 2661 1991" 
                    HPOS="551"
                    VPOS="1944"
                    WIDTH="2110"
                    HEIGHT="156">
            <Shape><Polygon POINTS="554 2067 554 2086 629 2100 632 2100 2661 2019 2661 1991 2653 1944 551 2025 554 2067"/></Shape>
	    <String CONTENT="&lt;... ..... .. . . .. .. ...&gt;"
                    HPOS="551"
                    VPOS="1944"
                    WIDTH="2110"
                    HEIGHT="156"
                    WC="0.897613559450422"></String>
          </TextLine>
          <TextLine ID="eSc_line_54b5281e"
                    TAGREFS="LT31"
                    BASELINE="546 2131 1797 2081 2678 2058" 
                    HPOS="543"
                    VPOS="2014"
                    WIDTH="2135"
                    HEIGHT="153">
            <Shape><Polygon POINTS="546 2131 546 2167 685 2161 688 2161 691 2161 691 2159 707 2145 783 2156 785 2156 967 2136 1000 2150 1008 2153 1011 2153 1014 2153 1176 2147 1178 2147 1187 2142 1212 2131 1240 2142 1251 2145 1254 2145 1257 2145 1284 2139 1365 2122 1521 2131 1558 2131 1560 2131 1580 2128 1650 2114 1697 2122 1725 2128 1728 2128 1730 2128 1758 2120 1814 2106 1900 2114 1945 2120 1948 2120 1951 2120 1953 2120 1962 2114 1973 2106 2001 2111 2029 2117 2031 2117 2034 2117 2037 2117 2045 2108 2062 2097 2121 2106 2137 2108 2140 2108 2143 2108 2157 2106 2213 2089 2678 2083 2678 2058 2672 2016 2346 2014 2344 2014 2137 2033 2107 2036 2095 2036 2037 2025 2034 2025 2031 2025 2029 2025 2029 2028 2017 2039 2015 2039 2004 2039 1900 2030 1898 2030 1792 2047 1775 2047 1761 2047 1636 2039 1633 2039 1630 2039 1627 2039 1613 2053 1611 2053 1599 2053 1477 2044 1474 2044 1404 2061 1393 2061 1351 2061 1095 2058 1092 2058 1089 2058 1087 2058 1087 2061 1075 2072 1073 2072 1022 2072 702 2072 699 2072 696 2072 694 2072 680 2086 677 2089 543 2089 546 2131"/></Shape>
	    <String CONTENT="14 feirier encore, Rogier ne se bomait il pas à proposer l&#x27;actroi de la fran¬"
                    HPOS="543"
                    VPOS="2014"
                    WIDTH="2135"
                    HEIGHT="153"
                    WC="0.9953826230305892"></String>
          </TextLine>
          <TextLine ID="eSc_line_52fd3de9"
                    TAGREFS="LT31"
                    BASELINE="543 2203 1839 2147 2661 2131" 
                    HPOS="540"
                    VPOS="2075"
                    WIDTH="2121"
                    HEIGHT="150">
            <Shape><Polygon POINTS="543 2203 543 2223 875 2225 877 2225 880 2225 922 2214 939 2209 956 2211 995 2225 997 2225 1000 2225 1170 2206 1257 2198 1273 2203 1301 2214 1304 2214 1307 2214 1309 2214 1351 2200 1385 2192 1750 2192 1953 2192 1953 2189 1984 2184 2070 2167 2252 2178 2296 2178 2299 2178 2324 2175 2455 2153 2659 2164 2661 2131 2653 2089 2477 2092 2438 2075 2436 2075 2433 2075 2430 2075 2363 2094 2352 2097 2305 2097 2054 2089 2051 2089 1953 2106 1937 2108 1931 2106 1903 2094 1900 2094 1898 2094 1742 2100 1661 2114 1591 2125 1513 2117 1466 2114 1463 2114 1460 2114 1457 2114 1452 2120 1432 2133 1335 2133 1287 2122 1265 2120 1262 2120 1259 2120 1245 2125 1206 2142 1053 2145 964 2133 944 2131 942 2131 939 2131 933 2133 900 2153 813 2153 694 2139 680 2139 677 2139 674 2139 671 2139 621 2159 540 2145 543 2203"/></Shape>
	    <String CONTENT="chise électorale aux seules persounes inscrites sue les listes du parx? Mais ne"
                    HPOS="540"
                    VPOS="2075"
                    WIDTH="2121"
                    HEIGHT="150"
                    WC="0.9835499555249757"></String>
          </TextLine>
          <TextLine ID="eSc_line_639e6531"
                    TAGREFS="LT31"
                    BASELINE="549 2276 1945 2223 2653 2209" 
                    HPOS="546"
                    VPOS="2153"
                    WIDTH="2107"
                    HEIGHT="159">
            <Shape><Polygon POINTS="549 2276 549 2312 713 2292 785 2303 788 2303 791 2303 794 2303 813 2289 872 2301 875 2301 1053 2281 1332 2284 1335 2284 1337 2284 1368 2267 2653 2239 2653 2209 2647 2167 2516 2153 2514 2153 2511 2153 2455 2170 2424 2156 2422 2156 2419 2156 2416 2156 2341 2175 2335 2178 2207 2178 2179 2164 2176 2164 2174 2164 1836 2189 1767 2195 1733 2195 1605 2184 1602 2184 1599 2184 1538 2200 1519 2206 1195 2214 1181 2211 1156 2200 1153 2200 1151 2200 1087 2214 1064 2217 1059 2214 1045 2203 1042 2203 1039 2203 1036 2203 978 2217 947 2225 546 2228 549 2276"/></Shape>
	    <String CONTENT="venait-on pai de traverser un sicilé en un jour ?&quot;. &lt;... ..&gt;"
                    HPOS="546"
                    VPOS="2153"
                    WIDTH="2107"
                    HEIGHT="159"
                    WC="0.9568710337082545"></String>
          </TextLine>
          <TextLine ID="eSc_line_1ed686da"
                    TAGREFS="LT31"
                    BASELINE="543 2342 1340 2328 2109 2292 2597 2287" 
                    HPOS="540"
                    VPOS="2231"
                    WIDTH="2057"
                    HEIGHT="153">
            <Shape><Polygon POINTS="543 2342 543 2362 794 2384 797 2384 799 2384 841 2365 1580 2365 1580 2362 1583 2362 1585 2362 1613 2340 1622 2331 1647 2337 1677 2345 1680 2345 1683 2345 1736 2337 1778 2328 1881 2331 1992 2337 1995 2337 1998 2337 2015 2328 2034 2317 2597 2315 2597 2287 2586 2231 2550 2245 2514 2234 2511 2234 2508 2234 2505 2234 2502 2234 2477 2253 2402 2237 2394 2237 2391 2237 2341 2239 2026 2262 1984 2250 1978 2250 1976 2250 1973 2250 1970 2250 1967 2250 1967 2253 1948 2267 1878 2256 1875 2256 1873 2256 1867 2256 1744 2273 1716 2262 1702 2256 1700 2256 1697 2256 1443 2264 1440 2264 1427 2270 1401 2284 1304 2276 1237 2270 1234 2270 1231 2270 1229 2270 1218 2278 1201 2292 947 2295 933 2289 919 2281 916 2281 914 2281 864 2289 813 2301 772 2295 724 2287 721 2287 719 2287 716 2287 705 2295 696 2303 663 2298 607 2289 604 2289 540 2301 543 2342"/></Shape>
	    <String CONTENT="&lt;... .. ........ ........&gt; et au moment ai il sevebdait à"
                    HPOS="540"
                    VPOS="2231"
                    WIDTH="2057"
                    HEIGHT="153"
                    WC="0.9164035505261915"></String>
          </TextLine>
          <TextLine ID="eSc_line_8bbd4e0b"
                    TAGREFS="LT31"
                    BASELINE="540 2415 1375 2402 1619 2387 1620 2386 1722 2352 1694 2390 2642 2351" 
                    HPOS="537"
                    VPOS="2298"
                    WIDTH="2105"
                    HEIGHT="150">
            <Shape><Polygon POINTS="540 2437 716 2448 719 2448 1585 2420 1588 2420 1616 2412 1641 2404 2642 2387 2642 2351 2631 2301 2572 2315 2555 2303 2553 2298 2550 2298 2547 2298 2544 2298 2469 2301 2466 2301 2452 2306 2413 2320 2369 2309 2366 2309 2363 2309 2360 2309 2357 2309 2344 2320 2327 2309 2324 2309 2321 2309 2318 2309 2299 2312 2162 2328 2048 2320 1987 2315 1984 2315 1931 2323 1847 2337 1764 2328 1708 2323 1705 2323 1633 2331 1521 2348 1418 2340 1343 2334 1340 2334 1293 2345 1248 2354 1226 2345 1206 2340 1204 2340 1201 2340 1198 2340 1181 2348 1156 2359 1103 2351 1070 2345 1067 2345 1031 2354 972 2367 537 2367 540 2415"/></Shape>
	    <String CONTENT="tous que la nationalité même étaibat ngee, &lt;..... .......&gt;"
                    HPOS="537"
                    VPOS="2298"
                    WIDTH="2105"
                    HEIGHT="150"
                    WC="0.949344198077412"></String>
          </TextLine>
          <TextLine ID="eSc_line_877c7e57"
                    TAGREFS="LT33"
                    BASELINE="1282 2362 1570 2352" 
                    HPOS="1282"
                    VPOS="2352"
                    WIDTH="288"
                    HEIGHT="10">
	    <String CONTENT=""
                    HPOS="1282"
                    VPOS="2352"
                    WIDTH="288"
                    HEIGHT="10"></String>
          </TextLine>
          <TextLine ID="eSc_line_50398667"
                    TAGREFS="LT31"
                    BASELINE="532 2487 1056 2479 2260 2429 2661 2423" 
                    HPOS="529"
                    VPOS="2373"
                    WIDTH="2132"
                    HEIGHT="150">
            <Shape><Polygon POINTS="532 2487 532 2515 755 2523 758 2523 760 2523 788 2510 791 2507 2661 2448 2661 2423 2656 2381 2402 2373 2399 2373 2397 2373 2394 2373 2374 2390 2371 2390 2324 2376 2321 2376 2318 2376 2101 2398 2062 2401 2043 2401 1931 2390 1928 2390 1859 2406 1839 2409 1792 2409 1616 2401 1613 2401 1496 2418 1454 2423 1432 2420 1379 2409 1376 2409 1374 2409 1318 2423 1296 2429 1265 2426 1204 2418 1201 2418 1198 2418 1162 2429 1139 2437 791 2445 780 2443 755 2432 752 2432 749 2432 529 2448 532 2487"/></Shape>
	    <String CONTENT="&lt;..... .... ....... .. ..&gt;"
                    HPOS="529"
                    VPOS="2373"
                    WIDTH="2132"
                    HEIGHT="150"
                    WC="0.83799242744079"></String>
          </TextLine>
          <TextLine ID="eSc_line_dd22dd46"
                    TAGREFS="LT31"
                    BASELINE="543 2560 1663 2535 2182 2510 2661 2504" 
                    HPOS="540"
                    VPOS="2459"
                    WIDTH="2121"
                    HEIGHT="129">
            <Shape><Polygon POINTS="543 2560 543 2588 2659 2532 2661 2504 2653 2459 2104 2462 2040 2476 2020 2479 2015 2476 2001 2465 1998 2465 1995 2465 1992 2465 1789 2471 1602 2487 1535 2493 1513 2490 1452 2479 1449 2479 1446 2479 1443 2479 1443 2482 1432 2493 1427 2496 1413 2493 1368 2484 1365 2484 1248 2498 1209 2501 1195 2498 1142 2487 1139 2487 1137 2487 1095 2501 1084 2507 875 2510 858 2510 763 2496 760 2496 758 2496 755 2496 755 2498 741 2512 738 2512 724 2512 579 2501 576 2501 574 2501 540 2512 543 2560"/></Shape>
	    <String CONTENT="&lt;..... . .. .. ..... ...&gt;"
                    HPOS="540"
                    VPOS="2459"
                    WIDTH="2121"
                    HEIGHT="129"
                    WC="0.8068062591552735"></String>
          </TextLine>
          <TextLine ID="eSc_line_81f7137b"
                    TAGREFS="LT31"
                    BASELINE="532 2624 2135 2585 2625 2590" 
                    HPOS="529"
                    VPOS="2532"
                    WIDTH="2096"
                    HEIGHT="122">
            <Shape><Polygon POINTS="532 2624 532 2654 2625 2613 2625 2590 2622 2543 2463 2532 2461 2532 2344 2546 2327 2549 2316 2549 2249 2535 2246 2535 2171 2551 2162 2551 2157 2551 2093 2537 2090 2537 1828 2557 1783 2560 1689 2560 1173 2557 1170 2557 1067 2574 1039 2576 1028 2574 997 2562 995 2562 992 2562 989 2562 986 2562 972 2574 967 2576 944 2576 836 2565 833 2565 830 2565 780 2579 763 2582 744 2579 677 2568 674 2568 529 2582 532 2624"/></Shape>
	    <String CONTENT="&lt;....&gt; l&#x27;intérêt suprême ne commandait- il pas d&#x27;osc odes au"
                    HPOS="529"
                    VPOS="2532"
                    WIDTH="2096"
                    HEIGHT="122"
                    WC="0.9741074562072753"></String>
          </TextLine>
          <TextLine ID="eSc_line_d8643b34"
                    TAGREFS="LT31"
                    BASELINE="543 2699 2642 2643" 
                    HPOS="540"
                    VPOS="2593"
                    WIDTH="2102"
                    HEIGHT="137">
            <Shape><Polygon POINTS="543 2699 543 2730 1170 2699 1251 2713 1262 2713 1265 2713 1312 2710 1616 2688 1691 2699 1694 2699 1833 2682 1881 2696 1886 2696 1889 2696 1892 2696 1942 2693 2238 2674 2639 2674 2642 2643 2636 2607 2558 2593 2555 2593 2553 2593 2550 2593 2528 2610 1811 2613 1689 2629 1485 2621 1482 2621 1362 2638 1078 2632 1075 2632 540 2660 543 2699"/></Shape>
	    <String CONTENT="gouvernement la mesure qu&#x27;il déclarait indispensable aù maintien"
                    HPOS="540"
                    VPOS="2593"
                    WIDTH="2102"
                    HEIGHT="137"
                    WC="0.9948645448312163"></String>
          </TextLine>
          <TextLine ID="eSc_line_a092b558"
                    TAGREFS="LT31"
                    BASELINE="535 2763 2614 2716" 
                    HPOS="532"
                    VPOS="2660"
                    WIDTH="2082"
                    HEIGHT="128">
            <Shape><Polygon POINTS="535 2763 535 2788 2614 2741 2614 2716 2606 2660 2352 2685 2051 2688 2006 2674 2001 2674 1998 2674 1995 2674 1992 2674 1990 2674 1953 2693 532 2713 535 2763"/></Shape>
	    <String CONTENT="de l&#x27;ordre publie ? les conservateurs ne jurent pas les moinns empressés à"
                    HPOS="532"
                    VPOS="2660"
                    WIDTH="2082"
                    HEIGHT="128"
                    WC="0.9904293184344833"></String>
          </TextLine>
          <TextLine ID="eSc_line_bd468aba"
                    TAGREFS="LT31"
                    BASELINE="535 2833 2670 2780" 
                    HPOS="532"
                    VPOS="2727"
                    WIDTH="2138"
                    HEIGHT="131">
            <Shape><Polygon POINTS="535 2833 535 2858 2670 2808 2670 2780 2667 2741 2614 2727 2611 2727 2608 2727 2606 2727 2603 2727 2578 2741 2578 2744 2293 2749 2291 2749 2221 2735 2218 2735 2215 2735 2182 2752 2176 2752 2056 2741 2054 2741 2051 2741 1995 2757 1990 2757 1984 2757 1903 2744 1900 2744 1898 2744 1856 2760 1783 2746 1781 2746 1778 2746 1775 2746 1755 2763 1686 2749 1683 2749 1680 2749 1677 2749 1652 2766 1650 2766 1638 2766 1337 2757 1335 2757 1332 2757 1329 2757 1329 2760 1312 2774 1257 2763 1254 2763 1251 2763 1204 2777 1100 2763 1098 2763 958 2783 819 2771 816 2771 641 2791 590 2777 588 2777 585 2777 582 2777 532 2794 535 2833"/></Shape>
	    <String CONTENT="composer avec la dinocratie. Et sans doute &lt;.t luient-on accordé de¬"
                    HPOS="532"
                    VPOS="2727"
                    WIDTH="2138"
                    HEIGHT="131"
                    WC="0.9883521207991768"></String>
          </TextLine>
          <TextLine ID="eSc_line_511b1dc2"
                    TAGREFS="LT34"
                    BASELINE="2052 2826 2265 2825" 
                    HPOS="2052"
                    VPOS="2825"
                    WIDTH="213"
                    HEIGHT="1">
	    <String CONTENT=""
                    HPOS="2052"
                    VPOS="2825"
                    WIDTH="213"
                    HEIGHT="1"></String>
          </TextLine>
          <TextLine ID="eSc_line_d79a173d"
                    TAGREFS="LT31"
                    BASELINE="521 2902 2633 2847" 
                    HPOS="518"
                    VPOS="2794"
                    WIDTH="2115"
                    HEIGHT="145">
            <Shape><Polygon POINTS="521 2902 521 2927 727 2939 730 2939 816 2922 838 2919 855 2922 897 2930 900 2930 1159 2916 1298 2908 1315 2911 1349 2922 1351 2922 1354 2922 1357 2922 1399 2911 1410 2908 1505 2908 1767 2911 1769 2911 1831 2902 1892 2891 1939 2900 1978 2905 1981 2905 2054 2897 2140 2886 2633 2886 2633 2847 2628 2794 2525 2794 2522 2794 2519 2794 2516 2794 2514 2796 2494 2810 2282 2805 2201 2802 2199 2802 2132 2808 1984 2827 1558 2835 1544 2827 1535 2822 1532 2822 1530 2822 1527 2822 1421 2833 1332 2841 1301 2835 1251 2827 1248 2827 1245 2827 1212 2838 1195 2844 1151 2841 1045 2833 1042 2833 1039 2833 1011 2847 1000 2849 942 2847 772 2841 769 2841 766 2841 724 2855 713 2861 518 2861 521 2902"/></Shape>
	    <String CONTENT="vantage encore s&#x27;il eut été possible de la faire sans &lt;.&gt; le constitu¬"
                    HPOS="518"
                    VPOS="2794"
                    WIDTH="2115"
                    HEIGHT="145"
                    WC="0.9502085753849574"></String>
          </TextLine>
          <TextLine ID="eSc_line_07eb71bb"
                    TAGREFS="LT31"
                    BASELINE="515 2980 2631 2913" 
                    HPOS="512"
                    VPOS="2866"
                    WIDTH="2119"
                    HEIGHT="151">
            <Shape><Polygon POINTS="515 2980 515 3003 557 3017 560 3017 563 3017 565 3017 621 3003 1039 3003 1042 3003 1240 2983 1245 2983 1248 2983 1304 2994 1307 2994 2631 2941 2631 2913 2622 2866 2413 2880 2388 2874 2366 2866 2363 2866 2360 2866 2357 2866 2355 2866 2346 2874 2332 2883 2299 2877 2254 2869 2252 2869 2249 2869 2229 2880 2213 2888 1917 2897 1873 2891 1808 2883 1806 2883 1803 2883 1764 2897 1739 2902 1719 2897 1686 2888 1683 2888 1680 2888 1605 2902 1563 2908 1541 2902 1485 2891 1482 2891 1407 2908 1401 2908 1399 2908 1329 2897 1326 2897 1323 2897 1321 2897 1298 2911 1290 2916 1234 2913 1039 2905 1036 2905 1034 2905 961 2925 944 2927 928 2925 866 2916 864 2916 861 2916 858 2916 858 2919 847 2927 844 2933 618 2936 585 2922 582 2922 579 2922 576 2922 512 2939 515 2980"/></Shape>
	    <String CONTENT="tion. &lt;.. &lt;....... .. .. . ..... .....&gt;"
                    HPOS="512"
                    VPOS="2866"
                    WIDTH="2119"
                    HEIGHT="151"
                    WC="0.8979346308952723"></String>
          </TextLine>
          <TextLine ID="eSc_line_d91dfa55"
                    TAGREFS="LT31"
                    BASELINE="512 3050 2645 2991" 
                    HPOS="510"
                    VPOS="2941"
                    WIDTH="2135"
                    HEIGHT="137">
            <Shape><Polygon POINTS="512 3050 512 3078 2642 3014 2645 2991 2636 2941 510 3008 512 3050"/></Shape>
	    <String CONTENT="&lt;... .. ... .. ..  .. . ...&gt;"
                    HPOS="510"
                    VPOS="2941"
                    WIDTH="2135"
                    HEIGHT="137"
                    WC="0.9160483032464981"></String>
          </TextLine>
          <TextLine ID="eSc_line_d334925a"
                    TAGREFS="LT31"
                    BASELINE="518 3125 2653 3067" 
                    HPOS="515"
                    VPOS="3017"
                    WIDTH="2138"
                    HEIGHT="142">
            <Shape><Polygon POINTS="518 3125 518 3159 674 3159 674 3156 677 3156 685 3153 721 3139 760 3150 769 3153 772 3153 774 3153 777 3153 788 3150 825 3139 958 3145 1008 3147 1011 3147 1039 3145 1131 3128 1270 3136 1309 3139 1312 3139 1315 3139 1318 3139 1321 3136 1340 3122 1401 3134 1418 3136 1421 3136 1480 3131 1655 3117 1953 3120 2037 3120 2040 3120 2043 3120 2048 3117 2079 3103 2109 3117 2112 3117 2115 3117 2118 3117 2137 3114 2249 3097 2650 3100 2653 3067 2645 3028 2419 3030 2416 3030 2352 3017 2349 3017 2249 3033 2229 3039 2029 3042 2012 3039 1970 3028 1967 3028 1964 3028 1875 3042 1833 3047 1817 3042 1789 3033 1786 3033 1783 3033 1694 3044 1633 3053 1605 3047 1571 3039 1569 3039 1566 3039 1563 3039 1544 3047 1524 3056 1482 3050 1435 3042 1432 3042 1429 3042 1413 3050 1396 3058 1309 3053 1231 3047 1229 3047 1187 3056 1137 3064 866 3061 772 3061 769 3061 766 3061 758 3064 716 3078 515 3069 518 3125"/></Shape>
	    <String CONTENT="&lt;...... .......... ... .. ...&gt;"
                    HPOS="515"
                    VPOS="3017"
                    WIDTH="2138"
                    HEIGHT="142"
                    WC="0.8937102417151134"></String>
          </TextLine>
          <TextLine ID="eSc_line_16233d68"
                    TAGREFS="LT31"
                    BASELINE="507 3198 1315 3167 2639 3142" 
                    HPOS="504"
                    VPOS="3092"
                    WIDTH="2135"
                    HEIGHT="125">
            <Shape><Polygon POINTS="507 3198 507 3217 986 3203 1028 3209 1078 3214 1081 3214 1145 3206 1209 3198 1259 3203 1304 3209 1307 3209 1309 3209 1312 3209 1312 3206 1318 3203 1326 3195 1379 3200 1424 3206 1427 3206 1480 3200 1558 3189 1616 3198 1650 3200 1652 3200 1747 3195 1934 3181 2073 3186 2121 3189 2123 3189 2196 3186 2475 3167 2636 3175 2639 3142 2633 3092 2410 3092 2408 3092 2405 3092 2394 3097 2374 3106 2313 3100 2263 3095 2260 3095 2187 3103 2098 3114 1951 3111 1794 3106 1792 3106 1789 3106 1786 3106 1775 3114 1764 3122 1733 3117 1691 3108 1689 3108 1686 3108 1666 3117 1650 3125 1608 3120 1544 3111 1541 3111 1538 3111 1535 3111 1519 3122 1507 3128 1491 3122 1460 3114 1457 3114 1454 3114 1452 3114 1424 3125 1407 3131 1354 3128 1254 3120 1251 3120 1248 3120 1206 3131 1184 3136 1128 3134 986 3125 983 3125 981 3125 978 3125 961 3139 956 3145 504 3150 507 3198"/></Shape>
	    <String CONTENT="&lt;. &lt;....... . .. . ..&gt;"
                    HPOS="504"
                    VPOS="3092"
                    WIDTH="2135"
                    HEIGHT="125"
                    WC="0.8746331523765217"></String>
          </TextLine>
          <TextLine ID="eSc_line_b5e08de0"
                    TAGREFS="LT31"
                    BASELINE="510 3264 1716 3228" 
                    HPOS="507"
                    VPOS="3178"
                    WIDTH="1209"
                    HEIGHT="120">
            <Shape><Polygon POINTS="510 3264 510 3298 1159 3267 1184 3273 1218 3284 1220 3284 1223 3284 1379 3278 1382 3278 1385 3278 1385 3276 1396 3264 1399 3264 1432 3264 1686 3270 1689 3270 1691 3270 1694 3270 1716 3256 1716 3228 1708 3178 1432 3198 1368 3189 1312 3184 1309 3184 1307 3184 1304 3184 1293 3192 1282 3200 1245 3195 1190 3186 1187 3186 1184 3186 1181 3186 1165 3198 1151 3206 1117 3200 1070 3192 1067 3192 1064 3192 1061 3192 1061 3195 1059 3195 1053 3203 1047 3212 967 3214 822 3214 813 3212 791 3198 788 3198 785 3198 783 3198 780 3198 707 3217 688 3220 674 3217 604 3203 602 3203 599 3203 596 3203 596 3206 593 3206 582 3220 582 3223 507 3223 510 3264"/></Shape>
	    <String CONTENT="&lt;... ...........&gt;"
                    HPOS="507"
                    VPOS="3178"
                    WIDTH="1209"
                    HEIGHT="120"
                    WC="0.8671737067839679"></String>
          </TextLine>
        </TextBlock>
        <TextBlock HPOS="14"
                   VPOS="251"
                   WIDTH="528"
                   HEIGHT="2844"
                   ID="eSc_textblock_d4b2b835"
                   TAGREFS="BT43">
          <Shape><Polygon POINTS="34 251 14 3095 501 3095 542 278"/></Shape>
          <TextLine ID="eSc_line_ec868766"
                    TAGREFS="LT31"
                    BASELINE="64 465 482 459" 
                    HPOS="64"
                    VPOS="387"
                    WIDTH="418"
                    HEIGHT="125">
            <Shape><Polygon POINTS="89 420 69 442 64 465 64 512 161 493 275 501 404 512 406 512 409 512 482 487 482 459 476 412 384 390 164 387 161 387 158 387 156 387 125 412 125 415 91 415 89 420"/></Shape>
	    <String CONTENT="Gut Prl II. 611"
                    HPOS="64"
                    VPOS="387"
                    WIDTH="418"
                    HEIGHT="125"
                    WC="0.9905230244000752"></String>
          </TextLine>
          <TextLine ID="eSc_line_f6602d30"
                    TAGREFS="LT31"
                    BASELINE="61 2231 453 2199" 
                    HPOS="61"
                    VPOS="2117"
                    WIDTH="412"
                    HEIGHT="170">
            <Shape><Polygon POINTS="66 2198 61 2231 61 2267 214 2248 270 2253 295 2273 314 2287 317 2287 320 2287 323 2287 473 2273 471 2203 462 2117 392 2120 390 2120 387 2120 376 2128 340 2150 248 2145 189 2142 186 2142 100 2161 83 2178"/></Shape>
	    <String CONTENT="VotPail II 632)"
                    HPOS="61"
                    VPOS="2117"
                    WIDTH="412"
                    HEIGHT="170"
                    WC="0.9425004442532857"></String>
          </TextLine>
          <TextLine ID="eSc_line_8d8226b8"
                    TAGREFS="LT31"
                    BASELINE="32 2872 94 2922 451 2908" 
                    HPOS="44"
                    VPOS="2824"
                    WIDTH="407"
                    HEIGHT="140">
            <Shape><Polygon POINTS="44 2908 44 2964 147 2964 147 2961 150 2961 153 2961 239 2933 448 2955 451 2908 451 2855 156 2824 153 2824 150 2824 94 2855 72 2855 47 2872"/></Shape>
	    <String CONTENT="n5 Peil I 133"
                    HPOS="44"
                    VPOS="2824"
                    WIDTH="407"
                    HEIGHT="140"
                    WC="0.9466835718888503"></String>
          </TextLine>
          <TextLine ID="eSc_line_ae07e9a1"
                    TAGREFS="LT31"
                    BASELINE="185 2967 399 2969" 
                    HPOS="189"
                    VPOS="2916"
                    WIDTH="103"
                    HEIGHT="75">
            <Shape><Polygon POINTS="189 2991 292 2991 292 2975 289 2916 189 2925 189 2975"/></Shape>
	    <String CONTENT="6314"
                    HPOS="189"
                    VPOS="2916"
                    WIDTH="103"
                    HEIGHT="75"
                    WC="0.9999583065509796"></String>
          </TextLine>
        </TextBlock>
      </PrintSpace>
    </Page>
  </Layout>
</alto>
