<?xml version="1.0" encoding="UTF-8"?>
<alto xmlns:xsi="http://www.w3.org/2001/XMLSchema-instance"
      xmlns="http://www.loc.gov/standards/alto/ns-v4#"
      xsi:schemaLocation="http://www.loc.gov/standards/alto/ns-v4# http://www.loc.gov/standards/alto/v4/alto-4-2.xsd">
  <Description>
    <MeasurementUnit>pixel</MeasurementUnit>
    <sourceImageInformation>
      <fileName>ARCH-DIV-000496_0008.png</fileName>
    </sourceImageInformation>
  </Description>
  <Tags>
    <OtherTag ID="BT42" LABEL="MainZone" DESCRIPTION="block type MainZone"/><OtherTag ID="BT43" LABEL="MarginTextZone" DESCRIPTION="block type MarginTextZone"/><OtherTag ID="BT44" LABEL="NumberingZone" DESCRIPTION="block type NumberingZone"/><OtherTag ID="BT45" LABEL="TitlePageZone" DESCRIPTION="block type TitlePageZone"/><OtherTag ID="BT46" LABEL="CustomZone:Numbering" DESCRIPTION="block type CustomZone:Numbering"/><OtherTag ID="BT49" LABEL="MarginTextZone:lower" DESCRIPTION="block type MarginTextZone:lower"/>
    <OtherTag ID="LT25" LABEL="default" DESCRIPTION="line type default"/><OtherTag ID="LT31" LABEL="DefaultLine" DESCRIPTION="line type DefaultLine"/><OtherTag ID="LT32" LABEL="HeadingLine" DESCRIPTION="line type HeadingLine"/><OtherTag ID="LT33" LABEL="InterlinearLine:addition" DESCRIPTION="line type InterlinearLine:addition"/><OtherTag ID="LT34" LABEL="InterlinearLine:correction" DESCRIPTION="line type InterlinearLine:correction"/>
  </Tags>
  <Layout>
    <Page WIDTH="2790"
          HEIGHT="3315"
          PHYSICAL_IMG_NR="7"
          ID="eSc_dummypage_">
      <PrintSpace HPOS="0"
                  VPOS="0"
                  WIDTH="2790"
                  HEIGHT="3315">
        <TextBlock HPOS="183"
                   VPOS="30"
                   WIDTH="368"
                   HEIGHT="197"
                   ID="eSc_textblock_5b5b915b"
                   TAGREFS="BT44">
          <Shape><Polygon POINTS="551 227 551 30 183 30 183 227"/></Shape>
          <TextLine ID="eSc_line_8d40aec4"
                    TAGREFS="LT31"
                    BASELINE="281 107 437 103" 
                    HPOS="281"
                    VPOS="103"
                    WIDTH="156"
                    HEIGHT="4">
	    <String CONTENT=""
                    HPOS="281"
                    VPOS="103"
                    WIDTH="156"
                    HEIGHT="4"></String>
          </TextLine>
        </TextBlock>
        <TextBlock HPOS="65"
                   VPOS="525"
                   WIDTH="667"
                   HEIGHT="2014"
                   ID="eSc_textblock_d7b03e02"
                   TAGREFS="BT43">
          <Shape><Polygon POINTS="65 525 86 2358 88 2539 682 2457 682 1931 732 1925 721 1893 687 1863 682 525"/></Shape>
          <TextLine ID="eSc_line_f6e13781"
                    TAGREFS="LT33"
                    BASELINE="595 619 664 616" 
                    HPOS="595"
                    VPOS="616"
                    WIDTH="69"
                    HEIGHT="3">
	    <String CONTENT=""
                    HPOS="595"
                    VPOS="616"
                    WIDTH="69"
                    HEIGHT="3"></String>
          </TextLine>
          <TextLine ID="eSc_line_2f4f9fa7"
                    TAGREFS="LT33"
                    BASELINE="149 1222 556 1195 619 1195 643 1206" 
                    HPOS="147"
                    VPOS="1151"
                    WIDTH="496"
                    HEIGHT="108">
            <Shape><Polygon POINTS="149 1222 151 1252 206 1246 228 1252 263 1259 265 1259 267 1259 269 1259 281 1248 296 1239 315 1248 326 1252 328 1252 329 1252 363 1246 386 1241 390 1244 396 1248 396 1250 398 1250 399 1250 401 1250 464 1246 466 1246 468 1246 475 1241 497 1228 584 1221 641 1233 643 1206 637 1152 541 1167 532 1160 521 1151 519 1151 517 1151 515 1151 462 1152 460 1152 458 1152 440 1167 433 1174 418 1169 379 1158 377 1158 375 1158 374 1158 305 1178 291 1184 280 1182 235 1167 234 1167 232 1167 230 1167 191 1189 187 1191 152 1191 147 1211"/></Shape>
	    <String CONTENT="(dans sa puifsance"
                    HPOS="147"
                    VPOS="1151"
                    WIDTH="496"
                    HEIGHT="108"
                    WC="0.9504575630029043"></String>
          </TextLine>
          <TextLine ID="eSc_line_458975a9"
                    TAGREFS="LT33"
                    BASELINE="320 1398 504 1392" 
                    HPOS="320"
                    VPOS="1392"
                    WIDTH="184"
                    HEIGHT="6">
	    <String CONTENT=""
                    HPOS="320"
                    VPOS="1392"
                    WIDTH="184"
                    HEIGHT="6"></String>
          </TextLine>
          <TextLine ID="eSc_line_6238bf20"
                    TAGREFS="LT33"
                    BASELINE="149 1760 684 1671" 
                    HPOS="143"
                    VPOS="1668"
                    WIDTH="87"
                    HEIGHT="122">
            <Shape><Polygon POINTS="151 1790 191 1779 226 1788 230 1756 221 1668 143 1692 149 1760"/></Shape>
	    <String CONTENT="16"
                    HPOS="143"
                    VPOS="1668"
                    WIDTH="87"
                    HEIGHT="122"
                    WC="0.9999935030937195"></String>
          </TextLine>
          <TextLine ID="eSc_line_48b3364f"
                    TAGREFS="LT33"
                    BASELINE="438 1777 628 1744" 
                    HPOS="438"
                    VPOS="1744"
                    WIDTH="190"
                    HEIGHT="33">
	    <String CONTENT=""
                    HPOS="438"
                    VPOS="1744"
                    WIDTH="190"
                    HEIGHT="33"></String>
          </TextLine>
          <TextLine ID="eSc_line_441cf085"
                    TAGREFS="LT34"
                    BASELINE="241 1867 410 1858 574 1861" 
                    HPOS="239"
                    VPOS="1791"
                    WIDTH="335"
                    HEIGHT="93">
            <Shape><Polygon POINTS="243 1884 263 1874 573 1874 574 1861 573 1815 468 1791 466 1791 239 1819 241 1867"/></Shape>
	    <String CONTENT="a londres les"
                    HPOS="239"
                    VPOS="1791"
                    WIDTH="335"
                    HEIGHT="93"
                    WC="0.9965417889448313"></String>
          </TextLine>
          <TextLine ID="eSc_line_800138a6"
                    TAGREFS="LT34"
                    BASELINE="175 1917 423 1906 737 1911" 
                    HPOS="175"
                    VPOS="1845"
                    WIDTH="562"
                    HEIGHT="101">
            <Shape><Polygon POINTS="707 1867 705 1852 687 1845 685 1845 569 1845 567 1845 565 1845 560 1847 560 1861 541 1861 534 1861 519 1871 423 1860 412 1860 396 1860 375 1876 283 1876 270 1865 265 1867 248 1867 239 1876 213 1876 175 1854 175 1917 175 1946 307 1946 307 1944 309 1944 320 1941 377 1924 423 1939 438 1942 440 1942 442 1942 468 1937 528 1922 633 1922 644 1931 654 1941 654 1942 656 1942 657 1942 659 1944 718 1944 718 1942 720 1942 722 1942 737 1931 737 1911 735 1867 726 1867"/></Shape>
	    <String CONTENT="Laellogs urs diligusd"
                    HPOS="175"
                    VPOS="1845"
                    WIDTH="562"
                    HEIGHT="101"
                    WC="0.8410542777606419"></String>
          </TextLine>
          <TextLine ID="eSc_line_609de815"
                    TAGREFS="LT34"
                    BASELINE="147 1976 560 1939" 
                    HPOS="143"
                    VPOS="1909"
                    WIDTH="417"
                    HEIGHT="91">
            <Shape><Polygon POINTS="528 1909 442 1922 418 1917 403 1913 401 1913 399 1913 398 1913 396 1913 388 1919 379 1926 370 1920 363 1917 361 1917 359 1917 357 1917 355 1917 348 1922 335 1933 276 1937 237 1931 217 1930 215 1930 213 1930 211 1930 206 1935 189 1944 143 1941 147 1976 149 2000 335 1970 412 1972 457 1974 458 1974 460 1974 479 1965 492 1957 560 1955 560 1939 554 1909 547 1909"/></Shape>
	    <String CONTENT=")bourgeoisés et"
                    HPOS="143"
                    VPOS="1909"
                    WIDTH="417"
                    HEIGHT="91"
                    WC="0.9982442816098531"></String>
          </TextLine>
          <TextLine ID="eSc_line_45741255"
                    TAGREFS="LT34"
                    BASELINE="140 2022 643 1983" 
                    HPOS="136"
                    VPOS="1942"
                    WIDTH="507"
                    HEIGHT="105">
            <Shape><Polygon POINTS="141 2047 283 2025 309 2035 311 2035 313 2035 315 2035 643 2003 643 1983 637 1955 604 1957 602 1957 586 1942 584 1942 582 1942 580 1942 578 1942 525 1959 484 1955 482 1955 480 1955 479 1955 464 1966 460 1968 451 1966 420 1961 418 1961 416 1961 398 1970 394 1972 392 1970 368 1959 366 1959 364 1959 293 1965 291 1965 289 1965 272 1979 267 1983 263 1979 256 1974 254 1974 252 1974 250 1974 248 1974 230 1981 217 1989 136 1989 140 2022"/></Shape>
	    <String CONTENT="naient .....&gt; dans"
                    HPOS="136"
                    VPOS="1942"
                    WIDTH="507"
                    HEIGHT="105"
                    WC="0.954628672864702"></String>
          </TextLine>
          <TextLine ID="eSc_line_32b6b607"
                    TAGREFS="LT34"
                    BASELINE="151 2070 635 2035" 
                    HPOS="149"
                    VPOS="2001"
                    WIDTH="486"
                    HEIGHT="91">
            <Shape><Polygon POINTS="386 2064 420 2071 427 2073 429 2073 431 2073 433 2073 445 2070 482 2057 635 2053 635 2035 632 2005 556 2001 554 2001 552 2001 550 2001 539 2011 534 2016 429 2025 416 2018 405 2012 403 2012 401 2012 399 2012 374 2022 344 2031 320 2023 304 2020 302 2020 300 2020 298 2020 296 2020 289 2025 276 2035 191 2035 189 2035 187 2035 186 2035 171 2044 149 2035 151 2070 151 2092"/></Shape>
	    <String CONTENT="les salons des grandes"
                    HPOS="149"
                    VPOS="2001"
                    WIDTH="486"
                    HEIGHT="91"
                    WC="0.9983960525556044"></String>
          </TextLine>
          <TextLine ID="eSc_line_9e95a767"
                    TAGREFS="LT34"
                    BASELINE="147 2121 668 2082" 
                    HPOS="143"
                    VPOS="2053"
                    WIDTH="525"
                    HEIGHT="88">
            <Shape><Polygon POINTS="147 2141 668 2103 668 2082 665 2055 543 2053 541 2053 539 2053 488 2068 468 2073 464 2070 458 2064 457 2064 455 2064 453 2064 451 2064 423 2073 409 2077 399 2075 386 2071 385 2071 383 2071 304 2082 245 2090 228 2088 197 2082 195 2082 143 2093 147 2121"/></Shape>
	    <String CONTENT="Sanss, egéries de la con¬"
                    HPOS="143"
                    VPOS="2053"
                    WIDTH="525"
                    HEIGHT="88"
                    WC="0.9732173752784729"></String>
          </TextLine>
          <TextLine ID="eSc_line_eb69b49e"
                    TAGREFS="LT34"
                    BASELINE="136 2182 693 2125" 
                    HPOS="134"
                    VPOS="2081"
                    WIDTH="561"
                    HEIGHT="101">
            <Shape><Polygon POINTS="171 2121 187 2119 510 2110 515 2108 622 2088 624 2088 659 2092 689 2081 695 2145 554 2163 154 2182 136 2182 134 2119 151 2119 152 2121"/></Shape>
	    <String CONTENT="sirence, La dluctesse de"
                    HPOS="134"
                    VPOS="2081"
                    WIDTH="561"
                    HEIGHT="101"
                    WC="0.9847776293754578"></String>
          </TextLine>
          <TextLine ID="eSc_line_c7d1509e"
                    TAGREFS="LT34"
                    BASELINE="132 2235 619 2186" 
                    HPOS="128"
                    VPOS="2152"
                    WIDTH="491"
                    HEIGHT="104">
            <Shape><Polygon POINTS="134 2256 447 2222 449 2222 451 2222 451 2221 460 2211 619 2206 619 2186 615 2160 580 2152 578 2152 576 2152 574 2152 574 2154 573 2154 567 2163 541 2152 539 2152 538 2152 536 2152 480 2171 451 2162 449 2162 447 2162 445 2162 444 2162 444 2163 425 2178 425 2180 377 2184 374 2184 342 2173 340 2173 339 2173 337 2173 335 2173 316 2187 269 2180 267 2180 265 2180 263 2180 263 2182 248 2195 235 2187 234 2187 232 2187 230 2187 228 2187 193 2202 178 2191 176 2191 175 2191 173 2191 171 2191 169 2191 169 2193 154 2206 154 2208 128 2208 132 2235"/></Shape>
	    <String CONTENT="Diuo relliait &quot;leur"
                    HPOS="128"
                    VPOS="2152"
                    WIDTH="491"
                    HEIGHT="104"
                    WC="0.9973430351207131"></String>
          </TextLine>
          <TextLine ID="eSc_line_17994efe"
                    TAGREFS="LT34"
                    BASELINE="132 2283 265 2274 619 2226" 
                    HPOS="128"
                    VPOS="2193"
                    WIDTH="491"
                    HEIGHT="120">
            <Shape><Polygon POINTS="138 2313 171 2296 265 2294 272 2292 274 2292 278 2292 324 2278 339 2281 350 2285 351 2285 353 2285 355 2285 377 2276 399 2267 458 2265 586 2256 587 2256 619 2239 619 2226 611 2193 128 2256 132 2283"/></Shape>
	    <String CONTENT="petète élogueme rijue"
                    HPOS="128"
                    VPOS="2193"
                    WIDTH="491"
                    HEIGHT="120"
                    WC="0.9792007037571498"></String>
          </TextLine>
          <TextLine ID="eSc_line_a5bc8e34"
                    TAGREFS="LT34"
                    BASELINE="128 2337 691 2279" 
                    HPOS="125"
                    VPOS="2234"
                    WIDTH="568"
                    HEIGHT="108">
            <Shape><Polygon POINTS="254 2276 263 2274 392 2272 399 2270 468 2252 473 2252 514 2267 515 2267 545 2265 571 2265 643 2239 644 2239 686 2234 693 2298 679 2298 598 2307 541 2331 536 2331 368 2324 318 2337 316 2337 128 2342 128 2337 125 2276 143 2276 145 2283 164 2281 182 2281 200 2279 219 2278 235 2278"/></Shape>
	    <String CONTENT="blicaine&quot; et la grande"
                    HPOS="125"
                    VPOS="2234"
                    WIDTH="568"
                    HEIGHT="108"
                    WC="0.9974907528270375"></String>
          </TextLine>
          <TextLine ID="eSc_line_6a135f9f"
                    TAGREFS="LT34"
                    BASELINE="123 2399 667 2348" 
                    HPOS="119"
                    VPOS="2303"
                    WIDTH="548"
                    HEIGHT="126">
            <Shape><Polygon POINTS="128 2429 156 2412 222 2418 241 2418 243 2418 245 2418 254 2414 285 2397 305 2407 315 2410 316 2410 318 2410 320 2410 322 2410 331 2405 351 2392 386 2397 414 2401 416 2401 418 2401 445 2390 475 2377 543 2373 550 2377 565 2384 567 2384 569 2384 571 2384 573 2384 589 2373 598 2366 667 2362 667 2348 657 2303 597 2322 578 2313 573 2311 571 2311 569 2311 528 2314 527 2314 525 2314 525 2316 519 2320 506 2335 471 2337 453 2329 440 2324 438 2324 436 2324 434 2324 412 2335 392 2344 386 2337 385 2337 385 2335 383 2335 381 2335 318 2335 316 2335 315 2335 313 2335 294 2349 287 2355 200 2362 197 2361 167 2349 165 2349 164 2349 162 2349 119 2368 123 2399"/></Shape>
	    <String CONTENT="idie qu&#x27;ils se faisaient"
                    HPOS="119"
                    VPOS="2303"
                    WIDTH="548"
                    HEIGHT="126"
                    WC="0.9943794359763464"></String>
          </TextLine>
          <TextLine ID="eSc_line_d795af5d"
                    TAGREFS="LT34"
                    BASELINE="128 2462 466 2425 608 2419" 
                    HPOS="123"
                    VPOS="2384"
                    WIDTH="485"
                    HEIGHT="100">
            <Shape><Polygon POINTS="130 2484 280 2460 335 2464 353 2465 355 2465 357 2465 374 2460 412 2447 442 2453 445 2453 447 2453 449 2453 451 2453 466 2442 475 2449 477 2449 479 2449 480 2449 482 2449 484 2449 506 2436 608 2434 608 2419 602 2384 444 2384 442 2384 440 2384 405 2403 311 2412 278 2403 276 2403 274 2403 272 2403 237 2419 213 2408 211 2408 210 2408 162 2412 160 2412 123 2431 128 2462"/></Shape>
	    <String CONTENT="de leur impostance."
                    HPOS="123"
                    VPOS="2384"
                    WIDTH="485"
                    HEIGHT="100"
                    WC="0.9753658771514893"></String>
          </TextLine>
        </TextBlock>
        <TextBlock HPOS="673"
                   VPOS="48"
                   WIDTH="2117"
                   HEIGHT="3184"
                   ID="eSc_textblock_0417646c"
                   TAGREFS="BT42">
          <Shape><Polygon POINTS="673 48 688 1850 754 1925 691 1946 673 3232 2790 3232 2790 48"/></Shape>
          <TextLine ID="eSc_line_a882e62a"
                    TAGREFS="LT31"
                    BASELINE="711 104 1608 90 2736 95" 
                    HPOS="709"
                    VPOS="38"
                    WIDTH="2027"
                    HEIGHT="89">
            <Shape><Polygon POINTS="2727 38 2345 58 2069 44 1982 40 1907 40 1905 40 1903 40 1888 46 1855 60 1638 60 1571 49 1559 47 1557 47 1555 47 1549 49 1520 60 1468 49 1428 42 1426 42 1424 42 1398 51 1389 53 1359 51 1254 42 1253 42 1251 42 1230 53 1210 62 1140 53 1133 53 1131 53 1129 53 1127 53 1111 62 709 58 711 104 711 123 941 112 1028 123 1059 127 1061 127 1063 127 1072 123 1098 110 1477 110 1520 121 1533 125 1535 125 1536 125 1538 125 1551 121 1590 112 1719 121 1778 125 1780 125 1781 125 1796 121 1842 108 1885 121 1894 123 1896 123 1898 125 1971 125 1971 123 1973 123 1981 121 2016 108 2139 117 2141 117 2224 108 2303 119 2331 123 2332 123 2369 119 2439 112 2478 119 2491 121 2493 121 2734 117 2736 95 2732 42 2727 38"/></Shape>
	    <String CONTENT="venir au passé. Il ne si préonupait que de l&#x27;avenir de sa Sy¬"
                    HPOS="709"
                    VPOS="38"
                    WIDTH="2027"
                    HEIGHT="89"
                    WC="0.9845105184883368"></String>
          </TextLine>
          <TextLine ID="eSc_line_c8f96822"
                    TAGREFS="LT31"
                    BASELINE="679 176 1759 163 2430 163 2753 173" 
                    HPOS="678"
                    VPOS="112"
                    WIDTH="2075"
                    HEIGHT="86">
            <Shape><Polygon POINTS="2703 117 2701 117 2699 117 2673 127 2670 128 2511 128 2502 128 2452 114 2450 114 2449 114 2447 114 2414 128 2412 130 2253 130 2244 130 2207 114 2205 114 2203 114 2073 130 2071 130 2069 130 2006 112 2004 112 2003 112 2001 112 1962 132 1901 132 1861 112 1859 112 1857 112 1546 114 1415 116 1413 116 1367 136 1321 136 1240 119 1238 119 1094 127 995 117 993 117 991 117 954 138 899 121 897 121 895 121 893 121 834 138 726 130 724 130 678 139 678 147 679 176 679 189 737 198 738 198 740 198 757 189 759 189 827 189 1186 197 1188 197 1277 189 1323 186 1540 189 1831 193 1833 193 1857 187 1887 182 1990 187 2052 191 2054 191 2078 187 2128 180 2176 187 2191 189 2192 189 2242 187 2393 180 2751 186 2753 173 2751 136 2749 125"/></Shape>
	    <String CONTENT="nastie. Il se fût contenté de la sépasation cdministratière des"
                    HPOS="678"
                    VPOS="112"
                    WIDTH="2075"
                    HEIGHT="86"
                    WC="0.983766201942686"></String>
          </TextLine>
          <TextLine ID="eSc_line_108d09b7"
                    TAGREFS="LT31"
                    BASELINE="691 252 2734 226" 
                    HPOS="689"
                    VPOS="173"
                    WIDTH="2045"
                    HEIGHT="103">
            <Shape><Polygon POINTS="691 252 691 265 831 276 832 276 969 274 971 274 995 263 998 261 1013 263 1085 270 1087 270 1089 270 1122 261 1131 257 1273 257 1313 259 1457 267 1459 267 1461 267 1490 257 1496 255 1505 257 1562 267 1564 267 1839 254 1916 250 1923 252 1945 261 1947 261 1949 261 2008 252 2030 248 2065 250 2141 257 2143 257 2180 250 2198 246 2310 248 2585 254 2587 254 2732 243 2734 226 2731 187 2673 173 2672 173 2670 173 2614 187 2583 197 2533 189 2493 184 2491 184 2489 184 2476 189 2463 197 2362 191 2344 191 2342 191 2331 191 2264 200 2229 193 2168 180 2167 180 2067 189 2003 180 2001 180 1905 197 1853 208 1560 211 1494 211 1470 202 1424 187 1422 187 1420 187 1271 189 1227 198 1160 191 1159 191 1157 191 1127 208 1109 217 1068 217 1054 208 1022 193 1020 193 1019 193 1017 193 985 209 976 213 937 209 902 206 901 206 899 206 886 209 864 217 840 211 788 197 786 197 785 197 689 211 691 252"/></Shape>
	    <String CONTENT="deux partres de l&#x27;Etat voire memé de l&#x27;autonomée complêt"
                    HPOS="689"
                    VPOS="173"
                    WIDTH="2045"
                    HEIGHT="103"
                    WC="0.9878413389836039"></String>
          </TextLine>
          <TextLine ID="eSc_line_3069d514"
                    TAGREFS="LT31"
                    BASELINE="689 327 2364 302 2754 305" 
                    HPOS="687"
                    VPOS="250"
                    WIDTH="2067"
                    HEIGHT="109">
            <Shape><Polygon POINTS="689 327 689 355 753 359 755 359 777 355 829 344 980 351 1061 355 1063 355 1065 355 1078 349 1118 333 1236 333 1312 344 1313 344 1417 333 1450 344 1465 349 1466 349 1468 349 1597 348 1638 342 1721 327 1789 338 1820 344 1822 344 1824 344 1840 338 1881 325 1916 337 1918 337 1920 337 1922 337 1958 325 2080 335 2089 335 2091 335 2106 335 2321 318 2414 318 2445 329 2450 331 2452 331 2454 331 2473 329 2541 318 2592 327 2627 333 2629 333 2631 333 2655 325 2683 318 2753 324 2754 305 2753 270 2640 270 2613 257 2611 257 2609 257 2607 257 2581 270 2579 272 2460 272 2450 270 2386 250 2384 250 2382 250 2380 250 2314 270 2312 270 2309 270 2255 254 2253 254 2135 254 2133 254 2132 254 2095 270 2078 279 1973 279 1953 270 1947 268 1945 268 1944 268 1942 268 1934 270 1907 281 1767 281 1741 270 1734 268 1732 268 1730 268 1728 268 1726 268 1723 272 1704 283 1597 285 1514 272 1470 265 1468 265 1323 267 1286 272 1172 290 1072 287 1046 272 1041 270 1039 270 1037 270 969 272 761 281 687 274 689 327"/></Shape>
	    <String CONTENT="de la Bolgique, à condition que se mai son eut contuée de ré¬"
                    HPOS="687"
                    VPOS="250"
                    WIDTH="2067"
                    HEIGHT="109"
                    WC="0.9744525619091526"></String>
          </TextLine>
          <TextLine ID="eSc_line_564706a7"
                    TAGREFS="LT31"
                    BASELINE="696 403 1129 395" 
                    HPOS="694"
                    VPOS="351"
                    WIDTH="435"
                    HEIGHT="81">
            <Shape><Polygon POINTS="696 403 696 432 785 418 849 427 880 430 882 430 884 430 902 423 925 414 1127 410 1129 395 1127 368 1081 351 1079 351 1019 351 1017 351 1015 351 978 368 976 370 915 370 914 368 901 357 901 355 899 355 897 355 895 355 827 368 801 372 792 368 777 359 775 359 773 359 772 359 770 359 759 368 750 372 694 368 696 403"/></Shape>
	    <String CONTENT="quer sur elle."
                    HPOS="694"
                    VPOS="351"
                    WIDTH="435"
                    HEIGHT="81"
                    WC="0.9969743575368609"></String>
          </TextLine>
          <TextLine ID="eSc_line_fee2ac07"
                    TAGREFS="LT31"
                    BASELINE="731 480 2097 473 2740 480" 
                    HPOS="729"
                    VPOS="418"
                    WIDTH="2011"
                    HEIGHT="97">
            <Shape><Polygon POINTS="2729 440 2590 430 2589 430 2386 438 2336 440 2329 438 2275 421 2274 421 2272 421 2270 421 2237 438 2227 443 2143 443 2132 436 2091 418 2089 418 1999 418 1997 418 1995 418 1966 429 1890 418 1888 418 1813 434 1781 443 1697 443 1675 434 1649 425 1647 425 1645 425 1643 425 1627 434 1610 443 1492 443 1452 432 1417 423 1415 423 1413 423 1411 423 1383 432 1380 432 1378 432 1330 419 1328 419 1100 419 1098 419 1031 430 1013 432 1002 430 985 425 984 425 982 425 980 425 965 429 934 440 897 429 864 419 862 419 799 419 797 419 796 419 773 429 757 434 729 429 731 480 731 493 838 502 840 502 842 502 864 495 871 493 1166 493 1197 497 1301 513 1302 513 1304 513 1332 499 1345 493 1400 493 1413 499 1439 513 1441 513 1442 515 1496 515 1496 513 1498 513 1533 500 1557 491 1643 500 1665 502 1667 502 1682 500 1735 493 1752 500 1758 504 1759 504 1761 504 1763 504 1772 502 1804 491 1829 502 1835 504 1837 504 1839 504 1853 502 1896 495 1910 502 1929 511 1931 511 1933 511 1981 502 2045 491 2152 495 2170 504 2189 511 2191 511 2192 513 2307 513 2307 511 2309 511 2329 506 2345 500 2360 506 2369 510 2371 510 2373 510 2430 506 2519 500 2589 508 2616 510 2618 510 2620 510 2627 508 2675 491 2734 508 2740 480 2738 453 2729 440"/></Shape>
	    <String CONTENT="Du côté des Belges la question était pls compliquée qu&#x27;a pre¬"
                    HPOS="729"
                    VPOS="418"
                    WIDTH="2011"
                    HEIGHT="97"
                    WC="0.9751746048692798"></String>
          </TextLine>
          <TextLine ID="eSc_line_94467f50"
                    TAGREFS="LT34"
                    BASELINE="2019 426 2092 431" 
                    HPOS="2019"
                    VPOS="426"
                    WIDTH="73"
                    HEIGHT="5">
	    <String CONTENT=""
                    HPOS="2019"
                    VPOS="426"
                    WIDTH="73"
                    HEIGHT="5"></String>
          </TextLine>
          <TextLine ID="eSc_line_efa20173"
                    TAGREFS="LT31"
                    BASELINE="689 554 1260 543 1964 543 2557 548 2751 558" 
                    HPOS="687"
                    VPOS="493"
                    WIDTH="2064"
                    HEIGHT="79">
            <Shape><Polygon POINTS="689 554 689 567 939 572 941 572 1033 569 1184 561 1227 569 1249 572 1251 572 1253 572 1262 569 1282 561 1568 561 1584 569 1592 572 1594 572 1595 572 1652 569 1789 561 1818 570 1828 572 1829 572 1831 572 1859 570 1934 561 2030 570 2060 572 2062 572 2063 572 2073 570 2110 561 2303 570 2353 572 2355 572 2391 570 2544 561 2563 570 2565 570 2567 572 2749 572 2751 558 2747 506 2327 517 2244 506 2141 493 1990 493 1988 493 1986 493 1964 502 1879 493 1877 493 1875 493 1846 508 1840 510 1831 508 1798 499 1796 499 1794 499 1793 499 1767 508 1737 519 1664 519 1630 508 1579 493 1577 493 1575 493 1573 493 1535 508 1512 519 1359 519 1304 510 1216 495 1050 493 1048 493 952 500 950 500 928 510 912 517 687 511 689 554"/></Shape>
	    <String CONTENT="mière vile elle paraissait insoluble. Sans &lt;&gt; se préoccuper des"
                    HPOS="687"
                    VPOS="493"
                    WIDTH="2064"
                    HEIGHT="79"
                    WC="0.9783913010642642"></String>
          </TextLine>
          <TextLine ID="eSc_line_ce0922ec"
                    TAGREFS="LT31"
                    BASELINE="687 626 1236 616 2441 615 2747 622" 
                    HPOS="685"
                    VPOS="565"
                    WIDTH="2062"
                    HEIGHT="85">
            <Shape><Polygon POINTS="687 626 687 637 799 648 801 648 803 648 831 639 836 637 1105 637 1113 639 1127 646 1129 646 1131 646 1133 646 1151 639 1159 637 1230 640 1336 644 1337 644 1339 644 1352 640 1369 635 1393 640 1428 648 1430 650 1549 650 1549 648 1551 648 1568 640 1581 635 1654 640 1713 646 1715 646 1758 642 1802 637 1815 642 1831 648 1833 648 1835 648 2012 642 2194 637 2329 644 2386 646 2388 646 2401 644 2439 635 2517 644 2537 646 2539 646 2745 644 2747 622 2745 585 2657 565 2461 565 2460 565 2375 583 2360 585 2275 585 2272 581 2233 565 2231 565 2229 565 2139 574 2021 569 2019 569 2017 569 1977 581 1955 589 1680 589 1658 580 1625 567 1623 567 1621 567 1540 580 1485 587 1453 578 1411 567 1409 567 1407 567 1138 570 1137 570 1120 578 1090 591 772 591 744 576 742 576 685 576 687 626"/></Shape>
	    <String CONTENT="couvenaumes de l&#x27;Europe, &lt;....... .. .. .&gt;¬"
                    HPOS="685"
                    VPOS="565"
                    WIDTH="2062"
                    HEIGHT="85"
                    WC="0.9378047114194825"></String>
          </TextLine>
          <TextLine ID="eSc_line_1027aa46"
                    TAGREFS="LT31"
                    BASELINE="691 696 1717 688 2732 696" 
                    HPOS="689"
                    VPOS="639"
                    WIDTH="2043"
                    HEIGHT="79">
            <Shape><Polygon POINTS="691 696 691 714 1820 705 1846 716 1848 716 1850 718 2364 718 2364 716 2366 716 2388 707 2502 714 2504 714 2576 705 2729 716 2732 696 2731 657 2642 639 2605 639 2603 639 2602 639 2568 657 2567 657 2557 657 2395 639 2393 639 2391 639 2355 657 2351 657 2296 648 2294 648 2292 648 2268 657 2266 659 2115 659 2115 657 2062 639 2060 639 2058 639 2056 639 2017 657 1899 657 1898 657 1857 639 1855 639 1608 639 1606 639 1420 657 1336 639 1334 639 1332 639 1286 659 1127 659 1061 639 1059 639 912 639 910 639 845 651 738 640 737 640 735 640 689 657 691 696"/></Shape>
	    <String CONTENT="&lt;..&gt;, ils avaient marché de l&#x27;avant en infauts terribles"
                    HPOS="689"
                    VPOS="639"
                    WIDTH="2043"
                    HEIGHT="79"
                    WC="0.9949875473976135"></String>
          </TextLine>
          <TextLine ID="eSc_line_9063daf2"
                    TAGREFS="LT31"
                    BASELINE="696 779 2723 762" 
                    HPOS="694"
                    VPOS="710"
                    WIDTH="2029"
                    HEIGHT="92">
            <Shape><Polygon POINTS="696 779 696 795 950 788 971 795 995 802 996 802 998 802 1000 802 1017 795 1031 786 1260 786 1301 793 1336 799 1337 799 1391 791 1430 788 1450 791 1483 799 1485 799 1520 791 1538 788 1555 791 1582 799 1584 799 1586 799 1652 791 1684 788 1726 790 1818 797 1820 797 1822 797 1850 790 1881 782 1968 790 2045 795 2047 795 2082 788 2117 782 2203 788 2240 790 2242 790 2244 790 2250 788 2272 779 2299 788 2312 791 2314 791 2316 791 2347 788 2379 782 2395 786 2410 791 2412 791 2414 791 2436 786 2478 777 2719 784 2723 762 2718 732 2395 732 2390 732 2301 710 2299 710 2297 710 2259 723 2222 712 2220 712 2218 712 2216 712 2178 732 2172 736 2001 736 1986 732 1922 714 1920 714 1918 714 1839 732 1817 738 1785 732 1741 727 1739 727 1651 734 1632 734 1627 734 1566 718 1564 718 1450 718 1448 718 1446 718 1395 731 1336 720 1334 720 1332 720 1299 734 1282 744 1109 744 1085 734 1050 721 1048 721 1046 721 750 723 694 734 696 779"/></Shape>
	    <String CONTENT="Dis le 18 novembre 1880, &lt;..&gt; alors que l dép.trd&gt;"
                    HPOS="694"
                    VPOS="710"
                    WIDTH="2029"
                    HEIGHT="92"
                    WC="0.9825346493721008"></String>
          </TextLine>
          <TextLine ID="eSc_line_76f1742c"
                    TAGREFS="LT34"
                    BASELINE="2452 725 2684 729" 
                    HPOS="2450"
                    VPOS="696"
                    WIDTH="234"
                    HEIGHT="46">
            <Shape><Polygon POINTS="2450 742 2683 742 2684 729 2683 703 2452 696 2452 725"/></Shape>
	    <String CONTENT="Aufisence"
                    HPOS="2450"
                    VPOS="696"
                    WIDTH="234"
                    HEIGHT="46"
                    WC="0.999983549118042"></String>
          </TextLine>
          <TextLine ID="eSc_line_9f53d114"
                    TAGREFS="LT31"
                    BASELINE="689 850 2734 837" 
                    HPOS="687"
                    VPOS="786"
                    WIDTH="2047"
                    HEIGHT="98">
            <Shape><Polygon POINTS="689 850 689 865 858 876 860 876 928 865 939 863 1223 863 1229 865 1245 872 1247 872 1249 872 1385 865 1435 863 1441 865 1474 882 1476 882 1477 884 1564 884 1564 882 1746 872 2076 878 2078 878 2141 865 2183 856 2373 863 2375 863 2530 854 2565 865 2596 874 2598 874 2600 874 2602 874 2625 865 2637 860 2731 863 2734 837 2732 808 2651 786 2649 786 2648 786 2552 808 2473 808 2414 808 2414 806 2386 795 2384 795 2382 795 2336 804 2310 791 2309 791 2307 791 2305 791 2266 806 2262 808 2240 806 2084 793 2082 793 2080 793 2047 806 2038 812 1754 812 1741 806 1708 791 1706 791 1660 791 1658 791 1656 791 1617 806 1601 812 1581 806 1536 793 1535 793 1533 793 1461 802 1313 793 1312 793 1310 793 1284 806 1264 817 1184 817 1157 806 1127 795 1125 795 993 795 991 795 989 795 950 806 912 815 858 806 849 804 847 804 838 806 808 812 792 806 770 797 768 797 766 797 687 804 689 850"/></Shape>
	    <String CONTENT="&lt;..&gt; délibérai .&gt; déjà Sipuis quenge jours, ils avaient pro¬"
                    HPOS="687"
                    VPOS="786"
                    WIDTH="2047"
                    HEIGHT="98"
                    WC="0.9759027908245722"></String>
          </TextLine>
          <TextLine ID="eSc_line_d0d47e21"
                    TAGREFS="LT31"
                    BASELINE="691 924 1111 915 2723 906" 
                    HPOS="689"
                    VPOS="860"
                    WIDTH="2034"
                    HEIGHT="88">
            <Shape><Polygon POINTS="691 924 691 937 871 948 873 948 875 948 921 937 923 935 1183 935 1184 935 1230 946 1232 946 1234 946 1313 933 1323 933 1400 933 2052 941 2054 941 2098 931 2275 939 2277 939 2432 926 2452 926 2471 926 2598 937 2600 937 2721 924 2723 906 2718 863 2629 872 2565 863 2537 860 2535 860 2533 860 2524 863 2485 880 2362 880 2334 863 2329 861 2327 861 2325 861 2275 865 2133 874 2089 865 2069 861 2067 861 2045 865 1966 884 1704 884 1675 872 1673 872 1671 872 1669 872 1641 884 1571 874 1570 874 1507 885 1466 869 1463 867 1461 867 1398 867 1396 867 1395 867 1391 869 1356 887 1291 887 1242 871 1240 871 1238 871 1236 871 1203 889 1087 889 1033 871 1028 869 1026 869 969 869 967 869 965 869 960 871 906 891 855 891 821 872 820 872 689 872 691 924"/></Shape>
	    <String CONTENT="clame leur indépendance, puis imperties hablement fixé"
                    HPOS="689"
                    VPOS="860"
                    WIDTH="2034"
                    HEIGHT="88"
                    WC="0.9861646901678156"></String>
          </TextLine>
          <TextLine ID="eSc_line_7d5e6160"
                    TAGREFS="LT31"
                    BASELINE="687 998 1383 979 2743 985" 
                    HPOS="685"
                    VPOS="930"
                    WIDTH="2058"
                    HEIGHT="81">
            <Shape><Polygon POINTS="687 998 687 1011 1494 996 1977 996 2054 1007 2056 1007 2220 998 2285 1007 2288 1007 2290 1007 2296 1007 2445 994 2478 1005 2480 1005 2482 1007 2742 1007 2743 985 2742 931 2616 930 2614 930 2594 931 2517 944 2489 933 2484 931 2482 931 2371 930 2369 930 2367 930 2355 935 2329 944 2279 937 2277 937 2275 937 2257 946 2110 937 2021 931 2019 931 2017 931 2003 937 1986 946 1885 946 1868 939 1855 933 1853 933 1852 933 1850 933 1833 939 1815 946 1798 941 1776 931 1774 931 1697 931 1695 931 1643 941 1616 946 1584 942 1559 939 1557 939 1529 942 1490 948 1474 942 1444 933 1442 933 1380 933 1378 933 1376 933 1343 944 1330 948 1275 944 1092 933 1090 933 1089 933 1057 948 1054 950 947 950 945 948 923 937 921 937 919 937 862 944 823 933 821 933 820 933 685 950 687 998"/></Shape>
	    <String CONTENT="et introduit dans leur constitution, les limites de leurs Etat"
                    HPOS="685"
                    VPOS="930"
                    WIDTH="2058"
                    HEIGHT="81"
                    WC="0.9879175876417468"></String>
          </TextLine>
          <TextLine ID="eSc_line_fd26e6bf"
                    TAGREFS="LT31"
                    BASELINE="679 1071 1501 1057 2721 1051" 
                    HPOS="678"
                    VPOS="998"
                    WIDTH="2043"
                    HEIGHT="103">
            <Shape><Polygon POINTS="679 1071 679 1101 803 1101 805 1101 858 1084 895 1095 897 1095 899 1095 991 1079 1260 1084 1262 1084 1313 1073 1361 1073 1396 1093 1402 1095 1404 1095 1406 1097 1518 1097 1518 1095 1520 1095 1538 1090 1590 1077 1770 1084 1772 1084 1866 1071 1922 1084 1923 1084 1925 1084 1927 1084 1969 1070 2084 1079 2086 1079 2087 1079 2126 1068 2264 1077 2266 1077 2393 1070 2430 1077 2452 1081 2454 1081 2511 1075 2611 1066 2629 1073 2637 1077 2638 1077 2640 1077 2719 1071 2721 1051 2718 1003 2673 998 2672 998 2670 998 2657 1003 2627 1018 2572 1018 2524 1005 2495 998 2493 998 2491 998 2382 1001 2345 1009 2283 1020 2194 1011 2108 1001 2106 1001 2003 1014 1914 1025 1746 1025 1734 1018 1706 1005 1704 1005 1520 1005 1518 1005 1422 1022 1369 1007 1367 1007 1365 1007 1363 1007 1319 1023 1304 1031 1092 1033 1026 1033 1020 1029 980 1011 978 1011 976 1011 974 1011 932 1025 888 1011 886 1011 884 1011 882 1011 797 1033 792 1033 785 1033 715 1022 713 1022 711 1022 678 1033 679 1071"/></Shape>
	    <String CONTENT="révolutionnaire et excls &lt;..... na&gt; du hône la"
                    HPOS="678"
                    VPOS="998"
                    WIDTH="2043"
                    HEIGHT="103"
                    WC="0.9771035533884297"></String>
          </TextLine>
          <TextLine ID="eSc_line_74b87ad0"
                    TAGREFS="LT31"
                    BASELINE="685 1139 2753 1134" 
                    HPOS="683"
                    VPOS="1079"
                    WIDTH="2070"
                    HEIGHT="88">
            <Shape><Polygon POINTS="685 1139 685 1162 834 1151 1066 1151 1125 1162 1146 1165 1148 1167 1271 1167 1271 1165 1302 1162 1383 1149 1457 1160 1459 1160 1461 1160 1466 1160 1577 1152 1595 1160 1606 1163 1608 1163 1610 1163 1632 1160 1680 1149 1715 1158 1730 1163 1732 1163 1734 1163 1818 1158 1938 1151 2028 1158 2091 1162 2093 1162 2196 1156 2366 1147 2423 1154 2447 1158 2449 1158 2751 1152 2753 1134 2749 1103 2712 1103 2662 1079 2661 1079 2659 1079 2657 1079 2598 1101 2559 1084 2557 1084 2391 1079 2390 1079 2388 1079 2305 1101 2239 1079 2237 1079 2235 1079 2233 1079 2168 1103 2071 1103 2028 1081 2027 1081 2025 1081 2023 1081 1969 1105 1813 1105 1752 1082 1750 1082 1603 1081 1601 1081 1599 1081 1538 1101 1457 1103 1376 1081 1374 1081 1372 1081 1277 1103 1223 1095 1221 1095 1133 1105 1081 1086 1079 1086 1078 1086 1035 1093 974 1082 972 1082 971 1082 908 1105 744 1097 742 1097 683 1106 685 1139"/></Shape>
	    <String CONTENT="maison d&#x27;Orange- Massace. Ils avaient agi, dans leur faiblesse"
                    HPOS="683"
                    VPOS="1079"
                    WIDTH="2070"
                    HEIGHT="88"
                    WC="0.9866799173816558"></String>
          </TextLine>
          <TextLine ID="eSc_line_4e3851ca"
                    TAGREFS="LT31"
                    BASELINE="698 1213 1973 1219 2736 1209" 
                    HPOS="696"
                    VPOS="1158"
                    WIDTH="2040"
                    HEIGHT="83">
            <Shape><Polygon POINTS="698 1213 696 1232 744 1239 746 1239 794 1232 827 1228 867 1232 932 1239 934 1239 936 1239 965 1232 984 1228 1107 1228 1116 1232 1131 1239 1133 1239 1135 1241 1240 1241 1240 1239 1282 1232 1301 1228 1326 1232 1391 1239 1393 1239 1395 1239 1413 1230 1418 1228 1426 1230 1450 1239 1452 1239 1453 1239 1520 1230 1529 1230 1536 1230 1594 1239 1595 1241 2032 1241 2032 1239 2034 1239 2058 1230 2148 1237 2150 1237 2152 1237 2181 1228 2185 1228 2388 1228 2390 1228 2412 1239 2414 1239 2415 1241 2517 1241 2517 1239 2519 1239 2554 1228 2555 1228 2734 1228 2736 1209 2732 1158 2609 1158 2607 1158 2605 1158 2603 1158 2543 1176 2432 1176 2403 1160 2397 1158 2395 1158 2393 1158 2391 1158 2384 1160 2344 1178 2233 1178 2189 1162 2174 1158 2172 1158 2170 1158 2137 1163 2089 1171 2052 1163 2021 1158 2019 1158 2017 1158 2004 1163 1981 1178 1887 1178 1807 1165 1743 1158 1741 1158 1739 1158 1704 1167 1669 1176 1641 1167 1612 1158 1610 1158 1328 1158 1326 1158 1324 1158 1301 1171 1297 1173 1289 1171 1240 1160 1238 1160 1236 1160 1208 1173 1203 1174 1197 1173 1181 1165 1179 1165 1177 1165 1135 1173 1113 1176 1085 1173 961 1158 960 1158 958 1158 904 1174 899 1178 698 1178 698 1213"/></Shape>
	    <String CONTENT="comme l&#x27;avait fait à la fin du XVIIIe siècle, la convention vratio¬"
                    HPOS="696"
                    VPOS="1158"
                    WIDTH="2040"
                    HEIGHT="83"
                    WC="0.9863707072594586"></String>
          </TextLine>
          <TextLine ID="eSc_line_8f3bb083"
                    TAGREFS="LT31"
                    BASELINE="700 1289 2723 1300" 
                    HPOS="698"
                    VPOS="1232"
                    WIDTH="2025"
                    HEIGHT="86">
            <Shape><Polygon POINTS="700 1289 698 1307 2719 1318 2723 1300 2723 1261 2681 1243 2679 1243 2602 1241 2600 1241 2508 1259 2482 1265 2458 1259 2434 1254 2432 1254 2430 1254 2274 1259 2132 1263 2113 1257 2049 1237 2047 1237 1977 1237 1975 1237 1973 1237 1938 1248 1888 1239 1887 1239 1885 1239 1853 1257 1844 1261 1789 1256 1721 1250 1719 1250 1595 1256 1498 1259 1488 1256 1452 1237 1450 1237 1448 1237 1407 1244 1374 1233 1372 1233 1225 1233 1223 1233 1221 1233 1172 1254 1159 1259 1083 1259 1072 1252 1024 1232 1022 1232 1020 1232 884 1241 831 1232 829 1232 827 1232 785 1252 773 1256 700 1252 700 1289"/></Shape>
	    <String CONTENT="nale de France. Leur Conpris semblait se croire &quot;civesti de"
                    HPOS="698"
                    VPOS="1232"
                    WIDTH="2025"
                    HEIGHT="86"
                    WC="0.9891208723440008"></String>
          </TextLine>
          <TextLine ID="eSc_line_d526db23"
                    TAGREFS="LT31"
                    BASELINE="700 1381 845 1373 2718 1373" 
                    HPOS="698"
                    VPOS="1326"
                    WIDTH="2020"
                    HEIGHT="68">
            <Shape><Polygon POINTS="700 1381 700 1392 2714 1394 2718 1373 2716 1346 2620 1326 2498 1326 2496 1326 2410 1342 2399 1344 2386 1342 2299 1329 2297 1329 2296 1329 2270 1342 2264 1346 2178 1346 2161 1340 2097 1326 2095 1326 2093 1326 2049 1340 2036 1344 1981 1340 1901 1333 1899 1333 1898 1333 1896 1333 1887 1338 1877 1344 1835 1338 1804 1335 1802 1335 1769 1338 1713 1344 1700 1338 1678 1326 1676 1326 1675 1326 1599 1337 1549 1346 1266 1346 1236 1335 1210 1326 1208 1326 1207 1326 1170 1333 1122 1346 1081 1346 1057 1333 1043 1326 1041 1326 1039 1326 698 1329 700 1381"/></Shape>
	    <String CONTENT="la dictature européenne&quot;. Avec une autrecnidance naisse"
                    HPOS="698"
                    VPOS="1326"
                    WIDTH="2020"
                    HEIGHT="68"
                    WC="0.981408213485371"></String>
          </TextLine>
          <TextLine ID="eSc_line_67ad73d4"
                    TAGREFS="LT31"
                    BASELINE="705 1458 2708 1454" 
                    HPOS="703"
                    VPOS="1397"
                    WIDTH="2005"
                    HEIGHT="96">
            <Shape><Polygon POINTS="1035 1418 1017 1418 998 1418 991 1418 980 1423 880 1423 867 1418 851 1418 832 1418 825 1401 818 1399 816 1399 746 1399 744 1399 742 1399 703 1414 705 1458 705 1473 770 1473 773 1473 821 1491 823 1491 825 1493 915 1493 915 1491 917 1491 945 1480 1083 1491 1085 1491 1160 1473 1168 1473 1179 1473 1260 1484 1262 1484 1343 1473 1354 1473 1356 1473 1391 1491 1393 1491 1395 1491 1488 1480 1581 1491 1582 1491 1658 1473 1665 1473 1724 1473 1728 1473 1769 1489 1770 1489 1772 1489 1846 1473 1863 1471 2266 1473 2296 1489 2297 1489 2299 1489 2707 1473 2708 1454 2705 1405 2485 1397 2484 1397 2482 1397 2458 1405 2406 1423 2279 1423 2248 1407 2229 1397 2227 1397 2226 1397 2130 1401 2128 1401 2115 1407 2087 1423 1960 1423 1927 1408 1903 1399 1901 1399 1831 1397 1829 1397 1828 1397 1787 1408 1756 1418 1721 1410 1713 1408 1711 1408 1710 1408 1706 1410 1669 1421 1630 1410 1623 1408 1621 1408 1619 1408 1617 1408 1614 1410 1586 1425 1498 1425 1470 1410 1442 1399 1441 1399 1354 1399 1352 1399 1350 1399 1308 1412 1304 1412 1299 1412 1216 1399 1214 1399 1212 1399 1179 1412 1151 1425 1057 1425 1039 1418 1035 1418"/></Shape>
	    <String CONTENT="il &lt;.....&gt; que tous les peuples confondaient leurs applandis¬"
                    HPOS="703"
                    VPOS="1397"
                    WIDTH="2005"
                    HEIGHT="96"
                    WC="0.9625203032962611"></String>
          </TextLine>
          <TextLine ID="eSc_line_9af05209"
                    TAGREFS="LT34"
                    BASELINE="827 1416 1118 1416" 
                    HPOS="827"
                    VPOS="1381"
                    WIDTH="291"
                    HEIGHT="55">
            <Shape><Polygon POINTS="827 1436 1118 1436 1118 1416 1116 1381 827 1383 827 1416"/></Shape>
	    <String CONTENT="1. Iniagigiait"
                    HPOS="827"
                    VPOS="1381"
                    WIDTH="291"
                    HEIGHT="55"
                    WC="0.9994229546615055"></String>
          </TextLine>
          <TextLine ID="eSc_line_ee8463e9"
                    TAGREFS="LT31"
                    BASELINE="698 1539 2714 1535" 
                    HPOS="696"
                    VPOS="1488"
                    WIDTH="2018"
                    HEIGHT="79">
            <Shape><Polygon POINTS="698 1539 698 1558 1562 1567 1564 1567 1566 1567 1594 1558 1606 1554 1680 1558 1783 1563 1785 1563 1870 1558 1901 1556 1907 1558 1925 1565 1927 1565 1929 1565 1988 1558 2028 1552 2051 1558 2080 1565 2082 1565 2084 1567 2222 1567 2222 1565 2224 1565 2240 1558 2251 1552 2305 1558 2371 1563 2373 1563 2445 1558 2504 1552 2710 1556 2714 1535 2710 1499 2631 1488 2629 1488 2627 1488 2607 1499 2590 1508 2426 1508 2386 1499 2321 1488 2320 1488 2318 1488 2296 1499 2281 1508 2244 1508 2207 1500 2150 1489 2032 1488 2030 1488 2028 1488 1988 1500 1968 1508 1859 1508 1848 1500 1839 1497 1837 1497 1835 1497 1811 1500 1787 1506 1765 1500 1706 1488 1704 1488 1544 1489 1542 1489 1511 1502 1496 1508 1448 1502 1367 1493 1365 1493 1323 1502 1299 1508 1234 1502 1170 1499 1168 1499 1101 1504 1048 1508 1026 1504 958 1489 956 1489 954 1489 926 1504 917 1510 799 1510 786 1504 751 1495 750 1495 748 1495 696 1504 698 1539"/></Shape>
	    <String CONTENT="sements avec ceux que lui donnaient les republicains de"
                    HPOS="696"
                    VPOS="1488"
                    WIDTH="2018"
                    HEIGHT="79"
                    WC="0.9997403101487593"></String>
          </TextLine>
          <TextLine ID="eSc_line_bc5183d6"
                    TAGREFS="LT31"
                    BASELINE="705 1626 2719 1604" 
                    HPOS="703"
                    VPOS="1545"
                    WIDTH="2016"
                    HEIGHT="108">
            <Shape><Polygon POINTS="705 1626 705 1642 958 1648 960 1648 1030 1642 1068 1639 1081 1642 1116 1651 1118 1651 1120 1653 1207 1653 1207 1651 1269 1640 1284 1639 1301 1640 1372 1650 1374 1650 1418 1640 1442 1635 1466 1639 1501 1646 1503 1646 1643 1639 1785 1631 1831 1639 1877 1644 1879 1644 2180 1637 2683 1622 2714 1633 2719 1604 2716 1547 2609 1545 2607 1545 2605 1545 2600 1547 2557 1569 2487 1552 2485 1552 2380 1572 2274 1550 2262 1548 2261 1548 2259 1548 2255 1550 2209 1576 2119 1576 2067 1561 2065 1561 2063 1561 2062 1561 2060 1561 2034 1578 1955 1578 1892 1556 1890 1556 1888 1556 1783 1576 1737 1559 1735 1559 1734 1559 1676 1561 1675 1561 1627 1581 1372 1585 1334 1585 1284 1559 1282 1559 1280 1559 1278 1559 936 1563 934 1563 932 1563 890 1581 862 1570 860 1570 703 1567 705 1626"/></Shape>
	    <String CONTENT="Paris. Tout à fait ignorant &lt;.d. ........&gt; des réalités de la"
                    HPOS="703"
                    VPOS="1545"
                    WIDTH="2016"
                    HEIGHT="108"
                    WC="0.9796717138059677"></String>
          </TextLine>
          <TextLine ID="eSc_line_efb4dbc6"
                    TAGREFS="LT31"
                    BASELINE="705 1707 1242 1694 2719 1685" 
                    HPOS="703"
                    VPOS="1635"
                    WIDTH="2016"
                    HEIGHT="96">
            <Shape><Polygon POINTS="705 1707 705 1731 864 1718 908 1729 912 1729 914 1729 915 1729 917 1729 919 1729 943 1714 1114 1714 1135 1725 1137 1725 1138 1725 1140 1725 1142 1725 1144 1725 1166 1710 1400 1710 1418 1720 1426 1723 1428 1723 1430 1723 1431 1723 1441 1720 1463 1710 1575 1710 1599 1716 1616 1721 1617 1721 1619 1721 1770 1714 1883 1709 1909 1712 1964 1720 1966 1720 2148 1709 2202 1705 2215 1707 2253 1714 2255 1714 2257 1714 2277 1705 2281 1705 2285 1705 2321 1716 2323 1716 2325 1718 2463 1718 2463 1716 2465 1716 2513 1701 2515 1701 2517 1701 2539 1714 2541 1714 2543 1716 2614 1716 2614 1714 2718 1698 2719 1685 2718 1644 2692 1637 2690 1637 2688 1637 2686 1637 2659 1644 2622 1653 2589 1644 2557 1635 2555 1635 2478 1635 2476 1635 2474 1635 2434 1646 2406 1651 2270 1648 2268 1648 2266 1648 2244 1657 2200 1646 2163 1639 2161 1639 2159 1639 2137 1648 2111 1659 1796 1661 1745 1650 1710 1642 1708 1642 1706 1642 1691 1650 1669 1663 1566 1663 1452 1651 1374 1644 1372 1644 1371 1644 1350 1651 1321 1666 1190 1666 1107 1653 1061 1648 1059 1648 1057 1648 1046 1653 1028 1664 925 1668 901 1655 890 1650 888 1650 886 1650 703 1655 705 1707"/></Shape>
	    <String CONTENT="politique êtr angere, il se croyait assure en tous cas de l&#x27;oppèis"
                    HPOS="703"
                    VPOS="1635"
                    WIDTH="2016"
                    HEIGHT="96"
                    WC="0.9862519665197893"></String>
          </TextLine>
          <TextLine ID="eSc_line_99e9bd8c"
                    TAGREFS="LT31"
                    BASELINE="696 1797 1019 1779 1372 1771 2719 1766" 
                    HPOS="694"
                    VPOS="1712"
                    WIDTH="2025"
                    HEIGHT="96">
            <Shape><Polygon POINTS="696 1797 696 1808 899 1808 899 1806 901 1806 906 1804 939 1791 1030 1802 1052 1804 1054 1804 1079 1801 1172 1790 1313 1799 1393 1802 1395 1802 1396 1802 1409 1797 1428 1788 1673 1793 1802 1795 1804 1795 1833 1790 1874 1784 1922 1790 1962 1793 1964 1793 1995 1788 2019 1784 2032 1788 2062 1797 2063 1797 2065 1797 2268 1786 2478 1793 2480 1793 2482 1793 2515 1784 2574 1793 2576 1793 2719 1777 2719 1766 2716 1712 2649 1712 2648 1712 2646 1712 2644 1712 2613 1727 2557 1714 2554 1714 2552 1714 2550 1714 2548 1714 2471 1736 2382 1736 2310 1720 2294 1716 2292 1716 2290 1716 2277 1720 2224 1736 2194 1727 2192 1727 2191 1727 2100 1740 1977 1740 1955 1729 1953 1729 1951 1729 1949 1729 1923 1738 1874 1727 1839 1720 1717 1720 1715 1720 1713 1720 1689 1731 1675 1736 1647 1731 1595 1721 1439 1721 1437 1721 1435 1721 1398 1736 1376 1745 1337 1745 1319 1736 1286 1723 1284 1723 1282 1723 1280 1723 1253 1738 1243 1744 1162 1745 1137 1740 1114 1736 1113 1736 972 1744 890 1747 882 1745 836 1727 834 1727 832 1727 831 1727 786 1740 751 1731 750 1731 748 1731 746 1731 694 1745 696 1797"/></Shape>
	    <String CONTENT="de la France ; il comptait sur elle comme si elle avait été"
                    HPOS="694"
                    VPOS="1712"
                    WIDTH="2025"
                    HEIGHT="96"
                    WC="0.9977516047025131"></String>
          </TextLine>
          <TextLine ID="eSc_line_6416408a"
                    TAGREFS="LT31"
                    BASELINE="703 1867 1660 1854 2731 1850" 
                    HPOS="702"
                    VPOS="1790"
                    WIDTH="2029"
                    HEIGHT="112">
            <Shape><Polygon POINTS="703 1867 703 1902 816 1900 818 1900 856 1887 915 1895 917 1895 919 1895 952 1884 1094 1898 1105 1898 1107 1898 1109 1898 1113 1898 1172 1876 1260 1896 1267 1896 1269 1898 1347 1898 1347 1896 1348 1896 1356 1895 1424 1872 1629 1876 1630 1876 1680 1867 1730 1867 1794 1889 1805 1893 1807 1893 1809 1893 1887 1891 1888 1891 1896 1887 1927 1871 2098 1884 2100 1884 2178 1869 2240 1878 2242 1878 2428 1861 2487 1871 2489 1871 2659 1861 2727 1876 2731 1850 2727 1815 2644 1801 2642 1801 2640 1801 2613 1810 2561 1790 2559 1790 2423 1790 2421 1790 2419 1790 2388 1804 2159 1791 2157 1791 2156 1791 2108 1815 2097 1821 2032 1815 1977 1812 1975 1812 1918 1815 1835 1823 1802 1815 1704 1795 1702 1795 1512 1797 1511 1797 1468 1817 1452 1825 1398 1817 1278 1799 1277 1799 1199 1817 1153 1828 1122 1817 1114 1815 1113 1815 1111 1815 1109 1815 1101 1817 1066 1830 934 1830 702 1819 703 1867"/></Shape>
	    <String CONTENT="gouvernce par le général Lamarque au Rieu de l&#x27;être par"
                    HPOS="702"
                    VPOS="1790"
                    WIDTH="2029"
                    HEIGHT="112"
                    WC="0.9965077638626099"></String>
          </TextLine>
          <TextLine ID="eSc_line_0c1ef3aa"
                    TAGREFS="LT34"
                    BASELINE="2513 1887 2725 1889" 
                    HPOS="2511"
                    VPOS="1852"
                    WIDTH="214"
                    HEIGHT="61">
            <Shape><Polygon POINTS="2511 1900 2517 1906 2517 1907 2519 1907 2520 1907 2522 1907 2622 1900 2631 1900 2633 1900 2644 1911 2644 1913 2646 1913 2648 1913 2649 1913 2723 1904 2725 1889 2723 1861 2513 1852 2513 1887"/></Shape>
	    <String CONTENT="ces Belges"
                    HPOS="2511"
                    VPOS="1852"
                    WIDTH="214"
                    HEIGHT="61"
                    WC="0.9968583047389984"></String>
          </TextLine>
          <TextLine ID="eSc_line_0d580b6f"
                    TAGREFS="LT31"
                    BASELINE="711 1959 1586 1935 2506 1930 2745 1937" 
                    HPOS="709"
                    VPOS="1871"
                    WIDTH="2036"
                    HEIGHT="116">
            <Shape><Polygon POINTS="2681 1889 2662 1889 2644 1889 2625 1889 2607 1889 2589 1889 2570 1889 2552 1889 2548 1889 2469 1896 2456 1896 2454 1896 2379 1871 2377 1871 2375 1871 2373 1871 2285 1896 2207 1889 2205 1889 2139 1900 2115 1887 2113 1887 2004 1876 2003 1876 2001 1876 1918 1904 1918 1906 1905 1906 1879 1906 1772 1880 1770 1880 1769 1880 1693 1907 1601 1882 1599 1882 1597 1882 1520 1884 1518 1884 1487 1896 1407 1885 1406 1885 1404 1885 1330 1911 1219 1887 1218 1887 1216 1887 1168 1909 1094 1913 1043 1891 1041 1891 965 1891 963 1891 891 1896 890 1896 834 1920 834 1922 709 1922 711 1959 711 1983 998 1965 1033 1979 1044 1985 1046 1985 1048 1987 1089 1987 1089 1985 1090 1985 1103 1979 1140 1963 1312 1974 1313 1974 1315 1974 1347 1959 1453 1959 1518 1974 1535 1977 1536 1977 1538 1977 1549 1974 1605 1954 1732 1954 1826 1970 1846 1974 1848 1974 1870 1970 1977 1950 2082 1968 2100 1970 2102 1970 2167 1968 2168 1968 2174 1966 2231 1946 2297 1965 2303 1966 2305 1966 2307 1966 2401 1965 2403 1965 2406 1965 2458 1946 2508 1963 2509 1963 2511 1963 2513 1963 2517 1963 2574 1950 2742 1959 2745 1937 2743 1893 2690 1889 2681 1889"/></Shape>
	    <String CONTENT="Lanis-Philippe. Pour les diplomates qui les voyment faire, &lt;. n&#x27;é¬"
                    HPOS="709"
                    VPOS="1871"
                    WIDTH="2036"
                    HEIGHT="116"
                    WC="0.9803524254397913"></String>
          </TextLine>
          <TextLine ID="eSc_line_e1395cfd"
                    TAGREFS="LT31"
                    BASELINE="672 2035 1636 2012 2756 2011" 
                    HPOS="670"
                    VPOS="1952"
                    WIDTH="2086"
                    HEIGHT="110">
            <Shape><Polygon POINTS="672 2035 672 2058 777 2046 825 2057 838 2060 840 2060 842 2062 989 2062 989 2060 991 2060 1004 2055 1024 2046 1137 2040 1170 2051 1172 2051 1173 2051 1175 2051 1208 2036 1301 2047 1302 2047 1400 2033 1719 2031 1807 2044 1809 2044 1811 2044 1840 2031 1901 2042 1903 2042 2038 2029 2089 2042 2111 2047 2113 2047 2115 2049 2192 2049 2192 2047 2194 2047 2220 2040 2242 2035 2303 2040 2323 2040 2325 2040 2334 2038 2380 2029 2445 2038 2495 2044 2496 2044 2754 2033 2756 2011 2751 1972 2579 1972 2574 1972 2511 1952 2509 1952 2395 1952 2393 1952 2391 1952 2336 1972 2327 1974 2297 1972 2239 1965 2237 1965 2161 1972 2106 1976 2086 1972 2030 1957 2028 1957 2027 1957 2025 1957 1993 1972 1982 1977 1835 1981 1759 1972 1734 1968 1732 1968 1730 1968 1721 1972 1700 1977 1678 1972 1645 1961 1643 1961 1641 1961 1640 1961 1619 1972 1594 1985 1514 1985 1483 1972 1465 1963 1463 1963 1400 1963 1398 1963 1396 1963 1372 1972 1367 1972 1347 1972 1260 1965 1258 1965 1256 1965 1243 1972 1214 1987 1164 1972 1155 1968 1153 1968 1151 1968 1149 1968 1142 1972 1101 1990 1013 1990 908 1972 899 1970 897 1970 895 1970 891 1972 834 1992 746 1972 738 1970 737 1970 670 1970 672 2035"/></Shape>
	    <String CONTENT="taient que des bronillons, des noirus, des égnorants dingereux"
                    HPOS="670"
                    VPOS="1952"
                    WIDTH="2086"
                    HEIGHT="110"
                    WC="0.9795378187010365"></String>
          </TextLine>
          <TextLine ID="eSc_line_e7efa89d"
                    TAGREFS="LT31"
                    BASELINE="706 2124 731 2121 1623 2095 2743 2092" 
                    HPOS="701"
                    VPOS="2027"
                    WIDTH="2042"
                    HEIGHT="135">
            <Shape><Polygon POINTS="713 2073 716 2073 781 2081 845 2066 849 2066 939 2088 1017 2070 1019 2070 1094 2079 1172 2057 1173 2057 1313 2053 1315 2053 1496 2073 1665 2044 1875 2038 1879 2038 1971 2062 1981 2064 1990 2060 2045 2040 2049 2040 2216 2047 2297 2027 2303 2027 2380 2049 2425 2060 2668 2055 2736 2038 2743 2092 2743 2114 2419 2123 2415 2123 2351 2106 2097 2105 2006 2121 2004 2121 1761 2108 1743 2117 1483 2117 1442 2128 1437 2128 1398 2117 1266 2132 1264 2132 1113 2125 1022 2128 952 2162 945 2162 764 2136 708 2143 701 2077"/></Shape>
	    <String CONTENT="&lt;.. .....  ...... ..... ... .... ... ..&gt;"
                    HPOS="701"
                    VPOS="2027"
                    WIDTH="2042"
                    HEIGHT="135"
                    WC="0.8302313432097435"></String>
          </TextLine>
          <TextLine ID="eSc_line_b7c820b8"
                    TAGREFS="LT34"
                    BASELINE="1242 2143 2205 2130" 
                    HPOS="1240"
                    VPOS="2105"
                    WIDTH="811"
                    HEIGHT="60">
            <Shape><Polygon POINTS="1242 2165 2049 2147 2051 2130 2047 2106 1470 2105 1468 2105 1240 2117 1242 2143"/></Shape>
	    <String CONTENT="&lt;..... &gt;"
                    HPOS="1240"
                    VPOS="2105"
                    WIDTH="811"
                    HEIGHT="60"
                    WC="0.8890456929802895"></String>
          </TextLine>
          <TextLine ID="eSc_line_8aa8d140"
                    TAGREFS="LT31"
                    BASELINE="702 2202 1151 2182 1892 2169 2747 2173" 
                    HPOS="700"
                    VPOS="2121"
                    WIDTH="2047"
                    HEIGHT="98">
            <Shape><Polygon POINTS="1474 2140 1468 2140 1465 2141 1441 2151 1201 2152 1183 2145 1157 2136 1155 2136 1153 2136 1151 2136 1120 2147 1109 2152 1028 2156 910 2156 893 2151 851 2140 849 2140 847 2140 700 2152 702 2202 702 2219 919 2208 967 2215 971 2215 972 2215 978 2215 1118 2198 1208 2211 1227 2213 1229 2213 1262 2211 1417 2195 1535 2206 1577 2210 1579 2210 1581 2210 1595 2206 1629 2195 1658 2204 1671 2208 1673 2208 1675 2208 1676 2208 1691 2204 1726 2193 1769 2202 1789 2206 1791 2206 1793 2206 1802 2202 1826 2189 1957 2189 2025 2198 2073 2204 2074 2204 2076 2204 2089 2197 2102 2189 2185 2187 2200 2195 2213 2202 2215 2202 2216 2204 2275 2204 2275 2202 2277 2202 2297 2193 2316 2184 2515 2184 2557 2189 2620 2198 2622 2198 2624 2198 2625 2198 2642 2187 2644 2187 2648 2187 2686 2197 2688 2197 2745 2186 2747 2173 2745 2123 2640 2123 2638 2123 2637 2123 2633 2123 2583 2138 2526 2125 2504 2121 2502 2121 2235 2125 2200 2130 2135 2141 2093 2132 2067 2127 2065 2127 2063 2127 2049 2132 2027 2141 1859 2136 1842 2136 1840 2136 1839 2136 1837 2136 1813 2145 1623 2140 1606 2140 1605 2140 1599 2140 1538 2149 1509 2141 1501 2140 1492 2140"/></Shape>
	    <String CONTENT="e &lt;...... &lt;....... ...... ...... ...&gt;"
                    HPOS="700"
                    VPOS="2121"
                    WIDTH="2047"
                    HEIGHT="98"
                    WC="0.9470418997713037"></String>
          </TextLine>
          <TextLine ID="eSc_line_afc88b52"
                    TAGREFS="LT31"
                    BASELINE="713 2276 715 2276 2049 2248 2747 2252" 
                    HPOS="709"
                    VPOS="2186"
                    WIDTH="2038"
                    HEIGHT="127">
            <Shape><Polygon POINTS="740 2228 1068 2221 1072 2221 1142 2243 1258 2222 1260 2222 1411 2239 1529 2219 1533 2219 1562 2230 1700 2202 1702 2202 1765 2210 1813 2200 1815 2200 1955 2228 1966 2228 2032 2217 2034 2217 2139 2222 2143 2222 2198 2200 2202 2200 2362 2211 2463 2186 2469 2186 2520 2204 2602 2195 2603 2195 2743 2208 2747 2252 2743 2270 2583 2261 2543 2268 2541 2268 2491 2257 2461 2270 2458 2270 2410 2261 2091 2265 1986 2292 1966 2292 1778 2283 1645 2302 1629 2302 1365 2281 1229 2313 1221 2313 1118 2289 715 2297 709 2232"/></Shape>
	    <String CONTENT="&lt;...... ... .. ...t.smqui..t .v &lt;... ...&gt;"
                    HPOS="709"
                    VPOS="2186"
                    WIDTH="2038"
                    HEIGHT="127"
                    WC="0.9132260491208333"></String>
          </TextLine>
          <TextLine ID="eSc_line_0c698642"
                    TAGREFS="LT31"
                    BASELINE="696 2353 2716 2324" 
                    HPOS="694"
                    VPOS="2274"
                    WIDTH="2022"
                    HEIGHT="110">
            <Shape><Polygon POINTS="696 2353 696 2384 879 2383 880 2383 882 2383 934 2366 963 2377 965 2377 967 2377 1090 2361 1247 2361 1273 2370 1275 2370 1277 2370 1278 2370 1326 2359 1503 2359 1568 2372 1570 2372 1571 2372 1601 2357 1798 2366 1800 2366 1802 2366 1857 2351 2052 2366 2071 2366 2073 2366 2097 2364 2351 2344 2415 2355 2417 2355 2419 2355 2465 2344 2496 2359 2498 2359 2500 2361 2557 2361 2557 2359 2559 2359 2563 2359 2613 2340 2714 2355 2716 2324 2710 2283 2541 2296 2498 2287 2447 2274 2338 2274 2336 2274 2334 2274 2303 2291 2297 2292 2279 2291 2240 2285 2239 2285 2237 2285 2215 2291 2185 2300 2154 2292 2121 2285 2119 2285 2117 2285 2082 2294 2041 2305 1872 2305 1846 2298 1839 2296 1837 2296 1835 2296 1833 2296 1828 2298 1809 2309 1697 2309 1535 2307 1531 2303 1492 2287 1490 2287 1488 2287 1289 2291 1197 2307 1159 2292 1157 2292 1074 2292 1072 2292 1070 2292 996 2314 978 2318 910 2314 744 2307 742 2307 740 2307 694 2318 696 2353"/></Shape>
	    <String CONTENT="&lt;...... . . .. &lt;."
                    HPOS="694"
                    VPOS="2274"
                    WIDTH="2022"
                    HEIGHT="110"
                    WC="0.88922798984191"></String>
          </TextLine>
          <TextLine ID="eSc_line_479d0647"
                    TAGREFS="LT31"
                    BASELINE="687 2431 1173 2421" 
                    HPOS="685"
                    VPOS="2373"
                    WIDTH="488"
                    HEIGHT="91">
            <Shape><Polygon POINTS="689 2464 746 2438 790 2438 823 2454 834 2460 836 2460 838 2462 880 2462 880 2460 958 2445 995 2438 1011 2442 1050 2449 1052 2449 1173 2429 1173 2421 1168 2384 1059 2386 1050 2386 976 2373 974 2373 972 2373 971 2373 954 2384 901 2375 899 2375 897 2375 866 2390 862 2390 856 2390 805 2381 803 2381 801 2381 775 2392 772 2394 685 2394 687 2431"/></Shape>
	    <String CONTENT="&lt;.........&gt;"
                    HPOS="685"
                    VPOS="2373"
                    WIDTH="488"
                    HEIGHT="91"
                    WC="0.9694316820664839"></String>
          </TextLine>
          <TextLine ID="eSc_line_672ac603"
                    TAGREFS="LT31"
                    BASELINE="711 2519 1459 2500 2714 2493" 
                    HPOS="709"
                    VPOS="2438"
                    WIDTH="2005"
                    HEIGHT="107">
            <Shape><Polygon POINTS="711 2519 711 2539 873 2545 875 2545 936 2537 1065 2521 1160 2530 1162 2530 1280 2519 1310 2534 1319 2537 1321 2537 1365 2539 1367 2539 1369 2539 1383 2532 1402 2523 1566 2515 1772 2517 1802 2526 1824 2534 1826 2534 1828 2534 1944 2532 1977 2524 2038 2512 2097 2512 2126 2523 2133 2526 2135 2526 2137 2526 2167 2523 2259 2510 2316 2521 2353 2528 2355 2528 2447 2519 2548 2510 2710 2515 2714 2493 2708 2458 2520 2458 2517 2456 2476 2438 2474 2438 2347 2438 2345 2438 2344 2438 2286 2456 2277 2460 2270 2456 2235 2440 2233 2440 2231 2440 2130 2449 2076 2440 2074 2440 1982 2456 1979 2456 1971 2456 1813 2443 1811 2443 1809 2443 1783 2456 1763 2467 1689 2467 1665 2456 1651 2449 1649 2449 1566 2445 1564 2445 1562 2445 1540 2456 1514 2469 1450 2456 1402 2447 1400 2447 1304 2449 1302 2449 1278 2456 1218 2473 1072 2465 1070 2465 1068 2465 1046 2477 866 2477 820 2456 816 2454 814 2454 812 2454 709 2454 711 2519"/></Shape>
	    <String CONTENT="Ce qui a sauvé la révolution belge de la catastrophe oi ce"
                    HPOS="709"
                    VPOS="2438"
                    WIDTH="2005"
                    HEIGHT="107"
                    WC="0.9983477037528465"></String>
          </TextLine>
          <TextLine ID="eSc_line_2b909928"
                    TAGREFS="LT31"
                    BASELINE="692 2602 1201 2587 2701 2572" 
                    HPOS="691"
                    VPOS="2521"
                    WIDTH="2010"
                    HEIGHT="108">
            <Shape><Polygon POINTS="692 2602 692 2629 768 2628 770 2628 803 2613 879 2618 880 2618 882 2618 914 2607 1133 2624 1149 2624 1151 2624 1153 2624 1159 2624 1203 2611 1230 2622 1232 2622 1234 2622 1236 2622 1242 2622 1326 2600 1656 2600 1708 2615 1717 2617 1719 2617 1721 2617 1723 2617 1730 2615 1765 2600 1866 2611 1868 2611 2003 2594 2128 2607 2165 2611 2167 2611 2229 2605 2430 2589 2539 2589 2561 2602 2572 2605 2574 2605 2576 2607 2635 2607 2635 2605 2637 2605 2649 2600 2668 2591 2697 2598 2701 2572 2697 2541 2563 2521 2561 2521 2559 2521 2502 2541 2393 2524 2391 2524 2239 2543 2203 2526 2202 2526 2119 2526 2117 2526 2012 2548 1874 2548 1730 2550 1691 2532 1689 2532 1652 2532 1651 2532 1649 2532 1608 2550 1573 2534 1571 2534 1509 2534 1507 2534 1505 2534 1468 2554 1465 2556 1415 2556 1415 2554 1363 2535 1361 2535 1359 2535 1278 2537 1277 2537 1221 2556 1140 2539 1138 2539 1059 2550 1002 2539 1000 2539 998 2539 956 2559 954 2559 952 2559 882 2545 880 2545 879 2545 840 2561 836 2561 825 2561 744 2552 742 2552 691 2561 692 2602"/></Shape>
	    <String CONTENT="sintré la Révolution brabanconne c&#x27;est qu&#x27;elle s&#x27;est ap¬"
                    HPOS="691"
                    VPOS="2521"
                    WIDTH="2010"
                    HEIGHT="108"
                    WC="0.9923697763255664"></String>
          </TextLine>
          <TextLine ID="eSc_line_3988eaaa"
                    TAGREFS="LT31"
                    BASELINE="689 2675 1417 2657 2692 2644" 
                    HPOS="687"
                    VPOS="2594"
                    WIDTH="2005"
                    HEIGHT="111">
            <Shape><Polygon POINTS="689 2675 689 2705 797 2703 799 2703 801 2703 823 2688 851 2701 853 2701 855 2703 954 2703 954 2701 1017 2699 1019 2699 1026 2698 1066 2681 1430 2674 1453 2683 1455 2683 1457 2683 1459 2683 1488 2672 1630 2677 1638 2681 1658 2690 1660 2690 1662 2690 1710 2679 1752 2670 1964 2670 1973 2672 2012 2686 2014 2686 2016 2686 2111 2670 2122 2668 2133 2668 2281 2683 2283 2683 2285 2683 2362 2663 2366 2663 2377 2663 2572 2672 2574 2672 2690 2653 2692 2644 2690 2609 2648 2594 2646 2594 2644 2594 2557 2611 2522 2617 2493 2611 2421 2598 2419 2598 2417 2598 2388 2613 2375 2620 2224 2620 2205 2617 2163 2604 2161 2604 2159 2604 2084 2617 2017 2602 2016 2602 1885 2620 1842 2626 1789 2622 1619 2607 1617 2607 1516 2626 1483 2631 1470 2626 1433 2611 1431 2611 1352 2611 1350 2611 1227 2613 1225 2613 1177 2631 1164 2637 687 2637 689 2675"/></Shape>
	    <String CONTENT="puyec jusqu&#x27;au bout sur cette union des partis qui l&#x27;avait"
                    HPOS="687"
                    VPOS="2594"
                    WIDTH="2005"
                    HEIGHT="111"
                    WC="0.9924066580575088"></String>
          </TextLine>
          <TextLine ID="eSc_line_c9c06616"
                    TAGREFS="LT31"
                    BASELINE="670 2753 1065 2738 1647 2731 2742 2734" 
                    HPOS="668"
                    VPOS="2679"
                    WIDTH="2074"
                    HEIGHT="90">
            <Shape><Polygon POINTS="670 2753 670 2769 985 2769 985 2768 987 2768 989 2768 1019 2751 1183 2749 1234 2766 1236 2766 1238 2766 1297 2766 1354 2764 1356 2764 1406 2751 1448 2762 1450 2762 1452 2762 1700 2747 1853 2747 1892 2764 1896 2764 1898 2764 1899 2764 1916 2762 2073 2747 2174 2747 2231 2762 2235 2762 2237 2762 2239 2762 2240 2762 2242 2762 2270 2747 2323 2756 2325 2756 2327 2756 2349 2745 2473 2760 2491 2762 2493 2762 2506 2760 2576 2747 2740 2758 2742 2734 2738 2699 2684 2699 2679 2699 2602 2679 2600 2679 2598 2679 2596 2679 2539 2694 2482 2686 2480 2686 2478 2686 2434 2699 2432 2699 2356 2685 2355 2685 2353 2685 2310 2701 2307 2701 2205 2701 2150 2701 2111 2701 2076 2683 2074 2683 1969 2681 1968 2681 1966 2681 1927 2699 1883 2681 1881 2681 1735 2681 1734 2681 1732 2681 1693 2694 1667 2683 1665 2683 1531 2683 1529 2683 1527 2683 1488 2703 1389 2703 1350 2683 1348 2683 1347 2683 1247 2696 1183 2683 1181 2683 1179 2683 1105 2705 1006 2694 1004 2694 949 2705 847 2698 845 2698 668 2707 670 2753"/></Shape>
	    <String CONTENT="rendue possible. Prännale.t lu dépit des cuppendences, ces in¬"
                    HPOS="668"
                    VPOS="2679"
                    WIDTH="2074"
                    HEIGHT="90"
                    WC="0.9701376653486683"></String>
          </TextLine>
          <TextLine ID="eSc_line_2dab9a1f"
                    TAGREFS="LT34"
                    BASELINE="2167 2768 2434 2764" 
                    HPOS="2165"
                    VPOS="2742"
                    WIDTH="269"
                    HEIGHT="38">
            <Shape><Polygon POINTS="2167 2780 2432 2777 2434 2764 2428 2742 2165 2744 2167 2768"/></Shape>
	    <String CONTENT="la idi"
                    HPOS="2165"
                    VPOS="2742"
                    WIDTH="269"
                    HEIGHT="38"
                    WC="0.99990380803744"></String>
          </TextLine>
          <TextLine ID="eSc_line_22c0279c"
                    TAGREFS="LT31"
                    BASELINE="679 2828 1848 2803 2751 2803" 
                    HPOS="678"
                    VPOS="2747"
                    WIDTH="2073"
                    HEIGHT="105">
            <Shape><Polygon POINTS="2428 2766 2410 2766 2399 2766 2356 2771 2301 2766 2299 2766 2281 2768 2262 2768 2244 2768 2226 2768 2207 2768 2192 2768 2017 2775 1938 2766 1879 2758 1877 2758 1680 2762 1678 2762 1654 2771 1638 2779 1603 2773 1544 2764 1542 2764 1540 2764 1500 2775 1466 2784 1422 2777 1347 2766 1345 2766 1343 2766 1312 2780 1297 2786 1284 2780 1251 2768 1249 2768 1247 2768 1186 2769 1184 2769 1149 2784 1138 2788 1079 2786 1015 2782 1013 2782 855 2790 790 2793 785 2791 737 2775 735 2775 733 2775 731 2775 678 2793 679 2828 679 2849 856 2852 858 2852 860 2852 871 2847 886 2839 1068 2841 1070 2841 1072 2841 1118 2830 1190 2841 1223 2847 1225 2847 1227 2847 1238 2841 1260 2828 1371 2826 1599 2834 1601 2834 1758 2821 1809 2832 1840 2839 1842 2839 1844 2839 1872 2832 1914 2817 2062 2817 2097 2828 2098 2828 2100 2828 2102 2828 2110 2828 2168 2819 2185 2826 2202 2834 2203 2834 2205 2834 2751 2817 2751 2803 2749 2747 2701 2747 2699 2747 2697 2747 2696 2747 2644 2768 2559 2751 2546 2749 2544 2749 2517 2751 2430 2760 2428 2766"/></Shape>
	    <String CONTENT="temperances et des bravades, elle a fermis à &lt;...... . .....&gt;"
                    HPOS="678"
                    VPOS="2747"
                    WIDTH="2073"
                    HEIGHT="105"
                    WC="0.9746931329850228"></String>
          </TextLine>
          <TextLine ID="eSc_line_716e31ae"
                    TAGREFS="LT31"
                    BASELINE="689 2898 2274 2873 2742 2873" 
                    HPOS="687"
                    VPOS="2814"
                    WIDTH="2055"
                    HEIGHT="105">
            <Shape><Polygon POINTS="689 2898 689 2917 849 2907 899 2915 926 2919 928 2919 930 2919 945 2915 974 2906 995 2913 1008 2919 1009 2919 1011 2919 1063 2913 1142 2904 1170 2911 1175 2913 1177 2913 1179 2913 1181 2913 1188 2911 1219 2902 1258 2911 1266 2911 1267 2911 1278 2909 1330 2902 1345 2909 1363 2919 1365 2919 1367 2919 1531 2917 1533 2917 1559 2907 1575 2900 1665 2906 1793 2913 1794 2913 1796 2913 1820 2904 1842 2895 1982 2902 2043 2904 2045 2904 2047 2904 2054 2900 2078 2889 2104 2900 2106 2900 2108 2900 2110 2900 2115 2900 2167 2887 2301 2887 2318 2896 2331 2904 2332 2904 2334 2904 2373 2896 2421 2887 2487 2887 2506 2895 2522 2902 2524 2902 2526 2902 2579 2895 2637 2885 2740 2891 2742 2873 2738 2814 2583 2815 2581 2815 2579 2815 2546 2834 2417 2823 2415 2823 2414 2823 2382 2838 2227 2825 2189 2821 2187 2821 2185 2821 2174 2825 2132 2841 2073 2828 2071 2828 2069 2828 2034 2841 2008 2828 2003 2826 2001 2826 1922 2825 1920 2825 1879 2832 1791 2847 1723 2847 1693 2836 1673 2828 1671 2828 1669 2828 1619 2838 1544 2852 1418 2852 1358 2843 1302 2834 1301 2834 1299 2834 1269 2845 1260 2847 1254 2845 1232 2838 1230 2838 1229 2838 1227 2838 1203 2847 1173 2856 1122 2847 1059 2838 1057 2838 1004 2850 969 2860 895 2860 875 2852 849 2843 847 2843 845 2843 844 2843 821 2854 807 2861 788 2854 753 2843 751 2843 750 2843 687 2856 689 2898"/></Shape>
	    <String CONTENT="de tenis tête à l&#x27;Europe, qui la meprisait et de lui imposer sinale"
                    HPOS="687"
                    VPOS="2814"
                    WIDTH="2055"
                    HEIGHT="105"
                    WC="0.9930255833794089"></String>
          </TextLine>
          <TextLine ID="eSc_line_0d6ff34a"
                    TAGREFS="LT31"
                    BASELINE="688 2969 1894 2954 2754 2955" 
                    HPOS="1536"
                    VPOS="2907"
                    WIDTH="1218"
                    HEIGHT="78">
            <Shape><Polygon POINTS="1538 2979 1594 2970 1638 2979 1647 2981 1649 2981 1676 2979 1785 2970 1859 2979 1898 2983 1899 2983 1927 2977 1975 2970 2152 2970 2163 2977 2168 2983 2170 2983 2172 2983 2174 2985 2255 2985 2255 2983 2257 2983 2259 2983 2266 2977 2275 2970 2286 2977 2299 2983 2301 2983 2303 2983 2305 2983 2321 2977 2340 2970 2367 2976 2397 2983 2399 2983 2465 2976 2522 2970 2563 2970 2572 2976 2583 2983 2585 2983 2587 2983 2589 2983 2753 2974 2754 2955 2753 2926 2605 2907 2603 2907 2602 2907 2537 2924 2537 2926 2469 2926 2467 2924 2443 2907 2441 2907 2439 2907 2344 2907 2342 2907 2340 2907 2338 2907 2310 2924 2270 2911 2268 2911 2266 2911 2108 2924 2100 2924 2098 2924 2076 2907 2074 2907 2073 2907 2047 2907 2045 2907 2043 2907 2041 2907 2041 2909 2025 2924 2023 2926 1945 2926 1944 2924 1925 2907 1923 2907 1922 2907 1920 2907 1918 2907 1859 2924 1855 2924 1840 2924 1641 2907 1640 2907 1536 2922 1538 2961"/></Shape>
	    <String CONTENT="&lt;&gt; indépendance qu&#x27;Elliavait pro¬"
                    HPOS="1536"
                    VPOS="2907"
                    WIDTH="1218"
                    HEIGHT="78"
                    WC="0.9862901676784862"></String>
          </TextLine>
          <TextLine ID="eSc_line_501c3e35"
                    TAGREFS="LT34"
                    BASELINE="1043 2928 1471 2924" 
                    HPOS="1041"
                    VPOS="2891"
                    WIDTH="361"
                    HEIGHT="57">
            <Shape><Polygon POINTS="1041 2942 1398 2948 1402 2930 1396 2891 1363 2902 1350 2891 1348 2891 1347 2891 1345 2891 1341 2891 1243 2902 1043 2893 1043 2928"/></Shape>
	    <String CONTENT="reconnrtre"
                    HPOS="1041"
                    VPOS="2891"
                    WIDTH="361"
                    HEIGHT="57"
                    WC="0.9999958038330078"></String>
          </TextLine>
          <TextLine ID="eSc_line_53868a67"
                    TAGREFS="LT31"
                    BASELINE="683 3042 1676 3020 2771 3014" 
                    HPOS="681"
                    VPOS="2966"
                    WIDTH="2090"
                    HEIGHT="96">
            <Shape><Polygon POINTS="683 3042 683 3062 1131 3046 1391 3053 1395 3053 1396 3053 1398 3053 1546 3038 2771 3035 2771 3014 2766 2983 2572 2983 2515 2966 2513 2966 2511 2966 2509 2966 2474 2983 2412 2976 2410 2976 2355 2985 2344 2987 2340 2985 2303 2968 2301 2968 2262 2968 2261 2968 2259 2968 2222 2987 2216 2989 2113 2989 2113 2987 2065 2974 2063 2974 2062 2974 2060 2974 2025 2989 2017 2992 1971 2992 1964 2989 1934 2977 1933 2977 1831 2974 1829 2974 1774 2985 1695 2976 1693 2976 1691 2976 1649 2989 1590 2977 1588 2977 1586 2977 1555 2992 1540 3000 1437 3000 1426 2992 1400 2981 1398 2981 1334 2981 1332 2981 1330 2981 1306 2994 1291 3001 1234 3003 1184 3003 1170 2994 1148 2983 1146 2983 1144 2983 1142 2983 1092 2996 1059 3003 1011 2996 982 2992 980 2992 978 2992 969 2996 952 3007 829 3007 808 2998 785 2989 783 2989 781 2989 681 2998 683 3042"/></Shape>
	    <String CONTENT="clamée sans lui en demander l&#x27;autorisation. Sans doute, au cours"
                    HPOS="681"
                    VPOS="2966"
                    WIDTH="2090"
                    HEIGHT="96"
                    WC="0.9809613567776978"></String>
          </TextLine>
          <TextLine ID="eSc_line_c42233f0"
                    TAGREFS="LT31"
                    BASELINE="691 3114 1702 3084 2760 3084" 
                    HPOS="689"
                    VPOS="3027"
                    WIDTH="2071"
                    HEIGHT="109">
            <Shape><Polygon POINTS="691 3114 691 3127 812 3121 856 3125 950 3136 952 3136 1083 3134 1085 3134 1114 3121 1122 3119 1135 3121 1183 3132 1184 3132 1236 3121 1273 3112 1332 3119 1382 3125 1383 3125 1435 3117 1500 3108 1520 3116 1542 3127 1544 3127 1546 3128 1612 3128 1612 3127 1614 3127 1645 3116 1669 3106 1824 3106 1840 3112 1870 3123 1872 3123 1874 3123 1875 3123 1901 3114 1982 3121 1984 3121 1986 3121 2023 3110 2052 3099 2148 3099 2183 3108 2222 3117 2224 3117 2226 3119 2257 3119 2257 3117 2259 3117 2261 3117 2277 3106 2294 3097 2345 3105 2379 3110 2380 3110 2412 3105 2461 3095 2495 3103 2526 3112 2528 3112 2530 3112 2532 3112 2565 3103 2587 3097 2758 3099 2760 3084 2758 3031 2675 3027 2673 3027 2672 3027 2659 3033 2618 3049 2406 3051 2362 3038 2340 3033 2338 3033 2336 3033 2334 3033 2316 3040 2305 3044 2275 3040 2224 3035 2222 3035 2220 3035 2203 3042 2183 3051 2139 3044 2093 3036 2091 3036 2045 3046 2008 3055 1934 3055 1922 3049 1894 3038 1892 3038 1890 3038 1745 3040 1660 3055 1612 3062 1586 3057 1542 3044 1540 3044 1538 3044 1407 3053 1406 3053 1391 3060 1383 3064 1369 3060 1306 3047 1304 3047 1232 3064 1214 3070 1061 3070 1055 3068 1035 3060 1033 3060 1031 3060 961 3070 947 3071 936 3071 836 3055 834 3055 689 3075 691 3114"/></Shape>
	    <String CONTENT="des baguspéripéties par les que lles le pays devait passes avant la"
                    HPOS="689"
                    VPOS="3027"
                    WIDTH="2071"
                    HEIGHT="109"
                    WC="0.9862051944234478"></String>
          </TextLine>
          <TextLine ID="eSc_line_ff76c4e8"
                    TAGREFS="LT31"
                    BASELINE="692 3180 2539 3141 2754 3145" 
                    HPOS="691"
                    VPOS="3090"
                    WIDTH="2063"
                    HEIGHT="116">
            <Shape><Polygon POINTS="692 3180 692 3206 1052 3189 1129 3200 1138 3200 1140 3200 1142 3200 1144 3200 1164 3186 1339 3184 1433 3195 1441 3195 1442 3195 1444 3195 1446 3195 1466 3187 1485 3195 1496 3198 1498 3198 1500 3198 1617 3195 1619 3195 1627 3191 1651 3182 1700 3191 1719 3193 1721 3193 1745 3189 1785 3184 2019 3186 2121 3186 2122 3186 2124 3186 2130 3184 2157 3169 2224 3165 2264 3182 2266 3182 2268 3182 2270 3182 2393 3180 2408 3178 2589 3158 2753 3173 2754 3145 2753 3106 2681 3090 2618 3090 2616 3090 2614 3090 2587 3105 2495 3094 2493 3094 2491 3094 2439 3106 2406 3094 2404 3094 2403 3094 2349 3095 2347 3095 2307 3114 2305 3114 2069 3101 2067 3101 2065 3101 2025 3119 2025 3121 1739 3125 1686 3108 1684 3108 1682 3108 1582 3128 1581 3128 1579 3128 1533 3112 1531 3112 1529 3112 1398 3128 1323 3116 1321 3116 1319 3116 1269 3128 1177 3119 1175 3119 1173 3119 1124 3134 1065 3125 1063 3125 1061 3125 1033 3140 1030 3141 958 3141 950 3141 871 3125 869 3125 867 3125 814 3143 812 3145 691 3145 692 3180"/></Shape>
	    <String CONTENT="conclusion des traites de 1839, l&#x27;opisnon &lt;.. ..&gt; téraillée en"
                    HPOS="691"
                    VPOS="3090"
                    WIDTH="2063"
                    HEIGHT="116"
                    WC="0.9720597949720198"></String>
          </TextLine>
        </TextBlock>
      </PrintSpace>
    </Page>
  </Layout>
</alto>
