<?xml version="1.0" encoding="UTF-8"?>
<alto xmlns:xsi="http://www.w3.org/2001/XMLSchema-instance"
      xmlns="http://www.loc.gov/standards/alto/ns-v4#"
      xsi:schemaLocation="http://www.loc.gov/standards/alto/ns-v4# http://www.loc.gov/standards/alto/v4/alto-4-2.xsd">
  <Description>
    <MeasurementUnit>pixel</MeasurementUnit>
    <sourceImageInformation>
      <fileName>ARCH-DIV-000496_0170.png</fileName>
    </sourceImageInformation>
  </Description>
  <Tags>
    <OtherTag ID="BT42" LABEL="MainZone" DESCRIPTION="block type MainZone"/><OtherTag ID="BT43" LABEL="MarginTextZone" DESCRIPTION="block type MarginTextZone"/><OtherTag ID="BT44" LABEL="NumberingZone" DESCRIPTION="block type NumberingZone"/><OtherTag ID="BT45" LABEL="TitlePageZone" DESCRIPTION="block type TitlePageZone"/><OtherTag ID="BT46" LABEL="CustomZone:Numbering" DESCRIPTION="block type CustomZone:Numbering"/><OtherTag ID="BT49" LABEL="MarginTextZone:lower" DESCRIPTION="block type MarginTextZone:lower"/>
    <OtherTag ID="LT25" LABEL="default" DESCRIPTION="line type default"/><OtherTag ID="LT31" LABEL="DefaultLine" DESCRIPTION="line type DefaultLine"/><OtherTag ID="LT32" LABEL="HeadingLine" DESCRIPTION="line type HeadingLine"/><OtherTag ID="LT33" LABEL="InterlinearLine:addition" DESCRIPTION="line type InterlinearLine:addition"/><OtherTag ID="LT34" LABEL="InterlinearLine:correction" DESCRIPTION="line type InterlinearLine:correction"/>
  </Tags>
  <Layout>
    <Page WIDTH="2790"
          HEIGHT="3363"
          PHYSICAL_IMG_NR="169"
          ID="eSc_dummypage_">
      <PrintSpace HPOS="0"
                  VPOS="0"
                  WIDTH="2790"
                  HEIGHT="3363">
        <TextBlock HPOS="122"
                   VPOS="21"
                   WIDTH="244"
                   HEIGHT="122"
                   ID="eSc_textblock_768b2346"
                   TAGREFS="BT44">
          <Shape><Polygon POINTS="122 21 122 143 366 143 366 21"/></Shape>
          <TextLine ID="eSc_line_fab01e44"
                    TAGREFS="LT31"
                    BASELINE="179 123 333 112" 
                    HPOS="171"
                    VPOS="44"
                    WIDTH="162"
                    HEIGHT="112">
            <Shape><Polygon POINTS="179 123 179 156 333 134 333 112 328 47 171 44 179 123"/></Shape>
	    <String CONTENT="164"
                    HPOS="171"
                    VPOS="44"
                    WIDTH="162"
                    HEIGHT="112"
                    WC="0.9999996423721313"></String>
          </TextLine>
        </TextBlock>
        <TextBlock HPOS="34"
                   VPOS="163"
                   WIDTH="379"
                   HEIGHT="853"
                   ID="eSc_textblock_7b035dd4"
                   TAGREFS="BT43">
          <Shape><Polygon POINTS="393 1016 413 163 47 170 34 1016"/></Shape>
          <TextLine ID="eSc_line_8a465732"
                    TAGREFS="LT31"
                    BASELINE="66 234 395 229" 
                    HPOS="100"
                    VPOS="170"
                    WIDTH="295"
                    HEIGHT="118">
            <Shape><Polygon POINTS="103 269 227 260 243 266 314 288 316 288 319 288 364 285 367 285 370 285 370 283 395 257 395 229 384 170 314 190 229 184 128 179 126 179 123 179 120 179 100 190 103 241"/></Shape>
	    <String CONTENT="31 Mars)"
                    HPOS="100"
                    VPOS="170"
                    WIDTH="295"
                    HEIGHT="118"
                    WC="0.9889640435576439"></String>
          </TextLine>
          <TextLine ID="eSc_line_1dd3a4b9"
                    TAGREFS="LT31"
                    BASELINE="115 866 312 874" 
                    HPOS="159"
                    VPOS="815"
                    WIDTH="73"
                    HEIGHT="98">
            <Shape><Polygon POINTS="162 879 162 913 229 910 232 877 221 815 168 835 159 868"/></Shape>
	    <String CONTENT="26"
                    HPOS="159"
                    VPOS="815"
                    WIDTH="73"
                    HEIGHT="98"
                    WC="0.9999447464942932"></String>
          </TextLine>
        </TextBlock>
        <TextBlock HPOS="393"
                   VPOS="7"
                   WIDTH="2397"
                   HEIGHT="3354"
                   ID="eSc_textblock_a27de93a"
                   TAGREFS="BT42">
          <Shape><Polygon POINTS="488 34 393 3361 2675 3339 2790 7"/></Shape>
          <TextLine ID="eSc_line_fb5b566f"
                    TAGREFS="LT32"
                    BASELINE="1177 182 1725 190" 
                    HPOS="1174"
                    VPOS="131"
                    WIDTH="331"
                    HEIGHT="96">
            <Shape><Polygon POINTS="1174 204 1345 227 1348 227 1502 210 1505 187 1502 148 1177 131 1177 182"/></Shape>
	    <String CONTENT="Rivre"
                    HPOS="1174"
                    VPOS="131"
                    WIDTH="331"
                    HEIGHT="96"
                    WC="0.9999999046325684"></String>
          </TextLine>
          <TextLine ID="eSc_line_aebfa37e"
                    TAGREFS="LT32"
                    BASELINE="972 316 1130 327 2104 319" 
                    HPOS="970"
                    VPOS="260"
                    WIDTH="538"
                    HEIGHT="112">
            <Shape><Polygon POINTS="972 339 1068 372 1071 372 1073 372 1508 339 1508 322 1502 274 1315 260 1312 260 1309 260 1284 269 1250 283 1048 283 970 263 972 316"/></Shape>
	    <String CONTENT="Le copold 11"
                    HPOS="970"
                    VPOS="260"
                    WIDTH="538"
                    HEIGHT="112"
                    WC="0.9546936949094137"></String>
          </TextLine>
          <TextLine ID="eSc_line_f84013a6"
                    TAGREFS="LT32"
                    BASELINE="1211 596 1819 578" 
                    HPOS="1208"
                    VPOS="518"
                    WIDTH="474"
                    HEIGHT="118">
            <Shape><Polygon POINTS="1211 613 1441 636 1444 636 1446 636 1488 613 1500 608 1679 610 1682 585 1674 540 1601 543 1589 540 1545 518 1542 518 1539 518 1536 518 1472 538 1438 552 1385 552 1365 538 1340 521 1337 521 1334 521 1225 521 1222 521 1219 521 1216 521 1208 526 1211 596"/></Shape>
	    <String CONTENT="Chapitre 1"
                    HPOS="1208"
                    VPOS="518"
                    WIDTH="474"
                    HEIGHT="118"
                    WC="0.9999650955200196"></String>
          </TextLine>
          <TextLine ID="eSc_line_072fe642"
                    TAGREFS="LT32"
                    BASELINE="1034 721 1357 717 1971 711" 
                    HPOS="1051"
                    VPOS="644"
                    WIDTH="920"
                    HEIGHT="118">
            <Shape><Polygon POINTS="1054 762 1410 745 1427 753 1438 759 1441 759 1444 759 1446 759 1474 751 1505 745 1612 748 1842 753 1845 753 1971 734 1971 711 1960 644 1895 669 1758 652 1755 652 1752 652 1685 672 1648 650 1645 650 1643 650 1640 650 1637 650 1629 652 1542 675 1511 655 1511 652 1508 652 1505 652 1502 652 1354 655 1351 655 1348 655 1348 658 1345 658 1334 669 1303 658 1289 655 1287 655 1284 655 1281 655 1278 655 1278 658 1275 661 1253 681 1180 681 1051 666 1054 731"/></Shape>
	    <String CONTENT="Les débuts du règne"
                    HPOS="1051"
                    VPOS="644"
                    WIDTH="920"
                    HEIGHT="118"
                    WC="0.984879333721964"></String>
          </TextLine>
          <TextLine ID="eSc_line_4186c798"
                    TAGREFS="LT32"
                    BASELINE="1403 906 1560 906" 
                    HPOS="1403"
                    VPOS="906"
                    WIDTH="157"
                    HEIGHT="0">
	    <String CONTENT=""
                    HPOS="1403"
                    VPOS="906"
                    WIDTH="157"
                    HEIGHT="0"></String>
          </TextLine>
          <TextLine ID="eSc_line_fdcd7ee1"
                    TAGREFS="LT31"
                    BASELINE="681 1022 1578 992 2602 980" 
                    HPOS="678"
                    VPOS="905"
                    WIDTH="1924"
                    HEIGHT="151">
            <Shape><Polygon POINTS="681 1039 782 1056 785 1056 1200 1048 1340 1025 1351 1025 1359 1025 1444 1042 1446 1042 1449 1042 1508 1022 1511 1022 1514 1022 1603 1039 1606 1039 1609 1039 1659 1020 1668 1020 1901 1031 1903 1031 1906 1031 1909 1031 1926 1014 2206 1008 2234 1022 2237 1022 2240 1022 2243 1022 2288 1008 2338 1022 2341 1022 2344 1022 2346 1022 2419 1003 2422 1003 2425 1003 2526 1017 2529 1017 2532 1017 2602 997 2602 980 2599 936 2557 919 2554 919 2551 919 2548 919 2518 936 2512 938 2330 938 2324 936 2282 905 2279 905 2276 905 2274 905 2271 905 2268 905 2226 936 2220 941 2119 944 2083 938 1976 913 1974 913 1791 916 1788 916 1786 916 1749 938 1727 952 1654 952 1609 938 1553 922 1550 922 1547 922 1382 924 1379 924 1376 924 1362 936 1354 927 1351 927 1348 927 1345 927 1343 927 1340 927 1320 941 1292 955 1186 950 1183 950 1180 950 1177 950 1160 964 1045 944 1043 944 1040 944 1037 944 1037 947 1012 969 956 969 874 944 872 944 869 944 866 944 813 966 776 941 771 938 768 938 765 938 762 938 678 941 681 1022"/></Shape>
	    <String CONTENT="&lt;. ...... ... si forte que l&#x27;influence de la couroune"
                    HPOS="678"
                    VPOS="905"
                    WIDTH="1924"
                    HEIGHT="151"
                    WC="0.9231491381267332"></String>
          </TextLine>
          <TextLine ID="eSc_line_d9d125c4"
                    TAGREFS="LT31"
                    BASELINE="572 1095 2627 1056" 
                    HPOS="569"
                    VPOS="1003"
                    WIDTH="2058"
                    HEIGHT="126">
            <Shape><Polygon POINTS="572 1095 572 1129 2627 1081 2627 1056 2621 1017 2537 1006 2534 1006 2475 1020 2467 1020 2464 1020 2439 1003 2436 1003 2433 1003 2431 1003 2428 1003 2394 1020 2391 1022 2058 1025 2002 1011 1999 1011 1996 1011 1993 1011 1990 1011 1968 1028 1929 1011 1926 1011 1923 1011 1920 1011 1884 1031 1878 1034 1738 1034 1730 1034 1671 1017 1668 1017 1665 1017 1662 1017 1598 1036 1589 1036 1584 1036 1514 1020 1511 1020 1427 1034 1301 1022 1298 1022 1197 1025 1194 1025 1152 1045 1149 1045 1144 1045 1054 1028 1051 1028 1048 1028 1006 1048 1003 1050 804 1050 801 1050 745 1034 743 1034 740 1034 737 1034 734 1034 709 1050 611 1036 608 1036 605 1036 569 1050 572 1095"/></Shape>
	    <String CONTENT="foit devenué sous Léopoldt I er elle &lt;.... ..... .........&gt; en"
                    HPOS="569"
                    VPOS="1003"
                    WIDTH="2058"
                    HEIGHT="126"
                    WC="0.9285821597422322"></String>
          </TextLine>
          <TextLine ID="eSc_line_c3594f6b"
                    TAGREFS="LT31"
                    BASELINE="560 1168 2613 1132" 
                    HPOS="558"
                    VPOS="1078"
                    WIDTH="2055"
                    HEIGHT="121">
            <Shape><Polygon POINTS="560 1168 560 1199 849 1199 849 1196 852 1196 855 1196 863 1191 877 1182 933 1188 989 1196 992 1196 1079 1185 1138 1179 1197 1182 1298 1191 1301 1191 1458 1177 1511 1174 1573 1174 1817 1182 1819 1182 1822 1182 1853 1168 1861 1165 1999 1165 2579 1168 2582 1168 2585 1168 2588 1168 2613 1151 2613 1132 2604 1078 2411 1098 2246 1087 2234 1087 2232 1087 2229 1087 2226 1087 2170 1101 2145 1090 2139 1087 2136 1087 2133 1087 2060 1092 1814 1109 1721 1101 1690 1098 1688 1098 1612 1104 1452 1115 1418 1109 1385 1101 1382 1101 1379 1101 1357 1109 1337 1118 1261 1112 1186 1106 1183 1106 1180 1106 1177 1106 1169 1115 1160 1121 1101 1115 1012 1109 1009 1109 860 1123 810 1126 790 1123 715 1112 712 1112 558 1129 560 1168"/></Shape>
	    <String CONTENT="avait pas moins serupuleusement respecté ls lémites que, dès"
                    HPOS="558"
                    VPOS="1078"
                    WIDTH="2055"
                    HEIGHT="121"
                    WC="0.9841156820456187"></String>
          </TextLine>
          <TextLine ID="eSc_line_bcd5b278"
                    TAGREFS="LT31"
                    BASELINE="546 1244 2097 1210 2644 1213" 
                    HPOS="543"
                    VPOS="1154"
                    WIDTH="2101"
                    HEIGHT="112">
            <Shape><Polygon POINTS="546 1244 546 1266 2641 1235 2644 1213 2641 1168 2512 1154 2509 1154 2506 1154 2461 1171 2459 1171 2453 1171 2419 1157 2417 1157 2414 1157 2349 1171 2335 1177 2170 1177 2164 1174 2136 1163 2133 1163 2131 1163 2010 1177 1982 1179 1965 1177 1892 1165 1889 1165 1811 1179 1808 1179 1800 1179 1617 1171 1615 1171 1612 1171 1570 1185 1553 1188 1491 1185 1376 1179 1373 1179 1211 1191 1104 1196 1071 1191 1006 1182 1003 1182 1001 1182 998 1182 987 1193 984 1196 972 1193 944 1185 942 1185 939 1185 936 1185 914 1193 900 1202 543 1202 546 1244"/></Shape>
	    <String CONTENT="avant l&#x27;arrivée. du roi, la constitution lui avait imposées. Il &lt;..&gt;"
                    HPOS="543"
                    VPOS="1154"
                    WIDTH="2101"
                    HEIGHT="112"
                    WC="0.9911855906248093"></String>
          </TextLine>
          <TextLine ID="eSc_line_b60bd5ac"
                    TAGREFS="LT31"
                    BASELINE="546 1322 1696 1289 2624 1275" 
                    HPOS="543"
                    VPOS="1224"
                    WIDTH="2081"
                    HEIGHT="126">
            <Shape><Polygon POINTS="546 1322 546 1342 897 1350 900 1350 1239 1328 1303 1325 1320 1328 1390 1336 1393 1336 1511 1322 1545 1319 1620 1319 1875 1325 1878 1325 1960 1314 1990 1308 2016 1311 2080 1322 2083 1322 2621 1297 2624 1275 2616 1224 543 1269 546 1322"/></Shape>
	    <String CONTENT="&lt;&gt; n&#x27;avait pas régné es vertu du droit dynastique, et il n&#x27;avait"
                    HPOS="543"
                    VPOS="1224"
                    WIDTH="2081"
                    HEIGHT="126"
                    WC="0.9907416393980384"></String>
          </TextLine>
          <TextLine ID="eSc_line_51e0f623"
                    TAGREFS="LT31"
                    BASELINE="555 1406 1856 1359 2624 1353" 
                    HPOS="552"
                    VPOS="1308"
                    WIDTH="2072"
                    HEIGHT="132">
            <Shape><Polygon POINTS="555 1406 555 1440 866 1415 1001 1426 1031 1429 1034 1429 1073 1423 1230 1404 1679 1404 1704 1404 1707 1404 1710 1404 1713 1404 1730 1390 1766 1401 1780 1406 1783 1406 1786 1406 1817 1401 1878 1387 1951 1395 1996 1401 1999 1401 2035 1392 2097 1378 2119 1390 2125 1395 2128 1395 2131 1395 2133 1395 2167 1390 2232 1376 2262 1387 2279 1392 2282 1392 2285 1392 2624 1373 2624 1353 2616 1308 1710 1314 1578 1333 1421 1322 1418 1322 1320 1345 1228 1328 1225 1328 1222 1328 1219 1328 1191 1348 1113 1333 1110 1333 1107 1333 1104 1333 1087 1348 1068 1333 1065 1333 1062 1333 1059 1333 1057 1333 1020 1353 939 1336 936 1336 933 1336 930 1336 902 1356 594 1353 591 1353 588 1353 552 1364 555 1406"/></Shape>
	    <String CONTENT="jamais oublée qu&#x27;au lieu d&#x27;être roi de Bolgique par la grâce de"
                    HPOS="552"
                    VPOS="1308"
                    WIDTH="2072"
                    HEIGHT="132"
                    WC="0.9943678284448291"></String>
          </TextLine>
          <TextLine ID="eSc_line_5b60f336"
                    TAGREFS="LT31"
                    BASELINE="538 1482 1073 1457 2644 1426" 
                    HPOS="535"
                    VPOS="1384"
                    WIDTH="2109"
                    HEIGHT="120">
            <Shape><Polygon POINTS="538 1482 538 1504 1707 1468 2010 1474 2030 1474 2032 1474 2041 1474 2159 1457 2638 1460 2644 1426 2635 1384 535 1429 538 1482"/></Shape>
	    <String CONTENT="Dieu, il était roi des Belges en vertes du pacte conclu entre lui"
                    HPOS="535"
                    VPOS="1384"
                    WIDTH="2109"
                    HEIGHT="120"
                    WC="0.9964009266633254"></String>
          </TextLine>
          <TextLine ID="eSc_line_3e8e500a"
                    TAGREFS="LT31"
                    BASELINE="538 1549 2627 1504" 
                    HPOS="535"
                    VPOS="1471"
                    WIDTH="2092"
                    HEIGHT="115">
            <Shape><Polygon POINTS="538 1549 538 1586 667 1569 737 1580 740 1580 743 1580 801 1566 992 1575 1001 1575 1003 1575 1017 1575 1320 1555 1418 1563 1444 1566 1446 1566 2627 1532 2627 1504 2621 1471 1842 1471 1839 1471 1704 1488 1609 1476 1606 1476 1603 1476 1573 1493 846 1493 844 1493 841 1493 787 1507 667 1496 664 1496 535 1513 538 1549"/></Shape>
	    <String CONTENT="et la nation. Ce paitl s&#x27;impisait également à son successeur."
                    HPOS="535"
                    VPOS="1471"
                    WIDTH="2092"
                    HEIGHT="115"
                    WC="0.9925069674368827"></String>
          </TextLine>
          <TextLine ID="eSc_line_a76b4212"
                    TAGREFS="LT31"
                    BASELINE="532 1628 1601 1611 2613 1572" 
                    HPOS="529"
                    VPOS="1532"
                    WIDTH="2084"
                    HEIGHT="127">
            <Shape><Polygon POINTS="532 1628 532 1653 942 1659 944 1659 947 1659 950 1659 972 1645 1368 1647 1371 1647 1500 1631 1502 1631 1581 1642 1584 1642 2613 1600 2613 1572 2604 1532 529 1591 532 1628"/></Shape>
	    <String CONTENT="Le roi om ort, personne n&#x27;avait créé vive le roi. Le due de Brabaut"
                    HPOS="529"
                    VPOS="1532"
                    WIDTH="2084"
                    HEIGHT="127"
                    WC="0.9823782239387284"></String>
          </TextLine>
          <TextLine ID="eSc_line_1b4dc3b1"
                    TAGREFS="LT31"
                    BASELINE="527 1712 2616 1653" 
                    HPOS="524"
                    VPOS="1600"
                    WIDTH="2092"
                    HEIGHT="143">
            <Shape><Polygon POINTS="527 1712 527 1743 2616 1678 2616 1653 2610 1614 2503 1600 2501 1600 2400 1617 2383 1619 2324 1619 2010 1614 2007 1614 2004 1614 2002 1614 2002 1617 1988 1628 1985 1631 1948 1628 1825 1619 1822 1619 1696 1633 1654 1639 1643 1636 1617 1625 1615 1625 1612 1625 1609 1625 1584 1636 1575 1642 1561 1639 1536 1631 1533 1631 1530 1631 1486 1639 1460 1645 1452 1639 1438 1631 1435 1631 1432 1631 1430 1631 1427 1631 1402 1642 1387 1647 1362 1642 1312 1633 1309 1633 1219 1636 1216 1636 1214 1636 1202 1647 1194 1653 1124 1647 1029 1642 1026 1642 961 1653 905 1664 524 1664 527 1712"/></Shape>
	    <String CONTENT="n&#x27;était encore le 10 décembre que l&#x27;héritier civil de son père. Il ne"
                    HPOS="524"
                    VPOS="1600"
                    WIDTH="2092"
                    HEIGHT="143"
                    WC="0.9900892489198325"></String>
          </TextLine>
          <TextLine ID="eSc_line_b4a701c0"
                    TAGREFS="LT31"
                    BASELINE="524 1787 2621 1726" 
                    HPOS="521"
                    VPOS="1681"
                    WIDTH="2100"
                    HEIGHT="143">
            <Shape><Polygon POINTS="524 1787 524 1810 616 1824 619 1824 765 1807 807 1802 824 1804 866 1816 869 1816 872 1816 1146 1799 1317 1787 1494 1790 1657 1793 1659 1793 1758 1785 1912 1771 1982 1779 2004 1782 2007 1782 2010 1782 2018 1779 2055 1765 2122 1776 2139 1779 2142 1779 2145 1779 2147 1779 2150 1776 2175 1762 2313 1773 2332 1773 2335 1773 2346 1773 2431 1754 2618 1765 2621 1726 2613 1681 2411 1695 2321 1689 2229 1684 2226 1684 2223 1684 2187 1695 2161 1701 2122 1695 2066 1689 2063 1689 1988 1701 1929 1709 1839 1706 1724 1701 1721 1701 1718 1701 1716 1701 1704 1709 1699 1715 1676 1712 1634 1703 1631 1703 1629 1703 1584 1715 1556 1720 1505 1717 1410 1709 1407 1709 1404 1709 1365 1720 1348 1726 1306 1723 1191 1715 1188 1715 1082 1731 1054 1734 1040 1731 987 1720 984 1720 981 1720 978 1720 978 1723 964 1734 961 1737 919 1737 737 1729 734 1729 731 1729 701 1743 695 1748 521 1748 524 1787"/></Shape>
	    <String CONTENT="pouvait monter au trône et prendre le nom de Léopold et qu&#x27;après"
                    HPOS="521"
                    VPOS="1681"
                    WIDTH="2100"
                    HEIGHT="143"
                    WC="0.9971612626686692"></String>
          </TextLine>
          <TextLine ID="eSc_line_982261b6"
                    TAGREFS="LT31"
                    BASELINE="527 1866 2624 1802" 
                    HPOS="524"
                    VPOS="1757"
                    WIDTH="2100"
                    HEIGHT="137">
            <Shape><Polygon POINTS="527 1866 527 1894 2624 1830 2624 1802 2616 1757 2346 1771 2279 1768 2167 1759 2164 1759 1974 1776 1892 1785 1870 1782 1814 1771 1811 1771 1808 1771 1805 1771 1805 1773 1794 1785 1788 1787 1730 1787 1528 1779 1525 1779 1449 1796 1432 1799 1402 1799 1267 1787 1264 1787 1172 1804 1158 1807 1127 1807 902 1799 900 1799 897 1799 894 1799 874 1816 524 1827 527 1866"/></Shape>
	    <String CONTENT="avoir prêté le serment constitulionnel qui férait de lui le chaf"
                    HPOS="524"
                    VPOS="1757"
                    WIDTH="2100"
                    HEIGHT="137"
                    WC="0.9926856504753232"></String>
          </TextLine>
          <TextLine ID="eSc_line_c10f960c"
                    TAGREFS="LT31"
                    BASELINE="507 1950 2161 1888 2663 1891" 
                    HPOS="504"
                    VPOS="1835"
                    WIDTH="2159"
                    HEIGHT="140">
            <Shape><Polygon POINTS="507 1950 507 1975 841 1958 883 1970 908 1975 911 1975 914 1975 916 1975 930 1967 953 1956 978 1967 992 1972 995 1972 998 1972 1085 1964 1186 1953 1208 1961 1228 1967 1230 1967 1233 1967 1236 1967 1239 1967 1247 1958 1261 1950 1278 1958 1289 1964 1292 1964 1295 1964 1505 1958 1508 1958 1530 1950 1589 1933 1620 1947 1623 1947 1626 1947 1814 1928 1903 1942 1912 1942 1915 1942 1937 1942 2184 1914 2285 1930 2290 1930 2293 1930 2310 1930 2540 1911 2661 1919 2663 1891 2658 1838 2195 1852 2192 1849 2161 1835 2159 1835 2156 1835 2153 1835 2086 1855 2069 1858 2038 1855 1934 1844 1931 1844 1929 1844 1926 1844 1906 1860 1898 1863 1864 1860 1752 1849 1749 1849 1679 1866 1654 1872 1637 1866 1601 1855 1598 1855 1595 1855 1592 1855 1589 1855 1573 1869 1561 1874 1530 1872 1458 1860 1455 1860 1452 1860 1402 1874 1396 1874 1376 1874 1225 1869 1222 1869 1219 1869 1216 1869 1202 1880 1194 1886 1172 1880 1127 1872 1124 1872 1003 1874 1001 1874 998 1874 978 1886 967 1894 919 1888 849 1880 846 1880 787 1891 743 1902 723 1894 703 1886 701 1886 698 1886 504 1900 507 1950"/></Shape>
	    <String CONTENT="de l&#x27;Etat. En attendant, le royanté le trouvait interraupue par une"
                    HPOS="504"
                    VPOS="1835"
                    WIDTH="2159"
                    HEIGHT="140"
                    WC="0.9930903448987363"></String>
          </TextLine>
          <TextLine ID="eSc_line_86f0368e"
                    TAGREFS="LT31"
                    BASELINE="515 2026 1387 2006 1929 1975 2641 1964" 
                    HPOS="513"
                    VPOS="1914"
                    WIDTH="2128"
                    HEIGHT="134">
            <Shape><Polygon POINTS="515 2026 515 2048 1561 2034 1654 2017 1671 2014 1693 2014 1828 2026 1831 2026 1833 2026 1870 2009 1875 2009 1898 2009 2058 2020 2060 2020 2136 2003 2139 2000 2641 1986 2641 1964 2635 1914 2503 1914 2501 1914 2498 1914 2495 1914 2489 1916 2467 1930 2321 1922 2274 1922 2271 1922 2268 1922 2265 1922 2262 1925 2240 1939 2088 1930 1993 1928 1990 1928 1920 1939 1853 1947 1817 1942 1772 1933 1769 1933 1710 1944 1659 1956 1629 1947 1615 1944 1612 1944 1609 1944 1491 1953 1345 1964 1326 1958 1292 1947 1289 1947 1287 1947 1177 1964 1138 1970 1116 1967 1043 1953 1040 1953 944 1972 925 1975 914 1972 829 1958 827 1958 824 1958 776 1978 768 1978 619 1970 616 1970 513 1986 515 2026"/></Shape>
	    <String CONTENT="sorte d&#x27;entre-acte républicaie, durant lequel le gouvernement atait"
                    HPOS="513"
                    VPOS="1914"
                    WIDTH="2128"
                    HEIGHT="134"
                    WC="0.991162728907457"></String>
          </TextLine>
          <TextLine ID="eSc_line_636d4d68"
                    TAGREFS="LT31"
                    BASELINE="515 2104 2641 2045" 
                    HPOS="513"
                    VPOS="1992"
                    WIDTH="2128"
                    HEIGHT="151">
            <Shape><Polygon POINTS="515 2104 515 2127 611 2143 614 2143 717 2124 734 2121 796 2121 1090 2129 1093 2129 1354 2110 1427 2104 1446 2107 1502 2118 1505 2118 1508 2118 1536 2104 1547 2099 1730 2093 1861 2099 2027 2104 2030 2104 2091 2093 2147 2082 2178 2090 2203 2099 2206 2099 2209 2099 2212 2099 2240 2090 2260 2082 2276 2087 2296 2096 2299 2096 2302 2096 2638 2079 2641 2045 2632 2003 2537 2009 2523 2003 2487 1992 2484 1992 2481 1992 2478 1992 2447 2006 2431 2017 2338 2017 2318 2009 2279 1998 2276 1998 2274 1998 2131 2000 2128 2000 2072 2014 2027 2026 1988 2017 1931 2006 1929 2006 1870 2009 1867 2009 1864 2009 1864 2012 1853 2020 1842 2029 1808 2023 1755 2012 1752 2012 1749 2012 1746 2012 1730 2023 1710 2034 1592 2026 1561 2026 1559 2026 1556 2026 1550 2029 1516 2043 1455 2043 1441 2031 1430 2020 1427 2020 1424 2020 1421 2020 1418 2020 1387 2031 1359 2043 1298 2034 1236 2026 1233 2026 1230 2026 1205 2037 1177 2048 1124 2037 1101 2034 1099 2034 1048 2040 911 2059 765 2059 720 2048 701 2043 698 2043 695 2043 692 2043 670 2048 608 2065 513 2054 515 2104"/></Shape>
	    <String CONTENT="conjointement exercé par les minintres. Il n y avait plus au Polais"
                    HPOS="513"
                    VPOS="1992"
                    WIDTH="2128"
                    HEIGHT="151"
                    WC="0.98974244719121"></String>
          </TextLine>
          <TextLine ID="eSc_line_58323518"
                    TAGREFS="LT31"
                    BASELINE="524 2188 1017 2177" 
                    HPOS="521"
                    VPOS="2135"
                    WIDTH="496"
                    HEIGHT="87">
            <Shape><Polygon POINTS="524 2188 524 2222 1015 2213 1017 2177 1009 2135 521 2152 524 2188"/></Shape>
	    <String CONTENT="qu&#x27;un cadavre."
                    HPOS="521"
                    VPOS="2135"
                    WIDTH="496"
                    HEIGHT="87"
                    WC="0.9999404805047172"></String>
          </TextLine>
          <TextLine ID="eSc_line_08cb706d"
                    TAGREFS="LT34"
                    BASELINE="1679 2202 1847 2197" 
                    HPOS="1676"
                    VPOS="2152"
                    WIDTH="171"
                    HEIGHT="73">
            <Shape><Polygon POINTS="1679 2225 1847 2219 1847 2197 1842 2157 1676 2152 1679 2202"/></Shape>
	    <String CONTENT="émises"
                    HPOS="1676"
                    VPOS="2152"
                    WIDTH="171"
                    HEIGHT="73"
                    WC="0.9873643120129904"></String>
          </TextLine>
          <TextLine ID="eSc_line_036dc935"
                    TAGREFS="LT31"
                    BASELINE="541 2261 1878 2247 2655 2222" 
                    HPOS="538"
                    VPOS="2171"
                    WIDTH="2117"
                    HEIGHT="127">
            <Shape><Polygon POINTS="1828 2199 1800 2199 1772 2199 1744 2202 1716 2202 1688 2202 1685 2191 1615 2191 1612 2191 1516 2199 1469 2205 1460 2202 1430 2188 1427 2188 1424 2188 1421 2188 1390 2202 1382 2205 1362 2202 1289 2191 1287 2191 1144 2205 1104 2208 1059 2205 942 2199 939 2199 936 2199 911 2208 886 2219 751 2219 737 2211 729 2202 726 2202 723 2202 720 2202 538 2211 541 2261 541 2278 650 2298 653 2298 1309 2275 1390 2272 1458 2272 1760 2281 1763 2281 1901 2270 2114 2250 2574 2247 2652 2264 2655 2222 2652 2188 2607 2171 2604 2171 2602 2171 2498 2188 2470 2171 2467 2171 2464 2171 2461 2171 2459 2171 2386 2191 2383 2191 2380 2191 2335 2174 2332 2174 2330 2174 2119 2194 2074 2197 1948 2197 1828 2194 1828 2199"/></Shape>
	    <String CONTENT="Si les inquiétudes qu&#x27;avaient &lt;.... .. .. .&gt; sur"
                    HPOS="538"
                    VPOS="2171"
                    WIDTH="2117"
                    HEIGHT="127"
                    WC="0.9302620651821295"></String>
          </TextLine>
          <TextLine ID="eSc_line_f9286d43"
                    TAGREFS="LT33"
                    BASELINE="1781 2282 2264 2267" 
                    HPOS="1781"
                    VPOS="2267"
                    WIDTH="483"
                    HEIGHT="15">
	    <String CONTENT=""
                    HPOS="1781"
                    VPOS="2267"
                    WIDTH="483"
                    HEIGHT="15"></String>
          </TextLine>
          <TextLine ID="eSc_line_9409db6b"
                    TAGREFS="LT31"
                    BASELINE="515 2342 1906 2320 2599 2289" 
                    HPOS="513"
                    VPOS="2239"
                    WIDTH="2086"
                    HEIGHT="137">
            <Shape><Polygon POINTS="515 2342 515 2376 1110 2376 1110 2373 1113 2373 1116 2373 1135 2359 1141 2354 1149 2359 1177 2370 1180 2370 1183 2370 1315 2354 1368 2348 1390 2354 1449 2365 1452 2365 1887 2345 1926 2356 1929 2356 1931 2356 1934 2356 1988 2340 2136 2351 2139 2351 2240 2331 2243 2328 2599 2320 2599 2289 2593 2256 2537 2244 2534 2244 2532 2244 2498 2256 2492 2258 2487 2256 2442 2239 2439 2239 2436 2239 2433 2239 2386 2258 2372 2264 2355 2258 2299 2244 2296 2244 2293 2244 2290 2244 2248 2261 2243 2264 2217 2264 2052 2247 2049 2247 1791 2253 1788 2253 1786 2253 1755 2272 1741 2281 1671 2275 1606 2270 1603 2270 1601 2270 1581 2278 1559 2284 1536 2278 1516 2272 1514 2272 1511 2272 1508 2272 1488 2278 1466 2289 818 2300 804 2295 785 2281 782 2281 779 2281 776 2281 692 2295 667 2300 658 2298 628 2281 625 2281 546 2281 543 2281 541 2281 513 2295 515 2342"/></Shape>
	    <String CONTENT="le soit du pays ceux qui en sontaitaient la &quot;reee, enaient la le"
                    HPOS="513"
                    VPOS="2239"
                    WIDTH="2086"
                    HEIGHT="137"
                    WC="0.9727918514981866"></String>
          </TextLine>
          <TextLine ID="eSc_line_ea0688c6"
                    TAGREFS="LT31"
                    BASELINE="507 2412 2565 2373" 
                    HPOS="504"
                    VPOS="2328"
                    WIDTH="2061"
                    HEIGHT="132">
            <Shape><Polygon POINTS="507 2412 507 2435 647 2460 650 2460 872 2454 874 2454 950 2435 1040 2446 1043 2446 1144 2426 1160 2424 1186 2424 1368 2443 1371 2443 1373 2443 1376 2443 1393 2429 1488 2438 1491 2438 1494 2438 1530 2418 1539 2415 1545 2418 1589 2440 1592 2440 1595 2443 1679 2443 1679 2440 1797 2415 1814 2412 1836 2415 1979 2432 1982 2432 2069 2415 2103 2432 2105 2432 2108 2432 2111 2432 2170 2410 2184 2404 2189 2410 2206 2421 2209 2421 2212 2421 2215 2421 2288 2407 2321 2401 2562 2401 2565 2373 2557 2328 504 2370 507 2412"/></Shape>
	    <String CONTENT="moinors fondeendut, en instout si propice n&#x27;eut pas manqué de la"
                    HPOS="504"
                    VPOS="2328"
                    WIDTH="2061"
                    HEIGHT="132"
                    WC="0.9869715487584472"></String>
          </TextLine>
          <TextLine ID="eSc_line_163427f2"
                    TAGREFS="LT34"
                    BASELINE="619 2456 843 2458" 
                    HPOS="619"
                    VPOS="2456"
                    WIDTH="224"
                    HEIGHT="2">
	    <String CONTENT=""
                    HPOS="619"
                    VPOS="2456"
                    WIDTH="224"
                    HEIGHT="2"></String>
          </TextLine>
          <TextLine ID="eSc_line_c89648e5"
                    TAGREFS="LT31"
                    BASELINE="521 2494 1351 2485 2624 2435" 
                    HPOS="518"
                    VPOS="2390"
                    WIDTH="2106"
                    HEIGHT="149">
            <Shape><Polygon POINTS="521 2494 521 2539 771 2539 771 2536 773 2536 793 2527 810 2519 877 2525 950 2530 953 2530 1023 2519 1073 2511 1107 2516 1155 2525 1158 2525 1219 2511 1250 2505 1264 2511 1284 2519 1287 2519 1289 2519 1516 2513 1519 2513 1522 2513 1536 2499 1542 2497 1657 2497 2052 2497 2055 2497 2058 2497 2060 2497 2077 2480 2262 2474 2431 2469 2475 2483 2478 2483 2481 2483 2484 2483 2520 2466 2576 2480 2579 2480 2582 2480 2585 2480 2624 2460 2624 2435 2618 2398 2445 2390 2442 2390 2439 2390 2417 2401 2405 2410 2397 2404 2386 2393 2383 2393 2380 2393 2377 2393 2324 2404 2313 2407 2304 2404 2279 2396 2276 2396 2274 2396 2271 2396 2234 2407 2206 2415 2167 2410 2122 2401 2119 2401 2117 2401 2091 2410 2063 2424 1884 2426 1794 2418 1732 2412 1730 2412 1727 2412 1724 2412 1716 2421 1693 2432 1536 2424 1500 2424 1497 2424 1494 2424 1491 2424 1491 2426 1474 2438 1267 2432 1253 2432 1250 2432 1244 2432 1144 2449 1034 2438 1029 2438 1026 2438 1023 2438 967 2454 902 2440 886 2438 883 2438 880 2438 863 2440 787 2460 518 2452 521 2494"/></Shape>
	    <String CONTENT="&lt;........&gt;. Or ce qu&#x27;on voyait, c&#x27;était le calme dans le devil, l&#x27;u¬"
                    HPOS="518"
                    VPOS="2390"
                    WIDTH="2106"
                    HEIGHT="149"
                    WC="0.9613061924191082"></String>
          </TextLine>
          <TextLine ID="eSc_line_a0323237"
                    TAGREFS="LT31"
                    BASELINE="507 2567 1674 2555 2604 2519" 
                    HPOS="504"
                    VPOS="2474"
                    WIDTH="2100"
                    HEIGHT="126">
            <Shape><Polygon POINTS="507 2567 507 2600 2604 2550 2604 2519 2596 2474 2307 2494 2229 2480 2217 2480 2215 2480 2195 2483 2074 2499 1976 2485 1962 2485 1960 2485 1926 2488 1682 2511 1323 2513 1295 2499 1292 2499 1289 2499 1287 2499 1284 2499 1281 2499 1281 2502 1261 2513 1009 2508 998 2508 995 2508 989 2508 874 2525 787 2511 773 2511 771 2511 748 2513 614 2530 504 2519 507 2567"/></Shape>
	    <String CONTENT="nion de tous dans la tristèrre. La mort du roi n&#x27;avait pas éleraulé"
                    HPOS="504"
                    VPOS="2474"
                    WIDTH="2100"
                    HEIGHT="126"
                    WC="0.9900904422375694"></String>
          </TextLine>
          <TextLine ID="eSc_line_3b903c52"
                    TAGREFS="LT31"
                    BASELINE="493 2651 1674 2634 2596 2597" 
                    HPOS="490"
                    VPOS="2550"
                    WIDTH="2106"
                    HEIGHT="140">
            <Shape><Polygon POINTS="493 2651 493 2690 614 2673 698 2687 720 2690 723 2690 759 2684 883 2667 925 2681 930 2681 933 2681 936 2681 939 2681 950 2679 1009 2665 1169 2673 1256 2676 1259 2676 1331 2667 1441 2653 1494 2662 1547 2670 1550 2670 1738 2665 1741 2665 1772 2653 1786 2648 1791 2653 1800 2662 1802 2662 1805 2662 1808 2662 1895 2648 1912 2648 1937 2648 2136 2656 2139 2656 2229 2639 2257 2631 2596 2625 2596 2597 2588 2550 2237 2575 1887 2581 1861 2567 1859 2567 1856 2567 1853 2567 1850 2567 1847 2567 1847 2569 1831 2581 1805 2569 1797 2567 1794 2567 1791 2567 1758 2569 1651 2586 1491 2578 1427 2575 1424 2575 1385 2581 1298 2595 1225 2586 1186 2581 1183 2581 1180 2581 1169 2586 1146 2597 1110 2589 1101 2586 1099 2586 1096 2586 1093 2586 1087 2589 1065 2600 981 2592 950 2589 947 2589 944 2589 936 2592 919 2603 905 2595 900 2589 897 2589 894 2589 891 2589 888 2589 869 2595 827 2606 787 2597 762 2592 759 2592 757 2592 731 2597 689 2609 490 2606 493 2651"/></Shape>
	    <String CONTENT="l&#x27;édifice et sa solidité était le plus bel hommage rendmé celui"
                    HPOS="490"
                    VPOS="2550"
                    WIDTH="2106"
                    HEIGHT="140"
                    WC="0.9827222861940899"></String>
          </TextLine>
          <TextLine ID="eSc_line_65971e9d"
                    TAGREFS="LT31"
                    BASELINE="499 2729 1379 2710" 
                    HPOS="496"
                    VPOS="2656"
                    WIDTH="883"
                    HEIGHT="115">
            <Shape><Polygon POINTS="499 2729 499 2771 625 2752 897 2760 967 2763 970 2763 1118 2760 1121 2760 1135 2752 1160 2740 1373 2743 1379 2710 1373 2670 1250 2656 1247 2656 1163 2673 1127 2659 1124 2659 1121 2659 1118 2659 1116 2659 1093 2676 1043 2662 1040 2662 1037 2662 953 2679 900 2665 897 2665 894 2665 496 2690 499 2729"/></Shape>
	    <String CONTENT="qui venait de disparaître."
                    HPOS="496"
                    VPOS="2656"
                    WIDTH="883"
                    HEIGHT="115"
                    WC="0.9997378220924964"></String>
          </TextLine>
          <TextLine ID="eSc_line_a4159a34"
                    TAGREFS="LT31"
                    BASELINE="507 2805 1040 2810 1671 2794 2613 2794" 
                    HPOS="504"
                    VPOS="2735"
                    WIDTH="2109"
                    HEIGHT="115">
            <Shape><Polygon POINTS="507 2805 507 2830 647 2830 672 2847 675 2847 678 2847 681 2850 1026 2850 1026 2847 1029 2847 1054 2833 1073 2847 1076 2847 1079 2847 1082 2847 1289 2841 1292 2841 1295 2841 1317 2827 1320 2827 1393 2844 1396 2844 1399 2844 1466 2827 1472 2827 1491 2827 1637 2836 1640 2836 1643 2836 1645 2836 1654 2827 1662 2822 1718 2822 1730 2827 1746 2841 1749 2841 1752 2841 1755 2841 1954 2827 2032 2822 2046 2827 2080 2841 2083 2841 2086 2841 2088 2841 2091 2841 2111 2827 2122 2819 2403 2819 2419 2827 2445 2838 2447 2838 2450 2838 2453 2838 2489 2827 2506 2822 2607 2824 2613 2794 2607 2735 2534 2749 2501 2735 2498 2735 2495 2735 2492 2735 2489 2735 2487 2735 2459 2752 2397 2738 2394 2738 2391 2738 2389 2738 2386 2738 2366 2752 2349 2738 2346 2735 2344 2735 2341 2735 2338 2735 2318 2738 2268 2749 2246 2740 2237 2735 2234 2735 2232 2735 2203 2740 2131 2754 2088 2740 2077 2738 2074 2738 2072 2738 2069 2738 2066 2738 2063 2740 2041 2760 1968 2760 1940 2743 1929 2738 1926 2738 1659 2738 1657 2738 1654 2738 1651 2738 1634 2749 1615 2760 1556 2749 1533 2746 1530 2746 1528 2746 1514 2749 1480 2760 1455 2752 1430 2740 1427 2740 1424 2740 1295 2754 1222 2760 1214 2754 1191 2740 1188 2740 1186 2740 1183 2740 1085 2757 1043 2763 1009 2757 958 2749 956 2749 661 2763 630 2763 628 2763 569 2743 566 2743 563 2743 560 2743 504 2763 507 2805"/></Shape>
	    <String CONTENT="L&#x27;imanguration de Léopoldt II avait été fixée au lendemain des fiuni¬"
                    HPOS="504"
                    VPOS="2735"
                    WIDTH="2109"
                    HEIGHT="115"
                    WC="0.9816348569980566"></String>
          </TextLine>
          <TextLine ID="eSc_line_1b65c0f5"
                    TAGREFS="LT31"
                    BASELINE="487 2897 2630 2861" 
                    HPOS="485"
                    VPOS="2813"
                    WIDTH="2145"
                    HEIGHT="115">
            <Shape><Polygon POINTS="487 2897 487 2928 1387 2917 1444 2908 1477 2903 1564 2906 1769 2911 1772 2911 1937 2897 1968 2894 1982 2894 2058 2906 2060 2906 2293 2889 2302 2889 2307 2889 2599 2897 2602 2897 2604 2897 2607 2897 2630 2883 2630 2861 2621 2824 2167 2830 2156 2827 2103 2813 2100 2813 2097 2813 2027 2830 2007 2833 1990 2830 1912 2813 1909 2813 1825 2830 1788 2838 1690 2833 1474 2819 1472 2819 1469 2819 1466 2819 1466 2822 1449 2836 1444 2838 1421 2836 1323 2822 1320 2822 1253 2838 1214 2847 1194 2838 1166 2824 1163 2824 1160 2824 1158 2824 1113 2838 1076 2850 1040 2838 998 2827 995 2827 992 2827 989 2827 953 2841 916 2852 771 2841 737 2841 734 2841 731 2841 723 2844 678 2855 656 2844 639 2836 636 2836 633 2836 485 2844 487 2897"/></Shape>
	    <String CONTENT="railles de son père. Celle de Léopold I er anomplie en plien air, en arèseuce"
                    HPOS="485"
                    VPOS="2813"
                    WIDTH="2145"
                    HEIGHT="115"
                    WC="0.9942711127268804"></String>
          </TextLine>
          <TextLine ID="eSc_line_c192a9c8"
                    TAGREFS="LT31"
                    BASELINE="485 2967 2599 2925" 
                    HPOS="482"
                    VPOS="2880"
                    WIDTH="2117"
                    HEIGHT="124">
            <Shape><Polygon POINTS="485 2967 485 2990 751 3004 754 3004 894 2981 908 2981 919 2981 1043 2998 1045 2998 1522 2973 1584 2987 1587 2987 1589 2987 1676 2970 1738 2984 1741 2984 1744 2984 1881 2967 2164 2976 2167 2976 2170 2976 2173 2976 2198 2956 2419 2970 2422 2970 2562 2965 2565 2965 2599 2945 2599 2925 2590 2880 482 2928 485 2967"/></Shape>
	    <String CONTENT="du congrés et à la face du peuple avait marqué l&#x27;achèvement de régime"
                    HPOS="482"
                    VPOS="2880"
                    WIDTH="2117"
                    HEIGHT="124"
                    WC="0.9758532047271729"></String>
          </TextLine>
          <TextLine ID="eSc_line_407e5a75"
                    TAGREFS="LT31"
                    BASELINE="482 3043 2557 3001" 
                    HPOS="479"
                    VPOS="2959"
                    WIDTH="2078"
                    HEIGHT="120">
            <Shape><Polygon POINTS="482 3043 482 3068 709 3065 743 3079 745 3079 748 3079 751 3079 796 3063 799 3063 804 3063 883 3074 886 3074 888 3074 914 3060 919 3057 1172 3054 1177 3054 1239 3068 1242 3068 1449 3051 1567 3063 1570 3063 1573 3063 1603 3049 1702 3060 1704 3060 1707 3060 1710 3060 1730 3046 2268 3049 2271 3049 2557 3023 2557 3001 2548 2959 479 2995 482 3043"/></Shape>
	    <String CONTENT="constitutionuel. Celle du nouveau roi cmétait que l&#x27;appli..t&gt;"
                    HPOS="479"
                    VPOS="2959"
                    WIDTH="2078"
                    HEIGHT="120"
                    WC="0.9733791634684703"></String>
          </TextLine>
          <TextLine ID="eSc_line_df52c1e0"
                    TAGREFS="LT31"
                    BASELINE="479 3113 2571 3071" 
                    HPOS="476"
                    VPOS="3032"
                    WIDTH="2095"
                    HEIGHT="118">
            <Shape><Polygon POINTS="479 3113 479 3138 751 3150 754 3150 860 3133 897 3130 972 3133 1172 3141 1174 3141 1278 3127 1334 3121 1435 3124 1589 3133 1592 3133 1595 3133 1598 3133 1609 3124 1615 3119 1699 3121 1833 3127 1836 3127 1923 3119 2030 3107 2074 3116 2103 3121 2105 3121 2571 3107 2571 3071 2562 3032 476 3074 479 3113"/></Shape>
	    <String CONTENT="n&#x27;etait que la conséquence de son fonctionnement. Le congrès ayant"
                    HPOS="476"
                    VPOS="3032"
                    WIDTH="2095"
                    HEIGHT="118"
                    WC="0.9902073813207222"></String>
          </TextLine>
          <TextLine ID="eSc_line_e9ac1c23"
                    TAGREFS="LT31"
                    BASELINE="465 3192 2537 3161" 
                    HPOS="462"
                    VPOS="3121"
                    WIDTH="2075"
                    HEIGHT="99">
            <Shape><Polygon POINTS="465 3192 465 3220 1657 3197 1693 3197 1968 3206 1971 3206 2184 3189 2187 3189 2299 3200 2302 3200 2400 3186 2501 3197 2503 3197 2506 3197 2537 3180 2537 3161 2529 3121 462 3152 465 3192"/></Shape>
	    <String CONTENT="runis ses pouvoirs aux Chambres c&#x27;est devant des Chambres rémnnes"
                    HPOS="462"
                    VPOS="3121"
                    WIDTH="2075"
                    HEIGHT="99"
                    WC="0.9904794720503"></String>
          </TextLine>
          <TextLine ID="eSc_line_e53dfb15"
                    TAGREFS="LT31"
                    BASELINE="482 3264 1917 3242 2585 3248" 
                    HPOS="479"
                    VPOS="3183"
                    WIDTH="2106"
                    HEIGHT="123">
            <Shape><Polygon POINTS="482 3264 485 3306 560 3287 653 3287 675 3304 678 3304 681 3304 684 3304 866 3301 869 3301 872 3301 897 3284 936 3298 939 3298 942 3298 944 3298 998 3284 1194 3298 1200 3298 1202 3298 1205 3298 1208 3298 1208 3295 1225 3281 1612 3292 1615 3292 1716 3273 1786 3273 1811 3290 1814 3290 1817 3290 1819 3290 1822 3290 1861 3273 1960 3284 1962 3284 2209 3267 2279 3284 2282 3284 2285 3284 2288 3284 2290 3284 2318 3264 2478 3264 2579 3281 2585 3248 2582 3203 2492 3203 2467 3183 2464 3183 2461 3183 2459 3183 2456 3183 2394 3203 2391 3203 2380 3203 2086 3189 2083 3189 1990 3206 1968 3189 1965 3189 1962 3189 1960 3189 1957 3189 1903 3208 1901 3208 1892 3208 1724 3192 1721 3192 1718 3192 1716 3192 1696 3208 1578 3194 1575 3194 1573 3194 1570 3194 1550 3211 1362 3200 1359 3200 1191 3217 1172 3217 1160 3217 1054 3200 1051 3200 1048 3200 978 3220 970 3220 953 3220 807 3203 804 3203 801 3203 799 3203 771 3220 765 3220 499 3206 496 3206 493 3206 490 3206 479 3214 482 3264"/></Shape>
	    <String CONTENT="qu&#x27;il devait prendre la couronne et si l&#x27;on peut ainsidire, conclure"
                    HPOS="479"
                    VPOS="3183"
                    WIDTH="2106"
                    HEIGHT="123"
                    WC="0.9806423239848193"></String>
          </TextLine>
        </TextBlock>
      </PrintSpace>
    </Page>
  </Layout>
</alto>
