<?xml version="1.0" encoding="UTF-8"?>
<alto xmlns:xsi="http://www.w3.org/2001/XMLSchema-instance"
      xmlns="http://www.loc.gov/standards/alto/ns-v4#"
      xsi:schemaLocation="http://www.loc.gov/standards/alto/ns-v4# http://www.loc.gov/standards/alto/v4/alto-4-2.xsd">
  <Description>
    <MeasurementUnit>pixel</MeasurementUnit>
    <sourceImageInformation>
      <fileName>ARCH-DIV-000496_0050.png</fileName>
    </sourceImageInformation>
  </Description>
  <Tags>
    <OtherTag ID="BT42" LABEL="MainZone" DESCRIPTION="block type MainZone"/><OtherTag ID="BT43" LABEL="MarginTextZone" DESCRIPTION="block type MarginTextZone"/><OtherTag ID="BT44" LABEL="NumberingZone" DESCRIPTION="block type NumberingZone"/><OtherTag ID="BT45" LABEL="TitlePageZone" DESCRIPTION="block type TitlePageZone"/><OtherTag ID="BT46" LABEL="CustomZone:Numbering" DESCRIPTION="block type CustomZone:Numbering"/><OtherTag ID="BT49" LABEL="MarginTextZone:lower" DESCRIPTION="block type MarginTextZone:lower"/>
    <OtherTag ID="LT25" LABEL="default" DESCRIPTION="line type default"/><OtherTag ID="LT31" LABEL="DefaultLine" DESCRIPTION="line type DefaultLine"/><OtherTag ID="LT32" LABEL="HeadingLine" DESCRIPTION="line type HeadingLine"/><OtherTag ID="LT33" LABEL="InterlinearLine:addition" DESCRIPTION="line type InterlinearLine:addition"/><OtherTag ID="LT34" LABEL="InterlinearLine:correction" DESCRIPTION="line type InterlinearLine:correction"/>
  </Tags>
  <Layout>
    <Page WIDTH="2790"
          HEIGHT="3375"
          PHYSICAL_IMG_NR="49"
          ID="eSc_dummypage_">
      <PrintSpace HPOS="0"
                  VPOS="0"
                  WIDTH="2790"
                  HEIGHT="3375">
        <TextBlock HPOS="163"
                   VPOS="61"
                   WIDTH="291"
                   HEIGHT="230"
                   ID="eSc_textblock_962e3979"
                   TAGREFS="BT44">
          <Shape><Polygon POINTS="163 61 163 291 454 291 454 61"/></Shape>
          <TextLine ID="eSc_line_a942c6ab"
                    TAGREFS="LT31"
                    BASELINE="213 144 393 166" 
                    HPOS="213"
                    VPOS="144"
                    WIDTH="180"
                    HEIGHT="22">
	    <String CONTENT=""
                    HPOS="213"
                    VPOS="144"
                    WIDTH="180"
                    HEIGHT="22"></String>
          </TextLine>
        </TextBlock>
        <TextBlock HPOS="521"
                   VPOS="41"
                   WIDTH="2249"
                   HEIGHT="3318"
                   ID="eSc_textblock_58333bb7"
                   TAGREFS="BT42">
          <Shape><Polygon POINTS="521 41 521 3359 2770 3359 2770 41"/></Shape>
          <TextLine ID="eSc_line_277b9313"
                    TAGREFS="LT31"
                    BASELINE="618 101 2728 87" 
                    HPOS="615"
                    VPOS="25"
                    WIDTH="2113"
                    HEIGHT="112">
            <Shape><Polygon POINTS="2711 39 2539 42 2531 39 2505 30 2500 30 2472 30 2444 30 2415 30 2407 28 2337 42 2328 42 2320 42 2241 28 2219 28 2190 28 2162 28 2134 28 2106 28 2078 28 2050 25 2022 25 1994 25 1965 25 1957 25 1884 45 1875 50 1681 50 1679 47 1611 25 1608 25 1462 25 1459 25 1456 25 1383 50 1333 33 1330 33 1327 33 1324 33 1282 50 902 36 897 39 869 39 840 39 812 42 810 42 753 53 711 45 700 45 672 45 644 50 615 70 618 101 621 137 666 120 930 120 973 135 975 135 978 135 990 135 1147 118 1411 132 1454 132 1456 132 1459 132 1465 132 1510 115 1583 129 1589 129 1591 129 1611 129 1920 112 1954 126 1957 126 1960 126 1963 126 1965 126 1968 126 2019 112 2067 126 2072 126 2075 126 2078 126 2725 118 2728 87 2719 45 2711 39"/></Shape>
	    <String CONTENT="posé à son royanne. &quot;La situation de la Belgique dans le monde"
                    HPOS="615"
                    VPOS="25"
                    WIDTH="2113"
                    HEIGHT="112"
                    WC="0.997751792271932"></String>
          </TextLine>
          <TextLine ID="eSc_line_5f14abab"
                    TAGREFS="LT31"
                    BASELINE="610 182 2733 174" 
                    HPOS="607"
                    VPOS="120"
                    WIDTH="2126"
                    HEIGHT="99">
            <Shape><Polygon POINTS="610 202 1200 216 1203 216 1302 205 1335 202 1347 205 1383 219 1386 219 1389 219 1392 219 1423 205 1428 202 1437 205 1462 219 1465 219 1468 219 1566 205 1583 205 1608 205 1749 219 1752 219 1755 219 1783 208 1794 202 1814 208 1859 219 1861 219 1864 219 2730 208 2733 174 2728 135 2517 120 2514 120 2511 120 2466 135 2460 137 2145 137 2143 135 2084 120 2081 120 2078 120 2075 120 2027 137 2019 137 1988 137 1805 123 1802 123 1715 137 1712 137 1710 137 1695 123 1693 123 1690 123 1687 123 1378 137 1375 137 1341 123 1338 123 1335 123 1262 140 1251 140 1200 140 877 126 874 126 779 140 736 126 734 126 731 126 607 140 610 182"/></Shape>
	    <String CONTENT="écrit en 1848, le Painistre autrichien a Bruyelles, repose exclusire¬"
                    HPOS="607"
                    VPOS="120"
                    WIDTH="2126"
                    HEIGHT="99"
                    WC="0.9895860380020695"></String>
          </TextLine>
          <TextLine ID="eSc_line_f736ee33"
                    TAGREFS="LT31"
                    BASELINE="607 261 2716 250" 
                    HPOS="604"
                    VPOS="205"
                    WIDTH="2112"
                    HEIGHT="90">
            <Shape><Polygon POINTS="607 261 607 284 2098 295 2100 295 2131 292 2244 275 2711 292 2716 250 2708 205 604 222 607 261"/></Shape>
	    <String CONTENT="ment sur les relations du roi&quot;. Il est certain, en tous cas, que ces"
                    HPOS="604"
                    VPOS="205"
                    WIDTH="2112"
                    HEIGHT="90"
                    WC="0.9892946017139098"></String>
          </TextLine>
          <TextLine ID="eSc_line_351dfefe"
                    TAGREFS="LT31"
                    BASELINE="599 331 2722 337" 
                    HPOS="599"
                    VPOS="281"
                    WIDTH="2123"
                    HEIGHT="87">
            <Shape><Polygon POINTS="599 331 599 368 2719 362 2722 337 2719 300 2390 284 2387 284 2385 284 2337 298 2309 284 2306 284 2303 284 2300 284 2297 284 2275 298 2272 300 2058 300 2050 298 1971 284 1968 284 1892 298 1884 298 1881 298 1856 284 1853 284 1850 284 1847 284 1845 284 1825 298 1819 300 1676 300 1673 298 1653 281 1650 281 1648 281 1645 281 1538 295 1535 295 1425 281 1423 281 1420 281 1369 295 1366 295 1313 281 1310 281 1307 281 1305 281 1262 295 1260 298 1099 298 1096 295 1074 281 1071 281 1068 281 1065 281 1063 281 1020 295 1018 295 1015 295 990 281 987 281 984 281 916 295 908 295 894 295 781 281 779 281 599 292 599 331"/></Shape>
	    <String CONTENT="relations lui profitèrent grandement. Leopold ne les employa ja¬"
                    HPOS="599"
                    VPOS="281"
                    WIDTH="2123"
                    HEIGHT="87"
                    WC="0.9811800038442016"></String>
          </TextLine>
          <TextLine ID="eSc_line_ff47f7dd"
                    TAGREFS="LT31"
                    BASELINE="593 413 2657 421" 
                    HPOS="590"
                    VPOS="362"
                    WIDTH="2067"
                    HEIGHT="96">
            <Shape><Polygon POINTS="593 413 590 433 689 452 691 452 694 452 697 452 720 438 762 452 765 452 767 452 860 438 1026 438 1155 438 1158 438 1175 452 1178 452 1181 452 1184 452 1276 441 1296 455 1299 455 1302 455 1305 455 1378 441 1451 455 1454 458 1608 458 1608 455 1611 455 1614 455 1628 441 1631 441 1656 441 2016 458 2019 458 2655 447 2657 421 2657 385 2610 365 2607 365 2604 365 2489 382 2486 382 2483 382 2438 365 2435 365 2280 365 2278 365 2190 379 2171 382 2137 379 2010 365 2008 365 2005 365 1980 376 1968 382 1943 376 1870 362 1687 362 1684 362 1681 362 1679 362 1667 374 1659 382 1445 382 1437 371 1425 362 1423 362 1420 362 1417 362 1414 362 1386 371 1361 379 593 365 593 413"/></Shape>
	    <String CONTENT="mais qu&#x27;au service de la paix. &lt;.. &lt;...&gt; Il trovailla"
                    HPOS="590"
                    VPOS="362"
                    WIDTH="2067"
                    HEIGHT="96"
                    WC="0.9709937471263813"></String>
          </TextLine>
          <TextLine ID="eSc_line_78c166c9"
                    TAGREFS="LT31"
                    BASELINE="599 500 2666 495" 
                    HPOS="596"
                    VPOS="441"
                    WIDTH="2070"
                    HEIGHT="87">
            <Shape><Polygon POINTS="599 500 599 528 2663 528 2666 495 2663 461 2624 441 2621 441 2618 441 2615 441 2562 458 2508 441 2505 441 2503 441 2500 441 2432 458 2432 461 2075 461 2072 458 2053 441 2050 441 2047 441 2044 441 1937 455 1918 458 1881 455 1732 444 1729 444 1726 444 1698 455 1690 458 1687 455 1670 441 1667 441 1665 441 1662 441 1659 441 1628 455 1614 464 1310 464 1262 452 1217 444 1215 444 1212 444 1186 452 1155 461 1080 452 1018 444 914 444 911 444 908 444 905 444 897 450 880 461 810 450 770 444 767 444 731 450 660 461 596 450 599 500"/></Shape>
	    <String CONTENT="actèvement, en 1840, à ranpécher le conflit menaçant de la"
                    HPOS="596"
                    VPOS="441"
                    WIDTH="2070"
                    HEIGHT="87"
                    WC="0.9951111452054169"></String>
          </TextLine>
          <TextLine ID="eSc_line_53c0891d"
                    TAGREFS="LT31"
                    BASELINE="601 579 2691 579" 
                    HPOS="601"
                    VPOS="520"
                    WIDTH="2090"
                    HEIGHT="104">
            <Shape><Polygon POINTS="601 579 601 601 646 618 649 618 652 618 770 604 776 604 779 604 821 621 824 621 826 621 829 621 863 604 866 604 871 604 950 621 953 621 956 621 1012 607 1026 604 1046 607 1133 621 1136 621 1364 610 1485 604 1507 610 1527 618 1530 618 1532 618 1608 613 1698 604 1718 613 1738 621 1740 621 1743 621 1785 613 1839 604 1912 615 1940 618 1943 618 2067 615 2491 607 2517 621 2520 621 2522 621 2525 624 2691 624 2691 579 2688 520 2567 540 2410 520 2407 520 2404 520 2356 542 1977 542 1901 520 1898 520 1895 520 1757 540 1710 520 1707 520 1704 520 1701 520 1628 540 1530 520 1527 520 1524 520 1521 520 1493 542 1428 542 1290 520 1288 520 1285 520 1282 520 1254 542 1181 542 1153 520 1150 520 1147 520 1144 520 1023 537 1004 520 1001 520 998 520 897 520 894 520 891 520 843 542 750 542 720 523 717 523 714 523 601 520 601 579"/></Shape>
	    <String CONTENT="France et de l&#x27;Angleterre. Plus tard s&#x27;il semble averir songé à"
                    HPOS="601"
                    VPOS="520"
                    WIDTH="2090"
                    HEIGHT="104"
                    WC="0.9767068539346967"></String>
          </TextLine>
          <TextLine ID="eSc_line_45071800"
                    TAGREFS="LT31"
                    BASELINE="601 666 2683 658" 
                    HPOS="599"
                    VPOS="604"
                    WIDTH="2084"
                    HEIGHT="104">
            <Shape><Polygon POINTS="601 666 604 708 675 689 776 705 779 705 919 689 987 705 992 705 995 705 998 705 1001 705 1004 705 1029 689 1229 703 1262 703 1265 703 1321 700 1589 686 1659 697 1701 703 1704 703 1707 703 1710 703 1718 697 1735 686 1805 694 1870 703 1873 703 1920 694 1949 689 2005 691 2103 700 2106 700 2109 700 2112 700 2123 691 2134 683 2207 689 2311 700 2314 700 2680 683 2683 658 2677 624 1988 604 1985 604 1887 624 1881 624 1875 624 1797 607 1794 607 1791 607 1724 624 1718 624 1710 624 1532 607 1530 607 1437 624 1414 607 1411 607 1409 607 1307 607 1305 607 1302 607 1299 607 1276 624 1271 630 722 630 714 627 649 610 646 610 644 610 641 610 599 624 601 666"/></Shape>
	    <String CONTENT="provoques une coalition contre Napolion III ce n&#x27;est qu&#x27;à une"
                    HPOS="599"
                    VPOS="604"
                    WIDTH="2084"
                    HEIGHT="104"
                    WC="0.9912392381698855"></String>
          </TextLine>
          <TextLine ID="eSc_line_a2a3416f"
                    TAGREFS="LT31"
                    BASELINE="604 742 2145 748 2680 734" 
                    HPOS="604"
                    VPOS="683"
                    WIDTH="2076"
                    HEIGHT="104">
            <Shape><Polygon POINTS="604 742 604 773 801 765 880 773 984 787 987 787 990 787 992 787 1012 773 1029 765 1049 773 1080 787 1082 787 1085 787 1243 773 1262 773 1274 773 1364 787 1366 787 1369 787 1403 773 1425 765 1468 773 1532 787 1535 787 1701 773 1802 765 1816 773 1830 781 1833 781 1836 781 1839 781 1842 781 1873 773 1895 767 1946 773 2072 787 2075 787 2078 787 2120 773 2129 770 2148 773 2244 787 2247 787 2250 787 2303 773 2331 765 2517 765 2531 773 2545 781 2548 781 2550 781 2553 781 2556 781 2587 773 2610 765 2674 770 2680 734 2671 683 2365 703 2269 703 2250 686 2250 683 2247 683 2244 683 2241 683 2216 686 2112 703 1932 703 1892 689 1875 683 1873 683 1870 683 1808 689 1693 703 1535 703 1518 691 1507 683 1504 683 1501 683 1499 683 1440 691 1380 700 1271 694 1155 686 1153 686 987 694 897 700 888 697 869 683 866 683 863 683 860 683 604 697 604 742"/></Shape>
	    <String CONTENT="cvalition parifique qu&#x27;ils pensait. Et cette politique &lt;.... be"
                    HPOS="604"
                    VPOS="683"
                    WIDTH="2076"
                    HEIGHT="104"
                    WC="0.9788353566139464"></String>
          </TextLine>
          <TextLine ID="eSc_line_1488d442"
                    TAGREFS="LT31"
                    BASELINE="599 835 2677 821" 
                    HPOS="596"
                    VPOS="781"
                    WIDTH="2081"
                    HEIGHT="96">
            <Shape><Polygon POINTS="599 835 601 877 669 860 767 874 770 874 773 874 776 874 795 857 1012 857 1290 871 1330 871 1333 871 2674 855 2677 821 2671 781 596 781 599 835"/></Shape>
	    <String CONTENT="&lt;.... ........&gt; de conciliation europenne"
                    HPOS="596"
                    VPOS="781"
                    WIDTH="2081"
                    HEIGHT="96"
                    WC="0.9268678761110073"></String>
          </TextLine>
          <TextLine ID="eSc_line_71df7015"
                    TAGREFS="LT31"
                    BASELINE="593 914 2258 908" 
                    HPOS="590"
                    VPOS="869"
                    WIDTH="1668"
                    HEIGHT="87">
            <Shape><Polygon POINTS="593 914 593 936 1012 936 1057 956 1060 956 1063 956 1226 936 1386 956 1389 956 1465 942 1918 953 1920 953 2078 933 2081 933 2086 933 2230 953 2233 953 2235 953 2238 953 2258 936 2258 908 2250 869 590 871 593 914"/></Shape>
	    <String CONTENT="etait ti en celle qui convenait à un roi des Belges."
                    HPOS="590"
                    VPOS="869"
                    WIDTH="1668"
                    HEIGHT="87"
                    WC="0.9735571787042437"></String>
          </TextLine>
          <TextLine ID="eSc_line_9b21c115"
                    TAGREFS="LT31"
                    BASELINE="646 1001 2010 1006 2660 987" 
                    HPOS="644"
                    VPOS="947"
                    WIDTH="2016"
                    HEIGHT="96">
            <Shape><Polygon POINTS="646 1001 646 1026 1895 1043 1898 1043 2280 1023 2295 1023 2306 1023 2545 1040 2548 1040 2657 1020 2660 987 2652 950 1310 964 1296 961 1257 947 1254 947 1251 947 1248 947 1245 947 1229 961 1223 967 1102 967 1099 961 1080 947 1077 947 1074 947 967 947 964 947 961 947 928 964 925 964 877 947 874 947 871 947 790 964 686 947 683 947 680 947 644 964 646 1001"/></Shape>
	    <String CONTENT="Incontestablement, &lt;... ....&gt; des rois si membreux que"
                    HPOS="644"
                    VPOS="947"
                    WIDTH="2016"
                    HEIGHT="96"
                    WC="0.9846049105679547"></String>
          </TextLine>
          <TextLine ID="eSc_line_9738302e"
                    TAGREFS="LT31"
                    BASELINE="599 1082 2714 1077" 
                    HPOS="596"
                    VPOS="1035"
                    WIDTH="2118"
                    HEIGHT="92">
            <Shape><Polygon POINTS="599 1082 599 1108 953 1108 956 1108 1001 1125 1004 1125 1006 1127 1468 1127 1468 1125 1470 1125 1521 1110 1645 1125 1648 1125 1828 1110 2109 1122 2112 1122 2115 1122 2157 1105 2160 1105 2168 1105 2297 1119 2300 1122 2300 1119 2435 1105 2438 1105 2441 1105 2534 1122 2536 1122 2711 1102 2714 1077 2705 1035 596 1035 599 1082"/></Shape>
	    <String CONTENT="tant d Etats nouveaux nès appelèrent à règner sur eux an cours"
                    HPOS="596"
                    VPOS="1035"
                    WIDTH="2118"
                    HEIGHT="92"
                    WC="0.9929036308848669"></String>
          </TextLine>
          <TextLine ID="eSc_line_757bf92e"
                    TAGREFS="LT31"
                    BASELINE="599 1164 2705 1155" 
                    HPOS="596"
                    VPOS="1105"
                    WIDTH="2109"
                    HEIGHT="107">
            <Shape><Polygon POINTS="599 1164 599 1203 1032 1192 1074 1200 1125 1212 1127 1212 1310 1198 1344 1198 1383 1198 1636 1209 1639 1209 1642 1209 1645 1209 1662 1195 1665 1195 1687 1195 1859 1209 1861 1209 1864 1209 1904 1195 1999 1209 2002 1209 2005 1209 2050 1192 2064 1189 2078 1192 2131 1206 2134 1206 2137 1206 2219 1192 2235 1189 2300 1189 2303 1189 2323 1206 2325 1206 2328 1206 2331 1206 2334 1206 2376 1189 2387 1186 2404 1189 2455 1200 2458 1200 2587 1189 2615 1186 2618 1189 2643 1203 2646 1203 2649 1203 2652 1203 2655 1203 2705 1186 2705 1155 2700 1122 2289 1105 2286 1105 2283 1105 2221 1119 2115 1108 2112 1108 1546 1122 1485 1108 1482 1108 1479 1108 1476 1108 1437 1122 987 1110 984 1110 981 1110 978 1110 961 1125 961 1127 838 1127 832 1125 705 1110 703 1110 596 1125 599 1164"/></Shape>
	    <String CONTENT="du XIXe siècle, Leopold I es &lt;..... ... ...... ....... ... .......&gt;"
                    HPOS="596"
                    VPOS="1105"
                    WIDTH="2109"
                    HEIGHT="107"
                    WC="0.8890252798350889"></String>
          </TextLine>
          <TextLine ID="eSc_line_e77e477e"
                    TAGREFS="LT31"
                    BASELINE="601 1243 2725 1226" 
                    HPOS="599"
                    VPOS="1178"
                    WIDTH="2126"
                    HEIGHT="107">
            <Shape><Polygon POINTS="601 1243 601 1271 950 1285 953 1285 1074 1268 1110 1265 1243 1268 1645 1279 1648 1279 2019 1262 2055 1262 2061 1262 2095 1274 2098 1274 2100 1274 2103 1274 2137 1262 2157 1257 2185 1262 2247 1274 2250 1274 2325 1260 2370 1254 2444 1260 2539 1268 2542 1268 2545 1268 2565 1260 2576 1254 2584 1260 2604 1268 2607 1268 2610 1268 2612 1268 2615 1268 2629 1260 2638 1254 2722 1257 2725 1226 2719 1192 2373 1178 2370 1178 2272 1192 2157 1181 2154 1181 2022 1195 2013 1195 1999 1195 1743 1184 1740 1184 1634 1198 1625 1198 1575 1198 959 1189 956 1189 599 1203 601 1243"/></Shape>
	    <String CONTENT="&lt;..&gt; ne fut pas seulement le plus heureux, mais le plus labite Laae"
                    HPOS="599"
                    VPOS="1178"
                    WIDTH="2126"
                    HEIGHT="107"
                    WC="0.981912576440555"></String>
          </TextLine>
          <TextLine ID="eSc_line_0d7c85a1"
                    TAGREFS="LT31"
                    BASELINE="604 1316 1589 1321 2708 1299" 
                    HPOS="604"
                    VPOS="1251"
                    WIDTH="2104"
                    HEIGHT="99">
            <Shape><Polygon POINTS="604 1347 1830 1350 1833 1350 2154 1333 2199 1333 2233 1333 2508 1344 2511 1344 2705 1327 2708 1299 2700 1251 2508 1268 2348 1254 2317 1251 2314 1251 2311 1251 2306 1254 2278 1268 2185 1254 2171 1254 2168 1254 2154 1254 2041 1271 2005 1257 1999 1254 1996 1254 1994 1254 1971 1257 1867 1276 1451 1276 1333 1262 1299 1260 1296 1260 1265 1262 1164 1279 1080 1265 1060 1262 1057 1262 1054 1262 1043 1265 998 1279 604 1271 604 1316 604 1347"/></Shape>
	    <String CONTENT="&lt;..........&gt; Il a crée une ocuvre solide et durable et fondi"
                    HPOS="604"
                    VPOS="1251"
                    WIDTH="2104"
                    HEIGHT="99"
                    WC="0.9525790005922318"></String>
          </TextLine>
          <TextLine ID="eSc_line_68bce03d"
                    TAGREFS="LT31"
                    BASELINE="599 1397 2716 1380" 
                    HPOS="596"
                    VPOS="1333"
                    WIDTH="2120"
                    HEIGHT="95">
            <Shape><Polygon POINTS="599 1397 599 1425 1271 1428 1274 1428 1276 1428 1305 1417 1319 1414 1375 1417 1555 1428 1558 1428 1642 1414 1659 1411 1670 1414 1712 1425 1715 1425 1718 1425 2078 1411 2325 1423 2328 1423 2520 1406 2683 1420 2685 1420 2688 1420 2691 1420 2716 1403 2716 1380 2708 1333 1738 1347 1726 1344 1684 1333 1681 1333 1679 1333 1676 1333 1673 1333 1656 1344 1648 1350 1572 1347 1361 1335 1358 1335 1290 1350 1276 1352 1274 1350 1257 1338 1254 1338 1251 1338 1248 1338 990 1352 953 1338 950 1338 947 1338 596 1358 599 1397"/></Shape>
	    <String CONTENT="une tradition qui lui a survécu. Il se rendait justice et se réjomisait"
                    HPOS="596"
                    VPOS="1333"
                    WIDTH="2120"
                    HEIGHT="95"
                    WC="0.9948098013098811"></String>
          </TextLine>
          <TextLine ID="eSc_line_2dabef35"
                    TAGREFS="LT31"
                    BASELINE="599 1479 2691 1462" 
                    HPOS="596"
                    VPOS="1409"
                    WIDTH="2095"
                    HEIGHT="112">
            <Shape><Polygon POINTS="599 1479 599 1501 793 1501 795 1501 866 1521 869 1521 871 1521 874 1521 877 1521 902 1501 942 1499 967 1499 973 1499 995 1515 998 1515 1001 1515 1004 1515 1006 1515 1046 1499 1049 1499 1088 1518 1091 1518 1094 1521 1268 1521 1268 1518 1507 1496 1549 1515 1552 1515 1555 1518 1642 1518 1642 1515 1766 1493 1769 1493 1771 1493 1988 1504 1991 1504 2092 1490 2261 1510 2264 1510 2691 1482 2691 1462 2685 1425 2553 1409 2550 1409 2058 1425 1996 1411 1994 1411 1991 1411 1634 1431 1375 1417 1372 1417 1369 1417 1366 1417 1350 1431 1096 1420 1094 1420 720 1437 641 1423 638 1423 635 1423 596 1437 599 1479"/></Shape>
	    <String CONTENT="d&#x27;avoir réussi &quot;J&#x27;ai gâté le pays, disait il en 1845, en lui obte¬"
                    HPOS="596"
                    VPOS="1409"
                    WIDTH="2095"
                    HEIGHT="112"
                    WC="0.9887983302275339"></String>
          </TextLine>
          <TextLine ID="eSc_line_0d2164a2"
                    TAGREFS="LT31"
                    BASELINE="596 1558 2680 1546" 
                    HPOS="593"
                    VPOS="1496"
                    WIDTH="2087"
                    HEIGHT="98">
            <Shape><Polygon POINTS="596 1558 596 1577 708 1591 711 1591 810 1577 818 1577 824 1577 885 1594 888 1594 891 1594 894 1594 945 1577 947 1577 950 1577 1113 1594 1116 1594 1355 1577 1563 1591 1566 1591 1712 1572 1724 1572 1729 1572 1783 1589 1785 1589 1788 1589 1960 1572 1965 1572 1968 1572 2120 1583 2123 1583 2182 1569 2188 1569 2196 1569 2258 1586 2261 1586 2264 1586 2342 1569 2348 1569 2359 1569 2626 1586 2629 1586 2632 1586 2680 1566 2680 1546 2674 1510 2207 1496 2205 1496 2202 1496 2162 1510 2148 1513 2115 1510 2027 1499 2025 1499 1971 1510 1949 1513 593 1513 596 1558"/></Shape>
	    <String CONTENT="nant depuis quinge ans des choses auqquelles seul il n&#x27;avait pas"
                    HPOS="593"
                    VPOS="1496"
                    WIDTH="2087"
                    HEIGHT="98"
                    WC="0.9960240125656128"></String>
          </TextLine>
          <TextLine ID="eSc_line_9d03a54e"
                    TAGREFS="LT31"
                    BASELINE="596 1642 2646 1628" 
                    HPOS="593"
                    VPOS="1575"
                    WIDTH="2053"
                    HEIGHT="92">
            <Shape><Polygon POINTS="596 1642 596 1667 2643 1667 2646 1628 2643 1594 2593 1575 2590 1575 2587 1575 2444 1591 2295 1575 2292 1575 2289 1575 2286 1575 2264 1591 2241 1575 2238 1575 2235 1575 2233 1575 2106 1577 2103 1577 2100 1577 2078 1594 1920 1577 1918 1577 1721 1580 1718 1580 1665 1597 1662 1597 1617 1580 1614 1580 1611 1580 1608 1580 1605 1580 1583 1597 1583 1600 1507 1600 1507 1597 1485 1580 1482 1580 1479 1580 1476 1580 1386 1600 1378 1600 1369 1600 1319 1586 1316 1586 1313 1586 1310 1586 1307 1586 1288 1600 1282 1603 1080 1603 1077 1600 1049 1586 1046 1586 1043 1586 956 1600 939 1603 925 1600 860 1586 857 1586 855 1586 812 1600 804 1603 781 1600 638 1586 635 1586 632 1586 593 1600 596 1642"/></Shape>
	    <String CONTENT="la moidre chance de parvenir&quot;. Il fut dans toute la force du"
                    HPOS="593"
                    VPOS="1575"
                    WIDTH="2053"
                    HEIGHT="92"
                    WC="0.9963410417238872"></String>
          </TextLine>
          <TextLine ID="eSc_line_d57b72b5"
                    TAGREFS="LT31"
                    BASELINE="596 1718 1620 1729 2719 1704" 
                    HPOS="593"
                    VPOS="1656"
                    WIDTH="2126"
                    HEIGHT="115">
            <Shape><Polygon POINTS="596 1718 601 1763 621 1749 739 1760 779 1763 781 1763 784 1763 798 1760 835 1749 849 1760 860 1769 863 1769 866 1769 869 1771 956 1771 956 1769 959 1769 987 1757 1012 1746 1029 1757 1035 1760 1037 1760 1040 1760 1043 1760 1091 1755 1147 1749 1158 1755 1172 1766 1175 1766 1178 1766 1181 1766 1245 1755 1260 1752 1271 1752 1341 1766 1344 1766 1347 1766 1350 1766 1372 1752 1375 1752 1411 1752 1923 1760 1926 1760 1929 1760 1971 1743 1980 1740 1994 1743 2058 1757 2061 1757 2064 1757 2100 1740 2106 1740 2112 1740 2151 1752 2154 1752 2157 1752 2235 1740 2258 1738 2280 1740 2444 1757 2446 1757 2449 1757 2452 1757 2472 1740 2497 1752 2500 1752 2503 1752 2719 1732 2719 1704 2714 1667 2505 1656 2503 1656 2407 1667 2342 1676 2328 1667 2306 1656 2303 1656 2224 1656 2221 1656 2086 1670 2075 1670 2070 1670 2013 1659 2010 1659 2008 1659 1982 1670 1965 1679 1915 1670 1864 1665 1861 1665 1783 1673 1693 1681 1679 1673 1665 1662 1662 1662 1659 1662 1656 1662 1653 1662 1617 1673 1605 1676 1594 1673 1552 1662 1549 1662 1546 1662 1544 1662 1515 1673 1499 1681 1454 1676 1406 1667 1403 1667 1400 1667 1380 1676 1352 1687 1200 1687 1175 1676 1139 1665 1136 1665 1133 1665 1026 1679 939 1687 722 1687 708 1679 680 1667 677 1667 675 1667 593 1679 596 1718"/></Shape>
	    <String CONTENT="tenue ce que Palmerston avait préon qu&#x27;il serait &quot;n ton roi"
                    HPOS="593"
                    VPOS="1656"
                    WIDTH="2126"
                    HEIGHT="115"
                    WC="0.9971479581574262"></String>
          </TextLine>
          <TextLine ID="eSc_line_b93bfc63"
                    TAGREFS="LT31"
                    BASELINE="593 1811 2697 1791" 
                    HPOS="590"
                    VPOS="1726"
                    WIDTH="2107"
                    HEIGHT="124">
            <Shape><Polygon POINTS="593 1811 593 1833 655 1833 675 1850 677 1850 680 1850 683 1850 894 1830 1189 1847 1192 1847 1299 1828 1926 1839 1929 1839 2272 1822 2390 1836 2393 1836 2480 1816 2669 1828 2671 1828 2674 1828 2677 1828 2697 1814 2697 1791 2685 1726 2610 1755 2430 1755 2401 1732 2399 1732 2396 1732 2393 1732 2390 1732 2334 1755 2078 1738 2075 1738 2072 1738 2070 1738 2041 1755 2005 1738 2002 1738 1999 1738 1996 1738 1926 1757 1726 1743 1724 1743 1721 1743 1718 1743 1698 1763 1639 1763 1499 1743 1496 1743 1392 1763 1358 1740 1355 1740 1352 1740 1350 1740 1347 1740 1344 1740 1313 1766 1181 1766 590 1746 593 1811"/></Shape>
	    <String CONTENT="bilge&quot;. Ce &#x27;est pas que les détoires lui aient été éparqués dans la"
                    HPOS="590"
                    VPOS="1726"
                    WIDTH="2107"
                    HEIGHT="124"
                    WC="0.9887978443458899"></String>
          </TextLine>
          <TextLine ID="eSc_line_ca77bc25"
                    TAGREFS="LT31"
                    BASELINE="599 1892 2705 1870" 
                    HPOS="596"
                    VPOS="1814"
                    WIDTH="2109"
                    HEIGHT="109">
            <Shape><Polygon POINTS="599 1892 599 1920 1634 1923 1636 1923 1639 1923 1676 1906 1681 1906 1738 1906 2171 1918 2174 1918 2705 1892 2705 1870 2700 1833 2550 1833 2505 1814 2503 1814 2500 1814 2497 1814 2424 1833 2418 1833 2401 1833 2185 1816 2182 1816 2179 1816 2137 1833 2131 1836 2109 1833 2033 1825 2030 1825 1853 1836 1780 1839 1774 1836 1752 1822 1749 1822 1746 1822 1743 1822 1676 1836 1645 1845 1527 1845 1518 1836 1504 1825 1501 1825 1499 1825 1496 1825 1493 1825 1456 1836 1437 1842 1417 1836 1383 1828 1380 1828 1378 1828 1217 1839 1068 1847 1012 1839 961 1830 959 1830 914 1839 855 1850 787 1839 742 1833 739 1833 596 1839 599 1892"/></Shape>
	    <String CONTENT="tâche di ardue qu&#x27;il s&#x27;était imposée. Andehar. Auine d&#x27;Ancien"
                    HPOS="596"
                    VPOS="1814"
                    WIDTH="2109"
                    HEIGHT="109"
                    WC="0.9975298144778267"></String>
          </TextLine>
          <TextLine ID="eSc_line_8573bbb6"
                    TAGREFS="LT31"
                    BASELINE="604 1985 2683 1946" 
                    HPOS="601"
                    VPOS="1890"
                    WIDTH="2082"
                    HEIGHT="137">
            <Shape><Polygon POINTS="604 1985 604 2005 694 2027 697 2027 700 2027 781 2002 914 2002 939 2022 942 2022 945 2022 947 2025 1004 2025 1004 2022 1006 2022 1057 1999 1217 2010 1220 2010 1338 1996 1434 2013 1437 2013 1527 1996 1636 2010 1639 2010 1974 2002 1977 2002 2016 1982 2309 1996 2311 1996 2407 1980 2452 1994 2455 1994 2458 1994 2683 1965 2683 1946 2674 1909 2480 1912 2475 1909 2438 1890 2435 1890 2432 1890 2430 1890 2370 1912 2356 1918 2185 1918 2176 1912 2126 1895 2123 1895 2120 1895 2117 1895 2055 1915 2033 1920 2013 1915 1971 1898 1968 1898 1965 1898 1963 1898 1929 1915 1909 1926 1788 1926 1757 1918 1721 1904 1718 1904 1715 1904 1712 1904 1710 1904 1693 1918 1681 1926 1653 1918 1614 1906 1611 1906 1608 1906 1605 1906 1583 1918 1560 1929 1532 1918 1496 1906 1493 1906 1490 1906 1417 1920 1341 1935 1307 1920 1285 1912 1282 1912 1279 1912 1192 1923 1040 1940 821 1940 781 1926 765 1920 762 1920 759 1920 756 1920 745 1926 711 1946 689 1926 686 1923 683 1923 680 1923 677 1923 601 1926 604 1985"/></Shape>
	    <String CONTENT="Régime &lt;......&gt; souffrit longtemps du dédain que les cours"
                    HPOS="601"
                    VPOS="1890"
                    WIDTH="2082"
                    HEIGHT="137"
                    WC="0.9533463891210228"></String>
          </TextLine>
          <TextLine ID="eSc_line_5b0becd4"
                    TAGREFS="LT31"
                    BASELINE="590 2058 1783 2053 2666 2019" 
                    HPOS="587"
                    VPOS="1971"
                    WIDTH="2079"
                    HEIGHT="127">
            <Shape><Polygon POINTS="590 2058 590 2078 930 2078 1094 2098 1096 2098 1240 2081 1940 2084 1943 2084 2157 2055 2227 2067 2230 2067 2666 2044 2666 2019 2657 1971 2489 1991 2438 1974 2435 1974 2432 1974 2430 1974 2382 1996 2227 1980 2224 1980 2221 1980 2219 1980 2190 1999 2148 1982 2145 1982 2143 1982 2140 1982 2089 2005 1980 2005 1929 1982 1926 1982 1923 1982 1920 1982 1861 2008 1341 2013 1296 1999 1293 1999 1290 1999 1288 1999 1243 2016 1189 1996 1186 1996 1184 1996 1181 1996 1127 2016 1049 1999 1046 1999 1043 1999 998 2019 919 1999 916 1999 914 1999 911 1999 908 1999 908 2002 883 2022 587 2005 590 2058"/></Shape>
	    <String CONTENT="allemandes offritaient pour sa royanté révolutionnaire. Eu"
                    HPOS="587"
                    VPOS="1971"
                    WIDTH="2079"
                    HEIGHT="127"
                    WC="0.9903551453146441"></String>
          </TextLine>
          <TextLine ID="eSc_line_b7359a19"
                    TAGREFS="LT34"
                    BASELINE="2109 2082 2414 2068" 
                    HPOS="2109"
                    VPOS="2068"
                    WIDTH="305"
                    HEIGHT="14">
	    <String CONTENT=""
                    HPOS="2109"
                    VPOS="2068"
                    WIDTH="305"
                    HEIGHT="14"></String>
          </TextLine>
          <TextLine ID="eSc_line_24188496"
                    TAGREFS="LT31"
                    BASELINE="604 2145 2685 2100" 
                    HPOS="601"
                    VPOS="2041"
                    WIDTH="2084"
                    HEIGHT="144">
            <Shape><Polygon POINTS="604 2145 604 2176 807 2185 810 2185 812 2185 815 2185 829 2174 838 2168 863 2171 911 2179 914 2179 970 2168 1009 2162 1040 2168 1082 2176 1085 2176 1200 2165 1276 2157 1344 2160 1493 2171 1496 2171 1603 2154 1650 2148 1673 2154 1715 2165 1718 2165 1721 2165 1724 2165 1783 2151 1785 2151 1797 2151 2025 2160 2027 2160 2030 2160 2064 2145 2070 2143 2081 2143 2160 2157 2162 2157 2275 2140 2295 2137 2300 2140 2317 2148 2320 2148 2323 2148 2325 2148 2356 2137 2370 2131 2685 2129 2685 2100 2677 2058 2489 2064 2472 2061 2410 2041 2407 2041 2295 2041 2292 2041 2123 2047 2120 2047 2061 2067 2030 2078 1892 2078 1856 2070 1814 2058 1811 2058 1808 2058 1805 2058 1802 2058 1783 2070 1763 2084 1707 2084 1665 2072 1605 2058 1603 2058 1600 2058 1552 2072 1510 2089 1375 2089 1355 2078 1355 2075 1352 2075 1350 2075 1347 2075 1344 2075 1338 2078 1299 2089 1265 2078 1240 2070 1237 2070 1234 2070 1231 2070 1215 2078 1189 2092 1161 2081 1158 2081 1155 2081 1153 2081 1116 2095 1006 2081 967 2078 964 2078 961 2078 950 2084 922 2100 829 2100 801 2084 781 2075 779 2075 776 2075 601 2086 604 2145"/></Shape>
	    <String CONTENT="Belgique, la conduite des partis lui fit parfois &lt;.... ....&gt;"
                    HPOS="601"
                    VPOS="2041"
                    WIDTH="2084"
                    HEIGHT="144"
                    WC="0.9600756943225861"></String>
          </TextLine>
          <TextLine ID="eSc_line_5ad7c214"
                    TAGREFS="LT31"
                    BASELINE="590 2224 1636 2213 2702 2179" 
                    HPOS="587"
                    VPOS="2131"
                    WIDTH="2115"
                    HEIGHT="127">
            <Shape><Polygon POINTS="590 2224 590 2247 978 2258 981 2258 2700 2207 2702 2179 2697 2140 2413 2131 2410 2131 2407 2131 2356 2145 2334 2154 2162 2154 2151 2151 2123 2140 2120 2140 2117 2140 2115 2140 2086 2151 2075 2160 1870 2162 1811 2160 1679 2148 1676 2148 1673 2148 1631 2162 1611 2168 1524 2165 1327 2157 1324 2157 1321 2157 1319 2157 1302 2171 1296 2176 1091 2179 1074 2176 1026 2162 1023 2162 1020 2162 826 2165 587 2185 590 2224"/></Shape>
	    <String CONTENT="&lt;...&gt; la &quot;couronne d&#x27;épines&quot; et il lui arrere de regrether &lt;."
                    HPOS="587"
                    VPOS="2131"
                    WIDTH="2115"
                    HEIGHT="127"
                    WC="0.9742428220686365"></String>
          </TextLine>
          <TextLine ID="eSc_line_a4655453"
                    TAGREFS="LT31"
                    BASELINE="590 2297 2697 2269" 
                    HPOS="587"
                    VPOS="2219"
                    WIDTH="2110"
                    HEIGHT="106">
            <Shape><Polygon POINTS="590 2297 590 2325 2694 2297 2697 2269 2691 2233 2550 2219 2548 2219 2303 2233 2252 2235 2247 2233 2219 2221 2216 2221 2213 2221 2210 2221 2179 2233 2174 2238 1892 2238 1884 2235 1856 2224 1853 2224 1850 2224 1721 2235 1636 2244 1560 2238 1473 2230 1470 2230 1468 2230 1448 2238 1425 2247 1313 2238 1226 2233 1223 2233 1220 2233 1198 2238 1158 2250 1082 2241 1043 2235 1040 2235 1037 2235 1026 2241 1001 2255 843 2255 812 2241 804 2238 801 2238 798 2238 795 2238 787 2241 750 2255 587 2244 590 2297"/></Shape>
	    <String CONTENT="d&#x27;avoir refusé le tione de Grèce. En 1839 en 1848 des ancis de dé¬"
                    HPOS="587"
                    VPOS="2219"
                    WIDTH="2110"
                    HEIGHT="106"
                    WC="0.9983985694971952"></String>
          </TextLine>
          <TextLine ID="eSc_line_2734fe2c"
                    TAGREFS="LT31"
                    BASELINE="585 2376 2711 2356" 
                    HPOS="582"
                    VPOS="2300"
                    WIDTH="2129"
                    HEIGHT="118">
            <Shape><Polygon POINTS="585 2376 585 2399 821 2418 824 2418 826 2418 877 2399 888 2396 916 2399 1026 2415 1029 2415 1372 2399 1383 2399 1414 2413 1417 2413 1420 2413 1580 2399 1583 2399 1724 2410 1726 2410 1814 2396 1878 2387 2002 2396 2117 2404 2120 2404 2193 2396 2286 2385 2705 2393 2711 2356 2702 2300 2553 2303 2550 2303 2548 2303 2525 2320 2410 2303 2396 2303 2393 2303 2193 2309 2190 2309 2188 2309 2168 2323 2112 2309 2092 2306 2089 2306 2047 2311 1920 2328 1726 2328 1698 2317 1687 2311 1684 2311 1681 2311 1679 2311 1659 2317 1622 2328 1589 2317 1575 2314 1572 2314 1569 2314 1535 2320 1459 2331 1307 2323 1198 2317 1195 2317 1130 2325 1071 2334 1054 2328 1029 2317 1026 2317 1023 2317 1020 2317 1018 2317 1004 2328 995 2337 582 2337 585 2376"/></Shape>
	    <String CONTENT="courayement passagers lui firent parler de dénissioin. Mais &quot;l&#x27;hu¬"
                    HPOS="582"
                    VPOS="2300"
                    WIDTH="2129"
                    HEIGHT="118"
                    WC="0.982981778455503"></String>
          </TextLine>
          <TextLine ID="eSc_line_52950490"
                    TAGREFS="LT31"
                    BASELINE="579 2449 1957 2458 2722 2438" 
                    HPOS="579"
                    VPOS="2387"
                    WIDTH="2143"
                    HEIGHT="116">
            <Shape><Polygon POINTS="579 2477 739 2477 745 2477 793 2500 795 2500 798 2500 888 2483 967 2500 970 2503 1063 2503 1063 2500 1065 2500 1068 2500 1091 2483 1248 2500 1251 2500 1442 2480 1552 2500 1555 2500 1665 2483 1785 2500 1788 2503 1943 2503 1943 2500 1946 2500 1996 2483 2095 2500 2098 2500 2100 2500 2179 2477 2182 2477 2283 2477 2300 2491 2303 2491 2306 2491 2309 2491 2719 2475 2722 2438 2716 2390 2500 2387 2497 2387 2494 2387 2491 2387 2489 2390 2469 2404 2441 2390 2438 2390 2435 2390 2432 2390 2430 2390 2427 2390 2368 2413 2314 2393 2303 2387 2300 2387 2247 2387 2244 2387 2241 2387 2238 2387 2233 2393 2196 2413 1873 2399 1870 2399 1791 2413 1738 2396 1726 2393 1724 2393 1721 2393 1718 2393 1707 2396 1665 2413 1499 2413 1476 2399 1465 2390 1462 2390 1459 2390 1456 2390 1454 2390 1434 2399 1403 2415 1347 2415 1324 2399 1310 2390 1307 2390 1305 2390 1302 2390 1299 2390 1268 2401 1240 2410 1220 2401 1192 2387 1189 2387 1186 2387 1009 2401 1004 2401 1001 2401 925 2387 922 2387 919 2387 916 2387 894 2404 874 2413 579 2407 579 2449 579 2477"/></Shape>
	    <String CONTENT="meurs égale et facile, le calme philosoplaiques qui étaient les teintes"
                    HPOS="579"
                    VPOS="2387"
                    WIDTH="2143"
                    HEIGHT="116"
                    WC="0.9875968409256196"></String>
          </TextLine>
          <TextLine ID="eSc_line_1ea890f2"
                    TAGREFS="LT31"
                    BASELINE="576 2542 2019 2542 2708 2511" 
                    HPOS="576"
                    VPOS="2469"
                    WIDTH="2132"
                    HEIGHT="104">
            <Shape><Polygon POINTS="576 2565 1909 2573 1912 2573 2120 2565 2595 2548 2702 2565 2708 2511 2700 2469 2514 2483 2460 2469 2455 2469 2452 2469 2449 2469 2446 2469 2441 2469 2390 2489 2275 2472 2247 2469 2244 2469 2224 2472 2123 2497 1904 2500 1296 2500 1274 2486 1271 2486 1268 2486 1265 2486 1262 2486 1223 2505 1029 2505 978 2486 967 2480 964 2480 961 2480 959 2480 945 2486 897 2503 871 2486 869 2483 866 2483 863 2483 860 2483 857 2483 849 2486 815 2500 773 2486 759 2483 756 2483 627 2483 624 2483 621 2483 618 2483 613 2489 599 2500 576 2489 576 2542 576 2565"/></Shape>
	    <String CONTENT="sailleutes de sus caractire &quot; reprenaient bientôt le dessus dans"
                    HPOS="576"
                    VPOS="2469"
                    WIDTH="2132"
                    HEIGHT="104"
                    WC="0.9940282590687275"></String>
          </TextLine>
          <TextLine ID="eSc_line_c2445aa6"
                    TAGREFS="LT31"
                    BASELINE="582 2629 1870 2626 2725 2607" 
                    HPOS="579"
                    VPOS="2548"
                    WIDTH="2146"
                    HEIGHT="123">
            <Shape><Polygon POINTS="582 2629 582 2655 894 2655 945 2669 947 2669 950 2669 953 2669 956 2669 975 2652 978 2652 1068 2652 1071 2652 1091 2669 1094 2669 1096 2669 1099 2671 1200 2671 1200 2669 1279 2652 1513 2666 1515 2666 1617 2649 1622 2649 1625 2649 1653 2663 1656 2663 1659 2666 1890 2666 1890 2663 1991 2649 2008 2646 2022 2646 2112 2660 2115 2663 2216 2663 2216 2660 2219 2660 2244 2646 2255 2640 2292 2646 2340 2655 2342 2655 2415 2646 2441 2643 2444 2646 2460 2657 2463 2657 2466 2657 2469 2657 2550 2646 2607 2638 2722 2643 2725 2607 2719 2556 2610 2548 2607 2548 2604 2548 2581 2556 2539 2573 2500 2556 2491 2553 2489 2553 2320 2550 2317 2550 2280 2559 2199 2576 2162 2559 2151 2553 2148 2553 2145 2553 2112 2559 2064 2567 2050 2559 2041 2553 2039 2553 2036 2553 2033 2553 2030 2553 2027 2553 2019 2559 1996 2576 1906 2565 1904 2565 1901 2565 1898 2565 1873 2581 1721 2581 1681 2562 1679 2562 1676 2562 1670 2562 1560 2581 1375 2565 1316 2559 1313 2559 1310 2559 1293 2565 1234 2584 1195 2567 1192 2567 1189 2567 1186 2567 1141 2579 1049 2565 1012 2562 1009 2562 1006 2562 987 2567 902 2587 579 2570 582 2629"/></Shape>
	    <String CONTENT="cette âme forte. &lt;.id.i .. .. ......... ndait nsb&gt;"
                    HPOS="579"
                    VPOS="2548"
                    WIDTH="2146"
                    HEIGHT="123"
                    WC="0.9452069967985153"></String>
          </TextLine>
          <TextLine ID="eSc_line_0df8637a"
                    TAGREFS="LT31"
                    BASELINE="576 2714 2716 2688" 
                    HPOS="573"
                    VPOS="2632"
                    WIDTH="2143"
                    HEIGHT="110">
            <Shape><Polygon POINTS="576 2714 576 2739 1760 2742 1763 2742 2714 2714 2716 2688 2711 2655 2505 2655 2458 2632 2455 2632 2452 2632 2449 2632 2410 2655 2407 2655 2354 2655 2137 2643 2134 2643 2055 2655 1994 2663 1940 2663 1926 2655 1904 2638 1901 2638 1898 2638 1895 2638 1892 2638 1830 2655 1800 2660 1755 2655 1724 2649 1721 2649 1698 2655 1653 2663 1575 2655 1496 2643 1493 2643 1490 2643 1462 2655 1440 2660 1403 2655 1352 2643 1350 2643 1347 2643 1327 2655 1299 2666 1192 2655 1170 2652 1167 2652 1164 2652 1161 2652 1161 2655 1136 2669 1080 2655 1051 2646 1049 2646 1046 2646 1043 2646 1029 2655 998 2669 967 2657 964 2657 961 2657 959 2657 916 2674 807 2674 781 2655 781 2652 779 2652 776 2652 773 2652 573 2652 576 2714"/></Shape>
	    <String CONTENT="Dédaiquant la popularité, il ne craiquait pas de le rendre impopu¬"
                    HPOS="573"
                    VPOS="2632"
                    WIDTH="2143"
                    HEIGHT="110"
                    WC="0.9911111900300691"></String>
          </TextLine>
          <TextLine ID="eSc_line_2d1f8f38"
                    TAGREFS="LT31"
                    BASELINE="573 2790 2680 2764" 
                    HPOS="570"
                    VPOS="2716"
                    WIDTH="2110"
                    HEIGHT="113">
            <Shape><Polygon POINTS="573 2790 573 2815 734 2826 736 2826 835 2812 852 2812 855 2812 874 2829 877 2829 880 2829 883 2829 885 2829 888 2829 914 2812 916 2812 922 2812 992 2826 995 2826 1248 2809 1302 2806 1307 2809 1330 2820 1333 2820 1335 2820 1338 2820 1372 2806 1375 2806 1380 2806 1420 2823 1423 2823 1425 2823 1546 2809 1738 2820 1740 2820 1963 2818 1965 2818 1968 2818 1985 2804 2584 2809 2587 2809 2677 2792 2680 2764 2674 2728 2213 2716 2210 2716 2092 2728 2041 2733 2025 2728 1994 2719 1991 2719 1988 2719 1985 2719 1982 2719 1971 2730 1957 2736 1890 2730 1811 2722 1808 2722 1721 2730 1625 2739 1552 2730 1499 2725 1496 2725 1493 2725 1479 2730 1459 2742 1372 2730 1333 2728 1330 2728 1327 2728 1324 2728 1321 2730 1305 2742 1212 2733 1186 2730 1184 2730 1158 2733 1023 2747 840 2733 821 2733 818 2733 815 2733 812 2733 770 2750 570 2736 573 2790"/></Shape>
	    <String CONTENT="loire. &lt;.... .. .. .... ... .. .... .&gt;"
                    HPOS="570"
                    VPOS="2716"
                    WIDTH="2110"
                    HEIGHT="113"
                    WC="0.8777330611881456"></String>
          </TextLine>
          <TextLine ID="eSc_line_b098c8ad"
                    TAGREFS="LT31"
                    BASELINE="562 2874 2708 2854" 
                    HPOS="559"
                    VPOS="2801"
                    WIDTH="2149"
                    HEIGHT="104">
            <Shape><Polygon POINTS="562 2874 562 2891 708 2905 711 2905 877 2891 894 2891 916 2891 1153 2902 1155 2902 1397 2888 1485 2885 2708 2885 2708 2854 2702 2815 2390 2801 2387 2801 2219 2815 2182 2818 2162 2815 2084 2804 2081 2804 2078 2804 2041 2815 2027 2823 559 2823 562 2874"/></Shape>
	    <String CONTENT="&lt;.&gt; Au fond &lt;....&gt; s&#x27;il gouvernma"
                    HPOS="559"
                    VPOS="2801"
                    WIDTH="2149"
                    HEIGHT="104"
                    WC="0.9408711032433943"></String>
          </TextLine>
          <TextLine ID="eSc_line_24aff32e"
                    TAGREFS="LT31"
                    BASELINE="570 2953 1209 2936 2708 2930" 
                    HPOS="568"
                    VPOS="2871"
                    WIDTH="2140"
                    HEIGHT="107">
            <Shape><Polygon POINTS="570 2953 570 2978 2708 2958 2708 2930 2702 2885 2615 2871 2612 2871 2610 2871 2581 2885 2573 2891 2317 2891 2311 2888 2292 2874 2289 2874 2286 2874 2283 2874 2075 2891 2027 2894 2019 2891 1982 2877 1980 2877 1977 2877 1974 2877 1940 2894 1937 2894 1918 2877 1915 2877 1912 2877 1909 2877 1791 2891 1743 2877 1740 2877 1738 2877 1622 2896 1611 2896 1591 2896 1392 2880 1389 2880 1386 2880 1344 2899 1341 2899 1335 2899 1265 2882 1262 2882 1125 2899 1054 2882 1051 2882 1049 2882 1046 2882 1009 2902 871 2902 829 2885 826 2885 824 2885 821 2885 781 2905 658 2905 621 2885 618 2885 615 2885 613 2885 568 2902 570 2953"/></Shape>
	    <String CONTENT="d&#x27;accord avec l&#x27;apinion, il la méprisait. &lt;.. ..... ......&gt;"
                    HPOS="568"
                    VPOS="2871"
                    WIDTH="2140"
                    HEIGHT="107"
                    WC="0.958444814560777"></String>
          </TextLine>
          <TextLine ID="eSc_line_95bbd00b"
                    TAGREFS="LT31"
                    BASELINE="568 3026 2700 3009" 
                    HPOS="565"
                    VPOS="2958"
                    WIDTH="2135"
                    HEIGHT="107">
            <Shape><Polygon POINTS="568 3026 570 3065 615 3048 1144 3060 1223 3060 1226 3060 1229 3060 1234 3057 1279 3043 1445 3057 1473 3057 1476 3057 1479 3057 1482 3057 1482 3054 1501 3043 1597 3054 1628 3057 1631 3057 1634 3057 1642 3054 1670 3040 2694 3040 2700 3009 2691 2958 565 2978 568 3026"/></Shape>
	    <String CONTENT="&lt;..... .. ..   .. . ...&gt;"
                    HPOS="565"
                    VPOS="2958"
                    WIDTH="2135"
                    HEIGHT="107"
                    WC="0.861126164595286"></String>
          </TextLine>
          <TextLine ID="eSc_line_ae5fbbea"
                    TAGREFS="LT31"
                    BASELINE="556 3113 1485 3096 2702 3102" 
                    HPOS="554"
                    VPOS="3037"
                    WIDTH="2148"
                    HEIGHT="110">
            <Shape><Polygon POINTS="556 3113 556 3147 655 3130 691 3144 694 3144 697 3147 739 3147 1029 3147 1029 3144 1032 3144 1037 3141 1065 3127 1217 3138 1299 3144 1302 3144 1338 3135 1406 3121 1636 3121 1659 3133 1676 3141 1679 3141 1681 3141 1766 3130 1839 3121 1878 3130 1935 3141 1937 3141 2188 3124 2286 3119 2323 3121 2444 3138 2446 3138 2449 3138 2497 3121 2503 3119 2511 3119 2573 3133 2576 3133 2700 3116 2702 3102 2694 3037 2624 3057 2539 3043 2536 3043 2418 3054 2370 3040 2356 3037 2354 3037 2351 3037 2328 3040 2252 3057 2036 3045 1929 3040 1926 3040 1923 3040 1904 3045 1875 3057 1850 3048 1828 3040 1825 3040 1822 3040 1819 3040 1791 3048 1749 3060 1684 3048 1617 3040 1614 3040 1611 3040 1586 3051 1566 3062 1487 3062 1470 3051 1448 3040 1445 3040 1442 3040 1321 3054 1254 3062 1240 3057 1220 3045 1217 3045 1215 3045 1212 3045 1172 3057 1150 3062 1139 3057 1122 3045 1119 3045 1116 3045 1113 3045 1110 3045 1065 3057 978 3043 975 3043 973 3043 970 3043 947 3060 942 3065 705 3065 700 3062 604 3043 601 3043 599 3043 554 3060 556 3113"/></Shape>
	    <String CONTENT="&lt;... .... .. .. . .....&gt; Il n&#x27;éprouvait qu&#x27;auti"
                    HPOS="554"
                    VPOS="3037"
                    WIDTH="2148"
                    HEIGHT="110"
                    WC="0.8979638421789129"></String>
          </TextLine>
          <TextLine ID="eSc_line_0f421e9c"
                    TAGREFS="LT31"
                    BASELINE="568 3192 2677 3172" 
                    HPOS="565"
                    VPOS="3116"
                    WIDTH="2112"
                    HEIGHT="118">
            <Shape><Polygon POINTS="568 3192 568 3234 672 3211 770 3211 810 3231 812 3231 815 3231 818 3231 871 3209 1186 3223 1189 3223 1279 3209 1324 3225 1327 3225 1330 3225 1333 3225 1352 3225 1555 3203 1752 3203 1785 3220 1788 3220 1791 3220 1794 3220 2674 3206 2677 3172 2671 3130 2539 3116 2536 3116 2421 3130 2370 3135 2351 3130 2320 3121 2317 3121 2314 3121 2311 3121 2286 3130 2269 3135 2033 3133 1603 3124 1600 3124 1597 3124 1594 3124 1583 3135 1575 3144 1414 3147 1223 3147 1212 3135 1200 3127 1198 3127 1195 3127 1192 3127 1006 3130 1004 3130 1001 3130 992 3138 978 3147 565 3141 568 3192"/></Shape>
	    <String CONTENT="pathie pour ces lebéraux et ces catholiques qui, avec lesquels il ne"
                    HPOS="565"
                    VPOS="3116"
                    WIDTH="2112"
                    HEIGHT="118"
                    WC="0.9788817719501608"></String>
          </TextLine>
          <TextLine ID="eSc_line_82df4323"
                    TAGREFS="LT31"
                    BASELINE="556 3268 2705 3256" 
                    HPOS="554"
                    VPOS="3200"
                    WIDTH="2151"
                    HEIGHT="113">
            <Shape><Polygon POINTS="556 3268 556 3299 660 3293 677 3301 703 3313 705 3313 708 3313 824 3301 902 3293 930 3301 961 3310 964 3310 967 3310 970 3310 990 3301 1006 3290 1181 3290 1237 3301 1276 3310 1279 3313 1563 3313 1563 3310 1665 3304 1867 3287 1977 3304 2005 3307 2008 3307 2010 3307 2019 3304 2058 3287 2120 3304 2134 3307 2137 3307 2140 3307 2157 3304 2227 3285 2401 3285 2430 3304 2432 3304 2435 3304 2438 3304 2441 3304 2472 3290 2700 3304 2705 3256 2697 3206 2480 3217 2424 3209 2376 3200 2373 3200 2334 3209 2297 3217 2283 3209 2269 3200 2266 3200 2264 3200 2261 3200 2086 3203 2084 3203 2081 3203 2067 3211 2050 3223 1960 3223 1861 3214 1673 3203 1670 3203 1667 3203 1631 3217 1614 3225 1229 3225 1220 3223 1133 3206 1130 3206 1127 3206 1091 3223 1085 3225 1032 3225 613 3209 610 3209 607 3209 554 3225 556 3268"/></Shape>
	    <String CONTENT="dut plus cesses de compter à partis de 1039. Mais il ne les confendait"
                    HPOS="554"
                    VPOS="3200"
                    WIDTH="2151"
                    HEIGHT="113"
                    WC="0.9765564732148614"></String>
          </TextLine>
        </TextBlock>
      </PrintSpace>
    </Page>
  </Layout>
</alto>
