<?xml version="1.0" encoding="UTF-8"?>
<alto xmlns:xsi="http://www.w3.org/2001/XMLSchema-instance"
      xmlns="http://www.loc.gov/standards/alto/ns-v4#"
      xsi:schemaLocation="http://www.loc.gov/standards/alto/ns-v4# http://www.loc.gov/standards/alto/v4/alto-4-2.xsd">
  <Description>
    <MeasurementUnit>pixel</MeasurementUnit>
    <sourceImageInformation>
      <fileName>ARCH-DIV-000496_0202.png</fileName>
    </sourceImageInformation>
  </Description>
  <Tags>
    <OtherTag ID="BT42" LABEL="MainZone" DESCRIPTION="block type MainZone"/><OtherTag ID="BT43" LABEL="MarginTextZone" DESCRIPTION="block type MarginTextZone"/><OtherTag ID="BT44" LABEL="NumberingZone" DESCRIPTION="block type NumberingZone"/><OtherTag ID="BT45" LABEL="TitlePageZone" DESCRIPTION="block type TitlePageZone"/><OtherTag ID="BT46" LABEL="CustomZone:Numbering" DESCRIPTION="block type CustomZone:Numbering"/><OtherTag ID="BT49" LABEL="MarginTextZone:lower" DESCRIPTION="block type MarginTextZone:lower"/>
    <OtherTag ID="LT25" LABEL="default" DESCRIPTION="line type default"/><OtherTag ID="LT31" LABEL="DefaultLine" DESCRIPTION="line type DefaultLine"/><OtherTag ID="LT32" LABEL="HeadingLine" DESCRIPTION="line type HeadingLine"/><OtherTag ID="LT33" LABEL="InterlinearLine:addition" DESCRIPTION="line type InterlinearLine:addition"/><OtherTag ID="LT34" LABEL="InterlinearLine:correction" DESCRIPTION="line type InterlinearLine:correction"/>
  </Tags>
  <Layout>
    <Page WIDTH="2790"
          HEIGHT="3349"
          PHYSICAL_IMG_NR="201"
          ID="eSc_dummypage_">
      <PrintSpace HPOS="0"
                  VPOS="0"
                  WIDTH="2790"
                  HEIGHT="3349">
        <TextBlock HPOS="154"
                   VPOS="77"
                   WIDTH="300"
                   HEIGHT="241"
                   ID="eSc_textblock_a4f83d39"
                   TAGREFS="BT44">
          <Shape><Polygon POINTS="454 318 454 77 154 77 154 318"/></Shape>
          <TextLine ID="eSc_line_5a3feaa6"
                    TAGREFS="LT31"
                    BASELINE="220 155 422 156" 
                    HPOS="237"
                    VPOS="106"
                    WIDTH="148"
                    HEIGHT="153">
            <Shape><Polygon POINTS="374 106 312 106 293 111 265 114 237 117 240 164 240 245 310 259 312 259 315 259 385 223 385 159 382 133 377 108"/></Shape>
	    <String CONTENT="191)"
                    HPOS="237"
                    VPOS="106"
                    WIDTH="148"
                    HEIGHT="153"
                    WC="0.9680297672748566"></String>
          </TextLine>
        </TextBlock>
        <TextBlock HPOS="23"
                   VPOS="427"
                   WIDTH="490"
                   HEIGHT="464"
                   ID="eSc_textblock_efd6078d"
                   TAGREFS="BT43">
          <Shape><Polygon POINTS="23 427 23 891 513 891 513 427"/></Shape>
          <TextLine ID="eSc_line_bb53b930"
                    TAGREFS="LT31"
                    BASELINE="61 530 407 519" 
                    HPOS="58"
                    VPOS="474"
                    WIDTH="349"
                    HEIGHT="89">
            <Shape><Polygon POINTS="142 524 114 519 86 513 83 493 58 493 61 530 61 563 407 541 407 519 399 474 156 488 142 524"/></Shape>
	    <String CONTENT="it y en avait"
                    HPOS="58"
                    VPOS="474"
                    WIDTH="349"
                    HEIGHT="89"
                    WC="0.9711719155311584"></String>
          </TextLine>
          <TextLine ID="eSc_line_604d898f"
                    TAGREFS="LT31"
                    BASELINE="61 594 449 586" 
                    HPOS="58"
                    VPOS="535"
                    WIDTH="391"
                    HEIGHT="84">
            <Shape><Polygon POINTS="114 558 86 563 58 588 61 594 61 619 446 619 449 586 444 549 357 535 354 535 117 552 114 558"/></Shape>
	    <String CONTENT="116-090 Balon"
                    HPOS="58"
                    VPOS="535"
                    WIDTH="391"
                    HEIGHT="84"
                    WC="0.9975842971068162"></String>
          </TextLine>
          <TextLine ID="eSc_line_c6c5f60d"
                    TAGREFS="LT31"
                    BASELINE="61 664 363 644" 
                    HPOS="55"
                    VPOS="608"
                    WIDTH="308"
                    HEIGHT="84">
            <Shape><Polygon POINTS="61 664 61 692 363 661 363 644 354 608 55 611 61 664"/></Shape>
	    <String CONTENT="p. 344 sur"
                    HPOS="55"
                    VPOS="608"
                    WIDTH="308"
                    HEIGHT="84"
                    WC="0.9597423017024994"></String>
          </TextLine>
          <TextLine ID="eSc_line_1ee8d72f"
                    TAGREFS="LT31"
                    BASELINE="53 722 410 708" 
                    HPOS="47"
                    VPOS="667"
                    WIDTH="363"
                    HEIGHT="100">
            <Shape><Polygon POINTS="53 722 55 764 145 742 270 742 287 753 296 761 304 761 304 767 307 767 310 767 312 767 410 745 410 708 402 667 47 675 53 722"/></Shape>
	    <String CONTENT="1700000 telges"
                    HPOS="47"
                    VPOS="667"
                    WIDTH="363"
                    HEIGHT="100"
                    WC="0.9916148015430996"></String>
          </TextLine>
          <TextLine ID="eSc_line_68da57e6"
                    TAGREFS="LT31"
                    BASELINE="81 764 304 764" 
                    HPOS="114"
                    VPOS="725"
                    WIDTH="190"
                    HEIGHT="70">
            <Shape><Polygon POINTS="114 795 304 792 304 764 304 728 114 725 114 764"/></Shape>
	    <String CONTENT="majoir"
                    HPOS="114"
                    VPOS="725"
                    WIDTH="190"
                    HEIGHT="70"
                    WC="0.827511211236318"></String>
          </TextLine>
        </TextBlock>
        <TextBlock HPOS="481"
                   VPOS="0"
                   WIDTH="2309"
                   HEIGHT="3349"
                   ID="eSc_textblock_0aaf4cfd"
                   TAGREFS="BT42">
          <Shape><Polygon POINTS="548 0 481 3349 1301 3348 2729 3345 2790 34"/></Shape>
          <TextLine ID="eSc_line_04dcc2f9"
                    TAGREFS="LT31"
                    BASELINE="611 106 2097 114 2757 147" 
                    HPOS="608"
                    VPOS="58"
                    WIDTH="1966"
                    HEIGHT="101">
            <Shape><Polygon POINTS="2200 117 2172 111 2144 111 2116 111 2089 111 2061 111 2033 111 2005 111 1977 111 1949 111 1921 111 1893 111 1865 111 1837 111 1809 111 1781 111 1753 111 1725 111 1698 111 1670 111 1642 111 1614 108 1586 106 1558 100 1530 94 1502 89 1474 83 1460 80 1407 80 1382 78 1103 58 1100 58 930 72 865 61 860 64 832 64 804 64 776 64 748 64 720 64 717 61 667 66 664 69 636 83 611 94 611 106 608 128 2569 159 2574 136 2572 89 2304 89 2301 86 2264 69 2262 69 2259 69 2256 69 2234 78 2228 108"/></Shape>
	    <String CONTENT="&lt;...... .....&gt; leur carisme democratique ne pe"
                    HPOS="608"
                    VPOS="58"
                    WIDTH="1966"
                    HEIGHT="101"
                    WC="0.9194231240645699"></String>
          </TextLine>
          <TextLine ID="eSc_line_ba1a6c3d"
                    TAGREFS="LT31"
                    BASELINE="608 189 1002 173 2700 186" 
                    HPOS="608"
                    VPOS="122"
                    WIDTH="2092"
                    HEIGHT="98">
            <Shape><Polygon POINTS="2449 181 2421 178 2393 181 2365 181 2337 178 2309 175 2281 173 2253 170 2225 167 2197 167 2170 164 2156 145 1885 145 1873 142 1846 131 1843 131 1524 128 1522 128 1463 139 1452 142 1446 139 1415 128 1413 128 1145 125 1142 125 770 139 720 139 714 139 689 122 687 122 684 122 681 122 608 136 608 189 608 209 974 195 1010 212 1013 212 1016 212 1019 212 1050 212 1348 198 1482 212 1508 214 1510 214 1536 212 1672 198 1767 198 1787 214 1790 217 1792 217 1795 217 1798 217 1837 214 1954 200 2089 214 2128 217 2130 217 2153 214 2200 206 2214 214 2220 220 2223 220 2225 220 2228 220 2276 214 2368 203 2695 214 2700 186 2695 145 2468 145 2449 181"/></Shape>
	    <String CONTENT="le supporter plus longtemps. Il n&#x27;était plus pour eux qu une a piesre"
                    HPOS="608"
                    VPOS="122"
                    WIDTH="2092"
                    HEIGHT="98"
                    WC="0.9864745736122131"></String>
          </TextLine>
          <TextLine ID="eSc_line_cebc29fb"
                    TAGREFS="LT31"
                    BASELINE="606 253 1234 237 2700 251" 
                    HPOS="606"
                    VPOS="186"
                    WIDTH="2094"
                    HEIGHT="95">
            <Shape><Polygon POINTS="2697 242 2672 212 2471 198 2468 198 2401 212 2348 192 2345 192 2343 192 2340 192 2292 212 2290 214 2220 214 2217 212 2195 192 2192 192 2189 192 2186 192 2183 192 2122 209 1985 189 1982 189 1862 209 1818 189 1815 189 1812 189 1689 206 1653 189 1650 189 1647 189 1644 189 1577 209 1438 189 1435 189 1240 203 1214 186 1212 186 1209 186 1206 186 1108 209 957 209 902 186 899 186 896 186 893 186 835 209 606 209 606 253 606 273 1248 262 1396 279 1415 279 1418 279 1469 279 1823 265 1929 279 1932 279 1940 279 2452 267 2695 281 2700 251 2697 242 2697 242"/></Shape>
	    <String CONTENT="vonoulue&quot; dans l&#x27;édifice constitutionuel. Proupés autour du puis¬"
                    HPOS="606"
                    VPOS="186"
                    WIDTH="2094"
                    HEIGHT="95"
                    WC="0.9893263477545519"></String>
          </TextLine>
          <TextLine ID="eSc_line_eeb3943b"
                    TAGREFS="LT31"
                    BASELINE="603 323 1242 306 2295 309 2711 323" 
                    HPOS="600"
                    VPOS="256"
                    WIDTH="2111"
                    HEIGHT="95">
            <Shape><Polygon POINTS="2703 279 2390 279 2318 256 2315 256 2312 256 2217 276 2122 256 2119 256 1977 273 1865 256 1862 256 1860 256 1801 273 1753 256 1751 256 1748 256 1340 270 1156 256 1153 256 1150 256 1108 279 807 279 784 262 781 262 779 262 776 262 600 279 603 323 603 346 1050 332 1094 348 1097 348 1100 348 1103 348 1105 348 1108 348 1131 332 1329 332 1401 348 1410 348 1413 348 1415 348 1418 348 1446 332 1765 332 1876 348 1882 348 1885 348 1890 348 1968 332 2047 348 2049 348 2052 351 2709 351 2711 323 2709 290 2703 279"/></Shape>
	    <String CONTENT="sant et génerux orateur qu&#x27;était Paut Janson, il partiéspaient à su"
                    HPOS="600"
                    VPOS="256"
                    WIDTH="2111"
                    HEIGHT="95"
                    WC="0.9829972465248669"></String>
          </TextLine>
          <TextLine ID="eSc_line_da295f2d"
                    TAGREFS="LT31"
                    BASELINE="611 396 1094 379 2675 371" 
                    HPOS="608"
                    VPOS="320"
                    WIDTH="2067"
                    HEIGHT="104">
            <Shape><Polygon POINTS="611 396 611 424 770 407 1016 418 1019 418 1131 404 1186 418 1189 418 1192 418 1195 418 1245 404 1290 418 1293 418 1295 418 1298 418 1301 418 1304 418 1332 401 1508 415 1524 415 1527 415 1541 415 1698 399 1784 413 1792 413 1795 415 2030 415 2030 413 2033 413 2035 413 2035 410 2038 410 2052 396 2144 410 2164 410 2167 410 2170 410 2178 407 2228 396 2290 407 2312 410 2315 410 2672 401 2675 371 2667 334 2248 334 2211 320 2209 320 2206 320 2203 320 2200 320 2178 334 1977 323 1974 323 1851 337 1739 323 1737 323 1374 340 1326 326 1323 326 1320 326 1318 326 1284 343 1270 329 1267 329 1265 329 969 329 966 329 608 348 611 396"/></Shape>
	    <String CONTENT="popularité. &lt;......... .. .  .&gt; Leur pesse me¬"
                    HPOS="608"
                    VPOS="320"
                    WIDTH="2067"
                    HEIGHT="104"
                    WC="0.8924269119034642"></String>
          </TextLine>
          <TextLine ID="eSc_line_f85a771a"
                    TAGREFS="LT31"
                    BASELINE="597 460 1703 438 2725 443" 
                    HPOS="594"
                    VPOS="387"
                    WIDTH="2131"
                    HEIGHT="93">
            <Shape><Polygon POINTS="597 460 597 480 2722 466 2725 443 2722 399 1927 387 1924 387 1829 404 1823 404 1818 404 1756 390 1753 390 1499 407 1480 407 1463 407 1259 393 1256 393 1253 393 1220 410 1200 396 1198 396 1195 396 1192 396 1111 410 1108 410 1103 410 1024 396 1022 396 935 413 921 413 896 413 728 399 726 399 594 413 597 460"/></Shape>
	    <String CONTENT="nait illassablement campague contre l&#x27;injustifiable privilège qui sou¬"
                    HPOS="594"
                    VPOS="387"
                    WIDTH="2131"
                    HEIGHT="93"
                    WC="0.9894140711852483"></String>
          </TextLine>
          <TextLine ID="eSc_line_b206a161"
                    TAGREFS="LT31"
                    BASELINE="592 521 1471 502 2700 502" 
                    HPOS="589"
                    VPOS="452"
                    WIDTH="2111"
                    HEIGHT="92">
            <Shape><Polygon POINTS="592 521 592 544 2697 527 2700 502 2695 452 589 471 592 521"/></Shape>
	    <String CONTENT="mettait un pays de ceux millions d&#x27;âmes à la volornté de 12000 0 &lt;.&gt;"
                    HPOS="589"
                    VPOS="452"
                    WIDTH="2111"
                    HEIGHT="92"
                    WC="0.9857721691546233"></String>
          </TextLine>
          <TextLine ID="eSc_line_763acabb"
                    TAGREFS="LT31"
                    BASELINE="597 586 1418 566 2678 555" 
                    HPOS="594"
                    VPOS="510"
                    WIDTH="2084"
                    HEIGHT="101">
            <Shape><Polygon POINTS="597 586 597 611 2675 577 2678 555 2669 510 1580 530 1552 530 1432 519 1429 519 1346 533 1337 533 1332 533 1276 521 1273 521 1008 538 991 538 980 538 804 527 801 527 798 527 795 527 779 541 650 530 647 530 645 530 594 544 597 586"/></Shape>
	    <String CONTENT="&lt;...&gt; contri buables. Iirvétait pluspossibles de &lt;..r &lt;.... .....&gt;"
                    HPOS="594"
                    VPOS="510"
                    WIDTH="2084"
                    HEIGHT="101"
                    WC="0.9348395250060342"></String>
          </TextLine>
          <TextLine ID="eSc_line_572152b7"
                    TAGREFS="LT31"
                    BASELINE="594 647 2683 613" 
                    HPOS="592"
                    VPOS="563"
                    WIDTH="2091"
                    HEIGHT="109">
            <Shape><Polygon POINTS="594 647 594 672 2683 644 2683 613 2678 580 2510 563 2507 563 2505 563 2502 563 2474 580 1935 574 1932 574 1929 574 1893 588 1846 574 1843 574 1840 574 1586 594 1463 580 1460 580 1287 600 1237 586 1234 586 1231 586 935 605 636 594 633 594 631 594 592 608 594 647"/></Shape>
	    <String CONTENT="&lt;..it .. ......... .... .. .... .&gt; a s&#x27;alstiner"
                    HPOS="592"
                    VPOS="563"
                    WIDTH="2091"
                    HEIGHT="109"
                    WC="0.9184308001335632"></String>
          </TextLine>
          <TextLine ID="eSc_line_1b55436e"
                    TAGREFS="LT31"
                    BASELINE="606 708 849 694 2711 675" 
                    HPOS="603"
                    VPOS="630"
                    WIDTH="2108"
                    HEIGHT="106">
            <Shape><Polygon POINTS="606 708 606 736 902 731 904 731 932 717 1047 731 1050 731 1052 731 1103 714 1312 728 1323 728 1326 728 1346 728 1625 708 1686 722 1689 722 1692 722 1698 722 1918 706 2002 720 2013 720 2016 720 2055 720 2365 700 2396 714 2399 714 2401 714 2410 714 2485 700 2706 708 2711 675 2703 630 603 661 606 708"/></Shape>
	    <String CONTENT="plus lingtemps à le défendre, la bourgeoisée ne s&#x27;exposaitelle pas à l&#x27;ac¬"
                    HPOS="603"
                    VPOS="630"
                    WIDTH="2108"
                    HEIGHT="106"
                    WC="0.9899508452415466"></String>
          </TextLine>
          <TextLine ID="eSc_line_ada5afcd"
                    TAGREFS="LT31"
                    BASELINE="597 767 812 756 2722 742" 
                    HPOS="594"
                    VPOS="694"
                    WIDTH="2128"
                    HEIGHT="104">
            <Shape><Polygon POINTS="597 767 597 784 720 798 723 798 726 798 728 798 748 784 756 781 793 784 851 792 854 792 918 784 985 778 1050 784 1136 795 1139 795 1226 784 1309 775 1326 784 1334 792 1337 792 1340 792 1343 792 1469 784 1594 778 1625 784 1653 792 1656 792 1658 792 1700 784 1770 773 1957 784 1996 787 1999 787 2013 784 2102 770 2295 784 2329 787 2331 787 2345 784 2435 767 2720 784 2722 742 2714 694 1608 714 1510 711 1329 703 1326 703 1323 703 1320 703 1304 714 1295 717 1214 714 952 706 949 706 594 722 597 767"/></Shape>
	    <String CONTENT="cusation de n&#x27;agir ainsi que pas égoisme social.? Le temps n&#x27;était plus"
                    HPOS="594"
                    VPOS="694"
                    WIDTH="2128"
                    HEIGHT="104"
                    WC="0.9933374154735619"></String>
          </TextLine>
          <TextLine ID="eSc_line_feb6ac4b"
                    TAGREFS="LT34"
                    BASELINE="1907 795 2168 792" 
                    HPOS="1907"
                    VPOS="792"
                    WIDTH="261"
                    HEIGHT="3">
	    <String CONTENT=""
                    HPOS="1907"
                    VPOS="792"
                    WIDTH="261"
                    HEIGHT="3"></String>
          </TextLine>
          <TextLine ID="eSc_line_1b4a4f1b"
                    TAGREFS="LT31"
                    BASELINE="594 828 1981 822 1983 822 2692 803" 
                    HPOS="592"
                    VPOS="761"
                    WIDTH="2100"
                    HEIGHT="112">
            <Shape><Polygon POINTS="594 853 779 853 812 873 815 873 818 873 821 873 932 851 1030 865 1033 865 1036 865 1038 865 1058 851 1075 867 1078 867 1080 867 1083 867 1200 851 1287 867 1290 867 1407 865 1410 865 1413 865 1446 845 1960 859 1963 859 2245 837 2382 853 2385 853 2387 853 2477 831 2510 848 2513 848 2516 848 2622 831 2650 848 2653 848 2655 848 2658 848 2661 848 2664 848 2692 831 2692 803 2686 764 1991 761 1988 761 1575 778 1505 781 1477 781 1293 770 1290 770 1206 784 1203 784 1200 784 1058 773 1055 773 592 792 594 828"/></Shape>
	    <String CONTENT="où l&#x27;on pouvait justifier le ceur comme le &lt;.t&gt; indispensable de"
                    HPOS="592"
                    VPOS="761"
                    WIDTH="2100"
                    HEIGHT="112"
                    WC="0.9564847480505705"></String>
          </TextLine>
          <TextLine ID="eSc_line_f0f33e9a"
                    TAGREFS="LT34"
                    BASELINE="1166 864 1380 859" 
                    HPOS="1166"
                    VPOS="859"
                    WIDTH="214"
                    HEIGHT="5">
	    <String CONTENT=""
                    HPOS="1166"
                    VPOS="859"
                    WIDTH="214"
                    HEIGHT="5"></String>
          </TextLine>
          <TextLine ID="eSc_line_5f1b0e8a"
                    TAGREFS="LT31"
                    BASELINE="572 904 2689 884" 
                    HPOS="569"
                    VPOS="831"
                    WIDTH="2120"
                    HEIGHT="98">
            <Shape><Polygon POINTS="572 904 572 929 2689 909 2689 884 2681 840 2513 848 2499 840 2488 831 2485 831 2482 831 2480 831 2477 831 2474 831 2463 840 2454 848 2426 842 2399 834 2396 834 2393 834 2292 842 2203 851 2122 845 2008 837 2005 837 2002 837 1977 848 1957 856 1804 856 1773 848 1714 840 1711 840 1650 851 1619 856 1594 851 1538 840 1536 840 1533 840 1480 853 1452 862 1164 865 966 865 957 859 927 845 924 845 921 845 918 845 876 859 862 865 849 862 809 848 807 848 804 848 712 862 692 865 678 862 614 848 611 848 608 848 569 859 572 904"/></Shape>
	    <String CONTENT="l’indépendance &lt;.pp: &lt;.... ... ..&gt;"
                    HPOS="569"
                    VPOS="831"
                    WIDTH="2120"
                    HEIGHT="98"
                    WC="0.960733727497213"></String>
          </TextLine>
          <TextLine ID="eSc_line_71c76fda"
                    TAGREFS="LT31"
                    BASELINE="589 965 2017 955 2018 955 2686 940" 
                    HPOS="586"
                    VPOS="893"
                    WIDTH="2100"
                    HEIGHT="108">
            <Shape><Polygon POINTS="589 982 731 1001 734 1001 882 985 997 999 999 999 1105 985 1480 993 1482 993 1633 979 1751 971 1857 979 1946 987 1949 987 1952 987 1980 979 2027 962 2217 962 2337 979 2368 982 2371 982 2683 976 2686 940 2681 907 2454 893 2452 893 2309 907 2228 895 2225 895 2223 895 2220 895 2206 909 2203 912 586 920 589 965"/></Shape>
	    <String CONTENT="&lt;.... ... ..&gt; il était deveu ue meine à la frande et"
                    HPOS="586"
                    VPOS="893"
                    WIDTH="2100"
                    HEIGHT="108"
                    WC="0.936279869304513"></String>
          </TextLine>
          <TextLine ID="eSc_line_264d49dd"
                    TAGREFS="LT31"
                    BASELINE="592 1029 2717 1010" 
                    HPOS="589"
                    VPOS="960"
                    WIDTH="2128"
                    HEIGHT="103">
            <Shape><Polygon POINTS="592 1029 592 1049 890 1063 893 1063 994 1049 999 1049 1005 1049 1078 1060 1080 1060 1262 1049 1301 1046 1337 1046 1499 1057 1502 1057 1591 1046 1625 1043 2714 1043 2717 1010 2709 960 1496 982 1337 979 969 974 966 974 899 987 890 987 868 987 684 976 681 976 589 990 592 1029"/></Shape>
	    <String CONTENT="à la corruption. Plur ou llargérait le corps électoral, plus son verdist"
                    HPOS="589"
                    VPOS="960"
                    WIDTH="2128"
                    HEIGHT="103"
                    WC="0.9895718530432819"></String>
          </TextLine>
          <TextLine ID="eSc_line_2e40d88e"
                    TAGREFS="LT31"
                    BASELINE="583 1110 1393 1088 2695 1074" 
                    HPOS="580"
                    VPOS="1027"
                    WIDTH="2115"
                    HEIGHT="117">
            <Shape><Polygon POINTS="583 1110 583 1141 687 1130 700 1141 706 1144 709 1144 712 1144 714 1144 740 1138 804 1124 983 1133 1119 1141 1122 1141 1200 1130 1270 1119 1312 1127 1354 1135 1357 1135 1421 1124 1488 1113 1502 1124 1513 1133 1516 1133 1519 1133 1522 1135 1605 1135 1605 1133 1608 1133 1642 1119 1670 1107 1862 1107 1968 1113 2161 1124 2164 1124 2167 1124 2211 1107 2220 1105 2228 1107 2256 1121 2259 1121 2262 1121 2496 1105 2538 1119 2541 1119 2544 1119 2547 1119 2591 1099 2594 1099 2692 1099 2695 1074 2686 1038 2323 1040 2256 1027 2253 1027 2250 1027 2248 1027 2231 1043 2089 1043 2047 1029 2044 1029 2041 1029 2038 1029 2035 1029 2019 1046 1988 1032 1985 1032 1982 1032 1851 1049 1840 1049 1829 1049 1728 1035 1725 1035 1723 1035 1664 1052 1658 1052 1644 1052 1485 1038 1482 1038 580 1066 583 1110"/></Shape>
	    <String CONTENT="serait sincère. &lt;... .... . .&gt; Quille garantie d&#x27;in¬"
                    HPOS="580"
                    VPOS="1027"
                    WIDTH="2115"
                    HEIGHT="117"
                    WC="0.9315948406091104"></String>
          </TextLine>
          <TextLine ID="eSc_line_444bb168"
                    TAGREFS="LT31"
                    BASELINE="578 1183 2675 1152" 
                    HPOS="575"
                    VPOS="1099"
                    WIDTH="2100"
                    HEIGHT="109">
            <Shape><Polygon POINTS="578 1183 578 1208 2672 1177 2675 1152 2667 1105 2471 1116 2421 1107 2365 1099 2362 1099 2359 1099 2323 1110 2284 1124 2128 1124 2102 1116 2072 1105 2069 1105 1907 1105 1904 1105 1901 1105 1873 1119 1857 1130 1698 1130 1667 1124 1605 1110 1603 1110 1600 1110 1544 1127 1519 1133 1474 1127 1362 1113 1360 1113 1357 1113 1309 1130 1295 1138 1142 1138 1103 1135 977 1121 974 1121 971 1121 935 1138 930 1141 888 1138 631 1124 628 1124 625 1124 575 1141 578 1183"/></Shape>
	    <String CONTENT="telligeuse et de mosalité donnait au surplus la payement de 42938"
                    HPOS="575"
                    VPOS="1099"
                    WIDTH="2100"
                    HEIGHT="109"
                    WC="0.9980901965728173"></String>
          </TextLine>
          <TextLine ID="eSc_line_2c8a2d8f"
                    TAGREFS="LT31"
                    BASELINE="578 1258 2639 1219" 
                    HPOS="575"
                    VPOS="1174"
                    WIDTH="2064"
                    HEIGHT="109">
            <Shape><Polygon POINTS="578 1258 578 1283 2639 1244 2639 1219 2630 1186 2267 1188 2153 1174 2150 1174 2033 1194 1938 1177 1935 1177 1932 1177 1882 1200 1767 1200 1608 1183 1605 1183 1491 1186 1488 1186 1443 1205 1388 1188 1385 1188 1382 1188 1301 1202 1198 1191 1195 1191 1192 1191 1114 1211 943 1200 941 1200 865 1216 795 1200 793 1200 790 1200 670 1219 631 1202 628 1202 625 1202 622 1202 575 1219 578 1258"/></Shape>
	    <String CONTENT="d&#x27;impots diseetr ? Xranstantion La &quot;capasité&quot; politique ee jonnait"
                    HPOS="575"
                    VPOS="1174"
                    WIDTH="2064"
                    HEIGHT="109"
                    WC="0.9814821490735719"></String>
          </TextLine>
          <TextLine ID="eSc_line_f671c401"
                    TAGREFS="LT31"
                    BASELINE="580 1334 2683 1286" 
                    HPOS="578"
                    VPOS="1241"
                    WIDTH="2105"
                    HEIGHT="118">
            <Shape><Polygon POINTS="580 1334 580 1359 2063 1322 2264 1331 2276 1331 2278 1331 2281 1331 2334 1317 2681 1322 2683 1286 2675 1241 1320 1264 1318 1264 1315 1264 1301 1278 1298 1278 1290 1278 1200 1267 1198 1267 1195 1267 1164 1280 1164 1283 902 1289 787 1289 712 1278 709 1278 706 1278 703 1278 703 1280 689 1292 622 1280 620 1280 617 1280 578 1294 580 1334"/></Shape>
	    <String CONTENT="&lt;.... ........... .  ....&gt; d épedait pas de l&#x27;argent,"
                    HPOS="578"
                    VPOS="1241"
                    WIDTH="2105"
                    HEIGHT="118"
                    WC="0.939492440448617"></String>
          </TextLine>
          <TextLine ID="eSc_line_1bbdc341"
                    TAGREFS="LT31"
                    BASELINE="589 1400 1330 1387 1330 1387 1949 1361 2692 1350" 
                    HPOS="586"
                    VPOS="1306"
                    WIDTH="2106"
                    HEIGHT="120">
            <Shape><Polygon POINTS="589 1426 1240 1426 1240 1423 1407 1409 1516 1400 1538 1406 1563 1414 1566 1414 1569 1414 1572 1414 1603 1406 1633 1398 1664 1403 1692 1409 1695 1409 1698 1409 1700 1409 1706 1403 1720 1392 2005 1387 2038 1398 2049 1400 2052 1400 2055 1400 2097 1395 2225 1381 2421 1389 2432 1389 2435 1389 2438 1389 2466 1375 2493 1389 2496 1389 2499 1389 2502 1389 2692 1384 2692 1350 2686 1308 2119 1306 2116 1306 1815 1328 1703 1317 1700 1317 1698 1317 1664 1334 1572 1320 1569 1320 1346 1342 1343 1342 1340 1342 983 1336 980 1336 698 1359 625 1347 622 1347 620 1347 586 1359 589 1400"/></Shape>
	    <String CONTENT="l&#x27;instruction seule pouvait la confèrer et, le 1 peillet 1881, Paut Jousorn"
                    HPOS="586"
                    VPOS="1306"
                    WIDTH="2106"
                    HEIGHT="120"
                    WC="0.9868117769559225"></String>
          </TextLine>
          <TextLine ID="eSc_line_282090fa"
                    TAGREFS="LT31"
                    BASELINE="586 1473 2675 1426" 
                    HPOS="583"
                    VPOS="1375"
                    WIDTH="2092"
                    HEIGHT="134">
            <Shape><Polygon POINTS="586 1473 589 1509 633 1495 692 1507 695 1507 698 1507 700 1507 703 1507 728 1490 871 1501 874 1501 876 1501 879 1501 985 1484 1055 1495 1072 1498 1075 1498 1078 1498 1086 1495 1117 1484 1172 1493 1195 1495 1198 1495 1200 1495 1203 1495 1206 1493 1220 1481 1284 1490 1312 1493 1315 1493 1318 1493 1332 1490 1362 1479 1393 1487 1407 1490 1410 1490 1413 1490 1471 1484 1580 1473 1698 1479 1798 1481 1801 1481 1804 1481 1806 1481 1818 1473 1834 1465 1873 1473 1907 1479 1910 1479 2002 1470 2097 1456 2675 1448 2675 1426 2667 1378 2527 1389 2477 1381 2432 1375 2429 1375 2426 1375 2390 1384 2362 1392 2343 1387 2320 1378 2318 1378 2315 1378 2312 1378 2309 1378 2298 1387 2284 1398 2175 1400 2133 1392 2105 1387 2102 1387 2100 1387 2077 1392 2047 1403 1996 1395 1952 1389 1949 1389 1946 1389 1943 1389 1932 1398 1915 1406 1823 1400 1686 1392 1684 1392 1681 1392 1678 1392 1658 1406 1647 1412 1558 1409 1435 1403 1432 1403 1360 1414 1315 1420 1301 1414 1267 1403 1265 1403 1262 1403 1259 1403 1256 1403 1242 1417 1237 1420 1217 1417 1136 1406 1133 1406 1131 1406 1069 1423 1050 1426 1033 1423 957 1409 955 1409 952 1409 949 1409 927 1426 921 1428 876 1428 653 1417 650 1417 647 1417 583 1434 586 1473"/></Shape>
	    <String CONTENT="proposait d&#x27;en faire dépendre une large extension du droit de suf¬"
                    HPOS="583"
                    VPOS="1375"
                    WIDTH="2092"
                    HEIGHT="134"
                    WC="0.9921616406151743"></String>
          </TextLine>
          <TextLine ID="eSc_line_e900e75e"
                    TAGREFS="LT31"
                    BASELINE="583 1540 2686 1498" 
                    HPOS="580"
                    VPOS="1451"
                    WIDTH="2106"
                    HEIGHT="125">
            <Shape><Polygon POINTS="583 1540 583 1576 862 1557 1290 1560 1393 1560 1396 1560 1399 1560 1407 1557 1443 1546 1586 1551 1636 1554 1639 1554 1658 1551 1706 1540 1868 1546 1980 1548 1982 1548 2686 1523 2686 1498 2681 1454 2323 1451 2320 1451 2267 1462 2237 1467 2200 1462 2122 1454 2119 1454 2116 1454 2063 1467 2044 1470 2013 1467 1940 1459 1938 1459 1935 1459 1932 1459 1918 1470 1910 1476 1700 1479 1664 1476 1566 1465 1563 1465 1561 1465 1558 1465 1541 1479 1536 1481 1443 1481 1172 1476 1170 1476 1167 1476 1139 1487 1133 1490 1111 1487 999 1476 997 1476 748 1495 717 1498 706 1498 614 1484 611 1484 608 1484 580 1495 583 1540"/></Shape>
	    <String CONTENT="frage pour la commune et pour la province. &lt;  ....&gt;"
                    HPOS="580"
                    VPOS="1451"
                    WIDTH="2106"
                    HEIGHT="125"
                    WC="0.9209515411479801"></String>
          </TextLine>
          <TextLine ID="eSc_line_75cb8eea"
                    TAGREFS="LT31"
                    BASELINE="578 1610 2672 1568" 
                    HPOS="575"
                    VPOS="1512"
                    WIDTH="2097"
                    HEIGHT="120">
            <Shape><Polygon POINTS="578 1610 578 1632 2669 1596 2672 1568 2664 1512 2513 1532 2203 1523 2142 1523 2139 1523 2136 1523 2128 1526 2094 1540 2030 1529 2024 1529 2021 1529 2013 1529 1921 1543 1857 1534 1820 1529 1818 1529 1734 1537 1617 1548 1577 1540 1541 1534 1538 1534 1536 1534 1516 1543 1496 1551 1340 1548 1122 1543 1119 1543 1117 1543 1089 1554 1075 1560 963 1560 717 1554 714 1554 712 1554 709 1554 695 1565 689 1571 575 1571 578 1610"/></Shape>
	    <String CONTENT="&lt;.... ........ .. ..... ...&gt; cette"
                    HPOS="575"
                    VPOS="1512"
                    WIDTH="2097"
                    HEIGHT="120"
                    WC="0.8375216950388515"></String>
          </TextLine>
          <TextLine ID="eSc_line_2ca9d0fd"
                    TAGREFS="LT31"
                    BASELINE="566 1685 2644 1635" 
                    HPOS="564"
                    VPOS="1596"
                    WIDTH="2080"
                    HEIGHT="117">
            <Shape><Polygon POINTS="566 1685 566 1710 1024 1713 1027 1713 1030 1713 1064 1702 1072 1699 1078 1702 1122 1713 1125 1713 1128 1713 1131 1713 1178 1699 1189 1696 1200 1699 1256 1710 1259 1710 1547 1691 1563 1691 1572 1691 1717 1699 1720 1699 1723 1699 1751 1685 1759 1682 1809 1685 1940 1694 1943 1694 2024 1680 2069 1674 2142 1677 2273 1685 2276 1685 2278 1685 2309 1674 2329 1668 2641 1668 2644 1635 2639 1599 2066 1596 2063 1596 2061 1596 2058 1596 2058 1599 2044 1613 2041 1615 1938 1615 1924 1615 1834 1601 1832 1601 1720 1618 1703 1621 1692 1621 1594 1607 1591 1607 1385 1627 1357 1629 1343 1629 1248 1615 1245 1615 1036 1635 1008 1638 988 1638 860 1627 857 1627 854 1627 851 1627 835 1641 829 1641 667 1629 664 1629 564 1646 566 1685"/></Shape>
	    <String CONTENT="intervention ne laissa pas que d&#x27;inquiéter ces libiraux pour qui la"
                    HPOS="564"
                    VPOS="1596"
                    WIDTH="2080"
                    HEIGHT="117"
                    WC="0.992209855300277"></String>
          </TextLine>
          <TextLine ID="eSc_line_dff0bc85"
                    TAGREFS="LT31"
                    BASELINE="575 1763 2655 1710" 
                    HPOS="572"
                    VPOS="1663"
                    WIDTH="2083"
                    HEIGHT="131">
            <Shape><Polygon POINTS="575 1763 575 1794 2653 1735 2655 1710 2650 1677 2365 1663 2362 1663 2278 1682 2220 1666 2217 1666 2214 1666 2091 1688 2089 1688 2019 1674 2016 1674 2013 1674 2010 1674 1982 1691 1977 1691 1798 1682 1795 1682 1792 1682 1790 1682 1773 1696 1770 1696 1759 1696 1488 1685 1485 1685 1482 1685 1443 1705 1441 1707 1298 1707 1295 1707 1248 1691 1245 1691 1242 1691 1240 1691 1237 1691 1237 1694 1217 1710 1214 1710 1186 1710 927 1705 924 1705 921 1705 888 1719 882 1719 876 1719 793 1702 790 1702 572 1724 575 1763"/></Shape>
	    <String CONTENT="politique se confondait avec la lutte contre le désicalisme. Fren- Or¬"
                    HPOS="572"
                    VPOS="1663"
                    WIDTH="2083"
                    HEIGHT="131"
                    WC="0.9884354140077318"></String>
          </TextLine>
          <TextLine ID="eSc_line_91d4b409"
                    TAGREFS="LT31"
                    BASELINE="569 1836 1770 1816 2641 1783" 
                    HPOS="566"
                    VPOS="1735"
                    WIDTH="2075"
                    HEIGHT="132">
            <Shape><Polygon POINTS="569 1836 569 1861 871 1867 874 1867 1119 1850 1175 1847 1206 1847 1382 1858 1385 1858 1524 1841 1527 1841 1614 1853 1617 1853 2641 1814 2641 1783 2636 1735 2549 1735 2547 1735 2544 1735 2541 1735 2541 1738 2521 1755 2446 1741 2432 1738 2429 1738 2426 1738 2418 1741 2379 1752 2276 1747 2239 1744 2237 1744 2234 1744 2225 1747 2192 1766 1907 1769 1871 1758 1851 1752 1848 1752 1846 1752 1843 1752 1826 1761 1798 1772 1591 1766 1530 1766 1527 1766 1524 1766 1516 1769 1494 1783 1061 1788 1052 1783 1038 1772 1036 1772 1033 1772 1030 1772 913 1774 910 1774 907 1774 907 1777 893 1788 885 1794 865 1788 809 1777 807 1777 804 1777 801 1777 784 1791 779 1791 611 1783 608 1783 606 1783 566 1797 569 1836"/></Shape>
	    <String CONTENT="ban faisait observer avec paison que le fait de sevoir lere et écrère"
                    HPOS="566"
                    VPOS="1735"
                    WIDTH="2075"
                    HEIGHT="132"
                    WC="0.991013437077619"></String>
          </TextLine>
          <TextLine ID="eSc_line_8e3dff71"
                    TAGREFS="LT31"
                    BASELINE="561 1906 1218 1904 1219 1904 2664 1864" 
                    HPOS="558"
                    VPOS="1811"
                    WIDTH="2106"
                    HEIGHT="134">
            <Shape><Polygon POINTS="561 1931 742 1945 745 1945 1103 1922 1245 1936 1248 1936 1628 1914 1818 1925 1820 1925 2237 1897 2245 1894 2281 1894 2496 1894 2541 1908 2544 1908 2547 1908 2664 1886 2664 1864 2655 1811 2454 1825 2412 1816 2399 1814 2396 1814 2393 1814 2390 1814 2387 1816 2365 1830 2278 1819 2245 1816 2242 1816 2239 1816 2237 1816 2237 1819 2234 1822 2220 1833 2136 1822 2094 1819 2091 1819 2089 1819 2075 1825 2047 1836 2016 1827 2002 1822 1999 1822 1996 1822 1994 1822 1974 1827 1932 1839 1823 1830 1753 1827 1751 1827 1714 1833 1664 1844 1603 1839 1536 1830 1533 1830 1530 1830 1499 1841 1477 1847 1418 1841 1340 1836 1337 1836 1242 1847 1189 1853 1181 1850 1161 1839 1159 1839 1156 1839 1153 1839 1114 1850 1094 1855 1058 1853 971 1841 969 1841 558 1864 561 1906"/></Shape>
	    <String CONTENT="n&#x27;empéchait pas les provinces rhénanes de voter pour les cathuliques."
                    HPOS="558"
                    VPOS="1811"
                    WIDTH="2106"
                    HEIGHT="134"
                    WC="0.9942818085352579"></String>
          </TextLine>
          <TextLine ID="eSc_line_26348250"
                    TAGREFS="LT31"
                    BASELINE="561 1989 2669 1936" 
                    HPOS="558"
                    VPOS="1881"
                    WIDTH="2111"
                    HEIGHT="131">
            <Shape><Polygon POINTS="561 1989 561 2012 1432 2006 1435 2006 1466 1995 1496 1987 1524 1995 1550 2003 1552 2003 1555 2003 1658 1992 1723 1987 1792 1989 1885 1995 1887 1995 1974 1987 2142 1970 2197 1984 2220 1987 2223 1987 2225 1987 2239 1981 2276 1967 2343 1981 2354 1981 2357 1981 2382 1978 2558 1959 2664 1973 2669 1936 2664 1900 2563 1881 2560 1881 2337 1906 2331 1908 2264 1908 2175 1908 2119 1892 2116 1892 2114 1892 2008 1914 2002 1914 1996 1914 1862 1900 1860 1900 1857 1900 1854 1900 1829 1920 1812 1920 1739 1920 1675 1903 1672 1903 1670 1903 1552 1925 1544 1925 1524 1925 1245 1914 1242 1914 1240 1914 1175 1934 1172 1934 1164 1934 1013 1920 1010 1920 1008 1920 941 1939 938 1939 930 1939 784 1925 781 1925 779 1925 728 1945 723 1945 712 1945 580 1931 578 1931 575 1931 572 1931 558 1939 561 1989"/></Shape>
	    <String CONTENT="Mais il était trop tard pour se refuser à une concession. La loi du"
                    HPOS="558"
                    VPOS="1881"
                    WIDTH="2111"
                    HEIGHT="131"
                    WC="0.9913977507282706"></String>
          </TextLine>
          <TextLine ID="eSc_line_d0523b6a"
                    TAGREFS="LT31"
                    BASELINE="564 2062 2641 2012" 
                    HPOS="561"
                    VPOS="1964"
                    WIDTH="2080"
                    HEIGHT="126">
            <Shape><Polygon POINTS="564 2062 564 2090 1368 2081 1460 2065 1485 2062 1502 2065 1552 2076 1555 2076 1918 2054 1968 2051 1991 2051 2175 2062 2178 2062 2326 2042 2393 2056 2396 2056 2399 2056 2401 2056 2424 2040 2521 2054 2524 2054 2641 2031 2641 2012 2636 1975 2424 1964 2421 1964 2306 1981 2290 1981 2276 1981 2203 1970 2200 1970 2197 1970 2195 1970 2175 1981 2170 1984 2128 1984 1946 1975 1943 1975 1862 1987 1826 1992 1790 1989 1714 1981 1711 1981 1642 1992 1597 1998 1563 1992 1524 1987 1522 1987 1519 1987 1499 1995 1480 2003 561 2009 564 2062"/></Shape>
	    <String CONTENT="24 aviit 1803 acorde la franchise électorale aux capacitaires&quot; re¬"
                    HPOS="561"
                    VPOS="1964"
                    WIDTH="2080"
                    HEIGHT="126"
                    WC="0.9875686448631864"></String>
          </TextLine>
          <TextLine ID="eSc_line_a4fa51c0"
                    TAGREFS="LT31"
                    BASELINE="561 2132 2667 2093" 
                    HPOS="558"
                    VPOS="2054"
                    WIDTH="2109"
                    HEIGHT="103">
            <Shape><Polygon POINTS="561 2132 561 2157 2667 2129 2667 2093 2658 2054 558 2090 561 2132"/></Shape>
	    <String CONTENT="comme pas l&#x27;exercicé de certaines professions ou la possession des con¬"
                    HPOS="558"
                    VPOS="2054"
                    WIDTH="2109"
                    HEIGHT="103"
                    WC="0.9953431310788007"></String>
          </TextLine>
          <TextLine ID="eSc_line_dd29eb99"
                    TAGREFS="LT31"
                    BASELINE="552 2204 2655 2174" 
                    HPOS="550"
                    VPOS="2126"
                    WIDTH="2105"
                    HEIGHT="101">
            <Shape><Polygon POINTS="552 2204 552 2227 2653 2204 2655 2174 2647 2126 1477 2151 1427 2148 1309 2137 1307 2137 1304 2137 1301 2137 1281 2151 1273 2154 1237 2151 1122 2140 1119 2140 1117 2140 1114 2140 1094 2154 1089 2157 1058 2154 938 2143 935 2143 932 2143 871 2157 860 2160 823 2160 617 2148 614 2148 550 2162 552 2204"/></Shape>
	    <String CONTENT="naissances insciites au programme de l&#x27;enseipurment primaire."
                    HPOS="550"
                    VPOS="2126"
                    WIDTH="2105"
                    HEIGHT="101"
                    WC="0.9886019591425286"></String>
          </TextLine>
          <TextLine ID="eSc_line_e5ca9549"
                    TAGREFS="LT31"
                    BASELINE="555 2271 2675 2246" 
                    HPOS="552"
                    VPOS="2193"
                    WIDTH="2123"
                    HEIGHT="117">
            <Shape><Polygon POINTS="555 2271 555 2288 603 2310 606 2310 608 2310 611 2310 664 2296 1452 2302 1455 2302 1457 2302 1496 2285 1508 2282 1550 2285 1642 2296 1644 2296 1812 2285 1994 2274 2672 2282 2675 2246 2669 2207 2438 2193 2435 2193 2432 2193 2399 2207 2393 2213 2030 2213 2024 2213 1985 2199 1982 2199 1980 2199 1977 2199 1974 2199 1957 2213 1952 2215 1921 2213 1815 2201 1812 2201 1745 2215 1717 2218 1670 2215 1547 2204 1544 2204 1449 2218 1413 2221 1385 2218 1337 2210 1334 2210 1279 2218 1240 2227 552 2227 555 2271"/></Shape>
	    <String CONTENT="La droite ne manqua pas protester contre elle au nos de la consti¬"
                    HPOS="552"
                    VPOS="2193"
                    WIDTH="2123"
                    HEIGHT="117"
                    WC="0.9917632910338315"></String>
          </TextLine>
          <TextLine ID="eSc_line_382bab44"
                    TAGREFS="LT31"
                    BASELINE="550 2349 2641 2316" 
                    HPOS="547"
                    VPOS="2268"
                    WIDTH="2094"
                    HEIGHT="104">
            <Shape><Polygon POINTS="550 2349 550 2372 1940 2363 2234 2347 2290 2344 2318 2344 2463 2355 2466 2355 2639 2338 2641 2316 2636 2277 2153 2268 2150 2268 2147 2268 2102 2280 2080 2285 2044 2280 1991 2274 1988 2274 1862 2282 1745 2291 1725 2285 1709 2277 1706 2277 1703 2277 1644 2285 1577 2294 1482 2285 1427 2282 1424 2282 1421 2282 1418 2282 1418 2285 1415 2288 1404 2296 1346 2288 1307 2282 1304 2282 1245 2288 1153 2299 1100 2291 1072 2285 1069 2285 1066 2285 1050 2291 1010 2302 854 2291 815 2291 812 2291 795 2294 703 2308 547 2296 550 2349"/></Shape>
	    <String CONTENT="tution. &lt;......q.. Elle l&#x27;acusa de nôler la liberté d&#x27;enceiqueent"
                    HPOS="547"
                    VPOS="2268"
                    WIDTH="2094"
                    HEIGHT="104"
                    WC="0.9754499664673438"></String>
          </TextLine>
          <TextLine ID="eSc_line_d7ccee34"
                    TAGREFS="LT31"
                    BASELINE="550 2428 2644 2380" 
                    HPOS="547"
                    VPOS="2335"
                    WIDTH="2097"
                    HEIGHT="129">
            <Shape><Polygon POINTS="550 2428 550 2450 737 2464 740 2464 742 2464 793 2447 801 2444 840 2444 1033 2455 1036 2455 1100 2441 1156 2455 1159 2455 1161 2455 1365 2450 1368 2450 1415 2433 1429 2430 1536 2430 1899 2439 1901 2439 1904 2439 1938 2425 1949 2416 2644 2408 2644 2380 2636 2338 2357 2349 2329 2347 2273 2335 2270 2335 2181 2349 2139 2355 2105 2352 2027 2341 2024 2341 1929 2355 1896 2361 1871 2358 1784 2347 1781 2347 1678 2363 1653 2366 1630 2363 1533 2352 1530 2352 1421 2369 1404 2372 1376 2372 1192 2361 1189 2361 1186 2361 1131 2377 1128 2380 902 2386 790 2386 580 2374 578 2374 575 2374 572 2374 547 2386 550 2428"/></Shape>
	    <String CONTENT="&lt;... .....&gt; par la disposition qui nn&#x27;admettait comame vu¬"
                    HPOS="547"
                    VPOS="2335"
                    WIDTH="2097"
                    HEIGHT="129"
                    WC="0.9733840165467098"></String>
          </TextLine>
          <TextLine ID="eSc_line_9a67db09"
                    TAGREFS="LT31"
                    BASELINE="547 2495 2672 2461" 
                    HPOS="544"
                    VPOS="2411"
                    WIDTH="2128"
                    HEIGHT="114">
            <Shape><Polygon POINTS="547 2495 547 2522 1075 2525 1078 2525 1365 2508 1435 2506 1466 2506 1603 2517 1605 2517 1921 2497 1960 2497 1971 2497 2061 2508 2063 2508 2326 2492 2334 2492 2340 2492 2488 2503 2491 2503 2672 2483 2672 2461 2664 2411 544 2447 547 2495"/></Shape>
	    <String CONTENT="lables que les certificats délivrés par une école officielle &lt;......&gt;"
                    HPOS="544"
                    VPOS="2411"
                    WIDTH="2128"
                    HEIGHT="114"
                    WC="0.9729810452115708"></String>
          </TextLine>
          <TextLine ID="eSc_line_1f2019f1"
                    TAGREFS="LT31"
                    BASELINE="550 2570 2616 2536" 
                    HPOS="547"
                    VPOS="2489"
                    WIDTH="2069"
                    HEIGHT="117">
            <Shape><Polygon POINTS="550 2570 550 2592 698 2606 700 2606 1064 2587 1136 2584 1181 2584 1340 2592 1343 2592 1589 2578 1684 2575 1700 2578 1751 2589 1753 2589 1871 2575 1929 2570 2047 2570 2052 2573 2066 2584 2069 2584 2072 2584 2075 2584 2077 2584 2080 2584 2097 2573 2108 2567 2116 2573 2133 2581 2136 2581 2139 2581 2614 2564 2616 2536 2611 2495 2315 2489 2312 2489 2309 2489 2287 2497 2264 2508 2049 2508 1982 2500 1927 2495 1924 2495 1921 2495 1899 2503 1865 2511 1734 2503 1661 2500 1658 2500 1656 2500 1644 2506 1628 2514 1603 2506 1586 2500 1583 2500 1580 2500 1547 2506 1494 2517 1441 2508 1410 2503 1407 2503 1379 2508 1320 2520 1086 2511 1041 2511 1038 2511 1019 2511 888 2528 547 2520 550 2570"/></Shape>
	    <String CONTENT="&lt;........ ........&gt; landis qu&#x27;elle soumettait à un exa¬"
                    HPOS="547"
                    VPOS="2489"
                    WIDTH="2069"
                    HEIGHT="117"
                    WC="0.9357392287680081"></String>
          </TextLine>
          <TextLine ID="eSc_line_126596f1"
                    TAGREFS="LT31"
                    BASELINE="547 2651 2611 2609" 
                    HPOS="544"
                    VPOS="2556"
                    WIDTH="2067"
                    HEIGHT="114">
            <Shape><Polygon POINTS="547 2651 547 2670 2611 2642 2611 2609 2605 2559 2345 2556 2343 2556 2340 2556 2337 2556 2329 2564 2315 2573 2203 2567 2086 2561 2083 2561 2080 2561 2061 2570 2041 2578 1971 2573 1899 2567 1896 2567 1893 2567 1876 2575 1865 2581 1848 2575 1820 2567 1818 2567 1815 2567 1812 2567 1787 2578 1767 2584 1720 2578 1636 2570 1633 2570 1519 2584 1469 2589 1449 2587 1413 2575 1410 2575 1407 2575 1404 2575 1365 2587 1348 2592 1281 2589 1119 2581 1117 2581 1114 2581 1089 2595 1078 2601 910 2601 896 2598 826 2587 823 2587 821 2587 818 2587 801 2601 798 2603 790 2601 731 2589 728 2589 726 2589 723 2589 706 2603 703 2606 544 2606 547 2651"/></Shape>
	    <String CONTENT="ien les anciens élèves des écoles libies. La lutte scolaire débordait"
                    HPOS="544"
                    VPOS="2556"
                    WIDTH="2067"
                    HEIGHT="114"
                    WC="0.9856258812158004"></String>
          </TextLine>
          <TextLine ID="eSc_line_7a61eba0"
                    TAGREFS="LT31"
                    BASELINE="533 2721 2577 2693" 
                    HPOS="530"
                    VPOS="2640"
                    WIDTH="2047"
                    HEIGHT="111">
            <Shape><Polygon POINTS="533 2721 533 2751 2577 2721 2577 2693 2569 2654 2337 2656 2329 2656 2253 2640 2250 2640 2248 2640 2217 2654 2164 2640 2161 2640 2158 2640 2156 2640 2153 2640 2125 2659 2122 2659 2114 2659 2010 2642 2008 2642 2005 2642 1957 2662 1952 2662 1940 2662 1834 2645 1832 2645 1829 2645 1826 2645 1804 2662 1686 2648 1684 2648 1681 2648 1642 2665 1642 2668 1382 2668 1348 2651 1346 2651 1343 2651 1136 2654 946 2676 930 2676 918 2676 818 2659 815 2659 812 2659 765 2676 714 2662 712 2662 709 2662 608 2679 583 2662 580 2662 578 2662 575 2662 572 2662 530 2676 533 2721"/></Shape>
	    <String CONTENT="sur le tersain dlechoral comme sur tous les autres. Soule la gauche"
                    HPOS="530"
                    VPOS="2640"
                    WIDTH="2047"
                    HEIGHT="111"
                    WC="0.9861412866791682"></String>
          </TextLine>
          <TextLine ID="eSc_line_280cb20b"
                    TAGREFS="LT31"
                    BASELINE="544 2793 2683 2776" 
                    HPOS="541"
                    VPOS="2721"
                    WIDTH="2142"
                    HEIGHT="108">
            <Shape><Polygon POINTS="544 2793 544 2818 896 2829 899 2829 971 2818 1008 2813 1016 2818 1024 2827 1027 2827 1030 2827 1033 2829 1206 2829 1206 2827 1309 2818 1399 2810 1452 2818 1499 2824 1502 2824 1505 2824 1508 2824 1516 2818 1533 2807 1720 2807 1734 2815 1739 2821 1742 2821 1745 2821 1748 2824 1890 2824 1890 2821 1918 2815 1974 2804 2231 2815 2323 2818 2326 2818 2329 2818 2343 2815 2396 2801 2678 2813 2683 2776 2675 2735 2628 2737 2619 2735 2602 2721 2600 2721 2597 2721 2594 2721 2591 2721 2555 2735 2544 2740 2225 2740 2211 2737 2170 2723 2167 2723 2164 2723 2055 2737 2033 2740 2027 2737 1994 2723 1991 2723 1988 2723 1717 2726 1714 2726 1670 2740 1667 2740 1505 2729 1502 2729 1499 2729 1496 2729 1480 2743 1471 2748 1164 2748 1150 2746 1108 2732 1105 2732 1103 2732 1100 2732 1047 2746 1033 2748 1010 2746 904 2732 902 2732 899 2732 849 2748 832 2751 818 2748 770 2735 768 2735 765 2735 762 2735 734 2748 726 2751 712 2748 661 2737 659 2737 541 2748 544 2793"/></Shape>
	    <String CONTENT="vota le projet du gouvernement. MMais déjà, il les radicaux pitembient"
                    HPOS="541"
                    VPOS="2721"
                    WIDTH="2142"
                    HEIGHT="108"
                    WC="0.9840661491666521"></String>
          </TextLine>
          <TextLine ID="eSc_line_aeb4e3f1"
                    TAGREFS="LT31"
                    BASELINE="530 2877 2672 2846" 
                    HPOS="527"
                    VPOS="2793"
                    WIDTH="2145"
                    HEIGHT="115">
            <Shape><Polygon POINTS="530 2877 530 2899 541 2908 544 2908 547 2908 550 2908 1209 2888 1228 2888 1231 2888 1301 2905 1304 2905 1307 2905 1309 2905 1348 2885 1351 2885 1385 2885 1644 2899 1647 2899 1745 2882 1756 2882 1767 2882 1879 2896 1882 2896 2021 2880 2044 2880 2077 2880 2278 2891 2281 2891 2669 2874 2672 2846 2664 2793 527 2827 530 2877"/></Shape>
	    <String CONTENT="da ne s&#x27;en contentaient plus. Le 3 juillet 1883 &lt;.. &lt; ...&gt;"
                    HPOS="527"
                    VPOS="2793"
                    WIDTH="2145"
                    HEIGHT="115"
                    WC="0.9551089704036713"></String>
          </TextLine>
          <TextLine ID="eSc_line_dad7ddfc"
                    TAGREFS="LT31"
                    BASELINE="527 2952 2650 2919" 
                    HPOS="525"
                    VPOS="2868"
                    WIDTH="2125"
                    HEIGHT="118">
            <Shape><Polygon POINTS="527 2952 527 2986 2650 2952 2650 2919 2641 2868 525 2910 527 2952"/></Shape>
	    <String CONTENT="&lt;..  .. ..ils soulivaient la question de la"
                    HPOS="525"
                    VPOS="2868"
                    WIDTH="2125"
                    HEIGHT="118"
                    WC="0.9739600572475168"></String>
          </TextLine>
          <TextLine ID="eSc_line_d3744b06"
                    TAGREFS="LT31"
                    BASELINE="513 3030 941 3014 2641 3002" 
                    HPOS="511"
                    VPOS="2961"
                    WIDTH="2130"
                    HEIGHT="92">
            <Shape><Polygon POINTS="513 3030 513 3053 2641 3033 2641 3002 2633 2961 511 2972 513 3030"/></Shape>
	    <String CONTENT="rivision des articles 47 et 56 de la constitution &lt;.. .. ......&gt;"
                    HPOS="511"
                    VPOS="2961"
                    WIDTH="2130"
                    HEIGHT="92"
                    WC="0.9657110441476107"></String>
          </TextLine>
          <TextLine ID="eSc_line_7095224a"
                    TAGREFS="LT31"
                    BASELINE="525 3103 2616 3069" 
                    HPOS="522"
                    VPOS="3016"
                    WIDTH="2094"
                    HEIGHT="123">
            <Shape><Polygon POINTS="525 3103 525 3139 904 3117 960 3131 963 3131 966 3131 1131 3114 1354 3125 1357 3125 1572 3106 2063 3114 2066 3114 2069 3114 2139 3097 2186 3111 2189 3111 2192 3111 2505 3092 2611 3106 2616 3069 2611 3030 2477 3016 2474 3016 2130 3036 2089 3036 2069 3036 1949 3025 1946 3025 1943 3025 1918 3039 1913 3039 1885 3039 1742 3028 1739 3028 1658 3042 1644 3044 522 3053 525 3103"/></Shape>
	    <String CONTENT="&lt;. ..&gt; qui umposent le um élecloral aux électeurs les deux"
                    HPOS="522"
                    VPOS="3016"
                    WIDTH="2094"
                    HEIGHT="123"
                    WC="0.9826317439819204"></String>
          </TextLine>
          <TextLine ID="eSc_line_709df7a2"
                    TAGREFS="LT31"
                    BASELINE="536 3175 2647 3145" 
                    HPOS="533"
                    VPOS="3089"
                    WIDTH="2114"
                    HEIGHT="120">
            <Shape><Polygon POINTS="536 3175 536 3195 659 3209 661 3209 745 3195 748 3195 759 3195 1105 3203 1108 3203 1217 3189 1223 3189 1228 3189 1295 3201 1298 3201 1301 3201 1304 3201 1323 3187 1326 3187 1346 3187 1443 3198 1446 3198 1449 3198 1496 3187 1510 3184 1541 3187 1644 3195 1647 3195 1650 3195 1695 3184 1711 3181 1745 3184 1834 3192 1837 3192 2647 3173 2647 3145 2639 3089 2449 3108 2318 3095 2284 3092 2281 3092 2278 3092 2267 3095 2228 3111 2158 3097 2136 3095 2133 3095 2130 3095 2116 3100 2066 3114 2027 3100 2016 3097 2013 3097 2010 3097 2008 3097 1994 3100 1949 3114 1873 3103 1840 3100 1837 3100 1834 3100 1832 3100 1826 3106 1809 3117 1742 3106 1695 3100 1692 3100 1689 3100 1686 3100 1678 3108 1661 3120 1572 3111 1496 3103 1494 3103 1360 3106 1357 3106 1326 3117 1295 3125 1192 3120 1083 3111 1080 3111 1027 3122 997 3128 971 3122 918 3111 916 3111 913 3111 885 3125 871 3131 840 3125 768 3114 765 3114 762 3114 734 3128 723 3136 639 3136 631 3131 614 3117 611 3117 608 3117 606 3117 533 3131 536 3175"/></Shape>
	    <String CONTENT="chambres. Cette fois c&#x27;en était trop. &lt;.....&gt; Avaut la puspritie"
                    HPOS="533"
                    VPOS="3089"
                    WIDTH="2114"
                    HEIGHT="120"
                    WC="0.9592616837471724"></String>
          </TextLine>
          <TextLine ID="eSc_line_0d6aea7c"
                    TAGREFS="LT31"
                    BASELINE="533 3251 1105 3237 2588 3228" 
                    HPOS="530"
                    VPOS="3173"
                    WIDTH="2058"
                    HEIGHT="117">
            <Shape><Polygon POINTS="533 3251 533 3279 647 3268 664 3279 678 3287 681 3287 684 3287 687 3290 876 3290 876 3287 879 3287 924 3276 960 3265 1114 3265 1131 3273 1153 3284 1156 3284 1159 3284 1360 3282 1516 3268 1603 3259 1899 3259 1907 3262 1943 3276 1946 3276 1949 3276 1952 3276 1994 3259 2005 3256 2052 3259 2250 3276 2253 3276 2343 3256 2357 3254 2376 3254 2480 3268 2482 3268 2586 3251 2588 3228 2586 3189 2524 3173 2521 3173 2519 3173 2443 3187 2164 3175 2161 3175 2158 3175 2156 3175 2136 3189 1913 3175 1910 3175 1907 3175 1862 3192 1625 3181 1622 3181 1619 3181 1561 3195 1220 3181 1217 3181 1214 3181 1172 3198 882 3187 879 3187 734 3201 647 3187 645 3187 530 3203 533 3251"/></Shape>
	    <String CONTENT="du suffrage eniversel, que faisait clairement entrevoir la proposition"
                    HPOS="530"
                    VPOS="3173"
                    WIDTH="2058"
                    HEIGHT="117"
                    WC="0.9911696757589068"></String>
          </TextLine>
        </TextBlock>
      </PrintSpace>
    </Page>
  </Layout>
</alto>
