<?xml version="1.0" encoding="UTF-8"?>
<alto xmlns:xsi="http://www.w3.org/2001/XMLSchema-instance"
      xmlns="http://www.loc.gov/standards/alto/ns-v4#"
      xsi:schemaLocation="http://www.loc.gov/standards/alto/ns-v4# http://www.loc.gov/standards/alto/v4/alto-4-2.xsd">
  <Description>
    <MeasurementUnit>pixel</MeasurementUnit>
    <sourceImageInformation>
      <fileName>ARCH-DIV-000496_0316.png</fileName>
    </sourceImageInformation>
  </Description>
  <Tags>
    <OtherTag ID="BT42" LABEL="MainZone" DESCRIPTION="block type MainZone"/><OtherTag ID="BT43" LABEL="MarginTextZone" DESCRIPTION="block type MarginTextZone"/><OtherTag ID="BT44" LABEL="NumberingZone" DESCRIPTION="block type NumberingZone"/><OtherTag ID="BT45" LABEL="TitlePageZone" DESCRIPTION="block type TitlePageZone"/><OtherTag ID="BT46" LABEL="CustomZone:Numbering" DESCRIPTION="block type CustomZone:Numbering"/><OtherTag ID="BT49" LABEL="MarginTextZone:lower" DESCRIPTION="block type MarginTextZone:lower"/>
    <OtherTag ID="LT25" LABEL="default" DESCRIPTION="line type default"/><OtherTag ID="LT31" LABEL="DefaultLine" DESCRIPTION="line type DefaultLine"/><OtherTag ID="LT32" LABEL="HeadingLine" DESCRIPTION="line type HeadingLine"/><OtherTag ID="LT33" LABEL="InterlinearLine:addition" DESCRIPTION="line type InterlinearLine:addition"/><OtherTag ID="LT34" LABEL="InterlinearLine:correction" DESCRIPTION="line type InterlinearLine:correction"/>
  </Tags>
  <Layout>
    <Page WIDTH="2790"
          HEIGHT="3349"
          PHYSICAL_IMG_NR="315"
          ID="eSc_dummypage_">
      <PrintSpace HPOS="0"
                  VPOS="0"
                  WIDTH="2790"
                  HEIGHT="3349">
        <TextBlock HPOS="102"
                   VPOS="62"
                   WIDTH="371"
                   HEIGHT="172"
                   ID="eSc_textblock_7766cd74"
                   TAGREFS="BT44">
          <Shape><Polygon POINTS="102 62 102 234 473 234 473 62"/></Shape>
          <TextLine ID="eSc_line_8a164a4e"
                    TAGREFS="LT31"
                    BASELINE="231 150 404 133" 
                    HPOS="223"
                    VPOS="89"
                    WIDTH="187"
                    HEIGHT="145">
            <Shape><Polygon POINTS="393 97 365 97 335 94 307 92 279 92 251 89 223 94 231 150 234 200 262 200 268 203 307 234 310 234 312 234 315 234 318 234 410 209 404 133 399 97 393 97"/></Shape>
	    <String CONTENT=""
                    HPOS="223"
                    VPOS="89"
                    WIDTH="187"
                    HEIGHT="145"></String>
          </TextLine>
        </TextBlock>
        <TextBlock HPOS="495"
                   VPOS="0"
                   WIDTH="2295"
                   HEIGHT="3349"
                   ID="eSc_textblock_31bcb1e0"
                   TAGREFS="BT42">
          <Shape><Polygon POINTS="579 0 495 3349 2759 3346 2790 0"/></Shape>
          <TextLine ID="eSc_line_bc672e6e"
                    TAGREFS="LT31"
                    BASELINE="622 100 1812 75 2703 83" 
                    HPOS="625"
                    VPOS="27"
                    WIDTH="2078"
                    HEIGHT="101">
            <Shape><Polygon POINTS="2664 53 2636 53 2608 53 2580 50 2552 50 2524 50 2496 50 2468 50 2440 47 2412 47 2385 47 2357 47 2329 47 2301 44 2273 44 2245 44 2217 44 2189 44 2161 41 2133 41 2105 41 2077 41 2049 41 2021 39 1994 39 1966 39 1938 39 1910 39 1882 36 1854 36 1846 36 1818 39 1809 36 1798 36 1770 36 1742 33 1739 36 1709 33 1686 33 1658 33 1630 33 1603 30 1594 30 1552 44 1510 33 1508 33 1505 33 1388 47 1385 47 1382 47 1360 27 1357 27 1354 27 1351 27 1175 27 1172 27 980 30 977 30 899 53 893 53 874 53 695 39 681 41 661 41 647 44 625 78 628 100 628 125 849 128 851 128 854 128 868 125 916 111 1111 122 1170 125 1172 125 1175 125 1178 125 1181 122 1206 108 1455 120 1477 120 1480 120 1482 120 1485 120 1533 106 1633 120 1653 120 1656 120 1658 120 1667 117 1728 103 1868 117 1882 117 1885 117 1907 117 2108 100 2253 114 2273 114 2276 114 2278 114 2284 114 2351 97 2697 108 2703 83 2697 53 2692 53"/></Shape>
	    <String CONTENT=""
                    HPOS="625"
                    VPOS="27"
                    WIDTH="2078"
                    HEIGHT="101"></String>
          </TextLine>
          <TextLine ID="eSc_line_956e9f0a"
                    TAGREFS="LT31"
                    BASELINE="625 167 1737 142 2717 145" 
                    HPOS="622"
                    VPOS="97"
                    WIDTH="2095"
                    HEIGHT="101">
            <Shape><Polygon POINTS="625 167 625 198 960 178 1041 192 1044 192 1312 178 1346 189 1348 189 1351 189 1354 189 1446 173 1533 186 1536 186 1538 186 1608 170 2711 173 2717 145 2714 103 1605 97 1603 97 843 122 737 108 734 108 622 125 625 167"/></Shape>
	    <String CONTENT=""
                    HPOS="622"
                    VPOS="97"
                    WIDTH="2095"
                    HEIGHT="101"></String>
          </TextLine>
          <TextLine ID="eSc_line_16f2ffc2"
                    TAGREFS="LT31"
                    BASELINE="636 234 1985 200 2728 203" 
                    HPOS="633"
                    VPOS="147"
                    WIDTH="2095"
                    HEIGHT="123">
            <Shape><Polygon POINTS="636 234 639 270 700 253 829 267 837 267 840 267 846 267 949 245 1209 262 1234 262 1237 262 1240 262 1242 262 1242 259 1267 240 1371 259 1379 259 1382 259 1385 259 1388 259 1429 237 1594 248 1597 248 1600 248 1633 234 1700 253 1703 253 1706 253 1709 253 1723 253 1882 228 2725 234 2728 203 2725 159 2340 147 2337 147 2019 170 2010 170 2005 170 1865 156 1862 156 1527 178 1251 167 1248 167 1245 167 1206 184 943 173 941 173 633 195 636 234"/></Shape>
	    <String CONTENT=""
                    HPOS="633"
                    VPOS="147"
                    WIDTH="2095"
                    HEIGHT="123"></String>
          </TextLine>
          <TextLine ID="eSc_line_8e2517bb"
                    TAGREFS="LT31"
                    BASELINE="628 304 1371 276 2711 265" 
                    HPOS="625"
                    VPOS="223"
                    WIDTH="2086"
                    HEIGHT="103">
            <Shape><Polygon POINTS="628 304 628 326 1161 320 1164 320 1167 320 1212 304 1323 312 1326 312 1438 298 1748 309 1751 309 1753 309 1806 293 1854 309 1857 309 1860 309 1862 309 1871 309 1977 290 2052 306 2058 306 2061 306 2063 306 2066 306 2097 287 2217 298 2220 298 2471 281 2706 295 2711 265 2703 223 625 245 628 304"/></Shape>
	    <String CONTENT=""
                    HPOS="625"
                    VPOS="223"
                    WIDTH="2086"
                    HEIGHT="103"></String>
          </TextLine>
          <TextLine ID="eSc_line_441866ed"
                    TAGREFS="LT31"
                    BASELINE="628 365 2602 318" 
                    HPOS="625"
                    VPOS="267"
                    WIDTH="1977"
                    HEIGHT="118">
            <Shape><Polygon POINTS="2357 270 2345 270 2250 284 2237 284 2228 284 2175 273 2172 273 1974 287 1896 295 625 309 628 365 628 385 2600 348 2602 318 2597 279 2379 267 2357 270"/></Shape>
	    <String CONTENT=""
                    HPOS="625"
                    VPOS="267"
                    WIDTH="1977"
                    HEIGHT="118"></String>
          </TextLine>
          <TextLine ID="eSc_line_5095e014"
                    TAGREFS="LT34"
                    BASELINE="2096 365 2358 356" 
                    HPOS="2096"
                    VPOS="356"
                    WIDTH="262"
                    HEIGHT="9">
	    <String CONTENT=""
                    HPOS="2096"
                    VPOS="356"
                    WIDTH="262"
                    HEIGHT="9"></String>
          </TextLine>
          <TextLine ID="eSc_line_3f37c4c7"
                    TAGREFS="LT31"
                    BASELINE="645 424 999 429 2711 376" 
                    HPOS="645"
                    VPOS="332"
                    WIDTH="2066"
                    HEIGHT="134">
            <Shape><Polygon POINTS="645 466 1220 460 1223 460 1226 460 1245 446 1253 443 1293 446 1407 454 1410 454 1572 438 1622 432 1658 435 1787 443 1790 443 1873 426 1893 424 1899 426 1927 438 1929 438 1932 438 2016 421 2030 421 2066 421 2371 426 2373 426 2535 407 2653 418 2655 418 2658 418 2711 399 2711 376 2706 337 2276 332 2273 332 1991 351 1846 360 1826 354 1801 346 1798 346 1795 346 1745 357 1695 365 1496 360 1418 360 1415 360 1413 360 1410 360 1407 362 1390 373 1273 365 1226 362 1223 362 1220 362 1203 365 1159 379 955 373 952 373 737 393 645 379 645 424 645 466"/></Shape>
	    <String CONTENT=""
                    HPOS="645"
                    VPOS="332"
                    WIDTH="2066"
                    HEIGHT="134"></String>
          </TextLine>
          <TextLine ID="eSc_line_f590ab44"
                    TAGREFS="LT31"
                    BASELINE="628 510 2692 452" 
                    HPOS="625"
                    VPOS="413"
                    WIDTH="2067"
                    HEIGHT="131">
            <Shape><Polygon POINTS="628 510 631 544 659 530 807 538 818 538 821 538 823 538 826 538 849 524 985 533 991 533 994 533 1036 533 1904 493 1980 505 1988 505 1991 505 2692 482 2692 452 2683 413 625 471 628 510"/></Shape>
	    <String CONTENT=""
                    HPOS="625"
                    VPOS="413"
                    WIDTH="2067"
                    HEIGHT="131"></String>
          </TextLine>
          <TextLine ID="eSc_line_18343698"
                    TAGREFS="LT31"
                    BASELINE="603 572 1536 558 2695 516" 
                    HPOS="600"
                    VPOS="468"
                    WIDTH="2095"
                    HEIGHT="132">
            <Shape><Polygon POINTS="603 572 603 600 2695 552 2695 516 2689 480 2499 468 2496 468 2424 485 2396 491 2359 485 2304 480 2301 480 2298 480 2295 480 2287 488 2278 496 2147 496 2136 493 2102 480 2100 480 2097 480 2027 496 1994 502 1899 499 1781 493 1779 493 1776 493 1773 493 1765 502 1756 510 1594 513 1558 507 1530 502 1527 502 1469 510 1415 516 1407 510 1396 502 1393 502 1390 502 1388 502 1385 502 1382 502 1371 510 1357 521 1181 524 1153 516 1119 507 1117 507 1114 507 1111 507 1064 519 1030 527 977 521 896 513 893 513 823 524 768 535 754 527 740 519 737 519 734 519 731 519 600 530 603 572"/></Shape>
	    <String CONTENT=""
                    HPOS="600"
                    VPOS="468"
                    WIDTH="2095"
                    HEIGHT="132"></String>
          </TextLine>
          <TextLine ID="eSc_line_05115b5c"
                    TAGREFS="LT31"
                    BASELINE="594 647 2725 586" 
                    HPOS="592"
                    VPOS="535"
                    WIDTH="2133"
                    HEIGHT="140">
            <Shape><Polygon POINTS="594 647 594 675 2725 619 2725 586 2720 549 2653 535 2650 535 2647 535 2644 535 2622 549 2466 541 2463 541 2460 541 2421 555 1991 555 1988 555 1854 572 1848 572 1843 572 1784 560 1781 560 1664 577 1653 577 1625 577 1281 574 1279 574 592 605 594 647"/></Shape>
	    <String CONTENT=""
                    HPOS="592"
                    VPOS="535"
                    WIDTH="2133"
                    HEIGHT="140"></String>
          </TextLine>
          <TextLine ID="eSc_line_2a82ae79"
                    TAGREFS="LT31"
                    BASELINE="608 717 2731 647" 
                    HPOS="606"
                    VPOS="611"
                    WIDTH="2125"
                    HEIGHT="131">
            <Shape><Polygon POINTS="608 717 608 742 1117 736 1178 731 1284 717 1337 725 1362 728 1365 728 1401 722 1477 711 1566 720 1594 720 1597 720 1600 720 1608 717 1636 706 1818 711 1865 711 1868 711 1871 711 1876 708 1904 697 1932 708 1935 708 1938 708 1940 708 1943 708 1949 708 1980 694 2035 706 2047 706 2049 706 2063 703 2136 689 2273 697 2284 697 2287 697 2318 697 2655 672 2725 683 2731 647 2722 611 2192 625 2189 625 2170 611 2167 611 2164 611 2161 611 2158 611 2156 611 2136 627 2133 630 2049 630 1566 630 1563 630 1485 644 1457 650 1438 647 1376 636 1374 636 1133 644 1131 644 1128 644 1117 655 1108 661 1091 655 1064 650 1061 650 1058 650 971 661 916 667 899 661 871 653 868 653 865 653 606 669 608 717"/></Shape>
	    <String CONTENT=""
                    HPOS="606"
                    VPOS="611"
                    WIDTH="2125"
                    HEIGHT="131"></String>
          </TextLine>
          <TextLine ID="eSc_line_ccbe2b51"
                    TAGREFS="LT31"
                    BASELINE="614 795 1541 747 2720 720" 
                    HPOS="611"
                    VPOS="678"
                    WIDTH="2109"
                    HEIGHT="145">
            <Shape><Polygon POINTS="614 795 614 823 773 803 837 814 854 817 857 817 1103 809 1105 809 1108 809 1114 803 1131 795 1256 798 1343 800 1346 800 1376 795 1432 781 1650 784 1804 784 1806 784 1809 784 1840 775 1873 767 2024 767 2242 770 2245 770 2248 770 2298 756 2329 750 2432 750 2650 756 2653 756 2655 756 2720 739 2720 720 2711 678 1262 711 611 750 614 795"/></Shape>
	    <String CONTENT=""
                    HPOS="611"
                    VPOS="678"
                    WIDTH="2109"
                    HEIGHT="145"></String>
          </TextLine>
          <TextLine ID="eSc_line_848d1248"
                    TAGREFS="LT31"
                    BASELINE="603 865 1448 823 1500 790 1519 814 2695 784" 
                    HPOS="600"
                    VPOS="733"
                    WIDTH="2095"
                    HEIGHT="162">
            <Shape><Polygon POINTS="603 895 1661 837 1795 853 1804 853 1806 853 1809 853 1812 853 1876 831 2086 837 2089 837 2192 817 2466 828 2471 828 2474 828 2477 828 2547 806 2689 820 2695 784 2686 736 2482 747 2463 745 2426 733 2424 733 2421 733 2304 750 2253 756 2225 753 2161 745 2158 745 2156 745 2119 756 2102 761 2089 759 2044 747 2041 747 2038 747 1776 770 1703 775 1650 775 1427 770 1424 770 1421 770 1362 787 1348 789 1337 787 1295 778 1293 778 1159 795 1122 798 1111 795 1055 784 1052 784 600 814 603 865"/></Shape>
	    <String CONTENT=""
                    HPOS="600"
                    VPOS="733"
                    WIDTH="2095"
                    HEIGHT="162"></String>
          </TextLine>
          <TextLine ID="eSc_line_123c6c81"
                    TAGREFS="LT31"
                    BASELINE="600 940 1650 881 2675 842" 
                    HPOS="597"
                    VPOS="803"
                    WIDTH="2078"
                    HEIGHT="173">
            <Shape><Polygon POINTS="600 940 600 976 728 957 768 971 773 974 776 974 779 974 1234 951 1237 951 1240 951 1242 948 1273 926 1301 946 1304 946 1307 946 1309 946 1318 946 1429 918 1485 932 1488 932 1491 932 1494 932 1496 932 1519 912 1781 901 1865 909 1868 909 2139 884 2200 901 2211 904 2214 904 2217 904 2242 898 2329 879 2387 893 2412 895 2415 895 2418 895 2421 895 2429 890 2466 870 2672 876 2675 842 2669 803 2304 820 2290 820 2186 809 2183 809 2013 817 2010 817 2008 817 1994 831 1952 820 1949 820 1946 820 1943 820 1910 837 1773 828 1770 828 1650 851 1639 851 1633 851 1538 840 1536 840 1393 859 1360 848 1357 848 1354 848 1351 848 1295 867 1290 867 1262 867 971 867 969 867 835 890 823 890 821 890 793 879 790 879 787 879 784 879 781 879 762 893 754 893 647 881 645 881 642 881 597 898 600 940"/></Shape>
	    <String CONTENT=""
                    HPOS="597"
                    VPOS="803"
                    WIDTH="2078"
                    HEIGHT="173"></String>
          </TextLine>
          <TextLine ID="eSc_line_a0221319"
                    TAGREFS="LT31"
                    BASELINE="614 1010 2703 898" 
                    HPOS="608"
                    VPOS="856"
                    WIDTH="2095"
                    HEIGHT="187">
            <Shape><Polygon POINTS="614 1010 614 1043 723 1024 809 1035 812 1035 815 1035 818 1035 843 1018 871 1032 874 1032 876 1032 879 1032 930 1013 1125 1018 1128 1018 1505 982 1656 990 1658 990 1661 990 1689 990 2552 926 2586 940 2588 940 2591 940 2594 940 2653 920 2697 934 2703 898 2700 862 2499 856 2496 856 2493 856 2446 873 2435 876 2421 876 2354 865 2351 865 2209 884 2170 890 2153 887 2075 879 2072 879 1991 895 1968 901 1957 898 1921 887 1918 887 1915 887 1798 907 1759 912 1745 909 1711 898 1709 898 1706 898 1496 909 1494 909 1457 923 1441 929 1429 926 1399 915 1396 915 1393 915 1390 915 1354 929 1337 934 1309 932 1251 923 1248 923 1245 923 1203 937 1181 946 608 965 614 1010"/></Shape>
	    <String CONTENT=""
                    HPOS="608"
                    VPOS="856"
                    WIDTH="2095"
                    HEIGHT="187"></String>
          </TextLine>
          <TextLine ID="eSc_line_6013adb9"
                    TAGREFS="LT34"
                    BASELINE="924 959 1199 940" 
                    HPOS="924"
                    VPOS="940"
                    WIDTH="275"
                    HEIGHT="19">
	    <String CONTENT=""
                    HPOS="924"
                    VPOS="940"
                    WIDTH="275"
                    HEIGHT="19"></String>
          </TextLine>
          <TextLine ID="eSc_line_17b92c7e"
                    TAGREFS="LT31"
                    BASELINE="600 1068 2667 962" 
                    HPOS="597"
                    VPOS="909"
                    WIDTH="2070"
                    HEIGHT="185">
            <Shape><Polygon POINTS="600 1068 600 1094 2667 999 2667 962 2658 909 2452 920 2449 920 2446 920 2446 923 2429 937 2292 929 2273 929 2270 929 2253 932 2156 951 2075 940 2055 940 2052 940 1996 946 1779 974 1667 976 1642 965 1633 962 1630 962 1628 962 1591 968 1508 985 1379 982 1307 979 1304 979 1301 979 1298 979 1290 985 1273 996 1145 993 1050 993 1047 993 983 1004 907 1015 835 1013 748 1007 745 1007 597 1024 600 1068"/></Shape>
	    <String CONTENT=""
                    HPOS="597"
                    VPOS="909"
                    WIDTH="2070"
                    HEIGHT="185"></String>
          </TextLine>
          <TextLine ID="eSc_line_827d9b97"
                    TAGREFS="LT31"
                    BASELINE="606 1141 2287 1057 2720 1046" 
                    HPOS="600"
                    VPOS="1001"
                    WIDTH="2120"
                    HEIGHT="173">
            <Shape><Polygon POINTS="606 1141 606 1174 846 1152 888 1163 890 1163 893 1163 896 1163 1016 1141 2720 1071 2720 1046 2717 1004 2401 1001 2399 1001 2304 1021 2284 1024 2276 1021 2250 1013 2248 1013 2245 1013 2033 1032 1927 1040 1915 1038 1887 1027 1885 1027 1882 1027 1879 1027 1840 1040 1818 1046 1781 1043 1717 1035 1714 1035 1711 1035 1670 1046 1644 1054 1622 1049 1594 1040 1591 1040 1589 1040 1586 1040 1550 1052 1522 1060 1390 1060 1245 1057 1242 1057 1133 1063 1131 1063 1128 1063 1128 1066 1122 1071 1111 1080 1080 1071 1066 1068 1064 1068 1061 1068 1058 1068 1041 1074 1005 1088 600 1091 606 1141"/></Shape>
	    <String CONTENT=""
                    HPOS="600"
                    VPOS="1001"
                    WIDTH="2120"
                    HEIGHT="173"></String>
          </TextLine>
          <TextLine ID="eSc_line_e1317128"
                    TAGREFS="LT31"
                    BASELINE="600 1211 2717 1113" 
                    HPOS="597"
                    VPOS="1074"
                    WIDTH="2120"
                    HEIGHT="167">
            <Shape><Polygon POINTS="600 1211 600 1241 2717 1144 2717 1113 2711 1074 1670 1110 1625 1116 1550 1130 1516 1121 1505 1119 1502 1119 1499 1119 1496 1119 1494 1119 1488 1121 1474 1133 1410 1127 1388 1124 1385 1124 1382 1124 1379 1124 1376 1127 1362 1138 1326 1130 1309 1127 1307 1127 1231 1133 999 1155 966 1144 963 1144 960 1144 957 1144 946 1144 862 1160 773 1152 765 1152 762 1152 754 1152 681 1169 597 1160 600 1211"/></Shape>
	    <String CONTENT=""
                    HPOS="597"
                    VPOS="1074"
                    WIDTH="2120"
                    HEIGHT="167"></String>
          </TextLine>
          <TextLine ID="eSc_line_8a996ac0"
                    TAGREFS="LT31"
                    BASELINE="608 1289 2709 1180" 
                    HPOS="603"
                    VPOS="1144"
                    WIDTH="2106"
                    HEIGHT="173">
            <Shape><Polygon POINTS="608 1289 608 1317 2709 1211 2709 1180 2703 1144 2382 1144 2379 1144 2242 1163 2217 1166 2209 1166 2178 1155 2175 1155 2172 1155 1943 1177 1840 1188 603 1236 608 1289"/></Shape>
	    <String CONTENT=""
                    HPOS="603"
                    VPOS="1144"
                    WIDTH="2106"
                    HEIGHT="173"></String>
          </TextLine>
          <TextLine ID="eSc_line_584a10a9"
                    TAGREFS="LT31"
                    BASELINE="606 1356 2692 1255" 
                    HPOS="606"
                    VPOS="1208"
                    WIDTH="2086"
                    HEIGHT="176">
            <Shape><Polygon POINTS="606 1384 2689 1283 2692 1255 2689 1219 2608 1208 2605 1208 2468 1227 2438 1230 2435 1227 2415 1216 2412 1216 2410 1216 2407 1216 2404 1216 2359 1230 2351 1233 2323 1233 2228 1227 2225 1227 2033 1244 1873 1258 1848 1253 1820 1244 1818 1244 1815 1244 1812 1244 1770 1255 1734 1264 1689 1258 1642 1253 1639 1253 1636 1253 1611 1261 1577 1272 1550 1264 1530 1258 1527 1258 1524 1258 1522 1258 1491 1267 1446 1278 1388 1269 1354 1267 1351 1267 1348 1267 1326 1272 1276 1286 1217 1278 1195 1275 1192 1275 1189 1275 1186 1275 1184 1278 1164 1294 1002 1300 916 1289 902 1289 899 1289 868 1292 656 1317 606 1303 606 1356 606 1384"/></Shape>
	    <String CONTENT=""
                    HPOS="606"
                    VPOS="1208"
                    WIDTH="2086"
                    HEIGHT="176"></String>
          </TextLine>
          <TextLine ID="eSc_line_c8e71ac6"
                    TAGREFS="LT31"
                    BASELINE="611 1428 2259 1347 2689 1336" 
                    HPOS="606"
                    VPOS="1278"
                    WIDTH="2083"
                    HEIGHT="187">
            <Shape><Polygon POINTS="611 1428 617 1465 633 1451 815 1451 818 1451 821 1451 849 1437 1128 1440 1195 1440 1198 1440 1251 1434 1488 1406 1533 1420 1538 1423 1541 1423 1544 1423 1547 1423 1550 1423 1552 1420 1577 1406 1647 1417 1664 1417 1667 1417 1698 1414 1860 1389 2206 1389 2250 1389 2253 1389 2256 1389 2259 1389 2290 1370 2412 1381 2424 1381 2426 1381 2429 1381 2435 1381 2510 1359 2686 1367 2689 1336 2683 1278 2600 1294 2552 1283 2544 1283 2541 1283 2538 1283 2533 1283 2480 1300 2301 1297 2248 1297 2245 1297 2214 1303 2128 1317 2089 1308 2072 1306 2069 1306 1985 1314 1826 1331 1734 1328 1664 1325 1661 1325 1658 1325 1633 1334 1600 1342 1466 1342 1323 1342 1320 1342 1242 1353 1192 1361 1172 1359 1136 1350 1133 1350 606 1387 611 1428"/></Shape>
	    <String CONTENT=""
                    HPOS="606"
                    VPOS="1278"
                    WIDTH="2083"
                    HEIGHT="187"></String>
          </TextLine>
          <TextLine ID="eSc_line_31735f6d"
                    TAGREFS="LT31"
                    BASELINE="611 1501 2672 1412" 
                    HPOS="608"
                    VPOS="1356"
                    WIDTH="2064"
                    HEIGHT="167">
            <Shape><Polygon POINTS="611 1501 611 1523 1449 1504 1575 1493 1717 1479 1748 1487 1765 1490 1767 1490 1770 1490 1943 1479 2354 1451 2669 1451 2672 1412 2667 1373 2608 1356 2605 1356 2602 1356 2600 1356 2597 1356 2566 1378 2563 1381 2373 1387 2312 1367 2309 1367 2306 1367 2304 1367 2301 1367 2301 1370 2276 1392 2273 1392 2267 1392 2197 1381 2195 1381 2192 1381 2158 1395 2111 1375 2108 1375 2105 1375 2102 1375 2100 1375 2069 1400 2066 1400 2061 1400 1893 1384 1890 1384 1698 1392 1695 1392 1633 1420 1630 1423 1494 1426 1429 1426 1407 1409 1404 1409 1401 1409 1399 1409 1396 1409 1351 1431 1200 1437 1086 1442 1083 1442 997 1423 994 1423 991 1423 927 1451 921 1451 910 1451 818 1437 815 1437 608 1462 611 1501"/></Shape>
	    <String CONTENT=""
                    HPOS="608"
                    VPOS="1356"
                    WIDTH="2064"
                    HEIGHT="167"></String>
          </TextLine>
          <TextLine ID="eSc_line_d0b1be35"
                    TAGREFS="LT31"
                    BASELINE="608 1585 2153 1507 2709 1498" 
                    HPOS="606"
                    VPOS="1451"
                    WIDTH="2103"
                    HEIGHT="156">
            <Shape><Polygon POINTS="608 1607 2709 1521 2709 1498 2703 1451 2144 1456 2142 1456 2086 1473 2063 1479 1977 1476 1832 1473 1829 1473 1826 1473 1804 1484 1781 1493 1756 1484 1731 1479 1728 1479 1725 1479 1723 1479 1695 1487 1664 1498 1639 1490 1617 1481 1614 1481 1611 1481 1608 1481 1605 1481 1594 1493 1583 1501 1365 1512 1290 1504 1248 1498 1245 1498 1200 1507 1114 1526 826 1537 776 1523 770 1521 768 1521 765 1521 748 1523 645 1546 606 1529 608 1585 608 1607"/></Shape>
	    <String CONTENT=""
                    HPOS="606"
                    VPOS="1451"
                    WIDTH="2103"
                    HEIGHT="156"></String>
          </TextLine>
          <TextLine ID="eSc_line_9e19c554"
                    TAGREFS="LT31"
                    BASELINE="611 1666 1745 1604 2505 1574 2725 1576" 
                    HPOS="608"
                    VPOS="1515"
                    WIDTH="2117"
                    HEIGHT="179">
            <Shape><Polygon POINTS="611 1666 611 1685 781 1694 784 1694 1128 1666 1203 1660 1212 1663 1242 1671 1245 1671 1248 1671 1410 1654 1536 1641 1586 1646 1630 1652 1633 1652 1636 1652 1639 1652 1647 1643 1661 1635 1681 1643 1700 1649 1703 1649 1706 1649 1709 1649 1739 1641 1779 1629 1829 1638 1860 1641 1862 1641 1865 1641 1868 1641 1873 1635 1887 1624 2038 1629 2111 1629 2114 1629 2116 1629 2136 1624 2192 1610 2454 1610 2471 1610 2474 1610 2477 1610 2521 1593 2722 1599 2725 1576 2722 1523 2560 1515 2558 1515 2301 1546 2290 1546 2284 1546 2200 1534 2197 1534 2195 1534 2161 1551 2122 1537 2119 1537 2116 1537 1854 1562 1770 1551 1767 1551 1765 1551 1709 1571 1482 1565 1480 1565 1365 1590 1362 1590 1357 1590 1136 1582 1133 1582 960 1610 957 1610 955 1610 776 1604 773 1604 608 1627 611 1666"/></Shape>
	    <String CONTENT=""
                    HPOS="608"
                    VPOS="1515"
                    WIDTH="2117"
                    HEIGHT="179"></String>
          </TextLine>
          <TextLine ID="eSc_line_f0e922b3"
                    TAGREFS="LT31"
                    BASELINE="611 1749 1658 1685 2695 1643" 
                    HPOS="608"
                    VPOS="1590"
                    WIDTH="2087"
                    HEIGHT="187">
            <Shape><Polygon POINTS="611 1749 611 1777 726 1761 927 1763 938 1763 941 1763 960 1763 1270 1730 2695 1668 2695 1643 2689 1599 2616 1590 2614 1590 2611 1590 2608 1590 2608 1593 2594 1604 2594 1607 2281 1621 2270 1621 2209 1604 2206 1604 2203 1604 2200 1604 2197 1604 2172 1624 2170 1627 2158 1624 2086 1613 2083 1613 2080 1613 2077 1613 2077 1615 2061 1629 2055 1635 1940 1638 1935 1635 1904 1618 1901 1618 1899 1618 1896 1618 1848 1641 1840 1643 1823 1641 1751 1627 1748 1627 1745 1627 1742 1627 1742 1629 1723 1646 1720 1646 1698 1646 1463 1641 1460 1641 1371 1663 1365 1663 1360 1663 1304 1649 1301 1649 1298 1649 1147 1671 1114 1677 1108 1674 1089 1660 1086 1660 1083 1660 1080 1660 860 1674 857 1674 821 1688 795 1699 608 1699 611 1749"/></Shape>
	    <String CONTENT=""
                    HPOS="608"
                    VPOS="1590"
                    WIDTH="2087"
                    HEIGHT="187"></String>
          </TextLine>
          <TextLine ID="eSc_line_86c001ec"
                    TAGREFS="LT31"
                    BASELINE="606 1816 2278 1727 2717 1719" 
                    HPOS="603"
                    VPOS="1671"
                    WIDTH="2114"
                    HEIGHT="173">
            <Shape><Polygon POINTS="606 1816 606 1844 2717 1741 2717 1719 2714 1671 2396 1671 2393 1671 2390 1671 2387 1671 2371 1685 2368 1688 2359 1688 2287 1677 2284 1677 2281 1677 2217 1694 2203 1699 2033 1705 2027 1705 2008 1691 2005 1691 2002 1691 1999 1691 1910 1710 1885 1713 1812 1713 1566 1713 1563 1713 1354 1724 1351 1724 1307 1738 1290 1744 1276 1741 1242 1730 1240 1730 1237 1730 1069 1749 999 1761 603 1772 606 1816"/></Shape>
	    <String CONTENT=""
                    HPOS="603"
                    VPOS="1671"
                    WIDTH="2114"
                    HEIGHT="173"></String>
          </TextLine>
          <TextLine ID="eSc_line_79895ad5"
                    TAGREFS="LT31"
                    BASELINE="606 1892 1496 1839 2706 1794" 
                    HPOS="603"
                    VPOS="1741"
                    WIDTH="2103"
                    HEIGHT="167">
            <Shape><Polygon POINTS="606 1892 606 1908 1220 1894 1223 1894 1251 1886 1295 1872 1603 1861 1633 1872 1642 1875 1644 1875 1647 1875 1739 1867 1991 1844 2019 1855 2024 1858 2027 1858 2030 1858 2033 1858 2038 1855 2066 1841 2239 1847 2262 1847 2264 1847 2278 1847 2410 1825 2703 1827 2706 1794 2700 1741 2535 1741 2533 1741 2530 1741 2527 1741 2513 1752 2499 1763 2382 1766 2331 1761 2264 1752 2262 1752 2259 1752 2220 1766 2195 1777 1940 1786 1865 1783 1703 1777 1700 1777 1698 1777 1653 1794 1636 1800 1589 1797 1452 1788 1449 1788 1446 1788 1443 1788 1443 1791 1427 1805 1421 1811 1267 1816 1262 1814 1245 1800 1242 1800 1240 1800 1237 1800 1142 1802 1139 1802 1086 1822 1078 1825 1072 1822 1050 1814 1047 1814 1044 1814 779 1839 751 1839 745 1839 659 1825 656 1825 653 1825 603 1841 606 1892"/></Shape>
	    <String CONTENT=""
                    HPOS="603"
                    VPOS="1741"
                    WIDTH="2103"
                    HEIGHT="167"></String>
          </TextLine>
          <TextLine ID="eSc_line_2a04790b"
                    TAGREFS="LT31"
                    BASELINE="594 1961 2021 1886 2697 1867" 
                    HPOS="592"
                    VPOS="1811"
                    WIDTH="2105"
                    HEIGHT="181">
            <Shape><Polygon POINTS="594 1961 594 1992 885 1967 930 1978 932 1978 935 1978 1519 1934 2697 1892 2697 1867 2692 1819 2507 1811 2505 1811 2502 1811 2499 1811 2471 1830 2468 1833 2454 1833 2396 1833 2365 1816 2362 1816 2359 1816 2186 1825 2183 1825 2125 1847 2122 1847 2102 1847 1815 1844 1812 1844 1809 1844 1773 1864 1770 1864 1759 1864 1614 1853 1611 1853 1466 1872 1401 1864 1399 1864 1396 1864 1393 1864 1393 1867 1374 1881 1371 1883 1332 1883 1105 1881 1103 1881 1100 1881 1097 1881 1097 1883 1083 1894 1080 1897 1066 1897 985 1886 983 1886 980 1886 930 1903 916 1908 592 1917 594 1961"/></Shape>
	    <String CONTENT=""
                    HPOS="592"
                    VPOS="1811"
                    WIDTH="2105"
                    HEIGHT="181"></String>
          </TextLine>
          <TextLine ID="eSc_line_b33abce6"
                    TAGREFS="LT31"
                    BASELINE="597 2034 2264 1945 2722 1939" 
                    HPOS="594"
                    VPOS="1889"
                    WIDTH="2128"
                    HEIGHT="167">
            <Shape><Polygon POINTS="597 2034 597 2056 2722 1961 2722 1939 2717 1892 2396 1903 2368 1889 2365 1889 2362 1889 2359 1889 2298 1911 2253 1892 2250 1892 2248 1892 1882 1928 1812 1914 1809 1914 1806 1914 1804 1914 1784 1931 1700 1920 1698 1920 1413 1956 1354 1939 1351 1939 1348 1939 1346 1939 1251 1964 1052 1953 1050 1953 1047 1953 1044 1953 1013 1978 910 1981 781 1967 779 1967 776 1967 706 1992 656 1973 653 1973 650 1973 647 1973 594 1998 597 2034"/></Shape>
	    <String CONTENT=""
                    HPOS="594"
                    VPOS="1889"
                    WIDTH="2128"
                    HEIGHT="167"></String>
          </TextLine>
          <TextLine ID="eSc_line_dc3546d5"
                    TAGREFS="LT31"
                    BASELINE="597 2104 2312 2017 2706 2009" 
                    HPOS="594"
                    VPOS="1953"
                    WIDTH="2112"
                    HEIGHT="184">
            <Shape><Polygon POINTS="597 2104 597 2126 706 2137 709 2137 1170 2104 1413 2084 1737 2081 1957 2076 1960 2076 1977 2070 2027 2056 2200 2062 2245 2062 2248 2062 2250 2062 2259 2059 2309 2042 2351 2056 2357 2056 2359 2056 2362 2056 2390 2054 2560 2031 2703 2040 2706 2009 2700 1953 594 2054 597 2104"/></Shape>
	    <String CONTENT=""
                    HPOS="594"
                    VPOS="1953"
                    WIDTH="2112"
                    HEIGHT="184"></String>
          </TextLine>
          <TextLine ID="eSc_line_91e91274"
                    TAGREFS="LT31"
                    BASELINE="594 2182 2248 2095 2714 2084" 
                    HPOS="592"
                    VPOS="2031"
                    WIDTH="2122"
                    HEIGHT="176">
            <Shape><Polygon POINTS="594 2182 594 2207 963 2201 966 2201 983 2193 1008 2182 1044 2190 1066 2196 1069 2196 1072 2196 1259 2188 1262 2188 1265 2188 1276 2179 1295 2168 1362 2176 1399 2179 1401 2179 1404 2179 1418 2174 1452 2157 1762 2143 1885 2151 1927 2154 1929 2154 2033 2146 2373 2112 2711 2112 2714 2084 2711 2037 2519 2031 2516 2031 2513 2031 2460 2048 2457 2048 2415 2037 2412 2037 2410 2037 2407 2037 2351 2054 2345 2054 2329 2054 2130 2051 2128 2051 1968 2073 1954 2073 1932 2073 1684 2073 1681 2073 1678 2073 1647 2087 1575 2079 1572 2079 1569 2079 1519 2095 1513 2095 1488 2095 1251 2095 1248 2095 1245 2095 1189 2112 1181 2112 1178 2112 1133 2101 1131 2101 1128 2101 592 2140 594 2182"/></Shape>
	    <String CONTENT=""
                    HPOS="592"
                    VPOS="2031"
                    WIDTH="2122"
                    HEIGHT="176"></String>
          </TextLine>
          <TextLine ID="eSc_line_282d38be"
                    TAGREFS="LT31"
                    BASELINE="603 2257 2675 2151" 
                    HPOS="597"
                    VPOS="2104"
                    WIDTH="2078"
                    HEIGHT="170">
            <Shape><Polygon POINTS="603 2257 603 2274 2672 2174 2675 2151 2669 2112 2510 2104 2507 2104 2505 2104 2449 2123 2404 2109 2401 2109 2399 2109 2396 2109 2340 2129 2292 2115 2290 2115 2287 2115 2175 2134 2142 2123 2139 2123 2136 2123 2133 2123 2130 2123 2130 2126 2114 2140 1801 2140 1798 2140 1795 2140 1742 2160 1739 2160 1695 2146 1692 2146 1689 2146 1586 2168 1577 2168 1561 2168 1309 2165 1307 2165 1304 2165 1242 2185 1240 2185 1234 2185 1161 2176 1159 2176 1156 2176 1153 2176 1153 2179 1142 2190 1139 2193 910 2201 907 2201 876 2188 874 2188 871 2188 597 2215 603 2257"/></Shape>
	    <String CONTENT=""
                    HPOS="597"
                    VPOS="2104"
                    WIDTH="2078"
                    HEIGHT="170"></String>
          </TextLine>
          <TextLine ID="eSc_line_78938e7e"
                    TAGREFS="LT31"
                    BASELINE="597 2333 1455 2274 2675 2218" 
                    HPOS="594"
                    VPOS="2179"
                    WIDTH="2081"
                    HEIGHT="168">
            <Shape><Polygon POINTS="597 2333 597 2347 1175 2333 1251 2316 1259 2313 1267 2313 1309 2324 1312 2324 1315 2324 1318 2324 1320 2324 1334 2310 1340 2308 1357 2310 1418 2316 1421 2316 1424 2316 1427 2316 1438 2305 1443 2299 1759 2285 1804 2285 2063 2285 2066 2285 2172 2266 2206 2277 2209 2277 2211 2277 2214 2277 2217 2277 2217 2274 2231 2260 2234 2260 2270 2274 2273 2274 2276 2274 2675 2235 2675 2218 2669 2179 2197 2188 2195 2188 2150 2207 2144 2207 2142 2207 2114 2196 2111 2196 2108 2196 2005 2213 1985 2215 1960 2215 1779 2210 1776 2210 1773 2210 1725 2229 1720 2229 1706 2229 1577 2221 1575 2221 1572 2221 1569 2221 1547 2238 1544 2238 1533 2238 1309 2235 1307 2235 1304 2235 1301 2235 1279 2252 1276 2254 885 2274 879 2274 823 2263 821 2263 594 2288 597 2333"/></Shape>
	    <String CONTENT=""
                    HPOS="594"
                    VPOS="2179"
                    WIDTH="2081"
                    HEIGHT="168"></String>
          </TextLine>
          <TextLine ID="eSc_line_e8db5ff9"
                    TAGREFS="LT31"
                    BASELINE="597 2402 2700 2288" 
                    HPOS="594"
                    VPOS="2238"
                    WIDTH="2106"
                    HEIGHT="198">
            <Shape><Polygon POINTS="597 2402 597 2436 1022 2402 1052 2414 1055 2414 1058 2414 1061 2414 1119 2397 1304 2400 1312 2400 1315 2400 1332 2400 1625 2369 1759 2374 1767 2374 1770 2374 1806 2372 2242 2333 2700 2321 2700 2288 2689 2238 2655 2252 2541 2246 2474 2243 2471 2243 2468 2243 2449 2252 2415 2266 2315 2260 2262 2257 2259 2257 2256 2257 2239 2263 2211 2277 2156 2268 2142 2268 2139 2268 2102 2271 1954 2291 1882 2285 1806 2280 1804 2280 1801 2280 1773 2291 1748 2302 1714 2296 1675 2288 1672 2288 1670 2288 1667 2288 1656 2299 1642 2310 1494 2316 1455 2310 1393 2302 1390 2302 1293 2321 1237 2333 1108 2333 832 2333 829 2333 594 2361 597 2402"/></Shape>
	    <String CONTENT=""
                    HPOS="594"
                    VPOS="2238"
                    WIDTH="2106"
                    HEIGHT="198"></String>
          </TextLine>
          <TextLine ID="eSc_line_2730e84d"
                    TAGREFS="LT31"
                    BASELINE="597 2481 2493 2363 2709 2358" 
                    HPOS="594"
                    VPOS="2302"
                    WIDTH="2115"
                    HEIGHT="215">
            <Shape><Polygon POINTS="597 2481 600 2517 695 2497 726 2508 728 2508 731 2508 734 2508 781 2492 809 2503 812 2503 815 2503 818 2503 821 2503 821 2500 835 2489 946 2495 949 2495 952 2495 955 2495 957 2495 983 2481 1161 2481 1186 2481 1189 2481 1209 2478 1334 2458 1438 2464 1460 2464 1463 2464 1466 2464 1474 2461 1510 2447 1650 2450 1689 2450 1692 2450 2709 2380 2709 2358 2700 2302 2482 2324 2460 2316 2443 2310 2440 2310 2438 2310 2298 2319 2295 2319 2273 2330 2250 2338 2211 2333 2170 2327 2167 2327 2091 2341 2044 2349 2021 2347 1982 2338 1980 2338 1890 2355 1840 2363 1826 2358 1804 2349 1801 2349 1798 2349 1795 2349 1762 2363 1745 2369 1720 2366 1664 2358 1661 2358 1563 2374 1524 2383 1513 2380 1491 2369 1488 2369 1485 2369 1343 2377 957 2416 888 2422 876 2422 801 2411 798 2411 795 2411 751 2430 748 2433 594 2439 597 2481"/></Shape>
	    <String CONTENT=""
                    HPOS="594"
                    VPOS="2302"
                    WIDTH="2115"
                    HEIGHT="215"></String>
          </TextLine>
          <TextLine ID="eSc_line_ee241d46"
                    TAGREFS="LT31"
                    BASELINE="583 2550 2681 2428" 
                    HPOS="580"
                    VPOS="2380"
                    WIDTH="2101"
                    HEIGHT="204">
            <Shape><Polygon POINTS="583 2550 583 2584 2681 2447 2681 2428 2675 2391 2580 2380 2577 2380 2574 2380 2572 2380 2549 2397 2547 2400 2038 2428 2030 2428 1952 2416 1949 2416 1946 2416 1896 2436 1893 2436 1851 2422 1848 2422 1846 2422 1843 2422 1801 2441 1798 2441 1781 2441 1611 2436 1608 2436 1427 2447 1424 2447 1374 2467 1368 2467 1362 2467 1281 2455 1279 2455 1276 2455 1220 2475 1217 2475 1203 2475 991 2472 988 2472 899 2495 890 2495 879 2495 754 2486 751 2486 580 2511 583 2550"/></Shape>
	    <String CONTENT=""
                    HPOS="580"
                    VPOS="2380"
                    WIDTH="2101"
                    HEIGHT="204"></String>
          </TextLine>
          <TextLine ID="eSc_line_c043a5c0"
                    TAGREFS="LT31"
                    BASELINE="586 2620 1943 2534 2672 2500" 
                    HPOS="580"
                    VPOS="2453"
                    WIDTH="2092"
                    HEIGHT="203">
            <Shape><Polygon POINTS="586 2620 589 2656 650 2640 667 2654 670 2654 673 2654 675 2654 821 2645 823 2645 826 2645 826 2642 846 2628 974 2634 988 2634 991 2634 994 2634 999 2634 1061 2615 1091 2628 1094 2628 1097 2628 1100 2628 1125 2626 1290 2601 1368 2612 1376 2612 1379 2612 1396 2609 1522 2587 1600 2598 1608 2598 1611 2598 1622 2598 1714 2575 1790 2587 1798 2587 1801 2587 1815 2587 1943 2561 2069 2570 2077 2570 2080 2570 2091 2570 2225 2542 2672 2534 2672 2500 2664 2453 580 2573 586 2620"/></Shape>
	    <String CONTENT=""
                    HPOS="580"
                    VPOS="2453"
                    WIDTH="2092"
                    HEIGHT="203"></String>
          </TextLine>
          <TextLine ID="eSc_line_12c5f048"
                    TAGREFS="LT31"
                    BASELINE="583 2695 2189 2598 2692 2584" 
                    HPOS="580"
                    VPOS="2522"
                    WIDTH="2112"
                    HEIGHT="193">
            <Shape><Polygon POINTS="583 2695 583 2715 2689 2609 2692 2584 2683 2522 1474 2603 1443 2601 1379 2592 1376 2592 1186 2617 1150 2620 1136 2620 1044 2612 1041 2612 740 2645 703 2648 695 2648 628 2637 625 2637 622 2637 580 2651 583 2695"/></Shape>
	    <String CONTENT=""
                    HPOS="580"
                    VPOS="2522"
                    WIDTH="2112"
                    HEIGHT="193"></String>
          </TextLine>
          <TextLine ID="eSc_line_4ad80434"
                    TAGREFS="LT31"
                    BASELINE="575 2765 2102 2676 2689 2654" 
                    HPOS="572"
                    VPOS="2603"
                    WIDTH="2117"
                    HEIGHT="198">
            <Shape><Polygon POINTS="575 2765 575 2788 620 2801 622 2801 625 2801 726 2782 740 2779 756 2779 871 2788 874 2788 876 2788 918 2771 930 2768 949 2771 1022 2779 1024 2779 1125 2760 1153 2757 1175 2760 1245 2765 1248 2765 1251 2765 1253 2765 1270 2754 1281 2748 1343 2751 1474 2754 1477 2754 1597 2737 1644 2732 1684 2732 1767 2737 1770 2737 1773 2737 1804 2726 1832 2718 1985 2718 2122 2718 2125 2718 2175 2709 2242 2695 2256 2704 2262 2709 2264 2709 2267 2709 2270 2709 2273 2709 2276 2709 2281 2704 2298 2693 2343 2701 2373 2704 2376 2704 2435 2695 2530 2681 2686 2681 2689 2654 2681 2603 1994 2645 1940 2645 1809 2640 1806 2640 1804 2640 1801 2640 1779 2654 1770 2659 1552 2670 1541 2668 1516 2656 1513 2656 1510 2656 1388 2676 1343 2681 1309 2679 1206 2673 1203 2673 1128 2690 1100 2695 1050 2695 907 2690 904 2690 902 2690 857 2707 843 2709 823 2707 756 2698 754 2698 572 2721 575 2765"/></Shape>
	    <String CONTENT=""
                    HPOS="572"
                    VPOS="2603"
                    WIDTH="2117"
                    HEIGHT="198"></String>
          </TextLine>
          <TextLine ID="eSc_line_56e67879"
                    TAGREFS="LT31"
                    BASELINE="583 2835 1913 2754 2697 2732" 
                    HPOS="578"
                    VPOS="2684"
                    WIDTH="2119"
                    HEIGHT="184">
            <Shape><Polygon POINTS="583 2835 586 2868 955 2832 1041 2841 1044 2841 2021 2774 2695 2757 2697 2732 2695 2684 2393 2684 2390 2684 2387 2684 2315 2701 2231 2690 2228 2690 2225 2690 2170 2709 2072 2698 2069 2698 2066 2698 2063 2698 2038 2715 1770 2715 1767 2715 1765 2715 1728 2732 1594 2723 1591 2723 1474 2746 1382 2735 1379 2735 1005 2771 902 2760 899 2760 578 2793 583 2835"/></Shape>
	    <String CONTENT=""
                    HPOS="578"
                    VPOS="2684"
                    WIDTH="2119"
                    HEIGHT="184"></String>
          </TextLine>
          <TextLine ID="eSc_line_21902f77"
                    TAGREFS="LT31"
                    BASELINE="580 2899 2686 2796" 
                    HPOS="578"
                    VPOS="2748"
                    WIDTH="2108"
                    HEIGHT="179">
            <Shape><Polygon POINTS="580 2927 2686 2829 2686 2796 2681 2748 2111 2785 2035 2776 1996 2774 1994 2774 1991 2774 1968 2779 1927 2796 1661 2796 1614 2796 1611 2796 1591 2799 1471 2815 1270 2813 1203 2813 1200 2813 1198 2813 1195 2813 1192 2815 1175 2829 1105 2821 1100 2821 1097 2821 1080 2821 798 2849 765 2835 762 2835 759 2835 756 2835 754 2835 745 2838 684 2855 578 2846 580 2899 580 2927"/></Shape>
	    <String CONTENT=""
                    HPOS="578"
                    VPOS="2748"
                    WIDTH="2108"
                    HEIGHT="179"></String>
          </TextLine>
          <TextLine ID="eSc_line_d565d63a"
                    TAGREFS="LT31"
                    BASELINE="558 2983 1488 2922 2672 2877" 
                    HPOS="555"
                    VPOS="2824"
                    WIDTH="2117"
                    HEIGHT="173">
            <Shape><Polygon POINTS="558 2983 558 2997 1016 2991 1083 2977 1145 2966 1226 2972 1304 2977 1307 2977 1309 2977 1334 2966 1368 2952 1538 2947 1603 2955 1642 2961 1644 2961 1692 2952 1770 2935 1823 2947 1846 2949 1848 2949 2052 2941 2116 2933 2284 2910 2371 2922 2396 2924 2399 2924 2401 2924 2415 2919 2477 2902 2669 2908 2672 2877 2667 2832 2499 2824 2496 2824 2493 2824 2435 2843 2170 2841 2167 2841 1985 2866 1980 2866 1977 2866 1927 2852 1924 2852 1921 2852 1806 2874 1801 2874 1792 2874 1527 2871 1524 2871 1413 2891 1117 2891 1114 2891 1008 2913 997 2913 983 2913 835 2905 832 2905 829 2905 773 2924 768 2924 765 2924 717 2910 714 2910 712 2910 709 2910 706 2910 684 2927 681 2930 555 2933 558 2983"/></Shape>
	    <String CONTENT=""
                    HPOS="555"
                    VPOS="2824"
                    WIDTH="2117"
                    HEIGHT="173"></String>
          </TextLine>
          <TextLine ID="eSc_line_d831dc17"
                    TAGREFS="LT31"
                    BASELINE="569 3042 2686 2949" 
                    HPOS="566"
                    VPOS="2896"
                    WIDTH="2120"
                    HEIGHT="165">
            <Shape><Polygon POINTS="569 3042 569 3061 2683 2977 2686 2949 2683 2910 2625 2896 2622 2896 2619 2896 2616 2896 2558 2916 2527 2902 2524 2902 2521 2902 2519 2902 2516 2902 2488 2922 2278 2927 2242 2913 2239 2913 2237 2913 2105 2935 2083 2922 2080 2922 2077 2922 2075 2922 2072 2922 2038 2938 1985 2924 1982 2924 1980 2924 1848 2947 1533 2944 1530 2944 1334 2969 1234 2958 1231 2958 952 2986 829 2975 826 2975 566 3002 569 3042"/></Shape>
	    <String CONTENT=""
                    HPOS="566"
                    VPOS="2896"
                    WIDTH="2120"
                    HEIGHT="165"></String>
          </TextLine>
          <TextLine ID="eSc_line_a02918a3"
                    TAGREFS="LT31"
                    BASELINE="572 3114 2672 3033" 
                    HPOS="569"
                    VPOS="2983"
                    WIDTH="2103"
                    HEIGHT="159">
            <Shape><Polygon POINTS="572 3114 572 3142 2669 3055 2672 3033 2667 2997 2572 2983 2569 2983 2368 3005 2329 2991 2326 2991 2323 2991 2320 2991 2287 3008 2242 2994 2239 2994 2237 2994 2234 2994 2156 3014 2153 3014 2136 3014 1801 3011 1798 3011 1491 3039 1435 3042 1401 3042 1231 3033 1228 3033 1226 3033 1184 3050 1178 3050 1167 3050 1078 3039 1075 3039 991 3055 974 3058 941 3058 832 3053 829 3053 728 3064 689 3069 684 3067 659 3055 656 3055 653 3055 569 3069 572 3114"/></Shape>
	    <String CONTENT=""
                    HPOS="569"
                    VPOS="2983"
                    WIDTH="2103"
                    HEIGHT="159"></String>
          </TextLine>
          <TextLine ID="eSc_line_9727a603"
                    TAGREFS="LT31"
                    BASELINE="578 3189 1728 3142 2655 3120" 
                    HPOS="575"
                    VPOS="3075"
                    WIDTH="2080"
                    HEIGHT="137">
            <Shape><Polygon POINTS="578 3189 578 3212 1940 3175 2049 3159 2063 3159 2069 3159 2108 3170 2111 3170 2114 3170 2116 3170 2119 3170 2139 3156 2144 3156 2192 3167 2195 3167 2197 3167 2200 3167 2200 3164 2211 3153 2214 3153 2228 3153 2348 3162 2351 3162 2429 3145 2440 3145 2446 3145 2507 3156 2510 3156 2655 3136 2655 3120 2647 3075 1737 3092 1734 3092 1731 3092 1709 3108 1706 3108 1692 3108 1569 3097 1566 3097 1240 3125 1220 3125 1217 3125 1150 3111 1147 3111 1145 3111 1142 3111 1117 3128 980 3117 977 3117 795 3139 748 3125 745 3125 742 3125 575 3148 578 3189"/></Shape>
	    <String CONTENT=""
                    HPOS="575"
                    VPOS="3075"
                    WIDTH="2080"
                    HEIGHT="137"></String>
          </TextLine>
          <TextLine ID="eSc_line_1d939451"
                    TAGREFS="LT31"
                    BASELINE="561 3265 2024 3212 2689 3198" 
                    HPOS="558"
                    VPOS="3139"
                    WIDTH="2131"
                    HEIGHT="170">
            <Shape><Polygon POINTS="561 3265 561 3293 723 3309 726 3309 849 3287 893 3279 935 3284 1047 3298 1050 3298 1172 3276 1231 3268 1326 3273 1435 3279 1438 3279 1441 3279 1477 3268 1510 3259 1530 3268 1550 3276 1552 3276 1555 3276 1558 3276 1561 3276 1572 3265 1586 3254 1695 3254 1739 3262 1804 3273 1806 3273 1809 3273 1860 3259 1887 3251 1915 3256 1966 3268 1968 3268 1971 3268 2016 3254 2063 3237 2256 3234 2326 3245 2382 3254 2385 3254 2549 3248 2552 3248 2577 3240 2616 3223 2686 3234 2689 3198 2683 3156 2535 3139 2533 3139 2530 3139 2452 3162 2449 3162 2438 3162 2041 3156 2038 3156 1952 3175 1873 3162 1871 3162 1709 3187 1700 3187 1681 3187 1326 3181 1323 3181 1320 3181 1284 3201 1281 3201 1231 3189 1228 3189 1131 3206 1119 3206 1111 3206 983 3192 980 3192 977 3192 941 3212 938 3215 703 3220 698 3220 631 3203 628 3203 625 3203 622 3203 558 3220 561 3265"/></Shape>
	    <String CONTENT=""
                    HPOS="558"
                    VPOS="3139"
                    WIDTH="2131"
                    HEIGHT="170"></String>
          </TextLine>
        </TextBlock>
        <TextBlock HPOS="46"
                   VPOS="705"
                   WIDTH="516"
                   HEIGHT="567"
                   ID="eSc_textblock_8121d4c9"
                   TAGREFS="BT43">
          <Shape><Polygon POINTS="46 822 46 1266 529 1272 562 705"/></Shape>
          <TextLine ID="eSc_line_0fd98fb8"
                    TAGREFS="LT31"
                    BASELINE="96 1035 506 793" 
                    HPOS="96"
                    VPOS="793"
                    WIDTH="410"
                    HEIGHT="242">
	    <String CONTENT=""
                    HPOS="96"
                    VPOS="793"
                    WIDTH="410"
                    HEIGHT="242"></String>
          </TextLine>
          <TextLine ID="eSc_line_e8ae4e3d"
                    TAGREFS="LT31"
                    BASELINE="122 1121 521 839" 
                    HPOS="122"
                    VPOS="839"
                    WIDTH="399"
                    HEIGHT="282">
	    <String CONTENT=""
                    HPOS="122"
                    VPOS="839"
                    WIDTH="399"
                    HEIGHT="282"></String>
          </TextLine>
          <TextLine ID="eSc_line_1367ea8a"
                    TAGREFS="LT31"
                    BASELINE="237 1138 401 1029" 
                    HPOS="237"
                    VPOS="1029"
                    WIDTH="164"
                    HEIGHT="109">
	    <String CONTENT=""
                    HPOS="237"
                    VPOS="1029"
                    WIDTH="164"
                    HEIGHT="109"></String>
          </TextLine>
        </TextBlock>
      </PrintSpace>
    </Page>
  </Layout>
</alto>
