<?xml version="1.0" encoding="UTF-8"?>
<alto xmlns:xsi="http://www.w3.org/2001/XMLSchema-instance"
      xmlns="http://www.loc.gov/standards/alto/ns-v4#"
      xsi:schemaLocation="http://www.loc.gov/standards/alto/ns-v4# http://www.loc.gov/standards/alto/v4/alto-4-2.xsd">
  <Description>
    <MeasurementUnit>pixel</MeasurementUnit>
    <sourceImageInformation>
      <fileName>ARCH-DIV-000496_0019.png</fileName>
    </sourceImageInformation>
  </Description>
  <Tags>
    <OtherTag ID="BT42" LABEL="MainZone" DESCRIPTION="block type MainZone"/><OtherTag ID="BT43" LABEL="MarginTextZone" DESCRIPTION="block type MarginTextZone"/><OtherTag ID="BT44" LABEL="NumberingZone" DESCRIPTION="block type NumberingZone"/><OtherTag ID="BT45" LABEL="TitlePageZone" DESCRIPTION="block type TitlePageZone"/><OtherTag ID="BT46" LABEL="CustomZone:Numbering" DESCRIPTION="block type CustomZone:Numbering"/><OtherTag ID="BT49" LABEL="MarginTextZone:lower" DESCRIPTION="block type MarginTextZone:lower"/>
    <OtherTag ID="LT25" LABEL="default" DESCRIPTION="line type default"/><OtherTag ID="LT31" LABEL="DefaultLine" DESCRIPTION="line type DefaultLine"/><OtherTag ID="LT32" LABEL="HeadingLine" DESCRIPTION="line type HeadingLine"/><OtherTag ID="LT33" LABEL="InterlinearLine:addition" DESCRIPTION="line type InterlinearLine:addition"/><OtherTag ID="LT34" LABEL="InterlinearLine:correction" DESCRIPTION="line type InterlinearLine:correction"/>
  </Tags>
  <Layout>
    <Page WIDTH="2790"
          HEIGHT="3312"
          PHYSICAL_IMG_NR="18"
          ID="eSc_dummypage_">
      <PrintSpace HPOS="0"
                  VPOS="0"
                  WIDTH="2790"
                  HEIGHT="3312">
        <TextBlock HPOS="183"
                   VPOS="13"
                   WIDTH="198"
                   HEIGHT="219"
                   ID="eSc_textblock_ecf721fd"
                   TAGREFS="BT44">
          <Shape><Polygon POINTS="183 13 183 232 381 232 378 13"/></Shape>
          <TextLine ID="eSc_line_0dd46064"
                    TAGREFS="LT31"
                    BASELINE="209 104 328 123" 
                    HPOS="209"
                    VPOS="104"
                    WIDTH="119"
                    HEIGHT="19">
	    <String CONTENT=""
                    HPOS="209"
                    VPOS="104"
                    WIDTH="119"
                    HEIGHT="19"></String>
          </TextLine>
        </TextBlock>
        <TextBlock HPOS="548"
                   VPOS="0"
                   WIDTH="2224"
                   HEIGHT="3299"
                   ID="eSc_textblock_e98ca950"
                   TAGREFS="BT42">
          <Shape><Polygon POINTS="599 0 548 3299 2772 3299 2742 0"/></Shape>
          <TextLine ID="eSc_line_7e0974fd"
                    TAGREFS="LT31"
                    BASELINE="627 84 1332 66 2701 73" 
                    HPOS="625"
                    VPOS="22"
                    WIDTH="2076"
                    HEIGHT="84">
            <Shape><Polygon POINTS="2668 42 2650 42 2631 42 2613 42 2594 40 2576 40 2558 40 2539 40 2521 40 2502 40 2484 40 2403 40 2398 38 2392 38 2374 38 2355 38 2337 36 2318 36 2300 36 2282 36 2271 36 2247 38 2239 34 2226 34 2208 34 2190 34 2171 34 2153 34 2134 34 2116 34 2098 33 2079 33 2061 33 2042 33 2024 33 2006 33 1987 31 1969 31 1954 31 1836 40 1834 40 1833 40 1788 29 1785 29 1766 29 1748 27 1742 27 1729 33 1707 27 1693 27 1674 27 1656 27 1637 27 1619 25 1610 25 1505 31 1260 22 1258 22 1256 22 1214 42 1150 42 1080 22 1078 22 1076 22 1003 36 887 22 885 22 883 22 826 40 633 42 625 57 627 84 627 106 691 97 798 104 800 104 802 104 804 104 920 86 1036 103 1056 104 1058 106 1190 106 1190 104 1192 104 1209 101 1262 86 1343 99 1382 104 1383 104 1420 97 1483 86 1599 86 1617 95 1636 104 1637 104 1639 104 1641 104 1678 95 1687 93 1694 95 1731 104 1733 104 1735 104 1737 104 1768 93 1794 86 1899 92 2083 104 2085 104 2086 104 2129 90 2147 84 2223 88 2300 93 2302 93 2351 88 2377 84 2388 86 2420 95 2421 95 2423 95 2477 86 2490 84 2510 86 2602 93 2604 93 2699 82 2701 73 2699 42 2686 42"/></Shape>
	    <String CONTENT="paix à tout prex l&#x27;obligeait à refuser sonfits la couronne des"
                    HPOS="625"
                    VPOS="22"
                    WIDTH="2076"
                    HEIGHT="84"
                    WC="0.9949178826063871"></String>
          </TextLine>
          <TextLine ID="eSc_line_8276cd0e"
                    TAGREFS="LT31"
                    BASELINE="627 156 1492 134 2731 136" 
                    HPOS="625"
                    VPOS="86"
                    WIDTH="2106"
                    HEIGHT="92">
            <Shape><Polygon POINTS="627 178 826 178 826 176 828 176 831 176 887 161 973 174 977 174 979 174 986 174 1157 161 1282 172 1291 172 1293 172 1299 172 1378 158 1801 167 1803 167 1899 154 2094 167 2109 167 2110 167 2123 167 2282 152 2331 165 2333 165 2335 165 2337 165 2339 165 2340 165 2386 150 2453 150 2486 163 2488 163 2490 165 2620 165 2620 163 2622 163 2624 163 2655 152 2729 161 2731 136 2729 104 2651 93 2650 93 2578 104 2574 104 2572 104 2421 86 2420 86 2335 104 2221 88 2219 88 2217 88 2160 106 1904 90 1902 90 1829 92 1827 92 1794 108 1740 99 1739 99 1676 108 1626 92 1625 92 1623 92 1446 93 1444 93 1398 112 1352 99 1350 99 1348 99 1269 114 1198 95 1196 95 1194 95 1192 95 1152 114 1080 97 1078 97 1076 97 1015 117 715 117 679 108 677 108 675 108 625 119 627 156"/></Shape>
	    <String CONTENT="tinée à son fils. Le repos de l&#x27;Europe était à ce prix. &lt;........ ...."
                    HPOS="625"
                    VPOS="86"
                    WIDTH="2106"
                    HEIGHT="92"
                    WC="0.9530438565545611"></String>
          </TextLine>
          <TextLine ID="eSc_line_d320643a"
                    TAGREFS="LT31"
                    BASELINE="629 220 1582 202 2729 193" 
                    HPOS="627"
                    VPOS="149"
                    WIDTH="2102"
                    HEIGHT="93">
            <Shape><Polygon POINTS="629 231 758 242 760 242 892 230 899 230 905 230 1050 239 1052 239 1128 226 1135 226 1141 226 1183 237 1185 237 1187 237 1255 228 1310 235 1312 235 1314 235 1352 224 1361 222 1378 224 1453 233 1455 233 1740 222 1764 230 1766 230 1768 230 1770 230 1807 218 1816 217 1825 218 1842 224 1844 224 1845 224 2099 215 2239 211 2274 213 2372 222 2374 222 2429 213 2475 220 2477 220 2478 220 2510 211 2523 207 2567 209 2663 217 2664 217 2729 207 2729 193 2723 150 2617 160 2602 152 2594 149 2593 149 2591 149 2462 150 2429 156 2357 167 2236 160 2208 158 2206 158 2191 160 2140 169 2042 163 1937 156 1936 156 1934 156 1912 165 1895 172 1812 167 1704 160 1702 160 1645 171 1614 176 1590 171 1544 161 1542 161 1540 161 1499 172 1481 178 1424 174 1284 165 1282 165 1280 165 1256 178 1249 182 1188 184 1102 184 1100 182 1072 167 1071 167 1069 167 988 182 853 171 852 171 850 171 813 187 627 189 629 220"/></Shape>
	    <String CONTENT="&lt;.......&gt; Il aurait pu ajonter, qu&#x27;il en était de meme de la solidité"
                    HPOS="627"
                    VPOS="149"
                    WIDTH="2102"
                    HEIGHT="93"
                    WC="0.9809017328248508"></String>
          </TextLine>
          <TextLine ID="eSc_line_9a44cd3f"
                    TAGREFS="LT31"
                    BASELINE="633 285 2037 259 2714 257" 
                    HPOS="631"
                    VPOS="209"
                    WIDTH="2083"
                    HEIGHT="94">
            <Shape><Polygon POINTS="633 303 991 292 1137 294 1302 298 1304 298 1442 288 1516 285 1595 287 1777 290 1779 290 1904 281 1948 277 1991 279 2127 285 2129 285 2296 274 2324 272 2361 272 2659 277 2661 277 2712 264 2714 257 2709 211 2651 218 2629 211 2622 209 2620 209 2618 209 2600 213 2539 224 2455 217 2453 217 2451 217 2421 226 2375 217 2339 209 2337 209 2287 218 2280 218 2278 218 2258 209 2256 209 2254 209 2098 211 2096 211 2072 222 2061 226 2033 222 1969 213 1967 213 1965 213 1963 213 1945 224 1936 230 1877 226 1855 224 1853 224 1851 224 1845 226 1821 235 1772 228 1707 217 1706 217 1704 217 1671 230 1648 237 1496 231 1407 230 1406 230 1404 230 1393 233 1374 242 1227 244 1133 242 1126 239 1100 228 1098 228 1096 228 1010 239 872 230 870 230 806 244 789 248 778 244 752 237 750 237 749 237 747 237 726 246 715 250 706 246 673 233 671 233 669 233 668 233 631 246 633 285"/></Shape>
	    <String CONTENT="de son trôve. Enn somme, il avait attenit son beut. Zeuchteubug était"
                    HPOS="631"
                    VPOS="209"
                    WIDTH="2083"
                    HEIGHT="94"
                    WC="0.9961723875308383"></String>
          </TextLine>
          <TextLine ID="eSc_line_221dc3fa"
                    TAGREFS="LT31"
                    BASELINE="633 356 2442 323 2716 325" 
                    HPOS="631"
                    VPOS="287"
                    WIDTH="2085"
                    HEIGHT="88">
            <Shape><Polygon POINTS="1293 312 1275 312 1256 312 1238 312 1225 312 1124 322 977 312 962 312 944 312 931 312 842 323 789 314 787 314 785 314 732 329 651 322 649 322 647 322 631 329 633 356 633 371 945 375 947 375 995 368 1012 366 1039 368 1146 375 1148 375 1266 364 1280 364 1315 364 1540 368 1542 368 1544 368 1560 360 1577 355 1831 356 1971 358 1972 358 1993 355 2039 347 2132 353 2184 356 2186 356 2217 353 2293 342 2363 351 2383 353 2385 353 2399 351 2445 340 2482 349 2484 349 2486 349 2488 349 2714 345 2716 325 2712 294 2541 296 2539 296 2504 287 2502 287 2501 287 2499 287 2497 287 2480 298 2478 299 2274 301 2269 301 2186 288 2184 288 2063 305 2061 305 2057 305 1985 294 1983 294 1867 303 1790 296 1788 296 1722 310 1650 303 1648 303 1558 312 1525 301 1523 301 1521 301 1455 316 1455 318 1426 318 1339 318 1326 312 1312 312"/></Shape>
	    <String CONTENT="ccarte &lt;.. .....&gt;. Il n&#x27;avait jemais sérien¬"
                    HPOS="631"
                    VPOS="287"
                    WIDTH="2085"
                    HEIGHT="88"
                    WC="0.9698263623497703"></String>
          </TextLine>
          <TextLine ID="eSc_line_13b46c13"
                    TAGREFS="LT34"
                    BASELINE="876 310 1407 310" 
                    HPOS="876"
                    VPOS="283"
                    WIDTH="531"
                    HEIGHT="50">
            <Shape><Polygon POINTS="876 327 1406 333 1407 310 1406 283 876 285 876 310"/></Shape>
	    <String CONTENT="et le Bospapartisme d&#x27;épite"
                    HPOS="876"
                    VPOS="283"
                    WIDTH="531"
                    HEIGHT="50"
                    WC="0.9794553363764728"></String>
          </TextLine>
          <TextLine ID="eSc_line_3b3d0b79"
                    TAGREFS="LT31"
                    BASELINE="625 423 1542 410" 
                    HPOS="623"
                    VPOS="368"
                    WIDTH="919"
                    HEIGHT="64">
            <Shape><Polygon POINTS="625 432 1540 428 1542 410 1538 384 1459 384 1407 368 1406 368 1404 368 1354 371 1352 371 1350 371 1334 386 1277 369 1275 369 1273 369 1225 371 1223 371 1222 371 1199 388 1181 380 1179 380 1177 380 1104 390 1098 390 1096 390 1039 373 1037 373 1036 373 1034 373 1032 373 1008 391 1003 391 914 375 912 375 864 377 863 377 861 377 835 393 833 395 686 395 651 384 649 384 647 384 645 384 623 393 625 423"/></Shape>
	    <String CONTENT="sement voulu autre chose."
                    HPOS="623"
                    VPOS="368"
                    WIDTH="919"
                    HEIGHT="64"
                    WC="0.9995875358581543"></String>
          </TextLine>
          <TextLine ID="eSc_line_41659be8"
                    TAGREFS="LT31"
                    BASELINE="644 507 2712 478" 
                    HPOS="642"
                    VPOS="430"
                    WIDTH="2070"
                    HEIGHT="101">
            <Shape><Polygon POINTS="644 522 881 531 883 531 885 531 922 520 927 518 933 520 980 529 982 529 984 529 1012 518 1017 517 1078 518 1249 522 1251 522 1253 522 1279 515 1295 511 1330 515 1415 524 1417 524 1523 522 1525 522 1556 511 1571 507 1643 511 1801 518 1803 518 1805 518 1834 507 1844 506 1891 507 2033 515 2035 515 2083 506 2110 500 2243 504 2420 507 2421 507 2467 500 2497 496 2523 500 2578 507 2580 507 2710 496 2712 478 2707 430 2655 439 2460 436 2458 436 2318 454 2213 454 2186 441 2184 441 2182 441 2099 450 2072 439 2066 437 2064 437 2063 437 2042 439 1932 460 1733 460 1683 447 1682 447 1680 447 1496 463 1437 450 1422 447 1420 447 1201 450 1185 454 1120 469 1063 456 1047 452 1045 452 1025 456 964 471 907 460 905 460 842 472 772 460 754 458 752 458 642 461 644 507"/></Shape>
	    <String CONTENT="Son refus placait la Belgique dans une situation tout à le fois"
                    HPOS="642"
                    VPOS="430"
                    WIDTH="2070"
                    HEIGHT="101"
                    WC="0.9873964581638575"></String>
          </TextLine>
          <TextLine ID="eSc_line_691694d5"
                    TAGREFS="LT31"
                    BASELINE="611 579 1831 553 2699 553" 
                    HPOS="609"
                    VPOS="506"
                    WIDTH="2090"
                    HEIGHT="90">
            <Shape><Polygon POINTS="611 596 2318 566 2697 570 2699 553 2696 518 2530 518 2497 507 2495 507 2493 507 2491 507 2467 520 2398 520 2328 506 2326 506 2219 522 2004 515 2002 515 1908 528 1906 528 1902 528 1790 509 1788 509 1702 511 1700 511 1663 529 1558 515 1556 515 1555 515 1510 531 1264 517 1262 517 1161 518 1159 518 1095 539 1093 539 1039 522 1037 522 1036 522 936 537 879 522 877 522 876 522 874 522 831 540 749 524 747 524 745 524 693 544 691 546 609 546 611 579"/></Shape>
	    <String CONTENT="ridicule et terrible, &lt;&lt;. . . . ...  ..&gt;"
                    HPOS="609"
                    VPOS="506"
                    WIDTH="2090"
                    HEIGHT="90"
                    WC="0.9501447275280952"></String>
          </TextLine>
          <TextLine ID="eSc_line_a5021eb6"
                    TAGREFS="LT31"
                    BASELINE="628 631 2707 616" 
                    HPOS="1612"
                    VPOS="574"
                    WIDTH="1095"
                    HEIGHT="71">
            <Shape><Polygon POINTS="1614 645 1976 645 1976 644 2009 640 2053 632 2210 636 2366 640 2368 640 2370 640 2372 640 2377 634 2383 631 2458 632 2674 640 2675 640 2677 640 2707 629 2707 616 2703 583 2633 574 2631 574 2629 574 2609 583 2598 588 2528 588 2513 583 2482 574 2480 574 2478 574 2436 583 2429 585 2425 583 2407 574 2405 574 2403 574 2401 574 2399 574 2399 575 2390 583 2386 586 2377 583 2355 577 2353 577 2351 577 2350 577 2322 585 2304 588 2296 585 2285 577 2283 577 2282 577 2280 577 2278 577 2276 577 2269 585 2261 588 2236 585 2201 579 2199 579 2155 585 2125 588 2107 585 2059 575 2057 575 2055 575 2017 585 2004 588 1998 586 1978 575 1976 575 1974 575 1972 575 1952 586 1943 592 1913 592 1908 586 1899 579 1899 577 1897 577 1895 577 1847 577 1845 577 1844 577 1842 577 1831 586 1823 592 1785 592 1777 586 1764 577 1763 577 1761 577 1759 577 1757 577 1729 586 1718 590 1702 586 1652 577 1650 577 1648 577 1612 586 1614 621"/></Shape>
	    <String CONTENT="&lt;.......... ... ..&gt;"
                    HPOS="1612"
                    VPOS="574"
                    WIDTH="1095"
                    HEIGHT="71"
                    WC="0.9320879923669916"></String>
          </TextLine>
          <TextLine ID="eSc_line_32d37e3a"
                    TAGREFS="LT31"
                    BASELINE="621 706 2725 688" 
                    HPOS="1155"
                    VPOS="645"
                    WIDTH="1570"
                    HEIGHT="74">
            <Shape><Polygon POINTS="1157 719 2725 706 2725 688 2721 662 2580 662 2578 660 2561 649 2559 649 2558 649 2556 649 2554 649 2526 660 2524 662 2363 662 2353 660 2313 645 2311 645 2258 645 2256 645 2254 645 2252 645 2239 655 2190 647 2188 647 2186 647 2184 647 2167 658 2156 666 2079 666 2059 658 2026 647 2024 647 2022 647 2020 647 1998 658 1985 664 1972 658 1954 649 1952 649 1869 649 1867 649 1866 649 1845 656 1823 666 1810 656 1801 649 1799 649 1798 649 1718 649 1717 649 1715 649 1693 656 1660 669 1621 669 1597 656 1588 651 1586 651 1492 651 1490 651 1488 651 1487 651 1481 655 1461 669 1330 669 1271 667 1255 655 1253 653 1251 653 1249 653 1247 653 1155 653 1157 699"/></Shape>
	    <String CONTENT="&lt;.... ... .... .......&gt;¬"
                    HPOS="1155"
                    VPOS="645"
                    WIDTH="1570"
                    HEIGHT="74"
                    WC="0.9115908543268839"></String>
          </TextLine>
          <TextLine ID="eSc_line_c6a795a9"
                    TAGREFS="LT31"
                    BASELINE="616 787 1187 765 2694 752" 
                    HPOS="614"
                    VPOS="704"
                    WIDTH="2080"
                    HEIGHT="101">
            <Shape><Polygon POINTS="616 805 758 804 760 804 761 804 818 789 892 802 901 802 903 802 927 800 1050 789 1133 796 1161 798 1163 798 1164 798 1174 796 1214 782 1577 780 1610 787 1636 793 1637 793 1639 793 1658 785 1683 778 1753 783 1772 785 1774 785 1821 783 1959 774 1971 780 1985 787 1987 787 1989 789 2103 789 2103 787 2105 787 2107 787 2121 778 2123 776 2127 776 2158 785 2160 785 2162 785 2305 774 2307 774 2309 774 2552 782 2554 782 2692 765 2694 752 2690 724 2611 724 2558 704 2556 704 2554 704 2410 726 2401 728 2333 728 2331 726 2269 710 2267 710 2265 710 2263 710 2217 728 2213 728 2195 728 1969 712 1967 712 1965 712 1906 730 1902 730 1899 730 1820 715 1818 715 1816 715 1761 732 1750 734 1724 732 1595 717 1593 717 1591 717 1560 726 1542 719 1540 719 1538 719 1536 719 1505 734 1496 737 1475 734 1439 726 1437 726 1435 726 1415 734 1404 739 1253 739 1238 736 1196 723 1194 723 1061 723 1060 723 971 732 949 724 947 724 945 724 944 724 896 737 870 747 723 747 703 739 671 728 669 728 668 728 614 739 616 787"/></Shape>
	    <String CONTENT="&lt;... .. .. .......... .. .......&gt;"
                    HPOS="614"
                    VPOS="704"
                    WIDTH="2080"
                    HEIGHT="101"
                    WC="0.8545249610236196"></String>
          </TextLine>
          <TextLine ID="eSc_line_fc82930e"
                    TAGREFS="LT31"
                    BASELINE="629 846 1544 820 2681 809" 
                    HPOS="627"
                    VPOS="765"
                    WIDTH="2054"
                    HEIGHT="101">
            <Shape><Polygon POINTS="631 866 896 853 986 859 1008 861 1010 861 1019 859 1067 848 1258 853 1310 855 1312 855 1314 855 1319 853 1341 842 1529 840 1569 848 1593 851 1595 851 1639 846 1713 837 1731 844 1739 848 1740 848 1742 850 1821 850 1821 848 1923 840 2044 831 2074 837 2099 842 2101 842 2149 835 2197 829 2267 833 2361 839 2363 839 2410 831 2431 828 2458 829 2524 835 2526 835 2528 835 2543 828 2548 826 2679 826 2681 809 2674 770 2653 776 2637 770 2618 765 2617 765 2615 765 2613 765 2593 772 2572 778 2534 772 2475 765 2473 765 2471 765 2451 774 2440 780 2427 776 2405 767 2403 767 2401 767 2399 767 2366 776 2340 783 2318 778 2300 772 2298 772 2296 772 2294 772 2274 778 2252 787 1908 791 1775 789 1422 783 1420 783 1418 783 1389 798 1385 800 1380 798 1363 789 1361 789 1360 789 1299 800 1291 800 1284 800 1179 787 1177 787 1175 787 1174 787 1152 802 1109 804 1060 805 1050 805 979 791 977 791 975 791 920 807 918 807 916 807 844 793 842 793 627 813 629 846"/></Shape>
	    <String CONTENT="&lt; ....... &gt; : ridicule, parce qu&#x27;après .voir..&gt;"
                    HPOS="627"
                    VPOS="765"
                    WIDTH="2054"
                    HEIGHT="101"
                    WC="0.9546742134905876"></String>
          </TextLine>
          <TextLine ID="eSc_line_79312010"
                    TAGREFS="LT31"
                    BASELINE="618 914 1722 886 2675 875" 
                    HPOS="616"
                    VPOS="831"
                    WIDTH="2059"
                    HEIGHT="111">
            <Shape><Polygon POINTS="618 942 723 929 1207 927 1455 925 1457 925 1459 925 1464 921 1481 912 1788 912 2116 912 2118 912 2280 899 2335 896 2348 897 2394 907 2396 907 2398 907 2421 896 2423 896 2431 896 2517 903 2519 903 2675 888 2675 875 2672 835 2545 831 2543 831 2541 831 2528 837 2510 848 2346 848 2326 842 2296 833 2294 833 2293 833 2291 833 2259 844 2234 851 2167 846 2103 840 2101 840 2099 840 2072 848 2044 855 2020 850 1987 840 1985 840 1983 840 1982 840 1961 851 1947 857 1792 855 1698 853 1696 853 1676 857 1650 862 1628 859 1584 850 1582 850 1509 861 1483 864 1422 864 1420 862 1391 848 1389 848 1387 848 1284 850 1282 850 1244 868 1242 868 1234 868 1137 853 1135 853 1133 853 1080 872 1072 874 1065 872 1043 864 1041 864 1039 864 1037 864 1004 874 991 875 982 874 910 857 909 857 710 861 616 881 618 914"/></Shape>
	    <String CONTENT="&lt; . .... &gt; passé tantds outre avec taut"
                    HPOS="616"
                    VPOS="831"
                    WIDTH="2059"
                    HEIGHT="111"
                    WC="0.951629883203751"></String>
          </TextLine>
          <TextLine ID="eSc_line_a1b6fdd2"
                    TAGREFS="LT31"
                    BASELINE="620 988 1448 967 2690 951" 
                    HPOS="618"
                    VPOS="907"
                    WIDTH="2072"
                    HEIGHT="103">
            <Shape><Polygon POINTS="620 999 677 1010 679 1010 888 995 951 991 968 993 1010 1002 1012 1002 1128 991 1172 988 1188 989 1240 1000 1242 1000 1334 988 1356 986 1472 986 1803 988 1805 988 1807 988 1821 980 1831 977 1906 977 1936 978 2044 988 2046 988 2199 975 2241 971 2248 973 2271 982 2272 982 2274 984 2375 984 2375 982 2467 980 2469 980 2490 969 2497 967 2688 967 2690 951 2686 923 2537 907 2536 907 2534 907 2488 923 2482 925 2473 923 2401 912 2399 912 2398 912 2366 925 2364 927 2138 931 2112 927 2042 916 2040 916 2039 916 2007 927 1996 932 1987 929 1961 916 1959 916 1958 916 1825 918 1726 931 1660 938 1593 931 1518 923 1516 923 1514 923 1512 923 1498 932 1479 943 1383 945 1141 947 1061 936 1060 936 1058 936 1039 945 991 936 971 932 969 932 968 932 958 936 922 953 837 953 760 938 747 936 745 936 618 938 620 988"/></Shape>
	    <String CONTENT="de des invalture aux renmontrances de la conférence, on le royait &lt;"
                    HPOS="618"
                    VPOS="907"
                    WIDTH="2072"
                    HEIGHT="103"
                    WC="0.9781336392929305"></String>
          </TextLine>
          <TextLine ID="eSc_line_8b9f5026"
                    TAGREFS="LT31"
                    BASELINE="618 1058 2663 1023" 
                    HPOS="616"
                    VPOS="978"
                    WIDTH="2047"
                    HEIGHT="105">
            <Shape><Polygon POINTS="618 1083 1006 1063 1049 1074 1052 1074 1054 1074 1056 1074 1065 1074 1113 1065 1266 1069 1363 1070 1365 1070 1389 1065 1422 1058 1441 1065 1448 1067 1450 1067 1452 1067 1499 1063 1612 1052 1667 1059 1691 1061 1693 1061 1694 1061 1696 1061 1700 1058 1715 1050 1807 1056 1884 1059 1886 1059 1888 1059 1906 1052 1921 1046 2134 1043 2155 1046 2195 1056 2197 1056 2317 1043 2326 1043 2335 1043 2526 1050 2528 1050 2661 1034 2663 1023 2659 993 2574 978 2572 978 2510 991 2444 980 2442 980 2355 993 2318 984 2317 984 2315 984 2313 984 2258 999 2252 1000 2248 1000 2219 986 2217 986 2120 986 2118 986 1985 1004 1967 1006 1954 1004 1845 991 1844 991 1842 991 1807 1006 1742 993 1740 993 1739 993 1682 1010 1672 1012 1663 1010 1582 995 1580 995 1393 999 1391 999 1389 999 1361 1015 1356 1019 765 1026 763 1026 736 1017 734 1017 732 1017 730 1017 710 1028 706 1030 616 1030 618 1058"/></Shape>
	    <String CONTENT="&lt;....&gt; par cette France, dont on avait tont attendu :"
                    HPOS="616"
                    VPOS="978"
                    WIDTH="2047"
                    HEIGHT="105"
                    WC="0.9883242125781078"></String>
          </TextLine>
          <TextLine ID="eSc_line_01657593"
                    TAGREFS="LT34"
                    BASELINE="791 1019 1179 1017" 
                    HPOS="789"
                    VPOS="978"
                    WIDTH="390"
                    HEIGHT="61">
            <Shape><Polygon POINTS="918 982 899 982 898 982 789 993 791 1019 791 1039 868 1030 1175 1037 1179 1017 1174 978 1085 993 971 993 958 988 938 980 936 980"/></Shape>
	    <String CONTENT="sacnfiise à elle"
                    HPOS="789"
                    VPOS="978"
                    WIDTH="390"
                    HEIGHT="61"
                    WC="0.9649715879384209"></String>
          </TextLine>
          <TextLine ID="eSc_line_77d4d721"
                    TAGREFS="LT34"
                    BASELINE="1398 1080 2210 1069" 
                    HPOS="1396"
                    VPOS="1039"
                    WIDTH="814"
                    HEIGHT="55">
            <Shape><Polygon POINTS="1398 1094 2208 1089 2210 1069 2204 1039 1396 1048 1398 1080"/></Shape>
	    <String CONTENT="ee cuisant eche culenait au"
                    HPOS="1396"
                    VPOS="1039"
                    WIDTH="814"
                    HEIGHT="55"
                    WC="0.971158747319822"></String>
          </TextLine>
          <TextLine ID="eSc_line_3df2fc62"
                    TAGREFS="LT31"
                    BASELINE="607 1140 1474 1118 2697 1100" 
                    HPOS="605"
                    VPOS="1058"
                    WIDTH="2092"
                    HEIGHT="108">
            <Shape><Polygon POINTS="1783 1076 1781 1076 1595 1092 1481 1081 1459 1080 1457 1080 1444 1081 1387 1094 1159 1092 1157 1092 1098 1104 898 1104 861 1094 844 1091 842 1091 817 1094 743 1107 701 1096 690 1094 688 1094 686 1094 605 1098 607 1140 607 1166 798 1151 898 1161 899 1161 901 1161 903 1161 1006 1146 1100 1157 1102 1157 1104 1157 1106 1157 1201 1142 1255 1153 1256 1153 1258 1153 1304 1140 1579 1148 1593 1148 1595 1148 1606 1148 1798 1131 1820 1140 1821 1140 1823 1140 2195 1127 2282 1135 2293 1135 2294 1135 2307 1135 2407 1122 2478 1131 2488 1131 2490 1131 2501 1131 2594 1116 2697 1126 2697 1100 2692 1058 2488 1076 2414 1063 2405 1061 2403 1061 2375 1063 2177 1083 1895 1087 1812 1074 1801 1076"/></Shape>
	    <String CONTENT="terrible parce que &lt;..... . ......&gt; congrès de¬"
                    HPOS="605"
                    VPOS="1058"
                    WIDTH="2092"
                    HEIGHT="108"
                    WC="0.9453946225186611"></String>
          </TextLine>
          <TextLine ID="eSc_line_e6a29a3f"
                    TAGREFS="LT33"
                    BASELINE="2409 1144 2720 1137" 
                    HPOS="2407"
                    VPOS="1102"
                    WIDTH="313"
                    HEIGHT="73">
            <Shape><Polygon POINTS="2653 1102 2574 1113 2563 1113 2558 1113 2532 1104 2530 1104 2528 1104 2526 1104 2524 1104 2513 1113 2508 1115 2407 1113 2409 1144 2410 1175 2442 1162 2547 1162 2558 1172 2561 1173 2561 1175 2563 1175 2565 1175 2567 1175 2720 1164 2720 1137 2718 1113 2677 1102 2664 1102"/></Shape>
	    <String CONTENT=" plus longhemps)"
                    HPOS="2407"
                    VPOS="1102"
                    WIDTH="313"
                    HEIGHT="73"
                    WC="0.9762944281101227"></String>
          </TextLine>
          <TextLine ID="eSc_line_3a4bb78c"
                    TAGREFS="LT31"
                    BASELINE="601 1216 1737 1190 2697 1186" 
                    HPOS="599"
                    VPOS="1140"
                    WIDTH="2098"
                    HEIGHT="96">
            <Shape><Polygon POINTS="603 1236 934 1232 940 1232 1012 1219 1087 1230 1095 1230 1096 1230 1098 1230 1102 1230 1139 1218 1406 1225 1413 1225 1415 1225 1418 1225 1540 1212 1588 1223 1591 1223 1593 1223 1595 1223 1597 1223 1625 1208 1718 1208 1761 1219 1763 1219 1764 1219 1845 1207 1958 1218 1963 1218 1965 1218 1972 1218 2099 1203 2173 1214 2175 1214 2377 1199 2696 1207 2697 1186 2692 1155 2561 1155 2532 1146 2530 1146 2528 1146 2420 1157 2418 1157 2375 1140 2374 1140 2372 1140 2307 1155 2215 1140 2213 1140 2212 1140 2147 1159 1967 1144 1965 1144 1915 1155 1893 1146 1891 1146 1890 1146 1650 1150 1648 1150 1617 1162 1579 1151 1577 1151 1575 1151 1429 1170 1409 1172 1391 1170 1273 1155 1271 1155 1269 1155 1223 1172 1214 1177 1102 1177 1098 1173 1072 1162 1071 1162 1069 1162 931 1175 892 1179 881 1177 831 1162 830 1162 828 1162 826 1162 791 1177 782 1181 599 1181 601 1216"/></Shape>
	    <String CONTENT="moralisé et dis crédité ... &gt; la force de contimes à di¬"
                    HPOS="599"
                    VPOS="1140"
                    WIDTH="2098"
                    HEIGHT="96"
                    WC="0.9853705731885773"></String>
          </TextLine>
          <TextLine ID="eSc_line_d2b243bf"
                    TAGREFS="LT34"
                    BASELINE="2029 1232 2456 1221" 
                    HPOS="2028"
                    VPOS="1188"
                    WIDTH="428"
                    HEIGHT="65">
            <Shape><Polygon POINTS="2432 1188 2414 1188 2396 1188 2377 1188 2374 1188 2357 1196 2304 1190 2283 1188 2267 1188 2254 1188 2248 1192 2236 1201 2158 1201 2136 1197 2099 1190 2098 1190 2096 1190 2094 1190 2083 1199 2077 1203 2028 1203 2029 1232 2029 1253 2456 1234 2456 1221 2453 1188 2451 1188"/></Shape>
	    <String CONTENT="selevaient la tôte"
                    HPOS="2028"
                    VPOS="1188"
                    WIDTH="428"
                    HEIGHT="65"
                    WC="0.9802715082963308"></String>
          </TextLine>
          <TextLine ID="eSc_line_23680cdd"
                    TAGREFS="LT31"
                    BASELINE="598 1291 2688 1262" 
                    HPOS="596"
                    VPOS="1221"
                    WIDTH="1566"
                    HEIGHT="101">
            <Shape><Polygon POINTS="598 1315 699 1322 701 1322 750 1313 807 1302 870 1311 896 1313 898 1313 899 1313 909 1310 931 1300 1001 1308 1071 1315 1072 1315 1074 1315 1076 1315 1087 1306 1091 1302 1185 1299 1196 1304 1216 1313 1218 1313 1220 1313 1326 1311 1328 1311 1367 1300 1396 1293 1441 1299 1503 1308 1505 1308 1507 1308 1527 1297 1544 1289 1602 1297 1660 1302 1661 1302 1663 1302 1678 1295 1693 1286 1744 1286 1783 1293 1836 1302 1838 1302 1840 1302 1842 1302 1858 1291 1869 1284 1921 1289 1998 1299 2000 1299 2160 1284 2162 1264 2156 1236 2006 1238 2004 1238 1952 1221 1950 1221 1948 1221 1947 1221 1875 1240 1873 1240 1869 1240 1691 1227 1689 1227 1687 1227 1685 1227 1669 1240 1597 1229 1595 1229 1593 1229 1544 1245 1516 1230 1514 1230 1435 1230 1433 1230 1431 1230 1363 1247 1258 1243 1256 1243 1212 1253 1209 1253 1207 1253 1188 1240 1187 1240 1185 1240 1183 1240 1120 1254 1113 1254 1085 1254 944 1251 927 1240 925 1240 923 1240 922 1240 841 1253 806 1242 804 1242 802 1242 703 1262 697 1262 693 1262 636 1247 634 1247 633 1247 631 1247 596 1260 598 1291"/></Shape>
	    <String CONTENT="riger les destinées du pays. D&#x27;éjà les Brangistres repe"
                    HPOS="596"
                    VPOS="1221"
                    WIDTH="1566"
                    HEIGHT="101"
                    WC="0.9689652020281011"></String>
          </TextLine>
          <TextLine ID="eSc_line_eff22c00"
                    TAGREFS="LT31"
                    BASELINE="614 1370 1934 1341 2686 1337" 
                    HPOS="612"
                    VPOS="1284"
                    WIDTH="2074"
                    HEIGHT="99">
            <Shape><Polygon POINTS="614 1381 1325 1383 1326 1383 1395 1381 1396 1381 1417 1372 1433 1367 1610 1370 1691 1372 1693 1372 1729 1368 1840 1359 1901 1367 1937 1372 1939 1372 1941 1372 1956 1367 1976 1357 2351 1350 2685 1357 2686 1337 2681 1284 2543 1302 2388 1291 2364 1289 2363 1289 2344 1291 2243 1308 1971 1300 1836 1299 1834 1299 1698 1308 1671 1310 1665 1310 1634 1302 1632 1302 1630 1302 1608 1311 1586 1321 1501 1321 1479 1313 1455 1306 1453 1306 1452 1306 1389 1308 1387 1308 1352 1317 1325 1324 1293 1319 1271 1315 1269 1315 1268 1315 1247 1321 1222 1328 1067 1328 1056 1324 1025 1313 1023 1313 1021 1313 1019 1313 964 1328 951 1330 929 1328 818 1317 817 1317 815 1317 767 1332 734 1319 732 1319 730 1319 612 1335 614 1370"/></Shape>
	    <String CONTENT="et les Republicaius s&#x27;agitaient. Dès le 14 fivries, avant même la"
                    HPOS="612"
                    VPOS="1284"
                    WIDTH="2074"
                    HEIGHT="99"
                    WC="0.9987985014915466"></String>
          </TextLine>
          <TextLine ID="eSc_line_187ab688"
                    TAGREFS="LT31"
                    BASELINE="614 1449 2646 1407" 
                    HPOS="612"
                    VPOS="1367"
                    WIDTH="2034"
                    HEIGHT="110">
            <Shape><Polygon POINTS="614 1477 793 1462 892 1472 910 1473 912 1473 914 1473 922 1472 969 1457 1056 1457 1244 1464 1249 1464 1251 1464 1253 1464 1286 1453 1321 1462 1332 1466 1334 1466 1336 1466 1584 1462 1612 1457 1678 1444 1796 1453 1845 1457 1847 1457 1875 1451 1939 1438 1996 1449 2022 1453 2024 1453 2160 1449 2162 1449 2173 1446 2210 1433 2302 1442 2320 1444 2322 1444 2339 1442 2418 1429 2477 1438 2497 1442 2499 1442 2644 1435 2646 1407 2642 1368 2517 1367 2515 1367 2513 1367 2499 1372 2466 1383 2399 1383 2370 1374 2346 1368 2344 1368 2342 1368 2340 1368 2326 1376 2307 1385 2197 1389 2110 1389 2090 1381 2048 1370 2046 1370 2044 1370 2042 1370 2040 1370 2020 1383 2006 1392 1934 1394 1875 1394 1858 1387 1821 1376 1820 1376 1818 1376 1816 1376 1774 1391 1753 1396 1735 1391 1696 1380 1694 1380 1593 1380 1591 1380 1590 1380 1556 1392 1536 1385 1534 1385 1533 1385 1531 1385 1498 1396 1494 1398 1490 1398 1442 1383 1441 1383 1439 1383 1350 1392 1234 1387 1233 1387 1179 1398 1144 1389 1142 1389 1141 1389 1087 1391 1085 1391 1039 1409 1032 1411 1025 1409 986 1400 984 1400 982 1400 980 1400 958 1411 955 1413 942 1411 888 1403 887 1403 885 1403 861 1413 857 1414 855 1414 809 1396 807 1396 806 1396 804 1396 734 1416 732 1416 651 1400 649 1400 647 1400 612 1416 614 1449"/></Shape>
	    <String CONTENT="derobade de Louis Phelippe, de Robauly avait proposé des modifier"
                    HPOS="612"
                    VPOS="1367"
                    WIDTH="2034"
                    HEIGHT="110"
                    WC="0.9939269551864037"></String>
          </TextLine>
          <TextLine ID="eSc_line_260be1de"
                    TAGREFS="LT31"
                    BASELINE="609 1534 1932 1503" 
                    HPOS="607"
                    VPOS="1451"
                    WIDTH="1325"
                    HEIGHT="105">
            <Shape><Polygon POINTS="609 1545 714 1545 717 1545 760 1556 761 1556 763 1556 765 1556 767 1556 785 1543 793 1543 848 1551 850 1551 852 1551 879 1541 881 1541 912 1552 914 1552 916 1552 918 1552 947 1540 949 1540 951 1540 984 1549 986 1549 988 1549 1093 1536 1102 1536 1109 1536 1179 1545 1181 1545 1256 1532 1262 1532 1264 1532 1288 1543 1290 1543 1291 1543 1293 1543 1295 1543 1312 1532 1483 1536 1485 1536 1487 1536 1509 1527 1510 1527 1538 1538 1540 1538 1542 1538 1619 1536 1707 1521 1715 1521 1720 1521 1774 1532 1775 1532 1932 1516 1932 1503 1925 1451 1845 1472 1713 1457 1700 1457 1698 1457 1689 1459 1614 1477 1558 1462 1549 1460 1547 1460 1545 1460 1470 1462 1468 1462 1466 1462 1463 1466 1444 1481 1409 1481 1391 1468 1387 1464 1385 1464 1383 1464 1382 1464 1350 1470 1264 1484 1214 1473 1196 1470 1194 1470 1192 1470 1172 1475 1118 1488 997 1481 916 1475 914 1475 850 1479 848 1479 846 1479 837 1486 824 1494 761 1488 739 1486 737 1486 736 1486 726 1488 703 1497 690 1490 679 1483 677 1483 675 1483 673 1483 607 1492 609 1534"/></Shape>
	    <String CONTENT="la constitutions et d&#x27;établir la Republique."
                    HPOS="607"
                    VPOS="1451"
                    WIDTH="1325"
                    HEIGHT="105"
                    WC="0.9999645338817076"></String>
          </TextLine>
          <TextLine ID="eSc_line_41b37ae1"
                    TAGREFS="LT31"
                    BASELINE="647 1604 2247 1571 2703 1571" 
                    HPOS="645"
                    VPOS="1523"
                    WIDTH="2058"
                    HEIGHT="112">
            <Shape><Polygon POINTS="647 1635 813 1632 815 1632 868 1615 916 1628 918 1628 920 1628 922 1628 947 1615 1093 1626 1095 1626 1096 1626 1139 1611 1234 1621 1236 1621 1341 1608 1573 1613 1575 1613 1720 1598 1886 1611 1891 1611 1893 1611 1895 1611 1897 1611 1963 1595 2052 1602 2053 1602 2164 1591 2236 1604 2237 1604 2239 1604 2294 1586 2473 1584 2558 1598 2563 1598 2565 1598 2567 1598 2569 1598 2620 1582 2699 1595 2703 1571 2701 1536 2440 1523 2438 1523 2436 1523 2377 1541 2370 1543 2353 1541 2259 1532 2258 1532 2256 1532 2232 1545 2228 1547 2160 1547 2158 1547 2120 1529 2118 1529 2116 1529 2114 1529 2048 1549 2044 1549 2037 1549 1934 1538 1932 1538 1860 1552 1858 1552 1856 1552 1805 1536 1803 1536 1801 1536 1799 1536 1764 1551 1707 1540 1706 1540 1514 1560 1505 1560 1501 1560 1429 1545 1428 1545 1426 1545 1367 1564 1336 1564 1220 1565 1216 1565 1032 1549 1030 1549 960 1551 958 1551 916 1571 839 1552 837 1552 776 1554 774 1554 745 1569 704 1556 703 1556 701 1556 699 1556 645 1575 647 1604"/></Shape>
	    <String CONTENT="qui faire ? Personne ne se dissinulait l&#x27;urgence des en fenir avec le pro¬"
                    HPOS="645"
                    VPOS="1523"
                    WIDTH="2058"
                    HEIGHT="112"
                    WC="0.9885025048578108"></String>
          </TextLine>
          <TextLine ID="eSc_line_d5b32a79"
                    TAGREFS="LT31"
                    BASELINE="607 1674 2199 1646 2690 1646" 
                    HPOS="605"
                    VPOS="1598"
                    WIDTH="2085"
                    HEIGHT="102">
            <Shape><Polygon POINTS="607 1692 719 1700 721 1700 723 1700 725 1700 737 1692 745 1687 936 1687 964 1689 1069 1698 1071 1698 1163 1685 1201 1681 1308 1683 1534 1690 1536 1690 1597 1679 1614 1678 1619 1679 1641 1689 1643 1689 1645 1689 1713 1687 1757 1678 1786 1672 1823 1678 1882 1685 1884 1685 1971 1676 2000 1672 2017 1674 2057 1681 2059 1681 2061 1681 2092 1674 2121 1665 2335 1665 2348 1670 2361 1676 2363 1676 2364 1676 2440 1668 2506 1663 2526 1668 2545 1672 2547 1672 2548 1672 2550 1672 2570 1667 2602 1659 2686 1665 2690 1646 2688 1615 2480 1598 2478 1598 2477 1598 2453 1611 2337 1602 2335 1602 2232 1621 2226 1621 2221 1621 2131 1604 2129 1604 2127 1604 2125 1604 2109 1615 2074 1606 2072 1606 2070 1606 2068 1606 2002 1622 1994 1624 1985 1624 1880 1608 1879 1608 1877 1608 1831 1626 1827 1628 1763 1628 1750 1626 1702 1619 1700 1619 1555 1630 1536 1630 1531 1630 1455 1615 1453 1615 1452 1615 1417 1632 1411 1633 1380 1632 1306 1626 1304 1626 1260 1633 1244 1635 1234 1633 1185 1619 1183 1619 1181 1619 1179 1619 1117 1635 1115 1635 1113 1635 1078 1622 1076 1622 1074 1622 993 1632 835 1624 833 1624 831 1624 802 1639 795 1643 776 1639 714 1628 712 1628 605 1641 607 1674"/></Shape>
	    <String CONTENT="visoire dans lequel on avait viene depuis la revalution et de la donner"
                    HPOS="605"
                    VPOS="1598"
                    WIDTH="2085"
                    HEIGHT="102"
                    WC="0.9935831007823138"></String>
          </TextLine>
          <TextLine ID="eSc_line_e9448ff4"
                    TAGREFS="LT31"
                    BASELINE="601 1742 1442 1738 2427 1716 2648 1718" 
                    HPOS="599"
                    VPOS="1672"
                    WIDTH="2049"
                    HEIGHT="99">
            <Shape><Polygon POINTS="601 1757 703 1771 704 1771 706 1771 737 1757 739 1757 741 1757 785 1770 787 1770 789 1770 874 1757 885 1755 910 1755 1089 1766 1091 1766 1148 1755 1198 1762 1199 1762 1201 1762 1220 1753 1227 1751 1253 1753 1334 1762 1336 1762 1639 1759 1757 1751 1901 1740 2123 1748 2134 1748 2136 1748 2140 1748 2217 1736 2267 1748 2282 1749 2283 1749 2285 1749 2293 1748 2324 1735 2386 1746 2398 1748 2399 1748 2401 1748 2405 1746 2431 1733 2550 1733 2646 1744 2648 1718 2646 1690 2547 1672 2545 1672 2440 1674 2438 1674 2401 1692 2399 1692 2287 1676 2285 1676 2228 1678 2226 1678 2190 1694 2123 1679 2121 1679 2020 1694 1936 1681 1934 1681 1777 1700 1763 1703 1234 1709 1203 1707 988 1694 986 1694 855 1696 853 1696 798 1713 791 1714 782 1713 712 1700 710 1700 599 1714 601 1742"/></Shape>
	    <String CONTENT="cufin, &lt;....&gt; un gouvernement. Aussi tien, la constitution"
                    HPOS="599"
                    VPOS="1672"
                    WIDTH="2049"
                    HEIGHT="99"
                    WC="0.9763654079930536"></String>
          </TextLine>
          <TextLine ID="eSc_line_0a99e8dd"
                    TAGREFS="LT31"
                    BASELINE="607 1810 2653 1781" 
                    HPOS="605"
                    VPOS="1738"
                    WIDTH="2048"
                    HEIGHT="100">
            <Shape><Polygon POINTS="607 1838 734 1823 818 1830 820 1830 944 1821 973 1830 975 1830 977 1830 979 1830 980 1830 999 1817 1135 1817 1268 1825 1339 1828 1341 1828 1450 1821 1584 1812 1660 1817 1753 1823 1755 1823 1821 1814 1849 1810 1923 1812 2105 1816 2107 1816 2109 1816 2138 1806 2145 1805 2151 1806 2171 1816 2173 1816 2175 1817 2267 1817 2267 1816 2651 1795 2653 1781 2650 1738 2541 1738 2539 1738 2537 1738 2530 1740 2477 1755 2455 1746 2453 1746 2451 1746 2309 1757 2276 1746 2274 1746 2272 1746 2271 1746 2269 1746 2267 1746 2250 1757 2191 1748 2162 1744 2160 1744 2158 1744 2140 1749 2096 1760 2015 1751 1989 1749 1987 1749 1956 1753 1871 1764 1779 1757 1766 1757 1764 1757 1755 1757 1709 1766 1691 1759 1683 1757 1682 1757 1680 1757 1658 1760 1610 1768 1588 1760 1571 1757 1569 1757 1567 1757 1534 1762 1496 1770 1411 1766 1255 1757 1253 1757 1168 1771 1150 1773 1139 1771 1087 1760 1085 1760 1083 1760 1058 1773 1054 1775 986 1777 980 1775 949 1762 947 1762 945 1762 833 1779 826 1779 820 1779 739 1764 737 1764 605 1782 607 1810"/></Shape>
	    <String CONTENT="étant achevée, il était temps d&#x27;inaugurer &lt;..&gt; le régime qu&#x27;elle"
                    HPOS="605"
                    VPOS="1738"
                    WIDTH="2048"
                    HEIGHT="100"
                    WC="0.975469071418047"></String>
          </TextLine>
          <TextLine ID="eSc_line_00375c54"
                    TAGREFS="LT31"
                    BASELINE="605 1878 2686 1863" 
                    HPOS="603"
                    VPOS="1812"
                    WIDTH="2083"
                    HEIGHT="90">
            <Shape><Polygon POINTS="605 1893 623 1902 625 1902 627 1902 629 1902 655 1893 657 1893 883 1893 923 1902 925 1902 927 1902 929 1902 956 1891 960 1889 1174 1889 1190 1891 1268 1902 1269 1902 1350 1891 1363 1889 1374 1889 1452 1900 1453 1900 1455 1900 1490 1889 1499 1887 1520 1889 1604 1900 1606 1900 1608 1900 1645 1889 1656 1886 1663 1889 1685 1898 1687 1898 1689 1898 1836 1887 1906 1884 1963 1887 2075 1897 2077 1897 2269 1895 2307 1886 2318 1884 2329 1886 2359 1895 2361 1895 2363 1895 2427 1886 2469 1880 2683 1884 2686 1863 2685 1834 2617 1814 2615 1814 2613 1814 2611 1814 2559 1830 2515 1812 2513 1812 2512 1812 2423 1821 2357 1814 2355 1814 2353 1814 2311 1834 1996 1834 1959 1816 1958 1816 1956 1816 1954 1816 1901 1838 1809 1817 1807 1817 1805 1817 1746 1838 1689 1817 1687 1817 1685 1817 1683 1817 1641 1840 1556 1828 1555 1828 1382 1843 1314 1843 1242 1821 1240 1821 1238 1821 1236 1821 1203 1836 1126 1821 1124 1821 885 1823 883 1823 830 1845 749 1832 747 1832 603 1847 605 1878"/></Shape>
	    <String CONTENT="instaurait. Vaute de roi ou se contenterait d&#x27;un régent. &lt;..&gt;"
                    HPOS="603"
                    VPOS="1812"
                    WIDTH="2083"
                    HEIGHT="90"
                    WC="0.9739382315854557"></String>
          </TextLine>
          <TextLine ID="eSc_line_703eddbb"
                    TAGREFS="LT31"
                    BASELINE="601 1952 2692 1933" 
                    HPOS="599"
                    VPOS="1887"
                    WIDTH="2093"
                    HEIGHT="91">
            <Shape><Polygon POINTS="601 1978 809 1963 857 1974 859 1974 861 1974 1231 1959 1347 1970 1348 1970 1439 1957 1643 1968 1645 1968 1706 1955 1750 1966 1752 1966 1753 1966 1864 1955 2057 1965 2059 1965 2346 1954 2427 1961 2429 1961 2502 1948 2688 1959 2692 1933 2688 1887 2552 1887 2550 1887 2548 1887 2545 1887 2475 1906 2381 1893 2379 1893 2377 1893 2355 1904 2243 1895 2241 1895 2055 1911 1407 1915 1367 1900 1361 1898 1360 1898 1358 1898 1343 1900 1295 1909 1249 1902 1227 1898 1225 1898 1223 1898 1212 1902 1172 1915 1102 1904 1080 1900 1078 1900 1025 1904 933 1911 894 1906 870 1902 868 1902 809 1906 697 1915 599 1909 601 1952"/></Shape>
	    <String CONTENT="&lt;.&gt; L&#x27;agitation des dernières semaines n avait heurensement"
                    HPOS="599"
                    VPOS="1887"
                    WIDTH="2093"
                    HEIGHT="91"
                    WC="0.9965709922677379"></String>
          </TextLine>
          <TextLine ID="eSc_line_fb393299"
                    TAGREFS="LT31"
                    BASELINE="594 2025 1041 2014 2686 2007" 
                    HPOS="592"
                    VPOS="1961"
                    WIDTH="2094"
                    HEIGHT="88">
            <Shape><Polygon POINTS="594 2049 859 2033 1010 2046 1012 2046 1014 2046 1060 2031 1187 2031 1214 2042 1216 2042 1218 2042 1288 2029 1334 2044 1336 2044 1337 2044 1339 2044 1345 2044 1433 2029 1610 2036 1612 2036 1614 2036 1639 2027 1720 2040 1724 2040 1726 2040 1731 2040 1790 2033 1814 2040 1823 2042 1825 2042 1827 2042 1864 2038 1932 2033 2053 2036 2136 2040 2138 2040 2166 2036 2243 2024 2418 2024 2451 2035 2466 2038 2467 2038 2469 2038 2567 2036 2569 2036 2583 2033 2626 2022 2683 2031 2686 2007 2683 1974 2530 1961 2528 1961 2526 1961 2497 1974 2491 1974 2359 1963 2357 1963 2355 1963 2315 1976 2313 1976 2309 1976 2274 1963 2272 1963 2195 1963 2193 1963 2191 1963 2138 1976 2131 1978 2112 1976 1982 1965 1980 1965 1890 1978 1888 1978 1884 1978 1814 1966 1812 1966 1810 1966 1781 1979 1777 1981 1678 1981 1672 1979 1615 1966 1614 1966 1612 1966 1579 1979 1575 1979 1472 1968 1470 1968 1468 1968 1444 1981 1442 1981 1429 1981 1297 1968 1295 1968 1293 1968 1268 1981 1266 1983 1093 1983 1078 1983 907 1970 905 1970 813 1983 780 1972 778 1972 776 1972 774 1972 736 1985 734 1987 592 1987 594 2025"/></Shape>
	    <String CONTENT="pas ébranlé l&#x27;nou des partes. Dans tous deux, ils s&#x27;étaient reu¬"
                    HPOS="592"
                    VPOS="1961"
                    WIDTH="2094"
                    HEIGHT="88"
                    WC="0.9946273732930422"></String>
          </TextLine>
          <TextLine ID="eSc_line_b4343cf2"
                    TAGREFS="LT31"
                    BASELINE="594 2101 940 2090 2697 2084" 
                    HPOS="592"
                    VPOS="2035"
                    WIDTH="2105"
                    HEIGHT="81">
            <Shape><Polygon POINTS="594 2106 951 2116 953 2116 1017 2106 1037 2104 1299 2104 1302 2106 1321 2114 1323 2114 1325 2114 1424 2106 1472 2103 1564 2106 1737 2112 1739 2112 1945 2104 2074 2101 2105 2104 2147 2110 2149 2110 2697 2103 2697 2084 2694 2055 2646 2055 2646 2053 2609 2035 2607 2035 2364 2035 2363 2035 2361 2035 2328 2053 2322 2057 2173 2057 2164 2053 2121 2038 2120 2038 2118 2038 2116 2038 2061 2053 2048 2055 1983 2051 1884 2047 1882 2047 1880 2047 1871 2051 1862 2057 1849 2051 1823 2042 1821 2042 1820 2042 1818 2042 1798 2051 1785 2058 1577 2058 1556 2051 1514 2038 1512 2038 1510 2038 1413 2040 1411 2040 1372 2051 1339 2058 1148 2057 1133 2049 1106 2040 1104 2040 1102 2040 1014 2049 914 2060 892 2049 877 2042 876 2042 749 2042 747 2042 712 2049 673 2057 592 2049 594 2101"/></Shape>
	    <String CONTENT="contré des partisans de Nemours et des partisans de Leuchten¬"
                    HPOS="592"
                    VPOS="2035"
                    WIDTH="2105"
                    HEIGHT="81"
                    WC="0.9984381775386998"></String>
          </TextLine>
          <TextLine ID="eSc_line_8c53c5b8"
                    TAGREFS="LT31"
                    BASELINE="588 2180 2675 2160" 
                    HPOS="587"
                    VPOS="2108"
                    WIDTH="2088"
                    HEIGHT="101">
            <Shape><Polygon POINTS="588 2206 750 2209 752 2209 754 2209 776 2204 822 2191 910 2202 964 2208 966 2208 968 2208 990 2200 1025 2187 1159 2187 1326 2195 1485 2202 1487 2202 1488 2202 1527 2191 1551 2185 1564 2191 1571 2195 1573 2195 1575 2195 1577 2195 1591 2191 1619 2184 1700 2189 1739 2191 1740 2191 1764 2187 1805 2182 1818 2187 1845 2198 1847 2198 1849 2200 1915 2200 1915 2198 1917 2198 1961 2185 1967 2185 2077 2187 2079 2187 2081 2187 2096 2182 2110 2178 2175 2182 2339 2191 2340 2191 2674 2173 2675 2160 2668 2108 2629 2127 2569 2128 2366 2112 2364 2112 2271 2134 2132 2134 2046 2112 2044 2112 2042 2112 2040 2112 2000 2132 1908 2138 1774 2138 1707 2114 1702 2112 1700 2112 1698 2112 1696 2112 1691 2114 1636 2138 1579 2138 1485 2136 1431 2116 1426 2114 1424 2114 1422 2114 1385 2116 1268 2123 1229 2116 1220 2116 1218 2116 1216 2116 1212 2116 1128 2143 997 2119 898 2119 807 2119 806 2119 804 2119 752 2138 708 2121 706 2121 587 2121 588 2180"/></Shape>
	    <String CONTENT="berg. Le 24 furies, cattoliques et libiraux se trouverent d&#x27;ocord"
                    HPOS="587"
                    VPOS="2108"
                    WIDTH="2088"
                    HEIGHT="101"
                    WC="0.9779153695473304"></String>
          </TextLine>
          <TextLine ID="eSc_line_fe0abe4e"
                    TAGREFS="LT31"
                    BASELINE="606 2260 995 2252 2269 2250 2661 2239" 
                    HPOS="489"
                    VPOS="2195"
                    WIDTH="2172"
                    HEIGHT="93">
            <Shape><Polygon POINTS="2421 2196 2414 2196 2377 2215 2318 2215 2271 2206 2263 2206 2241 2215 2213 2200 2208 2198 2206 2198 2204 2198 2202 2198 2191 2200 2138 2215 2011 2215 1991 2204 1983 2200 1982 2200 1753 2200 1752 2200 1687 2202 1685 2202 1669 2209 1647 2219 1566 2211 1564 2211 1562 2211 1404 2220 1343 2213 1273 2206 1271 2206 1198 2217 1164 2220 1135 2217 1056 2206 1054 2206 1052 2206 1023 2219 1014 2222 993 2219 925 2208 923 2208 922 2208 887 2220 885 2220 820 2206 818 2206 817 2206 815 2206 787 2222 782 2226 489 2226 491 2263 491 2287 631 2288 633 2288 634 2288 644 2285 682 2272 822 2272 887 2283 916 2287 918 2287 947 2281 1004 2270 1058 2279 1096 2287 1098 2287 1229 2285 1231 2285 1251 2277 1275 2268 1369 2276 1400 2277 1402 2277 1404 2277 1409 2276 1428 2266 1457 2274 1488 2283 1490 2283 1492 2283 1494 2283 1527 2274 1555 2266 1590 2272 1617 2277 1619 2277 1661 2272 1713 2265 1867 2268 2210 2279 2212 2279 2213 2279 2237 2268 2456 2261 2478 2261 2480 2261 2519 2274 2521 2274 2523 2274 2661 2257 2661 2239 2655 2195 2440 2195 2440 2196"/></Shape>
	    <String CONTENT="pen ceps le rejone en preuvsent de Coges. tara sinlet"
                    HPOS="489"
                    VPOS="2195"
                    WIDTH="2172"
                    HEIGHT="93"
                    WC="0.8886628195924579"></String>
          </TextLine>
          <TextLine ID="eSc_line_6b76286b"
                    TAGREFS="LT33"
                    BASELINE="2232 2208 2536 2189" 
                    HPOS="2228"
                    VPOS="2163"
                    WIDTH="308"
                    HEIGHT="61">
            <Shape><Polygon POINTS="2232 2224 2536 2196 2536 2189 2530 2163 2228 2174 2232 2208"/></Shape>
	    <String CONTENT="Erasme Zouis"
                    HPOS="2228"
                    VPOS="2163"
                    WIDTH="308"
                    HEIGHT="61"
                    WC="0.9519245425860087"></String>
          </TextLine>
          <TextLine ID="eSc_line_be681f54"
                    TAGREFS="LT31"
                    BASELINE="586 2336 907 2327 2668 2320" 
                    HPOS="572"
                    VPOS="2274"
                    WIDTH="2096"
                    HEIGHT="75">
            <Shape><Polygon POINTS="574 2347 1617 2349 1619 2349 1621 2349 1626 2346 1639 2340 1704 2346 1722 2347 1724 2347 1733 2346 1775 2338 2212 2346 2267 2346 2269 2346 2271 2346 2272 2346 2305 2336 2399 2346 2412 2346 2414 2346 2416 2346 2418 2346 2445 2334 2664 2344 2668 2320 2664 2290 2582 2279 2580 2279 2467 2288 2462 2288 2458 2288 2386 2276 2385 2276 2287 2288 2265 2292 1932 2292 1921 2287 1895 2274 1893 2274 1891 2274 1844 2283 1682 2274 1680 2274 1678 2274 1641 2287 1615 2294 1492 2285 1356 2276 1354 2276 1245 2285 1109 2296 1004 2283 979 2281 977 2281 975 2281 968 2283 933 2294 894 2283 879 2279 877 2279 732 2279 730 2279 728 2279 719 2283 697 2290 677 2283 668 2279 666 2279 664 2279 572 2281 574 2336"/></Shape>
	    <String CONTENT="de Chotier, &lt;..&gt;. Le lendemain, il était manguré sans pompe"
                    HPOS="572"
                    VPOS="2274"
                    WIDTH="2096"
                    HEIGHT="75"
                    WC="0.9966028716604588"></String>
          </TextLine>
          <TextLine ID="eSc_line_98102dd3"
                    TAGREFS="LT31"
                    BASELINE="587 2406 1096 2395 2686 2392" 
                    HPOS="585"
                    VPOS="2346"
                    WIDTH="2101"
                    HEIGHT="79">
            <Shape><Polygon POINTS="587 2425 712 2414 828 2423 830 2423 1126 2412 1238 2421 1240 2421 1328 2412 1387 2421 1391 2421 1393 2421 1400 2421 1533 2412 1643 2419 1645 2419 1647 2419 1674 2410 1764 2419 1770 2419 1772 2419 1785 2419 1954 2410 2361 2415 2368 2415 2370 2415 2372 2415 2390 2406 2683 2414 2686 2392 2683 2360 2593 2346 2591 2346 2589 2346 2559 2360 2556 2364 2155 2364 2149 2362 2109 2347 2107 2347 2105 2347 2103 2347 2072 2364 2070 2366 1994 2366 1991 2364 1930 2347 1928 2347 1926 2347 1925 2347 1869 2364 1862 2366 1856 2364 1807 2349 1805 2349 1619 2349 1617 2349 1615 2349 1590 2362 1525 2355 1523 2355 1521 2355 1485 2364 1371 2351 1369 2351 1367 2351 1308 2368 1275 2351 1273 2351 1227 2351 1225 2351 1223 2351 1187 2369 1043 2369 995 2353 993 2353 905 2353 903 2353 901 2353 846 2369 802 2353 800 2353 798 2353 796 2353 736 2369 647 2357 645 2357 644 2357 585 2371 587 2406"/></Shape>
	    <String CONTENT="et prétait serment à la constitution. Un note invamime dé¬"
                    HPOS="585"
                    VPOS="2346"
                    WIDTH="2101"
                    HEIGHT="79"
                    WC="0.9903478713358863"></String>
          </TextLine>
          <TextLine ID="eSc_line_b1ee4f10"
                    TAGREFS="LT31"
                    BASELINE="594 2478 2686 2461" 
                    HPOS="592"
                    VPOS="2417"
                    WIDTH="2094"
                    HEIGHT="90">
            <Shape><Polygon POINTS="594 2493 749 2493 822 2507 824 2507 1056 2489 1060 2489 1061 2489 1107 2502 1109 2502 1111 2502 1113 2502 1146 2491 1277 2498 1279 2498 1363 2487 1418 2496 1420 2496 1726 2487 1796 2498 1798 2498 2206 2496 2208 2496 2245 2485 2403 2495 2405 2495 2471 2482 2558 2493 2559 2493 2561 2493 2585 2480 2685 2476 2686 2461 2681 2417 2598 2438 2427 2439 2144 2439 2088 2421 2085 2421 2083 2421 2081 2421 2079 2421 2077 2421 2040 2441 1967 2443 1645 2443 1612 2426 1604 2423 1602 2423 1601 2423 1553 2426 1483 2432 1418 2428 1372 2425 1371 2425 1369 2425 1360 2428 1319 2445 1220 2447 1117 2430 1089 2426 1087 2426 1043 2430 905 2447 866 2432 855 2428 853 2428 852 2428 592 2434 594 2478"/></Shape>
	    <String CONTENT="clarait que &lt;. .&gt; de couvernement provisorre avaient"
                    HPOS="592"
                    VPOS="2417"
                    WIDTH="2094"
                    HEIGHT="90"
                    WC="0.9815663087826508"></String>
          </TextLine>
          <TextLine ID="eSc_line_986e3c1f"
                    TAGREFS="LT31"
                    BASELINE="579 2550 2685 2533" 
                    HPOS="577"
                    VPOS="2484"
                    WIDTH="2108"
                    HEIGHT="92">
            <Shape><Polygon POINTS="579 2564 909 2574 910 2574 912 2574 938 2564 1021 2572 1023 2572 1117 2563 1141 2561 1146 2563 1174 2574 1175 2574 1177 2576 1271 2576 1271 2574 1273 2574 1315 2561 1321 2561 1339 2561 1490 2572 1492 2572 1678 2559 1728 2557 1779 2559 1958 2568 1959 2568 2129 2557 2169 2555 2186 2557 2236 2564 2237 2564 2318 2557 2368 2550 2526 2550 2545 2555 2570 2563 2572 2563 2574 2563 2683 2553 2685 2533 2683 2506 2635 2489 2633 2489 2631 2489 2629 2489 2596 2504 2486 2484 2484 2484 2370 2506 2364 2507 2197 2507 2188 2506 2121 2487 2120 2487 2118 2487 2116 2487 2079 2506 2074 2509 1978 2511 1851 2511 1842 2506 1807 2489 1805 2489 1803 2489 1700 2491 1698 2491 1669 2506 1665 2507 1658 2506 1626 2498 1625 2498 1623 2498 1621 2498 1595 2506 1575 2511 1555 2506 1505 2493 1503 2493 1501 2493 1441 2506 1407 2513 1383 2506 1347 2495 1345 2495 1343 2495 1341 2495 1308 2506 1297 2509 1284 2506 1242 2495 1240 2495 1096 2495 1095 2495 1093 2495 1058 2506 1052 2507 1032 2506 923 2496 922 2496 920 2496 899 2506 887 2513 822 2507 820 2507 750 2520 657 2520 633 2507 620 2500 618 2500 616 2500 577 2506 579 2550"/></Shape>
	    <String CONTENT="bien mérité de lapatrie. Il allait être remplacé par des Minis¬"
                    HPOS="577"
                    VPOS="2484"
                    WIDTH="2108"
                    HEIGHT="92"
                    WC="0.990862955176641"></String>
          </TextLine>
          <TextLine ID="eSc_line_c55cc2d0"
                    TAGREFS="LT31"
                    BASELINE="574 2633 905 2623 2661 2612" 
                    HPOS="572"
                    VPOS="2561"
                    WIDTH="2089"
                    HEIGHT="95">
            <Shape><Polygon POINTS="574 2651 666 2642 708 2651 739 2656 741 2656 855 2653 857 2653 864 2649 887 2638 1028 2647 1063 2649 1065 2649 1095 2647 1201 2636 1233 2645 1245 2649 1247 2649 1249 2651 1382 2651 1382 2649 1418 2644 1479 2634 1564 2642 1641 2649 1643 2651 1882 2651 1882 2649 1884 2649 1904 2638 1921 2631 2020 2638 2057 2640 2059 2640 2092 2636 2175 2629 2269 2636 2315 2638 2317 2638 2348 2634 2410 2627 2541 2627 2556 2633 2582 2640 2583 2640 2585 2640 2661 2631 2661 2612 2655 2561 2339 2563 2294 2566 2188 2576 2158 2568 2144 2564 2142 2564 2140 2564 2107 2570 2011 2587 1941 2587 1915 2574 1913 2574 1912 2574 1910 2574 1873 2588 1656 2588 1634 2577 1626 2574 1625 2574 1623 2574 1579 2577 1547 2581 1540 2579 1518 2570 1516 2570 1514 2570 1512 2570 1477 2579 1459 2570 1457 2570 1455 2570 1453 2570 1428 2581 1409 2590 1354 2592 1290 2592 1275 2583 1260 2576 1258 2576 1256 2576 1203 2585 1177 2588 1170 2585 1148 2574 1146 2574 1144 2574 1060 2587 1023 2592 962 2588 795 2577 793 2577 791 2577 754 2592 749 2596 677 2596 675 2594 633 2576 631 2576 629 2576 627 2576 572 2594 574 2633"/></Shape>
	    <String CONTENT="teres responsables devant le congrés qui en attendant l&#x27;élection"
                    HPOS="572"
                    VPOS="2561"
                    WIDTH="2089"
                    HEIGHT="95"
                    WC="0.990741491317749"></String>
          </TextLine>
          <TextLine ID="eSc_line_953246f6"
                    TAGREFS="LT31"
                    BASELINE="588 2708 1014 2701 2061 2702 2648 2686" 
                    HPOS="587"
                    VPOS="2644"
                    WIDTH="2061"
                    HEIGHT="92">
            <Shape><Polygon POINTS="588 2736 669 2734 671 2734 708 2719 737 2732 739 2732 741 2732 743 2732 782 2723 835 2728 837 2728 839 2728 861 2717 899 2728 901 2728 903 2728 956 2717 1082 2726 1083 2726 1135 2715 1268 2725 1269 2725 1330 2715 1361 2725 1380 2730 1382 2730 1383 2730 1385 2730 1387 2730 1396 2725 1407 2717 1453 2723 1481 2726 1483 2726 1693 2719 1786 2717 1798 2719 1851 2726 1853 2726 1947 2717 2147 2725 2149 2725 2646 2704 2648 2686 2644 2644 2596 2644 2594 2644 2593 2644 2558 2662 2477 2662 2427 2647 2425 2647 2423 2647 2421 2647 2364 2662 2333 2647 2328 2645 2326 2645 2278 2645 2276 2645 2259 2649 2199 2664 2149 2651 2147 2651 2145 2651 2144 2651 2116 2666 1948 2666 1910 2655 1891 2649 1890 2649 1888 2649 1842 2656 1775 2666 1696 2658 1636 2653 1634 2653 1595 2660 1555 2669 1492 2669 1479 2662 1455 2651 1453 2651 1452 2651 1348 2653 1347 2653 1321 2664 1288 2655 1286 2655 1284 2655 1282 2655 1262 2666 1253 2669 1245 2666 1220 2653 1218 2653 1216 2653 1166 2664 1126 2655 1124 2655 1122 2655 1061 2669 1049 2671 1041 2669 1006 2655 1004 2655 945 2655 944 2655 861 2660 859 2660 857 2660 839 2673 837 2673 822 2673 634 2656 633 2656 631 2656 587 2673 588 2708"/></Shape>
	    <String CONTENT="future du Senat et de la Chanbre des Représentants, contrnuait"
                    HPOS="587"
                    VPOS="2644"
                    WIDTH="2061"
                    HEIGHT="92"
                    WC="0.9930136645993879"></String>
          </TextLine>
          <TextLine ID="eSc_line_71c51665"
                    TAGREFS="LT31"
                    BASELINE="585 2783 859 2774 2642 2767" 
                    HPOS="583"
                    VPOS="2721"
                    WIDTH="2059"
                    HEIGHT="86">
            <Shape><Polygon POINTS="585 2798 704 2807 706 2807 708 2807 736 2798 749 2794 807 2798 850 2800 852 2800 853 2800 863 2798 885 2791 910 2798 951 2807 953 2807 955 2807 1003 2796 1039 2789 1170 2796 1347 2806 1348 2806 1398 2794 1428 2789 1468 2794 1534 2804 1536 2804 1610 2793 1645 2789 1671 2793 1728 2804 1729 2804 1786 2793 1816 2787 1842 2793 1884 2802 1886 2802 1993 2791 2007 2791 2015 2791 2066 2800 2068 2800 2136 2791 2190 2783 2212 2791 2219 2793 2221 2793 2223 2793 2243 2791 2285 2783 2304 2789 2311 2793 2313 2793 2315 2793 2374 2789 2499 2782 2530 2789 2550 2793 2552 2793 2640 2787 2642 2767 2639 2725 2609 2721 2607 2721 2605 2721 2598 2725 2569 2741 2259 2741 2180 2730 2132 2723 2131 2723 2083 2730 2009 2745 1910 2745 1845 2734 1783 2725 1781 2725 1779 2725 1753 2736 1726 2745 1680 2736 1632 2726 1630 2726 1628 2726 1588 2737 1584 2737 1582 2737 1560 2726 1558 2726 1350 2726 1348 2726 1286 2728 1284 2728 1247 2741 1229 2748 1093 2748 1083 2743 1063 2734 1061 2734 1060 2734 1017 2745 1004 2747 999 2745 979 2734 977 2734 870 2730 868 2730 866 2730 830 2747 583 2748 585 2783"/></Shape>
	    <String CONTENT="à exercer le pouvoir législatif. Une phase nouvelle commençait"
                    HPOS="583"
                    VPOS="2721"
                    WIDTH="2059"
                    HEIGHT="86"
                    WC="0.9983398539404715"></String>
          </TextLine>
          <TextLine ID="eSc_line_111ea1ba"
                    TAGREFS="LT31"
                    BASELINE="577 2855 863 2842 2690 2844" 
                    HPOS="576"
                    VPOS="2794"
                    WIDTH="2114"
                    HEIGHT="83">
            <Shape><Polygon POINTS="577 2877 717 2875 719 2875 767 2859 802 2868 804 2868 806 2868 807 2868 837 2859 955 2868 956 2868 1001 2859 1034 2870 1036 2870 1037 2870 1120 2859 1168 2875 1172 2875 1174 2875 1175 2875 1177 2875 1181 2874 1225 2859 1299 2874 1310 2875 1312 2875 1356 2874 1536 2863 1595 2872 1621 2875 1623 2877 1834 2877 1834 2875 1886 2870 1989 2859 2118 2868 2142 2870 2144 2870 2215 2868 2493 2859 2523 2866 2556 2875 2558 2875 2559 2875 2688 2864 2690 2844 2688 2813 2611 2794 2609 2794 2607 2794 2541 2811 2539 2813 2263 2813 2258 2811 2197 2794 2195 2794 2136 2794 2134 2794 2132 2794 2094 2809 2088 2813 2040 2813 2035 2809 2004 2794 2002 2794 2000 2794 1937 2804 1805 2794 1803 2794 1718 2807 1706 2809 1696 2807 1645 2794 1643 2794 1641 2794 1639 2794 1608 2807 1599 2811 1547 2807 1424 2796 1422 2796 1330 2806 1282 2811 1271 2806 1249 2794 1247 2794 1245 2794 1109 2796 1107 2796 1087 2806 1072 2813 988 2813 960 2804 922 2794 920 2794 918 2794 800 2804 706 2811 576 2804 577 2855"/></Shape>
	    <String CONTENT="dans l&#x27;histoire de la Révitution. Ebl.... Et c&#x27;est à ce moment que"
                    HPOS="576"
                    VPOS="2794"
                    WIDTH="2114"
                    HEIGHT="83"
                    WC="0.991666100808044"></String>
          </TextLine>
          <TextLine ID="eSc_line_fdbd6fee"
                    TAGREFS="LT31"
                    BASELINE="566 2929 931 2912 1810 2920" 
                    HPOS="566"
                    VPOS="2868"
                    WIDTH="1244"
                    HEIGHT="79">
            <Shape><Polygon POINTS="566 2947 743 2947 743 2945 745 2945 747 2945 749 2944 774 2929 1039 2929 1054 2938 1061 2944 1063 2944 1065 2944 1067 2944 1069 2944 1071 2944 1076 2938 1080 2934 1091 2938 1102 2942 1104 2942 1106 2942 1107 2942 1115 2938 1133 2929 1210 2929 1238 2936 1273 2945 1275 2945 1277 2947 1358 2947 1358 2945 1360 2945 1361 2945 1374 2934 1376 2932 1376 2934 1393 2944 1395 2944 1396 2944 1398 2944 1457 2932 1461 2932 1463 2932 1507 2945 1509 2945 1510 2945 1630 2934 1641 2944 1641 2945 1643 2945 1645 2945 1647 2945 1648 2945 1669 2936 1772 2945 1774 2945 1775 2945 1809 2927 1810 2920 1807 2881 1477 2888 1466 2883 1446 2868 1444 2868 1442 2868 1441 2868 1439 2868 1395 2883 1382 2888 1264 2888 1223 2883 1102 2868 1100 2868 1098 2868 1052 2885 1045 2886 1037 2885 973 2868 971 2868 824 2868 822 2868 820 2868 818 2868 798 2883 758 2868 756 2868 754 2868 752 2868 750 2868 734 2883 706 2872 704 2872 703 2872 701 2872 699 2872 682 2886 680 2888 677 2886 625 2870 623 2870 622 2870 620 2870 566 2886 566 2929"/></Shape>
	    <String CONTENT="tout faillit sombrer dans l&#x27;anarchie"
                    HPOS="566"
                    VPOS="2868"
                    WIDTH="1244"
                    HEIGHT="79"
                    WC="0.9944069070948495"></String>
          </TextLine>
          <TextLine ID="eSc_line_08260198"
                    TAGREFS="LT31"
                    BASELINE="605 3004 1148 2993 2666 2993" 
                    HPOS="603"
                    VPOS="2942"
                    WIDTH="2063"
                    HEIGHT="86">
            <Shape><Polygon POINTS="2037 2949 2009 2962 2007 2964 1777 2964 1774 2962 1682 2944 1680 2944 1601 2960 1404 2944 1402 2944 1229 2945 1227 2945 1199 2958 1135 2953 1133 2953 1131 2953 1106 2962 1102 2966 1060 2966 1056 2962 1021 2945 1019 2945 949 2945 947 2945 945 2945 901 2960 863 2945 861 2945 651 2945 649 2945 647 2945 603 2962 605 3004 605 3017 743 3028 745 3028 747 3028 771 3017 785 3012 802 3017 833 3028 835 3028 837 3028 839 3028 863 3017 879 3010 964 3017 1017 3021 1019 3021 1049 3017 1091 3010 1345 3010 1369 3015 1396 3023 1398 3023 1400 3023 1402 3023 1418 3015 1422 3013 1579 3013 1586 3015 1628 3026 1630 3026 1632 3026 1634 3026 1660 3013 1669 3010 1706 3013 1735 3017 1737 3017 1755 3013 1786 3008 1805 3013 1844 3026 1845 3026 1847 3028 1913 3028 1913 3026 1915 3026 1958 3013 1971 3010 1987 3013 2048 3026 2050 3026 2147 3015 2195 3026 2197 3026 2199 3026 2377 3012 2451 3006 2473 3012 2521 3024 2523 3024 2524 3024 2664 3010 2666 2993 2664 2962 2559 2962 2480 2942 2478 2942 2388 2962 2271 2962 2201 2945 2199 2945 2197 2945 2167 2960 2046 2947 2044 2947 2042 2947 2039 2947 2039 2949"/></Shape>
	    <String CONTENT="Sipal Rien n&#x27;atteste mieex l&#x27;&lt;....&gt; polilique du Congrès"
                    HPOS="603"
                    VPOS="2942"
                    WIDTH="2063"
                    HEIGHT="86"
                    WC="0.9807513058185577"></String>
          </TextLine>
          <TextLine ID="eSc_line_e17907ea"
                    TAGREFS="LT34"
                    BASELINE="1775 2953 2055 2947" 
                    HPOS="1774"
                    VPOS="2903"
                    WIDTH="281"
                    HEIGHT="74">
            <Shape><Polygon POINTS="1775 2977 2053 2966 2055 2947 2052 2905 1982 2903 1980 2903 1978 2903 1976 2903 1976 2905 1969 2910 1954 2925 1774 2925 1775 2953"/></Shape>
	    <String CONTENT="impéritie"
                    HPOS="1774"
                    VPOS="2903"
                    WIDTH="281"
                    HEIGHT="74"
                    WC="0.998021145661672"></String>
          </TextLine>
          <TextLine ID="eSc_line_199cbd1d"
                    TAGREFS="LT31"
                    BASELINE="585 3085 1015 3070 2536 3072 2677 3083" 
                    HPOS="583"
                    VPOS="3021"
                    WIDTH="2094"
                    HEIGHT="90">
            <Shape><Polygon POINTS="585 3111 706 3109 879 3085 1102 3085 1192 3107 1203 3109 1205 3111 1245 3111 1245 3109 1247 3109 1253 3107 1295 3085 1426 3100 1428 3100 1582 3085 1645 3098 1647 3098 1648 3098 1694 3085 1720 3096 1722 3096 1724 3096 1862 3091 1939 3102 1956 3104 1958 3104 1959 3104 1969 3102 2020 3089 2068 3102 2101 3109 2103 3109 2105 3109 2243 3105 2271 3100 2322 3087 2351 3094 2353 3094 2355 3094 2524 3085 2593 3096 2650 3107 2651 3107 2653 3107 2677 3096 2677 3083 2675 3045 2558 3045 2456 3021 2455 3021 2405 3023 2403 3023 2374 3037 2313 3024 2311 3024 2309 3024 2267 3045 2031 3045 1967 3024 1965 3024 1963 3024 1961 3024 1906 3045 1829 3045 1636 3021 1634 3021 1632 3021 1586 3045 1553 3045 1463 3021 1461 3021 1459 3021 1457 3021 1420 3032 1391 3021 1389 3021 1387 3021 1317 3030 1144 3021 1142 3021 1025 3041 934 3021 778 3021 776 3021 774 3021 728 3045 583 3045 585 3085"/></Shape>
	    <String CONTENT="que l&#x27;élution du Règent. Dans les cerconstances que l&#x27;on traversait"
                    HPOS="583"
                    VPOS="3021"
                    WIDTH="2094"
                    HEIGHT="90"
                    WC="0.989687253290148"></String>
          </TextLine>
          <TextLine ID="eSc_line_ec801c9b"
                    TAGREFS="LT31"
                    BASELINE="577 3161 979 3142 2650 3150" 
                    HPOS="577"
                    VPOS="3093"
                    WIDTH="2073"
                    HEIGHT="86">
            <Shape><Polygon POINTS="577 3175 714 3166 787 3175 798 3175 800 3175 802 3175 804 3175 841 3159 1141 3159 1168 3168 1170 3168 1172 3168 1295 3159 1330 3170 1345 3175 1347 3175 1348 3175 1694 3168 1890 3164 1902 3166 1952 3177 1954 3179 2096 3179 2096 3177 2156 3164 2177 3161 2190 3164 2223 3175 2225 3175 2226 3175 2294 3164 2315 3161 2324 3164 2340 3170 2342 3170 2344 3170 2491 3162 2534 3161 2545 3162 2613 3174 2615 3174 2617 3174 2648 3161 2650 3150 2646 3109 2558 3118 2532 3109 2508 3100 2506 3100 2504 3100 2409 3109 2403 3109 2401 3109 2350 3094 2348 3094 2346 3094 2344 3094 2304 3109 2280 3118 2201 3111 2182 3109 2180 3109 2149 3111 2029 3118 1994 3111 1958 3104 1956 3104 1954 3104 1937 3111 1925 3116 1895 3111 1847 3104 1845 3104 1844 3104 1827 3111 1814 3120 1726 3120 1693 3113 1608 3096 1606 3096 1604 3096 1567 3113 1564 3116 1424 3116 1418 3113 1389 3104 1387 3104 1385 3104 1383 3104 1361 3115 1356 3116 1350 3115 1330 3104 1328 3104 1326 3104 1273 3111 1194 3093 1010 3093 1008 3093 1006 3093 980 3104 796 3093 795 3093 793 3093 726 3116 725 3118 577 3118 577 3161"/></Shape>
	    <String CONTENT="il ent fallu à la tète du pays un homme energique, à colées claires"
                    HPOS="577"
                    VPOS="3093"
                    WIDTH="2073"
                    HEIGHT="86"
                    WC="0.9935065309206644"></String>
          </TextLine>
          <TextLine ID="eSc_line_8e69ce7b"
                    TAGREFS="LT31"
                    BASELINE="576 3225 966 3212 2661 3207" 
                    HPOS="574"
                    VPOS="3159"
                    WIDTH="2087"
                    HEIGHT="84">
            <Shape><Polygon POINTS="576 3243 962 3231 1010 3242 1021 3243 1023 3243 1039 3242 1107 3231 1163 3242 1181 3243 1183 3243 1201 3240 1253 3231 1328 3240 1350 3242 1352 3242 1391 3240 1529 3229 1590 3238 1615 3242 1617 3242 1647 3238 1711 3229 1774 3236 1799 3240 1801 3240 1941 3236 2178 3229 2206 3234 2226 3238 2228 3240 2506 3240 2506 3238 2508 3238 2510 3238 2519 3232 2534 3223 2657 3231 2661 3207 2655 3159 2482 3161 2480 3161 2444 3177 2351 3161 2344 3161 2342 3161 2335 3161 2239 3179 2118 3179 2098 3168 2096 3168 2094 3168 2092 3168 2048 3181 1908 3174 1906 3174 1689 3183 1661 3168 1652 3164 1650 3164 1648 3164 1623 3168 1580 3177 1566 3170 1555 3164 1553 3164 1490 3164 1488 3164 1487 3164 1474 3170 1450 3183 1365 3174 1363 3174 1240 3185 1185 3174 1146 3166 962 3166 960 3166 907 3177 855 3186 574 3181 576 3225"/></Shape>
	    <String CONTENT="connaissant l&#x27;y Europe, capable de &lt;.&gt; devant elle et de lui"
                    HPOS="574"
                    VPOS="3159"
                    WIDTH="2087"
                    HEIGHT="84"
                    WC="0.9885317295789718"></String>
          </TextLine>
          <TextLine ID="eSc_line_105a5f65"
                    TAGREFS="LT34"
                    BASELINE="1593 3273 2121 3266" 
                    HPOS="1591"
                    VPOS="3227"
                    WIDTH="530"
                    HEIGHT="72">
            <Shape><Polygon POINTS="1593 3299 1880 3282 2086 3282 2116 3291 2121 3266 2118 3240 2039 3227 2037 3227 2035 3227 2004 3238 1904 3229 1902 3229 1901 3229 1899 3229 1899 3231 1888 3240 1833 3231 1831 3231 1829 3231 1827 3231 1827 3232 1816 3243 1676 3243 1625 3232 1623 3232 1621 3232 1591 3243 1593 3273"/></Shape>
	    <String CONTENT="representer la nation"
                    HPOS="1591"
                    VPOS="3227"
                    WIDTH="530"
                    HEIGHT="72"
                    WC="0.9975867895852952"></String>
          </TextLine>
        </TextBlock>
        <TextBlock HPOS="92"
                   VPOS="2114"
                   WIDTH="474"
                   HEIGHT="263"
                   ID="eSc_textblock_c71d81d7"
                   TAGREFS="BT43">
          <Shape><Polygon POINTS="92 2143 92 2377 565 2328 566 2114"/></Shape>
          <TextLine ID="eSc_line_462d7cf7"
                    TAGREFS="LT33"
                    BASELINE="95 2231 178 2233 344 2194 453 2202" 
                    HPOS="156"
                    VPOS="2171"
                    WIDTH="274"
                    HEIGHT="77">
            <Shape><Polygon POINTS="393 2171 375 2171 357 2171 338 2171 320 2171 301 2171 283 2171 265 2171 246 2171 230 2171 206 2191 156 2195 160 2228 160 2248 347 2228 360 2228 406 2233 408 2233 410 2233 412 2233 430 2220 430 2204 426 2176 412 2171"/></Shape>
	    <String CONTENT="ent 434"
                    HPOS="156"
                    VPOS="2171"
                    WIDTH="274"
                    HEIGHT="77"
                    WC="0.9986720936638969"></String>
          </TextLine>
          <TextLine ID="eSc_line_e02839f2"
                    TAGREFS="LT33"
                    BASELINE="94 2308 537 2258" 
                    HPOS="145"
                    VPOS="2233"
                    WIDTH="169"
                    HEIGHT="105">
            <Shape><Polygon POINTS="152 2336 314 2338 314 2288 309 2252 261 2255 252 2250 231 2233 230 2233 228 2233 226 2233 145 2246 150 2300"/></Shape>
	    <String CONTENT="Telix."
                    HPOS="145"
                    VPOS="2233"
                    WIDTH="169"
                    HEIGHT="105"
                    WC="0.993755062421163"></String>
          </TextLine>
        </TextBlock>
      </PrintSpace>
    </Page>
  </Layout>
</alto>
