<?xml version="1.0" encoding="UTF-8"?>
<alto xmlns:xsi="http://www.w3.org/2001/XMLSchema-instance"
      xmlns="http://www.loc.gov/standards/alto/ns-v4#"
      xsi:schemaLocation="http://www.loc.gov/standards/alto/ns-v4# http://www.loc.gov/standards/alto/v4/alto-4-2.xsd">
  <Description>
    <MeasurementUnit>pixel</MeasurementUnit>
    <sourceImageInformation>
      <fileName>ARCH-DIV-000496_0187.png</fileName>
    </sourceImageInformation>
  </Description>
  <Tags>
    <OtherTag ID="BT42" LABEL="MainZone" DESCRIPTION="block type MainZone"/><OtherTag ID="BT43" LABEL="MarginTextZone" DESCRIPTION="block type MarginTextZone"/><OtherTag ID="BT44" LABEL="NumberingZone" DESCRIPTION="block type NumberingZone"/><OtherTag ID="BT45" LABEL="TitlePageZone" DESCRIPTION="block type TitlePageZone"/><OtherTag ID="BT46" LABEL="CustomZone:Numbering" DESCRIPTION="block type CustomZone:Numbering"/><OtherTag ID="BT49" LABEL="MarginTextZone:lower" DESCRIPTION="block type MarginTextZone:lower"/>
    <OtherTag ID="LT25" LABEL="default" DESCRIPTION="line type default"/><OtherTag ID="LT31" LABEL="DefaultLine" DESCRIPTION="line type DefaultLine"/><OtherTag ID="LT32" LABEL="HeadingLine" DESCRIPTION="line type HeadingLine"/><OtherTag ID="LT33" LABEL="InterlinearLine:addition" DESCRIPTION="line type InterlinearLine:addition"/><OtherTag ID="LT34" LABEL="InterlinearLine:correction" DESCRIPTION="line type InterlinearLine:correction"/>
  </Tags>
  <Layout>
    <Page WIDTH="2790"
          HEIGHT="3306"
          PHYSICAL_IMG_NR="186"
          ID="eSc_dummypage_">
      <PrintSpace HPOS="0"
                  VPOS="0"
                  WIDTH="2790"
                  HEIGHT="3306">
        <TextBlock HPOS="141"
                   VPOS="52"
                   WIDTH="294"
                   HEIGHT="184"
                   ID="eSc_textblock_14f73513"
                   TAGREFS="BT44">
          <Shape><Polygon POINTS="141 52 141 236 435 236 435 52"/></Shape>
          <TextLine ID="eSc_line_58cabe07"
                    TAGREFS="LT31"
                    BASELINE="228 138 412 122" 
                    HPOS="248"
                    VPOS="77"
                    WIDTH="121"
                    HEIGHT="151">
            <Shape><Polygon POINTS="300 77 272 77 248 88 261 151 275 228 369 212 355 132 341 77 328 77"/></Shape>
	    <String CONTENT="181"
                    HPOS="248"
                    VPOS="77"
                    WIDTH="121"
                    HEIGHT="151"
                    WC="0.9990438421567281"></String>
          </TextLine>
        </TextBlock>
        <TextBlock HPOS="486"
                   VPOS="44"
                   WIDTH="2238"
                   HEIGHT="2428"
                   ID="eSc_textblock_4488fc0d"
                   TAGREFS="BT42">
          <Shape><Polygon POINTS="486 44 486 2472 2724 2472 2724 44"/></Shape>
          <TextLine ID="eSc_line_c584a494"
                    TAGREFS="LT31"
                    BASELINE="617 118 1629 107 2682 121" 
                    HPOS="614"
                    VPOS="46"
                    WIDTH="2068"
                    HEIGHT="105">
            <Shape><Polygon POINTS="642 66 617 82 617 118 614 132 931 148 934 151 2679 151 2682 121 2676 66 2415 71 2390 66 2359 57 2357 57 2354 57 2351 57 2318 66 2290 71 2260 66 2180 49 2177 49 2084 66 2053 71 2029 66 1957 49 1954 49 1791 66 1673 49 1670 49 1667 49 1607 68 1596 71 1582 68 1530 49 1527 49 1524 49 1381 68 1353 71 1342 68 1287 49 1284 49 1281 49 1279 49 1276 49 1254 68 1248 74 1116 74 1111 68 1083 49 1080 49 1077 49 1006 49 1003 49 1000 49 998 49 975 68 918 55 915 55 912 55 799 68 769 46 766 46 763 46 678 46 669 49"/></Shape>
	    <String CONTENT="Un incident impréoe lui fournit l occasion de se débarrorser"
                    HPOS="614"
                    VPOS="46"
                    WIDTH="2068"
                    HEIGHT="105"
                    WC="0.9884725401798884"></String>
          </TextLine>
          <TextLine ID="eSc_line_616ad67c"
                    TAGREFS="LT31"
                    BASELINE="606 195 1119 187 2685 195" 
                    HPOS="603"
                    VPOS="132"
                    WIDTH="2082"
                    HEIGHT="88">
            <Shape><Polygon POINTS="606 195 603 217 2679 220 2685 195 2679 148 2461 151 2434 148 2365 134 2362 134 2359 134 2335 148 2324 154 1996 154 1940 148 1808 134 1805 134 1736 148 1725 148 1717 148 1665 132 1662 132 1458 132 1455 132 1452 132 1408 148 1403 151 1232 151 1226 148 1204 132 1202 132 1199 132 1009 132 1006 132 1003 132 1000 132 975 148 962 134 959 134 956 134 953 134 771 146 736 132 733 132 730 132 727 132 725 132 708 148 606 148 606 195"/></Shape>
	    <String CONTENT="de ministère. &lt;&gt; La nomination de Purre de"
                    HPOS="603"
                    VPOS="132"
                    WIDTH="2082"
                    HEIGHT="88"
                    WC="0.9808551839419773"></String>
          </TextLine>
          <TextLine ID="eSc_line_633e68d7"
                    TAGREFS="LT31"
                    BASELINE="601 269 2151 258 2263 271 2263 271 2671 276" 
                    HPOS="598"
                    VPOS="198"
                    WIDTH="1615"
                    HEIGHT="91">
            <Shape><Polygon POINTS="601 289 2211 286 2213 258 2208 206 2031 201 2029 201 1987 209 1943 217 1932 209 1921 201 1921 198 1918 198 1916 198 1913 198 1665 201 1662 201 1659 201 1643 214 1634 223 1491 223 1483 217 1447 201 1444 201 1441 201 1439 201 1406 217 1395 223 1375 217 1348 212 1345 212 1342 212 978 225 923 225 920 225 857 206 854 206 851 206 849 206 774 225 755 209 755 206 752 206 749 206 645 206 642 206 639 206 598 225 601 269"/></Shape>
	    <String CONTENT="Decker l&#x27;ancien chef du cabmet &lt;.ouis tle de 1855"
                    HPOS="598"
                    VPOS="198"
                    WIDTH="1615"
                    HEIGHT="91"
                    WC="0.9594981828514411"></String>
          </TextLine>
          <TextLine ID="eSc_line_523b27fd"
                    TAGREFS="LT34"
                    BASELINE="1672 221 1926 237" 
                    HPOS="1672"
                    VPOS="221"
                    WIDTH="254"
                    HEIGHT="16">
	    <String CONTENT=""
                    HPOS="1672"
                    VPOS="221"
                    WIDTH="254"
                    HEIGHT="16"></String>
          </TextLine>
          <TextLine ID="eSc_line_5d75c570"
                    TAGREFS="LT33"
                    BASELINE="2276 248 2323 246" 
                    HPOS="2276"
                    VPOS="246"
                    WIDTH="47"
                    HEIGHT="2">
	    <String CONTENT=""
                    HPOS="2276"
                    VPOS="246"
                    WIDTH="47"
                    HEIGHT="2"></String>
          </TextLine>
          <TextLine ID="eSc_line_bccdc907"
                    TAGREFS="LT31"
                    BASELINE="603 336 2233 336 2693 349" 
                    HPOS="601"
                    VPOS="281"
                    WIDTH="2092"
                    HEIGHT="93">
            <Shape><Polygon POINTS="603 336 601 358 700 374 703 374 782 360 791 360 2687 374 2693 349 2690 303 2354 283 2351 283 2252 300 2249 303 1869 303 1863 300 1747 283 1745 283 1607 300 1599 300 1593 300 1530 283 1527 283 1524 283 1521 283 1455 300 1450 300 1444 300 1337 281 1334 281 1138 297 989 281 986 281 984 281 934 297 810 281 807 281 805 281 802 281 780 297 680 281 678 281 603 297 603 336"/></Shape>
	    <String CONTENT="avait été mêlé aux affaires Langrand, comme gouverneur du Limbourg"
                    HPOS="601"
                    VPOS="281"
                    WIDTH="2092"
                    HEIGHT="93"
                    WC="0.9875774013273644"></String>
          </TextLine>
          <TextLine ID="eSc_line_d70a48e3"
                    TAGREFS="LT31"
                    BASELINE="606 416 926 404 2665 418" 
                    HPOS="606"
                    VPOS="352"
                    WIDTH="2059"
                    HEIGHT="99">
            <Shape><Polygon POINTS="606 416 606 440 865 429 2660 451 2665 418 2660 363 2533 377 2415 363 2409 363 2406 363 2404 363 2401 363 2384 380 2249 380 2211 363 2202 360 2200 360 2197 360 2194 360 2188 363 2164 374 2092 363 2067 360 2064 360 2020 363 1905 374 1855 363 1822 358 1819 358 1816 358 1791 363 1767 371 1750 363 1736 358 1734 358 1731 358 1480 366 1339 369 1331 366 1317 355 1315 355 1312 355 1309 355 1190 366 1152 369 1146 366 1133 355 1130 355 1127 355 975 352 973 352 606 366 606 416"/></Shape>
	    <String CONTENT="parut aux libéraux une provocation et une impudence. Der juutis."
                    HPOS="606"
                    VPOS="352"
                    WIDTH="2059"
                    HEIGHT="99"
                    WC="0.9860285138711333"></String>
          </TextLine>
          <TextLine ID="eSc_line_26d0f56e"
                    TAGREFS="LT31"
                    BASELINE="598 482 2627 476" 
                    HPOS="595"
                    VPOS="432"
                    WIDTH="2032"
                    HEIGHT="72">
            <Shape><Polygon POINTS="598 482 598 504 2624 495 2627 476 2621 438 595 432 598 482"/></Shape>
	    <String CONTENT="tations, ils passèrent bientôt à l&#x27;emente. A Origelles et dans les"
                    HPOS="595"
                    VPOS="432"
                    WIDTH="2032"
                    HEIGHT="72"
                    WC="0.9934010830792513"></String>
          </TextLine>
          <TextLine ID="eSc_line_1c932dfa"
                    TAGREFS="LT31"
                    BASELINE="606 556 2654 545" 
                    HPOS="603"
                    VPOS="493"
                    WIDTH="2051"
                    HEIGHT="99">
            <Shape><Polygon POINTS="606 556 609 592 672 575 1028 589 1080 589 1083 589 1086 589 1091 586 1127 573 1179 586 1182 586 1185 586 1188 586 1229 573 1312 586 1326 586 1328 586 1375 584 1632 570 1769 581 1819 584 1822 584 1866 581 1957 570 2023 578 2073 584 2075 584 2652 570 2654 545 2646 501 2200 506 2186 504 2144 493 2142 493 2139 493 1935 506 1885 509 1858 506 1742 495 1739 495 1736 495 1709 509 1706 509 1689 509 1538 498 1535 498 1532 498 1508 512 1502 515 1265 515 1157 515 1127 498 1124 498 1122 498 1119 498 1075 515 1072 515 953 501 951 501 948 501 907 517 672 517 647 501 645 501 642 501 639 501 636 501 603 515 606 556"/></Shape>
	    <String CONTENT="giades villes, des manifestations lupentes &lt;.......... ..&gt;"
                    HPOS="603"
                    VPOS="493"
                    WIDTH="2051"
                    HEIGHT="99"
                    WC="0.947028800331313"></String>
          </TextLine>
          <TextLine ID="eSc_line_9391a193"
                    TAGREFS="LT31"
                    BASELINE="603 628 2652 608" 
                    HPOS="601"
                    VPOS="562"
                    WIDTH="2051"
                    HEIGHT="107">
            <Shape><Polygon POINTS="603 628 606 669 653 652 1375 655 1769 658 1772 658 1827 650 1858 644 1913 647 2040 655 2042 655 2649 633 2652 608 2643 562 601 584 603 628"/></Shape>
	    <String CONTENT="&lt;. .... . .. .. .....&gt; le déployerent"
                    HPOS="601"
                    VPOS="562"
                    WIDTH="2051"
                    HEIGHT="107"
                    WC="0.9081225056906004"></String>
          </TextLine>
          <TextLine ID="eSc_line_02f068e6"
                    TAGREFS="LT31"
                    BASELINE="584 697 1298 685 2704 699" 
                    HPOS="584"
                    VPOS="636"
                    WIDTH="2120"
                    HEIGHT="96">
            <Shape><Polygon POINTS="584 697 584 724 796 710 948 727 962 727 964 727 967 727 970 727 998 713 1053 727 1055 727 1058 727 1061 727 1066 727 1127 713 1472 713 1502 727 1508 730 1510 730 1513 732 1938 732 1938 730 1940 730 1943 730 1976 716 2699 730 2704 699 2704 658 1803 658 1783 655 1673 641 1670 641 1610 652 1596 655 1585 652 1510 639 1508 639 1009 652 953 652 951 652 915 636 912 636 909 636 907 636 904 636 882 652 584 652 584 697"/></Shape>
	    <String CONTENT="sous l&#x27;ocil complaisant de la garde- civique. On alla jusqu&#x27;à pousser"
                    HPOS="584"
                    VPOS="636"
                    WIDTH="2120"
                    HEIGHT="96"
                    WC="0.9991803050041199"></String>
          </TextLine>
          <TextLine ID="eSc_line_50d8077d"
                    TAGREFS="LT31"
                    BASELINE="587 768 2229 774 2230 774 2673 773" 
                    HPOS="584"
                    VPOS="710"
                    WIDTH="2084"
                    HEIGHT="97">
            <Shape><Polygon POINTS="589 807 645 790 1182 790 1215 804 1218 804 1221 804 1224 804 1235 804 1320 790 1439 801 1466 804 1469 804 1532 801 1794 787 1849 798 1860 801 1863 801 1880 798 1954 787 2037 798 2064 801 2067 801 2665 793 2668 763 2663 727 1998 727 1996 724 1979 710 1976 710 1973 710 1971 710 1968 710 1938 724 1938 727 1764 727 1761 724 1747 710 1745 710 1742 710 1739 710 1645 724 1626 727 1621 724 1607 713 1604 713 1601 713 1599 713 1596 713 1565 724 1554 727 1532 724 1466 713 1463 713 1359 724 1323 727 1306 724 1265 713 1262 713 1259 713 1257 713 1232 724 1224 727 1218 724 1202 713 1199 713 1196 713 1193 713 584 721 587 768"/></Shape>
	    <String CONTENT="des cris sous le balcon du Palais. Rien de grâve cependant n&#x27;était à"
                    HPOS="584"
                    VPOS="710"
                    WIDTH="2084"
                    HEIGHT="97"
                    WC="0.985211539959562"></String>
          </TextLine>
          <TextLine ID="eSc_line_f2e7c237"
                    TAGREFS="LT31"
                    BASELINE="589 837 2687 843" 
                    HPOS="587"
                    VPOS="796"
                    WIDTH="2100"
                    HEIGHT="80">
            <Shape><Polygon POINTS="589 837 587 870 2682 876 2687 843 2685 801 589 796 589 837"/></Shape>
	    <String CONTENT="craindre. Mais c&#x27;en fut assey pour que le roi demandôtau miiitère"
                    HPOS="587"
                    VPOS="796"
                    WIDTH="2100"
                    HEIGHT="80"
                    WC="0.9925838864766634"></String>
          </TextLine>
          <TextLine ID="eSc_line_cf7657b4"
                    TAGREFS="LT31"
                    BASELINE="584 914 2638 906" 
                    HPOS="581"
                    VPOS="856"
                    WIDTH="2057"
                    HEIGHT="97">
            <Shape><Polygon POINTS="584 914 584 936 1033 936 1036 936 1064 953 1066 953 1069 953 1072 953 1075 953 1111 939 1262 953 1265 953 1530 950 1532 950 1563 936 1634 950 1637 950 1640 950 1676 933 1678 933 1709 933 1949 950 1951 950 2034 933 2053 931 2153 933 2583 947 2585 947 2588 947 2638 931 2638 906 2632 873 2183 856 2180 856 2177 856 2147 870 2084 856 2081 856 2078 856 2048 870 1753 859 1750 859 1747 859 1717 876 1433 876 1295 859 1292 859 1290 859 1248 876 945 862 942 862 785 876 703 862 700 862 697 862 694 862 672 876 645 862 642 862 639 862 636 862 581 878 584 914"/></Shape>
	    <String CONTENT="sa démission agens prétexle qu&#x27;il était &quot; hors d&#x27;état des maintemi"
                    HPOS="581"
                    VPOS="856"
                    WIDTH="2057"
                    HEIGHT="97"
                    WC="0.9908311719244177"></String>
          </TextLine>
          <TextLine ID="eSc_line_d803a247"
                    TAGREFS="LT31"
                    BASELINE="567 989 1365 996 1366 996 2671 980" 
                    HPOS="565"
                    VPOS="925"
                    WIDTH="2106"
                    HEIGHT="99">
            <Shape><Polygon POINTS="567 1008 840 1024 843 1024 942 1011 986 1024 989 1024 992 1024 995 1024 1036 1011 2671 1011 2671 980 2665 942 2492 928 2489 928 2486 928 2483 928 2467 942 2464 944 2337 944 2329 942 2211 925 2208 925 2117 942 2114 942 2040 931 2037 931 1971 944 1960 947 1436 947 1328 947 1273 928 1270 928 1268 928 1177 947 1171 947 1168 947 1127 928 1124 928 785 928 782 928 780 928 741 944 598 933 595 933 592 933 565 944 567 989"/></Shape>
	    <String CONTENT="l&#x27;odre ( Tomme en 1857. le cabin et s&#x27;effondrait deuant les troubles"
                    HPOS="565"
                    VPOS="925"
                    WIDTH="2106"
                    HEIGHT="99"
                    WC="0.9780867126058129"></String>
          </TextLine>
          <TextLine ID="eSc_line_654f558f"
                    TAGREFS="LT33"
                    BASELINE="805 951 1084 949" 
                    HPOS="805"
                    VPOS="949"
                    WIDTH="279"
                    HEIGHT="2">
	    <String CONTENT=""
                    HPOS="805"
                    VPOS="949"
                    WIDTH="279"
                    HEIGHT="2"></String>
          </TextLine>
          <TextLine ID="eSc_line_f86610ea"
                    TAGREFS="LT31"
                    BASELINE="584 1063 2665 1055" 
                    HPOS="581"
                    VPOS="1000"
                    WIDTH="2084"
                    HEIGHT="96">
            <Shape><Polygon POINTS="584 1063 584 1082 1273 1096 1276 1096 1612 1088 2040 1077 2354 1090 2379 1090 2381 1090 2384 1090 2417 1077 2448 1090 2450 1090 2453 1093 2663 1093 2665 1055 2663 1013 2627 1000 2624 1000 2621 1000 2539 1013 2519 1016 2511 1013 2472 1000 2470 1000 2467 1000 2464 1000 2461 1000 2439 1013 2434 1019 2310 1019 2296 1016 2202 1000 2200 1000 2086 1016 2081 1016 2078 1016 2018 1000 2015 1000 2012 1000 2009 1000 1971 1016 1965 1019 1905 1019 1585 1005 1582 1005 1579 1005 1576 1005 1554 1019 1499 1005 1497 1005 1494 1005 1491 1005 1458 1019 1406 1005 1403 1005 1400 1005 1334 1019 1174 1005 1171 1005 1080 1022 1061 1005 1058 1005 1055 1005 912 1005 909 1005 796 1022 656 1005 653 1005 650 1005 581 1024 584 1063"/></Shape>
	    <String CONTENT="de la me. Mais en 1857, il s&#x27;était obandonné lui-même malgré la"
                    HPOS="581"
                    VPOS="1000"
                    WIDTH="2084"
                    HEIGHT="96"
                    WC="0.9901731071018037"></String>
          </TextLine>
          <TextLine ID="eSc_line_d3661da2"
                    TAGREFS="LT31"
                    BASELINE="576 1137 2078 1129 2676 1146" 
                    HPOS="573"
                    VPOS="1079"
                    WIDTH="2103"
                    HEIGHT="91">
            <Shape><Polygon POINTS="576 1137 576 1157 2671 1170 2676 1146 2674 1099 2503 1099 2481 1079 2478 1079 2475 1079 2472 1079 2470 1079 2420 1096 2290 1079 2288 1079 1723 1096 1678 1079 1676 1079 1673 1079 1670 1079 1629 1096 1579 1079 1576 1079 1574 1079 1571 1079 1568 1079 1543 1096 1513 1079 1510 1079 1342 1079 1339 1079 1210 1096 1188 1079 1185 1079 1182 1079 1003 1079 1000 1079 998 1079 967 1096 945 1082 942 1082 940 1082 937 1082 934 1082 931 1082 909 1099 686 1099 628 1079 625 1079 623 1079 620 1079 573 1096 576 1137"/></Shape>
	    <String CONTENT="couronne ; cette fois, c&#x27;était la couronne qui semblait pactiser avec"
                    HPOS="573"
                    VPOS="1079"
                    WIDTH="2103"
                    HEIGHT="91"
                    WC="0.9867687475854072"></String>
          </TextLine>
          <TextLine ID="eSc_line_c97a8218"
                    TAGREFS="LT31"
                    BASELINE="576 1217 1587 1203 2660 1214" 
                    HPOS="573"
                    VPOS="1157"
                    WIDTH="2087"
                    HEIGHT="91">
            <Shape><Polygon POINTS="576 1217 576 1248 1003 1234 1116 1245 1119 1245 1122 1245 1124 1245 1146 1231 1268 1245 1273 1245 1276 1245 1284 1245 1406 1231 1447 1245 1450 1245 1452 1245 1455 1245 1463 1245 1530 1231 1640 1242 1665 1245 1667 1245 1670 1245 1678 1242 1720 1231 1822 1242 1852 1245 1855 1245 1858 1245 1866 1242 1902 1231 2067 1242 2142 1245 2144 1245 2186 1239 2263 1231 2654 1236 2660 1214 2654 1165 2131 1170 2086 1168 1984 1157 1982 1157 1819 1168 1778 1170 1772 1168 1758 1157 1756 1157 1753 1157 1618 1157 1615 1157 1541 1170 1532 1170 1530 1170 1510 1157 1508 1157 1505 1157 1135 1157 1133 1157 1130 1157 1097 1170 1069 1157 1066 1157 1064 1157 1061 1157 1022 1170 959 1157 956 1157 953 1157 923 1170 849 1157 846 1157 843 1157 840 1157 824 1173 661 1173 625 1157 623 1157 620 1157 617 1157 573 1173 576 1217"/></Shape>
	    <String CONTENT="l&#x27;émente, &lt;..... .......&gt;&gt; en le renvoyant. En agiisant ainsi, le"
                    HPOS="573"
                    VPOS="1157"
                    WIDTH="2087"
                    HEIGHT="91"
                    WC="0.9481418004402747"></String>
          </TextLine>
          <TextLine ID="eSc_line_e4a17566"
                    TAGREFS="LT31"
                    BASELINE="581 1297 1877 1275 2663 1286" 
                    HPOS="578"
                    VPOS="1225"
                    WIDTH="2085"
                    HEIGHT="89">
            <Shape><Polygon POINTS="581 1297 581 1314 2660 1305 2663 1286 2660 1239 2216 1225 2213 1225 2211 1225 2164 1242 2161 1242 2153 1242 1929 1228 1927 1228 1844 1245 1841 1245 1836 1245 1645 1231 1643 1231 1640 1231 1610 1245 1532 1231 1530 1231 1527 1231 1463 1248 1226 1234 1224 1234 1017 1250 907 1236 904 1236 901 1236 898 1236 898 1239 882 1253 882 1256 578 1256 581 1297"/></Shape>
	    <String CONTENT="roi savait bien qu&#x27;il risquait cette popularité dont il faisait si peu"
                    HPOS="578"
                    VPOS="1225"
                    WIDTH="2085"
                    HEIGHT="89"
                    WC="0.9829115450382233"></String>
          </TextLine>
          <TextLine ID="eSc_line_68535292"
                    TAGREFS="LT31"
                    BASELINE="584 1366 1780 1347 2663 1349" 
                    HPOS="581"
                    VPOS="1294"
                    WIDTH="2082"
                    HEIGHT="91">
            <Shape><Polygon POINTS="584 1366 584 1385 2660 1377 2663 1349 2657 1294 581 1311 584 1366"/></Shape>
	    <String CONTENT="de compte. Les cattoliques l&#x27;accusèrent de les avoir sacriféés aux li¬"
                    HPOS="581"
                    VPOS="1294"
                    WIDTH="2082"
                    HEIGHT="91"
                    WC="0.9841510887656894"></String>
          </TextLine>
          <TextLine ID="eSc_line_048500b0"
                    TAGREFS="LT31"
                    BASELINE="581 1443 2665 1402" 
                    HPOS="578"
                    VPOS="1363"
                    WIDTH="2087"
                    HEIGHT="110">
            <Shape><Polygon POINTS="581 1443 581 1473 2663 1424 2665 1402 2657 1363 578 1399 581 1443"/></Shape>
	    <String CONTENT="beraux et leur rancume devait le poursuiore désormais pendant"
                    HPOS="578"
                    VPOS="1363"
                    WIDTH="2087"
                    HEIGHT="110"
                    WC="0.9931327270679786"></String>
          </TextLine>
          <TextLine ID="eSc_line_8a6d4f3b"
                    TAGREFS="LT31"
                    BASELINE="584 1509 2627 1482" 
                    HPOS="581"
                    VPOS="1440"
                    WIDTH="2046"
                    HEIGHT="108">
            <Shape><Polygon POINTS="584 1509 584 1531 730 1531 780 1548 782 1548 785 1548 788 1548 791 1548 818 1529 1190 1542 1193 1542 1196 1542 1243 1523 1265 1537 1268 1537 1270 1537 1273 1540 1499 1540 1499 1537 1502 1537 1541 1520 1576 1537 1579 1537 1582 1537 1681 1520 1803 1534 1805 1534 2144 1515 2343 1526 2346 1526 2467 1506 2572 1518 2574 1518 2577 1518 2627 1501 2627 1482 2619 1440 1281 1460 1196 1449 1193 1449 785 1468 628 1457 625 1457 623 1457 581 1471 584 1509"/></Shape>
	    <String CONTENT="de longues années. Quant aux libéraux, its ne lui surent aucun"
                    HPOS="581"
                    VPOS="1440"
                    WIDTH="2046"
                    HEIGHT="108"
                    WC="0.9860133096095054"></String>
          </TextLine>
          <TextLine ID="eSc_line_cd640605"
                    TAGREFS="LT31"
                    BASELINE="592 1592 937 1578 2665 1559" 
                    HPOS="589"
                    VPOS="1512"
                    WIDTH="2076"
                    HEIGHT="113">
            <Shape><Polygon POINTS="592 1592 592 1625 694 1608 926 1619 940 1619 942 1619 948 1619 1042 1603 1174 1617 1199 1617 1202 1617 1204 1617 1213 1614 1268 1600 1397 1611 1439 1614 1441 1614 1474 1608 1557 1595 1852 1595 1891 1603 1924 1608 1927 1608 2663 1586 2665 1559 2657 1512 589 1542 592 1592"/></Shape>
	    <String CONTENT="gré d&#x27;une dicision qu&#x27;ils se vautaient d&#x27;avoir imposée et dont, au"
                    HPOS="589"
                    VPOS="1512"
                    WIDTH="2076"
                    HEIGHT="113"
                    WC="0.9968444289583148"></String>
          </TextLine>
          <TextLine ID="eSc_line_7bc80dd9"
                    TAGREFS="LT31"
                    BASELINE="567 1675 2674 1639" 
                    HPOS="565"
                    VPOS="1586"
                    WIDTH="2109"
                    HEIGHT="113">
            <Shape><Polygon POINTS="567 1675 567 1699 2671 1666 2674 1639 2668 1600 2431 1586 2428 1586 2426 1586 2423 1586 2398 1603 2395 1606 2235 1606 2227 1606 2144 1592 2142 1592 2031 1608 2012 1611 2001 1608 1957 1597 1954 1597 1951 1597 1742 1614 1687 1617 1670 1614 1601 1600 1599 1600 1455 1617 1367 1603 1364 1603 1055 1611 1053 1611 1017 1625 1009 1628 984 1625 879 1611 876 1611 873 1611 816 1628 805 1630 793 1628 738 1617 736 1617 733 1617 708 1630 700 1633 686 1630 647 1619 645 1619 642 1619 565 1630 567 1675"/></Shape>
	    <String CONTENT="surplus ils ne profitèrent pas. &lt;... . ..........&gt;"
                    HPOS="565"
                    VPOS="1586"
                    WIDTH="2109"
                    HEIGHT="113"
                    WC="0.9664644503593445"></String>
          </TextLine>
          <TextLine ID="eSc_line_030bebfc"
                    TAGREFS="LT31"
                    BASELINE="570 1749 2357 1719 2704 1724" 
                    HPOS="567"
                    VPOS="1669"
                    WIDTH="2137"
                    HEIGHT="113">
            <Shape><Polygon POINTS="570 1749 570 1782 1033 1779 1036 1779 1061 1774 1097 1765 1177 1771 1265 1776 1268 1776 1372 1765 1450 1760 1510 1763 1612 1771 1615 1771 1780 1757 1841 1754 1871 1757 1957 1765 1960 1765 1962 1765 1998 1754 2009 1752 2031 1754 2125 1763 2128 1763 2131 1763 2133 1763 2147 1752 2150 1749 2172 1749 2285 1760 2288 1760 2290 1760 2315 1746 2318 1746 2335 1746 2437 1757 2439 1757 2704 1738 2704 1724 2699 1680 2450 1683 2445 1683 2393 1669 2390 1669 2387 1669 2222 1686 2150 1672 2147 1672 1640 1697 1618 1697 1601 1697 1210 1688 1207 1688 1061 1705 926 1691 923 1691 835 1708 722 1697 719 1697 716 1697 714 1697 694 1710 614 1697 612 1697 609 1697 567 1710 570 1749"/></Shape>
	    <String CONTENT="&lt;.. ....... .. .. .... . . ..... ...&gt;"
                    HPOS="567"
                    VPOS="1669"
                    WIDTH="2137"
                    HEIGHT="113"
                    WC="0.8754600673108488"></String>
          </TextLine>
          <TextLine ID="eSc_line_4d567231"
                    TAGREFS="LT31"
                    BASELINE="565 1826 1436 1815 1984 1793 2676 1787" 
                    HPOS="562"
                    VPOS="1735"
                    WIDTH="2114"
                    HEIGHT="116">
            <Shape><Polygon POINTS="565 1826 565 1851 1560 1848 1618 1840 1734 1826 1822 1840 1855 1843 1858 1843 1860 1843 1871 1837 1902 1821 2059 1821 2285 1832 2340 1834 2343 1834 2346 1834 2354 1832 2393 1815 2671 1826 2676 1787 2671 1754 2591 1735 2588 1735 2486 1754 2249 1746 2246 1746 2244 1746 2202 1760 2133 1743 2131 1743 2128 1743 1764 1765 1728 1749 1725 1749 1723 1749 1560 1771 1546 1771 1538 1771 1408 1754 1406 1754 1403 1754 1400 1754 1400 1757 1381 1774 1378 1774 1375 1774 1287 1757 1284 1757 1281 1757 1218 1776 1213 1776 1202 1776 1053 1760 1050 1760 948 1779 923 1763 920 1763 918 1763 915 1763 912 1763 909 1763 884 1782 882 1782 871 1782 758 1768 755 1768 752 1768 719 1785 716 1787 562 1787 565 1826"/></Shape>
	    <String CONTENT="&lt;...t.... .....&gt; Il suffisait au roi de s&#x27;être offrancti de ce"
                    HPOS="562"
                    VPOS="1735"
                    WIDTH="2114"
                    HEIGHT="116"
                    WC="0.9704709677926956"></String>
          </TextLine>
          <TextLine ID="eSc_line_03dc3f6f"
                    TAGREFS="LT31"
                    BASELINE="573 1906 1979 1870 2657 1870" 
                    HPOS="570"
                    VPOS="1812"
                    WIDTH="2087"
                    HEIGHT="127">
            <Shape><Polygon POINTS="573 1906 573 1925 656 1939 658 1939 755 1925 769 1922 777 1922 818 1936 821 1936 824 1936 827 1936 829 1936 843 1922 849 1920 898 1922 1044 1931 1047 1931 1284 1917 1392 1911 1428 1914 1485 1922 1488 1922 1560 1914 1643 1903 1714 1911 1767 1917 1769 1917 1822 1909 1907 1898 1996 1909 2034 1911 2037 1911 2109 1906 2313 1889 2654 1898 2657 1870 2652 1823 2387 1829 2384 1829 2348 1812 2346 1812 2343 1812 2183 1832 2164 1834 2161 1834 2142 1818 2139 1818 2136 1818 2040 1818 2037 1818 1949 1837 1946 1840 1838 1840 1800 1823 1797 1823 1794 1823 1791 1823 1789 1823 1761 1843 1753 1843 1654 1829 1651 1829 1648 1829 1645 1829 1629 1845 1626 1845 1574 1829 1571 1829 1568 1829 1565 1829 1563 1829 1541 1845 1240 1834 1237 1834 1146 1851 1108 1837 1105 1837 1102 1837 964 1859 962 1859 840 1843 838 1843 570 1867 573 1906"/></Shape>
	    <String CONTENT="&quot;porteur de contrainte&quot; comme il disait qu’était Jacobs. C&#x27;est à l&#x27;au"
                    HPOS="570"
                    VPOS="1812"
                    WIDTH="2087"
                    HEIGHT="127"
                    WC="0.9844849305493492"></String>
          </TextLine>
          <TextLine ID="eSc_line_e8cca163"
                    TAGREFS="LT31"
                    BASELINE="573 1980 2682 1945" 
                    HPOS="570"
                    VPOS="1892"
                    WIDTH="2112"
                    HEIGHT="121">
            <Shape><Polygon POINTS="573 1980 573 2005 884 2011 887 2011 890 2011 893 2011 909 2000 915 1997 940 2000 1039 2013 1042 2013 1044 2013 1047 2013 1072 1997 1080 1994 1138 1997 1381 2008 1383 2008 1767 1989 1866 2000 1869 2000 2018 1980 2045 1978 2064 1980 2188 1994 2191 1994 2682 1967 2682 1945 2679 1909 2635 1892 2632 1892 2630 1892 2492 1909 2357 1895 2354 1895 2351 1895 2348 1895 2324 1911 2197 1898 2194 1898 2045 1917 2029 1917 1993 1917 1706 1906 1703 1906 1701 1906 1698 1906 1698 1909 1684 1920 1681 1925 570 1934 573 1980"/></Shape>
	    <String CONTENT="ti miletarisame, ce n&#x27;est pas au catholicisme polilique qu&#x27;il en avait."
                    HPOS="570"
                    VPOS="1892"
                    WIDTH="2112"
                    HEIGHT="121"
                    WC="0.9762203030183282"></String>
          </TextLine>
          <TextLine ID="eSc_line_9e88c354"
                    TAGREFS="LT31"
                    BASELINE="567 2057 2657 2024" 
                    HPOS="565"
                    VPOS="1972"
                    WIDTH="2092"
                    HEIGHT="113">
            <Shape><Polygon POINTS="567 2057 567 2085 2657 2057 2657 2024 2652 1986 2478 1972 2475 1972 2299 1989 2263 1991 2222 1991 2040 1980 2037 1980 2034 1980 1993 1994 1987 1994 1965 1994 1811 1983 1808 1983 1805 1983 1803 1983 1789 1997 1786 1997 1769 1997 1648 1986 1645 1986 1574 2000 1549 2002 1499 2000 1381 1991 1378 1991 1320 2002 1301 2005 1292 2002 1270 1991 1268 1991 1265 1991 1262 1991 1235 2002 1221 2008 1179 2005 1094 1994 1091 1994 1088 1994 1086 1994 1072 2005 1064 2011 1011 2005 912 1997 909 1997 907 1997 904 1997 890 2008 879 2013 565 2013 567 2057"/></Shape>
	    <String CONTENT="Le nouveau Ménistère constitué le 7 décenilre sous la présideuce"
                    HPOS="565"
                    VPOS="1972"
                    WIDTH="2092"
                    HEIGHT="113"
                    WC="0.9854793353006244"></String>
          </TextLine>
          <TextLine ID="eSc_line_ca807a16"
                    TAGREFS="LT34"
                    BASELINE="563 2096 863 2103" 
                    HPOS="563"
                    VPOS="2096"
                    WIDTH="300"
                    HEIGHT="7">
	    <String CONTENT=""
                    HPOS="563"
                    VPOS="2096"
                    WIDTH="300"
                    HEIGHT="7"></String>
          </TextLine>
          <TextLine ID="eSc_line_d1c82d48"
                    TAGREFS="LT31"
                    BASELINE="576 2137 1775 2124 2613 2096" 
                    HPOS="573"
                    VPOS="2038"
                    WIDTH="2040"
                    HEIGHT="141">
            <Shape><Polygon POINTS="576 2137 576 2179 730 2159 1069 2168 1166 2168 1168 2168 1204 2162 1287 2151 1593 2151 1913 2154 1916 2154 2155 2137 2246 2132 2296 2135 2489 2143 2492 2143 2613 2124 2613 2096 2605 2038 2511 2044 2508 2044 2506 2044 2472 2066 2387 2046 2384 2046 2381 2046 2379 2046 2354 2069 2271 2044 2268 2044 2266 2044 2263 2044 2186 2066 2111 2052 2109 2052 2106 2052 2103 2052 2103 2055 2081 2074 1910 2077 1844 2066 1841 2066 1546 2082 1477 2063 1474 2063 1383 2060 1317 2060 1315 2060 1312 2060 1309 2060 1270 2088 1193 2071 1190 2071 1188 2071 1127 2091 1100 2066 1097 2066 1094 2066 1042 2066 1039 2066 1036 2066 1033 2066 1000 2096 929 2096 851 2071 849 2071 846 2071 573 2074 576 2137"/></Shape>
	    <String CONTENT="&lt;....t..&gt; de de Theux et la mésidence efautive de Jules Malon fut"
                    HPOS="573"
                    VPOS="2038"
                    WIDTH="2040"
                    HEIGHT="141"
                    WC="0.9510339085872357"></String>
          </TextLine>
          <TextLine ID="eSc_line_39a83b94"
                    TAGREFS="LT31"
                    BASELINE="567 2212 2649 2176" 
                    HPOS="565"
                    VPOS="2124"
                    WIDTH="2084"
                    HEIGHT="129">
            <Shape><Polygon POINTS="567 2212 567 2239 727 2239 733 2242 760 2253 763 2253 766 2253 769 2253 796 2239 799 2239 829 2253 832 2253 835 2253 838 2253 876 2239 890 2231 1044 2231 1053 2237 1077 2248 1080 2248 1083 2250 1204 2250 1204 2248 1207 2248 1243 2231 1254 2228 1323 2231 1524 2242 1527 2242 1659 2239 1662 2239 1689 2226 1695 2223 1723 2226 1841 2237 1844 2237 2114 2231 2117 2231 2153 2217 2169 2212 2183 2217 2213 2228 2216 2228 2219 2228 2293 2215 2332 2209 2376 2215 2467 2226 2470 2226 2472 2226 2506 2212 2522 2206 2550 2212 2616 2223 2619 2223 2621 2223 2649 2209 2649 2176 2643 2140 2569 2124 2566 2124 2563 2124 2561 2124 2539 2137 2398 2126 2395 2126 2321 2143 2310 2143 2302 2143 2238 2129 2235 2129 2122 2143 2103 2146 2086 2143 2023 2135 2020 2135 2018 2135 2015 2135 2004 2146 1998 2148 1960 2146 1847 2135 1844 2135 1731 2148 1670 2154 1621 2148 1552 2140 1549 2140 1546 2140 1530 2148 1519 2154 1461 2151 1367 2143 1364 2143 1361 2143 1342 2151 1323 2159 1287 2151 1259 2146 1257 2146 1218 2151 1163 2162 565 2159 567 2212"/></Shape>
	    <String CONTENT="recruuté parmi les éléments les plus modérés et les plus pondérés de la"
                    HPOS="565"
                    VPOS="2124"
                    WIDTH="2084"
                    HEIGHT="129"
                    WC="0.9893103594511328"></String>
          </TextLine>
          <TextLine ID="eSc_line_11a3f016"
                    TAGREFS="LT31"
                    BASELINE="576 2283 1860 2275" 
                    HPOS="573"
                    VPOS="2231"
                    WIDTH="1287"
                    HEIGHT="107">
            <Shape><Polygon POINTS="576 2283 578 2333 623 2316 722 2333 752 2336 755 2336 758 2336 760 2336 766 2330 788 2316 840 2330 854 2333 857 2333 860 2333 862 2333 876 2330 926 2316 992 2327 1009 2330 1011 2330 1055 2327 1226 2314 1248 2325 1273 2338 1276 2338 1279 2338 1281 2338 1284 2338 1306 2325 1323 2314 1334 2325 1348 2336 1348 2338 1350 2338 1353 2338 1356 2338 1552 2322 1560 2322 1565 2322 1769 2336 1772 2336 1858 2316 1860 2275 1855 2237 573 2231 576 2283"/></Shape>
	    <String CONTENT="droite. Il devait &quot;vivre&quot; jusqu&#x27;en 1878."
                    HPOS="573"
                    VPOS="2231"
                    WIDTH="1287"
                    HEIGHT="107"
                    WC="0.9997128903865814"></String>
          </TextLine>
        </TextBlock>
      </PrintSpace>
    </Page>
  </Layout>
</alto>
