<?xml version="1.0" encoding="UTF-8"?>
<alto xmlns:xsi="http://www.w3.org/2001/XMLSchema-instance"
      xmlns="http://www.loc.gov/standards/alto/ns-v4#"
      xsi:schemaLocation="http://www.loc.gov/standards/alto/ns-v4# http://www.loc.gov/standards/alto/v4/alto-4-2.xsd">
  <Description>
    <MeasurementUnit>pixel</MeasurementUnit>
    <sourceImageInformation>
      <fileName>ARCH-DIV-000496_0289.png</fileName>
    </sourceImageInformation>
  </Description>
  <Tags>
    <OtherTag ID="BT42" LABEL="MainZone" DESCRIPTION="block type MainZone"/><OtherTag ID="BT43" LABEL="MarginTextZone" DESCRIPTION="block type MarginTextZone"/><OtherTag ID="BT44" LABEL="NumberingZone" DESCRIPTION="block type NumberingZone"/><OtherTag ID="BT45" LABEL="TitlePageZone" DESCRIPTION="block type TitlePageZone"/><OtherTag ID="BT46" LABEL="CustomZone:Numbering" DESCRIPTION="block type CustomZone:Numbering"/><OtherTag ID="BT49" LABEL="MarginTextZone:lower" DESCRIPTION="block type MarginTextZone:lower"/>
    <OtherTag ID="LT25" LABEL="default" DESCRIPTION="line type default"/><OtherTag ID="LT31" LABEL="DefaultLine" DESCRIPTION="line type DefaultLine"/><OtherTag ID="LT32" LABEL="HeadingLine" DESCRIPTION="line type HeadingLine"/><OtherTag ID="LT33" LABEL="InterlinearLine:addition" DESCRIPTION="line type InterlinearLine:addition"/><OtherTag ID="LT34" LABEL="InterlinearLine:correction" DESCRIPTION="line type InterlinearLine:correction"/>
  </Tags>
  <Layout>
    <Page WIDTH="2790"
          HEIGHT="3401"
          PHYSICAL_IMG_NR="288"
          ID="eSc_dummypage_">
      <PrintSpace HPOS="0"
                  VPOS="0"
                  WIDTH="2790"
                  HEIGHT="3401">
        <TextBlock HPOS="138"
                   VPOS="108"
                   WIDTH="291"
                   HEIGHT="258"
                   ID="eSc_textblock_4198d075"
                   TAGREFS="BT44">
          <Shape><Polygon POINTS="429 366 429 108 138 108 138 366"/></Shape>
          <TextLine ID="eSc_line_70873325"
                    TAGREFS="LT31"
                    BASELINE="195 230 376 257" 
                    HPOS="221"
                    VPOS="192"
                    WIDTH="139"
                    HEIGHT="139">
            <Shape><Polygon POINTS="306 192 277 192 260 192 221 209 229 252 238 331 360 306 354 235 351 229 340 232"/></Shape>
	    <String CONTENT=""
                    HPOS="221"
                    VPOS="192"
                    WIDTH="139"
                    HEIGHT="139"></String>
          </TextLine>
        </TextBlock>
        <TextBlock HPOS="456"
                   VPOS="81"
                   WIDTH="2323"
                   HEIGHT="3321"
                   ID="eSc_textblock_1690420c"
                   TAGREFS="BT42">
          <Shape><Polygon POINTS="490 81 456 3402 2779 3352 2779 81"/></Shape>
          <TextLine ID="eSc_line_bff0e000"
                    TAGREFS="LT32"
                    BASELINE="1394 204 1574 202" 
                    HPOS="1394"
                    VPOS="202"
                    WIDTH="180"
                    HEIGHT="2">
	    <String CONTENT=""
                    HPOS="1394"
                    VPOS="202"
                    WIDTH="180"
                    HEIGHT="2"></String>
          </TextLine>
          <TextLine ID="eSc_line_077d6557"
                    TAGREFS="LT31"
                    BASELINE="646 337 1222 311 2251 294 2693 300" 
                    HPOS="643"
                    VPOS="232"
                    WIDTH="2050"
                    HEIGHT="119">
            <Shape><Polygon POINTS="2146 249 2135 249 2129 252 2118 257 2089 252 2072 249 2061 249 2032 249 2004 249 1981 249 1973 255 1964 257 1919 255 1862 249 1834 249 1820 249 1814 255 1797 266 1704 266 1667 257 1630 246 1627 246 1624 246 1556 249 1553 249 1550 249 1550 252 1542 257 1528 269 1431 257 1369 252 1366 252 1321 260 1230 277 947 280 895 263 893 263 890 263 887 263 836 280 643 266 643 269 646 337 646 351 2693 325 2693 300 2687 249 2407 252 2393 249 2310 232 2307 232 2188 235 2174 246"/></Shape>
	    <String CONTENT=""
                    HPOS="643"
                    VPOS="232"
                    WIDTH="2050"
                    HEIGHT="119"></String>
          </TextLine>
          <TextLine ID="eSc_line_8612b89d"
                    TAGREFS="LT31"
                    BASELINE="615 416 1309 382 2693 368" 
                    HPOS="612"
                    VPOS="311"
                    WIDTH="2081"
                    HEIGHT="128">
            <Shape><Polygon POINTS="615 416 615 439 893 436 895 436 898 436 941 416 1219 427 1222 427 1224 427 1227 427 1253 410 1366 427 1377 427 1380 427 1383 427 1386 427 1386 425 1409 408 1482 419 1485 419 1712 402 1786 419 1789 419 1791 419 1803 419 2058 396 2132 413 2137 413 2140 413 2693 402 2693 368 2690 325 2653 311 2651 311 2648 311 2500 328 2492 328 2489 328 2452 311 2449 311 2446 311 2444 311 2441 311 2412 331 2231 331 2200 317 2197 317 2194 317 2072 334 2032 320 2030 320 2027 320 2024 320 1987 337 1922 323 1919 323 1916 323 1868 340 1865 340 1857 340 1610 325 1607 325 1604 325 1601 325 1587 340 1559 325 1556 325 1553 325 1406 328 1403 328 1338 348 1267 331 1264 331 1261 331 612 362 615 416"/></Shape>
	    <String CONTENT=""
                    HPOS="612"
                    VPOS="311"
                    WIDTH="2081"
                    HEIGHT="128"></String>
          </TextLine>
          <TextLine ID="eSc_line_e9a0db30"
                    TAGREFS="LT31"
                    BASELINE="609 481 1755 439 2690 433" 
                    HPOS="606"
                    VPOS="382"
                    WIDTH="2084"
                    HEIGHT="128">
            <Shape><Polygon POINTS="609 481 609 510 1298 476 1576 487 1599 487 1601 487 1604 487 1607 487 1647 464 2690 459 2690 433 2682 388 2296 396 2293 396 2262 382 2259 382 2256 382 2160 399 2154 399 2152 399 2118 385 2115 385 2112 385 2109 385 2055 402 2049 402 2047 402 1979 388 1976 388 606 436 609 481"/></Shape>
	    <String CONTENT=""
                    HPOS="606"
                    VPOS="382"
                    WIDTH="2084"
                    HEIGHT="128"></String>
          </TextLine>
          <TextLine ID="eSc_line_0a832c05"
                    TAGREFS="LT31"
                    BASELINE="592 544 1848 498 2668 490" 
                    HPOS="589"
                    VPOS="439"
                    WIDTH="2079"
                    HEIGHT="130">
            <Shape><Polygon POINTS="592 544 592 569 1984 521 2069 532 2075 532 2078 532 2081 532 2083 532 2101 518 2665 518 2668 490 2662 444 2279 439 2276 439 2194 453 2177 456 2143 456 1981 447 1979 447 1823 461 1769 467 1743 464 1687 456 1684 456 1616 467 1579 473 1505 470 1386 464 1383 464 1318 476 1270 481 1233 476 1185 470 1182 470 1131 478 1080 490 589 490 592 544"/></Shape>
	    <String CONTENT=""
                    HPOS="589"
                    VPOS="439"
                    WIDTH="2079"
                    HEIGHT="130"></String>
          </TextLine>
          <TextLine ID="eSc_line_76b0bb97"
                    TAGREFS="LT31"
                    BASELINE="609 609 856 609 1797 566 2721 552" 
                    HPOS="609"
                    VPOS="504"
                    WIDTH="2112"
                    HEIGHT="142">
            <Shape><Polygon POINTS="609 646 1281 609 2047 603 2543 575 2719 583 2721 552 2716 512 2466 504 2463 504 2248 524 2234 524 2228 524 2149 507 2146 507 1947 527 1681 521 1678 521 1675 521 1630 541 1627 541 1582 524 1579 524 1576 524 1397 529 1395 529 1392 529 1375 544 1312 532 1309 532 1307 532 1236 552 1230 552 1224 552 1196 541 1193 541 1190 541 1188 541 1185 541 1185 544 1173 552 1171 555 1162 552 1097 538 1094 538 1091 538 1088 538 1068 555 1063 561 859 563 850 561 808 546 805 546 802 546 799 546 759 563 751 569 609 569 609 609 609 646"/></Shape>
	    <String CONTENT=""
                    HPOS="609"
                    VPOS="504"
                    WIDTH="2112"
                    HEIGHT="142"></String>
          </TextLine>
          <TextLine ID="eSc_line_92872e44"
                    TAGREFS="LT34"
                    BASELINE="2147 594 2282 599" 
                    HPOS="2147"
                    VPOS="594"
                    WIDTH="135"
                    HEIGHT="5">
	    <String CONTENT=""
                    HPOS="2147"
                    VPOS="594"
                    WIDTH="135"
                    HEIGHT="5"></String>
          </TextLine>
          <TextLine ID="eSc_line_18ef56a1"
                    TAGREFS="LT31"
                    BASELINE="595 677 2707 615" 
                    HPOS="592"
                    VPOS="572"
                    WIDTH="2115"
                    HEIGHT="125">
            <Shape><Polygon POINTS="595 677 595 697 1346 688 1406 680 1463 671 1508 677 1550 683 1553 683 1695 674 1879 660 1916 668 1936 671 1939 671 1998 666 2146 651 2290 660 2319 660 2322 660 2325 660 2330 657 2367 646 2497 654 2512 654 2514 654 2517 654 2520 654 2577 640 2702 649 2707 615 2702 575 2222 572 2220 572 2055 592 2027 595 2007 595 1879 583 1877 583 1874 583 1837 600 1831 600 1803 600 1653 592 1650 592 1556 606 1542 609 1536 609 1502 595 1499 595 1497 595 1372 612 1352 615 1341 615 1264 600 1261 600 1182 617 1179 617 1083 606 1080 606 1077 606 1074 606 1051 623 1049 623 1043 623 989 609 986 609 983 609 981 609 978 609 955 626 949 626 932 626 785 617 782 617 592 634 595 677"/></Shape>
	    <String CONTENT=""
                    HPOS="592"
                    VPOS="572"
                    WIDTH="2115"
                    HEIGHT="125"></String>
          </TextLine>
          <TextLine ID="eSc_line_42db63f5"
                    TAGREFS="LT31"
                    BASELINE="598 748 2066 691 2704 683" 
                    HPOS="595"
                    VPOS="634"
                    WIDTH="2109"
                    HEIGHT="148">
            <Shape><Polygon POINTS="598 748 598 782 2239 714 2327 714 2639 714 2642 714 2645 714 2704 697 2704 683 2699 637 2248 634 2245 634 2118 654 2007 643 2004 643 2001 643 1959 660 1695 657 1692 657 1689 657 1636 671 1582 657 1579 657 1576 657 1573 657 1570 657 1545 674 1417 663 1414 663 1250 685 1179 671 1176 671 1074 691 955 680 952 680 949 680 947 680 918 697 842 683 839 683 595 708 598 748"/></Shape>
	    <String CONTENT=""
                    HPOS="595"
                    VPOS="634"
                    WIDTH="2109"
                    HEIGHT="148"></String>
          </TextLine>
          <TextLine ID="eSc_line_ee365f8e"
                    TAGREFS="LT31"
                    BASELINE="592 821 2665 748" 
                    HPOS="589"
                    VPOS="700"
                    WIDTH="2076"
                    HEIGHT="147">
            <Shape><Polygon POINTS="592 821 592 847 2665 779 2665 748 2656 700 589 779 592 821"/></Shape>
	    <String CONTENT=""
                    HPOS="589"
                    VPOS="700"
                    WIDTH="2076"
                    HEIGHT="147"></String>
          </TextLine>
          <TextLine ID="eSc_line_ff34746f"
                    TAGREFS="LT31"
                    BASELINE="592 895 2710 819" 
                    HPOS="589"
                    VPOS="776"
                    WIDTH="2121"
                    HEIGHT="150">
            <Shape><Polygon POINTS="592 895 592 923 947 926 949 926 952 926 955 926 978 912 989 904 1142 901 1153 904 1182 918 1185 918 1188 918 1298 915 1426 895 1463 889 1471 892 1497 906 1499 906 1502 906 1610 904 1613 904 1681 887 1692 884 1701 884 1763 898 1766 898 1769 898 1831 881 1848 875 1862 878 1899 892 1902 892 1905 892 2069 887 2157 867 2183 864 2211 867 2293 875 2296 875 2299 875 2302 875 2319 861 2327 858 2356 861 2469 872 2472 872 2475 872 2537 855 2557 850 2571 853 2628 867 2631 867 2634 867 2636 867 2710 847 2710 819 2702 776 1842 810 1828 810 1769 799 1766 799 1633 816 1607 819 1573 819 1377 813 1375 813 1051 838 1040 838 1037 838 907 830 904 830 745 850 671 838 669 838 589 855 592 895"/></Shape>
	    <String CONTENT=""
                    HPOS="589"
                    VPOS="776"
                    WIDTH="2121"
                    HEIGHT="150"></String>
          </TextLine>
          <TextLine ID="eSc_line_e9ab06d4"
                    TAGREFS="LT31"
                    BASELINE="598 966 759 957" 
                    HPOS="592"
                    VPOS="904"
                    WIDTH="167"
                    HEIGHT="90">
            <Shape><Polygon POINTS="598 966 598 994 759 986 759 957 751 904 592 918 598 966"/></Shape>
	    <String CONTENT=""
                    HPOS="592"
                    VPOS="904"
                    WIDTH="167"
                    HEIGHT="90"></String>
          </TextLine>
          <TextLine ID="eSc_line_810beb7d"
                    TAGREFS="LT31"
                    BASELINE="598 1037 1377 1006 2716 974" 
                    HPOS="595"
                    VPOS="918"
                    WIDTH="2121"
                    HEIGHT="150">
            <Shape><Polygon POINTS="598 1037 598 1051 663 1068 666 1068 915 1045 938 1045 941 1045 972 1059 975 1059 978 1059 1102 1042 1114 1042 1128 1042 1264 1051 1267 1051 1270 1051 1321 1040 1343 1034 1392 1037 1488 1045 1491 1045 1494 1045 1497 1045 1514 1034 1525 1028 1562 1034 1613 1042 1616 1042 1618 1042 1638 1034 1655 1025 1675 1031 1701 1040 1704 1040 1706 1040 1848 1028 1998 1017 2086 1025 2137 1028 2140 1028 2203 1023 2350 1006 2407 1017 2418 1020 2421 1020 2441 1017 2529 1003 2710 1011 2716 974 2707 918 2140 952 2047 935 2038 935 2035 935 2032 935 2030 935 1998 955 1922 940 1919 940 1811 960 1678 946 1672 946 1670 946 1667 946 1621 966 1258 957 1213 957 1210 957 1207 957 1202 960 1151 974 1071 963 1066 963 1063 963 1060 963 1003 983 958 972 955 972 952 972 697 991 595 977 598 1037"/></Shape>
	    <String CONTENT=""
                    HPOS="595"
                    VPOS="918"
                    WIDTH="2121"
                    HEIGHT="150"></String>
          </TextLine>
          <TextLine ID="eSc_line_34873b32"
                    TAGREFS="LT31"
                    BASELINE="581 1108 2144 1056 2144 1056 2398 1042 2710 1042" 
                    HPOS="578"
                    VPOS="991"
                    WIDTH="2132"
                    HEIGHT="151">
            <Shape><Polygon POINTS="581 1142 2452 1068 2707 1071 2710 1042 2704 997 2429 1006 2424 1003 2398 991 2395 991 2393 991 2390 991 2353 1006 2342 1008 2327 1006 2271 994 2268 994 2265 994 2208 1008 2186 1014 2160 1011 2115 1003 2112 1003 1899 1017 1732 1028 1681 1023 1624 1017 1621 1017 1519 1028 1375 1042 1324 1031 1298 1028 1295 1028 1224 1034 1051 1054 986 1042 972 1040 969 1040 941 1042 802 1062 578 1054 581 1108"/></Shape>
	    <String CONTENT=""
                    HPOS="578"
                    VPOS="991"
                    WIDTH="2132"
                    HEIGHT="151"></String>
          </TextLine>
          <TextLine ID="eSc_line_68f4370f"
                    TAGREFS="LT31"
                    BASELINE="586 1184 2685 1110" 
                    HPOS="584"
                    VPOS="1059"
                    WIDTH="2101"
                    HEIGHT="159">
            <Shape><Polygon POINTS="586 1184 586 1218 2682 1142 2685 1110 2676 1059 2509 1079 2458 1068 2441 1065 2438 1065 2435 1065 2418 1068 2356 1085 2254 1076 2211 1074 2208 1074 2177 1079 2115 1093 2044 1085 2007 1082 2004 1082 2001 1082 1984 1088 1953 1099 1769 1096 1601 1096 1599 1096 1596 1096 1562 1108 1536 1113 1485 1110 1392 1102 1389 1102 1386 1102 1332 1116 1307 1122 1270 1119 1179 1110 1176 1110 1173 1110 1171 1110 1151 1125 1142 1130 983 1133 941 1133 666 1127 663 1127 660 1127 584 1147 586 1184"/></Shape>
	    <String CONTENT=""
                    HPOS="584"
                    VPOS="1059"
                    WIDTH="2101"
                    HEIGHT="159"></String>
          </TextLine>
          <TextLine ID="eSc_line_2e5432a1"
                    TAGREFS="LT31"
                    BASELINE="584 1255 1369 1240 1476 1224 2665 1179" 
                    HPOS="581"
                    VPOS="1130"
                    WIDTH="2084"
                    HEIGHT="165">
            <Shape><Polygon POINTS="584 1295 893 1266 1273 1269 1275 1269 1465 1247 1811 1249 1814 1249 1817 1249 1820 1249 1919 1230 2044 1241 2047 1241 2055 1241 2594 1207 2659 1218 2665 1179 2656 1136 2568 1145 2551 1139 2526 1130 2523 1130 2520 1130 2418 1145 2347 1153 2293 1150 2200 1142 2197 1142 2092 1156 2038 1164 2015 1159 1967 1150 1964 1150 1962 1150 1930 1164 1919 1167 1902 1164 1857 1156 1854 1156 1718 1173 1655 1179 1641 1176 1607 1164 1604 1164 1601 1164 1511 1181 1499 1181 1491 1181 1429 1170 1426 1170 1290 1190 1253 1193 1213 1193 1046 1184 1043 1184 1040 1184 986 1201 981 1201 975 1201 887 1190 884 1190 881 1190 878 1190 861 1207 859 1207 839 1207 680 1198 677 1198 581 1215 584 1255"/></Shape>
	    <String CONTENT=""
                    HPOS="581"
                    VPOS="1130"
                    WIDTH="2084"
                    HEIGHT="165"></String>
          </TextLine>
          <TextLine ID="eSc_line_776c0b90"
                    TAGREFS="LT31"
                    BASELINE="578 1334 1894 1281 2727 1261" 
                    HPOS="575"
                    VPOS="1207"
                    WIDTH="2152"
                    HEIGHT="159">
            <Shape><Polygon POINTS="578 1334 578 1354 711 1366 714 1366 717 1366 720 1366 737 1349 740 1346 912 1343 918 1343 964 1357 966 1357 969 1357 1046 1340 1057 1337 1066 1337 1125 1351 1128 1351 1474 1337 1477 1337 1516 1323 1525 1320 1536 1320 1604 1332 1607 1332 1687 1317 1698 1315 1704 1315 1738 1329 1740 1329 1743 1329 1746 1329 1749 1329 1769 1315 1772 1312 1811 1312 2061 1317 2064 1317 2066 1317 2069 1317 2089 1300 2092 1300 2143 1300 2461 1303 2463 1303 2724 1278 2727 1261 2719 1207 2288 1230 2259 1224 2225 1215 2222 1215 2220 1215 2118 1230 2052 1238 2032 1232 2001 1224 1998 1224 1996 1224 1825 1230 1709 1247 1658 1252 1636 1249 1584 1238 1582 1238 1579 1238 1576 1238 1559 1252 1553 1258 1420 1261 1363 1258 1207 1252 1205 1252 1063 1272 1029 1275 1017 1272 981 1261 978 1261 975 1261 972 1261 927 1278 921 1278 904 1278 799 1269 796 1269 793 1269 791 1269 791 1272 779 1283 776 1286 575 1289 578 1334"/></Shape>
	    <String CONTENT=""
                    HPOS="575"
                    VPOS="1207"
                    WIDTH="2152"
                    HEIGHT="159"></String>
          </TextLine>
          <TextLine ID="eSc_line_2658cf17"
                    TAGREFS="LT31"
                    BASELINE="578 1402 2687 1326" 
                    HPOS="575"
                    VPOS="1281"
                    WIDTH="2112"
                    HEIGHT="147">
            <Shape><Polygon POINTS="578 1402 578 1428 2687 1349 2687 1326 2682 1292 2452 1281 2449 1281 2446 1281 2373 1300 2370 1303 2205 1306 2174 1306 2152 1292 2149 1292 2146 1292 2143 1292 2140 1292 2137 1292 2120 1306 2064 1295 2061 1295 1916 1317 1899 1317 1857 1317 1528 1315 1525 1315 1522 1315 1519 1315 1519 1317 1505 1329 1502 1332 1446 1332 1162 1329 1159 1329 1156 1329 1153 1329 1136 1343 1131 1343 1071 1332 1068 1332 1066 1332 1063 1332 1043 1346 1037 1349 1026 1346 981 1334 978 1334 975 1334 907 1351 884 1354 867 1351 813 1340 810 1340 575 1360 578 1402"/></Shape>
	    <String CONTENT=""
                    HPOS="575"
                    VPOS="1281"
                    WIDTH="2112"
                    HEIGHT="147"></String>
          </TextLine>
          <TextLine ID="eSc_line_5a0dce20"
                    TAGREFS="LT31"
                    BASELINE="581 1468 2696 1388" 
                    HPOS="578"
                    VPOS="1337"
                    WIDTH="2118"
                    HEIGHT="165">
            <Shape><Polygon POINTS="581 1468 581 1502 2696 1414 2696 1388 2693 1351 2642 1337 2639 1337 2636 1337 2634 1337 2631 1337 2605 1354 2602 1354 2566 1354 2245 1354 2242 1354 2171 1371 2163 1371 2152 1371 2015 1360 2013 1360 1803 1385 1786 1385 1777 1385 1638 1374 1636 1374 1491 1397 1482 1400 1448 1400 808 1405 805 1405 802 1405 802 1408 785 1425 578 1431 581 1468"/></Shape>
	    <String CONTENT=""
                    HPOS="578"
                    VPOS="1337"
                    WIDTH="2118"
                    HEIGHT="165"></String>
          </TextLine>
          <TextLine ID="eSc_line_2a422483"
                    TAGREFS="LT33"
                    BASELINE="1803 1468 1857 1461" 
                    HPOS="1803"
                    VPOS="1461"
                    WIDTH="54"
                    HEIGHT="7">
	    <String CONTENT=""
                    HPOS="1803"
                    VPOS="1461"
                    WIDTH="54"
                    HEIGHT="7"></String>
          </TextLine>
          <TextLine ID="eSc_line_c8a6ba3a"
                    TAGREFS="LT31"
                    BASELINE="567 1538 1818 1497 1818 1497 2696 1459" 
                    HPOS="564"
                    VPOS="1405"
                    WIDTH="2132"
                    HEIGHT="153">
            <Shape><Polygon POINTS="567 1558 2696 1490 2696 1459 2690 1419 2631 1405 2628 1405 2526 1425 2517 1425 2512 1425 2449 1411 2446 1411 2444 1411 2376 1431 2367 1434 2305 1434 1840 1434 1837 1434 1834 1434 1766 1451 1755 1456 1670 1456 1318 1456 1315 1456 1312 1456 1281 1468 1275 1470 1270 1470 1233 1456 1230 1456 1227 1456 1224 1456 1179 1473 1173 1473 1168 1473 1105 1462 1102 1462 1100 1462 1097 1462 1074 1476 1068 1479 1063 1476 1037 1465 1034 1465 1032 1465 1029 1465 1026 1465 1003 1479 998 1482 966 1479 861 1470 859 1470 564 1493 567 1538"/></Shape>
	    <String CONTENT=""
                    HPOS="564"
                    VPOS="1405"
                    WIDTH="2132"
                    HEIGHT="153"></String>
          </TextLine>
          <TextLine ID="eSc_line_bc4616a7"
                    TAGREFS="LT31"
                    BASELINE="567 1609 2699 1521" 
                    HPOS="564"
                    VPOS="1482"
                    WIDTH="2135"
                    HEIGHT="156">
            <Shape><Polygon POINTS="567 1609 567 1638 2696 1553 2699 1521 2693 1482 2262 1485 2259 1485 2197 1502 2188 1502 2177 1502 2092 1493 2089 1493 1814 1516 1777 1519 1769 1519 1712 1507 1709 1507 1706 1507 1647 1524 1638 1524 1601 1524 1301 1524 1298 1524 1213 1541 1207 1541 1196 1541 1026 1536 1023 1536 564 1567 567 1609"/></Shape>
	    <String CONTENT=""
                    HPOS="564"
                    VPOS="1482"
                    WIDTH="2135"
                    HEIGHT="156"></String>
          </TextLine>
          <TextLine ID="eSc_line_855dc836"
                    TAGREFS="LT31"
                    BASELINE="578 1680 2704 1604" 
                    HPOS="575"
                    VPOS="1555"
                    WIDTH="2129"
                    HEIGHT="159">
            <Shape><Polygon POINTS="578 1680 578 1700 654 1714 657 1714 1026 1686 1128 1680 1148 1683 1202 1694 1205 1694 1207 1694 1236 1680 1244 1677 1250 1680 1278 1691 1281 1691 1284 1691 1395 1674 1423 1672 1431 1674 1460 1683 1463 1683 1465 1683 1567 1669 1604 1666 1638 1666 1755 1674 1757 1674 1760 1674 1808 1663 1840 1652 2704 1632 2704 1604 2702 1570 2665 1555 2662 1555 2659 1555 2492 1572 2475 1558 2472 1558 2469 1558 2466 1558 2463 1558 2421 1575 2336 1564 2333 1564 2330 1564 2327 1564 2302 1581 2245 1567 2242 1567 2239 1567 2237 1567 2234 1567 2208 1584 2081 1572 2078 1572 1854 1598 1831 1598 1811 1598 1607 1589 1604 1589 1601 1589 1599 1589 1579 1606 1576 1606 1525 1592 1522 1592 1519 1592 1516 1592 1451 1609 1440 1612 1377 1612 1051 1609 1049 1609 575 1638 578 1680"/></Shape>
	    <String CONTENT=""
                    HPOS="575"
                    VPOS="1555"
                    WIDTH="2129"
                    HEIGHT="159"></String>
          </TextLine>
          <TextLine ID="eSc_line_977b2b07"
                    TAGREFS="LT31"
                    BASELINE="569 1754 2094 1706 2094 1706 2716 1674" 
                    HPOS="567"
                    VPOS="1635"
                    WIDTH="2149"
                    HEIGHT="142">
            <Shape><Polygon POINTS="569 1777 2713 1703 2716 1674 2707 1635 567 1700 569 1754"/></Shape>
	    <String CONTENT=""
                    HPOS="567"
                    VPOS="1635"
                    WIDTH="2149"
                    HEIGHT="142"></String>
          </TextLine>
          <TextLine ID="eSc_line_a26aeb57"
                    TAGREFS="LT31"
                    BASELINE="581 1819 1468 1808" 
                    HPOS="578"
                    VPOS="1765"
                    WIDTH="890"
                    HEIGHT="80">
            <Shape><Polygon POINTS="581 1819 581 1845 1020 1830 1216 1845 1241 1845 1244 1845 1256 1845 1346 1828 1463 1842 1468 1808 1460 1765 578 1777 581 1819"/></Shape>
	    <String CONTENT=""
                    HPOS="578"
                    VPOS="1765"
                    WIDTH="890"
                    HEIGHT="80"></String>
          </TextLine>
          <TextLine ID="eSc_line_d8f1781d"
                    TAGREFS="LT31"
                    BASELINE="584 1887 1704 1850 2713 1833" 
                    HPOS="581"
                    VPOS="1782"
                    WIDTH="2132"
                    HEIGHT="125">
            <Shape><Polygon POINTS="584 1887 584 1907 2713 1859 2713 1833 2707 1791 2480 1782 2478 1782 2376 1796 2356 1782 2353 1782 2350 1782 2347 1782 2239 1799 2169 1788 2166 1788 2163 1788 2123 1805 2120 1805 2109 1805 1953 1794 1950 1794 1947 1794 1902 1811 1899 1811 1894 1811 1794 1796 1791 1796 1222 1828 1219 1828 1046 1816 1043 1816 581 1845 584 1887"/></Shape>
	    <String CONTENT=""
                    HPOS="581"
                    VPOS="1782"
                    WIDTH="2132"
                    HEIGHT="125"></String>
          </TextLine>
          <TextLine ID="eSc_line_8a7e6e16"
                    TAGREFS="LT31"
                    BASELINE="558 1961 1230 1945 1231 1945 2696 1887" 
                    HPOS="555"
                    VPOS="1845"
                    WIDTH="2141"
                    HEIGHT="136">
            <Shape><Polygon POINTS="558 1981 2696 1921 2696 1887 2687 1845 2089 1870 2069 1867 2041 1859 2038 1859 2035 1859 2032 1859 2030 1859 2018 1867 2010 1873 1959 1870 1854 1864 1851 1864 1738 1879 1684 1884 1618 1884 1471 1879 1468 1879 1465 1879 1446 1890 1437 1893 1400 1890 1298 1884 1295 1884 1292 1884 1290 1884 1278 1896 1273 1898 1264 1896 1219 1887 1216 1887 859 1913 782 1915 768 1915 703 1904 700 1904 555 1921 558 1961"/></Shape>
	    <String CONTENT=""
                    HPOS="555"
                    VPOS="1845"
                    WIDTH="2141"
                    HEIGHT="136"></String>
          </TextLine>
          <TextLine ID="eSc_line_1daf8310"
                    TAGREFS="LT31"
                    BASELINE="567 2020 944 2017 1584 1983 2710 1949" 
                    HPOS="564"
                    VPOS="1901"
                    WIDTH="2146"
                    HEIGHT="148">
            <Shape><Polygon POINTS="567 2020 567 2049 1196 2037 1287 2023 1338 2017 1360 2020 1400 2032 1403 2032 1406 2032 1409 2032 1412 2032 1426 2020 1431 2012 1667 2006 1689 2009 1743 2020 1746 2020 1808 2006 1834 2000 1879 2003 1996 2012 1998 2012 2157 1992 2200 1989 2211 1992 2248 2003 2251 2003 2254 2003 2256 2003 2302 1989 2307 1986 2313 1986 2339 1998 2342 1998 2344 1998 2347 1998 2350 1998 2367 1986 2373 1981 2710 1972 2710 1949 2704 1913 2591 1901 2588 1901 2514 1918 2503 1921 2427 1921 1913 1924 1709 1944 1655 1947 1584 1947 1346 1944 1343 1944 1341 1944 1338 1944 1324 1955 1318 1961 564 1978 567 2020"/></Shape>
	    <String CONTENT=""
                    HPOS="564"
                    VPOS="1901"
                    WIDTH="2146"
                    HEIGHT="148"></String>
          </TextLine>
          <TextLine ID="eSc_line_83c012f5"
                    TAGREFS="LT31"
                    BASELINE="564 2091 1264 2071 2201 2025 2713 2009" 
                    HPOS="561"
                    VPOS="1969"
                    WIDTH="2152"
                    HEIGHT="150">
            <Shape><Polygon POINTS="564 2119 2713 2037 2713 2009 2707 1969 2302 1969 2299 1969 2296 1969 2259 1983 2251 1986 2242 1983 2217 1972 2214 1972 2211 1972 2208 1972 2183 1986 2174 1989 2166 1986 2140 1975 2137 1975 2135 1975 2132 1975 2129 1975 2115 1986 2109 1995 1990 1998 1976 1992 1959 1983 1956 1983 1953 1983 1743 2000 1514 2017 1477 2009 1457 2003 1454 2003 1451 2003 1448 2003 1446 2003 1446 2006 1440 2009 1429 2023 1287 2026 1210 2017 1179 2015 1176 2015 1125 2020 966 2040 850 2029 836 2029 833 2029 830 2029 822 2029 748 2049 561 2040 564 2091"/></Shape>
	    <String CONTENT=""
                    HPOS="561"
                    VPOS="1969"
                    WIDTH="2152"
                    HEIGHT="150"></String>
          </TextLine>
          <TextLine ID="eSc_line_b3aff2b8"
                    TAGREFS="LT31"
                    BASELINE="555 2151 1329 2131 2738 2068" 
                    HPOS="552"
                    VPOS="2017"
                    WIDTH="2186"
                    HEIGHT="176">
            <Shape><Polygon POINTS="1250 2074 1247 2074 1244 2074 1224 2080 1165 2097 552 2105 555 2151 555 2179 595 2193 598 2193 601 2193 603 2193 637 2176 640 2176 643 2176 677 2190 680 2190 683 2190 686 2190 688 2190 708 2173 711 2170 839 2168 876 2168 989 2176 992 2176 995 2176 998 2176 1009 2165 1015 2162 1054 2162 1159 2168 1162 2168 1165 2168 1193 2159 1210 2153 1224 2156 1261 2168 1264 2168 1267 2168 1548 2153 1550 2153 1553 2153 1562 2145 1570 2139 1613 2145 1672 2151 1675 2151 1678 2151 1681 2151 1692 2142 1706 2134 1746 2139 1780 2145 1783 2145 1862 2136 1976 2122 2015 2131 2044 2136 2047 2136 2118 2128 2217 2114 2242 2122 2254 2128 2256 2128 2259 2128 2398 2122 2401 2122 2404 2122 2407 2117 2424 2105 2736 2105 2738 2068 2727 2017 2659 2034 2608 2020 2600 2020 2597 2020 2594 2020 2591 2020 2588 2020 2585 2023 2560 2037 2489 2026 2480 2026 2478 2026 2432 2029 2098 2057 2041 2046 2027 2043 2024 2043 2021 2043 2007 2046 1950 2063 1902 2051 1891 2049 1888 2049 1885 2049 1882 2049 1868 2051 1811 2068 1650 2060 1604 2060 1601 2060 1582 2063 1514 2080 1318 2074 1261 2074 1250 2074"/></Shape>
	    <String CONTENT=""
                    HPOS="552"
                    VPOS="2017"
                    WIDTH="2186"
                    HEIGHT="176"></String>
          </TextLine>
          <TextLine ID="eSc_line_d13641ea"
                    TAGREFS="LT31"
                    BASELINE="564 2213 1755 2182 2710 2134" 
                    HPOS="561"
                    VPOS="2097"
                    WIDTH="2149"
                    HEIGHT="150">
            <Shape><Polygon POINTS="564 2213 564 2241 793 2233 808 2236 842 2247 844 2247 847 2247 850 2247 853 2247 867 2233 870 2230 881 2233 910 2241 912 2241 915 2241 918 2241 949 2230 969 2224 983 2230 1020 2241 1023 2241 1026 2241 1117 2224 1151 2219 1179 2221 1261 2233 1264 2233 1346 2216 1375 2210 1406 2213 1505 2224 1508 2224 1993 2207 1996 2207 1998 2207 2015 2193 2058 2204 2061 2204 2064 2204 2350 2176 2393 2173 2432 2173 2673 2179 2676 2179 2679 2179 2710 2162 2710 2134 2702 2097 561 2176 564 2213"/></Shape>
	    <String CONTENT=""
                    HPOS="561"
                    VPOS="2097"
                    WIDTH="2149"
                    HEIGHT="150"></String>
          </TextLine>
          <TextLine ID="eSc_line_0b1516ab"
                    TAGREFS="LT31"
                    BASELINE="572 2284 2018 2244 2687 2204" 
                    HPOS="569"
                    VPOS="2165"
                    WIDTH="2118"
                    HEIGHT="156">
            <Shape><Polygon POINTS="572 2284 572 2321 660 2304 768 2315 788 2315 791 2315 808 2312 876 2298 901 2309 910 2312 912 2312 915 2312 1077 2307 1080 2307 1083 2307 1091 2301 1114 2290 1292 2292 1426 2295 1429 2295 1550 2284 1627 2275 1769 2275 2112 2275 2112 2273 2313 2253 2370 2247 2387 2250 2452 2261 2455 2261 2458 2261 2461 2261 2461 2258 2475 2244 2478 2241 2687 2236 2687 2204 2679 2165 2418 2185 2384 2176 2376 2173 2373 2173 2370 2173 2339 2176 2194 2202 1964 2204 1922 2193 1905 2190 1902 2190 1899 2190 1896 2190 1885 2196 1851 2210 1811 2199 1800 2196 1797 2196 1794 2196 1791 2196 1777 2199 1732 2213 1712 2202 1704 2196 1701 2196 1698 2196 1695 2196 1692 2196 1689 2196 1681 2204 1664 2216 1579 2207 1533 2204 1531 2204 1528 2204 1525 2204 1519 2210 1499 2221 1389 2216 1329 2213 1326 2213 1250 2221 1145 2233 1122 2227 1088 2216 1085 2216 1083 2216 1000 2219 998 2219 995 2219 975 2233 961 2241 870 2241 861 2236 844 2224 842 2224 839 2224 836 2224 833 2224 830 2224 830 2227 816 2238 813 2238 742 2227 740 2227 569 2247 572 2284"/></Shape>
	    <String CONTENT=""
                    HPOS="569"
                    VPOS="2165"
                    WIDTH="2118"
                    HEIGHT="156"></String>
          </TextLine>
          <TextLine ID="eSc_line_f3f54b6d"
                    TAGREFS="LT31"
                    BASELINE="567 2352 1830 2319 1830 2319 2707 2284" 
                    HPOS="564"
                    VPOS="2233"
                    WIDTH="2143"
                    HEIGHT="153">
            <Shape><Polygon POINTS="567 2386 1117 2358 1196 2366 1275 2372 1278 2372 1281 2372 1329 2360 1372 2349 1383 2358 1392 2366 1395 2366 1397 2366 1400 2366 1514 2355 1604 2343 1636 2349 1678 2358 1681 2358 1891 2341 1930 2338 1947 2338 2078 2346 2081 2346 2083 2346 2129 2332 2149 2326 2177 2329 2256 2341 2259 2341 2333 2324 2364 2318 2398 2321 2475 2332 2478 2332 2480 2332 2523 2318 2529 2315 2534 2318 2551 2326 2554 2326 2557 2326 2704 2309 2707 2284 2702 2247 2617 2233 2614 2233 2611 2233 2574 2250 2571 2253 1987 2270 1967 2270 1851 2258 1848 2258 1845 2258 1800 2275 1797 2275 1794 2275 1766 2261 1763 2261 1760 2261 1675 2278 1670 2278 1655 2278 1426 2273 1423 2273 1420 2273 1369 2290 1360 2292 1094 2298 1083 2298 1012 2284 1009 2284 924 2304 912 2304 904 2304 830 2290 827 2290 737 2309 728 2309 720 2309 652 2295 649 2295 564 2312 567 2352"/></Shape>
	    <String CONTENT=""
                    HPOS="564"
                    VPOS="2233"
                    WIDTH="2143"
                    HEIGHT="153"></String>
          </TextLine>
          <TextLine ID="eSc_line_89ff75ad"
                    TAGREFS="LT31"
                    BASELINE="555 2420 1984 2388 1984 2388 2702 2355" 
                    HPOS="552"
                    VPOS="2309"
                    WIDTH="2150"
                    HEIGHT="148">
            <Shape><Polygon POINTS="555 2445 799 2443 827 2457 830 2457 833 2457 932 2437 935 2437 938 2437 995 2451 998 2451 1000 2451 1003 2451 1006 2451 1023 2434 1026 2434 1049 2434 1298 2443 1301 2443 1454 2423 1488 2420 1516 2423 1633 2431 1636 2431 1638 2431 1675 2417 1687 2414 1766 2414 2027 2420 2030 2420 2702 2389 2702 2355 2693 2309 1638 2349 1514 2341 1494 2341 1491 2341 1474 2341 1369 2358 1312 2346 1304 2346 1301 2346 1287 2346 1173 2363 1023 2355 1006 2355 1003 2355 978 2355 717 2377 552 2369 555 2420"/></Shape>
	    <String CONTENT=""
                    HPOS="552"
                    VPOS="2309"
                    WIDTH="2150"
                    HEIGHT="148"></String>
          </TextLine>
          <TextLine ID="eSc_line_1cd2cd57"
                    TAGREFS="LT31"
                    BASELINE="558 2488 2721 2426" 
                    HPOS="555"
                    VPOS="2380"
                    WIDTH="2166"
                    HEIGHT="148">
            <Shape><Polygon POINTS="558 2488 558 2528 660 2513 808 2522 839 2522 842 2522 844 2522 850 2519 901 2502 1023 2513 1026 2513 1029 2513 1032 2513 1057 2496 1210 2511 1241 2511 1244 2511 1261 2508 1343 2488 1392 2505 1397 2505 1400 2505 1403 2505 1406 2505 1412 2502 1448 2485 1650 2479 1718 2494 1735 2496 1738 2496 1763 2494 1860 2474 1959 2488 1979 2488 1981 2488 1984 2488 1990 2485 2024 2471 2103 2482 2129 2485 2132 2485 2157 2479 2248 2462 2716 2462 2721 2426 2713 2380 555 2445 558 2488"/></Shape>
	    <String CONTENT=""
                    HPOS="555"
                    VPOS="2380"
                    WIDTH="2166"
                    HEIGHT="148"></String>
          </TextLine>
          <TextLine ID="eSc_line_2a793e96"
                    TAGREFS="LT31"
                    BASELINE="552 2562 2707 2497" 
                    HPOS="550"
                    VPOS="2437"
                    WIDTH="2157"
                    HEIGHT="159">
            <Shape><Polygon POINTS="552 2581 626 2596 629 2596 711 2579 714 2579 720 2579 856 2584 859 2584 861 2584 864 2584 864 2581 876 2573 878 2570 912 2573 1026 2581 1029 2581 1145 2564 1199 2559 1250 2562 1343 2570 1346 2570 1423 2559 1471 2550 1514 2556 1570 2562 1573 2562 1576 2562 1579 2562 1590 2553 1601 2545 1763 2547 1905 2550 1908 2550 2007 2542 2166 2525 2262 2533 2302 2536 2305 2536 2707 2519 2707 2485 2699 2437 550 2513 552 2562"/></Shape>
	    <String CONTENT=""
                    HPOS="550"
                    VPOS="2437"
                    WIDTH="2157"
                    HEIGHT="159"></String>
          </TextLine>
          <TextLine ID="eSc_line_7ef70a5c"
                    TAGREFS="LT34"
                    BASELINE="1588 2559 1925 2547" 
                    HPOS="1588"
                    VPOS="2547"
                    WIDTH="337"
                    HEIGHT="12">
	    <String CONTENT=""
                    HPOS="1588"
                    VPOS="2547"
                    WIDTH="337"
                    HEIGHT="12"></String>
          </TextLine>
          <TextLine ID="eSc_line_64847bea"
                    TAGREFS="LT31"
                    BASELINE="567 2630 1139 2615 1482 2590 2707 2565" 
                    HPOS="564"
                    VPOS="2499"
                    WIDTH="2146"
                    HEIGHT="165">
            <Shape><Polygon POINTS="567 2664 816 2644 986 2652 1000 2652 1003 2652 1006 2652 1009 2652 1071 2635 1091 2649 1094 2649 1097 2649 1100 2649 1224 2647 1227 2647 1230 2647 1267 2630 1312 2644 1315 2644 1318 2644 1321 2644 1338 2644 1511 2615 1752 2613 1772 2627 1774 2627 1777 2627 1780 2627 1888 2607 1930 2624 1933 2624 1936 2624 2052 2621 2055 2621 2132 2598 2359 2593 2421 2610 2424 2610 2427 2610 2429 2610 2568 2587 2707 2601 2710 2556 2702 2499 2543 2522 2472 2508 2455 2505 2452 2505 2449 2505 2438 2508 2390 2525 2333 2513 2319 2511 2316 2511 2262 2516 2069 2536 1862 2530 1698 2528 1695 2528 1607 2542 1548 2550 1494 2545 1409 2539 1406 2539 1349 2550 1315 2562 1108 2564 1100 2562 1071 2550 1068 2550 1066 2550 927 2567 876 2553 873 2553 870 2553 867 2553 822 2573 819 2573 808 2573 697 2564 694 2564 564 2581 567 2630"/></Shape>
	    <String CONTENT=""
                    HPOS="564"
                    VPOS="2499"
                    WIDTH="2146"
                    HEIGHT="165"></String>
          </TextLine>
          <TextLine ID="eSc_line_e4378eb1"
                    TAGREFS="LT31"
                    BASELINE="544 2703 1882 2649 2690 2632" 
                    HPOS="541"
                    VPOS="2579"
                    WIDTH="2149"
                    HEIGHT="155">
            <Shape><Polygon POINTS="544 2703 544 2723 754 2734 757 2734 878 2715 881 2715 884 2715 938 2729 941 2729 944 2729 1145 2709 1179 2720 1182 2720 1185 2720 1258 2703 1270 2700 1275 2703 1298 2715 1301 2715 1304 2715 1307 2715 1352 2700 1363 2698 1395 2698 1516 2706 1519 2706 1522 2706 1567 2695 1596 2686 1655 2692 1743 2698 1746 2698 1797 2686 1834 2678 1865 2683 1908 2695 1911 2695 1913 2695 2010 2681 2081 2666 2239 2664 2276 2672 2313 2681 2316 2681 2319 2681 2407 2669 2480 2658 2687 2658 2690 2632 2682 2579 541 2661 544 2703"/></Shape>
	    <String CONTENT=""
                    HPOS="541"
                    VPOS="2579"
                    WIDTH="2149"
                    HEIGHT="155"></String>
          </TextLine>
          <TextLine ID="eSc_line_14ccb0d2"
                    TAGREFS="LT31"
                    BASELINE="544 2780 1568 2751 1568 2751 2030 2720 2571 2707 2729 2712" 
                    HPOS="541"
                    VPOS="2647"
                    WIDTH="2192"
                    HEIGHT="164">
            <Shape><Polygon POINTS="544 2800 768 2811 771 2811 898 2788 924 2785 935 2788 981 2802 983 2802 986 2802 1119 2783 1156 2777 1182 2780 1270 2791 1273 2791 1465 2771 1488 2768 1494 2768 1528 2780 1531 2780 1533 2780 1536 2780 1539 2780 1559 2766 1567 2763 1604 2766 1712 2774 1715 2774 1800 2760 1842 2751 1913 2754 2058 2763 2061 2763 2234 2743 2330 2734 2398 2737 2506 2746 2509 2746 2733 2726 2733 2703 2730 2661 2676 2647 2673 2647 2670 2647 2458 2666 2432 2669 2421 2669 2356 2658 2353 2658 2234 2675 2200 2678 2143 2678 1976 2672 1973 2672 1922 2683 1894 2689 1848 2686 1780 2681 1777 2681 1774 2681 1755 2689 1740 2695 1548 2695 1366 2695 1363 2695 1256 2703 1057 2720 1000 2712 983 2709 981 2709 932 2712 748 2732 541 2726 544 2780"/></Shape>
	    <String CONTENT=""
                    HPOS="541"
                    VPOS="2647"
                    WIDTH="2192"
                    HEIGHT="164"></String>
          </TextLine>
          <TextLine ID="eSc_line_7fd2a3b4"
                    TAGREFS="LT31"
                    BASELINE="530 2856 2663 2774 2727 2787" 
                    HPOS="527"
                    VPOS="2723"
                    WIDTH="2214"
                    HEIGHT="167">
            <Shape><Polygon POINTS="530 2890 751 2868 779 2882 785 2885 788 2885 791 2885 898 2882 961 2873 1122 2854 1168 2865 1171 2865 1173 2865 1176 2865 1179 2865 1182 2865 1227 2851 1247 2862 1261 2868 1264 2868 1267 2868 1358 2856 1488 2837 1712 2834 1732 2839 1760 2848 1763 2848 1766 2848 1831 2834 1862 2828 1882 2831 1922 2842 1925 2842 1928 2842 1930 2842 1956 2828 1967 2822 2001 2828 2052 2834 2055 2834 2132 2819 2174 2814 2188 2817 2220 2831 2222 2831 2225 2831 2228 2831 2285 2814 2305 2808 2319 2811 2359 2825 2361 2825 2364 2825 2367 2825 2370 2825 2393 2808 2395 2805 2401 2808 2429 2822 2432 2822 2435 2822 2438 2822 2441 2822 2463 2805 2466 2802 2472 2805 2503 2817 2506 2817 2509 2817 2741 2791 2741 2771 2736 2732 2585 2723 2583 2723 2259 2749 2205 2751 2183 2751 2015 2743 2013 2743 2010 2743 1979 2760 1976 2760 1947 2746 1945 2746 1942 2746 1860 2763 1845 2766 1828 2766 1715 2754 1712 2754 1624 2774 1613 2774 1599 2774 1482 2763 1480 2763 1236 2788 1222 2788 1190 2774 1188 2774 1185 2774 1057 2794 1037 2797 989 2797 671 2794 669 2794 527 2814 530 2856"/></Shape>
	    <String CONTENT=""
                    HPOS="527"
                    VPOS="2723"
                    WIDTH="2214"
                    HEIGHT="167"></String>
          </TextLine>
          <TextLine ID="eSc_line_013f49f0"
                    TAGREFS="LT31"
                    BASELINE="538 2927 1239 2908 1587 2882 2690 2862" 
                    HPOS="535"
                    VPOS="2805"
                    WIDTH="2155"
                    HEIGHT="139">
            <Shape><Polygon POINTS="538 2944 1105 2941 1247 2930 1392 2916 1423 2924 1443 2930 1446 2930 1448 2930 1624 2919 1964 2899 2024 2910 2044 2913 2047 2913 2049 2913 2061 2910 2098 2896 2132 2907 2140 2910 2143 2910 2146 2910 2208 2907 2432 2888 2687 2893 2690 2862 2682 2805 2520 2822 2461 2811 2438 2808 2435 2808 2432 2808 2424 2814 2398 2825 2356 2814 2339 2811 2336 2811 2333 2811 2302 2817 2234 2831 2174 2819 2143 2817 2140 2817 2064 2825 1947 2837 1851 2831 1777 2828 1774 2828 1772 2828 1769 2828 1769 2831 1763 2834 1752 2845 1709 2837 1681 2831 1678 2831 1675 2831 1658 2837 1636 2848 1601 2839 1579 2834 1576 2834 1573 2834 1525 2842 1463 2854 1414 2845 1386 2842 1383 2842 1349 2848 1287 2859 1207 2854 1145 2848 1142 2848 1139 2848 1119 2856 1097 2868 535 2873 538 2927"/></Shape>
	    <String CONTENT=""
                    HPOS="535"
                    VPOS="2805"
                    WIDTH="2155"
                    HEIGHT="139"></String>
          </TextLine>
          <TextLine ID="eSc_line_3edf9b66"
                    TAGREFS="LT31"
                    BASELINE="541 3007 1369 2978 1370 2978 1528 2964 2690 2936" 
                    HPOS="538"
                    VPOS="2882"
                    WIDTH="2152"
                    HEIGHT="150">
            <Shape><Polygon POINTS="541 3032 1205 3018 1207 3018 1219 3015 1250 3004 1284 3012 1298 3015 1301 3015 1304 3015 1341 3009 1440 2995 1545 3004 1582 3007 1584 3007 1610 3004 1684 2987 1740 2998 1755 3001 1757 3001 1760 3001 1763 3001 1766 2998 1791 2984 1845 2995 1851 2995 1854 2995 1860 2995 1950 2978 2166 2987 2208 2987 2211 2987 2239 2984 2395 2964 2441 2978 2444 2978 2446 2978 2449 2978 2452 2978 2478 2964 2687 2970 2690 2936 2685 2896 2478 2882 2475 2882 2384 2885 2381 2885 2378 2885 2378 2888 2356 2905 2239 2893 2237 2893 2234 2893 2231 2893 2203 2910 2200 2913 2086 2913 2038 2896 2035 2896 2032 2896 2030 2896 1973 2910 1871 2902 1868 2902 1865 2902 1828 2922 1505 2913 1502 2913 1499 2913 1423 2933 1278 2922 1275 2922 1153 2944 1151 2944 1148 2944 890 2933 887 2933 538 2964 541 3007"/></Shape>
	    <String CONTENT=""
                    HPOS="538"
                    VPOS="2882"
                    WIDTH="2152"
                    HEIGHT="150"></String>
          </TextLine>
          <TextLine ID="eSc_line_4707fdf6"
                    TAGREFS="LT31"
                    BASELINE="535 3072 2670 3004" 
                    HPOS="533"
                    VPOS="2956"
                    WIDTH="2137"
                    HEIGHT="141">
            <Shape><Polygon POINTS="535 3072 535 3097 2563 3043 2566 3043 2568 3043 2591 3029 2668 3041 2670 3004 2665 2964 2486 2956 2483 2956 2350 2973 2302 2978 2268 2975 2169 2967 2166 2967 2163 2967 2132 2981 2123 2984 2106 2981 2044 2970 2041 2970 1973 2987 1950 2990 1896 2990 1729 2981 1726 2981 1624 2998 1593 3001 1559 2998 1420 2990 1417 2990 1046 3015 972 3021 958 3018 895 3007 893 3007 890 3007 887 3007 867 3024 864 3024 850 3024 731 3012 728 3012 725 3012 688 3029 683 3032 533 3032 535 3072"/></Shape>
	    <String CONTENT=""
                    HPOS="533"
                    VPOS="2956"
                    WIDTH="2137"
                    HEIGHT="141"></String>
          </TextLine>
          <TextLine ID="eSc_line_9b2f8f72"
                    TAGREFS="LT31"
                    BASELINE="538 3134 1001 3128 1001 3128 2642 3075" 
                    HPOS="535"
                    VPOS="3032"
                    WIDTH="2107"
                    HEIGHT="125">
            <Shape><Polygon POINTS="538 3157 2642 3109 2642 3075 2634 3032 535 3092 538 3134"/></Shape>
	    <String CONTENT=""
                    HPOS="535"
                    VPOS="3032"
                    WIDTH="2107"
                    HEIGHT="125"></String>
          </TextLine>
          <TextLine ID="eSc_line_73450b35"
                    TAGREFS="LT31"
                    BASELINE="535 3199 2702 3143" 
                    HPOS="533"
                    VPOS="3100"
                    WIDTH="2169"
                    HEIGHT="133">
            <Shape><Polygon POINTS="535 3199 535 3233 2702 3174 2702 3143 2693 3100 533 3157 535 3199"/></Shape>
	    <String CONTENT=""
                    HPOS="533"
                    VPOS="3100"
                    WIDTH="2169"
                    HEIGHT="133"></String>
          </TextLine>
          <TextLine ID="eSc_line_06fa3a8e"
                    TAGREFS="LT31"
                    BASELINE="533 3262 2639 3222" 
                    HPOS="530"
                    VPOS="3182"
                    WIDTH="2109"
                    HEIGHT="105">
            <Shape><Polygon POINTS="533 3262 533 3287 2639 3253 2639 3222 2631 3182 1721 3185 995 3211 915 3213 907 3213 830 3202 827 3202 825 3202 774 3216 768 3216 759 3216 671 3205 669 3205 666 3205 663 3205 663 3208 652 3219 649 3222 530 3222 533 3262"/></Shape>
	    <String CONTENT=""
                    HPOS="530"
                    VPOS="3182"
                    WIDTH="2109"
                    HEIGHT="105"></String>
          </TextLine>
          <TextLine ID="eSc_line_38e0a9fb"
                    TAGREFS="LT31"
                    BASELINE="516 3332 2588 3296" 
                    HPOS="513"
                    VPOS="3250"
                    WIDTH="2075"
                    HEIGHT="125">
            <Shape><Polygon POINTS="516 3332 516 3375 853 3352 904 3366 907 3366 910 3366 915 3366 1015 3347 1151 3358 1153 3358 1156 3358 1159 3358 1176 3341 1451 3341 1542 3352 1584 3355 1587 3355 1590 3355 1607 3349 1633 3341 1687 3347 1729 3352 1732 3352 1735 3352 1755 3347 1797 3330 1998 3330 2021 3338 2038 3347 2041 3347 2044 3347 2047 3347 2049 3347 2064 3338 2078 3330 2160 3335 2265 3344 2268 3344 2585 3324 2588 3296 2583 3253 1998 3250 1996 3250 1865 3264 1842 3267 1834 3267 1789 3253 1786 3253 1783 3253 1655 3270 1621 3273 1590 3270 1465 3259 1463 3259 1460 3259 1426 3273 1423 3273 1210 3264 1207 3264 1205 3264 1145 3279 1134 3281 1128 3279 1094 3267 1091 3267 1088 3267 1000 3281 983 3284 972 3281 912 3270 910 3270 816 3287 799 3287 771 3287 572 3276 569 3276 567 3276 513 3287 516 3332"/></Shape>
	    <String CONTENT=""
                    HPOS="513"
                    VPOS="3250"
                    WIDTH="2075"
                    HEIGHT="125"></String>
          </TextLine>
          <TextLine ID="eSc_line_dcc0da38"
                    TAGREFS="LT31"
                    BASELINE="2458 3349 2670 3341" 
                    HPOS="2455"
                    VPOS="3307"
                    WIDTH="215"
                    HEIGHT="71">
            <Shape><Polygon POINTS="2458 3349 2458 3378 2670 3366 2670 3341 2662 3307 2455 3310 2458 3349"/></Shape>
	    <String CONTENT=""
                    HPOS="2455"
                    VPOS="3307"
                    WIDTH="215"
                    HEIGHT="71"></String>
          </TextLine>
        </TextBlock>
      </PrintSpace>
    </Page>
  </Layout>
</alto>
