<?xml version="1.0" encoding="UTF-8"?>
<alto xmlns:xsi="http://www.w3.org/2001/XMLSchema-instance"
      xmlns="http://www.loc.gov/standards/alto/ns-v4#"
      xsi:schemaLocation="http://www.loc.gov/standards/alto/ns-v4# http://www.loc.gov/standards/alto/v4/alto-4-2.xsd">
  <Description>
    <MeasurementUnit>pixel</MeasurementUnit>
    <sourceImageInformation>
      <fileName>ARCH-DIV-000496_0101.png</fileName>
    </sourceImageInformation>
  </Description>
  <Tags>
    <OtherTag ID="BT42" LABEL="MainZone" DESCRIPTION="block type MainZone"/><OtherTag ID="BT43" LABEL="MarginTextZone" DESCRIPTION="block type MarginTextZone"/><OtherTag ID="BT44" LABEL="NumberingZone" DESCRIPTION="block type NumberingZone"/><OtherTag ID="BT45" LABEL="TitlePageZone" DESCRIPTION="block type TitlePageZone"/><OtherTag ID="BT46" LABEL="CustomZone:Numbering" DESCRIPTION="block type CustomZone:Numbering"/><OtherTag ID="BT49" LABEL="MarginTextZone:lower" DESCRIPTION="block type MarginTextZone:lower"/>
    <OtherTag ID="LT25" LABEL="default" DESCRIPTION="line type default"/><OtherTag ID="LT31" LABEL="DefaultLine" DESCRIPTION="line type DefaultLine"/><OtherTag ID="LT32" LABEL="HeadingLine" DESCRIPTION="line type HeadingLine"/><OtherTag ID="LT33" LABEL="InterlinearLine:addition" DESCRIPTION="line type InterlinearLine:addition"/><OtherTag ID="LT34" LABEL="InterlinearLine:correction" DESCRIPTION="line type InterlinearLine:correction"/>
  </Tags>
  <Layout>
    <Page WIDTH="2790"
          HEIGHT="3330"
          PHYSICAL_IMG_NR="100"
          ID="eSc_dummypage_">
      <PrintSpace HPOS="0"
                  VPOS="0"
                  WIDTH="2790"
                  HEIGHT="3330">
        <TextBlock HPOS="143"
                   VPOS="82"
                   WIDTH="315"
                   HEIGHT="345"
                   ID="eSc_textblock_dc87acd1"
                   TAGREFS="BT44">
          <Shape><Polygon POINTS="143 82 143 427 458 427 458 82"/></Shape>
          <TextLine ID="eSc_line_12954024"
                    TAGREFS="LT31"
                    BASELINE="212 206 370 231" 
                    HPOS="230"
                    VPOS="169"
                    WIDTH="111"
                    HEIGHT="169">
            <Shape><Polygon POINTS="285 169 258 174 230 180 235 216 244 338 341 321 333 208 324 177 313 172"/></Shape>
	    <String CONTENT="19"
                    HPOS="230"
                    VPOS="169"
                    WIDTH="111"
                    HEIGHT="169"
                    WC="0.9745078682899475"></String>
          </TextLine>
        </TextBlock>
        <TextBlock HPOS="510"
                   VPOS="119"
                   WIDTH="2243"
                   HEIGHT="3210"
                   ID="eSc_textblock_b593fa83"
                   TAGREFS="BT42">
          <Shape><Polygon POINTS="578 119 510 3329 1407 3320 2753 3307 2753 119"/></Shape>
          <TextLine ID="eSc_line_76549349"
                    TAGREFS="LT32"
                    BASELINE="1213 283 1590 271 1787 288" 
                    HPOS="1210"
                    VPOS="169"
                    WIDTH="577"
                    HEIGHT="155">
            <Shape><Polygon POINTS="1213 310 1263 302 1288 313 1296 316 1299 316 1302 316 1304 316 1307 316 1310 313 1326 302 1340 313 1351 321 1354 321 1357 321 1360 324 1435 324 1435 321 1438 321 1440 321 1451 313 1465 305 1479 313 1479 316 1482 316 1485 316 1488 316 1507 313 1599 302 1626 316 1640 321 1643 321 1646 321 1787 316 1787 288 1782 169 1712 172 1710 172 1707 172 1657 213 1568 180 1565 180 1562 180 1560 180 1557 180 1504 216 1388 216 1340 177 1335 172 1332 172 1329 172 1326 172 1210 180 1213 283"/></Shape>
	    <String CONTENT="Chapitre IV"
                    HPOS="1210"
                    VPOS="169"
                    WIDTH="577"
                    HEIGHT="155"
                    WC="0.9992287700826471"></String>
          </TextLine>
          <TextLine ID="eSc_line_eddaff3d"
                    TAGREFS="LT32"
                    BASELINE="1032 471 1980 433" 
                    HPOS="1029"
                    VPOS="382"
                    WIDTH="631"
                    HEIGHT="131">
            <Shape><Polygon POINTS="1032 491 1063 491 1068 493 1091 513 1093 513 1096 513 1099 513 1102 513 1163 493 1188 488 1229 493 1318 510 1321 510 1429 507 1432 507 1471 493 1510 482 1654 493 1660 460 1657 396 1607 382 1604 382 1601 382 1599 382 1596 382 1568 399 1537 419 1388 419 1349 410 1299 396 1296 396 1293 396 1290 396 1246 407 1093 391 1091 391 1088 391 1029 419 1032 471"/></Shape>
	    <String CONTENT="La crise de"
                    HPOS="1029"
                    VPOS="382"
                    WIDTH="631"
                    HEIGHT="131"
                    WC="0.9995972297408364"></String>
          </TextLine>
          <TextLine ID="eSc_line_b0ae9bc0"
                    TAGREFS="LT32"
                    BASELINE="1391 701 1535 697" 
                    HPOS="1401"
                    VPOS="663"
                    WIDTH="111"
                    HEIGHT="97">
            <Shape><Polygon POINTS="1401 760 1512 757 1512 724 1512 679 1443 663 1440 663 1438 663 1435 663 1401 679 1401 724"/></Shape>
	    <String CONTENT="3."
                    HPOS="1401"
                    VPOS="663"
                    WIDTH="111"
                    HEIGHT="97"
                    WC="0.9999995231628418"></String>
          </TextLine>
          <TextLine ID="eSc_line_2aeea031"
                    TAGREFS="LT31"
                    BASELINE="652 824 2681 768" 
                    HPOS="649"
                    VPOS="702"
                    WIDTH="2032"
                    HEIGHT="158">
            <Shape><Polygon POINTS="649 790 652 824 652 843 721 860 724 860 727 860 793 843 832 857 835 857 838 857 1024 851 1027 851 1068 835 1074 835 1077 835 1118 849 1121 849 1124 849 1307 832 1363 824 1596 821 1615 824 1662 835 1665 835 1748 821 1793 815 1818 821 1854 829 1857 829 1860 829 1940 818 1998 810 2023 815 2051 824 2054 824 2057 824 2151 813 2240 804 2295 810 2340 815 2343 815 2345 815 2362 810 2390 799 2678 801 2681 768 2676 702 2587 702 2584 702 2581 702 2576 704 2526 732 2348 735 2298 715 2281 710 2279 710 2276 710 2273 710 2245 718 2173 740 2145 729 2143 729 2140 729 2021 743 1990 729 1979 724 1976 724 1973 724 1898 732 1748 752 1687 740 1621 729 1618 729 1460 746 1265 738 1263 738 1066 749 1063 749 1021 768 1016 771 985 771 785 760 782 760 780 760 777 760 752 779 707 757 705 757 702 757 699 757 652 779 649 790"/></Shape>
	    <String CONTENT="C. est une banalité, de nos jours, de dire que la révotution"
                    HPOS="649"
                    VPOS="702"
                    WIDTH="2032"
                    HEIGHT="158"
                    WC="0.9934146394332249"></String>
          </TextLine>
          <TextLine ID="eSc_line_d1f9358d"
                    TAGREFS="LT31"
                    BASELINE="613 907 2659 849" 
                    HPOS="610"
                    VPOS="799"
                    WIDTH="2049"
                    HEIGHT="127">
            <Shape><Polygon POINTS="613 907 613 926 1390 924 1529 912 1685 899 1807 907 1873 910 1876 910 1879 910 1896 904 1932 893 2012 901 2040 904 2043 904 2046 904 2048 904 2051 901 2079 885 2279 882 2351 896 2362 896 2365 896 2376 896 2465 876 2653 888 2659 849 2653 813 2579 799 2576 799 2573 799 2570 799 2554 813 2176 810 2173 810 2068 826 1682 824 1679 824 1482 843 1002 843 999 843 996 843 993 843 971 857 719 851 716 851 713 851 710 851 710 854 696 865 655 854 652 854 649 854 646 854 610 865 613 907"/></Shape>
	    <String CONTENT="de 1430 faite par le peuple a été confisquée par la bourgroisie."
                    HPOS="610"
                    VPOS="799"
                    WIDTH="2049"
                    HEIGHT="127"
                    WC="0.9894926203414798"></String>
          </TextLine>
          <TextLine ID="eSc_line_c178a5d1"
                    TAGREFS="LT31"
                    BASELINE="621 976 2715 921" 
                    HPOS="619"
                    VPOS="874"
                    WIDTH="2096"
                    HEIGHT="130">
            <Shape><Polygon POINTS="621 976 621 1004 2715 951 2715 921 2706 874 619 932 621 976"/></Shape>
	    <String CONTENT="Pous courante qu&#x27;elle soit cette affirncation n&#x27;en est par moins"
                    HPOS="619"
                    VPOS="874"
                    WIDTH="2096"
                    HEIGHT="130"
                    WC="0.9935112642124295"></String>
          </TextLine>
          <TextLine ID="eSc_line_08d2e187"
                    TAGREFS="LT34"
                    BASELINE="663 1009 857 1009" 
                    HPOS="663"
                    VPOS="1009"
                    WIDTH="194"
                    HEIGHT="0">
	    <String CONTENT=""
                    HPOS="663"
                    VPOS="1009"
                    WIDTH="194"
                    HEIGHT="0"></String>
          </TextLine>
          <TextLine ID="eSc_line_50b10181"
                    TAGREFS="LT31"
                    BASELINE="613 1051 2712 993" 
                    HPOS="610"
                    VPOS="943"
                    WIDTH="2102"
                    HEIGHT="147">
            <Shape><Polygon POINTS="613 1051 613 1071 707 1090 710 1090 810 1068 816 1065 946 1065 949 1065 982 1082 985 1082 988 1082 1091 1062 1113 1057 1249 1057 1260 1060 1307 1073 1310 1073 1313 1073 1315 1073 1357 1057 1360 1057 1363 1057 1404 1071 1407 1071 1410 1071 1593 1051 1643 1048 1712 1051 1907 1057 1909 1057 1912 1057 1954 1046 1987 1037 2043 1043 2109 1051 2112 1051 2243 1040 2418 1023 2462 1035 2473 1037 2476 1037 2479 1037 2512 1035 2626 1021 2709 1029 2712 993 2703 949 2598 957 2579 951 2554 943 2551 943 2548 943 2545 943 2542 943 2531 951 2520 962 2431 962 2420 957 2409 946 2406 946 2404 946 2401 946 2345 957 2323 962 2306 960 2245 946 2243 946 2240 946 2195 962 2179 968 2118 965 2012 960 2009 960 2007 960 2004 960 1993 968 1979 979 1762 982 1748 976 1726 968 1723 968 1721 968 1718 968 1715 968 1715 971 1707 979 1698 985 1682 979 1646 968 1643 968 1640 968 1637 968 1635 968 1621 979 1615 987 1504 990 1488 985 1443 968 1440 968 1438 968 1435 968 1432 968 1407 987 1399 993 1390 987 1351 968 1349 968 1346 968 1202 971 1135 974 1132 974 1129 974 1129 976 1107 996 1099 1004 1002 1004 943 1001 707 985 705 985 702 985 610 1010 613 1051"/></Shape>
	    <String CONTENT="&lt;...&gt; . ....&gt; que la bourgeoisie aurait à la suile d&#x27;un"
                    HPOS="610"
                    VPOS="943"
                    WIDTH="2102"
                    HEIGHT="147"
                    WC="0.9491503547344889"></String>
          </TextLine>
          <TextLine ID="eSc_line_f65d9f8f"
                    TAGREFS="LT34"
                    BASELINE="1000 1011 1346 995" 
                    HPOS="1000"
                    VPOS="995"
                    WIDTH="346"
                    HEIGHT="16">
	    <String CONTENT=""
                    HPOS="1000"
                    VPOS="995"
                    WIDTH="346"
                    HEIGHT="16"></String>
          </TextLine>
          <TextLine ID="eSc_line_2a66c355"
                    TAGREFS="LT31"
                    BASELINE="610 1123 2034 1082 2678 1076" 
                    HPOS="607"
                    VPOS="1023"
                    WIDTH="2071"
                    HEIGHT="134">
            <Shape><Polygon POINTS="610 1123 610 1140 716 1157 719 1157 721 1157 757 1140 821 1154 824 1154 1088 1132 1152 1129 1268 1129 1574 1134 1576 1134 1674 1123 1743 1115 1807 1121 1873 1126 1876 1126 1879 1126 1901 1118 1921 1112 2154 1115 2281 1115 2284 1115 2323 1112 2459 1096 2492 1110 2495 1110 2498 1110 2501 1110 2678 1104 2678 1076 2673 1032 2437 1023 2434 1023 2431 1023 2429 1023 2412 1037 2409 1037 2359 1037 2007 1035 2004 1035 2001 1035 1998 1035 1984 1046 1982 1048 1973 1048 1912 1037 1909 1037 1907 1037 1884 1048 1879 1051 1846 1051 1715 1043 1712 1043 607 1079 610 1123"/></Shape>
	    <String CONTENT="complot machiné d&#x27;avance fait tourner la victoire commune à"
                    HPOS="607"
                    VPOS="1023"
                    WIDTH="2071"
                    HEIGHT="134"
                    WC="0.9902659846564471"></String>
          </TextLine>
          <TextLine ID="eSc_line_e6704ff7"
                    TAGREFS="LT31"
                    BASELINE="596 1204 2673 1137" 
                    HPOS="594"
                    VPOS="1093"
                    WIDTH="2079"
                    HEIGHT="133">
            <Shape><Polygon POINTS="596 1204 596 1226 2673 1165 2673 1137 2665 1093 594 1162 596 1204"/></Shape>
	    <String CONTENT="s on profet exclusif. Elle est exacte au contraire si elle se borne à cons¬"
                    HPOS="594"
                    VPOS="1093"
                    WIDTH="2079"
                    HEIGHT="133"
                    WC="0.9982837297414479"></String>
          </TextLine>
          <TextLine ID="eSc_line_73808cd8"
                    TAGREFS="LT31"
                    BASELINE="596 1279 2306 1218 2695 1218" 
                    HPOS="594"
                    VPOS="1157"
                    WIDTH="2101"
                    HEIGHT="155">
            <Shape><Polygon POINTS="596 1279 596 1304 838 1312 841 1312 1077 1287 1124 1284 1154 1284 1326 1295 1329 1295 1468 1273 1496 1270 1510 1273 1574 1287 1576 1287 2007 1254 2068 1251 2076 1251 2145 1268 2148 1268 2151 1268 2212 1248 2309 1259 2312 1259 2315 1259 2318 1259 2340 1243 2343 1243 2345 1243 2456 1257 2459 1257 2462 1257 2465 1257 2492 1240 2592 1251 2595 1251 2692 1229 2695 1218 2692 1168 2645 1157 2642 1157 2640 1157 2481 1176 2476 1176 2473 1176 2415 1165 2412 1165 2301 1182 2298 1184 2284 1184 1835 1184 1832 1184 1829 1184 1826 1184 1804 1198 1801 1198 1743 1187 1740 1187 1654 1204 1646 1204 1635 1204 1499 1196 1496 1196 1493 1196 1443 1209 1440 1209 1088 1209 1085 1209 1082 1209 1046 1223 1043 1223 1038 1223 924 1215 921 1215 594 1237 596 1279"/></Shape>
	    <String CONTENT="tates le fait évident que la bourgeoisie s&#x27;est mise, grece à la Révolution"
                    HPOS="594"
                    VPOS="1157"
                    WIDTH="2101"
                    HEIGHT="155"
                    WC="0.9845442446072896"></String>
          </TextLine>
          <TextLine ID="eSc_line_03799cdc"
                    TAGREFS="LT31"
                    BASELINE="594 1351 2684 1284" 
                    HPOS="591"
                    VPOS="1237"
                    WIDTH="2093"
                    HEIGHT="133">
            <Shape><Polygon POINTS="594 1351 594 1370 2684 1312 2684 1284 2676 1237 591 1312 594 1351"/></Shape>
	    <String CONTENT="en possession du pouvoir potitipee. Mais il faut constater tout de siuite"
                    HPOS="591"
                    VPOS="1237"
                    WIDTH="2093"
                    HEIGHT="133"
                    WC="0.9960227453545348"></String>
          </TextLine>
          <TextLine ID="eSc_line_bc8b854a"
                    TAGREFS="LT31"
                    BASELINE="607 1429 1907 1379" 
                    HPOS="602"
                    VPOS="1340"
                    WIDTH="1305"
                    HEIGHT="127">
            <Shape><Polygon POINTS="607 1429 610 1467 682 1445 852 1443 888 1456 891 1456 893 1456 905 1456 1010 1437 1077 1448 1082 1448 1085 1448 1088 1448 1091 1448 1140 1431 1177 1445 1179 1445 1182 1445 1185 1445 1199 1443 1271 1426 1315 1437 1324 1440 1326 1440 1329 1440 1332 1440 1335 1440 1335 1437 1338 1437 1349 1423 1449 1431 1451 1431 1454 1431 1496 1418 1529 1429 1537 1431 1540 1431 1543 1431 1612 1426 1835 1404 1901 1412 1907 1379 1898 1340 602 1381 607 1429"/></Shape>
	    <String CONTENT="qu&#x27;il n&#x27;en pouvait pas être autrement."
                    HPOS="602"
                    VPOS="1340"
                    WIDTH="1305"
                    HEIGHT="127"
                    WC="0.9945562811274278"></String>
          </TextLine>
          <TextLine ID="eSc_line_2aadfc8f"
                    TAGREFS="LT31"
                    BASELINE="616 1509 1940 1451 2717 1431" 
                    HPOS="610"
                    VPOS="1376"
                    WIDTH="2107"
                    HEIGHT="153">
            <Shape><Polygon POINTS="616 1509 616 1529 2717 1462 2717 1431 2712 1387 2492 1376 2490 1376 2487 1376 2406 1395 2320 1381 2318 1381 2315 1381 2248 1404 2245 1404 2182 1390 2179 1390 2176 1390 2115 1406 2040 1395 2037 1395 2034 1395 2032 1395 2012 1412 1898 1398 1896 1398 1793 1420 1760 1404 1757 1404 1754 1404 1751 1404 1679 1426 1576 1412 1574 1412 1326 1440 1274 1423 1271 1423 1268 1423 1265 1423 1179 1445 1118 1429 1116 1429 1113 1429 821 1459 691 1445 688 1445 685 1445 610 1467 616 1509"/></Shape>
	    <String CONTENT="L&#x27;insurrection du Belges contre le rigime hollandaés avait été complè¬"
                    HPOS="610"
                    VPOS="1376"
                    WIDTH="2107"
                    HEIGHT="153"
                    WC="0.9848115427153451"></String>
          </TextLine>
          <TextLine ID="eSc_line_4ce3a5a9"
                    TAGREFS="LT31"
                    BASELINE="602 1587 2043 1517 2720 1501" 
                    HPOS="599"
                    VPOS="1443"
                    WIDTH="2121"
                    HEIGHT="174">
            <Shape><Polygon POINTS="602 1587 602 1617 838 1617 838 1615 841 1615 882 1603 932 1592 988 1601 1043 1606 1046 1606 1049 1606 1085 1595 1124 1584 1207 1590 1271 1595 1274 1595 1277 1595 1313 1587 1365 1573 1410 1581 1424 1584 1426 1584 1476 1578 1624 1562 1687 1570 1729 1576 1732 1576 1837 1565 1996 1545 2043 1556 2051 1556 2054 1556 2057 1556 2059 1556 2059 1554 2084 1542 2381 1542 2562 1542 2562 1540 2565 1540 2587 1531 2631 1517 2715 1526 2720 1501 2715 1454 2684 1443 2681 1443 2678 1443 2676 1443 2615 1459 2612 1462 2598 1462 2179 1465 2176 1465 2173 1465 2173 1467 2159 1479 2151 1479 2051 1470 2048 1470 2046 1470 1993 1484 1982 1487 1973 1487 1923 1476 1921 1476 1918 1476 1915 1476 1915 1479 1904 1490 1901 1490 1898 1490 1862 1479 1860 1479 1857 1479 1726 1495 1698 1498 1674 1498 1562 1492 1560 1492 1557 1492 1554 1492 1543 1504 1537 1506 1465 1506 1290 1504 1288 1504 1204 1517 1163 1523 1149 1517 1129 1512 1127 1512 1124 1512 1121 1512 1118 1512 1104 1520 1096 1526 1049 1523 974 1517 971 1517 599 1540 602 1587"/></Shape>
	    <String CONTENT="tement étrangire à tout mobile d&#x27;ordre écomonique. Jamais l&#x27;e¬"
                    HPOS="599"
                    VPOS="1443"
                    WIDTH="2121"
                    HEIGHT="174"
                    WC="0.9980687650423201"></String>
          </TextLine>
          <TextLine ID="eSc_line_c3af2d77"
                    TAGREFS="LT31"
                    BASELINE="616 1656 1071 1628 2692 1565" 
                    HPOS="610"
                    VPOS="1515"
                    WIDTH="2082"
                    HEIGHT="172">
            <Shape><Polygon POINTS="616 1656 616 1687 846 1662 993 1670 996 1670 1093 1651 1221 1662 1224 1662 1229 1662 1771 1620 2692 1601 2692 1565 2687 1515 2237 1545 2159 1537 2137 1537 2134 1537 2132 1537 2123 1540 2098 1551 2062 1542 2034 1537 2032 1537 2029 1537 2001 1545 1962 1556 1862 1551 1768 1548 1765 1548 1649 1562 1554 1573 1476 1570 1360 1565 1357 1565 1354 1565 1310 1578 1285 1584 1249 1581 1177 1573 1174 1573 1171 1573 1168 1573 1154 1584 1146 1590 1121 1587 1054 1578 1052 1578 924 1595 882 1601 868 1598 821 1587 818 1587 816 1587 610 1609 616 1656"/></Shape>
	    <String CONTENT="géeulbure et l&#x27;industire n&#x27;avaient été ausri prospères que durant"
                    HPOS="610"
                    VPOS="1515"
                    WIDTH="2082"
                    HEIGHT="172"
                    WC="0.9928513389367324"></String>
          </TextLine>
          <TextLine ID="eSc_line_28f423b8"
                    TAGREFS="LT34"
                    BASELINE="1844 1631 2050 1627" 
                    HPOS="1844"
                    VPOS="1627"
                    WIDTH="206"
                    HEIGHT="4">
	    <String CONTENT=""
                    HPOS="1844"
                    VPOS="1627"
                    WIDTH="206"
                    HEIGHT="4"></String>
          </TextLine>
          <TextLine ID="eSc_line_f382576a"
                    TAGREFS="LT31"
                    BASELINE="605 1723 1274 1692 2698 1634" 
                    HPOS="602"
                    VPOS="1584"
                    WIDTH="2096"
                    HEIGHT="172">
            <Shape><Polygon POINTS="605 1756 810 1748 813 1748 816 1748 816 1745 830 1734 1054 1737 1099 1737 1102 1737 1104 1737 1113 1734 1174 1714 1568 1714 1735 1712 2695 1662 2698 1634 2692 1595 2648 1584 2645 1584 2642 1584 2640 1584 2581 1601 2579 1601 2573 1601 2395 1595 2393 1595 2226 1615 2220 1615 2218 1615 2170 1603 2168 1603 2165 1603 2087 1620 2084 1620 2057 1603 2054 1603 2051 1603 2048 1603 1940 1606 1773 1631 1771 1631 1671 1617 1668 1617 1557 1640 1524 1623 1521 1623 1518 1623 1385 1648 1374 1648 1357 1648 1168 1637 1165 1637 1007 1662 996 1665 602 1676 605 1723"/></Shape>
	    <String CONTENT="les anées qui la piicédèrent. Il suffit e &lt;......&gt; que le parti praugiste"
                    HPOS="602"
                    VPOS="1584"
                    WIDTH="2096"
                    HEIGHT="172"
                    WC="0.9626406325052862"></String>
          </TextLine>
          <TextLine ID="eSc_line_de5b7a3d"
                    TAGREFS="LT34"
                    BASELINE="2292 1692 2561 1680" 
                    HPOS="2292"
                    VPOS="1680"
                    WIDTH="269"
                    HEIGHT="12">
	    <String CONTENT=""
                    HPOS="2292"
                    VPOS="1680"
                    WIDTH="269"
                    HEIGHT="12"></String>
          </TextLine>
          <TextLine ID="eSc_line_9d9d3e57"
                    TAGREFS="LT31"
                    BASELINE="599 1789 2709 1706" 
                    HPOS="596"
                    VPOS="1665"
                    WIDTH="2113"
                    HEIGHT="155">
            <Shape><Polygon POINTS="599 1820 2709 1737 2709 1706 2701 1665 596 1748 599 1789"/></Shape>
	    <String CONTENT="se recruta précisément dans le monde de effaiser pout &lt;..&gt; que"
                    HPOS="596"
                    VPOS="1665"
                    WIDTH="2113"
                    HEIGHT="155"
                    WC="0.9714800011246435"></String>
          </TextLine>
          <TextLine ID="eSc_line_99249fa9"
                    TAGREFS="LT34"
                    BASELINE="2331 1746 2530 1738" 
                    HPOS="2331"
                    VPOS="1738"
                    WIDTH="199"
                    HEIGHT="8">
	    <String CONTENT=""
                    HPOS="2331"
                    VPOS="1738"
                    WIDTH="199"
                    HEIGHT="8"></String>
          </TextLine>
          <TextLine ID="eSc_line_c98a2263"
                    TAGREFS="LT31"
                    BASELINE="596 1867 1676 1828 2287 1792 2670 1787" 
                    HPOS="594"
                    VPOS="1734"
                    WIDTH="2076"
                    HEIGHT="164">
            <Shape><Polygon POINTS="596 1867 596 1887 735 1898 738 1898 946 1875 949 1875 952 1875 1018 1887 1021 1887 1024 1887 1027 1887 1052 1870 1054 1870 1071 1870 1188 1878 1190 1878 1393 1859 1451 1853 1476 1856 1582 1864 1585 1864 1840 1842 1901 1837 1923 1839 2007 1848 2009 1848 2012 1848 2040 1834 2046 1831 2132 1831 2423 1831 2426 1831 2667 1809 2670 1787 2665 1748 2418 1734 2415 1734 2187 1762 2065 1748 2062 1748 2059 1748 1990 1773 1987 1773 1976 1773 1801 1762 1798 1762 1796 1762 1793 1762 1768 1781 1765 1784 1615 1787 1612 1787 1593 1773 1590 1773 1587 1773 1585 1773 1582 1773 1579 1773 1560 1789 1557 1789 1546 1789 1338 1784 1335 1784 1332 1784 1279 1800 1260 1784 1257 1784 1254 1784 1146 1784 1143 1784 1140 1784 1052 1809 1049 1809 957 1792 954 1792 788 1820 780 1820 771 1820 644 1809 641 1809 638 1809 594 1825 596 1867"/></Shape>
	    <String CONTENT="les capitalistes lon de désirer la révolution, la considererent au"
                    HPOS="594"
                    VPOS="1734"
                    WIDTH="2076"
                    HEIGHT="164"
                    WC="0.9912927864175854"></String>
          </TextLine>
          <TextLine ID="eSc_line_898fa117"
                    TAGREFS="LT31"
                    BASELINE="599 1942 2390 1862 2690 1856" 
                    HPOS="596"
                    VPOS="1800"
                    WIDTH="2094"
                    HEIGHT="164">
            <Shape><Polygon POINTS="599 1942 599 1964 2690 1884 2690 1856 2684 1800 2554 1806 2551 1806 2548 1806 2548 1809 2534 1823 2245 1823 2168 1823 2165 1823 2162 1823 2148 1825 2095 1839 2059 1831 2043 1828 2040 1828 2037 1828 2018 1834 1971 1845 1785 1845 1665 1845 1662 1845 1660 1845 1629 1853 1587 1862 1532 1856 1476 1853 1474 1853 1471 1853 1438 1862 1407 1870 1332 1867 1240 1864 1238 1864 1190 1875 1157 1884 785 1898 774 1895 738 1887 735 1887 732 1887 596 1903 599 1942"/></Shape>
	    <String CONTENT="contraire comme une stupidité criminelle. La bourgeoisie d&#x27;ail"
                    HPOS="596"
                    VPOS="1800"
                    WIDTH="2094"
                    HEIGHT="164"
                    WC="0.9803312670799994"></String>
          </TextLine>
          <TextLine ID="eSc_line_6469b6c3"
                    TAGREFS="LT31"
                    BASELINE="591 2014 2690 1928" 
                    HPOS="588"
                    VPOS="1878"
                    WIDTH="2102"
                    HEIGHT="161">
            <Shape><Polygon POINTS="591 2014 591 2036 924 2039 927 2039 1066 2020 1085 2017 1091 2017 1124 2031 1127 2031 1129 2031 1521 2000 1612 1995 1637 1998 1740 2006 1743 2006 1854 1986 1884 1984 1912 1986 2009 1995 2012 1995 2015 1995 2018 1995 2034 1981 2040 1978 2070 1978 2212 1986 2215 1986 2295 1970 2315 1964 2690 1953 2690 1928 2684 1878 2195 1911 2157 1903 2137 1898 2134 1898 2132 1898 2129 1898 2101 1906 2054 1917 2021 1909 1998 1903 1996 1903 1993 1903 1990 1903 1959 1911 1921 1923 1904 1914 1893 1909 1890 1909 1887 1909 1815 1917 1723 1931 1674 1925 1626 1920 1624 1920 1621 1920 1601 1928 1585 1936 1560 1931 1529 1923 1526 1923 1524 1923 1521 1923 1518 1923 1504 1934 1493 1942 1379 1945 1357 1939 1324 1931 1321 1931 1318 1931 1260 1945 1235 1950 1224 1948 1202 1936 1199 1936 1196 1936 1085 1953 1043 1959 985 1959 802 1953 799 1953 719 1970 707 1973 699 1973 646 1959 644 1959 641 1959 638 1959 588 1973 591 2014"/></Shape>
	    <String CONTENT="leurs, la bourgeoisée rèche surtout, ne jouissait-elle pas, en vertu de la"
                    HPOS="588"
                    VPOS="1878"
                    WIDTH="2102"
                    HEIGHT="161"
                    WC="0.9877644873954154"></String>
          </TextLine>
          <TextLine ID="eSc_line_fb340e11"
                    TAGREFS="LT31"
                    BASELINE="596 2086 2717 2000" 
                    HPOS="591"
                    VPOS="1961"
                    WIDTH="2126"
                    HEIGHT="159">
            <Shape><Polygon POINTS="596 2086 596 2109 724 2120 727 2120 730 2120 732 2120 752 2106 949 2109 952 2109 1057 2092 1077 2089 1093 2089 1210 2100 1213 2100 1215 2100 1265 2084 1343 2095 1346 2095 1565 2072 1757 2078 1760 2078 1762 2078 1823 2061 1832 2056 1929 2056 2581 2045 2717 2022 2717 2000 2712 1961 591 2039 596 2086"/></Shape>
	    <String CONTENT="là fondamentale de prérogatives bien plus étendues que celles &lt;. ..&gt;"
                    HPOS="591"
                    VPOS="1961"
                    WIDTH="2126"
                    HEIGHT="159"
                    WC="0.9680731737095377"></String>
          </TextLine>
          <TextLine ID="eSc_line_e4df6b14"
                    TAGREFS="LT31"
                    BASELINE="599 2161 2726 2081" 
                    HPOS="594"
                    VPOS="2031"
                    WIDTH="2132"
                    HEIGHT="158">
            <Shape><Polygon POINTS="599 2161 599 2183 888 2189 891 2189 1027 2167 1043 2167 1057 2167 1182 2178 1185 2178 1454 2153 1551 2164 1554 2164 1726 2142 1729 2142 1732 2142 1987 2147 1990 2147 2209 2122 2215 2122 2243 2136 2245 2136 2248 2136 2251 2136 2312 2120 2701 2120 2703 2120 2706 2120 2709 2120 2726 2103 2726 2081 2720 2034 2523 2031 2520 2031 2517 2031 2515 2031 2515 2034 2504 2042 2498 2050 2359 2056 2301 2050 2215 2042 2212 2042 2209 2042 2168 2056 2148 2061 2107 2059 1998 2050 1996 2050 1993 2050 1954 2064 1940 2070 1862 2070 1671 2067 1668 2067 1665 2067 1635 2078 1621 2084 1601 2081 1557 2072 1554 2072 1438 2089 1401 2092 1382 2089 1321 2081 1318 2081 1315 2081 1268 2095 1257 2097 1246 2097 1174 2084 1171 2084 1168 2084 1135 2100 1132 2100 1027 2092 1024 2092 943 2109 941 2109 938 2109 821 2095 818 2095 816 2095 813 2095 782 2114 655 2103 652 2103 649 2103 594 2122 599 2161"/></Shape>
	    <String CONTENT="dont elle jouit en faveur de la constitution telge? S ilest ee &lt;..lérite"
                    HPOS="594"
                    VPOS="2031"
                    WIDTH="2132"
                    HEIGHT="158"
                    WC="0.9804877448413107"></String>
          </TextLine>
          <TextLine ID="eSc_line_1f7737a2"
                    TAGREFS="LT31"
                    BASELINE="588 2239 2715 2153" 
                    HPOS="585"
                    VPOS="2111"
                    WIDTH="2130"
                    HEIGHT="156">
            <Shape><Polygon POINTS="588 2239 588 2267 1074 2242 1127 2247 1202 2258 1204 2258 1207 2258 1210 2258 1210 2256 1224 2244 1232 2236 1293 2233 1313 2242 1338 2253 1340 2253 1343 2253 1410 2250 1532 2233 1618 2222 1640 2231 1660 2236 1662 2236 1665 2236 1957 2228 1959 2228 1996 2217 2034 2206 2087 2214 2115 2217 2118 2217 2157 2211 2245 2195 2273 2206 2290 2214 2293 2214 2295 2214 2298 2214 2337 2203 2376 2195 2404 2203 2431 2208 2434 2208 2437 2208 2440 2208 2476 2200 2531 2183 2556 2197 2565 2200 2567 2200 2570 2200 2715 2189 2715 2153 2709 2111 2076 2142 1998 2142 1815 2136 1812 2136 1810 2136 1751 2150 1732 2156 1701 2153 1607 2145 1604 2145 1429 2164 1388 2170 1379 2167 1343 2156 1340 2156 1338 2156 1335 2156 1332 2156 1310 2170 1304 2172 1282 2172 1152 2164 1149 2164 1063 2181 1049 2183 1043 2181 1018 2170 1016 2170 1013 2170 846 2175 716 2197 705 2197 699 2197 644 2183 641 2183 638 2183 635 2183 585 2200 588 2239"/></Shape>
	    <String CONTENT="bien établie c&#x27;est que l&#x27;opposition contre Guillanent ne fut que le ré¬"
                    HPOS="585"
                    VPOS="2111"
                    WIDTH="2130"
                    HEIGHT="156"
                    WC="0.9768237190114127"></String>
          </TextLine>
          <TextLine ID="eSc_line_27cdeea2"
                    TAGREFS="LT31"
                    BASELINE="585 2303 1635 2283 2687 2225" 
                    HPOS="582"
                    VPOS="2186"
                    WIDTH="2105"
                    HEIGHT="147">
            <Shape><Polygon POINTS="585 2303 585 2333 2159 2297 2295 2283 2534 2261 2559 2278 2565 2281 2567 2281 2570 2281 2573 2281 2576 2281 2590 2275 2628 2261 2681 2272 2687 2225 2678 2186 582 2261 585 2303"/></Shape>
	    <String CONTENT="sultat de causes morales : En écontentement religieux chez les cattaliques"
                    HPOS="582"
                    VPOS="2186"
                    WIDTH="2105"
                    HEIGHT="147"
                    WC="0.9943072352860425"></String>
          </TextLine>
          <TextLine ID="eSc_line_967e5922"
                    TAGREFS="LT31"
                    BASELINE="582 2383 1868 2353 2698 2308" 
                    HPOS="580"
                    VPOS="2267"
                    WIDTH="2118"
                    HEIGHT="155">
            <Shape><Polygon POINTS="582 2383 582 2408 613 2422 616 2422 619 2422 960 2397 1010 2394 1027 2394 1152 2408 1154 2408 1252 2389 1263 2386 1265 2389 1296 2403 1299 2403 1302 2403 1304 2403 1371 2386 1518 2397 1521 2397 2698 2342 2698 2308 2690 2267 2529 2286 2467 2272 2456 2272 2454 2272 2451 2272 2448 2272 2445 2275 2423 2292 2326 2292 2301 2281 2290 2275 2287 2275 2284 2275 2254 2281 2187 2297 2145 2286 2126 2281 2123 2281 2120 2281 2118 2281 2095 2286 2057 2300 2037 2289 2023 2283 2021 2283 2018 2283 2015 2283 1984 2292 1929 2306 1790 2297 1698 2294 1696 2294 1693 2294 1690 2294 1690 2297 1682 2303 1671 2317 1351 2322 1324 2317 1296 2308 1293 2308 1290 2308 1288 2308 1257 2319 1224 2328 1177 2322 1127 2314 1124 2314 1054 2325 1004 2333 971 2328 910 2319 907 2319 757 2325 755 2325 752 2325 735 2336 724 2344 696 2339 655 2331 652 2331 580 2342 582 2383"/></Shape>
	    <String CONTENT=" écontentement politique chez les libiraux, méeitentement natio¬"
                    HPOS="580"
                    VPOS="2267"
                    WIDTH="2118"
                    HEIGHT="155"
                    WC="0.9833708042278886"></String>
          </TextLine>
          <TextLine ID="eSc_line_0359774d"
                    TAGREFS="LT31"
                    BASELINE="582 2466 1934 2436 2726 2389" 
                    HPOS="580"
                    VPOS="2350"
                    WIDTH="2146"
                    HEIGHT="161">
            <Shape><Polygon POINTS="582 2466 582 2491 730 2489 732 2489 763 2508 766 2508 768 2508 771 2511 841 2511 841 2508 843 2508 846 2508 846 2505 871 2483 874 2483 913 2497 916 2497 918 2497 1041 2480 1060 2478 1096 2478 1443 2489 1446 2489 1635 2469 1765 2475 1768 2475 1771 2475 1773 2475 1798 2455 1804 2455 1826 2455 2037 2469 2040 2469 2251 2444 2315 2436 2334 2442 2395 2458 2398 2458 2401 2458 2404 2458 2487 2436 2504 2430 2726 2428 2726 2389 2717 2350 2426 2372 2268 2364 2234 2364 2232 2364 2215 2367 2140 2383 1882 2378 1823 2378 1821 2378 1818 2378 1815 2378 1812 2380 1790 2394 1685 2386 1682 2386 1679 2386 1426 2405 1407 2394 1404 2392 1401 2392 1399 2392 1396 2392 1393 2392 1385 2394 1357 2408 1326 2397 1324 2397 1321 2397 1318 2397 1296 2397 1157 2414 1127 2405 1113 2400 1110 2400 1107 2400 1074 2405 1010 2419 960 2411 932 2405 930 2405 891 2414 832 2425 805 2417 791 2411 788 2411 785 2411 580 2422 582 2466"/></Shape>
	    <String CONTENT="nat chez les uns comme chez les antres. Ces griefs que la bouugeoisie fut"
                    HPOS="580"
                    VPOS="2350"
                    WIDTH="2146"
                    HEIGHT="161"
                    WC="0.9821547082025711"></String>
          </TextLine>
          <TextLine ID="eSc_line_4aea51a8"
                    TAGREFS="LT31"
                    BASELINE="577 2547 2715 2472" 
                    HPOS="574"
                    VPOS="2419"
                    WIDTH="2141"
                    HEIGHT="153">
            <Shape><Polygon POINTS="577 2547 577 2564 932 2558 966 2572 968 2572 971 2572 1060 2555 1127 2566 1129 2566 2715 2497 2715 2472 2706 2419 2620 2439 2506 2428 2501 2428 2498 2428 2495 2428 2462 2444 2365 2433 2356 2433 2354 2433 2331 2433 2118 2455 2032 2447 1993 2444 1990 2444 1934 2453 1823 2469 1277 2486 1218 2483 1124 2475 1121 2475 1118 2475 1091 2489 1085 2489 1057 2489 885 2483 882 2483 799 2500 782 2503 774 2500 730 2489 727 2489 724 2489 574 2508 577 2547"/></Shape>
	    <String CONTENT="soule au début à ressentés et à formuler, ella des commeniqua au peuple"
                    HPOS="574"
                    VPOS="2419"
                    WIDTH="2141"
                    HEIGHT="153"
                    WC="0.991564349768913"></String>
          </TextLine>
          <TextLine ID="eSc_line_403f71e4"
                    TAGREFS="LT31"
                    BASELINE="594 2616 2712 2550" 
                    HPOS="591"
                    VPOS="2500"
                    WIDTH="2121"
                    HEIGHT="161">
            <Shape><Polygon POINTS="594 2616 599 2661 635 2639 671 2652 674 2652 677 2652 680 2652 682 2652 707 2633 838 2652 852 2652 855 2652 874 2650 1038 2622 1235 2622 1279 2636 1293 2639 1296 2639 1299 2639 1518 2630 1551 2625 1674 2602 1779 2616 1826 2622 1829 2622 1832 2622 1835 2622 1846 2614 1862 2605 1901 2611 1932 2616 1934 2616 1937 2616 1940 2616 1948 2611 1962 2600 2015 2608 2059 2614 2062 2614 2065 2614 2068 2614 2079 2605 2101 2589 2306 2583 2331 2597 2337 2600 2340 2600 2343 2600 2345 2600 2348 2600 2362 2594 2393 2583 2712 2583 2712 2550 2703 2500 1649 2544 1635 2539 1618 2533 1615 2533 1612 2533 1610 2533 1576 2541 1549 2550 1393 2550 1071 2550 1068 2550 960 2564 941 2566 918 2566 768 2558 766 2558 591 2577 594 2616"/></Shape>
	    <String CONTENT="pur la propagande du glergé plans les compaques, par celle des chets et de la"
                    HPOS="591"
                    VPOS="2500"
                    WIDTH="2121"
                    HEIGHT="161"
                    WC="0.9947764370348546"></String>
          </TextLine>
          <TextLine ID="eSc_line_a6f1cf79"
                    TAGREFS="LT31"
                    BASELINE="582 2686 1096 2664 2676 2633" 
                    HPOS="580"
                    VPOS="2589"
                    WIDTH="2096"
                    HEIGHT="130">
            <Shape><Polygon POINTS="582 2686 582 2719 841 2691 999 2708 1013 2708 1016 2708 1018 2708 1021 2708 1049 2686 1118 2686 1179 2702 1190 2705 1193 2705 1196 2705 1221 2700 1293 2686 1410 2694 1474 2700 1476 2700 1479 2700 1482 2700 1490 2691 1510 2683 1665 2688 1815 2691 1818 2691 1896 2680 1993 2666 2032 2677 2065 2686 2068 2686 2070 2686 2168 2672 2215 2666 2256 2669 2373 2680 2376 2680 2676 2655 2676 2633 2667 2591 2195 2605 2182 2602 2140 2589 2137 2589 2134 2589 2132 2589 2087 2605 2070 2608 1965 2608 1735 2602 1732 2602 1729 2602 1726 2602 1715 2614 1710 2616 1607 2616 1221 2608 1218 2608 1215 2608 1177 2625 1091 2611 1088 2611 1085 2611 1013 2630 1004 2630 993 2630 896 2619 893 2619 891 2619 888 2619 866 2633 863 2636 580 2639 582 2686"/></Shape>
	    <String CONTENT="preure dans les villes. &lt;et appui des masses qu&#x27;elle avaitgagnées à la"
                    HPOS="580"
                    VPOS="2589"
                    WIDTH="2096"
                    HEIGHT="130"
                    WC="0.9758706537770553"></String>
          </TextLine>
          <TextLine ID="eSc_line_e0926983"
                    TAGREFS="LT34"
                    BASELINE="1251 2635 1456 2627" 
                    HPOS="1251"
                    VPOS="2627"
                    WIDTH="205"
                    HEIGHT="8">
	    <String CONTENT=""
                    HPOS="1251"
                    VPOS="2627"
                    WIDTH="205"
                    HEIGHT="8"></String>
          </TextLine>
          <TextLine ID="eSc_line_8aa2f570"
                    TAGREFS="LT31"
                    BASELINE="580 2766 1027 2741 2690 2702" 
                    HPOS="577"
                    VPOS="2647"
                    WIDTH="2113"
                    HEIGHT="144">
            <Shape><Polygon POINTS="580 2766 580 2791 2687 2725 2690 2702 2687 2666 2626 2647 2623 2647 2620 2647 2506 2669 2501 2669 2490 2669 2276 2661 2273 2661 2182 2677 2170 2677 2159 2677 1982 2658 1979 2658 1871 2666 1868 2666 1865 2666 1865 2669 1846 2683 1843 2686 1835 2683 1762 2672 1760 2672 1757 2672 1754 2672 1737 2686 1732 2688 1721 2686 1646 2675 1643 2675 1532 2688 1490 2672 1488 2672 1485 2672 1482 2672 1421 2694 1415 2694 1413 2694 1338 2675 1335 2675 1332 2675 1118 2700 1068 2705 1054 2702 1010 2686 1007 2686 1004 2686 1002 2686 963 2702 952 2711 852 2711 843 2705 818 2694 816 2694 813 2694 810 2694 807 2694 788 2708 777 2713 577 2713 580 2766"/></Shape>
	    <String CONTENT="cause la revotution ent été évidemment impossible. Sans doute du¬"
                    HPOS="577"
                    VPOS="2647"
                    WIDTH="2113"
                    HEIGHT="144"
                    WC="0.9892564039963943"></String>
          </TextLine>
          <TextLine ID="eSc_line_f9138d9e"
                    TAGREFS="LT31"
                    BASELINE="571 2836 2678 2775" 
                    HPOS="569"
                    VPOS="2722"
                    WIDTH="2109"
                    HEIGHT="141">
            <Shape><Polygon POINTS="571 2836 571 2863 1379 2844 1382 2844 1388 2844 1435 2830 1557 2838 1604 2841 1607 2841 1610 2841 1624 2838 1660 2824 1771 2833 1812 2836 1815 2836 1846 2830 1932 2816 2381 2816 2481 2816 2484 2816 2487 2816 2490 2816 2492 2813 2512 2799 2529 2813 2531 2813 2534 2813 2537 2813 2678 2808 2678 2775 2673 2736 2573 2722 2570 2722 2395 2741 2370 2744 2354 2744 2265 2736 2262 2736 1934 2755 1882 2758 1879 2758 1854 2744 1851 2744 1848 2744 1726 2761 1710 2763 1696 2763 1618 2750 1615 2750 1499 2769 1488 2769 1474 2769 1329 2758 1326 2758 1240 2761 1238 2761 1235 2761 1235 2763 1221 2777 1218 2777 1215 2777 1152 2763 1149 2763 1146 2763 1143 2763 1118 2780 1116 2780 1099 2780 954 2769 952 2769 949 2769 946 2769 927 2783 852 2772 849 2772 569 2794 571 2836"/></Shape>
	    <String CONTENT="rant les troubles d&#x27;aœut et de septembre, &lt;... ..... ..&gt;"
                    HPOS="569"
                    VPOS="2722"
                    WIDTH="2109"
                    HEIGHT="141"
                    WC="0.9562987961939403"></String>
          </TextLine>
          <TextLine ID="eSc_line_e53562cc"
                    TAGREFS="LT31"
                    BASELINE="574 2913 1529 2877 2665 2852" 
                    HPOS="571"
                    VPOS="2808"
                    WIDTH="2094"
                    HEIGHT="136">
            <Shape><Polygon POINTS="574 2913 574 2944 768 2924 1043 2930 1143 2933 1146 2933 1149 2933 1165 2927 1199 2913 1396 2919 1537 2922 1540 2922 1637 2919 1640 2919 1643 2919 1654 2910 1671 2899 1746 2905 1832 2913 1835 2913 1901 2899 1948 2891 1982 2897 2029 2908 2032 2908 2107 2894 2134 2888 2162 2891 2234 2899 2237 2899 2665 2872 2665 2852 2659 2811 2129 2808 2126 2808 2032 2811 2029 2811 2026 2811 2009 2824 2007 2827 1946 2827 1643 2822 1640 2822 1560 2836 1532 2841 1490 2838 1371 2830 1368 2830 1285 2844 1249 2849 1235 2844 1207 2836 1204 2836 1202 2836 1199 2836 1168 2847 1152 2852 1110 2849 1041 2841 1038 2841 1035 2841 1013 2849 1002 2855 963 2852 871 2844 868 2844 768 2847 766 2847 763 2847 752 2858 741 2863 571 2863 574 2913"/></Shape>
	    <String CONTENT="&lt;....&gt; à Bruxelles t dans quelues grandes villes des landes d&#x27;ou¬"
                    HPOS="571"
                    VPOS="2808"
                    WIDTH="2094"
                    HEIGHT="136"
                    WC="0.9653482739741985"></String>
          </TextLine>
          <TextLine ID="eSc_line_40c9e389"
                    TAGREFS="LT31"
                    BASELINE="585 2988 1599 2949 2676 2933" 
                    HPOS="582"
                    VPOS="2886"
                    WIDTH="2094"
                    HEIGHT="127">
            <Shape><Polygon POINTS="585 2988 585 3013 1349 2983 1407 2994 1426 2997 1429 2997 1482 2991 1646 2974 1698 2985 1712 2988 1715 2988 1735 2985 1810 2969 2673 2960 2676 2933 2670 2891 2173 2886 2170 2886 2168 2886 2165 2886 2140 2902 1840 2897 1837 2897 1835 2897 1832 2897 1815 2910 1751 2897 1748 2897 1624 2916 1537 2902 1535 2902 1532 2902 1529 2902 1501 2919 1332 2908 1329 2908 582 2944 585 2988"/></Shape>
	    <String CONTENT="iers industriuls sous l&#x27;aiquillor de la mésère se laissèrent entrac¬"
                    HPOS="582"
                    VPOS="2886"
                    WIDTH="2094"
                    HEIGHT="127"
                    WC="0.9888456008013558"></String>
          </TextLine>
          <TextLine ID="eSc_line_5d3a6df6"
                    TAGREFS="LT31"
                    BASELINE="582 3060 2667 3013" 
                    HPOS="580"
                    VPOS="2955"
                    WIDTH="2087"
                    HEIGHT="141">
            <Shape><Polygon POINTS="582 3060 582 3085 821 3096 824 3096 902 3080 921 3077 949 3080 1068 3091 1071 3091 1074 3091 1107 3074 1116 3071 1132 3074 1190 3088 1193 3088 1368 3069 1443 3060 1621 3060 1632 3063 1660 3077 1662 3077 1665 3077 1765 3060 1793 3058 1815 3060 1882 3071 1884 3071 1887 3071 1932 3058 1954 3052 2021 3055 2159 3066 2162 3066 2165 3066 2168 3066 2168 3063 2182 3052 2190 3046 2223 3052 2295 3063 2298 3063 2301 3063 2334 3049 2348 3044 2376 3049 2431 3058 2434 3058 2665 3041 2667 3013 2659 2955 2529 2977 2429 2960 2418 2960 2415 2960 2207 2966 2204 2966 2198 2969 2165 2985 2018 2974 1973 2972 1971 2972 1968 2972 1957 2977 1923 2991 1865 2980 1851 2977 1848 2977 1810 2980 1679 2997 1599 2988 1551 2983 1549 2983 1493 2991 1440 2999 1424 2994 1407 2985 1404 2985 1401 2985 1354 2997 1307 3005 1215 2999 1068 2991 1066 2991 1063 2991 1060 2991 1041 3005 1035 3010 1024 3005 988 2994 985 2994 982 2994 979 2994 952 3008 941 3013 913 3010 827 2997 824 2997 580 3019 582 3060"/></Shape>
	    <String CONTENT="ner à piller des fabriques et à biser des machines, et il fallut que la"
                    HPOS="580"
                    VPOS="2955"
                    WIDTH="2087"
                    HEIGHT="141"
                    WC="0.9885762554325469"></String>
          </TextLine>
          <TextLine ID="eSc_line_48b06a66"
                    TAGREFS="LT31"
                    BASELINE="594 3149 1157 3121 2678 3091" 
                    HPOS="591"
                    VPOS="3041"
                    WIDTH="2087"
                    HEIGHT="139">
            <Shape><Polygon POINTS="594 3149 594 3180 791 3160 924 3171 927 3171 930 3171 932 3171 957 3155 1088 3166 1091 3166 1182 3146 1268 3157 1271 3157 1274 3157 1304 3141 1674 3138 1762 3152 1765 3152 1768 3152 1771 3152 1823 3135 1843 3149 1846 3149 1848 3149 1851 3149 2040 3132 2315 3138 2318 3138 2320 3138 2359 3119 2592 3113 2676 3130 2678 3091 2670 3052 2467 3058 2451 3058 2356 3041 2354 3041 2251 3060 2234 3063 2223 3063 2143 3049 2140 3049 2137 3049 2098 3066 2093 3066 2070 3066 1854 3055 1851 3055 1765 3074 1757 3074 1751 3074 1660 3058 1657 3058 1654 3058 1651 3058 1629 3071 1488 3063 1485 3063 1482 3063 1415 3080 1307 3066 1304 3066 1302 3066 1243 3085 1171 3071 1168 3071 1165 3071 1118 3088 982 3080 979 3080 816 3096 746 3083 744 3083 591 3102 594 3149"/></Shape>
	    <String CONTENT="garde civique réprimât des désordres qui menaraient plus encore"
                    HPOS="591"
                    VPOS="3041"
                    WIDTH="2087"
                    HEIGHT="139"
                    WC="0.9885518162969559"></String>
          </TextLine>
          <TextLine ID="eSc_line_5c7dd005"
                    TAGREFS="LT31"
                    BASELINE="580 3230 938 3210 2623 3188" 
                    HPOS="580"
                    VPOS="3132"
                    WIDTH="2043"
                    HEIGHT="134">
            <Shape><Polygon POINTS="580 3216 580 3230 580 3266 805 3241 1049 3257 1052 3257 1054 3257 1138 3235 1329 3252 1332 3252 1521 3230 1662 3249 1668 3249 1671 3249 1710 3249 1729 3246 1732 3246 1735 3246 1735 3243 1757 3227 1832 3246 1837 3246 1840 3246 1843 3246 1846 3246 1912 3224 1973 3243 1976 3243 1979 3243 1982 3243 2065 3227 2384 3238 2431 3238 2434 3238 2437 3238 2440 3238 2473 3216 2620 3232 2623 3188 2615 3132 2504 3149 2451 3135 2440 3132 2437 3132 2434 3132 2431 3132 2429 3132 2426 3135 2406 3152 2390 3138 2387 3138 2384 3138 2381 3138 2240 3152 2159 3141 2123 3138 2120 3138 2076 3144 1984 3157 1921 3146 1876 3141 1873 3141 1835 3149 1785 3163 1668 3163 1643 3155 1624 3146 1621 3146 1618 3146 1615 3146 1587 3155 1562 3163 1540 3157 1507 3146 1504 3146 1501 3146 1390 3160 1315 3169 1304 3160 1293 3152 1290 3152 1288 3152 1285 3152 1085 3155 1082 3155 1079 3155 1066 3166 1057 3171 1035 3169 957 3155 954 3155 952 3155 924 3171 913 3177 594 3177 580 3216"/></Shape>
	    <String CONTENT="le sunir de la révolution qu&#x27;ils n&#x27;inquiétaient les propriétaises."
                    HPOS="580"
                    VPOS="3132"
                    WIDTH="2043"
                    HEIGHT="134"
                    WC="0.9916791599808317"></String>
          </TextLine>
        </TextBlock>
        <TextBlock HPOS="68"
                   VPOS="674"
                   WIDTH="442"
                   HEIGHT="330"
                   ID="eSc_textblock_6d67340c"
                   TAGREFS="BT43">
          <Shape><Polygon POINTS="510 1004 510 674 68 674 68 1004"/></Shape>
          <TextLine ID="eSc_line_f920ee2d"
                    TAGREFS="LT31"
                    BASELINE="71 872 162 893 474 846" 
                    HPOS="71"
                    VPOS="846"
                    WIDTH="403"
                    HEIGHT="47">
	    <String CONTENT=""
                    HPOS="71"
                    VPOS="846"
                    WIDTH="403"
                    HEIGHT="47"></String>
          </TextLine>
        </TextBlock>
      </PrintSpace>
    </Page>
  </Layout>
</alto>
