<?xml version="1.0" encoding="UTF-8"?>
<alto xmlns:xsi="http://www.w3.org/2001/XMLSchema-instance"
      xmlns="http://www.loc.gov/standards/alto/ns-v4#"
      xsi:schemaLocation="http://www.loc.gov/standards/alto/ns-v4# http://www.loc.gov/standards/alto/v4/alto-4-2.xsd">
  <Description>
    <MeasurementUnit>pixel</MeasurementUnit>
    <sourceImageInformation>
      <fileName>ARCH-DIV-000496_0200.png</fileName>
    </sourceImageInformation>
  </Description>
  <Tags>
    <OtherTag ID="BT42" LABEL="MainZone" DESCRIPTION="block type MainZone"/><OtherTag ID="BT43" LABEL="MarginTextZone" DESCRIPTION="block type MarginTextZone"/><OtherTag ID="BT44" LABEL="NumberingZone" DESCRIPTION="block type NumberingZone"/><OtherTag ID="BT45" LABEL="TitlePageZone" DESCRIPTION="block type TitlePageZone"/><OtherTag ID="BT46" LABEL="CustomZone:Numbering" DESCRIPTION="block type CustomZone:Numbering"/><OtherTag ID="BT49" LABEL="MarginTextZone:lower" DESCRIPTION="block type MarginTextZone:lower"/>
    <OtherTag ID="LT25" LABEL="default" DESCRIPTION="line type default"/><OtherTag ID="LT31" LABEL="DefaultLine" DESCRIPTION="line type DefaultLine"/><OtherTag ID="LT32" LABEL="HeadingLine" DESCRIPTION="line type HeadingLine"/><OtherTag ID="LT33" LABEL="InterlinearLine:addition" DESCRIPTION="line type InterlinearLine:addition"/><OtherTag ID="LT34" LABEL="InterlinearLine:correction" DESCRIPTION="line type InterlinearLine:correction"/>
  </Tags>
  <Layout>
    <Page WIDTH="2790"
          HEIGHT="3343"
          PHYSICAL_IMG_NR="199"
          ID="eSc_dummypage_">
      <PrintSpace HPOS="0"
                  VPOS="0"
                  WIDTH="2790"
                  HEIGHT="3343">
        <TextBlock HPOS="125"
                   VPOS="45"
                   WIDTH="367"
                   HEIGHT="181"
                   ID="eSc_textblock_03a0e188"
                   TAGREFS="BT44">
          <Shape><Polygon POINTS="492 226 492 45 125 45 125 226"/></Shape>
          <TextLine ID="eSc_line_fe208d65"
                    TAGREFS="LT31"
                    BASELINE="207 119 433 125" 
                    HPOS="261"
                    VPOS="78"
                    WIDTH="140"
                    HEIGHT="122">
            <Shape><Polygon POINTS="261 80 264 130 267 200 401 197 398 125 392 83 303 78 289 78"/></Shape>
	    <String CONTENT="94)"
                    HPOS="261"
                    VPOS="78"
                    WIDTH="140"
                    HEIGHT="122"
                    WC="0.9999730984369913"></String>
          </TextLine>
        </TextBlock>
        <TextBlock HPOS="15"
                   VPOS="1260"
                   WIDTH="532"
                   HEIGHT="747"
                   ID="eSc_textblock_83b7ba21"
                   TAGREFS="BT43">
          <Shape><Polygon POINTS="15 1260 15 2007 547 2007 547 1260"/></Shape>
          <TextLine ID="eSc_line_3a1738b8"
                    TAGREFS="LT34"
                    BASELINE="119 1401 426 1395" 
                    HPOS="117"
                    VPOS="1342"
                    WIDTH="309"
                    HEIGHT="81">
            <Shape><Polygon POINTS="144 1362 117 1373 119 1401 119 1423 426 1420 426 1395 423 1359 409 1345 409 1342 406 1342 404 1342 306 1342 303 1342 301 1342 264 1359 231 1348 228 1348 225 1348 156 1356 144 1362"/></Shape>
	    <String CONTENT="L&#x27;esprit de"
                    HPOS="117"
                    VPOS="1342"
                    WIDTH="309"
                    HEIGHT="81"
                    WC="0.9989711425521157"></String>
          </TextLine>
          <TextLine ID="eSc_line_d0441731"
                    TAGREFS="LT34"
                    BASELINE="136 1451 471 1448" 
                    HPOS="133"
                    VPOS="1398"
                    WIDTH="338"
                    HEIGHT="78">
            <Shape><Polygon POINTS="136 1451 136 1476 468 1470 471 1448 462 1398 133 1404 136 1451"/></Shape>
	    <String CONTENT="partit-em¬"
                    HPOS="133"
                    VPOS="1398"
                    WIDTH="338"
                    HEIGHT="78"
                    WC="0.9980297386646271"></String>
          </TextLine>
          <TextLine ID="eSc_line_da0bca05"
                    TAGREFS="LT34"
                    BASELINE="50 1507 523 1498" 
                    HPOS="47"
                    VPOS="1451"
                    WIDTH="476"
                    HEIGHT="86">
            <Shape><Polygon POINTS="75 1479 47 1493 50 1507 50 1537 523 1529 523 1498 515 1451 80 1468 75 1479"/></Shape>
	    <String CONTENT="poste til&gt; à ce point"
                    HPOS="47"
                    VPOS="1451"
                    WIDTH="476"
                    HEIGHT="86"
                    WC="0.982462536204945"></String>
          </TextLine>
          <TextLine ID="eSc_line_f3eaac88"
                    TAGREFS="LT34"
                    BASELINE="39 1560 482 1554" 
                    HPOS="36"
                    VPOS="1518"
                    WIDTH="446"
                    HEIGHT="64">
            <Shape><Polygon POINTS="462 1518 41 1521 36 1529 39 1560 39 1582 479 1579 482 1554 479 1551 462 1518"/></Shape>
	    <String CONTENT="sur le sentiment"
                    HPOS="36"
                    VPOS="1518"
                    WIDTH="446"
                    HEIGHT="64"
                    WC="0.9962297640740871"></String>
          </TextLine>
          <TextLine ID="eSc_line_fd748d2a"
                    TAGREFS="LT34"
                    BASELINE="25 1615 532 1610" 
                    HPOS="22"
                    VPOS="1573"
                    WIDTH="510"
                    HEIGHT="76">
            <Shape><Polygon POINTS="496 1599 479 1573 55 1579 50 1590 22 1601 25 1615 25 1649 532 1638 532 1610 523 1573 496 1599"/></Shape>
	    <String CONTENT="national qu&#x27;en 1811"
                    HPOS="22"
                    VPOS="1573"
                    WIDTH="510"
                    HEIGHT="76"
                    WC="0.9992137833645469"></String>
          </TextLine>
          <TextLine ID="eSc_line_d55bd6fd"
                    TAGREFS="LT34"
                    BASELINE="33 1671 462 1665" 
                    HPOS="30"
                    VPOS="1615"
                    WIDTH="432"
                    HEIGHT="87">
            <Shape><Polygon POINTS="33 1671 33 1702 459 1693 462 1665 457 1629 281 1615 278 1615 30 1632 33 1671"/></Shape>
	    <String CONTENT="l&#x27;Eglise refuse de"
                    HPOS="30"
                    VPOS="1615"
                    WIDTH="432"
                    HEIGHT="87"
                    WC="0.9679716494348314"></String>
          </TextLine>
          <TextLine ID="eSc_line_e46a6dd9"
                    TAGREFS="LT34"
                    BASELINE="30 1724 523 1718" 
                    HPOS="27"
                    VPOS="1682"
                    WIDTH="496"
                    HEIGHT="81">
            <Shape><Polygon POINTS="30 1724 33 1763 80 1749 158 1760 178 1763 181 1763 211 1760 323 1746 521 1752 523 1718 518 1682 27 1682 30 1724"/></Shape>
	    <String CONTENT="participer offécielle"
                    HPOS="27"
                    VPOS="1682"
                    WIDTH="496"
                    HEIGHT="81"
                    WC="0.9998579592931838"></String>
          </TextLine>
          <TextLine ID="eSc_line_2f0b307a"
                    TAGREFS="LT34"
                    BASELINE="25 1782 498 1777" 
                    HPOS="22"
                    VPOS="1743"
                    WIDTH="476"
                    HEIGHT="65">
            <Shape><Polygon POINTS="25 1782 25 1808 496 1799 498 1777 493 1743 22 1743 25 1782"/></Shape>
	    <String CONTENT="ment aux fêtes du"
                    HPOS="22"
                    VPOS="1743"
                    WIDTH="476"
                    HEIGHT="65"
                    WC="0.9999513100175297"></String>
          </TextLine>
          <TextLine ID="eSc_line_7f71ca5f"
                    TAGREFS="LT34"
                    BASELINE="25 1838 518 1847" 
                    HPOS="22"
                    VPOS="1802"
                    WIDTH="496"
                    HEIGHT="72">
            <Shape><Polygon POINTS="25 1838 22 1872 512 1874 518 1847 515 1808 25 1802 25 1838"/></Shape>
	    <String CONTENT="ciiquantenaire de"
                    HPOS="22"
                    VPOS="1802"
                    WIDTH="496"
                    HEIGHT="72"
                    WC="0.9986910749884212"></String>
          </TextLine>
          <TextLine ID="eSc_line_b8d1df81"
                    TAGREFS="LT34"
                    BASELINE="36 1899 434 1899" 
                    HPOS="36"
                    VPOS="1858"
                    WIDTH="398"
                    HEIGHT="92">
            <Shape><Polygon POINTS="36 1899 36 1933 172 1947 175 1947 178 1947 181 1947 189 1941 200 1933 245 1944 278 1950 281 1950 284 1950 298 1944 340 1933 432 1950 434 1899 434 1860 36 1858 36 1899"/></Shape>
	    <String CONTENT="l indépendance."
                    HPOS="36"
                    VPOS="1858"
                    WIDTH="398"
                    HEIGHT="92"
                    WC="0.938607798020045"></String>
          </TextLine>
        </TextBlock>
        <TextBlock HPOS="504"
                   VPOS="0"
                   WIDTH="2273"
                   HEIGHT="3338"
                   ID="eSc_textblock_61209bdb"
                   TAGREFS="BT42">
          <Shape><Polygon POINTS="569 0 562 1639 504 3338 2776 3325 2777 0"/></Shape>
          <TextLine ID="eSc_line_371dbdfb"
                    TAGREFS="LT31"
                    BASELINE="618 89 2257 83 2703 94" 
                    HPOS="615"
                    VPOS="44"
                    WIDTH="2088"
                    HEIGHT="73">
            <Shape><Polygon POINTS="2650 44 2622 44 2594 44 2567 44 2539 44 2511 44 2483 44 2455 44 2427 44 2399 47 2371 47 2344 47 2316 47 2288 47 2260 47 2232 47 2204 47 2176 47 2148 50 2121 50 2093 50 2065 50 2037 50 2009 50 1981 50 1953 50 1925 50 1898 52 1870 52 1842 52 1814 52 1786 52 1758 52 1730 52 1702 52 1675 52 1647 52 1619 55 1591 55 1563 55 1535 55 1507 55 1480 55 1452 55 1424 55 1396 55 1368 58 1340 58 1312 58 1284 58 1257 58 1229 58 1201 58 1173 58 1145 58 1117 61 1089 61 1061 61 1034 61 1006 61 978 61 950 61 922 61 894 61 866 61 838 64 811 64 783 64 755 64 727 64 699 64 671 64 643 64 615 64 618 89 618 105 2698 117 2703 94 2698 44 2678 44"/></Shape>
	    <String CONTENT="de s&#x27;imposer comme une mesure de sonveramatignationale, elle"
                    HPOS="615"
                    VPOS="44"
                    WIDTH="2088"
                    HEIGHT="73"
                    WC="0.9858644480506579"></String>
          </TextLine>
          <TextLine ID="eSc_line_a9aa5751"
                    TAGREFS="LT31"
                    BASELINE="621 164 1558 153 2700 161" 
                    HPOS="618"
                    VPOS="103"
                    WIDTH="2082"
                    HEIGHT="89">
            <Shape><Polygon POINTS="621 164 621 189 1011 192 1014 192 1017 192 1020 189 1053 175 1103 189 1109 192 1112 192 1114 192 1131 189 1223 175 1312 189 1326 192 1329 192 1340 189 1415 175 2695 189 2700 161 2698 119 2561 103 2558 103 2491 117 1861 103 1859 103 1769 117 1736 103 1733 103 1513 103 1510 103 1332 117 1229 103 1226 103 1223 103 1192 119 983 119 928 103 925 103 922 103 618 119 621 164"/></Shape>
	    <String CONTENT="n&#x27;apparaît plus que comme là irôlence d&#x27;un parti. Dans le lango¬"
                    HPOS="618"
                    VPOS="103"
                    WIDTH="2082"
                    HEIGHT="89"
                    WC="0.9817189904359671"></String>
          </TextLine>
          <TextLine ID="eSc_line_0d19edba"
                    TAGREFS="LT31"
                    BASELINE="627 247 1195 228 2709 214" 
                    HPOS="624"
                    VPOS="161"
                    WIDTH="2085"
                    HEIGHT="117">
            <Shape><Polygon POINTS="2519 161 2514 161 2463 172 2424 181 2388 172 2332 161 2330 161 2327 161 2324 161 2305 175 2302 178 2302 175 2285 164 2282 164 2279 164 2277 164 2146 178 2087 183 2062 181 1987 164 1984 164 1981 164 1923 181 1903 186 1878 183 1797 169 1794 169 1792 169 1761 183 1750 192 1644 192 1638 186 1613 169 1611 169 1608 169 1605 169 1376 172 1254 175 1251 175 1212 195 1209 195 1167 175 1165 175 1075 175 1073 175 1070 175 981 197 978 197 972 197 769 189 766 189 624 203 627 247 627 278 855 259 969 275 983 275 986 275 1003 273 1106 259 1173 270 1176 270 1178 270 1181 270 1201 256 1385 267 1421 270 1424 270 1427 270 1429 270 1432 267 1457 253 1588 264 1619 267 1622 267 1644 264 1758 247 1847 247 1867 261 1870 264 1873 264 1875 264 1878 264 1898 261 1959 247 2009 259 2026 261 2029 261 2079 259 2268 242 2703 247 2709 214 2700 169 2603 178 2575 169 2541 161 2519 161"/></Shape>
	    <String CONTENT="ge courant, les écoles officielles ne sont plus que les écoles libérales"
                    HPOS="624"
                    VPOS="161"
                    WIDTH="2085"
                    HEIGHT="117"
                    WC="0.9929296490218904"></String>
          </TextLine>
          <TextLine ID="eSc_line_7d4f309c"
                    TAGREFS="LT31"
                    BASELINE="610 320 1368 300 2681 286" 
                    HPOS="607"
                    VPOS="247"
                    WIDTH="2074"
                    HEIGHT="95">
            <Shape><Polygon POINTS="610 320 610 342 2678 312 2681 286 2672 247 607 267 610 320"/></Shape>
	    <String CONTENT="Rien d&#x27;étonnant dès lors si les commines catholiquer refssent"
                    HPOS="607"
                    VPOS="247"
                    WIDTH="2074"
                    HEIGHT="95"
                    WC="0.9984619226612028"></String>
          </TextLine>
          <TextLine ID="eSc_line_aa1f7bc6"
                    TAGREFS="LT31"
                    BASELINE="607 392 1775 370 2700 370" 
                    HPOS="604"
                    VPOS="317"
                    WIDTH="2096"
                    HEIGHT="100">
            <Shape><Polygon POINTS="607 392 607 417 2698 398 2700 370 2698 328 2299 317 2296 317 2093 331 2073 331 2070 331 2034 317 2031 317 2029 317 1959 331 1945 334 1920 331 1806 320 1803 320 1675 334 1638 337 1619 334 1555 323 1552 323 1393 337 1335 342 604 342 607 392"/></Shape>
	    <String CONTENT="d&#x27;ériger à grands frais &lt;.... .... .......&gt; d&#x27;initiles pa¬"
                    HPOS="604"
                    VPOS="317"
                    WIDTH="2096"
                    HEIGHT="100"
                    WC="0.9134254758640871"></String>
          </TextLine>
          <TextLine ID="eSc_line_3120d51f"
                    TAGREFS="LT31"
                    BASELINE="604 462 1672 445 2686 448" 
                    HPOS="602"
                    VPOS="392"
                    WIDTH="2084"
                    HEIGHT="95">
            <Shape><Polygon POINTS="604 462 604 487 2686 473 2686 448 2684 403 2639 392 2636 392 2633 392 2533 406 2525 406 2466 406 1811 398 1808 398 602 417 604 462"/></Shape>
	    <String CONTENT="lais scolaires&quot;, puisqu&#x27;ils resteront vides, comme au XVIIIe siècle le"
                    HPOS="602"
                    VPOS="392"
                    WIDTH="2084"
                    HEIGHT="95"
                    WC="0.9937824947493417"></String>
          </TextLine>
          <TextLine ID="eSc_line_c9a55413"
                    TAGREFS="LT31"
                    BASELINE="604 532 2678 520" 
                    HPOS="602"
                    VPOS="468"
                    WIDTH="2076"
                    HEIGHT="97">
            <Shape><Polygon POINTS="604 532 604 551 827 565 830 565 930 551 939 551 944 551 1014 565 1017 565 1103 551 1123 548 1139 551 1220 562 1223 562 1351 548 1374 548 1399 548 1563 562 1566 562 1569 562 1611 548 1630 562 1633 562 1636 562 1638 562 1641 562 1672 548 1680 546 1694 548 1750 559 1753 559 1856 548 1878 546 1898 548 1978 559 1981 559 2675 543 2678 520 2672 484 2436 468 2433 468 2282 481 2252 468 2249 468 2246 468 2148 484 1764 470 1761 470 1758 470 1755 470 1739 484 1231 473 1229 473 1226 473 1192 487 1123 473 1120 473 602 493 604 532"/></Shape>
	    <String CONTENT="séminaire philosophique de Josept II. &lt;.... ...... .. .....&gt;"
                    HPOS="602"
                    VPOS="468"
                    WIDTH="2076"
                    HEIGHT="97"
                    WC="0.9285413771867752"></String>
          </TextLine>
          <TextLine ID="eSc_line_36ecf33d"
                    TAGREFS="LT31"
                    BASELINE="615 607 2656 587" 
                    HPOS="613"
                    VPOS="546"
                    WIDTH="2043"
                    HEIGHT="86">
            <Shape><Polygon POINTS="615 607 615 632 2653 624 2656 587 2647 546 613 559 615 607"/></Shape>
	    <String CONTENT="&lt;.. .. ... .. . .. ... ..&gt; Il faut,"
                    HPOS="613"
                    VPOS="546"
                    WIDTH="2043"
                    HEIGHT="86"
                    WC="0.8419964194297791"></String>
          </TextLine>
          <TextLine ID="eSc_line_34496af4"
                    TAGREFS="LT31"
                    BASELINE="613 674 2684 654" 
                    HPOS="610"
                    VPOS="618"
                    WIDTH="2074"
                    HEIGHT="89">
            <Shape><Polygon POINTS="613 674 615 707 668 693 830 693 852 704 855 707 858 707 861 707 864 707 866 707 875 704 908 690 1318 699 1496 702 1499 702 1502 702 1519 696 1546 688 1680 693 1792 699 1794 699 1836 693 1892 682 1942 690 1978 696 1981 696 2681 679 2684 654 2678 621 1201 618 1198 618 1195 618 1192 618 1176 632 922 621 919 621 916 621 914 621 889 635 646 624 643 624 641 624 610 635 613 674"/></Shape>
	    <String CONTENT="pour venir à bout de la résistance que le gouvernement envoye"
                    HPOS="610"
                    VPOS="618"
                    WIDTH="2074"
                    HEIGHT="89"
                    WC="0.9936073201317941"></String>
          </TextLine>
          <TextLine ID="eSc_line_df8494dc"
                    TAGREFS="LT31"
                    BASELINE="607 743 2703 729" 
                    HPOS="604"
                    VPOS="676"
                    WIDTH="2099"
                    HEIGHT="104">
            <Shape><Polygon POINTS="607 743 607 780 769 763 1109 774 1120 774 1123 774 1128 774 1273 760 1318 771 1326 774 1329 774 1332 774 2700 754 2703 729 2698 693 2477 676 2475 676 2388 690 2369 676 2366 676 2363 676 2360 676 2282 693 2277 693 2268 693 2098 679 2095 679 1909 693 1867 679 1864 679 1861 679 1859 679 1803 696 1797 696 1767 696 1505 682 1502 682 1499 682 1449 696 1438 699 1365 696 1025 685 1022 685 604 699 607 743"/></Shape>
	    <String CONTENT="dans les villages des commissaires spésiaux&quot;. Souvent des bagarres"
                    HPOS="604"
                    VPOS="676"
                    WIDTH="2099"
                    HEIGHT="104"
                    WC="0.9909126875978528"></String>
          </TextLine>
          <TextLine ID="eSc_line_0c8f6570"
                    TAGREFS="LT31"
                    BASELINE="596 819 2423 804" 
                    HPOS="593"
                    VPOS="749"
                    WIDTH="1815"
                    HEIGHT="106">
            <Shape><Polygon POINTS="599 855 643 838 825 838 841 852 841 855 844 855 847 855 850 855 914 852 1206 832 1340 846 1374 849 1376 849 1427 846 1594 830 1728 841 1755 844 1758 844 1761 844 1772 841 1828 827 1920 841 1956 844 1959 844 2405 832 2408 802 2399 749 2327 763 2148 752 2129 752 2126 752 2123 752 2121 752 2095 766 2012 754 2009 754 2006 754 593 774 596 819"/></Shape>
	    <String CONTENT="eclatent ; la gendarmerie doit intervenir. A Heule, près"
                    HPOS="593"
                    VPOS="749"
                    WIDTH="1815"
                    HEIGHT="106"
                    WC="0.9825575053691864"></String>
          </TextLine>
          <TextLine ID="eSc_line_d6dc601d"
                    TAGREFS="LT31"
                    BASELINE="607 883 2151 880 2622 860" 
                    HPOS="604"
                    VPOS="819"
                    WIDTH="2018"
                    HEIGHT="91">
            <Shape><Polygon POINTS="607 883 607 905 2182 910 2185 910 2619 894 2622 860 2614 819 2399 832 2374 821 2371 821 2369 821 2366 821 2332 835 2305 821 2302 821 2299 821 2296 821 2285 821 2199 838 2026 827 1951 821 1948 821 1903 827 1836 838 1814 830 1797 821 1794 821 1792 821 1789 821 1755 830 1725 838 1705 830 1683 821 1680 821 1677 821 1602 832 1541 841 1435 835 1268 824 1265 824 1262 824 1229 838 1218 841 1204 838 1151 824 1148 824 1145 824 1047 841 1020 846 733 846 705 846 635 827 632 827 629 827 627 827 624 827 604 838 607 883"/></Shape>
	    <String CONTENT="trois paysaes tombent sous ses balles. L&#x27;enguête scolaire déurécie"
                    HPOS="604"
                    VPOS="819"
                    WIDTH="2018"
                    HEIGHT="91"
                    WC="0.981615275144577"></String>
          </TextLine>
          <TextLine ID="eSc_line_fe1eb986"
                    TAGREFS="LT31"
                    BASELINE="593 963 2711 941" 
                    HPOS="590"
                    VPOS="885"
                    WIDTH="2121"
                    HEIGHT="98">
            <Shape><Polygon POINTS="593 963 593 983 2711 972 2711 941 2706 899 2550 885 2547 885 2291 902 2268 902 2260 902 2182 888 2179 888 1956 905 1906 908 1884 905 1803 894 1800 894 1797 894 1794 894 1778 908 1772 910 1237 913 1229 910 1195 899 1192 899 1190 899 1187 899 1184 899 1165 913 1162 913 1159 913 1126 899 1123 899 1120 899 590 916 593 963"/></Shape>
	    <String CONTENT="en mars 1880&quot; sur la situation morale et matérielle de l&#x27;enseïgue"
                    HPOS="590"
                    VPOS="885"
                    WIDTH="2121"
                    HEIGHT="98"
                    WC="0.989963095004742"></String>
          </TextLine>
          <TextLine ID="eSc_line_d4ffa43a"
                    TAGREFS="LT31"
                    BASELINE="593 1036 2661 997" 
                    HPOS="590"
                    VPOS="952"
                    WIDTH="2071"
                    HEIGHT="120">
            <Shape><Polygon POINTS="593 1036 593 1072 1045 1053 1100 1061 1145 1066 1148 1066 1151 1066 1167 1058 1187 1050 1315 1055 1474 1061 1477 1061 1677 1044 1772 1039 1811 1041 1917 1053 1920 1053 2082 1036 2107 1033 2121 1033 2207 1047 2210 1047 2469 1027 2611 1039 2614 1039 2617 1039 2661 1019 2661 997 2653 952 590 1000 593 1036"/></Shape>
	    <String CONTENT="ment primaire, sur les résultats de la loi et sur les moyens empliges"
                    HPOS="590"
                    VPOS="952"
                    WIDTH="2071"
                    HEIGHT="120"
                    WC="0.9934881623240485"></String>
          </TextLine>
          <TextLine ID="eSc_line_197babcd"
                    TAGREFS="LT31"
                    BASELINE="599 1103 956 1089 1544 1094 2656 1075" 
                    HPOS="596"
                    VPOS="1030"
                    WIDTH="2060"
                    HEIGHT="112">
            <Shape><Polygon POINTS="599 1103 602 1142 654 1122 691 1133 694 1133 696 1133 802 1117 1095 1117 1120 1131 1123 1131 1126 1131 1128 1131 1265 1114 1382 1128 1404 1131 1407 1131 1410 1131 1418 1128 1457 1114 1571 1125 1602 1128 1605 1128 1608 1128 1622 1125 1669 1114 1769 1122 1814 1125 1817 1125 1884 1119 2026 1108 2653 1108 2656 1075 2647 1030 596 1050 599 1103"/></Shape>
	    <String CONTENT="pour en entr aves l&#x27;exécution&quot; ne fit que jiter de ltuile sur le"
                    HPOS="596"
                    VPOS="1030"
                    WIDTH="2060"
                    HEIGHT="112"
                    WC="0.989028406329453"></String>
          </TextLine>
          <TextLine ID="eSc_line_d5dfb7cd"
                    TAGREFS="LT31"
                    BASELINE="590 1178 844 1164 2675 1150" 
                    HPOS="588"
                    VPOS="1097"
                    WIDTH="2087"
                    HEIGHT="114">
            <Shape><Polygon POINTS="590 1178 590 1211 916 1186 1008 1206 1011 1206 1134 1192 1198 1206 1201 1206 1204 1206 1206 1206 1209 1206 1231 1186 1296 1200 1298 1200 1301 1200 1304 1200 1332 1183 1549 1183 1574 1200 1577 1200 1580 1200 1583 1203 1624 1203 1792 1203 1792 1200 1794 1200 1797 1200 1861 1183 1956 1197 1959 1197 1962 1197 1964 1197 1967 1197 1992 1181 2168 1195 2201 1197 2204 1197 2207 1197 2213 1195 2249 1175 2296 1189 2299 1189 2302 1192 2505 1192 2505 1189 2508 1189 2511 1189 2530 1175 2670 1189 2675 1150 2667 1108 2502 1114 2466 1108 2388 1097 2385 1097 2383 1097 2380 1097 2363 1111 2355 1114 2302 1111 2182 1103 2179 1103 2176 1103 2148 1111 2135 1117 2076 1114 1931 1103 1928 1103 1925 1103 1923 1103 1906 1114 1900 1119 1686 1119 1672 1117 1613 1103 1611 1103 1608 1103 1379 1119 1346 1122 1335 1122 1268 1105 1265 1105 1190 1122 1178 1125 1170 1122 1128 1108 1126 1108 919 1108 916 1108 914 1108 911 1108 894 1122 741 1111 738 1111 735 1111 733 1111 716 1128 713 1131 588 1131 590 1178"/></Shape>
	    <String CONTENT="fin. Les cattoliques réfusèrent d&#x27;y prendre part. Qui d&#x27;ailleurs au"
                    HPOS="588"
                    VPOS="1097"
                    WIDTH="2087"
                    HEIGHT="114"
                    WC="0.9840575536685203"></String>
          </TextLine>
          <TextLine ID="eSc_line_8a3a781f"
                    TAGREFS="LT31"
                    BASELINE="579 1248 2681 1234" 
                    HPOS="576"
                    VPOS="1183"
                    WIDTH="2105"
                    HEIGHT="84">
            <Shape><Polygon POINTS="579 1248 579 1267 2678 1261 2681 1234 2672 1183 576 1197 579 1248"/></Shape>
	    <String CONTENT="rait-elle pu convaincre? Les prsitions étaient trop bien prises. &lt;.&gt;."
                    HPOS="576"
                    VPOS="1183"
                    WIDTH="2105"
                    HEIGHT="84"
                    WC="0.9857425491015116"></String>
          </TextLine>
          <TextLine ID="eSc_line_404f3af5"
                    TAGREFS="LT31"
                    BASELINE="582 1320 2703 1298" 
                    HPOS="579"
                    VPOS="1248"
                    WIDTH="2124"
                    HEIGHT="108">
            <Shape><Polygon POINTS="582 1320 582 1356 735 1339 827 1351 830 1351 833 1351 836 1351 858 1337 1017 1351 1020 1351 1114 1334 1530 1345 1574 1345 1577 1345 1736 1342 1739 1342 1742 1342 1758 1328 1792 1342 1794 1342 1797 1342 1800 1342 1881 1339 2438 1320 2698 1328 2703 1298 2698 1261 2447 1248 2444 1248 2360 1261 2210 1250 2207 1250 2204 1250 2165 1264 2146 1264 1641 1256 1638 1256 1532 1270 1530 1270 1519 1270 1112 1261 1109 1261 579 1278 582 1320"/></Shape>
	    <String CONTENT="&lt;..... . ... . ..&gt; Elle ne four"
                    HPOS="579"
                    VPOS="1248"
                    WIDTH="2124"
                    HEIGHT="108"
                    WC="0.9040340742757244"></String>
          </TextLine>
          <TextLine ID="eSc_line_82d18592"
                    TAGREFS="LT31"
                    BASELINE="585 1384 2661 1356" 
                    HPOS="582"
                    VPOS="1312"
                    WIDTH="2079"
                    HEIGHT="97">
            <Shape><Polygon POINTS="585 1384 585 1409 2661 1378 2661 1356 2653 1312 582 1334 585 1384"/></Shape>
	    <String CONTENT="nit qu&#x27;un nouvel aliment aux polemiques d&#x27;une presse montée"
                    HPOS="582"
                    VPOS="1312"
                    WIDTH="2079"
                    HEIGHT="97"
                    WC="0.9960725721666368"></String>
          </TextLine>
          <TextLine ID="eSc_line_173fccda"
                    TAGREFS="LT31"
                    BASELINE="588 1454 2659 1417" 
                    HPOS="585"
                    VPOS="1367"
                    WIDTH="2074"
                    HEIGHT="120">
            <Shape><Polygon POINTS="588 1454 588 1487 744 1468 852 1482 855 1482 858 1482 919 1465 1056 1479 1059 1479 1061 1479 1073 1479 1385 1456 1675 1468 1697 1468 1700 1468 1750 1468 2341 1440 2656 1448 2659 1417 2653 1381 2530 1367 2528 1367 2525 1367 2475 1384 2469 1384 2449 1384 2302 1373 2299 1373 2123 1390 2115 1390 2112 1390 2073 1376 2070 1376 2068 1376 1942 1392 1900 1378 1898 1378 1895 1378 1702 1398 1691 1398 1680 1398 1544 1384 1541 1384 1538 1384 1477 1398 1315 1390 1312 1390 1309 1390 1307 1390 1284 1404 1220 1390 1218 1390 1215 1390 1173 1406 1117 1392 1114 1392 1112 1392 1014 1409 925 1395 922 1395 919 1395 880 1412 777 1398 774 1398 585 1417 588 1454"/></Shape>
	    <String CONTENT="au diapason des pamphlets de la révolution bsabancone. Peu¬"
                    HPOS="585"
                    VPOS="1367"
                    WIDTH="2074"
                    HEIGHT="120"
                    WC="0.994063787541147"></String>
          </TextLine>
          <TextLine ID="eSc_line_bcc63745"
                    TAGREFS="LT33"
                    BASELINE="2176 1464 2419 1440" 
                    HPOS="2176"
                    VPOS="1440"
                    WIDTH="243"
                    HEIGHT="24">
	    <String CONTENT=""
                    HPOS="2176"
                    VPOS="1440"
                    WIDTH="243"
                    HEIGHT="24"></String>
          </TextLine>
          <TextLine ID="eSc_line_799cb506"
                    TAGREFS="LT31"
                    BASELINE="588 1521 2639 1479" 
                    HPOS="585"
                    VPOS="1440"
                    WIDTH="2054"
                    HEIGHT="114">
            <Shape><Polygon POINTS="588 1521 588 1543 802 1554 805 1554 936 1537 942 1537 944 1537 989 1551 992 1551 995 1551 1170 1532 1184 1532 1190 1532 1245 1546 1248 1546 1251 1546 1388 1529 1410 1526 1427 1526 1541 1540 1544 1540 1783 1521 1820 1518 1847 1518 2029 1529 2031 1529 2266 1509 2282 1509 2288 1509 2360 1523 2363 1523 2366 1523 2369 1523 2394 1507 2397 1507 2410 1507 2586 1518 2589 1518 2592 1518 2639 1501 2639 1479 2633 1443 1956 1440 1953 1440 1951 1440 1889 1456 1886 1456 1683 1445 1680 1445 1677 1445 1675 1445 1650 1462 1647 1465 1265 1470 1262 1470 1184 1456 1181 1456 981 1476 866 1462 864 1462 861 1462 813 1479 624 1470 621 1470 618 1470 585 1482 588 1521"/></Shape>
	    <String CONTENT="dant que les joumaux litéraux ex ploistent les ranés de l&#x27;éveque"
                    HPOS="585"
                    VPOS="1440"
                    WIDTH="2054"
                    HEIGHT="114"
                    WC="0.9784879693761468"></String>
          </TextLine>
          <TextLine ID="eSc_line_96f32f09"
                    TAGREFS="LT31"
                    BASELINE="588 1590 1657 1576 2661 1534" 
                    HPOS="585"
                    VPOS="1484"
                    WIDTH="2076"
                    HEIGHT="145">
            <Shape><Polygon POINTS="588 1615 615 1629 618 1629 621 1629 785 1607 802 1607 816 1607 997 1621 1000 1621 1003 1621 1042 1601 1047 1601 1137 1615 1139 1615 1142 1615 1173 1599 1198 1615 1201 1615 1204 1615 1206 1615 1209 1615 1245 1596 1248 1596 1251 1596 1307 1612 1309 1612 1312 1612 1463 1593 1619 1604 1622 1604 1764 1585 1783 1582 1800 1582 1931 1596 1934 1596 2031 1576 2040 1576 2045 1576 2137 1590 2140 1590 2235 1571 2246 1568 2661 1560 2661 1534 2653 1484 2550 1501 2416 1493 2380 1490 2377 1490 2374 1490 2366 1493 2330 1507 2285 1495 2266 1493 2263 1493 2260 1493 2257 1493 2252 1498 2235 1509 2126 1501 2104 1501 2101 1501 2040 1504 1859 1518 1847 1512 1836 1504 1833 1504 1831 1504 1828 1504 1775 1515 1722 1526 1499 1529 1485 1523 1466 1515 1463 1515 1460 1515 1457 1515 1427 1526 1410 1532 1379 1529 1326 1521 1323 1521 1243 1532 1206 1537 1201 1534 1184 1523 1181 1523 1178 1523 1176 1523 1078 1537 1059 1540 1039 1540 911 1529 908 1529 785 1548 780 1548 774 1548 691 1534 688 1534 585 1554 588 1590"/></Shape>
	    <String CONTENT="d. Toumai que  .... .. anquel le pape vient d&#x27;enlever l&#x27;ad¬"
                    HPOS="585"
                    VPOS="1484"
                    WIDTH="2076"
                    HEIGHT="145"
                    WC="0.9694593548774719"></String>
          </TextLine>
          <TextLine ID="eSc_line_8474c955"
                    TAGREFS="LT31"
                    BASELINE="582 1651 1690 1640 1690 1640 2661 1610" 
                    HPOS="579"
                    VPOS="1560"
                    WIDTH="2082"
                    HEIGHT="125">
            <Shape><Polygon POINTS="582 1685 724 1668 919 1679 972 1682 975 1682 978 1682 981 1682 981 1679 983 1679 1003 1663 1178 1674 1257 1677 1259 1677 1262 1677 1273 1671 1298 1657 1519 1663 1677 1668 1680 1668 2129 1649 2299 1640 2335 1643 2461 1651 2463 1651 2525 1638 2547 1632 2558 1635 2586 1649 2589 1649 2592 1649 2661 1632 2661 1610 2653 1560 2229 1579 2190 1565 2185 1565 2182 1565 2179 1565 2165 1568 2090 1582 2031 1568 2020 1568 2017 1568 2015 1568 2006 1571 1942 1585 1828 1573 1825 1573 1822 1573 1817 1573 1672 1590 1580 1576 1569 1576 1566 1576 1563 1576 1560 1576 1541 1590 1463 1579 1454 1579 1452 1579 1440 1579 1307 1596 1265 1582 1262 1582 1259 1582 1257 1582 1229 1582 981 1604 864 1590 858 1590 855 1590 850 1590 702 1610 579 1596 582 1651"/></Shape>
	    <String CONTENT="ministration de son divière, &lt;e les journaux catholiques trait ent Lio¬"
                    HPOS="579"
                    VPOS="1560"
                    WIDTH="2082"
                    HEIGHT="125"
                    WC="0.9899232807293744"></String>
          </TextLine>
          <TextLine ID="eSc_line_f70ac76e"
                    TAGREFS="LT31"
                    BASELINE="604 1718 1109 1702 2037 1699 2681 1677" 
                    HPOS="602"
                    VPOS="1629"
                    WIDTH="2079"
                    HEIGHT="126">
            <Shape><Polygon POINTS="604 1718 607 1755 654 1741 1025 1743 1028 1743 1031 1743 1034 1743 1056 1730 1259 1738 1321 1741 1323 1741 1360 1735 1466 1721 1499 1732 1513 1738 1516 1738 1519 1738 1560 1732 1619 1721 1694 1727 1775 1735 1778 1735 2678 1702 2681 1677 2672 1632 2580 1646 2536 1632 2522 1629 2519 1629 2516 1629 2491 1635 2427 1649 2405 1635 2402 1635 2399 1635 2397 1635 2355 1638 2115 1654 2082 1643 2068 1638 2065 1638 2062 1638 2026 1643 1942 1660 1597 1663 1574 1651 1571 1649 1569 1649 1566 1649 1563 1649 1527 1651 1435 1663 1368 1654 1307 1649 1304 1649 1301 1649 1287 1657 1265 1668 1178 1660 1109 1651 1106 1651 1103 1651 1073 1660 1045 1668 1008 1663 964 1654 961 1654 958 1654 956 1654 944 1663 933 1671 602 1671 604 1718"/></Shape>
	    <String CONTENT="polot II comme Felles avait traité au XVIIIe siècle &quot; l&#x27;empereur sacris¬"
                    HPOS="602"
                    VPOS="1629"
                    WIDTH="2079"
                    HEIGHT="126"
                    WC="0.9945023531715075"></String>
          </TextLine>
          <TextLine ID="eSc_line_2ec58501"
                    TAGREFS="LT31"
                    BASELINE="590 1788 1691 1755" 
                    HPOS="590"
                    VPOS="1707"
                    WIDTH="1101"
                    HEIGHT="120">
            <Shape><Polygon POINTS="590 1827 682 1813 783 1821 819 1824 822 1824 866 1819 956 1805 1003 1813 1045 1819 1047 1819 1050 1819 1053 1819 1053 1816 1056 1816 1061 1810 1067 1802 1095 1808 1137 1816 1139 1816 1385 1794 1435 1791 1463 1791 1658 1796 1661 1796 1663 1796 1691 1780 1691 1755 1683 1710 1485 1721 1460 1713 1438 1707 1435 1707 1432 1707 1429 1707 1427 1707 1418 1716 1404 1724 1365 1716 1340 1713 1337 1713 1298 1718 1226 1730 1173 1721 1137 1716 1134 1716 1053 1724 936 1738 886 1730 861 1724 858 1724 827 1730 766 1743 738 1732 730 1730 727 1730 724 1730 694 1732 604 1746 590 1735 590 1788 590 1827"/></Shape>
	    <String CONTENT="stain&quot;. &lt;.. ...... .&gt;"
                    HPOS="590"
                    VPOS="1707"
                    WIDTH="1101"
                    HEIGHT="120"
                    WC="0.8800096455074492"></String>
          </TextLine>
          <TextLine ID="eSc_line_f294b004"
                    TAGREFS="LT31"
                    BASELINE="604 1863 2040 1833 2667 1796" 
                    HPOS="602"
                    VPOS="1763"
                    WIDTH="2065"
                    HEIGHT="145">
            <Shape><Polygon POINTS="604 1863 604 1888 668 1908 671 1908 674 1908 811 1886 1008 1899 1011 1899 1293 1891 1296 1891 1337 1874 1480 1883 1482 1883 1485 1883 1555 1866 1619 1883 1622 1883 1624 1883 1627 1883 1630 1883 1661 1863 1700 1874 1702 1874 1705 1874 1708 1874 1747 1860 1831 1877 1833 1877 1836 1877 1881 1858 1928 1874 1931 1874 1934 1874 2151 1849 2235 1866 2238 1866 2240 1866 2243 1866 2268 1847 2430 1855 2433 1855 2667 1833 2667 1796 2659 1763 602 1824 604 1863"/></Shape>
	    <String CONTENT="Cependant le gouvernement n&#x27;ignorait pas que de Rome le pape Len"
                    HPOS="602"
                    VPOS="1763"
                    WIDTH="2065"
                    HEIGHT="145"
                    WC="0.9852797789499164"></String>
          </TextLine>
          <TextLine ID="eSc_line_f3acb3dc"
                    TAGREFS="LT31"
                    BASELINE="588 1944 2653 1872" 
                    HPOS="585"
                    VPOS="1816"
                    WIDTH="2068"
                    HEIGHT="164">
            <Shape><Polygon POINTS="588 1944 588 1980 983 1952 1036 1964 1039 1964 1042 1964 1073 1964 1463 1936 1555 1944 1597 1947 1599 1947 1602 1947 1605 1947 1611 1941 1633 1930 1811 1933 1934 1936 1937 1936 2174 1927 2176 1927 2213 1919 2257 1908 2291 1916 2316 1919 2318 1919 2321 1919 2332 1913 2349 1905 2413 1911 2488 1916 2491 1916 2653 1899 2653 1872 2647 1833 2567 1816 2564 1816 2561 1816 2528 1835 2519 1838 2483 1835 2416 1830 2413 1830 2374 1838 2349 1844 2341 1838 2318 1824 2316 1824 2313 1824 2310 1824 2307 1824 2254 1841 2229 1849 2137 1844 2026 1838 2023 1838 2020 1838 1998 1849 1976 1860 1677 1866 1658 1858 1652 1852 1650 1852 1647 1852 1644 1852 1605 1858 1507 1874 1424 1863 1382 1858 1379 1858 1376 1858 1360 1863 1321 1880 1240 1872 1237 1872 1031 1891 942 1874 930 1874 928 1874 925 1874 922 1874 883 1891 852 1877 850 1877 847 1877 585 1883 588 1944"/></Shape>
	    <String CONTENT="XIII faisait tenir des conseils de pendulee aux évêques. Il s&#x27;inquié."
                    HPOS="585"
                    VPOS="1816"
                    WIDTH="2068"
                    HEIGHT="164"
                    WC="0.9817044860210972"></String>
          </TextLine>
          <TextLine ID="eSc_line_b20c1521"
                    TAGREFS="LT31"
                    BASELINE="565 2005 2684 1938" 
                    HPOS="563"
                    VPOS="1899"
                    WIDTH="2121"
                    HEIGHT="131">
            <Shape><Polygon POINTS="565 2005 565 2030 2681 1972 2684 1938 2675 1899 2154 1902 2151 1902 2148 1902 2135 1916 2132 1916 2126 1916 2062 1905 2059 1905 1973 1919 1959 1922 1948 1922 1878 1911 1875 1911 1873 1911 1814 1925 1811 1925 1808 1925 1708 1916 1705 1916 1702 1916 1700 1916 1700 1919 1689 1930 1686 1930 1669 1930 1535 1922 1532 1922 563 1964 565 2005"/></Shape>
	    <String CONTENT="tait de violenus &lt;..........&gt; où la religion était trop direchement"
                    HPOS="563"
                    VPOS="1899"
                    WIDTH="2121"
                    HEIGHT="131"
                    WC="0.9741838191872212"></String>
          </TextLine>
          <TextLine ID="eSc_line_56245241"
                    TAGREFS="LT31"
                    BASELINE="571 2067 1165 2052 1280 2014 1275 2051 1549 2047 2661 2003" 
                    HPOS="568"
                    VPOS="1964"
                    WIDTH="2093"
                    HEIGHT="136">
            <Shape><Polygon POINTS="571 2094 914 2100 916 2100 919 2100 975 2083 978 2083 986 2083 1192 2092 1195 2092 1315 2072 1323 2072 1329 2072 1452 2083 1454 2083 1964 2055 1987 2067 1990 2067 1992 2067 2101 2047 2107 2047 2115 2047 2257 2055 2260 2055 2263 2055 2266 2055 2285 2042 2344 2055 2346 2055 2349 2055 2352 2055 2355 2055 2380 2039 2383 2036 2661 2028 2661 2003 2656 1969 2399 1964 2397 1964 2285 1977 2246 1983 2226 1980 2171 1969 2168 1969 2104 1983 2079 1989 2040 1986 1973 1980 1970 1980 1627 1997 1368 2011 1304 2008 1192 2000 1190 2000 1131 2014 1100 2019 1075 2014 1039 2005 1036 2005 1034 2005 1031 2005 995 2016 975 2022 933 2019 855 2011 852 2011 850 2011 825 2022 808 2028 791 2022 763 2014 760 2014 758 2014 568 2028 571 2067"/></Shape>
	    <String CONTENT="mêlée pour ne pas fere sompromettre son prestigé. Dans une note con¬"
                    HPOS="568"
                    VPOS="1964"
                    WIDTH="2093"
                    HEIGHT="136"
                    WC="0.9919524052563835"></String>
          </TextLine>
          <TextLine ID="eSc_line_372a28bd"
                    TAGREFS="LT31"
                    BASELINE="579 2136 2653 2061" 
                    HPOS="576"
                    VPOS="2014"
                    WIDTH="2077"
                    HEIGHT="161">
            <Shape><Polygon POINTS="579 2136 579 2175 660 2159 939 2161 1017 2161 1020 2161 1050 2156 1134 2142 1170 2153 1187 2156 1190 2156 1192 2156 1195 2156 1220 2150 1273 2136 1357 2145 1399 2147 1401 2147 1480 2139 1602 2125 1708 2131 1803 2133 1806 2133 1948 2120 2062 2108 2079 2114 2098 2122 2101 2122 2104 2122 2213 2108 2285 2097 2653 2089 2653 2061 2650 2028 2597 2014 2594 2014 2592 2014 2491 2030 2199 2028 2196 2028 2112 2044 2109 2044 2104 2044 1886 2039 1884 2039 1881 2039 1878 2039 1859 2053 1736 2044 1733 2044 1652 2061 1647 2064 1599 2064 958 2072 576 2097 579 2136"/></Shape>
	    <String CONTENT="fidlutielle le cardinal Mina &lt;...&gt; recommandait de s&#x27;abste¬"
                    HPOS="576"
                    VPOS="2014"
                    WIDTH="2077"
                    HEIGHT="161"
                    WC="0.9668485097965952"></String>
          </TextLine>
          <TextLine ID="eSc_line_94eaacc9"
                    TAGREFS="LT31"
                    BASELINE="571 2203 2692 2128" 
                    HPOS="568"
                    VPOS="2081"
                    WIDTH="2124"
                    HEIGHT="156">
            <Shape><Polygon POINTS="571 2203 571 2225 694 2237 696 2237 699 2237 733 2223 738 2217 983 2211 992 2214 1017 2225 1020 2225 1022 2225 1112 2211 1128 2209 1151 2209 1273 2217 1276 2217 1535 2198 1622 2192 1636 2195 1663 2203 1666 2203 1669 2203 1672 2203 1694 2192 1708 2186 1755 2192 1825 2198 1828 2198 1831 2198 1867 2186 1895 2181 1920 2186 1953 2192 1956 2192 2051 2181 2143 2172 2221 2178 2291 2181 2293 2181 2296 2181 2313 2175 2341 2164 2692 2164 2692 2128 2686 2092 2530 2081 2528 2081 2296 2103 2291 2103 2285 2103 2076 2097 2073 2097 2070 2097 2031 2111 1683 2111 1680 2111 1677 2111 1675 2111 1658 2125 1652 2125 1527 2117 1524 2117 1521 2117 1493 2131 1491 2133 1452 2133 894 2139 891 2139 852 2153 850 2153 847 2153 805 2142 802 2142 799 2142 568 2161 571 2203"/></Shape>
	    <String CONTENT="nii d&#x27;une condamnation générale des écoles officielles et Frère Ochan"
                    HPOS="568"
                    VPOS="2081"
                    WIDTH="2124"
                    HEIGHT="156"
                    WC="0.9747256498405898"></String>
          </TextLine>
          <TextLine ID="eSc_line_53644869"
                    TAGREFS="LT31"
                    BASELINE="576 2270 2664 2192" 
                    HPOS="574"
                    VPOS="2147"
                    WIDTH="2090"
                    HEIGHT="151">
            <Shape><Polygon POINTS="576 2270 576 2298 1173 2289 1312 2273 1335 2270 1351 2270 1466 2278 1468 2278 1541 2264 1555 2262 1574 2262 1691 2270 1694 2270 1697 2270 1733 2256 1736 2256 1742 2256 1842 2264 1845 2264 1847 2264 1875 2250 1909 2262 1912 2262 1914 2262 1978 2248 1992 2245 2015 2245 2137 2253 2140 2253 2210 2239 2221 2237 2229 2237 2285 2248 2288 2248 2291 2248 2293 2248 2313 2234 2316 2234 2357 2245 2360 2245 2363 2245 2661 2220 2664 2192 2656 2147 574 2228 576 2270"/></Shape>
	    <String CONTENT="partait de là pour affirmer à la Chambre que le Saint. Siège réprouvait"
                    HPOS="574"
                    VPOS="2147"
                    WIDTH="2090"
                    HEIGHT="151"
                    WC="0.9910330984690418"></String>
          </TextLine>
          <TextLine ID="eSc_line_881d31e2"
                    TAGREFS="LT31"
                    BASELINE="565 2337 2656 2267" 
                    HPOS="563"
                    VPOS="2228"
                    WIDTH="2093"
                    HEIGHT="131">
            <Shape><Polygon POINTS="565 2337 565 2359 2656 2292 2656 2267 2647 2228 563 2289 565 2337"/></Shape>
	    <String CONTENT="l&#x27;intransigeance de l&#x27;épiscopat. C-&#x27;était couris &lt;...t. llement a un"
                    HPOS="563"
                    VPOS="2228"
                    WIDTH="2093"
                    HEIGHT="131"
                    WC="0.9871079790241578"></String>
          </TextLine>
          <TextLine ID="eSc_line_f85ee172"
                    TAGREFS="LT31"
                    BASELINE="571 2409 2684 2342" 
                    HPOS="568"
                    VPOS="2306"
                    WIDTH="2116"
                    HEIGHT="137">
            <Shape><Polygon POINTS="571 2409 571 2429 654 2443 657 2443 660 2443 696 2429 719 2440 721 2440 724 2440 1248 2423 1251 2423 1273 2412 1279 2409 1309 2409 1407 2418 1410 2418 1460 2406 1477 2401 2681 2373 2684 2342 2678 2309 2246 2306 2243 2306 2073 2326 2062 2326 2054 2326 1903 2317 1900 2317 1728 2337 1711 2337 1691 2337 1482 2331 1480 2331 1477 2331 1449 2345 1446 2345 1413 2345 1137 2342 1134 2342 942 2359 914 2362 903 2362 838 2351 836 2351 568 2370 571 2409"/></Shape>
	    <String CONTENT="conflit. Le pape ne pouvait écvidemment blâmer la résistance à une"
                    HPOS="568"
                    VPOS="2306"
                    WIDTH="2116"
                    HEIGHT="137"
                    WC="0.9937956439914988"></String>
          </TextLine>
          <TextLine ID="eSc_line_4e6be976"
                    TAGREFS="LT31"
                    BASELINE="571 2490 2661 2412" 
                    HPOS="568"
                    VPOS="2367"
                    WIDTH="2093"
                    HEIGHT="162">
            <Shape><Polygon POINTS="571 2490 571 2512 643 2529 646 2529 777 2507 805 2504 864 2504 1022 2510 1025 2510 1081 2498 1114 2493 1142 2496 1206 2507 1209 2507 1279 2493 1321 2482 1421 2482 1435 2487 1457 2498 1460 2498 1463 2498 1552 2484 1630 2473 1686 2482 1719 2484 1722 2484 1803 2476 1990 2459 2079 2471 2121 2473 2123 2473 2126 2473 2129 2473 2129 2471 2135 2468 2148 2454 2187 2465 2193 2468 2196 2468 2199 2468 2224 2465 2321 2451 2659 2451 2661 2412 2653 2367 568 2448 571 2490"/></Shape>
	    <String CONTENT="loi que lui-même trouvait mauvaise ni sembles peendre parti"
                    HPOS="568"
                    VPOS="2367"
                    WIDTH="2093"
                    HEIGHT="162"
                    WC="0.9779938105809487"></String>
          </TextLine>
          <TextLine ID="eSc_line_efe6330e"
                    TAGREFS="LT31"
                    BASELINE="582 2557 2670 2487" 
                    HPOS="579"
                    VPOS="2440"
                    WIDTH="2091"
                    HEIGHT="156">
            <Shape><Polygon POINTS="582 2557 588 2596 666 2576 850 2588 891 2588 894 2588 897 2588 900 2588 903 2585 930 2568 1234 2571 1318 2571 1321 2571 1323 2571 1332 2568 1360 2554 1393 2565 1404 2568 1407 2568 1410 2568 1474 2562 1588 2549 1663 2554 1747 2560 1750 2560 1803 2549 1850 2537 1878 2546 1906 2554 1909 2554 1912 2554 1914 2554 1942 2543 1956 2537 2023 2540 2165 2546 2168 2546 2670 2512 2670 2487 2661 2440 2082 2473 1806 2473 1544 2476 1541 2476 1505 2484 1482 2493 1360 2493 1036 2493 1034 2493 1031 2493 997 2507 995 2507 956 2507 610 2507 607 2507 604 2507 579 2518 582 2557"/></Shape>
	    <String CONTENT="pour le ministère. Des discussions difficiles et aubiques s&#x27;onvriient"
                    HPOS="579"
                    VPOS="2440"
                    WIDTH="2091"
                    HEIGHT="156"
                    WC="0.9881913515104763"></String>
          </TextLine>
          <TextLine ID="eSc_line_6a017646"
                    TAGREFS="LT31"
                    BASELINE="568 2624 2633 2565" 
                    HPOS="565"
                    VPOS="2518"
                    WIDTH="2068"
                    HEIGHT="128">
            <Shape><Polygon POINTS="568 2624 568 2646 2631 2596 2633 2565 2628 2529 2444 2518 2441 2518 2346 2535 2321 2537 2279 2535 2135 2526 2132 2526 2068 2540 2051 2543 2031 2540 1956 2532 1953 2532 1951 2532 1948 2532 1937 2543 1928 2549 1875 2546 1772 2537 1769 2537 1767 2537 1747 2549 1733 2554 1700 2549 1641 2540 1638 2540 1580 2551 1538 2562 565 2574 568 2624"/></Shape>
	    <String CONTENT="entre Bruxelles et Rome, qui aboutirent finalement a&#x27; une rupture Le"
                    HPOS="565"
                    VPOS="2518"
                    WIDTH="2068"
                    HEIGHT="128"
                    WC="0.986787526484798"></String>
          </TextLine>
          <TextLine ID="eSc_line_5f48feee"
                    TAGREFS="LT31"
                    BASELINE="579 2699 2633 2638" 
                    HPOS="576"
                    VPOS="2588"
                    WIDTH="2057"
                    HEIGHT="150">
            <Shape><Polygon POINTS="579 2699 579 2718 657 2738 660 2738 766 2716 769 2716 844 2732 847 2732 850 2732 852 2732 852 2730 866 2718 1031 2727 1034 2727 1036 2727 1039 2727 1059 2710 1229 2721 1231 2721 1410 2699 1421 2699 1429 2699 1510 2713 1513 2713 1672 2693 1700 2691 1730 2691 1884 2702 1886 2702 1953 2685 1984 2679 2082 2682 2257 2691 2260 2691 2263 2691 2296 2677 2316 2671 2633 2671 2633 2638 2625 2588 576 2649 579 2699"/></Shape>
	    <String CONTENT="5 pein 1180 le gouvernement rappelait son ministre auprès du Vati¬"
                    HPOS="576"
                    VPOS="2588"
                    WIDTH="2057"
                    HEIGHT="150"
                    WC="0.9837240016821659"></String>
          </TextLine>
          <TextLine ID="eSc_line_173b94a5"
                    TAGREFS="LT31"
                    BASELINE="568 2766 2051 2738" 
                    HPOS="565"
                    VPOS="2693"
                    WIDTH="1486"
                    HEIGHT="106">
            <Shape><Polygon POINTS="568 2766 568 2791 950 2799 953 2799 1128 2783 1170 2780 1176 2783 1198 2794 1201 2794 1204 2794 1343 2780 1349 2780 1354 2780 1432 2791 1435 2791 1438 2791 1466 2777 1471 2774 1499 2777 1602 2788 1605 2788 2051 2766 2051 2738 2045 2705 1753 2693 1750 2693 1747 2693 1697 2707 1655 2696 1652 2696 1650 2696 1647 2696 1588 2710 1585 2710 1577 2710 1343 2702 1340 2702 565 2727 568 2766"/></Shape>
	    <String CONTENT=".ou. &lt;.............. .. .. ...&gt;"
                    HPOS="565"
                    VPOS="2693"
                    WIDTH="1486"
                    HEIGHT="106"
                    WC="0.8482036917440353"></String>
          </TextLine>
          <TextLine ID="eSc_line_84253e9e"
                    TAGREFS="LT31"
                    BASELINE="613 2847 2682 2814" 
                    HPOS="610"
                    VPOS="2777"
                    WIDTH="1410"
                    HEIGHT="109">
            <Shape><Polygon POINTS="613 2866 730 2886 733 2886 735 2886 738 2886 760 2872 928 2883 930 2883 1022 2869 1081 2861 1195 2861 1226 2869 1259 2880 1262 2880 1265 2880 1268 2880 1298 2869 1323 2863 1421 2872 1510 2877 1513 2877 1546 2872 1627 2855 2015 2872 2020 2830 2012 2777 1778 2796 1624 2780 1608 2780 1605 2780 1588 2780 1438 2799 1192 2785 1170 2785 1167 2785 1159 2785 1073 2805 610 2794 613 2847"/></Shape>
	    <String CONTENT="Par une oincontre paradoxale, au moment"
                    HPOS="610"
                    VPOS="2777"
                    WIDTH="1410"
                    HEIGHT="109"
                    WC="0.9919244264945005"></String>
          </TextLine>
          <TextLine ID="eSc_line_56c6430a"
                    TAGREFS="LT31"
                    BASELINE="557 2922 1215 2916 2617 2874" 
                    HPOS="554"
                    VPOS="2841"
                    WIDTH="2063"
                    HEIGHT="123">
            <Shape><Polygon POINTS="557 2922 557 2950 813 2947 861 2964 864 2964 866 2964 869 2964 872 2964 897 2944 964 2961 967 2961 969 2961 972 2961 1034 2944 1084 2958 1087 2958 1089 2958 1220 2941 1733 2941 1736 2941 1739 2941 1769 2927 1942 2936 1945 2936 1948 2936 1951 2936 1951 2933 1964 2922 2056 2933 2059 2933 2199 2916 2260 2927 2263 2927 2266 2927 2268 2927 2268 2925 2285 2911 2291 2905 2419 2905 2433 2908 2480 2922 2483 2922 2486 2922 2488 2922 2525 2905 2533 2902 2614 2902 2617 2874 2608 2844 1956 2858 1939 2855 1856 2841 1853 2841 1427 2852 1424 2852 1421 2852 1421 2855 1407 2866 1396 2877 1059 2880 1042 2874 1014 2863 1011 2863 1008 2863 1006 2863 1003 2863 989 2874 972 2886 875 2877 797 2872 794 2872 791 2872 766 2880 746 2886 727 2880 696 2872 694 2872 691 2872 554 2883 557 2922"/></Shape>
	    <String CONTENT="sait cette rupture, &lt;....... &gt; &lt;... ...... ... .&gt;"
                    HPOS="554"
                    VPOS="2841"
                    WIDTH="2063"
                    HEIGHT="123"
                    WC="0.9025161083863706"></String>
          </TextLine>
          <TextLine ID="eSc_line_8581d408"
                    TAGREFS="LT34"
                    BASELINE="1123 2888 2615 2839" 
                    HPOS="1123"
                    VPOS="2839"
                    WIDTH="1492"
                    HEIGHT="49">
	    <String CONTENT=""
                    HPOS="1123"
                    VPOS="2839"
                    WIDTH="1492"
                    HEIGHT="49"></String>
          </TextLine>
          <TextLine ID="eSc_line_9addec32"
                    TAGREFS="LT34"
                    BASELINE="528 2999 581 2962 669 2955 784 2956" 
                    HPOS="528"
                    VPOS="2955"
                    WIDTH="256"
                    HEIGHT="44">
	    <String CONTENT=""
                    HPOS="528"
                    VPOS="2955"
                    WIDTH="256"
                    HEIGHT="44"></String>
          </TextLine>
          <TextLine ID="eSc_line_085491f1"
                    TAGREFS="LT31"
                    BASELINE="583 2997 2653 2955" 
                    HPOS="523"
                    VPOS="2902"
                    WIDTH="2130"
                    HEIGHT="120">
            <Shape><Polygon POINTS="526 3022 1092 3005 1187 3017 1226 3019 1229 3019 1368 3014 1683 2997 1700 3008 1702 3008 1705 3008 1708 3008 1711 3008 1714 3008 1750 2994 1769 3005 1769 3008 1772 3008 1775 3008 1778 3008 1781 3008 1786 3005 1825 2989 2238 2983 2299 2997 2302 2997 2305 2997 2397 2983 2650 2991 2653 2955 2645 2902 2371 2919 2274 2908 2229 2902 2226 2902 2224 2902 2221 2902 2221 2905 2215 2908 2196 2925 2026 2911 1967 2908 1964 2908 1962 2908 1959 2908 1959 2911 1953 2913 1934 2933 1853 2933 1828 2916 1822 2911 1820 2911 1817 2911 1814 2911 1663 2916 1661 2916 1655 2919 1619 2936 1460 2925 1457 2925 1454 2925 1452 2925 1429 2941 1231 2944 1201 2927 1198 2927 1195 2927 1192 2927 1190 2927 1148 2944 1031 2930 1028 2930 1025 2930 950 2950 897 2933 894 2933 891 2933 889 2933 852 2950 788 2933 785 2933 783 2933 523 2936 526 2997"/></Shape>
	    <String CONTENT="&lt;......&gt; des attaques inconstitutionuelles des catholiques, ceux- cé"
                    HPOS="523"
                    VPOS="2902"
                    WIDTH="2130"
                    HEIGHT="120"
                    WC="0.9717463973690482"></String>
          </TextLine>
          <TextLine ID="eSc_line_cd67c383"
                    TAGREFS="LT31"
                    BASELINE="557 3064 2725 3030" 
                    HPOS="554"
                    VPOS="2978"
                    WIDTH="2171"
                    HEIGHT="117">
            <Shape><Polygon POINTS="2711 2991 2547 2978 2544 2978 2377 2997 2363 2997 2349 2997 2243 2983 2240 2983 2238 2983 2182 2997 2174 3000 2160 3000 2062 2986 2059 2986 1976 3000 1956 3003 1903 3003 1672 2991 1669 2991 1666 2991 1622 3005 1602 3008 1563 3005 1463 2994 1460 2994 1457 2994 1418 3005 1410 3008 1390 3005 1318 2997 1315 2997 1312 2997 1290 3008 1276 3017 554 3017 557 3064 557 3095 2377 3056 2720 3064 2725 3030 2723 3014 2711 2991"/></Shape>
	    <String CONTENT="&lt;..&gt; se détournaient de l&#x27;ultramontanisme. &lt;....... ...&gt;"
                    HPOS="554"
                    VPOS="2978"
                    WIDTH="2171"
                    HEIGHT="117"
                    WC="0.9539035260677338"></String>
          </TextLine>
          <TextLine ID="eSc_line_bff2e53b"
                    TAGREFS="LT31"
                    BASELINE="557 3139 1151 3120 2611 3103" 
                    HPOS="554"
                    VPOS="3056"
                    WIDTH="2057"
                    HEIGHT="114">
            <Shape><Polygon POINTS="557 3139 557 3170 972 3153 1120 3159 1229 3164 1231 3164 1279 3156 1335 3147 1388 3153 1443 3161 1446 3161 1449 3161 1452 3161 1463 3153 1474 3145 1714 3142 1744 3147 1792 3156 1794 3156 1898 3145 1942 3139 1948 3142 1962 3153 1964 3153 1967 3153 1970 3153 2355 3147 2357 3147 2360 3147 2377 3134 2383 3134 2452 3147 2455 3147 2608 3128 2611 3103 2603 3056 1917 3069 1892 3067 1822 3056 1820 3056 1739 3069 1702 3075 1669 3069 1588 3058 1585 3058 1499 3075 1471 3078 1452 3075 1393 3061 1390 3061 1388 3061 1329 3078 1323 3078 1321 3078 1304 3064 1301 3064 1298 3064 1296 3064 936 3067 861 3069 858 3069 855 3069 838 3086 836 3086 822 3086 696 3075 694 3075 554 3089 557 3139"/></Shape>
	    <String CONTENT="&lt;.......... Léon XIII connaissait la Belgique pour y avoir longtemps"
                    HPOS="554"
                    VPOS="3056"
                    WIDTH="2057"
                    HEIGHT="114"
                    WC="0.9761238396167755"></String>
          </TextLine>
          <TextLine ID="eSc_line_03968a18"
                    TAGREFS="LT31"
                    BASELINE="549 3214 1558 3184 2633 3184" 
                    HPOS="546"
                    VPOS="3128"
                    WIDTH="2087"
                    HEIGHT="114">
            <Shape><Polygon POINTS="549 3214 549 3242 1530 3212 2633 3212 2633 3184 2628 3142 2436 3142 2405 3128 2402 3128 2399 3128 2397 3128 2394 3128 2369 3145 2316 3145 2051 3147 2045 3147 1976 3134 1973 3134 1786 3150 1775 3150 1767 3150 1524 3136 1521 3136 1346 3156 1312 3159 1270 3156 1123 3147 1120 3147 1117 3147 1073 3159 1064 3161 1056 3159 1017 3145 1014 3145 1011 3145 1008 3145 969 3161 964 3164 813 3164 802 3161 744 3147 741 3147 738 3147 735 3147 733 3147 733 3150 716 3164 710 3167 546 3167 549 3214"/></Shape>
	    <String CONTENT="exerci les fonctions de nouce etil était impalient d&#x27;y &lt;.......&gt;"
                    HPOS="546"
                    VPOS="3128"
                    WIDTH="2087"
                    HEIGHT="114"
                    WC="0.9588537262752652"></String>
          </TextLine>
          <TextLine ID="eSc_line_65553943"
                    TAGREFS="LT31"
                    BASELINE="557 3273 1421 3253 2672 3259" 
                    HPOS="554"
                    VPOS="3203"
                    WIDTH="2118"
                    HEIGHT="98">
            <Shape><Polygon POINTS="557 3273 557 3301 1192 3301 1192 3298 1243 3292 1312 3281 1555 3287 1853 3295 1856 3295 1931 3284 1964 3278 2048 3281 2279 3292 2282 3292 2285 3292 2288 3292 2307 3278 2310 3278 2371 3290 2374 3290 2494 3276 2508 3276 2516 3276 2578 3290 2580 3290 2670 3273 2672 3259 2667 3203 1912 3217 1895 3212 1875 3203 1873 3203 1870 3203 1867 3203 1864 3203 1864 3206 1856 3212 1847 3220 1808 3212 1775 3206 1594 3206 1591 3206 1588 3206 1571 3214 1560 3220 1505 3214 1399 3206 1396 3206 1393 3206 1354 3217 1340 3220 1323 3217 1257 3206 1254 3206 1045 3220 1008 3223 992 3223 889 3209 886 3209 883 3209 847 3223 847 3225 554 3225 557 3273"/></Shape>
	    <String CONTENT="&lt;.....&gt; calmer les poléeniques soulivées par l&#x27;interpré¬"
                    HPOS="554"
                    VPOS="3203"
                    WIDTH="2118"
                    HEIGHT="98"
                    WC="0.9525064698287419"></String>
          </TextLine>
        </TextBlock>
      </PrintSpace>
    </Page>
  </Layout>
</alto>
