<?xml version="1.0" encoding="UTF-8"?>
<alto xmlns:xsi="http://www.w3.org/2001/XMLSchema-instance"
      xmlns="http://www.loc.gov/standards/alto/ns-v4#"
      xsi:schemaLocation="http://www.loc.gov/standards/alto/ns-v4# http://www.loc.gov/standards/alto/v4/alto-4-2.xsd">
  <Description>
    <MeasurementUnit>pixel</MeasurementUnit>
    <sourceImageInformation>
      <fileName>ARCH-DIV-000496_0322.png</fileName>
    </sourceImageInformation>
  </Description>
  <Tags>
    <OtherTag ID="BT42" LABEL="MainZone" DESCRIPTION="block type MainZone"/><OtherTag ID="BT43" LABEL="MarginTextZone" DESCRIPTION="block type MarginTextZone"/><OtherTag ID="BT44" LABEL="NumberingZone" DESCRIPTION="block type NumberingZone"/><OtherTag ID="BT45" LABEL="TitlePageZone" DESCRIPTION="block type TitlePageZone"/><OtherTag ID="BT46" LABEL="CustomZone:Numbering" DESCRIPTION="block type CustomZone:Numbering"/><OtherTag ID="BT49" LABEL="MarginTextZone:lower" DESCRIPTION="block type MarginTextZone:lower"/>
    <OtherTag ID="LT25" LABEL="default" DESCRIPTION="line type default"/><OtherTag ID="LT31" LABEL="DefaultLine" DESCRIPTION="line type DefaultLine"/><OtherTag ID="LT32" LABEL="HeadingLine" DESCRIPTION="line type HeadingLine"/><OtherTag ID="LT33" LABEL="InterlinearLine:addition" DESCRIPTION="line type InterlinearLine:addition"/><OtherTag ID="LT34" LABEL="InterlinearLine:correction" DESCRIPTION="line type InterlinearLine:correction"/>
  </Tags>
  <Layout>
    <Page WIDTH="2790"
          HEIGHT="3368"
          PHYSICAL_IMG_NR="321"
          ID="eSc_dummypage_">
      <PrintSpace HPOS="0"
                  VPOS="0"
                  WIDTH="2790"
                  HEIGHT="3368">
        <TextBlock HPOS="113"
                   VPOS="40"
                   WIDTH="310"
                   HEIGHT="183"
                   ID="eSc_textblock_73b3be54"
                   TAGREFS="BT44">
          <Shape><Polygon POINTS="423 223 423 40 113 40 113 223"/></Shape>
          <TextLine ID="eSc_line_034b4a57"
                    TAGREFS="LT31"
                    BASELINE="178 122 378 127" 
                    HPOS="196"
                    VPOS="72"
                    WIDTH="149"
                    HEIGHT="113">
            <Shape><Polygon POINTS="305 72 300 72 202 95 196 109 199 134 202 185 345 176 345 123 336 75 334 75"/></Shape>
	    <String CONTENT=""
                    HPOS="196"
                    VPOS="72"
                    WIDTH="149"
                    HEIGHT="113"></String>
          </TextLine>
        </TextBlock>
        <TextBlock HPOS="445"
                   VPOS="7"
                   WIDTH="2319"
                   HEIGHT="3363"
                   ID="eSc_textblock_132ca1b2"
                   TAGREFS="BT42">
          <Shape><Polygon POINTS="495 40 445 3370 2747 3370 2764 7"/></Shape>
          <TextLine ID="eSc_line_00e6a47d"
                    TAGREFS="LT31"
                    BASELINE="575 98 1249 78 2697 95" 
                    HPOS="575"
                    VPOS="33"
                    WIDTH="2122"
                    HEIGHT="93">
            <Shape><Polygon POINTS="2481 42 2453 42 2425 42 2397 42 2368 42 2340 42 2312 39 2301 39 2259 42 2248 39 2228 39 2200 39 2172 39 2144 39 2119 39 2077 44 2065 44 2054 44 2020 39 2004 39 1976 39 1947 39 1919 39 1891 36 1863 36 1835 36 1807 36 1779 36 1757 36 1714 39 1658 36 1639 36 1611 36 1583 36 1554 36 1526 36 1498 36 1470 33 1442 33 1414 33 1386 33 1358 33 1350 33 1263 42 1251 42 1249 42 1223 33 1218 33 1190 33 1162 33 1133 33 1131 33 1105 39 1094 33 1077 33 1049 33 1030 33 1007 42 999 42 990 42 971 36 965 39 937 42 909 44 881 47 853 50 825 53 797 56 769 58 741 61 712 61 690 61 575 98 575 115 1142 103 1198 117 1201 117 1204 117 1206 117 1240 103 1279 117 1282 117 1285 117 1411 103 1490 120 1498 120 1501 120 1554 120 2026 106 2102 123 2113 123 2116 126 2694 126 2697 95 2691 47 2540 47 2531 44 2520 42 2509 42"/></Shape>
	    <String CONTENT=""
                    HPOS="575"
                    VPOS="33"
                    WIDTH="2122"
                    HEIGHT="93"></String>
          </TextLine>
          <TextLine ID="eSc_line_46c469ea"
                    TAGREFS="LT31"
                    BASELINE="578 168 900 154 2663 157" 
                    HPOS="578"
                    VPOS="98"
                    WIDTH="2085"
                    HEIGHT="90">
            <Shape><Polygon POINTS="653 98 651 98 648 98 645 98 578 115 578 168 578 188 2660 188 2663 157 2660 117 2537 98 2534 98 2394 115 2321 98 2318 98 2315 98 2158 115 2079 98 2077 98 2074 98 2071 98 2040 117 1616 117 1554 98 1552 98 1549 98 1467 115 1395 98 1392 98 1389 98 1223 115 1184 98 1181 98 1044 98 1041 98 1038 98 968 115 945 98 943 98 940 98 858 98 856 98 853 98 811 117 687 117 656 98 653 98"/></Shape>
	    <String CONTENT=""
                    HPOS="578"
                    VPOS="98"
                    WIDTH="2085"
                    HEIGHT="90"></String>
          </TextLine>
          <TextLine ID="eSc_line_053e87d8"
                    TAGREFS="LT31"
                    BASELINE="586 230 2674 213" 
                    HPOS="583"
                    VPOS="159"
                    WIDTH="2091"
                    HEIGHT="93">
            <Shape><Polygon POINTS="586 230 586 252 2672 241 2674 213 2672 176 2610 159 2607 159 2604 159 2601 159 2559 174 2450 159 2447 159 2444 159 2413 176 2113 176 2057 162 2054 162 2051 162 2048 162 2046 162 2023 176 1745 165 1743 165 1566 182 1543 168 1540 168 1538 168 1535 168 1324 182 1291 168 1288 168 1285 168 1282 168 1279 168 1254 185 934 171 931 171 929 171 872 188 704 174 701 174 583 190 586 230"/></Shape>
	    <String CONTENT=""
                    HPOS="583"
                    VPOS="159"
                    WIDTH="2091"
                    HEIGHT="93"></String>
          </TextLine>
          <TextLine ID="eSc_line_3eac8f09"
                    TAGREFS="LT31"
                    BASELINE="575 300 1176 283 2688 277" 
                    HPOS="572"
                    VPOS="227"
                    WIDTH="2116"
                    HEIGHT="95">
            <Shape><Polygon POINTS="575 300 575 322 2688 300 2688 277 2680 227 1872 241 1841 235 1779 227 1776 227 1773 227 1771 227 1757 238 1751 244 1731 238 1700 230 1698 230 1695 230 1692 230 1653 238 1633 244 1625 241 1605 230 1602 230 1599 230 1524 241 1498 244 1414 244 1063 232 1060 232 979 249 965 249 940 249 735 235 732 235 572 252 575 300"/></Shape>
	    <String CONTENT=""
                    HPOS="572"
                    VPOS="227"
                    WIDTH="2116"
                    HEIGHT="95"></String>
          </TextLine>
          <TextLine ID="eSc_line_7a496894"
                    TAGREFS="LT31"
                    BASELINE="581 370 1223 348 2644 339" 
                    HPOS="578"
                    VPOS="294"
                    WIDTH="2066"
                    HEIGHT="93">
            <Shape><Polygon POINTS="581 370 581 387 2641 376 2644 339 2635 294 923 305 794 319 791 319 735 308 732 308 578 322 581 370"/></Shape>
	    <String CONTENT=""
                    HPOS="578"
                    VPOS="294"
                    WIDTH="2066"
                    HEIGHT="93"></String>
          </TextLine>
          <TextLine ID="eSc_line_7b18ef54"
                    TAGREFS="LT31"
                    BASELINE="569 435 1378 415 2663 415" 
                    HPOS="566"
                    VPOS="362"
                    WIDTH="2097"
                    HEIGHT="101">
            <Shape><Polygon POINTS="569 435 569 463 794 446 920 460 923 460 926 460 988 443 1268 457 1271 460 1358 460 1358 457 1361 457 1364 457 1392 440 1605 454 1608 454 1877 437 2658 446 2663 415 2658 362 2318 376 2245 364 2211 362 2208 362 2206 362 2192 367 2169 376 2113 367 2071 362 2068 362 2026 370 1970 378 1922 370 1872 362 1869 362 1757 373 1664 381 1653 373 1642 364 1639 364 1636 364 1633 364 1507 376 1437 381 1428 376 1409 364 1406 364 1403 364 1400 364 1397 364 1395 364 1380 378 1375 381 1355 378 1313 370 1310 370 1307 370 1288 378 1277 384 1198 378 1004 367 1002 367 999 367 971 384 959 390 566 390 569 435"/></Shape>
	    <String CONTENT=""
                    HPOS="566"
                    VPOS="362"
                    WIDTH="2097"
                    HEIGHT="101"></String>
          </TextLine>
          <TextLine ID="eSc_line_6fc33650"
                    TAGREFS="LT31"
                    BASELINE="575 508 808 496" 
                    HPOS="569"
                    VPOS="443"
                    WIDTH="239"
                    HEIGHT="98">
            <Shape><Polygon POINTS="575 508 578 541 631 522 676 538 679 538 682 538 684 538 687 538 690 538 690 536 712 524 805 530 808 496 799 443 569 463 575 508"/></Shape>
	    <String CONTENT=""
                    HPOS="569"
                    VPOS="443"
                    WIDTH="239"
                    HEIGHT="98"></String>
          </TextLine>
          <TextLine ID="eSc_line_9f89dda0"
                    TAGREFS="LT34"
                    BASELINE="2296 504 2632 496" 
                    HPOS="2234"
                    VPOS="435"
                    WIDTH="398"
                    HEIGHT="120">
            <Shape><Polygon POINTS="2307 555 2310 555 2312 555 2632 522 2632 496 2627 451 2548 435 2545 435 2542 435 2498 449 2458 463 2295 465 2234 446 2237 510 2237 536"/></Shape>
	    <String CONTENT=""
                    HPOS="2234"
                    VPOS="435"
                    WIDTH="398"
                    HEIGHT="120"></String>
          </TextLine>
          <TextLine ID="eSc_line_331fc60b"
                    TAGREFS="LT31"
                    BASELINE="595 586 1030 569 2666 558" 
                    HPOS="592"
                    VPOS="510"
                    WIDTH="2074"
                    HEIGHT="99">
            <Shape><Polygon POINTS="595 586 595 609 2663 583 2666 558 2658 510 2037 524 2020 519 2004 510 2001 510 1998 510 1995 510 1992 510 1984 519 1973 524 1936 519 1894 513 1891 513 1889 513 1863 519 1832 527 1664 522 1366 513 1364 513 1361 513 1330 527 1322 530 1302 527 1220 513 1218 513 1215 513 1167 530 1153 533 1142 530 1094 516 1091 516 1089 516 1086 516 1044 530 1035 533 999 533 799 519 797 519 794 519 791 519 766 536 760 538 592 538 595 586"/></Shape>
	    <String CONTENT=""
                    HPOS="592"
                    VPOS="510"
                    WIDTH="2074"
                    HEIGHT="99"></String>
          </TextLine>
          <TextLine ID="eSc_line_7dc04d32"
                    TAGREFS="LT31"
                    BASELINE="572 656 2166 628 2641 631" 
                    HPOS="569"
                    VPOS="586"
                    WIDTH="2072"
                    HEIGHT="96">
            <Shape><Polygon POINTS="572 656 572 682 2638 656 2641 631 2635 586 569 606 572 656"/></Shape>
	    <String CONTENT=""
                    HPOS="569"
                    VPOS="586"
                    WIDTH="2072"
                    HEIGHT="96"></String>
          </TextLine>
          <TextLine ID="eSc_line_16d79b6a"
                    TAGREFS="LT31"
                    BASELINE="572 724 1959 693 2641 693" 
                    HPOS="569"
                    VPOS="639"
                    WIDTH="2072"
                    HEIGHT="118">
            <Shape><Polygon POINTS="572 724 572 757 749 740 1114 749 1156 749 1159 749 1162 749 1164 749 1201 732 1501 740 1504 740 1670 724 1903 735 1922 735 1925 735 1931 735 2004 718 2079 732 2088 732 2091 732 2093 732 2096 732 2141 715 2635 721 2641 693 2638 642 2152 639 2150 639 2147 639 2144 639 2124 651 2116 656 2046 653 1863 645 1860 645 1796 659 1779 662 1762 659 1686 648 1684 648 1681 648 1678 648 1658 662 1653 665 1630 662 1538 651 1535 651 1532 651 1529 651 1507 665 1504 667 1487 665 1397 653 1395 653 1392 653 1347 667 1338 670 1274 670 892 665 889 665 886 665 884 665 884 667 870 679 870 682 569 684 572 724"/></Shape>
	    <String CONTENT=""
                    HPOS="569"
                    VPOS="639"
                    WIDTH="2072"
                    HEIGHT="118"></String>
          </TextLine>
          <TextLine ID="eSc_line_63745a04"
                    TAGREFS="LT31"
                    BASELINE="566 788 2669 749" 
                    HPOS="564"
                    VPOS="704"
                    WIDTH="2105"
                    HEIGHT="121">
            <Shape><Polygon POINTS="566 788 566 825 1316 797 1425 808 1439 808 1442 808 1445 808 1448 808 1470 794 1560 805 1571 805 1574 805 1583 805 1642 788 2669 780 2669 749 2660 704 564 738 566 788"/></Shape>
	    <String CONTENT=""
                    HPOS="564"
                    VPOS="704"
                    WIDTH="2105"
                    HEIGHT="121"></String>
          </TextLine>
          <TextLine ID="eSc_line_ab597c02"
                    TAGREFS="LT31"
                    BASELINE="561 856 2641 813" 
                    HPOS="558"
                    VPOS="774"
                    WIDTH="2083"
                    HEIGHT="110">
            <Shape><Polygon POINTS="561 856 561 884 2638 836 2641 813 2632 774 1571 783 1411 797 1380 799 1361 799 1271 788 1268 788 1265 788 1229 802 1223 802 1192 802 1013 794 1010 794 853 808 822 811 802 811 690 799 687 799 558 813 561 856"/></Shape>
	    <String CONTENT=""
                    HPOS="558"
                    VPOS="774"
                    WIDTH="2083"
                    HEIGHT="110"></String>
          </TextLine>
          <TextLine ID="eSc_line_d3314ecc"
                    TAGREFS="LT31"
                    BASELINE="558 923 2663 881" 
                    HPOS="555"
                    VPOS="830"
                    WIDTH="2108"
                    HEIGHT="124">
            <Shape><Polygon POINTS="558 923 558 954 2663 898 2663 881 2655 830 555 878 558 923"/></Shape>
	    <String CONTENT=""
                    HPOS="555"
                    VPOS="830"
                    WIDTH="2108"
                    HEIGHT="124"></String>
          </TextLine>
          <TextLine ID="eSc_line_29eb3eb4"
                    TAGREFS="LT31"
                    BASELINE="555 996 2666 951" 
                    HPOS="552"
                    VPOS="903"
                    WIDTH="2114"
                    HEIGHT="127">
            <Shape><Polygon POINTS="555 996 555 1016 653 1030 656 1030 659 1030 696 1016 701 1013 771 1013 1052 1021 1055 1021 1235 1007 1347 999 1462 1004 1605 1010 1608 1010 1684 1001 1762 990 1905 996 2004 1001 2006 1001 2136 993 2397 976 2419 990 2422 990 2425 990 2427 990 2436 990 2498 976 2663 985 2666 951 2660 903 2186 903 2183 903 2180 903 2136 914 2107 920 2057 917 1970 909 1967 909 1900 920 1863 926 1835 923 1776 912 1773 912 1639 926 1583 931 1535 929 1406 920 1403 920 1400 920 1350 934 1333 937 1305 934 1206 923 1204 923 1201 923 1167 937 1162 943 940 945 923 943 853 931 850 931 847 931 811 945 805 948 777 948 645 937 642 937 552 951 555 996"/></Shape>
	    <String CONTENT=""
                    HPOS="552"
                    VPOS="903"
                    WIDTH="2114"
                    HEIGHT="127"></String>
          </TextLine>
          <TextLine ID="eSc_line_0f8887e4"
                    TAGREFS="LT31"
                    BASELINE="555 1069 1411 1041 2677 1021" 
                    HPOS="552"
                    VPOS="971"
                    WIDTH="2125"
                    HEIGHT="129">
            <Shape><Polygon POINTS="555 1069 555 1100 1178 1086 1181 1086 1226 1072 2006 1072 2026 1072 2026 1069 2034 1069 2430 1046 2557 1058 2559 1058 2562 1058 2565 1058 2568 1058 2587 1044 2674 1055 2677 1021 2669 971 954 1016 937 1016 833 1004 830 1004 828 1004 797 1018 791 1018 665 1010 662 1010 552 1024 555 1069"/></Shape>
	    <String CONTENT=""
                    HPOS="552"
                    VPOS="971"
                    WIDTH="2125"
                    HEIGHT="129"></String>
          </TextLine>
          <TextLine ID="eSc_line_8481a65c"
                    TAGREFS="LT31"
                    BASELINE="558 1142 2652 1086" 
                    HPOS="555"
                    VPOS="1032"
                    WIDTH="2097"
                    HEIGHT="143">
            <Shape><Polygon POINTS="558 1142 558 1175 844 1170 847 1170 858 1167 903 1153 934 1164 940 1167 943 1167 945 1167 976 1164 1086 1147 1220 1156 1285 1159 1288 1159 1324 1153 1395 1139 1456 1147 1496 1153 1498 1153 1554 1145 1627 1133 1709 1139 1773 1145 1776 1145 1779 1145 1796 1136 1816 1128 1897 1133 1973 1139 1976 1139 1978 1139 2009 1131 2037 1122 2065 1128 2102 1136 2105 1136 2172 1125 2208 1119 2237 1122 2293 1131 2295 1131 2652 1108 2652 1086 2644 1049 2517 1052 2512 1052 2447 1032 2444 1032 2441 1032 2439 1032 2385 1055 2383 1055 2377 1055 2248 1041 2245 1041 2242 1041 2208 1060 2206 1060 2203 1060 2161 1046 2158 1046 2155 1046 2152 1046 2150 1046 2124 1063 2119 1066 2001 1066 1995 1066 1919 1046 1917 1046 1914 1046 1911 1046 1908 1046 1880 1069 1877 1069 1874 1069 1751 1058 1748 1058 1745 1058 1686 1074 1684 1074 1605 1055 1602 1055 1599 1055 1392 1060 1288 1086 1282 1088 1167 1088 1164 1088 1089 1069 1086 1069 1083 1069 990 1088 923 1074 920 1074 917 1074 915 1074 889 1094 766 1077 763 1077 760 1077 718 1100 575 1088 572 1088 569 1088 566 1088 555 1097 558 1142"/></Shape>
	    <String CONTENT=""
                    HPOS="555"
                    VPOS="1032"
                    WIDTH="2097"
                    HEIGHT="143"></String>
          </TextLine>
          <TextLine ID="eSc_line_d67ceae2"
                    TAGREFS="LT31"
                    BASELINE="561 1212 2514 1153 2672 1159" 
                    HPOS="558"
                    VPOS="1094"
                    WIDTH="2114"
                    HEIGHT="154">
            <Shape><Polygon POINTS="561 1212 561 1248 940 1220 2669 1184 2672 1159 2669 1108 2542 1094 2540 1094 2096 1125 2065 1128 1905 1131 1827 1131 1790 1117 1787 1117 1785 1117 1782 1117 1779 1117 1751 1136 1125 1136 1122 1136 990 1156 884 1145 881 1145 878 1145 875 1145 856 1159 752 1147 749 1147 558 1170 561 1212"/></Shape>
	    <String CONTENT=""
                    HPOS="558"
                    VPOS="1094"
                    WIDTH="2114"
                    HEIGHT="154"></String>
          </TextLine>
          <TextLine ID="eSc_line_782f7b19"
                    TAGREFS="LT31"
                    BASELINE="561 1285 2646 1220" 
                    HPOS="558"
                    VPOS="1178"
                    WIDTH="2088"
                    HEIGHT="141">
            <Shape><Polygon POINTS="561 1285 561 1302 684 1302 735 1319 738 1319 741 1319 811 1305 990 1310 993 1310 1097 1288 1108 1288 1122 1288 1282 1302 1285 1302 1397 1282 1462 1293 1465 1293 1467 1293 1501 1277 1507 1277 1524 1277 1644 1291 1647 1291 1726 1271 1745 1268 1782 1271 1917 1282 1919 1282 2060 1263 2107 1257 2138 1260 2186 1268 2189 1268 2192 1268 2225 1260 2239 1254 2245 1257 2259 1268 2262 1268 2265 1268 2267 1268 2270 1268 2315 1257 2324 1254 2332 1254 2360 1265 2363 1265 2366 1265 2368 1265 2371 1265 2388 1254 2397 1248 2433 1254 2509 1263 2512 1263 2514 1263 2554 1248 2576 1243 2644 1246 2646 1220 2638 1178 1554 1201 1313 1220 1279 1223 1263 1223 1105 1215 1103 1215 923 1234 915 1234 909 1234 757 1226 755 1226 752 1226 724 1240 656 1229 653 1229 558 1246 561 1285"/></Shape>
	    <String CONTENT=""
                    HPOS="558"
                    VPOS="1178"
                    WIDTH="2088"
                    HEIGHT="141"></String>
          </TextLine>
          <TextLine ID="eSc_line_c612f14a"
                    TAGREFS="LT31"
                    BASELINE="561 1350 2660 1296" 
                    HPOS="558"
                    VPOS="1243"
                    WIDTH="2102"
                    HEIGHT="140">
            <Shape><Polygon POINTS="561 1350 561 1369 668 1383 670 1383 819 1366 825 1366 830 1366 968 1375 971 1375 973 1375 1002 1364 1007 1361 1018 1361 1083 1372 1086 1372 1411 1355 1571 1347 1608 1350 1661 1358 1664 1358 1667 1358 1686 1350 1700 1341 2660 1330 2660 1296 2655 1257 2551 1243 2548 1243 2455 1246 2453 1246 2450 1246 2427 1260 2416 1265 2340 1263 2105 1254 2102 1254 1945 1274 1883 1279 1849 1274 1785 1265 1782 1265 1658 1279 1627 1282 1622 1279 1594 1268 1591 1268 1588 1268 1585 1268 1557 1282 1543 1288 1515 1282 1445 1271 1442 1271 1439 1271 1400 1285 1383 1291 1369 1288 1338 1277 1336 1277 1333 1277 1330 1277 1305 1288 1291 1293 1263 1288 1206 1279 1204 1279 1142 1291 1105 1299 1066 1293 1004 1285 1002 1285 999 1285 996 1285 979 1296 965 1305 558 1305 561 1350"/></Shape>
	    <String CONTENT=""
                    HPOS="558"
                    VPOS="1243"
                    WIDTH="2102"
                    HEIGHT="140"></String>
          </TextLine>
          <TextLine ID="eSc_line_404d57d4"
                    TAGREFS="LT31"
                    BASELINE="564 1420 2610 1366" 
                    HPOS="561"
                    VPOS="1327"
                    WIDTH="2049"
                    HEIGHT="129">
            <Shape><Polygon POINTS="564 1420 564 1442 662 1456 665 1456 668 1456 670 1456 687 1442 1083 1445 1086 1445 1089 1445 1117 1431 1380 1437 1383 1437 1535 1420 1745 1428 1748 1428 2475 1408 2478 1408 2481 1408 2503 1394 2573 1406 2576 1406 2579 1406 2610 1389 2610 1366 2601 1327 561 1375 564 1420"/></Shape>
	    <String CONTENT=""
                    HPOS="561"
                    VPOS="1327"
                    WIDTH="2049"
                    HEIGHT="129"></String>
          </TextLine>
          <TextLine ID="eSc_line_afb4a988"
                    TAGREFS="LT31"
                    BASELINE="550 1493 2672 1439" 
                    HPOS="547"
                    VPOS="1394"
                    WIDTH="2125"
                    HEIGHT="127">
            <Shape><Polygon POINTS="550 1493 550 1521 1105 1521 1105 1518 1176 1507 1240 1498 1285 1507 1324 1512 1327 1512 1378 1504 1442 1493 1487 1501 1515 1507 1518 1507 1521 1507 1532 1501 1557 1490 1625 1498 1661 1504 1664 1504 1712 1498 1785 1487 1841 1495 1863 1498 1866 1498 1869 1498 1872 1498 1874 1495 1891 1484 1950 1493 1973 1495 1976 1495 1978 1495 1990 1493 2034 1476 2332 1470 2436 1484 2444 1484 2447 1484 2450 1484 2453 1484 2481 1467 2666 1479 2672 1439 2663 1394 547 1451 550 1493"/></Shape>
	    <String CONTENT=""
                    HPOS="547"
                    VPOS="1394"
                    WIDTH="2125"
                    HEIGHT="127"></String>
          </TextLine>
          <TextLine ID="eSc_line_db372e3a"
                    TAGREFS="LT31"
                    BASELINE="561 1566 2666 1521" 
                    HPOS="558"
                    VPOS="1467"
                    WIDTH="2108"
                    HEIGHT="132">
            <Shape><Polygon POINTS="561 1566 561 1599 631 1585 755 1596 783 1596 785 1596 788 1596 794 1594 825 1580 1100 1585 1215 1588 1218 1588 1263 1582 1333 1571 1383 1580 1414 1582 1417 1582 1504 1574 1647 1563 1695 1571 1737 1577 1740 1577 1827 1566 1908 1557 1953 1563 2004 1571 2006 1571 2009 1571 2046 1560 2071 1554 2096 1560 2136 1568 2138 1568 2141 1568 2186 1557 2211 1549 2486 1546 2495 1549 2509 1560 2512 1560 2514 1560 2517 1560 2666 1543 2666 1521 2660 1487 2523 1467 2520 1467 2517 1467 2514 1467 2514 1470 2492 1487 2492 1490 2458 1490 2447 1490 2405 1467 2402 1467 2399 1467 2251 1490 2234 1493 2208 1493 2004 1476 2001 1476 1917 1479 1914 1479 1911 1479 1891 1495 1889 1495 1886 1495 1759 1484 1757 1484 1754 1484 1751 1484 1734 1498 1726 1507 1560 1507 1546 1501 1526 1493 1524 1493 1521 1493 1467 1501 1423 1509 1406 1504 1375 1490 1372 1490 1369 1490 1366 1490 1364 1490 1350 1504 1336 1512 1254 1504 1181 1498 1178 1498 1139 1507 1080 1521 985 1521 968 1509 959 1501 957 1501 954 1501 861 1501 858 1501 856 1501 833 1509 805 1524 785 1509 780 1507 777 1507 774 1507 771 1507 749 1512 687 1526 645 1512 628 1507 625 1507 623 1507 558 1512 561 1566"/></Shape>
	    <String CONTENT=""
                    HPOS="558"
                    VPOS="1467"
                    WIDTH="2108"
                    HEIGHT="132"></String>
          </TextLine>
          <TextLine ID="eSc_line_85581b0e"
                    TAGREFS="LT31"
                    BASELINE="561 1641 2688 1599" 
                    HPOS="558"
                    VPOS="1546"
                    WIDTH="2130"
                    HEIGHT="115">
            <Shape><Polygon POINTS="561 1641 561 1661 2688 1627 2688 1599 2686 1563 2630 1546 2627 1546 2624 1546 2542 1563 2318 1552 2315 1552 2119 1571 2116 1571 2113 1571 1841 1560 1838 1560 1184 1591 1128 1591 1119 1591 1046 1577 1044 1577 864 1596 842 1596 816 1596 617 1585 614 1585 611 1585 558 1599 561 1641"/></Shape>
	    <String CONTENT=""
                    HPOS="558"
                    VPOS="1546"
                    WIDTH="2130"
                    HEIGHT="115"></String>
          </TextLine>
          <TextLine ID="eSc_line_70e85b75"
                    TAGREFS="LT31"
                    BASELINE="558 1709 2663 1678" 
                    HPOS="555"
                    VPOS="1627"
                    WIDTH="2108"
                    HEIGHT="104">
            <Shape><Polygon POINTS="558 1709 558 1731 2660 1703 2663 1678 2658 1639 2450 1627 2447 1627 2444 1627 2391 1641 2385 1641 2383 1641 2326 1627 2324 1627 2321 1627 2186 1644 2178 1644 2175 1644 2136 1630 2133 1630 2130 1630 1863 1650 1832 1650 1818 1650 1703 1636 1700 1636 1526 1653 1524 1653 1380 1641 1378 1641 1375 1641 1322 1655 1313 1661 889 1664 881 1664 811 1650 808 1650 555 1667 558 1709"/></Shape>
	    <String CONTENT=""
                    HPOS="555"
                    VPOS="1627"
                    WIDTH="2108"
                    HEIGHT="104"></String>
          </TextLine>
          <TextLine ID="eSc_line_e8d34d25"
                    TAGREFS="LT31"
                    BASELINE="555 1787 2700 1745" 
                    HPOS="552"
                    VPOS="1692"
                    WIDTH="2148"
                    HEIGHT="118">
            <Shape><Polygon POINTS="555 1787 555 1810 2700 1773 2700 1745 2694 1709 2506 1692 2503 1692 2408 1712 2065 1700 2063 1700 2060 1700 2057 1700 2029 1720 1903 1720 1852 1703 1849 1703 1846 1703 1844 1703 1796 1726 1552 1728 1515 1712 1512 1712 1510 1712 1507 1712 1504 1712 1482 1731 1274 1734 1133 1717 1131 1717 1016 1731 878 1723 875 1723 872 1723 870 1723 839 1742 752 1726 749 1726 665 1745 609 1728 606 1728 603 1728 600 1728 552 1745 555 1787"/></Shape>
	    <String CONTENT=""
                    HPOS="552"
                    VPOS="1692"
                    WIDTH="2148"
                    HEIGHT="118"></String>
          </TextLine>
          <TextLine ID="eSc_line_05d3e33c"
                    TAGREFS="LT31"
                    BASELINE="544 1860 2694 1824" 
                    HPOS="541"
                    VPOS="1785"
                    WIDTH="2153"
                    HEIGHT="112">
            <Shape><Polygon POINTS="544 1860 544 1897 639 1880 861 1888 864 1888 867 1888 870 1888 886 1874 973 1888 976 1888 979 1888 1041 1872 1181 1883 1184 1883 1187 1883 1226 1869 1263 1883 1265 1883 1268 1883 1372 1869 1473 1880 1476 1880 1479 1880 1538 1863 1650 1877 1653 1877 1656 1877 1661 1877 1748 1863 1818 1874 1824 1874 1827 1874 1830 1874 1869 1858 2691 1858 2694 1824 2688 1785 1720 1785 1717 1785 1714 1785 1684 1801 1681 1801 1664 1801 1532 1787 1529 1787 1378 1804 1352 1807 1336 1807 1220 1793 1218 1793 1136 1810 1128 1810 1122 1810 1030 1796 1027 1796 917 1813 912 1813 909 1813 816 1801 813 1801 811 1801 808 1801 788 1815 783 1815 696 1801 693 1801 541 1818 544 1860"/></Shape>
	    <String CONTENT=""
                    HPOS="541"
                    VPOS="1785"
                    WIDTH="2153"
                    HEIGHT="112"></String>
          </TextLine>
          <TextLine ID="eSc_line_5331d384"
                    TAGREFS="LT31"
                    BASELINE="538 1930 2641 1886" 
                    HPOS="536"
                    VPOS="1832"
                    WIDTH="2105"
                    HEIGHT="141">
            <Shape><Polygon POINTS="538 1930 538 1950 659 1973 662 1973 665 1973 712 1950 791 1970 794 1970 797 1970 931 1945 940 1942 1108 1942 1111 1942 1156 1961 1159 1961 1162 1961 1164 1961 1167 1961 1195 1939 1198 1939 1232 1939 1552 1953 1554 1953 1557 1953 1611 1933 1613 1933 1619 1933 1801 1947 1804 1947 1936 1928 1939 1928 1973 1945 1976 1945 1978 1945 2110 1942 2113 1942 2116 1942 2144 1925 2155 1919 2405 1919 2408 1919 2444 1933 2447 1933 2450 1933 2453 1933 2492 1916 2509 1911 2638 1914 2641 1886 2632 1832 2357 1855 536 1880 538 1930"/></Shape>
	    <String CONTENT=""
                    HPOS="536"
                    VPOS="1832"
                    WIDTH="2105"
                    HEIGHT="141"></String>
          </TextLine>
          <TextLine ID="eSc_line_646ab54a"
                    TAGREFS="LT34"
                    BASELINE="2060 1938 2341 1928" 
                    HPOS="2060"
                    VPOS="1928"
                    WIDTH="281"
                    HEIGHT="10">
	    <String CONTENT=""
                    HPOS="2060"
                    VPOS="1928"
                    WIDTH="281"
                    HEIGHT="10"></String>
          </TextLine>
          <TextLine ID="eSc_line_0773047f"
                    TAGREFS="LT31"
                    BASELINE="544 1995 2658 1961" 
                    HPOS="541"
                    VPOS="1908"
                    WIDTH="2117"
                    HEIGHT="109">
            <Shape><Polygon POINTS="544 1995 544 2017 2655 1984 2658 1961 2649 1919 2441 1928 2419 1922 2377 1908 2374 1908 2371 1908 2124 1911 2121 1911 2119 1911 2102 1928 2091 1933 2034 1928 1953 1919 1950 1919 1947 1919 1945 1919 1931 1930 1922 1936 1897 1930 1877 1925 1874 1925 1872 1925 1807 1930 1737 1939 1714 1933 1675 1919 1672 1919 1670 1919 1667 1919 1619 1933 1591 1942 1479 1936 1249 1925 1246 1925 1125 1942 1066 1950 990 1945 853 1933 850 1933 847 1933 844 1933 825 1947 813 1956 760 1956 752 1947 735 1933 732 1933 729 1933 726 1933 724 1933 684 1950 668 1956 541 1953 544 1995"/></Shape>
	    <String CONTENT=""
                    HPOS="541"
                    VPOS="1908"
                    WIDTH="2117"
                    HEIGHT="109"></String>
          </TextLine>
          <TextLine ID="eSc_line_c5679ed2"
                    TAGREFS="LT33"
                    BASELINE="1756 2011 1818 2009" 
                    HPOS="1756"
                    VPOS="2009"
                    WIDTH="62"
                    HEIGHT="2">
	    <String CONTENT=""
                    HPOS="1756"
                    VPOS="2009"
                    WIDTH="62"
                    HEIGHT="2"></String>
          </TextLine>
          <TextLine ID="eSc_line_937b5029"
                    TAGREFS="LT31"
                    BASELINE="533 2071 1928 2043 2638 2046" 
                    HPOS="530"
                    VPOS="1984"
                    WIDTH="2108"
                    HEIGHT="118">
            <Shape><Polygon POINTS="533 2071 533 2085 665 2102 668 2102 670 2102 721 2085 724 2085 732 2085 847 2099 850 2099 1035 2082 1089 2079 1133 2082 1268 2093 1271 2093 1386 2079 1456 2074 2638 2074 2638 2046 2635 2001 2481 1984 2478 1984 2475 1984 2441 2001 2425 2001 2189 1992 2186 1992 2037 2006 2009 2006 2001 2006 1947 1989 1945 1989 1942 1989 1939 1989 1936 1989 1917 2006 1914 2009 1897 2006 1818 1989 1816 1989 1678 2009 1627 2015 1588 2009 1532 2001 1529 2001 1386 2012 1293 2017 1282 2012 1268 2001 1265 2001 1263 2001 1178 2001 1176 2001 1117 2015 1075 2023 1038 2015 996 2003 993 2003 990 2003 530 2017 533 2071"/></Shape>
	    <String CONTENT=""
                    HPOS="530"
                    VPOS="1984"
                    WIDTH="2108"
                    HEIGHT="118"></String>
          </TextLine>
          <TextLine ID="eSc_line_52127ccb"
                    TAGREFS="LT31"
                    BASELINE="541 2144 2599 2110" 
                    HPOS="538"
                    VPOS="2060"
                    WIDTH="2061"
                    HEIGHT="120">
            <Shape><Polygon POINTS="541 2144 541 2163 651 2180 653 2180 656 2180 659 2180 682 2166 783 2177 785 2177 788 2177 791 2177 811 2161 842 2172 844 2172 847 2172 1181 2155 1226 2152 1229 2152 1251 2169 1254 2169 1257 2169 1260 2169 1263 2169 1265 2169 1291 2152 1293 2149 1448 2149 1451 2149 1470 2166 1473 2166 1476 2166 1479 2169 1569 2169 1569 2166 1571 2166 1613 2147 1678 2147 1703 2147 1731 2163 1734 2163 1737 2163 1740 2163 1852 2147 2360 2152 2363 2152 2366 2152 2425 2133 2427 2133 2433 2133 2562 2149 2565 2149 2568 2149 2571 2149 2599 2130 2599 2110 2593 2074 2425 2060 2422 2060 2251 2076 2147 2065 2144 2065 1223 2093 892 2085 889 2085 538 2105 541 2144"/></Shape>
	    <String CONTENT=""
                    HPOS="538"
                    VPOS="2060"
                    WIDTH="2061"
                    HEIGHT="120"></String>
          </TextLine>
          <TextLine ID="eSc_line_037ab6df"
                    TAGREFS="LT31"
                    BASELINE="533 2214 2607 2180" 
                    HPOS="530"
                    VPOS="2127"
                    WIDTH="2077"
                    HEIGHT="107">
            <Shape><Polygon POINTS="533 2214 533 2234 2433 2220 2436 2220 2439 2220 2498 2206 2601 2217 2607 2180 2596 2127 2551 2141 2388 2133 2343 2130 2340 2130 2338 2130 2329 2133 2298 2144 2273 2135 2262 2130 2259 2130 2256 2130 2253 2130 2242 2135 2223 2147 1911 2152 1860 2144 1821 2138 1818 2138 1776 2147 1734 2155 1667 2149 1580 2141 1577 2141 1574 2141 1571 2141 1560 2152 1552 2161 1392 2161 1341 2158 1223 2147 1220 2147 1075 2163 1046 2166 1038 2163 999 2152 996 2152 993 2152 990 2152 951 2166 948 2166 881 2152 878 2152 631 2172 572 2158 569 2158 566 2158 564 2158 530 2172 533 2214"/></Shape>
	    <String CONTENT=""
                    HPOS="530"
                    VPOS="2127"
                    WIDTH="2077"
                    HEIGHT="107"></String>
          </TextLine>
          <TextLine ID="eSc_line_a94ed5ad"
                    TAGREFS="LT31"
                    BASELINE="547 2287 2635 2256" 
                    HPOS="544"
                    VPOS="2206"
                    WIDTH="2091"
                    HEIGHT="120">
            <Shape><Polygon POINTS="547 2287 547 2326 785 2309 875 2323 892 2323 895 2323 898 2323 900 2323 900 2321 926 2307 993 2321 1002 2321 1004 2321 1016 2321 1117 2304 1265 2315 1299 2318 1302 2318 1341 2315 1501 2298 1532 2312 1535 2312 1538 2312 1540 2312 1560 2312 1703 2295 1799 2307 1821 2309 1824 2309 1827 2309 1835 2307 1877 2293 1936 2304 1947 2307 1950 2307 1990 2304 2155 2290 2197 2301 2208 2304 2211 2304 2214 2304 2287 2298 2503 2284 2632 2293 2635 2256 2632 2222 2585 2206 2582 2206 2579 2206 2576 2206 2526 2220 2326 2208 2324 2208 2321 2208 2279 2222 2259 2208 2256 2208 2253 2208 2251 2208 2248 2208 2186 2225 2105 2211 2102 2211 2099 2211 2054 2228 2020 2214 2018 2214 2015 2214 1852 2231 1684 2217 1681 2217 1599 2234 1538 2220 1535 2220 1532 2220 1529 2220 1490 2239 1075 2242 1049 2228 1046 2228 1044 2228 1041 2228 965 2242 929 2228 926 2228 923 2228 920 2228 856 2245 743 2231 741 2231 738 2231 735 2231 710 2248 592 2234 589 2234 586 2234 544 2248 547 2287"/></Shape>
	    <String CONTENT=""
                    HPOS="544"
                    VPOS="2206"
                    WIDTH="2091"
                    HEIGHT="120"></String>
          </TextLine>
          <TextLine ID="eSc_line_eddff2a3"
                    TAGREFS="LT31"
                    BASELINE="541 2363 1684 2351" 
                    HPOS="538"
                    VPOS="2295"
                    WIDTH="1146"
                    HEIGHT="101">
            <Shape><Polygon POINTS="541 2363 541 2382 741 2396 743 2396 923 2385 1032 2380 1069 2385 1105 2394 1108 2394 1111 2394 1125 2388 1147 2377 1310 2377 1344 2388 1352 2391 1355 2391 1358 2391 1389 2388 1501 2374 1518 2388 1521 2388 1524 2388 1526 2391 1681 2391 1684 2351 1675 2304 1560 2312 1549 2304 1538 2295 1535 2295 1532 2295 1529 2295 1526 2295 1487 2307 1462 2312 1442 2307 1397 2295 1395 2295 1392 2295 1389 2295 1352 2309 1333 2315 1305 2309 1254 2301 1251 2301 1153 2312 1131 2315 1119 2315 1069 2301 1066 2301 1063 2301 1060 2301 1021 2315 1013 2318 1007 2315 965 2301 962 2301 959 2301 957 2301 954 2301 937 2318 934 2321 861 2321 861 2318 833 2301 830 2301 828 2301 825 2301 822 2301 819 2301 819 2304 816 2304 808 2315 774 2304 771 2304 769 2304 634 2321 595 2304 592 2304 589 2304 586 2304 538 2321 541 2363"/></Shape>
	    <String CONTENT=""
                    HPOS="538"
                    VPOS="2295"
                    WIDTH="1146"
                    HEIGHT="101"></String>
          </TextLine>
          <TextLine ID="eSc_line_c12d2f7c"
                    TAGREFS="LT31"
                    BASELINE="544 2436 2674 2422" 
                    HPOS="541"
                    VPOS="2380"
                    WIDTH="2133"
                    HEIGHT="87">
            <Shape><Polygon POINTS="544 2436 544 2455 1378 2467 1380 2467 1383 2467 1423 2453 2632 2458 2635 2458 2638 2458 2674 2441 2674 2422 2666 2380 541 2385 544 2436"/></Shape>
	    <String CONTENT=""
                    HPOS="541"
                    VPOS="2380"
                    WIDTH="2133"
                    HEIGHT="87"></String>
          </TextLine>
          <TextLine ID="eSc_line_074b4703"
                    TAGREFS="LT31"
                    BASELINE="530 2511 2658 2506" 
                    HPOS="527"
                    VPOS="2450"
                    WIDTH="2131"
                    HEIGHT="95">
            <Shape><Polygon POINTS="530 2511 530 2531 670 2531 687 2545 690 2545 693 2545 696 2545 923 2531 929 2531 934 2531 1044 2545 1046 2545 1167 2531 1176 2531 1507 2531 1510 2531 1552 2545 1554 2545 1557 2545 1678 2531 1689 2531 2655 2531 2658 2506 2649 2458 2430 2467 2318 2455 2242 2450 2239 2450 2192 2455 2124 2467 2093 2455 2074 2450 2071 2450 1799 2450 1796 2450 1793 2450 1790 2450 1785 2455 1771 2469 1526 2469 1487 2455 1479 2453 1476 2453 1473 2453 1420 2455 1257 2467 1167 2455 1142 2453 1139 2453 1122 2455 1046 2469 1018 2455 1013 2453 1010 2453 1007 2453 1004 2453 1002 2453 1002 2455 982 2469 954 2455 948 2453 945 2453 943 2453 940 2453 931 2455 881 2472 637 2472 527 2455 530 2511"/></Shape>
	    <String CONTENT=""
                    HPOS="527"
                    VPOS="2450"
                    WIDTH="2131"
                    HEIGHT="95"></String>
          </TextLine>
          <TextLine ID="eSc_line_956b1b36"
                    TAGREFS="LT31"
                    BASELINE="527 2587 2627 2573" 
                    HPOS="524"
                    VPOS="2520"
                    WIDTH="2103"
                    HEIGHT="101">
            <Shape><Polygon POINTS="527 2587 527 2604 710 2604 732 2621 735 2621 738 2621 741 2621 990 2601 1024 2601 1035 2601 1108 2618 1111 2618 1181 2601 1192 2601 1209 2601 1288 2613 1291 2613 1392 2601 1442 2598 1602 2598 1616 2601 1647 2615 1650 2615 1653 2615 1773 2601 1818 2598 1830 2601 1849 2613 1852 2613 1855 2613 2627 2601 2627 2573 2621 2534 2542 2520 2540 2520 2537 2520 2506 2534 2500 2534 2470 2534 2298 2523 2295 2523 2127 2534 2074 2537 2063 2534 2023 2523 2020 2523 2018 2523 1917 2534 1891 2537 1877 2534 1821 2523 1818 2523 1816 2523 1785 2534 1771 2540 1757 2534 1726 2526 1723 2526 1535 2526 1532 2526 1529 2526 1526 2526 1515 2537 1510 2540 1476 2537 1392 2526 1389 2526 1201 2528 1198 2528 1195 2528 1187 2537 1178 2542 1156 2537 1128 2528 1125 2528 1122 2528 1027 2537 934 2545 898 2537 872 2531 870 2531 867 2531 864 2531 839 2537 808 2545 766 2537 729 2531 726 2531 724 2531 698 2537 665 2545 524 2540 527 2587"/></Shape>
	    <String CONTENT=""
                    HPOS="524"
                    VPOS="2520"
                    WIDTH="2103"
                    HEIGHT="101"></String>
          </TextLine>
          <TextLine ID="eSc_line_258afa73"
                    TAGREFS="LT31"
                    BASELINE="530 2663 1125 2652 2604 2660" 
                    HPOS="527"
                    VPOS="2596"
                    WIDTH="2077"
                    HEIGHT="101">
            <Shape><Polygon POINTS="530 2663 527 2677 589 2694 592 2694 595 2694 757 2680 777 2680 799 2680 931 2694 934 2694 1016 2683 1060 2677 1100 2683 1159 2694 1162 2694 1164 2694 1167 2694 1178 2685 1192 2677 1361 2677 1372 2685 1383 2694 1383 2697 1386 2697 1389 2697 1392 2697 1456 2688 1504 2680 1526 2688 1552 2697 1554 2697 1557 2697 1602 2688 1647 2680 1658 2688 1664 2694 1667 2694 1670 2694 1672 2694 1700 2688 1751 2680 2441 2680 2599 2697 2604 2660 2604 2621 2559 2598 2557 2598 2554 2598 2551 2598 2489 2618 2433 2598 2430 2598 2427 2598 2425 2598 2357 2615 2335 2598 2332 2598 2329 2598 2326 2598 2324 2598 2267 2618 2074 2618 2048 2598 2046 2598 2043 2598 1987 2598 1984 2598 1981 2598 1933 2618 1889 2598 1886 2598 1883 2598 1801 2613 1672 2598 1670 2598 1667 2598 1630 2618 1602 2598 1599 2598 1597 2598 1512 2598 1510 2598 1507 2598 1462 2618 1366 2596 1364 2596 1361 2596 1358 2596 1327 2615 1142 2615 1097 2596 1094 2596 1091 2596 1089 2596 1086 2596 1058 2615 757 2598 755 2598 530 2615 530 2663"/></Shape>
	    <String CONTENT=""
                    HPOS="527"
                    VPOS="2596"
                    WIDTH="2077"
                    HEIGHT="101"></String>
          </TextLine>
          <TextLine ID="eSc_line_b0782e60"
                    TAGREFS="LT31"
                    BASELINE="524 2736 2587 2722" 
                    HPOS="522"
                    VPOS="2666"
                    WIDTH="2065"
                    HEIGHT="98">
            <Shape><Polygon POINTS="524 2736 524 2764 2585 2750 2587 2722 2582 2683 2385 2669 2383 2669 2259 2683 2251 2683 2245 2683 2172 2666 2169 2666 2043 2683 2020 2685 1990 2683 1827 2669 1824 2669 1821 2669 1818 2669 1796 2685 1793 2685 1782 2685 1706 2671 1703 2671 1700 2671 1698 2671 1678 2685 1672 2688 1636 2685 1529 2674 1526 2674 1524 2674 1498 2685 1493 2691 1237 2691 1226 2685 1195 2674 1192 2674 1190 2674 1187 2674 1184 2674 1170 2688 1164 2694 1083 2694 1044 2688 934 2674 931 2674 929 2674 926 2674 926 2677 912 2688 906 2694 892 2688 864 2677 861 2677 858 2677 522 2688 524 2736"/></Shape>
	    <String CONTENT=""
                    HPOS="522"
                    VPOS="2666"
                    WIDTH="2065"
                    HEIGHT="98"></String>
          </TextLine>
          <TextLine ID="eSc_line_49ee6623"
                    TAGREFS="LT31"
                    BASELINE="533 2815 934 2803 2593 2812" 
                    HPOS="533"
                    VPOS="2750"
                    WIDTH="2060"
                    HEIGHT="95">
            <Shape><Polygon POINTS="533 2815 533 2840 769 2826 985 2843 1002 2843 1004 2843 1060 2843 1709 2829 1779 2845 1787 2845 1790 2845 1813 2845 1970 2831 2587 2845 2593 2812 2587 2761 1793 2772 1762 2764 1731 2753 1729 2753 1726 2753 1661 2764 1627 2770 1619 2764 1608 2753 1605 2753 1602 2753 1344 2753 1341 2753 1338 2753 1336 2753 1322 2764 1313 2772 1128 2772 1108 2767 1058 2753 1055 2753 1052 2753 1049 2753 1046 2753 1030 2767 1021 2772 892 2772 886 2767 864 2750 861 2750 858 2750 769 2750 766 2750 763 2750 760 2750 732 2767 729 2770 533 2770 533 2815"/></Shape>
	    <String CONTENT=""
                    HPOS="533"
                    VPOS="2750"
                    WIDTH="2060"
                    HEIGHT="95"></String>
          </TextLine>
          <TextLine ID="eSc_line_e077f715"
                    TAGREFS="LT31"
                    BASELINE="519 2882 2599 2876" 
                    HPOS="516"
                    VPOS="2820"
                    WIDTH="2083"
                    HEIGHT="101">
            <Shape><Polygon POINTS="519 2882 519 2907 1122 2921 1125 2921 1195 2907 1201 2907 1206 2907 1246 2921 1249 2921 1251 2921 1386 2907 1400 2907 1414 2907 1554 2921 1557 2921 1670 2907 1698 2904 1714 2907 1768 2918 1771 2918 1880 2907 1911 2904 1936 2907 2029 2918 2032 2918 2596 2904 2599 2876 2593 2837 2380 2820 2377 2820 2374 2820 2371 2820 2349 2837 2338 2837 2248 2823 2245 2823 2127 2837 2119 2837 2113 2837 2040 2820 2037 2820 1897 2837 1891 2837 1866 2837 1263 2823 1260 2823 1257 2823 1254 2823 1235 2840 1232 2840 1226 2840 1117 2826 1114 2826 993 2840 988 2840 959 2823 957 2823 954 2823 951 2823 881 2837 844 2823 842 2823 839 2823 614 2840 595 2823 592 2823 589 2823 586 2823 583 2823 516 2840 519 2882"/></Shape>
	    <String CONTENT=""
                    HPOS="516"
                    VPOS="2820"
                    WIDTH="2083"
                    HEIGHT="101"></String>
          </TextLine>
          <TextLine ID="eSc_line_8fc31c3f"
                    TAGREFS="LT31"
                    BASELINE="513 2966 729 2955 2596 2949" 
                    HPOS="510"
                    VPOS="2896"
                    WIDTH="2086"
                    HEIGHT="101">
            <Shape><Polygon POINTS="513 2966 516 2997 572 2980 741 2994 743 2994 746 2994 766 2994 1310 2977 1372 2989 1397 2991 1400 2991 1448 2986 1532 2977 1745 2983 2026 2991 2029 2991 2032 2991 2082 2980 2102 2975 2121 2977 2155 2989 2158 2989 2161 2989 2593 2972 2596 2949 2590 2910 2293 2896 2290 2896 2287 2896 2259 2910 2256 2910 2251 2910 2203 2896 2200 2896 2197 2896 2068 2910 2026 2913 1973 2910 1838 2899 1835 2899 1832 2899 1810 2910 1804 2913 1779 2910 1709 2899 1706 2899 1703 2899 1661 2910 1647 2913 1585 2910 1395 2899 1392 2899 1333 2910 1316 2913 1282 2910 1190 2902 1187 2902 1184 2902 1181 2902 1170 2910 1162 2916 1142 2910 1105 2902 1103 2902 1100 2902 1097 2902 1080 2910 1069 2916 973 2910 808 2902 805 2902 802 2902 774 2910 757 2916 510 2913 513 2966"/></Shape>
	    <String CONTENT=""
                    HPOS="510"
                    VPOS="2896"
                    WIDTH="2086"
                    HEIGHT="101"></String>
          </TextLine>
          <TextLine ID="eSc_line_ffb9cb80"
                    TAGREFS="LT31"
                    BASELINE="524 3031 1420 3022 2641 3036" 
                    HPOS="522"
                    VPOS="2969"
                    WIDTH="2119"
                    HEIGHT="93">
            <Shape><Polygon POINTS="524 3031 522 3053 2635 3062 2641 3036 2641 2991 2573 2975 2571 2975 1889 2986 1863 2972 1860 2972 1858 2972 1855 2972 1467 2986 1425 2986 1420 2986 1383 2972 1380 2972 1378 2972 1310 2986 1302 2986 1299 2986 1265 2969 1263 2969 1260 2969 1257 2969 1218 2986 1195 2986 948 2986 948 2983 931 2969 929 2969 926 2969 923 2969 920 2969 886 2983 884 2983 872 2983 726 2969 724 2969 524 2980 524 3031"/></Shape>
	    <String CONTENT=""
                    HPOS="522"
                    VPOS="2969"
                    WIDTH="2119"
                    HEIGHT="93"></String>
          </TextLine>
          <TextLine ID="eSc_line_4b96f71f"
                    TAGREFS="LT31"
                    BASELINE="538 3095 1094 3087 2635 3101" 
                    HPOS="536"
                    VPOS="3034"
                    WIDTH="2099"
                    HEIGHT="92">
            <Shape><Polygon POINTS="538 3095 536 3115 2630 3126 2635 3101 2630 3050 2290 3056 2276 3048 2267 3042 2265 3042 2262 3042 2006 3039 2004 3039 2001 3039 1998 3039 1987 3048 1978 3053 1911 3048 1796 3039 1793 3039 1790 3039 1765 3048 1745 3053 1664 3048 1510 3036 1507 3036 1504 3036 1470 3048 1459 3050 1420 3048 1277 3034 1274 3034 1212 3048 1204 3048 1190 3048 1063 3034 1060 3034 999 3048 990 3048 538 3048 538 3095"/></Shape>
	    <String CONTENT=""
                    HPOS="536"
                    VPOS="3034"
                    WIDTH="2099"
                    HEIGHT="92"></String>
          </TextLine>
          <TextLine ID="eSc_line_a8a22c59"
                    TAGREFS="LT31"
                    BASELINE="522 3163 2329 3170 2560 3169" 
                    HPOS="519"
                    VPOS="3106"
                    WIDTH="2049"
                    HEIGHT="82">
            <Shape><Polygon POINTS="522 3188 2565 3182 2568 3157 2562 3121 2194 3106 2192 3106 2189 3106 2186 3106 2166 3121 2164 3121 2074 3106 2071 3106 1852 3121 1731 3106 1729 3106 1726 3106 1723 3106 1703 3121 1131 3109 1128 3109 1125 3109 1122 3109 1103 3126 979 3126 732 3109 729 3109 726 3109 698 3123 676 3109 673 3109 670 3109 668 3109 665 3109 609 3123 578 3109 575 3109 572 3109 569 3109 519 3126 522 3163"/></Shape>
	    <String CONTENT=""
                    HPOS="519"
                    VPOS="3106"
                    WIDTH="2049"
                    HEIGHT="82"></String>
          </TextLine>
          <TextLine ID="eSc_line_ab661d03"
                    TAGREFS="LT31"
                    BASELINE="513 3230 2562 3222" 
                    HPOS="510"
                    VPOS="3168"
                    WIDTH="2052"
                    HEIGHT="98">
            <Shape><Polygon POINTS="513 3230 519 3266 547 3247 993 3247 1021 3261 1024 3264 1027 3264 1030 3264 1032 3264 1058 3261 1117 3250 1136 3261 1145 3264 1147 3264 1150 3264 1153 3264 1164 3258 1195 3247 1285 3258 1293 3258 1296 3258 1299 3258 1302 3258 1324 3244 1442 3255 1467 3258 1470 3258 1493 3255 1577 3244 1636 3255 1675 3261 1678 3261 1785 3252 1939 3241 1970 3252 1992 3258 1995 3258 1998 3258 2559 3244 2562 3222 2554 3177 2267 3182 2239 3177 2186 3168 2183 3168 2119 3179 2096 3182 2082 3179 2046 3168 2043 3168 2040 3168 2037 3168 2012 3179 2006 3182 2001 3179 1970 3168 1967 3168 1964 3168 1961 3168 1959 3168 1942 3179 1936 3182 1905 3182 1765 3171 1762 3171 1759 3171 1757 3171 1743 3182 1737 3188 1482 3188 1470 3185 1372 3171 1369 3171 1366 3171 1364 3171 1347 3185 1279 3171 1277 3171 1201 3188 1190 3188 1170 3188 1010 3174 1007 3174 1004 3174 973 3188 934 3174 931 3174 929 3174 926 3174 898 3188 856 3174 853 3174 850 3174 755 3188 732 3174 729 3174 726 3174 552 3174 550 3174 547 3174 510 3188 513 3230"/></Shape>
	    <String CONTENT=""
                    HPOS="510"
                    VPOS="3168"
                    WIDTH="2052"
                    HEIGHT="98"></String>
          </TextLine>
          <TextLine ID="eSc_line_02e36381"
                    TAGREFS="LT31"
                    BASELINE="527 3295 2599 3286" 
                    HPOS="524"
                    VPOS="3233"
                    WIDTH="2075"
                    HEIGHT="98">
            <Shape><Polygon POINTS="527 3295 527 3317 729 3331 732 3331 735 3331 757 3320 769 3314 816 3320 892 3328 895 3328 898 3328 931 3320 959 3314 993 3320 1052 3331 1055 3331 1170 3320 1279 3311 1380 3323 1445 3328 1448 3328 1484 3323 1540 3311 1557 3323 1563 3328 1566 3328 1569 3328 1571 3331 1675 3331 1675 3328 1751 3323 1939 3309 1967 3325 1970 3325 1973 3325 1976 3328 2427 3328 2427 3325 2430 3325 2495 3309 2593 3325 2599 3286 2593 3250 2203 3233 2200 3233 2119 3247 1768 3236 1765 3236 1695 3250 1692 3250 1689 3250 1658 3236 1656 3236 1653 3236 1650 3236 1602 3250 1599 3250 1557 3236 1554 3236 1552 3236 1549 3236 1546 3236 1529 3250 1526 3252 1355 3252 1347 3250 1218 3236 1215 3236 1105 3250 1083 3252 990 3250 595 3238 592 3238 524 3250 527 3295"/></Shape>
	    <String CONTENT=""
                    HPOS="524"
                    VPOS="3233"
                    WIDTH="2075"
                    HEIGHT="98"></String>
          </TextLine>
        </TextBlock>
      </PrintSpace>
    </Page>
  </Layout>
</alto>
