<?xml version="1.0" encoding="UTF-8"?>
<alto xmlns:xsi="http://www.w3.org/2001/XMLSchema-instance"
      xmlns="http://www.loc.gov/standards/alto/ns-v4#"
      xsi:schemaLocation="http://www.loc.gov/standards/alto/ns-v4# http://www.loc.gov/standards/alto/v4/alto-4-2.xsd">
  <Description>
    <MeasurementUnit>pixel</MeasurementUnit>
    <sourceImageInformation>
      <fileName>ARCH-DIV-000496_0309.png</fileName>
    </sourceImageInformation>
  </Description>
  <Tags>
    <OtherTag ID="BT42" LABEL="MainZone" DESCRIPTION="block type MainZone"/><OtherTag ID="BT43" LABEL="MarginTextZone" DESCRIPTION="block type MarginTextZone"/><OtherTag ID="BT44" LABEL="NumberingZone" DESCRIPTION="block type NumberingZone"/><OtherTag ID="BT45" LABEL="TitlePageZone" DESCRIPTION="block type TitlePageZone"/><OtherTag ID="BT46" LABEL="CustomZone:Numbering" DESCRIPTION="block type CustomZone:Numbering"/><OtherTag ID="BT49" LABEL="MarginTextZone:lower" DESCRIPTION="block type MarginTextZone:lower"/>
    <OtherTag ID="LT25" LABEL="default" DESCRIPTION="line type default"/><OtherTag ID="LT31" LABEL="DefaultLine" DESCRIPTION="line type DefaultLine"/><OtherTag ID="LT32" LABEL="HeadingLine" DESCRIPTION="line type HeadingLine"/><OtherTag ID="LT33" LABEL="InterlinearLine:addition" DESCRIPTION="line type InterlinearLine:addition"/><OtherTag ID="LT34" LABEL="InterlinearLine:correction" DESCRIPTION="line type InterlinearLine:correction"/>
  </Tags>
  <Layout>
    <Page WIDTH="2790"
          HEIGHT="4098"
          PHYSICAL_IMG_NR="308"
          ID="eSc_dummypage_">
      <PrintSpace HPOS="0"
                  VPOS="0"
                  WIDTH="2790"
                  HEIGHT="4098">
        <TextBlock HPOS="147"
                   VPOS="49"
                   WIDTH="274"
                   HEIGHT="167"
                   ID="eSc_textblock_5cb4295e"
                   TAGREFS="BT44">
          <Shape><Polygon POINTS="147 49 147 216 421 216 421 49"/></Shape>
          <TextLine ID="eSc_line_efd65e24"
                    TAGREFS="LT31"
                    BASELINE="225 140 369 129" 
                    HPOS="222"
                    VPOS="75"
                    WIDTH="147"
                    HEIGHT="112">
            <Shape><Polygon POINTS="290 105 256 99 222 95 225 140 225 177 369 187 369 129 359 75 294 78 290 105"/></Shape>
	    <String CONTENT=""
                    HPOS="222"
                    VPOS="75"
                    WIDTH="147"
                    HEIGHT="112"></String>
          </TextLine>
        </TextBlock>
        <TextBlock HPOS="586"
                   VPOS="0"
                   WIDTH="2204"
                   HEIGHT="3387"
                   ID="eSc_textblock_07d3aa02"
                   TAGREFS="BT42">
          <Shape><Polygon POINTS="600 0 586 1916 586 1922 594 3370 2786 3387 2790 0"/></Shape>
          <TextLine ID="eSc_line_908caa13"
                    TAGREFS="LT31"
                    BASELINE="656 105 2762 75" 
                    HPOS="653"
                    VPOS="17"
                    WIDTH="2109"
                    HEIGHT="112">
            <Shape><Polygon POINTS="2396 17 2362 17 2328 17 2294 17 2253 30 2242 34 2208 30 2102 20 2089 20 2054 20 2051 20 2034 34 2024 40 1877 40 1870 34 1856 23 1849 23 1825 23 1795 34 1764 40 1709 34 1651 23 1644 27 1610 27 1606 27 1579 34 1538 47 1412 47 1401 34 1395 30 1395 27 1371 27 1357 37 1330 47 1299 37 1285 30 1282 30 1278 30 1189 37 998 51 878 37 861 37 858 37 854 37 851 37 824 54 653 40 656 105 656 129 2762 95 2762 75 2755 30 2400 17 2396 17"/></Shape>
	    <String CONTENT=""
                    HPOS="653"
                    VPOS="17"
                    WIDTH="2109"
                    HEIGHT="112"></String>
          </TextLine>
          <TextLine ID="eSc_line_b3492924"
                    TAGREFS="LT31"
                    BASELINE="649 174 1114 153 2718 133" 
                    HPOS="646"
                    VPOS="88"
                    WIDTH="2072"
                    HEIGHT="113">
            <Shape><Polygon POINTS="649 174 649 201 1323 174 1418 187 1422 187 1784 167 2711 167 2718 133 2707 88 646 119 649 174"/></Shape>
	    <String CONTENT=""
                    HPOS="646"
                    VPOS="88"
                    WIDTH="2072"
                    HEIGHT="113"></String>
          </TextLine>
          <TextLine ID="eSc_line_defa9b80"
                    TAGREFS="LT31"
                    BASELINE="649 221 2721 194" 
                    HPOS="646"
                    VPOS="153"
                    WIDTH="2075"
                    HEIGHT="106">
            <Shape><Polygon POINTS="649 221 649 259 2718 218 2721 194 2711 153 646 177 649 221"/></Shape>
	    <String CONTENT=""
                    HPOS="646"
                    VPOS="153"
                    WIDTH="2075"
                    HEIGHT="106"></String>
          </TextLine>
          <TextLine ID="eSc_line_6a6a7620"
                    TAGREFS="LT31"
                    BASELINE="629 293 1675 262 2769 256" 
                    HPOS="625"
                    VPOS="204"
                    WIDTH="2144"
                    HEIGHT="113">
            <Shape><Polygon POINTS="629 317 2769 286 2769 256 2759 204 625 239 629 293"/></Shape>
	    <String CONTENT=""
                    HPOS="625"
                    VPOS="204"
                    WIDTH="2144"
                    HEIGHT="113"></String>
          </TextLine>
          <TextLine ID="eSc_line_9b8f4a5f"
                    TAGREFS="LT31"
                    BASELINE="659 358 1726 321 2745 321" 
                    HPOS="656"
                    VPOS="269"
                    WIDTH="2089"
                    HEIGHT="116">
            <Shape><Polygon POINTS="659 358 659 385 2745 344 2745 321 2742 269 1767 269 1764 269 1254 293 1217 280 1213 280 1210 280 1206 280 1203 280 1203 283 1186 297 1186 300 656 307 659 358"/></Shape>
	    <String CONTENT=""
                    HPOS="656"
                    VPOS="269"
                    WIDTH="2089"
                    HEIGHT="116"></String>
          </TextLine>
          <TextLine ID="eSc_line_6768f3ab"
                    TAGREFS="LT31"
                    BASELINE="637 415 2731 375" 
                    HPOS="1596"
                    VPOS="327"
                    WIDTH="1135"
                    HEIGHT="110">
            <Shape><Polygon POINTS="1600 437 1743 416 1907 426 1952 430 1955 430 2728 399 2731 375 2721 327 1596 334 1600 396"/></Shape>
	    <String CONTENT=""
                    HPOS="1596"
                    VPOS="327"
                    WIDTH="1135"
                    HEIGHT="110"></String>
          </TextLine>
          <TextLine ID="eSc_line_7cffc161"
                    TAGREFS="LT33"
                    BASELINE="915 437 1645 420" 
                    HPOS="915"
                    VPOS="420"
                    WIDTH="730"
                    HEIGHT="17">
	    <String CONTENT=""
                    HPOS="915"
                    VPOS="420"
                    WIDTH="730"
                    HEIGHT="17"></String>
          </TextLine>
          <TextLine ID="eSc_line_ff46068b"
                    TAGREFS="LT31"
                    BASELINE="635 488 2735 440" 
                    HPOS="632"
                    VPOS="358"
                    WIDTH="2103"
                    HEIGHT="161">
            <Shape><Polygon POINTS="2195 385 2191 385 2188 385 2143 399 2099 409 1883 402 1764 399 1760 399 1757 399 1743 406 1716 416 1682 406 1648 396 1624 396 1617 385 1531 358 1528 358 1524 358 803 375 800 375 796 375 796 379 752 423 745 430 632 426 635 488 635 519 2735 461 2735 440 2728 389 2314 389 2311 389 2307 389 2294 396 2266 406 2232 396 2198 385 2195 385"/></Shape>
	    <String CONTENT=""
                    HPOS="632"
                    VPOS="358"
                    WIDTH="2103"
                    HEIGHT="161"></String>
          </TextLine>
          <TextLine ID="eSc_line_888f3d83"
                    TAGREFS="LT31"
                    BASELINE="639 563 2696 498 2774 514" 
                    HPOS="635"
                    VPOS="491"
                    WIDTH="756"
                    HEIGHT="103">
            <Shape><Polygon POINTS="639 594 1391 556 1391 536 1381 491 635 515 639 563"/></Shape>
	    <String CONTENT=""
                    HPOS="635"
                    VPOS="491"
                    WIDTH="756"
                    HEIGHT="103"></String>
          </TextLine>
          <TextLine ID="eSc_line_52c8c69e"
                    TAGREFS="LT33"
                    BASELINE="1403 564 1711 555" 
                    HPOS="1403"
                    VPOS="555"
                    WIDTH="308"
                    HEIGHT="9">
	    <String CONTENT=""
                    HPOS="1403"
                    VPOS="555"
                    WIDTH="308"
                    HEIGHT="9"></String>
          </TextLine>
          <TextLine ID="eSc_line_76545543"
                    TAGREFS="LT31"
                    BASELINE="646 631 1457 599 2759 560" 
                    HPOS="642"
                    VPOS="508"
                    WIDTH="2117"
                    HEIGHT="154">
            <Shape><Polygon POINTS="2181 532 2164 536 2160 536 2130 522 2126 522 2123 522 1801 542 1747 508 1743 508 1740 508 1736 508 1412 515 1367 515 1360 539 1326 539 1312 539 1292 560 1097 553 1094 553 1090 553 1039 573 988 556 984 556 981 556 642 587 646 631 646 662 2506 590 2519 590 2601 604 2605 604 2759 580 2759 560 2752 515 2307 512 2304 512"/></Shape>
	    <String CONTENT=""
                    HPOS="642"
                    VPOS="508"
                    WIDTH="2117"
                    HEIGHT="154"></String>
          </TextLine>
          <TextLine ID="eSc_line_81533e6f"
                    TAGREFS="LT31"
                    BASELINE="635 700 1846 648 2645 627 2726 632 2771 648" 
                    HPOS="632"
                    VPOS="566"
                    WIDTH="2137"
                    HEIGHT="164">
            <Shape><Polygon POINTS="635 730 2769 665 2769 635 2762 583 2636 566 2632 566 2533 590 2523 590 2502 590 2321 577 2318 577 2314 577 2311 577 2311 580 2290 597 2212 580 2208 580 2099 604 1470 604 1466 604 1463 604 1415 624 1367 607 1364 607 1360 607 1077 635 1042 638 1029 638 943 621 940 621 632 648 635 700"/></Shape>
	    <String CONTENT=""
                    HPOS="632"
                    VPOS="566"
                    WIDTH="2137"
                    HEIGHT="164"></String>
          </TextLine>
          <TextLine ID="eSc_line_fa1bd39d"
                    TAGREFS="LT31"
                    BASELINE="635 768 1736 720 2765 705" 
                    HPOS="632"
                    VPOS="648"
                    WIDTH="2120"
                    HEIGHT="157">
            <Shape><Polygon POINTS="635 805 868 778 2752 734 2752 700 2742 648 1777 665 1593 686 1565 689 1545 689 1395 679 1391 679 1258 700 1251 700 1244 700 1155 686 1152 686 632 720 635 768"/></Shape>
	    <String CONTENT=""
                    HPOS="632"
                    VPOS="648"
                    WIDTH="2120"
                    HEIGHT="157"></String>
          </TextLine>
          <TextLine ID="eSc_line_665a306d"
                    TAGREFS="LT31"
                    BASELINE="635 840 2078 775 2748 768" 
                    HPOS="632"
                    VPOS="713"
                    WIDTH="2116"
                    HEIGHT="161">
            <Shape><Polygon POINTS="635 840 635 874 1863 812 2013 823 2017 823 2222 799 2745 799 2748 768 2738 713 632 778 635 840"/></Shape>
	    <String CONTENT=""
                    HPOS="632"
                    VPOS="713"
                    WIDTH="2116"
                    HEIGHT="161"></String>
          </TextLine>
          <TextLine ID="eSc_line_d710205e"
                    TAGREFS="LT31"
                    BASELINE="629 904 1097 898 2048 843 2731 823" 
                    HPOS="625"
                    VPOS="771"
                    WIDTH="2106"
                    HEIGHT="171">
            <Shape><Polygon POINTS="629 904 629 942 2731 853 2731 823 2721 771 625 857 629 904"/></Shape>
	    <String CONTENT=""
                    HPOS="625"
                    VPOS="771"
                    WIDTH="2106"
                    HEIGHT="171"></String>
          </TextLine>
          <TextLine ID="eSc_line_2b6299fd"
                    TAGREFS="LT31"
                    BASELINE="642 976 1258 963 2119 911 2721 894" 
                    HPOS="639"
                    VPOS="850"
                    WIDTH="2082"
                    HEIGHT="171">
            <Shape><Polygon POINTS="642 976 642 1021 906 993 940 1007 943 1007 947 1007 2718 922 2721 894 2714 850 1928 863 1767 887 1764 887 1610 877 1606 877 1603 877 1562 898 971 922 960 922 882 908 878 908 639 935 642 976"/></Shape>
	    <String CONTENT=""
                    HPOS="639"
                    VPOS="850"
                    WIDTH="2082"
                    HEIGHT="171"></String>
          </TextLine>
          <TextLine ID="eSc_line_c692372e"
                    TAGREFS="LT34"
                    BASELINE="2275 946 2526 928" 
                    HPOS="2275"
                    VPOS="928"
                    WIDTH="251"
                    HEIGHT="18">
	    <String CONTENT=""
                    HPOS="2275"
                    VPOS="928"
                    WIDTH="251"
                    HEIGHT="18"></String>
          </TextLine>
          <TextLine ID="eSc_line_b040cf02"
                    TAGREFS="LT31"
                    BASELINE="625 1044 1302 1027 2725 945" 
                    HPOS="622"
                    VPOS="904"
                    WIDTH="2103"
                    HEIGHT="181">
            <Shape><Polygon POINTS="625 1044 625 1085 2725 983 2725 945 2718 904 622 997 625 1044"/></Shape>
	    <String CONTENT=""
                    HPOS="622"
                    VPOS="904"
                    WIDTH="2103"
                    HEIGHT="181"></String>
          </TextLine>
          <TextLine ID="eSc_line_bfaff946"
                    TAGREFS="LT31"
                    BASELINE="649 1113 1377 1089 2704 1014" 
                    HPOS="646"
                    VPOS="959"
                    WIDTH="2058"
                    HEIGHT="202">
            <Shape><Polygon POINTS="649 1113 649 1161 854 1133 1155 1133 1159 1133 1261 1113 1350 1123 1381 1126 1384 1126 1388 1126 1408 1120 1453 1106 1490 1116 1511 1120 1514 1120 1518 1120 2704 1041 2704 1014 2697 959 2181 1004 646 1062 649 1113"/></Shape>
	    <String CONTENT=""
                    HPOS="646"
                    VPOS="959"
                    WIDTH="2058"
                    HEIGHT="202"></String>
          </TextLine>
          <TextLine ID="eSc_line_a8a9bf1c"
                    TAGREFS="LT31"
                    BASELINE="673 1181 2704 1085" 
                    HPOS="670"
                    VPOS="1034"
                    WIDTH="2034"
                    HEIGHT="181">
            <Shape><Polygon POINTS="673 1181 673 1215 2704 1123 2704 1085 2697 1034 670 1130 673 1181"/></Shape>
	    <String CONTENT=""
                    HPOS="670"
                    VPOS="1034"
                    WIDTH="2034"
                    HEIGHT="181"></String>
          </TextLine>
          <TextLine ID="eSc_line_3ee24d29"
                    TAGREFS="LT31"
                    BASELINE="639 1253 2413 1174 2745 1147" 
                    HPOS="635"
                    VPOS="1092"
                    WIDTH="2110"
                    HEIGHT="198">
            <Shape><Polygon POINTS="639 1253 639 1290 899 1270 1094 1273 1162 1273 1165 1273 1169 1273 1183 1270 1244 1249 1391 1260 1425 1260 1429 1260 1432 1260 1439 1256 1477 1239 1572 1249 1610 1253 1613 1253 1617 1253 1637 1246 1692 1229 1733 1243 1747 1246 1750 1246 1754 1246 1757 1246 1777 1239 1842 1222 1931 1232 1965 1236 1969 1236 2007 1229 2085 1212 2212 1219 2280 1222 2283 1222 2287 1222 2290 1222 2301 1215 2318 1205 2410 1208 2475 1212 2478 1212 2482 1212 2485 1212 2495 1205 2519 1191 2742 1191 2745 1147 2738 1092 2642 1116 2133 1123 1921 1130 1918 1130 1914 1130 1914 1133 1907 1137 1897 1147 1870 1140 1849 1133 1846 1133 1842 1133 1596 1154 1425 1167 1391 1164 1312 1157 1309 1157 1237 1174 1213 1178 1169 1178 1012 1171 1008 1171 635 1205 639 1253"/></Shape>
	    <String CONTENT=""
                    HPOS="635"
                    VPOS="1092"
                    WIDTH="2110"
                    HEIGHT="198"></String>
          </TextLine>
          <TextLine ID="eSc_line_afa155ed"
                    TAGREFS="LT31"
                    BASELINE="646 1321 2721 1222" 
                    HPOS="642"
                    VPOS="1171"
                    WIDTH="2079"
                    HEIGHT="191">
            <Shape><Polygon POINTS="646 1321 646 1362 1008 1328 1206 1335 1217 1335 1220 1335 1234 1335 1504 1301 2721 1260 2721 1222 2714 1171 642 1277 646 1321"/></Shape>
	    <String CONTENT=""
                    HPOS="642"
                    VPOS="1171"
                    WIDTH="2079"
                    HEIGHT="191"></String>
          </TextLine>
          <TextLine ID="eSc_line_8643063b"
                    TAGREFS="LT31"
                    BASELINE="622 1386 2731 1284" 
                    HPOS="618"
                    VPOS="1229"
                    WIDTH="2113"
                    HEIGHT="181">
            <Shape><Polygon POINTS="622 1386 622 1410 2731 1311 2731 1284 2725 1229 618 1325 622 1386"/></Shape>
	    <String CONTENT=""
                    HPOS="618"
                    VPOS="1229"
                    WIDTH="2113"
                    HEIGHT="181"></String>
          </TextLine>
          <TextLine ID="eSc_line_b21a15ec"
                    TAGREFS="LT31"
                    BASELINE="622 1461 2728 1362" 
                    HPOS="618"
                    VPOS="1318"
                    WIDTH="2110"
                    HEIGHT="174">
            <Shape><Polygon POINTS="622 1461 622 1492 2728 1393 2728 1362 2721 1318 618 1413 622 1461"/></Shape>
	    <String CONTENT=""
                    HPOS="618"
                    VPOS="1318"
                    WIDTH="2110"
                    HEIGHT="174"></String>
          </TextLine>
          <TextLine ID="eSc_line_319a6bbb"
                    TAGREFS="LT31"
                    BASELINE="629 1533 2731 1430" 
                    HPOS="625"
                    VPOS="1386"
                    WIDTH="2106"
                    HEIGHT="181">
            <Shape><Polygon POINTS="629 1533 629 1567 1613 1509 1979 1509 2013 1509 2013 1506 2017 1506 2020 1506 2068 1488 2157 1499 2167 1499 2171 1499 2174 1499 2177 1499 2177 1495 2181 1495 2191 1482 2301 1492 2307 1492 2311 1492 2314 1492 2318 1492 2393 1471 2728 1471 2731 1430 2725 1386 625 1488 629 1533"/></Shape>
	    <String CONTENT=""
                    HPOS="625"
                    VPOS="1386"
                    WIDTH="2106"
                    HEIGHT="181"></String>
          </TextLine>
          <TextLine ID="eSc_line_db7c5977"
                    TAGREFS="LT31"
                    BASELINE="625 1605 2701 1502" 
                    HPOS="622"
                    VPOS="1447"
                    WIDTH="2079"
                    HEIGHT="185">
            <Shape><Polygon POINTS="625 1605 625 1632 2701 1529 2701 1502 2694 1447 1757 1502 1736 1499 1695 1488 1692 1488 1689 1488 1586 1506 1548 1512 1535 1509 1507 1499 1504 1499 1500 1499 1381 1519 1340 1523 1282 1523 1070 1519 1066 1519 940 1543 926 1543 919 1543 865 1529 861 1529 858 1529 854 1529 793 1550 786 1550 779 1550 670 1540 666 1540 663 1540 622 1553 625 1605"/></Shape>
	    <String CONTENT=""
                    HPOS="622"
                    VPOS="1447"
                    WIDTH="2079"
                    HEIGHT="185"></String>
          </TextLine>
          <TextLine ID="eSc_line_a0535fb5"
                    TAGREFS="LT31"
                    BASELINE="629 1676 2690 1574" 
                    HPOS="622"
                    VPOS="1529"
                    WIDTH="2068"
                    HEIGHT="178">
            <Shape><Polygon POINTS="629 1676 629 1707 2690 1601 2690 1574 2684 1529 622 1625 629 1676"/></Shape>
	    <String CONTENT=""
                    HPOS="622"
                    VPOS="1529"
                    WIDTH="2068"
                    HEIGHT="178"></String>
          </TextLine>
          <TextLine ID="eSc_line_47bdaf4b"
                    TAGREFS="LT31"
                    BASELINE="629 1738 1053 1727 1849 1669 2731 1642" 
                    HPOS="625"
                    VPOS="1591"
                    WIDTH="2106"
                    HEIGHT="184">
            <Shape><Polygon POINTS="629 1738 629 1775 1648 1710 1678 1724 1682 1724 1685 1724 2010 1693 2123 1704 2126 1704 2130 1704 2133 1704 2160 1687 2198 1700 2201 1700 2205 1700 2605 1666 2725 1676 2731 1642 2725 1591 625 1693 629 1738"/></Shape>
	    <String CONTENT=""
                    HPOS="625"
                    VPOS="1591"
                    WIDTH="2106"
                    HEIGHT="184"></String>
          </TextLine>
          <TextLine ID="eSc_line_efa05e3f"
                    TAGREFS="LT31"
                    BASELINE="625 1809 2748 1692" 
                    HPOS="622"
                    VPOS="1666"
                    WIDTH="1925"
                    HEIGHT="178">
            <Shape><Polygon POINTS="625 1844 2543 1734 2547 1710 2540 1666 622 1758 625 1809"/></Shape>
	    <String CONTENT=""
                    HPOS="622"
                    VPOS="1666"
                    WIDTH="1925"
                    HEIGHT="178"></String>
          </TextLine>
          <TextLine ID="eSc_line_dd4ba35c"
                    TAGREFS="LT31"
                    BASELINE="632 1869 1033 1851 2721 1755" 
                    HPOS="1815"
                    VPOS="1707"
                    WIDTH="906"
                    HEIGHT="123">
            <Shape><Polygon POINTS="2184 1731 2130 1731 2123 1734 2109 1734 2068 1734 2054 1738 2034 1738 2007 1738 1986 1741 1959 1741 1942 1741 1918 1745 1883 1745 1880 1745 1849 1748 1815 1751 1818 1796 1818 1830 2721 1779 2721 1755 2711 1707 2195 1727 2191 1731"/></Shape>
	    <String CONTENT=""
                    HPOS="1815"
                    VPOS="1707"
                    WIDTH="906"
                    HEIGHT="123"></String>
          </TextLine>
          <TextLine ID="eSc_line_294c2b57"
                    TAGREFS="LT34"
                    BASELINE="592 1901 809 1893" 
                    HPOS="598"
                    VPOS="1823"
                    WIDTH="65"
                    HEIGHT="144">
            <Shape><Polygon POINTS="598 1902 598 1967 663 1967 663 1902 656 1823 615 1837 598 1868"/></Shape>
	    <String CONTENT=""
                    HPOS="598"
                    VPOS="1823"
                    WIDTH="65"
                    HEIGHT="144"></String>
          </TextLine>
          <TextLine ID="eSc_line_c41ed6ae"
                    TAGREFS="LT31"
                    BASELINE="640 1930 2735 1813" 
                    HPOS="738"
                    VPOS="1768"
                    WIDTH="1997"
                    HEIGHT="192">
            <Shape><Polygon POINTS="741 1960 2735 1840 2735 1813 2728 1768 738 1864 741 1919"/></Shape>
	    <String CONTENT=""
                    HPOS="738"
                    VPOS="1768"
                    WIDTH="1997"
                    HEIGHT="192"></String>
          </TextLine>
          <TextLine ID="eSc_line_499ef169"
                    TAGREFS="LT31"
                    BASELINE="618 1990 1409 1956 1409 1956 2071 1908 2711 1888" 
                    HPOS="615"
                    VPOS="1837"
                    WIDTH="2096"
                    HEIGHT="188">
            <Shape><Polygon POINTS="618 2025 2711 1905 2711 1888 2704 1837 615 1932 618 1990"/></Shape>
	    <String CONTENT=""
                    HPOS="615"
                    VPOS="1837"
                    WIDTH="2096"
                    HEIGHT="188"></String>
          </TextLine>
          <TextLine ID="eSc_line_3cc4a2f1"
                    TAGREFS="LT31"
                    BASELINE="625 2055 1159 2042 2742 1949" 
                    HPOS="618"
                    VPOS="1905"
                    WIDTH="2124"
                    HEIGHT="181">
            <Shape><Polygon POINTS="625 2055 625 2086 2742 1984 2742 1949 2735 1905 618 2004 625 2055"/></Shape>
	    <String CONTENT=""
                    HPOS="618"
                    VPOS="1905"
                    WIDTH="2124"
                    HEIGHT="181"></String>
          </TextLine>
          <TextLine ID="eSc_line_3ab89119"
                    TAGREFS="LT31"
                    BASELINE="625 2124 1114 2110 2731 2014" 
                    HPOS="618"
                    VPOS="1973"
                    WIDTH="2113"
                    HEIGHT="185">
            <Shape><Polygon POINTS="625 2124 625 2158 2731 2049 2731 2014 2725 1973 618 2076 625 2124"/></Shape>
	    <String CONTENT=""
                    HPOS="618"
                    VPOS="1973"
                    WIDTH="2113"
                    HEIGHT="185"></String>
          </TextLine>
          <TextLine ID="eSc_line_175f1160"
                    TAGREFS="LT31"
                    BASELINE="625 2202 1399 2166 1399 2166 2492 2089 2766 2086" 
                    HPOS="622"
                    VPOS="2028"
                    WIDTH="2144"
                    HEIGHT="208">
            <Shape><Polygon POINTS="625 2236 2766 2113 2766 2086 2755 2028 622 2154 625 2202"/></Shape>
	    <String CONTENT=""
                    HPOS="622"
                    VPOS="2028"
                    WIDTH="2144"
                    HEIGHT="208"></String>
          </TextLine>
          <TextLine ID="eSc_line_2598539d"
                    TAGREFS="LT31"
                    BASELINE="618 2264 1220 2240 2434 2158 2711 2158" 
                    HPOS="615"
                    VPOS="2103"
                    WIDTH="2096"
                    HEIGHT="195">
            <Shape><Polygon POINTS="618 2264 618 2298 2711 2175 2711 2158 2704 2103 615 2209 618 2264"/></Shape>
	    <String CONTENT=""
                    HPOS="615"
                    VPOS="2103"
                    WIDTH="2096"
                    HEIGHT="195"></String>
          </TextLine>
          <TextLine ID="eSc_line_00ec9be4"
                    TAGREFS="LT31"
                    BASELINE="629 2332 1855 2277 1855 2277 2420 2233 2711 2229" 
                    HPOS="625"
                    VPOS="2178"
                    WIDTH="2086"
                    HEIGHT="198">
            <Shape><Polygon POINTS="629 2332 629 2376 820 2349 875 2363 878 2363 882 2363 885 2363 888 2363 947 2342 1210 2342 1234 2342 1237 2342 1247 2342 1343 2322 1521 2325 1572 2325 1576 2325 2711 2253 2711 2229 2701 2178 642 2288 625 2322"/></Shape>
	    <String CONTENT=""
                    HPOS="625"
                    VPOS="2178"
                    WIDTH="2086"
                    HEIGHT="198"></String>
          </TextLine>
          <TextLine ID="eSc_line_95458180"
                    TAGREFS="LT31"
                    BASELINE="632 2393 2714 2291" 
                    HPOS="629"
                    VPOS="2236"
                    WIDTH="2085"
                    HEIGHT="198">
            <Shape><Polygon POINTS="1005 2373 971 2370 936 2373 902 2380 868 2356 834 2352 800 2349 765 2346 759 2342 629 2349 632 2393 632 2434 2714 2325 2714 2291 2704 2236 1025 2329 1005 2373"/></Shape>
	    <String CONTENT=""
                    HPOS="629"
                    VPOS="2236"
                    WIDTH="2085"
                    HEIGHT="198"></String>
          </TextLine>
          <TextLine ID="eSc_line_d8c28ab1"
                    TAGREFS="LT31"
                    BASELINE="615 2467 2738 2356" 
                    HPOS="1049"
                    VPOS="2311"
                    WIDTH="1689"
                    HEIGHT="161">
            <Shape><Polygon POINTS="1056 2472 2738 2393 2738 2356 2731 2311 1702 2349 1453 2380 1439 2380 1436 2380 1319 2370 1316 2370 1312 2370 1309 2370 1289 2387 1186 2376 1183 2376 1049 2400 1056 2445"/></Shape>
	    <String CONTENT=""
                    HPOS="1049"
                    VPOS="2311"
                    WIDTH="1689"
                    HEIGHT="161"></String>
          </TextLine>
          <TextLine ID="eSc_line_66dd78b3"
                    TAGREFS="LT31"
                    BASELINE="632 2520 2742 2431" 
                    HPOS="629"
                    VPOS="2390"
                    WIDTH="2113"
                    HEIGHT="164">
            <Shape><Polygon POINTS="2725 2390 2181 2410 2167 2445 2133 2451 2099 2451 2065 2451 2030 2451 1996 2455 1962 2455 1928 2455 1894 2455 1860 2455 1825 2458 1791 2462 1757 2469 1723 2472 1689 2465 1654 2469 1620 2472 1596 2438 1131 2455 1107 2496 1073 2496 1039 2489 1005 2479 984 2462 629 2475 632 2520 632 2554 2738 2462 2742 2431 2738 2410 2725 2390"/></Shape>
	    <String CONTENT=""
                    HPOS="629"
                    VPOS="2390"
                    WIDTH="2113"
                    HEIGHT="164"></String>
          </TextLine>
          <TextLine ID="eSc_line_8936b829"
                    TAGREFS="LT31"
                    BASELINE="622 2588 1730 2544" 
                    HPOS="618"
                    VPOS="2492"
                    WIDTH="1112"
                    HEIGHT="154">
            <Shape><Polygon POINTS="1268 2561 1234 2561 1200 2561 1165 2561 1131 2561 1097 2568 1063 2568 1029 2568 994 2568 967 2520 748 2530 721 2574 687 2581 659 2533 618 2533 622 2588 622 2646 1087 2629 1186 2609 1306 2578 1730 2564 1730 2544 1723 2492 1292 2510 1268 2561"/></Shape>
	    <String CONTENT=""
                    HPOS="618"
                    VPOS="2492"
                    WIDTH="1112"
                    HEIGHT="154"></String>
          </TextLine>
          <TextLine ID="eSc_line_bcbe16e1"
                    TAGREFS="LT31"
                    BASELINE="629 2660 1180 2641 1603 2612 2753 2568" 
                    HPOS="625"
                    VPOS="2585"
                    WIDTH="1658"
                    HEIGHT="109">
            <Shape><Polygon POINTS="2232 2591 2198 2595 2164 2595 2130 2598 2095 2595 2061 2595 2027 2595 1993 2595 1959 2595 1924 2595 1890 2598 1856 2598 1822 2598 1788 2598 1754 2598 1719 2598 1685 2598 1651 2602 1617 2602 1583 2602 1548 2602 1514 2602 1480 2615 1446 2605 1432 2585 1391 2588 1377 2612 1343 2619 1309 2626 1275 2615 1241 2612 1206 2612 1172 2609 1138 2609 1104 2609 1070 2605 1035 2605 1032 2602 964 2605 930 2605 711 2598 707 2598 625 2615 629 2660 629 2694 847 2687 851 2687 854 2687 892 2660 1066 2656 1104 2673 1107 2677 1111 2677 1114 2677 1220 2670 1579 2643 1706 2650 1740 2650 1743 2650 1747 2650 1750 2650 1750 2646 1764 2632 1791 2646 1801 2650 1805 2650 1808 2650 1812 2650 1825 2643 1846 2632 1996 2636 2027 2636 2030 2636 2034 2636 2037 2636 2054 2622 2071 2632 2075 2636 2078 2636 2082 2636 2085 2636 2283 2622 2283 2598 2280 2595 2266 2595"/></Shape>
	    <String CONTENT=""
                    HPOS="625"
                    VPOS="2585"
                    WIDTH="1658"
                    HEIGHT="109"></String>
          </TextLine>
          <TextLine ID="eSc_line_72d01e54"
                    TAGREFS="LT31"
                    BASELINE="632 2728 2713 2628" 
                    HPOS="629"
                    VPOS="2612"
                    WIDTH="1343"
                    HEIGHT="154">
            <Shape><Polygon POINTS="632 2766 1972 2694 1972 2667 1962 2612 629 2684 632 2728"/></Shape>
	    <String CONTENT=""
                    HPOS="629"
                    VPOS="2612"
                    WIDTH="1343"
                    HEIGHT="154"></String>
          </TextLine>
          <TextLine ID="eSc_line_f7f17625"
                    TAGREFS="LT34"
                    BASELINE="2524 2727 2609 2727" 
                    HPOS="2524"
                    VPOS="2727"
                    WIDTH="85"
                    HEIGHT="0">
	    <String CONTENT=""
                    HPOS="2524"
                    VPOS="2727"
                    WIDTH="85"
                    HEIGHT="0"></String>
          </TextLine>
          <TextLine ID="eSc_line_07718c7e"
                    TAGREFS="LT31"
                    BASELINE="632 2786 1114 2776 2191 2711 2735 2695" 
                    HPOS="629"
                    VPOS="2656"
                    WIDTH="1931"
                    HEIGHT="175">
            <Shape><Polygon POINTS="632 2831 2560 2721 2560 2708 2550 2656 629 2745 632 2786"/></Shape>
	    <String CONTENT=""
                    HPOS="629"
                    VPOS="2656"
                    WIDTH="1931"
                    HEIGHT="175"></String>
          </TextLine>
          <TextLine ID="eSc_line_98bcb3fc"
                    TAGREFS="LT31"
                    BASELINE="622 2858 2718 2752" 
                    HPOS="618"
                    VPOS="2728"
                    WIDTH="1652"
                    HEIGHT="164">
            <Shape><Polygon POINTS="960 2837 926 2841 892 2827 858 2831 824 2810 813 2800 618 2810 622 2858 622 2892 759 2872 793 2885 796 2885 800 2885 1196 2868 1241 2865 1244 2865 1788 2820 1856 2834 1860 2834 1996 2810 2266 2813 2270 2776 2263 2728 1022 2790 994 2834"/></Shape>
	    <String CONTENT=""
                    HPOS="618"
                    VPOS="2728"
                    WIDTH="1652"
                    HEIGHT="164"></String>
          </TextLine>
          <TextLine ID="eSc_line_184adaf7"
                    TAGREFS="LT31"
                    BASELINE="632 2924 2730 2806" 
                    HPOS="847"
                    VPOS="2813"
                    WIDTH="1064"
                    HEIGHT="127">
            <Shape><Polygon POINTS="882 2895 847 2889 851 2902 851 2940 1911 2889 1911 2858 1904 2813 940 2854 916 2892"/></Shape>
	    <String CONTENT=""
                    HPOS="847"
                    VPOS="2813"
                    WIDTH="1064"
                    HEIGHT="127"></String>
          </TextLine>
          <TextLine ID="eSc_line_f17790cf"
                    TAGREFS="LT31"
                    BASELINE="622 2984 2693 2863" 
                    HPOS="618"
                    VPOS="2885"
                    WIDTH="1166"
                    HEIGHT="133">
            <Shape><Polygon POINTS="789 2930 755 2933 721 2936 687 2940 653 2943 618 2947 622 2984 622 3018 1781 2950 1784 2926 1774 2885 851 2919 824 2926"/></Shape>
	    <String CONTENT=""
                    HPOS="618"
                    VPOS="2885"
                    WIDTH="1166"
                    HEIGHT="133"></String>
          </TextLine>
          <TextLine ID="eSc_line_1fbc0d21"
                    TAGREFS="LT31"
                    BASELINE="635 3045 2711 2930" 
                    HPOS="639"
                    VPOS="2878"
                    WIDTH="2072"
                    HEIGHT="212">
            <Shape><Polygon POINTS="653 3090 670 3073 697 3087 707 3090 711 3090 714 3090 865 3083 868 3083 871 3083 871 3080 878 3076 899 3056 950 3070 971 3076 974 3076 977 3076 981 3076 984 3076 994 3070 1022 3053 1097 3063 1111 3063 1114 3063 1138 3059 1316 3032 1415 3046 1463 3049 1466 3049 1470 3049 1514 3039 1610 3015 1668 3029 1695 3035 1699 3035 1702 3035 1706 3035 1736 3025 1788 3008 1836 3018 1860 3025 1863 3025 1866 3025 1989 3012 2260 2974 2711 2967 2711 2930 2701 2878 639 3001 646 3049"/></Shape>
	    <String CONTENT=""
                    HPOS="639"
                    VPOS="2878"
                    WIDTH="2072"
                    HEIGHT="212"></String>
          </TextLine>
          <TextLine ID="eSc_line_8c126d62"
                    TAGREFS="LT34"
                    BASELINE="721 3078 831 3072" 
                    HPOS="721"
                    VPOS="3072"
                    WIDTH="110"
                    HEIGHT="6">
	    <String CONTENT=""
                    HPOS="721"
                    VPOS="3072"
                    WIDTH="110"
                    HEIGHT="6"></String>
          </TextLine>
          <TextLine ID="eSc_line_68ea9c98"
                    TAGREFS="LT31"
                    BASELINE="638 3115 2712 2984" 
                    HPOS="851"
                    VPOS="3008"
                    WIDTH="981"
                    HEIGHT="120">
            <Shape><Polygon POINTS="854 3128 1832 3083 1832 3049 1822 3008 851 3046 854 3093"/></Shape>
	    <String CONTENT=""
                    HPOS="851"
                    VPOS="3008"
                    WIDTH="981"
                    HEIGHT="120"></String>
          </TextLine>
          <TextLine ID="eSc_line_f7656ea2"
                    TAGREFS="LT31"
                    BASELINE="639 3175 2728 3059" 
                    HPOS="635"
                    VPOS="3012"
                    WIDTH="2093"
                    HEIGHT="198">
            <Shape><Polygon POINTS="639 3175 639 3210 2728 3087 2728 3059 2718 3012 635 3128 639 3175"/></Shape>
	    <String CONTENT=""
                    HPOS="635"
                    VPOS="3012"
                    WIDTH="2093"
                    HEIGHT="198"></String>
          </TextLine>
          <TextLine ID="eSc_line_fad58d26"
                    TAGREFS="LT31"
                    BASELINE="648 3242 2670 3131" 
                    HPOS="1083"
                    VPOS="3080"
                    WIDTH="1587"
                    HEIGHT="164">
            <Shape><Polygon POINTS="1087 3244 2670 3162 2670 3131 2663 3087 2485 3080 2482 3080 2034 3121 1976 3107 1972 3107 1969 3107 1781 3134 1740 3121 1736 3121 1733 3121 1586 3148 1162 3152 1159 3152 1083 3172 1087 3216"/></Shape>
	    <String CONTENT=""
                    HPOS="1083"
                    VPOS="3080"
                    WIDTH="1587"
                    HEIGHT="164"></String>
          </TextLine>
          <TextLine ID="eSc_line_14397ae0"
                    TAGREFS="LT31"
                    BASELINE="642 3311 2739 3201" 
                    HPOS="1138"
                    VPOS="3182"
                    WIDTH="998"
                    HEIGHT="140">
            <Shape><Polygon POINTS="1145 3322 1289 3302 1336 3315 1340 3315 1343 3315 1357 3315 1678 3278 2136 3271 2136 3234 2126 3182 1138 3227 1145 3285"/></Shape>
	    <String CONTENT=""
                    HPOS="1138"
                    VPOS="3182"
                    WIDTH="998"
                    HEIGHT="140"></String>
          </TextLine>
          <TextLine ID="eSc_line_13a923be"
                    TAGREFS="LT31"
                    BASELINE="635 3363 1113 3355" 
                    HPOS="632"
                    VPOS="3309"
                    WIDTH="298"
                    HEIGHT="82">
            <Shape><Polygon POINTS="635 3391 930 3387 930 3353 919 3309 632 3315 635 3363"/></Shape>
	    <String CONTENT=""
                    HPOS="632"
                    VPOS="3309"
                    WIDTH="298"
                    HEIGHT="82"></String>
          </TextLine>
        </TextBlock>
        <TextBlock HPOS="24"
                   VPOS="1197"
                   WIDTH="576"
                   HEIGHT="2180"
                   ID="eSc_textblock_4ac352a9"
                   TAGREFS="BT43">
          <Shape><Polygon POINTS="24 1197 24 3377 600 3377 600 1197"/></Shape>
          <TextLine ID="eSc_line_c5472f89"
                    TAGREFS="LT33"
                    BASELINE="131 1300 376 1291 376 1291 494 1295" 
                    HPOS="112"
                    VPOS="1178"
                    WIDTH="332"
                    HEIGHT="153">
            <Shape><Polygon POINTS="116 1331 441 1318 444 1290 434 1178 112 1191 116 1297"/></Shape>
	    <String CONTENT=""
                    HPOS="112"
                    VPOS="1178"
                    WIDTH="332"
                    HEIGHT="153"></String>
          </TextLine>
          <TextLine ID="eSc_line_753a4f78"
                    TAGREFS="LT33"
                    BASELINE="108 1350 518 1344" 
                    HPOS="102"
                    VPOS="1301"
                    WIDTH="164"
                    HEIGHT="71">
            <Shape><Polygon POINTS="105 1372 266 1372 266 1342 259 1301 102 1301 105 1345"/></Shape>
	    <String CONTENT=""
                    HPOS="102"
                    VPOS="1301"
                    WIDTH="164"
                    HEIGHT="71"></String>
          </TextLine>
          <TextLine ID="eSc_line_215332b3"
                    TAGREFS="LT33"
                    BASELINE="86 1392 555 1380" 
                    HPOS="86"
                    VPOS="1380"
                    WIDTH="469"
                    HEIGHT="12">
	    <String CONTENT=""
                    HPOS="86"
                    VPOS="1380"
                    WIDTH="469"
                    HEIGHT="12"></String>
          </TextLine>
          <TextLine ID="eSc_line_9558f14c"
                    TAGREFS="LT33"
                    BASELINE="68 1433 526 1434" 
                    HPOS="352"
                    VPOS="1413"
                    WIDTH="174"
                    HEIGHT="52">
            <Shape><Polygon POINTS="458 1420 423 1420 389 1420 355 1420 355 1427 352 1465 523 1465 526 1434 523 1413 492 1420"/></Shape>
	    <String CONTENT=""
                    HPOS="352"
                    VPOS="1413"
                    WIDTH="174"
                    HEIGHT="52"></String>
          </TextLine>
          <TextLine ID="eSc_line_2a4c7b4f"
                    TAGREFS="LT33"
                    BASELINE="76 1482 533 1492" 
                    HPOS="82"
                    VPOS="1441"
                    WIDTH="420"
                    HEIGHT="78">
            <Shape><Polygon POINTS="82 1519 502 1519 502 1482 502 1441 82 1441 82 1482"/></Shape>
	    <String CONTENT=""
                    HPOS="82"
                    VPOS="1441"
                    WIDTH="420"
                    HEIGHT="78"></String>
          </TextLine>
          <TextLine ID="eSc_line_0aa7e1db"
                    TAGREFS="LT33"
                    BASELINE="78 1533 547 1531" 
                    HPOS="78"
                    VPOS="1492"
                    WIDTH="222"
                    HEIGHT="72">
            <Shape><Polygon POINTS="249 1529 215 1529 181 1526 147 1529 112 1529 82 1492 78 1492 78 1533 78 1564 300 1560 300 1533 297 1526 283 1526"/></Shape>
	    <String CONTENT=""
                    HPOS="78"
                    VPOS="1492"
                    WIDTH="222"
                    HEIGHT="72"></String>
          </TextLine>
          <TextLine ID="eSc_line_4527b696"
                    TAGREFS="LT33"
                    BASELINE="82 1584 525 1579" 
                    HPOS="78"
                    VPOS="1536"
                    WIDTH="127"
                    HEIGHT="79">
            <Shape><Polygon POINTS="112 1577 78 1577 82 1584 82 1615 205 1608 205 1577 194 1536 177 1536 147 1577"/></Shape>
	    <String CONTENT=""
                    HPOS="78"
                    VPOS="1536"
                    WIDTH="127"
                    HEIGHT="79"></String>
          </TextLine>
          <TextLine ID="eSc_line_f862dbef"
                    TAGREFS="LT33"
                    BASELINE="82 1632 249 1637 250 1637 502 1625" 
                    HPOS="78"
                    VPOS="1587"
                    WIDTH="424"
                    HEIGHT="82">
            <Shape><Polygon POINTS="82 1669 499 1663 502 1625 492 1587 78 1591 82 1632"/></Shape>
	    <String CONTENT=""
                    HPOS="78"
                    VPOS="1587"
                    WIDTH="424"
                    HEIGHT="82"></String>
          </TextLine>
          <TextLine ID="eSc_line_155dd962"
                    TAGREFS="LT33"
                    BASELINE="71 1690 335 1686 335 1686 550 1676" 
                    HPOS="68"
                    VPOS="1625"
                    WIDTH="482"
                    HEIGHT="99">
            <Shape><Polygon POINTS="458 1628 372 1632 341 1676 307 1676 273 1680 242 1635 68 1642 71 1690 71 1724 547 1710 550 1676 540 1625 478 1625 478 1628"/></Shape>
	    <String CONTENT=""
                    HPOS="68"
                    VPOS="1625"
                    WIDTH="482"
                    HEIGHT="99"></String>
          </TextLine>
          <TextLine ID="eSc_line_00db2b8d"
                    TAGREFS="LT33"
                    BASELINE="71 1741 564 1738" 
                    HPOS="68"
                    VPOS="1690"
                    WIDTH="492"
                    HEIGHT="82">
            <Shape><Polygon POINTS="341 1738 307 1738 273 1738 239 1738 205 1738 170 1738 136 1738 102 1738 68 1731 71 1741 71 1772 560 1765 560 1738 550 1690 403 1690 376 1734"/></Shape>
	    <String CONTENT=""
                    HPOS="68"
                    VPOS="1690"
                    WIDTH="492"
                    HEIGHT="82"></String>
          </TextLine>
          <TextLine ID="eSc_line_6bd458d2"
                    TAGREFS="LT33"
                    BASELINE="60 1790 563 1785" 
                    HPOS="60"
                    VPOS="1785"
                    WIDTH="503"
                    HEIGHT="5">
	    <String CONTENT=""
                    HPOS="60"
                    VPOS="1785"
                    WIDTH="503"
                    HEIGHT="5"></String>
          </TextLine>
          <TextLine ID="eSc_line_1f0330f3"
                    TAGREFS="LT33"
                    BASELINE="68 1845 547 1833" 
                    HPOS="61"
                    VPOS="1792"
                    WIDTH="486"
                    HEIGHT="76">
            <Shape><Polygon POINTS="437 1830 403 1830 369 1830 335 1830 300 1830 266 1830 249 1792 61 1792 64 1837 64 1868 547 1864 547 1833 536 1792 482 1792 471 1823"/></Shape>
	    <String CONTENT=""
                    HPOS="61"
                    VPOS="1792"
                    WIDTH="486"
                    HEIGHT="76"></String>
          </TextLine>
          <TextLine ID="eSc_line_57bd0e46"
                    TAGREFS="LT33"
                    BASELINE="66 1895 511 1884" 
                    HPOS="78"
                    VPOS="1885"
                    WIDTH="62"
                    HEIGHT="27">
            <Shape><Polygon POINTS="78 1885 82 1891 82 1912 140 1912 140 1888 136 1885 112 1885"/></Shape>
	    <String CONTENT=""
                    HPOS="78"
                    VPOS="1885"
                    WIDTH="62"
                    HEIGHT="27"></String>
          </TextLine>
          <TextLine ID="eSc_line_d4b5ed24"
                    TAGREFS="LT33"
                    BASELINE="74 1943 550 1932" 
                    HPOS="211"
                    VPOS="1891"
                    WIDTH="339"
                    HEIGHT="82">
            <Shape><Polygon POINTS="485 1902 451 1895 417 1895 382 1895 348 1895 314 1891 280 1891 246 1891 211 1891 215 1943 215 1973 547 1963 550 1932 543 1905 519 1905"/></Shape>
	    <String CONTENT=""
                    HPOS="211"
                    VPOS="1891"
                    WIDTH="339"
                    HEIGHT="82"></String>
          </TextLine>
          <TextLine ID="eSc_line_023f3086"
                    TAGREFS="LT33"
                    BASELINE="71 1987 567 1994" 
                    HPOS="68"
                    VPOS="1939"
                    WIDTH="499"
                    HEIGHT="89">
            <Shape><Polygon POINTS="68 2018 560 2028 567 1994 564 1949 71 1939 71 1987"/></Shape>
	    <String CONTENT=""
                    HPOS="68"
                    VPOS="1939"
                    WIDTH="499"
                    HEIGHT="89"></String>
          </TextLine>
          <TextLine ID="eSc_line_ad219c19"
                    TAGREFS="LT33"
                    BASELINE="63 2042 560 2045" 
                    HPOS="71"
                    VPOS="1994"
                    WIDTH="489"
                    HEIGHT="82">
            <Shape><Polygon POINTS="71 2066 553 2076 560 2045 557 2004 75 1994 75 2042"/></Shape>
	    <String CONTENT=""
                    HPOS="71"
                    VPOS="1994"
                    WIDTH="489"
                    HEIGHT="82"></String>
          </TextLine>
          <TextLine ID="eSc_line_35dc2fb6"
                    TAGREFS="LT33"
                    BASELINE="71 2096 564 2100" 
                    HPOS="68"
                    VPOS="2052"
                    WIDTH="496"
                    HEIGHT="89">
            <Shape><Polygon POINTS="71 2096 68 2124 557 2141 564 2100 557 2052 71 2052 71 2096"/></Shape>
	    <String CONTENT=""
                    HPOS="68"
                    VPOS="2052"
                    WIDTH="496"
                    HEIGHT="89"></String>
          </TextLine>
          <TextLine ID="eSc_line_5ee8a0c7"
                    TAGREFS="LT33"
                    BASELINE="78 2161 552 2155" 
                    HPOS="78"
                    VPOS="2113"
                    WIDTH="250"
                    HEIGHT="86">
            <Shape><Polygon POINTS="112 2154 78 2154 78 2161 78 2199 328 2199 328 2161 324 2113 167 2117 147 2154"/></Shape>
	    <String CONTENT=""
                    HPOS="78"
                    VPOS="2113"
                    WIDTH="250"
                    HEIGHT="86"></String>
          </TextLine>
          <TextLine ID="eSc_line_981ca84a"
                    TAGREFS="LT33"
                    BASELINE="71 2216 561 2207" 
                    HPOS="68"
                    VPOS="2168"
                    WIDTH="397"
                    HEIGHT="82">
            <Shape><Polygon POINTS="71 2250 461 2233 465 2209 454 2168 68 2171 71 2216"/></Shape>
	    <String CONTENT=""
                    HPOS="68"
                    VPOS="2168"
                    WIDTH="397"
                    HEIGHT="82"></String>
          </TextLine>
          <TextLine ID="eSc_line_2924e475"
                    TAGREFS="LT33"
                    BASELINE="98 2246 321 2242" 
                    HPOS="98"
                    VPOS="2242"
                    WIDTH="223"
                    HEIGHT="4">
	    <String CONTENT=""
                    HPOS="98"
                    VPOS="2242"
                    WIDTH="223"
                    HEIGHT="4"></String>
          </TextLine>
          <TextLine ID="eSc_line_2b53ec90"
                    TAGREFS="LT33"
                    BASELINE="62 2280 584 2270" 
                    HPOS="68"
                    VPOS="2223"
                    WIDTH="516"
                    HEIGHT="82">
            <Shape><Polygon POINTS="68 2305 584 2301 584 2270 581 2223 68 2223 68 2270"/></Shape>
	    <String CONTENT=""
                    HPOS="68"
                    VPOS="2223"
                    WIDTH="516"
                    HEIGHT="82"></String>
          </TextLine>
          <TextLine ID="eSc_line_df3b5624"
                    TAGREFS="LT33"
                    BASELINE="64 2325 581 2325" 
                    HPOS="64"
                    VPOS="2277"
                    WIDTH="517"
                    HEIGHT="89">
            <Shape><Polygon POINTS="64 2325 64 2366 581 2359 581 2325 581 2277 64 2277 64 2325"/></Shape>
	    <String CONTENT=""
                    HPOS="64"
                    VPOS="2277"
                    WIDTH="517"
                    HEIGHT="89"></String>
          </TextLine>
          <TextLine ID="eSc_line_7a93f4c1"
                    TAGREFS="LT33"
                    BASELINE="71 2387 567 2380" 
                    HPOS="68"
                    VPOS="2342"
                    WIDTH="499"
                    HEIGHT="79">
            <Shape><Polygon POINTS="547 2366 523 2342 294 2342 273 2376 239 2376 205 2373 170 2380 136 2380 102 2380 68 2380 71 2387 71 2421 567 2410 567 2380 560 2356 547 2366"/></Shape>
	    <String CONTENT=""
                    HPOS="68"
                    VPOS="2342"
                    WIDTH="499"
                    HEIGHT="79"></String>
          </TextLine>
          <TextLine ID="eSc_line_63b9e741"
                    TAGREFS="LT33"
                    BASELINE="58 2448 369 2442 406 2451 437 2440 533 2438" 
                    HPOS="54"
                    VPOS="2400"
                    WIDTH="479"
                    HEIGHT="82">
            <Shape><Polygon POINTS="465 2424 430 2421 396 2421 362 2417 328 2417 294 2421 259 2424 225 2438 198 2400 54 2400 58 2448 58 2482 533 2482 533 2438 526 2400 516 2400 499 2431"/></Shape>
	    <String CONTENT=""
                    HPOS="54"
                    VPOS="2400"
                    WIDTH="479"
                    HEIGHT="82"></String>
          </TextLine>
          <TextLine ID="eSc_line_6575f47b"
                    TAGREFS="LT33"
                    BASELINE="71 2510 543 2499" 
                    HPOS="68"
                    VPOS="2462"
                    WIDTH="475"
                    HEIGHT="85">
            <Shape><Polygon POINTS="512 2496 478 2489 444 2486 410 2482 393 2462 321 2462 307 2482 273 2486 239 2489 205 2492 170 2499 147 2465 68 2465 71 2510 71 2547 540 2530 543 2499 540 2496 512 2496"/></Shape>
	    <String CONTENT=""
                    HPOS="68"
                    VPOS="2462"
                    WIDTH="475"
                    HEIGHT="85"></String>
          </TextLine>
          <TextLine ID="eSc_line_7c3aa89f"
                    TAGREFS="LT33"
                    BASELINE="66 2569 560 2554" 
                    HPOS="64"
                    VPOS="2513"
                    WIDTH="496"
                    HEIGHT="78">
            <Shape><Polygon POINTS="509 2551 475 2537 441 2533 420 2513 225 2513 201 2540 167 2551 133 2513 64 2513 68 2561 68 2591 560 2585 560 2554 553 2516 543 2513 543 2540"/></Shape>
	    <String CONTENT=""
                    HPOS="64"
                    VPOS="2513"
                    WIDTH="496"
                    HEIGHT="78"></String>
          </TextLine>
          <TextLine ID="eSc_line_eb088156"
                    TAGREFS="LT33"
                    BASELINE="64 2619 581 2604" 
                    HPOS="61"
                    VPOS="2564"
                    WIDTH="318"
                    HEIGHT="82">
            <Shape><Polygon POINTS="64 2646 379 2639 379 2612 369 2564 61 2568 64 2619"/></Shape>
	    <String CONTENT=""
                    HPOS="61"
                    VPOS="2564"
                    WIDTH="318"
                    HEIGHT="82"></String>
          </TextLine>
          <TextLine ID="eSc_line_c3a6bda9"
                    TAGREFS="LT33"
                    BASELINE="57 2672 564 2653" 
                    HPOS="458"
                    VPOS="2615"
                    WIDTH="106"
                    HEIGHT="69">
            <Shape><Polygon POINTS="492 2632 482 2615 458 2615 461 2656 461 2684 564 2680 564 2653 553 2615 536 2615 526 2646"/></Shape>
	    <String CONTENT=""
                    HPOS="458"
                    VPOS="2615"
                    WIDTH="106"
                    HEIGHT="69"></String>
          </TextLine>
          <TextLine ID="eSc_line_baba6232"
                    TAGREFS="LT33"
                    BASELINE="61 2721 547 2711" 
                    HPOS="58"
                    VPOS="2667"
                    WIDTH="489"
                    HEIGHT="88">
            <Shape><Polygon POINTS="536 2704 502 2708 468 2708 434 2711 400 2711 365 2711 331 2714 314 2667 239 2670 229 2704 194 2714 160 2673 157 2670 58 2673 61 2721 61 2755 543 2755 547 2711 540 2677 536 2704"/></Shape>
	    <String CONTENT=""
                    HPOS="58"
                    VPOS="2667"
                    WIDTH="489"
                    HEIGHT="88"></String>
          </TextLine>
          <TextLine ID="eSc_line_e2f93d93"
                    TAGREFS="LT33"
                    BASELINE="64 2779 560 2769" 
                    HPOS="61"
                    VPOS="2728"
                    WIDTH="499"
                    HEIGHT="82">
            <Shape><Polygon POINTS="540 2762 506 2759 471 2759 437 2759 403 2759 369 2759 335 2759 300 2759 266 2759 232 2762 198 2769 164 2769 140 2735 61 2735 64 2779 64 2810 557 2796 560 2769 550 2728 543 2728 540 2762"/></Shape>
	    <String CONTENT=""
                    HPOS="61"
                    VPOS="2728"
                    WIDTH="499"
                    HEIGHT="82"></String>
          </TextLine>
          <TextLine ID="eSc_line_986206f6"
                    TAGREFS="LT33"
                    BASELINE="64 2827 565 2821" 
                    HPOS="64"
                    VPOS="2821"
                    WIDTH="501"
                    HEIGHT="6">
	    <String CONTENT=""
                    HPOS="64"
                    VPOS="2821"
                    WIDTH="501"
                    HEIGHT="6"></String>
          </TextLine>
          <TextLine ID="eSc_line_fb956daf"
                    TAGREFS="LT33"
                    BASELINE="71 2875 570 2865" 
                    HPOS="68"
                    VPOS="2824"
                    WIDTH="496"
                    HEIGHT="92">
            <Shape><Polygon POINTS="512 2851 499 2824 348 2827 341 2851 307 2854 273 2858 239 2861 205 2861 170 2865 157 2834 68 2834 71 2875 71 2916 560 2906 564 2865 553 2824 550 2824 547 2861"/></Shape>
	    <String CONTENT=""
                    HPOS="68"
                    VPOS="2824"
                    WIDTH="496"
                    HEIGHT="92"></String>
          </TextLine>
          <TextLine ID="eSc_line_b5472bb6"
                    TAGREFS="LT33"
                    BASELINE="58 2934 589 2920" 
                    HPOS="78"
                    VPOS="2889"
                    WIDTH="79"
                    HEIGHT="75">
            <Shape><Polygon POINTS="78 2964 157 2964 157 2930 157 2889 78 2889 78 2930"/></Shape>
	    <String CONTENT=""
                    HPOS="78"
                    VPOS="2889"
                    WIDTH="79"
                    HEIGHT="75"></String>
          </TextLine>
          <TextLine ID="eSc_line_c6485ae8"
                    TAGREFS="LT33"
                    BASELINE="68 2981 543 2981" 
                    HPOS="68"
                    VPOS="2936"
                    WIDTH="475"
                    HEIGHT="82">
            <Shape><Polygon POINTS="523 2936 270 2936 239 2977 205 2977 170 2977 136 2977 102 2977 68 2977 68 2981 68 3018 543 3015 543 2981 540 2960 523 2936"/></Shape>
	    <String CONTENT=""
                    HPOS="68"
                    VPOS="2936"
                    WIDTH="475"
                    HEIGHT="82"></String>
          </TextLine>
          <TextLine ID="eSc_line_81b22d0a"
                    TAGREFS="LT33"
                    BASELINE="62 3033 567 3016" 
                    HPOS="62"
                    VPOS="3016"
                    WIDTH="505"
                    HEIGHT="17">
	    <String CONTENT=""
                    HPOS="62"
                    VPOS="3016"
                    WIDTH="505"
                    HEIGHT="17"></String>
          </TextLine>
          <TextLine ID="eSc_line_b0786bc1"
                    TAGREFS="LT33"
                    BASELINE="68 3087 567 3076" 
                    HPOS="64"
                    VPOS="3032"
                    WIDTH="503"
                    HEIGHT="82">
            <Shape><Polygon POINTS="68 3087 68 3114 564 3107 567 3076 557 3032 64 3042 68 3087"/></Shape>
	    <String CONTENT=""
                    HPOS="64"
                    VPOS="3032"
                    WIDTH="503"
                    HEIGHT="82"></String>
          </TextLine>
          <TextLine ID="eSc_line_fd5af3ff"
                    TAGREFS="LT33"
                    BASELINE="82 3145 550 3134" 
                    HPOS="78"
                    VPOS="3090"
                    WIDTH="472"
                    HEIGHT="82">
            <Shape><Polygon POINTS="82 3145 82 3172 547 3165 550 3134 543 3093 78 3090 82 3145"/></Shape>
	    <String CONTENT=""
                    HPOS="78"
                    VPOS="3090"
                    WIDTH="472"
                    HEIGHT="82"></String>
          </TextLine>
          <TextLine ID="eSc_line_98d2991f"
                    TAGREFS="LT33"
                    BASELINE="75 3199 557 3189" 
                    HPOS="71"
                    VPOS="3145"
                    WIDTH="486"
                    HEIGHT="82">
            <Shape><Polygon POINTS="75 3199 75 3227 557 3227 557 3189 547 3145 71 3155 75 3199"/></Shape>
	    <String CONTENT=""
                    HPOS="71"
                    VPOS="3145"
                    WIDTH="486"
                    HEIGHT="82"></String>
          </TextLine>
          <TextLine ID="eSc_line_e2983581"
                    TAGREFS="LT33"
                    BASELINE="67 3248 574 3254" 
                    HPOS="181"
                    VPOS="3210"
                    WIDTH="393"
                    HEIGHT="75">
            <Shape><Polygon POINTS="181 3278 570 3285 574 3254 574 3213 181 3210 181 3254"/></Shape>
	    <String CONTENT=""
                    HPOS="181"
                    VPOS="3210"
                    WIDTH="393"
                    HEIGHT="75"></String>
          </TextLine>
          <TextLine ID="eSc_line_e0076e41"
                    TAGREFS="LT33"
                    BASELINE="71 3302 565 3302" 
                    HPOS="71"
                    VPOS="3261"
                    WIDTH="164"
                    HEIGHT="78">
            <Shape><Polygon POINTS="71 3339 235 3336 235 3302 235 3261 71 3261 71 3302"/></Shape>
	    <String CONTENT=""
                    HPOS="71"
                    VPOS="3261"
                    WIDTH="164"
                    HEIGHT="78"></String>
          </TextLine>
          <TextLine ID="eSc_line_cfdf2dd8"
                    TAGREFS="LT33"
                    BASELINE="75 3353 536 3356" 
                    HPOS="71"
                    VPOS="3305"
                    WIDTH="465"
                    HEIGHT="92">
            <Shape><Polygon POINTS="177 3305 143 3305 109 3305 75 3305 75 3353 71 3397 533 3397 536 3356 533 3305 211 3305 177 3305"/></Shape>
	    <String CONTENT=""
                    HPOS="71"
                    VPOS="3305"
                    WIDTH="465"
                    HEIGHT="92"></String>
          </TextLine>
        </TextBlock>
        <TextBlock HPOS="75"
                   VPOS="3399"
                   WIDTH="2706"
                   HEIGHT="637"
                   ID="eSc_textblock_92b0323a"
                   TAGREFS="BT49">
          <Shape><Polygon POINTS="97 3494 75 4036 2781 3987 2764 3399"/></Shape>
          <TextLine ID="eSc_line_23b8bad2"
                    TAGREFS="LT33"
                    BASELINE="112 3568 1135 3561 2707 3490" 
                    HPOS="109"
                    VPOS="3476"
                    WIDTH="1980"
                    HEIGHT="133">
            <Shape><Polygon POINTS="1853 3510 1818 3510 1784 3510 1750 3510 1716 3514 1682 3514 1648 3514 1613 3514 1579 3514 1545 3517 1511 3517 1477 3517 1442 3517 1408 3520 1374 3520 1340 3520 1306 3520 1271 3520 1237 3524 1203 3524 1169 3524 1135 3524 1100 3524 1066 3527 1032 3527 998 3527 964 3527 930 3531 895 3531 861 3531 827 3531 793 3531 759 3534 724 3534 690 3534 656 3534 622 3534 588 3527 553 3520 109 3524 109 3527 112 3568 112 3592 444 3609 447 3609 451 3609 526 3589 779 3602 782 3602 1555 3585 1559 3585 1627 3565 1634 3561 1877 3561 1897 3578 1901 3578 1904 3578 1907 3578 2089 3555 2089 3527 2078 3476 1887 3493 1887 3510"/></Shape>
	    <String CONTENT=""
                    HPOS="109"
                    VPOS="3476"
                    WIDTH="1980"
                    HEIGHT="133"></String>
          </TextLine>
          <TextLine ID="eSc_line_44b1df01"
                    TAGREFS="LT33"
                    BASELINE="125 3652 1265 3626 2227 3574 2227 3574 2689 3543" 
                    HPOS="697"
                    VPOS="3537"
                    WIDTH="1446"
                    HEIGHT="123">
            <Shape><Polygon POINTS="1860 3555 1825 3558 1791 3561 1757 3561 1723 3565 1689 3565 1654 3565 1620 3568 1586 3606 1552 3602 1518 3592 1483 3582 1456 3558 697 3582 700 3626 700 3660 2143 3626 2143 3582 2133 3537 1897 3544 1894 3548"/></Shape>
	    <String CONTENT=""
                    HPOS="697"
                    VPOS="3537"
                    WIDTH="1446"
                    HEIGHT="123"></String>
          </TextLine>
          <TextLine ID="eSc_line_e7ee011f"
                    TAGREFS="LT33"
                    BASELINE="117 3730 604 3701 1415 3684 2709 3606" 
                    HPOS="297"
                    VPOS="3582"
                    WIDTH="2000"
                    HEIGHT="157">
            <Shape><Polygon POINTS="1630 3660 1596 3654 1562 3650 1528 3616 741 3660 297 3657 300 3708 300 3739 2140 3688 2297 3664 2297 3630 2287 3582 1918 3613 1890 3599 1887 3599 1883 3599 1774 3623 1730 3609 1726 3609 1723 3609 1695 3609 1665 3667"/></Shape>
	    <String CONTENT=""
                    HPOS="297"
                    VPOS="3582"
                    WIDTH="2000"
                    HEIGHT="157"></String>
          </TextLine>
          <TextLine ID="eSc_line_f231a257"
                    TAGREFS="LT33"
                    BASELINE="115 3786 2731 3677" 
                    HPOS="936"
                    VPOS="3626"
                    WIDTH="1795"
                    HEIGHT="154">
            <Shape><Polygon POINTS="2372 3684 2338 3681 2304 3677 2270 3677 2236 3674 2201 3671 2167 3667 2133 3667 2099 3664 2065 3660 2034 3657 1955 3660 1928 3708 1894 3708 1860 3708 1825 3708 1791 3708 1757 3715 1723 3715 1689 3671 1381 3684 1381 3688 1377 3688 936 3705 940 3749 940 3780 2728 3712 2731 3677 2721 3626 2413 3640 2407 3647"/></Shape>
	    <String CONTENT=""
                    HPOS="936"
                    VPOS="3626"
                    WIDTH="1795"
                    HEIGHT="154"></String>
          </TextLine>
          <TextLine ID="eSc_line_3ed43ea7"
                    TAGREFS="LT33"
                    BASELINE="118 3849 914 3803 1542 3800 2705 3740" 
                    HPOS="1035"
                    VPOS="3695"
                    WIDTH="1666"
                    HEIGHT="177">
            <Shape><Polygon POINTS="2301 3715 2266 3715 2232 3715 2215 3715 1035 3763 1039 3804 1042 3872 1124 3835 1234 3855 1237 3855 1241 3855 1333 3828 1425 3848 1456 3855 1459 3855 1555 3841 1627 3831 1699 3831 1873 3838 1877 3838 1880 3838 1883 3838 1907 3821 1914 3814 1921 3817 1955 3835 1959 3835 1962 3835 2082 3811 2089 3807 2092 3807 2109 3824 2109 3828 2113 3828 2116 3828 2119 3828 2239 3800 2297 3787 2427 3787 2625 3790 2629 3790 2632 3790 2701 3770 2701 3746 2690 3695 2348 3708 2335 3715"/></Shape>
	    <String CONTENT=""
                    HPOS="1035"
                    VPOS="3695"
                    WIDTH="1666"
                    HEIGHT="177"></String>
          </TextLine>
          <TextLine ID="eSc_line_0db117ec"
                    TAGREFS="LT33"
                    BASELINE="129 3910 820 3872 1290 3870" 
                    HPOS="126"
                    VPOS="3821"
                    WIDTH="1125"
                    HEIGHT="147">
            <Shape><Polygon POINTS="133 3968 242 3940 465 3954 475 3954 478 3954 492 3954 741 3920 1247 3920 1251 3872 1244 3821 126 3862 129 3910"/></Shape>
	    <String CONTENT=""
                    HPOS="126"
                    VPOS="3821"
                    WIDTH="1125"
                    HEIGHT="147"></String>
          </TextLine>
        </TextBlock>
      </PrintSpace>
    </Page>
  </Layout>
</alto>
