<?xml version="1.0" encoding="UTF-8"?>
<alto xmlns:xsi="http://www.w3.org/2001/XMLSchema-instance"
      xmlns="http://www.loc.gov/standards/alto/ns-v4#"
      xsi:schemaLocation="http://www.loc.gov/standards/alto/ns-v4# http://www.loc.gov/standards/alto/v4/alto-4-2.xsd">
  <Description>
    <MeasurementUnit>pixel</MeasurementUnit>
    <sourceImageInformation>
      <fileName>ARCH-DIV-000496_0198.png</fileName>
    </sourceImageInformation>
  </Description>
  <Tags>
    <OtherTag ID="BT42" LABEL="MainZone" DESCRIPTION="block type MainZone"/><OtherTag ID="BT43" LABEL="MarginTextZone" DESCRIPTION="block type MarginTextZone"/><OtherTag ID="BT44" LABEL="NumberingZone" DESCRIPTION="block type NumberingZone"/><OtherTag ID="BT45" LABEL="TitlePageZone" DESCRIPTION="block type TitlePageZone"/><OtherTag ID="BT46" LABEL="CustomZone:Numbering" DESCRIPTION="block type CustomZone:Numbering"/><OtherTag ID="BT49" LABEL="MarginTextZone:lower" DESCRIPTION="block type MarginTextZone:lower"/>
    <OtherTag ID="LT25" LABEL="default" DESCRIPTION="line type default"/><OtherTag ID="LT31" LABEL="DefaultLine" DESCRIPTION="line type DefaultLine"/><OtherTag ID="LT32" LABEL="HeadingLine" DESCRIPTION="line type HeadingLine"/><OtherTag ID="LT33" LABEL="InterlinearLine:addition" DESCRIPTION="line type InterlinearLine:addition"/><OtherTag ID="LT34" LABEL="InterlinearLine:correction" DESCRIPTION="line type InterlinearLine:correction"/>
  </Tags>
  <Layout>
    <Page WIDTH="2790"
          HEIGHT="3387"
          PHYSICAL_IMG_NR="197"
          ID="eSc_dummypage_">
      <PrintSpace HPOS="0"
                  VPOS="0"
                  WIDTH="2790"
                  HEIGHT="3387">
        <TextBlock HPOS="161"
                   VPOS="45"
                   WIDTH="391"
                   HEIGHT="236"
                   ID="eSc_textblock_dd4dff97"
                   TAGREFS="BT44">
          <Shape><Polygon POINTS="161 45 161 281 552 281 552 45"/></Shape>
          <TextLine ID="eSc_line_afaf8e69"
                    TAGREFS="LT31"
                    BASELINE="257 175 523 180" 
                    HPOS="279"
                    VPOS="146"
                    WIDTH="119"
                    HEIGHT="102">
            <Shape><Polygon POINTS="364 146 336 146 307 146 279 146 282 186 288 248 398 203 398 180 392 146"/></Shape>
	    <String CONTENT="92"
                    HPOS="279"
                    VPOS="146"
                    WIDTH="119"
                    HEIGHT="102"
                    WC="0.9999998807907104"></String>
          </TextLine>
        </TextBlock>
        <TextBlock HPOS="50"
                   VPOS="291"
                   WIDTH="595"
                   HEIGHT="1907"
                   ID="eSc_textblock_fb7ca69b"
                   TAGREFS="BT43">
          <Shape><Polygon POINTS="50 296 50 2172 572 2198 608 1738 609 1731 645 508 612 291"/></Shape>
          <TextLine ID="eSc_line_3ab4c891"
                    TAGREFS="LT34"
                    BASELINE="93 352 600 372" 
                    HPOS="90"
                    VPOS="304"
                    WIDTH="330"
                    HEIGHT="82">
            <Shape><Polygon POINTS="90 378 415 386 420 361 417 318 93 304 93 352"/></Shape>
	    <String CONTENT="est patriote."
                    HPOS="90"
                    VPOS="304"
                    WIDTH="330"
                    HEIGHT="82"
                    WC="0.9945118794074426"></String>
          </TextLine>
          <TextLine ID="eSc_line_176a8417"
                    TAGREFS="LT34"
                    BASELINE="98 412 542 429" 
                    HPOS="96"
                    VPOS="378"
                    WIDTH="446"
                    HEIGHT="82">
            <Shape><Polygon POINTS="528 389 392 386 381 409 350 417 324 392 296 383 290 381 197 378 183 383 155 389 127 395 98 403 98 412 96 440 536 460 542 429 539 423 528 389"/></Shape>
	    <String CONTENT="tutionmntren. L&#x27;Ent"
                    HPOS="96"
                    VPOS="378"
                    WIDTH="446"
                    HEIGHT="82"
                    WC="0.9949852228164673"></String>
          </TextLine>
          <TextLine ID="eSc_line_d6f5edae"
                    TAGREFS="LT34"
                    BASELINE="90 468 567 482" 
                    HPOS="87"
                    VPOS="429"
                    WIDTH="480"
                    HEIGHT="84">
            <Shape><Polygon POINTS="429 465 400 465 372 460 344 454 316 448 304 437 135 429 118 460 90 465 90 468 87 505 561 513 567 482 564 448 443 443 429 465"/></Shape>
	    <String CONTENT="clique et la Syllabus"
                    HPOS="87"
                    VPOS="429"
                    WIDTH="480"
                    HEIGHT="84"
                    WC="0.9975320129167466"></String>
          </TextLine>
          <TextLine ID="eSc_line_5dfa3651"
                    TAGREFS="LT34"
                    BASELINE="81 533 545 544" 
                    HPOS="79"
                    VPOS="493"
                    WIDTH="466"
                    HEIGHT="79">
            <Shape><Polygon POINTS="81 533 79 558 539 572 545 544 542 505 81 493 81 533"/></Shape>
	    <String CONTENT="étaient aussi vieux"
                    HPOS="79"
                    VPOS="493"
                    WIDTH="466"
                    HEIGHT="79"
                    WC="0.9899605951811138"></String>
          </TextLine>
          <TextLine ID="eSc_line_2d4847aa"
                    TAGREFS="LT34"
                    BASELINE="93 598 525 589" 
                    HPOS="90"
                    VPOS="544"
                    WIDTH="435"
                    HEIGHT="93">
            <Shape><Polygon POINTS="513 544 485 544 457 544 429 544 234 544 231 544 228 544 183 558 180 558 141 547 138 547 135 547 132 547 90 561 93 598 93 637 237 620 519 629 525 589 519 544 513 544"/></Shape>
	    <String CONTENT="quielle. Le doucges"
                    HPOS="90"
                    VPOS="544"
                    WIDTH="435"
                    HEIGHT="93"
                    WC="0.9938913583755493"></String>
          </TextLine>
          <TextLine ID="eSc_line_c2f88de4"
                    TAGREFS="LT34"
                    BASELINE="87 649 528 649" 
                    HPOS="87"
                    VPOS="604"
                    WIDTH="441"
                    HEIGHT="81">
            <Shape><Polygon POINTS="87 649 87 683 525 685 528 649 528 615 87 604 87 649"/></Shape>
	    <String CONTENT="n&#x27;était pas en eux"
                    HPOS="87"
                    VPOS="604"
                    WIDTH="441"
                    HEIGHT="81"
                    WC="0.9983382953537835"></String>
          </TextLine>
          <TextLine ID="eSc_line_6dca513f"
                    TAGREFS="LT34"
                    BASELINE="87 702 547 708" 
                    HPOS="84"
                    VPOS="660"
                    WIDTH="463"
                    HEIGHT="73">
            <Shape><Polygon POINTS="87 702 84 728 542 733 547 708 547 663 87 660 87 702"/></Shape>
	    <String CONTENT="maisadvsle con¬"
                    HPOS="84"
                    VPOS="660"
                    WIDTH="463"
                    HEIGHT="73"
                    WC="0.9471315463383992"></String>
          </TextLine>
          <TextLine ID="eSc_line_d932baa5"
                    TAGREFS="LT34"
                    BASELINE="79 756 559 762" 
                    HPOS="76"
                    VPOS="719"
                    WIDTH="483"
                    HEIGHT="76">
            <Shape><Polygon POINTS="79 756 76 784 93 795 96 795 98 795 101 795 556 784 559 762 556 719 79 719 79 756"/></Shape>
	    <String CONTENT="&lt;... ......&gt;"
                    HPOS="76"
                    VPOS="719"
                    WIDTH="483"
                    HEIGHT="76"
                    WC="0.8888665934403738"></String>
          </TextLine>
          <TextLine ID="eSc_line_c6c602d3"
                    TAGREFS="LT34"
                    BASELINE="70 818 530 824" 
                    HPOS="67"
                    VPOS="779"
                    WIDTH="463"
                    HEIGHT="73">
            <Shape><Polygon POINTS="70 818 67 849 525 852 530 824 528 784 70 779 70 818"/></Shape>
	    <String CONTENT="&lt;............&gt;"
                    HPOS="67"
                    VPOS="779"
                    WIDTH="463"
                    HEIGHT="73"
                    WC="0.8508303165435791"></String>
          </TextLine>
          <TextLine ID="eSc_line_2262a534"
                    TAGREFS="LT34"
                    BASELINE="76 883 519 880" 
                    HPOS="73"
                    VPOS="824"
                    WIDTH="446"
                    HEIGHT="87">
            <Shape><Polygon POINTS="76 883 76 911 516 908 519 880 513 838 107 824 104 824 101 824 73 835 76 883"/></Shape>
	    <String CONTENT="&lt;...... ...&gt;"
                    HPOS="73"
                    VPOS="824"
                    WIDTH="446"
                    HEIGHT="87"
                    WC="0.9243476986885071"></String>
          </TextLine>
          <TextLine ID="eSc_line_e30e15a5"
                    TAGREFS="LT34"
                    BASELINE="79 931 536 942" 
                    HPOS="76"
                    VPOS="891"
                    WIDTH="460"
                    HEIGHT="71">
            <Shape><Polygon POINTS="79 931 76 959 530 962 536 942 533 897 79 891 79 931"/></Shape>
	    <String CONTENT="&lt;............&gt;"
                    HPOS="76"
                    VPOS="891"
                    WIDTH="460"
                    HEIGHT="71"
                    WC="0.8961114925997598"></String>
          </TextLine>
          <TextLine ID="eSc_line_dfa3758f"
                    TAGREFS="LT34"
                    BASELINE="73 993 528 996" 
                    HPOS="70"
                    VPOS="954"
                    WIDTH="458"
                    HEIGHT="67">
            <Shape><Polygon POINTS="73 993 70 1010 522 1021 528 996 525 959 73 954 73 993"/></Shape>
	    <String CONTENT="&lt;.........&gt;"
                    HPOS="70"
                    VPOS="954"
                    WIDTH="458"
                    HEIGHT="67"
                    WC="0.8761048262769525"></String>
          </TextLine>
          <TextLine ID="eSc_line_cc2b3cc9"
                    TAGREFS="LT34"
                    BASELINE="73 1044 508 1052" 
                    HPOS="70"
                    VPOS="1007"
                    WIDTH="438"
                    HEIGHT="82">
            <Shape><Polygon POINTS="73 1044 70 1078 288 1086 290 1086 293 1086 319 1075 330 1072 350 1075 420 1089 423 1089 505 1072 508 1052 505 1007 73 1007 73 1044"/></Shape>
	    <String CONTENT="&lt;atiaque .o&gt;."
                    HPOS="70"
                    VPOS="1007"
                    WIDTH="438"
                    HEIGHT="82"
                    WC="0.9439286176974957"></String>
          </TextLine>
          <TextLine ID="eSc_line_349ed5ef"
                    TAGREFS="LT34"
                    BASELINE="73 1109 485 1106" 
                    HPOS="70"
                    VPOS="1061"
                    WIDTH="415"
                    HEIGHT="70">
            <Shape><Polygon POINTS="73 1109 73 1131 482 1131 485 1106 480 1075 70 1061 73 1109"/></Shape>
	    <String CONTENT="&lt;.......&gt;"
                    HPOS="70"
                    VPOS="1061"
                    WIDTH="415"
                    HEIGHT="70"
                    WC="0.9087218973371718"></String>
          </TextLine>
          <TextLine ID="eSc_line_c8cdfde4"
                    TAGREFS="LT34"
                    BASELINE="79 1160 502 1154" 
                    HPOS="76"
                    VPOS="1109"
                    WIDTH="426"
                    HEIGHT="87">
            <Shape><Polygon POINTS="79 1160 79 1196 499 1185 502 1154 494 1109 76 1120 79 1160"/></Shape>
	    <String CONTENT="&lt;..&gt; dans l&#x27;école"
                    HPOS="76"
                    VPOS="1109"
                    WIDTH="426"
                    HEIGHT="87"
                    WC="0.9520399675649756"></String>
          </TextLine>
          <TextLine ID="eSc_line_d176712e"
                    TAGREFS="LT34"
                    BASELINE="73 1210 525 1216" 
                    HPOS="70"
                    VPOS="1165"
                    WIDTH="455"
                    HEIGHT="71">
            <Shape><Polygon POINTS="73 1210 70 1230 519 1236 525 1216 522 1165 73 1168 73 1210"/></Shape>
	    <String CONTENT="nentré néessai."
                    HPOS="70"
                    VPOS="1165"
                    WIDTH="455"
                    HEIGHT="71"
                    WC="0.9725072224934895"></String>
          </TextLine>
          <TextLine ID="eSc_line_6ca45464"
                    TAGREFS="LT34"
                    BASELINE="62 1275 545 1281" 
                    HPOS="59"
                    VPOS="1227"
                    WIDTH="486"
                    HEIGHT="71">
            <Shape><Polygon POINTS="62 1275 59 1295 539 1298 545 1281 545 1244 530 1230 530 1227 528 1227 525 1227 522 1227 519 1227 474 1241 434 1227 432 1227 429 1227 355 1241 350 1241 62 1236 62 1275"/></Shape>
	    <String CONTENT="rementauti. pel¬"
                    HPOS="59"
                    VPOS="1227"
                    WIDTH="486"
                    HEIGHT="71"
                    WC="0.9683356881141663"></String>
          </TextLine>
          <TextLine ID="eSc_line_5be2c465"
                    TAGREFS="LT34"
                    BASELINE="76 1346 502 1335" 
                    HPOS="73"
                    VPOS="1295"
                    WIDTH="429"
                    HEIGHT="79">
            <Shape><Polygon POINTS="76 1346 76 1374 502 1354 502 1335 497 1298 73 1295 76 1346"/></Shape>
	    <String CONTENT="giensé et dont le"
                    HPOS="73"
                    VPOS="1295"
                    WIDTH="429"
                    HEIGHT="79"
                    WC="0.9756259637720445"></String>
          </TextLine>
          <TextLine ID="eSc_line_05ab3bcf"
                    TAGREFS="LT34"
                    BASELINE="70 1402 522 1402" 
                    HPOS="70"
                    VPOS="1360"
                    WIDTH="452"
                    HEIGHT="73">
            <Shape><Polygon POINTS="70 1402 70 1433 522 1428 522 1402 519 1360 70 1360 70 1402"/></Shape>
	    <String CONTENT="sucéés précipiterait"
                    HPOS="70"
                    VPOS="1360"
                    WIDTH="452"
                    HEIGHT="73"
                    WC="0.9989672094583512"></String>
          </TextLine>
          <TextLine ID="eSc_line_e1e116de"
                    TAGREFS="LT34"
                    BASELINE="64 1459 542 1467" 
                    HPOS="62"
                    VPOS="1414"
                    WIDTH="480"
                    HEIGHT="79">
            <Shape><Polygon POINTS="64 1459 62 1493 539 1493 542 1467 542 1425 64 1414 64 1459"/></Shape>
	    <String CONTENT="&quot;le courant socia¬"
                    HPOS="62"
                    VPOS="1414"
                    WIDTH="480"
                    HEIGHT="79"
                    WC="0.9998333354791006"></String>
          </TextLine>
          <TextLine ID="eSc_line_ccb79eaf"
                    TAGREFS="LT34"
                    BASELINE="62 1524 559 1532" 
                    HPOS="59"
                    VPOS="1476"
                    WIDTH="500"
                    HEIGHT="84">
            <Shape><Polygon POINTS="62 1524 59 1560 556 1560 559 1532 556 1478 432 1490 62 1476 62 1524"/></Shape>
	    <String CONTENT="leste qui s&#x27;Arnmonce"
                    HPOS="59"
                    VPOS="1476"
                    WIDTH="500"
                    HEIGHT="84"
                    WC="0.9924128979444504"></String>
          </TextLine>
          <TextLine ID="eSc_line_37be492d"
                    TAGREFS="LT34"
                    BASELINE="59 1583 554 1599 594 1606" 
                    HPOS="56"
                    VPOS="1543"
                    WIDTH="520"
                    HEIGHT="88">
            <Shape><Polygon POINTS="56 1611 144 1606 570 1631 576 1600 576 1563 415 1543 412 1543 59 1543 59 1583"/></Shape>
	    <String CONTENT="pour caglontir l&#x27;ordr"
                    HPOS="56"
                    VPOS="1543"
                    WIDTH="520"
                    HEIGHT="88"
                    WC="0.9730822160130456"></String>
          </TextLine>
          <TextLine ID="eSc_line_b50baba2"
                    TAGREFS="LT34"
                    BASELINE="64 1642 545 1651" 
                    HPOS="62"
                    VPOS="1606"
                    WIDTH="483"
                    HEIGHT="79">
            <Shape><Polygon POINTS="64 1642 62 1665 539 1685 545 1651 542 1611 64 1606 64 1642"/></Shape>
	    <String CONTENT=" le propriété&quot;. Lo30"
                    HPOS="62"
                    VPOS="1606"
                    WIDTH="483"
                    HEIGHT="79"
                    WC="0.9663760036230087"></String>
          </TextLine>
          <TextLine ID="eSc_line_056dc42a"
                    TAGREFS="LT34"
                    BASELINE="73 1704 576 1713" 
                    HPOS="70"
                    VPOS="1656"
                    WIDTH="480"
                    HEIGHT="79">
            <Shape><Polygon POINTS="70 1733 545 1735 550 1707 547 1668 73 1656 73 1704"/></Shape>
	    <String CONTENT="lauvier, ils reprenaie"
                    HPOS="70"
                    VPOS="1656"
                    WIDTH="480"
                    HEIGHT="79"
                    WC="0.995931018482555"></String>
          </TextLine>
          <TextLine ID="eSc_line_f3c32fc6"
                    TAGREFS="LT34"
                    BASELINE="67 1761 533 1764" 
                    HPOS="64"
                    VPOS="1716"
                    WIDTH="469"
                    HEIGHT="67">
            <Shape><Polygon POINTS="67 1761 64 1783 530 1783 533 1764 530 1721 67 1716 67 1761"/></Shape>
	    <String CONTENT="la parole avec plus de"
                    HPOS="64"
                    VPOS="1716"
                    WIDTH="469"
                    HEIGHT="67"
                    WC="0.997006665576588"></String>
          </TextLine>
          <TextLine ID="eSc_line_14c1b880"
                    TAGREFS="LT34"
                    BASELINE="64 1817 502 1820" 
                    HPOS="62"
                    VPOS="1769"
                    WIDTH="440"
                    HEIGHT="88">
            <Shape><Polygon POINTS="64 1817 62 1837 112 1854 115 1854 118 1857 499 1857 502 1820 499 1783 64 1769 64 1817"/></Shape>
	    <String CONTENT="Vetimence encore"
                    HPOS="62"
                    VPOS="1769"
                    WIDTH="440"
                    HEIGHT="88"
                    WC="0.9943363443017006"></String>
          </TextLine>
          <TextLine ID="eSc_line_d3c1e233"
                    TAGREFS="LT34"
                    BASELINE="59 1876 344 1871" 
                    HPOS="56"
                    VPOS="1826"
                    WIDTH="288"
                    HEIGHT="84">
            <Shape><Polygon POINTS="59 1876 59 1910 203 1899 231 1902 321 1910 324 1910 327 1910 330 1910 344 1896 344 1871 338 1826 56 1826 59 1876"/></Shape>
	    <String CONTENT="terminant"
                    HPOS="56"
                    VPOS="1826"
                    WIDTH="288"
                    HEIGHT="84"
                    WC="0.9380405147870382"></String>
          </TextLine>
          <TextLine ID="eSc_line_8a89d35f"
                    TAGREFS="LT34"
                    BASELINE="208 2093 426 2095" 
                    HPOS="208"
                    VPOS="2093"
                    WIDTH="218"
                    HEIGHT="2">
	    <String CONTENT=""
                    HPOS="208"
                    VPOS="2093"
                    WIDTH="218"
                    HEIGHT="2"></String>
          </TextLine>
        </TextBlock>
        <TextBlock HPOS="521"
                   VPOS="0"
                   WIDTH="2269"
                   HEIGHT="3386"
                   ID="eSc_textblock_8b45ad38"
                   TAGREFS="BT42">
          <Shape><Polygon POINTS="609 0 641 462 615 1670 521 3386 2722 3379 2790 20"/></Shape>
          <TextLine ID="eSc_line_d16663ed"
                    TAGREFS="LT31"
                    BASELINE="686 118 2733 127" 
                    HPOS="683"
                    VPOS="73"
                    WIDTH="2050"
                    HEIGHT="87">
            <Shape><Polygon POINTS="2547 79 2518 79 2490 79 2462 79 2434 79 2405 79 2377 79 2349 79 2321 79 2292 79 2264 79 2236 79 2208 79 2180 79 2151 79 2123 79 2095 79 2067 79 2038 79 2010 79 1982 79 1954 79 1925 79 1897 79 1869 79 1841 79 1812 79 1784 79 1756 79 1728 79 1699 79 1671 79 1643 79 1615 79 1587 79 1558 79 1530 79 1502 79 1474 79 1445 79 1417 79 1397 76 686 76 686 118 683 141 2727 160 2733 127 2727 73 2600 73 2575 79"/></Shape>
	    <String CONTENT="&lt; ...... .. . .... .. .....&gt;"
                    HPOS="683"
                    VPOS="73"
                    WIDTH="2050"
                    HEIGHT="87"
                    WC="0.833421277148383"></String>
          </TextLine>
          <TextLine ID="eSc_line_e6c62178"
                    TAGREFS="LT31"
                    BASELINE="683 200 1236 183 2744 194" 
                    HPOS="683"
                    VPOS="132"
                    WIDTH="2061"
                    HEIGHT="93">
            <Shape><Polygon POINTS="683 200 683 220 1640 208 1711 222 1714 222 1781 208 1852 225 1863 225 1866 225 1869 225 1872 225 1903 211 1962 225 1971 225 1973 225 1976 225 1982 225 2036 211 2123 225 2132 225 2134 225 2163 225 2451 211 2739 225 2744 194 2741 155 2346 138 2343 138 2341 138 2338 138 2321 152 2321 155 2194 155 2191 152 2171 138 2168 138 2165 138 2163 138 2160 138 2120 152 2115 152 2112 152 2058 138 2055 138 2052 138 2050 138 2047 138 2027 152 2021 155 1855 155 1843 152 1764 135 1160 135 1157 135 1154 135 1098 149 1095 149 1092 149 1064 135 1061 135 1058 135 954 149 946 149 943 149 926 135 923 135 920 135 917 135 914 135 883 149 881 149 878 149 844 132 841 132 838 132 835 132 833 132 810 149 683 149 683 200"/></Shape>
	    <String CONTENT="&lt;............ .... .. .....&gt; par cette invoration qu&#x27;ellaient"
                    HPOS="683"
                    VPOS="132"
                    WIDTH="2061"
                    HEIGHT="93"
                    WC="0.9013602049624334"></String>
          </TextLine>
          <TextLine ID="eSc_line_f7538466"
                    TAGREFS="LT31"
                    BASELINE="657 265 1459 248 2730 259" 
                    HPOS="655"
                    VPOS="200"
                    WIDTH="2075"
                    HEIGHT="90">
            <Shape><Polygon POINTS="720 200 717 200 714 200 657 217 657 265 655 270 686 287 689 287 691 290 1010 290 1010 287 1013 287 1056 273 1061 273 1098 273 1363 287 1366 287 1417 276 1434 273 1476 276 1587 287 1589 287 1592 287 1615 279 1629 273 2725 285 2730 259 2727 220 2228 203 2225 203 2134 217 2112 200 2109 200 2106 200 2103 200 1990 217 1843 200 1589 200 1587 200 1584 200 1581 200 1558 214 1400 200 1397 200 1395 200 1361 214 1296 200 1293 200 1290 200 1253 220 889 220 847 203 844 203 841 203 765 217 722 200 720 200"/></Shape>
	    <String CONTENT="longtemps prononmer les fidèles:&quot;Des écoles sans Dienet des maîtrer tans"
                    HPOS="655"
                    VPOS="200"
                    WIDTH="2075"
                    HEIGHT="90"
                    WC="0.9827496036887169"></String>
          </TextLine>
          <TextLine ID="eSc_line_79fb87ec"
                    TAGREFS="LT31"
                    BASELINE="672 333 2691 318" 
                    HPOS="669"
                    VPOS="262"
                    WIDTH="2022"
                    HEIGHT="107">
            <Shape><Polygon POINTS="672 333 672 364 906 352 994 364 1042 369 1044 369 1047 369 1067 364 1109 349 1304 349 1349 361 1366 366 1369 366 1372 366 1403 361 1491 347 1914 361 1982 361 1985 361 1988 361 1990 361 2027 344 2148 344 2180 358 2185 361 2188 361 2191 361 2213 358 2312 344 2685 355 2691 318 2682 265 2609 279 2499 268 2451 262 2448 262 2445 262 2442 262 2437 268 2414 282 2216 282 2182 270 2157 265 2154 265 2151 265 2148 265 2146 265 2134 273 2117 282 2098 273 2078 265 2075 265 2072 265 1968 273 1892 282 1880 276 1872 268 1869 268 1866 268 1863 268 1860 268 1841 276 1827 282 1773 279 1660 268 1657 268 1654 268 1632 279 1618 287 1474 287 1414 282 1296 273 1293 273 1290 273 1287 273 1273 285 1267 290 1070 290 1033 290 816 273 813 273 669 293 672 333"/></Shape>
	    <String CONTENT="foi délivrez nous seigneur&quot;. Enfire le 18 piin, las Chaubres agant"
                    HPOS="669"
                    VPOS="262"
                    WIDTH="2022"
                    HEIGHT="107"
                    WC="0.9945989359508861"></String>
          </TextLine>
          <TextLine ID="eSc_line_c95ca793"
                    TAGREFS="LT31"
                    BASELINE="663 403 1592 386 2727 397" 
                    HPOS="660"
                    VPOS="338"
                    WIDTH="2067"
                    HEIGHT="91">
            <Shape><Polygon POINTS="663 403 663 414 2722 429 2727 397 2725 358 2360 358 2357 355 2338 341 2335 341 2332 341 2329 341 2222 355 2202 355 2199 352 2180 341 2177 341 2174 341 2171 341 2098 352 2081 355 2072 352 2027 338 2024 338 2021 338 2019 338 1979 352 1968 355 1945 352 1860 338 1742 338 1739 338 1736 338 1733 338 1719 352 1714 355 1691 352 1632 338 1629 338 1454 349 1395 352 660 347 663 403"/></Shape>
	    <String CONTENT="voté le projet, ils ordonnaient formellement la résistance &lt;....&gt;"
                    HPOS="660"
                    VPOS="338"
                    WIDTH="2067"
                    HEIGHT="91"
                    WC="0.978330658032344"></String>
          </TextLine>
          <TextLine ID="eSc_line_275d153d"
                    TAGREFS="LT31"
                    BASELINE="669 471 1790 454 2677 462" 
                    HPOS="666"
                    VPOS="414"
                    WIDTH="2011"
                    HEIGHT="91">
            <Shape><Polygon POINTS="669 471 674 505 697 488 725 502 728 502 731 502 734 502 787 488 1053 488 1070 502 1073 502 1075 502 1078 502 1092 502 1197 485 1298 499 1304 499 1307 499 1332 499 1705 482 1849 482 1869 496 1872 496 1875 496 1877 496 1920 493 2185 479 2671 488 2677 462 2674 417 714 414 711 414 708 414 666 429 669 471"/></Shape>
	    <String CONTENT="défendant aux Catholiques, sous peine de refus des sacrements, de"
                    HPOS="666"
                    VPOS="414"
                    WIDTH="2011"
                    HEIGHT="91"
                    WC="0.9967393682553218"></String>
          </TextLine>
          <TextLine ID="eSc_line_291cf3aa"
                    TAGREFS="LT31"
                    BASELINE="666 539 2021 524 2722 533" 
                    HPOS="663"
                    VPOS="474"
                    WIDTH="2059"
                    HEIGHT="98">
            <Shape><Polygon POINTS="666 539 666 572 847 556 875 570 878 570 881 570 1002 556 1126 572 1143 572 1146 572 1149 572 1154 572 1194 556 1366 567 1369 567 1434 553 1482 567 1485 567 1488 567 1756 550 1804 567 1807 567 1810 567 1815 567 1985 550 2225 564 2228 564 2230 564 2233 564 2256 547 2377 564 2383 564 2386 564 2722 561 2722 533 2719 488 2185 474 2182 474 2180 474 2177 474 2151 491 2148 491 2134 491 1948 477 1945 477 1942 477 1900 491 1872 477 1869 477 1685 477 1683 477 1575 493 1572 493 1570 493 1245 479 1242 479 1239 479 1208 493 892 482 889 482 748 496 717 482 714 482 711 482 708 482 663 496 666 539"/></Shape>
	    <String CONTENT="plaer leurs enfauts dans une ciole officielle ou d&#x27;y enseigner, seuf"
                    HPOS="663"
                    VPOS="474"
                    WIDTH="2059"
                    HEIGHT="98"
                    WC="0.9976438809843624"></String>
          </TextLine>
          <TextLine ID="eSc_line_6af4ae34"
                    TAGREFS="LT31"
                    BASELINE="660 606 2691 595" 
                    HPOS="657"
                    VPOS="556"
                    WIDTH="2034"
                    HEIGHT="90">
            <Shape><Polygon POINTS="660 606 663 646 734 626 900 626 920 640 923 640 926 640 929 640 931 640 960 626 1129 640 1132 643 1135 643 1284 643 1284 640 1287 640 1290 640 1318 623 1502 623 1524 637 1527 640 1530 640 1533 640 1536 640 1570 637 1702 620 1804 635 1835 637 1838 640 2013 640 2013 637 2016 637 2019 637 2024 632 2041 620 2109 632 2157 637 2160 637 2202 629 2256 620 2307 629 2346 635 2349 635 2688 623 2691 595 2682 556 657 567 660 606"/></Shape>
	    <String CONTENT="en cas de force majeue à apprécier par l&#x27;autorité épiscopale."
                    HPOS="657"
                    VPOS="556"
                    WIDTH="2034"
                    HEIGHT="90"
                    WC="0.9994256621406924"></String>
          </TextLine>
          <TextLine ID="eSc_line_f5d5347c"
                    TAGREFS="LT31"
                    BASELINE="669 680 1101 663 2719 657" 
                    HPOS="666"
                    VPOS="612"
                    WIDTH="2053"
                    HEIGHT="96">
            <Shape><Polygon POINTS="669 680 669 708 1191 685 1640 694 2010 699 2013 699 2016 699 2052 685 2067 683 2112 685 2259 697 2261 697 2335 683 2338 683 2341 683 2586 697 2589 697 2716 674 2719 657 2710 612 666 626 669 680"/></Shape>
	    <String CONTENT="Jus qu&#x27;alors, l&#x27;intervention des évêques dans la vie palitique avait"
                    HPOS="666"
                    VPOS="612"
                    WIDTH="2053"
                    HEIGHT="96"
                    WC="0.9834935726488337"></String>
          </TextLine>
          <TextLine ID="eSc_line_523d5431"
                    TAGREFS="LT31"
                    BASELINE="663 747 1070 731 2705 722" 
                    HPOS="660"
                    VPOS="668"
                    WIDTH="2045"
                    HEIGHT="102">
            <Shape><Polygon POINTS="663 747 663 770 2702 750 2705 722 2696 668 2586 685 2357 674 2309 671 2307 671 2304 671 2301 671 2298 674 2278 685 2067 677 1951 674 1948 674 1945 674 1942 674 1937 680 1920 688 1815 683 1731 677 1728 677 1725 677 1697 683 1663 691 1584 685 1465 677 1462 677 660 699 663 747"/></Shape>
	    <String CONTENT="souvent embarrassé la droite parlementaire. Cette fois, elle devait"
                    HPOS="660"
                    VPOS="668"
                    WIDTH="2045"
                    HEIGHT="102"
                    WC="0.9981201344461583"></String>
          </TextLine>
          <TextLine ID="eSc_line_39419a4e"
                    TAGREFS="LT31"
                    BASELINE="646 812 1397 793 2713 787" 
                    HPOS="643"
                    VPOS="739"
                    WIDTH="2070"
                    HEIGHT="99">
            <Shape><Polygon POINTS="646 812 646 838 1047 821 1174 832 1177 832 1248 818 2710 818 2713 787 2708 747 2100 739 2098 739 2095 739 2052 753 2047 753 2019 753 1818 742 1815 742 643 764 646 812"/></Shape>
	    <String CONTENT="l&#x27;entrainer au conmbat. A peuré se fiit elle prononcée, les cercles catto¬"
                    HPOS="643"
                    VPOS="739"
                    WIDTH="2070"
                    HEIGHT="99"
                    WC="0.9889135755397178"></String>
          </TextLine>
          <TextLine ID="eSc_line_b9bc41a6"
                    TAGREFS="LT31"
                    BASELINE="646 880 1502 858 2708 858" 
                    HPOS="643"
                    VPOS="807"
                    WIDTH="2065"
                    HEIGHT="99">
            <Shape><Polygon POINTS="646 880 646 906 1070 886 1157 900 1160 900 1440 883 1499 897 1502 897 1505 897 1603 880 1646 894 1649 894 1651 894 1951 877 2702 886 2708 858 2705 818 1923 807 1920 807 1917 807 1860 824 1858 824 1623 810 1620 810 1618 810 1578 826 1575 826 1349 812 1346 812 1344 812 1341 812 1321 826 875 818 872 818 773 832 734 818 731 818 728 818 643 835 646 880"/></Shape>
	    <String CONTENT="liques, les associations électosales, les comités e&#x27;oivres, les patronages"
                    HPOS="643"
                    VPOS="807"
                    WIDTH="2065"
                    HEIGHT="99"
                    WC="0.9882297991095362"></String>
          </TextLine>
          <TextLine ID="eSc_line_be8b07ea"
                    TAGREFS="LT31"
                    BASELINE="643 945 1539 925 2730 925" 
                    HPOS="641"
                    VPOS="880"
                    WIDTH="2089"
                    HEIGHT="88">
            <Shape><Polygon POINTS="643 945 643 968 1479 948 1688 959 1691 959 1694 959 1697 959 1722 945 2725 951 2730 925 2725 880 641 894 643 945"/></Shape>
	    <String CONTENT="déchainèrent un mouvement général de protestation. Tout le parti"
                    HPOS="641"
                    VPOS="880"
                    WIDTH="2089"
                    HEIGHT="88"
                    WC="0.9957242086529732"></String>
          </TextLine>
          <TextLine ID="eSc_line_1d73be11"
                    TAGREFS="LT31"
                    BASELINE="646 1013 1154 993 2710 979" 
                    HPOS="643"
                    VPOS="928"
                    WIDTH="2067"
                    HEIGHT="113">
            <Shape><Polygon POINTS="2564 928 2535 928 2510 928 2479 939 2476 939 2468 939 2374 928 2366 928 2338 928 2335 928 2298 939 2290 942 2250 939 2061 928 2058 928 2055 928 2019 942 2007 945 1917 942 1694 934 1691 934 1626 945 1578 951 643 951 646 1013 646 1041 917 1021 1253 1033 1293 1033 1296 1033 1298 1033 1304 1033 1358 1016 1502 1030 1530 1030 1533 1030 1536 1030 1544 1027 1592 1013 1784 1024 1810 1024 1812 1024 1815 1024 1821 1024 1863 1010 1903 1021 1914 1024 1917 1024 1920 1024 1923 1024 1934 1021 1979 1010 2710 1010 2710 979 2705 939 2589 928 2564 928"/></Shape>
	    <String CONTENT="fut galvanisé. Dis jourmaux, en tète desquels il faut citer le Patrioe"
                    HPOS="643"
                    VPOS="928"
                    WIDTH="2067"
                    HEIGHT="113"
                    WC="0.99561744758061"></String>
          </TextLine>
          <TextLine ID="eSc_line_d1364831"
                    TAGREFS="LT31"
                    BASELINE="657 1081 1039 1064 2699 1033" 
                    HPOS="655"
                    VPOS="985"
                    WIDTH="2044"
                    HEIGHT="127">
            <Shape><Polygon POINTS="657 1081 657 1112 1219 1083 1332 1097 1352 1097 1355 1097 1380 1095 1505 1078 1589 1089 1612 1092 1615 1092 1618 1092 1626 1089 1649 1078 1747 1086 1767 1086 1770 1086 1773 1086 1776 1086 1793 1069 2699 1061 2699 1033 2691 985 1781 1013 1688 1010 1547 1004 1544 1004 1409 1018 1355 1021 1296 1021 1078 1013 1075 1013 900 1030 897 1030 895 1030 813 1018 810 1018 807 1018 804 1018 787 1033 708 1021 705 1021 703 1021 655 1035 657 1081"/></Shape>
	    <String CONTENT="fondé en 1483, attaquaient fouqueusement &quot; la loi de malheur&quot;. Le"
                    HPOS="655"
                    VPOS="985"
                    WIDTH="2044"
                    HEIGHT="127"
                    WC="0.975865770303286"></String>
          </TextLine>
          <TextLine ID="eSc_line_5a8834ef"
                    TAGREFS="LT31"
                    BASELINE="646 1145 1411 1120 2702 1103" 
                    HPOS="643"
                    VPOS="1049"
                    WIDTH="2059"
                    HEIGHT="125">
            <Shape><Polygon POINTS="646 1145 646 1162 796 1174 799 1174 801 1174 804 1174 821 1160 833 1154 1005 1154 1027 1157 1098 1168 1101 1168 1104 1168 1140 1154 1157 1148 1177 1154 1217 1165 1219 1165 1222 1165 1284 1151 1315 1145 1363 1151 1457 1160 1459 1160 1626 1145 1722 1137 1804 1143 1959 1151 1962 1151 1965 1151 2013 1137 2038 1131 2081 1137 2180 1148 2182 1148 2699 1123 2702 1103 2691 1049 2640 1064 2191 1061 2030 1061 2027 1061 2024 1061 2004 1066 1965 1075 1824 1069 1719 1066 1716 1066 1714 1066 1711 1066 1711 1069 1705 1072 1697 1081 1558 1078 1411 1072 1409 1072 1366 1081 1338 1086 1259 1083 1106 1078 1104 1078 1101 1078 1075 1089 1064 1092 1044 1089 991 1081 988 1081 643 1097 646 1145"/></Shape>
	    <String CONTENT="clergé, du haut des chaires, tonnait contre elle. Et ce que l&#x27;on n&#x27;avait"
                    HPOS="643"
                    VPOS="1049"
                    WIDTH="2059"
                    HEIGHT="125"
                    WC="0.9926773028241264"></String>
          </TextLine>
          <TextLine ID="eSc_line_364ff64b"
                    TAGREFS="LT31"
                    BASELINE="641 1213 1496 1185 2705 1179" 
                    HPOS="638"
                    VPOS="1126"
                    WIDTH="2067"
                    HEIGHT="110">
            <Shape><Polygon POINTS="641 1213 641 1236 1640 1210 2705 1210 2705 1179 2699 1140 2468 1126 2465 1126 2389 1143 2383 1143 2366 1143 2129 1131 2126 1131 1779 1151 1756 1151 1747 1151 1635 1137 1632 1137 638 1165 641 1213"/></Shape>
	    <String CONTENT="jamais vu, le peuple, inquiété dans sa conscieuse, apportait à l&#x27;a¬"
                    HPOS="638"
                    VPOS="1126"
                    WIDTH="2067"
                    HEIGHT="110"
                    WC="0.9933221769683501"></String>
          </TextLine>
          <TextLine ID="eSc_line_b781be4d"
                    TAGREFS="LT31"
                    BASELINE="638 1284 1649 1250 2696 1244" 
                    HPOS="635"
                    VPOS="1193"
                    WIDTH="2061"
                    HEIGHT="116">
            <Shape><Polygon POINTS="638 1284 638 1309 2696 1267 2696 1244 2688 1202 2160 1208 2157 1208 2120 1193 2117 1193 2115 1193 1668 1213 1499 1222 1479 1216 1443 1208 1440 1208 1437 1208 1434 1208 1395 1219 1366 1224 1287 1219 1183 1213 1180 1213 1123 1222 1070 1230 1022 1224 971 1216 968 1216 926 1224 883 1233 635 1230 638 1284"/></Shape>
	    <String CONTENT="gitation &gt; le consours naif et bital de se masse. Comme en"
                    HPOS="635"
                    VPOS="1193"
                    WIDTH="2061"
                    HEIGHT="116"
                    WC="0.9883269277112238"></String>
          </TextLine>
          <TextLine ID="eSc_line_4cc865fc"
                    TAGREFS="LT31"
                    BASELINE="618 1351 1454 1323 2657 1312" 
                    HPOS="615"
                    VPOS="1261"
                    WIDTH="2042"
                    HEIGHT="110">
            <Shape><Polygon POINTS="618 1351 618 1371 2654 1332 2657 1312 2648 1272 2369 1275 2366 1275 2298 1261 2295 1261 2185 1278 2182 1278 2180 1278 2132 1264 2129 1264 2126 1264 2033 1281 2027 1281 2024 1281 1923 1267 1920 1267 1784 1284 1750 1270 1747 1270 1745 1270 1742 1270 1691 1287 1688 1287 1677 1287 1423 1275 1420 1275 1417 1275 1363 1289 1095 1281 1092 1281 1090 1281 1027 1298 1022 1301 615 1303 618 1351"/></Shape>
	    <String CONTENT="1928, &lt;.......&gt; des pétitions affluaient aux Chambres : avant le"
                    HPOS="615"
                    VPOS="1261"
                    WIDTH="2042"
                    HEIGHT="110"
                    WC="0.9708513803780079"></String>
          </TextLine>
          <TextLine ID="eSc_line_79f1be60"
                    TAGREFS="LT31"
                    BASELINE="629 1414 2123 1383 2736 1383" 
                    HPOS="626"
                    VPOS="1326"
                    WIDTH="2110"
                    HEIGHT="121">
            <Shape><Polygon POINTS="629 1414 629 1431 782 1447 785 1447 960 1428 974 1428 985 1428 1081 1442 1084 1442 1087 1442 1121 1428 1126 1425 1163 1425 1321 1436 1324 1436 1395 1425 1423 1419 1457 1422 1541 1433 1544 1433 1547 1433 1572 1422 1584 1416 1629 1422 1691 1428 1694 1428 1773 1419 1832 1414 1855 1419 1892 1428 1894 1428 1897 1428 1979 1416 2058 1408 2132 1416 2194 1422 2196 1422 2733 1408 2736 1383 2733 1337 2374 1326 2372 1326 2219 1343 2182 1346 2163 1343 2095 1332 2092 1332 2089 1332 2061 1346 2052 1349 2013 1346 1900 1335 1897 1335 1784 1349 1733 1354 1626 1351 1428 1343 1426 1343 1423 1343 1420 1343 1403 1354 1392 1360 1352 1354 1293 1346 1290 1346 1287 1346 1284 1346 1270 1354 1256 1366 626 1366 629 1414"/></Shape>
	    <String CONTENT="note, plus de 317 00o signatures avaient été remeillies. &lt;. ...... ...&gt;"
                    HPOS="626"
                    VPOS="1326"
                    WIDTH="2110"
                    HEIGHT="121"
                    WC="0.9664886174067645"></String>
          </TextLine>
          <TextLine ID="eSc_line_a130d2d9"
                    TAGREFS="LT31"
                    BASELINE="624 1478 2674 1456" 
                    HPOS="621"
                    VPOS="1414"
                    WIDTH="2053"
                    HEIGHT="81">
            <Shape><Polygon POINTS="624 1478 624 1495 2674 1484 2674 1456 2668 1414 1649 1414 1646 1414 1643 1414 1640 1414 1618 1428 1615 1431 1380 1431 1372 1431 1219 1419 1217 1419 1115 1433 951 1422 948 1422 872 1436 643 1425 641 1425 638 1425 635 1425 621 1433 624 1478"/></Shape>
	    <String CONTENT="Les parties flamandes du pays ee distinquaient par leur exaltation."
                    HPOS="621"
                    VPOS="1414"
                    WIDTH="2053"
                    HEIGHT="81"
                    WC="0.9987021159769883"></String>
          </TextLine>
          <TextLine ID="eSc_line_201b8fa3"
                    TAGREFS="LT31"
                    BASELINE="632 1543 2699 1512" 
                    HPOS="629"
                    VPOS="1462"
                    WIDTH="2070"
                    HEIGHT="112">
            <Shape><Polygon POINTS="632 1543 632 1560 768 1574 770 1574 996 1558 1025 1555 2699 1541 2699 1512 2693 1476 2606 1462 2603 1462 2405 1478 2380 1478 2374 1478 2332 1464 2329 1464 2326 1464 2324 1464 2321 1464 2301 1478 2295 1481 2228 1478 2047 1473 2044 1473 1818 1484 1688 1490 1663 1487 1612 1476 1609 1476 1544 1487 1507 1493 1474 1487 1417 1478 1414 1478 1287 1490 1188 1498 1140 1493 1092 1484 1090 1484 943 1487 940 1487 937 1487 929 1493 920 1501 900 1493 881 1487 878 1487 875 1487 629 1495 632 1543"/></Shape>
	    <String CONTENT="La chant du Vlaamsche Lecvr devluait un byume de guerse contre"
                    HPOS="629"
                    VPOS="1462"
                    WIDTH="2070"
                    HEIGHT="112"
                    WC="0.9746019556637733"></String>
          </TextLine>
          <TextLine ID="eSc_line_599a72d6"
                    TAGREFS="LT31"
                    BASELINE="632 1611 2674 1583" 
                    HPOS="629"
                    VPOS="1546"
                    WIDTH="2045"
                    HEIGHT="102">
            <Shape><Polygon POINTS="632 1611 632 1648 711 1634 1005 1642 1010 1642 1013 1642 1016 1642 1053 1625 2671 1617 2674 1583 2665 1546 629 1560 632 1611"/></Shape>
	    <String CONTENT="les cormpteurs de l&#x27;âme des enfants, associant ainsi le sautiment"
                    HPOS="629"
                    VPOS="1546"
                    WIDTH="2045"
                    HEIGHT="102"
                    WC="0.9984088494227483"></String>
          </TextLine>
          <TextLine ID="eSc_line_dd0e5126"
                    TAGREFS="LT31"
                    BASELINE="629 1690 1183 1670 2682 1659" 
                    HPOS="626"
                    VPOS="1608"
                    WIDTH="2056"
                    HEIGHT="110">
            <Shape><Polygon POINTS="629 1690 629 1718 1157 1696 1338 1710 1400 1713 1403 1713 1476 1707 1668 1690 1824 1690 1838 1701 1841 1704 1843 1704 1846 1704 1849 1704 1869 1701 1923 1690 2002 1699 2055 1704 2058 1704 2115 1699 2191 1687 2205 1696 2211 1701 2213 1701 2216 1701 2219 1701 2679 1687 2682 1659 2677 1622 2445 1608 2442 1608 2439 1608 2411 1622 2408 1622 2386 1622 2202 1611 2199 1611 2086 1622 2061 1625 2036 1622 1948 1614 1945 1614 1942 1614 1920 1625 1908 1631 626 1631 629 1690"/></Shape>
	    <String CONTENT="religieux au sentement national. De même que l&#x27;on avait accie¬"
                    HPOS="626"
                    VPOS="1608"
                    WIDTH="2056"
                    HEIGHT="110"
                    WC="0.9975596176039788"></String>
          </TextLine>
          <TextLine ID="eSc_line_0f3b1d53"
                    TAGREFS="LT31"
                    BASELINE="612 1764 2719 1735" 
                    HPOS="609"
                    VPOS="1682"
                    WIDTH="2110"
                    HEIGHT="115">
            <Shape><Polygon POINTS="612 1764 612 1786 912 1797 914 1797 1019 1786 1070 1780 1121 1786 1228 1795 1231 1795 1234 1795 1270 1783 1296 1778 1522 1783 1697 1786 1699 1786 1779 1780 1948 1769 2095 1780 2123 1780 2126 1780 2129 1780 2134 1780 2182 1766 2261 1778 2281 1780 2284 1780 2338 1778 2572 1764 2713 1775 2719 1735 2708 1682 2640 1701 2349 1701 2301 1690 2292 1687 2290 1687 2287 1687 2284 1687 2281 1687 2278 1690 2261 1704 2236 1690 2233 1690 2230 1690 2228 1690 2188 1693 1968 1707 1928 1699 1911 1693 1908 1693 1906 1693 1863 1699 1784 1710 1632 1704 1505 1699 1502 1699 1499 1699 1496 1699 1485 1707 1474 1713 1420 1707 1341 1701 1338 1701 1335 1701 1313 1710 1298 1716 1279 1710 1234 1701 1231 1701 1174 1713 1146 1718 1109 1716 1022 1704 1019 1704 609 1724 612 1764"/></Shape>
	    <String CONTENT="sé jadis Guillaume Ier de vonloir &quot;protestantires, le pays, on acuaait"
                    HPOS="609"
                    VPOS="1682"
                    WIDTH="2110"
                    HEIGHT="115"
                    WC="0.9866397517068045"></String>
          </TextLine>
          <TextLine ID="eSc_line_8b5a1940"
                    TAGREFS="LT31"
                    BASELINE="609 1848 1632 1820 2733 1826" 
                    HPOS="607"
                    VPOS="1761"
                    WIDTH="2126"
                    HEIGHT="113">
            <Shape><Polygon POINTS="609 1848 609 1874 1202 1854 1369 1865 1372 1865 1454 1851 2727 1851 2733 1826 2730 1778 2620 1761 2617 1761 2304 1780 2295 1780 2292 1780 2239 1766 2236 1766 2233 1766 2157 1780 2030 1766 2027 1766 2024 1766 1988 1783 1739 1772 1736 1772 1733 1772 1705 1786 1601 1772 1598 1772 1595 1772 1544 1786 1451 1772 1448 1772 1445 1772 1375 1789 965 1778 962 1778 960 1778 886 1795 638 1783 635 1783 632 1783 607 1795 609 1848"/></Shape>
	    <String CONTENT="lae Ministère de prélendre le déchristianiser. Et toutes les libertés cons"
                    HPOS="607"
                    VPOS="1761"
                    WIDTH="2126"
                    HEIGHT="113"
                    WC="0.9953405438242732"></String>
          </TextLine>
          <TextLine ID="eSc_line_8e95586a"
                    TAGREFS="LT31"
                    BASELINE="609 1916 1795 1896 2645 1899" 
                    HPOS="607"
                    VPOS="1834"
                    WIDTH="2038"
                    HEIGHT="113">
            <Shape><Polygon POINTS="609 1916 609 1947 912 1927 2643 1924 2645 1899 2640 1851 2445 1851 2425 1834 2422 1834 2420 1834 2417 1834 2414 1834 2411 1834 2386 1851 2383 1851 2047 1843 2044 1843 1956 1857 1951 1857 1928 1840 1925 1840 1923 1840 1804 1840 1801 1840 1674 1860 1668 1860 1666 1860 1620 1843 1618 1843 1465 1843 1462 1843 1459 1843 1420 1862 1417 1862 1383 1862 962 1848 960 1848 957 1848 954 1848 931 1865 785 1854 782 1854 779 1854 731 1868 652 1851 649 1851 646 1851 607 1865 609 1916"/></Shape>
	    <String CONTENT="titutionnelles dont on pouissait maintenant liberté de la presse"
                    HPOS="607"
                    VPOS="1834"
                    WIDTH="2038"
                    HEIGHT="113"
                    WC="0.9939464358612895"></String>
          </TextLine>
          <TextLine ID="eSc_line_2a773cb7"
                    TAGREFS="LT31"
                    BASELINE="615 1987 2657 1950" 
                    HPOS="615"
                    VPOS="1899"
                    WIDTH="2042"
                    HEIGHT="124">
            <Shape><Polygon POINTS="2516 1899 2403 1913 2386 1916 2383 1913 2366 1902 2363 1902 2360 1902 2357 1902 2355 1902 2326 1916 2318 1922 2061 1922 2010 1919 1880 1908 1877 1908 1875 1908 1829 1922 1804 1927 1793 1922 1776 1910 1773 1910 1770 1910 1767 1910 1764 1910 1762 1910 1747 1922 1736 1927 1725 1922 1705 1913 1702 1913 1699 1913 1697 1913 1674 1922 1660 1927 1567 1922 1428 1916 1426 1916 1423 1916 1420 1916 1409 1924 1392 1936 1315 1924 1259 1919 1256 1919 1188 1927 1070 1941 934 1930 897 1927 895 1927 892 1927 889 1927 886 1930 864 1944 818 1930 807 1927 804 1927 801 1927 756 1930 641 1944 615 1933 615 1987 615 2023 773 2006 923 2018 926 2018 1092 2001 1236 2012 1239 2012 1242 2012 1284 1998 1553 2006 1555 2006 1558 2006 1561 2006 1587 1992 2019 1998 2021 1998 2024 1998 2027 1998 2566 1975 2651 1987 2657 1950 2651 1913 2518 1899 2516 1899"/></Shape>
	    <String CONTENT="liberté de réunion, domaient à l&#x27;opposition une ampleur et uné"
                    HPOS="615"
                    VPOS="1899"
                    WIDTH="2042"
                    HEIGHT="124"
                    WC="0.9969430499606662"></String>
          </TextLine>
          <TextLine ID="eSc_line_6a91f6bf"
                    TAGREFS="LT31"
                    BASELINE="607 2049 2679 2026" 
                    HPOS="604"
                    VPOS="1987"
                    WIDTH="2075"
                    HEIGHT="98">
            <Shape><Polygon POINTS="607 2049 607 2066 801 2085 804 2085 892 2068 1019 2083 1022 2083 1344 2063 1409 2060 1437 2063 1547 2077 1550 2077 1646 2060 1680 2057 1733 2060 1892 2074 1894 2074 1897 2074 1900 2074 1917 2060 1920 2060 1937 2060 2154 2071 2157 2071 2222 2057 2259 2051 2292 2057 2349 2068 2352 2068 2355 2068 2400 2057 2434 2049 2445 2057 2453 2063 2456 2063 2459 2063 2462 2063 2465 2063 2479 2057 2499 2049 2677 2054 2679 2026 2674 1987 1457 1987 1454 1987 1389 1998 1375 2001 1335 2001 1121 1989 1118 1989 1115 1989 1087 2003 1084 2006 604 2006 607 2049"/></Shape>
	    <String CONTENT="vigneur aux quelle elle n&#x27;avait pu attendre sous le régrime hollandais."
                    HPOS="604"
                    VPOS="1987"
                    WIDTH="2075"
                    HEIGHT="98"
                    WC="0.9911184755849166"></String>
          </TextLine>
          <TextLine ID="eSc_line_07da0f57"
                    TAGREFS="LT31"
                    BASELINE="615 2125 2640 2099" 
                    HPOS="612"
                    VPOS="2054"
                    WIDTH="2028"
                    HEIGHT="99">
            <Shape><Polygon POINTS="615 2125 615 2153 2637 2139 2640 2099 2634 2063 2021 2054 2019 2054 1843 2068 1736 2054 1733 2054 1618 2071 1575 2057 1572 2057 1570 2057 1468 2071 1327 2060 1324 2060 1321 2060 1270 2077 1171 2066 1169 2066 1056 2080 657 2068 655 2068 652 2068 612 2083 615 2125"/></Shape>
	    <String CONTENT="A &lt;............ ... .. ..... ..........&gt;"
                    HPOS="612"
                    VPOS="2054"
                    WIDTH="2028"
                    HEIGHT="99"
                    WC="0.8453921362757683"></String>
          </TextLine>
          <TextLine ID="eSc_line_62d91170"
                    TAGREFS="LT31"
                    BASELINE="618 2195 2693 2167" 
                    HPOS="615"
                    VPOS="2128"
                    WIDTH="2078"
                    HEIGHT="104">
            <Shape><Polygon POINTS="618 2195 618 2215 810 2232 813 2232 1287 2212 1372 2210 1386 2212 1443 2224 1445 2224 1448 2224 1482 2210 1496 2204 2693 2201 2693 2167 2685 2128 615 2153 618 2195"/></Shape>
	    <String CONTENT="&lt;.......&gt; Cependant, au sein des chambres, la droite et la gauche"
                    HPOS="615"
                    VPOS="2128"
                    WIDTH="2078"
                    HEIGHT="104"
                    WC="0.9857698082923889"></String>
          </TextLine>
          <TextLine ID="eSc_line_06e2cd7d"
                    TAGREFS="LT31"
                    BASELINE="595 2263 2691 2229" 
                    HPOS="593"
                    VPOS="2181"
                    WIDTH="2098"
                    HEIGHT="113">
            <Shape><Polygon POINTS="595 2263 595 2294 1474 2269 1598 2280 1603 2280 1606 2280 1609 2280 1643 2263 2691 2260 2691 2229 2682 2181 593 2212 595 2263"/></Shape>
	    <String CONTENT="se lançaient mutuellement le reproche de violer la constitution. les Cé¬"
                    HPOS="593"
                    VPOS="2181"
                    WIDTH="2098"
                    HEIGHT="113"
                    WC="0.993879477183024"></String>
          </TextLine>
          <TextLine ID="eSc_line_f195bc95"
                    TAGREFS="LT31"
                    BASELINE="601 2328 2691 2283" 
                    HPOS="598"
                    VPOS="2232"
                    WIDTH="2093"
                    HEIGHT="130">
            <Shape><Polygon POINTS="2555 2232 2422 2252 2312 2238 2309 2238 2230 2255 2021 2246 2019 2246 1948 2260 1908 2246 1906 2246 1903 2246 1767 2266 1764 2266 1643 2252 1640 2252 1262 2277 1245 2277 1231 2277 895 2269 892 2269 889 2269 855 2286 849 2286 751 2274 748 2274 683 2289 629 2274 626 2274 624 2274 621 2274 618 2274 598 2283 601 2328 601 2362 2691 2311 2691 2283 2685 2249 2558 2232 2555 2232"/></Shape>
	    <String CONTENT="&lt;...&gt; béraux citaient le Bien Public et Perrin, les catholipues le Flau¬"
                    HPOS="598"
                    VPOS="2232"
                    WIDTH="2093"
                    HEIGHT="130"
                    WC="0.9784774937563472"></String>
          </TextLine>
          <TextLine ID="eSc_line_c90abd2e"
                    TAGREFS="LT31"
                    BASELINE="612 2396 2708 2351" 
                    HPOS="609"
                    VPOS="2300"
                    WIDTH="2099"
                    HEIGHT="127">
            <Shape><Polygon POINTS="612 2396 612 2416 869 2427 872 2427 1527 2413 1530 2413 1553 2401 1567 2393 1849 2390 1863 2396 1872 2404 1875 2404 1877 2404 1880 2404 1883 2404 1903 2396 1923 2387 1988 2396 2050 2401 2052 2401 2123 2393 2211 2382 2705 2382 2708 2351 2702 2314 2479 2300 2476 2300 2473 2300 2470 2300 2442 2317 2439 2317 2242 2305 2239 2305 2151 2322 1400 2322 1397 2322 1222 2342 1217 2342 1214 2342 1033 2331 1030 2331 1027 2331 994 2348 982 2348 858 2337 855 2337 852 2337 807 2351 779 2337 776 2337 773 2337 770 2337 708 2353 705 2353 652 2339 649 2339 646 2339 643 2339 609 2351 612 2396"/></Shape>
	    <String CONTENT="dre Libérale et Lourent ; à l&#x27;affirmation de Frère que la loi n&#x27;était qu&#x27;une"
                    HPOS="609"
                    VPOS="2300"
                    WIDTH="2099"
                    HEIGHT="127"
                    WC="0.9790945966522415"></String>
          </TextLine>
          <TextLine ID="eSc_line_d1a5157a"
                    TAGREFS="LT31"
                    BASELINE="618 2469 2067 2418 2702 2407" 
                    HPOS="615"
                    VPOS="2365"
                    WIDTH="2087"
                    HEIGHT="124">
            <Shape><Polygon POINTS="618 2469 618 2489 2702 2435 2702 2407 2696 2365 2202 2365 2199 2365 2100 2382 2098 2382 1951 2373 1948 2373 1406 2404 1400 2404 1140 2399 1138 2399 787 2424 703 2413 700 2413 615 2430 618 2469"/></Shape>
	    <String CONTENT="&quot;mesure defensint contre l aultramentanisme&quot;, &lt;... .......&gt; s&#x27;ap¬"
                    HPOS="615"
                    VPOS="2365"
                    WIDTH="2087"
                    HEIGHT="124"
                    WC="0.955234169960022"></String>
          </TextLine>
          <TextLine ID="eSc_line_5d337bbe"
                    TAGREFS="LT31"
                    BASELINE="626 2531 2092 2480 2688 2472" 
                    HPOS="624"
                    VPOS="2421"
                    WIDTH="2064"
                    HEIGHT="141">
            <Shape><Polygon POINTS="626 2531 626 2562 2688 2486 2688 2472 2679 2421 2112 2447 2084 2441 2047 2435 2044 2435 1982 2447 1942 2452 1855 2449 1697 2447 1694 2447 1623 2461 1595 2464 1575 2461 1513 2452 1510 2452 1358 2469 1324 2472 1287 2472 1090 2466 1087 2466 892 2486 886 2486 883 2486 830 2475 827 2475 824 2475 821 2475 799 2489 660 2480 657 2480 655 2480 624 2492 626 2531"/></Shape>
	    <String CONTENT="posait celle de Malon la déclasant une arme de guerre contre la fot"
                    HPOS="624"
                    VPOS="2421"
                    WIDTH="2064"
                    HEIGHT="141"
                    WC="0.9786062200567616"></String>
          </TextLine>
          <TextLine ID="eSc_line_87ebff97"
                    TAGREFS="LT31"
                    BASELINE="615 2596 1931 2551 2719 2537" 
                    HPOS="612"
                    VPOS="2492"
                    WIDTH="2107"
                    HEIGHT="127">
            <Shape><Polygon POINTS="615 2596 615 2619 2719 2565 2719 2537 2710 2492 1934 2503 1931 2503 1903 2517 1900 2517 1897 2517 1855 2506 1852 2506 1849 2506 1846 2506 1843 2506 1843 2509 1832 2520 1829 2520 1821 2520 1747 2509 1745 2509 1516 2528 1507 2528 1505 2528 1468 2517 1465 2517 1462 2517 1375 2534 1363 2534 1349 2534 1208 2526 1205 2526 1092 2543 1084 2543 1078 2543 994 2531 991 2531 612 2557 615 2596"/></Shape>
	    <String CONTENT="&lt;.. .... . .. .&gt; religion et, pour alarmer les bous¬"
                    HPOS="612"
                    VPOS="2492"
                    WIDTH="2107"
                    HEIGHT="127"
                    WC="0.9500990062952042"></String>
          </TextLine>
          <TextLine ID="eSc_line_c8459c25"
                    TAGREFS="LT31"
                    BASELINE="612 2661 977 2641 2671 2602" 
                    HPOS="609"
                    VPOS="2548"
                    WIDTH="2062"
                    HEIGHT="150">
            <Shape><Polygon POINTS="612 2661 612 2698 841 2670 946 2689 951 2689 954 2689 1056 2687 1058 2687 1061 2687 1092 2661 1307 2661 1366 2678 1372 2678 1375 2678 1378 2678 1380 2678 1383 2678 1420 2658 1507 2672 1524 2675 1527 2675 1547 2672 1663 2647 2671 2639 2671 2602 2665 2562 2603 2548 2600 2548 2597 2548 2595 2548 2575 2562 2575 2565 2391 2568 2386 2568 2321 2554 2318 2554 2216 2557 2213 2557 2211 2557 2211 2560 2196 2574 2165 2560 2163 2560 2160 2560 1863 2582 1832 2582 1824 2582 1756 2568 1753 2568 1750 2568 1705 2585 1702 2585 1683 2585 1445 2576 1443 2576 1440 2576 1375 2593 1369 2593 1363 2593 1296 2579 1293 2579 1290 2579 1287 2579 1262 2596 1259 2596 1217 2582 1214 2582 1211 2582 1084 2599 1061 2602 1039 2602 892 2591 889 2591 886 2591 833 2607 827 2607 824 2607 793 2593 790 2593 787 2593 609 2610 612 2661"/></Shape>
	    <String CONTENT="géois Woeste prophétisait qu&#x27;elle ferait connaître à la Belgique ce qu&#x27;a"
                    HPOS="609"
                    VPOS="2548"
                    WIDTH="2062"
                    HEIGHT="150"
                    WC="0.9827876307376443"></String>
          </TextLine>
          <TextLine ID="eSc_line_aedadefc"
                    TAGREFS="LT31"
                    BASELINE="609 2726 1584 2695 2682 2678" 
                    HPOS="607"
                    VPOS="2639"
                    WIDTH="2075"
                    HEIGHT="110">
            <Shape><Polygon POINTS="609 2726 609 2749 2682 2706 2682 2678 2677 2639 1973 2639 1971 2639 1835 2655 1827 2655 1818 2655 1728 2644 1725 2644 607 2681 609 2726"/></Shape>
	    <String CONTENT="avait toujours égnoré,&quot; les haines de classe et les agitations socialis¬"
                    HPOS="607"
                    VPOS="2639"
                    WIDTH="2075"
                    HEIGHT="110"
                    WC="0.9972215253445837"></String>
          </TextLine>
          <TextLine ID="eSc_line_727a1314"
                    TAGREFS="LT31"
                    BASELINE="604 2802 864 2785 1731 2766 2705 2760" 
                    HPOS="601"
                    VPOS="2715"
                    WIDTH="2104"
                    HEIGHT="107">
            <Shape><Polygon POINTS="604 2802 604 2822 909 2819 912 2819 914 2819 931 2805 999 2816 1008 2816 1010 2816 1013 2816 1016 2816 1047 2802 1434 2808 1451 2808 1454 2808 1457 2808 1527 2794 1601 2805 1618 2808 1620 2808 1640 2805 1716 2791 1810 2802 1841 2805 1843 2805 1846 2805 1858 2802 1894 2788 2705 2788 2705 2760 2699 2718 1705 2715 1702 2715 1699 2715 1663 2729 1530 2718 1527 2718 1524 2718 1522 2718 1502 2732 1468 2720 1465 2720 1462 2720 1459 2720 1417 2735 1414 2735 1411 2735 1335 2723 1332 2723 838 2743 827 2743 824 2743 801 2729 799 2729 796 2729 793 2729 601 2746 604 2802"/></Shape>
	    <String CONTENT="tes&quot;. Mais des deux côtés le siège était fait et l&#x27;on ne parlait que pour"
                    HPOS="601"
                    VPOS="2715"
                    WIDTH="2104"
                    HEIGHT="107"
                    WC="0.9827600301128544"></String>
          </TextLine>
          <TextLine ID="eSc_line_ecb03207"
                    TAGREFS="LT31"
                    BASELINE="609 2870 1375 2845 2713 2828" 
                    HPOS="607"
                    VPOS="2774"
                    WIDTH="2106"
                    HEIGHT="119">
            <Shape><Polygon POINTS="609 2870 609 2890 1081 2893 1084 2893 1087 2893 1109 2884 1135 2873 1722 2864 1951 2873 2038 2876 2041 2876 2044 2876 2055 2873 2086 2859 2171 2870 2196 2873 2199 2873 2202 2873 2211 2870 2239 2853 2374 2853 2710 2862 2713 2828 2708 2788 2527 2774 2524 2774 2372 2794 2357 2794 2349 2794 2264 2780 2261 2780 1931 2799 1886 2785 1883 2785 1880 2785 1575 2808 1561 2808 1555 2808 1445 2794 1443 2794 1440 2794 1400 2811 1352 2797 1349 2797 1346 2797 1344 2797 1304 2811 1092 2799 1090 2799 1087 2799 1047 2816 954 2805 951 2805 753 2822 703 2808 700 2808 697 2808 607 2825 609 2870"/></Shape>
	    <String CONTENT="agiter le pays et pour intinéides le Roi. Le 6 pis, la loi passait à le Cham¬"
                    HPOS="607"
                    VPOS="2774"
                    WIDTH="2106"
                    HEIGHT="119"
                    WC="0.9892214918747927"></String>
          </TextLine>
          <TextLine ID="eSc_line_9774541d"
                    TAGREFS="LT31"
                    BASELINE="598 2943 1917 2909 2657 2901" 
                    HPOS="595"
                    VPOS="2845"
                    WIDTH="2062"
                    HEIGHT="129">
            <Shape><Polygon POINTS="598 2943 598 2974 917 2974 917 2972 920 2972 923 2972 929 2966 943 2955 1104 2952 1214 2960 1248 2963 1250 2963 1253 2963 1256 2963 1259 2960 1273 2949 1507 2955 1606 2957 1609 2957 1612 2957 1623 2955 1660 2941 1812 2949 1821 2949 1824 2949 1832 2949 1990 2932 2654 2932 2657 2901 2651 2856 2490 2845 2487 2845 2485 2845 2482 2845 2468 2859 2465 2859 2411 2859 2007 2856 2004 2856 2002 2856 1976 2867 1973 2870 1962 2870 1900 2859 1897 2859 1894 2859 1855 2870 1846 2873 1835 2870 1779 2862 1776 2862 595 2895 598 2943"/></Shape>
	    <String CONTENT="tre des Représentants par 67 voix contre 60. &lt;....... .. ....... ..&gt;"
                    HPOS="595"
                    VPOS="2845"
                    WIDTH="2062"
                    HEIGHT="129"
                    WC="0.949798765427926"></String>
          </TextLine>
          <TextLine ID="eSc_line_aa19dc84"
                    TAGREFS="LT31"
                    BASELINE="584 3017 1900 2977 2668 2966" 
                    HPOS="581"
                    VPOS="2918"
                    WIDTH="2087"
                    HEIGHT="119">
            <Shape><Polygon POINTS="584 3017 584 3037 2668 2994 2668 2966 2660 2918 2055 2938 2036 2935 1976 2921 1973 2921 1827 2926 1824 2926 1821 2926 1804 2941 1728 2929 1725 2929 1722 2929 1694 2943 1688 2946 1683 2943 1651 2932 1649 2932 1646 2932 1567 2949 1541 2952 1522 2949 1440 2935 1437 2935 1341 2955 1321 2957 1307 2955 1262 2943 1259 2943 1256 2943 1253 2943 1250 2943 1228 2957 1225 2957 1205 2957 912 2949 909 2949 906 2949 903 2949 875 2966 793 2955 790 2955 787 2955 785 2955 762 2972 759 2972 756 2972 703 2955 700 2955 697 2955 581 2974 584 3017"/></Shape>
	    <String CONTENT="&lt;......... ....&gt; Elle faillit échouer au senat où le"
                    HPOS="581"
                    VPOS="2918"
                    WIDTH="2087"
                    HEIGHT="119"
                    WC="0.950222732929083"></String>
          </TextLine>
          <TextLine ID="eSc_line_ef006fa2"
                    TAGREFS="LT31"
                    BASELINE="612 3082 2682 3031" 
                    HPOS="609"
                    VPOS="2986"
                    WIDTH="2073"
                    HEIGHT="130">
            <Shape><Polygon POINTS="612 3082 612 3116 841 3096 1025 3104 1027 3104 1298 3084 1366 3096 1369 3096 1372 3096 1375 3096 1423 3079 2682 3059 2682 3031 2674 2986 609 3034 612 3082"/></Shape>
	    <String CONTENT="puine de Ligne, président de l&#x27;assemblée, rompaut avec son parti, vata¬"
                    HPOS="609"
                    VPOS="2986"
                    WIDTH="2073"
                    HEIGHT="130"
                    WC="0.987312053290891"></String>
          </TextLine>
          <TextLine ID="eSc_line_6a893beb"
                    TAGREFS="LT31"
                    BASELINE="595 3149 2631 3096" 
                    HPOS="593"
                    VPOS="3042"
                    WIDTH="2038"
                    HEIGHT="127">
            <Shape><Polygon POINTS="595 3149 595 3169 2629 3118 2631 3096 2623 3042 2516 3062 2033 3062 1886 3062 1883 3062 1880 3062 1877 3062 1875 3065 1860 3076 1680 3073 1558 3070 1555 3070 1553 3070 1550 3070 1541 3076 1527 3084 1443 3079 1355 3076 1352 3076 1349 3076 1346 3076 1346 3079 1341 3084 1332 3090 1248 3087 1138 3082 1135 3082 593 3107 595 3149"/></Shape>
	    <String CONTENT="contre elle. &lt;.......... ...... ..... .... ....&gt;"
                    HPOS="593"
                    VPOS="3042"
                    WIDTH="2038"
                    HEIGHT="127"
                    WC="0.8874606527388096"></String>
          </TextLine>
          <TextLine ID="eSc_line_120cfa13"
                    TAGREFS="LT31"
                    BASELINE="601 3209 2671 3166" 
                    HPOS="598"
                    VPOS="3116"
                    WIDTH="2073"
                    HEIGHT="129">
            <Shape><Polygon POINTS="601 3209 601 3245 1152 3220 1205 3231 1231 3234 1234 3234 1265 3228 1321 3217 1581 3220 1835 3223 1838 3223 1925 3212 1979 3203 1996 3209 2016 3217 2019 3217 2021 3217 2089 3206 2126 3200 2146 3206 2182 3214 2185 3214 2188 3214 2191 3214 2236 3203 2259 3197 2292 3200 2391 3212 2394 3212 2668 3189 2671 3166 2662 3116 2524 3132 2332 3124 2267 3121 2264 3121 2261 3121 2259 3121 2253 3124 2236 3138 2160 3127 2123 3124 2120 3124 2117 3124 2100 3130 2069 3141 2033 3132 2013 3127 2010 3127 2007 3127 1976 3132 1928 3144 1581 3144 1231 3144 1228 3144 1154 3155 1118 3161 1090 3158 1013 3147 1010 3147 940 3161 923 3164 886 3164 737 3155 734 3155 598 3169 601 3209"/></Shape>
	    <String CONTENT="&lt;....&gt;Lis catholiques ne se firent pas faule de constater &lt;.. .....&gt;"
                    HPOS="598"
                    VPOS="3116"
                    WIDTH="2073"
                    HEIGHT="129"
                    WC="0.954617910525378"></String>
          </TextLine>
          <TextLine ID="eSc_line_22816d86"
                    TAGREFS="LT31"
                    BASELINE="590 3282 2640 3237" 
                    HPOS="587"
                    VPOS="3186"
                    WIDTH="2053"
                    HEIGHT="130">
            <Shape><Polygon POINTS="590 3282 590 3302 737 3316 739 3316 982 3296 999 3296 1027 3296 1417 3302 1420 3302 2640 3265 2640 3237 2634 3200 2566 3186 2564 3186 2561 3186 2558 3186 2535 3200 2533 3203 2315 3206 2309 3206 2270 3192 2267 3192 2264 3192 2261 3192 2259 3192 2239 3206 2236 3209 2225 3206 2168 3195 2165 3195 2064 3209 2050 3212 2041 3212 2010 3200 2007 3200 2004 3200 2002 3200 1999 3200 1999 3203 1988 3212 1985 3214 1968 3212 1892 3200 1889 3200 1886 3200 1835 3214 1821 3217 1810 3214 1767 3203 1764 3203 1762 3203 1759 3203 1756 3203 1736 3217 1731 3220 1708 3217 1651 3209 1649 3209 1646 3209 1618 3217 1603 3223 1507 3220 1298 3214 1296 3214 1245 3226 1217 3231 1177 3226 1098 3217 1095 3217 1092 3217 1090 3217 1073 3228 1061 3234 988 3231 841 3223 838 3223 587 3237 590 3282"/></Shape>
	    <String CONTENT="&lt;....... .... . ...........&gt; qu’elle"
                    HPOS="587"
                    VPOS="3186"
                    WIDTH="2053"
                    HEIGHT="130"
                    WC="0.8064499729209476"></String>
          </TextLine>
          <TextLine ID="eSc_line_33e8fd64"
                    TAGREFS="LT31"
                    BASELINE="593 3344 2668 3299" 
                    HPOS="590"
                    VPOS="3262"
                    WIDTH="2078"
                    HEIGHT="108">
            <Shape><Polygon POINTS="593 3344 593 3370 1369 3370 1369 3367 1372 3367 1420 3350 1423 3350 1426 3350 1491 3364 1493 3364 1663 3344 1680 3344 1697 3344 1869 3355 1872 3355 1875 3355 1877 3355 1897 3339 1900 3339 1908 3339 1968 3350 1971 3350 2036 3336 2047 3336 2055 3336 2146 3350 2148 3350 2259 3333 2278 3330 2292 3330 2394 3344 2397 3344 2665 3322 2668 3299 2662 3262 2030 3262 2027 3262 1609 3285 1592 3285 1589 3285 1502 3274 1499 3274 1496 3274 1465 3288 1465 3291 1211 3293 1208 3293 1109 3282 1106 3282 1104 3282 1070 3296 849 3288 847 3288 590 3307 593 3344"/></Shape>
	    <String CONTENT="n&#x27;avait été sauvée que par l&#x27;adtésion d&#x27;un sénateur de Bruiges élu lui¬"
                    HPOS="590"
                    VPOS="3262"
                    WIDTH="2078"
                    HEIGHT="108"
                    WC="0.9796355778062847"></String>
          </TextLine>
        </TextBlock>
      </PrintSpace>
    </Page>
  </Layout>
</alto>
