<?xml version="1.0" encoding="UTF-8"?>
<alto xmlns:xsi="http://www.w3.org/2001/XMLSchema-instance"
      xmlns="http://www.loc.gov/standards/alto/ns-v4#"
      xsi:schemaLocation="http://www.loc.gov/standards/alto/ns-v4# http://www.loc.gov/standards/alto/v4/alto-4-2.xsd">
  <Description>
    <MeasurementUnit>pixel</MeasurementUnit>
    <sourceImageInformation>
      <fileName>ARCH-DIV-000496_0195.png</fileName>
    </sourceImageInformation>
  </Description>
  <Tags>
    <OtherTag ID="BT42" LABEL="MainZone" DESCRIPTION="block type MainZone"/><OtherTag ID="BT43" LABEL="MarginTextZone" DESCRIPTION="block type MarginTextZone"/><OtherTag ID="BT44" LABEL="NumberingZone" DESCRIPTION="block type NumberingZone"/><OtherTag ID="BT45" LABEL="TitlePageZone" DESCRIPTION="block type TitlePageZone"/><OtherTag ID="BT46" LABEL="CustomZone:Numbering" DESCRIPTION="block type CustomZone:Numbering"/><OtherTag ID="BT49" LABEL="MarginTextZone:lower" DESCRIPTION="block type MarginTextZone:lower"/>
    <OtherTag ID="LT25" LABEL="default" DESCRIPTION="line type default"/><OtherTag ID="LT31" LABEL="DefaultLine" DESCRIPTION="line type DefaultLine"/><OtherTag ID="LT32" LABEL="HeadingLine" DESCRIPTION="line type HeadingLine"/><OtherTag ID="LT33" LABEL="InterlinearLine:addition" DESCRIPTION="line type InterlinearLine:addition"/><OtherTag ID="LT34" LABEL="InterlinearLine:correction" DESCRIPTION="line type InterlinearLine:correction"/>
  </Tags>
  <Layout>
    <Page WIDTH="2790"
          HEIGHT="3324"
          PHYSICAL_IMG_NR="194"
          ID="eSc_dummypage_">
      <PrintSpace HPOS="0"
                  VPOS="0"
                  WIDTH="2790"
                  HEIGHT="3324">
        <TextBlock HPOS="102"
                   VPOS="41"
                   WIDTH="399"
                   HEIGHT="284"
                   ID="eSc_textblock_5c16519d"
                   TAGREFS="BT44">
          <Shape><Polygon POINTS="102 41 102 325 501 325 501 41"/></Shape>
          <TextLine ID="eSc_line_57bf92f5"
                    TAGREFS="LT31"
                    BASELINE="175 115 399 212" 
                    HPOS="175"
                    VPOS="115"
                    WIDTH="224"
                    HEIGHT="97">
	    <String CONTENT=""
                    HPOS="175"
                    VPOS="115"
                    WIDTH="224"
                    HEIGHT="97"></String>
          </TextLine>
        </TextBlock>
        <TextBlock HPOS="495"
                   VPOS="0"
                   WIDTH="2281"
                   HEIGHT="3291"
                   ID="eSc_textblock_94cda067"
                   TAGREFS="BT42">
          <Shape><Polygon POINTS="556 0 495 3291 2749 3284 2776 14"/></Shape>
          <TextLine ID="eSc_line_37c6ed88"
                    TAGREFS="LT32"
                    BASELINE="1677 159 1796 151" 
                    HPOS="1677"
                    VPOS="151"
                    WIDTH="119"
                    HEIGHT="8">
	    <String CONTENT=""
                    HPOS="1677"
                    VPOS="151"
                    WIDTH="119"
                    HEIGHT="8"></String>
          </TextLine>
          <TextLine ID="eSc_line_52833ce6"
                    TAGREFS="LT31"
                    BASELINE="734 282 2740 290" 
                    HPOS="734"
                    VPOS="216"
                    WIDTH="2006"
                    HEIGHT="110">
            <Shape><Polygon POINTS="1895 229 1892 227 1884 232 1850 240 1762 229 1684 221 1681 221 1678 221 1651 229 1604 243 1407 243 1374 224 1363 218 1360 218 1299 218 1296 218 1293 218 1291 218 1288 224 1266 238 1124 221 1099 218 1097 218 1094 218 1088 218 1038 238 1011 224 1008 224 1005 224 905 238 734 216 734 282 734 313 1956 313 1969 313 2072 326 2075 326 2737 313 2740 290 2737 246 2593 246 2587 243 2543 224 2540 224 2537 224 2457 240 2438 243 2382 240 2260 229 2258 229 2255 229 2235 238 2216 243 1975 243 1956 232 1947 229 1922 229"/></Shape>
	    <String CONTENT="Le calmet constitué par Frère, orban après les électon du 11"
                    HPOS="734"
                    VPOS="216"
                    WIDTH="2006"
                    HEIGHT="110"
                    WC="0.9803420056899389"></String>
          </TextLine>
          <TextLine ID="eSc_line_c86a92c0"
                    TAGREFS="LT31"
                    BASELINE="659 376 1130 360 2726 362" 
                    HPOS="656"
                    VPOS="307"
                    WIDTH="2070"
                    HEIGHT="91">
            <Shape><Polygon POINTS="659 376 659 398 1014 385 2720 390 2726 362 2723 326 2349 307 2346 307 2343 307 2341 307 2316 324 2266 310 2263 310 2260 310 2258 310 2205 324 2141 307 2138 307 2136 307 2028 326 1734 326 1709 307 1706 307 1703 307 1554 307 1551 307 1548 307 1545 307 1515 326 1346 326 1318 307 1316 307 1313 307 1230 307 1227 307 1097 324 1036 307 1033 307 1030 307 1027 307 994 324 950 307 947 307 944 307 942 307 939 307 919 324 869 313 867 313 656 326 659 376"/></Shape>
	    <String CONTENT="puin 1878 &lt;&gt; fut un carbenet d&#x27;union libérale. A la question"
                    HPOS="656"
                    VPOS="307"
                    WIDTH="2070"
                    HEIGHT="91"
                    WC="0.9608513653278351"></String>
          </TextLine>
          <TextLine ID="eSc_line_1e9b55da"
                    TAGREFS="LT31"
                    BASELINE="653 437 2729 421" 
                    HPOS="651"
                    VPOS="371"
                    WIDTH="2078"
                    HEIGHT="97">
            <Shape><Polygon POINTS="653 437 653 468 1346 448 2723 451 2729 421 2720 371 651 387 653 437"/></Shape>
	    <String CONTENT="électorale qui avait divisé en 1870 les doctrinaires et les radecaux"
                    HPOS="651"
                    VPOS="371"
                    WIDTH="2078"
                    HEIGHT="97"
                    WC="0.9882953973377452"></String>
          </TextLine>
          <TextLine ID="eSc_line_cbf98794"
                    TAGREFS="LT31"
                    BASELINE="653 504 1720 484 2745 487" 
                    HPOS="651"
                    VPOS="432"
                    WIDTH="2094"
                    HEIGHT="102">
            <Shape><Polygon POINTS="653 504 653 534 809 517 864 531 872 534 875 534 878 534 881 534 889 531 933 517 958 531 961 534 964 534 966 534 969 534 991 531 1083 515 1241 529 1296 531 1299 531 1446 529 1449 529 1457 526 1482 512 1532 523 1557 529 1559 529 1606 523 1703 509 1903 509 1928 517 1944 526 1947 526 1950 526 2017 517 2100 506 2138 515 2166 523 2169 523 2172 523 2742 506 2745 487 2742 445 2546 432 2543 432 2540 432 2537 432 2518 445 2515 445 2338 434 2335 434 2332 434 2330 434 2316 448 2313 451 2149 451 2108 451 2017 432 2014 432 2011 432 1961 451 1958 451 1950 451 1731 434 1728 434 1726 434 1662 451 1645 437 1642 437 1640 437 1332 437 1329 437 1327 437 1324 437 1293 457 1158 457 1033 440 1030 440 1027 440 986 459 894 445 892 445 889 445 839 459 789 443 786 443 784 443 651 462 653 504"/></Shape>
	    <String CONTENT="s&#x27;était substitauce la question aeltramontaine qui les avait region¬"
                    HPOS="651"
                    VPOS="432"
                    WIDTH="2094"
                    HEIGHT="102"
                    WC="0.9927898540216333"></String>
          </TextLine>
          <TextLine ID="eSc_line_d1424107"
                    TAGREFS="LT31"
                    BASELINE="642 578 989 565 2729 551" 
                    HPOS="640"
                    VPOS="495"
                    WIDTH="2089"
                    HEIGHT="111">
            <Shape><Polygon POINTS="642 578 642 606 2726 587 2729 551 2720 506 2418 515 2349 509 2222 495 2219 495 2089 512 2033 517 2025 512 2017 504 2014 504 2011 504 1847 498 1845 498 1568 506 1565 506 1537 517 1518 523 1421 517 1293 509 1291 509 1288 509 1260 517 1235 526 1152 520 1050 512 1047 512 1044 512 1041 512 1030 520 1022 529 858 529 845 523 825 509 822 509 820 509 739 509 736 509 640 523 642 578"/></Shape>
	    <String CONTENT="pés. Ils avaient pris pour pragranssoe la défence les institutions notio¬"
                    HPOS="640"
                    VPOS="495"
                    WIDTH="2089"
                    HEIGHT="111"
                    WC="0.9556076583796984"></String>
          </TextLine>
          <TextLine ID="eSc_line_1d2e1d7e"
                    TAGREFS="LT33"
                    BASELINE="1669 525 1903 521" 
                    HPOS="1669"
                    VPOS="521"
                    WIDTH="234"
                    HEIGHT="4">
	    <String CONTENT=""
                    HPOS="1669"
                    VPOS="521"
                    WIDTH="234"
                    HEIGHT="4"></String>
          </TextLine>
          <TextLine ID="eSc_line_808fe633"
                    TAGREFS="LT31"
                    BASELINE="634 645 2737 620" 
                    HPOS="631"
                    VPOS="567"
                    WIDTH="2106"
                    HEIGHT="103">
            <Shape><Polygon POINTS="634 645 634 670 2734 648 2737 620 2729 567 2499 587 2346 573 2324 573 2321 573 2318 573 2313 573 2260 590 2113 578 2069 576 2066 576 2064 576 2055 578 2028 592 1953 581 1925 578 1922 578 1884 584 1792 595 1620 587 1512 584 1509 584 1507 584 1490 590 1471 598 1443 592 1413 584 1410 584 1407 584 1363 592 1327 601 1241 595 1144 590 1141 590 905 603 817 606 806 603 759 592 756 592 753 592 631 606 634 645"/></Shape>
	    <String CONTENT="nales compromises par le cléricalisme. La droite modérée ex prait les"
                    HPOS="631"
                    VPOS="567"
                    WIDTH="2106"
                    HEIGHT="103"
                    WC="0.9810705729152845"></String>
          </TextLine>
          <TextLine ID="eSc_line_db35f3a4"
                    TAGREFS="LT31"
                    BASELINE="628 720 2729 686" 
                    HPOS="626"
                    VPOS="642"
                    WIDTH="2103"
                    HEIGHT="105">
            <Shape><Polygon POINTS="628 720 628 747 2540 722 2543 722 2607 709 2723 720 2729 686 2720 642 626 675 628 720"/></Shape>
	    <String CONTENT="exagérations de l&#x27;extrême, droite, et &lt;....&gt; mein cère ma¬"
                    HPOS="626"
                    VPOS="642"
                    WIDTH="2103"
                    HEIGHT="105"
                    WC="0.9709843931526974"></String>
          </TextLine>
          <TextLine ID="eSc_line_4b3a16ed"
                    TAGREFS="LT31"
                    BASELINE="626 786 2734 756" 
                    HPOS="623"
                    VPOS="700"
                    WIDTH="2111"
                    HEIGHT="117">
            <Shape><Polygon POINTS="626 786 626 817 2734 786 2734 756 2726 700 2623 717 2573 703 2571 703 2568 703 2565 703 2529 720 2493 703 2485 700 2482 700 2479 700 2476 700 2474 700 2471 703 2443 722 2385 722 2360 706 2352 700 2349 700 2346 700 2343 700 2274 709 2116 725 2030 711 1989 706 1986 706 1914 709 1911 709 1908 709 1903 714 1884 728 1820 717 1781 709 1778 709 1775 709 1773 709 1762 717 1737 731 1545 720 1413 714 1410 714 1407 714 1382 722 1349 739 1141 739 1124 728 1113 720 1111 720 1108 720 1002 720 1000 720 869 722 867 722 864 722 850 734 836 742 623 739 626 786"/></Shape>
	    <String CONTENT="lon .l..... .. .....&gt; le Syllabus, ls Bien Publie du"
                    HPOS="623"
                    VPOS="700"
                    WIDTH="2111"
                    HEIGHT="117"
                    WC="0.943483652976843"></String>
          </TextLine>
          <TextLine ID="eSc_line_f6f8a008"
                    TAGREFS="LT34"
                    BASELINE="857 755 1503 737" 
                    HPOS="857"
                    VPOS="737"
                    WIDTH="646"
                    HEIGHT="18">
	    <String CONTENT=""
                    HPOS="857"
                    VPOS="737"
                    WIDTH="646"
                    HEIGHT="18"></String>
          </TextLine>
          <TextLine ID="eSc_line_dbb9365a"
                    TAGREFS="LT31"
                    BASELINE="626 853 1523 831 2729 822" 
                    HPOS="623"
                    VPOS="775"
                    WIDTH="2106"
                    HEIGHT="97">
            <Shape><Polygon POINTS="626 853 626 872 2726 844 2729 822 2723 778 2216 775 2213 775 2210 775 2174 786 2161 789 2144 786 2086 775 2083 775 1834 792 1778 794 1762 792 1684 781 1681 781 1584 797 1568 797 1557 797 1460 783 1457 783 623 811 626 853"/></Shape>
	    <String CONTENT="courrier de Brugelles et l’enseiquement se Perrin. Pour rassures les"
                    HPOS="623"
                    VPOS="775"
                    WIDTH="2106"
                    HEIGHT="97"
                    WC="0.9963483538697747"></String>
          </TextLine>
          <TextLine ID="eSc_line_6bbab2a4"
                    TAGREFS="LT33"
                    BASELINE="1329 808 1406 799" 
                    HPOS="1329"
                    VPOS="799"
                    WIDTH="77"
                    HEIGHT="9">
	    <String CONTENT=""
                    HPOS="1329"
                    VPOS="799"
                    WIDTH="77"
                    HEIGHT="9"></String>
          </TextLine>
          <TextLine ID="eSc_line_ca5c4783"
                    TAGREFS="LT31"
                    BASELINE="623 916 2693 878" 
                    HPOS="620"
                    VPOS="828"
                    WIDTH="2073"
                    HEIGHT="119">
            <Shape><Polygon POINTS="623 916 623 947 2690 903 2693 878 2684 839 2446 842 2443 842 2413 828 2410 828 2407 828 2404 828 2402 828 2385 842 2382 844 2341 844 2119 833 2116 833 2113 833 2077 847 2069 850 2033 850 1856 839 1853 839 1850 839 1803 853 1792 855 1773 853 1695 842 1692 842 1620 855 1604 858 1587 855 1504 844 1501 844 1338 861 1299 864 1268 861 1160 853 1158 853 1155 853 1124 864 1119 867 1088 867 961 855 958 855 892 869 869 875 620 875 623 916"/></Shape>
	    <String CONTENT="électeurs flottants&quot; &lt;......... ... ... n n&#x27;avait"
                    HPOS="620"
                    VPOS="828"
                    WIDTH="2073"
                    HEIGHT="119"
                    WC="0.9055889674595424"></String>
          </TextLine>
          <TextLine ID="eSc_line_dc7031e0"
                    TAGREFS="LT34"
                    BASELINE="1444 870 1509 868" 
                    HPOS="1444"
                    VPOS="868"
                    WIDTH="65"
                    HEIGHT="2">
	    <String CONTENT=""
                    HPOS="1444"
                    VPOS="868"
                    WIDTH="65"
                    HEIGHT="2"></String>
          </TextLine>
          <TextLine ID="eSc_line_a92e168b"
                    TAGREFS="LT31"
                    BASELINE="623 980 2704 941" 
                    HPOS="620"
                    VPOS="891"
                    WIDTH="2084"
                    HEIGHT="108">
            <Shape><Polygon POINTS="623 980 623 999 2701 966 2704 941 2698 908 2557 891 2554 891 2551 891 2501 908 2404 894 2402 894 2399 894 2349 911 1964 903 1961 903 1958 903 1956 903 1933 919 1928 919 1662 908 1659 908 1656 908 1654 908 1626 925 1623 925 1604 925 1069 919 1066 919 1063 919 1061 919 1038 936 1030 936 930 922 928 922 925 922 922 922 922 925 908 939 905 939 903 939 850 925 847 925 845 925 620 941 623 980"/></Shape>
	    <String CONTENT="..t.... ......... ..  ..&gt; parlé que de po¬"
                    HPOS="620"
                    VPOS="891"
                    WIDTH="2084"
                    HEIGHT="108"
                    WC="0.9394298153264182"></String>
          </TextLine>
          <TextLine ID="eSc_line_d7374aa0"
                    TAGREFS="LT31"
                    BASELINE="620 1047 1293 1027 2709 1011" 
                    HPOS="617"
                    VPOS="966"
                    WIDTH="2092"
                    HEIGHT="114">
            <Shape><Polygon POINTS="620 1047 620 1080 1000 1074 1002 1074 1005 1074 1058 1058 1202 1069 1205 1069 1302 1052 1482 1066 1545 1069 1548 1069 1595 1063 1737 1044 2706 1044 2709 1011 2704 969 1728 966 1726 966 1723 966 1687 983 1684 983 1673 983 1543 969 1540 969 1537 969 1507 986 1504 986 1490 986 1360 972 1357 972 1354 972 1296 988 1291 991 1044 991 1041 991 989 977 986 977 983 977 617 997 620 1047"/></Shape>
	    <String CONTENT="litique, Frère- Orban déclarait que le libéraliomé se sincidérait en des¬"
                    HPOS="617"
                    VPOS="966"
                    WIDTH="2092"
                    HEIGHT="114"
                    WC="0.9803150451346619"></String>
          </TextLine>
          <TextLine ID="eSc_line_1a7eb91c"
                    TAGREFS="LT31"
                    BASELINE="615 1124 1728 1091" 
                    HPOS="612"
                    VPOS="1044"
                    WIDTH="1116"
                    HEIGHT="97">
            <Shape><Polygon POINTS="615 1124 615 1141 1728 1121 1728 1091 1723 1055 1548 1047 1545 1047 1543 1047 1507 1058 1498 1060 1493 1058 1449 1044 1446 1044 1443 1044 1357 1060 1332 1069 1202 1069 1191 1066 1160 1052 1158 1052 1155 1052 1030 1069 966 1077 933 1071 881 1060 878 1060 875 1060 872 1060 856 1074 845 1080 814 1074 770 1066 767 1066 764 1066 728 1077 689 1085 612 1080 615 1124"/></Shape>
	    <String CONTENT="cendant oue le terrain religieux&quot;."
                    HPOS="612"
                    VPOS="1044"
                    WIDTH="1116"
                    HEIGHT="97"
                    WC="0.9930204205653247"></String>
          </TextLine>
          <TextLine ID="eSc_line_3756b66d"
                    TAGREFS="LT31"
                    BASELINE="623 1202 1576 1168 2662 1146" 
                    HPOS="620"
                    VPOS="1083"
                    WIDTH="2042"
                    HEIGHT="146">
            <Shape><Polygon POINTS="623 1202 623 1221 858 1216 867 1218 908 1229 911 1229 914 1229 917 1229 919 1229 933 1216 939 1213 1008 1213 1232 1221 1235 1221 1238 1221 1241 1221 1257 1210 1263 1204 1285 1207 1346 1218 1349 1218 1352 1218 1354 1218 1374 1207 1385 1202 1471 1204 1648 1210 1651 1210 1654 1210 1656 1210 1667 1199 1678 1193 1753 1199 1861 1204 1864 1204 1867 1204 1889 1196 1908 1188 1933 1193 1964 1202 1967 1202 1969 1202 2327 1191 2330 1191 2332 1191 2338 1185 2349 1177 2659 1177 2662 1146 2657 1102 2490 1083 2488 1083 2485 1083 2482 1083 2463 1099 2407 1085 2404 1085 2402 1085 2305 1108 2205 1091 2202 1091 2072 1116 2069 1116 2066 1116 1889 1105 1886 1105 1798 1121 1773 1102 1770 1102 1767 1102 1764 1102 1659 1127 1656 1127 1557 1110 1554 1110 1551 1110 1496 1130 1080 1121 1077 1121 1074 1121 1019 1146 928 1146 889 1127 886 1127 883 1127 640 1132 637 1132 634 1132 634 1135 620 1146 623 1202"/></Shape>
	    <String CONTENT="Il était pourtant impossible qu&#x27;il n&#x27;y descendit pas. Car foisa"
                    HPOS="620"
                    VPOS="1083"
                    WIDTH="2042"
                    HEIGHT="146"
                    WC="0.9820570964661856"></String>
          </TextLine>
          <TextLine ID="eSc_line_8dc86ea0"
                    TAGREFS="LT31"
                    BASELINE="615 1263 2670 1210" 
                    HPOS="612"
                    VPOS="1157"
                    WIDTH="2058"
                    HEIGHT="142">
            <Shape><Polygon POINTS="615 1263 615 1299 725 1279 1041 1285 1102 1285 1105 1285 1108 1285 1116 1282 1155 1268 1180 1279 1183 1279 1185 1279 1199 1279 1396 1263 1440 1271 1473 1276 1476 1276 1565 1265 1626 1260 1651 1263 1692 1271 1695 1271 2562 1249 2670 1227 2670 1210 2662 1157 2435 1180 1950 1180 1684 1180 1681 1180 1678 1180 1662 1188 1642 1196 1529 1191 1440 1188 1437 1188 1435 1188 1415 1193 1396 1202 1385 1196 1374 1188 1371 1188 1368 1188 1365 1188 1302 1199 1246 1207 1202 1202 1144 1193 1141 1193 1052 1207 1002 1213 975 1207 925 1199 922 1199 919 1199 917 1199 917 1202 905 1210 900 1216 878 1210 825 1202 822 1202 820 1202 817 1202 817 1204 806 1213 800 1221 612 1221 615 1263"/></Shape>
	    <String CONTENT="&lt;......... ...... . ..&gt;"
                    HPOS="612"
                    VPOS="1157"
                    WIDTH="2058"
                    HEIGHT="142"
                    WC="0.8390016892681951"></String>
          </TextLine>
          <TextLine ID="eSc_line_fac73bb5"
                    TAGREFS="LT31"
                    BASELINE="612 1326 2706 1265" 
                    HPOS="609"
                    VPOS="1227"
                    WIDTH="2097"
                    HEIGHT="127">
            <Shape><Polygon POINTS="612 1326 612 1354 2704 1288 2706 1265 2698 1227 609 1279 612 1326"/></Shape>
	    <String CONTENT="&lt; .. ... .. .... . ..&gt; le gouves."
                    HPOS="609"
                    VPOS="1227"
                    WIDTH="2097"
                    HEIGHT="127"
                    WC="0.9010396798451742"></String>
          </TextLine>
          <TextLine ID="eSc_line_7b78243d"
                    TAGREFS="LT31"
                    BASELINE="609 1379 2698 1321" 
                    HPOS="606"
                    VPOS="1274"
                    WIDTH="2092"
                    HEIGHT="141">
            <Shape><Polygon POINTS="609 1379 609 1415 731 1398 894 1407 897 1407 900 1407 939 1393 1271 1396 1274 1396 1407 1379 1496 1390 1501 1390 1504 1390 1518 1390 1706 1368 2698 1354 2698 1321 2690 1274 606 1337 609 1379"/></Shape>
	    <String CONTENT="nement avait beau déclarer qu&#x27;il s&#x27;abstiendrait de combaltre l&#x27;E¬"
                    HPOS="606"
                    VPOS="1274"
                    WIDTH="2092"
                    HEIGHT="141"
                    WC="0.9956813876445477"></String>
          </TextLine>
          <TextLine ID="eSc_line_161b0455"
                    TAGREFS="LT31"
                    BASELINE="612 1445 2676 1382" 
                    HPOS="609"
                    VPOS="1346"
                    WIDTH="2067"
                    HEIGHT="133">
            <Shape><Polygon POINTS="612 1445 612 1479 2676 1415 2676 1382 2668 1346 609 1398 612 1445"/></Shape>
	    <String CONTENT="glise et se bormcrait à l&#x27;ignorer. L&#x27;ipioser, n&#x27;était-ce pas encose la"
                    HPOS="609"
                    VPOS="1346"
                    WIDTH="2067"
                    HEIGHT="133"
                    WC="0.9917576145118391"></String>
          </TextLine>
          <TextLine ID="eSc_line_c783c37b"
                    TAGREFS="LT31"
                    BASELINE="603 1512 2693 1457" 
                    HPOS="601"
                    VPOS="1407"
                    WIDTH="2092"
                    HEIGHT="127">
            <Shape><Polygon POINTS="603 1512 603 1534 2693 1481 2693 1457 2687 1421 2620 1407 2618 1407 2615 1407 2612 1407 2596 1421 2596 1423 2341 1429 2338 1429 2305 1415 2302 1415 2299 1415 2296 1415 2258 1432 2252 1432 2244 1432 2158 1418 2155 1418 1867 1440 1834 1443 1814 1443 1681 1432 1678 1432 1676 1432 1637 1448 1631 1448 1623 1448 1559 1434 1557 1434 1166 1459 1111 1462 1099 1462 1025 1448 1022 1448 1019 1448 969 1465 966 1465 955 1465 800 1454 797 1454 601 1473 603 1512"/></Shape>
	    <String CONTENT="combattre, puisque sos prétegté de neutralité c&#x27;était s&#x27;apposer à sa"
                    HPOS="601"
                    VPOS="1407"
                    WIDTH="2092"
                    HEIGHT="127"
                    WC="0.9895317295323247"></String>
          </TextLine>
          <TextLine ID="eSc_line_08b08c72"
                    TAGREFS="LT31"
                    BASELINE="601 1578 2717 1515" 
                    HPOS="598"
                    VPOS="1473"
                    WIDTH="2119"
                    HEIGHT="128">
            <Shape><Polygon POINTS="601 1578 601 1601 2158 1567 2161 1567 2163 1567 2163 1565 2166 1565 2177 1551 2623 1540 2715 1551 2717 1515 2709 1473 598 1529 601 1578"/></Shape>
	    <String CONTENT="mission divine et dès lors mettre en péril la religion elle-même ? Pous"
                    HPOS="598"
                    VPOS="1473"
                    WIDTH="2119"
                    HEIGHT="128"
                    WC="0.994351327419281"></String>
          </TextLine>
          <TextLine ID="eSc_line_678e8868"
                    TAGREFS="LT31"
                    BASELINE="595 1650 2706 1581" 
                    HPOS="592"
                    VPOS="1531"
                    WIDTH="2114"
                    HEIGHT="139">
            <Shape><Polygon POINTS="595 1650 595 1670 1523 1659 1604 1639 1609 1639 1620 1639 1773 1650 1775 1650 2050 1625 2108 1639 2111 1639 2113 1639 2266 1620 2346 1628 2349 1628 2352 1628 2355 1628 2371 1614 2593 1623 2596 1623 2706 1601 2706 1581 2701 1537 2565 1531 2562 1531 2560 1531 2535 1542 2510 1551 2496 1542 2482 1534 2479 1534 2476 1534 2474 1534 2471 1534 2451 1545 2438 1553 2427 1545 2418 1537 2415 1537 2413 1537 2410 1537 2407 1537 2379 1545 2352 1556 2327 1548 2299 1540 2296 1540 2294 1540 2291 1540 2269 1551 2252 1559 2230 1551 2208 1545 2205 1545 2202 1545 2199 1545 2197 1545 2188 1553 2177 1565 2094 1565 2072 1556 2050 1548 2047 1548 2044 1548 2041 1548 2011 1559 1986 1570 1839 1573 1737 1567 1595 1562 1593 1562 1590 1562 1543 1576 1507 1587 1252 1592 1235 1587 1216 1578 1213 1578 1210 1578 1207 1578 1188 1587 1169 1598 980 1601 958 1595 922 1584 919 1584 917 1584 914 1584 861 1598 831 1606 772 1601 667 1592 664 1592 592 1606 595 1650"/></Shape>
	    <String CONTENT="&lt;...... .. .........&gt; échapper au danger, il ent donc fal¬"
                    HPOS="592"
                    VPOS="1531"
                    WIDTH="2114"
                    HEIGHT="139"
                    WC="0.9238169275481125"></String>
          </TextLine>
          <TextLine ID="eSc_line_63a551d0"
                    TAGREFS="LT31"
                    BASELINE="601 1722 1742 1692 2709 1648" 
                    HPOS="598"
                    VPOS="1609"
                    WIDTH="2111"
                    HEIGHT="147">
            <Shape><Polygon POINTS="601 1722 601 1756 1637 1731 1640 1731 1670 1717 1676 1714 1695 1714 1795 1725 1798 1725 1800 1725 1803 1725 1823 1711 1825 1711 1834 1711 2277 1711 2277 1709 2421 1686 2435 1686 2443 1686 2507 1700 2510 1700 2709 1675 2709 1648 2701 1609 598 1675 601 1722"/></Shape>
	    <String CONTENT="la que la minnstère, &lt;..... ... ... . .&gt; se contentat"
                    HPOS="598"
                    VPOS="1609"
                    WIDTH="2111"
                    HEIGHT="147"
                    WC="0.9414853239959141"></String>
          </TextLine>
          <TextLine ID="eSc_line_d38e1058"
                    TAGREFS="LT31"
                    BASELINE="592 1794 1352 1778 2418 1734 2704 1736" 
                    HPOS="590"
                    VPOS="1684"
                    WIDTH="2114"
                    HEIGHT="138">
            <Shape><Polygon POINTS="592 1794 592 1822 2704 1761 2704 1736 2698 1689 2429 1684 2427 1684 2313 1703 2307 1703 2305 1703 2210 1692 2208 1692 2094 1711 2086 1711 2080 1711 2011 1698 2008 1698 1853 1703 1850 1703 1847 1703 1828 1720 1825 1720 1820 1720 1692 1709 1690 1709 1687 1709 1684 1709 1665 1725 1662 1728 1584 1728 1579 1728 1507 1714 1504 1714 1501 1714 1462 1728 1432 1717 1429 1717 1426 1717 1424 1717 1421 1717 1401 1734 1379 1734 1038 1731 1036 1731 1033 1731 1000 1747 997 1747 980 1747 817 1742 814 1742 648 1758 645 1758 642 1758 623 1745 620 1745 617 1745 615 1745 612 1745 590 1756 592 1794"/></Shape>
	    <String CONTENT="comme son prédécesseur, de vivre au jour le jour et de posséder le pou¬"
                    HPOS="590"
                    VPOS="1684"
                    WIDTH="2114"
                    HEIGHT="138"
                    WC="0.9921783494277739"></String>
          </TextLine>
          <TextLine ID="eSc_line_b32ba932"
                    TAGREFS="LT31"
                    BASELINE="590 1861 2687 1794" 
                    HPOS="587"
                    VPOS="1747"
                    WIDTH="2100"
                    HEIGHT="142">
            <Shape><Polygon POINTS="590 1861 590 1883 933 1889 936 1889 1116 1869 1127 1869 1141 1869 1371 1875 1374 1875 2687 1822 2687 1794 2679 1747 1798 1786 1773 1781 1739 1770 1737 1770 1734 1770 1449 1778 1446 1778 1385 1794 1357 1803 1188 1806 1147 1803 1016 1792 1014 1792 1011 1792 1008 1792 980 1808 978 1811 836 1817 809 1817 667 1803 664 1803 662 1803 587 1822 590 1861"/></Shape>
	    <String CONTENT="voir sans le faire servir à &lt; p.tt de ses promesses et à la ri¬"
                    HPOS="587"
                    VPOS="1747"
                    WIDTH="2100"
                    HEIGHT="142"
                    WC="0.9736754554968614"></String>
          </TextLine>
          <TextLine ID="eSc_line_06ec58ab"
                    TAGREFS="LT34"
                    BASELINE="1450 1813 1915 1791 1925 1791" 
                    HPOS="1450"
                    VPOS="1791"
                    WIDTH="475"
                    HEIGHT="22">
	    <String CONTENT=""
                    HPOS="1450"
                    VPOS="1791"
                    WIDTH="475"
                    HEIGHT="22"></String>
          </TextLine>
          <TextLine ID="eSc_line_e03cb012"
                    TAGREFS="LT31"
                    BASELINE="592 1933 1199 1922 2047 1880 2690 1866" 
                    HPOS="590"
                    VPOS="1817"
                    WIDTH="2100"
                    HEIGHT="138">
            <Shape><Polygon POINTS="592 1933 592 1955 1407 1944 1568 1922 1584 1922 1590 1922 1642 1936 1645 1936 1648 1936 1728 1916 1739 1916 1745 1916 1811 1930 1814 1930 1914 1911 1922 1911 1931 1911 2041 1922 2044 1922 2047 1922 2091 1905 2094 1905 2119 1905 2501 1905 2504 1905 2690 1883 2690 1866 2684 1828 2471 1817 2468 1817 2465 1817 2391 1836 2385 1836 2377 1836 2233 1825 2230 1825 2069 1847 2055 1847 2047 1847 1928 1836 1925 1836 1922 1836 1859 1853 1820 1839 1817 1839 1814 1839 1446 1866 1407 1869 1401 1869 1349 1855 1346 1855 1343 1855 1340 1855 1338 1855 1313 1872 1310 1875 994 1883 958 1883 676 1878 673 1878 590 1894 592 1933"/></Shape>
	    <String CONTENT="alisation de ses principes. &lt;..... .... ....... .. .&gt;"
                    HPOS="590"
                    VPOS="1817"
                    WIDTH="2100"
                    HEIGHT="138"
                    WC="0.9054688215255737"></String>
          </TextLine>
          <TextLine ID="eSc_line_b0593c07"
                    TAGREFS="LT31"
                    BASELINE="590 1999 1385 1980 2626 1919" 
                    HPOS="587"
                    VPOS="1872"
                    WIDTH="2039"
                    HEIGHT="161">
            <Shape><Polygon POINTS="2496 1872 2471 1872 2377 1886 2285 1900 2233 1891 2161 1883 2158 1883 2155 1883 2097 1897 2058 1908 1864 1908 1656 1908 1654 1908 1601 1919 1551 1930 1388 1927 1291 1927 1288 1927 1219 1936 1102 1950 1086 1941 1063 1930 1061 1930 1058 1930 703 1944 587 1961 590 1999 590 2033 2623 1955 2626 1919 2618 1878 2546 1889 2524 1880 2501 1872 2496 1872"/></Shape>
	    <String CONTENT="etée Et il était inéapable d&#x27;un cet rénoncement. Le parté libérat"
                    HPOS="587"
                    VPOS="1872"
                    WIDTH="2039"
                    HEIGHT="161"
                    WC="0.9883124507390536"></String>
          </TextLine>
          <TextLine ID="eSc_line_7ab17248"
                    TAGREFS="LT31"
                    BASELINE="587 2063 1335 2049 2676 1988" 
                    HPOS="584"
                    VPOS="1939"
                    WIDTH="2092"
                    HEIGHT="163">
            <Shape><Polygon POINTS="587 2063 587 2094 786 2088 845 2102 847 2102 850 2102 853 2102 894 2083 897 2080 1016 2077 1044 2077 1291 2085 1293 2085 1562 2074 1651 2055 1789 2066 1792 2066 1936 2047 2213 2049 2216 2049 2219 2049 2222 2049 2222 2047 2238 2030 2313 2027 2360 2024 2363 2024 2424 2041 2427 2041 2429 2041 2432 2041 2435 2041 2454 2024 2537 2035 2540 2035 2676 2011 2676 1988 2668 1939 2343 1966 2305 1952 2299 1950 2296 1950 2294 1950 2291 1950 2277 1952 2199 1972 1983 1963 1922 1963 1920 1963 1886 1969 1775 1988 1676 1980 1673 1980 1537 1997 1507 1983 1498 1980 1496 1980 1493 1980 1457 1986 1346 2008 1263 2008 1235 1994 1227 1991 1224 1991 1221 1991 1219 1991 1210 1994 1183 2011 1152 1997 1144 1994 1141 1994 1138 1994 1135 1994 1133 1994 1127 1999 1105 2013 1069 2002 1066 2002 1063 2002 1061 2002 911 2022 886 2008 883 2005 881 2005 878 2005 875 2005 822 2011 687 2027 584 2022 587 2063"/></Shape>
	    <String CONTENT="n&#x27;avait jamais été aux affaires sans y faire preuve d&#x27;une activité"
                    HPOS="584"
                    VPOS="1939"
                    WIDTH="2092"
                    HEIGHT="163"
                    WC="0.9773064797574823"></String>
          </TextLine>
          <TextLine ID="eSc_line_86cbb831"
                    TAGREFS="LT31"
                    BASELINE="573 2132 1318 2119 2687 2063" 
                    HPOS="570"
                    VPOS="2011"
                    WIDTH="2117"
                    HEIGHT="166">
            <Shape><Polygon POINTS="573 2132 573 2163 648 2177 651 2177 653 2177 700 2160 709 2160 958 2166 961 2166 1038 2146 1044 2146 1050 2146 1099 2160 1102 2160 1105 2160 1202 2141 1210 2141 1246 2141 1745 2141 1745 2138 2285 2105 2357 2116 2360 2116 2684 2085 2687 2063 2681 2024 2596 2011 2593 2011 2504 2027 2457 2016 2454 2016 2451 2016 2449 2016 2388 2033 2360 2041 2341 2035 2305 2022 2302 2022 2299 2022 2296 2022 2294 2022 2271 2038 2258 2047 2199 2047 2149 2041 2055 2030 2053 2030 2050 2030 1992 2047 1961 2058 1551 2069 1537 2063 1526 2055 1523 2055 1521 2055 1518 2055 1415 2066 1318 2077 1274 2071 1205 2060 1202 2060 1061 2066 1058 2066 1055 2066 1036 2080 1019 2088 930 2083 797 2074 795 2074 570 2094 573 2132"/></Shape>
	    <String CONTENT="législative qui était à vrai dire sa raison d&#x27;être, juisqu&#x27;il se D¬"
                    HPOS="570"
                    VPOS="2011"
                    WIDTH="2117"
                    HEIGHT="166"
                    WC="0.9847799443146762"></String>
          </TextLine>
          <TextLine ID="eSc_line_d3639931"
                    TAGREFS="LT31"
                    BASELINE="570 2202 1407 2188 2657 2135" 
                    HPOS="567"
                    VPOS="2091"
                    WIDTH="2090"
                    HEIGHT="141">
            <Shape><Polygon POINTS="570 2202 570 2232 2657 2174 2657 2135 2648 2091 2180 2121 2113 2107 2100 2107 2097 2107 2066 2110 1920 2132 1659 2138 1634 2127 1634 2124 1631 2124 1629 2124 1626 2124 1623 2124 1620 2124 1618 2127 1601 2143 567 2163 570 2202"/></Shape>
	    <String CONTENT="&lt;.......&gt; considerait comme l&#x27;instrument du progrès"
                    HPOS="567"
                    VPOS="2091"
                    WIDTH="2090"
                    HEIGHT="141"
                    WC="0.9787478914447859"></String>
          </TextLine>
          <TextLine ID="eSc_line_7351f377"
                    TAGREFS="LT31"
                    BASELINE="570 2274 2690 2210" 
                    HPOS="567"
                    VPOS="2163"
                    WIDTH="2123"
                    HEIGHT="147">
            <Shape><Polygon POINTS="570 2274 570 2296 720 2310 723 2310 725 2310 761 2293 770 2293 1027 2301 1030 2301 1219 2282 1246 2279 1266 2279 1396 2290 1399 2290 1521 2274 1545 2271 1551 2274 1579 2285 1582 2285 1584 2285 1753 2279 1756 2279 1759 2279 1773 2268 1778 2263 1800 2265 1850 2276 1853 2276 1856 2276 1878 2265 1884 2263 1889 2265 1914 2274 1917 2274 1920 2274 2019 2260 2061 2257 2152 2257 2291 2260 2294 2260 2296 2260 2299 2260 2307 2254 2324 2246 2687 2246 2690 2210 2681 2163 567 2232 570 2274"/></Shape>
	    <String CONTENT="&lt;....... .. o politique et du progrés social. Ialait dans les con¬"
                    HPOS="567"
                    VPOS="2163"
                    WIDTH="2123"
                    HEIGHT="147"
                    WC="0.9483630368203828"></String>
          </TextLine>
          <TextLine ID="eSc_line_844cceee"
                    TAGREFS="LT31"
                    BASELINE="592 2335 1850 2310 2637 2274" 
                    HPOS="590"
                    VPOS="2232"
                    WIDTH="2047"
                    HEIGHT="141">
            <Shape><Polygon POINTS="592 2335 592 2373 795 2351 869 2368 881 2368 883 2368 900 2365 1002 2346 1338 2354 1404 2354 1407 2354 1490 2348 1742 2332 1861 2337 1906 2340 1908 2340 1911 2340 1914 2340 1914 2337 1917 2337 1928 2326 1969 2335 1983 2337 1986 2337 1989 2337 1997 2335 2025 2324 2086 2332 2111 2335 2113 2335 2138 2332 2233 2312 2634 2315 2637 2274 2632 2243 2449 2232 2446 2232 2366 2249 2349 2252 2335 2252 2244 2238 2241 2238 2238 2238 2191 2254 2180 2257 2172 2254 2127 2243 2125 2243 2122 2243 1884 2263 1814 2268 1806 2265 1773 2252 1770 2252 1767 2252 1764 2252 1762 2252 1737 2268 1731 2271 1609 2274 1595 2271 1537 2257 1534 2257 1532 2257 1307 2279 1274 2282 1266 2282 1221 2265 1219 2265 1216 2265 1213 2265 1177 2282 1105 2268 1102 2268 1099 2268 1097 2268 1072 2288 1069 2288 1061 2288 986 2274 983 2274 903 2290 889 2293 869 2293 748 2279 745 2279 590 2299 592 2335"/></Shape>
	    <String CONTENT="jouctures présentes il était fatalement poussé à la lutte. Ulle éslata"
                    HPOS="590"
                    VPOS="2232"
                    WIDTH="2047"
                    HEIGHT="141"
                    WC="0.9947203616021385"></String>
          </TextLine>
          <TextLine ID="eSc_line_96ee3b5c"
                    TAGREFS="LT31"
                    BASELINE="570 2401 2684 2351" 
                    HPOS="567"
                    VPOS="2301"
                    WIDTH="2117"
                    HEIGHT="128">
            <Shape><Polygon POINTS="570 2401 570 2429 1485 2415 1582 2401 1637 2396 1670 2401 1728 2409 1731 2409 1834 2396 1861 2393 1903 2393 2091 2401 2094 2401 2097 2401 2136 2387 2147 2384 2158 2387 2205 2398 2208 2398 2210 2398 2684 2371 2684 2351 2679 2312 2560 2301 2557 2301 2554 2301 2551 2301 2529 2315 2524 2318 2515 2315 2493 2307 2490 2307 2488 2307 2277 2321 2188 2326 2180 2324 2158 2312 2155 2312 2152 2312 2149 2312 2122 2326 2119 2326 2116 2326 2105 2315 2102 2315 2100 2315 2097 2315 1828 2332 1734 2337 1717 2335 1662 2324 1659 2324 1435 2343 1379 2346 1363 2343 1291 2332 1288 2332 1285 2332 1244 2346 1235 2348 1205 2348 1033 2337 1030 2337 1027 2337 997 2354 994 2354 986 2354 917 2340 914 2340 911 2340 869 2357 864 2357 858 2357 800 2343 797 2343 567 2362 570 2401"/></Shape>
	    <String CONTENT="sanstarder et ce fut plus qu&#x27;une lutte : une guerse, la quesse scolaire."
                    HPOS="567"
                    VPOS="2301"
                    WIDTH="2117"
                    HEIGHT="128"
                    WC="0.982535163561503"></String>
          </TextLine>
          <TextLine ID="eSc_line_641d5707"
                    TAGREFS="LT31"
                    BASELINE="640 2468 2690 2415" 
                    HPOS="637"
                    VPOS="2371"
                    WIDTH="2053"
                    HEIGHT="119">
            <Shape><Polygon POINTS="640 2468 640 2490 2041 2468 2496 2440 2565 2454 2568 2454 2690 2432 2690 2415 2681 2371 2233 2387 2202 2384 2152 2376 2149 2376 2147 2376 2122 2387 2111 2390 2089 2387 2041 2379 2039 2379 1867 2393 1803 2398 1787 2396 1745 2387 1742 2387 1739 2387 1717 2398 1709 2401 1687 2398 1612 2390 1609 2390 1521 2404 1496 2407 1476 2404 1396 2396 1393 2396 1390 2396 1388 2396 1371 2409 1368 2409 1360 2409 1304 2398 1302 2398 1191 2415 1171 2415 1160 2415 1072 2404 1069 2404 1066 2404 1063 2404 1063 2407 1050 2418 1038 2418 864 2409 861 2409 858 2409 856 2409 833 2423 795 2412 792 2412 789 2412 637 2429 640 2468"/></Shape>
	    <String CONTENT="Dès le ditut, le orgenisation se l&#x27;ensei quement publée axait été, &lt;...&gt;"
                    HPOS="637"
                    VPOS="2371"
                    WIDTH="2053"
                    HEIGHT="119"
                    WC="0.981408104300499"></String>
          </TextLine>
          <TextLine ID="eSc_line_d7230fc1"
                    TAGREFS="LT31"
                    BASELINE="570 2531 2698 2484" 
                    HPOS="567"
                    VPOS="2437"
                    WIDTH="2131"
                    HEIGHT="128">
            <Shape><Polygon POINTS="570 2531 570 2565 2695 2515 2698 2484 2690 2437 567 2484 570 2531"/></Shape>
	    <String CONTENT="&lt;..t.o.. . ... ..&gt; le point essentiel du programme lébé¬"
                    HPOS="567"
                    VPOS="2437"
                    WIDTH="2131"
                    HEIGHT="128"
                    WC="0.9812202474900654"></String>
          </TextLine>
          <TextLine ID="eSc_line_38e1464f"
                    TAGREFS="LT31"
                    BASELINE="567 2584 2676 2553" 
                    HPOS="565"
                    VPOS="2506"
                    WIDTH="2111"
                    HEIGHT="106">
            <Shape><Polygon POINTS="567 2584 567 2612 1324 2612 1324 2609 1327 2609 1338 2603 1354 2595 1385 2603 1399 2606 1401 2606 1404 2606 1451 2603 1551 2592 1642 2601 1684 2603 1687 2603 1751 2601 1917 2587 2216 2595 2260 2595 2263 2595 2294 2595 2540 2578 2670 2589 2676 2553 2668 2506 565 2540 567 2584"/></Shape>
	    <String CONTENT="ral. &lt;..... .. ...  .. .. ....&gt;"
                    HPOS="565"
                    VPOS="2506"
                    WIDTH="2111"
                    HEIGHT="106"
                    WC="0.8959989759229845"></String>
          </TextLine>
          <TextLine ID="eSc_line_f2a7f3aa"
                    TAGREFS="LT31"
                    BASELINE="559 2664 1465 2625 2670 2609" 
                    HPOS="556"
                    VPOS="2565"
                    WIDTH="2114"
                    HEIGHT="121">
            <Shape><Polygon POINTS="559 2664 559 2686 1471 2656 1557 2659 1692 2664 1695 2664 1698 2664 1720 2653 1731 2650 1751 2653 1803 2661 1806 2661 1911 2648 1950 2645 2086 2645 2612 2645 2612 2642 2615 2642 2670 2625 2670 2609 2662 2565 556 2603 559 2664"/></Shape>
	    <String CONTENT="&lt;..  . .. .. . ... ."
                    HPOS="556"
                    VPOS="2565"
                    WIDTH="2114"
                    HEIGHT="121"
                    WC="0.8343394577503205"></String>
          </TextLine>
          <TextLine ID="eSc_line_5e55e4ef"
                    TAGREFS="LT31"
                    BASELINE="562 2728 1282 2700 2676 2673" 
                    HPOS="559"
                    VPOS="2623"
                    WIDTH="2117"
                    HEIGHT="130">
            <Shape><Polygon POINTS="562 2728 562 2753 908 2733 958 2745 969 2747 972 2747 975 2747 1050 2745 1291 2728 1612 2731 1706 2731 1709 2731 1712 2731 1715 2731 1715 2728 1731 2714 2011 2722 2066 2722 2069 2722 2108 2720 2307 2700 2385 2714 2396 2714 2399 2714 2676 2706 2676 2673 2670 2631 2363 2623 2360 2623 2357 2623 2313 2639 2305 2642 2299 2639 2271 2625 2269 2625 2266 2625 2263 2625 2199 2642 2186 2645 2180 2642 2149 2628 2147 2628 2144 2628 2141 2628 2083 2645 2072 2648 2061 2645 2011 2631 2008 2631 2005 2631 1861 2650 1839 2653 1825 2650 1753 2637 1751 2637 1623 2656 1606 2659 1598 2659 1540 2642 1537 2642 1534 2642 1255 2648 1144 2670 1138 2670 1133 2670 1047 2653 1044 2653 1041 2653 986 2673 917 2659 914 2659 789 2678 786 2678 712 2661 709 2661 706 2661 664 2684 559 2684 562 2728"/></Shape>
	    <String CONTENT="&lt;...i....... .. ..... .. .... ..&gt;"
                    HPOS="559"
                    VPOS="2623"
                    WIDTH="2117"
                    HEIGHT="130"
                    WC="0.869687885949106"></String>
          </TextLine>
          <TextLine ID="eSc_line_7843cb6d"
                    TAGREFS="LT31"
                    BASELINE="556 2792 1616 2752 1616 2752 2620 2731" 
                    HPOS="554"
                    VPOS="2686"
                    WIDTH="2066"
                    HEIGHT="139">
            <Shape><Polygon POINTS="556 2825 1210 2792 1263 2800 1285 2803 1288 2803 1291 2803 1299 2797 1318 2789 1365 2797 1396 2800 1399 2800 1537 2789 1690 2775 1931 2775 2429 2770 2620 2747 2620 2731 2615 2686 2349 2686 2346 2686 2343 2686 2307 2695 2274 2703 2260 2697 2244 2689 2241 2689 2238 2689 2235 2689 2233 2689 2233 2692 2224 2697 2216 2709 2141 2709 2113 2703 2086 2695 2083 2695 2080 2695 2077 2695 2075 2695 2061 2703 2044 2711 1931 2709 1839 2706 1836 2706 1800 2711 1767 2720 1745 2714 1712 2706 1709 2706 1706 2706 1703 2706 1681 2717 1670 2722 1623 2720 1548 2711 1545 2711 1543 2711 1507 2722 1485 2728 1401 2725 1207 2720 1205 2720 1130 2736 1108 2739 1091 2736 1027 2725 1025 2725 944 2742 922 2745 905 2742 831 2731 828 2731 825 2731 822 2731 803 2747 800 2750 634 2753 631 2753 601 2739 598 2739 595 2739 592 2739 554 2750 556 2792"/></Shape>
	    <String CONTENT="&lt;...... . ..... ....&gt; L&#x27;Etat avait"
                    HPOS="554"
                    VPOS="2686"
                    WIDTH="2066"
                    HEIGHT="139"
                    WC="0.8682481576414669"></String>
          </TextLine>
          <TextLine ID="eSc_line_6ef9a52b"
                    TAGREFS="LT31"
                    BASELINE="556 2853 1806 2817 2629 2806" 
                    HPOS="554"
                    VPOS="2761"
                    WIDTH="2075"
                    HEIGHT="114">
            <Shape><Polygon POINTS="556 2853 556 2875 2629 2825 2629 2806 2620 2761 554 2806 556 2853"/></Shape>
	    <String CONTENT="non seulement le droit, mais le devoir prumordiel de faire participer le nativa"
                    HPOS="554"
                    VPOS="2761"
                    WIDTH="2075"
                    HEIGHT="114"
                    WC="0.9887327016154422"></String>
          </TextLine>
          <TextLine ID="eSc_line_ca258c10"
                    TAGREFS="LT31"
                    BASELINE="556 2919 2662 2880" 
                    HPOS="554"
                    VPOS="2828"
                    WIDTH="2108"
                    HEIGHT="127">
            <Shape><Polygon POINTS="556 2919 556 2955 703 2952 706 2952 750 2936 806 2950 809 2950 811 2950 814 2950 861 2933 936 2947 942 2947 944 2947 947 2947 950 2947 1008 2933 1061 2944 1069 2944 1072 2944 1091 2944 1227 2927 1277 2938 1293 2941 1296 2941 2659 2902 2662 2880 2657 2847 2510 2828 2507 2828 2355 2850 2291 2833 2288 2833 2285 2833 2147 2836 2055 2855 1908 2839 1906 2839 1903 2839 1842 2861 1667 2861 1637 2844 1634 2844 1631 2844 1629 2844 1626 2844 1623 2844 1593 2866 1349 2866 1310 2850 1307 2850 1304 2850 1158 2872 1135 2855 1133 2855 1130 2855 1047 2855 1044 2855 554 2883 556 2919"/></Shape>
	    <String CONTENT="aux bienfaits de l&#x27;instruction, &lt;tie  et ses écoles devant être ac¬"
                    HPOS="554"
                    VPOS="2828"
                    WIDTH="2108"
                    HEIGHT="127"
                    WC="0.9763270883417842"></String>
          </TextLine>
          <TextLine ID="eSc_line_69507075"
                    TAGREFS="LT31"
                    BASELINE="559 2991 872 2977 2612 2955" 
                    HPOS="556"
                    VPOS="2911"
                    WIDTH="2056"
                    HEIGHT="105">
            <Shape><Polygon POINTS="559 2991 559 3016 2609 2974 2612 2955 2604 2911 1767 2930 1648 2927 1440 2922 1437 2922 1382 2933 1360 2936 1241 2936 822 2930 820 2930 556 2947 559 2991"/></Shape>
	    <String CONTENT="cessibles à tous dévaient &lt;...&gt; donc &lt;.&gt; aussi observer à l&#x27;éxard"
                    HPOS="556"
                    VPOS="2911"
                    WIDTH="2056"
                    HEIGHT="105"
                    WC="0.9612739815640805"></String>
          </TextLine>
          <TextLine ID="eSc_line_777e04ad"
                    TAGREFS="LT31"
                    BASELINE="554 3060 1678 3033 2648 3027" 
                    HPOS="551"
                    VPOS="2974"
                    WIDTH="2097"
                    HEIGHT="120">
            <Shape><Polygon POINTS="554 3060 556 3094 617 3080 1188 3083 1194 3083 1196 3083 1199 3083 1249 3066 1382 3077 1385 3077 1557 3060 2645 3060 2648 3027 2640 2986 2305 2988 2296 2988 2219 2974 2216 2974 2066 2991 2033 2994 2014 2991 1942 2980 1939 2980 1881 2994 1872 2994 1845 2994 1670 2986 1667 2986 1665 2986 1662 2986 1648 2997 1642 2999 1593 2997 1462 2988 1460 2988 1313 2999 1213 3008 1149 3002 1063 2994 1061 2994 1058 2994 1055 2994 1041 3002 1030 3010 1016 3002 1000 2997 997 2997 994 2997 939 3005 875 3013 822 3005 772 2999 770 2999 734 3008 689 3016 551 3010 554 3060"/></Shape>
	    <String CONTENT="des dogmes religieux une nentralité absolue. &lt;.....&gt; Jusqu&#x27;ici ce¬"
                    HPOS="551"
                    VPOS="2974"
                    WIDTH="2097"
                    HEIGHT="120"
                    WC="0.9808972252137733"></String>
          </TextLine>
          <TextLine ID="eSc_line_7e040615"
                    TAGREFS="LT31"
                    BASELINE="559 3132 1055 3113 2634 3094" 
                    HPOS="556"
                    VPOS="3055"
                    WIDTH="2078"
                    HEIGHT="108">
            <Shape><Polygon POINTS="559 3132 559 3163 822 3141 1027 3149 1030 3149 1219 3135 1282 3146 1307 3152 1310 3152 1346 3146 1393 3138 1421 3143 1443 3149 1446 3149 1449 3149 1451 3149 1468 3143 1504 3130 1784 3135 2017 3141 2019 3141 2022 3141 2025 3141 2041 3130 2047 3127 2091 3130 2252 3138 2255 3138 2258 3138 2294 3124 2296 3124 2316 3124 2596 3132 2598 3132 2601 3132 2634 3116 2634 3094 2629 3058 1690 3055 1687 3055 1684 3055 1681 3055 1659 3069 939 3066 936 3066 933 3066 930 3066 930 3069 917 3080 817 3069 814 3069 556 3085 559 3132"/></Shape>
	    <String CONTENT="pendant l&#x27;Etat n&#x27;avait pu &lt;..&gt; introduire cette nentralité que dans"
                    HPOS="556"
                    VPOS="3055"
                    WIDTH="2078"
                    HEIGHT="108"
                    WC="0.9634573148257697"></String>
          </TextLine>
          <TextLine ID="eSc_line_914ca9cd"
                    TAGREFS="LT31"
                    BASELINE="551 3204 944 3191 2643 3182" 
                    HPOS="548"
                    VPOS="3135"
                    WIDTH="2095"
                    HEIGHT="108">
            <Shape><Polygon POINTS="551 3204 551 3243 651 3221 736 3240 739 3240 742 3240 750 3240 986 3218 1213 3232 1299 3238 1302 3238 1374 3229 1504 3215 1554 3227 1590 3235 1593 3238 1787 3238 1787 3235 1889 3221 1917 3218 1933 3221 1989 3232 1992 3232 1994 3232 1997 3232 2014 3218 2025 3213 2039 3218 2069 3232 2072 3232 2075 3232 2238 3218 2260 3232 2263 3232 2266 3232 2269 3232 2271 3232 2307 3215 2313 3210 2471 3210 2476 3213 2512 3229 2515 3229 2518 3229 2521 3229 2557 3210 2560 3210 2640 3210 2643 3182 2634 3135 548 3155 551 3204"/></Shape>
	    <String CONTENT="ses deux liniversites de Gand et de Liège. La loi de 1850 sur l&#x27;enseigue¬"
                    HPOS="548"
                    VPOS="3135"
                    WIDTH="2095"
                    HEIGHT="108"
                    WC="0.9940057037627861"></String>
          </TextLine>
        </TextBlock>
      </PrintSpace>
    </Page>
  </Layout>
</alto>
