<?xml version="1.0" encoding="UTF-8"?>
<alto xmlns:xsi="http://www.w3.org/2001/XMLSchema-instance"
      xmlns="http://www.loc.gov/standards/alto/ns-v4#"
      xsi:schemaLocation="http://www.loc.gov/standards/alto/ns-v4# http://www.loc.gov/standards/alto/v4/alto-4-2.xsd">
  <Description>
    <MeasurementUnit>pixel</MeasurementUnit>
    <sourceImageInformation>
      <fileName>ARCH-DIV-000496_0305.png</fileName>
    </sourceImageInformation>
  </Description>
  <Tags>
    <OtherTag ID="BT42" LABEL="MainZone" DESCRIPTION="block type MainZone"/><OtherTag ID="BT43" LABEL="MarginTextZone" DESCRIPTION="block type MarginTextZone"/><OtherTag ID="BT44" LABEL="NumberingZone" DESCRIPTION="block type NumberingZone"/><OtherTag ID="BT45" LABEL="TitlePageZone" DESCRIPTION="block type TitlePageZone"/><OtherTag ID="BT46" LABEL="CustomZone:Numbering" DESCRIPTION="block type CustomZone:Numbering"/><OtherTag ID="BT49" LABEL="MarginTextZone:lower" DESCRIPTION="block type MarginTextZone:lower"/>
    <OtherTag ID="LT25" LABEL="default" DESCRIPTION="line type default"/><OtherTag ID="LT31" LABEL="DefaultLine" DESCRIPTION="line type DefaultLine"/><OtherTag ID="LT32" LABEL="HeadingLine" DESCRIPTION="line type HeadingLine"/><OtherTag ID="LT33" LABEL="InterlinearLine:addition" DESCRIPTION="line type InterlinearLine:addition"/><OtherTag ID="LT34" LABEL="InterlinearLine:correction" DESCRIPTION="line type InterlinearLine:correction"/>
  </Tags>
  <Layout>
    <Page WIDTH="2790"
          HEIGHT="3368"
          PHYSICAL_IMG_NR="304"
          ID="eSc_dummypage_">
      <PrintSpace HPOS="0"
                  VPOS="0"
                  WIDTH="2790"
                  HEIGHT="3368">
        <TextBlock HPOS="172"
                   VPOS="94"
                   WIDTH="281"
                   HEIGHT="110"
                   ID="eSc_textblock_360836bd"
                   TAGREFS="BT44">
          <Shape><Polygon POINTS="172 94 172 204 453 204 453 94"/></Shape>
          <TextLine ID="eSc_line_75bbbb22"
                    TAGREFS="LT31"
                    BASELINE="252 168 376 162" 
                    HPOS="249"
                    VPOS="87"
                    WIDTH="127"
                    HEIGHT="123">
            <Shape><Polygon POINTS="252 210 376 204 376 162 367 87 291 101 249 87 252 168 252 210"/></Shape>
	    <String CONTENT=""
                    HPOS="249"
                    VPOS="87"
                    WIDTH="127"
                    HEIGHT="123"></String>
          </TextLine>
        </TextBlock>
        <TextBlock HPOS="7"
                   VPOS="209"
                   WIDTH="562"
                   HEIGHT="3131"
                   ID="eSc_textblock_a68f83f8"
                   TAGREFS="BT43">
          <Shape><Polygon POINTS="7 229 12 3340 554 3340 566 647 569 209"/></Shape>
          <TextLine ID="eSc_line_76ff76a7"
                    TAGREFS="LT31"
                    BASELINE="61 269 527 238" 
                    HPOS="58"
                    VPOS="188"
                    WIDTH="469"
                    HEIGHT="115">
            <Shape><Polygon POINTS="336 216 311 224 283 230 255 232 227 235 199 238 171 255 143 258 115 258 87 255 81 230 58 230 61 269 61 303 527 266 527 238 522 188 350 188 336 216"/></Shape>
	    <String CONTENT=""
                    HPOS="58"
                    VPOS="188"
                    WIDTH="469"
                    HEIGHT="115"></String>
          </TextLine>
          <TextLine ID="eSc_line_7664af31"
                    TAGREFS="LT31"
                    BASELINE="67 446 446 432" 
                    HPOS="64"
                    VPOS="364"
                    WIDTH="382"
                    HEIGHT="135">
            <Shape><Polygon POINTS="67 446 67 479 109 499 112 499 115 499 216 496 218 496 261 482 294 471 443 485 446 432 437 373 392 381 364 376 311 364 308 364 305 364 255 381 238 387 221 384 137 370 134 370 131 370 129 370 129 373 112 390 109 395 64 395 67 446"/></Shape>
	    <String CONTENT=""
                    HPOS="64"
                    VPOS="364"
                    WIDTH="382"
                    HEIGHT="135"></String>
          </TextLine>
          <TextLine ID="eSc_line_8a3044d3"
                    TAGREFS="LT31"
                    BASELINE="159 1869 328 1852" 
                    HPOS="159"
                    VPOS="1765"
                    WIDTH="169"
                    HEIGHT="129">
            <Shape><Polygon POINTS="159 1824 159 1869 159 1894 328 1883 328 1852 314 1765 176 1799 159 1824"/></Shape>
	    <String CONTENT=""
                    HPOS="159"
                    VPOS="1765"
                    WIDTH="169"
                    HEIGHT="129"></String>
          </TextLine>
          <TextLine ID="eSc_line_24013e98"
                    TAGREFS="LT34"
                    BASELINE="84 3149 552 3143" 
                    HPOS="81"
                    VPOS="3062"
                    WIDTH="469"
                    HEIGHT="117">
            <Shape><Polygon POINTS="84 3179 550 3168 550 3137 541 3081 488 3084 474 3081 426 3062 423 3062 421 3062 418 3062 381 3081 364 3090 280 3090 263 3081 241 3067 238 3067 235 3067 81 3078 84 3149"/></Shape>
	    <String CONTENT=""
                    HPOS="81"
                    VPOS="3062"
                    WIDTH="469"
                    HEIGHT="117"></String>
          </TextLine>
          <TextLine ID="eSc_line_2cded357"
                    TAGREFS="LT34"
                    BASELINE="67 3202 544 3191" 
                    HPOS="64"
                    VPOS="3157"
                    WIDTH="480"
                    HEIGHT="70">
            <Shape><Polygon POINTS="345 3163 317 3160 314 3157 64 3160 67 3202 67 3227 541 3222 544 3191 536 3157 348 3157 345 3163"/></Shape>
	    <String CONTENT=""
                    HPOS="64"
                    VPOS="3157"
                    WIDTH="480"
                    HEIGHT="70"></String>
          </TextLine>
          <TextLine ID="eSc_line_0959e4b6"
                    TAGREFS="LT34"
                    BASELINE="70 3261 367 3255" 
                    HPOS="67"
                    VPOS="3208"
                    WIDTH="300"
                    HEIGHT="81">
            <Shape><Polygon POINTS="359 3216 126 3208 123 3208 120 3208 67 3222 70 3261 70 3289 367 3272 367 3255 362 3222 359 3216"/></Shape>
	    <String CONTENT=""
                    HPOS="67"
                    VPOS="3208"
                    WIDTH="300"
                    HEIGHT="81"></String>
          </TextLine>
        </TextBlock>
        <TextBlock HPOS="564"
                   VPOS="0"
                   WIDTH="2226"
                   HEIGHT="3370"
                   ID="eSc_textblock_1a29e66e"
                   TAGREFS="BT42">
          <Shape><Polygon POINTS="579 0 564 3370 2701 3325 2790 0"/></Shape>
          <TextLine ID="eSc_line_ad182498"
                    TAGREFS="LT31"
                    BASELINE="603 101 2694 61" 
                    HPOS="600"
                    VPOS="25"
                    WIDTH="2094"
                    HEIGHT="98">
            <Shape><Polygon POINTS="2649 30 2621 30 2593 30 2565 30 2537 30 2509 30 2481 30 2453 30 2425 30 2397 30 2368 30 2340 30 2312 28 2284 28 2256 28 2228 28 2200 28 2183 28 2172 28 2144 28 2116 28 2093 28 2088 30 2054 28 2032 28 2004 28 1976 28 1947 28 1919 28 1914 25 1900 33 1869 28 1858 25 1835 25 1816 25 1810 28 1790 36 1731 28 1695 25 1692 25 1689 25 1670 30 1633 39 1585 30 1540 25 1538 25 1535 25 1512 33 1484 42 1369 36 1198 25 1195 25 1021 30 1018 30 1016 30 999 42 985 50 965 42 931 30 929 30 926 30 645 44 628 56 600 67 603 101 603 123 2694 92 2694 61 2688 30 2677 30"/></Shape>
	    <String CONTENT=""
                    HPOS="600"
                    VPOS="25"
                    WIDTH="2094"
                    HEIGHT="98"></String>
          </TextLine>
          <TextLine ID="eSc_line_5a95f38b"
                    TAGREFS="LT31"
                    BASELINE="606 176 999 157 2702 117" 
                    HPOS="603"
                    VPOS="81"
                    WIDTH="2099"
                    HEIGHT="123">
            <Shape><Polygon POINTS="606 176 606 204 2702 148 2702 117 2694 81 1291 101 1153 117 951 109 948 109 884 123 839 112 836 112 833 112 603 131 606 176"/></Shape>
	    <String CONTENT=""
                    HPOS="603"
                    VPOS="81"
                    WIDTH="2099"
                    HEIGHT="123"></String>
          </TextLine>
          <TextLine ID="eSc_line_c1ad8808"
                    TAGREFS="LT31"
                    BASELINE="606 238 1661 193 2708 174" 
                    HPOS="603"
                    VPOS="134"
                    WIDTH="2105"
                    HEIGHT="132">
            <Shape><Polygon POINTS="606 238 606 266 1063 238 1145 249 1147 249 1336 227 2705 202 2708 174 2700 134 1787 145 1322 174 1251 162 1249 162 1246 162 1243 162 1226 176 1063 168 1060 168 965 185 696 179 693 179 603 196 606 238"/></Shape>
	    <String CONTENT=""
                    HPOS="603"
                    VPOS="134"
                    WIDTH="2105"
                    HEIGHT="132"></String>
          </TextLine>
          <TextLine ID="eSc_line_7868222b"
                    TAGREFS="LT31"
                    BASELINE="620 303 1748 244 2708 230" 
                    HPOS="617"
                    VPOS="185"
                    WIDTH="2091"
                    HEIGHT="146">
            <Shape><Polygon POINTS="620 303 620 331 886 308 999 317 1002 317 1004 317 1007 317 1094 297 1333 303 1336 303 1338 303 1341 303 1364 289 1597 294 1605 294 1608 294 1611 294 1650 275 1852 266 2708 252 2708 230 2700 185 1616 207 1305 232 1271 221 1268 221 1265 221 1263 221 1212 238 1117 227 1114 227 1111 227 1075 244 1072 244 684 244 682 244 679 244 617 261 620 303"/></Shape>
	    <String CONTENT=""
                    HPOS="617"
                    VPOS="185"
                    WIDTH="2091"
                    HEIGHT="146"></String>
          </TextLine>
          <TextLine ID="eSc_line_187be9b3"
                    TAGREFS="LT31"
                    BASELINE="600 356 1645 313 1646 313 1858 294 2686 280" 
                    HPOS="597"
                    VPOS="235"
                    WIDTH="2089"
                    HEIGHT="152">
            <Shape><Polygon POINTS="741 297 721 311 718 311 715 311 679 300 665 300 597 314 600 356 600 387 1150 367 1153 367 1156 367 1187 353 1212 364 1215 364 1218 364 1220 364 1232 364 1313 348 1369 359 1378 359 1380 359 1417 356 1675 331 1768 342 1773 342 1776 342 1782 342 1883 322 1942 336 1950 336 1953 336 1956 336 1961 336 2026 314 2683 305 2686 280 2677 235 1869 249 1554 263 1552 263 1510 280 1504 280 1482 280 1265 275 1263 275 1260 275 1257 275 1235 289 1114 280 1111 280 903 303 872 305 858 305 771 294 766 297"/></Shape>
	    <String CONTENT=""
                    HPOS="597"
                    VPOS="235"
                    WIDTH="2089"
                    HEIGHT="152"></String>
          </TextLine>
          <TextLine ID="eSc_line_262d6b16"
                    TAGREFS="LT34"
                    BASELINE="2219 315 2478 314" 
                    HPOS="2219"
                    VPOS="314"
                    WIDTH="259"
                    HEIGHT="1">
	    <String CONTENT=""
                    HPOS="2219"
                    VPOS="314"
                    WIDTH="259"
                    HEIGHT="1"></String>
          </TextLine>
          <TextLine ID="eSc_line_b3aca959"
                    TAGREFS="LT31"
                    BASELINE="603 418 2612 337" 
                    HPOS="600"
                    VPOS="291"
                    WIDTH="1693"
                    HEIGHT="160">
            <Shape><Polygon POINTS="603 451 811 429 909 437 912 437 915 437 926 437 1313 406 1445 412 1448 412 1451 412 1484 395 2293 373 2293 342 2287 291 600 373 603 418"/></Shape>
	    <String CONTENT=""
                    HPOS="600"
                    VPOS="291"
                    WIDTH="1693"
                    HEIGHT="160"></String>
          </TextLine>
          <TextLine ID="eSc_line_575ee255"
                    TAGREFS="LT31"
                    BASELINE="603 482 1594 426 2702 384" 
                    HPOS="600"
                    VPOS="345"
                    WIDTH="2102"
                    HEIGHT="168">
            <Shape><Polygon POINTS="603 482 603 513 973 482 1133 491 1147 491 1150 491 1153 491 1159 491 1223 471 1299 482 1305 482 1307 482 1316 482 1456 460 1653 465 1692 465 1695 465 1698 465 1706 463 1757 446 1852 454 1874 457 1877 457 1897 454 1967 437 2029 446 2046 449 2048 449 2051 449 2065 446 2124 429 2200 437 2225 440 2228 440 2262 435 2366 415 2702 412 2702 384 2697 345 2178 353 2048 373 2043 373 2040 373 1992 362 1990 362 1987 362 1984 362 1914 378 1911 378 1903 378 1684 376 1681 376 1512 398 1496 398 1482 398 1322 392 1319 392 1316 392 1288 406 1285 409 1279 409 985 409 982 409 900 426 892 426 884 426 836 415 833 415 600 437 603 482"/></Shape>
	    <String CONTENT=""
                    HPOS="600"
                    VPOS="345"
                    WIDTH="2102"
                    HEIGHT="168"></String>
          </TextLine>
          <TextLine ID="eSc_line_02c58d65"
                    TAGREFS="LT31"
                    BASELINE="603 547 2208 463 2708 451" 
                    HPOS="600"
                    VPOS="392"
                    WIDTH="2108"
                    HEIGHT="191">
            <Shape><Polygon POINTS="603 547 603 583 830 555 948 552 973 566 976 566 979 566 982 566 1111 544 1274 552 1277 552 1279 552 1282 552 1397 527 1577 522 1613 536 1616 536 1619 536 1630 536 1860 508 1894 522 1897 522 1900 522 1917 522 2194 488 2708 479 2708 451 2702 392 1540 460 1482 457 1378 454 1375 454 1372 454 1333 465 1316 471 1271 471 1170 465 1167 465 1164 465 1162 465 1145 477 1136 479 1103 479 985 474 982 474 842 493 811 496 785 496 645 491 642 491 639 491 600 505 603 547"/></Shape>
	    <String CONTENT=""
                    HPOS="600"
                    VPOS="392"
                    WIDTH="2108"
                    HEIGHT="191"></String>
          </TextLine>
          <TextLine ID="eSc_line_f60f0e3a"
                    TAGREFS="LT31"
                    BASELINE="595 614 2697 508" 
                    HPOS="589"
                    VPOS="465"
                    WIDTH="2108"
                    HEIGHT="174">
            <Shape><Polygon POINTS="595 614 595 639 2697 536 2697 508 2691 465 589 566 595 614"/></Shape>
	    <String CONTENT=""
                    HPOS="589"
                    VPOS="465"
                    WIDTH="2108"
                    HEIGHT="174"></String>
          </TextLine>
          <TextLine ID="eSc_line_7f36bdb7"
                    TAGREFS="LT31"
                    BASELINE="597 684 2068 603 2728 586" 
                    HPOS="592"
                    VPOS="524"
                    WIDTH="2136"
                    HEIGHT="191">
            <Shape><Polygon POINTS="597 684 600 715 1004 684 1105 690 1139 693 1142 693 1187 687 1322 667 1358 679 1369 682 1372 682 1375 682 1406 676 1490 659 1650 665 1709 665 1712 665 1757 659 1880 639 1950 648 1970 651 1973 651 1976 651 1990 648 2048 628 2728 609 2728 586 2725 536 2610 524 2607 524 2604 524 2554 544 2548 547 2486 547 2048 552 1903 575 1880 578 1858 578 1717 569 1714 569 1712 569 1664 586 1656 589 1636 589 1496 580 1493 580 1490 580 1431 597 1164 597 1162 597 1058 617 1041 620 996 620 777 620 774 620 592 639 597 684"/></Shape>
	    <String CONTENT=""
                    HPOS="592"
                    VPOS="524"
                    WIDTH="2136"
                    HEIGHT="191"></String>
          </TextLine>
          <TextLine ID="eSc_line_8cadc12f"
                    TAGREFS="LT31"
                    BASELINE="603 754 1467 715 1976 673 2708 645" 
                    HPOS="597"
                    VPOS="600"
                    WIDTH="2111"
                    HEIGHT="180">
            <Shape><Polygon POINTS="603 754 603 780 1324 752 1327 752 1330 752 1333 749 1355 738 1597 738 1686 738 1686 735 1796 726 2200 693 2287 704 2304 704 2307 704 2346 701 2545 676 2705 682 2708 645 2700 600 2585 617 2559 606 2551 603 2548 603 2545 603 2542 603 2540 603 2534 609 2520 620 2498 611 2486 606 2484 606 2481 606 2326 620 2169 637 2032 637 1813 639 1810 639 1807 639 1796 651 1790 656 1569 667 1512 665 1397 659 1395 659 1392 659 1389 659 1366 673 1358 679 1167 687 1156 684 1117 673 1114 673 1111 673 1108 673 1060 690 1052 696 597 715 603 754"/></Shape>
	    <String CONTENT=""
                    HPOS="597"
                    VPOS="600"
                    WIDTH="2111"
                    HEIGHT="180"></String>
          </TextLine>
          <TextLine ID="eSc_line_e6d8a8b7"
                    TAGREFS="LT31"
                    BASELINE="609 827 1930 750 2674 715" 
                    HPOS="603"
                    VPOS="670"
                    WIDTH="2071"
                    HEIGHT="188">
            <Shape><Polygon POINTS="609 858 2674 740 2674 715 2669 670 2368 670 2366 670 2363 670 2312 687 2273 676 2270 676 2267 676 2265 676 2217 696 2214 696 2203 696 2074 687 2071 687 1959 710 1956 710 1877 698 1874 698 1616 729 1538 718 1535 718 1366 743 1192 738 1190 738 1187 738 1139 757 1136 757 999 749 996 749 898 771 856 757 853 757 850 757 603 788 609 827"/></Shape>
	    <String CONTENT=""
                    HPOS="603"
                    VPOS="670"
                    WIDTH="2071"
                    HEIGHT="188"></String>
          </TextLine>
          <TextLine ID="eSc_line_674ae766"
                    TAGREFS="LT31"
                    BASELINE="611 900 1372 861 2649 771" 
                    HPOS="606"
                    VPOS="718"
                    WIDTH="2043"
                    HEIGHT="225">
            <Shape><Polygon POINTS="611 900 614 943 788 917 1013 917 1041 917 1041 914 1044 914 1049 914 1094 898 1119 909 1122 909 1125 909 1128 909 1178 903 1434 875 1459 884 1465 886 1467 886 1470 886 1496 881 1563 867 1647 872 1684 872 1686 872 1731 867 1818 850 1869 856 1897 858 1900 858 1903 858 1919 853 1947 842 1995 847 2026 850 2029 850 2032 850 2051 842 2077 833 2107 839 2127 842 2130 842 2133 842 2144 836 2164 825 2649 799 2649 771 2641 718 2492 746 2391 738 2388 738 2385 738 2383 738 2357 754 2211 752 2208 752 2206 752 2203 752 2189 763 2169 752 2169 749 2166 749 2164 749 2161 749 2158 749 2150 752 2096 771 1889 771 1813 771 1810 771 1807 771 1793 777 1759 797 1467 811 1445 802 1428 797 1425 797 1423 797 1420 797 1403 805 1375 822 1136 833 1111 827 1086 819 1083 819 1080 819 1077 819 1024 833 988 842 943 839 867 833 864 833 606 861 611 900"/></Shape>
	    <String CONTENT=""
                    HPOS="606"
                    VPOS="718"
                    WIDTH="2043"
                    HEIGHT="225"></String>
          </TextLine>
          <TextLine ID="eSc_line_1c26c6b4"
                    TAGREFS="LT31"
                    BASELINE="600 979 1625 923" 
                    HPOS="597"
                    VPOS="881"
                    WIDTH="1028"
                    HEIGHT="135">
            <Shape><Polygon POINTS="600 979 600 1001 746 1016 749 1016 752 1016 856 987 861 987 864 987 898 1001 900 1001 903 1004 1010 1004 1010 1001 1013 1001 1016 1001 1016 999 1038 979 1041 979 1257 987 1260 987 1263 987 1319 962 1322 959 1467 954 1476 954 1571 971 1574 971 1577 971 1625 945 1625 923 1619 881 1361 881 1358 881 1355 881 1310 898 1299 900 1293 898 1257 886 1254 886 1251 886 1063 912 1032 914 1021 914 965 903 962 903 959 903 898 920 886 923 875 923 811 912 808 912 805 912 802 912 780 929 777 929 743 914 741 914 738 914 597 937 600 979"/></Shape>
	    <String CONTENT=""
                    HPOS="597"
                    VPOS="881"
                    WIDTH="1028"
                    HEIGHT="135"></String>
          </TextLine>
          <TextLine ID="eSc_line_aeecfc60"
                    TAGREFS="LT34"
                    BASELINE="2209 995 2413 981" 
                    HPOS="2209"
                    VPOS="981"
                    WIDTH="204"
                    HEIGHT="14">
	    <String CONTENT=""
                    HPOS="2209"
                    VPOS="981"
                    WIDTH="204"
                    HEIGHT="14"></String>
          </TextLine>
          <TextLine ID="eSc_line_52b09352"
                    TAGREFS="LT31"
                    BASELINE="634 1055 2001 972 2001 972 2388 940 2739 929" 
                    HPOS="628"
                    VPOS="884"
                    WIDTH="2111"
                    HEIGHT="193">
            <Shape><Polygon POINTS="634 1077 2739 954 2739 929 2731 884 2427 900 2422 900 2391 889 2388 889 2385 889 2383 889 2343 903 2338 909 2242 912 1860 923 1858 923 1832 934 1816 940 1765 937 1692 934 1689 934 1597 948 1510 962 1361 962 1263 962 1260 962 1257 962 1254 962 1249 968 1237 976 1192 971 1164 968 1162 968 1119 973 1030 993 825 993 780 993 777 993 774 993 769 996 726 1010 628 1004 634 1055"/></Shape>
	    <String CONTENT=""
                    HPOS="628"
                    VPOS="884"
                    WIDTH="2111"
                    HEIGHT="193"></String>
          </TextLine>
          <TextLine ID="eSc_line_018033dd"
                    TAGREFS="LT31"
                    BASELINE="597 1128 2360 1017 2593 999 2593 999 2728 1004" 
                    HPOS="595"
                    VPOS="954"
                    WIDTH="2133"
                    HEIGHT="210">
            <Shape><Polygon POINTS="597 1153 684 1164 687 1164 895 1136 909 1136 912 1136 940 1147 943 1147 945 1147 948 1147 982 1131 993 1128 1010 1131 1060 1139 1063 1139 1066 1139 1117 1125 1136 1119 1153 1122 1201 1131 1204 1131 1510 1111 1512 1111 1535 1100 1554 1091 1583 1097 1613 1103 1616 1103 1619 1103 1650 1094 1686 1083 1751 1088 1813 1091 1816 1091 1860 1080 1914 1069 1953 1074 1981 1080 1984 1080 2034 1072 2119 1055 2136 1066 2138 1066 2141 1066 2144 1066 2147 1066 2150 1066 2150 1063 2166 1052 2234 1060 2253 1060 2256 1060 2312 1055 2554 1027 2725 1030 2728 1004 2719 954 2231 968 2228 968 2150 990 2141 993 2113 993 1852 993 1849 993 1757 1016 1748 1018 1400 1038 1395 1038 1341 1027 1338 1027 1336 1027 1271 1046 1265 1046 1263 1046 1190 1035 1187 1035 1184 1035 1108 1058 1100 1058 1080 1058 886 1055 884 1055 595 1088 597 1128"/></Shape>
	    <String CONTENT=""
                    HPOS="595"
                    VPOS="954"
                    WIDTH="2133"
                    HEIGHT="210"></String>
          </TextLine>
          <TextLine ID="eSc_line_4d6661a1"
                    TAGREFS="LT31"
                    BASELINE="597 1195 1406 1153 2321 1077 2722 1063" 
                    HPOS="592"
                    VPOS="1013"
                    WIDTH="2130"
                    HEIGHT="219">
            <Shape><Polygon POINTS="597 1195 597 1220 682 1232 684 1232 898 1218 900 1218 962 1201 990 1192 999 1198 1016 1209 1018 1209 1021 1209 1024 1209 1114 1192 1156 1184 1251 1184 1386 1184 1389 1184 1392 1184 1395 1184 1395 1181 1403 1175 1414 1164 1442 1173 1462 1178 1465 1178 1467 1178 1661 1167 1737 1156 1877 1133 1956 1142 1981 1145 1984 1145 1987 1145 1990 1145 1995 1142 2020 1125 2116 1131 2119 1131 2517 1091 2722 1097 2722 1063 2714 1021 2621 1027 2615 1027 2582 1013 2579 1013 2576 1013 2093 1058 1990 1052 1987 1052 1984 1052 1945 1069 1936 1072 1922 1069 1863 1060 1860 1060 1858 1060 1821 1077 1810 1083 1215 1119 1204 1117 1178 1105 1176 1105 1173 1105 1103 1122 1075 1128 1044 1125 965 1119 962 1119 878 1136 833 1145 794 1142 729 1136 726 1136 724 1136 721 1136 710 1147 701 1156 592 1156 597 1195"/></Shape>
	    <String CONTENT=""
                    HPOS="592"
                    VPOS="1013"
                    WIDTH="2130"
                    HEIGHT="219"></String>
          </TextLine>
          <TextLine ID="eSc_line_7134d83a"
                    TAGREFS="LT31"
                    BASELINE="597 1268 903 1257 2470 1136 2736 1125" 
                    HPOS="592"
                    VPOS="1077"
                    WIDTH="2144"
                    HEIGHT="225">
            <Shape><Polygon POINTS="597 1268 597 1302 777 1302 777 1299 780 1299 830 1285 842 1282 847 1282 898 1293 900 1293 903 1293 962 1274 979 1268 1277 1248 1288 1251 1310 1263 1313 1263 1316 1263 1456 1240 1518 1232 1577 1232 1689 1234 1692 1234 1866 1212 1939 1204 1995 1204 2105 1204 2107 1204 2110 1204 2133 1192 2155 1184 2225 1187 2290 1190 2293 1190 2340 1178 2405 1164 2436 1173 2447 1175 2450 1175 2453 1175 2736 1150 2736 1125 2728 1077 592 1226 597 1268"/></Shape>
	    <String CONTENT=""
                    HPOS="592"
                    VPOS="1077"
                    WIDTH="2144"
                    HEIGHT="225"></String>
          </TextLine>
          <TextLine ID="eSc_line_76c8531e"
                    TAGREFS="LT31"
                    BASELINE="595 1341 2702 1204" 
                    HPOS="592"
                    VPOS="1153"
                    WIDTH="2110"
                    HEIGHT="227">
            <Shape><Polygon POINTS="595 1366 634 1380 637 1380 639 1380 642 1380 696 1361 698 1361 721 1361 985 1361 985 1358 1108 1335 1117 1335 1133 1335 1369 1335 1369 1333 1372 1333 1406 1319 1417 1313 1437 1316 1496 1324 1498 1324 1585 1307 1602 1305 1642 1305 1827 1305 1827 1302 1830 1302 1852 1291 1863 1285 1900 1288 1970 1293 1973 1293 1976 1293 2004 1282 2023 1274 2054 1279 2102 1285 2105 1285 2107 1285 2155 1271 2192 1263 2225 1268 2270 1274 2273 1274 2276 1274 2301 1263 2321 1254 2335 1260 2352 1268 2354 1268 2357 1268 2360 1268 2383 1257 2405 1248 2444 1254 2481 1260 2484 1260 2486 1260 2509 1251 2537 1240 2702 1240 2702 1204 2694 1153 2599 1173 2397 1173 2388 1173 2385 1173 2380 1173 2253 1195 2051 1195 2046 1195 2043 1195 2040 1195 1987 1212 1796 1212 1793 1212 1790 1212 1787 1212 1569 1240 1535 1229 1532 1229 1529 1229 1526 1229 1524 1229 1507 1246 1240 1246 1232 1248 1226 1248 965 1279 844 1274 839 1274 836 1274 825 1274 662 1299 592 1291 595 1341 595 1366"/></Shape>
	    <String CONTENT=""
                    HPOS="592"
                    VPOS="1153"
                    WIDTH="2110"
                    HEIGHT="227"></String>
          </TextLine>
          <TextLine ID="eSc_line_485161fe"
                    TAGREFS="LT31"
                    BASELINE="595 1414 1136 1389 1785 1344 2189 1302 2652 1274" 
                    HPOS="589"
                    VPOS="1226"
                    WIDTH="2063"
                    HEIGHT="211">
            <Shape><Polygon POINTS="595 1414 595 1437 1776 1375 2652 1302 2652 1274 2641 1226 2579 1246 2192 1257 2150 1260 2147 1260 2144 1260 2127 1274 2068 1265 2054 1265 2051 1265 2032 1268 1922 1291 1832 1282 1816 1282 1813 1282 1796 1285 1712 1305 1630 1296 1613 1296 1611 1296 1588 1299 1504 1319 1462 1307 1456 1307 1453 1307 1451 1307 1425 1310 1333 1330 1310 1319 1302 1316 1299 1316 1296 1316 1293 1316 1279 1321 1249 1338 589 1369 595 1414"/></Shape>
	    <String CONTENT=""
                    HPOS="589"
                    VPOS="1226"
                    WIDTH="2063"
                    HEIGHT="211"></String>
          </TextLine>
          <TextLine ID="eSc_line_0a08984f"
                    TAGREFS="LT31"
                    BASELINE="598 1486 1712 1425 2498 1358 2717 1358" 
                    HPOS="595"
                    VPOS="1307"
                    WIDTH="2122"
                    HEIGHT="211">
            <Shape><Polygon POINTS="600 1518 698 1501 780 1509 783 1509 785 1509 794 1509 903 1490 1041 1493 1058 1493 1060 1493 2717 1383 2717 1358 2711 1307 2562 1307 2559 1307 2557 1307 2534 1319 2517 1324 2495 1321 2455 1313 2453 1313 2377 1327 2324 1338 2310 1333 2293 1324 2290 1324 2287 1324 2284 1324 2237 1338 2217 1341 2197 1338 2141 1333 2138 1333 2074 1347 2029 1358 2012 1352 1995 1344 1992 1344 1990 1344 1987 1344 1936 1358 1894 1366 1863 1361 1810 1352 1807 1352 1804 1352 1768 1366 1748 1378 1386 1397 1364 1394 1302 1383 1299 1383 1190 1406 1156 1411 1136 1408 1069 1397 1066 1397 878 1408 875 1408 808 1431 802 1431 797 1431 729 1420 726 1420 724 1420 721 1420 701 1437 651 1425 648 1425 645 1425 595 1442 600 1481"/></Shape>
	    <String CONTENT=""
                    HPOS="595"
                    VPOS="1307"
                    WIDTH="2122"
                    HEIGHT="211"></String>
          </TextLine>
          <TextLine ID="eSc_line_89b93204"
                    TAGREFS="LT34"
                    BASELINE="828 1445 949 1433" 
                    HPOS="828"
                    VPOS="1433"
                    WIDTH="121"
                    HEIGHT="12">
	    <String CONTENT=""
                    HPOS="828"
                    VPOS="1433"
                    WIDTH="121"
                    HEIGHT="12"></String>
          </TextLine>
          <TextLine ID="eSc_line_d6dcd793"
                    TAGREFS="LT31"
                    BASELINE="603 1554 1305 1524 2703 1425" 
                    HPOS="597"
                    VPOS="1420"
                    WIDTH="1575"
                    HEIGHT="174">
            <Shape><Polygon POINTS="603 1582 696 1594 698 1594 822 1571 842 1568 864 1568 1021 1574 1024 1574 1277 1543 1313 1540 1316 1540 1336 1552 1338 1552 1341 1552 1470 1532 1498 1529 1501 1532 1526 1543 1529 1543 1532 1543 1535 1543 1608 1524 1627 1521 1653 1521 1762 1529 1765 1529 1768 1529 1813 1512 1816 1512 1824 1512 1947 1518 1950 1518 2169 1490 2172 1462 2169 1431 2093 1420 2091 1420 2088 1420 2085 1420 2068 1434 2065 1434 1855 1434 1852 1434 1745 1451 1714 1456 1703 1453 1672 1445 1670 1445 1667 1445 1664 1445 1633 1456 1619 1465 597 1509 603 1554"/></Shape>
	    <String CONTENT=""
                    HPOS="597"
                    VPOS="1420"
                    WIDTH="1575"
                    HEIGHT="174"></String>
          </TextLine>
          <TextLine ID="eSc_line_9016cc7e"
                    TAGREFS="LT31"
                    BASELINE="595 1627 2702 1487" 
                    HPOS="592"
                    VPOS="1445"
                    WIDTH="2110"
                    HEIGHT="205">
            <Shape><Polygon POINTS="595 1627 595 1650 2702 1518 2702 1487 2694 1445 592 1588 595 1627"/></Shape>
	    <String CONTENT=""
                    HPOS="592"
                    VPOS="1445"
                    WIDTH="2110"
                    HEIGHT="205"></String>
          </TextLine>
          <TextLine ID="eSc_line_197dc04d"
                    TAGREFS="LT31"
                    BASELINE="606 1698 1824 1625 2354 1577 2700 1563" 
                    HPOS="600"
                    VPOS="1526"
                    WIDTH="2100"
                    HEIGHT="208">
            <Shape><Polygon POINTS="606 1698 606 1734 696 1731 698 1731 701 1731 726 1712 808 1723 811 1723 920 1700 999 1712 1004 1712 1007 1712 1010 1712 1016 1712 1100 1689 1204 1698 1212 1698 1215 1698 1218 1698 1220 1698 1263 1678 1344 1689 1358 1689 1361 1689 1395 1686 1546 1661 1925 1650 1964 1647 1973 1647 2077 1625 2138 1636 2161 1639 2164 1639 2166 1639 2189 1633 2253 1613 2374 1619 2427 1622 2430 1622 2433 1622 2461 1613 2523 1596 2697 1596 2700 1563 2691 1526 600 1653 606 1698"/></Shape>
	    <String CONTENT=""
                    HPOS="600"
                    VPOS="1526"
                    WIDTH="2100"
                    HEIGHT="208"></String>
          </TextLine>
          <TextLine ID="eSc_line_6433b24c"
                    TAGREFS="LT31"
                    BASELINE="606 1773 1420 1714 1832 1703 1832 1703 2722 1641" 
                    HPOS="600"
                    VPOS="1602"
                    WIDTH="2122"
                    HEIGHT="202">
            <Shape><Polygon POINTS="606 1804 797 1779 912 1787 929 1787 931 1787 1192 1771 1195 1771 1206 1768 1257 1751 1347 1756 1386 1759 1389 1759 1392 1759 1414 1754 1459 1737 1684 1734 1903 1728 2374 1686 2509 1675 2523 1675 2593 1686 2596 1686 2722 1661 2722 1641 2714 1602 2411 1608 2318 1625 2304 1627 2298 1627 2273 1616 2270 1616 2267 1616 1863 1653 1804 1658 1793 1658 1720 1650 1717 1650 1714 1650 1712 1650 1689 1664 1625 1655 1622 1655 1496 1678 1482 1681 1453 1681 1206 1681 1204 1681 1201 1681 1159 1698 1156 1700 600 1731 606 1773"/></Shape>
	    <String CONTENT=""
                    HPOS="600"
                    VPOS="1602"
                    WIDTH="2122"
                    HEIGHT="202"></String>
          </TextLine>
          <TextLine ID="eSc_line_61a9f079"
                    TAGREFS="LT31"
                    BASELINE="600 1846 1997 1765 1997 1765 2719 1709" 
                    HPOS="595"
                    VPOS="1672"
                    WIDTH="2124"
                    HEIGHT="214">
            <Shape><Polygon POINTS="600 1880 679 1886 682 1886 684 1886 687 1886 698 1874 712 1866 836 1866 850 1866 853 1866 856 1866 858 1866 909 1849 985 1858 1032 1863 1035 1863 1038 1863 1041 1863 1055 1855 1083 1835 1209 1829 1327 1838 1378 1841 1380 1841 1383 1841 1386 1841 1395 1832 1428 1813 1518 1807 2186 1787 2287 1782 2290 1782 2298 1779 2380 1754 2601 1754 2604 1754 2607 1754 2641 1737 2717 1754 2719 1709 2711 1672 595 1799 600 1846"/></Shape>
	    <String CONTENT=""
                    HPOS="595"
                    VPOS="1672"
                    WIDTH="2124"
                    HEIGHT="214"></String>
          </TextLine>
          <TextLine ID="eSc_line_c53d24eb"
                    TAGREFS="LT31"
                    BASELINE="595 1916 1184 1874 2719 1796" 
                    HPOS="592"
                    VPOS="1742"
                    WIDTH="2127"
                    HEIGHT="197">
            <Shape><Polygon POINTS="595 1916 595 1939 2719 1827 2719 1796 2717 1759 2674 1742 2672 1742 2669 1742 2450 1771 2217 1768 2214 1768 2211 1768 2138 1787 2037 1776 2034 1776 2032 1776 1967 1796 1830 1787 1827 1787 1672 1796 1670 1796 1633 1815 1476 1824 1358 1829 1352 1829 1257 1818 1254 1818 1251 1818 1187 1838 1184 1838 1072 1829 1069 1829 1066 1829 1063 1829 1035 1846 1027 1846 861 1841 858 1841 856 1841 816 1858 813 1858 721 1849 718 1849 592 1869 595 1916"/></Shape>
	    <String CONTENT=""
                    HPOS="592"
                    VPOS="1742"
                    WIDTH="2127"
                    HEIGHT="197"></String>
          </TextLine>
          <TextLine ID="eSc_line_bcc5ce5a"
                    TAGREFS="LT31"
                    BASELINE="595 1989 2708 1874" 
                    HPOS="592"
                    VPOS="1818"
                    WIDTH="2116"
                    HEIGHT="197">
            <Shape><Polygon POINTS="595 1989 595 2015 2708 1902 2708 1874 2700 1818 2430 1852 2354 1841 2352 1841 2262 1858 2239 1846 2234 1843 2231 1843 2228 1843 2225 1843 2206 1846 2121 1872 1889 1880 1841 1872 1816 1866 1813 1866 1757 1877 1656 1894 1602 1886 1583 1883 1580 1883 1501 1891 1369 1908 1338 1902 1302 1894 1299 1894 1296 1894 1293 1894 1279 1905 1268 1914 1246 1908 1218 1900 1215 1900 1212 1900 1209 1900 1206 1900 1192 1911 1181 1919 1108 1916 990 1911 988 1911 592 1947 595 1989"/></Shape>
	    <String CONTENT=""
                    HPOS="592"
                    VPOS="1818"
                    WIDTH="2116"
                    HEIGHT="197"></String>
          </TextLine>
          <TextLine ID="eSc_line_a86e549a"
                    TAGREFS="LT31"
                    BASELINE="606 2062 1964 2007 1964 2007 2680 1956" 
                    HPOS="600"
                    VPOS="1911"
                    WIDTH="2080"
                    HEIGHT="194">
            <Shape><Polygon POINTS="609 2105 662 2082 760 2096 769 2096 771 2096 783 2093 878 2071 923 2088 929 2088 931 2088 934 2088 951 2085 1046 2060 1535 2037 1566 2048 1583 2054 1585 2054 1588 2054 2680 1981 2680 1956 2677 1922 2514 1911 2512 1911 2509 1911 2444 1930 2329 1922 2326 1922 2180 1945 2172 1945 2169 1945 2136 1930 2133 1930 2130 1930 2032 1950 2020 1953 2015 1953 1973 1939 1970 1939 1967 1939 1745 1964 1692 1970 1661 1970 1549 1961 1546 1961 1543 1961 1487 1978 1467 1981 1445 1978 1372 1970 1369 1970 1366 1970 1324 1984 1307 1989 1246 1989 1097 1984 1094 1984 1091 1984 1041 1998 1018 2003 1004 2001 976 1992 973 1992 971 1992 912 2003 875 2012 856 2006 825 1998 822 1998 819 1998 600 2017 606 2062"/></Shape>
	    <String CONTENT=""
                    HPOS="600"
                    VPOS="1911"
                    WIDTH="2080"
                    HEIGHT="194"></String>
          </TextLine>
          <TextLine ID="eSc_line_d5db70ae"
                    TAGREFS="LT31"
                    BASELINE="592 2144 898 2119 2700 2029" 
                    HPOS="589"
                    VPOS="1987"
                    WIDTH="2111"
                    HEIGHT="190">
            <Shape><Polygon POINTS="592 2144 592 2177 676 2163 746 2172 755 2172 757 2172 760 2172 763 2172 816 2149 906 2163 920 2163 923 2163 1018 2158 1021 2158 1024 2158 1024 2155 1027 2155 1044 2138 1336 2138 1361 2138 1361 2135 1378 2135 1515 2116 1552 2124 1583 2130 1585 2130 1681 2116 1726 2107 1813 2107 2088 2105 2091 2105 2093 2105 2107 2090 2113 2088 2136 2088 2251 2096 2253 2096 2256 2096 2307 2079 2315 2076 2321 2076 2357 2088 2360 2088 2363 2088 2366 2088 2408 2071 2422 2068 2470 2068 2652 2074 2655 2074 2658 2074 2700 2054 2700 2029 2691 1987 589 2096 592 2144"/></Shape>
	    <String CONTENT=""
                    HPOS="589"
                    VPOS="1987"
                    WIDTH="2111"
                    HEIGHT="190"></String>
          </TextLine>
          <TextLine ID="eSc_line_a79ffa62"
                    TAGREFS="LT31"
                    BASELINE="592 2217 870 2206" 
                    HPOS="589"
                    VPOS="2158"
                    WIDTH="281"
                    HEIGHT="90">
            <Shape><Polygon POINTS="592 2217 592 2248 870 2225 870 2206 864 2169 715 2158 712 2158 589 2177 592 2217"/></Shape>
	    <String CONTENT=""
                    HPOS="589"
                    VPOS="2158"
                    WIDTH="281"
                    HEIGHT="90"></String>
          </TextLine>
          <TextLine ID="eSc_line_f8acbb21"
                    TAGREFS="LT31"
                    BASELINE="606 2307 1271 2290 2649 2220" 
                    HPOS="600"
                    VPOS="2161"
                    WIDTH="2049"
                    HEIGHT="190">
            <Shape><Polygon POINTS="606 2307 606 2337 701 2337 704 2337 721 2351 724 2351 726 2351 729 2351 732 2351 735 2351 755 2335 757 2335 769 2335 951 2340 954 2340 1032 2321 1041 2321 1049 2321 1139 2332 1142 2332 1145 2332 1181 2315 1184 2315 1274 2326 1277 2326 1459 2304 1515 2315 1518 2315 1698 2295 1942 2295 1945 2295 1947 2295 2006 2276 2012 2276 2040 2276 2321 2276 2324 2276 2326 2276 2377 2259 2380 2259 2385 2259 2478 2267 2481 2267 2484 2267 2486 2267 2486 2264 2489 2264 2498 2253 2548 2267 2551 2267 2554 2267 2649 2245 2649 2220 2641 2161 2568 2183 2509 2166 2506 2166 2503 2166 2500 2166 2492 2166 2402 2189 2321 2175 2312 2175 2310 2175 2307 2175 2304 2175 2234 2200 2046 2189 2043 2189 2040 2189 2037 2189 2001 2211 1936 2200 1933 2200 1931 2200 1928 2200 1911 2217 1613 2228 1588 2208 1585 2208 1583 2208 1580 2208 1577 2208 1571 2208 1482 2236 1313 2242 1285 2225 1282 2225 1279 2225 1277 2225 1274 2225 1271 2225 1271 2228 1249 2248 1147 2250 1041 2234 1030 2234 1027 2234 1024 2234 1016 2236 962 2250 920 2239 917 2239 915 2239 912 2239 909 2239 903 2239 844 2264 799 2248 797 2248 794 2248 600 2253 606 2307"/></Shape>
	    <String CONTENT=""
                    HPOS="600"
                    VPOS="2161"
                    WIDTH="2049"
                    HEIGHT="190"></String>
          </TextLine>
          <TextLine ID="eSc_line_367a1dbf"
                    TAGREFS="LT31"
                    BASELINE="592 2388 2717 2290" 
                    HPOS="589"
                    VPOS="2242"
                    WIDTH="2128"
                    HEIGHT="171">
            <Shape><Polygon POINTS="592 2388 592 2413 2717 2315 2717 2290 2711 2242 589 2346 592 2388"/></Shape>
	    <String CONTENT=""
                    HPOS="589"
                    VPOS="2242"
                    WIDTH="2128"
                    HEIGHT="171"></String>
          </TextLine>
          <TextLine ID="eSc_line_252e7d22"
                    TAGREFS="LT31"
                    BASELINE="595 2464 1794 2402 1794 2402 2321 2371 2697 2360" 
                    HPOS="589"
                    VPOS="2307"
                    WIDTH="2108"
                    HEIGHT="179">
            <Shape><Polygon POINTS="595 2486 2697 2388 2697 2360 2691 2315 2632 2307 2630 2307 2627 2307 2624 2307 2610 2321 2607 2323 2579 2323 2248 2326 2155 2343 2133 2346 2105 2346 1981 2340 1978 2340 1779 2363 1709 2368 1664 2368 1554 2363 1552 2363 1549 2363 1510 2374 1490 2380 1406 2380 1235 2380 1232 2380 1176 2391 1147 2396 1125 2394 1075 2388 1072 2388 1007 2399 962 2408 940 2402 915 2396 912 2396 909 2396 906 2396 878 2405 856 2416 589 2419 595 2464"/></Shape>
	    <String CONTENT=""
                    HPOS="589"
                    VPOS="2307"
                    WIDTH="2108"
                    HEIGHT="179"></String>
          </TextLine>
          <TextLine ID="eSc_line_48b4825e"
                    TAGREFS="LT34"
                    BASELINE="904 2478 1006 2485 1006 2485 1118 2484" 
                    HPOS="904"
                    VPOS="2478"
                    WIDTH="214"
                    HEIGHT="7">
	    <String CONTENT=""
                    HPOS="904"
                    VPOS="2478"
                    WIDTH="214"
                    HEIGHT="7"></String>
          </TextLine>
          <TextLine ID="eSc_line_fa5291d5"
                    TAGREFS="LT31"
                    BASELINE="592 2537 2186 2444 2694 2424" 
                    HPOS="586"
                    VPOS="2366"
                    WIDTH="2108"
                    HEIGHT="190">
            <Shape><Polygon POINTS="592 2537 592 2556 844 2542 898 2545 988 2551 990 2551 993 2551 1024 2540 1041 2531 1052 2537 1058 2542 1060 2542 1063 2542 1066 2542 1147 2531 1226 2523 1243 2528 1263 2534 1265 2534 1268 2534 1369 2520 1490 2503 1838 2497 2040 2492 2043 2492 2060 2486 2102 2472 2237 2478 2284 2478 2287 2478 2290 2478 2293 2478 2295 2475 2310 2464 2425 2467 2436 2467 2439 2467 2444 2467 2545 2447 2571 2461 2573 2461 2576 2461 2579 2461 2694 2453 2694 2424 2688 2377 2635 2366 2632 2366 2534 2382 2506 2388 2498 2385 2475 2374 2472 2374 2470 2374 2366 2391 2315 2399 2265 2396 2172 2391 2169 2391 2166 2391 2136 2402 2113 2413 1889 2416 1709 2419 1658 2427 1566 2441 1507 2433 1473 2430 1470 2430 1420 2438 1319 2455 1288 2444 1277 2441 1274 2441 1271 2441 1268 2441 1254 2447 1215 2461 973 2461 923 2461 920 2461 917 2461 909 2464 847 2481 586 2481 592 2537"/></Shape>
	    <String CONTENT=""
                    HPOS="586"
                    VPOS="2366"
                    WIDTH="2108"
                    HEIGHT="190"></String>
          </TextLine>
          <TextLine ID="eSc_line_ce0f27d2"
                    TAGREFS="LT31"
                    BASELINE="597 2598 2717 2495" 
                    HPOS="592"
                    VPOS="2441"
                    WIDTH="2125"
                    HEIGHT="177">
            <Shape><Polygon POINTS="597 2598 597 2618 2203 2556 2206 2556 2220 2554 2276 2540 2461 2542 2484 2542 2486 2542 2498 2542 2607 2523 2714 2531 2717 2495 2708 2441 2593 2461 2453 2453 2430 2453 2427 2453 2425 2453 2416 2455 2360 2472 2223 2464 2203 2464 2200 2464 2197 2464 2192 2467 2138 2483 2054 2472 2046 2472 2043 2472 2040 2472 2037 2472 2015 2489 1880 2481 1858 2481 1855 2481 1832 2483 1684 2506 1585 2495 1571 2495 1569 2495 1566 2495 1560 2497 1510 2514 1473 2500 1470 2500 1467 2500 1465 2500 1462 2500 1456 2500 1392 2520 1299 2509 1285 2509 1282 2509 1265 2511 1167 2531 1038 2523 1027 2523 1024 2523 1013 2523 884 2545 853 2531 850 2531 847 2531 844 2531 825 2534 653 2556 592 2545 597 2598"/></Shape>
	    <String CONTENT=""
                    HPOS="592"
                    VPOS="2441"
                    WIDTH="2125"
                    HEIGHT="177"></String>
          </TextLine>
          <TextLine ID="eSc_line_c55f1bd6"
                    TAGREFS="LT31"
                    BASELINE="592 2675 2686 2559" 
                    HPOS="1018"
                    VPOS="2523"
                    WIDTH="1668"
                    HEIGHT="154">
            <Shape><Polygon POINTS="1024 2677 2686 2596 2686 2559 2680 2523 2388 2523 2385 2523 2180 2548 2096 2540 2093 2540 2091 2540 2043 2559 1077 2598 1075 2598 1018 2615 1024 2655"/></Shape>
	    <String CONTENT=""
                    HPOS="1018"
                    VPOS="2523"
                    WIDTH="1668"
                    HEIGHT="154"></String>
          </TextLine>
          <TextLine ID="eSc_line_99080f5f"
                    TAGREFS="LT31"
                    BASELINE="592 2750 2697 2629" 
                    HPOS="589"
                    VPOS="2579"
                    WIDTH="2108"
                    HEIGHT="199">
            <Shape><Polygon POINTS="592 2750 592 2772 785 2778 788 2778 1016 2750 1041 2747 1044 2747 1077 2761 1080 2761 1083 2761 1322 2730 1344 2730 1361 2730 1571 2733 1574 2733 1759 2708 1776 2705 1785 2705 1863 2716 1866 2716 1869 2716 1922 2697 2307 2691 2310 2691 2352 2671 2357 2671 2366 2671 2447 2683 2450 2683 2453 2683 2500 2663 2506 2663 2517 2663 2630 2671 2632 2671 2635 2671 2697 2652 2697 2629 2688 2579 2427 2604 2304 2601 2248 2601 2245 2601 2242 2601 2220 2607 2178 2618 2133 2613 2105 2610 2102 2610 2099 2610 2077 2615 2034 2627 1908 2627 1796 2627 1793 2627 1684 2641 1594 2652 1538 2649 1459 2646 1456 2646 1389 2660 1350 2666 1305 2663 1223 2660 1220 2660 1218 2660 1215 2660 1201 2671 1195 2674 1176 2671 1111 2666 1108 2666 1105 2666 1066 2680 1055 2683 1024 2683 926 2677 923 2677 833 2694 813 2697 799 2697 718 2688 715 2688 589 2708 592 2750"/></Shape>
	    <String CONTENT=""
                    HPOS="589"
                    VPOS="2579"
                    WIDTH="2108"
                    HEIGHT="199"></String>
          </TextLine>
          <TextLine ID="eSc_line_44992911"
                    TAGREFS="LT31"
                    BASELINE="597 2823 2708 2694" 
                    HPOS="595"
                    VPOS="2652"
                    WIDTH="2113"
                    HEIGHT="199">
            <Shape><Polygon POINTS="597 2823 597 2851 1285 2817 1307 2815 1378 2798 1414 2806 1420 2809 1423 2809 1425 2809 1428 2809 1437 2806 1479 2792 1658 2792 1698 2792 1700 2792 1703 2792 1709 2789 1751 2775 1782 2787 1785 2787 1787 2787 1790 2787 1793 2787 1796 2787 1796 2784 1813 2770 2026 2756 2503 2744 2526 2742 2528 2742 2576 2725 2705 2730 2708 2694 2702 2657 2534 2652 2531 2652 2405 2674 2388 2677 2383 2677 2346 2663 2343 2663 2340 2663 2338 2663 2298 2683 2293 2683 2262 2669 2259 2669 2256 2669 2166 2688 2155 2691 2141 2691 2023 2683 2020 2683 2018 2683 2015 2683 1992 2700 1992 2702 1743 2716 1731 2716 1608 2708 1605 2708 1431 2736 1423 2736 1420 2736 1383 2722 1380 2722 1378 2722 1246 2747 1237 2747 1235 2747 1153 2736 1150 2736 1016 2761 1013 2761 985 2747 982 2747 979 2747 875 2753 872 2753 822 2772 704 2767 701 2767 595 2787 597 2823"/></Shape>
	    <String CONTENT=""
                    HPOS="595"
                    VPOS="2652"
                    WIDTH="2113"
                    HEIGHT="199"></String>
          </TextLine>
          <TextLine ID="eSc_line_60c0b9ea"
                    TAGREFS="LT31"
                    BASELINE="600 2890 1560 2829 2649 2775" 
                    HPOS="595"
                    VPOS="2722"
                    WIDTH="2054"
                    HEIGHT="188">
            <Shape><Polygon POINTS="600 2890 600 2910 2649 2806 2649 2775 2644 2733 2514 2722 2512 2722 2509 2722 2461 2742 2458 2744 2189 2756 2186 2756 2169 2742 2166 2742 2164 2742 2161 2742 2158 2742 2107 2758 2099 2761 2085 2761 1998 2753 1995 2753 1992 2753 1961 2767 1959 2770 1953 2767 1933 2758 1931 2758 1928 2758 1816 2775 1787 2778 1785 2775 1765 2764 1762 2764 1759 2764 1757 2764 1754 2764 1700 2781 1686 2784 1672 2784 1605 2772 1602 2772 1428 2795 1417 2795 1411 2795 1319 2789 1316 2789 1313 2789 1268 2803 1249 2809 1206 2806 1117 2801 1114 2801 1111 2801 1108 2801 1091 2812 1083 2817 1046 2815 973 2809 971 2809 968 2809 965 2809 954 2820 943 2829 595 2837 600 2890"/></Shape>
	    <String CONTENT=""
                    HPOS="595"
                    VPOS="2722"
                    WIDTH="2054"
                    HEIGHT="188"></String>
          </TextLine>
          <TextLine ID="eSc_line_09cd706d"
                    TAGREFS="LT34"
                    BASELINE="816 2907 893 2914" 
                    HPOS="816"
                    VPOS="2907"
                    WIDTH="77"
                    HEIGHT="7">
	    <String CONTENT=""
                    HPOS="816"
                    VPOS="2907"
                    WIDTH="77"
                    HEIGHT="7"></String>
          </TextLine>
          <TextLine ID="eSc_line_8eb9b6e4"
                    TAGREFS="LT31"
                    BASELINE="595 2961 2304 2862 2683 2851" 
                    HPOS="592"
                    VPOS="2803"
                    WIDTH="2091"
                    HEIGHT="188">
            <Shape><Polygon POINTS="595 2961 595 2991 895 2986 898 2986 920 2977 968 2963 1035 2972 1041 2972 1044 2972 1052 2972 1156 2952 1218 2963 1240 2966 1243 2966 1285 2961 1397 2938 1462 2949 1476 2952 1479 2952 1482 2952 1493 2949 1546 2930 1583 2944 1591 2947 1594 2947 1597 2947 1622 2941 1706 2921 2040 2921 2091 2921 2091 2918 2119 2916 2298 2890 2383 2902 2391 2902 2394 2902 2397 2902 2399 2902 2439 2879 2551 2874 2683 2885 2683 2851 2674 2803 2180 2812 2178 2812 2175 2812 2175 2815 2155 2831 2138 2831 1933 2829 1931 2829 1928 2829 1869 2848 1863 2848 1858 2848 1785 2834 1782 2834 1658 2854 1577 2845 1574 2845 1571 2845 1521 2868 1518 2868 1510 2868 1403 2857 1400 2857 1397 2857 1395 2857 1369 2876 1366 2879 1108 2890 1080 2874 1077 2874 1075 2874 1072 2874 962 2899 957 2899 954 2899 872 2885 870 2885 867 2885 794 2907 794 2910 592 2918 595 2961"/></Shape>
	    <String CONTENT=""
                    HPOS="592"
                    VPOS="2803"
                    WIDTH="2091"
                    HEIGHT="188"></String>
          </TextLine>
          <TextLine ID="eSc_line_8206b03b"
                    TAGREFS="LT31"
                    BASELINE="595 3034 1434 2983 2674 2927" 
                    HPOS="592"
                    VPOS="2882"
                    WIDTH="2082"
                    HEIGHT="174">
            <Shape><Polygon POINTS="595 3034 595 3056 2001 2980 2015 2983 2046 2994 2048 2994 2051 2994 2338 2980 2340 2980 2388 2963 2399 2958 2674 2947 2674 2927 2669 2882 1981 2907 1863 2924 1810 2930 1785 2927 1737 2921 1734 2921 1731 2921 1703 2932 1689 2935 1664 2932 1594 2927 1591 2927 1487 2944 1456 2947 1425 2947 1305 2941 1302 2941 1119 2963 1077 2966 1069 2966 1038 2955 1035 2955 1032 2955 864 2975 842 2977 836 2977 802 2966 799 2966 797 2966 592 2989 595 3034"/></Shape>
	    <String CONTENT=""
                    HPOS="592"
                    VPOS="2882"
                    WIDTH="2082"
                    HEIGHT="174"></String>
          </TextLine>
          <TextLine ID="eSc_line_5e764adb"
                    TAGREFS="LT31"
                    BASELINE="595 3104 1389 3062 2705 3014" 
                    HPOS="592"
                    VPOS="2958"
                    WIDTH="2113"
                    HEIGHT="174">
            <Shape><Polygon POINTS="595 3104 595 3132 2702 3036 2705 3014 2700 2958 2621 2972 2506 2966 2441 2963 2439 2963 2371 2972 2223 2994 2147 2983 2113 2980 2110 2980 2074 2989 2001 3003 1939 2994 1883 2986 1880 2986 1877 2986 1835 3000 1796 3011 1723 3005 1670 3000 1667 3000 1571 3011 1467 3025 1445 3019 1406 3005 1403 3005 1400 3005 1397 3005 1350 3022 1324 3031 1274 3025 1226 3022 1223 3022 1220 3022 1204 3031 1190 3036 1131 3034 996 3025 993 3025 912 3045 892 3050 592 3059 595 3104"/></Shape>
	    <String CONTENT=""
                    HPOS="592"
                    VPOS="2958"
                    WIDTH="2113"
                    HEIGHT="174"></String>
          </TextLine>
          <TextLine ID="eSc_line_45b362a7"
                    TAGREFS="LT31"
                    BASELINE="595 3174 2714 3084" 
                    HPOS="592"
                    VPOS="3042"
                    WIDTH="2122"
                    HEIGHT="154">
            <Shape><Polygon POINTS="595 3174 595 3196 2711 3115 2714 3084 2711 3042 2312 3042 2310 3042 2307 3042 2234 3062 2225 3062 2214 3062 2096 3050 2093 3050 2091 3050 2020 3070 2015 3070 2009 3070 1936 3059 1933 3059 1835 3078 1827 3078 1821 3078 1771 3064 1768 3064 1765 3064 1644 3087 1630 3087 1611 3087 1442 3078 1439 3078 1437 3078 1403 3095 1400 3095 1305 3084 1302 3084 1299 3084 1226 3104 1220 3106 1187 3106 802 3106 799 3106 797 3106 794 3106 777 3121 707 3109 704 3109 592 3129 595 3174"/></Shape>
	    <String CONTENT=""
                    HPOS="592"
                    VPOS="3042"
                    WIDTH="2122"
                    HEIGHT="154"></String>
          </TextLine>
          <TextLine ID="eSc_line_4e147840"
                    TAGREFS="LT31"
                    BASELINE="611 3255 2116 3165 2680 3146" 
                    HPOS="606"
                    VPOS="3101"
                    WIDTH="2074"
                    HEIGHT="179">
            <Shape><Polygon POINTS="611 3255 611 3280 2680 3160 2680 3146 2672 3101 2391 3115 2388 3115 2346 3104 2343 3104 2340 3104 2338 3104 2293 3121 2290 3123 2253 3123 1945 3126 1816 3146 1790 3149 1768 3149 1650 3143 1647 3143 1644 3143 1599 3157 1591 3160 1577 3160 1504 3151 1501 3151 1417 3168 1395 3171 1375 3171 1302 3163 1299 3163 1296 3163 1293 3163 1277 3177 1274 3177 1265 3177 1204 3168 1201 3168 606 3210 611 3255"/></Shape>
	    <String CONTENT=""
                    HPOS="606"
                    VPOS="3101"
                    WIDTH="2074"
                    HEIGHT="179"></String>
          </TextLine>
          <TextLine ID="eSc_line_aa6090d4"
                    TAGREFS="LT31"
                    BASELINE="600 3317 2705 3216" 
                    HPOS="597"
                    VPOS="3160"
                    WIDTH="2108"
                    HEIGHT="196">
            <Shape><Polygon POINTS="600 3317 603 3356 668 3339 788 3348 802 3348 805 3348 808 3348 811 3348 839 3331 1069 3334 1114 3334 1117 3334 1150 3331 1307 3309 1434 3317 1459 3317 1462 3317 1465 3317 1473 3314 1512 3300 1616 3309 1647 3309 1650 3309 1670 3306 1737 3289 1804 3297 1827 3300 1830 3300 1872 3295 2009 3275 2091 3283 2119 3286 2121 3286 2158 3280 2256 3264 2326 3272 2354 3275 2357 3275 2360 3275 2374 3269 2416 3255 2447 3266 2455 3269 2458 3269 2461 3269 2498 3264 2599 3247 2705 3252 2705 3216 2697 3160 2632 3179 2332 3179 2293 3179 2290 3179 2287 3179 2284 3179 2284 3182 2265 3196 2189 3185 2175 3185 2172 3185 2130 3188 1933 3213 1813 3205 1773 3205 1771 3205 1689 3213 1470 3238 597 3269 600 3317"/></Shape>
	    <String CONTENT=""
                    HPOS="597"
                    VPOS="3160"
                    WIDTH="2108"
                    HEIGHT="196"></String>
          </TextLine>
        </TextBlock>
      </PrintSpace>
    </Page>
  </Layout>
</alto>
