<?xml version="1.0" encoding="UTF-8"?>
<alto xmlns:xsi="http://www.w3.org/2001/XMLSchema-instance"
      xmlns="http://www.loc.gov/standards/alto/ns-v4#"
      xsi:schemaLocation="http://www.loc.gov/standards/alto/ns-v4# http://www.loc.gov/standards/alto/v4/alto-4-2.xsd">
  <Description>
    <MeasurementUnit>pixel</MeasurementUnit>
    <sourceImageInformation>
      <fileName>ARCH-DIV-000496_0155.png</fileName>
    </sourceImageInformation>
  </Description>
  <Tags>
    <OtherTag ID="BT42" LABEL="MainZone" DESCRIPTION="block type MainZone"/><OtherTag ID="BT43" LABEL="MarginTextZone" DESCRIPTION="block type MarginTextZone"/><OtherTag ID="BT44" LABEL="NumberingZone" DESCRIPTION="block type NumberingZone"/><OtherTag ID="BT45" LABEL="TitlePageZone" DESCRIPTION="block type TitlePageZone"/><OtherTag ID="BT46" LABEL="CustomZone:Numbering" DESCRIPTION="block type CustomZone:Numbering"/><OtherTag ID="BT49" LABEL="MarginTextZone:lower" DESCRIPTION="block type MarginTextZone:lower"/>
    <OtherTag ID="LT25" LABEL="default" DESCRIPTION="line type default"/><OtherTag ID="LT31" LABEL="DefaultLine" DESCRIPTION="line type DefaultLine"/><OtherTag ID="LT32" LABEL="HeadingLine" DESCRIPTION="line type HeadingLine"/><OtherTag ID="LT33" LABEL="InterlinearLine:addition" DESCRIPTION="line type InterlinearLine:addition"/><OtherTag ID="LT34" LABEL="InterlinearLine:correction" DESCRIPTION="line type InterlinearLine:correction"/>
  </Tags>
  <Layout>
    <Page WIDTH="2790"
          HEIGHT="3362"
          PHYSICAL_IMG_NR="154"
          ID="eSc_dummypage_">
      <PrintSpace HPOS="0"
                  VPOS="0"
                  WIDTH="2790"
                  HEIGHT="3362">
        <TextBlock HPOS="163"
                   VPOS="14"
                   WIDTH="264"
                   HEIGHT="325"
                   ID="eSc_textblock_b4a7f6fb"
                   TAGREFS="BT44">
          <Shape><Polygon POINTS="427 339 427 14 163 14 163 339"/></Shape>
          <TextLine ID="eSc_line_e3eaa56c"
                    TAGREFS="LT31"
                    BASELINE="220 128 386 129" 
                    HPOS="238"
                    VPOS="78"
                    WIDTH="112"
                    HEIGHT="151">
            <Shape><Polygon POINTS="294 81 266 78 238 78 241 128 241 207 350 229 350 126 342 84 322 84"/></Shape>
	    <String CONTENT="49"
                    HPOS="238"
                    VPOS="78"
                    WIDTH="112"
                    HEIGHT="151"
                    WC="0.9340362250804901"></String>
          </TextLine>
        </TextBlock>
        <TextBlock HPOS="433"
                   VPOS="0"
                   WIDTH="2343"
                   HEIGHT="3361"
                   ID="eSc_textblock_47ff6b83"
                   TAGREFS="BT42">
          <Shape><Polygon POINTS="521 0 492 1123 433 3361 2661 3345 2776 41"/></Shape>
          <TextLine ID="eSc_line_488b1d55"
                    TAGREFS="LT31"
                    BASELINE="605 92 1186 84 2689 114" 
                    HPOS="602"
                    VPOS="33"
                    WIDTH="2087"
                    HEIGHT="109">
            <Shape><Polygon POINTS="2649 64 2621 64 2593 64 2565 64 2543 64 2532 70 2453 70 2419 61 2397 61 2369 61 2341 58 2313 58 2285 58 2257 58 2229 58 2201 58 2173 56 2150 56 2091 58 1990 61 1974 56 1965 53 1948 53 1920 53 1906 53 1903 56 1898 58 1853 56 1805 50 1780 50 1752 50 1724 50 1696 50 1668 50 1640 47 1626 47 1575 50 1522 53 1491 50 1452 44 1444 44 1416 44 1387 44 1359 44 1337 44 1329 47 1320 50 1315 47 1306 42 1303 42 1275 42 1247 42 1219 42 1191 42 1163 42 1152 39 1104 44 1093 44 1090 44 1082 39 1079 39 1051 39 1023 39 995 39 967 36 939 36 911 36 894 36 877 42 872 42 709 42 706 39 698 33 686 33 658 33 630 33 605 42 605 92 602 109 2683 142 2689 114 2686 67 2661 64 2649 64"/></Shape>
	    <String CONTENT="En réalité, entre la droit désirense de prendre le pouvoir et la gauche &lt;.¬"
                    HPOS="602"
                    VPOS="33"
                    WIDTH="2087"
                    HEIGHT="109"
                    WC="0.9835374697049459"></String>
          </TextLine>
          <TextLine ID="eSc_line_999ceae0"
                    TAGREFS="LT31"
                    BASELINE="611 156 1884 151 2345 167 2689 165" 
                    HPOS="611"
                    VPOS="106"
                    WIDTH="2078"
                    HEIGHT="84">
            <Shape><Polygon POINTS="2181 106 2178 106 611 112 611 156 611 187 832 173 930 187 933 187 1138 173 1172 187 1177 190 1180 190 1183 190 1200 187 1289 176 1483 176 1505 187 1505 190 1508 190 1511 190 1514 190 1516 190 1522 187 1556 176 2683 187 2689 165 2686 123 2209 123 2206 120 2187 106 2184 106"/></Shape>
	    <String CONTENT="&lt;.. ..&gt; oiritie de la modération croissante du gouvenement"
                    HPOS="611"
                    VPOS="106"
                    WIDTH="2078"
                    HEIGHT="84"
                    WC="0.9702317005601423"></String>
          </TextLine>
          <TextLine ID="eSc_line_d39d927b"
                    TAGREFS="LT31"
                    BASELINE="597 215 2691 225" 
                    HPOS="597"
                    VPOS="168"
                    WIDTH="2097"
                    HEIGHT="84">
            <Shape><Polygon POINTS="597 252 2694 252 2694 215 2694 168 597 168 597 215"/></Shape>
	    <String CONTENT="les chambres &lt;............. ... ..se clasvaient"
                    HPOS="597"
                    VPOS="168"
                    WIDTH="2097"
                    HEIGHT="84"
                    WC="0.8849794167153379"></String>
          </TextLine>
          <TextLine ID="eSc_line_d9101b94"
                    TAGREFS="LT31"
                    BASELINE="594 285 1177 274 2672 280" 
                    HPOS="594"
                    VPOS="221"
                    WIDTH="2078"
                    HEIGHT="89">
            <Shape><Polygon POINTS="594 285 594 310 1138 310 1138 308 1141 308 1188 294 2666 308 2672 280 2666 232 2355 238 2341 232 2330 224 2327 224 2324 224 2321 224 2271 232 2237 238 2215 232 2170 221 2167 221 2164 221 2161 221 2133 232 2122 238 2088 232 2007 221 2004 221 2002 221 1976 232 1968 238 1875 235 1612 221 1609 221 1606 221 1603 221 1589 235 1550 221 1547 221 1239 221 1236 221 1233 221 1197 238 1191 240 594 240 594 285"/></Shape>
	    <String CONTENT="de nouveau en partir hostiles &lt;...... . . .. ....&gt;"
                    HPOS="594"
                    VPOS="221"
                    WIDTH="2078"
                    HEIGHT="89"
                    WC="0.9089407932758331"></String>
          </TextLine>
          <TextLine ID="eSc_line_b58015cb"
                    TAGREFS="LT34"
                    BASELINE="1494 302 1601 296" 
                    HPOS="1494"
                    VPOS="296"
                    WIDTH="107"
                    HEIGHT="6">
	    <String CONTENT=""
                    HPOS="1494"
                    VPOS="296"
                    WIDTH="107"
                    HEIGHT="6"></String>
          </TextLine>
          <TextLine ID="eSc_line_f37cc222"
                    TAGREFS="LT34"
                    BASELINE="2348 312 2389 312" 
                    HPOS="2348"
                    VPOS="312"
                    WIDTH="41"
                    HEIGHT="0">
	    <String CONTENT=""
                    HPOS="2348"
                    VPOS="312"
                    WIDTH="41"
                    HEIGHT="0"></String>
          </TextLine>
          <TextLine ID="eSc_line_a3a8c9ff"
                    TAGREFS="LT31"
                    BASELINE="586 347 1477 330 2691 333" 
                    HPOS="583"
                    VPOS="280"
                    WIDTH="2108"
                    HEIGHT="95">
            <Shape><Polygon POINTS="586 347 586 375 1685 355 2686 364 2691 333 2689 294 1685 280 1682 280 1679 280 1676 280 1651 296 1362 282 1359 282 1357 282 1320 296 1275 282 1273 282 1270 282 1267 282 1228 296 1188 282 1186 282 1183 282 1180 282 1127 299 849 285 846 285 779 299 745 285 743 285 740 285 737 285 734 285 717 302 583 302 586 347"/></Shape>
	    <String CONTENT="&lt;. ... ...... ................ ...... .....&gt;"
                    HPOS="583"
                    VPOS="280"
                    WIDTH="2108"
                    HEIGHT="95"
                    WC="0.8367345089262183"></String>
          </TextLine>
          <TextLine ID="eSc_line_fd2dbcb2"
                    TAGREFS="LT31"
                    BASELINE="586 406 1539 386 2683 389" 
                    HPOS="583"
                    VPOS="347"
                    WIDTH="2100"
                    HEIGHT="81">
            <Shape><Polygon POINTS="586 406 586 428 2680 411 2683 389 2677 347 583 353 586 406"/></Shape>
	    <String CONTENT="&lt;...... ...&gt; Le libéralisme attaidé de de Brouckère ne répon"
                    HPOS="583"
                    VPOS="347"
                    WIDTH="2100"
                    HEIGHT="81"
                    WC="0.9709233323733012"></String>
          </TextLine>
          <TextLine ID="eSc_line_f252d9ee"
                    TAGREFS="LT31"
                    BASELINE="586 465 1387 451 2672 456" 
                    HPOS="583"
                    VPOS="400"
                    WIDTH="2089"
                    HEIGHT="90">
            <Shape><Polygon POINTS="695 406 667 406 656 406 583 417 586 465 586 490 2669 479 2672 456 2669 409 1615 400 1612 400 1609 400 1606 400 1589 414 1587 417 1441 417 1438 414 1402 400 1399 400 1396 400 1163 414 1160 414 1065 400 1062 400 723 414 703 403 695 406"/></Shape>
	    <String CONTENT="dait plus au sentiment de persoune &lt;..... .. ....&gt; Il le comprit et se re¬"
                    HPOS="583"
                    VPOS="400"
                    WIDTH="2089"
                    HEIGHT="90"
                    WC="0.9548139539924828"></String>
          </TextLine>
          <TextLine ID="eSc_line_16778931"
                    TAGREFS="LT31"
                    BASELINE="583 532 2655 521" 
                    HPOS="580"
                    VPOS="481"
                    WIDTH="2075"
                    HEIGHT="93">
            <Shape><Polygon POINTS="583 532 583 574 684 551 757 565 759 565 762 565 799 551 1048 551 1076 568 1079 568 1082 568 1219 571 1222 571 1225 571 1312 549 1404 568 1407 568 1410 568 1413 568 1446 549 1856 568 1859 568 1861 568 1864 568 1895 546 2004 546 2032 568 2035 568 2038 568 2041 571 2103 571 2103 568 2105 568 2156 543 2304 543 2358 565 2360 565 2363 568 2652 568 2655 521 2646 481 580 490 583 532"/></Shape>
	    <String CONTENT="trèn le 2 mars 1455, pour jomettre au roi de teuter une démière expe¬"
                    HPOS="580"
                    VPOS="481"
                    WIDTH="2075"
                    HEIGHT="93"
                    WC="0.9955461534900941"></String>
          </TextLine>
          <TextLine ID="eSc_line_06ddf59a"
                    TAGREFS="LT31"
                    BASELINE="574 596 1121 588" 
                    HPOS="572"
                    VPOS="546"
                    WIDTH="549"
                    HEIGHT="70">
            <Shape><Polygon POINTS="574 596 574 616 1121 610 1121 588 1113 546 572 551 574 596"/></Shape>
	    <String CONTENT="rience unioniste."
                    HPOS="572"
                    VPOS="546"
                    WIDTH="549"
                    HEIGHT="70"
                    WC="0.9985798772643594"></String>
          </TextLine>
          <TextLine ID="eSc_line_cb817abb"
                    TAGREFS="LT31"
                    BASELINE="588 669 2044 669 2680 683" 
                    HPOS="588"
                    VPOS="607"
                    WIDTH="2092"
                    HEIGHT="104">
            <Shape><Polygon POINTS="588 669 588 692 860 692 863 692 886 706 888 706 891 706 894 706 1048 694 1090 708 1093 708 1096 708 1264 694 1273 694 1278 694 1362 708 1365 708 1368 708 1413 694 1418 694 1460 694 1814 708 1817 708 1929 697 1940 697 1945 697 1993 711 1996 711 1999 711 2002 711 2030 697 2032 697 2052 697 2189 711 2192 711 2677 700 2680 683 2677 633 2217 633 2209 627 2167 613 2164 613 2161 613 2159 613 2122 627 2119 627 2114 627 2041 613 2038 613 2035 613 2032 613 2018 627 2010 633 1889 633 1878 624 1847 610 1845 610 1713 610 1710 610 1707 610 1704 610 1688 624 1682 630 1559 630 1550 621 1536 610 1533 610 1530 610 1396 610 1393 610 1390 610 1371 621 1357 627 1259 619 1096 607 1093 607 588 613 588 669"/></Shape>
	    <String CONTENT="Perce Ae Dickes, à qui fut confiee la mission de constituer le cabient était an"
                    HPOS="588"
                    VPOS="607"
                    WIDTH="2092"
                    HEIGHT="104"
                    WC="0.9856006190180778"></String>
          </TextLine>
          <TextLine ID="eSc_line_3dabd58f"
                    TAGREFS="LT31"
                    BASELINE="566 736 1516 728 2669 739" 
                    HPOS="563"
                    VPOS="680"
                    WIDTH="2106"
                    HEIGHT="87">
            <Shape><Polygon POINTS="566 736 563 750 2663 767 2669 739 2666 697 1424 697 1418 694 1362 680 1359 680 1357 680 566 692 566 736"/></Shape>
	    <String CONTENT="&lt;toli comme catholique l&#x27;exact pendant de ce qu&#x27;avait eté A Brone."
                    HPOS="563"
                    VPOS="680"
                    WIDTH="2106"
                    HEIGHT="87"
                    WC="0.9770194328192509"></String>
          </TextLine>
          <TextLine ID="eSc_line_da796f51"
                    TAGREFS="LT31"
                    BASELINE="569 812 2661 795" 
                    HPOS="566"
                    VPOS="759"
                    WIDTH="2095"
                    HEIGHT="73">
            <Shape><Polygon POINTS="569 812 569 832 2658 826 2661 795 2655 759 566 759 569 812"/></Shape>
	    <String CONTENT="Mère comme libéral. &lt;.......... ...... .. . . .&gt;"
                    HPOS="566"
                    VPOS="759"
                    WIDTH="2095"
                    HEIGHT="73"
                    WC="0.9066700972616673"></String>
          </TextLine>
          <TextLine ID="eSc_line_678d4427"
                    TAGREFS="LT31"
                    BASELINE="563 879 2635 854" 
                    HPOS="560"
                    VPOS="815"
                    WIDTH="2075"
                    HEIGHT="87">
            <Shape><Polygon POINTS="563 879 563 902 2632 885 2635 854 2627 815 560 834 563 879"/></Shape>
	    <String CONTENT="&lt;. ........ .. . ..  ...&gt; Demenré fi¬"
                    HPOS="560"
                    VPOS="815"
                    WIDTH="2075"
                    HEIGHT="87"
                    WC="0.9049432197132626"></String>
          </TextLine>
          <TextLine ID="eSc_line_274c2d6a"
                    TAGREFS="LT31"
                    BASELINE="566 946 1267 927 2669 918" 
                    HPOS="563"
                    VPOS="868"
                    WIDTH="2106"
                    HEIGHT="106">
            <Shape><Polygon POINTS="566 946 566 974 905 958 1099 966 1101 966 1104 966 1152 952 1564 963 1637 963 1640 963 1659 960 1752 946 2666 946 2669 918 2663 882 2240 868 2237 868 2077 885 2060 871 2058 871 2055 871 1945 871 1943 871 1817 888 1676 874 1674 874 1671 874 1623 890 1177 879 1174 879 1172 879 1169 879 1149 893 958 882 956 882 829 899 608 885 605 885 602 885 563 899 566 946"/></Shape>
	    <String CONTENT="dèle aux douctimer de Lemmais, &lt;.......... ....&gt; sa comeption"
                    HPOS="563"
                    VPOS="868"
                    WIDTH="2106"
                    HEIGHT="106"
                    WC="0.9056266810073227"></String>
          </TextLine>
          <TextLine ID="eSc_line_d4500793"
                    TAGREFS="LT31"
                    BASELINE="563 1014 2004 983 2658 983" 
                    HPOS="560"
                    VPOS="938"
                    WIDTH="2098"
                    HEIGHT="104">
            <Shape><Polygon POINTS="563 1014 563 1042 2658 997 2658 983 2655 938 1665 938 1662 938 1659 938 1657 938 1634 955 1357 944 1354 944 1351 944 1301 960 1194 946 1191 946 987 963 911 952 908 952 905 952 860 969 605 958 602 958 600 958 560 972 563 1014"/></Shape>
	    <String CONTENT="des rapports de l&#x27;Eglise et de l&#x27;Etat &lt;.  allait à les accorder l&#x27;un"
                    HPOS="560"
                    VPOS="938"
                    WIDTH="2098"
                    HEIGHT="104"
                    WC="0.9773131634878076"></String>
          </TextLine>
          <TextLine ID="eSc_line_dfa025ef"
                    TAGREFS="LT31"
                    BASELINE="563 1081 2602 1042" 
                    HPOS="560"
                    VPOS="997"
                    WIDTH="2042"
                    HEIGHT="118">
            <Shape><Polygon POINTS="563 1081 563 1101 692 1115 695 1115 698 1115 701 1115 701 1112 715 1101 717 1101 835 1109 838 1109 841 1109 844 1109 844 1106 852 1098 858 1095 967 1098 1239 1103 1242 1103 1244 1103 1273 1092 1292 1087 1329 1092 1382 1101 1385 1101 1387 1101 1416 1092 1438 1084 1491 1089 1553 1098 1556 1098 1783 1087 2016 1075 2105 1084 2159 1087 2161 1087 2282 1084 2285 1084 2288 1084 2290 1081 2313 1067 2422 1078 2450 1081 2453 1081 2456 1081 2464 1078 2498 1064 2596 1075 2602 1042 2593 997 560 1033 563 1081"/></Shape>
	    <String CONTENT="avec l&#x27;autre dans la liberté. S&#x27;il seprouvait l&#x27;eneyclique de Grégoire"
                    HPOS="560"
                    VPOS="997"
                    WIDTH="2042"
                    HEIGHT="118"
                    WC="0.9833553952830179"></String>
          </TextLine>
          <TextLine ID="eSc_line_64753bac"
                    TAGREFS="LT31"
                    BASELINE="569 1148 1169 1129 2677 1109" 
                    HPOS="566"
                    VPOS="1061"
                    WIDTH="2111"
                    HEIGHT="110">
            <Shape><Polygon POINTS="569 1148 569 1171 2675 1137 2677 1109 2672 1073 2355 1061 2352 1061 2173 1078 2167 1081 2145 1081 1158 1081 1155 1081 1152 1081 1099 1095 925 1084 922 1084 919 1084 888 1101 566 1103 569 1148"/></Shape>
	    <String CONTENT="401 contre les libertés modernes, il &lt;........&gt; n&#x27;admettait pas non"
                    HPOS="566"
                    VPOS="1061"
                    WIDTH="2111"
                    HEIGHT="110"
                    WC="0.9531176374919379"></String>
          </TextLine>
          <TextLine ID="eSc_line_54df22d3"
                    TAGREFS="LT31"
                    BASELINE="572 1218 1923 1185 2683 1185" 
                    HPOS="569"
                    VPOS="1123"
                    WIDTH="2114"
                    HEIGHT="129">
            <Shape><Polygon POINTS="572 1218 572 1252 1312 1224 1432 1235 1435 1235 1438 1235 1449 1235 1906 1213 2680 1213 2683 1185 2680 1137 2391 1123 2389 1123 2386 1123 2330 1143 2327 1143 2316 1143 2139 1129 2136 1129 2133 1129 2105 1143 2077 1129 2074 1129 2072 1129 2069 1129 2066 1129 2066 1131 2044 1148 1951 1131 1948 1131 1850 1151 1760 1134 1758 1134 1755 1134 1674 1154 1592 1140 1589 1140 1460 1159 1455 1159 1452 1159 1317 1143 1315 1143 1312 1143 1264 1159 1242 1145 1239 1145 1236 1145 1233 1145 1230 1145 1188 1159 1062 1148 1059 1148 942 1168 636 1162 633 1162 569 1176 572 1218"/></Shape>
	    <String CONTENT="plus que, sous prétexte d&#x27;indépendance, la pouvoir civil se refusât à coopée."
                    HPOS="569"
                    VPOS="1123"
                    WIDTH="2114"
                    HEIGHT="129"
                    WC="0.9938390667621906"></String>
          </TextLine>
          <TextLine ID="eSc_line_9f15873d"
                    TAGREFS="LT31"
                    BASELINE="566 1283 922 1266 1617 1263 2630 1235" 
                    HPOS="563"
                    VPOS="1196"
                    WIDTH="2067"
                    HEIGHT="117">
            <Shape><Polygon POINTS="566 1283 566 1313 947 1294 1138 1299 1259 1302 1261 1302 1920 1277 2125 1271 2128 1271 2150 1283 2153 1283 2156 1283 2159 1283 2201 1271 2212 1269 2251 1269 2450 1277 2453 1277 2456 1277 2459 1277 2459 1274 2473 1263 2473 1260 2630 1257 2630 1235 2621 1196 563 1243 566 1283"/></Shape>
	    <String CONTENT="res avec le pouvoir ecclésiastique &lt;.&gt; et lui enlevât les moyens de"
                    HPOS="563"
                    VPOS="1196"
                    WIDTH="2067"
                    HEIGHT="117"
                    WC="0.9882608162823008"></String>
          </TextLine>
          <TextLine ID="eSc_line_978ca9f3"
                    TAGREFS="LT31"
                    BASELINE="572 1344 2669 1297" 
                    HPOS="569"
                    VPOS="1260"
                    WIDTH="2100"
                    HEIGHT="115">
            <Shape><Polygon POINTS="572 1344 572 1375 2669 1319 2669 1297 2661 1260 569 1302 572 1344"/></Shape>
	    <String CONTENT="garantin, par la religion, les bases de l&#x27;ordre social. &lt;....&gt;"
                    HPOS="569"
                    VPOS="1260"
                    WIDTH="2100"
                    HEIGHT="115"
                    WC="0.971064874241429"></String>
          </TextLine>
          <TextLine ID="eSc_line_07a9d758"
                    TAGREFS="LT31"
                    BASELINE="566 1409 2632 1367" 
                    HPOS="563"
                    VPOS="1330"
                    WIDTH="2069"
                    HEIGHT="98">
            <Shape><Polygon POINTS="566 1409 566 1428 2630 1398 2632 1367 2627 1330 1808 1330 1805 1330 1802 1330 1774 1344 1404 1339 1402 1339 1399 1339 1396 1339 1379 1353 1306 1341 1303 1341 1301 1341 1244 1356 1116 1344 1113 1344 972 1361 605 1356 602 1356 600 1356 563 1367 566 1409"/></Shape>
	    <String CONTENT="&lt;... ...&gt; Prenant ainsi position entre les partir, il reva de gouver."
                    HPOS="563"
                    VPOS="1330"
                    WIDTH="2069"
                    HEIGHT="98"
                    WC="0.9746517763621565"></String>
          </TextLine>
          <TextLine ID="eSc_line_be6620c8"
                    TAGREFS="LT31"
                    BASELINE="558 1473 2686 1428" 
                    HPOS="555"
                    VPOS="1378"
                    WIDTH="2131"
                    HEIGHT="115">
            <Shape><Polygon POINTS="558 1473 558 1493 2686 1459 2686 1428 2677 1378 2136 1403 2007 1392 2004 1392 2002 1392 1965 1406 1744 1398 1741 1398 1738 1398 1735 1398 1466 1417 1225 1409 1222 1409 1219 1409 1216 1409 1194 1423 821 1417 818 1417 815 1417 642 1434 555 1423 558 1473"/></Shape>
	    <String CONTENT="ner en les concilient et de ramener le Parlement à ce qu&#x27;avait été l&#x27;état"
                    HPOS="555"
                    VPOS="1378"
                    WIDTH="2131"
                    HEIGHT="115"
                    WC="0.9927281149335809"></String>
          </TextLine>
          <TextLine ID="eSc_line_628ddb3e"
                    TAGREFS="LT31"
                    BASELINE="560 1538 2046 1498 2675 1493" 
                    HPOS="558"
                    VPOS="1445"
                    WIDTH="2117"
                    HEIGHT="126">
            <Shape><Polygon POINTS="560 1538 560 1571 1191 1543 1553 1549 1615 1549 1617 1549 1620 1549 1626 1546 1662 1532 1696 1546 1699 1546 1702 1546 1704 1546 1721 1546 1864 1524 2675 1521 2675 1493 2666 1445 558 1496 560 1538"/></Shape>
	    <String CONTENT="d esprit du Congrés et de chambres unionistes d&#x27;avant 1839 &lt;....&gt;"
                    HPOS="558"
                    VPOS="1445"
                    WIDTH="2117"
                    HEIGHT="126"
                    WC="0.9820572678859417"></String>
          </TextLine>
          <TextLine ID="eSc_line_d5b82bcd"
                    TAGREFS="LT31"
                    BASELINE="552 1599 2675 1560" 
                    HPOS="549"
                    VPOS="1521"
                    WIDTH="2126"
                    HEIGHT="115">
            <Shape><Polygon POINTS="552 1599 552 1636 2672 1582 2675 1560 2666 1521 549 1554 552 1599"/></Shape>
	    <String CONTENT="&lt;...&gt; La plupart de ses colla boratiurs furant recentes parmi les quelques dé¬"
                    HPOS="549"
                    VPOS="1521"
                    WIDTH="2126"
                    HEIGHT="115"
                    WC="0.9712245701215206"></String>
          </TextLine>
          <TextLine ID="eSc_line_c8f43a52"
                    TAGREFS="LT31"
                    BASELINE="552 1669 2635 1633" 
                    HPOS="549"
                    VPOS="1591"
                    WIDTH="2086"
                    HEIGHT="112">
            <Shape><Polygon POINTS="552 1669 552 1703 712 1686 1020 1695 1023 1695 1026 1695 1029 1695 1048 1681 1082 1695 1085 1695 1087 1695 1090 1695 1121 1681 1774 1683 1794 1683 1797 1683 1802 1683 2035 1664 2117 1678 2119 1678 2206 1661 2262 1675 2265 1675 2268 1675 2632 1669 2635 1633 2627 1591 549 1616 552 1669"/></Shape>
	    <String CONTENT="putés du centre droit et du centre gauche. Llès son arrivée au pouvoir, il"
                    HPOS="549"
                    VPOS="1591"
                    WIDTH="2086"
                    HEIGHT="112"
                    WC="0.9849335881503852"></String>
          </TextLine>
          <TextLine ID="eSc_line_ed7e2655"
                    TAGREFS="LT31"
                    BASELINE="549 1742 2641 1711" 
                    HPOS="546"
                    VPOS="1669"
                    WIDTH="2095"
                    HEIGHT="107">
            <Shape><Polygon POINTS="549 1742 549 1759 630 1776 633 1776 1054 1756 1135 1753 1144 1756 1177 1767 1180 1767 1183 1767 1186 1767 1188 1767 1205 1756 1211 1751 1508 1748 1556 1753 1648 1762 1651 1762 1783 1751 1881 1742 1937 1748 1990 1756 1993 1756 2046 1748 2088 1742 2638 1742 2641 1711 2632 1669 546 1697 549 1742"/></Shape>
	    <String CONTENT="déclare qu&#x27;il gouvernerait en dehors des partis &lt;....... ..&gt;"
                    HPOS="546"
                    VPOS="1669"
                    WIDTH="2095"
                    HEIGHT="107"
                    WC="0.9511380066474279"></String>
          </TextLine>
          <TextLine ID="eSc_line_239ec4c8"
                    TAGREFS="LT31"
                    BASELINE="546 1818 2590 1781" 
                    HPOS="543"
                    VPOS="1728"
                    WIDTH="2047"
                    HEIGHT="123">
            <Shape><Polygon POINTS="546 1818 546 1851 858 1832 956 1846 967 1846 970 1846 972 1846 975 1846 1020 1829 1124 1843 1138 1843 1141 1843 1144 1843 1146 1843 1177 1826 1306 1840 1329 1840 1331 1840 1393 1837 1690 1821 2167 1823 2257 1823 2260 1823 2262 1823 2265 1823 2293 1807 2588 1815 2590 1781 2579 1728 2548 1742 2318 1734 2271 1734 2268 1734 2265 1734 2262 1734 2262 1737 2248 1748 2066 1739 2018 1739 2016 1739 1999 1742 1945 1753 1603 1751 1354 1751 1351 1751 1348 1751 1331 1759 1315 1765 1191 1762 1006 1756 1003 1756 543 1776 546 1818"/></Shape>
	    <String CONTENT="&lt;... . ....&gt; Le roi enchauté possédait enfin le minestère"
                    HPOS="543"
                    VPOS="1728"
                    WIDTH="2047"
                    HEIGHT="123"
                    WC="0.964411221052471"></String>
          </TextLine>
          <TextLine ID="eSc_line_2d8924da"
                    TAGREFS="LT31"
                    BASELINE="546 1882 1015 1868" 
                    HPOS="543"
                    VPOS="1826"
                    WIDTH="472"
                    HEIGHT="73">
            <Shape><Polygon POINTS="546 1882 546 1899 1012 1896 1015 1868 1006 1826 543 1846 546 1882"/></Shape>
	    <String CONTENT="&quot;de son coeus&quot;."
                    HPOS="543"
                    VPOS="1826"
                    WIDTH="472"
                    HEIGHT="73"
                    WC="0.9937289635340373"></String>
          </TextLine>
          <TextLine ID="eSc_line_da73fc35"
                    TAGREFS="LT31"
                    BASELINE="558 1941 2646 1913" 
                    HPOS="555"
                    VPOS="1868"
                    WIDTH="2091"
                    HEIGHT="109">
            <Shape><Polygon POINTS="558 1941 558 1966 956 1977 958 1977 961 1977 998 1963 1006 1963 1180 1975 1183 1975 1186 1975 1222 1961 1225 1961 1233 1961 1345 1972 1348 1972 1424 1958 1432 1958 1449 1958 1598 1969 1601 1969 1772 1955 1842 1949 1898 1952 1993 1961 1996 1961 1999 1961 2035 1952 2060 1947 2644 1947 2646 1913 2641 1874 1859 1868 1856 1868 1853 1868 1802 1885 1800 1885 1797 1885 1688 1871 1685 1871 1573 1888 975 1882 972 1882 888 1896 869 1882 866 1882 863 1882 860 1882 858 1882 855 1882 838 1896 709 1885 706 1885 703 1885 658 1899 580 1885 577 1885 574 1885 572 1885 555 1896 558 1941"/></Shape>
	    <String CONTENT="&lt;..... . . .... .... .. ... .... ..&gt;"
                    HPOS="555"
                    VPOS="1868"
                    WIDTH="2091"
                    HEIGHT="109"
                    WC="0.8654299113485548"></String>
          </TextLine>
          <TextLine ID="eSc_line_aa06618c"
                    TAGREFS="LT31"
                    BASELINE="529 2014 2658 1977" 
                    HPOS="527"
                    VPOS="1938"
                    WIDTH="2131"
                    HEIGHT="101">
            <Shape><Polygon POINTS="529 2014 529 2039 2658 2008 2658 1977 2649 1938 527 1972 529 2014"/></Shape>
	    <String CONTENT="&lt;... ....... . .. .   ..  . .&gt;"
                    HPOS="527"
                    VPOS="1938"
                    WIDTH="2131"
                    HEIGHT="101"
                    WC="0.8819039940834046"></String>
          </TextLine>
          <TextLine ID="eSc_line_5e646738"
                    TAGREFS="LT31"
                    BASELINE="535 2090 2641 2045" 
                    HPOS="532"
                    VPOS="2003"
                    WIDTH="2109"
                    HEIGHT="117">
            <Shape><Polygon POINTS="535 2090 535 2106 664 2120 667 2120 1037 2098 1062 2098 1068 2098 1141 2109 1144 2109 1230 2095 1233 2095 1236 2095 1284 2106 1287 2106 1289 2106 2641 2067 2641 2045 2632 2003 532 2042 535 2090"/></Shape>
	    <String CONTENT="&lt;........ .. ... ... .. ... . .....&gt;"
                    HPOS="532"
                    VPOS="2003"
                    WIDTH="2109"
                    HEIGHT="117"
                    WC="0.8412499179442724"></String>
          </TextLine>
          <TextLine ID="eSc_line_a8ba13e5"
                    TAGREFS="LT31"
                    BASELINE="532 2146 2630 2109" 
                    HPOS="529"
                    VPOS="2076"
                    WIDTH="2101"
                    HEIGHT="98">
            <Shape><Polygon POINTS="532 2146 532 2174 2627 2137 2630 2109 2621 2076 529 2109 532 2146"/></Shape>
	    <String CONTENT="&lt;..... ... .......... . ..&gt;"
                    HPOS="529"
                    VPOS="2076"
                    WIDTH="2101"
                    HEIGHT="98"
                    WC="0.908042291800181"></String>
          </TextLine>
          <TextLine ID="eSc_line_6db0fa29"
                    TAGREFS="LT31"
                    BASELINE="527 2221 2652 2174" 
                    HPOS="524"
                    VPOS="2123"
                    WIDTH="2128"
                    HEIGHT="135">
            <Shape><Polygon POINTS="527 2221 527 2258 905 2238 1118 2246 1146 2246 1149 2246 1152 2246 1155 2246 1174 2232 1721 2232 1724 2232 1727 2232 1730 2232 1791 2218 2002 2227 2007 2227 2010 2227 2013 2227 2016 2227 2032 2210 2161 2210 2649 2213 2652 2174 2646 2137 2534 2123 2532 2123 2389 2140 2363 2143 2313 2143 2027 2134 2024 2134 2021 2134 2018 2134 2018 2137 2004 2148 2002 2154 1808 2154 1802 2151 1774 2140 1772 2140 1769 2140 1766 2140 1735 2154 1727 2157 1710 2154 1643 2143 1640 2143 1637 2143 1634 2143 1617 2157 1612 2160 1587 2157 1519 2148 1516 2148 1514 2148 1511 2148 1500 2160 1491 2165 1188 2168 1177 2165 1146 2154 1144 2154 1141 2154 1138 2154 1116 2165 1104 2171 1037 2168 894 2160 891 2160 888 2160 863 2171 849 2179 524 2179 527 2221"/></Shape>
	    <String CONTENT="&lt;........ ... ........... .......  . ... ........&gt;"
                    HPOS="524"
                    VPOS="2123"
                    WIDTH="2128"
                    HEIGHT="135"
                    WC="0.8673691189289093"></String>
          </TextLine>
          <TextLine ID="eSc_line_5c08d6be"
                    TAGREFS="LT31"
                    BASELINE="529 2288 855 2274" 
                    HPOS="524"
                    VPOS="2232"
                    WIDTH="331"
                    HEIGHT="84">
            <Shape><Polygon POINTS="529 2288 529 2305 656 2316 658 2316 855 2294 855 2274 846 2232 524 2244 529 2288"/></Shape>
	    <String CONTENT="d &lt;..iblot"
                    HPOS="524"
                    VPOS="2232"
                    WIDTH="331"
                    HEIGHT="84"
                    WC="0.9835094809532166"></String>
          </TextLine>
          <TextLine ID="eSc_line_1afb7bac"
                    TAGREFS="LT31"
                    BASELINE="546 2347 2627 2291" 
                    HPOS="543"
                    VPOS="2252"
                    WIDTH="2084"
                    HEIGHT="121">
            <Shape><Polygon POINTS="546 2347 546 2373 1169 2373 1169 2370 1172 2370 1174 2370 1194 2356 1270 2367 1273 2367 2103 2344 2417 2322 2518 2333 2520 2333 2627 2314 2627 2291 2618 2252 543 2300 546 2347"/></Shape>
	    <String CONTENT="Pourtant, la tache que s&#x27;essiquait de Deiter était irréalisable. Des le pre¬"
                    HPOS="543"
                    VPOS="2252"
                    WIDTH="2084"
                    HEIGHT="121"
                    WC="0.9883408915055426"></String>
          </TextLine>
          <TextLine ID="eSc_line_86d2da68"
                    TAGREFS="LT31"
                    BASELINE="524 2415 2632 2364" 
                    HPOS="521"
                    VPOS="2319"
                    WIDTH="2111"
                    HEIGHT="132">
            <Shape><Polygon POINTS="524 2415 524 2443 754 2451 757 2451 818 2440 841 2434 849 2437 869 2448 872 2448 874 2448 928 2437 953 2431 1110 2434 1247 2434 1250 2434 1281 2429 1343 2420 1402 2429 1458 2434 1460 2434 1522 2426 1595 2415 1648 2423 1688 2429 1690 2429 1822 2420 2013 2406 2094 2415 2128 2417 2131 2417 2167 2415 2279 2398 2355 2409 2375 2412 2377 2412 2380 2412 2383 2412 2386 2409 2408 2392 2515 2392 2630 2403 2632 2364 2627 2325 2271 2319 2268 2319 2265 2319 2237 2333 2232 2336 2100 2336 1707 2336 1704 2336 1702 2336 1699 2336 1685 2347 1679 2350 1665 2347 1609 2336 1606 2336 1603 2336 1564 2350 1556 2353 1536 2350 1460 2342 1458 2342 1357 2356 1329 2359 1309 2356 1222 2344 1219 2344 1216 2344 1214 2344 1191 2359 1186 2361 1155 2361 1001 2353 998 2353 995 2353 992 2353 975 2364 972 2367 958 2367 866 2353 863 2353 860 2353 827 2370 824 2373 678 2373 650 2359 647 2359 644 2359 642 2359 639 2359 622 2375 619 2378 521 2378 524 2415"/></Shape>
	    <String CONTENT="mier jeur, il fut en butte à l&#x27;hostilité déclarie de la gouche, &lt;........&gt;"
                    HPOS="521"
                    VPOS="2319"
                    WIDTH="2111"
                    HEIGHT="132"
                    WC="0.9684295868873596"></String>
          </TextLine>
          <TextLine ID="eSc_line_14de11e9"
                    TAGREFS="LT31"
                    BASELINE="515 2482 2641 2440" 
                    HPOS="513"
                    VPOS="2398"
                    WIDTH="2128"
                    HEIGHT="109">
            <Shape><Polygon POINTS="515 2482 515 2507 2638 2471 2641 2440 2632 2398 513 2431 515 2482"/></Shape>
	    <String CONTENT="&lt;..&gt; et quoi qu&#x27;il en eût &lt;.... .. ... .&gt; ne pouvant gonr¬"
                    HPOS="513"
                    VPOS="2398"
                    WIDTH="2128"
                    HEIGHT="109"
                    WC="0.9205925947633283"></String>
          </TextLine>
          <TextLine ID="eSc_line_c6210389"
                    TAGREFS="LT31"
                    BASELINE="507 2552 2602 2504" 
                    HPOS="504"
                    VPOS="2454"
                    WIDTH="2098"
                    HEIGHT="126">
            <Shape><Polygon POINTS="507 2552 507 2580 2111 2538 2122 2538 2206 2549 2209 2549 2403 2532 2470 2543 2473 2543 2602 2524 2602 2504 2593 2454 2467 2471 2282 2462 2226 2459 2223 2459 2173 2465 2044 2479 1971 2471 1948 2468 1945 2468 1923 2471 1853 2485 1584 2482 1413 2479 1410 2479 1357 2487 1301 2496 1225 2490 1132 2485 1130 2485 1127 2485 1124 2485 1124 2487 1116 2493 1107 2501 1062 2496 995 2487 992 2487 989 2487 956 2499 936 2504 916 2499 877 2490 874 2490 872 2490 869 2490 866 2490 866 2493 855 2501 849 2510 504 2510 507 2552"/></Shape>
	    <String CONTENT="nes avec elle, il se rit réduit à couverner contre elle. &lt;.... .......&gt;"
                    HPOS="504"
                    VPOS="2454"
                    WIDTH="2098"
                    HEIGHT="126"
                    WC="0.9573628761702113"></String>
          </TextLine>
          <TextLine ID="eSc_line_800ff2b3"
                    TAGREFS="LT31"
                    BASELINE="510 2622 2635 2574" 
                    HPOS="507"
                    VPOS="2524"
                    WIDTH="2128"
                    HEIGHT="123">
            <Shape><Polygon POINTS="510 2622 510 2647 2635 2599 2635 2574 2627 2524 1878 2552 1718 2549 1542 2546 1539 2546 1432 2557 1376 2563 1309 2560 1138 2555 1135 2555 1026 2569 1003 2571 972 2571 793 2563 790 2563 787 2563 754 2577 689 2566 686 2566 684 2566 628 2580 543 2569 541 2569 538 2569 507 2580 510 2622"/></Shape>
	    <String CONTENT="&lt;.......&gt;. Cet innioniste fut, si l&#x27;on peut ainsi dire, cathalique"
                    HPOS="507"
                    VPOS="2524"
                    WIDTH="2128"
                    HEIGHT="123"
                    WC="0.9844163421428564"></String>
          </TextLine>
          <TextLine ID="eSc_line_0a22b2f9"
                    TAGREFS="LT31"
                    BASELINE="507 2695 1570 2664 2644 2653" 
                    HPOS="504"
                    VPOS="2608"
                    WIDTH="2140"
                    HEIGHT="112">
            <Shape><Polygon POINTS="507 2695 507 2720 1239 2695 1741 2700 1755 2700 1758 2700 1760 2700 1797 2683 1912 2698 1917 2698 1920 2698 1929 2698 2122 2678 2638 2683 2644 2653 2638 2608 1847 2608 1845 2608 1668 2625 1637 2627 1601 2627 1359 2616 1357 2616 1354 2616 1303 2633 1298 2633 1287 2633 1174 2622 1172 2622 1040 2639 1026 2639 1017 2639 953 2625 950 2625 947 2625 944 2625 919 2641 916 2641 883 2641 653 2630 650 2630 504 2647 507 2695"/></Shape>
	    <String CONTENT="malgré lui. &lt;.. ..&gt; Et il faut reconnaître que les tendances nouvelle"
                    HPOS="504"
                    VPOS="2608"
                    WIDTH="2140"
                    HEIGHT="112"
                    WC="0.9788073914638464"></String>
          </TextLine>
          <TextLine ID="eSc_line_d1f5425e"
                    TAGREFS="LT31"
                    BASELINE="524 2759 2590 2720" 
                    HPOS="521"
                    VPOS="2675"
                    WIDTH="2069"
                    HEIGHT="121">
            <Shape><Polygon POINTS="524 2759 524 2796 2588 2745 2590 2720 2582 2675 521 2717 524 2759"/></Shape>
	    <String CONTENT="qui de jeur en jour, se manifestaient plus nettement au sène du parts"
                    HPOS="521"
                    VPOS="2675"
                    WIDTH="2069"
                    HEIGHT="121"
                    WC="0.9926437277724778"></String>
          </TextLine>
          <TextLine ID="eSc_line_1a2b3bcd"
                    TAGREFS="LT31"
                    BASELINE="513 2832 2574 2787" 
                    HPOS="510"
                    VPOS="2745"
                    WIDTH="2064"
                    HEIGHT="123">
            <Shape><Polygon POINTS="513 2832 513 2849 552 2868 555 2868 558 2868 754 2866 757 2866 807 2846 1130 2857 1132 2857 1216 2840 1365 2849 1368 2849 1371 2849 1410 2835 1416 2832 1463 2832 1662 2840 1665 2840 1668 2840 1693 2829 1699 2826 1707 2829 1752 2843 1755 2843 1758 2843 1760 2843 1800 2826 1811 2824 1833 2826 1923 2840 1926 2840 1929 2840 1931 2840 1951 2824 1957 2821 2007 2824 2181 2835 2184 2835 2571 2812 2574 2787 2568 2751 2184 2745 2181 2745 1965 2762 1923 2765 1901 2765 1797 2754 1794 2754 1791 2754 1788 2754 1772 2768 1769 2768 1749 2768 1615 2759 1612 2759 1539 2770 1525 2773 1508 2773 1410 2762 1407 2762 1289 2776 1267 2779 1239 2779 1096 2770 1093 2770 510 2793 513 2832"/></Shape>
	    <String CONTENT="cattolique devaient inévitablement susciter plus ardente que jamais"
                    HPOS="510"
                    VPOS="2745"
                    WIDTH="2064"
                    HEIGHT="123"
                    WC="0.9960384386688915"></String>
          </TextLine>
          <TextLine ID="eSc_line_516f07e4"
                    TAGREFS="LT31"
                    BASELINE="493 2899 1107 2882" 
                    HPOS="490"
                    VPOS="2832"
                    WIDTH="617"
                    HEIGHT="87">
            <Shape><Polygon POINTS="493 2899 493 2919 1104 2916 1107 2882 1099 2832 490 2857 493 2899"/></Shape>
	    <String CONTENT="l&#x27;opposition libérale."
                    HPOS="490"
                    VPOS="2832"
                    WIDTH="617"
                    HEIGHT="87"
                    WC="0.9982183385979045"></String>
          </TextLine>
          <TextLine ID="eSc_line_4277ca96"
                    TAGREFS="LT31"
                    BASELINE="499 2972 2624 2955" 
                    HPOS="496"
                    VPOS="2894"
                    WIDTH="2128"
                    HEIGHT="117">
            <Shape><Polygon POINTS="499 2972 499 2989 807 3011 810 3011 813 3011 886 2989 894 2989 1155 2989 1158 2989 1180 3008 1183 3008 1186 3008 1188 3008 1393 3006 1396 3006 1458 2989 1469 2986 1480 2989 1530 3006 1533 3006 1536 3006 1713 2989 1777 2983 1805 2989 1875 3003 1878 3003 1881 3003 1937 2989 1948 2986 1957 2989 1988 3000 1990 3000 1993 3000 2150 2989 2220 2983 2229 2989 2243 3000 2246 3000 2248 3000 2251 3000 2624 2986 2624 2955 2616 2899 2288 2913 2223 2899 2192 2894 2189 2894 2187 2894 2170 2899 2122 2919 1976 2919 1853 2902 1811 2896 1808 2896 1758 2902 1601 2919 1298 2902 1205 2899 1202 2899 1200 2899 1188 2905 1132 2924 928 2908 925 2908 922 2908 846 2930 751 2930 712 2905 709 2905 706 2905 703 2905 686 2905 580 2919 496 2908 499 2972"/></Shape>
	    <String CONTENT="Le Belgique, cirivait Guigot an 1853, est le seul pays cathalique jusqu&#x27;in"
                    HPOS="496"
                    VPOS="2894"
                    WIDTH="2128"
                    HEIGHT="117"
                    WC="0.980945153010858"></String>
          </TextLine>
          <TextLine ID="eSc_line_0463b03c"
                    TAGREFS="LT31"
                    BASELINE="499 3042 2565 3020" 
                    HPOS="496"
                    VPOS="2986"
                    WIDTH="2069"
                    HEIGHT="95">
            <Shape><Polygon POINTS="499 3042 499 3081 577 3065 667 3079 670 3079 672 3079 729 3065 745 3079 748 3079 751 3079 754 3079 757 3079 759 3079 821 3062 961 3076 981 3076 984 3076 998 3076 1085 3059 1188 3070 1211 3073 1214 3073 1216 3073 1228 3070 1289 3056 1351 3067 1365 3070 1368 3070 1393 3067 1488 3056 1671 3065 1777 3067 1780 3067 1783 3067 1797 3062 1822 3051 2562 3051 2565 3020 2557 2986 496 2997 499 3042"/></Shape>
	    <String CONTENT="qui eit eu accepter et pratiquer les principes de la société moderne"
                    HPOS="496"
                    VPOS="2986"
                    WIDTH="2069"
                    HEIGHT="95"
                    WC="0.9962621874669019"></String>
          </TextLine>
          <TextLine ID="eSc_line_dc373e63"
                    TAGREFS="LT31"
                    BASELINE="501 3112 2593 3087" 
                    HPOS="499"
                    VPOS="3051"
                    WIDTH="2094"
                    HEIGHT="92">
            <Shape><Polygon POINTS="501 3112 501 3143 2593 3118 2593 3087 2585 3051 499 3062 501 3112"/></Shape>
	    <String CONTENT="sans cesser d&#x27;être chrétien et cattolique. &lt;.... .. . ..&gt;"
                    HPOS="499"
                    VPOS="3051"
                    WIDTH="2094"
                    HEIGHT="92"
                    WC="0.9367776398073163"></String>
          </TextLine>
          <TextLine ID="eSc_line_765e7896"
                    TAGREFS="LT31"
                    BASELINE="513 3177 2613 3143" 
                    HPOS="510"
                    VPOS="3095"
                    WIDTH="2103"
                    HEIGHT="115">
            <Shape><Polygon POINTS="513 3177 513 3210 2613 3165 2613 3143 2607 3107 2310 3095 2307 3095 2246 3109 2223 3112 2195 3109 2111 3098 2108 3098 2027 3109 1996 3115 1979 3112 1948 3101 1945 3101 1943 3101 1940 3101 1906 3112 1884 3118 1626 3115 1435 3112 1432 3112 1430 3112 1416 3115 1382 3126 1295 3118 1236 3112 1233 3112 1200 3118 1149 3129 989 3121 925 3118 922 3118 919 3118 911 3121 888 3132 855 3121 849 3121 846 3121 844 3121 841 3121 838 3121 818 3137 642 3137 510 3126 513 3177"/></Shape>
	    <String CONTENT="&lt;........ .. .... .. . .. .&gt; Au moment oiù il les écrivait cepen¬"
                    HPOS="510"
                    VPOS="3095"
                    WIDTH="2103"
                    HEIGHT="115"
                    WC="0.9129693315579341"></String>
          </TextLine>
          <TextLine ID="eSc_line_de9febb3"
                    TAGREFS="LT31"
                    BASELINE="518 3230 2554 3207" 
                    HPOS="515"
                    VPOS="3171"
                    WIDTH="2039"
                    HEIGHT="95">
            <Shape><Polygon POINTS="518 3230 518 3266 611 3252 751 3263 768 3263 771 3263 779 3263 838 3249 1295 3252 1530 3255 1533 3255 1587 3249 1643 3241 1688 3247 1730 3252 1732 3252 2551 3230 2554 3207 2546 3171 515 3191 518 3230"/></Shape>
	    <String CONTENT="dant ces paroles sans cesser d&#x27;être vraies ne l&#x27;étaient plus entièrement."
                    HPOS="515"
                    VPOS="3171"
                    WIDTH="2039"
                    HEIGHT="95"
                    WC="0.9982605650000376"></String>
          </TextLine>
          <TextLine ID="eSc_line_65a3de45"
                    TAGREFS="LT31"
                    BASELINE="513 3297 2621 3283" 
                    HPOS="510"
                    VPOS="3230"
                    WIDTH="2111"
                    HEIGHT="109">
            <Shape><Polygon POINTS="513 3297 513 3339 639 3319 740 3319 765 3336 768 3336 771 3336 773 3336 776 3336 827 3322 922 3331 925 3331 928 3331 930 3331 944 3317 967 3333 970 3333 972 3333 975 3333 1057 3317 1214 3333 1216 3333 1219 3333 1222 3333 1244 3314 1362 3314 1516 3331 1519 3333 1668 3333 1668 3331 1671 3331 1674 3331 1699 3314 1817 3328 1819 3328 1822 3328 1825 3328 1847 3311 1976 3328 1979 3328 1982 3328 2041 3311 2616 3325 2621 3283 2616 3247 2442 3230 2439 3230 2436 3230 2433 3230 2408 3244 2088 3233 2086 3233 1996 3247 1920 3233 1917 3233 1915 3233 1873 3247 1710 3235 1707 3235 1545 3249 1435 3235 1432 3235 1354 3252 1348 3252 1326 3238 1323 3238 1320 3238 944 3238 942 3238 939 3238 936 3238 916 3255 914 3258 510 3258 513 3297"/></Shape>
	    <String CONTENT="&lt;... .. .... .. ........ .... ....... ......&gt;"
                    HPOS="510"
                    VPOS="3230"
                    WIDTH="2111"
                    HEIGHT="109"
                    WC="0.824379997783237"></String>
          </TextLine>
        </TextBlock>
        <TextBlock HPOS="34"
                   VPOS="2817"
                   WIDTH="366"
                   HEIGHT="386"
                   ID="eSc_textblock_86c3b1d1"
                   TAGREFS="BT43">
          <Shape><Polygon POINTS="34 2817 34 3203 400 3203 400 2817"/></Shape>
          <TextLine ID="eSc_line_4d8c729a"
                    TAGREFS="LT31"
                    BASELINE="85 3056 353 3036" 
                    HPOS="106"
                    VPOS="2992"
                    WIDTH="247"
                    HEIGHT="103">
            <Shape><Polygon POINTS="159 3039 131 3045 128 3003 128 3006 106 2992 106 3053 106 3095 353 3067 353 3045 344 2992 187 3000 187 3003"/></Shape>
	    <String CONTENT="les p. 180"
                    HPOS="106"
                    VPOS="2992"
                    WIDTH="247"
                    HEIGHT="103"
                    WC="0.9966661155223846"></String>
          </TextLine>
        </TextBlock>
      </PrintSpace>
    </Page>
  </Layout>
</alto>
