<?xml version="1.0" encoding="UTF-8"?>
<alto xmlns:xsi="http://www.w3.org/2001/XMLSchema-instance"
      xmlns="http://www.loc.gov/standards/alto/ns-v4#"
      xsi:schemaLocation="http://www.loc.gov/standards/alto/ns-v4# http://www.loc.gov/standards/alto/v4/alto-4-2.xsd">
  <Description>
    <MeasurementUnit>pixel</MeasurementUnit>
    <sourceImageInformation>
      <fileName>ARCH-DIV-000496_0260.png</fileName>
    </sourceImageInformation>
  </Description>
  <Tags>
    <OtherTag ID="BT42" LABEL="MainZone" DESCRIPTION="block type MainZone"/><OtherTag ID="BT43" LABEL="MarginTextZone" DESCRIPTION="block type MarginTextZone"/><OtherTag ID="BT44" LABEL="NumberingZone" DESCRIPTION="block type NumberingZone"/><OtherTag ID="BT45" LABEL="TitlePageZone" DESCRIPTION="block type TitlePageZone"/><OtherTag ID="BT46" LABEL="CustomZone:Numbering" DESCRIPTION="block type CustomZone:Numbering"/><OtherTag ID="BT49" LABEL="MarginTextZone:lower" DESCRIPTION="block type MarginTextZone:lower"/>
    <OtherTag ID="LT25" LABEL="default" DESCRIPTION="line type default"/><OtherTag ID="LT31" LABEL="DefaultLine" DESCRIPTION="line type DefaultLine"/><OtherTag ID="LT32" LABEL="HeadingLine" DESCRIPTION="line type HeadingLine"/><OtherTag ID="LT33" LABEL="InterlinearLine:addition" DESCRIPTION="line type InterlinearLine:addition"/><OtherTag ID="LT34" LABEL="InterlinearLine:correction" DESCRIPTION="line type InterlinearLine:correction"/>
  </Tags>
  <Layout>
    <Page WIDTH="2790"
          HEIGHT="3337"
          PHYSICAL_IMG_NR="259"
          ID="eSc_dummypage_">
      <PrintSpace HPOS="0"
                  VPOS="0"
                  WIDTH="2790"
                  HEIGHT="3337">
        <TextBlock HPOS="162"
                   VPOS="50"
                   WIDTH="281"
                   HEIGHT="176"
                   ID="eSc_textblock_2d679a43"
                   TAGREFS="BT44">
          <Shape><Polygon POINTS="443 226 443 50 162 50 162 226"/></Shape>
          <TextLine ID="eSc_line_22edaa2c"
                    TAGREFS="LT31"
                    BASELINE="233 119 414 105" 
                    HPOS="233"
                    VPOS="63"
                    WIDTH="170"
                    HEIGHT="98">
            <Shape><Polygon POINTS="367 75 339 72 311 69 283 69 280 66 250 72 233 100 233 119 236 161 403 161 403 105 394 63 397 83"/></Shape>
	    <String CONTENT=""
                    HPOS="233"
                    VPOS="63"
                    WIDTH="170"
                    HEIGHT="98"></String>
          </TextLine>
        </TextBlock>
        <TextBlock HPOS="549"
                   VPOS="0"
                   WIDTH="2233"
                   HEIGHT="3337"
                   ID="eSc_textblock_ee4ebc42"
                   TAGREFS="BT42">
          <Shape><Polygon POINTS="584 0 568 1506 549 3337 2782 3337 2782 0"/></Shape>
          <TextLine ID="eSc_line_3c07444a"
                    TAGREFS="LT31"
                    BASELINE="628 83 1293 75 2681 86" 
                    HPOS="625"
                    VPOS="44"
                    WIDTH="2056"
                    HEIGHT="75">
            <Shape><Polygon POINTS="2628 52 2600 52 2573 52 2545 52 2517 52 2489 52 2461 52 2433 52 2406 52 2378 52 2350 52 2322 52 2294 52 2267 52 2239 52 2211 52 2183 50 2155 50 2127 50 2100 50 2072 50 2044 50 2016 50 1988 50 1961 50 1933 50 1905 50 1877 50 1849 50 1821 50 1794 50 1766 50 1738 50 1710 50 1682 50 1655 47 1627 47 1599 47 1571 47 1543 47 1516 47 1488 47 1460 47 1432 47 1404 47 1376 47 1349 47 1321 47 1293 47 1265 47 1237 47 1210 47 1182 47 1154 44 1126 44 1098 44 1070 44 1043 44 1015 44 987 44 959 44 931 44 904 44 876 44 848 44 820 44 792 44 764 44 737 44 709 44 681 44 653 44 628 52 628 83 625 94 773 114 776 114 956 100 1426 114 1429 114 1432 114 1471 102 1552 116 1554 116 1961 105 2013 119 2016 119 2019 119 2678 105 2681 86 2678 52 2656 52"/></Shape>
	    <String CONTENT=""
                    HPOS="625"
                    VPOS="44"
                    WIDTH="2056"
                    HEIGHT="75"></String>
          </TextLine>
          <TextLine ID="eSc_line_b9895292"
                    TAGREFS="LT31"
                    BASELINE="614 152 1902 147 2684 161" 
                    HPOS="614"
                    VPOS="94"
                    WIDTH="2070"
                    HEIGHT="95">
            <Shape><Polygon POINTS="614 152 614 177 976 169 1062 180 1104 186 1107 186 1132 180 1176 172 1279 180 1357 189 1360 189 1363 189 1365 189 1374 183 1390 172 1518 183 1599 189 1602 189 1643 183 1713 172 1763 183 1785 189 1788 189 1791 189 1888 183 2111 172 2236 186 2272 189 2275 189 2681 186 2684 161 2681 116 2219 116 2211 111 2180 97 2178 97 2175 97 1983 108 1947 111 1919 108 1813 97 1810 97 1735 108 1685 114 1618 105 1552 100 1549 100 1546 100 1543 100 1538 105 1527 114 1513 105 1496 97 1493 97 1490 97 1438 105 1385 114 1354 105 1332 97 1329 97 1243 97 1240 97 1237 97 1235 97 1226 102 1212 114 1137 102 1112 100 1109 100 1093 102 1045 114 1006 102 981 94 979 94 901 94 898 94 895 94 892 94 887 100 870 111 614 100 614 152"/></Shape>
	    <String CONTENT=""
                    HPOS="614"
                    VPOS="94"
                    WIDTH="2070"
                    HEIGHT="95"></String>
          </TextLine>
          <TextLine ID="eSc_line_d8cb9ea0"
                    TAGREFS="LT31"
                    BASELINE="617 214 2675 222" 
                    HPOS="614"
                    VPOS="169"
                    WIDTH="2061"
                    HEIGHT="89">
            <Shape><Polygon POINTS="617 214 614 233 895 253 898 253 1212 241 1301 239 1404 244 1646 255 1649 258 1821 258 1821 255 1824 255 1827 255 1838 247 1849 241 1958 241 1974 250 1988 258 1991 258 1994 258 1997 258 2055 250 2100 244 2670 255 2675 222 2673 175 617 169 617 214"/></Shape>
	    <String CONTENT=""
                    HPOS="614"
                    VPOS="169"
                    WIDTH="2061"
                    HEIGHT="89"></String>
          </TextLine>
          <TextLine ID="eSc_line_66abdaea"
                    TAGREFS="LT31"
                    BASELINE="614 286 1262 278" 
                    HPOS="611"
                    VPOS="222"
                    WIDTH="651"
                    HEIGHT="95">
            <Shape><Polygon POINTS="614 286 614 317 1262 305 1262 278 1254 230 1118 239 1101 233 1068 222 1065 222 1062 222 1059 222 1057 222 1040 236 1031 241 1001 236 937 228 934 228 862 241 859 241 837 222 834 222 831 222 828 222 826 222 773 236 656 225 653 225 650 225 611 244 614 286"/></Shape>
	    <String CONTENT=""
                    HPOS="611"
                    VPOS="222"
                    WIDTH="651"
                    HEIGHT="95"></String>
          </TextLine>
          <TextLine ID="eSc_line_c5d87f0e"
                    TAGREFS="LT31"
                    BASELINE="642 347 2739 330" 
                    HPOS="639"
                    VPOS="278"
                    WIDTH="2100"
                    HEIGHT="102">
            <Shape><Polygon POINTS="642 347 642 367 945 380 948 380 1015 367 1360 378 1363 378 1493 364 1671 378 1674 378 2122 358 2372 372 2375 372 2542 358 2698 369 2700 369 2703 369 2739 350 2739 330 2731 280 2230 291 2186 286 2119 278 2116 278 1958 289 1888 294 1835 291 1691 280 1688 280 1613 294 1593 297 1577 294 1518 283 1516 283 1376 297 1374 297 1371 297 1354 283 1351 283 1349 283 1346 283 1343 283 1307 297 990 286 987 286 984 286 937 303 937 305 898 305 720 305 689 289 687 289 684 289 681 289 639 305 642 347"/></Shape>
	    <String CONTENT=""
                    HPOS="639"
                    VPOS="278"
                    WIDTH="2100"
                    HEIGHT="102"></String>
          </TextLine>
          <TextLine ID="eSc_line_3e4ad830"
                    TAGREFS="LT31"
                    BASELINE="603 419 1613 408 2264 408 2450 419 2720 406" 
                    HPOS="600"
                    VPOS="355"
                    WIDTH="2120"
                    HEIGHT="98">
            <Shape><Polygon POINTS="603 419 603 453 951 436 1001 453 1006 453 1009 453 1012 453 1165 450 1243 447 1246 447 1276 433 1446 433 1490 447 1496 450 1499 450 1502 450 1521 447 1638 431 1769 447 1785 447 1788 447 1802 447 1913 431 1969 444 1972 444 1974 444 1983 444 2244 428 2322 442 2325 442 2720 439 2720 406 2712 355 600 378 603 419"/></Shape>
	    <String CONTENT=""
                    HPOS="600"
                    VPOS="355"
                    WIDTH="2120"
                    HEIGHT="98"></String>
          </TextLine>
          <TextLine ID="eSc_line_38949f56"
                    TAGREFS="LT31"
                    BASELINE="611 481 2089 475 2695 486" 
                    HPOS="609"
                    VPOS="439"
                    WIDTH="2086"
                    HEIGHT="69">
            <Shape><Polygon POINTS="611 481 611 508 2692 508 2695 486 2692 442 609 439 611 481"/></Shape>
	    <String CONTENT=""
                    HPOS="609"
                    VPOS="439"
                    WIDTH="2086"
                    HEIGHT="69"></String>
          </TextLine>
          <TextLine ID="eSc_line_da1c22e1"
                    TAGREFS="LT31"
                    BASELINE="609 550 2712 542" 
                    HPOS="606"
                    VPOS="500"
                    WIDTH="2106"
                    HEIGHT="86">
            <Shape><Polygon POINTS="609 550 609 581 940 570 965 578 984 586 987 586 990 586 1037 578 1073 572 1104 578 1143 586 1146 586 1148 586 1151 586 1162 578 1179 570 1287 570 1326 575 1365 583 1368 583 1477 575 1588 567 1710 572 1888 583 1891 583 1966 572 2013 564 2041 570 2077 581 2080 581 2083 581 2136 570 2169 564 2292 570 2570 581 2573 581 2709 564 2712 542 2706 506 606 500 609 550"/></Shape>
	    <String CONTENT=""
                    HPOS="606"
                    VPOS="500"
                    WIDTH="2106"
                    HEIGHT="86"></String>
          </TextLine>
          <TextLine ID="eSc_line_211d060e"
                    TAGREFS="LT31"
                    BASELINE="611 620 2272 614 2731 625" 
                    HPOS="609"
                    VPOS="567"
                    WIDTH="2122"
                    HEIGHT="89">
            <Shape><Polygon POINTS="611 620 614 656 656 639 778 639 795 653 798 653 801 653 803 653 806 653 851 639 898 653 901 653 904 653 1004 639 1090 653 1093 653 1162 639 1371 653 1374 653 1443 639 1554 653 1557 653 1560 653 1599 639 1732 653 1738 653 1741 653 1746 653 1938 639 2726 650 2731 625 2728 578 723 567 720 567 609 581 611 620"/></Shape>
	    <String CONTENT=""
                    HPOS="609"
                    VPOS="567"
                    WIDTH="2122"
                    HEIGHT="89"></String>
          </TextLine>
          <TextLine ID="eSc_line_d2d34dac"
                    TAGREFS="LT31"
                    BASELINE="600 689 2742 689" 
                    HPOS="600"
                    VPOS="636"
                    WIDTH="2142"
                    HEIGHT="87">
            <Shape><Polygon POINTS="600 689 600 723 2739 723 2742 689 2739 653 2559 636 2556 636 2470 650 1813 636 1810 636 1705 650 1685 636 1682 636 1680 636 1488 636 1485 636 1482 636 1454 650 1418 636 1415 636 1413 636 1321 650 1240 636 1237 636 1235 636 1210 650 1187 636 1184 636 1182 636 1179 636 1176 636 1146 653 695 653 656 636 653 636 650 636 648 636 600 650 600 689"/></Shape>
	    <String CONTENT=""
                    HPOS="600"
                    VPOS="636"
                    WIDTH="2142"
                    HEIGHT="87"></String>
          </TextLine>
          <TextLine ID="eSc_line_e7a38e8c"
                    TAGREFS="LT31"
                    BASELINE="603 764 1082 750 2734 753" 
                    HPOS="600"
                    VPOS="695"
                    WIDTH="2134"
                    HEIGHT="94">
            <Shape><Polygon POINTS="603 764 603 789 1087 773 1109 786 1112 786 1115 786 1118 786 1121 786 1165 773 1240 786 1243 786 1246 786 1248 786 1307 773 1390 786 1399 786 1401 789 1401 786 1410 786 1493 773 1549 786 1554 786 1557 786 1560 789 1705 789 1705 786 1707 786 1710 786 1710 784 1730 773 1977 773 2013 784 2025 786 2027 786 2030 786 2731 778 2734 753 2731 714 2364 695 2361 695 2175 711 2063 695 2061 695 2058 695 2055 695 2033 709 1980 695 1977 695 1974 695 1972 695 1913 711 1891 695 1888 695 1885 695 1657 695 1655 695 1652 695 1649 695 1630 711 1552 697 1549 697 1546 697 1488 711 1382 695 1379 695 1376 695 1321 711 1293 695 1290 695 1287 695 1285 695 1282 695 1243 709 1082 695 1079 695 1076 695 1034 711 990 695 987 695 984 695 981 695 979 695 954 711 773 700 770 700 600 714 603 764"/></Shape>
	    <String CONTENT=""
                    HPOS="600"
                    VPOS="695"
                    WIDTH="2134"
                    HEIGHT="94"></String>
          </TextLine>
          <TextLine ID="eSc_line_52bd1348"
                    TAGREFS="LT31"
                    BASELINE="614 828 1771 814 2717 825" 
                    HPOS="611"
                    VPOS="767"
                    WIDTH="2106"
                    HEIGHT="89">
            <Shape><Polygon POINTS="614 828 614 856 798 842 1696 853 1702 853 1705 853 1707 853 1755 839 2712 850 2717 825 2714 781 1752 767 1749 767 1668 781 801 770 798 770 611 784 614 828"/></Shape>
	    <String CONTENT=""
                    HPOS="611"
                    VPOS="767"
                    WIDTH="2106"
                    HEIGHT="89"></String>
          </TextLine>
          <TextLine ID="eSc_line_626f87eb"
                    TAGREFS="LT31"
                    BASELINE="598 903 867 892 2706 887" 
                    HPOS="595"
                    VPOS="831"
                    WIDTH="2111"
                    HEIGHT="103">
            <Shape><Polygon POINTS="598 903 600 934 659 917 1018 917 1076 931 1079 931 1082 931 1168 917 1527 928 1529 928 1532 928 1574 914 1613 928 1616 928 1618 928 1949 914 1980 928 1983 928 1986 928 1988 928 1991 928 1994 928 2050 912 2700 923 2706 887 2698 834 2311 848 2289 837 2280 831 2278 831 2275 831 2075 831 2072 831 2069 831 2050 839 2027 850 1838 842 1713 837 1710 837 1707 837 1705 837 1696 842 1685 853 1360 853 1351 848 1335 837 1332 837 1329 837 1326 837 1324 837 1321 837 1321 839 1310 848 1304 853 1193 848 920 837 917 837 915 837 912 837 895 853 892 856 773 856 773 853 737 837 734 837 731 837 728 837 689 853 645 837 642 837 639 837 636 837 595 850 598 903"/></Shape>
	    <String CONTENT=""
                    HPOS="595"
                    VPOS="831"
                    WIDTH="2111"
                    HEIGHT="103"></String>
          </TextLine>
          <TextLine ID="eSc_line_498fc504"
                    TAGREFS="LT31"
                    BASELINE="598 967 2692 948" 
                    HPOS="595"
                    VPOS="906"
                    WIDTH="2097"
                    HEIGHT="106">
            <Shape><Polygon POINTS="598 967 600 1012 642 992 1068 1003 1179 1006 1182 1006 1184 1006 1187 1006 1190 1003 1212 987 1385 998 1463 1003 1465 1003 1504 998 1549 989 1691 995 1830 998 1833 998 1835 998 1838 998 1849 992 1860 984 1885 989 1913 998 1916 998 1919 998 1922 998 1952 989 1980 981 1988 989 1994 995 1997 995 2000 995 2002 995 2114 987 2222 978 2236 984 2258 995 2261 995 2264 995 2267 995 2269 995 2283 984 2289 978 2311 984 2353 992 2356 992 2358 992 2378 981 2386 978 2414 981 2495 992 2497 992 2500 992 2528 978 2539 976 2687 976 2692 948 2687 909 1543 906 1541 906 901 926 890 926 887 926 712 914 709 914 595 928 598 967"/></Shape>
	    <String CONTENT=""
                    HPOS="595"
                    VPOS="906"
                    WIDTH="2097"
                    HEIGHT="106"></String>
          </TextLine>
          <TextLine ID="eSc_line_12dab204"
                    TAGREFS="LT31"
                    BASELINE="595 1040 2745 1031" 
                    HPOS="592"
                    VPOS="978"
                    WIDTH="2153"
                    HEIGHT="106">
            <Shape><Polygon POINTS="595 1040 595 1084 728 1078 731 1078 734 1078 759 1059 1521 1070 2022 1078 2025 1078 2027 1078 2089 1062 2091 1062 2114 1076 2116 1076 2119 1076 2122 1076 2191 1062 2205 1059 2216 1059 2300 1076 2303 1076 2305 1076 2344 1059 2358 1053 2745 1053 2745 1031 2739 992 2130 978 2127 978 2125 978 2122 978 2105 992 2102 992 2086 992 1958 981 1955 981 1952 981 1949 981 1938 992 1933 998 1657 998 1646 992 1616 981 1613 981 1610 981 1524 992 1496 995 1460 992 1335 981 1332 981 1207 992 1146 1001 1020 1001 1009 992 998 984 995 984 993 984 990 984 592 992 595 1040"/></Shape>
	    <String CONTENT=""
                    HPOS="592"
                    VPOS="978"
                    WIDTH="2153"
                    HEIGHT="106"></String>
          </TextLine>
          <TextLine ID="eSc_line_ba25bfd0"
                    TAGREFS="LT31"
                    BASELINE="600 1112 2723 1103" 
                    HPOS="598"
                    VPOS="1059"
                    WIDTH="2125"
                    HEIGHT="97">
            <Shape><Polygon POINTS="600 1112 603 1156 653 1137 1157 1151 1301 1154 1304 1154 1307 1154 1321 1148 1357 1137 1429 1148 1457 1151 1460 1151 1463 1151 1465 1151 1468 1148 1490 1134 1655 1145 1755 1151 1758 1151 2720 1131 2723 1103 2714 1059 598 1070 600 1112"/></Shape>
	    <String CONTENT=""
                    HPOS="598"
                    VPOS="1059"
                    WIDTH="2125"
                    HEIGHT="97"></String>
          </TextLine>
          <TextLine ID="eSc_line_c9adc8d9"
                    TAGREFS="LT31"
                    BASELINE="600 1195 2706 1195" 
                    HPOS="600"
                    VPOS="1148"
                    WIDTH="2106"
                    HEIGHT="83">
            <Shape><Polygon POINTS="600 1195 600 1231 2706 1229 2706 1195 2706 1156 600 1148 600 1195"/></Shape>
	    <String CONTENT=""
                    HPOS="600"
                    VPOS="1148"
                    WIDTH="2106"
                    HEIGHT="83"></String>
          </TextLine>
          <TextLine ID="eSc_line_6c804f11"
                    TAGREFS="LT31"
                    BASELINE="598 1276 2692 1276" 
                    HPOS="598"
                    VPOS="1223"
                    WIDTH="2094"
                    HEIGHT="100">
            <Shape><Polygon POINTS="598 1276 598 1304 709 1304 748 1323 751 1323 753 1323 756 1323 798 1304 848 1318 851 1318 853 1318 979 1304 984 1304 1026 1323 1029 1323 1031 1323 1157 1304 1165 1304 1354 1304 1357 1304 1396 1323 1399 1323 1401 1323 2692 1306 2692 1276 2692 1240 2564 1223 2561 1223 2559 1223 2520 1237 2517 1237 2509 1237 2395 1223 2392 1223 2105 1234 2000 1237 1972 1231 1919 1223 1916 1223 1913 1223 1880 1231 1860 1237 1788 1231 1688 1223 1685 1223 1682 1223 1666 1231 1652 1240 1415 1240 1399 1229 1390 1223 1388 1223 1385 1223 1382 1223 1337 1229 1254 1237 1159 1226 1123 1223 1121 1223 1118 1223 1107 1226 1068 1237 1034 1226 1026 1223 1023 1223 1020 1223 1001 1226 929 1237 890 1223 884 1223 881 1223 879 1223 865 1223 770 1237 728 1223 726 1223 723 1223 720 1223 681 1237 598 1223 598 1276"/></Shape>
	    <String CONTENT=""
                    HPOS="598"
                    VPOS="1223"
                    WIDTH="2094"
                    HEIGHT="100"></String>
          </TextLine>
          <TextLine ID="eSc_line_5f391149"
                    TAGREFS="LT31"
                    BASELINE="595 1354 2706 1368" 
                    HPOS="592"
                    VPOS="1309"
                    WIDTH="2114"
                    HEIGHT="95">
            <Shape><Polygon POINTS="595 1354 592 1373 748 1376 778 1395 781 1395 784 1395 787 1395 789 1395 845 1379 1440 1401 1443 1401 1541 1384 1549 1384 1557 1384 1652 1401 1655 1401 1771 1387 1799 1384 1824 1387 1922 1404 1924 1404 2703 1395 2706 1368 2703 1332 595 1309 595 1354"/></Shape>
	    <String CONTENT=""
                    HPOS="592"
                    VPOS="1309"
                    WIDTH="2114"
                    HEIGHT="95"></String>
          </TextLine>
          <TextLine ID="eSc_line_e9764fd4"
                    TAGREFS="LT31"
                    BASELINE="600 1440 2695 1432" 
                    HPOS="598"
                    VPOS="1379"
                    WIDTH="2097"
                    HEIGHT="103">
            <Shape><Polygon POINTS="600 1440 603 1482 659 1459 1891 1476 1894 1476 2030 1454 2089 1473 2091 1473 2094 1473 2097 1473 2158 1457 2333 1471 2336 1471 2534 1454 2689 1473 2695 1432 2689 1398 2525 1379 2522 1379 2433 1395 2431 1398 2114 1398 2111 1395 2097 1382 2094 1382 2091 1382 2089 1382 1997 1395 1972 1398 1947 1395 1866 1382 1863 1382 1860 1382 1819 1395 1805 1398 1732 1395 1532 1382 1529 1382 1527 1382 1524 1382 1510 1393 1502 1398 1449 1393 1324 1382 1321 1382 1251 1393 1198 1401 1115 1393 1031 1384 809 1384 806 1384 803 1384 801 1384 789 1393 776 1401 753 1393 734 1384 731 1384 728 1384 598 1390 600 1440"/></Shape>
	    <String CONTENT=""
                    HPOS="598"
                    VPOS="1379"
                    WIDTH="2097"
                    HEIGHT="103"></String>
          </TextLine>
          <TextLine ID="eSc_line_2a6f1dc9"
                    TAGREFS="LT34"
                    BASELINE="2122 1480 2196 1488" 
                    HPOS="2122"
                    VPOS="1480"
                    WIDTH="74"
                    HEIGHT="8">
	    <String CONTENT=""
                    HPOS="2122"
                    VPOS="1480"
                    WIDTH="74"
                    HEIGHT="8"></String>
          </TextLine>
          <TextLine ID="eSc_line_35284308"
                    TAGREFS="LT34"
                    BASELINE="2668 1461 2721 1471" 
                    HPOS="2668"
                    VPOS="1461"
                    WIDTH="53"
                    HEIGHT="10">
	    <String CONTENT=""
                    HPOS="2668"
                    VPOS="1461"
                    WIDTH="53"
                    HEIGHT="10"></String>
          </TextLine>
          <TextLine ID="eSc_line_94730538"
                    TAGREFS="LT31"
                    BASELINE="603 1512 2731 1521" 
                    HPOS="600"
                    VPOS="1454"
                    WIDTH="2131"
                    HEIGHT="103">
            <Shape><Polygon POINTS="603 1512 600 1529 759 1551 762 1551 764 1551 812 1535 1045 1535 1070 1551 1073 1551 1076 1551 1079 1551 1184 1535 1312 1554 1315 1554 2036 1540 2247 1557 2250 1557 2447 1540 2559 1557 2561 1557 2564 1557 2598 1540 2678 1554 2681 1554 2684 1554 2728 1537 2731 1521 2728 1476 2684 1479 2675 1473 2656 1459 2653 1459 2650 1459 2648 1459 2575 1473 2545 1482 2383 1482 2356 1471 2311 1459 2308 1459 2305 1459 2303 1459 2264 1471 2236 1482 2100 1482 2083 1471 2077 1465 2075 1465 2072 1465 2069 1465 1913 1468 1610 1476 1591 1465 1571 1457 1568 1457 1566 1457 1563 1457 1532 1465 1496 1476 1468 1465 1446 1457 1443 1457 1440 1457 1379 1465 1343 1468 1273 1462 1140 1454 1137 1454 1134 1454 1118 1462 1098 1473 1059 1462 1031 1454 1029 1454 1026 1454 1023 1454 998 1462 956 1473 603 1459 603 1512"/></Shape>
	    <String CONTENT=""
                    HPOS="600"
                    VPOS="1454"
                    WIDTH="2131"
                    HEIGHT="103"></String>
          </TextLine>
          <TextLine ID="eSc_line_af958a5c"
                    TAGREFS="LT34"
                    BASELINE="1249 1552 1343 1557" 
                    HPOS="1249"
                    VPOS="1552"
                    WIDTH="94"
                    HEIGHT="5">
	    <String CONTENT=""
                    HPOS="1249"
                    VPOS="1552"
                    WIDTH="94"
                    HEIGHT="5"></String>
          </TextLine>
          <TextLine ID="eSc_line_d6a4329b"
                    TAGREFS="LT31"
                    BASELINE="589 1596 1371 1587 2726 1601" 
                    HPOS="586"
                    VPOS="1543"
                    WIDTH="2140"
                    HEIGHT="89">
            <Shape><Polygon POINTS="589 1596 586 1612 929 1624 931 1624 984 1618 1048 1610 1065 1618 1082 1626 1084 1626 1087 1629 1198 1629 1198 1626 1201 1626 1204 1626 1212 1621 1223 1612 1602 1612 1763 1624 1833 1629 1835 1629 1885 1626 2005 1615 2125 1629 2172 1632 2175 1632 2264 1629 2525 1618 2720 1632 2726 1601 2723 1554 589 1543 589 1596"/></Shape>
	    <String CONTENT=""
                    HPOS="586"
                    VPOS="1543"
                    WIDTH="2140"
                    HEIGHT="89"></String>
          </TextLine>
          <TextLine ID="eSc_line_847a6684"
                    TAGREFS="LT31"
                    BASELINE="601 1674 2717 1674" 
                    HPOS="601"
                    VPOS="1612"
                    WIDTH="2116"
                    HEIGHT="106">
            <Shape><Polygon POINTS="659 1635 723 1618 728 1618 809 1635 828 1635 931 1612 1070 1612 1129 1632 1165 1612 1285 1612 1340 1635 1365 1615 1376 1615 1426 1626 1504 1612 1510 1612 1574 1635 1577 1635 1638 1612 1646 1612 1710 1635 1713 1637 2155 1637 2158 1635 2244 1612 2255 1612 2286 1635 2383 1615 2386 1615 2478 1635 2525 1612 2534 1612 2581 1635 2581 1637 2717 1637 2717 1674 2714 1710 2623 1701 2606 1710 2600 1715 2589 1715 2573 1710 2531 1699 2392 1710 2305 1715 2300 1715 2283 1710 2255 1699 2194 1707 2141 1715 2141 1718 1638 1718 1635 1715 1632 1715 1591 1704 1566 1699 1521 1704 1429 1715 1424 1715 1399 1704 1388 1699 1029 1699 1012 1701 937 1715 934 1715 848 1701 642 1715 639 1715 601 1712 601 1635"/></Shape>
	    <String CONTENT=""
                    HPOS="601"
                    VPOS="1612"
                    WIDTH="2116"
                    HEIGHT="106"></String>
          </TextLine>
          <TextLine ID="eSc_line_a7f58215"
                    TAGREFS="LT31"
                    BASELINE="592 1765 2698 1751" 
                    HPOS="589"
                    VPOS="1696"
                    WIDTH="2109"
                    HEIGHT="100">
            <Shape><Polygon POINTS="592 1765 592 1782 998 1796 1001 1796 1004 1796 1054 1782 1070 1779 1321 1779 1335 1782 1368 1793 1371 1793 1374 1793 1376 1793 1415 1782 1440 1776 1496 1782 1571 1790 1574 1790 1621 1782 1657 1776 1688 1782 1738 1790 1741 1790 1780 1782 1808 1776 2692 1779 2698 1751 2689 1696 2564 1710 2336 1699 2280 1696 2278 1696 2275 1696 2261 1699 2205 1712 2166 1699 2164 1699 2161 1699 2158 1699 2155 1699 2150 1699 2094 1715 589 1715 592 1765"/></Shape>
	    <String CONTENT=""
                    HPOS="589"
                    VPOS="1696"
                    WIDTH="2109"
                    HEIGHT="100"></String>
          </TextLine>
          <TextLine ID="eSc_line_b8d0b760"
                    TAGREFS="LT31"
                    BASELINE="586 1840 2706 1829" 
                    HPOS="584"
                    VPOS="1776"
                    WIDTH="2122"
                    HEIGHT="109">
            <Shape><Polygon POINTS="586 1840 586 1865 764 1885 767 1885 770 1885 812 1865 817 1865 995 1865 1006 1865 1112 1885 1115 1885 1254 1865 1287 1863 1349 1865 1599 1882 1602 1882 1605 1882 1646 1865 1655 1863 1682 1865 1791 1879 1794 1879 1997 1877 2000 1877 2022 1865 2036 1860 2183 1860 2191 1865 2203 1874 2205 1874 2208 1874 2211 1874 2286 1865 2308 1863 2311 1865 2328 1877 2331 1877 2333 1877 2336 1877 2703 1863 2706 1829 2698 1779 2625 1790 2598 1779 2592 1776 2589 1776 2342 1776 2339 1776 2336 1776 2333 1776 2328 1782 2311 1793 2250 1782 2247 1782 2244 1782 2239 1782 2169 1796 1891 1785 1810 1782 1808 1782 1805 1782 1791 1785 1752 1796 1719 1785 1699 1779 1696 1779 1694 1779 1691 1779 1668 1785 1624 1799 1440 1788 1332 1782 1329 1782 1326 1782 1312 1788 1290 1799 1165 1790 1084 1785 995 1785 993 1785 990 1785 987 1785 979 1790 962 1801 934 1793 915 1785 912 1785 909 1785 906 1785 879 1793 840 1804 739 1804 723 1793 712 1785 709 1785 706 1785 703 1785 584 1793 586 1840"/></Shape>
	    <String CONTENT=""
                    HPOS="584"
                    VPOS="1776"
                    WIDTH="2122"
                    HEIGHT="109"></String>
          </TextLine>
          <TextLine ID="eSc_line_cb8d0dde"
                    TAGREFS="LT31"
                    BASELINE="578 1929 2709 1899" 
                    HPOS="575"
                    VPOS="1854"
                    WIDTH="2134"
                    HEIGHT="117">
            <Shape><Polygon POINTS="578 1929 578 1971 806 1954 1388 1954 1930 1954 1933 1954 1936 1954 1986 1941 2002 1938 2030 1941 2122 1952 2125 1952 2317 1935 2347 1932 2364 1932 2511 1946 2514 1946 2709 1924 2709 1899 2700 1857 2253 1868 2230 1860 2214 1854 2211 1854 2208 1854 2153 1860 2072 1871 2030 1863 2005 1857 2002 1857 1972 1863 1913 1874 1735 1865 1680 1863 1677 1863 1649 1865 1535 1879 1390 1868 1349 1865 1346 1865 1343 1865 1340 1865 1337 1868 1318 1885 1151 1885 1059 1871 1054 1871 1051 1871 1048 1871 1045 1871 987 1885 575 1877 578 1929"/></Shape>
	    <String CONTENT=""
                    HPOS="575"
                    VPOS="1854"
                    WIDTH="2134"
                    HEIGHT="117"></String>
          </TextLine>
          <TextLine ID="eSc_line_fa2a6724"
                    TAGREFS="LT31"
                    BASELINE="584 1999 2684 1988" 
                    HPOS="581"
                    VPOS="1954"
                    WIDTH="2103"
                    HEIGHT="87">
            <Shape><Polygon POINTS="584 1999 586 2041 653 2024 945 2038 993 2038 995 2038 1040 2035 1235 2021 1265 2032 1271 2035 1273 2035 1276 2038 1616 2038 1616 2035 1618 2035 1621 2035 1632 2027 1646 2021 1835 2024 2136 2032 2139 2032 2141 2032 2144 2032 2155 2021 2164 2016 2314 2016 2319 2018 2331 2030 2333 2030 2336 2030 2339 2030 2342 2030 2378 2018 2389 2016 2681 2016 2684 1988 2678 1954 581 1954 584 1999"/></Shape>
	    <String CONTENT=""
                    HPOS="581"
                    VPOS="1954"
                    WIDTH="2103"
                    HEIGHT="87"></String>
          </TextLine>
          <TextLine ID="eSc_line_3da34461"
                    TAGREFS="LT31"
                    BASELINE="581 2068 2717 2077" 
                    HPOS="578"
                    VPOS="2016"
                    WIDTH="2139"
                    HEIGHT="100">
            <Shape><Polygon POINTS="578 2085 689 2091 714 2110 717 2110 720 2110 723 2113 1090 2113 1090 2110 1093 2110 1137 2093 1140 2093 1143 2093 1159 2107 1162 2107 1165 2107 1379 2113 1382 2113 1605 2102 1699 2096 1721 2102 1758 2113 1760 2113 1763 2113 1863 2105 1986 2093 2008 2107 2022 2116 2025 2116 2027 2116 2030 2116 2033 2116 2063 2107 2102 2096 2289 2096 2322 2110 2333 2116 2336 2116 2339 2116 2342 2116 2353 2110 2392 2096 2475 2110 2478 2110 2584 2096 2620 2113 2623 2113 2625 2113 2628 2113 2667 2099 2709 2116 2717 2077 2712 2030 2414 2035 2344 2027 2303 2021 2300 2021 2275 2027 2236 2035 2225 2027 2219 2021 2216 2021 2214 2021 1952 2018 1949 2018 1947 2018 1930 2024 1908 2035 1468 2035 1438 2021 1429 2018 1426 2018 1424 2018 1360 2021 1201 2030 1159 2021 1140 2016 1137 2016 1134 2016 1132 2016 1123 2018 1101 2032 603 2032 586 2016 581 2068 578 2085"/></Shape>
	    <String CONTENT=""
                    HPOS="578"
                    VPOS="2016"
                    WIDTH="2139"
                    HEIGHT="100"></String>
          </TextLine>
          <TextLine ID="eSc_line_76ce7b46"
                    TAGREFS="LT31"
                    BASELINE="575 2166 1805 2163 2066 2149" 
                    HPOS="573"
                    VPOS="2099"
                    WIDTH="1493"
                    HEIGHT="111">
            <Shape><Polygon POINTS="575 2166 575 2185 720 2185 728 2188 759 2205 762 2205 764 2205 767 2205 770 2205 795 2188 801 2188 873 2188 873 2191 890 2205 890 2207 892 2207 895 2207 898 2210 1045 2210 1045 2207 1048 2207 1051 2207 1073 2194 1076 2191 1079 2194 1112 2207 1115 2207 1118 2207 1121 2207 1154 2194 1173 2185 1204 2194 1223 2199 1226 2199 1229 2199 1232 2199 1235 2199 1235 2196 1237 2194 1248 2185 1273 2194 1282 2196 1285 2196 1287 2196 1312 2194 1443 2182 1477 2196 1479 2196 1482 2196 1485 2196 1524 2185 1538 2196 1538 2199 1541 2199 1543 2199 1546 2199 1557 2196 1602 2188 1627 2199 1643 2205 1646 2205 1649 2207 1802 2207 1802 2205 1805 2205 1808 2205 1808 2202 1810 2199 1835 2180 2061 2202 2066 2149 2055 2099 2008 2116 1908 2102 1885 2099 1883 2099 1866 2102 1796 2118 1652 2107 1591 2102 1588 2102 1529 2107 1449 2118 1424 2110 1396 2102 1393 2102 1390 2102 1388 2102 1385 2102 1374 2113 1365 2121 1268 2121 1254 2113 1221 2102 1218 2102 1215 2102 1212 2102 1184 2116 1173 2121 1121 2116 1023 2107 1020 2107 965 2118 954 2121 948 2118 917 2105 915 2105 912 2105 731 2121 606 2105 603 2105 600 2105 598 2105 573 2118 575 2166"/></Shape>
	    <String CONTENT=""
                    HPOS="573"
                    VPOS="2099"
                    WIDTH="1493"
                    HEIGHT="111"></String>
          </TextLine>
          <TextLine ID="eSc_line_2f6fd69f"
                    TAGREFS="LT31"
                    BASELINE="589 2246 2606 2243 2734 2242" 
                    HPOS="586"
                    VPOS="2180"
                    WIDTH="2128"
                    HEIGHT="114">
            <Shape><Polygon POINTS="586 2271 684 2288 687 2288 1090 2274 1118 2274 1123 2274 1190 2291 1193 2291 1196 2291 1198 2291 1254 2277 1707 2277 1863 2277 1866 2277 1972 2294 1974 2294 2425 2280 2606 2294 2609 2294 2712 2277 2714 2244 2709 2185 2536 2185 2534 2185 2528 2185 2411 2210 2342 2185 2339 2185 2336 2185 2214 2185 2211 2185 2208 2185 2205 2185 2205 2188 2189 2199 2139 2188 2125 2185 2122 2185 2119 2185 2116 2185 2114 2188 2080 2210 2050 2188 2047 2188 2044 2188 2041 2188 2038 2188 2036 2188 1955 2210 1860 2210 1830 2188 1821 2182 1819 2182 1816 2182 1813 2182 1810 2182 1785 2191 1721 2207 1621 2191 1616 2191 1613 2191 1610 2191 1607 2191 1579 2207 1474 2194 1471 2194 1468 2194 1435 2210 1226 2210 1190 2194 1182 2191 1179 2191 1176 2191 1173 2191 1168 2194 1143 2207 817 2207 795 2196 759 2180 756 2180 611 2180 609 2180 606 2180 603 2180 589 2188 589 2246"/></Shape>
	    <String CONTENT=""
                    HPOS="586"
                    VPOS="2180"
                    WIDTH="2128"
                    HEIGHT="114"></String>
          </TextLine>
          <TextLine ID="eSc_line_2d4a940a"
                    TAGREFS="LT31"
                    BASELINE="581 2324 2689 2324" 
                    HPOS="581"
                    VPOS="2285"
                    WIDTH="2108"
                    HEIGHT="81">
            <Shape><Polygon POINTS="581 2324 581 2349 673 2349 698 2366 700 2366 703 2366 706 2366 709 2366 778 2349 781 2349 870 2349 873 2349 895 2366 898 2366 901 2366 904 2366 1040 2349 1051 2349 1065 2349 1187 2366 1190 2366 1399 2352 1404 2352 1413 2352 1732 2366 1735 2366 1802 2352 1810 2352 1983 2352 1988 2355 2008 2366 2011 2366 2013 2366 2016 2366 2203 2355 2294 2349 2322 2355 2375 2366 2378 2366 2381 2366 2425 2355 2439 2352 2447 2355 2472 2366 2475 2366 2478 2366 2689 2355 2689 2324 2687 2285 581 2285 581 2324"/></Shape>
	    <String CONTENT=""
                    HPOS="581"
                    VPOS="2285"
                    WIDTH="2108"
                    HEIGHT="81"></String>
          </TextLine>
          <TextLine ID="eSc_line_2acdd1f8"
                    TAGREFS="LT31"
                    BASELINE="575 2402 2714 2388" 
                    HPOS="573"
                    VPOS="2341"
                    WIDTH="2141"
                    HEIGHT="100">
            <Shape><Polygon POINTS="575 2402 575 2424 973 2441 976 2441 979 2441 981 2441 1004 2424 1006 2424 1023 2424 1354 2438 1357 2438 1443 2424 1771 2436 1774 2436 1858 2422 1860 2422 1866 2422 2080 2433 2083 2433 2714 2416 2714 2388 2706 2341 923 2363 901 2363 617 2352 614 2352 611 2352 573 2363 575 2402"/></Shape>
	    <String CONTENT=""
                    HPOS="573"
                    VPOS="2341"
                    WIDTH="2141"
                    HEIGHT="100"></String>
          </TextLine>
          <TextLine ID="eSc_line_29874e98"
                    TAGREFS="LT31"
                    BASELINE="567 2469 2086 2466 2703 2449" 
                    HPOS="564"
                    VPOS="2413"
                    WIDTH="2139"
                    HEIGHT="89">
            <Shape><Polygon POINTS="567 2469 567 2491 1513 2502 1516 2502 1783 2486 1785 2486 1813 2499 1816 2499 1819 2502 2105 2502 2105 2499 2108 2499 2158 2483 2161 2483 2166 2483 2317 2497 2319 2497 2700 2477 2703 2449 2695 2413 1591 2427 1226 2416 1198 2416 1196 2416 1187 2416 1057 2430 564 2419 567 2469"/></Shape>
	    <String CONTENT=""
                    HPOS="564"
                    VPOS="2413"
                    WIDTH="2139"
                    HEIGHT="89"></String>
          </TextLine>
          <TextLine ID="eSc_line_cebc9c78"
                    TAGREFS="LT31"
                    BASELINE="571 2546 2684 2533" 
                    HPOS="556"
                    VPOS="2480"
                    WIDTH="2128"
                    HEIGHT="108">
            <Shape><Polygon POINTS="559 2569 1084 2588 1087 2588 1518 2586 1613 2566 1630 2563 1641 2566 1691 2583 1694 2583 1696 2583 1699 2583 1746 2566 1755 2563 2077 2563 2083 2563 2114 2577 2116 2577 2119 2577 2122 2577 2153 2563 2164 2561 2300 2561 2308 2563 2331 2580 2333 2580 2336 2580 2339 2580 2342 2580 2406 2563 2408 2563 2681 2563 2684 2533 2670 2480 2639 2497 556 2494 559 2544"/></Shape>
	    <String CONTENT=""
                    HPOS="556"
                    VPOS="2480"
                    WIDTH="2128"
                    HEIGHT="108"></String>
          </TextLine>
          <TextLine ID="eSc_line_85f81f19"
                    TAGREFS="LT31"
                    BASELINE="576 2624 2689 2616" 
                    HPOS="542"
                    VPOS="2552"
                    WIDTH="2147"
                    HEIGHT="120">
            <Shape><Polygon POINTS="634 2669 636 2669 639 2669 1577 2658 1638 2672 1641 2672 1643 2672 1646 2672 1694 2650 1699 2644 1944 2641 2684 2652 2689 2616 2687 2577 2595 2558 2592 2558 1991 2569 1627 2575 739 2575 709 2558 706 2558 703 2558 578 2572 550 2552 545 2611 542 2641"/></Shape>
	    <String CONTENT=""
                    HPOS="542"
                    VPOS="2552"
                    WIDTH="2147"
                    HEIGHT="120"></String>
          </TextLine>
          <TextLine ID="eSc_line_26d911d7"
                    TAGREFS="LT31"
                    BASELINE="588 2694 589 2694 828 2700 2714 2686" 
                    HPOS="584"
                    VPOS="2636"
                    WIDTH="2130"
                    HEIGHT="108">
            <Shape><Polygon POINTS="603 2636 703 2661 784 2647 787 2647 1646 2655 1666 2647 1674 2639 1688 2639 1699 2647 1716 2655 1872 2647 1997 2641 2002 2641 2022 2650 2038 2655 2322 2655 2328 2652 2358 2636 2497 2636 2545 2652 2547 2652 2650 2636 2656 2636 2712 2655 2714 2686 2712 2722 2403 2714 2383 2722 2350 2736 2342 2736 2294 2722 2286 2719 2258 2722 2083 2739 2077 2739 2044 2719 2041 2719 2002 2739 1994 2739 1927 2719 1919 2719 1852 2739 1847 2739 1657 2719 1621 2739 1616 2739 1426 2725 1118 2741 1115 2741 920 2722 815 2741 809 2741 734 2722 664 2744 659 2744 584 2729 594 2636"/></Shape>
	    <String CONTENT=""
                    HPOS="584"
                    VPOS="2636"
                    WIDTH="2130"
                    HEIGHT="108"></String>
          </TextLine>
          <TextLine ID="eSc_line_1da0127c"
                    TAGREFS="LT31"
                    BASELINE="578 2779 2698 2764" 
                    HPOS="545"
                    VPOS="2719"
                    WIDTH="2153"
                    HEIGHT="97">
            <Shape><Polygon POINTS="547 2794 648 2814 650 2816 1118 2816 1118 2814 1271 2794 1290 2794 1301 2794 1368 2811 1371 2811 1579 2797 1691 2811 1694 2811 1852 2794 1874 2794 1883 2794 1930 2811 1933 2811 1936 2811 2063 2808 2066 2808 2069 2808 2086 2794 2094 2791 2133 2794 2225 2805 2228 2805 2230 2805 2261 2794 2275 2791 2695 2794 2698 2764 2692 2719 709 2719 706 2719 545 2733 547 2772"/></Shape>
	    <String CONTENT=""
                    HPOS="545"
                    VPOS="2719"
                    WIDTH="2153"
                    HEIGHT="97"></String>
          </TextLine>
          <TextLine ID="eSc_line_dbdad5a3"
                    TAGREFS="LT31"
                    BASELINE="563 2855 1260 2861 2681 2836" 
                    HPOS="547"
                    VPOS="2783"
                    WIDTH="2134"
                    HEIGHT="120">
            <Shape><Polygon POINTS="550 2886 751 2886 776 2903 778 2903 781 2903 784 2903 862 2886 1018 2900 1020 2900 1429 2883 1557 2878 1605 2883 1699 2892 1702 2892 1705 2892 1707 2892 1721 2880 1732 2875 1796 2880 1869 2889 1872 2889 1874 2889 1894 2880 1910 2875 1933 2880 1963 2889 1966 2889 1969 2889 1972 2889 1994 2880 2011 2875 2089 2880 2166 2886 2169 2886 2172 2886 2189 2880 2222 2867 2486 2864 2678 2878 2681 2836 2675 2783 2539 2783 2536 2783 2534 2783 2531 2783 2506 2800 2450 2783 2445 2783 2442 2783 2439 2783 2436 2783 2433 2783 2433 2786 2411 2805 2317 2805 2292 2786 2289 2786 2286 2786 2283 2786 2278 2786 2197 2805 2127 2794 2125 2794 1963 2808 1927 2791 1924 2791 1877 2791 1813 2791 1810 2791 1808 2791 1721 2811 1596 2797 1593 2797 1591 2797 1588 2797 1566 2814 1257 2816 1190 2800 1187 2800 1184 2800 1018 2819 993 2803 990 2803 987 2803 984 2803 981 2803 940 2819 840 2803 837 2803 547 2803 550 2853"/></Shape>
	    <String CONTENT=""
                    HPOS="547"
                    VPOS="2783"
                    WIDTH="2134"
                    HEIGHT="120"></String>
          </TextLine>
          <TextLine ID="eSc_line_8a295a95"
                    TAGREFS="LT31"
                    BASELINE="567 2936 1776 2930 1776 2930 2698 2914" 
                    HPOS="564"
                    VPOS="2861"
                    WIDTH="2134"
                    HEIGHT="97">
            <Shape><Polygon POINTS="567 2958 2164 2956 2233 2953 2520 2939 2692 2950 2698 2914 2692 2875 2431 2861 2428 2861 2425 2861 2386 2875 1632 2869 1630 2869 1627 2869 1568 2883 1566 2883 1557 2883 1393 2872 1390 2872 1388 2872 1363 2886 1360 2886 1335 2886 1118 2875 1115 2875 1112 2875 1076 2889 1070 2889 1057 2889 954 2878 951 2878 564 2892 567 2936"/></Shape>
	    <String CONTENT=""
                    HPOS="564"
                    VPOS="2861"
                    WIDTH="2134"
                    HEIGHT="97"></String>
          </TextLine>
          <TextLine ID="eSc_line_1ad886ed"
                    TAGREFS="LT31"
                    BASELINE="561 3008 2720 2992" 
                    HPOS="559"
                    VPOS="2939"
                    WIDTH="2161"
                    HEIGHT="108">
            <Shape><Polygon POINTS="561 3008 561 3033 720 3033 751 3047 753 3047 756 3047 759 3047 812 3033 1248 3042 1251 3042 1254 3042 1304 3028 1318 3042 1321 3042 1324 3042 1326 3045 1546 3045 1546 3042 1635 3025 1638 3025 1641 3025 1674 3039 1677 3039 1680 3039 1783 3025 1785 3025 1994 3039 1997 3039 2000 3039 2052 3022 2055 3022 2094 3022 2664 3033 2667 3033 2670 3033 2720 3017 2720 2992 2714 2953 2428 2939 2425 2939 2350 2953 2339 2956 559 2956 561 3008"/></Shape>
	    <String CONTENT=""
                    HPOS="559"
                    VPOS="2939"
                    WIDTH="2161"
                    HEIGHT="108"></String>
          </TextLine>
          <TextLine ID="eSc_line_149df25c"
                    TAGREFS="LT31"
                    BASELINE="573 3081 1465 3092 2712 3072" 
                    HPOS="570"
                    VPOS="3019"
                    WIDTH="2142"
                    HEIGHT="109">
            <Shape><Polygon POINTS="573 3081 573 3114 945 3128 948 3128 1048 3114 1059 3114 1101 3114 1479 3125 1482 3125 1763 3122 1766 3122 1788 3111 1796 3108 1805 3111 1830 3122 1833 3122 1835 3122 1891 3111 1913 3108 1949 3111 2022 3120 2025 3120 2027 3120 2044 3111 2055 3106 2086 3111 2127 3120 2130 3120 2178 3111 2208 3106 2239 3111 2283 3120 2286 3120 2353 3111 2411 3103 2439 3111 2461 3117 2464 3117 2467 3117 2709 3108 2712 3072 2706 3033 2450 3019 2447 3019 2445 3019 2397 3033 2386 3036 2300 3033 1958 3022 1955 3022 1869 3036 1847 3039 1796 3036 1649 3028 1646 3028 1465 3039 1396 3042 1374 3039 1307 3028 1304 3028 1301 3028 1262 3039 1254 3042 1243 3039 1207 3028 1204 3028 1201 3028 1198 3028 1171 3039 1165 3042 1146 3039 1054 3028 1051 3028 1048 3028 998 3042 984 3045 976 3042 956 3031 954 3031 951 3031 895 3042 879 3045 862 3042 817 3031 815 3031 812 3031 570 3042 573 3081"/></Shape>
	    <String CONTENT=""
                    HPOS="570"
                    VPOS="3019"
                    WIDTH="2142"
                    HEIGHT="109"></String>
          </TextLine>
          <TextLine ID="eSc_line_8ecd6764"
                    TAGREFS="LT31"
                    BASELINE="559 3156 2689 3167" 
                    HPOS="556"
                    VPOS="3106"
                    WIDTH="2133"
                    HEIGHT="100">
            <Shape><Polygon POINTS="559 3156 556 3181 1680 3203 1682 3203 1910 3189 1930 3189 1933 3189 1974 3203 1977 3203 1980 3203 2258 3192 2269 3192 2297 3206 2300 3206 2303 3206 2687 3192 2689 3167 2689 3128 2639 3111 2637 3111 2634 3111 2269 3122 2155 3125 2036 3125 2030 3120 2019 3108 2016 3108 2013 3108 2011 3108 2008 3108 1980 3120 1972 3122 1910 3120 1763 3108 1760 3108 1696 3117 1649 3122 1638 3117 1624 3106 1621 3106 1618 3106 1616 3106 1349 3114 1090 3120 559 3106 559 3156"/></Shape>
	    <String CONTENT=""
                    HPOS="556"
                    VPOS="3106"
                    WIDTH="2133"
                    HEIGHT="100"></String>
          </TextLine>
          <TextLine ID="eSc_line_25cab647"
                    TAGREFS="LT31"
                    BASELINE="561 3231 2706 3250" 
                    HPOS="559"
                    VPOS="3175"
                    WIDTH="2147"
                    HEIGHT="117">
            <Shape><Polygon POINTS="561 3231 559 3253 870 3278 873 3278 1076 3264 1173 3281 1176 3281 1299 3264 1337 3281 1340 3281 1343 3281 1346 3281 1401 3264 1404 3264 1783 3264 1791 3270 1849 3286 1852 3286 1855 3286 1924 3270 1933 3270 1947 3270 2094 3289 2097 3289 2100 3289 2141 3275 2297 3289 2300 3289 2303 3289 2358 3275 2372 3273 2378 3275 2400 3292 2403 3292 2406 3292 2408 3292 2411 3292 2470 3275 2478 3275 2595 3275 2600 3278 2617 3292 2620 3292 2623 3292 2625 3292 2703 3278 2706 3250 2700 3189 2422 3200 2378 3186 2375 3186 2372 3186 2369 3186 2367 3186 2364 3186 2311 3203 2130 3186 2091 3184 2089 3184 2086 3184 2077 3186 2050 3200 1788 3200 1721 3186 1710 3184 1707 3184 1671 3186 1493 3197 1221 3197 1204 3184 1198 3178 1196 3178 1193 3178 1190 3178 1187 3178 1171 3184 1143 3195 1051 3195 1031 3184 1015 3175 1012 3175 1009 3175 1006 3175 979 3184 945 3192 561 3184 561 3231"/></Shape>
	    <String CONTENT=""
                    HPOS="559"
                    VPOS="3175"
                    WIDTH="2147"
                    HEIGHT="117"></String>
          </TextLine>
        </TextBlock>
        <TextBlock HPOS="57"
                   VPOS="718"
                   WIDTH="522"
                   HEIGHT="2122"
                   ID="eSc_textblock_34d1f789"
                   TAGREFS="BT43">
          <Shape><Polygon POINTS="57 723 57 2840 554 2840 579 718"/></Shape>
          <TextLine ID="eSc_line_abf27fde"
                    TAGREFS="LT34"
                    BASELINE="125 823 514 814" 
                    HPOS="122"
                    VPOS="775"
                    WIDTH="225"
                    HEIGHT="67">
            <Shape><Polygon POINTS="150 800 122 806 125 823 125 839 344 842 347 817 339 775 200 781 178 789"/></Shape>
	    <String CONTENT=""
                    HPOS="122"
                    VPOS="775"
                    WIDTH="225"
                    HEIGHT="67"></String>
          </TextLine>
          <TextLine ID="eSc_line_49f8e485"
                    TAGREFS="LT34"
                    BASELINE="130 873 543 867" 
                    HPOS="127"
                    VPOS="834"
                    WIDTH="145"
                    HEIGHT="69">
            <Shape><Polygon POINTS="130 903 269 900 272 870 267 834 127 834 130 873"/></Shape>
	    <String CONTENT=""
                    HPOS="127"
                    VPOS="834"
                    WIDTH="145"
                    HEIGHT="69"></String>
          </TextLine>
          <TextLine ID="eSc_line_ecc408f6"
                    TAGREFS="LT34"
                    BASELINE="127 917 578 912" 
                    HPOS="125"
                    VPOS="873"
                    WIDTH="434"
                    HEIGHT="80">
            <Shape><Polygon POINTS="514 903 509 873 125 881 127 917 127 953 556 951 559 909 556 898 542 900"/></Shape>
	    <String CONTENT=""
                    HPOS="125"
                    VPOS="873"
                    WIDTH="434"
                    HEIGHT="80"></String>
          </TextLine>
          <TextLine ID="eSc_line_a56f46ae"
                    TAGREFS="LT34"
                    BASELINE="100 976 539 970" 
                    HPOS="97"
                    VPOS="923"
                    WIDTH="442"
                    HEIGHT="103">
            <Shape><Polygon POINTS="514 967 497 934 325 923 322 923 97 939 100 976 100 1003 127 1023 130 1023 133 1023 136 1026 222 1026 222 1023 225 1023 278 1001 364 1020 367 1020 369 1020 372 1020 403 995 539 992 539 970 534 939 514 967"/></Shape>
	    <String CONTENT=""
                    HPOS="97"
                    VPOS="923"
                    WIDTH="442"
                    HEIGHT="103"></String>
          </TextLine>
          <TextLine ID="eSc_line_953e2aad"
                    TAGREFS="LT33"
                    BASELINE="89 1090 536 1078" 
                    HPOS="86"
                    VPOS="1023"
                    WIDTH="450"
                    HEIGHT="89">
            <Shape><Polygon POINTS="531 1065 522 1040 325 1023 322 1023 319 1023 297 1034 278 1045 86 1031 89 1090 89 1112 536 1106 536 1078 534 1065 531 1065"/></Shape>
	    <String CONTENT=""
                    HPOS="86"
                    VPOS="1023"
                    WIDTH="450"
                    HEIGHT="89"></String>
          </TextLine>
          <TextLine ID="eSc_line_6b7e6c2c"
                    TAGREFS="LT33"
                    BASELINE="87 1138 543 1147" 
                    HPOS="102"
                    VPOS="1098"
                    WIDTH="448"
                    HEIGHT="69">
            <Shape><Polygon POINTS="500 1098 102 1101 105 1137 105 1165 545 1167 550 1134 545 1120 520 1131"/></Shape>
	    <String CONTENT=""
                    HPOS="102"
                    VPOS="1098"
                    WIDTH="448"
                    HEIGHT="69"></String>
          </TextLine>
          <TextLine ID="eSc_line_4a31d8c6"
                    TAGREFS="LT33"
                    BASELINE="73 1192 550 1196" 
                    HPOS="75"
                    VPOS="1148"
                    WIDTH="475"
                    HEIGHT="78">
            <Shape><Polygon POINTS="500 1154 75 1148 77 1198 77 1226 547 1220 550 1192 545 1165 520 1192"/></Shape>
	    <String CONTENT=""
                    HPOS="75"
                    VPOS="1148"
                    WIDTH="475"
                    HEIGHT="78"></String>
          </TextLine>
          <TextLine ID="eSc_line_42807e9e"
                    TAGREFS="LT33"
                    BASELINE="65 1248 553 1251" 
                    HPOS="80"
                    VPOS="1209"
                    WIDTH="473"
                    HEIGHT="75">
            <Shape><Polygon POINTS="80 1209 80 1251 80 1270 550 1284 553 1251 553 1231 539 1212"/></Shape>
	    <String CONTENT=""
                    HPOS="80"
                    VPOS="1209"
                    WIDTH="473"
                    HEIGHT="75"></String>
          </TextLine>
          <TextLine ID="eSc_line_240d4190"
                    TAGREFS="LT33"
                    BASELINE="66 1309 547 1309" 
                    HPOS="66"
                    VPOS="1265"
                    WIDTH="481"
                    HEIGHT="86">
            <Shape><Polygon POINTS="66 1309 66 1340 545 1351 547 1309 547 1268 66 1265 66 1309"/></Shape>
	    <String CONTENT=""
                    HPOS="66"
                    VPOS="1265"
                    WIDTH="481"
                    HEIGHT="86"></String>
          </TextLine>
          <TextLine ID="eSc_line_37c86651"
                    TAGREFS="LT33"
                    BASELINE="65 1365 553 1368" 
                    HPOS="77"
                    VPOS="1320"
                    WIDTH="476"
                    HEIGHT="78">
            <Shape><Polygon POINTS="525 1354 511 1332 80 1320 80 1362 77 1384 547 1398 553 1368 550 1365"/></Shape>
	    <String CONTENT=""
                    HPOS="77"
                    VPOS="1320"
                    WIDTH="476"
                    HEIGHT="78"></String>
          </TextLine>
          <TextLine ID="eSc_line_2af2457b"
                    TAGREFS="LT33"
                    BASELINE="62 1418 545 1421" 
                    HPOS="72"
                    VPOS="1370"
                    WIDTH="473"
                    HEIGHT="78">
            <Shape><Polygon POINTS="72 1446 539 1448 545 1421 542 1379 75 1370 75 1415"/></Shape>
	    <String CONTENT=""
                    HPOS="72"
                    VPOS="1370"
                    WIDTH="473"
                    HEIGHT="78"></String>
          </TextLine>
          <TextLine ID="eSc_line_2c428ddb"
                    TAGREFS="LT33"
                    BASELINE="68 1471 539 1471" 
                    HPOS="86"
                    VPOS="1429"
                    WIDTH="453"
                    HEIGHT="64">
            <Shape><Polygon POINTS="86 1429 86 1471 86 1493 539 1490 539 1471 539 1462 531 1429"/></Shape>
	    <String CONTENT=""
                    HPOS="86"
                    VPOS="1429"
                    WIDTH="453"
                    HEIGHT="64"></String>
          </TextLine>
          <TextLine ID="eSc_line_5c2fd57c"
                    TAGREFS="LT33"
                    BASELINE="53 1521 542 1526" 
                    HPOS="77"
                    VPOS="1473"
                    WIDTH="465"
                    HEIGHT="92">
            <Shape><Polygon POINTS="77 1548 242 1560 244 1560 247 1560 283 1548 294 1546 300 1548 319 1562 322 1562 325 1562 328 1565 439 1565 439 1562 539 1546 542 1526 539 1479 80 1473 80 1521"/></Shape>
	    <String CONTENT=""
                    HPOS="77"
                    VPOS="1473"
                    WIDTH="465"
                    HEIGHT="92"></String>
          </TextLine>
          <TextLine ID="eSc_line_d8adc459"
                    TAGREFS="LT33"
                    BASELINE="64 1582 484 1579" 
                    HPOS="86"
                    VPOS="1537"
                    WIDTH="398"
                    HEIGHT="73">
            <Shape><Polygon POINTS="86 1610 484 1601 484 1579 484 1546 86 1537 86 1579"/></Shape>
	    <String CONTENT=""
                    HPOS="86"
                    VPOS="1537"
                    WIDTH="398"
                    HEIGHT="73"></String>
          </TextLine>
          <TextLine ID="eSc_line_34ed86a7"
                    TAGREFS="LT33"
                    BASELINE="59 1635 545 1621" 
                    HPOS="122"
                    VPOS="1587"
                    WIDTH="423"
                    HEIGHT="70">
            <Shape><Polygon POINTS="125 1657 545 1651 545 1621 536 1587 122 1596 125 1632"/></Shape>
	    <String CONTENT=""
                    HPOS="122"
                    VPOS="1587"
                    WIDTH="423"
                    HEIGHT="70"></String>
          </TextLine>
          <TextLine ID="eSc_line_7044a1ab"
                    TAGREFS="LT33"
                    BASELINE="66 1668 565 1674" 
                    HPOS="205"
                    VPOS="1632"
                    WIDTH="139"
                    HEIGHT="83">
            <Shape><Polygon POINTS="205 1715 344 1712 344 1674 342 1632 205 1635 205 1674"/></Shape>
	    <String CONTENT=""
                    HPOS="205"
                    VPOS="1632"
                    WIDTH="139"
                    HEIGHT="83"></String>
          </TextLine>
          <TextLine ID="eSc_line_6fbc28d4"
                    TAGREFS="LT31"
                    BASELINE="91 1732 369 1721" 
                    HPOS="89"
                    VPOS="1685"
                    WIDTH="280"
                    HEIGHT="69">
            <Shape><Polygon POINTS="91 1732 91 1754 369 1754 369 1721 364 1687 89 1685 91 1732"/></Shape>
	    <String CONTENT=""
                    HPOS="89"
                    VPOS="1685"
                    WIDTH="280"
                    HEIGHT="69"></String>
          </TextLine>
          <TextLine ID="eSc_line_82d49a78"
                    TAGREFS="LT31"
                    BASELINE="116 1790 292 1779" 
                    HPOS="111"
                    VPOS="1735"
                    WIDTH="183"
                    HEIGHT="103">
            <Shape><Polygon POINTS="116 1790 119 1838 294 1838 292 1779 283 1735 111 1740 116 1790"/></Shape>
	    <String CONTENT=""
                    HPOS="111"
                    VPOS="1735"
                    WIDTH="183"
                    HEIGHT="103"></String>
          </TextLine>
          <TextLine ID="eSc_line_839043e8"
                    TAGREFS="LT34"
                    BASELINE="113 2424 452 2436" 
                    HPOS="94"
                    VPOS="2372"
                    WIDTH="264"
                    HEIGHT="89">
            <Shape><Polygon POINTS="122 2399 94 2416 97 2433 97 2455 353 2461 358 2427 356 2385 333 2372 331 2372 328 2372 325 2372 222 2388 155 2377 150 2383"/></Shape>
	    <String CONTENT=""
                    HPOS="94"
                    VPOS="2372"
                    WIDTH="264"
                    HEIGHT="89"></String>
          </TextLine>
          <TextLine ID="eSc_line_3266ae40"
                    TAGREFS="LT34"
                    BASELINE="90 2485 456 2488" 
                    HPOS="86"
                    VPOS="2444"
                    WIDTH="370"
                    HEIGHT="78">
            <Shape><Polygon POINTS="89 2522 453 2522 456 2488 447 2444 86 2447 89 2491"/></Shape>
	    <String CONTENT=""
                    HPOS="86"
                    VPOS="2444"
                    WIDTH="370"
                    HEIGHT="78"></String>
          </TextLine>
          <TextLine ID="eSc_line_f08cee64"
                    TAGREFS="LT34"
                    BASELINE="66 2544 416 2544 502 2554" 
                    HPOS="66"
                    VPOS="2494"
                    WIDTH="423"
                    HEIGHT="81">
            <Shape><Polygon POINTS="66 2566 486 2575 489 2544 489 2505 178 2494 175 2494 66 2508 66 2544"/></Shape>
	    <String CONTENT=""
                    HPOS="66"
                    VPOS="2494"
                    WIDTH="423"
                    HEIGHT="81"></String>
          </TextLine>
          <TextLine ID="eSc_line_f354eb35"
                    TAGREFS="LT34"
                    BASELINE="56 2603 511 2611" 
                    HPOS="72"
                    VPOS="2563"
                    WIDTH="439"
                    HEIGHT="76">
            <Shape><Polygon POINTS="75 2639 511 2625 511 2605 506 2566 72 2563 75 2613"/></Shape>
	    <String CONTENT=""
                    HPOS="72"
                    VPOS="2563"
                    WIDTH="439"
                    HEIGHT="76"></String>
          </TextLine>
          <TextLine ID="eSc_line_d7733aaa"
                    TAGREFS="LT34"
                    BASELINE="52 2658 294 2661 541 2689" 
                    HPOS="80"
                    VPOS="2636"
                    WIDTH="467"
                    HEIGHT="84">
            <Shape><Polygon POINTS="522 2641 528 2636 547 2636 537 2720 489 2711 275 2711 275 2702 247 2705 219 2705 191 2708 164 2708 136 2711 80 2711 80 2661 339 2636 517 2636"/></Shape>
	    <String CONTENT=""
                    HPOS="80"
                    VPOS="2636"
                    WIDTH="467"
                    HEIGHT="84"></String>
          </TextLine>
          <TextLine ID="eSc_line_511f0139"
                    TAGREFS="LT34"
                    BASELINE="66 2719 257 2721" 
                    HPOS="61"
                    VPOS="2664"
                    WIDTH="236"
                    HEIGHT="97">
            <Shape><Polygon POINTS="255 2664 230 2664 61 2669 66 2719 66 2758 161 2744 294 2761 297 2705 289 2664 283 2664"/></Shape>
	    <String CONTENT=""
                    HPOS="61"
                    VPOS="2664"
                    WIDTH="236"
                    HEIGHT="97"></String>
          </TextLine>
        </TextBlock>
      </PrintSpace>
    </Page>
  </Layout>
</alto>
