<?xml version="1.0" encoding="UTF-8"?>
<alto xmlns:xsi="http://www.w3.org/2001/XMLSchema-instance"
      xmlns="http://www.loc.gov/standards/alto/ns-v4#"
      xsi:schemaLocation="http://www.loc.gov/standards/alto/ns-v4# http://www.loc.gov/standards/alto/v4/alto-4-2.xsd">
  <Description>
    <MeasurementUnit>pixel</MeasurementUnit>
    <sourceImageInformation>
      <fileName>ARCH-DIV-000496_0189.png</fileName>
    </sourceImageInformation>
  </Description>
  <Tags>
    <OtherTag ID="BT42" LABEL="MainZone" DESCRIPTION="block type MainZone"/><OtherTag ID="BT43" LABEL="MarginTextZone" DESCRIPTION="block type MarginTextZone"/><OtherTag ID="BT44" LABEL="NumberingZone" DESCRIPTION="block type NumberingZone"/><OtherTag ID="BT45" LABEL="TitlePageZone" DESCRIPTION="block type TitlePageZone"/><OtherTag ID="BT46" LABEL="CustomZone:Numbering" DESCRIPTION="block type CustomZone:Numbering"/><OtherTag ID="BT49" LABEL="MarginTextZone:lower" DESCRIPTION="block type MarginTextZone:lower"/>
    <OtherTag ID="LT25" LABEL="default" DESCRIPTION="line type default"/><OtherTag ID="LT31" LABEL="DefaultLine" DESCRIPTION="line type DefaultLine"/><OtherTag ID="LT32" LABEL="HeadingLine" DESCRIPTION="line type HeadingLine"/><OtherTag ID="LT33" LABEL="InterlinearLine:addition" DESCRIPTION="line type InterlinearLine:addition"/><OtherTag ID="LT34" LABEL="InterlinearLine:correction" DESCRIPTION="line type InterlinearLine:correction"/>
  </Tags>
  <Layout>
    <Page WIDTH="2790"
          HEIGHT="3343"
          PHYSICAL_IMG_NR="188"
          ID="eSc_dummypage_">
      <PrintSpace HPOS="0"
                  VPOS="0"
                  WIDTH="2790"
                  HEIGHT="3343">
        <TextBlock HPOS="143"
                   VPOS="19"
                   WIDTH="303"
                   HEIGHT="175"
                   ID="e8a78606-c647-45de-9bd4-4bb47dbdb1f8"
                   TAGREFS="BT44">
          <Shape><Polygon POINTS="446 19 446 194 143 194 143 19"/></Shape>
          <TextLine ID="eSc_line_7b501e01"
                    TAGREFS="LT31"
                    BASELINE="178 112 371 120" 
                    HPOS="225"
                    VPOS="78"
                    WIDTH="109"
                    HEIGHT="80">
            <Shape><Polygon POINTS="281 78 256 78 225 80 231 122 231 158 331 144 334 117 326 78 309 78"/></Shape>
	    <String CONTENT="83"
                    HPOS="225"
                    VPOS="78"
                    WIDTH="109"
                    HEIGHT="80"
                    WC="0.9999991059303284"></String>
          </TextLine>
        </TextBlock>
        <TextBlock HPOS="514"
                   VPOS="0"
                   WIDTH="2193"
                   HEIGHT="3342"
                   ID="37efd79f-ce15-4d41-98f1-05ae218c9c0e"
                   TAGREFS="BT42">
          <Shape><Polygon POINTS="2707 0 2707 3342 514 3342 514 0"/></Shape>
          <TextLine ID="eSc_line_fe1f34eb"
                    TAGREFS="LT31"
                    BASELINE="599 103 1666 72 2656 75" 
                    HPOS="596"
                    VPOS="11"
                    WIDTH="2060"
                    HEIGHT="111">
            <Shape><Polygon POINTS="2519 19 2491 19 2463 16 2436 16 2408 16 2380 16 2352 16 2324 16 2305 13 2176 30 2171 30 2135 11 2129 11 2045 27 1987 11 1984 11 1981 11 1680 36 1583 16 1580 16 1463 39 1187 22 1184 22 961 47 638 30 635 30 632 30 629 30 596 50 599 103 599 117 1184 122 1187 122 1273 114 1337 105 1357 111 1376 119 1379 119 1382 119 1385 119 1388 119 1388 117 1393 111 1404 103 1466 111 1496 114 1499 114 1521 111 1583 100 1669 108 1719 114 1722 114 1725 114 1742 108 1783 97 1881 108 1923 111 1925 111 1928 111 1942 108 1981 94 2123 105 2168 108 2171 108 2174 108 2182 105 2218 89 2408 89 2436 103 2438 103 2441 103 2653 100 2656 75 2653 25 2528 19 2519 19"/></Shape>
	    <String CONTENT="Le calme de la politique extérieure rendait plus frappante l&#x27;agitation"
                    HPOS="596"
                    VPOS="11"
                    WIDTH="2060"
                    HEIGHT="111"
                    WC="0.985714146069118"></String>
          </TextLine>
          <TextLine ID="eSc_line_c0f5725e"
                    TAGREFS="LT31"
                    BASELINE="593 172 1820 130 2686 130" 
                    HPOS="590"
                    VPOS="83"
                    WIDTH="2096"
                    HEIGHT="117">
            <Shape><Polygon POINTS="593 172 593 186 713 200 716 200 903 183 964 178 1034 181 1204 189 1206 189 1307 175 1346 172 1374 175 1446 183 1449 183 1452 183 1454 183 1468 172 1480 167 1505 172 1535 181 1538 181 1541 181 1544 181 1563 172 1580 161 2686 153 2686 130 2684 86 2087 86 2084 86 2082 86 2059 94 2045 100 2023 97 1959 83 1956 83 1953 83 1925 97 1920 100 1903 97 1820 86 1817 86 1647 103 1630 103 1602 103 1323 97 1321 97 1254 108 1195 122 590 122 593 172"/></Shape>
	    <String CONTENT="au dedans du paip. Si la prospérite nationale n&#x27;avait jamais été aucci"
                    HPOS="590"
                    VPOS="83"
                    WIDTH="2096"
                    HEIGHT="117"
                    WC="0.9828394063881465"></String>
          </TextLine>
          <TextLine ID="eSc_line_21a31805"
                    TAGREFS="LT31"
                    BASELINE="604 234 2059 189 2664 195" 
                    HPOS="602"
                    VPOS="136"
                    WIDTH="2062"
                    HEIGHT="131">
            <Shape><Polygon POINTS="604 234 604 267 738 247 825 261 827 261 830 261 1064 242 1220 250 1223 250 1226 250 1296 234 1382 247 1385 247 1388 247 1396 247 1622 225 1828 236 1839 236 1842 236 1847 236 1953 217 2664 217 2664 195 2659 144 2344 150 2341 150 2249 136 2246 136 2243 136 2201 153 2182 136 2179 136 2176 136 2174 136 2062 139 1912 156 1861 144 1859 144 1856 144 1853 144 1814 164 1730 147 1728 147 1638 167 1605 153 1602 153 1599 153 1393 175 1388 175 1385 175 1276 158 1273 158 1137 181 788 175 785 175 602 195 604 234"/></Shape>
	    <String CONTENT="grande que durant la dizaine d&#x27;année qui s&#x27;écoulèrent à partir de 187"
                    HPOS="602"
                    VPOS="136"
                    WIDTH="2062"
                    HEIGHT="131"
                    WC="0.9902645715645382"></String>
          </TextLine>
          <TextLine ID="eSc_line_cefa0515"
                    TAGREFS="LT31"
                    BASELINE="590 303 2670 242" 
                    HPOS="588"
                    VPOS="195"
                    WIDTH="2082"
                    HEIGHT="139">
            <Shape><Polygon POINTS="2594 195 2572 195 2558 208 2547 208 2466 214 2043 222 2040 222 2004 208 2001 208 1998 208 1995 208 1962 225 1959 225 1937 214 1934 214 1931 214 1825 228 1806 231 1767 231 1432 222 1429 222 1427 222 1424 222 1424 225 1410 236 1298 228 1296 228 1293 228 1245 247 1240 247 1220 247 1053 234 1050 234 964 253 953 259 830 259 827 259 805 242 802 242 799 242 797 242 794 242 791 242 766 261 763 264 588 264 590 303 590 334 2670 270 2670 242 2664 206 2611 195 2594 195"/></Shape>
	    <String CONTENT="jamais non plus les querelles &lt;. .i n&#x27;avaient &lt;..&gt; atteint en tel de"
                    HPOS="588"
                    VPOS="195"
                    WIDTH="2082"
                    HEIGHT="139"
                    WC="0.9579761799644021"></String>
          </TextLine>
          <TextLine ID="eSc_line_a37ecfe8"
                    TAGREFS="LT34"
                    BASELINE="1436 250 1682 239" 
                    HPOS="1436"
                    VPOS="239"
                    WIDTH="246"
                    HEIGHT="11">
	    <String CONTENT=""
                    HPOS="1436"
                    VPOS="239"
                    WIDTH="246"
                    HEIGHT="11"></String>
          </TextLine>
          <TextLine ID="eSc_line_d9b0b23e"
                    TAGREFS="LT34"
                    BASELINE="2026 292 2168 292" 
                    HPOS="2026"
                    VPOS="292"
                    WIDTH="142"
                    HEIGHT="0">
	    <String CONTENT=""
                    HPOS="2026"
                    VPOS="292"
                    WIDTH="142"
                    HEIGHT="0"></String>
          </TextLine>
          <TextLine ID="eSc_line_ba7e9fee"
                    TAGREFS="LT31"
                    BASELINE="582 376 1998 323 2653 309" 
                    HPOS="579"
                    VPOS="259"
                    WIDTH="2074"
                    HEIGHT="150">
            <Shape><Polygon POINTS="582 376 582 409 914 384 958 398 964 398 967 398 969 398 983 395 1067 378 1184 390 1201 390 1204 390 1206 390 1209 390 1243 373 1257 387 1259 387 1262 387 1265 387 1268 387 1273 387 1337 370 1376 384 1382 384 1385 384 1388 384 1390 384 1401 381 1471 364 1669 373 1708 373 1711 373 1725 370 1797 353 1859 364 1861 364 1962 345 2653 337 2653 309 2645 267 2335 273 2299 259 2296 259 2293 259 2291 259 2232 278 2213 261 2210 261 2207 261 2204 261 2201 261 2199 261 2199 264 2179 281 2176 281 2174 281 2109 264 2107 264 2104 264 1895 289 1859 292 1850 289 1800 275 1797 275 1794 275 1792 275 1789 275 1789 278 1769 292 1767 295 1733 295 1541 284 1538 284 1535 284 1474 303 1457 306 1393 303 1279 300 1276 300 1229 309 1201 314 1187 312 1142 298 1139 298 1137 298 1039 314 1008 320 986 317 914 306 911 306 908 306 905 306 889 320 880 325 838 323 738 312 735 312 579 328 582 376"/></Shape>
	    <String CONTENT="gré de nolence. Calholiquer et libéraux dressis s contre d.&gt; les autres"
                    HPOS="579"
                    VPOS="259"
                    WIDTH="2074"
                    HEIGHT="150"
                    WC="0.9624025678970445"></String>
          </TextLine>
          <TextLine ID="eSc_line_ad4104a4"
                    TAGREFS="LT31"
                    BASELINE="585 448 2020 390 2653 376" 
                    HPOS="579"
                    VPOS="328"
                    WIDTH="2074"
                    HEIGHT="145">
            <Shape><Polygon POINTS="585 448 585 473 2653 395 2653 376 2645 337 2427 342 2424 342 2355 328 2352 328 2193 351 2190 351 2187 351 1898 348 1895 348 1892 348 1831 364 1828 364 1764 351 1761 351 1758 351 1755 351 1728 367 1318 367 1315 367 1312 367 1309 367 1309 370 1293 384 1248 370 1245 370 1243 370 1159 390 1153 390 1128 390 805 387 802 387 579 409 585 448"/></Shape>
	    <String CONTENT="vivent dans un&#x27;etat de lutte permanente, aussi ineconciliables, aussiin¬"
                    HPOS="579"
                    VPOS="328"
                    WIDTH="2074"
                    HEIGHT="145"
                    WC="0.9877204563882616"></String>
          </TextLine>
          <TextLine ID="eSc_line_cf958ea0"
                    TAGREFS="LT31"
                    BASELINE="593 507 2062 454 2659 445" 
                    HPOS="590"
                    VPOS="395"
                    WIDTH="2069"
                    HEIGHT="151">
            <Shape><Polygon POINTS="593 507 593 546 680 526 1073 529 1098 529 1100 529 1112 529 1270 507 1421 518 1435 518 1438 518 1446 518 1527 498 1705 507 1708 507 1711 507 1714 507 1753 493 1833 504 1847 504 1850 504 1853 504 1856 504 1889 487 1925 498 1928 498 1931 498 1934 498 1937 498 1937 495 1951 484 2001 498 2006 498 2009 498 2012 498 2015 498 2017 498 2037 481 2168 493 2196 493 2199 493 2240 490 2410 470 2656 473 2659 445 2650 395 1680 431 1647 431 1524 423 1521 423 1449 437 1432 440 1421 440 1360 429 1357 429 1354 429 1351 429 1332 442 1329 442 1323 442 1276 431 1273 431 1270 431 1268 431 1245 445 1243 445 1187 434 1184 434 947 456 930 456 925 456 847 445 844 445 590 468 593 507"/></Shape>
	    <String CONTENT="tolirants que les guelfes et les gibelius du moyen age on les Queux et les papis¬"
                    HPOS="590"
                    VPOS="395"
                    WIDTH="2069"
                    HEIGHT="151"
                    WC="0.9936768677499559"></String>
          </TextLine>
          <TextLine ID="eSc_line_2a9c596a"
                    TAGREFS="LT31"
                    BASELINE="593 571 2628 512" 
                    HPOS="590"
                    VPOS="470"
                    WIDTH="2038"
                    HEIGHT="128">
            <Shape><Polygon POINTS="593 571 593 598 1098 593 1100 593 1126 585 1162 576 1234 582 1282 587 1284 587 1346 579 1468 565 1870 565 1873 565 1970 551 2148 559 2235 562 2238 562 2288 557 2391 540 2525 548 2528 548 2530 548 2533 548 2536 548 2558 534 2625 546 2628 512 2619 476 2168 484 2146 470 2143 470 2140 470 2137 470 2045 473 2043 473 2040 473 2017 490 1886 481 1884 481 1881 481 1831 495 1781 481 1778 481 1775 481 1772 481 1736 498 1624 490 1622 490 1538 504 1477 490 1474 490 1471 490 1468 490 1429 509 1329 512 1240 512 1220 498 1218 498 1215 498 1212 498 1075 518 1070 518 1064 518 978 504 975 504 972 504 928 520 886 507 883 507 880 507 699 529 688 529 682 529 618 515 615 515 613 515 610 515 590 526 593 571"/></Shape>
	    <String CONTENT="tés du XVIe siècle. An drapeau bleu et au blenet des libéraux, s&#x27;apposent le"
                    HPOS="590"
                    VPOS="470"
                    WIDTH="2038"
                    HEIGHT="128"
                    WC="0.9978194095586476"></String>
          </TextLine>
          <TextLine ID="eSc_line_1c287ccb"
                    TAGREFS="LT31"
                    BASELINE="582 646 2631 582" 
                    HPOS="579"
                    VPOS="532"
                    WIDTH="2052"
                    HEIGHT="147">
            <Shape><Polygon POINTS="582 646 582 679 847 679 850 679 872 674 936 657 964 668 967 668 969 668 1128 651 1178 663 1198 668 1201 668 1204 668 1206 668 1209 668 1218 663 1234 651 1304 660 1312 660 1315 660 1335 660 1496 637 1700 635 1722 646 1733 651 1736 651 1739 651 1775 643 1839 629 1873 640 1886 646 1889 646 1892 646 1939 637 2034 624 2182 632 2271 635 2274 635 2277 635 2279 635 2291 626 2302 621 2327 626 2357 632 2360 632 2449 621 2580 607 2628 615 2631 582 2622 532 579 604 582 646"/></Shape>
	    <String CONTENT="drapeau rose et le caquelicot des catholiques ; le chant des queux répond"
                    HPOS="579"
                    VPOS="532"
                    WIDTH="2052"
                    HEIGHT="147"
                    WC="0.9842425013241702"></String>
          </TextLine>
          <TextLine ID="eSc_line_1d56f824"
                    TAGREFS="LT31"
                    BASELINE="590 715 1566 668 2622 640" 
                    HPOS="588"
                    VPOS="598"
                    WIDTH="2034"
                    HEIGHT="143">
            <Shape><Polygon POINTS="590 715 590 741 1123 724 1134 724 1201 707 1463 710 1488 710 1491 710 1499 710 1585 693 1853 696 1881 696 1884 696 1892 696 1964 676 2622 668 2622 640 2614 598 588 668 590 715"/></Shape>
	    <String CONTENT="au lion de Flandre ; à la campague, on inseille les enterséments céails;"
                    HPOS="588"
                    VPOS="598"
                    WIDTH="2034"
                    HEIGHT="143"
                    WC="0.9770389893283583"></String>
          </TextLine>
          <TextLine ID="eSc_line_73846214"
                    TAGREFS="LT31"
                    BASELINE="588 774 2656 699" 
                    HPOS="585"
                    VPOS="651"
                    WIDTH="2071"
                    HEIGHT="154">
            <Shape><Polygon POINTS="588 774 588 805 2656 727 2656 699 2647 651 2486 668 2243 665 2199 665 2196 665 2182 668 2115 682 2073 671 2070 671 2068 671 2065 671 2037 674 1808 693 1761 682 1753 682 1750 682 1736 682 1647 702 585 724 588 774"/></Shape>
	    <String CONTENT="dans les grandes villes &lt;... ...... .. .........&gt; ou siffle les processions"
                    HPOS="585"
                    VPOS="651"
                    WIDTH="2071"
                    HEIGHT="154"
                    WC="0.9345904151598613"></String>
          </TextLine>
          <TextLine ID="eSc_line_f388e497"
                    TAGREFS="LT31"
                    BASELINE="582 844 2650 760" 
                    HPOS="579"
                    VPOS="713"
                    WIDTH="2071"
                    HEIGHT="167">
            <Shape><Polygon POINTS="582 844 582 866 646 880 649 880 652 880 707 863 710 863 769 874 772 874 774 874 819 860 819 858 825 858 1605 841 1680 830 1761 819 1806 827 1833 830 1836 830 1839 830 1861 824 1903 813 1967 821 2004 824 2006 824 2009 824 2012 824 2017 819 2034 805 2650 796 2650 760 2647 724 2567 713 2564 713 2561 713 2558 713 2558 715 2544 727 2494 715 2491 715 2488 715 2433 729 2422 732 2413 732 2357 721 2355 721 2352 721 2293 735 2282 738 2274 738 2218 727 2215 727 2213 727 2157 741 2143 743 2135 741 2095 732 2093 732 2090 732 2087 732 2084 732 2070 743 2065 746 2045 746 1953 738 1951 738 1889 752 1870 754 1817 754 1666 749 1663 749 1661 749 1613 760 1594 766 1555 763 1463 757 1460 757 1457 757 1454 757 1454 760 1446 768 1440 771 1385 771 1257 766 1254 766 1251 766 1229 777 1220 780 1212 777 1195 768 1192 768 1190 768 1131 780 1100 785 1081 782 1050 774 1047 774 1045 774 1042 774 997 785 969 793 579 799 582 844"/></Shape>
	    <String CONTENT="ou l&#x27;on dispesse les pélerinages à coup de cane. De part et d&#x27;autre la presse"
                    HPOS="579"
                    VPOS="713"
                    WIDTH="2071"
                    HEIGHT="167"
                    WC="0.9914269880814985"></String>
          </TextLine>
          <TextLine ID="eSc_line_d50c346b"
                    TAGREFS="LT31"
                    BASELINE="576 910 1357 888 2098 849 2639 838" 
                    HPOS="574"
                    VPOS="785"
                    WIDTH="2065"
                    HEIGHT="151">
            <Shape><Polygon POINTS="576 910 576 936 2636 866 2639 838 2636 802 2586 785 2583 785 2580 785 2488 805 2422 791 2419 791 2095 819 2087 819 2084 819 2031 805 2029 805 2026 805 1850 824 1800 813 1797 813 1794 813 1792 813 1789 813 1769 830 1725 816 1722 816 1719 816 1716 816 1644 835 1636 835 1619 835 1488 824 1485 824 1482 824 1418 841 1407 844 1399 844 1332 830 1329 830 1326 830 1323 830 1298 846 1296 846 1284 846 1187 835 1184 835 1181 835 1178 835 1153 849 1151 852 1137 852 1061 841 1059 841 1056 841 1011 855 1000 858 981 858 880 846 877 846 799 863 777 869 574 869 576 910"/></Shape>
	    <String CONTENT="d&#x27;everse l&#x27;npure ou la calomnie ccaules. La division est partout, au sein"
                    HPOS="574"
                    VPOS="785"
                    WIDTH="2065"
                    HEIGHT="151"
                    WC="0.9821984457643065"></String>
          </TextLine>
          <TextLine ID="eSc_line_123ea907"
                    TAGREFS="LT31"
                    BASELINE="576 986 2185 922 2636 922" 
                    HPOS="574"
                    VPOS="869"
                    WIDTH="2062"
                    HEIGHT="150">
            <Shape><Polygon POINTS="576 986 576 1005 719 1019 721 1019 724 1019 727 1019 752 1002 755 1002 760 1002 1025 1008 1028 1008 1103 991 1123 988 1145 991 1229 1000 1231 1000 1410 983 1505 975 1521 980 1544 988 1546 988 1549 988 1680 975 1772 966 1794 972 1811 977 1814 977 1817 977 1861 969 1931 958 1976 966 1992 969 1995 969 2079 963 2394 941 2633 947 2636 922 2631 869 2291 869 2288 869 2068 877 2065 877 2062 877 2062 880 2048 891 2045 891 1992 880 1990 880 1909 897 1900 897 1892 897 1842 885 1839 885 1769 899 1755 902 1747 902 1689 891 1686 891 1683 891 1647 905 1644 905 1636 905 1538 897 1535 897 1471 910 1454 913 1427 913 1315 905 1312 905 1309 905 1307 905 1293 916 1290 919 1284 919 1234 908 1231 908 1162 922 1145 924 1131 922 1084 913 1081 913 1011 927 992 933 574 941 576 986"/></Shape>
	    <String CONTENT="des familles, dans la vie sociale, pesque dans le chaix des fournesseurs."
                    HPOS="574"
                    VPOS="869"
                    WIDTH="2062"
                    HEIGHT="150"
                    WC="0.9893752540627571"></String>
          </TextLine>
          <TextLine ID="eSc_line_18b50115"
                    TAGREFS="LT31"
                    BASELINE="579 1050 2090 991 2645 980" 
                    HPOS="576"
                    VPOS="936"
                    WIDTH="2069"
                    HEIGHT="136">
            <Shape><Polygon POINTS="579 1050 579 1072 2645 1005 2645 980 2636 936 576 1011 579 1050"/></Shape>
	    <String CONTENT="La clentèle des médeeiis, des &lt;.ovoeats, des pharmaciens et des"
                    HPOS="576"
                    VPOS="936"
                    WIDTH="2069"
                    HEIGHT="136"
                    WC="0.9908243729954674"></String>
          </TextLine>
          <TextLine ID="eSc_line_2e253dd9"
                    TAGREFS="LT31"
                    BASELINE="582 1122 1845 1066 2664 1050" 
                    HPOS="579"
                    VPOS="1008"
                    WIDTH="2085"
                    HEIGHT="150">
            <Shape><Polygon POINTS="582 1122 582 1158 872 1133 919 1144 922 1144 925 1144 928 1144 978 1128 1025 1142 1028 1142 1031 1142 1034 1142 1036 1142 1039 1142 1112 1122 1240 1133 1254 1133 1257 1133 1265 1133 1343 1114 1460 1125 1480 1125 1482 1125 1485 1125 1493 1122 1560 1105 1680 1117 1702 1117 1705 1117 1725 1114 1806 1094 1964 1092 1995 1103 2004 1105 2006 1105 2009 1105 2031 1103 2098 1086 2196 1094 2229 1097 2232 1097 2664 1075 2664 1050 2659 1008 2168 1008 2165 1008 2004 1030 2001 1030 1998 1030 1786 1022 1783 1022 1259 1058 1257 1058 1187 1044 1184 1044 1028 1066 897 1058 894 1058 724 1078 685 1064 682 1064 680 1064 579 1083 582 1122"/></Shape>
	    <String CONTENT="épiciers dépend de l&#x27;opnion qu&#x27;ils affichent ou qu&#x27;ils profestent. Lacm."
                    HPOS="579"
                    VPOS="1008"
                    WIDTH="2085"
                    HEIGHT="150"
                    WC="0.9849101371235318"></String>
          </TextLine>
          <TextLine ID="eSc_line_d1dfd063"
                    TAGREFS="LT31"
                    BASELINE="574 1197 1755 1133 2650 1105" 
                    HPOS="571"
                    VPOS="1064"
                    WIDTH="2079"
                    HEIGHT="161">
            <Shape><Polygon POINTS="574 1197 574 1225 785 1206 1036 1206 1053 1206 1056 1206 1059 1206 1061 1206 1123 1189 1229 1197 1240 1197 1243 1197 1254 1197 1365 1178 1519 1183 1544 1183 1546 1183 1563 1181 1669 1164 1814 1170 1847 1170 1850 1170 1867 1167 1937 1153 2009 1161 2031 1161 2034 1161 2056 1158 2129 1142 2650 1128 2650 1105 2645 1064 571 1150 574 1197"/></Shape>
	    <String CONTENT="&lt;....&gt; C&#x27;est une houte que de ne pas se réclamer d&#x27;un partiet un dan¬"
                    HPOS="571"
                    VPOS="1064"
                    WIDTH="2079"
                    HEIGHT="161"
                    WC="0.987760381422181"></String>
          </TextLine>
          <TextLine ID="eSc_line_c3cfc93f"
                    TAGREFS="LT34"
                    BASELINE="1633 1178 1860 1170" 
                    HPOS="1633"
                    VPOS="1170"
                    WIDTH="227"
                    HEIGHT="8">
	    <String CONTENT=""
                    HPOS="1633"
                    VPOS="1170"
                    WIDTH="227"
                    HEIGHT="8"></String>
          </TextLine>
          <TextLine ID="eSc_line_617b9b25"
                    TAGREFS="LT31"
                    BASELINE="588 1259 2135 1181 2653 1164" 
                    HPOS="582"
                    VPOS="1108"
                    WIDTH="2071"
                    HEIGHT="187">
            <Shape><Polygon POINTS="588 1259 588 1295 707 1278 967 1278 969 1278 972 1278 975 1278 995 1264 1332 1264 1332 1261 1449 1242 1546 1250 1549 1250 1552 1250 1555 1250 1580 1236 1781 1239 1783 1239 1906 1220 1962 1231 1964 1231 2079 1211 2135 1222 2137 1222 2140 1222 2196 1203 2653 1197 2653 1164 2645 1108 2586 1125 2502 1114 2483 1114 2480 1114 2477 1114 2466 1117 2413 1136 2023 1142 1786 1147 1627 1156 1624 1156 1622 1156 1611 1164 1597 1172 1488 1172 1343 1170 1340 1170 1337 1170 1335 1170 1321 1181 1312 1186 1209 1186 1045 1186 1042 1186 872 1206 811 1211 794 1209 733 1200 730 1200 582 1220 588 1259"/></Shape>
	    <String CONTENT="ger se n&#x27;appartenir point à une &lt;.......&gt; politique. Chaque étution"
                    HPOS="582"
                    VPOS="1108"
                    WIDTH="2071"
                    HEIGHT="187"
                    WC="0.9589384566335117"></String>
          </TextLine>
          <TextLine ID="eSc_line_c55a913d"
                    TAGREFS="LT31"
                    BASELINE="588 1334 1443 1281 2642 1228" 
                    HPOS="585"
                    VPOS="1175"
                    WIDTH="2057"
                    HEIGHT="187">
            <Shape><Polygon POINTS="588 1334 588 1362 763 1342 802 1353 805 1353 808 1353 813 1353 925 1334 1020 1342 1031 1342 1034 1342 1047 1342 1145 1323 1407 1323 1466 1323 1466 1320 1468 1320 1480 1317 1535 1303 1652 1309 1697 1309 1700 1309 1702 1309 1722 1303 1772 1289 2639 1253 2642 1228 2633 1175 2502 1195 2330 1192 2305 1192 2302 1192 2299 1192 2291 1195 2235 1209 2204 1197 2199 1197 2196 1197 2193 1197 2190 1197 2182 1200 2132 1214 2051 1206 2026 1206 2023 1206 1962 1211 1800 1234 1527 1236 1307 1242 1304 1242 1268 1253 1237 1259 1139 1259 972 1259 969 1259 967 1259 928 1270 911 1278 585 1289 588 1334"/></Shape>
	    <String CONTENT="pour la province, pour la commume eu pour le Parlemant est une bataille"
                    HPOS="585"
                    VPOS="1175"
                    WIDTH="2057"
                    HEIGHT="187"
                    WC="0.9742149341274315"></String>
          </TextLine>
          <TextLine ID="eSc_line_668ec26c"
                    TAGREFS="LT31"
                    BASELINE="582 1395 2625 1292" 
                    HPOS="579"
                    VPOS="1250"
                    WIDTH="2046"
                    HEIGHT="170">
            <Shape><Polygon POINTS="582 1395 582 1420 825 1404 978 1406 1078 1406 1081 1406 1178 1395 1357 1376 1429 1384 1463 1387 1466 1387 1541 1378 1705 1359 1937 1359 2015 1359 2017 1359 2043 1353 2132 1337 2246 1345 2263 1345 2266 1345 2277 1342 2357 1326 2622 1326 2625 1292 2619 1250 579 1351 582 1395"/></Shape>
	    <String CONTENT="où tous les moyens sont bous pour l&#x27;emporter et pour laquelle les deux"
                    HPOS="579"
                    VPOS="1250"
                    WIDTH="2046"
                    HEIGHT="170"
                    WC="0.9839186429977417"></String>
          </TextLine>
          <TextLine ID="eSc_line_12b84853"
                    TAGREFS="LT31"
                    BASELINE="579 1465 2121 1381 2619 1367" 
                    HPOS="576"
                    VPOS="1320"
                    WIDTH="2043"
                    HEIGHT="175">
            <Shape><Polygon POINTS="579 1465 579 1495 2619 1392 2619 1367 2614 1320 1783 1365 1778 1365 1750 1353 1747 1353 1744 1353 1558 1376 1519 1378 1510 1378 1474 1367 1471 1367 1468 1367 1326 1387 1301 1390 1279 1390 1151 1384 1148 1384 1047 1401 1034 1404 1022 1404 933 1395 930 1395 827 1415 816 1415 808 1415 716 1406 713 1406 576 1426 579 1465"/></Shape>
	    <String CONTENT="partis mobilirent leuds presse, leurs ressounces et leurs agents. Comme des"
                    HPOS="576"
                    VPOS="1320"
                    WIDTH="2043"
                    HEIGHT="175"
                    WC="0.9872182631492614"></String>
          </TextLine>
          <TextLine ID="eSc_line_a6a501af"
                    TAGREFS="LT31"
                    BASELINE="571 1534 1480 1498 2252 1448 2645 1440" 
                    HPOS="568"
                    VPOS="1395"
                    WIDTH="2077"
                    HEIGHT="165">
            <Shape><Polygon POINTS="571 1534 571 1560 1622 1523 1761 1504 1811 1498 1822 1501 1856 1512 1859 1512 1861 1512 1995 1493 2040 1487 2062 1490 2135 1498 2137 1498 2140 1498 2196 1482 2215 1479 2252 1479 2377 1487 2380 1487 2383 1487 2438 1470 2452 1468 2472 1468 2561 1479 2564 1479 2645 1459 2645 1440 2642 1401 2430 1395 2427 1395 2346 1412 2335 1415 2332 1415 2313 1401 2310 1401 2307 1401 2305 1401 2135 1423 2101 1426 2098 1423 2073 1412 2070 1412 2068 1412 1964 1431 1951 1431 1939 1431 1856 1423 1853 1423 1850 1423 1847 1423 1833 1437 1831 1440 1820 1437 1781 1426 1778 1426 1775 1426 1689 1443 1655 1448 1627 1445 1555 1437 1552 1437 1549 1437 1499 1451 1477 1456 1413 1456 1251 1451 1248 1451 1245 1451 1243 1451 1220 1465 1212 1468 1162 1468 1017 1462 1014 1462 1011 1462 972 1476 953 1484 568 1493 571 1534"/></Shape>
	    <String CONTENT="étals. majors les associations politiques dirigent les opérations ;elles orga¬"
                    HPOS="568"
                    VPOS="1395"
                    WIDTH="2077"
                    HEIGHT="165"
                    WC="0.9925572383098114"></String>
          </TextLine>
          <TextLine ID="eSc_line_322eb3db"
                    TAGREFS="LT31"
                    BASELINE="565 1601 1092 1587 2416 1518 2656 1521" 
                    HPOS="563"
                    VPOS="1462"
                    WIDTH="2093"
                    HEIGHT="167">
            <Shape><Polygon POINTS="565 1601 565 1629 1976 1579 2034 1573 2162 1557 2243 1565 2268 1565 2271 1565 2307 1562 2449 1543 2653 1546 2656 1521 2653 1473 2488 1462 2486 1462 2483 1462 2427 1482 2422 1482 2419 1482 2374 1468 2371 1468 2369 1468 2107 1493 2015 1501 1995 1498 1959 1487 1956 1487 1953 1487 1870 1501 1825 1509 1739 1507 1633 1504 1630 1504 1558 1515 1477 1526 1463 1518 1457 1512 1454 1512 1452 1512 1449 1512 1446 1512 1415 1521 1365 1532 1296 1523 1254 1521 1251 1521 1176 1529 1011 1551 563 1551 565 1601"/></Shape>
	    <String CONTENT="nisent les mectings, laucent des &quot;tracts&quot;, rédigent les affiches et les &quot;po¬"
                    HPOS="563"
                    VPOS="1462"
                    WIDTH="2093"
                    HEIGHT="167"
                    WC="0.9911525069098723"></String>
          </TextLine>
          <TextLine ID="eSc_line_b28ce365"
                    TAGREFS="LT31"
                    BASELINE="563 1677 1666 1635 2146 1601 2659 1590" 
                    HPOS="560"
                    VPOS="1537"
                    WIDTH="2099"
                    HEIGHT="156">
            <Shape><Polygon POINTS="563 1677 563 1693 1820 1660 1853 1654 1934 1638 2316 1624 2399 1635 2402 1635 2530 1615 2656 1626 2659 1590 2656 1554 2511 1537 2508 1537 2449 1540 2447 1540 2444 1540 2416 1562 2413 1562 2410 1562 2307 1546 2305 1546 2084 1554 2082 1554 2029 1573 1836 1565 1833 1565 1831 1565 1828 1565 1797 1587 1792 1590 1769 1587 1680 1576 1677 1576 1675 1576 1638 1593 1630 1599 1429 1604 1424 1601 1410 1590 1407 1590 1404 1590 1401 1590 1399 1590 1396 1590 1379 1604 1371 1607 1335 1604 1226 1599 1223 1599 1220 1599 1184 1612 1170 1618 1050 1618 744 1618 741 1618 738 1618 735 1618 721 1629 719 1632 713 1629 674 1615 671 1615 668 1615 560 1635 563 1677"/></Shape>
	    <String CONTENT="testations de foi&quot; pointent sur les listes électorales les &quot;bons&quot;, lei man¬"
                    HPOS="560"
                    VPOS="1537"
                    WIDTH="2099"
                    HEIGHT="156"
                    WC="0.992095057964325"></String>
          </TextLine>
          <TextLine ID="eSc_line_b054c7ca"
                    TAGREFS="LT31"
                    BASELINE="568 1746 2625 1660" 
                    HPOS="563"
                    VPOS="1615"
                    WIDTH="2062"
                    HEIGHT="165">
            <Shape><Polygon POINTS="568 1746 568 1780 2625 1693 2625 1660 2619 1618 2422 1615 2419 1615 2305 1632 2282 1638 1884 1651 1878 1651 1842 1640 1839 1640 1836 1640 1769 1654 1755 1657 1736 1657 1633 1649 1630 1649 1627 1649 1624 1649 1624 1651 1613 1663 1611 1663 1577 1663 1362 1660 1360 1660 1245 1677 1223 1679 1184 1679 969 1677 967 1677 563 1704 568 1746"/></Shape>
	    <String CONTENT="vais. et surtout les &quot;douteux&quot;, préparent et confectionnent les brille¬"
                    HPOS="563"
                    VPOS="1615"
                    WIDTH="2062"
                    HEIGHT="165"
                    WC="0.9983666883388036"></String>
          </TextLine>
          <TextLine ID="eSc_line_54f744a3"
                    TAGREFS="LT31"
                    BASELINE="574 1813 2455 1738 2622 1741" 
                    HPOS="571"
                    VPOS="1691"
                    WIDTH="2051"
                    HEIGHT="158">
            <Shape><Polygon POINTS="574 1813 574 1849 808 1830 1008 1833 1134 1835 1137 1835 1139 1835 1167 1827 1201 1819 1234 1824 1268 1830 1270 1830 1337 1821 1429 1808 1502 1813 1555 1819 1558 1819 1711 1805 1856 1794 1909 1799 1953 1802 1956 1802 1959 1802 1962 1802 1970 1796 1987 1782 2126 1777 2179 1788 2199 1791 2201 1791 2204 1791 2207 1791 2213 1785 2226 1774 2424 1777 2449 1777 2452 1777 2455 1777 2458 1777 2480 1763 2619 1769 2622 1741 2617 1691 571 1769 574 1813"/></Shape>
	    <String CONTENT="tins de vote marqués d&#x27;un signe qui permettra de les reconnaître au"
                    HPOS="571"
                    VPOS="1691"
                    WIDTH="2051"
                    HEIGHT="158"
                    WC="0.9879889861861272"></String>
          </TextLine>
          <TextLine ID="eSc_line_0e9e0b42"
                    TAGREFS="LT31"
                    BASELINE="571 1888 2567 1821" 
                    HPOS="568"
                    VPOS="1771"
                    WIDTH="1999"
                    HEIGHT="151">
            <Shape><Polygon POINTS="571 1888 571 1913 727 1922 730 1922 785 1908 830 1899 894 1905 967 1913 969 1913 972 1913 975 1913 986 1905 1000 1894 1073 1902 1137 1908 1139 1908 1220 1897 1335 1883 1446 1891 1457 1891 1460 1891 1463 1891 1466 1891 1491 1877 1730 1883 1814 1886 1817 1886 1870 1880 2017 1863 2121 1874 2137 1874 2140 1874 2143 1874 2151 1872 2235 1852 2564 1860 2567 1821 2558 1771 1563 1819 1502 1805 1499 1805 1496 1805 1488 1805 1312 1827 1237 1813 1231 1813 1229 1813 1223 1813 1142 1833 1070 1819 1067 1819 1064 1819 1056 1819 891 1841 850 1827 847 1827 844 1827 841 1827 838 1827 808 1847 646 1849 568 1835 571 1888"/></Shape>
	    <String CONTENT="moment die dépouillement des suffrages et d&#x27;arquitter le prix"
                    HPOS="568"
                    VPOS="1771"
                    WIDTH="1999"
                    HEIGHT="151"
                    WC="0.9933657685264212"></String>
          </TextLine>
          <TextLine ID="eSc_line_96adc5ea"
                    TAGREFS="LT31"
                    BASELINE="568 1966 2221 1902 2617 1897" 
                    HPOS="565"
                    VPOS="1844"
                    WIDTH="2052"
                    HEIGHT="145">
            <Shape><Polygon POINTS="568 1966 568 1989 2617 1919 2617 1897 2611 1852 2332 1844 2330 1844 2327 1844 2271 1860 2252 1866 2235 1863 2190 1849 2187 1849 2185 1849 2182 1849 2129 1866 2107 1872 2087 1866 2051 1855 2048 1855 2045 1855 2043 1855 2015 1869 1998 1877 1859 1880 1845 1874 1828 1866 1825 1866 1822 1866 1820 1866 1817 1866 1817 1869 1808 1874 1800 1886 1736 1886 1666 1880 1588 1872 1585 1872 1482 1886 1362 1899 1276 1891 1218 1886 1215 1886 1212 1886 1184 1894 1134 1908 1092 1897 1073 1891 1070 1891 1067 1891 1064 1891 1039 1897 983 1913 836 1905 797 1902 794 1902 774 1905 691 1925 565 1913 568 1966"/></Shape>
	    <String CONTENT="convenu pour leur introduition dans l&#x27;une &lt;.......&gt; Pendant"
                    HPOS="565"
                    VPOS="1844"
                    WIDTH="2052"
                    HEIGHT="145"
                    WC="0.9691404841713986"></String>
          </TextLine>
          <TextLine ID="eSc_line_c39ac529"
                    TAGREFS="LT31"
                    BASELINE="576 2039 2266 1969 2645 1964" 
                    HPOS="571"
                    VPOS="1919"
                    WIDTH="2074"
                    HEIGHT="156">
            <Shape><Polygon POINTS="576 2039 579 2075 652 2055 811 2053 844 2067 847 2067 850 2067 852 2067 866 2064 930 2050 1223 2050 1270 2050 1273 2050 1284 2047 1360 2030 1401 2044 1404 2044 1407 2044 1410 2044 1452 2042 1781 2014 1820 2028 1822 2028 1825 2028 1833 2028 1920 2011 2026 2019 2034 2019 2037 2019 2054 2019 2249 1994 2291 2008 2293 2008 2296 2008 2299 2008 2461 1986 2642 1994 2645 1964 2636 1919 571 2000 576 2039"/></Shape>
	    <String CONTENT="que les loges maconniques pourvoient la propagande libérale, le cler¬"
                    HPOS="571"
                    VPOS="1919"
                    WIDTH="2074"
                    HEIGHT="156"
                    WC="0.985373236130977"></String>
          </TextLine>
          <TextLine ID="eSc_line_996416e0"
                    TAGREFS="LT31"
                    BASELINE="588 2111 2090 2042 2650 2025" 
                    HPOS="582"
                    VPOS="1980"
                    WIDTH="2068"
                    HEIGHT="173">
            <Shape><Polygon POINTS="588 2111 590 2153 654 2131 749 2142 752 2142 755 2142 758 2142 780 2125 816 2136 819 2136 822 2136 919 2120 958 2136 961 2136 964 2136 981 2136 1340 2100 1396 2117 1399 2117 1401 2117 1404 2117 1418 2117 1599 2089 1694 2100 1697 2100 1700 2100 1702 2100 1719 2083 1772 2100 1775 2100 1778 2100 1781 2100 1794 2097 1909 2075 2112 2083 2123 2083 2126 2083 2135 2083 2238 2061 2330 2075 2344 2075 2346 2075 2371 2072 2536 2047 2647 2058 2650 2025 2645 1980 582 2072 588 2111"/></Shape>
	    <String CONTENT="gé, dans les églises prèète en faveur des caudidats catholiques et fait"
                    HPOS="582"
                    VPOS="1980"
                    WIDTH="2068"
                    HEIGHT="173"
                    WC="0.9990908192916655"></String>
          </TextLine>
          <TextLine ID="eSc_line_b4348ad1"
                    TAGREFS="LT31"
                    BASELINE="576 2184 2622 2089" 
                    HPOS="574"
                    VPOS="2047"
                    WIDTH="2048"
                    HEIGHT="176">
            <Shape><Polygon POINTS="576 2184 576 2223 696 2203 752 2217 755 2217 758 2217 760 2217 908 2198 1047 2203 1050 2203 1053 2203 1056 2203 1123 2184 1145 2198 1148 2198 1151 2198 1153 2198 1156 2198 1198 2181 1290 2192 1293 2192 1296 2192 1298 2192 1301 2192 1360 2175 1407 2186 1410 2186 1413 2186 1415 2186 1418 2186 1440 2170 1524 2181 1530 2181 1532 2181 1566 2181 2026 2145 2073 2156 2076 2156 2079 2156 2082 2156 2095 2153 2204 2133 2291 2145 2296 2145 2299 2145 2310 2145 2444 2122 2619 2128 2622 2089 2617 2047 574 2142 576 2184"/></Shape>
	    <String CONTENT="prier les fidèles pour leur suecés. Le jour du scrutin tout le pays est en"
                    HPOS="574"
                    VPOS="2047"
                    WIDTH="2048"
                    HEIGHT="176"
                    WC="0.9953847543613331"></String>
          </TextLine>
          <TextLine ID="eSc_line_9041de71"
                    TAGREFS="LT31"
                    BASELINE="568 2259 2469 2170 2650 2172" 
                    HPOS="565"
                    VPOS="2125"
                    WIDTH="2085"
                    HEIGHT="173">
            <Shape><Polygon POINTS="568 2259 571 2298 638 2278 841 2284 844 2284 930 2264 983 2278 986 2278 989 2278 992 2278 1053 2259 1100 2273 1103 2273 1106 2273 1114 2273 1362 2248 1446 2256 1449 2256 1452 2256 1454 2256 1471 2242 1516 2253 1519 2253 1521 2253 1527 2253 1775 2228 1884 2237 1889 2237 1892 2237 1898 2237 2012 2214 2065 2228 2068 2228 2070 2228 2073 2228 2076 2228 2132 2211 2185 2223 2187 2223 2190 2223 2213 2223 2555 2189 2645 2200 2650 2172 2647 2125 1931 2145 1928 2145 1925 2145 1925 2147 1917 2153 1912 2161 1680 2170 1619 2164 1566 2161 1563 2161 1513 2170 1443 2181 1407 2172 1385 2170 1382 2170 1318 2178 1198 2192 1162 2184 1151 2181 1148 2181 1145 2181 1120 2184 1059 2198 986 2189 964 2189 961 2189 903 2195 660 2217 565 2209 568 2259"/></Shape>
	    <String CONTENT="fcire et le soir les vainqueurs cilébrent leur triemphe par des sérénades"
                    HPOS="565"
                    VPOS="2125"
                    WIDTH="2085"
                    HEIGHT="173"
                    WC="0.9853703796047054"></String>
          </TextLine>
          <TextLine ID="eSc_line_6ca1cda2"
                    TAGREFS="LT31"
                    BASELINE="565 2331 1700 2289 2617 2234" 
                    HPOS="563"
                    VPOS="2186"
                    WIDTH="2054"
                    HEIGHT="181">
            <Shape><Polygon POINTS="565 2331 565 2362 699 2365 702 2365 705 2365 727 2356 752 2348 772 2356 799 2367 802 2367 805 2367 808 2367 852 2351 872 2345 889 2351 922 2362 925 2362 928 2362 930 2362 964 2348 989 2337 1067 2342 1156 2351 1159 2351 1162 2351 1190 2340 1204 2334 1254 2337 1323 2340 1326 2340 1385 2331 1471 2317 1532 2326 1585 2331 1588 2331 1689 2320 1814 2303 1859 2312 1886 2317 1889 2317 1925 2309 2015 2289 2076 2303 2093 2306 2095 2306 2098 2306 2101 2306 2104 2303 2135 2281 2193 2281 2260 2281 2279 2295 2282 2298 2285 2298 2288 2298 2291 2298 2293 2298 2296 2298 2299 2295 2321 2276 2430 2270 2463 2289 2466 2289 2469 2289 2472 2289 2617 2281 2617 2234 2608 2186 2555 2203 2366 2198 2349 2198 2346 2198 2344 2198 2341 2198 2310 2217 2162 2223 2056 2211 2048 2211 2045 2211 2043 2211 2040 2211 1981 2231 1825 2223 1822 2223 1820 2223 1817 2223 1814 2223 1797 2239 1563 2250 1510 2237 1507 2237 1505 2237 1491 2237 1259 2264 1151 2253 1145 2253 1142 2253 1139 2253 1081 2273 797 2270 785 2270 783 2270 780 2270 719 2289 563 2281 565 2331"/></Shape>
	    <String CONTENT="des cortiges et des illeminations pendant que les veineus déchargent"
                    HPOS="563"
                    VPOS="2186"
                    WIDTH="2054"
                    HEIGHT="181"
                    WC="0.9837780200383243"></String>
          </TextLine>
          <TextLine ID="eSc_line_67879f91"
                    TAGREFS="LT31"
                    BASELINE="560 2404 1789 2359" 
                    HPOS="557"
                    VPOS="2315"
                    WIDTH="1232"
                    HEIGHT="114">
            <Shape><Polygon POINTS="560 2404 560 2420 785 2429 788 2429 1234 2406 1725 2381 1786 2393 1789 2359 1783 2320 1463 2315 1460 2315 1457 2315 1388 2334 1379 2334 1365 2334 1231 2323 1229 2323 1226 2323 1223 2323 1198 2340 1192 2340 1078 2328 1075 2328 557 2362 560 2404"/></Shape>
	    <String CONTENT="leur &lt;...&gt; colère en brisant des vitres."
                    HPOS="557"
                    VPOS="2315"
                    WIDTH="1232"
                    HEIGHT="114"
                    WC="0.9808155581355095"></String>
          </TextLine>
          <TextLine ID="eSc_line_aaae0f0f"
                    TAGREFS="LT31"
                    BASELINE="593 2476 2583 2409" 
                    HPOS="590"
                    VPOS="2356"
                    WIDTH="1993"
                    HEIGHT="145">
            <Shape><Polygon POINTS="593 2476 593 2501 1396 2484 1399 2484 1415 2479 1440 2471 1463 2479 1474 2482 1477 2482 1480 2482 1482 2482 1493 2476 1519 2468 1555 2476 1577 2479 1580 2479 1636 2473 1761 2459 1875 2468 1912 2468 1914 2468 1934 2465 2004 2451 2065 2462 2076 2462 2079 2462 2109 2459 2266 2443 2327 2454 2332 2454 2335 2454 2349 2454 2500 2434 2580 2445 2583 2409 2578 2373 2419 2356 2416 2356 2349 2359 2346 2359 2344 2359 2344 2362 2327 2379 2324 2379 2302 2379 2101 2367 2098 2367 2095 2367 2093 2367 2073 2384 2070 2384 2009 2370 2006 2370 2004 2370 1973 2387 1964 2390 1923 2387 1833 2381 1831 2381 1786 2390 1750 2398 1663 2393 1541 2387 1538 2387 1535 2387 1510 2398 1488 2406 1215 2404 1061 2404 1059 2404 1056 2404 1042 2409 1003 2423 956 2412 953 2412 950 2412 841 2429 777 2415 760 2412 758 2412 755 2412 738 2415 666 2434 590 2420 593 2476"/></Shape>
	    <String CONTENT="Poussic à ce point d&#x27;exaspération la passion politique eut infaillible."
                    HPOS="590"
                    VPOS="2356"
                    WIDTH="1993"
                    HEIGHT="145"
                    WC="0.9982878930038876"></String>
          </TextLine>
          <TextLine ID="eSc_line_bd024dcf"
                    TAGREFS="LT31"
                    BASELINE="557 2543 2578 2468" 
                    HPOS="554"
                    VPOS="2432"
                    WIDTH="2024"
                    HEIGHT="133">
            <Shape><Polygon POINTS="557 2543 557 2565 1898 2529 1970 2523 2207 2504 2575 2504 2578 2468 2569 2432 554 2498 557 2543"/></Shape>
	    <String CONTENT="ment abouté à la guerre civile si la restriction du droit de suffrage"
                    HPOS="554"
                    VPOS="2432"
                    WIDTH="2024"
                    HEIGHT="133"
                    WC="0.9923385790416173"></String>
          </TextLine>
          <TextLine ID="eSc_line_723da9ff"
                    TAGREFS="LT31"
                    BASELINE="551 2611 2580 2535" 
                    HPOS="549"
                    VPOS="2487"
                    WIDTH="2031"
                    HEIGHT="151">
            <Shape><Polygon POINTS="551 2638 2502 2560 2578 2571 2580 2535 2572 2487 549 2568 551 2607"/></Shape>
	    <String CONTENT="ne l&#x27;avait circonscrite. &lt;...&gt; limiles de la bourgeoisée censétaire."
                    HPOS="549"
                    VPOS="2487"
                    WIDTH="2031"
                    HEIGHT="151"
                    WC="0.9932707776041592"></String>
          </TextLine>
          <TextLine ID="eSc_line_78886410"
                    TAGREFS="LT34"
                    BASELINE="1303 2564 1424 2551" 
                    HPOS="1303"
                    VPOS="2551"
                    WIDTH="121"
                    HEIGHT="13">
	    <String CONTENT=""
                    HPOS="1303"
                    VPOS="2551"
                    WIDTH="121"
                    HEIGHT="13"></String>
          </TextLine>
          <TextLine ID="eSc_line_e3030ab0"
                    TAGREFS="LT34"
                    BASELINE="1435 2611 1669 2611" 
                    HPOS="1435"
                    VPOS="2611"
                    WIDTH="234"
                    HEIGHT="0">
	    <String CONTENT=""
                    HPOS="1435"
                    VPOS="2611"
                    WIDTH="234"
                    HEIGHT="0"></String>
          </TextLine>
          <TextLine ID="eSc_line_1343756f"
                    TAGREFS="LT31"
                    BASELINE="551 2671 1457 2649 2606 2593" 
                    HPOS="549"
                    VPOS="2549"
                    WIDTH="2057"
                    HEIGHT="156">
            <Shape><Polygon POINTS="551 2671 551 2705 2606 2627 2606 2593 2600 2560 2397 2549 2394 2549 2296 2565 2263 2554 2260 2554 2257 2554 2254 2554 2196 2574 2176 2582 1686 2596 1672 2593 1619 2579 1616 2579 1613 2579 1432 2588 1429 2588 1427 2588 1407 2604 1399 2610 1374 2604 1337 2599 1335 2599 1332 2599 1293 2607 1259 2615 1165 2613 1053 2610 1050 2610 1047 2610 1031 2618 1020 2624 1008 2618 983 2610 981 2610 978 2610 911 2624 875 2629 861 2624 830 2613 827 2613 825 2613 822 2613 772 2627 744 2635 716 2629 657 2618 654 2618 549 2635 551 2671"/></Shape>
	    <String CONTENT="l&#x27;ejen de la lutte étant la &lt;....&gt; du pouvoir, &lt;.............&gt;"
                    HPOS="549"
                    VPOS="2549"
                    WIDTH="2057"
                    HEIGHT="156"
                    WC="0.929678693894417"></String>
          </TextLine>
          <TextLine ID="eSc_line_d1fce529"
                    TAGREFS="LT31"
                    BASELINE="554 2738 1117 2727 1873 2685 2622 2660" 
                    HPOS="551"
                    VPOS="2607"
                    WIDTH="2071"
                    HEIGHT="170">
            <Shape><Polygon POINTS="554 2738 554 2777 660 2757 825 2769 836 2769 838 2769 1245 2752 1262 2749 1340 2732 1385 2744 1396 2746 1399 2746 1401 2746 1424 2744 1485 2730 1655 2732 1728 2732 1730 2732 1733 2732 1747 2727 1792 2710 2622 2688 2622 2660 2619 2624 2561 2607 2558 2607 2555 2607 2553 2607 2480 2627 2416 2613 2413 2613 2210 2638 2196 2638 2187 2638 2095 2627 2093 2627 2090 2627 2037 2643 2034 2643 2031 2643 2001 2629 1998 2629 1995 2629 1750 2654 1694 2657 1669 2657 1558 2646 1555 2646 1449 2663 1413 2668 1376 2666 1276 2657 1273 2657 1212 2671 1187 2679 551 2693 554 2738"/></Shape>
	    <String CONTENT="&lt;........&gt; seuls y participaient les détenteurs de la frarechi¬"
                    HPOS="551"
                    VPOS="2607"
                    WIDTH="2071"
                    HEIGHT="170"
                    WC="0.9812572352469914"></String>
          </TextLine>
          <TextLine ID="eSc_line_166a59b9"
                    TAGREFS="LT31"
                    BASELINE="560 2808 1588 2771 2015 2741 2606 2730" 
                    HPOS="557"
                    VPOS="2679"
                    WIDTH="2049"
                    HEIGHT="162">
            <Shape><Polygon POINTS="560 2808 563 2841 646 2819 891 2830 942 2830 944 2830 1259 2819 1262 2819 1276 2813 1312 2799 1566 2802 1613 2802 1616 2802 1633 2799 1728 2777 1828 2777 1859 2791 1873 2796 1875 2796 1878 2796 1928 2788 2040 2766 2606 2760 2606 2730 2600 2693 2438 2679 2436 2679 2433 2679 2430 2679 2430 2682 2410 2699 2408 2702 2344 2702 2335 2702 2235 2688 2232 2688 2031 2707 1881 2699 1878 2699 1755 2721 1627 2710 1624 2710 1622 2710 1619 2710 1591 2727 1471 2721 1468 2721 1466 2721 1410 2735 1407 2735 1340 2718 1337 2718 1335 2718 1332 2718 1329 2718 1304 2741 1006 2749 903 2735 900 2735 897 2735 852 2755 716 2741 713 2741 557 2766 560 2808"/></Shape>
	    <String CONTENT="se electorale. Le piyadig.t &lt;.. ......... ... ..... ... ..&gt;"
                    HPOS="557"
                    VPOS="2679"
                    WIDTH="2049"
                    HEIGHT="162"
                    WC="0.9145756131511623"></String>
          </TextLine>
          <TextLine ID="eSc_line_7ad8d24a"
                    TAGREFS="LT34"
                    BASELINE="1663 2794 1975 2776" 
                    HPOS="1663"
                    VPOS="2776"
                    WIDTH="312"
                    HEIGHT="18">
	    <String CONTENT=""
                    HPOS="1663"
                    VPOS="2776"
                    WIDTH="312"
                    HEIGHT="18"></String>
          </TextLine>
          <TextLine ID="eSc_line_4852c515"
                    TAGREFS="LT31"
                    BASELINE="563 2869 1008 2861 2082 2796 2631 2780" 
                    HPOS="557"
                    VPOS="2732"
                    WIDTH="2074"
                    HEIGHT="165">
            <Shape><Polygon POINTS="2480 2732 2452 2735 2427 2735 2293 2752 2274 2738 2271 2738 2268 2738 2266 2738 2263 2738 2190 2757 2146 2746 2143 2746 2140 2746 2137 2746 2135 2746 2115 2763 2112 2763 2093 2763 1914 2755 1912 2755 1658 2769 1655 2769 1652 2769 1630 2783 1622 2788 1594 2785 1549 2780 1546 2780 1485 2791 1446 2796 1440 2791 1429 2783 1427 2783 1424 2783 1421 2783 1418 2783 1415 2783 1396 2794 1388 2799 1362 2796 1312 2788 1309 2788 1231 2802 1178 2810 1167 2805 1162 2799 1159 2799 1156 2799 1153 2799 1036 2810 914 2822 889 2816 844 2808 841 2808 774 2822 721 2833 680 2827 629 2819 627 2819 557 2830 563 2869 563 2897 1407 2872 1574 2858 1758 2841 1820 2847 1856 2849 1859 2849 2020 2838 2424 2808 2625 2810 2631 2780 2625 2741 2508 2744 2486 2732 2480 2732"/></Shape>
	    <String CONTENT="taie.t Pur cing millions de Belges, &lt;..... .....&gt; de 1000-0 étaent"
                    HPOS="557"
                    VPOS="2732"
                    WIDTH="2074"
                    HEIGHT="165"
                    WC="0.904281291997794"></String>
          </TextLine>
          <TextLine ID="eSc_line_17335012"
                    TAGREFS="LT31"
                    BASELINE="560 2933 1234 2916 1719 2877 2633 2844" 
                    HPOS="557"
                    VPOS="2808"
                    WIDTH="2076"
                    HEIGHT="156">
            <Shape><Polygon POINTS="560 2933 560 2964 1399 2939 1401 2939 1424 2933 1471 2922 1507 2930 1519 2933 1521 2933 1524 2933 1527 2933 1530 2933 1532 2930 1563 2911 1753 2902 1859 2919 1875 2919 1878 2919 1881 2919 1884 2919 1884 2916 1903 2897 2029 2888 2123 2888 2154 2908 2157 2908 2160 2908 2162 2908 2165 2908 2168 2908 2168 2905 2190 2883 2452 2874 2628 2888 2633 2844 2628 2808 2229 2810 2226 2810 2176 2824 2168 2827 2160 2827 2107 2816 2104 2816 2101 2816 2098 2816 2098 2819 2084 2830 2082 2830 2023 2819 2020 2819 1861 2838 1817 2827 1814 2827 1811 2827 1719 2844 1677 2833 1675 2833 1672 2833 1669 2833 1633 2849 1630 2852 1181 2872 1165 2869 1123 2861 1120 2861 1117 2861 1114 2861 1114 2863 1103 2872 1100 2877 972 2880 958 2877 908 2869 905 2869 785 2886 760 2888 752 2888 696 2872 694 2872 691 2872 557 2894 560 2933"/></Shape>
	    <String CONTENT="électeurs généraux, 200000 à peu près électeurs provincieux et mmiron 35s aves"
                    HPOS="557"
                    VPOS="2808"
                    WIDTH="2076"
                    HEIGHT="156"
                    WC="0.9734985375706153"></String>
          </TextLine>
          <TextLine ID="eSc_line_3fcb48de"
                    TAGREFS="LT31"
                    BASELINE="551 2997 1109 2986 1677 2944 2619 2908" 
                    HPOS="549"
                    VPOS="2866"
                    WIDTH="2070"
                    HEIGHT="156">
            <Shape><Polygon POINTS="551 2997 551 3022 1544 2994 1546 2994 1608 2978 1613 2978 1616 2978 1672 2989 1675 2989 1923 2964 1939 2964 1945 2964 2004 2975 2006 2975 2204 2952 2213 2952 2221 2952 2463 2955 2466 2955 2617 2933 2619 2908 2614 2866 549 2952 551 2997"/></Shape>
	    <String CONTENT="éleiteurs commeneux, Ainsi le&quot; pays légal&quot; ne comprenait qu&#x27;une pelite"
                    HPOS="549"
                    VPOS="2866"
                    WIDTH="2070"
                    HEIGHT="156"
                    WC="0.987062098298754"></String>
          </TextLine>
          <TextLine ID="eSc_line_33fb8c56"
                    TAGREFS="LT31"
                    BASELINE="549 3061 1137 3053 1898 3008 2642 2980" 
                    HPOS="546"
                    VPOS="2930"
                    WIDTH="2096"
                    HEIGHT="159">
            <Shape><Polygon POINTS="549 3061 549 3089 1379 3078 1532 3050 1725 3042 1861 3036 1864 3036 1920 3050 1923 3050 1925 3050 2023 3030 2126 3047 2129 3047 2132 3047 2135 3047 2165 3025 2240 3025 2268 3042 2271 3042 2274 3042 2277 3042 2279 3042 2282 3042 2310 3025 2374 3036 2377 3036 2380 3036 2422 3014 2424 3014 2550 3022 2553 3022 2639 3003 2642 2980 2633 2930 2519 2950 2408 2939 2399 2939 2397 2939 2394 2939 2391 2939 2369 2955 2335 2941 2332 2941 2330 2941 2321 2941 2246 2958 2196 2947 2190 2947 2187 2947 2160 2950 1948 2969 1803 2964 1783 2964 1781 2964 1778 2964 1775 2964 1747 2980 1711 2966 1708 2966 1705 2966 1702 2966 1686 2969 1566 2989 1510 2975 1505 2975 1502 2975 1499 2975 1496 2975 1488 2975 1421 2997 546 3014 549 3061"/></Shape>
	    <String CONTENT="minorité de la nation qui, &lt;...... .. ..........&gt;"
                    HPOS="546"
                    VPOS="2930"
                    WIDTH="2096"
                    HEIGHT="159"
                    WC="0.9074299736898772"></String>
          </TextLine>
          <TextLine ID="eSc_line_ebe0281e"
                    TAGREFS="LT31"
                    BASELINE="546 3134 1365 3117 2564 3053" 
                    HPOS="543"
                    VPOS="3005"
                    WIDTH="2021"
                    HEIGHT="162">
            <Shape><Polygon POINTS="546 3134 546 3167 1519 3139 1978 3100 2004 3100 2012 3100 2154 3111 2157 3111 2160 3111 2232 3092 2279 3103 2282 3103 2285 3103 2288 3103 2291 3103 2313 3086 2338 3103 2341 3103 2344 3103 2346 3103 2349 3103 2352 3103 2352 3100 2374 3083 2374 3081 2564 3072 2564 3053 2558 3022 2475 3005 2472 3005 2469 3005 2394 3028 2385 3028 2380 3028 2318 3014 2316 3014 2313 3014 2279 3030 2266 3036 2243 3030 2199 3022 2196 3022 2135 3036 2101 3042 2076 3036 2023 3025 2020 3025 1931 3042 1870 3053 1825 3044 1769 3036 1767 3036 1764 3036 1761 3036 1744 3047 1728 3058 1686 3050 1644 3042 1641 3042 1638 3042 1636 3042 1636 3044 1627 3053 1613 3067 1237 3081 1153 3067 1142 3067 1139 3067 1137 3067 1134 3067 1092 3089 900 3095 543 3089 546 3134"/></Shape>
	    <String CONTENT="et les fureurs ne rencontraient que le calme en l&#x27;indiftéience de la"
                    HPOS="543"
                    VPOS="3005"
                    WIDTH="2021"
                    HEIGHT="162"
                    WC="0.9828424497562296"></String>
          </TextLine>
          <TextLine ID="eSc_line_e2b9e990"
                    TAGREFS="LT31"
                    BASELINE="537 3206 1636 3184 2575 3139" 
                    HPOS="535"
                    VPOS="3092"
                    WIDTH="2040"
                    HEIGHT="142">
            <Shape><Polygon POINTS="537 3206 537 3234 1744 3212 1884 3192 1886 3192 2023 3203 2026 3203 2575 3167 2575 3139 2567 3092 2171 3122 1990 3114 1928 3111 1925 3111 1895 3117 1820 3136 1613 3139 1591 3128 1583 3125 1580 3125 1577 3125 1574 3125 1571 3125 1566 3131 1552 3145 1477 3145 1435 3136 1404 3128 1401 3128 1399 3128 1396 3128 1357 3139 1309 3153 1134 3156 1098 3147 1050 3139 1047 3139 914 3145 911 3145 886 3156 872 3164 844 3159 788 3147 785 3147 535 3170 537 3206"/></Shape>
	    <String CONTENT="masse. &lt;............ . .. ... .. ....... ... ....&gt;"
                    HPOS="535"
                    VPOS="3092"
                    WIDTH="2040"
                    HEIGHT="142"
                    WC="0.8299509370326996"></String>
          </TextLine>
          <TextLine ID="eSc_line_8d51ea50"
                    TAGREFS="LT31"
                    BASELINE="549 3281 2625 3234" 
                    HPOS="546"
                    VPOS="3189"
                    WIDTH="2079"
                    HEIGHT="131">
            <Shape><Polygon POINTS="549 3281 549 3320 671 3303 777 3315 788 3315 791 3315 1020 3309 1022 3309 1025 3309 1025 3306 1047 3295 1128 3303 1153 3306 1156 3306 1223 3301 1404 3287 1527 3292 1591 3295 1594 3295 2625 3259 2625 3234 2617 3189 1555 3206 1552 3206 1516 3217 1507 3220 1477 3220 1351 3212 1349 3212 1287 3225 1276 3225 1262 3225 1173 3214 1170 3214 1167 3214 1165 3214 1151 3228 1148 3228 1139 3228 1039 3217 1036 3217 794 3237 788 3237 785 3237 585 3228 582 3228 579 3228 546 3239 549 3281"/></Shape>
	    <String CONTENT="&lt;..... ... .. ... ..... . ..&gt;"
                    HPOS="546"
                    VPOS="3189"
                    WIDTH="2079"
                    HEIGHT="131"
                    WC="0.8571665924170921"></String>
          </TextLine>
        </TextBlock>
      </PrintSpace>
    </Page>
  </Layout>
</alto>
