<?xml version="1.0" encoding="UTF-8"?>
<alto xmlns:xsi="http://www.w3.org/2001/XMLSchema-instance"
      xmlns="http://www.loc.gov/standards/alto/ns-v4#"
      xsi:schemaLocation="http://www.loc.gov/standards/alto/ns-v4# http://www.loc.gov/standards/alto/v4/alto-4-2.xsd">
  <Description>
    <MeasurementUnit>pixel</MeasurementUnit>
    <sourceImageInformation>
      <fileName>ARCH-DIV-000496_0210.png</fileName>
    </sourceImageInformation>
  </Description>
  <Tags>
    <OtherTag ID="BT42" LABEL="MainZone" DESCRIPTION="block type MainZone"/><OtherTag ID="BT43" LABEL="MarginTextZone" DESCRIPTION="block type MarginTextZone"/><OtherTag ID="BT44" LABEL="NumberingZone" DESCRIPTION="block type NumberingZone"/><OtherTag ID="BT45" LABEL="TitlePageZone" DESCRIPTION="block type TitlePageZone"/><OtherTag ID="BT46" LABEL="CustomZone:Numbering" DESCRIPTION="block type CustomZone:Numbering"/><OtherTag ID="BT49" LABEL="MarginTextZone:lower" DESCRIPTION="block type MarginTextZone:lower"/>
    <OtherTag ID="LT25" LABEL="default" DESCRIPTION="line type default"/><OtherTag ID="LT31" LABEL="DefaultLine" DESCRIPTION="line type DefaultLine"/><OtherTag ID="LT32" LABEL="HeadingLine" DESCRIPTION="line type HeadingLine"/><OtherTag ID="LT33" LABEL="InterlinearLine:addition" DESCRIPTION="line type InterlinearLine:addition"/><OtherTag ID="LT34" LABEL="InterlinearLine:correction" DESCRIPTION="line type InterlinearLine:correction"/>
  </Tags>
  <Layout>
    <Page WIDTH="2790"
          HEIGHT="3350"
          PHYSICAL_IMG_NR="209"
          ID="eSc_dummypage_">
      <PrintSpace HPOS="0"
                  VPOS="0"
                  WIDTH="2790"
                  HEIGHT="3350">
        <TextBlock HPOS="142"
                   VPOS="68"
                   WIDTH="318"
                   HEIGHT="196"
                   ID="eSc_textblock_7fa22911"
                   TAGREFS="BT44">
          <Shape><Polygon POINTS="142 68 142 264 460 264 460 68"/></Shape>
          <TextLine ID="eSc_line_e737f4cb"
                    TAGREFS="LT31"
                    BASELINE="231 164 390 156" 
                    HPOS="229"
                    VPOS="111"
                    WIDTH="161"
                    HEIGHT="106">
            <Shape><Polygon POINTS="368 153 337 117 310 117 282 114 254 111 229 147 231 164 234 217 390 212 390 156 388 153 368 153"/></Shape>
	    <String CONTENT="204)"
                    HPOS="229"
                    VPOS="111"
                    WIDTH="161"
                    HEIGHT="106"
                    WC="0.9999940097332001"></String>
          </TextLine>
        </TextBlock>
        <TextBlock HPOS="475"
                   VPOS="14"
                   WIDTH="2288"
                   HEIGHT="3335"
                   ID="eSc_textblock_80c05d44"
                   TAGREFS="BT42">
          <Shape><Polygon POINTS="549 14 475 3349 2722 3349 2763 20"/></Shape>
          <TextLine ID="eSc_line_23e86a38"
                    TAGREFS="LT31"
                    BASELINE="636 117 2622 125" 
                    HPOS="633"
                    VPOS="75"
                    WIDTH="1989"
                    HEIGHT="75">
            <Shape><Polygon POINTS="2588 86 2560 86 2533 86 2505 86 2477 86 2449 86 2421 86 2393 83 2365 83 2337 83 2309 83 2281 83 2253 83 2225 83 2197 83 2170 83 2142 83 2114 80 2086 80 2058 80 2030 80 2002 80 1974 80 1946 80 1918 80 1890 80 1868 78 1628 78 1611 78 1608 75 714 75 689 78 661 80 636 86 636 117 633 142 2616 150 2622 125 2619 86 2616 86"/></Shape>
	    <String CONTENT="pour en recueellir le binéfice. &lt;.. . . ...&gt;"
                    HPOS="633"
                    VPOS="75"
                    WIDTH="1989"
                    HEIGHT="75"
                    WC="0.9736160852692344"></String>
          </TextLine>
          <TextLine ID="eSc_line_73c64564"
                    TAGREFS="LT31"
                    BASELINE="642 192 2653 198" 
                    HPOS="642"
                    VPOS="142"
                    WIDTH="2011"
                    HEIGHT="84">
            <Shape><Polygon POINTS="642 192 642 226 2650 226 2653 198 2650 161 1893 145 1890 145 1887 145 1885 145 1868 159 1865 161 1706 161 1698 159 1647 142 1644 142 1642 142 1566 156 1438 142 1435 142 642 153 642 192"/></Shape>
	    <String CONTENT="&lt;.... .....&gt; Il donna l&#x27;expansion aux énergues"
                    HPOS="642"
                    VPOS="142"
                    WIDTH="2011"
                    HEIGHT="84"
                    WC="0.9586600363254547"></String>
          </TextLine>
          <TextLine ID="eSc_line_33ae4915"
                    TAGREFS="LT31"
                    BASELINE="645 268 1530 251 2672 279" 
                    HPOS="645"
                    VPOS="206"
                    WIDTH="2027"
                    HEIGHT="101">
            <Shape><Polygon POINTS="645 268 645 293 1131 279 1170 295 1172 295 1175 295 1298 279 1410 298 1415 298 1418 298 1421 298 1469 281 1642 281 1773 281 1792 301 1795 301 1798 301 1801 301 1815 301 1943 284 1980 301 1985 304 1988 304 1991 304 2013 301 2097 290 2116 301 2116 304 2119 304 2122 304 2125 304 2128 304 2133 301 2172 290 2209 304 2214 304 2217 304 2220 304 2231 304 2306 290 2331 304 2340 307 2343 307 2345 307 2669 304 2672 279 2669 234 2588 214 2586 214 2583 214 2535 231 2264 231 2239 231 2203 214 2200 214 2197 214 2016 228 1999 228 1994 228 1918 209 1915 209 1913 209 1678 220 1650 206 1647 206 1485 206 1482 206 1480 206 1477 206 1460 220 1393 206 1390 206 1388 206 1337 220 1262 206 1259 206 1142 220 1122 206 1119 206 1117 206 1114 206 645 217 645 268"/></Shape>
	    <String CONTENT="jesqu&#x27;alors comprimées, dilata les capitaux, provoque une exten¬"
                    HPOS="645"
                    VPOS="206"
                    WIDTH="2027"
                    HEIGHT="101"
                    WC="0.9887963561341166"></String>
          </TextLine>
          <TextLine ID="eSc_line_97b625f0"
                    TAGREFS="LT31"
                    BASELINE="625 332 1675 323 2667 351" 
                    HPOS="625"
                    VPOS="273"
                    WIDTH="2042"
                    HEIGHT="98">
            <Shape><Polygon POINTS="625 332 625 354 1429 346 2661 371 2667 351 2667 307 2396 307 2390 304 2362 284 2359 284 2357 284 2354 284 2250 301 2248 301 2189 284 2186 284 2183 284 1982 295 1952 281 1949 281 1946 281 1943 281 1879 298 1876 298 1871 298 1675 279 1672 279 1256 290 1200 276 1198 276 1195 276 1192 276 1189 276 1172 290 1055 273 1052 273 941 290 726 273 723 273 625 287 625 332"/></Shape>
	    <String CONTENT="sion nouvelle des commnications et du transit &lt;.&gt; galvanisa l&#x27;ex¬"
                    HPOS="625"
                    VPOS="273"
                    WIDTH="2042"
                    HEIGHT="98"
                    WC="0.9862051597008339"></String>
          </TextLine>
          <TextLine ID="eSc_line_0d6d2fbc"
                    TAGREFS="LT31"
                    BASELINE="620 404 1670 393 2664 410" 
                    HPOS="620"
                    VPOS="343"
                    WIDTH="2044"
                    HEIGHT="95">
            <Shape><Polygon POINTS="620 404 620 432 1471 418 1555 432 1558 432 1661 421 1681 435 1684 435 1686 435 1689 438 1904 438 1904 435 1907 435 1910 435 1935 421 2658 435 2664 410 2661 365 2306 365 2306 362 2264 346 2262 346 2259 346 2256 346 2220 362 2170 346 2167 346 2164 346 2041 362 2035 362 2024 362 1762 346 1759 346 1756 346 1753 346 1728 362 1725 362 1661 346 1658 346 1656 346 1494 360 1469 343 1466 343 1463 343 1460 343 1329 360 1276 343 1273 343 1270 343 1161 360 1139 343 1136 343 1133 343 1131 343 1044 357 969 343 966 343 963 343 902 360 762 346 759 346 756 346 754 346 734 362 620 362 620 404"/></Shape>
	    <String CONTENT="postation et créa enfin les conditines indispeusables au succés des pro¬"
                    HPOS="620"
                    VPOS="343"
                    WIDTH="2044"
                    HEIGHT="95"
                    WC="0.9856260882483588"></String>
          </TextLine>
          <TextLine ID="eSc_line_af335bb4"
                    TAGREFS="LT31"
                    BASELINE="614 477 2063 471 2667 491" 
                    HPOS="614"
                    VPOS="418"
                    WIDTH="2053"
                    HEIGHT="98">
            <Shape><Polygon POINTS="614 477 614 513 737 494 974 496 997 513 999 516 1002 516 1005 516 1008 516 1033 513 1178 496 1376 496 1460 513 1480 516 1482 516 1505 513 1603 496 1650 513 1658 516 1661 516 1664 516 1681 513 1756 496 2005 496 2035 513 2044 516 2047 516 2049 516 2052 516 2055 516 2061 513 2083 499 2114 513 2125 516 2128 516 2130 516 2664 510 2667 491 2664 438 1871 421 1868 421 1728 435 1720 435 1714 435 1650 421 1647 421 1390 435 1362 435 1360 435 1332 421 1329 421 1326 421 1323 421 1284 435 1279 438 860 438 843 435 723 418 720 418 614 432 614 477"/></Shape>
	    <String CONTENT="fots coloniaux &lt;..&gt; compus par le génie de Léopols II. Il suffira de"
                    HPOS="614"
                    VPOS="418"
                    WIDTH="2053"
                    HEIGHT="98"
                    WC="0.9611684381961823"></String>
          </TextLine>
          <TextLine ID="eSc_line_30e43768"
                    TAGREFS="LT31"
                    BASELINE="600 558 1413 547 2628 569" 
                    HPOS="600"
                    VPOS="491"
                    WIDTH="2028"
                    HEIGHT="109">
            <Shape><Polygon POINTS="600 558 600 583 1301 575 1471 589 1474 589 1536 577 1552 591 1555 591 1558 591 1561 591 1563 591 1636 577 2622 600 2628 569 2625 527 2304 527 2290 524 2172 502 2047 502 2044 502 2041 502 1982 522 1974 522 1966 522 1868 499 1865 499 1773 516 1723 499 1720 499 1717 499 1714 499 1675 516 1639 496 1636 496 1633 496 1351 508 1307 494 1304 494 1301 494 1223 508 1181 494 1178 494 1175 494 1172 494 1170 494 1147 513 1105 499 1103 499 1100 499 899 510 896 510 851 491 849 491 846 491 843 491 781 510 779 510 600 510 600 558"/></Shape>
	    <String CONTENT="rappelés ici que de 1864 à 1484, le trafie du port d&#x27;Auvers a sex¬"
                    HPOS="600"
                    VPOS="491"
                    WIDTH="2028"
                    HEIGHT="109"
                    WC="0.9885456357429276"></String>
          </TextLine>
          <TextLine ID="eSc_line_a6c94b54"
                    TAGREFS="LT31"
                    BASELINE="628 633 1326 622 2630 650" 
                    HPOS="628"
                    VPOS="569"
                    WIDTH="2002"
                    HEIGHT="120">
            <Shape><Polygon POINTS="628 633 628 664 807 656 927 670 941 670 943 670 952 670 1089 647 1114 664 1117 664 1119 664 1122 664 1206 650 1234 667 1237 667 1240 667 1242 667 1348 650 1720 653 1787 681 1790 681 1792 681 1795 681 1806 681 1935 661 2002 675 2005 675 2008 675 2010 675 2021 667 2044 683 2047 683 2049 683 2278 686 2281 686 2290 686 2382 670 2625 689 2630 650 2628 608 2429 608 2424 605 2379 586 2376 586 2373 586 2253 603 2239 603 1952 600 1949 597 1915 580 1913 580 1910 580 1801 597 1792 597 1790 597 1756 577 1753 577 1751 577 1603 591 1452 577 1449 577 1446 577 1418 591 1388 575 1385 575 1133 569 1131 569 1016 586 1010 586 628 583 628 633"/></Shape>
	    <String CONTENT="tuplé et que l&#x27;extraction du charbon a passi de 97000 tonnes eu"
                    HPOS="628"
                    VPOS="569"
                    WIDTH="2002"
                    HEIGHT="120"
                    WC="0.9806872927953326"></String>
          </TextLine>
          <TextLine ID="eSc_line_0aa9cb39"
                    TAGREFS="LT31"
                    BASELINE="617 723 1415 711" 
                    HPOS="614"
                    VPOS="656"
                    WIDTH="801"
                    HEIGHT="100">
            <Shape><Polygon POINTS="617 723 617 745 963 756 966 756 1142 739 1184 753 1186 753 1189 753 1267 737 1376 750 1379 750 1382 750 1415 731 1415 711 1410 672 1259 656 1256 656 1253 656 1209 672 1206 672 1198 672 1066 658 1064 658 1061 658 1016 675 1008 675 997 675 921 661 918 661 854 675 849 675 826 661 823 661 821 661 818 661 815 661 812 661 812 664 809 664 801 675 798 678 793 675 754 664 751 664 748 664 614 675 617 723"/></Shape>
	    <String CONTENT="1860 a 937, 00a les 1880."
                    HPOS="614"
                    VPOS="656"
                    WIDTH="801"
                    HEIGHT="100"
                    WC="0.9862367606163025"></String>
          </TextLine>
          <TextLine ID="eSc_line_a5b19b3f"
                    TAGREFS="LT31"
                    BASELINE="636 801 2639 817" 
                    HPOS="633"
                    VPOS="753"
                    WIDTH="2006"
                    HEIGHT="90">
            <Shape><Polygon POINTS="636 801 633 820 779 837 781 837 957 826 966 826 971 826 1044 840 1047 840 1248 829 1267 829 2633 843 2639 817 2639 778 2390 762 2387 762 2329 773 2320 776 2318 773 2301 759 2298 759 2295 759 2292 759 2066 770 2008 773 2002 770 1974 756 1971 756 1968 756 1843 767 1815 770 1781 767 1681 756 1678 756 1675 756 1672 756 1661 767 1656 770 1466 770 1460 764 1449 753 1446 753 1443 753 1441 753 1438 753 1415 764 1407 767 1385 762 1334 753 1332 753 636 753 636 801"/></Shape>
	    <String CONTENT="Mais pour se maintenir à ce niveau dpour mieux dére pour"
                    HPOS="633"
                    VPOS="753"
                    WIDTH="2006"
                    HEIGHT="90"
                    WC="0.990196474811487"></String>
          </TextLine>
          <TextLine ID="eSc_line_3f8befff"
                    TAGREFS="LT31"
                    BASELINE="614 871 2611 893" 
                    HPOS="611"
                    VPOS="831"
                    WIDTH="2000"
                    HEIGHT="101">
            <Shape><Polygon POINTS="614 871 611 893 801 912 804 912 1159 904 1251 904 1279 907 1365 921 1368 921 1491 912 1558 907 1566 912 1575 921 1577 921 1580 921 1583 921 1647 915 1698 910 1745 915 1795 924 1798 924 1801 924 1815 918 1832 910 1890 918 1935 926 1938 926 1994 921 2080 912 2139 924 2167 929 2170 929 2197 926 2262 915 2281 926 2284 929 2287 929 2290 929 2292 929 2312 926 2393 918 2605 932 2611 893 2608 848 614 831 614 871"/></Shape>
	    <String CONTENT="obiir à cette fatalité qui oblige la production à augmenter"
                    HPOS="611"
                    VPOS="831"
                    WIDTH="2000"
                    HEIGHT="101"
                    WC="0.9966393659512202"></String>
          </TextLine>
          <TextLine ID="eSc_line_ececb6de"
                    TAGREFS="LT31"
                    BASELINE="594 943 2622 965" 
                    HPOS="592"
                    VPOS="896"
                    WIDTH="2030"
                    HEIGHT="109">
            <Shape><Polygon POINTS="594 943 592 965 1103 991 1105 991 1388 982 1496 979 1580 985 1706 996 1709 996 1759 988 1806 982 1834 991 1860 999 1862 999 1865 999 1932 993 2005 985 2315 999 2435 1005 2438 1005 2463 1002 2563 991 2614 1005 2622 965 2619 929 594 896 594 943"/></Shape>
	    <String CONTENT="sans cesse sous peine de déchoir, le bon marché s&#x27;impose avec"
                    HPOS="592"
                    VPOS="896"
                    WIDTH="2030"
                    HEIGHT="109"
                    WC="0.9919275045394897"></String>
          </TextLine>
          <TextLine ID="eSc_line_a352f4b1"
                    TAGREFS="LT31"
                    BASELINE="594 1027 2619 1049" 
                    HPOS="594"
                    VPOS="974"
                    WIDTH="2025"
                    HEIGHT="114">
            <Shape><Polygon POINTS="594 1027 594 1060 723 1049 740 1063 742 1066 745 1066 748 1066 751 1066 773 1063 843 1049 868 1063 885 1072 888 1072 890 1074 985 1074 985 1072 988 1072 991 1072 999 1063 1016 1052 1064 1052 1094 1063 1119 1074 1122 1074 1125 1077 1217 1077 1217 1074 1270 1063 1323 1055 1739 1066 2482 1088 2485 1088 2616 1069 2619 1049 2619 1010 2577 993 2574 993 2572 993 2569 993 2535 1007 2530 1013 2368 1013 2357 1007 2323 993 2320 993 2318 993 2178 1005 2164 1005 2161 1005 2114 988 2111 988 2108 988 2010 1002 1994 1005 1991 1002 1968 988 1966 988 1963 988 1960 988 1834 999 1812 985 1809 985 1806 985 1804 985 1801 985 1745 999 1737 1002 1723 999 1670 985 1667 985 1664 985 1441 996 1371 999 1362 996 1343 979 1340 979 1337 979 1334 979 1332 979 1301 993 1295 996 1240 993 1036 982 1033 982 941 991 902 993 890 991 849 974 846 974 843 974 840 974 790 988 781 991 768 988 698 974 695 974 594 985 594 1027"/></Shape>
	    <String CONTENT="plus d&#x27;exigence que jamais. Et il était trop tentant, pour la"
                    HPOS="594"
                    VPOS="974"
                    WIDTH="2025"
                    HEIGHT="114"
                    WC="0.9892434770943689"></String>
          </TextLine>
          <TextLine ID="eSc_line_47f27cda"
                    TAGREFS="LT31"
                    BASELINE="603 1102 2616 1130" 
                    HPOS="600"
                    VPOS="1049"
                    WIDTH="2016"
                    HEIGHT="106">
            <Shape><Polygon POINTS="603 1102 600 1122 1058 1144 1061 1144 1122 1133 1427 1150 1429 1150 1569 1139 1580 1139 1594 1139 1843 1155 1846 1155 2614 1152 2616 1130 2614 1091 2393 1091 2385 1088 2329 1072 2326 1072 2323 1072 2320 1072 2287 1085 2278 1088 2108 1088 2091 1083 2010 1066 2008 1066 2005 1066 1968 1083 1966 1083 1636 1083 1630 1077 1611 1060 1608 1060 1605 1060 1603 1060 1524 1077 1516 1077 1508 1077 1404 1058 1401 1058 1399 1058 1360 1074 1340 1058 1337 1058 1334 1058 1332 1058 1156 1072 1147 1072 1119 1055 1117 1055 1114 1055 1111 1055 949 1069 946 1069 943 1069 921 1052 918 1052 916 1052 913 1052 910 1052 876 1069 874 1069 695 1069 695 1066 653 1049 650 1049 647 1049 645 1049 603 1063 603 1102"/></Shape>
	    <String CONTENT="bourgeoisée regnante de se l&#x27;assurer au détnnent des classes"
                    HPOS="600"
                    VPOS="1049"
                    WIDTH="2016"
                    HEIGHT="106"
                    WC="0.9896276444196701"></String>
          </TextLine>
          <TextLine ID="eSc_line_783baa08"
                    TAGREFS="LT31"
                    BASELINE="600 1178 2650 1200" 
                    HPOS="597"
                    VPOS="1139"
                    WIDTH="2053"
                    HEIGHT="89">
            <Shape><Polygon POINTS="600 1178 597 1206 2644 1228 2650 1200 2650 1155 600 1139 600 1178"/></Shape>
	    <String CONTENT="ondtrières. Conformément à la doctime de l&#x27;éconorine libérale qui"
                    HPOS="597"
                    VPOS="1139"
                    WIDTH="2053"
                    HEIGHT="89"
                    WC="0.9908042261094758"></String>
          </TextLine>
          <TextLine ID="eSc_line_af028608"
                    TAGREFS="LT31"
                    BASELINE="594 1245 2630 1259" 
                    HPOS="592"
                    VPOS="1194"
                    WIDTH="2038"
                    HEIGHT="95">
            <Shape><Polygon POINTS="592 1273 2625 1289 2630 1259 2628 1222 2507 1222 2505 1219 2488 1206 2485 1206 2482 1206 2480 1206 2200 1214 2128 1217 2119 1214 2094 1203 2091 1203 2089 1203 1946 1211 1857 1217 1834 1211 1804 1200 1801 1200 1798 1200 1745 1208 1717 1214 1686 1208 1647 1200 1644 1200 1642 1200 1625 1208 1611 1214 1482 1206 1396 1200 1393 1200 1340 1203 1242 1211 1217 1203 1206 1197 1203 1197 1200 1197 1119 1200 960 1208 943 1197 941 1194 938 1194 935 1194 932 1194 868 1197 659 1208 597 1194 594 1245 592 1273"/></Shape>
	    <String CONTENT="&lt;.... .. .. . .&gt;, savrifie tout le reste aux"
                    HPOS="592"
                    VPOS="1194"
                    WIDTH="2038"
                    HEIGHT="95"
                    WC="0.9420246928930283"></String>
          </TextLine>
          <TextLine ID="eSc_line_7d495dc3"
                    TAGREFS="LT31"
                    BASELINE="592 1317 2641 1323" 
                    HPOS="589"
                    VPOS="1267"
                    WIDTH="2052"
                    HEIGHT="86">
            <Shape><Polygon POINTS="592 1317 589 1345 2636 1353 2641 1323 2639 1284 592 1267 592 1317"/></Shape>
	    <String CONTENT="besaies de la production, il lui parait aussi natemel de payes l&#x27;en¬"
                    HPOS="589"
                    VPOS="1267"
                    WIDTH="2052"
                    HEIGHT="86"
                    WC="0.9926085770130157"></String>
          </TextLine>
          <TextLine ID="eSc_line_f8c01543"
                    TAGREFS="LT31"
                    BASELINE="589 1395 2709 1390" 
                    HPOS="586"
                    VPOS="1348"
                    WIDTH="2123"
                    HEIGHT="81">
            <Shape><Polygon POINTS="589 1395 594 1429 614 1415 698 1429 714 1429 717 1429 720 1429 726 1429 756 1415 821 1426 835 1429 837 1429 840 1429 846 1426 876 1415 1050 1415 1072 1426 1075 1429 1078 1429 1080 1429 1083 1429 1131 1426 1293 1415 1538 1426 1642 1429 1644 1429 1647 1429 1661 1426 1709 1412 2703 1420 2709 1390 2703 1351 586 1348 589 1395"/></Shape>
	    <String CONTENT="vrier au plus bas que d&#x27;acheter au plus bas la motière première. &lt;...&gt;"
                    HPOS="586"
                    VPOS="1348"
                    WIDTH="2123"
                    HEIGHT="81"
                    WC="0.9852384643895286"></String>
          </TextLine>
          <TextLine ID="eSc_line_c7ef5090"
                    TAGREFS="LT31"
                    BASELINE="583 1471 2692 1471" 
                    HPOS="583"
                    VPOS="1412"
                    WIDTH="2109"
                    HEIGHT="92">
            <Shape><Polygon POINTS="583 1471 583 1504 2692 1504 2692 1471 2692 1434 2636 1434 2636 1432 2611 1412 2608 1412 2605 1412 2602 1412 2600 1412 2555 1432 2493 1412 2491 1412 2488 1412 2371 1415 2368 1415 2365 1415 2340 1432 2337 1434 1991 1434 1980 1429 1924 1412 1921 1412 1918 1412 1915 1412 1876 1429 1868 1432 1851 1429 1773 1412 1770 1412 1767 1412 1714 1426 1619 1412 1617 1412 1614 1412 1577 1426 1563 1432 1524 1426 1455 1418 1452 1418 1449 1418 1429 1426 1418 1434 1184 1434 1131 1426 1038 1412 823 1412 821 1412 818 1412 815 1412 801 1423 790 1432 776 1423 754 1412 751 1412 748 1412 698 1423 653 1432 583 1423 583 1471"/></Shape>
	    <String CONTENT="&lt;....&gt; La libre concurrencé qu&#x27;elle admet sans réserve dans le chaup"
                    HPOS="583"
                    VPOS="1412"
                    WIDTH="2109"
                    HEIGHT="92"
                    WC="0.9743105313357185"></String>
          </TextLine>
          <TextLine ID="eSc_line_a3905bc4"
                    TAGREFS="LT31"
                    BASELINE="580 1557 1122 1541 2675 1535" 
                    HPOS="578"
                    VPOS="1476"
                    WIDTH="2097"
                    HEIGHT="104">
            <Shape><Polygon POINTS="580 1557 580 1580 1139 1566 1773 1574 1820 1574 1823 1574 1829 1574 1901 1560 2122 1571 2125 1571 2281 1557 2669 1568 2675 1535 2669 1490 2404 1476 2401 1476 2069 1493 2041 1493 2038 1493 1994 1479 1991 1479 1988 1479 1985 1479 1946 1493 1924 1493 1446 1485 1443 1485 1368 1499 1357 1499 1354 1499 1334 1485 1332 1485 1329 1485 1142 1485 1139 1485 1136 1485 1133 1485 1114 1499 1111 1499 1108 1499 938 1487 935 1487 835 1501 829 1501 826 1501 809 1487 807 1487 804 1487 687 1487 684 1487 578 1501 580 1557"/></Shape>
	    <String CONTENT="de l&#x27;industué, elle l&#x27;admet de même sur le marché du travail p&gt;."
                    HPOS="578"
                    VPOS="1476"
                    WIDTH="2097"
                    HEIGHT="104"
                    WC="0.9839550321921706"></String>
          </TextLine>
          <TextLine ID="eSc_line_f2525ea2"
                    TAGREFS="LT31"
                    BASELINE="583 1630 910 1616 2672 1602" 
                    HPOS="580"
                    VPOS="1563"
                    WIDTH="2092"
                    HEIGHT="100">
            <Shape><Polygon POINTS="583 1630 586 1663 620 1649 1052 1658 1192 1658 1195 1658 1198 1658 1214 1655 1256 1644 1399 1652 1488 1655 1491 1655 1536 1649 1591 1641 1689 1647 1787 1652 1790 1652 2669 1630 2672 1602 2664 1563 580 1580 583 1630"/></Shape>
	    <String CONTENT="&lt;..... .&gt; et le prot estinisme doit être également banui"
                    HPOS="580"
                    VPOS="1563"
                    WIDTH="2092"
                    HEIGHT="100"
                    WC="0.9700082593730518"></String>
          </TextLine>
          <TextLine ID="eSc_line_b40c4652"
                    TAGREFS="LT31"
                    BASELINE="578 1702 2703 1680" 
                    HPOS="575"
                    VPOS="1627"
                    WIDTH="2128"
                    HEIGHT="112">
            <Shape><Polygon POINTS="578 1702 578 1725 779 1739 781 1739 846 1725 851 1722 2703 1714 2703 1680 2697 1641 2426 1627 2424 1627 2421 1627 2359 1644 2357 1644 2337 1630 2334 1630 2331 1630 2329 1630 1935 1647 1876 1649 1846 1649 1630 1635 1628 1635 1625 1635 1594 1649 1505 1638 1502 1638 1499 1638 1496 1638 1482 1652 1455 1641 1452 1641 1449 1641 1312 1655 1298 1655 1295 1655 1259 1641 1256 1641 1253 1641 1251 1641 1248 1641 1226 1655 1223 1655 1147 1644 1145 1644 664 1661 656 1661 622 1647 620 1647 617 1647 614 1647 575 1658 578 1702"/></Shape>
	    <String CONTENT="Comme absurdle et rétrograde, du premier et du second. Et en peusant"
                    HPOS="575"
                    VPOS="1627"
                    WIDTH="2128"
                    HEIGHT="112"
                    WC="0.9872272295110366"></String>
          </TextLine>
          <TextLine ID="eSc_line_941b3f1a"
                    TAGREFS="LT31"
                    BASELINE="569 1778 994 1764 2700 1755" 
                    HPOS="566"
                    VPOS="1702"
                    WIDTH="2134"
                    HEIGHT="93">
            <Shape><Polygon POINTS="569 1778 569 1795 2697 1789 2700 1755 2695 1719 2306 1702 2304 1702 2301 1702 2264 1719 2245 1705 2242 1705 2239 1705 2237 1705 2234 1705 2186 1719 2186 1722 2164 1722 1887 1722 1848 1705 1846 1705 1843 1705 1723 1722 1720 1722 1714 1722 1424 1708 1421 1708 1418 1708 1362 1725 1357 1725 1332 1725 991 1711 988 1711 896 1728 888 1730 566 1730 569 1778"/></Shape>
	    <String CONTENT="ainsi elle croit conformer à la vraie compréhension des droits de l&#x27;homme"
                    HPOS="566"
                    VPOS="1702"
                    WIDTH="2134"
                    HEIGHT="93"
                    WC="0.9799136084479254"></String>
          </TextLine>
          <TextLine ID="eSc_line_c71c9461"
                    TAGREFS="LT31"
                    BASELINE="561 1850 2667 1839" 
                    HPOS="558"
                    VPOS="1786"
                    WIDTH="2109"
                    HEIGHT="92">
            <Shape><Polygon POINTS="561 1850 561 1878 2664 1870 2667 1839 2661 1800 2354 1786 2351 1786 2133 1797 2016 1803 2005 1797 1996 1789 1994 1789 1991 1789 1798 1789 1795 1789 1748 1797 1706 1803 1689 1797 1670 1789 1667 1789 1664 1789 1661 1789 1658 1789 1647 1797 1633 1806 1256 1806 1156 1795 1119 1792 1117 1792 1114 1792 1105 1795 1078 1809 698 1795 687 1795 684 1795 681 1795 650 1809 558 1795 561 1850"/></Shape>
	    <String CONTENT="La literté du capital qui en découles doit avoir pour corollaire la"
                    HPOS="558"
                    VPOS="1786"
                    WIDTH="2109"
                    HEIGHT="92"
                    WC="0.9962007083109955"></String>
          </TextLine>
          <TextLine ID="eSc_line_da3ad346"
                    TAGREFS="LT31"
                    BASELINE="566 1931 1725 1909 2669 1912" 
                    HPOS="564"
                    VPOS="1862"
                    WIDTH="2105"
                    HEIGHT="94">
            <Shape><Polygon POINTS="566 1931 566 1951 1097 1956 1100 1956 1103 1956 1125 1948 1153 1940 1195 1948 1209 1951 1212 1951 1248 1948 1382 1937 1550 1948 1625 1951 1628 1951 1630 1951 1642 1945 1675 1934 1876 1934 1896 1945 1899 1948 1901 1948 1904 1948 1907 1948 1932 1945 2021 1931 2130 1945 2150 1945 2153 1945 2192 1943 2404 1929 2664 1940 2669 1912 2667 1867 1636 1862 1633 1862 1630 1862 1580 1878 1577 1878 1572 1878 1401 1864 1399 1864 1396 1864 1393 1864 1371 1878 1245 1867 1242 1867 1172 1881 1119 1867 1117 1867 1114 1867 1111 1867 1108 1867 1086 1884 835 1870 832 1870 720 1887 620 1873 617 1873 614 1873 564 1889 566 1931"/></Shape>
	    <String CONTENT="liberti du travait. &lt;.. .&gt; comme le patun, l&#x27;aurier"
                    HPOS="564"
                    VPOS="1862"
                    WIDTH="2105"
                    HEIGHT="94"
                    WC="0.9770397006296644"></String>
          </TextLine>
          <TextLine ID="eSc_line_c930a921"
                    TAGREFS="LT31"
                    BASELINE="569 2001 2630 1973" 
                    HPOS="566"
                    VPOS="1923"
                    WIDTH="2064"
                    HEIGHT="106">
            <Shape><Polygon POINTS="569 2001 569 2029 2628 1993 2630 1973 2625 1937 2424 1923 2421 1923 2418 1923 2415 1923 2390 1940 2387 1940 2371 1926 2368 1926 2365 1926 2223 1926 2220 1926 2217 1926 2183 1940 2178 1943 2153 1943 2010 1929 2008 1929 2005 1929 1963 1943 1954 1945 1932 1945 1812 1931 1809 1931 1806 1931 1804 1931 1784 1945 1779 1948 1748 1945 1600 1934 1597 1934 1594 1934 1538 1948 1524 1951 1471 1951 1245 1940 1242 1940 1240 1940 1195 1954 1181 1959 862 1959 851 1956 807 1945 804 1945 801 1945 798 1945 795 1945 776 1959 768 1962 748 1959 698 1948 695 1948 566 1959 569 2001"/></Shape>
	    <String CONTENT="s&#x27;élivera par son effort pessemel et l&#x27;intervanition de l&#x27;Etat en sa"
                    HPOS="566"
                    VPOS="1923"
                    WIDTH="2064"
                    HEIGHT="106"
                    WC="0.9967848965350319"></String>
          </TextLine>
          <TextLine ID="eSc_line_d9902c8d"
                    TAGREFS="LT31"
                    BASELINE="564 2074 2633 2040" 
                    HPOS="561"
                    VPOS="1990"
                    WIDTH="2072"
                    HEIGHT="103">
            <Shape><Polygon POINTS="564 2074 564 2093 2633 2071 2633 2040 2625 1990 561 2029 564 2074"/></Shape>
	    <String CONTENT="faveur ne se justifie que dans la mesure où elles lui Gasilite cet ef¬"
                    HPOS="561"
                    VPOS="1990"
                    WIDTH="2072"
                    HEIGHT="103"
                    WC="0.9894159598009927"></String>
          </TextLine>
          <TextLine ID="eSc_line_f02fca56"
                    TAGREFS="LT31"
                    BASELINE="572 2144 2661 2107" 
                    HPOS="569"
                    VPOS="2051"
                    WIDTH="2092"
                    HEIGHT="129">
            <Shape><Polygon POINTS="572 2144 572 2180 2658 2132 2661 2107 2655 2071 2499 2051 2496 2051 2493 2051 2454 2071 1994 2065 1991 2065 1846 2082 1790 2065 1787 2065 1784 2065 1781 2065 1779 2065 1756 2082 1639 2068 1636 2068 1633 2068 1630 2068 1605 2088 1401 2088 1382 2071 1379 2071 1376 2071 1374 2071 1251 2090 1086 2077 1083 2077 885 2099 731 2082 728 2082 603 2085 600 2085 597 2085 569 2099 572 2144"/></Shape>
	    <String CONTENT="fort. &lt;.... .. ........ ....... ..  . .......&gt;"
                    HPOS="569"
                    VPOS="2051"
                    WIDTH="2092"
                    HEIGHT="129"
                    WC="0.896765410900116"></String>
          </TextLine>
          <TextLine ID="eSc_line_8e334418"
                    TAGREFS="LT31"
                    BASELINE="569 2213 2650 2163" 
                    HPOS="566"
                    VPOS="2124"
                    WIDTH="2084"
                    HEIGHT="128">
            <Shape><Polygon POINTS="569 2213 569 2252 720 2233 770 2247 773 2247 776 2247 779 2247 849 2230 904 2244 907 2244 910 2244 913 2244 916 2244 918 2244 943 2227 1108 2238 1125 2238 1128 2238 1131 2238 1133 2238 1167 2222 1220 2236 1223 2236 1226 2236 1228 2236 1242 2236 1379 2216 1561 2224 1605 2227 1608 2227 1636 2224 1714 2211 1795 2219 1829 2222 1832 2222 2650 2194 2650 2163 2641 2124 566 2169 569 2213"/></Shape>
	    <String CONTENT="&lt;.....&gt; Iel est le but des lois qui sous de deries ministeri dibé¬"
                    HPOS="566"
                    VPOS="2124"
                    WIDTH="2084"
                    HEIGHT="128"
                    WC="0.9726242874607895"></String>
          </TextLine>
          <TextLine ID="eSc_line_e5478919"
                    TAGREFS="LT31"
                    BASELINE="558 2280 2672 2224" 
                    HPOS="555"
                    VPOS="2183"
                    WIDTH="2117"
                    HEIGHT="120">
            <Shape><Polygon POINTS="558 2280 558 2303 2669 2252 2672 2224 2664 2183 555 2230 558 2280"/></Shape>
	    <String CONTENT="ral ont supprinme l&#x27;obligation du livret des ouvriers et abrogé tartrèle"
                    HPOS="555"
                    VPOS="2183"
                    WIDTH="2117"
                    HEIGHT="120"
                    WC="0.9840088470114602"></String>
          </TextLine>
          <TextLine ID="eSc_line_b82c809e"
                    TAGREFS="LT31"
                    BASELINE="564 2350 2692 2297" 
                    HPOS="561"
                    VPOS="2255"
                    WIDTH="2131"
                    HEIGHT="131">
            <Shape><Polygon POINTS="564 2350 564 2372 667 2386 670 2386 924 2367 1010 2361 1041 2364 1111 2375 1114 2375 1320 2370 1323 2370 1326 2370 1340 2358 1348 2353 1393 2358 1457 2367 1460 2367 1524 2356 1580 2347 1980 2347 2217 2347 2220 2347 2223 2347 2231 2342 2250 2333 2382 2339 2426 2342 2429 2342 2432 2342 2438 2339 2468 2325 2538 2336 2555 2339 2558 2339 2560 2339 2566 2336 2597 2322 2689 2333 2692 2297 2686 2261 2250 2255 2248 2255 1873 2278 1801 2266 1798 2266 1681 2283 1577 2272 1575 2272 1346 2291 1242 2280 1240 2280 899 2303 793 2291 790 2291 561 2311 564 2350"/></Shape>
	    <String CONTENT="&lt;.....&gt; le puvilège des patrons d&#x27;être cour sur parole dans leurs"
                    HPOS="561"
                    VPOS="2255"
                    WIDTH="2131"
                    HEIGHT="131"
                    WC="0.9841687715970553"></String>
          </TextLine>
          <TextLine ID="eSc_line_541d569f"
                    TAGREFS="LT31"
                    BASELINE="558 2420 2653 2375" 
                    HPOS="555"
                    VPOS="2333"
                    WIDTH="2098"
                    HEIGHT="109">
            <Shape><Polygon POINTS="558 2420 558 2442 2650 2398 2653 2375 2647 2336 2122 2333 2119 2333 1980 2350 1960 2350 1946 2350 1854 2339 1851 2339 1787 2353 1781 2353 1779 2353 1725 2342 1723 2342 1253 2364 1184 2367 1172 2367 1108 2356 1105 2356 851 2372 807 2375 787 2375 675 2364 673 2364 555 2378 558 2420"/></Shape>
	    <String CONTENT="contestations avec ceux-ci- tebest le but surtout de la mulliplica¬"
                    HPOS="555"
                    VPOS="2333"
                    WIDTH="2098"
                    HEIGHT="109"
                    WC="0.991664002190775"></String>
          </TextLine>
          <TextLine ID="eSc_line_93e0fb16"
                    TAGREFS="LT31"
                    BASELINE="564 2492 1848 2459 2622 2453" 
                    HPOS="561"
                    VPOS="2398"
                    WIDTH="2061"
                    HEIGHT="125">
            <Shape><Polygon POINTS="564 2492 564 2509 636 2523 639 2523 642 2523 695 2509 706 2506 745 2509 899 2518 902 2518 904 2518 941 2506 949 2504 1027 2504 1298 2509 1301 2509 1304 2509 1307 2509 1315 2501 1320 2495 1326 2501 1340 2506 1343 2506 1346 2506 1441 2498 1544 2490 1580 2498 1617 2504 1619 2504 1731 2495 1890 2481 2616 2481 2622 2453 2616 2412 2421 2398 2418 2398 2415 2398 2412 2398 2412 2400 2396 2414 2396 2417 2150 2420 2147 2420 2122 2406 2119 2406 2116 2406 1977 2423 1971 2423 1968 2423 1921 2409 1918 2409 1915 2409 1767 2428 1753 2428 1745 2428 1681 2414 1678 2414 1474 2434 1457 2434 1449 2434 1365 2420 1362 2420 561 2451 564 2492"/></Shape>
	    <String CONTENT="tion des écoles primaires, des écoles du soir, des écoles professionelles,"
                    HPOS="561"
                    VPOS="2398"
                    WIDTH="2061"
                    HEIGHT="125"
                    WC="0.9837290475497374"></String>
          </TextLine>
          <TextLine ID="eSc_line_ce84a131"
                    TAGREFS="LT31"
                    BASELINE="555 2562 1829 2537 2616 2543" 
                    HPOS="552"
                    VPOS="2481"
                    WIDTH="2064"
                    HEIGHT="109">
            <Shape><Polygon POINTS="555 2562 555 2590 1005 2573 1097 2587 1128 2590 1131 2590 1407 2587 1410 2587 1427 2585 1491 2568 1597 2582 1608 2582 1611 2582 1622 2582 1737 2565 1999 2579 2047 2579 2049 2579 2052 2579 2061 2576 2111 2562 2133 2573 2136 2573 2139 2573 2379 2557 2614 2571 2616 2543 2611 2484 2387 2495 2373 2487 2365 2481 2362 2481 2359 2481 2357 2481 2320 2487 2267 2498 2228 2490 2206 2484 2203 2484 2200 2484 2197 2484 2181 2490 2161 2498 2150 2490 2139 2484 2136 2484 2133 2484 2130 2484 2128 2484 2094 2492 2055 2501 1960 2495 1885 2490 1882 2490 1879 2490 1865 2495 1851 2504 1776 2498 1681 2490 1678 2490 1675 2490 1672 2490 1656 2501 1644 2506 1577 2501 1471 2492 1469 2492 1466 2492 1443 2504 1432 2509 1357 2504 1242 2498 1240 2498 1237 2498 1234 2498 1226 2506 1217 2512 1108 2509 821 2501 818 2501 815 2501 776 2515 768 2518 740 2515 606 2504 603 2504 600 2504 552 2515 555 2562"/></Shape>
	    <String CONTENT="des institutions d&#x27;éparque. On ne le demande pas, il est vrai, si la"
                    HPOS="552"
                    VPOS="2481"
                    WIDTH="2064"
                    HEIGHT="109"
                    WC="0.9794002622365952"></String>
          </TextLine>
          <TextLine ID="eSc_line_1966c1d5"
                    TAGREFS="LT31"
                    BASELINE="564 2640 2619 2613" 
                    HPOS="561"
                    VPOS="2559"
                    WIDTH="2058"
                    HEIGHT="118">
            <Shape><Polygon POINTS="564 2640 566 2677 620 2663 754 2674 765 2674 768 2674 770 2674 773 2674 829 2660 916 2671 927 2671 930 2671 932 2671 935 2671 983 2657 1114 2668 1142 2668 1145 2668 1147 2668 1156 2666 1203 2654 1334 2663 1382 2666 1385 2666 1388 2666 1404 2663 1446 2652 1538 2660 1586 2663 1589 2663 1591 2663 1603 2657 1628 2649 1689 2657 1723 2660 1725 2660 1756 2654 1812 2646 1896 2652 1957 2657 1960 2657 1994 2652 2030 2643 2111 2649 2203 2654 2206 2654 2209 2654 2225 2646 2239 2640 2616 2640 2619 2613 2614 2576 2499 2559 2496 2559 2407 2576 2323 2562 2320 2562 1996 2582 1385 2571 1382 2571 1379 2571 1304 2590 1267 2573 1265 2573 1262 2573 1259 2573 1256 2573 1234 2590 1125 2576 1122 2576 1119 2576 1117 2576 1091 2596 902 2596 768 2579 765 2579 561 2601 564 2640"/></Shape>
	    <String CONTENT="pratique corres pond à la théore &lt;. fi &lt;.....&gt;"
                    HPOS="561"
                    VPOS="2559"
                    WIDTH="2058"
                    HEIGHT="118"
                    WC="0.9490356782208318"></String>
          </TextLine>
          <TextLine ID="eSc_line_d37b465a"
                    TAGREFS="LT31"
                    BASELINE="547 2713 2636 2671" 
                    HPOS="544"
                    VPOS="2621"
                    WIDTH="2092"
                    HEIGHT="126">
            <Shape><Polygon POINTS="547 2713 547 2738 1008 2733 1019 2733 1097 2747 1100 2747 1480 2727 1658 2719 1714 2724 1795 2733 1798 2733 1801 2733 1840 2721 1857 2719 1879 2721 1935 2730 1938 2730 1940 2730 1943 2730 1954 2721 1966 2713 2008 2721 2049 2727 2052 2727 2111 2719 2172 2710 2633 2710 2636 2671 2628 2621 544 2666 547 2713"/></Shape>
	    <String CONTENT="&lt;.. ...&gt; les salaires du prolitariat lui permettent"
                    HPOS="544"
                    VPOS="2621"
                    WIDTH="2092"
                    HEIGHT="126"
                    WC="0.9614790245598438"></String>
          </TextLine>
          <TextLine ID="eSc_line_5ffcb96d"
                    TAGREFS="LT31"
                    BASELINE="552 2795 793 2780 2608 2763" 
                    HPOS="418"
                    VPOS="2710"
                    WIDTH="2190"
                    HEIGHT="112">
            <Shape><Polygon POINTS="421 2822 865 2822 865 2819 885 2816 971 2802 1086 2816 1125 2819 1128 2819 1186 2814 1295 2805 1401 2814 1457 2816 1460 2816 1463 2816 1474 2814 1505 2800 1544 2811 1550 2814 1552 2814 1555 2814 1580 2811 1728 2794 1907 2808 1938 2811 1940 2811 1943 2811 1949 2808 1991 2791 2197 2791 2239 2805 2245 2808 2248 2808 2250 2808 2253 2808 2259 2805 2306 2788 2605 2802 2608 2763 2600 2710 2373 2727 2295 2713 2267 2710 2264 2710 2262 2710 2259 2710 2253 2716 2228 2730 2066 2719 1980 2713 1977 2713 1887 2721 1779 2733 1765 2724 1756 2716 1753 2716 1751 2716 1748 2716 1745 2716 1728 2724 1709 2735 1647 2727 1628 2724 1625 2724 1580 2727 1449 2738 1410 2730 1368 2721 1365 2721 1362 2721 1360 2721 1343 2733 1332 2738 1318 2733 1295 2721 1293 2721 1290 2721 1114 2735 1036 2741 988 2738 865 2727 862 2727 860 2727 826 2741 818 2747 661 2747 650 2744 606 2730 603 2730 600 2730 597 2730 594 2730 575 2744 572 2749 418 2749 421 2797"/></Shape>
	    <String CONTENT="séuvier déqinup e saxens e cuvas"
                    HPOS="418"
                    VPOS="2710"
                    WIDTH="2190"
                    HEIGHT="112"
                    WC="0.860113191884011"></String>
          </TextLine>
          <TextLine ID="eSc_line_1dc4d344"
                    TAGREFS="LT31"
                    BASELINE="547 2861 2667 2847" 
                    HPOS="544"
                    VPOS="2802"
                    WIDTH="2123"
                    HEIGHT="95">
            <Shape><Polygon POINTS="547 2861 547 2878 653 2897 656 2897 837 2881 963 2897 966 2897 969 2897 1008 2878 1010 2878 1069 2894 1072 2894 1075 2894 1078 2894 1111 2878 1114 2878 1209 2894 1212 2894 1343 2878 1346 2878 1385 2894 1388 2894 1390 2894 1393 2894 1460 2878 1471 2875 1642 2875 1647 2875 1692 2892 1695 2892 1698 2892 1700 2892 1703 2892 1725 2878 1946 2889 1949 2889 2021 2875 2041 2872 2055 2875 2100 2889 2102 2889 2105 2889 2108 2889 2139 2875 2147 2872 2161 2875 2225 2889 2228 2889 2231 2889 2234 2889 2250 2875 2259 2869 2329 2875 2480 2886 2482 2886 2667 2872 2667 2847 2658 2802 762 2819 592 2808 589 2808 586 2808 544 2822 547 2861"/></Shape>
	    <String CONTENT="tidièn il dispose d&#x27;assez de forces et de temps pour s&#x27;adonner à̀ l&#x27;en¬"
                    HPOS="544"
                    VPOS="2802"
                    WIDTH="2123"
                    HEIGHT="95"
                    WC="0.9805203886099265"></String>
          </TextLine>
          <TextLine ID="eSc_line_dd3e2c62"
                    TAGREFS="LT31"
                    BASELINE="544 2942 2661 2934" 
                    HPOS="541"
                    VPOS="2881"
                    WIDTH="2120"
                    HEIGHT="100">
            <Shape><Polygon POINTS="544 2942 544 2981 1273 2961 1505 2975 1508 2975 1628 2961 1661 2975 1664 2975 1667 2975 2030 2961 2655 2973 2661 2934 2653 2894 2426 2897 2404 2894 2340 2881 2337 2881 2334 2881 2331 2881 2315 2894 2309 2900 2231 2900 2183 2894 2019 2881 2016 2881 2013 2881 2010 2881 1994 2894 1991 2897 1980 2894 1946 2886 1943 2886 1940 2886 1938 2886 1918 2894 1907 2903 1580 2903 1563 2897 1533 2886 1530 2886 1527 2886 1524 2886 1494 2897 1482 2900 1471 2897 1443 2883 1441 2883 1438 2883 1435 2883 1396 2897 1390 2897 1385 2897 1332 2883 1329 2883 1326 2883 1231 2897 1203 2900 1186 2897 1145 2886 1142 2886 1139 2886 541 2897 544 2942"/></Shape>
	    <String CONTENT="seignement. Les lois économiques ne sont-alles pas inélustables ?"
                    HPOS="541"
                    VPOS="2881"
                    WIDTH="2120"
                    HEIGHT="100"
                    WC="0.9908935381815984"></String>
          </TextLine>
          <TextLine ID="eSc_line_82b527cb"
                    TAGREFS="LT31"
                    BASELINE="547 3017 2086 3017 2558 3001" 
                    HPOS="547"
                    VPOS="2956"
                    WIDTH="2011"
                    HEIGHT="84">
            <Shape><Polygon POINTS="547 3040 2555 3037 2558 3001 2549 2956 2368 2975 2309 2961 2306 2961 2304 2961 2301 2961 2298 2961 2278 2978 2142 2978 2080 2959 2077 2959 2075 2959 2072 2959 1977 2975 1860 2961 1857 2961 1692 2975 1670 2961 1667 2959 1664 2959 1661 2959 1658 2959 1656 2959 1653 2959 1653 2961 1633 2975 1586 2961 1575 2959 1572 2959 1569 2959 1566 2959 1563 2959 1561 2961 1541 2978 1455 2978 1410 2961 1404 2961 1401 2961 1399 2961 1379 2961 1259 2978 1214 2964 1212 2964 1209 2964 1203 2964 1105 2978 1086 2964 1083 2961 1080 2961 1078 2961 871 2961 868 2961 865 2961 862 2961 857 2967 843 2978 547 2970 547 3017 547 3040"/></Shape>
	    <String CONTENT="La prospérité de l&#x27;industrée n&#x27;est-elle pas l&#x27;intérêt suprême? Si"
                    HPOS="547"
                    VPOS="2956"
                    WIDTH="2011"
                    HEIGHT="84"
                    WC="0.9963361474183889"></String>
          </TextLine>
          <TextLine ID="eSc_line_3c814a63"
                    TAGREFS="LT31"
                    BASELINE="544 3090 2577 3082" 
                    HPOS="541"
                    VPOS="3034"
                    WIDTH="2036"
                    HEIGHT="95">
            <Shape><Polygon POINTS="544 3090 547 3129 583 3112 896 3112 921 3126 924 3126 927 3126 930 3126 935 3126 994 3112 1013 3126 1016 3126 1019 3126 1022 3126 1024 3126 1027 3126 1044 3112 1181 3123 1214 3126 1217 3126 1220 3126 1228 3123 1267 3109 1390 3123 1407 3123 1410 3123 1421 3123 1494 3109 1644 3121 1695 3123 1698 3123 1806 3121 2100 3107 2158 3118 2186 3121 2189 3121 2574 3112 2577 3082 2572 3034 1337 3034 1334 3034 1240 3045 1214 3048 1117 3048 583 3037 580 3037 578 3037 541 3048 544 3090"/></Shape>
	    <String CONTENT="l&#x27;ouvrier se plaint, qu&#x27;il se mette en grève. Il a le droit de rifuser"
                    HPOS="541"
                    VPOS="3034"
                    WIDTH="2036"
                    HEIGHT="95"
                    WC="0.9918264670031411"></String>
          </TextLine>
          <TextLine ID="eSc_line_34ebd336"
                    TAGREFS="LT31"
                    BASELINE="541 3176 1066 3162 2580 3168" 
                    HPOS="541"
                    VPOS="3112"
                    WIDTH="2039"
                    HEIGHT="87">
            <Shape><Polygon POINTS="541 3176 541 3199 2577 3193 2580 3168 2577 3129 2371 3112 2368 3112 2365 3112 2326 3126 2306 3112 2304 3112 2301 3112 2298 3112 2295 3112 2256 3126 2119 3112 2116 3112 1857 3126 1823 3112 1820 3112 1818 3112 1815 3112 1756 3126 1739 3112 1737 3112 1734 3112 1586 3112 1583 3112 1446 3126 1427 3112 1424 3112 1421 3112 1200 3112 1198 3112 1005 3126 988 3112 985 3112 983 3112 980 3112 977 3112 930 3126 860 3112 857 3112 854 3112 823 3129 541 3129 541 3176"/></Shape>
	    <String CONTENT="son travait comme le pation a celui de l&#x27;exclure de sa faberigare."
                    HPOS="541"
                    VPOS="3112"
                    WIDTH="2039"
                    HEIGHT="87"
                    WC="0.9961249376788284"></String>
          </TextLine>
          <TextLine ID="eSc_line_19df5af2"
                    TAGREFS="LT31"
                    BASELINE="541 3249 2614 3249" 
                    HPOS="541"
                    VPOS="3193"
                    WIDTH="2073"
                    HEIGHT="103">
            <Shape><Polygon POINTS="541 3249 541 3294 826 3274 1066 3274 1111 3291 1114 3291 1117 3291 1119 3291 1150 3277 1189 3291 1200 3294 1203 3294 1206 3296 1337 3296 1337 3294 1340 3294 1348 3291 1382 3274 1516 3288 1524 3288 1527 3288 1530 3288 1555 3277 1569 3288 1575 3294 1577 3294 1580 3294 1583 3294 1725 3291 1728 3291 1731 3291 1734 3288 1753 3274 1837 3285 1890 3294 1893 3296 2055 3296 2055 3294 2058 3294 2089 3285 2128 3274 2195 3283 2264 3294 2267 3294 2270 3294 2292 3283 2315 3274 2393 3283 2496 3294 2499 3294 2614 3280 2614 3249 2614 3213 2418 3213 2415 3210 2387 3193 2385 3193 2382 3193 2379 3193 2376 3193 2340 3210 2340 3213 2225 3213 2223 3210 2197 3193 2195 3193 2192 3193 2189 3193 2114 3210 2108 3213 2041 3213 2038 3210 2021 3193 2019 3193 2016 3193 2013 3193 1809 3210 1784 3213 1499 3213 1494 3207 1474 3193 1471 3193 1469 3193 1466 3193 1376 3207 1360 3210 1340 3207 1253 3193 1251 3193 1248 3193 1198 3207 1186 3210 1178 3207 1147 3193 1145 3193 1142 3193 541 3204 541 3249"/></Shape>
	    <String CONTENT="E en cas de troubles, la garde- civique et s&#x27;il le faut l&#x27;armée inber¬"
                    HPOS="541"
                    VPOS="3193"
                    WIDTH="2073"
                    HEIGHT="103"
                    WC="0.9863053253718785"></String>
          </TextLine>
        </TextBlock>
      </PrintSpace>
    </Page>
  </Layout>
</alto>
