<?xml version="1.0" encoding="UTF-8"?>
<alto xmlns:xsi="http://www.w3.org/2001/XMLSchema-instance"
      xmlns="http://www.loc.gov/standards/alto/ns-v4#"
      xsi:schemaLocation="http://www.loc.gov/standards/alto/ns-v4# http://www.loc.gov/standards/alto/v4/alto-4-2.xsd">
  <Description>
    <MeasurementUnit>pixel</MeasurementUnit>
    <sourceImageInformation>
      <fileName>ARCH-DIV-000496_0295.png</fileName>
    </sourceImageInformation>
  </Description>
  <Tags>
    <OtherTag ID="BT42" LABEL="MainZone" DESCRIPTION="block type MainZone"/><OtherTag ID="BT43" LABEL="MarginTextZone" DESCRIPTION="block type MarginTextZone"/><OtherTag ID="BT44" LABEL="NumberingZone" DESCRIPTION="block type NumberingZone"/><OtherTag ID="BT45" LABEL="TitlePageZone" DESCRIPTION="block type TitlePageZone"/><OtherTag ID="BT46" LABEL="CustomZone:Numbering" DESCRIPTION="block type CustomZone:Numbering"/><OtherTag ID="BT49" LABEL="MarginTextZone:lower" DESCRIPTION="block type MarginTextZone:lower"/>
    <OtherTag ID="LT25" LABEL="default" DESCRIPTION="line type default"/><OtherTag ID="LT31" LABEL="DefaultLine" DESCRIPTION="line type DefaultLine"/><OtherTag ID="LT32" LABEL="HeadingLine" DESCRIPTION="line type HeadingLine"/><OtherTag ID="LT33" LABEL="InterlinearLine:addition" DESCRIPTION="line type InterlinearLine:addition"/><OtherTag ID="LT34" LABEL="InterlinearLine:correction" DESCRIPTION="line type InterlinearLine:correction"/>
  </Tags>
  <Layout>
    <Page WIDTH="2790"
          HEIGHT="3343"
          PHYSICAL_IMG_NR="294"
          ID="eSc_dummypage_">
      <PrintSpace HPOS="0"
                  VPOS="0"
                  WIDTH="2790"
                  HEIGHT="3343">
        <TextBlock HPOS="117"
                   VPOS="41"
                   WIDTH="285"
                   HEIGHT="149"
                   ID="eSc_textblock_cbf71f50"
                   TAGREFS="BT44">
          <Shape><Polygon POINTS="117 41 117 190 402 190 402 41"/></Shape>
          <TextLine ID="eSc_line_ec6c7da5"
                    TAGREFS="LT31"
                    BASELINE="183 114 354 121" 
                    HPOS="250"
                    VPOS="64"
                    WIDTH="95"
                    HEIGHT="114">
            <Shape><Polygon POINTS="301 72 275 111 250 66 250 119 253 172 309 178 312 178 314 178 317 178 345 158 342 111 331 64 328 64"/></Shape>
	    <String CONTENT=""
                    HPOS="250"
                    VPOS="64"
                    WIDTH="95"
                    HEIGHT="114"></String>
          </TextLine>
        </TextBlock>
        <TextBlock HPOS="16"
                   VPOS="481"
                   WIDTH="487"
                   HEIGHT="901"
                   ID="eSc_textblock_50355909"
                   TAGREFS="BT43">
          <Shape><Polygon POINTS="16 501 16 1375 476 1382 488 765 503 481"/></Shape>
          <TextLine ID="eSc_line_f4254a8d"
                    TAGREFS="LT33"
                    BASELINE="58 610 490 590" 
                    HPOS="55"
                    VPOS="546"
                    WIDTH="435"
                    HEIGHT="91">
            <Shape><Polygon POINTS="473 582 462 546 86 568 83 571 55 593 58 610 58 637 490 615 490 590 482 546 471 546 473 582"/></Shape>
	    <String CONTENT=""
                    HPOS="55"
                    VPOS="546"
                    WIDTH="435"
                    HEIGHT="91"></String>
          </TextLine>
          <TextLine ID="eSc_line_a8b3fd0b"
                    TAGREFS="LT33"
                    BASELINE="66 671 423 654" 
                    HPOS="61"
                    VPOS="612"
                    WIDTH="362"
                    HEIGHT="106">
            <Shape><Polygon POINTS="66 671 66 713 295 718 298 718 423 690 423 654 415 612 61 615 66 671"/></Shape>
	    <String CONTENT=""
                    HPOS="61"
                    VPOS="612"
                    WIDTH="362"
                    HEIGHT="106"></String>
          </TextLine>
          <TextLine ID="eSc_line_29b33036"
                    TAGREFS="LT33"
                    BASELINE="50 735 337 727" 
                    HPOS="47"
                    VPOS="690"
                    WIDTH="290"
                    HEIGHT="103">
            <Shape><Polygon POINTS="50 735 50 771 334 793 337 727 328 690 47 702 50 735"/></Shape>
	    <String CONTENT=""
                    HPOS="47"
                    VPOS="690"
                    WIDTH="290"
                    HEIGHT="103"></String>
          </TextLine>
          <TextLine ID="eSc_line_ef8a5a17"
                    TAGREFS="LT31"
                    BASELINE="117 1298 467 1268" 
                    HPOS="117"
                    VPOS="1268"
                    WIDTH="350"
                    HEIGHT="30">
	    <String CONTENT=""
                    HPOS="117"
                    VPOS="1268"
                    WIDTH="350"
                    HEIGHT="30"></String>
          </TextLine>
        </TextBlock>
        <TextBlock HPOS="415"
                   VPOS="0"
                   WIDTH="2330"
                   HEIGHT="3341"
                   ID="eSc_textblock_9318a16d"
                   TAGREFS="BT42">
          <Shape><Polygon POINTS="517 0 415 3341 2718 3332 2745 20"/></Shape>
          <TextLine ID="eSc_line_4a39de56"
                    TAGREFS="LT31"
                    BASELINE="551 69 2675 75" 
                    HPOS="549"
                    VPOS="36"
                    WIDTH="2126"
                    HEIGHT="72">
            <Shape><Polygon POINTS="2639 64 2611 64 2583 64 2555 64 2528 61 2500 61 2472 61 2444 61 2416 61 2388 61 2360 61 2332 58 2305 58 2277 58 2249 58 2221 58 2193 58 2165 55 2137 55 2109 55 2082 55 2054 55 2026 55 1998 52 1970 52 1942 52 1914 52 1886 52 1859 52 1831 52 1803 50 1775 50 1747 50 1719 50 1691 50 1663 50 1636 47 1608 47 1580 47 1552 47 1524 47 1496 47 1468 44 1440 44 1413 44 1385 44 1357 44 1329 44 1301 44 1273 41 1245 41 1218 41 1190 41 1162 41 1134 41 1106 39 1078 39 1050 39 1022 39 995 39 967 39 947 36 588 36 576 39 551 50 551 69 549 89 563 103 563 105 565 105 568 105 571 105 833 91 1555 105 1558 105 1560 105 1613 91 1814 108 1817 108 1992 94 2539 108 2541 108 2672 91 2675 75 2672 64 2667 64"/></Shape>
	    <String CONTENT=""
                    HPOS="549"
                    VPOS="36"
                    WIDTH="2126"
                    HEIGHT="72"></String>
          </TextLine>
          <TextLine ID="eSc_line_fa0bdf31"
                    TAGREFS="LT31"
                    BASELINE="546 153 1385 139 2692 144" 
                    HPOS="543"
                    VPOS="94"
                    WIDTH="2149"
                    HEIGHT="89">
            <Shape><Polygon POINTS="546 153 546 181 719 167 755 181 758 181 760 181 766 181 852 167 956 181 967 181 969 181 972 181 975 181 1014 164 1075 181 1081 181 1084 181 1087 181 1095 181 1170 164 1401 164 1440 178 1449 181 1452 181 1454 181 1471 178 1552 164 1786 164 1853 178 1875 181 1878 183 2062 183 2062 181 2090 175 2162 161 2302 175 2338 178 2341 178 2377 175 2480 164 2689 172 2692 144 2686 94 543 100 546 153"/></Shape>
	    <String CONTENT=""
                    HPOS="543"
                    VPOS="94"
                    WIDTH="2149"
                    HEIGHT="89"></String>
          </TextLine>
          <TextLine ID="eSc_line_2e41d03d"
                    TAGREFS="LT34"
                    BASELINE="1474 107 1556 106" 
                    HPOS="1474"
                    VPOS="106"
                    WIDTH="82"
                    HEIGHT="1">
	    <String CONTENT=""
                    HPOS="1474"
                    VPOS="106"
                    WIDTH="82"
                    HEIGHT="1"></String>
          </TextLine>
          <TextLine ID="eSc_line_0462e2d5"
                    TAGREFS="LT31"
                    BASELINE="546 214 1836 203 2656 211" 
                    HPOS="543"
                    VPOS="156"
                    WIDTH="2113"
                    HEIGHT="91">
            <Shape><Polygon POINTS="546 214 546 239 716 247 719 247 760 242 816 231 833 242 841 247 844 247 847 247 850 247 852 247 880 242 914 234 992 242 1061 247 1064 247 1134 242 1240 231 1287 242 1318 247 1321 247 1371 242 1440 234 1591 242 1655 245 1658 245 1661 245 1669 242 1700 228 1889 228 1967 242 1970 242 1973 242 1990 242 2352 225 2391 242 2394 242 2397 245 2653 245 2656 211 2653 167 1407 156 1404 156 1401 156 1365 169 1351 169 833 158 830 158 543 172 546 214"/></Shape>
	    <String CONTENT=""
                    HPOS="543"
                    VPOS="156"
                    WIDTH="2113"
                    HEIGHT="91"></String>
          </TextLine>
          <TextLine ID="eSc_line_2b030ca4"
                    TAGREFS="LT31"
                    BASELINE="540 281 2631 264" 
                    HPOS="537"
                    VPOS="214"
                    WIDTH="2094"
                    HEIGHT="89">
            <Shape><Polygon POINTS="540 281 540 303 2274 303 2274 300 2324 298 2580 286 2622 298 2631 264 2625 228 2310 214 2307 214 2162 231 2146 231 2143 231 2126 217 2123 217 2121 217 2118 217 2115 217 2070 231 2065 231 2054 231 1942 217 1939 217 1937 217 1934 217 1914 231 1909 234 1886 231 1775 220 1772 220 1622 234 1577 236 1510 234 1268 222 1265 222 1262 222 1223 236 1212 239 1173 236 1059 225 1056 225 1053 225 1022 236 1014 242 537 242 540 281"/></Shape>
	    <String CONTENT=""
                    HPOS="537"
                    VPOS="214"
                    WIDTH="2094"
                    HEIGHT="89"></String>
          </TextLine>
          <TextLine ID="eSc_line_f4ca3ef6"
                    TAGREFS="LT31"
                    BASELINE="543 348 2664 328" 
                    HPOS="540"
                    VPOS="286"
                    WIDTH="2124"
                    HEIGHT="95">
            <Shape><Polygon POINTS="543 348 543 367 841 381 844 381 1145 367 1245 364 1443 367 1750 373 1753 373 1755 373 1769 367 1792 359 2659 364 2664 328 2659 286 1460 286 1457 286 1454 286 1429 300 1427 300 1410 300 1296 289 1293 289 1156 303 1139 303 1117 303 880 292 877 292 875 292 836 306 791 295 788 295 785 295 540 309 543 348"/></Shape>
	    <String CONTENT=""
                    HPOS="540"
                    VPOS="286"
                    WIDTH="2124"
                    HEIGHT="95"></String>
          </TextLine>
          <TextLine ID="eSc_line_6eb9fcac"
                    TAGREFS="LT31"
                    BASELINE="551 423 838 409 2010 408 2011 408 2642 392" 
                    HPOS="549"
                    VPOS="345"
                    WIDTH="2093"
                    HEIGHT="106">
            <Shape><Polygon POINTS="551 451 674 434 744 448 746 448 858 431 1059 445 1061 445 1064 445 1067 445 1084 431 1251 440 1254 440 1374 426 1611 440 1613 440 1616 440 1619 440 1680 423 1859 437 1861 437 2176 434 2179 434 2254 417 2277 431 2279 431 2282 431 2285 431 2369 417 2388 431 2391 431 2394 431 2397 431 2399 431 2533 417 2636 429 2642 392 2636 353 2352 345 2349 345 2346 345 2344 345 2330 356 2324 359 2302 356 2215 345 2213 345 2210 345 2182 359 2174 364 2015 364 2004 362 1956 348 1953 348 1951 348 1948 348 1912 362 1903 364 1847 362 1675 353 1672 353 1502 367 1485 367 1482 367 1435 353 1432 353 1429 353 1427 353 1368 370 1362 370 1346 356 1343 356 1340 356 1173 356 1170 356 1167 356 1117 370 1100 356 1098 356 1095 356 1092 356 967 373 861 359 858 359 855 359 816 376 746 362 744 362 549 378 551 423"/></Shape>
	    <String CONTENT=""
                    HPOS="549"
                    VPOS="345"
                    WIDTH="2093"
                    HEIGHT="106"></String>
          </TextLine>
          <TextLine ID="eSc_line_b02b519f"
                    TAGREFS="LT31"
                    BASELINE="549 487 2045 476 2631 456" 
                    HPOS="546"
                    VPOS="420"
                    WIDTH="2085"
                    HEIGHT="98">
            <Shape><Polygon POINTS="549 487 549 512 1053 518 1056 518 1059 518 1103 507 1126 501 1131 507 1142 515 1145 515 1148 515 1151 518 1304 518 1304 515 1307 515 1309 515 1321 504 1326 498 1577 495 1672 498 1870 507 1873 507 1931 495 1948 493 1973 495 2082 507 2084 507 2628 484 2631 456 2622 420 1053 445 1025 445 822 434 819 434 816 434 774 448 585 437 582 437 579 437 546 448 549 487"/></Shape>
	    <String CONTENT=""
                    HPOS="546"
                    VPOS="420"
                    WIDTH="2085"
                    HEIGHT="98"></String>
          </TextLine>
          <TextLine ID="eSc_line_c8e4a706"
                    TAGREFS="LT31"
                    BASELINE="546 557 2653 532" 
                    HPOS="543"
                    VPOS="484"
                    WIDTH="2110"
                    HEIGHT="106">
            <Shape><Polygon POINTS="546 557 546 590 2653 562 2653 532 2645 484 1942 501 1775 498 1524 490 1521 490 1519 490 1488 501 1471 507 1379 504 1192 495 1190 495 1053 509 1003 512 936 509 699 501 696 501 694 501 668 515 666 515 663 515 602 501 599 501 596 501 543 515 546 557"/></Shape>
	    <String CONTENT=""
                    HPOS="543"
                    VPOS="484"
                    WIDTH="2110"
                    HEIGHT="106"></String>
          </TextLine>
          <TextLine ID="eSc_line_aee93f2d"
                    TAGREFS="LT31"
                    BASELINE="551 632 2656 601" 
                    HPOS="549"
                    VPOS="548"
                    WIDTH="2107"
                    HEIGHT="103">
            <Shape><Polygon POINTS="551 632 551 651 2653 618 2656 601 2647 548 2458 565 2413 551 2405 548 2402 548 2399 548 2397 548 2394 548 2391 551 2371 568 2268 568 2168 554 2154 554 2151 554 2137 554 2054 571 2001 557 1987 554 1984 554 1981 554 1978 554 1976 554 1973 557 1959 571 1917 559 1900 554 1898 554 1895 554 1892 554 1881 559 1853 576 1644 576 1583 565 1558 559 1555 559 1312 562 1309 562 1290 568 1251 582 1220 571 1206 565 1204 565 1201 565 1198 565 1176 571 1117 587 997 587 969 573 953 568 950 568 947 568 944 568 930 573 903 587 869 576 855 571 852 571 850 571 847 571 827 576 785 587 758 576 746 573 744 573 741 573 549 579 551 632"/></Shape>
	    <String CONTENT=""
                    HPOS="549"
                    VPOS="548"
                    WIDTH="2107"
                    HEIGHT="103"></String>
          </TextLine>
          <TextLine ID="eSc_line_48d19751"
                    TAGREFS="LT31"
                    BASELINE="537 702 2670 671" 
                    HPOS="535"
                    VPOS="635"
                    WIDTH="2135"
                    HEIGHT="103">
            <Shape><Polygon POINTS="537 702 537 724 833 738 836 738 936 721 958 718 986 721 1109 735 1112 735 1371 729 1374 729 1376 729 1393 715 1401 713 1435 715 1541 727 1544 727 1641 713 1655 713 1658 713 1691 727 1694 727 1697 727 1700 727 1750 713 1772 707 1825 713 1900 718 1903 718 1970 710 2020 704 2034 710 2062 721 2065 721 2068 721 2070 721 2093 710 2098 707 2132 707 2277 718 2279 718 2366 707 2422 699 2664 702 2670 671 2661 635 535 657 537 702"/></Shape>
	    <String CONTENT=""
                    HPOS="535"
                    VPOS="635"
                    WIDTH="2135"
                    HEIGHT="103"></String>
          </TextLine>
          <TextLine ID="eSc_line_d5709b61"
                    TAGREFS="LT31"
                    BASELINE="540 766 2656 738" 
                    HPOS="537"
                    VPOS="702"
                    WIDTH="2119"
                    HEIGHT="91">
            <Shape><Polygon POINTS="540 766 540 791 1594 793 1597 793 2653 763 2656 738 2647 702 537 727 540 766"/></Shape>
	    <String CONTENT=""
                    HPOS="537"
                    VPOS="702"
                    WIDTH="2119"
                    HEIGHT="91"></String>
          </TextLine>
          <TextLine ID="eSc_line_d1368ef6"
                    TAGREFS="LT31"
                    BASELINE="537 841 1775 824 2346 802 2681 810" 
                    HPOS="535"
                    VPOS="763"
                    WIDTH="2146"
                    HEIGHT="114">
            <Shape><Polygon POINTS="537 841 537 858 707 877 710 877 713 877 716 877 716 874 733 860 1067 871 1070 871 1284 866 1287 866 1321 852 1329 849 1340 852 1393 866 1396 866 1399 866 1401 866 1432 852 1435 849 1460 849 1597 863 1599 863 1602 863 1630 849 1641 844 1672 849 1736 860 1739 860 1817 846 1859 841 1875 846 1903 858 1906 858 1909 858 2040 846 2148 835 2213 844 2277 852 2279 852 2282 852 2305 844 2330 832 2678 838 2681 810 2678 763 2059 763 2056 763 2017 768 1956 780 1811 771 1742 768 1739 768 1736 768 1725 774 1700 782 1658 774 1630 768 1627 768 1624 768 1622 768 1616 774 1597 785 1491 777 1435 771 1432 771 1429 771 1415 777 1388 788 1296 777 1257 774 1254 774 1190 780 1028 793 928 782 897 780 894 780 891 780 889 780 886 782 866 796 746 785 719 782 716 782 713 782 702 785 649 799 535 788 537 841"/></Shape>
	    <String CONTENT=""
                    HPOS="535"
                    VPOS="763"
                    WIDTH="2146"
                    HEIGHT="114"></String>
          </TextLine>
          <TextLine ID="eSc_line_cd5aa71a"
                    TAGREFS="LT31"
                    BASELINE="540 919 825 908" 
                    HPOS="537"
                    VPOS="871"
                    WIDTH="288"
                    HEIGHT="65">
            <Shape><Polygon POINTS="540 919 540 936 825 933 825 908 816 871 537 880 540 919"/></Shape>
	    <String CONTENT=""
                    HPOS="537"
                    VPOS="871"
                    WIDTH="288"
                    HEIGHT="65"></String>
          </TextLine>
          <TextLine ID="eSc_line_ad86f06d"
                    TAGREFS="LT31"
                    BASELINE="557 997 1371 988 1778 969 2681 969" 
                    HPOS="554"
                    VPOS="905"
                    WIDTH="2127"
                    HEIGHT="117">
            <Shape><Polygon POINTS="557 997 557 1019 1424 1022 1427 1022 1429 1022 1460 1008 1477 1002 1555 1008 1683 1016 1686 1016 1689 1016 1691 1016 1708 1005 1722 997 1822 997 1895 1002 2040 1016 2043 1016 2045 1016 2093 1000 2112 991 2436 991 2463 997 2544 1011 2547 1011 2550 1011 2592 994 2600 991 2675 991 2681 969 2678 927 2480 905 2477 905 2475 905 2472 905 2447 924 2349 908 2346 908 2344 908 2288 927 2282 927 2257 927 2031 910 2029 910 1956 927 1939 930 1923 927 1864 910 1861 910 1859 910 1856 910 1811 927 1792 933 1772 927 1728 913 1725 913 1722 913 1443 916 1440 916 1438 916 1421 927 1418 930 1410 927 1376 916 1374 916 1371 916 1368 916 1365 916 1351 927 1337 936 1284 927 1204 916 1201 916 1198 916 1195 916 1178 927 1159 941 995 941 972 927 958 922 956 922 953 922 919 927 858 941 554 930 557 997"/></Shape>
	    <String CONTENT=""
                    HPOS="554"
                    VPOS="905"
                    WIDTH="2127"
                    HEIGHT="117"></String>
          </TextLine>
          <TextLine ID="eSc_line_dee85ad6"
                    TAGREFS="LT31"
                    BASELINE="537 1064 2653 1036" 
                    HPOS="535"
                    VPOS="983"
                    WIDTH="2118"
                    HEIGHT="109">
            <Shape><Polygon POINTS="537 1064 537 1092 1806 1083 1884 1080 2229 1064 2424 1075 2436 1075 2438 1075 2444 1075 2516 1061 2647 1072 2653 1036 2645 983 2424 1000 1460 1000 1457 1000 1368 1014 535 1011 537 1064"/></Shape>
	    <String CONTENT=""
                    HPOS="535"
                    VPOS="983"
                    WIDTH="2118"
                    HEIGHT="109"></String>
          </TextLine>
          <TextLine ID="eSc_line_f9273d96"
                    TAGREFS="LT31"
                    BASELINE="532 1128 2667 1105" 
                    HPOS="529"
                    VPOS="1050"
                    WIDTH="2138"
                    HEIGHT="106">
            <Shape><Polygon POINTS="532 1128 532 1156 2667 1131 2667 1105 2659 1050 2502 1066 2405 1053 2394 1053 2391 1053 2388 1053 2383 1053 2335 1069 2168 1058 2126 1055 2123 1055 2121 1055 2115 1058 2087 1072 1962 1061 1917 1058 1914 1058 1912 1058 1898 1064 1856 1075 1825 1064 1822 1064 1820 1064 1817 1064 1755 1064 1429 1078 1415 1072 1407 1064 1404 1064 1401 1064 1399 1064 1351 1072 1321 1078 1262 1075 1156 1066 1153 1066 1151 1066 1148 1066 1137 1075 1131 1080 1112 1078 1059 1066 1056 1066 1053 1066 1008 1078 989 1083 958 1080 883 1069 880 1069 811 1083 785 1089 529 1089 532 1128"/></Shape>
	    <String CONTENT=""
                    HPOS="529"
                    VPOS="1050"
                    WIDTH="2138"
                    HEIGHT="106"></String>
          </TextLine>
          <TextLine ID="eSc_line_f0aac76c"
                    TAGREFS="LT31"
                    BASELINE="521 1197 2664 1156" 
                    HPOS="518"
                    VPOS="1108"
                    WIDTH="2146"
                    HEIGHT="120">
            <Shape><Polygon POINTS="2413 1108 2385 1111 2357 1111 2338 1111 2313 1125 2235 1114 2213 1111 2210 1111 2182 1114 2079 1131 1945 1119 1917 1117 1914 1117 1895 1119 1797 1136 1742 1122 1739 1122 1736 1122 1730 1122 1513 1142 1368 1128 1362 1128 1360 1128 1354 1128 1218 1147 1145 1131 1139 1131 1137 1131 953 1133 950 1133 947 1133 928 1147 808 1136 799 1136 797 1136 794 1136 791 1136 730 1156 518 1142 521 1197 521 1228 2664 1189 2664 1156 2656 1108 2469 1122 2447 1111 2441 1108 2413 1108"/></Shape>
	    <String CONTENT=""
                    HPOS="518"
                    VPOS="1108"
                    WIDTH="2146"
                    HEIGHT="120"></String>
          </TextLine>
          <TextLine ID="eSc_line_eb337a56"
                    TAGREFS="LT31"
                    BASELINE="523 1264 2650 1228" 
                    HPOS="521"
                    VPOS="1175"
                    WIDTH="2129"
                    HEIGHT="123">
            <Shape><Polygon POINTS="523 1264 523 1281 802 1298 805 1298 916 1278 930 1278 983 1278 1321 1289 1323 1289 1326 1289 1357 1275 1374 1270 1404 1275 1463 1287 1466 1287 1619 1273 1702 1267 1725 1273 1750 1281 1753 1281 1755 1281 1825 1273 1884 1264 1903 1273 1923 1278 1925 1278 1928 1278 2213 1273 2215 1273 2218 1273 2224 1270 2240 1259 2318 1267 2341 1270 2344 1270 2366 1267 2488 1250 2645 1264 2650 1228 2645 1192 2516 1175 2514 1175 2031 1197 1995 1183 1992 1183 1990 1183 1987 1183 1984 1183 1959 1200 1856 1189 1853 1189 1850 1189 1847 1189 1825 1203 1652 1195 1650 1195 1482 1209 1374 1195 1371 1195 1265 1211 1176 1197 1173 1197 1170 1197 1134 1214 1034 1200 1031 1200 841 1220 822 1206 819 1206 816 1206 813 1206 710 1220 691 1206 688 1206 685 1206 682 1206 521 1225 523 1264"/></Shape>
	    <String CONTENT=""
                    HPOS="521"
                    VPOS="1175"
                    WIDTH="2129"
                    HEIGHT="123"></String>
          </TextLine>
          <TextLine ID="eSc_line_de3c9d29"
                    TAGREFS="LT31"
                    BASELINE="521 1334 2639 1298" 
                    HPOS="518"
                    VPOS="1248"
                    WIDTH="2121"
                    HEIGHT="105">
            <Shape><Polygon POINTS="521 1334 521 1353 2636 1317 2639 1298 2633 1264 2488 1248 2486 1248 2483 1248 2480 1248 2461 1264 2330 1250 2327 1250 2324 1250 2321 1250 2321 1253 2305 1267 2302 1267 2210 1253 2207 1253 2204 1253 2146 1270 2140 1270 2135 1270 2076 1256 2073 1256 1992 1273 1978 1273 1967 1273 1886 1259 1884 1259 1881 1259 1828 1273 1817 1275 1797 1273 1689 1261 1686 1261 1683 1261 1680 1261 1661 1275 1655 1278 1624 1275 1505 1264 1502 1264 1499 1264 1471 1278 1463 1284 1050 1287 1039 1284 1008 1273 1006 1273 1003 1273 1000 1273 972 1284 958 1292 518 1292 521 1334"/></Shape>
	    <String CONTENT=""
                    HPOS="518"
                    VPOS="1248"
                    WIDTH="2121"
                    HEIGHT="105"></String>
          </TextLine>
          <TextLine ID="eSc_line_ae52b8b0"
                    TAGREFS="LT31"
                    BASELINE="521 1401 2614 1367" 
                    HPOS="518"
                    VPOS="1309"
                    WIDTH="2096"
                    HEIGHT="122">
            <Shape><Polygon POINTS="521 1401 521 1431 869 1415 1298 1420 1376 1420 1379 1420 1390 1417 1454 1406 1828 1412 1903 1412 1906 1412 1934 1409 2090 1395 2611 1398 2614 1367 2608 1331 2438 1309 2436 1309 1912 1317 1739 1342 1736 1342 1730 1342 1622 1323 1619 1323 1616 1323 1563 1345 1560 1345 1555 1345 1429 1328 1427 1328 1309 1348 953 1337 950 1337 947 1337 944 1337 922 1353 780 1339 777 1339 774 1339 772 1339 752 1356 752 1359 596 1359 568 1345 565 1345 563 1345 560 1345 518 1359 521 1401"/></Shape>
	    <String CONTENT=""
                    HPOS="518"
                    VPOS="1309"
                    WIDTH="2096"
                    HEIGHT="122"></String>
          </TextLine>
          <TextLine ID="eSc_line_7af26a1d"
                    TAGREFS="LT31"
                    BASELINE="529 1468 2622 1431" 
                    HPOS="526"
                    VPOS="1376"
                    WIDTH="2096"
                    HEIGHT="122">
            <Shape><Polygon POINTS="529 1468 529 1490 1114 1482 1126 1484 1165 1498 1167 1498 1170 1498 1173 1498 1215 1484 1229 1479 1351 1482 1652 1490 1655 1490 1772 1476 1828 1470 1867 1476 1934 1484 1937 1484 1939 1484 1964 1473 1990 1465 2017 1473 2045 1482 2048 1482 2051 1482 2299 1479 2302 1479 2332 1470 2369 1459 2391 1468 2405 1476 2408 1476 2410 1476 2413 1476 2444 1468 2480 1459 2617 1465 2622 1431 2617 1395 2519 1376 2516 1376 2514 1376 2455 1395 2452 1395 1990 1384 1987 1384 1984 1384 1981 1384 1959 1404 1956 1404 1898 1392 1895 1392 1611 1409 1583 1409 1580 1409 1535 1395 1532 1395 1530 1395 1410 1412 1401 1412 1399 1412 1368 1395 1365 1395 1362 1395 1360 1395 1357 1395 1332 1412 1329 1415 1318 1412 1251 1398 1248 1398 1245 1398 1209 1415 1206 1415 1204 1415 1156 1401 1153 1401 1151 1401 1034 1417 1003 1420 975 1417 850 1404 847 1404 844 1404 841 1404 819 1420 813 1423 794 1420 688 1406 685 1406 526 1423 529 1468"/></Shape>
	    <String CONTENT=""
                    HPOS="526"
                    VPOS="1376"
                    WIDTH="2096"
                    HEIGHT="122"></String>
          </TextLine>
          <TextLine ID="eSc_line_73147f77"
                    TAGREFS="LT31"
                    BASELINE="521 1534 2628 1490" 
                    HPOS="518"
                    VPOS="1451"
                    WIDTH="2110"
                    HEIGHT="114">
            <Shape><Polygon POINTS="521 1534 521 1565 2628 1512 2628 1490 2619 1451 2090 1465 2040 1462 1903 1454 1900 1454 1842 1468 1822 1470 1797 1468 1697 1456 1694 1456 1588 1473 1560 1476 1538 1473 1440 1462 1438 1462 1435 1462 1390 1476 1382 1479 1374 1479 1304 1465 1301 1465 1298 1465 1262 1479 1257 1482 1248 1482 1192 1468 1190 1468 1187 1468 1184 1468 1167 1482 1165 1484 1145 1482 1039 1470 1036 1470 894 1487 875 1490 864 1490 802 1476 799 1476 797 1476 794 1476 774 1490 769 1493 755 1493 643 1479 641 1479 518 1495 521 1534"/></Shape>
	    <String CONTENT=""
                    HPOS="518"
                    VPOS="1451"
                    WIDTH="2110"
                    HEIGHT="114"></String>
          </TextLine>
          <TextLine ID="eSc_line_8dcaa048"
                    TAGREFS="LT31"
                    BASELINE="523 1596 1825 1582 2645 1548" 
                    HPOS="521"
                    VPOS="1515"
                    WIDTH="2124"
                    HEIGHT="125">
            <Shape><Polygon POINTS="523 1596 523 1626 819 1615 844 1621 928 1640 930 1640 933 1640 936 1640 961 1621 1095 1629 1098 1629 1100 1629 1103 1629 1123 1615 1123 1612 1126 1615 1142 1629 1145 1629 1148 1629 1151 1629 1226 1615 1532 1629 1535 1629 1697 1604 1912 1621 1914 1621 2249 1615 2252 1615 2346 1587 2349 1585 2645 1579 2645 1548 2639 1518 1973 1515 1970 1515 1967 1515 1912 1532 1898 1537 1243 1548 1204 1546 1053 1534 1050 1534 967 1551 950 1554 933 1551 836 1537 833 1537 830 1537 791 1554 785 1557 774 1557 682 1540 680 1540 677 1540 674 1540 646 1560 641 1562 521 1562 523 1596"/></Shape>
	    <String CONTENT=""
                    HPOS="521"
                    VPOS="1515"
                    WIDTH="2124"
                    HEIGHT="125"></String>
          </TextLine>
          <TextLine ID="eSc_line_5b1708f8"
                    TAGREFS="LT31"
                    BASELINE="515 1668 1591 1660 2656 1629" 
                    HPOS="512"
                    VPOS="1585"
                    WIDTH="2144"
                    HEIGHT="119">
            <Shape><Polygon POINTS="515 1668 515 1702 972 1685 1006 1696 1036 1704 1039 1704 1042 1704 1126 1693 1162 1688 1192 1691 1276 1702 1279 1702 1368 1688 1432 1677 1452 1685 1463 1691 1466 1691 1468 1691 1507 1685 1552 1677 1611 1682 1739 1693 1742 1693 1914 1674 1984 1668 2040 1671 2196 1685 2199 1685 2291 1665 2316 1660 2391 1660 2402 1663 2424 1679 2427 1679 2430 1679 2433 1679 2436 1679 2438 1679 2463 1663 2472 1660 2653 1660 2656 1629 2650 1596 2410 1585 2408 1585 2405 1585 2402 1585 2388 1599 2380 1601 2349 1599 2285 1590 2282 1590 2232 1599 2193 1607 2157 1601 2109 1590 2107 1590 2104 1590 2101 1590 2087 1601 2082 1607 1873 1612 1820 1604 1767 1596 1764 1596 1689 1607 1636 1612 1619 1607 1599 1599 1597 1599 1594 1599 1591 1599 1588 1599 1588 1601 1580 1607 1566 1621 1117 1626 1064 1612 1050 1610 1047 1610 1045 1610 1025 1612 961 1629 908 1615 897 1612 894 1612 891 1612 666 1615 663 1615 660 1615 657 1618 638 1629 512 1621 515 1668"/></Shape>
	    <String CONTENT=""
                    HPOS="512"
                    VPOS="1585"
                    WIDTH="2144"
                    HEIGHT="119"></String>
          </TextLine>
          <TextLine ID="eSc_line_f8be8a95"
                    TAGREFS="LT31"
                    BASELINE="521 1738 1544 1735 2622 1699" 
                    HPOS="518"
                    VPOS="1651"
                    WIDTH="2104"
                    HEIGHT="123">
            <Shape><Polygon POINTS="521 1738 521 1766 1103 1774 1106 1774 2391 1732 2430 1732 2433 1732 2508 1746 2511 1746 2622 1727 2622 1699 2614 1651 2514 1671 2363 1657 2360 1657 2357 1657 2318 1677 2132 1679 2043 1663 2040 1663 2037 1663 2034 1663 1981 1682 1873 1671 1870 1671 1867 1671 1817 1688 1379 1693 518 1693 521 1738"/></Shape>
	    <String CONTENT=""
                    HPOS="518"
                    VPOS="1651"
                    WIDTH="2104"
                    HEIGHT="123"></String>
          </TextLine>
          <TextLine ID="eSc_line_cafcdca2"
                    TAGREFS="LT31"
                    BASELINE="523 1819 1789 1802 2600 1771" 
                    HPOS="521"
                    VPOS="1730"
                    WIDTH="2079"
                    HEIGHT="133">
            <Shape><Polygon POINTS="523 1819 523 1844 627 1863 629 1863 632 1863 635 1863 660 1844 666 1841 688 1844 847 1858 850 1858 852 1858 880 1844 992 1855 995 1855 997 1855 1056 1838 1075 1833 1262 1833 1270 1835 1318 1849 1321 1849 1323 1849 1326 1849 1379 1833 1399 1827 1616 1827 1622 1830 1638 1841 1641 1841 1644 1841 1647 1841 1650 1841 1652 1841 1672 1827 1683 1821 1705 1827 1747 1841 1750 1841 1753 1841 1867 1838 1870 1838 1895 1824 1909 1816 1920 1824 1934 1835 1937 1835 1939 1835 1942 1835 2026 1824 2079 1816 2098 1821 2129 1833 2132 1833 2135 1833 2243 1830 2246 1830 2279 1819 2321 1808 2357 1819 2388 1827 2391 1827 2394 1827 2397 1827 2436 1819 2455 1813 2477 1816 2522 1824 2525 1824 2528 1824 2547 1816 2575 1802 2592 1816 2600 1771 2592 1730 1613 1763 1563 1757 1493 1749 1491 1749 1488 1749 1485 1749 1474 1760 1466 1766 1438 1760 1388 1752 1385 1752 1382 1752 1349 1763 1332 1769 1298 1766 1220 1755 1218 1755 1215 1755 1212 1755 1195 1769 1190 1771 1170 1769 1103 1757 1100 1757 1098 1757 1070 1771 1064 1774 1014 1774 797 1763 794 1763 702 1780 660 1766 657 1766 654 1766 521 1785 523 1819"/></Shape>
	    <String CONTENT=""
                    HPOS="521"
                    VPOS="1730"
                    WIDTH="2079"
                    HEIGHT="133"></String>
          </TextLine>
          <TextLine ID="eSc_line_1e715c53"
                    TAGREFS="LT31"
                    BASELINE="518 1891 2642 1855" 
                    HPOS="515"
                    VPOS="1802"
                    WIDTH="2127"
                    HEIGHT="114">
            <Shape><Polygon POINTS="518 1891 518 1916 1655 1913 2377 1886 2438 1899 2441 1899 2444 1899 2642 1877 2642 1855 2633 1802 515 1838 518 1891"/></Shape>
	    <String CONTENT=""
                    HPOS="515"
                    VPOS="1802"
                    WIDTH="2127"
                    HEIGHT="114"></String>
          </TextLine>
          <TextLine ID="eSc_line_278ddeba"
                    TAGREFS="LT31"
                    BASELINE="512 1966 1761 1952 2639 1922" 
                    HPOS="510"
                    VPOS="1880"
                    WIDTH="2129"
                    HEIGHT="120">
            <Shape><Polygon POINTS="512 1966 512 1989 889 1983 905 1983 1092 2000 1095 2000 1098 2000 1100 2000 1131 1980 1201 1991 1204 1991 1206 1991 1248 1977 1259 1975 1323 1975 1655 1989 1658 1989 2187 1961 2318 1955 2327 1958 2349 1975 2352 1975 2355 1975 2357 1975 2564 1972 2567 1972 2639 1952 2639 1922 2633 1880 2413 1880 2410 1880 2408 1880 2399 1883 2360 1897 2174 1888 2115 1886 2112 1886 2076 1888 1962 1905 1700 1897 1655 1897 1652 1897 1633 1899 1527 1913 1502 1902 1499 1902 1496 1902 1276 1916 1248 1905 1240 1902 1237 1902 1234 1902 1231 1902 1223 1905 1195 1922 510 1922 512 1966"/></Shape>
	    <String CONTENT=""
                    HPOS="510"
                    VPOS="1880"
                    WIDTH="2129"
                    HEIGHT="120"></String>
          </TextLine>
          <TextLine ID="eSc_line_ac349cf0"
                    TAGREFS="LT34"
                    BASELINE="526 2005 703 2008" 
                    HPOS="526"
                    VPOS="2005"
                    WIDTH="177"
                    HEIGHT="3">
	    <String CONTENT=""
                    HPOS="526"
                    VPOS="2005"
                    WIDTH="177"
                    HEIGHT="3"></String>
          </TextLine>
          <TextLine ID="eSc_line_357f4cbc"
                    TAGREFS="LT34"
                    BASELINE="2439 1970 2550 1972" 
                    HPOS="2439"
                    VPOS="1970"
                    WIDTH="111"
                    HEIGHT="2">
	    <String CONTENT=""
                    HPOS="2439"
                    VPOS="1970"
                    WIDTH="111"
                    HEIGHT="2"></String>
          </TextLine>
          <TextLine ID="eSc_line_b356bf6e"
                    TAGREFS="LT31"
                    BASELINE="515 2042 2168 2019 2631 1997" 
                    HPOS="512"
                    VPOS="1950"
                    WIDTH="2119"
                    HEIGHT="125">
            <Shape><Polygon POINTS="515 2042 515 2075 696 2058 983 2067 1028 2067 1031 2067 1034 2067 1036 2067 1059 2053 1173 2061 1204 2064 1206 2064 1209 2064 1220 2061 1268 2050 1466 2055 1552 2058 1555 2058 2631 2030 2631 1997 2622 1950 2449 1972 2416 1955 2413 1955 2302 1955 2299 1955 2296 1955 2293 1955 2246 1977 2107 1958 2104 1958 2101 1958 2098 1958 2095 1958 2065 1980 1956 1964 1953 1964 1951 1964 1900 1983 1702 1972 1700 1972 1697 1972 1694 1972 1672 1989 1385 1991 1351 1972 1349 1972 1346 1972 1343 1972 1340 1972 1337 1972 1309 1991 1223 1975 1220 1975 1218 1975 1159 1991 947 1977 936 1977 933 1977 930 1977 928 1977 852 2000 785 1980 783 1980 780 1980 512 1983 515 2042"/></Shape>
	    <String CONTENT=""
                    HPOS="512"
                    VPOS="1950"
                    WIDTH="2119"
                    HEIGHT="125"></String>
          </TextLine>
          <TextLine ID="eSc_line_17d98de9"
                    TAGREFS="LT34"
                    BASELINE="1895 2056 2254 2051" 
                    HPOS="1895"
                    VPOS="2051"
                    WIDTH="359"
                    HEIGHT="5">
	    <String CONTENT=""
                    HPOS="1895"
                    VPOS="2051"
                    WIDTH="359"
                    HEIGHT="5"></String>
          </TextLine>
          <TextLine ID="eSc_line_23cd5dac"
                    TAGREFS="LT31"
                    BASELINE="504 2108 2619 2078" 
                    HPOS="501"
                    VPOS="2036"
                    WIDTH="2118"
                    HEIGHT="111">
            <Shape><Polygon POINTS="504 2108 504 2131 691 2147 694 2147 696 2147 763 2131 961 2142 964 2142 1588 2120 1650 2133 1652 2133 1655 2133 1850 2114 1864 2114 1875 2114 1992 2128 1995 2128 2121 2111 2126 2111 2132 2111 2210 2125 2213 2125 2215 2125 2252 2108 2254 2106 2619 2103 2619 2078 2611 2036 501 2061 504 2108"/></Shape>
	    <String CONTENT=""
                    HPOS="501"
                    VPOS="2036"
                    WIDTH="2118"
                    HEIGHT="111"></String>
          </TextLine>
          <TextLine ID="eSc_line_a4593497"
                    TAGREFS="LT31"
                    BASELINE="512 2189 2659 2147" 
                    HPOS="510"
                    VPOS="2103"
                    WIDTH="2149"
                    HEIGHT="120">
            <Shape><Polygon POINTS="512 2189 512 2223 797 2203 847 2217 850 2217 852 2217 855 2217 866 2217 975 2200 1059 2211 1075 2214 1078 2214 1081 2214 1089 2211 1128 2198 1268 2209 1287 2209 1290 2209 1354 2206 1800 2184 2012 2192 2076 2195 2079 2195 2135 2189 2296 2175 2656 2178 2659 2147 2650 2103 510 2136 512 2189"/></Shape>
	    <String CONTENT=""
                    HPOS="510"
                    VPOS="2103"
                    WIDTH="2149"
                    HEIGHT="120"></String>
          </TextLine>
          <TextLine ID="eSc_line_568bc633"
                    TAGREFS="LT31"
                    BASELINE="510 2267 825 2250 2645 2214" 
                    HPOS="507"
                    VPOS="2167"
                    WIDTH="2138"
                    HEIGHT="131">
            <Shape><Polygon POINTS="510 2267 510 2298 602 2284 727 2292 735 2292 738 2292 741 2292 791 2276 889 2289 905 2289 908 2289 911 2289 916 2287 947 2273 1477 2273 1842 2273 1842 2270 2645 2237 2645 2214 2636 2167 507 2217 510 2267"/></Shape>
	    <String CONTENT=""
                    HPOS="507"
                    VPOS="2167"
                    WIDTH="2138"
                    HEIGHT="131"></String>
          </TextLine>
          <TextLine ID="eSc_line_81419d24"
                    TAGREFS="LT31"
                    BASELINE="498 2342 1123 2317 2667 2292" 
                    HPOS="496"
                    VPOS="2237"
                    WIDTH="2171"
                    HEIGHT="130">
            <Shape><Polygon POINTS="498 2342 498 2367 2201 2323 2388 2331 2391 2331 2394 2331 2397 2331 2488 2317 2664 2326 2667 2292 2659 2253 2569 2253 2567 2253 2547 2237 2544 2237 2541 2237 2539 2237 2536 2237 2466 2256 2461 2256 2436 2256 2229 2248 2226 2248 2224 2248 2190 2262 2187 2262 2185 2262 2126 2245 2123 2245 2121 2245 2034 2259 1914 2248 1912 2248 1909 2248 1870 2267 1867 2267 1839 2253 1836 2253 1833 2253 1742 2270 1736 2270 1711 2253 1708 2253 1705 2253 1702 2253 1700 2253 1672 2267 1566 2256 1563 2256 1560 2256 1488 2276 1480 2276 1468 2276 1343 2259 1340 2259 1337 2259 1282 2278 1279 2278 1270 2278 1064 2264 1061 2264 1059 2264 1056 2264 1031 2284 1025 2284 944 2267 942 2267 939 2267 889 2287 886 2287 883 2287 822 2270 819 2270 816 2270 813 2270 774 2289 772 2289 760 2289 685 2278 682 2278 618 2292 613 2292 610 2292 574 2276 571 2276 568 2276 496 2292 498 2342"/></Shape>
	    <String CONTENT=""
                    HPOS="496"
                    VPOS="2237"
                    WIDTH="2171"
                    HEIGHT="130"></String>
          </TextLine>
          <TextLine ID="eSc_line_39026f4d"
                    TAGREFS="LT31"
                    BASELINE="493 2418 772 2409" 
                    HPOS="490"
                    VPOS="2354"
                    WIDTH="282"
                    HEIGHT="89">
            <Shape><Polygon POINTS="493 2418 493 2437 766 2443 772 2409 766 2367 694 2354 691 2354 490 2373 493 2418"/></Shape>
	    <String CONTENT=""
                    HPOS="490"
                    VPOS="2354"
                    WIDTH="282"
                    HEIGHT="89"></String>
          </TextLine>
          <TextLine ID="eSc_line_89d0ed2f"
                    TAGREFS="LT31"
                    BASELINE="507 2490 2647 2454" 
                    HPOS="504"
                    VPOS="2395"
                    WIDTH="2143"
                    HEIGHT="126">
            <Shape><Polygon POINTS="507 2490 507 2507 833 2521 836 2521 838 2521 894 2504 900 2504 922 2504 1162 2515 1165 2515 1234 2501 1251 2498 1282 2501 1404 2510 1407 2510 1563 2498 1661 2490 1755 2496 1867 2501 1870 2501 1873 2501 1900 2493 1925 2487 1951 2493 1978 2501 1981 2501 1984 2501 1987 2501 2017 2493 2045 2484 2095 2493 2146 2498 2148 2498 2645 2484 2647 2454 2642 2406 2491 2395 2488 2395 2486 2395 2461 2409 2447 2415 2427 2409 2399 2401 2397 2401 2394 2401 2391 2401 2369 2409 2357 2418 2112 2418 2056 2418 1822 2406 1820 2406 1817 2406 1786 2420 1778 2426 1764 2423 1725 2409 1722 2409 1719 2409 1655 2423 1652 2423 1560 2412 1558 2412 1555 2412 1521 2426 1513 2429 1491 2426 1379 2415 1376 2415 1374 2415 1371 2415 1354 2429 1349 2434 1162 2437 1126 2434 1006 2420 1003 2420 1000 2420 997 2420 978 2437 972 2443 830 2443 802 2440 691 2426 688 2426 685 2426 643 2443 635 2445 621 2443 526 2429 523 2429 521 2429 518 2429 504 2437 507 2490"/></Shape>
	    <String CONTENT=""
                    HPOS="504"
                    VPOS="2395"
                    WIDTH="2143"
                    HEIGHT="126"></String>
          </TextLine>
          <TextLine ID="eSc_line_4cd9179b"
                    TAGREFS="LT31"
                    BASELINE="493 2554 2617 2526" 
                    HPOS="490"
                    VPOS="2484"
                    WIDTH="2127"
                    HEIGHT="98">
            <Shape><Polygon POINTS="493 2554 493 2582 1259 2568 1273 2576 1276 2579 1279 2579 1282 2579 1284 2579 1304 2576 1354 2565 1488 2574 1535 2576 1538 2576 1597 2574 1786 2560 2104 2568 2132 2568 2135 2568 2140 2568 2207 2554 2611 2562 2617 2526 2608 2484 490 2507 493 2554"/></Shape>
	    <String CONTENT=""
                    HPOS="490"
                    VPOS="2484"
                    WIDTH="2127"
                    HEIGHT="98"></String>
          </TextLine>
          <TextLine ID="eSc_line_61b3f628"
                    TAGREFS="LT34"
                    BASELINE="2155 2568 2426 2570" 
                    HPOS="2155"
                    VPOS="2568"
                    WIDTH="271"
                    HEIGHT="2">
	    <String CONTENT=""
                    HPOS="2155"
                    VPOS="2568"
                    WIDTH="271"
                    HEIGHT="2"></String>
          </TextLine>
          <TextLine ID="eSc_line_83945e08"
                    TAGREFS="LT31"
                    BASELINE="487 2632 2104 2607 2645 2613" 
                    HPOS="484"
                    VPOS="2546"
                    WIDTH="2161"
                    HEIGHT="106">
            <Shape><Polygon POINTS="487 2632 487 2649 1560 2652 1563 2652 1619 2643 1686 2635 1742 2643 1778 2649 1781 2649 1864 2643 2006 2632 2093 2643 2112 2643 2115 2643 2118 2643 2121 2640 2146 2629 2193 2640 2201 2643 2204 2643 2207 2643 2224 2640 2307 2627 2639 2638 2645 2613 2642 2565 2210 2546 2207 2546 1822 2574 1767 2579 1630 2579 1624 2576 1560 2554 1558 2554 1555 2554 1552 2554 1549 2554 1549 2557 1524 2576 1521 2579 1510 2576 1454 2568 1452 2568 1276 2579 1234 2582 1231 2579 1192 2560 1190 2560 1187 2560 1184 2560 1142 2582 964 2582 936 2565 933 2565 930 2565 928 2565 925 2565 922 2565 900 2585 894 2590 836 2590 827 2585 805 2571 802 2571 799 2571 797 2571 735 2582 649 2568 646 2568 643 2568 641 2568 613 2588 610 2590 599 2588 535 2574 532 2574 529 2574 484 2585 487 2632"/></Shape>
	    <String CONTENT=""
                    HPOS="484"
                    VPOS="2546"
                    WIDTH="2161"
                    HEIGHT="106"></String>
          </TextLine>
          <TextLine ID="eSc_line_5e9ab170"
                    TAGREFS="LT31"
                    BASELINE="490 2705 1594 2685 2661 2685" 
                    HPOS="487"
                    VPOS="2627"
                    WIDTH="2174"
                    HEIGHT="91">
            <Shape><Polygon POINTS="490 2705 490 2718 2661 2707 2661 2685 2659 2640 2341 2627 2338 2627 2335 2627 2332 2627 2313 2643 2310 2643 2302 2643 2187 2629 2185 2629 2054 2643 2017 2629 2015 2629 2012 2629 2009 2629 2006 2629 1978 2646 1964 2646 1761 2632 1758 2632 1755 2632 1753 2632 1733 2646 1552 2635 1549 2635 1471 2649 1410 2635 1407 2635 1404 2635 1270 2652 1251 2638 1248 2638 1245 2638 1098 2638 1095 2638 1092 2638 1056 2654 1053 2654 844 2640 841 2640 838 2640 788 2657 788 2660 487 2660 490 2705"/></Shape>
	    <String CONTENT=""
                    HPOS="487"
                    VPOS="2627"
                    WIDTH="2174"
                    HEIGHT="91"></String>
          </TextLine>
          <TextLine ID="eSc_line_56045a60"
                    TAGREFS="LT31"
                    BASELINE="479 2769 2631 2746" 
                    HPOS="476"
                    VPOS="2693"
                    WIDTH="2155"
                    HEIGHT="115">
            <Shape><Polygon POINTS="479 2769 482 2808 554 2791 663 2805 666 2805 668 2805 699 2788 850 2788 880 2802 883 2802 886 2802 1017 2785 1541 2796 1549 2796 1552 2796 1569 2796 2558 2771 2625 2785 2631 2746 2625 2705 2371 2693 2369 2693 2366 2693 2321 2707 2310 2710 2299 2707 2277 2699 2274 2699 2271 2699 1733 2713 1530 2718 1488 2716 1354 2707 1351 2707 1279 2718 1259 2721 1237 2718 1100 2705 1098 2705 1095 2705 1050 2721 1039 2721 741 2707 738 2707 735 2707 688 2727 682 2727 671 2727 537 2710 535 2710 532 2710 476 2724 479 2769"/></Shape>
	    <String CONTENT=""
                    HPOS="476"
                    VPOS="2693"
                    WIDTH="2155"
                    HEIGHT="115"></String>
          </TextLine>
          <TextLine ID="eSc_line_f7eea966"
                    TAGREFS="LT34"
                    BASELINE="733 2732 968 2729" 
                    HPOS="733"
                    VPOS="2729"
                    WIDTH="235"
                    HEIGHT="3">
	    <String CONTENT=""
                    HPOS="733"
                    VPOS="2729"
                    WIDTH="235"
                    HEIGHT="3"></String>
          </TextLine>
          <TextLine ID="eSc_line_4fa0a8c4"
                    TAGREFS="LT31"
                    BASELINE="501 2835 2597 2824" 
                    HPOS="498"
                    VPOS="2774"
                    WIDTH="2099"
                    HEIGHT="103">
            <Shape><Polygon POINTS="501 2835 504 2877 563 2855 621 2869 624 2869 627 2869 629 2869 632 2869 649 2855 908 2855 956 2874 958 2874 961 2874 964 2874 975 2874 1092 2861 1206 2872 1212 2872 1215 2872 1218 2872 1220 2872 1240 2855 1270 2872 1273 2872 1276 2872 1284 2872 1407 2855 1474 2872 1485 2872 1488 2872 1491 2872 1496 2869 1552 2855 1652 2869 1661 2869 1663 2869 1669 2869 1758 2849 1825 2869 1831 2869 1833 2869 1836 2869 1867 2866 2118 2847 2592 2861 2597 2824 2592 2791 2101 2774 2098 2774 2009 2791 1853 2777 1850 2777 1619 2791 1566 2777 1563 2777 1560 2777 1558 2777 1555 2777 1538 2794 1519 2780 1516 2780 1513 2780 1360 2780 1357 2780 1237 2794 1218 2780 1215 2780 1212 2780 1209 2780 1073 2794 1028 2780 1025 2780 1022 2780 498 2799 501 2835"/></Shape>
	    <String CONTENT=""
                    HPOS="498"
                    VPOS="2774"
                    WIDTH="2099"
                    HEIGHT="103"></String>
          </TextLine>
          <TextLine ID="eSc_line_76f7f5c0"
                    TAGREFS="LT34"
                    BASELINE="538 2873 816 2873" 
                    HPOS="538"
                    VPOS="2873"
                    WIDTH="278"
                    HEIGHT="0">
	    <String CONTENT=""
                    HPOS="538"
                    VPOS="2873"
                    WIDTH="278"
                    HEIGHT="0"></String>
          </TextLine>
          <TextLine ID="eSc_line_f7817c3b"
                    TAGREFS="LT31"
                    BASELINE="476 2913 2631 2888" 
                    HPOS="473"
                    VPOS="2838"
                    WIDTH="2158"
                    HEIGHT="103">
            <Shape><Polygon POINTS="476 2913 476 2941 2631 2919 2631 2888 2622 2849 2213 2855 2201 2852 2165 2838 2162 2838 2160 2838 2157 2838 2101 2852 2076 2858 2048 2852 1978 2841 1976 2841 1873 2855 1825 2861 1808 2855 1772 2841 1769 2841 1767 2841 1764 2841 1736 2855 1730 2858 1728 2855 1702 2844 1700 2844 1697 2844 1694 2844 1647 2858 1619 2863 1566 2858 1491 2849 1488 2849 1485 2849 1454 2858 1438 2863 1415 2858 1357 2847 1354 2847 1351 2847 1349 2847 1335 2861 1323 2869 1112 2869 1095 2861 1064 2847 1061 2847 1059 2847 1056 2847 1014 2863 1000 2869 986 2863 956 2847 953 2847 950 2847 947 2847 886 2863 866 2869 855 2863 822 2849 819 2849 816 2849 473 2866 476 2913"/></Shape>
	    <String CONTENT=""
                    HPOS="473"
                    VPOS="2838"
                    WIDTH="2158"
                    HEIGHT="103"></String>
          </TextLine>
          <TextLine ID="eSc_line_aca17dd3"
                    TAGREFS="LT31"
                    BASELINE="476 2983 1424 2982 1424 2982 2606 2958" 
                    HPOS="473"
                    VPOS="2908"
                    WIDTH="2133"
                    HEIGHT="111">
            <Shape><Polygon POINTS="476 3008 741 3003 755 3005 788 3019 791 3019 794 3019 933 3005 986 3000 995 3005 1011 3017 1014 3017 1017 3017 1020 3017 1418 3014 1705 3008 1708 3008 1739 2997 1753 2991 1792 2997 1892 3008 1895 3008 1898 3008 1937 2994 1953 2989 1992 2994 2056 3003 2059 3003 2062 3003 2065 3003 2076 2991 2084 2986 2238 2986 2257 2991 2293 3003 2296 3003 2299 3003 2302 3003 2344 2989 2369 2983 2600 2986 2606 2958 2600 2925 2444 2911 2441 2911 2357 2925 2316 2908 2313 2908 2310 2908 2307 2908 2305 2908 2282 2922 2073 2911 2070 2911 1624 2933 1588 2933 1585 2933 1560 2916 1558 2916 1555 2916 1418 2916 1415 2916 1128 2936 1089 2939 1059 2939 919 2927 916 2927 825 2939 805 2941 799 2939 769 2925 766 2925 763 2925 760 2925 716 2941 705 2947 632 2947 627 2941 610 2927 607 2927 604 2927 602 2927 473 2941 476 2983"/></Shape>
	    <String CONTENT=""
                    HPOS="473"
                    VPOS="2908"
                    WIDTH="2133"
                    HEIGHT="111"></String>
          </TextLine>
          <TextLine ID="eSc_line_899461d6"
                    TAGREFS="LT34"
                    BASELINE="1249 2945 1555 2947" 
                    HPOS="1249"
                    VPOS="2945"
                    WIDTH="306"
                    HEIGHT="2">
	    <String CONTENT=""
                    HPOS="1249"
                    VPOS="2945"
                    WIDTH="306"
                    HEIGHT="2"></String>
          </TextLine>
          <TextLine ID="eSc_line_57336add"
                    TAGREFS="LT31"
                    BASELINE="462 3058 2611 3036" 
                    HPOS="459"
                    VPOS="2986"
                    WIDTH="2152"
                    HEIGHT="103">
            <Shape><Polygon POINTS="462 3058 462 3089 2611 3064 2611 3036 2606 2994 2146 2986 2143 2986 2001 2997 1903 3003 1856 2997 1797 2989 1794 2989 1742 2997 1689 3005 1633 2997 1583 2991 1580 2991 1577 2991 1549 2997 1510 3011 1259 3011 1075 3000 995 2997 992 2997 964 3003 891 3014 774 3003 738 3000 735 3000 733 3000 730 3000 727 3003 710 3017 459 3005 462 3058"/></Shape>
	    <String CONTENT=""
                    HPOS="459"
                    VPOS="2986"
                    WIDTH="2152"
                    HEIGHT="103"></String>
          </TextLine>
          <TextLine ID="eSc_line_d2329f31"
                    TAGREFS="LT31"
                    BASELINE="476 3125 2639 3120" 
                    HPOS="473"
                    VPOS="3064"
                    WIDTH="2166"
                    HEIGHT="95">
            <Shape><Polygon POINTS="476 3125 476 3159 2268 3159 2268 3156 2335 3142 2633 3156 2639 3120 2633 3083 2505 3083 2461 3064 2458 3064 2455 3064 2043 3081 2020 3064 2017 3064 2015 3064 1794 3064 1792 3064 1789 3064 1755 3081 1719 3067 1716 3067 1714 3067 1647 3081 1577 3064 1574 3064 1571 3064 1569 3064 1566 3064 1566 3067 1544 3083 1192 3067 1190 3067 1187 3067 1153 3083 1039 3069 1036 3069 1034 3069 1031 3069 1011 3086 864 3086 825 3067 822 3067 660 3067 657 3067 473 3086 476 3125"/></Shape>
	    <String CONTENT=""
                    HPOS="473"
                    VPOS="3064"
                    WIDTH="2166"
                    HEIGHT="95"></String>
          </TextLine>
          <TextLine ID="eSc_line_2e3d9321"
                    TAGREFS="LT31"
                    BASELINE="471 3192 2603 3192" 
                    HPOS="471"
                    VPOS="3145"
                    WIDTH="2132"
                    HEIGHT="92">
            <Shape><Polygon POINTS="471 3192 471 3214 702 3234 705 3237 950 3237 950 3234 1017 3220 1028 3217 1059 3220 1206 3231 1209 3231 1282 3220 1304 3217 1315 3220 1349 3234 1351 3234 1354 3237 1789 3237 1789 3234 1867 3223 1914 3217 1995 3223 2115 3234 2118 3234 2121 3234 2123 3234 2137 3225 2151 3217 2171 3225 2190 3231 2193 3231 2196 3231 2199 3231 2218 3225 2246 3217 2600 3225 2603 3192 2600 3145 471 3145 471 3192"/></Shape>
	    <String CONTENT=""
                    HPOS="471"
                    VPOS="3145"
                    WIDTH="2132"
                    HEIGHT="92"></String>
          </TextLine>
          <TextLine ID="eSc_line_32a844bf"
                    TAGREFS="LT34"
                    BASELINE="707 3225 963 3220" 
                    HPOS="707"
                    VPOS="3220"
                    WIDTH="256"
                    HEIGHT="5">
	    <String CONTENT=""
                    HPOS="707"
                    VPOS="3220"
                    WIDTH="256"
                    HEIGHT="5"></String>
          </TextLine>
          <TextLine ID="eSc_line_370d2e20"
                    TAGREFS="LT31"
                    BASELINE="479 3273 2371 3270 2569 3276 2650 3290" 
                    HPOS="476"
                    VPOS="3212"
                    WIDTH="2174"
                    HEIGHT="100">
            <Shape><Polygon POINTS="479 3273 482 3312 557 3292 724 3309 727 3309 900 3292 1257 3309 1259 3309 1262 3309 1315 3295 1365 3309 1368 3309 1371 3309 1374 3309 1401 3295 1446 3309 1449 3309 1452 3312 1808 3312 1808 3309 1811 3309 1845 3295 1964 3309 1967 3309 1970 3309 2004 3292 2408 3309 2410 3309 2413 3309 2416 3309 2441 3292 2645 3309 2650 3290 2647 3228 2572 3212 2569 3212 2567 3212 2511 3228 1992 3212 1990 3212 1987 3212 1945 3231 1811 3231 1744 3212 1742 3212 1739 3212 1599 3228 1538 3212 1535 3212 1532 3212 1530 3212 1482 3228 1438 3212 1435 3212 1432 3212 1276 3228 1229 3212 1226 3212 950 3212 947 3212 707 3228 615 3212 613 3212 476 3231 479 3273"/></Shape>
	    <String CONTENT=""
                    HPOS="476"
                    VPOS="3212"
                    WIDTH="2174"
                    HEIGHT="100"></String>
          </TextLine>
        </TextBlock>
      </PrintSpace>
    </Page>
  </Layout>
</alto>
