<?xml version="1.0" encoding="UTF-8"?>
<alto xmlns:xsi="http://www.w3.org/2001/XMLSchema-instance"
      xmlns="http://www.loc.gov/standards/alto/ns-v4#"
      xsi:schemaLocation="http://www.loc.gov/standards/alto/ns-v4# http://www.loc.gov/standards/alto/v4/alto-4-2.xsd">
  <Description>
    <MeasurementUnit>pixel</MeasurementUnit>
    <sourceImageInformation>
      <fileName>ARCH-DIV-000496_0053.png</fileName>
    </sourceImageInformation>
  </Description>
  <Tags>
    <OtherTag ID="BT42" LABEL="MainZone" DESCRIPTION="block type MainZone"/><OtherTag ID="BT43" LABEL="MarginTextZone" DESCRIPTION="block type MarginTextZone"/><OtherTag ID="BT44" LABEL="NumberingZone" DESCRIPTION="block type NumberingZone"/><OtherTag ID="BT45" LABEL="TitlePageZone" DESCRIPTION="block type TitlePageZone"/><OtherTag ID="BT46" LABEL="CustomZone:Numbering" DESCRIPTION="block type CustomZone:Numbering"/><OtherTag ID="BT49" LABEL="MarginTextZone:lower" DESCRIPTION="block type MarginTextZone:lower"/>
    <OtherTag ID="LT25" LABEL="default" DESCRIPTION="line type default"/><OtherTag ID="LT31" LABEL="DefaultLine" DESCRIPTION="line type DefaultLine"/><OtherTag ID="LT32" LABEL="HeadingLine" DESCRIPTION="line type HeadingLine"/><OtherTag ID="LT33" LABEL="InterlinearLine:addition" DESCRIPTION="line type InterlinearLine:addition"/><OtherTag ID="LT34" LABEL="InterlinearLine:correction" DESCRIPTION="line type InterlinearLine:correction"/>
  </Tags>
  <Layout>
    <Page WIDTH="2790"
          HEIGHT="3306"
          PHYSICAL_IMG_NR="52"
          ID="eSc_dummypage_">
      <PrintSpace HPOS="0"
                  VPOS="0"
                  WIDTH="2790"
                  HEIGHT="3306">
        <TextBlock HPOS="135"
                   VPOS="27"
                   WIDTH="373"
                   HEIGHT="217"
                   ID="eSc_textblock_395ea92f"
                   TAGREFS="BT44">
          <Shape><Polygon POINTS="135 27 135 244 508 244 508 27"/></Shape>
          <TextLine ID="eSc_line_18e69f00"
                    TAGREFS="LT31"
                    BASELINE="240 122 419 128" 
                    HPOS="289"
                    VPOS="66"
                    WIDTH="61"
                    HEIGHT="102">
            <Shape><Polygon POINTS="289 74 297 129 300 168 350 168 347 123 339 66 319 66 317 68"/></Shape>
	    <String CONTENT="88"
                    HPOS="289"
                    VPOS="66"
                    WIDTH="61"
                    HEIGHT="102"
                    WC="0.9988124966621399"></String>
          </TextLine>
        </TextBlock>
        <TextBlock HPOS="528"
                   VPOS="7"
                   WIDTH="2228"
                   HEIGHT="2932"
                   ID="eSc_textblock_9711e0de"
                   TAGREFS="BT42">
          <Shape><Polygon POINTS="528 7 528 2939 2756 2939 2756 7"/></Shape>
          <TextLine ID="eSc_line_9484cf61"
                    TAGREFS="LT31"
                    BASELINE="631 79 2668 74" 
                    HPOS="628"
                    VPOS="22"
                    WIDTH="2040"
                    HEIGHT="90">
            <Shape><Polygon POINTS="2613 30 2585 30 2558 30 2530 30 2503 30 2475 30 2448 30 2437 30 2431 33 2219 33 2205 30 2200 30 2172 27 2144 27 2117 27 2089 27 2084 27 2070 33 1921 33 1910 27 1896 27 1869 27 1841 27 1814 27 1786 27 1758 27 1747 27 1745 30 1739 27 1731 27 1703 27 1676 24 1645 33 1643 33 1637 33 1565 24 1538 24 1510 24 1483 24 1455 24 1428 24 1400 24 1372 24 1359 24 1226 33 1224 33 1185 24 1179 24 1152 22 1124 22 1119 22 1069 33 1053 22 1042 22 1014 22 986 22 959 22 931 22 904 22 876 22 849 22 821 22 793 22 766 22 722 33 694 22 683 22 656 24 628 52 631 79 631 101 2663 112 2668 74 2663 33 2635 30 2613 30"/></Shape>
	    <String CONTENT="rive tonjans le méuntentement et l&#x27;inquiétude tounaient"
                    HPOS="628"
                    VPOS="22"
                    WIDTH="2040"
                    HEIGHT="90"
                    WC="0.9803506244312633"></String>
          </TextLine>
          <TextLine ID="eSc_line_6bad12f5"
                    TAGREFS="LT31"
                    BASELINE="647 162 2671 143" 
                    HPOS="1758"
                    VPOS="101"
                    WIDTH="913"
                    HEIGHT="78">
            <Shape><Polygon POINTS="1761 179 1924 162 2665 176 2671 143 2665 107 1758 101 1761 146"/></Shape>
	    <String CONTENT="propagand répulgicaine ei fiit"
                    HPOS="1758"
                    VPOS="101"
                    WIDTH="913"
                    HEIGHT="78"
                    WC="0.9385636250178019"></String>
          </TextLine>
          <TextLine ID="eSc_line_392364d5"
                    TAGREFS="LT31"
                    BASELINE="639 236 1929 212 2663 214" 
                    HPOS="634"
                    VPOS="146"
                    WIDTH="2029"
                    HEIGHT="110">
            <Shape><Polygon POINTS="2029 146 2026 146 2023 146 1979 165 1946 148 1943 148 1940 148 1938 148 1882 168 1841 181 1563 176 1560 176 1163 195 1097 179 1077 179 1050 179 1044 165 1022 159 1000 154 998 154 995 154 634 154 639 236 639 256 2660 239 2663 214 2660 176 2459 157 2456 157 2453 157 2426 173 2415 179 2313 179 2114 170 2109 170 2031 146 2029 146"/></Shape>
	    <String CONTENT="&lt;&lt;... .... ............. delle avait su exploiter la"
                    HPOS="634"
                    VPOS="146"
                    WIDTH="2029"
                    HEIGHT="110"
                    WC="0.9005404361165487"></String>
          </TextLine>
          <TextLine ID="eSc_line_1d705e64"
                    TAGREFS="LT34"
                    BASELINE="662 200 2305 171" 
                    HPOS="645"
                    VPOS="115"
                    WIDTH="366"
                    HEIGHT="108">
            <Shape><Polygon POINTS="650 223 1009 212 1011 187 1003 115 645 126 650 192"/></Shape>
	    <String CONTENT="ve ide pus"
                    HPOS="645"
                    VPOS="115"
                    WIDTH="366"
                    HEIGHT="108"
                    WC="0.8372845202684402"></String>
          </TextLine>
          <TextLine ID="eSc_line_53249174"
                    TAGREFS="LT31"
                    BASELINE="639 311 1259 289 2699 283" 
                    HPOS="636"
                    VPOS="231"
                    WIDTH="2063"
                    HEIGHT="107">
            <Shape><Polygon POINTS="639 311 639 338 1039 319 1257 333 1259 333 1262 333 1265 333 1317 316 1673 327 1676 327 1805 314 1869 327 1871 327 1874 327 1877 327 1880 327 1899 311 2062 311 2078 325 2081 325 2084 325 2086 327 2106 327 2202 327 2202 325 2205 325 2238 308 2693 319 2699 283 2693 247 2547 247 2522 231 2519 231 2517 231 2514 231 2437 247 2434 247 2431 247 2216 234 2213 234 2211 234 2208 234 2180 250 2177 250 2075 236 2073 236 2070 236 2067 236 2051 250 1678 239 1676 239 1673 239 1626 253 1585 239 1582 239 1579 239 1469 256 1428 242 1425 242 1422 242 1185 258 1119 245 1116 245 1113 245 1086 258 967 245 964 245 962 245 909 261 725 247 722 247 636 264 639 311"/></Shape>
	    <String CONTENT="défiance de la bongeoisie, à l&#x27;égard du pouvrir royal, défionce que"
                    HPOS="636"
                    VPOS="231"
                    WIDTH="2063"
                    HEIGHT="107"
                    WC="0.9838228661622574"></String>
          </TextLine>
          <TextLine ID="eSc_line_dedeea7c"
                    TAGREFS="LT31"
                    BASELINE="634 377 1430 355 2649 344" 
                    HPOS="631"
                    VPOS="294"
                    WIDTH="2018"
                    HEIGHT="108">
            <Shape><Polygon POINTS="634 377 634 402 2649 371 2649 344 2641 303 2456 308 2434 305 2384 294 2381 294 2379 294 2376 294 2362 305 2357 308 2343 305 2285 297 2282 297 2202 308 2180 311 2175 308 2150 297 2147 297 2144 297 2142 297 2139 297 2125 311 2117 316 1756 319 1736 316 1684 305 1681 305 1678 305 1654 319 1648 319 1610 319 1383 308 1381 308 1284 325 1273 325 1259 325 1146 314 1144 314 1141 314 1113 327 1111 327 1105 327 1031 314 1028 314 1025 314 995 330 992 330 962 330 785 319 782 319 780 319 777 319 760 333 755 333 675 319 672 319 669 319 631 333 634 377"/></Shape>
	    <String CONTENT="les demiers événémentstaussent permis sans peine d&#x27;exciter. ul"
                    HPOS="631"
                    VPOS="294"
                    WIDTH="2018"
                    HEIGHT="108"
                    WC="0.9990025508788324"></String>
          </TextLine>
          <TextLine ID="eSc_line_888fc95e"
                    TAGREFS="LT33"
                    BASELINE="1427 322 1503 327" 
                    HPOS="1427"
                    VPOS="322"
                    WIDTH="76"
                    HEIGHT="5">
	    <String CONTENT=""
                    HPOS="1427"
                    VPOS="322"
                    WIDTH="76"
                    HEIGHT="5"></String>
          </TextLine>
          <TextLine ID="eSc_line_6e6215d7"
                    TAGREFS="LT31"
                    BASELINE="625 443 2641 404" 
                    HPOS="623"
                    VPOS="355"
                    WIDTH="2018"
                    HEIGHT="124">
            <Shape><Polygon POINTS="625 443 625 462 758 479 760 479 763 479 766 479 788 462 791 462 1050 473 1053 473 1179 457 1221 451 1270 454 1397 465 1400 465 1458 451 1491 446 1651 449 1918 457 1921 457 2045 454 2048 454 2067 443 2089 435 2169 435 2183 443 2194 451 2197 451 2200 451 2202 451 2205 451 2224 443 2233 438 2274 440 2348 449 2351 449 2638 435 2641 404 2630 355 2597 369 2533 358 2517 355 2514 355 2511 355 2508 355 2506 358 2481 371 2348 360 2318 360 2315 360 2313 360 2307 363 2282 377 1841 382 1808 374 1775 369 1772 369 1769 369 1767 369 1767 371 1758 377 1750 385 1698 380 1640 371 1637 371 1634 371 1632 371 1621 380 1610 388 1554 382 1483 374 1480 374 1477 374 1439 385 1417 391 1342 388 1193 380 1190 380 1088 393 1047 399 1022 396 967 385 964 385 962 385 918 399 901 402 873 399 777 388 774 388 623 404 625 443"/></Shape>
	    <String CONTENT="sentement royaliste n&#x27;existait dans ce pays qui, depui le XVe siècle"
                    HPOS="623"
                    VPOS="355"
                    WIDTH="2018"
                    HEIGHT="124"
                    WC="0.9957422351135927"></String>
          </TextLine>
          <TextLine ID="eSc_line_99d5f7ac"
                    TAGREFS="LT33"
                    BASELINE="2088 459 2145 448" 
                    HPOS="2088"
                    VPOS="448"
                    WIDTH="57"
                    HEIGHT="11">
	    <String CONTENT=""
                    HPOS="2088"
                    VPOS="448"
                    WIDTH="57"
                    HEIGHT="11"></String>
          </TextLine>
          <TextLine ID="eSc_line_09f18479"
                    TAGREFS="LT31"
                    BASELINE="631 515 1414 490 2663 476" 
                    HPOS="628"
                    VPOS="421"
                    WIDTH="2035"
                    HEIGHT="121">
            <Shape><Polygon POINTS="631 531 1053 542 1055 542 1058 542 1113 526 1124 523 1133 526 1168 534 1171 534 1174 534 1417 520 1494 517 1513 520 1607 534 1610 534 1612 534 1615 534 1640 517 1648 512 1827 512 1836 515 1855 528 1858 528 1860 528 1863 528 1866 528 1869 528 1885 515 1891 512 1907 515 2007 526 2009 526 2084 512 2098 509 2120 509 2260 523 2263 523 2266 523 2326 506 2346 504 2365 506 2423 517 2426 517 2660 501 2663 476 2654 438 2503 438 2431 421 2428 421 2426 421 2304 438 2288 424 2285 424 2282 424 2279 424 2277 424 2274 424 2274 427 2252 443 2249 443 2103 427 2100 427 2098 427 2026 446 1775 432 1772 432 1769 432 1767 432 1742 451 1645 451 1623 438 1621 438 1618 438 1615 438 1612 438 1610 438 1590 454 1590 457 1563 457 1510 457 1452 438 1450 438 1447 438 1210 462 981 462 937 449 934 449 931 449 929 449 882 468 628 471 631 515"/></Shape>
	    <String CONTENT="n&#x27;avait en pour souverains que des étrangers. La république ne"
                    HPOS="628"
                    VPOS="421"
                    WIDTH="2035"
                    HEIGHT="121"
                    WC="0.9942653832897064"></String>
          </TextLine>
          <TextLine ID="eSc_line_8d5e4452"
                    TAGREFS="LT31"
                    BASELINE="634 595 1218 562 2646 539" 
                    HPOS="631"
                    VPOS="501"
                    WIDTH="2015"
                    HEIGHT="118">
            <Shape><Polygon POINTS="634 595 634 619 873 614 876 614 879 614 898 600 973 611 975 611 978 611 981 611 1000 597 1135 608 1144 608 1146 608 1152 608 1279 589 1328 603 1331 603 1334 603 1337 603 1408 586 1623 597 1640 597 1643 597 1645 597 1648 597 1684 581 1758 595 1764 595 1767 595 1769 595 1772 595 1830 578 1907 592 1918 592 1921 592 1965 589 2244 570 2641 573 2646 539 2641 504 2064 501 2062 501 2059 501 2056 501 2056 504 2042 515 2037 515 1869 506 1866 506 1756 520 1665 509 1662 509 1497 526 1411 515 1408 515 631 545 634 595"/></Shape>
	    <String CONTENT="pouveit effrages une nation qui l&#x27;avait proclamée en 1789 dans"
                    HPOS="631"
                    VPOS="501"
                    WIDTH="2015"
                    HEIGHT="118"
                    WC="0.997338363239842"></String>
          </TextLine>
          <TextLine ID="eSc_line_81ad0b15"
                    TAGREFS="LT31"
                    BASELINE="625 658 1458 628 2632 611" 
                    HPOS="623"
                    VPOS="564"
                    WIDTH="2009"
                    HEIGHT="119">
            <Shape><Polygon POINTS="625 658 625 680 920 683 923 683 973 674 1011 666 1058 672 1133 680 1135 680 1221 666 1268 661 1292 666 1334 674 1337 674 1615 669 1618 669 1621 669 1637 658 1648 652 1678 658 1742 666 1745 666 1896 652 1954 647 2007 650 2125 655 2128 655 2131 655 2150 647 2161 641 2188 644 2266 655 2268 655 2271 655 2274 655 2288 641 2293 639 2354 641 2539 650 2541 650 2632 633 2632 611 2624 573 2230 578 2150 564 2147 564 2144 564 2103 581 1946 570 1943 570 1745 589 1736 589 1731 589 1643 575 1640 575 1637 575 1576 592 1554 578 1552 578 1549 578 1546 578 1543 578 1491 592 1381 581 1378 581 623 611 625 658"/></Shape>
	    <String CONTENT="son insurrection contre Josuph II. La constitution telle que le congrès"
                    HPOS="623"
                    VPOS="564"
                    WIDTH="2009"
                    HEIGHT="119"
                    WC="0.9987063038517052"></String>
          </TextLine>
          <TextLine ID="eSc_line_7f2e9d5c"
                    TAGREFS="LT31"
                    BASELINE="625 730 953 713 2632 677" 
                    HPOS="623"
                    VPOS="630"
                    WIDTH="2009"
                    HEIGHT="130">
            <Shape><Polygon POINTS="625 730 625 760 763 743 862 757 868 757 871 757 879 757 995 738 1091 752 1105 752 1108 752 1127 749 1259 732 1331 743 1345 746 1348 746 1383 743 1530 727 1579 738 1596 741 1599 741 1645 735 1769 721 2045 724 2219 727 2222 727 2632 708 2632 677 2624 630 2219 650 2153 641 2098 636 2095 636 2092 636 2073 644 2051 655 1888 655 1827 650 1742 644 1739 644 1736 644 1734 644 1723 655 1714 663 1480 666 1455 661 1419 652 1417 652 1414 652 1411 652 1375 663 1356 669 1306 666 1218 658 1215 658 1138 669 1102 674 1075 672 992 661 989 661 986 661 956 674 951 677 923 674 805 666 802 666 623 683 625 730"/></Shape>
	    <String CONTENT="l&#x27;avait faite n&#x27;etait-elle pas d&#x27;ailleurs toute impréquée d&#x27;es¬"
                    HPOS="623"
                    VPOS="630"
                    WIDTH="2009"
                    HEIGHT="130"
                    WC="0.983678452552311"></String>
          </TextLine>
          <TextLine ID="eSc_line_21c6ec00"
                    TAGREFS="LT31"
                    BASELINE="636 801 1441 768 2718 749" 
                    HPOS="634"
                    VPOS="697"
                    WIDTH="2084"
                    HEIGHT="132">
            <Shape><Polygon POINTS="636 801 636 829 1124 804 1334 815 1350 815 1353 815 1356 815 1359 815 1378 798 1433 812 1436 812 1439 812 1444 812 1629 793 1811 804 1814 804 1816 804 1819 804 1863 787 2211 796 2219 796 2222 796 2224 796 2227 796 2252 779 2712 785 2718 749 2712 713 2550 697 2547 697 2544 697 2541 697 2519 713 2448 702 2445 702 2348 719 2257 702 2255 702 2252 702 2249 702 2222 721 1932 710 1929 710 1927 710 1852 730 1805 713 1803 713 1800 713 1670 727 1623 716 1621 716 1618 716 1615 716 1579 732 1411 721 1408 721 1406 721 1364 738 1127 727 1124 727 1122 727 1083 746 1006 730 1003 730 1000 730 951 749 738 738 736 738 733 738 730 738 711 757 634 757 636 801"/></Shape>
	    <String CONTENT="prit républicain ? &lt;.gi .. ........ .. ...&gt;"
                    HPOS="634"
                    VPOS="697"
                    WIDTH="2084"
                    HEIGHT="132"
                    WC="0.9061433062996975"></String>
          </TextLine>
          <TextLine ID="eSc_line_3806b725"
                    TAGREFS="LT31"
                    BASELINE="636 870 2685 804" 
                    HPOS="634"
                    VPOS="757"
                    WIDTH="2051"
                    HEIGHT="149">
            <Shape><Polygon POINTS="636 870 636 892 857 906 860 906 862 906 895 889 940 903 942 903 945 903 948 903 984 884 986 884 1202 889 1204 889 1337 873 1397 889 1400 889 1403 889 1406 889 1447 867 1527 867 1565 884 1568 884 1571 884 1678 862 1709 876 1712 876 1714 876 1717 876 1778 862 1910 873 1913 873 2089 854 2329 859 2332 859 2431 837 2442 837 2453 837 2583 851 2585 851 2588 851 2591 851 2591 848 2610 832 2613 832 2685 832 2685 804 2679 760 2450 757 2448 757 2445 757 2420 768 2406 774 2384 768 2351 763 2348 763 2279 774 2235 779 2172 776 2018 771 2015 771 2012 771 1982 785 1973 787 1962 785 1918 774 1916 774 1913 774 1844 790 1825 793 1808 790 1745 779 1742 779 1739 779 1678 796 1673 796 1667 796 1604 785 1601 785 1599 785 1596 785 1571 798 1565 804 1315 809 1306 809 1246 796 1243 796 1240 796 1237 796 1237 798 1221 812 1213 812 1061 801 1058 801 1055 801 998 818 774 815 771 815 769 815 716 829 672 815 669 815 667 815 664 815 634 829 636 870"/></Shape>
	    <String CONTENT="&lt;... ......... ..... .&gt; mais la ripu¬"
                    HPOS="634"
                    VPOS="757"
                    WIDTH="2051"
                    HEIGHT="149"
                    WC="0.8722686332625311"></String>
          </TextLine>
          <TextLine ID="eSc_line_806c6fe5"
                    TAGREFS="LT31"
                    BASELINE="625 942 2701 878" 
                    HPOS="623"
                    VPOS="843"
                    WIDTH="2078"
                    HEIGHT="135">
            <Shape><Polygon POINTS="625 942 625 964 711 978 714 978 796 961 813 958 843 958 984 969 986 969 1055 955 1077 950 1111 953 1196 961 1199 961 1202 961 1240 950 1259 944 1309 947 1411 955 1414 955 1417 955 1419 955 1433 944 1441 939 1541 942 1703 947 1706 947 2321 925 2324 925 2326 925 2329 922 2348 911 2699 911 2701 878 2693 843 623 895 625 942"/></Shape>
	    <String CONTENT="bliqué à laquelle beaucoup de bourgeois &lt;...&gt; adtéraient enn prin¬"
                    HPOS="623"
                    VPOS="843"
                    WIDTH="2078"
                    HEIGHT="135"
                    WC="0.9794095994821236"></String>
          </TextLine>
          <TextLine ID="eSc_line_94fb7a2c"
                    TAGREFS="LT31"
                    BASELINE="631 1011 2682 953" 
                    HPOS="628"
                    VPOS="914"
                    WIDTH="2054"
                    HEIGHT="130">
            <Shape><Polygon POINTS="631 1011 631 1035 791 1044 793 1044 890 1030 923 1024 948 1027 1017 1038 1020 1038 1022 1038 1050 1024 1055 1022 1064 1024 1105 1035 1108 1035 1111 1035 1113 1035 1141 1022 1146 1019 1177 1022 1290 1030 1292 1030 1295 1030 1298 1030 1315 1016 1323 1011 1524 1008 1574 1008 1758 1016 1761 1016 1764 1016 1791 1002 1794 1002 1825 1013 1827 1013 1830 1013 1833 1013 1836 1013 1855 1000 1858 1000 1871 1000 1951 1008 1954 1008 2109 994 2136 991 2142 991 2188 1005 2191 1005 2194 1005 2475 983 2511 980 2519 980 2577 994 2580 994 2682 975 2682 953 2674 914 628 964 631 1011"/></Shape>
	    <String CONTENT="cipe n&#x27;était qu&#x27;une forme ultra-libérale de l&#x27;Etat, et ce n&#x27;élait pas"
                    HPOS="628"
                    VPOS="914"
                    WIDTH="2054"
                    HEIGHT="130"
                    WC="0.9921043066010959"></String>
          </TextLine>
          <TextLine ID="eSc_line_838d941f"
                    TAGREFS="LT31"
                    BASELINE="623 1082 2241 1024 2663 1019" 
                    HPOS="620"
                    VPOS="972"
                    WIDTH="2043"
                    HEIGHT="138">
            <Shape><Polygon POINTS="623 1082 623 1110 1257 1102 1259 1102 1262 1102 1279 1088 1281 1088 1342 1099 1345 1099 1348 1099 1408 1082 1428 1079 1458 1082 1557 1090 1560 1090 1563 1090 1565 1090 1582 1077 1585 1074 1601 1077 1662 1088 1665 1088 1667 1088 1723 1071 1747 1066 1786 1068 1869 1079 1871 1079 1874 1079 1877 1079 1899 1066 1905 1060 1913 1066 1924 1074 1927 1074 1929 1074 1932 1074 2125 1057 2230 1049 2244 1055 2274 1066 2277 1066 2279 1066 2439 1046 2472 1044 2495 1044 2624 1055 2627 1055 2630 1055 2663 1038 2663 1019 2657 978 2318 972 2315 972 2313 972 2310 972 2288 986 2285 989 2263 989 2133 978 2131 978 2001 997 1965 1000 1869 1000 1571 997 1568 997 1414 1002 1411 1002 1408 1002 1397 1013 1389 1019 1367 1013 1331 1008 1328 1008 1257 1019 1207 1024 1193 1019 1171 1011 1168 1011 1166 1011 1163 1011 1119 1022 1086 1030 1061 1024 1036 1016 1033 1016 1031 1016 1028 1016 1025 1016 1011 1024 998 1035 620 1035 623 1082"/></Shape>
	    <String CONTENT="à une simple réforme politique qu&#x27;aspéraient les drais républé¬"
                    HPOS="620"
                    VPOS="972"
                    WIDTH="2043"
                    HEIGHT="138"
                    WC="0.9889880726113915"></String>
          </TextLine>
          <TextLine ID="eSc_line_1f39905a"
                    TAGREFS="LT31"
                    BASELINE="623 1157 2635 1090" 
                    HPOS="620"
                    VPOS="1038"
                    WIDTH="2015"
                    HEIGHT="143">
            <Shape><Polygon POINTS="623 1157 623 1181 2635 1113 2635 1090 2630 1052 2464 1038 2461 1038 2357 1060 2337 1066 1863 1079 1833 1079 1626 1066 1623 1066 1527 1085 1469 1074 1466 1074 1463 1074 1461 1074 1461 1077 1441 1093 1439 1093 1430 1093 1326 1082 1323 1082 1320 1082 1290 1099 1273 1085 1270 1085 1268 1085 1265 1085 1157 1102 1053 1085 1050 1085 953 1102 873 1090 871 1090 868 1090 824 1115 620 1121 623 1157"/></Shape>
	    <String CONTENT="cains. Catholiques comme Bertels, libres peuseurs comme De Potter,"
                    HPOS="620"
                    VPOS="1038"
                    WIDTH="2015"
                    HEIGHT="143"
                    WC="0.9941909222891836"></String>
          </TextLine>
          <TextLine ID="eSc_line_c862b35d"
                    TAGREFS="LT31"
                    BASELINE="620 1236 2674 1162" 
                    HPOS="617"
                    VPOS="1115"
                    WIDTH="2057"
                    HEIGHT="160">
            <Shape><Polygon POINTS="620 1236 620 1275 744 1250 904 1264 915 1264 918 1264 920 1264 923 1264 953 1248 1066 1253 1069 1253 1171 1236 1215 1250 1221 1253 1224 1253 1226 1253 1229 1253 1240 1250 1309 1231 1411 1242 1433 1245 1436 1245 1455 1242 1546 1220 1579 1236 1582 1236 1585 1236 1587 1236 1601 1236 1709 1217 1786 1228 1816 1231 1819 1231 1822 1231 1838 1225 1874 1212 1946 1220 1987 1225 1990 1225 2089 1214 2293 1192 2442 1192 2456 1201 2464 1206 2467 1206 2470 1206 2472 1206 2475 1206 2492 1198 2517 1187 2539 1195 2558 1203 2561 1203 2563 1203 2566 1203 2585 1195 2613 1181 2668 1190 2674 1162 2665 1115 1513 1165 1491 1159 1458 1151 1455 1151 1452 1151 1450 1151 1447 1151 1447 1154 1436 1162 1430 1170 1359 1170 1306 1168 1213 1159 1210 1159 1207 1159 1204 1159 1185 1173 1179 1176 1149 1173 1077 1165 1075 1165 1006 1179 975 1184 893 1184 678 1179 675 1179 672 1179 617 1192 620 1236"/></Shape>
	    <String CONTENT="révolationnaires ie tempéramment comme Grendebien, tous profes¬"
                    HPOS="617"
                    VPOS="1115"
                    WIDTH="2057"
                    HEIGHT="160"
                    WC="0.980221066210005"></String>
          </TextLine>
          <TextLine ID="eSc_line_7045a3e2"
                    TAGREFS="LT31"
                    BASELINE="617 1303 1978 1267 1978 1267 2638 1239" 
                    HPOS="614"
                    VPOS="1192"
                    WIDTH="2024"
                    HEIGHT="146">
            <Shape><Polygon POINTS="617 1338 1326 1305 1381 1316 1386 1316 1389 1316 1392 1316 1422 1303 1560 1311 1571 1311 1574 1311 1576 1311 1579 1311 1596 1297 1659 1308 1665 1308 1667 1308 1676 1308 1767 1292 1838 1303 1844 1303 1847 1303 1885 1303 2337 1275 2437 1283 2439 1283 2566 1267 2635 1278 2638 1239 2632 1203 2533 1192 2530 1192 2453 1206 2442 1209 2434 1209 2387 1198 2384 1198 2381 1198 2354 1212 2351 1214 2219 1214 1571 1223 1568 1223 1530 1236 1521 1236 1485 1236 1312 1231 1309 1231 614 1261 617 1303"/></Shape>
	    <String CONTENT="saient en commn le même amour pour le pruple et la meme"
                    HPOS="614"
                    VPOS="1192"
                    WIDTH="2024"
                    HEIGHT="146"
                    WC="0.9867113449356772"></String>
          </TextLine>
          <TextLine ID="eSc_line_c70b0ab0"
                    TAGREFS="LT31"
                    BASELINE="612 1371 2665 1319" 
                    HPOS="609"
                    VPOS="1275"
                    WIDTH="2056"
                    HEIGHT="121">
            <Shape><Polygon POINTS="612 1371 612 1396 2665 1344 2665 1319 2657 1275 609 1322 612 1371"/></Shape>
	    <String CONTENT="volonté de le sonstraire au pouvoir des classes dirigeantes. Le ja¬"
                    HPOS="609"
                    VPOS="1275"
                    WIDTH="2056"
                    HEIGHT="121"
                    WC="0.9972158065482751"></String>
          </TextLine>
          <TextLine ID="eSc_line_4cf1d98d"
                    TAGREFS="LT31"
                    BASELINE="620 1449 2671 1394" 
                    HPOS="617"
                    VPOS="1341"
                    WIDTH="2054"
                    HEIGHT="135">
            <Shape><Polygon POINTS="620 1449 620 1465 818 1476 821 1476 915 1460 929 1460 940 1460 1017 1471 1020 1471 1411 1451 1571 1443 1596 1446 1640 1454 1643 1454 1701 1446 1747 1438 1786 1443 1827 1449 1830 1449 1971 1440 2158 1427 2671 1427 2671 1394 2665 1358 2569 1341 2566 1341 2563 1341 2519 1358 2136 1355 2133 1355 2012 1371 1957 1358 1954 1358 1951 1358 1643 1383 1441 1371 1439 1371 1232 1394 986 1385 984 1385 981 1385 978 1385 959 1402 683 1407 642 1394 639 1394 636 1394 634 1394 631 1394 617 1405 620 1449"/></Shape>
	    <String CONTENT="cobinisme &lt;..&gt; et les tendances socialisantes des uus s&#x27;ac¬"
                    HPOS="617"
                    VPOS="1341"
                    WIDTH="2054"
                    HEIGHT="135"
                    WC="0.9841653411671266"></String>
          </TextLine>
          <TextLine ID="eSc_line_18b75a9c"
                    TAGREFS="LT31"
                    BASELINE="623 1518 2682 1462" 
                    HPOS="620"
                    VPOS="1413"
                    WIDTH="2062"
                    HEIGHT="135">
            <Shape><Polygon POINTS="623 1518 623 1548 2679 1484 2682 1462 2676 1427 2552 1413 2550 1413 2472 1429 2470 1429 2406 1416 2404 1416 2277 1435 2268 1435 2260 1435 2175 1421 2172 1421 2040 1440 2026 1440 2012 1440 1860 1429 1858 1429 1769 1446 1750 1449 1712 1446 1552 1438 1549 1438 1397 1454 1342 1460 1326 1457 1292 1446 1290 1446 1287 1446 1284 1446 1251 1457 1237 1465 1017 1468 995 1462 951 1454 948 1454 620 1471 623 1518"/></Shape>
	    <String CONTENT="cordaient en un même idéalisme dénocratique au chriatia¬"
                    HPOS="620"
                    VPOS="1413"
                    WIDTH="2062"
                    HEIGHT="135"
                    WC="0.9912704644458634"></String>
          </TextLine>
          <TextLine ID="eSc_line_64581de5"
                    TAGREFS="LT31"
                    BASELINE="612 1584 2674 1534" 
                    HPOS="609"
                    VPOS="1495"
                    WIDTH="2065"
                    HEIGHT="124">
            <Shape><Polygon POINTS="612 1584 612 1619 2671 1562 2674 1534 2665 1495 1632 1506 1629 1506 1626 1506 1607 1520 1596 1520 1516 1509 1513 1509 1287 1529 1259 1529 1248 1529 1171 1518 1168 1518 1166 1518 1163 1518 1144 1531 1138 1531 1119 1531 945 1523 942 1523 940 1523 909 1537 907 1537 887 1537 719 1529 716 1529 609 1542 612 1584"/></Shape>
	    <String CONTENT="nisme ménaisien des autres. Mais cet idéalisme même fit leur"
                    HPOS="609"
                    VPOS="1495"
                    WIDTH="2065"
                    HEIGHT="124"
                    WC="0.9917944808801015"></String>
          </TextLine>
          <TextLine ID="eSc_line_d596d2ec"
                    TAGREFS="LT31"
                    BASELINE="620 1658 2665 1619" 
                    HPOS="617"
                    VPOS="1567"
                    WIDTH="2048"
                    HEIGHT="127">
            <Shape><Polygon POINTS="620 1658 620 1694 766 1675 1044 1686 1053 1686 1055 1686 1069 1686 1494 1661 1565 1675 1568 1675 1648 1658 1769 1672 1778 1672 1780 1672 1783 1672 1786 1672 1811 1655 2665 1655 2665 1619 2663 1581 2646 1567 2643 1567 2641 1567 2638 1567 2219 1589 2078 1575 2075 1575 2073 1575 2070 1575 2042 1592 1935 1578 1932 1578 1929 1578 1888 1595 1794 1584 1791 1584 1789 1584 1758 1600 1571 1600 1494 1586 1491 1586 1488 1586 1439 1603 1055 1595 1053 1595 884 1614 636 1603 634 1603 631 1603 628 1603 617 1611 620 1658"/></Shape>
	    <String CONTENT="faiblisre. S&#x27;il &lt;&gt; provoqua l&#x27;enthousiasme de quel¬"
                    HPOS="617"
                    VPOS="1567"
                    WIDTH="2048"
                    HEIGHT="127"
                    WC="0.9829503858790678"></String>
          </TextLine>
          <TextLine ID="eSc_line_19ef57ac"
                    TAGREFS="LT31"
                    BASELINE="620 1730 2616 1691" 
                    HPOS="617"
                    VPOS="1641"
                    WIDTH="1999"
                    HEIGHT="130">
            <Shape><Polygon POINTS="620 1730 623 1771 694 1752 755 1768 758 1768 760 1768 763 1768 766 1768 766 1765 785 1749 986 1763 995 1763 998 1763 1003 1763 1102 1743 1160 1760 1166 1760 1168 1760 1171 1760 1235 1757 1703 1732 1836 1743 1874 1746 1877 1746 1921 1741 2048 1727 2616 1727 2616 1691 2608 1641 2464 1658 2293 1650 2238 1647 2235 1647 2233 1647 2230 1647 2227 1650 2213 1661 2164 1653 2142 1650 2139 1650 2136 1650 2133 1650 2131 1653 2117 1666 1949 1666 1924 1658 1905 1653 1902 1653 1899 1653 1852 1661 1822 1666 1800 1664 1764 1655 1761 1655 1758 1655 1756 1655 1745 1664 1734 1672 1687 1666 1629 1658 1626 1658 1623 1658 1585 1669 1560 1675 1530 1669 1474 1661 1472 1661 1372 1675 1326 1680 1287 1677 1188 1666 1185 1666 617 1694 620 1730"/></Shape>
	    <String CONTENT="ques jeunes gens il effraya biientôt la bourgeoisée et la poussa à"
                    HPOS="617"
                    VPOS="1641"
                    WIDTH="1999"
                    HEIGHT="130"
                    WC="0.9959915813171503"></String>
          </TextLine>
          <TextLine ID="eSc_line_0338904f"
                    TAGREFS="LT31"
                    BASELINE="612 1801 2638 1765" 
                    HPOS="609"
                    VPOS="1724"
                    WIDTH="2029"
                    HEIGHT="119">
            <Shape><Polygon POINTS="612 1801 612 1823 658 1823 683 1843 686 1843 689 1843 691 1843 694 1843 760 1821 769 1818 785 1818 893 1832 895 1832 898 1832 901 1832 923 1818 959 1832 962 1832 964 1832 967 1832 1020 1815 1050 1829 1053 1829 1055 1829 1171 1821 1229 1834 1232 1834 1235 1834 1408 1807 1422 1807 1441 1807 1698 1826 1701 1826 1816 1801 1819 1801 1822 1801 1987 1815 1990 1815 1993 1815 1996 1815 2023 1799 2268 1807 2271 1807 2274 1807 2318 1793 2517 1810 2519 1810 2635 1785 2638 1765 2630 1724 609 1752 612 1801"/></Shape>
	    <String CONTENT="défendre le trône pour se défeidre elle. même. Elle, ne et plus"
                    HPOS="609"
                    VPOS="1724"
                    WIDTH="2029"
                    HEIGHT="119"
                    WC="0.9750441256023589"></String>
          </TextLine>
          <TextLine ID="eSc_line_55e04e62"
                    TAGREFS="LT31"
                    BASELINE="606 1878 2654 1829" 
                    HPOS="603"
                    VPOS="1774"
                    WIDTH="2051"
                    HEIGHT="140">
            <Shape><Polygon POINTS="2302 1774 2299 1774 2296 1774 2260 1787 2020 1782 2018 1782 2015 1782 1971 1804 1954 1810 1894 1804 1731 1787 1728 1787 1576 1793 1574 1793 1530 1810 1499 1821 1350 1812 1320 1812 1317 1812 1290 1815 1133 1829 1100 1818 1064 1804 1061 1804 1058 1804 1055 1804 1022 1818 992 1834 664 1840 603 1826 606 1878 606 1898 749 1898 807 1914 810 1914 813 1914 816 1914 818 1914 846 1895 1626 1895 1629 1895 1863 1876 2031 1884 2034 1884 2037 1884 2084 1865 2086 1865 2089 1865 2136 1881 2139 1881 2142 1881 2144 1881 2194 1862 2200 1862 2202 1862 2255 1878 2257 1878 2260 1878 2365 1859 2370 1859 2376 1859 2503 1873 2506 1873 2508 1873 2547 1854 2550 1854 2654 1854 2654 1829 2646 1793 2384 1793 2304 1774 2302 1774"/></Shape>
	    <String CONTENT="eu eux que des&quot;Anaschistes&quot;. &lt;........ sympathie qu&#x27;a¬"
                    HPOS="603"
                    VPOS="1774"
                    WIDTH="2051"
                    HEIGHT="140"
                    WC="0.9448660457575763"></String>
          </TextLine>
          <TextLine ID="eSc_line_367bfcec"
                    TAGREFS="LT34"
                    BASELINE="1619 1827 2337 1803" 
                    HPOS="1619"
                    VPOS="1803"
                    WIDTH="718"
                    HEIGHT="24">
	    <String CONTENT=""
                    HPOS="1619"
                    VPOS="1803"
                    WIDTH="718"
                    HEIGHT="24"></String>
          </TextLine>
          <TextLine ID="eSc_line_44d09efa"
                    TAGREFS="LT31"
                    BASELINE="609 1953 2660 1906" 
                    HPOS="606"
                    VPOS="1856"
                    WIDTH="2054"
                    HEIGHT="130">
            <Shape><Polygon POINTS="609 1953 609 1978 705 1986 708 1986 711 1986 730 1975 744 1969 771 1975 816 1983 818 1983 821 1983 857 1972 882 1967 901 1972 937 1980 940 1980 942 1980 1116 1967 1218 1958 1328 1961 1557 1967 1560 1967 1709 1950 1728 1950 1747 1950 1927 1958 1929 1958 1932 1958 1960 1945 1965 1942 1971 1945 1998 1956 2001 1956 2004 1956 2120 1942 2293 1950 2296 1950 2660 1925 2660 1906 2654 1870 2539 1856 2536 1856 2423 1873 2415 1873 2406 1873 2329 1862 2326 1862 2324 1862 2296 1876 2293 1876 2277 1876 2180 1865 2177 1865 2175 1865 2172 1865 2155 1876 2150 1881 606 1900 609 1953"/></Shape>
	    <String CONTENT="vait excités parmi elle les prédications entrepires à Mixelles et dans"
                    HPOS="606"
                    VPOS="1856"
                    WIDTH="2054"
                    HEIGHT="130"
                    WC="0.9908748445376544"></String>
          </TextLine>
          <TextLine ID="eSc_line_ba26e58f"
                    TAGREFS="LT31"
                    BASELINE="612 2027 2203 1995 2203 1995 2665 1975" 
                    HPOS="609"
                    VPOS="1928"
                    WIDTH="2056"
                    HEIGHT="138">
            <Shape><Polygon POINTS="612 2066 1047 2041 1406 2046 1455 2046 1458 2046 1461 2046 1463 2046 1463 2044 1480 2030 1543 2044 1552 2044 1554 2044 1571 2044 1703 2022 2665 2013 2665 1975 2657 1928 609 1989 612 2027"/></Shape>
	    <String CONTENT="quelques grandes villes par les Sanit-Sinoniens en 183&quot;&lt;........&gt;"
                    HPOS="609"
                    VPOS="1928"
                    WIDTH="2056"
                    HEIGHT="138"
                    WC="0.9766291389098534"></String>
          </TextLine>
          <TextLine ID="eSc_line_854ac198"
                    TAGREFS="LT31"
                    BASELINE="595 2104 2699 2049" 
                    HPOS="592"
                    VPOS="2008"
                    WIDTH="2107"
                    HEIGHT="135">
            <Shape><Polygon POINTS="595 2104 595 2126 678 2143 680 2143 683 2143 686 2143 703 2129 736 2140 738 2140 741 2140 918 2121 1102 2129 1105 2129 1108 2129 1166 2115 1218 2129 1221 2129 1224 2129 1408 2110 1643 2118 1645 2118 2696 2074 2699 2049 2690 2008 592 2055 595 2104"/></Shape>
	    <String CONTENT="&lt;....&gt; Et dès lors, les républicains &lt;..... .... ......&gt;"
                    HPOS="592"
                    VPOS="2008"
                    WIDTH="2107"
                    HEIGHT="135"
                    WC="0.945045965058463"></String>
          </TextLine>
          <TextLine ID="eSc_line_8d932646"
                    TAGREFS="LT31"
                    BASELINE="595 2168 1825 2157 2674 2121" 
                    HPOS="592"
                    VPOS="2085"
                    WIDTH="2082"
                    HEIGHT="119">
            <Shape><Polygon POINTS="595 2168 595 2192 1009 2204 1011 2204 1213 2198 1215 2198 1246 2184 1248 2181 1251 2184 1270 2195 1273 2195 1276 2195 1279 2195 1400 2181 1408 2181 1414 2181 1554 2192 1557 2192 1712 2176 1723 2176 1731 2176 1814 2187 1816 2187 2169 2168 2415 2157 2671 2159 2674 2121 2665 2085 592 2135 595 2168"/></Shape>
	    <String CONTENT="ne menèrent plus qu&#x27;une agitation stérile. Car abaudornnés par la"
                    HPOS="592"
                    VPOS="2085"
                    WIDTH="2082"
                    HEIGHT="119"
                    WC="0.9975999336976271"></String>
          </TextLine>
          <TextLine ID="eSc_line_17ba6406"
                    TAGREFS="LT31"
                    BASELINE="592 2245 2641 2198" 
                    HPOS="589"
                    VPOS="2154"
                    WIDTH="2052"
                    HEIGHT="132">
            <Shape><Polygon POINTS="592 2245 592 2272 708 2286 711 2286 1025 2264 1072 2261 1075 2261 1100 2275 1102 2275 1105 2275 1108 2275 1111 2275 1127 2261 1130 2261 1152 2261 1381 2267 1383 2267 1450 2253 1458 2253 1466 2253 1516 2267 1519 2267 1521 2267 1524 2267 1554 2250 1557 2250 1604 2250 1913 2259 1916 2259 2023 2242 2040 2239 2070 2239 2271 2250 2274 2250 2638 2226 2641 2198 2632 2154 589 2195 592 2245"/></Shape>
	    <String CONTENT="bourgeoisie, ils cherchèrent vainement à se rallier le peuple qu&#x27;ils"
                    HPOS="589"
                    VPOS="2154"
                    WIDTH="2052"
                    HEIGHT="132"
                    WC="0.9797113187935041"></String>
          </TextLine>
          <TextLine ID="eSc_line_02899b02"
                    TAGREFS="LT31"
                    BASELINE="598 2316 1615 2308 2657 2272" 
                    HPOS="595"
                    VPOS="2239"
                    WIDTH="2062"
                    HEIGHT="119">
            <Shape><Polygon POINTS="598 2316 598 2341 912 2338 959 2358 962 2358 964 2358 967 2358 1020 2336 1091 2350 1094 2350 1323 2333 1356 2350 1359 2350 1361 2350 1656 2330 1742 2341 1745 2341 1747 2341 1750 2341 1772 2322 1888 2319 1891 2319 1993 2336 1996 2336 2128 2316 2216 2330 2219 2330 2222 2330 2260 2311 2268 2308 2326 2311 2602 2322 2605 2322 2608 2322 2657 2303 2657 2272 2649 2239 595 2281 598 2316"/></Shape>
	    <String CONTENT="voulaient affranchir. Trop ignorant pour comprendre leur langage"
                    HPOS="595"
                    VPOS="2239"
                    WIDTH="2062"
                    HEIGHT="119"
                    WC="0.9824795946478844"></String>
          </TextLine>
          <TextLine ID="eSc_line_a4d7b032"
                    TAGREFS="LT31"
                    BASELINE="592 2396 1601 2388 2654 2355" 
                    HPOS="589"
                    VPOS="2305"
                    WIDTH="2065"
                    HEIGHT="133">
            <Shape><Polygon POINTS="592 2396 592 2424 796 2438 799 2438 887 2418 893 2418 895 2418 945 2438 948 2438 951 2438 953 2438 1003 2418 1113 2435 1116 2435 1119 2435 1171 2413 1174 2410 1273 2410 1284 2410 1403 2429 1406 2429 1505 2407 1673 2424 1676 2424 1869 2402 1918 2416 1921 2416 1924 2416 1927 2416 1998 2396 2081 2413 2084 2413 2086 2413 2133 2394 2326 2394 2348 2410 2351 2410 2354 2410 2357 2410 2654 2380 2654 2355 2646 2305 2464 2327 2271 2314 2268 2314 1780 2341 1712 2325 1709 2325 1706 2325 1703 2325 1659 2347 1389 2350 589 2347 592 2396"/></Shape>
	    <String CONTENT="et trop religieux pour ne pas se résiquer à son sort, il ne répondait"
                    HPOS="589"
                    VPOS="2305"
                    WIDTH="2065"
                    HEIGHT="133"
                    WC="0.9759060612746647"></String>
          </TextLine>
          <TextLine ID="eSc_line_07be4304"
                    TAGREFS="LT31"
                    BASELINE="595 2473 2676 2443" 
                    HPOS="592"
                    VPOS="2391"
                    WIDTH="2084"
                    HEIGHT="113">
            <Shape><Polygon POINTS="595 2473 595 2504 1292 2504 1292 2501 1295 2501 1317 2496 1359 2485 1375 2496 1378 2498 1381 2498 1383 2498 1386 2498 1521 2496 1524 2496 1527 2496 1530 2493 1549 2482 1643 2493 1676 2496 1678 2496 1712 2493 1805 2479 1888 2490 1913 2493 1916 2493 2034 2490 2547 2468 2671 2482 2676 2443 2671 2410 2555 2391 2552 2391 2550 2391 2547 2391 2525 2407 2296 2394 2293 2394 2290 2394 2219 2410 1957 2402 1954 2402 1951 2402 1918 2416 1913 2418 1905 2416 1847 2402 1844 2402 1841 2402 1725 2418 1701 2424 964 2432 907 2427 785 2416 782 2416 592 2429 595 2473"/></Shape>
	    <String CONTENT="à leurs avances que par une morne indifférence. Il s&#x27;abandon¬"
                    HPOS="592"
                    VPOS="2391"
                    WIDTH="2084"
                    HEIGHT="113"
                    WC="0.9879789727349435"></String>
          </TextLine>
          <TextLine ID="eSc_line_77382549"
                    TAGREFS="LT31"
                    BASELINE="595 2542 2084 2537 2663 2520" 
                    HPOS="592"
                    VPOS="2479"
                    WIDTH="2071"
                    HEIGHT="99">
            <Shape><Polygon POINTS="595 2542 595 2578 785 2564 937 2578 962 2578 964 2578 1003 2575 1204 2564 1596 2573 1648 2573 1651 2573 1654 2573 1656 2573 1698 2559 2255 2567 2263 2567 2266 2567 2268 2567 2307 2553 2423 2564 2426 2564 2572 2551 2660 2564 2663 2520 2654 2479 2128 2493 2081 2485 2042 2479 2040 2479 1993 2487 1951 2493 1844 2487 1684 2482 1681 2482 1678 2482 1676 2482 1662 2490 1654 2496 1587 2493 1466 2485 1463 2485 1400 2496 1370 2498 1323 2496 1174 2485 1171 2485 1168 2485 1166 2485 1146 2498 1144 2501 984 2501 948 2501 686 2487 683 2487 592 2504 595 2542"/></Shape>
	    <String CONTENT="nait, comme depuis si longtemps, à la direction traditionnelle du"
                    HPOS="592"
                    VPOS="2479"
                    WIDTH="2071"
                    HEIGHT="99"
                    WC="0.9926171411167491"></String>
          </TextLine>
          <TextLine ID="eSc_line_699bee8c"
                    TAGREFS="LT31"
                    BASELINE="603 2622 2613 2603" 
                    HPOS="601"
                    VPOS="2553"
                    WIDTH="2012"
                    HEIGHT="111">
            <Shape><Polygon POINTS="603 2622 603 2644 747 2664 749 2664 752 2664 791 2644 793 2642 890 2642 1020 2642 1447 2650 1450 2650 1452 2650 1474 2639 1485 2636 1538 2639 1747 2655 1750 2655 2610 2631 2613 2603 2608 2567 2541 2553 2539 2553 601 2575 603 2622"/></Shape>
	    <String CONTENT="clergé et des puissames sociales. On reneontrait encore dans les"
                    HPOS="601"
                    VPOS="2553"
                    WIDTH="2012"
                    HEIGHT="111"
                    WC="0.9926778813824058"></String>
          </TextLine>
          <TextLine ID="eSc_line_5998ea2e"
                    TAGREFS="LT31"
                    BASELINE="603 2694 2643 2680" 
                    HPOS="601"
                    VPOS="2647"
                    WIDTH="2042"
                    HEIGHT="88">
            <Shape><Polygon POINTS="603 2694 603 2719 752 2735 755 2735 758 2735 799 2719 805 2719 807 2719 857 2735 860 2735 862 2735 865 2735 868 2735 887 2719 920 2732 923 2732 926 2732 1000 2719 1020 2716 1039 2719 1102 2732 1105 2732 1108 2732 1149 2719 1152 2719 1155 2719 1215 2732 1218 2732 1221 2732 1224 2732 1246 2719 1248 2716 1268 2719 1356 2732 1359 2732 1488 2730 1491 2730 1494 2730 1510 2719 1516 2713 1546 2719 1626 2730 1629 2730 1725 2716 1742 2716 1764 2716 1888 2727 1891 2727 1894 2727 1935 2716 1962 2710 2015 2716 2103 2727 2106 2727 2246 2716 2346 2708 2362 2716 2379 2724 2381 2724 2384 2724 2387 2724 2406 2716 2423 2708 2459 2716 2492 2721 2495 2721 2497 2721 2500 2721 2508 2716 2522 2708 2638 2713 2643 2680 2638 2647 601 2647 603 2694"/></Shape>
	    <String CONTENT="campaguer des paysans qui ne manquaient pai de le décourir"
                    HPOS="601"
                    VPOS="2647"
                    WIDTH="2042"
                    HEIGHT="88"
                    WC="0.9999215798131351"></String>
          </TextLine>
          <TextLine ID="eSc_line_91fff9e2"
                    TAGREFS="LT31"
                    BASELINE="603 2771 2660 2763" 
                    HPOS="601"
                    VPOS="2708"
                    WIDTH="2059"
                    HEIGHT="113">
            <Shape><Polygon POINTS="603 2771 603 2821 716 2821 716 2818 719 2818 769 2796 920 2818 934 2818 937 2821 1009 2821 1009 2818 1011 2818 1014 2818 1014 2815 1044 2796 1182 2812 1185 2812 1188 2812 1190 2812 1215 2796 1334 2810 1337 2810 1339 2810 1375 2793 1499 2807 1502 2807 1505 2807 1532 2793 1554 2812 1557 2815 1560 2815 1563 2815 1565 2815 1568 2815 1579 2812 1645 2793 1780 2812 1797 2812 1800 2812 1803 2812 1808 2812 1836 2799 1849 2810 1852 2815 1855 2815 1858 2815 1860 2815 1927 2810 2067 2799 2191 2810 2222 2810 2224 2810 2227 2810 2233 2807 2268 2790 2395 2807 2445 2812 2448 2815 2544 2815 2544 2812 2547 2812 2561 2807 2588 2790 2657 2804 2660 2763 2654 2708 2525 2708 2522 2708 2519 2708 2517 2708 2459 2727 2406 2710 2398 2708 2395 2708 2393 2708 2376 2710 2304 2727 2285 2710 2282 2710 2279 2710 2128 2708 2125 2708 2122 2708 2120 2708 2111 2713 2089 2730 1957 2732 1731 2732 1709 2721 1695 2713 1692 2713 1689 2713 1687 2713 1684 2713 1673 2721 1656 2732 1579 2732 1563 2721 1541 2710 1538 2710 1535 2710 1392 2724 1337 2730 1328 2727 1301 2710 1298 2710 1295 2710 1218 2713 1215 2713 1213 2713 1196 2727 1188 2732 1133 2730 934 2713 931 2713 929 2713 926 2713 895 2732 893 2735 601 2735 603 2771"/></Shape>
	    <String CONTENT="en passant devant la maison du seiqueur Ees Flandre, l&#x27;in¬"
                    HPOS="601"
                    VPOS="2708"
                    WIDTH="2059"
                    HEIGHT="113"
                    WC="0.9956805654640856"></String>
          </TextLine>
          <TextLine ID="eSc_line_c6d4b80b"
                    TAGREFS="LT31"
                    BASELINE="1805 2848 2511 2840" 
                    HPOS="1822"
                    VPOS="2785"
                    WIDTH="689"
                    HEIGHT="104">
            <Shape><Polygon POINTS="1825 2881 2056 2873 2125 2884 2153 2889 2155 2889 2186 2884 2279 2870 2321 2884 2326 2887 2329 2887 2332 2887 2511 2884 2511 2840 2506 2807 2384 2804 2368 2788 2368 2785 2365 2785 2362 2785 2359 2785 2177 2799 2034 2810 1822 2793 1825 2848"/></Shape>
	    <String CONTENT="même de l&#x27;Eglise"
                    HPOS="1822"
                    VPOS="2785"
                    WIDTH="689"
                    HEIGHT="104"
                    WC="0.9973004125058651"></String>
          </TextLine>
        </TextBlock>
        <TextBlock ID="eSc_dummyblock_">
          <TextLine ID="eSc_line_b0b25f23"
                    TAGREFS="LT31"
                    BASELINE="2467 3234 2483 3237" 
                    HPOS="2459"
                    VPOS="3179"
                    WIDTH="33"
                    HEIGHT="88">
            <Shape><Polygon POINTS="2467 3234 2459 3264 2475 3267 2483 3237 2492 3184 2475 3179 2467 3234"/></Shape>
	    <String CONTENT=""
                    HPOS="2459"
                    VPOS="3179"
                    WIDTH="33"
                    HEIGHT="88"></String>
          </TextLine>
        </TextBlock>
      </PrintSpace>
    </Page>
  </Layout>
</alto>
