<?xml version="1.0" encoding="UTF-8"?>
<alto xmlns:xsi="http://www.w3.org/2001/XMLSchema-instance"
      xmlns="http://www.loc.gov/standards/alto/ns-v4#"
      xsi:schemaLocation="http://www.loc.gov/standards/alto/ns-v4# http://www.loc.gov/standards/alto/v4/alto-4-2.xsd">
  <Description>
    <MeasurementUnit>pixel</MeasurementUnit>
    <sourceImageInformation>
      <fileName>ARCH-DIV-000496_0190.png</fileName>
    </sourceImageInformation>
  </Description>
  <Tags>
    <OtherTag ID="BT42" LABEL="MainZone" DESCRIPTION="block type MainZone"/><OtherTag ID="BT43" LABEL="MarginTextZone" DESCRIPTION="block type MarginTextZone"/><OtherTag ID="BT44" LABEL="NumberingZone" DESCRIPTION="block type NumberingZone"/><OtherTag ID="BT45" LABEL="TitlePageZone" DESCRIPTION="block type TitlePageZone"/><OtherTag ID="BT46" LABEL="CustomZone:Numbering" DESCRIPTION="block type CustomZone:Numbering"/><OtherTag ID="BT49" LABEL="MarginTextZone:lower" DESCRIPTION="block type MarginTextZone:lower"/>
    <OtherTag ID="LT25" LABEL="default" DESCRIPTION="line type default"/><OtherTag ID="LT31" LABEL="DefaultLine" DESCRIPTION="line type DefaultLine"/><OtherTag ID="LT32" LABEL="HeadingLine" DESCRIPTION="line type HeadingLine"/><OtherTag ID="LT33" LABEL="InterlinearLine:addition" DESCRIPTION="line type InterlinearLine:addition"/><OtherTag ID="LT34" LABEL="InterlinearLine:correction" DESCRIPTION="line type InterlinearLine:correction"/>
  </Tags>
  <Layout>
    <Page WIDTH="2790"
          HEIGHT="3343"
          PHYSICAL_IMG_NR="189"
          ID="eSc_dummypage_">
      <PrintSpace HPOS="0"
                  VPOS="0"
                  WIDTH="2790"
                  HEIGHT="3343">
        <TextBlock HPOS="50"
                   VPOS="19"
                   WIDTH="410"
                   HEIGHT="205"
                   ID="eSc_textblock_b90d7ee0"
                   TAGREFS="BT44">
          <Shape><Polygon POINTS="460 224 460 19 50 19 50 224"/></Shape>
          <TextLine ID="eSc_line_e7afa409"
                    TAGREFS="LT31"
                    BASELINE="150 89 398 129" 
                    HPOS="150"
                    VPOS="89"
                    WIDTH="248"
                    HEIGHT="40">
	    <String CONTENT=""
                    HPOS="150"
                    VPOS="89"
                    WIDTH="248"
                    HEIGHT="40"></String>
          </TextLine>
        </TextBlock>
        <TextBlock HPOS="440"
                   VPOS="0"
                   WIDTH="2289"
                   HEIGHT="3341"
                   ID="eSc_textblock_2c38b6fc"
                   TAGREFS="BT42">
          <Shape><Polygon POINTS="535 37 440 3341 2695 3341 2676 1354 2729 0"/></Shape>
          <TextLine ID="eSc_line_dbc6e3ab"
                    TAGREFS="LT31"
                    BASELINE="596 78 2672 78" 
                    HPOS="596"
                    VPOS="19"
                    WIDTH="2076"
                    HEIGHT="86">
            <Shape><Polygon POINTS="2659 64 2631 61 2603 61 2575 61 2547 58 2519 58 2491 58 2463 55 2436 55 2408 55 2380 52 2352 52 2324 52 2296 50 2268 50 2240 47 2213 47 2185 47 2157 44 2129 44 2101 44 2073 41 2045 41 2017 41 1990 39 1962 39 1934 39 1906 36 1895 36 1889 39 1886 39 1881 39 1859 33 1850 33 1822 33 1794 33 1767 30 1755 30 1739 36 1722 30 1711 30 1683 27 1655 27 1627 27 1602 25 1432 39 1421 39 1376 19 1374 19 1218 19 1215 19 1053 39 1050 39 1045 39 914 19 911 19 808 39 749 25 735 27 707 27 696 27 682 39 682 41 596 41 596 78 596 105 2672 105 2672 78 2670 64 2659 64"/></Shape>
	    <String CONTENT="morai. ......&gt; Pourquoi de serait-elle intéressé́e aux affaires"
                    HPOS="596"
                    VPOS="19"
                    WIDTH="2076"
                    HEIGHT="86"
                    WC="0.9735440148247613"></String>
          </TextLine>
          <TextLine ID="eSc_line_b10a046b"
                    TAGREFS="LT31"
                    BASELINE="593 153 1257 136 2653 130" 
                    HPOS="590"
                    VPOS="80"
                    WIDTH="2063"
                    HEIGHT="98">
            <Shape><Polygon POINTS="1903 80 1825 94 1666 80 1663 80 1661 80 1658 80 1630 97 1597 83 1594 83 1591 83 1588 83 1585 83 1569 97 1440 83 1438 83 1435 83 1407 97 1365 83 1362 83 1360 83 1114 100 1017 86 1014 86 936 103 719 89 716 89 590 105 593 153 593 178 2650 156 2653 130 2647 91 1906 80 1903 80"/></Shape>
	    <String CONTENT="publiques dont elle etait, tenul, à l&#x27;écart ? &lt;..... &gt;"
                    HPOS="590"
                    VPOS="80"
                    WIDTH="2063"
                    HEIGHT="98"
                    WC="0.9719794856177436"></String>
          </TextLine>
          <TextLine ID="eSc_line_5f89c950"
                    TAGREFS="LT31"
                    BASELINE="588 211 1181 197 2639 197" 
                    HPOS="585"
                    VPOS="144"
                    WIDTH="2054"
                    HEIGHT="90">
            <Shape><Polygon POINTS="588 234 2636 225 2639 197 2636 161 2477 144 2475 144 2472 144 2469 144 2449 158 1820 147 1817 147 1666 161 1583 147 1580 147 1513 161 1418 147 1415 147 1248 164 1103 150 1100 150 1098 150 1059 164 1042 150 1039 150 1036 150 1034 150 1031 150 1003 164 735 153 733 153 585 167 588 211"/></Shape>
	    <String CONTENT="&lt;..&gt; Il en eût été autrement sans doute si la quection de"
                    HPOS="585"
                    VPOS="144"
                    WIDTH="2054"
                    HEIGHT="90"
                    WC="0.991501628306874"></String>
          </TextLine>
          <TextLine ID="eSc_line_fea82915"
                    TAGREFS="LT31"
                    BASELINE="585 284 1853 259 2675 261" 
                    HPOS="582"
                    VPOS="200"
                    WIDTH="2093"
                    HEIGHT="112">
            <Shape><Polygon POINTS="585 284 585 312 1128 312 1128 309 1178 306 1304 292 1371 303 1413 309 1415 309 1466 303 1532 292 1594 300 1633 306 1636 306 1638 306 1650 300 1677 286 1755 300 1786 303 1789 303 1814 298 1881 281 2093 281 2672 289 2675 261 2670 200 2516 217 2249 208 2176 206 2174 206 2151 208 2084 222 2017 211 1990 208 1987 208 1984 208 1981 208 1978 211 1962 225 1794 225 1722 217 1661 211 1658 211 1505 214 1502 214 1499 214 1491 222 1482 228 1468 222 1446 214 1443 214 1440 214 1351 225 1301 231 1181 228 930 222 928 222 582 239 585 284"/></Shape>
	    <String CONTENT="&lt;.... .&gt; de suffiage avait continué de se poser de¬"
                    HPOS="582"
                    VPOS="200"
                    WIDTH="2093"
                    HEIGHT="112"
                    WC="0.9408743697054246"></String>
          </TextLine>
          <TextLine ID="eSc_line_4ca4c622"
                    TAGREFS="LT31"
                    BASELINE="593 362 1878 325 2672 325" 
                    HPOS="590"
                    VPOS="267"
                    WIDTH="2082"
                    HEIGHT="125">
            <Shape><Polygon POINTS="593 362 593 390 838 392 841 392 844 392 847 392 852 387 869 373 1003 373 1056 384 1081 387 1084 387 1087 387 1103 381 1145 370 1321 378 1401 381 1404 381 1407 381 1418 376 1446 364 1585 373 1630 376 1633 376 1636 376 1647 373 1697 359 1778 370 1803 373 1806 373 1808 373 1817 370 1842 356 1928 367 1953 370 1956 370 1987 367 2098 351 2670 353 2672 325 2667 267 2070 289 1984 284 1878 278 1875 278 1873 278 1839 289 1814 295 1702 292 1505 286 1502 286 1499 286 1496 286 1482 298 1480 300 1452 300 1304 289 1301 289 1153 309 1131 309 1120 309 1006 295 1003 295 1000 295 997 295 978 312 880 298 877 298 875 298 872 298 872 300 855 314 752 300 749 300 746 300 744 300 719 317 615 306 613 306 610 306 607 306 590 314 593 362"/></Shape>
	    <String CONTENT="vant le Parlement. Mais l&#x27;explosion de la commune de Paris avait"
                    HPOS="590"
                    VPOS="267"
                    WIDTH="2082"
                    HEIGHT="125"
                    WC="0.9916311958804727"></String>
          </TextLine>
          <TextLine ID="eSc_line_b40cad83"
                    TAGREFS="LT31"
                    BASELINE="588 440 1783 398 2633 387" 
                    HPOS="585"
                    VPOS="339"
                    WIDTH="2048"
                    HEIGHT="126">
            <Shape><Polygon POINTS="588 440 588 465 1042 465 1042 462 1045 462 1075 454 1100 445 1139 451 1190 459 1192 459 1296 448 1393 437 1446 445 1488 451 1491 451 1613 440 1797 426 1981 434 2034 434 2037 434 2070 431 2204 415 2363 426 2399 426 2402 426 2405 426 2413 423 2452 409 2631 417 2633 387 2628 339 2098 339 2095 339 2093 339 2051 353 2048 353 2004 342 2001 342 1998 342 1903 359 1889 359 1864 359 1691 351 1689 351 1599 367 1585 367 1546 367 1290 362 1287 362 1198 376 1181 378 1139 378 900 373 897 373 585 392 588 440"/></Shape>
	    <String CONTENT="discréditi trop complètement la démocratie, dans laquelle la"
                    HPOS="585"
                    VPOS="339"
                    WIDTH="2048"
                    HEIGHT="126"
                    WC="0.9988780866066614"></String>
          </TextLine>
          <TextLine ID="eSc_line_9979fed7"
                    TAGREFS="LT31"
                    BASELINE="579 512 2154 465 2653 465" 
                    HPOS="576"
                    VPOS="406"
                    WIDTH="2077"
                    HEIGHT="134">
            <Shape><Polygon POINTS="579 512 579 540 1081 540 1081 537 1181 526 1251 518 1265 523 1284 532 1287 532 1290 532 1351 523 1399 515 1435 520 1477 526 1480 526 1482 526 1496 518 1521 504 1923 495 1951 509 1953 509 1956 509 1959 509 1962 509 1964 509 2012 493 2307 498 2310 498 2419 481 2650 493 2653 465 2650 417 2508 406 2505 406 2422 420 2402 423 2363 423 2201 415 2199 415 2118 429 2087 431 2029 429 1895 423 1892 423 1828 434 1786 440 1747 434 1691 429 1689 429 1624 437 1577 445 1546 440 1519 434 1516 434 1449 442 1374 451 1326 445 1287 440 1284 440 1240 445 1176 456 1117 448 1081 445 1078 445 1042 451 972 462 576 462 579 512"/></Shape>
	    <String CONTENT="bourgeoisie ne voyait plus qu&#x27;un achemonement vers le socialisme,"
                    HPOS="576"
                    VPOS="406"
                    WIDTH="2077"
                    HEIGHT="134"
                    WC="0.9975316707904522"></String>
          </TextLine>
          <TextLine ID="eSc_line_8ed42b18"
                    TAGREFS="LT31"
                    BASELINE="582 585 2645 529" 
                    HPOS="579"
                    VPOS="481"
                    WIDTH="2066"
                    HEIGHT="134">
            <Shape><Polygon POINTS="582 585 582 615 2645 562 2645 529 2636 481 579 540 582 585"/></Shape>
	    <String CONTENT="pour que la moindre chance excrtât encore &lt;........"
                    HPOS="579"
                    VPOS="481"
                    WIDTH="2066"
                    HEIGHT="134"
                    WC="0.9730641012098274"></String>
          </TextLine>
          <TextLine ID="eSc_line_2218a264"
                    TAGREFS="LT31"
                    BASELINE="571 651 2619 601" 
                    HPOS="568"
                    VPOS="548"
                    WIDTH="2051"
                    HEIGHT="126">
            <Shape><Polygon POINTS="571 651 571 674 2619 626 2619 601 2614 562 2497 548 2494 548 2288 554 2285 554 2246 568 2235 571 2174 571 1976 562 1973 562 1970 562 1939 573 1923 579 1906 573 1875 565 1873 565 1870 565 1722 568 1719 568 1716 568 1702 579 1691 585 1597 579 1502 576 1499 576 1463 582 1427 590 1399 585 1365 576 1362 576 1360 576 1357 576 1337 585 1321 593 1287 587 1248 579 1245 579 1190 587 1128 598 1084 590 1053 585 1050 585 1047 585 1028 590 1003 598 967 593 936 587 933 587 930 587 928 587 919 593 897 604 568 601 571 651"/></Shape>
	    <String CONTENT="&lt;........................bl&gt; de la voir cous entir i la"
                    HPOS="568"
                    VPOS="548"
                    WIDTH="2051"
                    HEIGHT="126"
                    WC="0.9570321484045549"></String>
          </TextLine>
          <TextLine ID="eSc_line_d0c06405"
                    TAGREFS="LT31"
                    BASELINE="571 727 2625 676" 
                    HPOS="568"
                    VPOS="629"
                    WIDTH="2057"
                    HEIGHT="128">
            <Shape><Polygon POINTS="571 727 571 757 2625 704 2625 676 2617 629 2377 643 2344 635 2316 629 2313 629 2310 629 2266 637 2226 646 2093 643 1825 637 1822 637 1820 637 1817 637 1797 651 1786 657 1716 654 1569 649 1566 649 1502 663 1477 665 1457 663 1371 649 1368 649 1268 668 1251 671 1240 668 1178 654 1176 654 1173 654 1170 654 1167 654 1139 671 1137 674 1126 674 1036 657 1034 657 1031 657 1028 657 1006 676 1003 676 997 676 908 663 905 663 799 682 794 682 791 682 685 665 682 665 568 688 571 727"/></Shape>
	    <String CONTENT="réforme constitutionuelle indispensable à &lt;. ..p........&gt;"
                    HPOS="568"
                    VPOS="629"
                    WIDTH="2057"
                    HEIGHT="128"
                    WC="0.9735553850207412"></String>
          </TextLine>
          <TextLine ID="eSc_line_a2662a58"
                    TAGREFS="LT31"
                    BASELINE="574 799 2017 754 2628 746" 
                    HPOS="571"
                    VPOS="693"
                    WIDTH="2057"
                    HEIGHT="131">
            <Shape><Polygon POINTS="574 799 574 824 2625 771 2628 746 2622 704 2369 693 2366 693 2363 693 2330 710 2327 710 2324 710 2260 696 2257 696 2254 696 2252 696 2232 713 2229 713 2218 713 2123 702 2121 702 2023 715 2006 718 1987 718 1873 707 1870 707 1714 724 1652 729 1597 727 1468 718 1466 718 1335 732 1259 741 1234 735 1201 727 1198 727 1195 727 1192 727 1167 738 1148 746 571 749 574 799"/></Shape>
	    <String CONTENT="&lt;..... .. ......&gt; l&#x27;extension de l&#x27;électorat général. Le 15 no¬"
                    HPOS="571"
                    VPOS="693"
                    WIDTH="2057"
                    HEIGHT="131"
                    WC="0.963436554348658"></String>
          </TextLine>
          <TextLine ID="eSc_line_c6e9bac3"
                    TAGREFS="LT31"
                    BASELINE="576 869 2360 819 2619 821" 
                    HPOS="574"
                    VPOS="763"
                    WIDTH="2045"
                    HEIGHT="139">
            <Shape><Polygon POINTS="576 869 576 891 872 902 875 902 956 885 986 880 1011 885 1075 897 1078 897 1184 880 1198 880 1220 880 1368 888 1371 888 1374 888 1407 877 1429 869 1549 874 1636 877 1638 877 1641 877 1661 871 1700 860 1825 869 1881 871 1884 871 1931 866 2051 852 2229 860 2296 863 2299 863 2302 863 2305 863 2307 860 2332 844 2617 852 2619 821 2617 777 2536 763 2533 763 2530 763 2528 763 2502 780 2500 780 2477 780 2355 768 2352 768 2235 785 2204 788 2185 785 2115 774 2112 774 1953 791 1892 799 1591 805 1569 799 1532 791 1530 791 1527 791 1524 791 1499 802 1485 807 1468 802 1443 793 1440 793 1438 793 1349 805 1282 816 574 821 576 869"/></Shape>
	    <String CONTENT="vembre 1870, une proposition dans ce sens avait été rejetée par la"
                    HPOS="574"
                    VPOS="763"
                    WIDTH="2045"
                    HEIGHT="139"
                    WC="0.9966468684601061"></String>
          </TextLine>
          <TextLine ID="eSc_line_8767b06c"
                    TAGREFS="LT31"
                    BASELINE="568 938 2650 897" 
                    HPOS="565"
                    VPOS="849"
                    WIDTH="2085"
                    HEIGHT="126">
            <Shape><Polygon POINTS="568 938 568 963 833 975 836 975 1053 958 1117 969 1120 969 1123 969 1159 955 1165 952 1198 952 1396 963 1399 963 1577 947 1611 944 1636 944 1767 955 1769 955 1772 955 1811 941 1822 938 1881 941 2079 949 2082 949 2193 936 2232 927 2647 924 2650 897 2645 858 2363 849 2360 849 2357 849 2321 860 2310 863 2215 863 2004 858 2001 858 1898 866 1803 874 1764 869 1733 863 1730 863 1700 869 1661 877 1591 871 1544 866 1541 866 1538 866 1535 866 1535 869 1530 871 1521 880 1438 871 1390 869 1388 869 1385 869 1371 874 1346 883 1223 874 1190 874 1187 874 1112 877 694 897 565 885 568 938"/></Shape>
	    <String CONTENT="chambre des reprisentants par 73 voix contre 23. Qu&#x27;eut-ce été en"
                    HPOS="565"
                    VPOS="849"
                    WIDTH="2085"
                    HEIGHT="126"
                    WC="0.9832231136468741"></String>
          </TextLine>
          <TextLine ID="eSc_line_60147770"
                    TAGREFS="LT31"
                    BASELINE="563 1019 2645 963" 
                    HPOS="560"
                    VPOS="910"
                    WIDTH="2085"
                    HEIGHT="129">
            <Shape><Polygon POINTS="563 1019 563 1039 2017 1016 2357 994 2427 1005 2430 1005 2645 983 2645 963 2636 910 2522 930 2355 922 2352 922 2285 936 2246 919 2243 919 2240 919 2238 919 2235 919 2232 919 2207 941 2062 941 2029 924 2026 924 2023 924 2020 924 2009 924 1898 947 1783 933 1781 933 1677 952 1644 936 1641 936 1638 936 1636 936 1588 958 1418 958 1388 944 1385 944 1382 944 1379 944 1376 944 1354 963 1070 969 967 955 964 955 852 975 785 958 783 958 780 958 560 961 563 1019"/></Shape>
	    <String CONTENT="1871! &lt;...... ... . ... ....... ....... ...&gt;"
                    HPOS="560"
                    VPOS="910"
                    WIDTH="2085"
                    HEIGHT="129"
                    WC="0.8904394846070897"></String>
          </TextLine>
          <TextLine ID="eSc_line_6c6dbd27"
                    TAGREFS="LT31"
                    BASELINE="574 1089 2608 1033" 
                    HPOS="571"
                    VPOS="991"
                    WIDTH="2037"
                    HEIGHT="131">
            <Shape><Polygon POINTS="574 1089 574 1122 897 1103 950 1111 975 1114 978 1114 1792 1092 1864 1080 1895 1075 1945 1078 2076 1083 2079 1083 2179 1069 2201 1066 2243 1066 2494 1072 2497 1072 2608 1053 2608 1033 2600 991 571 1041 574 1089"/></Shape>
	    <String CONTENT="&lt;..... &lt;....... .. .......... ....... .. .... .. .. ..&gt;"
                    HPOS="571"
                    VPOS="991"
                    WIDTH="2037"
                    HEIGHT="131"
                    WC="0.9148987683382901"></String>
          </TextLine>
          <TextLine ID="eSc_line_e9739529"
                    TAGREFS="LT31"
                    BASELINE="571 1161 1388 1147 2285 1111 2639 1111" 
                    HPOS="568"
                    VPOS="1058"
                    WIDTH="2071"
                    HEIGHT="131">
            <Shape><Polygon POINTS="571 1161 571 1189 1783 1164 1786 1164 1797 1161 1833 1150 1873 1158 1886 1161 1889 1161 2004 1156 2397 1133 2636 1139 2639 1111 2636 1072 2502 1058 2500 1058 2402 1075 2388 1078 2377 1078 2291 1064 2288 1064 2190 1080 2187 1080 2185 1080 2115 1069 2112 1069 2109 1069 2076 1083 2068 1086 2031 1083 1886 1075 1884 1075 1881 1075 1878 1075 1861 1089 1856 1092 1842 1089 1797 1078 1794 1078 1792 1078 1789 1078 1786 1078 1769 1092 1761 1094 1722 1092 1622 1083 1619 1083 1563 1094 1538 1103 1413 1103 1407 1100 1396 1089 1393 1089 1390 1089 1388 1089 1318 1100 1273 1111 1028 1114 1011 1108 992 1100 989 1100 986 1100 922 1111 861 1119 838 1111 819 1105 816 1105 813 1105 811 1105 791 1114 766 1122 568 1119 571 1161"/></Shape>
	    <String CONTENT="L&#x27;instunt de conservation sociale avait &lt;.. .....&gt;"
                    HPOS="568"
                    VPOS="1058"
                    WIDTH="2071"
                    HEIGHT="131"
                    WC="0.9566475415229797"></String>
          </TextLine>
          <TextLine ID="eSc_line_9819b1e2"
                    TAGREFS="LT31"
                    BASELINE="563 1231 1220 1222 2639 1172" 
                    HPOS="560"
                    VPOS="1133"
                    WIDTH="2079"
                    HEIGHT="137">
            <Shape><Polygon POINTS="563 1231 563 1259 724 1270 727 1270 730 1270 733 1270 749 1256 752 1253 797 1253 981 1261 983 1261 1708 1239 1711 1239 1714 1239 1722 1231 1728 1225 1742 1231 1761 1236 1764 1236 1767 1236 1769 1236 1786 1228 1808 1220 1953 1225 2068 1228 2070 1228 2123 1220 2199 1209 2639 1209 2639 1172 2633 1133 2148 1133 2146 1133 2143 1133 2121 1144 2109 1150 2098 1144 2076 1136 2073 1136 2070 1136 2068 1136 2065 1136 2065 1139 2056 1144 2045 1156 1970 1147 1900 1142 1898 1142 1895 1142 1878 1150 1861 1158 1800 1153 1750 1147 1747 1147 1744 1147 1728 1153 1694 1167 1519 1158 1482 1158 1480 1158 1477 1158 1471 1161 1432 1175 1351 1164 1349 1164 1346 1164 1343 1164 1343 1167 1329 1178 1290 1164 1279 1161 1276 1161 1273 1161 1251 1164 1167 1183 1022 1170 995 1170 992 1170 989 1170 983 1172 950 1189 914 1172 908 1172 905 1172 903 1172 886 1175 772 1195 560 1183 563 1231"/></Shape>
	    <String CONTENT="tis pour longtremps détourné les partis de leurs velleités dénus crali."
                    HPOS="560"
                    VPOS="1133"
                    WIDTH="2079"
                    HEIGHT="137"
                    WC="0.9771793786908539"></String>
          </TextLine>
          <TextLine ID="eSc_line_576d1a37"
                    TAGREFS="LT31"
                    BASELINE="576 1306 2639 1245" 
                    HPOS="574"
                    VPOS="1192"
                    WIDTH="2065"
                    HEIGHT="150">
            <Shape><Polygon POINTS="576 1306 576 1342 649 1328 799 1334 850 1337 852 1337 855 1337 858 1337 858 1334 861 1334 875 1317 953 1314 1084 1326 1134 1328 1137 1328 1139 1328 1142 1328 1151 1323 1167 1314 1335 1314 1510 1317 1513 1317 1560 1309 1608 1298 1652 1303 1686 1309 1689 1309 1691 1309 1694 1309 1700 1303 1716 1292 1764 1300 1806 1306 1808 1306 1811 1306 1814 1306 1825 1298 1839 1289 1892 1295 1964 1303 1967 1303 1970 1303 2015 1292 2045 1281 2137 1281 2146 1287 2157 1295 2160 1295 2162 1295 2165 1295 2168 1295 2190 1284 2204 1278 2246 1284 2330 1292 2332 1292 2335 1292 2338 1292 2355 1278 2366 1270 2455 1270 2475 1275 2522 1287 2525 1287 2528 1287 2636 1267 2639 1245 2633 1209 2511 1192 2508 1192 2416 1211 2360 1195 2357 1195 2355 1195 2260 1217 2257 1220 2135 1222 2037 1222 1984 1209 1981 1209 1978 1209 1886 1228 1867 1211 1864 1211 1861 1211 1794 1211 1792 1211 1789 1211 1750 1228 1716 1214 1714 1214 1711 1214 1708 1214 1705 1214 1675 1234 1638 1220 1636 1220 1633 1220 1630 1220 1627 1220 1599 1236 1591 1236 1421 1222 1418 1222 1340 1239 1243 1231 1240 1231 1237 1231 1234 1231 1209 1248 1206 1250 1092 1250 1047 1234 1045 1234 1042 1234 919 1239 916 1239 914 1239 894 1256 894 1259 574 1264 576 1306"/></Shape>
	    <String CONTENT="ques de jodis, &lt;...... ...&gt; et les 42 p.32 du ceus élestoral &lt;..&gt;"
                    HPOS="574"
                    VPOS="1192"
                    WIDTH="2065"
                    HEIGHT="150"
                    WC="0.9596386515177213"></String>
          </TextLine>
          <TextLine ID="eSc_line_12c63240"
                    TAGREFS="LT31"
                    BASELINE="571 1378 2578 1314" 
                    HPOS="568"
                    VPOS="1261"
                    WIDTH="2010"
                    HEIGHT="143">
            <Shape><Polygon POINTS="571 1378 571 1404 2578 1337 2578 1314 2572 1281 2488 1261 2486 1261 2483 1261 2480 1261 2455 1281 2424 1264 2422 1264 2419 1264 2416 1264 2366 1281 2313 1267 2310 1267 2307 1267 2135 1273 2132 1273 2129 1273 2129 1275 2109 1295 1705 1303 1613 1289 1611 1289 1608 1289 1527 1312 1521 1312 1505 1312 1181 1303 1178 1303 1176 1303 1095 1326 1087 1326 1081 1326 1006 1309 1003 1309 889 1331 880 1331 875 1331 777 1320 774 1320 772 1320 738 1337 735 1339 568 1339 571 1378"/></Shape>
	    <String CONTENT="&lt;....... ..... ... ... ........ ..&gt;"
                    HPOS="568"
                    VPOS="1261"
                    WIDTH="2010"
                    HEIGHT="143"
                    WC="0.8976242286818368"></String>
          </TextLine>
          <TextLine ID="eSc_line_72ceb3c1"
                    TAGREFS="LT31"
                    BASELINE="563 1454 1786 1406 2661 1398" 
                    HPOS="560"
                    VPOS="1339"
                    WIDTH="2101"
                    HEIGHT="145">
            <Shape><Polygon POINTS="563 1454 563 1484 696 1468 872 1479 877 1479 880 1479 978 1476 981 1476 983 1476 1008 1459 1123 1473 1137 1473 1139 1473 1190 1470 1218 1468 1220 1468 1223 1468 1223 1465 1240 1451 1410 1465 1427 1465 1429 1465 1432 1465 1438 1465 1499 1445 1541 1456 1544 1456 1546 1456 1719 1437 1739 1451 1742 1451 1744 1451 1747 1451 1750 1451 1820 1431 2059 1429 2101 1445 2104 1445 2107 1445 2109 1445 2112 1445 2182 1429 2659 1429 2661 1398 2656 1353 2500 1342 2497 1342 2494 1342 2455 1356 2452 1356 2413 1339 2410 1339 2408 1339 2302 1359 2282 1362 2254 1362 2093 1348 2090 1348 2009 1351 2006 1351 2004 1351 1984 1367 1978 1370 1937 1367 1803 1356 1800 1356 1705 1359 1702 1359 1700 1359 1680 1373 1669 1378 1661 1373 1636 1362 1633 1362 1630 1362 1627 1362 1624 1362 1608 1373 1594 1384 1357 1387 1323 1381 1287 1373 1284 1373 1282 1373 1254 1381 1218 1392 1114 1384 1059 1381 1056 1381 1028 1387 975 1398 958 1387 947 1381 944 1381 942 1381 939 1381 936 1381 933 1381 922 1390 905 1401 880 1390 872 1387 869 1387 866 1387 864 1387 852 1390 816 1404 560 1398 563 1454"/></Shape>
	    <String CONTENT="parurent, à ceux qui les payaient, la plus soléde garantée de l&#x27;ordre"
                    HPOS="560"
                    VPOS="1339"
                    WIDTH="2101"
                    HEIGHT="145"
                    WC="0.9986118819032397"></String>
          </TextLine>
          <TextLine ID="eSc_line_24e7e4f4"
                    TAGREFS="LT31"
                    BASELINE="574 1532 819 1521" 
                    HPOS="568"
                    VPOS="1459"
                    WIDTH="251"
                    HEIGHT="101">
            <Shape><Polygon POINTS="574 1532 574 1560 819 1551 819 1521 813 1482 691 1459 688 1459 685 1459 682 1459 652 1487 568 1490 574 1532"/></Shape>
	    <String CONTENT="public."
                    HPOS="568"
                    VPOS="1459"
                    WIDTH="251"
                    HEIGHT="101"
                    WC="0.9897258196558271"></String>
          </TextLine>
          <TextLine ID="eSc_line_430b0b18"
                    TAGREFS="LT31"
                    BASELINE="560 1610 2617 1529" 
                    HPOS="557"
                    VPOS="1479"
                    WIDTH="2060"
                    HEIGHT="156">
            <Shape><Polygon POINTS="560 1610 560 1632 911 1635 914 1635 1056 1615 1061 1615 1064 1615 1176 1624 1178 1624 1181 1624 1184 1624 1206 1610 1209 1607 1215 1610 1254 1621 1257 1621 1259 1621 1393 1601 1424 1599 1460 1599 1622 1607 1624 1607 2617 1554 2617 1529 2608 1479 1953 1515 1906 1501 1892 1498 1889 1498 1886 1498 1884 1498 1867 1504 1811 1521 1658 1512 1655 1512 1652 1512 1650 1512 1577 1529 1371 1521 1326 1521 1323 1521 1298 1523 1167 1546 1064 1532 1053 1532 1050 1532 1047 1532 1042 1532 961 1554 844 1540 838 1540 836 1540 833 1540 830 1540 749 1562 557 1551 560 1610"/></Shape>
	    <String CONTENT="&lt;. ... .. .. .. . . . ...&gt;"
                    HPOS="557"
                    VPOS="1479"
                    WIDTH="2060"
                    HEIGHT="156"
                    WC="0.8533700796274039"></String>
          </TextLine>
          <TextLine ID="eSc_line_4c8f3e2b"
                    TAGREFS="LT31"
                    BASELINE="571 1682 2642 1601" 
                    HPOS="568"
                    VPOS="1554"
                    WIDTH="2074"
                    HEIGHT="167">
            <Shape><Polygon POINTS="571 1682 574 1721 643 1702 877 1707 922 1707 925 1707 947 1704 1022 1691 1100 1696 1139 1699 1142 1699 1145 1699 1156 1693 1178 1682 1357 1685 1471 1685 1474 1685 1519 1677 1571 1665 1627 1671 1680 1677 1683 1677 1686 1677 1714 1668 1728 1663 1817 1663 2068 1663 2070 1663 2193 1643 2224 1640 2282 1640 2622 1640 2625 1640 2628 1640 2631 1640 2631 1638 2642 1624 2642 1601 2633 1560 2555 1568 2536 1562 2508 1554 2505 1554 2502 1554 2405 1568 2346 1576 2313 1573 2257 1565 2254 1565 2252 1565 2249 1565 2232 1576 2226 1579 2213 1576 2174 1568 2171 1568 2168 1568 2165 1568 2146 1579 2135 1587 1998 1590 1962 1587 1867 1579 1864 1579 1728 1599 1694 1601 1675 1601 1574 1590 1571 1590 1569 1590 1499 1607 1488 1610 1471 1610 1371 1599 1368 1599 1365 1599 1362 1599 1340 1615 1337 1615 1321 1615 1162 1610 1159 1610 1156 1610 1153 1610 1139 1624 1137 1624 1131 1624 1000 1612 997 1612 710 1640 602 1629 599 1629 596 1629 593 1629 568 1640 571 1682"/></Shape>
	    <String CONTENT="&lt;....... du &lt;..i.. ......... &lt;............ . .&gt;"
                    HPOS="568"
                    VPOS="1554"
                    WIDTH="2074"
                    HEIGHT="167"
                    WC="0.9186657870069463"></String>
          </TextLine>
          <TextLine ID="eSc_line_c6553e1b"
                    TAGREFS="LT34"
                    BASELINE="639 1712 915 1712" 
                    HPOS="639"
                    VPOS="1712"
                    WIDTH="276"
                    HEIGHT="0">
	    <String CONTENT=""
                    HPOS="639"
                    VPOS="1712"
                    WIDTH="276"
                    HEIGHT="0"></String>
          </TextLine>
          <TextLine ID="eSc_line_f6aea241"
                    TAGREFS="LT31"
                    BASELINE="593 1749 2611 1679" 
                    HPOS="590"
                    VPOS="1626"
                    WIDTH="2021"
                    HEIGHT="145">
            <Shape><Polygon POINTS="593 1749 593 1771 1964 1738 1987 1735 2048 1721 2107 1730 2123 1732 2126 1732 2174 1730 2383 1710 2608 1716 2611 1679 2606 1643 2452 1626 2449 1626 2447 1626 2444 1626 2444 1629 2424 1646 2422 1649 2419 1646 2380 1635 2377 1635 2374 1635 2299 1651 2279 1654 2274 1651 2240 1635 2238 1635 2235 1635 2143 1654 2118 1660 2090 1657 1992 1643 1990 1643 1987 1643 1945 1660 1934 1665 1903 1663 1836 1654 1833 1654 1831 1654 1811 1665 1794 1674 590 1699 593 1749"/></Shape>
	    <String CONTENT="&lt;t &lt;.... ..n . . ... ........ .&gt;"
                    HPOS="590"
                    VPOS="1626"
                    WIDTH="2021"
                    HEIGHT="145"
                    WC="0.870132265612483"></String>
          </TextLine>
          <TextLine ID="eSc_line_73ccc8fb"
                    TAGREFS="LT31"
                    BASELINE="551 1821 1967 1774" 
                    HPOS="549"
                    VPOS="1721"
                    WIDTH="1418"
                    HEIGHT="131">
            <Shape><Polygon POINTS="551 1821 551 1852 1967 1808 1967 1774 1962 1732 1884 1721 1881 1721 1878 1721 1875 1721 1861 1732 1853 1741 1755 1743 1744 1735 1730 1724 1728 1724 1725 1724 1722 1724 1719 1724 1716 1724 1700 1735 1689 1746 1466 1749 1435 1741 1401 1732 1399 1732 1396 1732 1393 1732 1390 1732 1376 1743 1362 1752 1318 1743 1284 1738 1282 1738 1279 1738 1276 1738 1268 1743 1240 1760 1209 1749 1206 1749 1204 1749 1092 1766 1017 1749 997 1746 995 1746 992 1746 989 1746 983 1749 956 1769 891 1769 875 1755 875 1752 872 1752 869 1752 866 1752 864 1752 858 1752 780 1777 719 1755 716 1755 713 1755 710 1755 549 1757 551 1821"/></Shape>
	    <String CONTENT="&lt;.... . ... ..&gt;"
                    HPOS="549"
                    VPOS="1721"
                    WIDTH="1418"
                    HEIGHT="131"
                    WC="0.8722142537434896"></String>
          </TextLine>
          <TextLine ID="eSc_line_4c43a6c6"
                    TAGREFS="LT34"
                    BASELINE="2196 1785 2433 1784" 
                    HPOS="2193"
                    VPOS="1724"
                    WIDTH="215"
                    HEIGHT="97">
            <Shape><Polygon POINTS="2196 1821 2405 1810 2408 1780 2402 1741 2302 1724 2299 1724 2193 1743 2196 1785"/></Shape>
	    <String CONTENT="palt&gt;"
                    HPOS="2193"
                    VPOS="1724"
                    WIDTH="215"
                    HEIGHT="97"
                    WC="0.9772785544395447"></String>
          </TextLine>
          <TextLine ID="eSc_line_865547d7"
                    TAGREFS="LT31"
                    BASELINE="574 1894 2118 1838 2600 1830" 
                    HPOS="571"
                    VPOS="1788"
                    WIDTH="2029"
                    HEIGHT="137">
            <Shape><Polygon POINTS="574 1894 574 1913 772 1925 774 1925 777 1925 827 1908 841 1908 1218 1911 1220 1911 1591 1883 1661 1880 1675 1883 1733 1891 1736 1891 1739 1891 1775 1877 1789 1874 1831 1877 1945 1886 1948 1886 1951 1886 1992 1872 2004 1866 2213 1860 2232 1863 2266 1874 2268 1874 2271 1874 2346 1860 2385 1855 2600 1855 2600 1830 2592 1788 1783 1799 1781 1799 1778 1799 1755 1813 1708 1802 1705 1802 1702 1802 1056 1838 978 1827 975 1827 883 1844 819 1833 816 1833 571 1855 574 1894"/></Shape>
	    <String CONTENT="Durant environ un quart de siècle toute l&#x27;activité apoyant du"
                    HPOS="571"
                    VPOS="1788"
                    WIDTH="2029"
                    HEIGHT="137"
                    WC="0.9939150898182978"></String>
          </TextLine>
          <TextLine ID="eSc_line_887a18d2"
                    TAGREFS="LT31"
                    BASELINE="563 1966 2606 1905" 
                    HPOS="560"
                    VPOS="1858"
                    WIDTH="2046"
                    HEIGHT="131">
            <Shape><Polygon POINTS="563 1966 563 1989 2606 1933 2606 1905 2600 1872 2419 1858 2416 1858 2330 1877 2318 1877 2285 1877 2059 1869 2056 1869 2054 1869 2026 1883 2020 1886 1995 1883 1917 1874 1914 1874 1912 1874 1875 1886 1856 1891 1797 1888 1686 1880 1683 1880 1680 1880 1677 1880 1666 1891 1658 1897 1633 1891 1588 1883 1585 1883 1583 1883 1558 1894 1541 1899 1527 1894 1507 1886 1505 1886 1502 1886 1332 1891 1329 1891 1326 1891 1315 1899 1296 1911 560 1913 563 1966"/></Shape>
	    <String CONTENT="Parlement &lt;... .... ..&gt; et du gouvernement devait gravi¬"
                    HPOS="560"
                    VPOS="1858"
                    WIDTH="2046"
                    HEIGHT="131"
                    WC="0.9463493121521813"></String>
          </TextLine>
          <TextLine ID="eSc_line_10ea73f5"
                    TAGREFS="LT31"
                    BASELINE="551 2033 1870 2003 2617 1969" 
                    HPOS="549"
                    VPOS="1925"
                    WIDTH="2068"
                    HEIGHT="147">
            <Shape><Polygon POINTS="551 2033 551 2072 649 2055 727 2069 730 2069 733 2069 738 2069 847 2050 928 2064 939 2064 942 2064 956 2064 1064 2044 1117 2058 1126 2058 1128 2058 1131 2058 2617 2005 2617 1969 2608 1925 2095 1955 1624 1952 1616 1952 1613 1952 1611 1952 1552 1966 1519 1955 1516 1955 1513 1955 1510 1955 1507 1955 1488 1972 1376 1961 1374 1961 1371 1961 1309 1977 1223 1964 1220 1964 1218 1964 1215 1964 1167 1980 1126 1966 1123 1966 1120 1966 1114 1966 897 1989 838 1975 836 1975 833 1975 699 1994 549 1983 551 2033"/></Shape>
	    <String CONTENT="tes autour du probleine politico- religieus ou pour mieux dire s&#x27;absor¬"
                    HPOS="549"
                    VPOS="1925"
                    WIDTH="2068"
                    HEIGHT="147"
                    WC="0.9681008273447064"></String>
          </TextLine>
          <TextLine ID="eSc_line_a4493027"
                    TAGREFS="LT31"
                    BASELINE="557 2106 2622 2055" 
                    HPOS="554"
                    VPOS="2005"
                    WIDTH="2068"
                    HEIGHT="131">
            <Shape><Polygon POINTS="557 2106 557 2125 1014 2136 1017 2136 1599 2106 1669 2103 1686 2103 1794 2117 1797 2117 1800 2117 1831 2100 1839 2097 1931 2100 2115 2103 2118 2103 2187 2094 2224 2089 2232 2092 2260 2106 2263 2106 2266 2106 2268 2106 2299 2092 2310 2086 2330 2092 2385 2103 2388 2103 2622 2083 2622 2055 2614 2005 2505 2022 2257 2016 2165 2014 2162 2014 2160 2014 2148 2019 2132 2028 2084 2022 2048 2016 2045 2016 2043 2016 2040 2016 2034 2022 2020 2033 1917 2025 1853 2022 1850 2022 1758 2030 1655 2042 1624 2036 1594 2028 1591 2028 1588 2028 1502 2039 1438 2047 1229 2047 791 2047 788 2047 785 2047 749 2064 744 2064 727 2064 590 2053 588 2053 585 2053 554 2064 557 2106"/></Shape>
	    <String CONTENT="ber en lui. &lt;........ ..... .... ... .. ..."
                    HPOS="554"
                    VPOS="2005"
                    WIDTH="2068"
                    HEIGHT="131"
                    WC="0.8973318296809529"></String>
          </TextLine>
          <TextLine ID="eSc_line_ea88b9a4"
                    TAGREFS="LT31"
                    BASELINE="551 2189 2633 2133" 
                    HPOS="549"
                    VPOS="2089"
                    WIDTH="2084"
                    HEIGHT="134">
            <Shape><Polygon POINTS="551 2189 551 2214 861 2223 864 2223 2633 2159 2633 2133 2625 2089 549 2147 551 2189"/></Shape>
	    <String CONTENT="&lt;.. .. ... . .. .. ... ... .. ..&gt; Pour peu"
                    HPOS="549"
                    VPOS="2089"
                    WIDTH="2084"
                    HEIGHT="134"
                    WC="0.8935329403196063"></String>
          </TextLine>
          <TextLine ID="eSc_line_200aecff"
                    TAGREFS="LT31"
                    BASELINE="554 2264 2592 2209" 
                    HPOS="551"
                    VPOS="2164"
                    WIDTH="2041"
                    HEIGHT="139">
            <Shape><Polygon POINTS="554 2264 554 2303 654 2287 735 2298 752 2301 755 2301 850 2298 852 2298 855 2298 855 2295 858 2295 872 2281 1000 2289 1036 2292 1039 2292 1042 2292 1050 2289 1084 2276 1209 2284 1262 2287 1265 2287 1329 2281 1468 2264 1532 2273 1569 2278 1571 2278 1650 2270 1775 2256 1833 2264 1873 2270 1875 2270 1878 2270 1898 2262 1917 2256 1937 2262 1962 2267 1964 2267 1967 2267 2589 2239 2592 2209 2583 2164 551 2223 554 2264"/></Shape>
	    <String CONTENT="qu&#x27;on y réfléchisse, on se rend compte de l&#x27;importance extraordui aire"
                    HPOS="551"
                    VPOS="2164"
                    WIDTH="2041"
                    HEIGHT="139"
                    WC="0.9896316025938307"></String>
          </TextLine>
          <TextLine ID="eSc_line_c719fa1a"
                    TAGREFS="LT31"
                    BASELINE="540 2340 2580 2289" 
                    HPOS="537"
                    VPOS="2242"
                    WIDTH="2043"
                    HEIGHT="128">
            <Shape><Polygon POINTS="540 2340 540 2370 1106 2370 1106 2367 1201 2351 1220 2348 1257 2348 1432 2359 1435 2359 1438 2359 1440 2359 1457 2342 1477 2342 1675 2337 1697 2337 1895 2348 1898 2348 2171 2326 2215 2340 2218 2340 2221 2340 2224 2340 2226 2340 2226 2337 2243 2323 2410 2334 2413 2334 2416 2334 2469 2317 2528 2331 2530 2331 2533 2331 2536 2331 2580 2312 2580 2289 2575 2253 2369 2242 2366 2242 2254 2259 2249 2259 2246 2259 2210 2245 2207 2245 2204 2245 2201 2245 2199 2245 2179 2262 2174 2264 1981 2267 1976 2264 1945 2250 1942 2250 1939 2250 1937 2250 1906 2267 1900 2270 1772 2273 1742 2270 1675 2262 1672 2262 1669 2262 1636 2273 1627 2276 1616 2273 1577 2259 1574 2259 1571 2259 1276 2281 1176 2287 1123 2284 981 2273 978 2273 897 2289 858 2298 537 2298 540 2340"/></Shape>
	    <String CONTENT="et presque exclmive qu&#x27;il ......t. &lt;.e...... .. ... .i....&gt;"
                    HPOS="537"
                    VPOS="2242"
                    WIDTH="2043"
                    HEIGHT="128"
                    WC="0.9244960475776155"></String>
          </TextLine>
          <TextLine ID="eSc_line_55f25ca9"
                    TAGREFS="LT34"
                    BASELINE="1300 2286 1517 2277" 
                    HPOS="1300"
                    VPOS="2277"
                    WIDTH="217"
                    HEIGHT="9">
	    <String CONTENT=""
                    HPOS="1300"
                    VPOS="2277"
                    WIDTH="217"
                    HEIGHT="9"></String>
          </TextLine>
          <TextLine ID="eSc_line_7f8e7a72"
                    TAGREFS="LT31"
                    BASELINE="526 2423 1190 2415 2639 2365" 
                    HPOS="523"
                    VPOS="2320"
                    WIDTH="2116"
                    HEIGHT="128">
            <Shape><Polygon POINTS="526 2423 526 2448 2639 2393 2639 2365 2631 2320 2307 2340 2226 2328 2190 2326 2187 2326 2185 2326 2174 2331 2140 2345 2095 2334 2087 2331 2084 2331 2082 2331 2059 2334 1962 2351 1903 2337 1881 2334 1878 2334 1875 2334 1861 2340 1825 2356 1421 2367 1388 2351 1385 2351 1382 2351 1379 2351 1376 2351 1371 2351 1329 2365 1187 2356 1159 2356 1156 2356 1153 2356 1151 2356 1151 2359 1126 2379 1059 2379 978 2362 969 2362 967 2362 956 2362 847 2384 523 2376 526 2423"/></Shape>
	    <String CONTENT="&lt; ....... .. ... . . ........&gt;"
                    HPOS="523"
                    VPOS="2320"
                    WIDTH="2116"
                    HEIGHT="128"
                    WC="0.8997713287671407"></String>
          </TextLine>
          <TextLine ID="eSc_line_6cef2094"
                    TAGREFS="LT31"
                    BASELINE="535 2501 1201 2493 1875 2459 2617 2440" 
                    HPOS="532"
                    VPOS="2401"
                    WIDTH="2085"
                    HEIGHT="131">
            <Shape><Polygon POINTS="535 2501 535 2532 1362 2518 1365 2518 1385 2507 1393 2504 1440 2507 1571 2512 1574 2512 1711 2496 1775 2490 1817 2493 1912 2501 1914 2501 1917 2501 1948 2487 1959 2484 1981 2487 2045 2498 2048 2498 2051 2498 2095 2484 2104 2479 2430 2471 2447 2471 2522 2484 2525 2484 2617 2465 2617 2440 2608 2401 2171 2404 2168 2404 2140 2415 2123 2420 2098 2415 2048 2406 2045 2406 1951 2420 1912 2426 1900 2423 1875 2412 1873 2412 1870 2412 1867 2412 1836 2423 1825 2429 1808 2426 1767 2415 1764 2415 1761 2415 1558 2434 1477 2440 1452 2437 1388 2426 1385 2426 1312 2440 1287 2445 1245 2443 1120 2434 1117 2434 1114 2434 1112 2434 1092 2448 1084 2451 1053 2448 911 2440 908 2440 808 2457 788 2459 766 2459 635 2448 632 2448 629 2448 627 2448 604 2465 602 2468 532 2468 535 2501"/></Shape>
	    <String CONTENT="&lt;... .... ...... .. ........"
                    HPOS="532"
                    VPOS="2401"
                    WIDTH="2085"
                    HEIGHT="131"
                    WC="0.8872190820319312"></String>
          </TextLine>
          <TextLine ID="eSc_line_cf176dd5"
                    TAGREFS="LT31"
                    BASELINE="540 2582 2001 2526 2617 2512" 
                    HPOS="535"
                    VPOS="2473"
                    WIDTH="2082"
                    HEIGHT="145">
            <Shape><Polygon POINTS="540 2582 540 2618 696 2599 769 2610 772 2610 864 2590 1457 2585 1460 2585 1463 2585 1480 2571 1546 2582 1549 2582 1555 2582 1789 2560 1856 2571 1859 2571 1861 2571 1873 2571 2185 2546 2617 2546 2617 2512 2608 2473 535 2532 540 2582"/></Shape>
	    <String CONTENT="&lt;....... . ...... .. . .. . .&gt;"
                    HPOS="535"
                    VPOS="2473"
                    WIDTH="2082"
                    HEIGHT="145"
                    WC="0.9133698582649231"></String>
          </TextLine>
          <TextLine ID="eSc_line_da0e6503"
                    TAGREFS="LT31"
                    BASELINE="526 2654 2608 2574" 
                    HPOS="523"
                    VPOS="2532"
                    WIDTH="2085"
                    HEIGHT="153">
            <Shape><Polygon POINTS="526 2654 526 2685 1792 2643 1794 2643 1820 2632 1831 2624 2034 2618 2048 2621 2087 2632 2090 2632 2093 2632 2316 2624 2318 2624 2321 2624 2338 2610 2344 2604 2608 2596 2608 2574 2600 2532 523 2615 526 2654"/></Shape>
	    <String CONTENT="&lt;..... .. .. ... &gt;"
                    HPOS="523"
                    VPOS="2532"
                    WIDTH="2085"
                    HEIGHT="153"
                    WC="0.8626958827177683"></String>
          </TextLine>
          <TextLine ID="eSc_line_7a8090b9"
                    TAGREFS="LT31"
                    BASELINE="507 2727 2603 2668" 
                    HPOS="504"
                    VPOS="2615"
                    WIDTH="2099"
                    HEIGHT="145">
            <Shape><Polygon POINTS="504 2699 507 2727 507 2746 602 2760 604 2760 978 2735 1006 2735 1017 2735 1176 2744 1178 2744 2603 2693 2603 2668 2597 2635 2447 2615 2444 2615 2441 2615 2438 2615 2408 2638 2238 2640 2118 2624 2115 2624 2112 2624 2109 2624 2109 2627 2087 2646 2087 2649 2001 2649 1998 2649 1903 2629 1900 2629 1898 2629 1797 2654 1794 2657 1675 2657 1608 2638 1605 2638 1602 2638 1463 2660 1304 2649 1301 2649 1204 2671 1198 2671 1195 2671 1162 2654 1159 2654 1156 2654 1153 2654 1126 2668 1006 2654 1003 2654 1000 2654 936 2677 933 2677 811 2668 808 2668 707 2685 694 2685 688 2685 643 2666 641 2666 638 2666 635 2666 632 2666 602 2688 596 2691 510 2691 504 2699"/></Shape>
	    <String CONTENT="&lt;................ ... .... ....&gt;"
                    HPOS="504"
                    VPOS="2615"
                    WIDTH="2099"
                    HEIGHT="145"
                    WC="0.8367509078234434"></String>
          </TextLine>
          <TextLine ID="eSc_line_dbf63be4"
                    TAGREFS="LT31"
                    BASELINE="523 2802 2054 2760 2625 2760" 
                    HPOS="521"
                    VPOS="2702"
                    WIDTH="2104"
                    HEIGHT="122">
            <Shape><Polygon POINTS="523 2802 523 2824 2625 2780 2625 2760 2619 2702 521 2755 523 2802"/></Shape>
	    <String CONTENT="&lt;.. ..... ..... &lt;...&gt; que &lt;... . ..&gt;"
                    HPOS="521"
                    VPOS="2702"
                    WIDTH="2104"
                    HEIGHT="122"
                    WC="0.9294747677114275"></String>
          </TextLine>
          <TextLine ID="eSc_line_34e51f02"
                    TAGREFS="LT31"
                    BASELINE="529 2877 2586 2830" 
                    HPOS="526"
                    VPOS="2780"
                    WIDTH="2060"
                    HEIGHT="122">
            <Shape><Polygon POINTS="529 2877 529 2902 1251 2902 1251 2900 1254 2900 1273 2888 1290 2883 1307 2888 1329 2897 1332 2897 1335 2897 1337 2897 1360 2888 1385 2880 1438 2888 1468 2891 1471 2891 1519 2886 1616 2874 1691 2883 1733 2888 1736 2888 1783 2883 1873 2869 1948 2880 1976 2883 1978 2883 2062 2877 2355 2858 2580 2869 2586 2830 2580 2780 2486 2780 2483 2780 2480 2780 2477 2780 2477 2783 2458 2796 2399 2785 2388 2783 2385 2783 2360 2785 2266 2799 2165 2791 2115 2788 2112 2788 2109 2788 2107 2788 2101 2794 2084 2805 1800 2802 1633 2802 1630 2802 1627 2802 1624 2802 1624 2805 1619 2808 1611 2816 1563 2810 1493 2802 1491 2802 1410 2816 1362 2822 1290 2819 1134 2810 1131 2810 1128 2810 1126 2810 1106 2824 1098 2830 995 2830 978 2827 903 2816 900 2816 897 2816 894 2816 875 2833 872 2833 864 2833 794 2819 791 2819 788 2819 785 2819 763 2835 760 2838 526 2841 529 2877"/></Shape>
	    <String CONTENT="&lt;..p.... ..... ............ .... ..... ....... ...&gt;"
                    HPOS="526"
                    VPOS="2780"
                    WIDTH="2060"
                    HEIGHT="122"
                    WC="0.857986168534148"></String>
          </TextLine>
          <TextLine ID="eSc_line_13237757"
                    TAGREFS="LT31"
                    BASELINE="515 2947 2528 2902" 
                    HPOS="512"
                    VPOS="2863"
                    WIDTH="2016"
                    HEIGHT="106">
            <Shape><Polygon POINTS="515 2947 515 2969 2528 2930 2528 2902 2519 2863 512 2905 515 2947"/></Shape>
	    <String CONTENT="&lt;... . .. ....... ...... .....&gt;&gt;"
                    HPOS="512"
                    VPOS="2863"
                    WIDTH="2016"
                    HEIGHT="106"
                    WC="0.8666180036962032"></String>
          </TextLine>
          <TextLine ID="eSc_line_036311e3"
                    TAGREFS="LT31"
                    BASELINE="532 3014 2572 2980" 
                    HPOS="529"
                    VPOS="2947"
                    WIDTH="2043"
                    HEIGHT="92">
            <Shape><Polygon POINTS="532 3014 532 3036 1376 3039 1379 3039 2569 3005 2572 2980 2564 2947 529 2966 532 3014"/></Shape>
	    <String CONTENT="&lt;... ..... .... ... .... ...&gt; Les deux partir bour¬"
                    HPOS="529"
                    VPOS="2947"
                    WIDTH="2043"
                    HEIGHT="92"
                    WC="0.8833063233132455"></String>
          </TextLine>
          <TextLine ID="eSc_line_2dcfab3b"
                    TAGREFS="LT31"
                    BASELINE="526 3083 2608 3047" 
                    HPOS="523"
                    VPOS="3008"
                    WIDTH="2085"
                    HEIGHT="112">
            <Shape><Polygon POINTS="526 3083 526 3120 604 3106 680 3117 682 3117 685 3117 688 3117 691 3117 710 3103 752 3114 755 3114 758 3114 877 3100 942 3111 944 3111 947 3111 2606 3075 2608 3047 2600 3008 1505 3014 1335 3030 1321 3030 1312 3030 1187 3019 1184 3019 1181 3019 1178 3019 1159 3033 1156 3033 1153 3033 1008 3022 1006 3022 523 3044 526 3083"/></Shape>
	    <String CONTENT="grois qui de disputaient le pouvoir étant d&#x27;ascord sur tout le reste devaient"
                    HPOS="523"
                    VPOS="3008"
                    WIDTH="2085"
                    HEIGHT="112"
                    WC="0.9955198911877422"></String>
          </TextLine>
          <TextLine ID="eSc_line_ae198632"
                    TAGREFS="LT31"
                    BASELINE="523 3150 2547 3117" 
                    HPOS="521"
                    VPOS="3067"
                    WIDTH="2026"
                    HEIGHT="108">
            <Shape><Polygon POINTS="523 3150 523 3175 2544 3142 2547 3117 2539 3067 2369 3086 1708 3086 1371 3086 1368 3086 1365 3086 1362 3086 1362 3089 1357 3092 1349 3100 1307 3095 1262 3089 1259 3089 521 3111 523 3150"/></Shape>
	    <String CONTENT="consaires toutes deurs forces au e diffèsenct qui oppo... les mettait"
                    HPOS="521"
                    VPOS="3067"
                    WIDTH="2026"
                    HEIGHT="108"
                    WC="0.9788062689097031"></String>
          </TextLine>
          <TextLine ID="eSc_line_4b294e85"
                    TAGREFS="LT34"
                    BASELINE="1370 3107 1518 3107" 
                    HPOS="1370"
                    VPOS="3107"
                    WIDTH="148"
                    HEIGHT="0">
	    <String CONTENT=""
                    HPOS="1370"
                    VPOS="3107"
                    WIDTH="148"
                    HEIGHT="0"></String>
          </TextLine>
          <TextLine ID="eSc_line_2391675b"
                    TAGREFS="LT31"
                    BASELINE="523 3220 2603 3198" 
                    HPOS="521"
                    VPOS="3161"
                    WIDTH="2082"
                    HEIGHT="84">
            <Shape><Polygon POINTS="523 3220 523 3245 2600 3231 2603 3198 2597 3164 1312 3161 1309 3161 521 3184 523 3220"/></Shape>
	    <String CONTENT="en opposition non sans doute d&#x27;intérêt. mais de principes. &lt;. ......&gt;"
                    HPOS="521"
                    VPOS="3161"
                    WIDTH="2082"
                    HEIGHT="84"
                    WC="0.9742040711900463"></String>
          </TextLine>
          <TextLine ID="eSc_line_b9440cda"
                    TAGREFS="LT31"
                    BASELINE="529 3281 2597 3267" 
                    HPOS="526"
                    VPOS="3220"
                    WIDTH="2071"
                    HEIGHT="103">
            <Shape><Polygon POINTS="529 3281 529 3303 744 3303 746 3306 763 3320 766 3320 769 3320 772 3323 836 3323 836 3320 838 3320 880 3306 886 3303 891 3306 928 3320 930 3320 933 3320 936 3320 975 3306 983 3303 1003 3306 1089 3317 1092 3317 1159 3306 1192 3301 1229 3306 1307 3317 1309 3317 1449 3306 1552 3298 1655 3306 1767 3315 1769 3315 1772 3315 1797 3306 1822 3298 1995 3306 2115 3312 2118 3312 2151 3306 2226 3292 2316 3306 2338 3309 2341 3309 2344 3309 2352 3306 2391 3292 2483 3306 2488 3306 2491 3306 2494 3306 2547 3292 2589 3306 2597 3267 2589 3220 526 3242 529 3281"/></Shape>
	    <String CONTENT="Et cette apposition devent plus acharnée à mesure que l&#x27;un et l&#x27;autre"
                    HPOS="526"
                    VPOS="3220"
                    WIDTH="2071"
                    HEIGHT="103"
                    WC="0.991714539698192"></String>
          </TextLine>
        </TextBlock>
      </PrintSpace>
    </Page>
  </Layout>
</alto>
